id_participacion,id_edicion,id_atleta,nombre,accion,motivo,estado
312494,26,146031,ngel Arnaldo Aldama Mejia,EXCLUDE_GUA_ASSOCIATION,La asociación GUA no está en el roster de referencia de su edición; se excluye del conjunto GUA procesado y se conserva en el backup para trazabilidad.,REMOVED_FROM_GUA_ASSOCIATION
312495,26,146031,ngel Arnaldo Aldama Mejia,EXCLUDE_GUA_ASSOCIATION,La asociación GUA no está en el roster de referencia de su edición; se excluye del conjunto GUA procesado y se conserva en el backup para trazabilidad.,REMOVED_FROM_GUA_ASSOCIATION
313636,34,146186,Jos Vctor Alonzo Alonzo,EXCLUDE_GUA_ASSOCIATION,La asociación GUA no está en el roster de referencia de su edición; se excluye del conjunto GUA procesado y se conserva en el backup para trazabilidad.,REMOVED_FROM_GUA_ASSOCIATION
313637,34,146186,Jos Vctor Alonzo Alonzo,EXCLUDE_GUA_ASSOCIATION,La asociación GUA no está en el roster de referencia de su edición; se excluye del conjunto GUA procesado y se conserva en el backup para trazabilidad.,REMOVED_FROM_GUA_ASSOCIATION
316917,36,146633,scar Alfred Aquino Sandoval,EXCLUDE_GUA_ASSOCIATION,La asociación GUA no está en el roster de referencia de su edición; se excluye del conjunto GUA procesado y se conserva en el backup para trazabilidad.,REMOVED_FROM_GUA_ASSOCIATION
316918,36,146633,scar Alfred Aquino Sandoval,EXCLUDE_GUA_ASSOCIATION,La asociación GUA no está en el roster de referencia de su edición; se excluye del conjunto GUA procesado y se conserva en el backup para trazabilidad.,REMOVED_FROM_GUA_ASSOCIATION
317352,45,146710,Alfredo Arvalo Reyes,EXCLUDE_GUA_ASSOCIATION,La asociación GUA no está en el roster de referencia de su edición; se excluye del conjunto GUA procesado y se conserva en el backup para trazabilidad.,REMOVED_FROM_GUA_ASSOCIATION
317353,47,146710,Alfredo Arvalo Reyes,EXCLUDE_GUA_ASSOCIATION,La asociación GUA no está en el roster de referencia de su edición; se excluye del conjunto GUA procesado y se conserva en el backup para trazabilidad.,REMOVED_FROM_GUA_ASSOCIATION
319435,50,147005,Kevin vila Soto,EXCLUDE_GUA_ASSOCIATION,La asociación GUA no está en el roster de referencia de su edición; se excluye del conjunto GUA procesado y se conserva en el backup para trazabilidad.,REMOVED_FROM_GUA_ASSOCIATION
319437,38,147007,Mauricio vila,EXCLUDE_GUA_ASSOCIATION,La asociación GUA no está en el roster de referencia de su edición; se excluye del conjunto GUA procesado y se conserva en el backup para trazabilidad.,REMOVED_FROM_GUA_ASSOCIATION
322826,18,147523,Jos Julio Barillas,EXCLUDE_GUA_ASSOCIATION,La asociación GUA no está en el roster de referencia de su edición; se excluye del conjunto GUA procesado y se conserva en el backup para trazabilidad.,REMOVED_FROM_GUA_ASSOCIATION
322827,18,147523,Jos Julio Barillas,EXCLUDE_GUA_ASSOCIATION,La asociación GUA no está en el roster de referencia de su edición; se excluye del conjunto GUA procesado y se conserva en el backup para trazabilidad.,REMOVED_FROM_GUA_ASSOCIATION
328376,38,148273,Cristian Diego  Bermdez Apel,EXCLUDE_GUA_ASSOCIATION,La asociación GUA no está en el roster de referencia de su edición; se excluye del conjunto GUA procesado y se conserva en el backup para trazabilidad.,REMOVED_FROM_GUA_ASSOCIATION
331248,43,148711,Rolando M. Blanco Noldero,EXCLUDE_GUA_ASSOCIATION,La asociación GUA no está en el roster de referencia de su edición; se excluye del conjunto GUA procesado y se conserva en el backup para trazabilidad.,REMOVED_FROM_GUA_ASSOCIATION
332831,30,148971,Edgar Bolaos,EXCLUDE_GUA_ASSOCIATION,La asociación GUA no está en el roster de referencia de su edición; se excluye del conjunto GUA procesado y se conserva en el backup para trazabilidad.,REMOVED_FROM_GUA_ASSOCIATION
336264,45,149415,Joel Aroldo Bran lvarez,EXCLUDE_GUA_ASSOCIATION,La asociación GUA no está en el roster de referencia de su edición; se excluye del conjunto GUA procesado y se conserva en el backup para trazabilidad.,REMOVED_FROM_GUA_ASSOCIATION
337769,54,149582,Enrique Brol Cardenas,EXCLUDE_GUA_ASSOCIATION,La asociación GUA no está en el roster de referencia de su edición; se excluye del conjunto GUA procesado y se conserva en el backup para trazabilidad.,REMOVED_FROM_GUA_ASSOCIATION
337770,54,149583,Hebert Brol Cardenas,EXCLUDE_GUA_ASSOCIATION,La asociación GUA no está en el roster de referencia de su edición; se excluye del conjunto GUA procesado y se conserva en el backup para trazabilidad.,REMOVED_FROM_GUA_ASSOCIATION
337775,26,149584,Otto R. Brolo Hernndez,EXCLUDE_GUA_ASSOCIATION,La asociación GUA no está en el roster de referencia de su edición; se excluye del conjunto GUA procesado y se conserva en el backup para trazabilidad.,REMOVED_FROM_GUA_ASSOCIATION
337776,26,149584,Otto R. Brolo Hernndez,EXCLUDE_GUA_ASSOCIATION,La asociación GUA no está en el roster de referencia de su edición; se excluye del conjunto GUA procesado y se conserva en el backup para trazabilidad.,REMOVED_FROM_GUA_ASSOCIATION
338499,37,149658,Carlos Andrs Bruderer,EXCLUDE_GUA_ASSOCIATION,La asociación GUA no está en el roster de referencia de su edición; se excluye del conjunto GUA procesado y se conserva en el backup para trazabilidad.,REMOVED_FROM_GUA_ASSOCIATION
338500,37,149658,Carlos Andrs Bruderer,EXCLUDE_GUA_ASSOCIATION,La asociación GUA no está en el roster de referencia de su edición; se excluye del conjunto GUA procesado y se conserva en el backup para trazabilidad.,REMOVED_FROM_GUA_ASSOCIATION
338501,37,149658,Carlos Andrs Bruderer,EXCLUDE_GUA_ASSOCIATION,La asociación GUA no está en el roster de referencia de su edición; se excluye del conjunto GUA procesado y se conserva en el backup para trazabilidad.,REMOVED_FROM_GUA_ASSOCIATION
339160,38,149760,Gustavo Adolfo Bcaro Ortz,EXCLUDE_GUA_ASSOCIATION,La asociación GUA no está en el roster de referencia de su edición; se excluye del conjunto GUA procesado y se conserva en el backup para trazabilidad.,REMOVED_FROM_GUA_ASSOCIATION
339161,38,149760,Gustavo Adolfo Bcaro Ortz,EXCLUDE_GUA_ASSOCIATION,La asociación GUA no está en el roster de referencia de su edición; se excluye del conjunto GUA procesado y se conserva en el backup para trazabilidad.,REMOVED_FROM_GUA_ASSOCIATION
339162,38,149760,Gustavo Adolfo Bcaro Ortz,EXCLUDE_GUA_ASSOCIATION,La asociación GUA no está en el roster de referencia de su edición; se excluye del conjunto GUA procesado y se conserva en el backup para trazabilidad.,REMOVED_FROM_GUA_ASSOCIATION
339163,38,149760,Gustavo Adolfo Bcaro Ortz,EXCLUDE_GUA_ASSOCIATION,La asociación GUA no está en el roster de referencia de su edición; se excluye del conjunto GUA procesado y se conserva en el backup para trazabilidad.,REMOVED_FROM_GUA_ASSOCIATION
339164,38,149760,Gustavo Adolfo Bcaro Ortz,EXCLUDE_GUA_ASSOCIATION,La asociación GUA no está en el roster de referencia de su edición; se excluye del conjunto GUA procesado y se conserva en el backup para trazabilidad.,REMOVED_FROM_GUA_ASSOCIATION
339165,38,149760,Gustavo Adolfo Bcaro Ortz,EXCLUDE_GUA_ASSOCIATION,La asociación GUA no está en el roster de referencia de su edición; se excluye del conjunto GUA procesado y se conserva en el backup para trazabilidad.,REMOVED_FROM_GUA_ASSOCIATION
339166,38,149760,Gustavo Adolfo Bcaro Ortz,EXCLUDE_GUA_ASSOCIATION,La asociación GUA no está en el roster de referencia de su edición; se excluye del conjunto GUA procesado y se conserva en el backup para trazabilidad.,REMOVED_FROM_GUA_ASSOCIATION
339167,38,149760,Gustavo Adolfo Bcaro Ortz,EXCLUDE_GUA_ASSOCIATION,La asociación GUA no está en el roster de referencia de su edición; se excluye del conjunto GUA procesado y se conserva en el backup para trazabilidad.,REMOVED_FROM_GUA_ASSOCIATION
340331,37,149939,Dag Ren Burgos Spangen,EXCLUDE_GUA_ASSOCIATION,La asociación GUA no está en el roster de referencia de su edición; se excluye del conjunto GUA procesado y se conserva en el backup para trazabilidad.,REMOVED_FROM_GUA_ASSOCIATION
340332,37,149939,Dag Ren Burgos Spangen,EXCLUDE_GUA_ASSOCIATION,La asociación GUA no está en el roster de referencia de su edición; se excluye del conjunto GUA procesado y se conserva en el backup para trazabilidad.,REMOVED_FROM_GUA_ASSOCIATION
342643,50,150288,Astrid Roxana Camposeco Hernndez,EXCLUDE_GUA_ASSOCIATION,La asociación GUA no está en el roster de referencia de su edición; se excluye del conjunto GUA procesado y se conserva en el backup para trazabilidad.,REMOVED_FROM_GUA_ASSOCIATION
343491,45,150446,Euda Mara Caras Morales,EXCLUDE_GUA_ASSOCIATION,La asociación GUA no está en el roster de referencia de su edición; se excluye del conjunto GUA procesado y se conserva en el backup para trazabilidad.,REMOVED_FROM_GUA_ASSOCIATION
344804,36,150595,Carlos E. Castaeda Mndez,EXCLUDE_GUA_ASSOCIATION,La asociación GUA no está en el roster de referencia de su edición; se excluye del conjunto GUA procesado y se conserva en el backup para trazabilidad.,REMOVED_FROM_GUA_ASSOCIATION
344805,26,150596,Gerardo Castaeda Hurtarte,EXCLUDE_GUA_ASSOCIATION,La asociación GUA no está en el roster de referencia de su edición; se excluye del conjunto GUA procesado y se conserva en el backup para trazabilidad.,REMOVED_FROM_GUA_ASSOCIATION
344857,26,150612,Vctor Manuel Castellanos Barrios,EXCLUDE_GUA_ASSOCIATION,La asociación GUA no está en el roster de referencia de su edición; se excluye del conjunto GUA procesado y se conserva en el backup para trazabilidad.,REMOVED_FROM_GUA_ASSOCIATION
344858,28,150612,Vctor Manuel Castellanos Barrios,EXCLUDE_GUA_ASSOCIATION,La asociación GUA no está en el roster de referencia de su edición; se excluye del conjunto GUA procesado y se conserva en el backup para trazabilidad.,REMOVED_FROM_GUA_ASSOCIATION
344928,18,150623,Armando Castillo Samayoa,EXCLUDE_GUA_ASSOCIATION,La asociación GUA no está en el roster de referencia de su edición; se excluye del conjunto GUA procesado y se conserva en el backup para trazabilidad.,REMOVED_FROM_GUA_ASSOCIATION
346083,26,150853,Edgar E. Chacn Paredes,EXCLUDE_GUA_ASSOCIATION,La asociación GUA no está en el roster de referencia de su edición; se excluye del conjunto GUA procesado y se conserva en el backup para trazabilidad.,REMOVED_FROM_GUA_ASSOCIATION
352780,47,151672,Kevin Haroldo Cordn Buezo,EXCLUDE_GUA_ASSOCIATION,La asociación GUA no está en el roster de referencia de su edición; se excluye del conjunto GUA procesado y se conserva en el backup para trazabilidad.,REMOVED_FROM_GUA_ASSOCIATION
352781,50,151672,Kevin Haroldo Cordn Buezo,EXCLUDE_GUA_ASSOCIATION,La asociación GUA no está en el roster de referencia de su edición; se excluye del conjunto GUA procesado y se conserva en el backup para trazabilidad.,REMOVED_FROM_GUA_ASSOCIATION
352782,54,151672,Kevin Haroldo Cordn Buezo,EXCLUDE_GUA_ASSOCIATION,La asociación GUA no está en el roster de referencia de su edición; se excluye del conjunto GUA procesado y se conserva en el backup para trazabilidad.,REMOVED_FROM_GUA_ASSOCIATION
355286,26,152068,Carlos Octavio Cuque Lpez,EXCLUDE_GUA_ASSOCIATION,La asociación GUA no está en el roster de referencia de su edición; se excluye del conjunto GUA procesado y se conserva en el backup para trazabilidad.,REMOVED_FROM_GUA_ASSOCIATION
355287,28,152068,Carlos Octavio Cuque Lpez,EXCLUDE_GUA_ASSOCIATION,La asociación GUA no está en el roster de referencia de su edición; se excluye del conjunto GUA procesado y se conserva en el backup para trazabilidad.,REMOVED_FROM_GUA_ASSOCIATION
355288,28,152068,Carlos Octavio Cuque Lpez,EXCLUDE_GUA_ASSOCIATION,La asociación GUA no está en el roster de referencia de su edición; se excluye del conjunto GUA procesado y se conserva en el backup para trazabilidad.,REMOVED_FROM_GUA_ASSOCIATION
357827,36,152460,Juan Manuel Dvila Lpez,EXCLUDE_GUA_ASSOCIATION,La asociación GUA no está en el roster de referencia de su edición; se excluye del conjunto GUA procesado y se conserva en el backup para trazabilidad.,REMOVED_FROM_GUA_ASSOCIATION
358892,28,152637,Juan de Hernndez Daz,EXCLUDE_GUA_ASSOCIATION,La asociación GUA no está en el roster de referencia de su edición; se excluye del conjunto GUA procesado y se conserva en el backup para trazabilidad.,REMOVED_FROM_GUA_ASSOCIATION
359377,30,152728,Rita Mombiela de Luna,EXCLUDE_GUA_ASSOCIATION,La asociación GUA no está en el roster de referencia de su edición; se excluye del conjunto GUA procesado y se conserva en el backup para trazabilidad.,REMOVED_FROM_GUA_ASSOCIATION
359378,30,152729,Silvia de Luna,EXCLUDE_GUA_ASSOCIATION,La asociación GUA no está en el roster de referencia de su edición; se excluye del conjunto GUA procesado y se conserva en el backup para trazabilidad.,REMOVED_FROM_GUA_ASSOCIATION
360583,34,152928,Ernesto Jos Degenhart,EXCLUDE_GUA_ASSOCIATION,La asociación GUA no está en el roster de referencia de su edición; se excluye del conjunto GUA procesado y se conserva en el backup para trazabilidad.,REMOVED_FROM_GUA_ASSOCIATION
360584,34,152928,Ernesto Jos Degenhart,EXCLUDE_GUA_ASSOCIATION,La asociación GUA no está en el roster de referencia de su edición; se excluye del conjunto GUA procesado y se conserva en el backup para trazabilidad.,REMOVED_FROM_GUA_ASSOCIATION
360585,34,152928,Ernesto Jos Degenhart,EXCLUDE_GUA_ASSOCIATION,La asociación GUA no está en el roster de referencia de su edición; se excluye del conjunto GUA procesado y se conserva en el backup para trazabilidad.,REMOVED_FROM_GUA_ASSOCIATION
360586,34,152928,Ernesto Jos Degenhart,EXCLUDE_GUA_ASSOCIATION,La asociación GUA no está en el roster de referencia de su edición; se excluye del conjunto GUA procesado y se conserva en el backup para trazabilidad.,REMOVED_FROM_GUA_ASSOCIATION
360587,34,152928,Ernesto Jos Degenhart,EXCLUDE_GUA_ASSOCIATION,La asociación GUA no está en el roster de referencia de su edición; se excluye del conjunto GUA procesado y se conserva en el backup para trazabilidad.,REMOVED_FROM_GUA_ASSOCIATION
360824,36,152952,Mara del Pilar-Menndez de Cox,EXCLUDE_GUA_ASSOCIATION,La asociación GUA no está en el roster de referencia de su edición; se excluye del conjunto GUA procesado y se conserva en el backup para trazabilidad.,REMOVED_FROM_GUA_ASSOCIATION
363042,34,153254,Rafael ngel Estuardo Daz Granillo,EXCLUDE_GUA_ASSOCIATION,La asociación GUA no está en el roster de referencia de su edición; se excluye del conjunto GUA procesado y se conserva en el backup para trazabilidad.,REMOVED_FROM_GUA_ASSOCIATION
363148,45,153318,Rodrigo Eduardo Daz Alarcn,EXCLUDE_GUA_ASSOCIATION,La asociación GUA no está en el roster de referencia de su edición; se excluye del conjunto GUA procesado y se conserva en el backup para trazabilidad.,REMOVED_FROM_GUA_ASSOCIATION
369019,26,154221,Francisco Echevarra,EXCLUDE_GUA_ASSOCIATION,La asociación GUA no está en el roster de referencia de su edición; se excluye del conjunto GUA procesado y se conserva en el backup para trazabilidad.,REMOVED_FROM_GUA_ASSOCIATION
369029,30,154225,Eduardo Echeverra,EXCLUDE_GUA_ASSOCIATION,La asociación GUA no está en el roster de referencia de su edición; se excluye del conjunto GUA procesado y se conserva en el backup para trazabilidad.,REMOVED_FROM_GUA_ASSOCIATION
376006,54,155104,Charles Fernndez,EXCLUDE_GUA_ASSOCIATION,La asociación GUA no está en el roster de referencia de su edición; se excluye del conjunto GUA procesado y se conserva en el backup para trazabilidad.,REMOVED_FROM_GUA_ASSOCIATION
376096,26,155150,Leonel Fernndez Garin,EXCLUDE_GUA_ASSOCIATION,La asociación GUA no está en el roster de referencia de su edición; se excluye del conjunto GUA procesado y se conserva en el backup para trazabilidad.,REMOVED_FROM_GUA_ASSOCIATION
377434,30,155358,Marco A. Fin,EXCLUDE_GUA_ASSOCIATION,La asociación GUA no está en el roster de referencia de su edición; se excluye del conjunto GUA procesado y se conserva en el backup para trazabilidad.,REMOVED_FROM_GUA_ASSOCIATION
378439,36,155463,Mara Ins Flores-Wurmser,EXCLUDE_GUA_ASSOCIATION,La asociación GUA no está en el roster de referencia de su edición; se excluye del conjunto GUA procesado y se conserva en el backup para trazabilidad.,REMOVED_FROM_GUA_ASSOCIATION
378440,36,155463,Mara Ins Flores-Wurmser,EXCLUDE_GUA_ASSOCIATION,La asociación GUA no está en el roster de referencia de su edición; se excluye del conjunto GUA procesado y se conserva en el backup para trazabilidad.,REMOVED_FROM_GUA_ASSOCIATION
378441,36,155463,Mara Ins Flores-Wurmser,EXCLUDE_GUA_ASSOCIATION,La asociación GUA no está en el roster de referencia de su edición; se excluye del conjunto GUA procesado y se conserva en el backup para trazabilidad.,REMOVED_FROM_GUA_ASSOCIATION
378442,36,155463,Mara Ins Flores-Wurmser,EXCLUDE_GUA_ASSOCIATION,La asociación GUA no está en el roster de referencia de su edición; se excluye del conjunto GUA procesado y se conserva en el backup para trazabilidad.,REMOVED_FROM_GUA_ASSOCIATION
378443,36,155463,Mara Ins Flores-Wurmser,EXCLUDE_GUA_ASSOCIATION,La asociación GUA no está en el roster de referencia de su edición; se excluye del conjunto GUA procesado y se conserva en el backup para trazabilidad.,REMOVED_FROM_GUA_ASSOCIATION
379358,43,155587,lvaro Fortuny Lpez,EXCLUDE_GUA_ASSOCIATION,La asociación GUA no está en el roster de referencia de su edición; se excluye del conjunto GUA procesado y se conserva en el backup para trazabilidad.,REMOVED_FROM_GUA_ASSOCIATION
379359,43,155587,lvaro Fortuny Lpez,EXCLUDE_GUA_ASSOCIATION,La asociación GUA no está en el roster de referencia de su edición; se excluye del conjunto GUA procesado y se conserva en el backup para trazabilidad.,REMOVED_FROM_GUA_ASSOCIATION
379360,45,155587,lvaro Fortuny Lpez,EXCLUDE_GUA_ASSOCIATION,La asociación GUA no está en el roster de referencia de su edición; se excluye del conjunto GUA procesado y se conserva en el backup para trazabilidad.,REMOVED_FROM_GUA_ASSOCIATION
380017,50,155662,Jamy Amarilis Franco Nez,EXCLUDE_GUA_ASSOCIATION,La asociación GUA no está en el roster de referencia de su edición; se excluye del conjunto GUA procesado y se conserva en el backup para trazabilidad.,REMOVED_FROM_GUA_ASSOCIATION
381574,28,155845,Luis Fuentes Gonzlez,EXCLUDE_GUA_ASSOCIATION,La asociación GUA no está en el roster de referencia de su edición; se excluye del conjunto GUA procesado y se conserva en el backup para trazabilidad.,REMOVED_FROM_GUA_ASSOCIATION
381966,36,155875,Juan Manuel Fues Hernndez,EXCLUDE_GUA_ASSOCIATION,La asociación GUA no está en el roster de referencia de su edición; se excluye del conjunto GUA procesado y se conserva en el backup para trazabilidad.,REMOVED_FROM_GUA_ASSOCIATION
383728,26,156130,Antonio Garca Ramrez,EXCLUDE_GUA_ASSOCIATION,La asociación GUA no está en el roster de referencia de su edición; se excluye del conjunto GUA procesado y se conserva en el backup para trazabilidad.,REMOVED_FROM_GUA_ASSOCIATION
383876,34,156194,Hugo Allan Garca Molina,EXCLUDE_GUA_ASSOCIATION,La asociación GUA no está en el roster de referencia de su edición; se excluye del conjunto GUA procesado y se conserva en el backup para trazabilidad.,REMOVED_FROM_GUA_ASSOCIATION
383877,34,156194,Hugo Allan Garca Molina,EXCLUDE_GUA_ASSOCIATION,La asociación GUA no está en el roster de referencia de su edición; se excluye del conjunto GUA procesado y se conserva en el backup para trazabilidad.,REMOVED_FROM_GUA_ASSOCIATION
383942,45,156221,Jos Amado Garca Gabriel,EXCLUDE_GUA_ASSOCIATION,La asociación GUA no está en el roster de referencia de su edición; se excluye del conjunto GUA procesado y se conserva en el backup para trazabilidad.,REMOVED_FROM_GUA_ASSOCIATION
383943,47,156221,Jos Amado Garca Gabriel,EXCLUDE_GUA_ASSOCIATION,La asociación GUA no está en el roster de referencia de su edición; se excluye del conjunto GUA procesado y se conserva en el backup para trazabilidad.,REMOVED_FROM_GUA_ASSOCIATION
383944,50,156221,Jos Amado Garca Gabriel,EXCLUDE_GUA_ASSOCIATION,La asociación GUA no está en el roster de referencia de su edición; se excluye del conjunto GUA procesado y se conserva en el backup para trazabilidad.,REMOVED_FROM_GUA_ASSOCIATION
383945,54,156221,Jos Amado Garca Gabriel,EXCLUDE_GUA_ASSOCIATION,La asociación GUA no está en el roster de referencia de su edición; se excluye del conjunto GUA procesado y se conserva en el backup para trazabilidad.,REMOVED_FROM_GUA_ASSOCIATION
383947,26,156223,Jos Luis Garca de la Cruz,EXCLUDE_GUA_ASSOCIATION,La asociación GUA no está en el roster de referencia de su edición; se excluye del conjunto GUA procesado y se conserva en el backup para trazabilidad.,REMOVED_FROM_GUA_ASSOCIATION
383948,26,156223,Jos Luis Garca de la Cruz,EXCLUDE_GUA_ASSOCIATION,La asociación GUA no está en el roster de referencia de su edición; se excluye del conjunto GUA procesado y se conserva en el backup para trazabilidad.,REMOVED_FROM_GUA_ASSOCIATION
383972,26,156235,Julio Rodolfo Garca Guzmn,EXCLUDE_GUA_ASSOCIATION,La asociación GUA no está en el roster de referencia de su edición; se excluye del conjunto GUA procesado y se conserva en el backup para trazabilidad.,REMOVED_FROM_GUA_ASSOCIATION
383973,30,156235,Julio Rodolfo Garca Guzmn,EXCLUDE_GUA_ASSOCIATION,La asociación GUA no está en el roster de referencia de su edición; se excluye del conjunto GUA procesado y se conserva en el backup para trazabilidad.,REMOVED_FROM_GUA_ASSOCIATION
383979,41,156239,Luis Fernando Garca Bechinie,EXCLUDE_GUA_ASSOCIATION,La asociación GUA no está en el roster de referencia de su edición; se excluye del conjunto GUA procesado y se conserva en el backup para trazabilidad.,REMOVED_FROM_GUA_ASSOCIATION
383980,43,156239,Luis Fernando Garca Bechinie,EXCLUDE_GUA_ASSOCIATION,La asociación GUA no está en el roster de referencia de su edición; se excluye del conjunto GUA procesado y se conserva en el backup para trazabilidad.,REMOVED_FROM_GUA_ASSOCIATION
383981,45,156239,Luis Fernando Garca Bechinie,EXCLUDE_GUA_ASSOCIATION,La asociación GUA no está en el roster de referencia de su edición; se excluye del conjunto GUA procesado y se conserva en el backup para trazabilidad.,REMOVED_FROM_GUA_ASSOCIATION
383982,47,156239,Luis Fernando Garca Bechinie,EXCLUDE_GUA_ASSOCIATION,La asociación GUA no está en el roster de referencia de su edición; se excluye del conjunto GUA procesado y se conserva en el backup para trazabilidad.,REMOVED_FROM_GUA_ASSOCIATION
387498,30,156754,Vctor Giordani,EXCLUDE_GUA_ASSOCIATION,La asociación GUA no está en el roster de referencia de su edición; se excluye del conjunto GUA procesado y se conserva en el backup para trazabilidad.,REMOVED_FROM_GUA_ASSOCIATION
387747,18,156790,Marco Antonio Girn,EXCLUDE_GUA_ASSOCIATION,La asociación GUA no está en el roster de referencia de su edición; se excluye del conjunto GUA procesado y se conserva en el backup para trazabilidad.,REMOVED_FROM_GUA_ASSOCIATION
387748,18,156790,Marco Antonio Girn,EXCLUDE_GUA_ASSOCIATION,La asociación GUA no está en el roster de referencia de su edición; se excluye del conjunto GUA procesado y se conserva en el backup para trazabilidad.,REMOVED_FROM_GUA_ASSOCIATION
388538,41,156908,Sergio Ral Godoy Franke,EXCLUDE_GUA_ASSOCIATION,La asociación GUA no está en el roster de referencia de su edición; se excluye del conjunto GUA procesado y se conserva en el backup para trazabilidad.,REMOVED_FROM_GUA_ASSOCIATION
389114,50,157003,Ana Sofa Gmez Porras,EXCLUDE_GUA_ASSOCIATION,La asociación GUA no está en el roster de referencia de su edición; se excluye del conjunto GUA procesado y se conserva en el backup para trazabilidad.,REMOVED_FROM_GUA_ASSOCIATION
389115,50,157003,Ana Sofa Gmez Porras,EXCLUDE_GUA_ASSOCIATION,La asociación GUA no está en el roster de referencia de su edición; se excluye del conjunto GUA procesado y se conserva en el backup para trazabilidad.,REMOVED_FROM_GUA_ASSOCIATION
389116,50,157003,Ana Sofa Gmez Porras,EXCLUDE_GUA_ASSOCIATION,La asociación GUA no está en el roster de referencia de su edición; se excluye del conjunto GUA procesado y se conserva en el backup para trazabilidad.,REMOVED_FROM_GUA_ASSOCIATION
389117,50,157003,Ana Sofa Gmez Porras,EXCLUDE_GUA_ASSOCIATION,La asociación GUA no está en el roster de referencia de su edición; se excluye del conjunto GUA procesado y se conserva en el backup para trazabilidad.,REMOVED_FROM_GUA_ASSOCIATION
389118,54,157003,Ana Sofa Gmez Porras,EXCLUDE_GUA_ASSOCIATION,La asociación GUA no está en el roster de referencia de su edición; se excluye del conjunto GUA procesado y se conserva en el backup para trazabilidad.,REMOVED_FROM_GUA_ASSOCIATION
389119,54,157003,Ana Sofa Gmez Porras,EXCLUDE_GUA_ASSOCIATION,La asociación GUA no está en el roster de referencia de su edición; se excluye del conjunto GUA procesado y se conserva en el backup para trazabilidad.,REMOVED_FROM_GUA_ASSOCIATION
389120,54,157003,Ana Sofa Gmez Porras,EXCLUDE_GUA_ASSOCIATION,La asociación GUA no está en el roster de referencia de su edición; se excluye del conjunto GUA procesado y se conserva en el backup para trazabilidad.,REMOVED_FROM_GUA_ASSOCIATION
389121,54,157003,Ana Sofa Gmez Porras,EXCLUDE_GUA_ASSOCIATION,La asociación GUA no está en el roster de referencia de su edición; se excluye del conjunto GUA procesado y se conserva en el backup para trazabilidad.,REMOVED_FROM_GUA_ASSOCIATION
389186,18,157040,Jos A. Gmez Paz,EXCLUDE_GUA_ASSOCIATION,La asociación GUA no está en el roster de referencia de su edición; se excluye del conjunto GUA procesado y se conserva en el backup para trazabilidad.,REMOVED_FROM_GUA_ASSOCIATION
389187,18,157040,Jos A. Gmez Paz,EXCLUDE_GUA_ASSOCIATION,La asociación GUA no está en el roster de referencia de su edición; se excluye del conjunto GUA procesado y se conserva en el backup para trazabilidad.,REMOVED_FROM_GUA_ASSOCIATION
389195,30,157046,Julio Roberto Gmez Rendn,EXCLUDE_GUA_ASSOCIATION,La asociación GUA no está en el roster de referencia de su edición; se excluye del conjunto GUA procesado y se conserva en el backup para trazabilidad.,REMOVED_FROM_GUA_ASSOCIATION
389609,26,157185,Ignacio Gonzlez Lam,EXCLUDE_GUA_ASSOCIATION,La asociación GUA no está en el roster de referencia de su edición; se excluye del conjunto GUA procesado y se conserva en el backup para trazabilidad.,REMOVED_FROM_GUA_ASSOCIATION
389682,41,229689,Juan Gonzlez,EXCLUDE_GUA_ASSOCIATION,La asociación GUA no está en el roster de referencia de su edición; se excluye del conjunto GUA procesado y se conserva en el backup para trazabilidad.,REMOVED_FROM_GUA_ASSOCIATION
402569,26,158958,Fulgencio Hernndez Car,EXCLUDE_GUA_ASSOCIATION,La asociación GUA no está en el roster de referencia de su edición; se excluye del conjunto GUA procesado y se conserva en el backup para trazabilidad.,REMOVED_FROM_GUA_ASSOCIATION
402606,26,158984,Jos Manuel Hernndez Ortiz,EXCLUDE_GUA_ASSOCIATION,La asociación GUA no está en el roster de referencia de su edición; se excluye del conjunto GUA procesado y se conserva en el backup para trazabilidad.,REMOVED_FROM_GUA_ASSOCIATION
402607,26,158984,Jos Manuel Hernndez Ortiz,EXCLUDE_GUA_ASSOCIATION,La asociación GUA no está en el roster de referencia de su edición; se excluye del conjunto GUA procesado y se conserva en el backup para trazabilidad.,REMOVED_FROM_GUA_ASSOCIATION
402802,50,159069,Mayra Carolina Herrera Prez,EXCLUDE_GUA_ASSOCIATION,La asociación GUA no está en el roster de referencia de su edición; se excluye del conjunto GUA procesado y se conserva en el backup para trazabilidad.,REMOVED_FROM_GUA_ASSOCIATION
402803,54,159069,Mayra Carolina Herrera Prez,EXCLUDE_GUA_ASSOCIATION,La asociación GUA no está en el roster de referencia de su edición; se excluye del conjunto GUA procesado y se conserva en el backup para trazabilidad.,REMOVED_FROM_GUA_ASSOCIATION
410658,26,160040,Jorge Ins Nufio,EXCLUDE_GUA_ASSOCIATION,La asociación GUA no está en el roster de referencia de su edición; se excluye del conjunto GUA procesado y se conserva en el backup para trazabilidad.,REMOVED_FROM_GUA_ASSOCIATION
410659,26,160040,Jorge Ins Nufio,EXCLUDE_GUA_ASSOCIATION,La asociación GUA no está en el roster de referencia de su edición; se excluye del conjunto GUA procesado y se conserva en el backup para trazabilidad.,REMOVED_FROM_GUA_ASSOCIATION
415692,36,160670,Edgar Ricardo Jrez Hidalgo,EXCLUDE_GUA_ASSOCIATION,La asociación GUA no está en el roster de referencia de su edición; se excluye del conjunto GUA procesado y se conserva en el backup para trazabilidad.,REMOVED_FROM_GUA_ASSOCIATION
417451,18,160864,Jos Oswaldo Johnston Snchez,EXCLUDE_GUA_ASSOCIATION,La asociación GUA no está en el roster de referencia de su edición; se excluye del conjunto GUA procesado y se conserva en el backup para trazabilidad.,REMOVED_FROM_GUA_ASSOCIATION
417452,18,160864,Jos Oswaldo Johnston Snchez,EXCLUDE_GUA_ASSOCIATION,La asociación GUA no está en el roster de referencia de su edición; se excluye del conjunto GUA procesado y se conserva en el backup para trazabilidad.,REMOVED_FROM_GUA_ASSOCIATION
418653,45,161083,Heidy Marleny Jurez Guzmn,EXCLUDE_GUA_ASSOCIATION,La asociación GUA no está en el roster de referencia de su edición; se excluye del conjunto GUA procesado y se conserva en el backup para trazabilidad.,REMOVED_FROM_GUA_ASSOCIATION
442001,36,164339,Vctor Brigido Lechuga Reyes,EXCLUDE_GUA_ASSOCIATION,La asociación GUA no está en el roster de referencia de su edición; se excluye del conjunto GUA procesado y se conserva en el backup para trazabilidad.,REMOVED_FROM_GUA_ASSOCIATION
442002,36,164339,Vctor Brigido Lechuga Reyes,EXCLUDE_GUA_ASSOCIATION,La asociación GUA no está en el roster de referencia de su edición; se excluye del conjunto GUA procesado y se conserva en el backup para trazabilidad.,REMOVED_FROM_GUA_ASSOCIATION
444285,26,164617,Llijon Len de Len,EXCLUDE_GUA_ASSOCIATION,La asociación GUA no está en el roster de referencia de su edición; se excluye del conjunto GUA procesado y se conserva en el backup para trazabilidad.,REMOVED_FROM_GUA_ASSOCIATION
449648,26,165228,Alberto Lpez Oliva,EXCLUDE_GUA_ASSOCIATION,La asociación GUA no está en el roster de referencia de su edición; se excluye del conjunto GUA procesado y se conserva en el backup para trazabilidad.,REMOVED_FROM_GUA_ASSOCIATION
449649,34,165229,Alberto Lpez Davila,EXCLUDE_GUA_ASSOCIATION,La asociación GUA no está en el roster de referencia de su edición; se excluye del conjunto GUA procesado y se conserva en el backup para trazabilidad.,REMOVED_FROM_GUA_ASSOCIATION
449650,34,165229,Alberto Lpez Davila,EXCLUDE_GUA_ASSOCIATION,La asociación GUA no está en el roster de referencia de su edición; se excluye del conjunto GUA procesado y se conserva en el backup para trazabilidad.,REMOVED_FROM_GUA_ASSOCIATION
449679,47,165244,Christian Alberto Lpez Bobadilla,EXCLUDE_GUA_ASSOCIATION,La asociación GUA no está en el roster de referencia de su edición; se excluye del conjunto GUA procesado y se conserva en el backup para trazabilidad.,REMOVED_FROM_GUA_ASSOCIATION
449680,50,165244,Christian Alberto Lpez Bobadilla,EXCLUDE_GUA_ASSOCIATION,La asociación GUA no está en el roster de referencia de su edición; se excluye del conjunto GUA procesado y se conserva en el backup para trazabilidad.,REMOVED_FROM_GUA_ASSOCIATION
449698,18,165251,Eduardo C. Lpez Paniagua,EXCLUDE_GUA_ASSOCIATION,La asociación GUA no está en el roster de referencia de su edición; se excluye del conjunto GUA procesado y se conserva en el backup para trazabilidad.,REMOVED_FROM_GUA_ASSOCIATION
449699,18,165251,Eduardo C. Lpez Paniagua,EXCLUDE_GUA_ASSOCIATION,La asociación GUA no está en el roster de referencia de su edición; se excluye del conjunto GUA procesado y se conserva en el backup para trazabilidad.,REMOVED_FROM_GUA_ASSOCIATION
449700,18,165251,Eduardo C. Lpez Paniagua,EXCLUDE_GUA_ASSOCIATION,La asociación GUA no está en el roster de referencia de su edición; se excluye del conjunto GUA procesado y se conserva en el backup para trazabilidad.,REMOVED_FROM_GUA_ASSOCIATION
449734,41,165262,Felipe Lpez Cabrera,EXCLUDE_GUA_ASSOCIATION,La asociación GUA no está en el roster de referencia de su edición; se excluye del conjunto GUA procesado y se conserva en el backup para trazabilidad.,REMOVED_FROM_GUA_ASSOCIATION
449761,41,165283,Hugo L. Lpez Prez,EXCLUDE_GUA_ASSOCIATION,La asociación GUA no está en el roster de referencia de su edición; se excluye del conjunto GUA procesado y se conserva en el backup para trazabilidad.,REMOVED_FROM_GUA_ASSOCIATION
449835,36,165322,Luis Rodolfo Lpez Meneses,EXCLUDE_GUA_ASSOCIATION,La asociación GUA no está en el roster de referencia de su edición; se excluye del conjunto GUA procesado y se conserva en el backup para trazabilidad.,REMOVED_FROM_GUA_ASSOCIATION
452666,30,165775,Flix MacDonald,EXCLUDE_GUA_ASSOCIATION,La asociación GUA no está en el roster de referencia de su edición; se excluye del conjunto GUA procesado y se conserva en el backup para trazabilidad.,REMOVED_FROM_GUA_ASSOCIATION
453563,47,165896,Juan Ignacio Maegli Agero,EXCLUDE_GUA_ASSOCIATION,La asociación GUA no está en el roster de referencia de su edición; se excluye del conjunto GUA procesado y se conserva en el backup para trazabilidad.,REMOVED_FROM_GUA_ASSOCIATION
453564,50,165896,Juan Ignacio Maegli Agero,EXCLUDE_GUA_ASSOCIATION,La asociación GUA no está en el roster de referencia de su edición; se excluye del conjunto GUA procesado y se conserva en el backup para trazabilidad.,REMOVED_FROM_GUA_ASSOCIATION
453565,54,165896,Juan Ignacio Maegli Agero,EXCLUDE_GUA_ASSOCIATION,La asociación GUA no está en el roster de referencia de su edición; se excluye del conjunto GUA procesado y se conserva en el backup para trazabilidad.,REMOVED_FROM_GUA_ASSOCIATION
457651,18,166558,Fernando Marroqun,EXCLUDE_GUA_ASSOCIATION,La asociación GUA no está en el roster de referencia de su edición; se excluye del conjunto GUA procesado y se conserva en el backup para trazabilidad.,REMOVED_FROM_GUA_ASSOCIATION
457652,26,166559,Jos Maria Marroqun,EXCLUDE_GUA_ASSOCIATION,La asociación GUA no está en el roster de referencia de su edición; se excluye del conjunto GUA procesado y se conserva en el backup para trazabilidad.,REMOVED_FROM_GUA_ASSOCIATION
458341,18,166705,Gustavo Adolfo Martnez,EXCLUDE_GUA_ASSOCIATION,La asociación GUA no está en el roster de referencia de su edición; se excluye del conjunto GUA procesado y se conserva en el backup para trazabilidad.,REMOVED_FROM_GUA_ASSOCIATION
458342,18,166705,Gustavo Adolfo Martnez,EXCLUDE_GUA_ASSOCIATION,La asociación GUA no está en el roster de referencia de su edición; se excluye del conjunto GUA procesado y se conserva en el backup para trazabilidad.,REMOVED_FROM_GUA_ASSOCIATION
458422,41,166747,Julio Ren Martnez Sicn,EXCLUDE_GUA_ASSOCIATION,La asociación GUA no está en el roster de referencia de su edición; se excluye del conjunto GUA procesado y se conserva en el backup para trazabilidad.,REMOVED_FROM_GUA_ASSOCIATION
458423,43,166747,Julio Ren Martnez Sicn,EXCLUDE_GUA_ASSOCIATION,La asociación GUA no está en el roster de referencia de su edición; se excluye del conjunto GUA procesado y se conserva en el backup para trazabilidad.,REMOVED_FROM_GUA_ASSOCIATION
458424,45,166747,Julio Ren Martnez Sicn,EXCLUDE_GUA_ASSOCIATION,La asociación GUA no está en el roster de referencia de su edición; se excluye del conjunto GUA procesado y se conserva en el backup para trazabilidad.,REMOVED_FROM_GUA_ASSOCIATION
458445,54,166759,Luis Carlos Martnez Mndez,EXCLUDE_GUA_ASSOCIATION,La asociación GUA no está en el roster de referencia de su edición; se excluye del conjunto GUA procesado y se conserva en el backup para trazabilidad.,REMOVED_FROM_GUA_ASSOCIATION
458448,41,166761,Luis E. Martnez Sican,EXCLUDE_GUA_ASSOCIATION,La asociación GUA no está en el roster de referencia de su edición; se excluye del conjunto GUA procesado y se conserva en el backup para trazabilidad.,REMOVED_FROM_GUA_ASSOCIATION
462912,41,167248,Luis Medrano Toj,EXCLUDE_GUA_ASSOCIATION,La asociación GUA no está en el roster de referencia de su edición; se excluye del conjunto GUA procesado y se conserva en el backup para trazabilidad.,REMOVED_FROM_GUA_ASSOCIATION
462913,43,167248,Luis Medrano Toj,EXCLUDE_GUA_ASSOCIATION,La asociación GUA no está en el roster de referencia de su edición; se excluye del conjunto GUA procesado y se conserva en el backup para trazabilidad.,REMOVED_FROM_GUA_ASSOCIATION
463205,34,167275,Zonia Patricia Meigham Jurez,EXCLUDE_GUA_ASSOCIATION,La asociación GUA no está en el roster de referencia de su edición; se excluye del conjunto GUA procesado y se conserva en el backup para trazabilidad.,REMOVED_FROM_GUA_ASSOCIATION
463206,34,167275,Zonia Patricia Meigham Jurez,EXCLUDE_GUA_ASSOCIATION,La asociación GUA no está en el roster de referencia de su edición; se excluye del conjunto GUA procesado y se conserva en el backup para trazabilidad.,REMOVED_FROM_GUA_ASSOCIATION
463864,30,167408,Jos Oswaldo Mndez Herbruger,EXCLUDE_GUA_ASSOCIATION,La asociación GUA no está en el roster de referencia de su edición; se excluye del conjunto GUA procesado y se conserva en el backup para trazabilidad.,REMOVED_FROM_GUA_ASSOCIATION
463865,32,167408,Jos Oswaldo Mndez Herbruger,EXCLUDE_GUA_ASSOCIATION,La asociación GUA no está en el roster de referencia de su edición; se excluye del conjunto GUA procesado y se conserva en el backup para trazabilidad.,REMOVED_FROM_GUA_ASSOCIATION
463866,34,167408,Jos Oswaldo Mndez Herbruger,EXCLUDE_GUA_ASSOCIATION,La asociación GUA no está en el roster de referencia de su edición; se excluye del conjunto GUA procesado y se conserva en el backup para trazabilidad.,REMOVED_FROM_GUA_ASSOCIATION
464017,43,167446,Jos Haroldo Meneses Gonzlez,EXCLUDE_GUA_ASSOCIATION,La asociación GUA no está en el roster de referencia de su edición; se excluye del conjunto GUA procesado y se conserva en el backup para trazabilidad.,REMOVED_FROM_GUA_ASSOCIATION
464018,43,167447,Oscar D. Meneses Gonzlez,EXCLUDE_GUA_ASSOCIATION,La asociación GUA no está en el roster de referencia de su edición; se excluye del conjunto GUA procesado y se conserva en el backup para trazabilidad.,REMOVED_FROM_GUA_ASSOCIATION
464019,43,167447,Oscar D. Meneses Gonzlez,EXCLUDE_GUA_ASSOCIATION,La asociación GUA no está en el roster de referencia de su edición; se excluye del conjunto GUA procesado y se conserva en el backup para trazabilidad.,REMOVED_FROM_GUA_ASSOCIATION
468979,45,168101,Mara Dolores Molina de Ortz,EXCLUDE_GUA_ASSOCIATION,La asociación GUA no está en el roster de referencia de su edición; se excluye del conjunto GUA procesado y se conserva en el backup para trazabilidad.,REMOVED_FROM_GUA_ASSOCIATION
469688,30,168262,Benjamn Eduardo Monterroso Daz,EXCLUDE_GUA_ASSOCIATION,La asociación GUA no está en el roster de referencia de su edición; se excluye del conjunto GUA procesado y se conserva en el backup para trazabilidad.,REMOVED_FROM_GUA_ASSOCIATION
469867,36,168285,Vctor Hugo Monzn Prez,EXCLUDE_GUA_ASSOCIATION,La asociación GUA no está en el roster de referencia de su edición; se excluye del conjunto GUA procesado y se conserva en el backup para trazabilidad.,REMOVED_FROM_GUA_ASSOCIATION
470183,45,168315,Gisela Mara Morales Valentn,EXCLUDE_GUA_ASSOCIATION,La asociación GUA no está en el roster de referencia de su edición; se excluye del conjunto GUA procesado y se conserva en el backup para trazabilidad.,REMOVED_FROM_GUA_ASSOCIATION
470184,45,168315,Gisela Mara Morales Valentn,EXCLUDE_GUA_ASSOCIATION,La asociación GUA no está en el roster de referencia de su edición; se excluye del conjunto GUA procesado y se conserva en el backup para trazabilidad.,REMOVED_FROM_GUA_ASSOCIATION
470185,47,168315,Gisela Mara Morales Valentn,EXCLUDE_GUA_ASSOCIATION,La asociación GUA no está en el roster de referencia de su edición; se excluye del conjunto GUA procesado y se conserva en el backup para trazabilidad.,REMOVED_FROM_GUA_ASSOCIATION
470186,47,168315,Gisela Mara Morales Valentn,EXCLUDE_GUA_ASSOCIATION,La asociación GUA no está en el roster de referencia de su edición; se excluye del conjunto GUA procesado y se conserva en el backup para trazabilidad.,REMOVED_FROM_GUA_ASSOCIATION
470230,30,168331,Ren Morles,EXCLUDE_GUA_ASSOCIATION,La asociación GUA no está en el roster de referencia de su edición; se excluye del conjunto GUA procesado y se conserva en el backup para trazabilidad.,REMOVED_FROM_GUA_ASSOCIATION
471721,34,168528,Carlos Motta Taracena,EXCLUDE_GUA_ASSOCIATION,La asociación GUA no está en el roster de referencia de su edición; se excluye del conjunto GUA procesado y se conserva en el backup para trazabilidad.,REMOVED_FROM_GUA_ASSOCIATION
473789,18,168937,Alfredo Mury Bentz,EXCLUDE_GUA_ASSOCIATION,La asociación GUA no está en el roster de referencia de su edición; se excluye del conjunto GUA procesado y se conserva en el backup para trazabilidad.,REMOVED_FROM_GUA_ASSOCIATION
473790,18,168937,Alfredo Mury Bentz,EXCLUDE_GUA_ASSOCIATION,La asociación GUA no está en el roster de referencia de su edición; se excluye del conjunto GUA procesado y se conserva en el backup para trazabilidad.,REMOVED_FROM_GUA_ASSOCIATION
475441,32,169124,Edgar Nanne Villagarn,EXCLUDE_GUA_ASSOCIATION,La asociación GUA no está en el roster de referencia de su edición; se excluye del conjunto GUA procesado y se conserva en el backup para trazabilidad.,REMOVED_FROM_GUA_ASSOCIATION
475442,34,169124,Edgar Nanne Villagarn,EXCLUDE_GUA_ASSOCIATION,La asociación GUA no está en el roster de referencia de su edición; se excluye del conjunto GUA procesado y se conserva en el backup para trazabilidad.,REMOVED_FROM_GUA_ASSOCIATION
481128,47,169884,Evelyn Rosmeri Nez Fuentes,EXCLUDE_GUA_ASSOCIATION,La asociación GUA no está en el roster de referencia de su edición; se excluye del conjunto GUA procesado y se conserva en el backup para trazabilidad.,REMOVED_FROM_GUA_ASSOCIATION
482277,41,170073,Omar Oswaldo Ochoa Caldern,EXCLUDE_GUA_ASSOCIATION,La asociación GUA no está en el roster de referencia de su edición; se excluye del conjunto GUA procesado y se conserva en el backup para trazabilidad.,REMOVED_FROM_GUA_ASSOCIATION
485469,36,170449,Alejandro Ortz Obregn,EXCLUDE_GUA_ASSOCIATION,La asociación GUA no está en el roster de referencia de su edición; se excluye del conjunto GUA procesado y se conserva en el backup para trazabilidad.,REMOVED_FROM_GUA_ASSOCIATION
485480,26,170457,Flipe Antonio Ortz Prez,EXCLUDE_GUA_ASSOCIATION,La asociación GUA no está en el roster de referencia de su edición; se excluye del conjunto GUA procesado y se conserva en el backup para trazabilidad.,REMOVED_FROM_GUA_ASSOCIATION
485501,26,170470,Julio Rodolfo Ortz Figueroa,EXCLUDE_GUA_ASSOCIATION,La asociación GUA no está en el roster de referencia de su edición; se excluye del conjunto GUA procesado y se conserva en el backup para trazabilidad.,REMOVED_FROM_GUA_ASSOCIATION
485524,50,170480,Mirna Sucely Ortz Flores,EXCLUDE_GUA_ASSOCIATION,La asociación GUA no está en el roster de referencia de su edición; se excluye del conjunto GUA procesado y se conserva en el backup para trazabilidad.,REMOVED_FROM_GUA_ASSOCIATION
485525,54,170480,Mirna Sucely Ortz Flores,EXCLUDE_GUA_ASSOCIATION,La asociación GUA no está en el roster de referencia de su edición; se excluye del conjunto GUA procesado y se conserva en el backup para trazabilidad.,REMOVED_FROM_GUA_ASSOCIATION
488425,36,170933,Adn Onelio Paniagua Gmez,EXCLUDE_GUA_ASSOCIATION,La asociación GUA no está en el roster de referencia de su edición; se excluye del conjunto GUA procesado y se conserva en el backup para trazabilidad.,REMOVED_FROM_GUA_ASSOCIATION
488427,41,170934,Mrlon Estuardo Paniagua Garca,EXCLUDE_GUA_ASSOCIATION,La asociación GUA no está en el roster de referencia de su edición; se excluye del conjunto GUA procesado y se conserva en el backup para trazabilidad.,REMOVED_FROM_GUA_ASSOCIATION
492176,26,171455,Hugo Antonio Pea Segura,EXCLUDE_GUA_ASSOCIATION,La asociación GUA no está en el roster de referencia de su edición; se excluye del conjunto GUA procesado y se conserva en el backup para trazabilidad.,REMOVED_FROM_GUA_ASSOCIATION
492344,30,171498,Selvin Pennat Garca,EXCLUDE_GUA_ASSOCIATION,La asociación GUA no está en el roster de referencia de su edición; se excluye del conjunto GUA procesado y se conserva en el backup para trazabilidad.,REMOVED_FROM_GUA_ASSOCIATION
492775,18,171584,Arstides Prez,EXCLUDE_GUA_ASSOCIATION,La asociación GUA no está en el roster de referencia de su edición; se excluye del conjunto GUA procesado y se conserva en el backup para trazabilidad.,REMOVED_FROM_GUA_ASSOCIATION
492776,18,171584,Arstides Prez,EXCLUDE_GUA_ASSOCIATION,La asociación GUA no está en el roster de referencia de su edición; se excluye del conjunto GUA procesado y se conserva en el backup para trazabilidad.,REMOVED_FROM_GUA_ASSOCIATION
492791,36,171588,Byron Romeo Prez Solorzano,EXCLUDE_GUA_ASSOCIATION,La asociación GUA no está en el roster de referencia de su edición; se excluye del conjunto GUA procesado y se conserva en el backup para trazabilidad.,REMOVED_FROM_GUA_ASSOCIATION
492858,36,171623,Erick Giovanni Prez,EXCLUDE_GUA_ASSOCIATION,La asociación GUA no está en el roster de referencia de su edición; se excluye del conjunto GUA procesado y se conserva en el backup para trazabilidad.,REMOVED_FROM_GUA_ASSOCIATION
496277,43,172134,scar Pineda Mndez,EXCLUDE_GUA_ASSOCIATION,La asociación GUA no está en el roster de referencia de su edición; se excluye del conjunto GUA procesado y se conserva en el backup para trazabilidad.,REMOVED_FROM_GUA_ASSOCIATION
496279,28,172136,Pedro Rafael Pieda Pedroza,EXCLUDE_GUA_ASSOCIATION,La asociación GUA no está en el roster de referencia de su edición; se excluye del conjunto GUA procesado y se conserva en el backup para trazabilidad.,REMOVED_FROM_GUA_ASSOCIATION
499111,38,172589,Luisa Fernanda Portocarrero Daz,EXCLUDE_GUA_ASSOCIATION,La asociación GUA no está en el roster de referencia de su edición; se excluye del conjunto GUA procesado y se conserva en el backup para trazabilidad.,REMOVED_FROM_GUA_ASSOCIATION
499112,38,172589,Luisa Fernanda Portocarrero Daz,EXCLUDE_GUA_ASSOCIATION,La asociación GUA no está en el roster de referencia de su edición; se excluye del conjunto GUA procesado y se conserva en el backup para trazabilidad.,REMOVED_FROM_GUA_ASSOCIATION
499113,38,172589,Luisa Fernanda Portocarrero Daz,EXCLUDE_GUA_ASSOCIATION,La asociación GUA no está en el roster de referencia de su edición; se excluye del conjunto GUA procesado y se conserva en el backup para trazabilidad.,REMOVED_FROM_GUA_ASSOCIATION
499114,38,172589,Luisa Fernanda Portocarrero Daz,EXCLUDE_GUA_ASSOCIATION,La asociación GUA no está en el roster de referencia de su edición; se excluye del conjunto GUA procesado y se conserva en el backup para trazabilidad.,REMOVED_FROM_GUA_ASSOCIATION
499115,38,172589,Luisa Fernanda Portocarrero Daz,EXCLUDE_GUA_ASSOCIATION,La asociación GUA no está en el roster de referencia de su edición; se excluye del conjunto GUA procesado y se conserva en el backup para trazabilidad.,REMOVED_FROM_GUA_ASSOCIATION
502439,50,173111,Jaime Daniel Quiyuch Castaeda,EXCLUDE_GUA_ASSOCIATION,La asociación GUA no está en el roster de referencia de su edición; se excluye del conjunto GUA procesado y se conserva en el backup para trazabilidad.,REMOVED_FROM_GUA_ASSOCIATION
502440,54,173111,Jaime Daniel Quiyuch Castaeda,EXCLUDE_GUA_ASSOCIATION,La asociación GUA no está en el roster de referencia de su edición; se excluye del conjunto GUA procesado y se conserva en el backup para trazabilidad.,REMOVED_FROM_GUA_ASSOCIATION
503678,26,173313,Gustavo Ramrez,EXCLUDE_GUA_ASSOCIATION,La asociación GUA no está en el roster de referencia de su edición; se excluye del conjunto GUA procesado y se conserva en el backup para trazabilidad.,REMOVED_FROM_GUA_ASSOCIATION
503679,26,173313,Gustavo Ramrez,EXCLUDE_GUA_ASSOCIATION,La asociación GUA no está en el roster de referencia de su edición; se excluye del conjunto GUA procesado y se conserva en el backup para trazabilidad.,REMOVED_FROM_GUA_ASSOCIATION
503750,38,173328,Mynor Ramrez Fuentes,EXCLUDE_GUA_ASSOCIATION,La asociación GUA no está en el roster de referencia de su edición; se excluye del conjunto GUA procesado y se conserva en el backup para trazabilidad.,REMOVED_FROM_GUA_ASSOCIATION
503751,41,173328,Mynor Ramrez Fuentes,EXCLUDE_GUA_ASSOCIATION,La asociación GUA no está en el roster de referencia de su edición; se excluye del conjunto GUA procesado y se conserva en el backup para trazabilidad.,REMOVED_FROM_GUA_ASSOCIATION
503850,54,173358,Jos Alfredo Ramos Dvila,EXCLUDE_GUA_ASSOCIATION,La asociación GUA no está en el roster de referencia de su edición; se excluye del conjunto GUA procesado y se conserva en el backup para trazabilidad.,REMOVED_FROM_GUA_ASSOCIATION
504873,26,173468,Javier Raxn Tubac,EXCLUDE_GUA_ASSOCIATION,La asociación GUA no está en el roster de referencia de su edición; se excluye del conjunto GUA procesado y se conserva en el backup para trazabilidad.,REMOVED_FROM_GUA_ASSOCIATION
504874,26,173468,Javier Raxn Tubac,EXCLUDE_GUA_ASSOCIATION,La asociación GUA no está en el roster de referencia de su edición; se excluye del conjunto GUA procesado y se conserva en el backup para trazabilidad.,REMOVED_FROM_GUA_ASSOCIATION
504932,54,173473,Jos Mara Raymundo Cox,EXCLUDE_GUA_ASSOCIATION,La asociación GUA no está en el roster de referencia de su edición; se excluye del conjunto GUA procesado y se conserva en el backup para trazabilidad.,REMOVED_FROM_GUA_ASSOCIATION
509463,50,174009,Manuel Rodas Ochoa,EXCLUDE_GUA_ASSOCIATION,La asociación GUA no está en el roster de referencia de su edición; se excluye del conjunto GUA procesado y se conserva en el backup para trazabilidad.,REMOVED_FROM_GUA_ASSOCIATION
509464,54,174009,Manuel Rodas Ochoa,EXCLUDE_GUA_ASSOCIATION,La asociación GUA no está en el roster de referencia de su edición; se excluye del conjunto GUA procesado y se conserva en el backup para trazabilidad.,REMOVED_FROM_GUA_ASSOCIATION
509719,41,174064,Carmen Rodrguez Oliva,EXCLUDE_GUA_ASSOCIATION,La asociación GUA no está en el roster de referencia de su edición; se excluye del conjunto GUA procesado y se conserva en el backup para trazabilidad.,REMOVED_FROM_GUA_ASSOCIATION
509870,47,174138,Juan Andrs Rodrguez Silva,EXCLUDE_GUA_ASSOCIATION,La asociación GUA no está en el roster de referencia de su edición; se excluye del conjunto GUA procesado y se conserva en el backup para trazabilidad.,REMOVED_FROM_GUA_ASSOCIATION
510589,26,174272,Jorge Roldn Popol,EXCLUDE_GUA_ASSOCIATION,La asociación GUA no está en el roster de referencia de su edición; se excluye del conjunto GUA procesado y se conserva en el backup para trazabilidad.,REMOVED_FROM_GUA_ASSOCIATION
513179,38,174715,Magno Rubn Ruiz Sanchiz,EXCLUDE_GUA_ASSOCIATION,La asociación GUA no está en el roster de referencia de su edición; se excluye del conjunto GUA procesado y se conserva en el backup para trazabilidad.,REMOVED_FROM_GUA_ASSOCIATION
513670,26,174773,Saturnino Rustrin Cceres,EXCLUDE_GUA_ASSOCIATION,La asociación GUA no está en el roster de referencia de su edición; se excluye del conjunto GUA procesado y se conserva en el backup para trazabilidad.,REMOVED_FROM_GUA_ASSOCIATION
513671,26,174773,Saturnino Rustrin Cceres,EXCLUDE_GUA_ASSOCIATION,La asociación GUA no está en el roster de referencia de su edición; se excluye del conjunto GUA procesado y se conserva en el backup para trazabilidad.,REMOVED_FROM_GUA_ASSOCIATION
514910,43,174959,Jos Gabriel Sagastume Ros,EXCLUDE_GUA_ASSOCIATION,La asociación GUA no está en el roster de referencia de su edición; se excluye del conjunto GUA procesado y se conserva en el backup para trazabilidad.,REMOVED_FROM_GUA_ASSOCIATION
514911,45,174959,Jos Gabriel Sagastume Ros,EXCLUDE_GUA_ASSOCIATION,La asociación GUA no está en el roster de referencia de su edición; se excluye del conjunto GUA procesado y se conserva en el backup para trazabilidad.,REMOVED_FROM_GUA_ASSOCIATION
516716,30,175287,scar Enrique Snchez Rivas,EXCLUDE_GUA_ASSOCIATION,La asociación GUA no está en el roster de referencia de su edición; se excluye del conjunto GUA procesado y se conserva en el backup para trazabilidad.,REMOVED_FROM_GUA_ASSOCIATION
516762,38,175305,Sergio Werner Snchez Gmez,EXCLUDE_GUA_ASSOCIATION,La asociación GUA no está en el roster de referencia de su edición; se excluye del conjunto GUA procesado y se conserva en el backup para trazabilidad.,REMOVED_FROM_GUA_ASSOCIATION
516763,41,175305,Sergio Werner Snchez Gmez,EXCLUDE_GUA_ASSOCIATION,La asociación GUA no está en el roster de referencia de su edición; se excluye del conjunto GUA procesado y se conserva en el backup para trazabilidad.,REMOVED_FROM_GUA_ASSOCIATION
516764,41,175305,Sergio Werner Snchez Gmez,EXCLUDE_GUA_ASSOCIATION,La asociación GUA no está en el roster de referencia de su edición; se excluye del conjunto GUA procesado y se conserva en el backup para trazabilidad.,REMOVED_FROM_GUA_ASSOCIATION
516765,43,175305,Sergio Werner Snchez Gmez,EXCLUDE_GUA_ASSOCIATION,La asociación GUA no está en el roster de referencia de su edición; se excluye del conjunto GUA procesado y se conserva en el backup para trazabilidad.,REMOVED_FROM_GUA_ASSOCIATION
516766,43,175305,Sergio Werner Snchez Gmez,EXCLUDE_GUA_ASSOCIATION,La asociación GUA no está en el roster de referencia de su edición; se excluye del conjunto GUA procesado y se conserva en el backup para trazabilidad.,REMOVED_FROM_GUA_ASSOCIATION
516767,50,175305,Sergio Werner Snchez Gmez,EXCLUDE_GUA_ASSOCIATION,La asociación GUA no está en el roster de referencia de su edición; se excluye del conjunto GUA procesado y se conserva en el backup para trazabilidad.,REMOVED_FROM_GUA_ASSOCIATION
516768,50,175305,Sergio Werner Snchez Gmez,EXCLUDE_GUA_ASSOCIATION,La asociación GUA no está en el roster de referencia de su edición; se excluye del conjunto GUA procesado y se conserva en el backup para trazabilidad.,REMOVED_FROM_GUA_ASSOCIATION
517019,18,175346,Francisco Sandoval Guzmn,EXCLUDE_GUA_ASSOCIATION,La asociación GUA no está en el roster de referencia de su edición; se excluye del conjunto GUA procesado y se conserva en el backup para trazabilidad.,REMOVED_FROM_GUA_ASSOCIATION
517020,18,175346,Francisco Sandoval Guzmn,EXCLUDE_GUA_ASSOCIATION,La asociación GUA no está en el roster de referencia de su edición; se excluye del conjunto GUA procesado y se conserva en el backup para trazabilidad.,REMOVED_FROM_GUA_ASSOCIATION
517021,26,175346,Francisco Sandoval Guzmn,EXCLUDE_GUA_ASSOCIATION,La asociación GUA no está en el roster de referencia de su edición; se excluye del conjunto GUA procesado y se conserva en el backup para trazabilidad.,REMOVED_FROM_GUA_ASSOCIATION
517022,38,175347,Julio Csar Sandoval Guerrero,EXCLUDE_GUA_ASSOCIATION,La asociación GUA no está en el roster de referencia de su edición; se excluye del conjunto GUA procesado y se conserva en el backup para trazabilidad.,REMOVED_FROM_GUA_ASSOCIATION
517534,41,175422,Edwin Gonzalo Santos Garca,EXCLUDE_GUA_ASSOCIATION,La asociación GUA no está en el roster de referencia de su edición; se excluye del conjunto GUA procesado y se conserva en el backup para trazabilidad.,REMOVED_FROM_GUA_ASSOCIATION
517619,45,175443,Mara Isabel Luna de Sanz-Agero,EXCLUDE_GUA_ASSOCIATION,La asociación GUA no está en el roster de referencia de su edición; se excluye del conjunto GUA procesado y se conserva en el backup para trazabilidad.,REMOVED_FROM_GUA_ASSOCIATION
522557,38,176119,Andrs Sedano Villalta,EXCLUDE_GUA_ASSOCIATION,La asociación GUA no está en el roster de referencia de su edición; se excluye del conjunto GUA procesado y se conserva en el backup para trazabilidad.,REMOVED_FROM_GUA_ASSOCIATION
522558,38,176119,Andrs Sedano Villalta,EXCLUDE_GUA_ASSOCIATION,La asociación GUA no está en el roster de referencia de su edición; se excluye del conjunto GUA procesado y se conserva en el backup para trazabilidad.,REMOVED_FROM_GUA_ASSOCIATION
522559,38,176119,Andrs Sedano Villalta,EXCLUDE_GUA_ASSOCIATION,La asociación GUA no está en el roster de referencia de su edición; se excluye del conjunto GUA procesado y se conserva en el backup para trazabilidad.,REMOVED_FROM_GUA_ASSOCIATION
522560,38,176119,Andrs Sedano Villalta,EXCLUDE_GUA_ASSOCIATION,La asociación GUA no está en el roster de referencia de su edición; se excluye del conjunto GUA procesado y se conserva en el backup para trazabilidad.,REMOVED_FROM_GUA_ASSOCIATION
527092,32,176640,Carlos Ren Silva Monterroso,EXCLUDE_GUA_ASSOCIATION,La asociación GUA no está en el roster de referencia de su edición; se excluye del conjunto GUA procesado y se conserva en el backup para trazabilidad.,REMOVED_FROM_GUA_ASSOCIATION
527093,34,176640,Carlos Ren Silva Monterroso,EXCLUDE_GUA_ASSOCIATION,La asociación GUA no está en el roster de referencia de su edición; se excluye del conjunto GUA procesado y se conserva en el backup para trazabilidad.,REMOVED_FROM_GUA_ASSOCIATION
527094,36,176640,Carlos Ren Silva Monterroso,EXCLUDE_GUA_ASSOCIATION,La asociación GUA no está en el roster de referencia de su edición; se excluye del conjunto GUA procesado y se conserva en el backup para trazabilidad.,REMOVED_FROM_GUA_ASSOCIATION
531326,18,177259,Rubn Sobern Riveiro,EXCLUDE_GUA_ASSOCIATION,La asociación GUA no está en el roster de referencia de su edición; se excluye del conjunto GUA procesado y se conserva en el backup para trazabilidad.,REMOVED_FROM_GUA_ASSOCIATION
531327,18,177259,Rubn Sobern Riveiro,EXCLUDE_GUA_ASSOCIATION,La asociación GUA no está en el roster de referencia de su edición; se excluye del conjunto GUA procesado y se conserva en el backup para trazabilidad.,REMOVED_FROM_GUA_ASSOCIATION
531412,45,177274,Jos Alberto Sochn Gudiel,EXCLUDE_GUA_ASSOCIATION,La asociación GUA no está en el roster de referencia de su edición; se excluye del conjunto GUA procesado y se conserva en el backup para trazabilidad.,REMOVED_FROM_GUA_ASSOCIATION
531726,18,177349,Vctorio Hugo Solares Hurtate,EXCLUDE_GUA_ASSOCIATION,La asociación GUA no está en el roster de referencia de su edición; se excluye del conjunto GUA procesado y se conserva en el backup para trazabilidad.,REMOVED_FROM_GUA_ASSOCIATION
531727,18,177349,Vctorio Hugo Solares Hurtate,EXCLUDE_GUA_ASSOCIATION,La asociación GUA no está en el roster de referencia de su edición; se excluye del conjunto GUA procesado y se conserva en el backup para trazabilidad.,REMOVED_FROM_GUA_ASSOCIATION
533919,30,177732,Jorge Springmhl,EXCLUDE_GUA_ASSOCIATION,La asociación GUA no está en el roster de referencia de su edición; se excluye del conjunto GUA procesado y se conserva en el backup para trazabilidad.,REMOVED_FROM_GUA_ASSOCIATION
536931,18,178128,Jeremas Stokes Brown,EXCLUDE_GUA_ASSOCIATION,La asociación GUA no está en el roster de referencia de su edición; se excluye del conjunto GUA procesado y se conserva en el backup para trazabilidad.,REMOVED_FROM_GUA_ASSOCIATION
547400,43,179565,Jos Luis Tinoco Kipps,EXCLUDE_GUA_ASSOCIATION,La asociación GUA no está en el roster de referencia de su edición; se excluye del conjunto GUA procesado y se conserva en el backup para trazabilidad.,REMOVED_FROM_GUA_ASSOCIATION
549103,36,179799,Andrs Torres,EXCLUDE_GUA_ASSOCIATION,La asociación GUA no está en el roster de referencia de su edición; se excluye del conjunto GUA procesado y se conserva en el backup para trazabilidad.,REMOVED_FROM_GUA_ASSOCIATION
549104,36,179799,Andrs Torres,EXCLUDE_GUA_ASSOCIATION,La asociación GUA no está en el roster de referencia de su edición; se excluye del conjunto GUA procesado y se conserva en el backup para trazabilidad.,REMOVED_FROM_GUA_ASSOCIATION
553648,41,180426,Julio Csar Uras Meda,EXCLUDE_GUA_ASSOCIATION,La asociación GUA no está en el roster de referencia de su edición; se excluye del conjunto GUA procesado y se conserva en el backup para trazabilidad.,REMOVED_FROM_GUA_ASSOCIATION
554485,18,180578,Jos Valdes Balagoistoa,EXCLUDE_GUA_ASSOCIATION,La asociación GUA no está en el roster de referencia de su edición; se excluye del conjunto GUA procesado y se conserva en el backup para trazabilidad.,REMOVED_FROM_GUA_ASSOCIATION
557732,36,181001,Edvin Eduardo Vzquez,EXCLUDE_GUA_ASSOCIATION,La asociación GUA no está en el roster de referencia de su edición; se excluye del conjunto GUA procesado y se conserva en el backup para trazabilidad.,REMOVED_FROM_GUA_ASSOCIATION
557733,36,181001,Edvin Eduardo Vzquez,EXCLUDE_GUA_ASSOCIATION,La asociación GUA no está en el roster de referencia de su edición; se excluye del conjunto GUA procesado y se conserva en el backup para trazabilidad.,REMOVED_FROM_GUA_ASSOCIATION
558026,18,181068,Luis H. Velsquez,EXCLUDE_GUA_ASSOCIATION,La asociación GUA no está en el roster de referencia de su edición; se excluye del conjunto GUA procesado y se conserva en el backup para trazabilidad.,REMOVED_FROM_GUA_ASSOCIATION
558027,18,181068,Luis H. Velsquez,EXCLUDE_GUA_ASSOCIATION,La asociación GUA no está en el roster de referencia de su edición; se excluye del conjunto GUA procesado y se conserva en el backup para trazabilidad.,REMOVED_FROM_GUA_ASSOCIATION
559935,41,181399,Antn Daro Villatoro,EXCLUDE_GUA_ASSOCIATION,La asociación GUA no está en el roster de referencia de su edición; se excluye del conjunto GUA procesado y se conserva en el backup para trazabilidad.,REMOVED_FROM_GUA_ASSOCIATION
559936,41,181399,Antn Daro Villatoro,EXCLUDE_GUA_ASSOCIATION,La asociación GUA no está en el roster de referencia de su edición; se excluye del conjunto GUA procesado y se conserva en el backup para trazabilidad.,REMOVED_FROM_GUA_ASSOCIATION
559940,26,181401,Luis Rene Villavicencio,EXCLUDE_GUA_ASSOCIATION,La asociación GUA no está en el roster de referencia de su edición; se excluye del conjunto GUA procesado y se conserva en el backup para trazabilidad.,REMOVED_FROM_GUA_ASSOCIATION
559941,30,181401,Luis Rene Villavicencio,EXCLUDE_GUA_ASSOCIATION,La asociación GUA no está en el roster de referencia de su edición; se excluye del conjunto GUA procesado y se conserva en el backup para trazabilidad.,REMOVED_FROM_GUA_ASSOCIATION
581669,26,185904,ngel Mejia,EXCLUDE_GUA_ASSOCIATION,La asociación GUA no está en el roster de referencia de su edición; se excluye del conjunto GUA procesado y se conserva en el backup para trazabilidad.,REMOVED_FROM_GUA_ASSOCIATION
581670,26,185905,ngel Mejia,EXCLUDE_GUA_ASSOCIATION,La asociación GUA no está en el roster de referencia de su edición; se excluye del conjunto GUA procesado y se conserva en el backup para trazabilidad.,REMOVED_FROM_GUA_ASSOCIATION
581683,50,185918,Andrea Bennett,EXCLUDE_GUA_ASSOCIATION,La asociación GUA no está en el roster de referencia de su edición; se excluye del conjunto GUA procesado y se conserva en el backup para trazabilidad.,REMOVED_FROM_GUA_ASSOCIATION
582688,34,186645,Jos Alonzo,EXCLUDE_GUA_ASSOCIATION,La asociación GUA no está en el roster de referencia de su edición; se excluye del conjunto GUA procesado y se conserva en el backup para trazabilidad.,REMOVED_FROM_GUA_ASSOCIATION
582689,34,186646,Jos Alonzo,EXCLUDE_GUA_ASSOCIATION,La asociación GUA no está en el roster de referencia de su edición; se excluye del conjunto GUA procesado y se conserva en el backup para trazabilidad.,REMOVED_FROM_GUA_ASSOCIATION
583898,30,187577,Julio Quiroga,EXCLUDE_GUA_ASSOCIATION,La asociación GUA no está en el roster de referencia de su edición; se excluye del conjunto GUA procesado y se conserva en el backup para trazabilidad.,REMOVED_FROM_GUA_ASSOCIATION
585262,36,188647,scar Sandoval,EXCLUDE_GUA_ASSOCIATION,La asociación GUA no está en el roster de referencia de su edición; se excluye del conjunto GUA procesado y se conserva en el backup para trazabilidad.,REMOVED_FROM_GUA_ASSOCIATION
585263,36,188648,scar Sandoval,EXCLUDE_GUA_ASSOCIATION,La asociación GUA no está en el roster de referencia de su edición; se excluye del conjunto GUA procesado y se conserva en el backup para trazabilidad.,REMOVED_FROM_GUA_ASSOCIATION
585641,45,188941,Alfredo Reyes,EXCLUDE_GUA_ASSOCIATION,La asociación GUA no está en el roster de referencia de su edición; se excluye del conjunto GUA procesado y se conserva en el backup para trazabilidad.,REMOVED_FROM_GUA_ASSOCIATION
585642,47,188942,Alfredo Reyes,EXCLUDE_GUA_ASSOCIATION,La asociación GUA no está en el roster de referencia de su edición; se excluye del conjunto GUA procesado y se conserva en el backup para trazabilidad.,REMOVED_FROM_GUA_ASSOCIATION
586786,26,189792,Silvana Morel,EXCLUDE_GUA_ASSOCIATION,La asociación GUA no está en el roster de referencia de su edición; se excluye del conjunto GUA procesado y se conserva en el backup para trazabilidad.,REMOVED_FROM_GUA_ASSOCIATION
586787,26,189793,Silvana Morel,EXCLUDE_GUA_ASSOCIATION,La asociación GUA no está en el roster de referencia de su edición; se excluye del conjunto GUA procesado y se conserva en el backup para trazabilidad.,REMOVED_FROM_GUA_ASSOCIATION
586788,26,189794,Silvana Morel,EXCLUDE_GUA_ASSOCIATION,La asociación GUA no está en el roster de referencia de su edición; se excluye del conjunto GUA procesado y se conserva en el backup para trazabilidad.,REMOVED_FROM_GUA_ASSOCIATION
586789,26,189795,Silvana Morel,EXCLUDE_GUA_ASSOCIATION,La asociación GUA no está en el roster de referencia de su edición; se excluye del conjunto GUA procesado y se conserva en el backup para trazabilidad.,REMOVED_FROM_GUA_ASSOCIATION
587374,50,190208,Kevin Soto,EXCLUDE_GUA_ASSOCIATION,La asociación GUA no está en el roster de referencia de su edición; se excluye del conjunto GUA procesado y se conserva en el backup para trazabilidad.,REMOVED_FROM_GUA_ASSOCIATION
590169,18,192240,Jos Barillas,EXCLUDE_GUA_ASSOCIATION,La asociación GUA no está en el roster de referencia de su edición; se excluye del conjunto GUA procesado y se conserva en el backup para trazabilidad.,REMOVED_FROM_GUA_ASSOCIATION
590170,18,192241,Jos Barillas,EXCLUDE_GUA_ASSOCIATION,La asociación GUA no está en el roster de referencia de su edición; se excluye del conjunto GUA procesado y se conserva en el backup para trazabilidad.,REMOVED_FROM_GUA_ASSOCIATION
590617,50,192592,Erick Garca,EXCLUDE_GUA_ASSOCIATION,La asociación GUA no está en el roster de referencia de su edición; se excluye del conjunto GUA procesado y se conserva en el backup para trazabilidad.,REMOVED_FROM_GUA_ASSOCIATION
590618,54,192593,Erick Garca,EXCLUDE_GUA_ASSOCIATION,La asociación GUA no está en el roster de referencia de su edición; se excluye del conjunto GUA procesado y se conserva en el backup para trazabilidad.,REMOVED_FROM_GUA_ASSOCIATION
591347,36,193060,Jaime Morales,EXCLUDE_GUA_ASSOCIATION,La asociación GUA no está en el roster de referencia de su edición; se excluye del conjunto GUA procesado y se conserva en el backup para trazabilidad.,REMOVED_FROM_GUA_ASSOCIATION
593549,26,194589,Ramiro Benavides,EXCLUDE_GUA_ASSOCIATION,La asociación GUA no está en el roster de referencia de su edición; se excluye del conjunto GUA procesado y se conserva en el backup para trazabilidad.,REMOVED_FROM_GUA_ASSOCIATION
593550,26,194590,Ramiro Benavides,EXCLUDE_GUA_ASSOCIATION,La asociación GUA no está en el roster de referencia de su edición; se excluye del conjunto GUA procesado y se conserva en el backup para trazabilidad.,REMOVED_FROM_GUA_ASSOCIATION
594635,38,195323,Cristian Apel,EXCLUDE_GUA_ASSOCIATION,La asociación GUA no está en el roster de referencia de su edición; se excluye del conjunto GUA procesado y se conserva en el backup para trazabilidad.,REMOVED_FROM_GUA_ASSOCIATION
596876,43,196777,Rolando Noldero,EXCLUDE_GUA_ASSOCIATION,La asociación GUA no está en el roster de referencia de su edición; se excluye del conjunto GUA procesado y se conserva en el backup para trazabilidad.,REMOVED_FROM_GUA_ASSOCIATION
597463,41,197174,Juan Schall,EXCLUDE_GUA_ASSOCIATION,La asociación GUA no está en el roster de referencia de su edición; se excluye del conjunto GUA procesado y se conserva en el backup para trazabilidad.,REMOVED_FROM_GUA_ASSOCIATION
597500,26,197197,Eugenio Camey,EXCLUDE_GUA_ASSOCIATION,La asociación GUA no está en el roster de referencia de su edición; se excluye del conjunto GUA procesado y se conserva en el backup para trazabilidad.,REMOVED_FROM_GUA_ASSOCIATION
598670,38,197945,Roberto Abril,EXCLUDE_GUA_ASSOCIATION,La asociación GUA no está en el roster de referencia de su edición; se excluye del conjunto GUA procesado y se conserva en el backup para trazabilidad.,REMOVED_FROM_GUA_ASSOCIATION
598671,38,197946,Roberto Abril,EXCLUDE_GUA_ASSOCIATION,La asociación GUA no está en el roster de referencia de su edición; se excluye del conjunto GUA procesado y se conserva en el backup para trazabilidad.,REMOVED_FROM_GUA_ASSOCIATION
598672,38,197947,Roberto Abril,EXCLUDE_GUA_ASSOCIATION,La asociación GUA no está en el roster de referencia de su edición; se excluye del conjunto GUA procesado y se conserva en el backup para trazabilidad.,REMOVED_FROM_GUA_ASSOCIATION
598673,38,197948,Roberto Abril,EXCLUDE_GUA_ASSOCIATION,La asociación GUA no está en el roster de referencia de su edición; se excluye del conjunto GUA procesado y se conserva en el backup para trazabilidad.,REMOVED_FROM_GUA_ASSOCIATION
598674,38,197949,Roberto Abril,EXCLUDE_GUA_ASSOCIATION,La asociación GUA no está en el roster de referencia de su edición; se excluye del conjunto GUA procesado y se conserva en el backup para trazabilidad.,REMOVED_FROM_GUA_ASSOCIATION
598675,38,197950,Roberto Abril,EXCLUDE_GUA_ASSOCIATION,La asociación GUA no está en el roster de referencia de su edición; se excluye del conjunto GUA procesado y se conserva en el backup para trazabilidad.,REMOVED_FROM_GUA_ASSOCIATION
598676,38,197951,Roberto Abril,EXCLUDE_GUA_ASSOCIATION,La asociación GUA no está en el roster de referencia de su edición; se excluye del conjunto GUA procesado y se conserva en el backup para trazabilidad.,REMOVED_FROM_GUA_ASSOCIATION
598677,41,197952,Roberto Abril,EXCLUDE_GUA_ASSOCIATION,La asociación GUA no está en el roster de referencia de su edición; se excluye del conjunto GUA procesado y se conserva en el backup para trazabilidad.,REMOVED_FROM_GUA_ASSOCIATION
601044,45,199517,Joel Lvarez,EXCLUDE_GUA_ASSOCIATION,La asociación GUA no está en el roster de referencia de su edición; se excluye del conjunto GUA procesado y se conserva en el backup para trazabilidad.,REMOVED_FROM_GUA_ASSOCIATION
601045,54,199518,Mario Granillo,EXCLUDE_GUA_ASSOCIATION,La asociación GUA no está en el roster de referencia de su edición; se excluye del conjunto GUA procesado y se conserva en el backup para trazabilidad.,REMOVED_FROM_GUA_ASSOCIATION
601072,54,199533,Isabel Leu,EXCLUDE_GUA_ASSOCIATION,La asociación GUA no está en el roster de referencia de su edición; se excluye del conjunto GUA procesado y se conserva en el backup para trazabilidad.,REMOVED_FROM_GUA_ASSOCIATION
602208,54,200302,Enrique Cardenas,EXCLUDE_GUA_ASSOCIATION,La asociación GUA no está en el roster de referencia de su edición; se excluye del conjunto GUA procesado y se conserva en el backup para trazabilidad.,REMOVED_FROM_GUA_ASSOCIATION
602209,54,200303,Hebert Cardenas,EXCLUDE_GUA_ASSOCIATION,La asociación GUA no está en el roster de referencia de su edición; se excluye del conjunto GUA procesado y se conserva en el backup para trazabilidad.,REMOVED_FROM_GUA_ASSOCIATION
602210,50,200304,Jean-Pierre Cardenas,EXCLUDE_GUA_ASSOCIATION,La asociación GUA no está en el roster de referencia de su edición; se excluye del conjunto GUA procesado y se conserva en el backup para trazabilidad.,REMOVED_FROM_GUA_ASSOCIATION
602212,26,200305,Otto Hernndez,EXCLUDE_GUA_ASSOCIATION,La asociación GUA no está en el roster de referencia de su edición; se excluye del conjunto GUA procesado y se conserva en el backup para trazabilidad.,REMOVED_FROM_GUA_ASSOCIATION
602213,26,200306,Otto Hernndez,EXCLUDE_GUA_ASSOCIATION,La asociación GUA no está en el roster de referencia de su edición; se excluye del conjunto GUA procesado y se conserva en el backup para trazabilidad.,REMOVED_FROM_GUA_ASSOCIATION
603349,38,201080,Gustavo Ortz,EXCLUDE_GUA_ASSOCIATION,La asociación GUA no está en el roster de referencia de su edición; se excluye del conjunto GUA procesado y se conserva en el backup para trazabilidad.,REMOVED_FROM_GUA_ASSOCIATION
603350,38,201081,Gustavo Ortz,EXCLUDE_GUA_ASSOCIATION,La asociación GUA no está en el roster de referencia de su edición; se excluye del conjunto GUA procesado y se conserva en el backup para trazabilidad.,REMOVED_FROM_GUA_ASSOCIATION
603351,38,201082,Gustavo Ortz,EXCLUDE_GUA_ASSOCIATION,La asociación GUA no está en el roster de referencia de su edición; se excluye del conjunto GUA procesado y se conserva en el backup para trazabilidad.,REMOVED_FROM_GUA_ASSOCIATION
603352,38,201083,Gustavo Ortz,EXCLUDE_GUA_ASSOCIATION,La asociación GUA no está en el roster de referencia de su edición; se excluye del conjunto GUA procesado y se conserva en el backup para trazabilidad.,REMOVED_FROM_GUA_ASSOCIATION
603353,38,201084,Gustavo Ortz,EXCLUDE_GUA_ASSOCIATION,La asociación GUA no está en el roster de referencia de su edición; se excluye del conjunto GUA procesado y se conserva en el backup para trazabilidad.,REMOVED_FROM_GUA_ASSOCIATION
603354,38,201085,Gustavo Ortz,EXCLUDE_GUA_ASSOCIATION,La asociación GUA no está en el roster de referencia de su edición; se excluye del conjunto GUA procesado y se conserva en el backup para trazabilidad.,REMOVED_FROM_GUA_ASSOCIATION
603355,38,201086,Gustavo Ortz,EXCLUDE_GUA_ASSOCIATION,La asociación GUA no está en el roster de referencia de su edición; se excluye del conjunto GUA procesado y se conserva en el backup para trazabilidad.,REMOVED_FROM_GUA_ASSOCIATION
603356,38,201087,Gustavo Ortz,EXCLUDE_GUA_ASSOCIATION,La asociación GUA no está en el roster de referencia de su edición; se excluye del conjunto GUA procesado y se conserva en el backup para trazabilidad.,REMOVED_FROM_GUA_ASSOCIATION
604230,28,201649,Joseph House,EXCLUDE_GUA_ASSOCIATION,La asociación GUA no está en el roster de referencia de su edición; se excluye del conjunto GUA procesado y se conserva en el backup para trazabilidad.,REMOVED_FROM_GUA_ASSOCIATION
606266,50,203036,Astrid Hernndez,EXCLUDE_GUA_ASSOCIATION,La asociación GUA no está en el roster de referencia de su edición; se excluye del conjunto GUA procesado y se conserva en el backup para trazabilidad.,REMOVED_FROM_GUA_ASSOCIATION
606267,26,203037,Roberto Marques,EXCLUDE_GUA_ASSOCIATION,La asociación GUA no está en el roster de referencia de su edición; se excluye del conjunto GUA procesado y se conserva en el backup para trazabilidad.,REMOVED_FROM_GUA_ASSOCIATION
606998,45,203552,Euda Morales,EXCLUDE_GUA_ASSOCIATION,La asociación GUA no está en el roster de referencia de su edición; se excluye del conjunto GUA procesado y se conserva en el backup para trazabilidad.,REMOVED_FROM_GUA_ASSOCIATION
608112,36,204367,Carlos Mndez,EXCLUDE_GUA_ASSOCIATION,La asociación GUA no está en el roster de referencia de su edición; se excluye del conjunto GUA procesado y se conserva en el backup para trazabilidad.,REMOVED_FROM_GUA_ASSOCIATION
608113,26,204368,Gerardo Hurtarte,EXCLUDE_GUA_ASSOCIATION,La asociación GUA no está en el roster de referencia de su edición; se excluye del conjunto GUA procesado y se conserva en el backup para trazabilidad.,REMOVED_FROM_GUA_ASSOCIATION
608160,26,204401,Vctor Barrios,EXCLUDE_GUA_ASSOCIATION,La asociación GUA no está en el roster de referencia de su edición; se excluye del conjunto GUA procesado y se conserva en el backup para trazabilidad.,REMOVED_FROM_GUA_ASSOCIATION
608161,28,204402,Vctor Barrios,EXCLUDE_GUA_ASSOCIATION,La asociación GUA no está en el roster de referencia de su edición; se excluye del conjunto GUA procesado y se conserva en el backup para trazabilidad.,REMOVED_FROM_GUA_ASSOCIATION
608224,18,204448,Armando Samayoa,EXCLUDE_GUA_ASSOCIATION,La asociación GUA no está en el roster de referencia de su edición; se excluye del conjunto GUA procesado y se conserva en el backup para trazabilidad.,REMOVED_FROM_GUA_ASSOCIATION
609219,26,205132,Edgar Paredes,EXCLUDE_GUA_ASSOCIATION,La asociación GUA no está en el roster de referencia de su edición; se excluye del conjunto GUA procesado y se conserva en el backup para trazabilidad.,REMOVED_FROM_GUA_ASSOCIATION
611439,18,206462,Antonio Batres,EXCLUDE_GUA_ASSOCIATION,La asociación GUA no está en el roster de referencia de su edición; se excluye del conjunto GUA procesado y se conserva en el backup para trazabilidad.,REMOVED_FROM_GUA_ASSOCIATION
613698,43,207914,Teresita Ramos,EXCLUDE_GUA_ASSOCIATION,La asociación GUA no está en el roster de referencia de su edición; se excluye del conjunto GUA procesado y se conserva en el backup para trazabilidad.,REMOVED_FROM_GUA_ASSOCIATION
613699,45,207915,Teresita Ramos,EXCLUDE_GUA_ASSOCIATION,La asociación GUA no está en el roster de referencia de su edición; se excluye del conjunto GUA procesado y se conserva en el backup para trazabilidad.,REMOVED_FROM_GUA_ASSOCIATION
614788,47,208669,Kevin Buezo,EXCLUDE_GUA_ASSOCIATION,La asociación GUA no está en el roster de referencia de su edición; se excluye del conjunto GUA procesado y se conserva en el backup para trazabilidad.,REMOVED_FROM_GUA_ASSOCIATION
614789,50,208670,Kevin Buezo,EXCLUDE_GUA_ASSOCIATION,La asociación GUA no está en el roster de referencia de su edición; se excluye del conjunto GUA procesado y se conserva en el backup para trazabilidad.,REMOVED_FROM_GUA_ASSOCIATION
614790,54,208671,Kevin Buezo,EXCLUDE_GUA_ASSOCIATION,La asociación GUA no está en el roster de referencia de su edición; se excluye del conjunto GUA procesado y se conserva en el backup para trazabilidad.,REMOVED_FROM_GUA_ASSOCIATION
614934,38,208772,Luis Yalibat,EXCLUDE_GUA_ASSOCIATION,La asociación GUA no está en el roster de referencia de su edición; se excluye del conjunto GUA procesado y se conserva en el backup para trazabilidad.,REMOVED_FROM_GUA_ASSOCIATION
616355,26,209723,Antonio Cruz,EXCLUDE_GUA_ASSOCIATION,La asociación GUA no está en el roster de referencia de su edición; se excluye del conjunto GUA procesado y se conserva en el backup para trazabilidad.,REMOVED_FROM_GUA_ASSOCIATION
616356,26,209724,Antonio Cruz,EXCLUDE_GUA_ASSOCIATION,La asociación GUA no está en el roster de referencia de su edición; se excluye del conjunto GUA procesado y se conserva en el backup para trazabilidad.,REMOVED_FROM_GUA_ASSOCIATION
616990,26,210169,Carlos Lpez,EXCLUDE_GUA_ASSOCIATION,La asociación GUA no está en el roster de referencia de su edición; se excluye del conjunto GUA procesado y se conserva en el backup para trazabilidad.,REMOVED_FROM_GUA_ASSOCIATION
616991,28,210170,Carlos Lpez,EXCLUDE_GUA_ASSOCIATION,La asociación GUA no está en el roster de referencia de su edición; se excluye del conjunto GUA procesado y se conserva en el backup para trazabilidad.,REMOVED_FROM_GUA_ASSOCIATION
616992,28,210171,Carlos Lpez,EXCLUDE_GUA_ASSOCIATION,La asociación GUA no está en el roster de referencia de su edición; se excluye del conjunto GUA procesado y se conserva en el backup para trazabilidad.,REMOVED_FROM_GUA_ASSOCIATION
616993,26,210172,Francisco Luna,EXCLUDE_GUA_ASSOCIATION,La asociación GUA no está en el roster de referencia de su edición; se excluye del conjunto GUA procesado y se conserva en el backup para trazabilidad.,REMOVED_FROM_GUA_ASSOCIATION
616994,26,210173,Francisco Luna,EXCLUDE_GUA_ASSOCIATION,La asociación GUA no está en el roster de referencia de su edición; se excluye del conjunto GUA procesado y se conserva en el backup para trazabilidad.,REMOVED_FROM_GUA_ASSOCIATION
619037,36,211536,Juan Lpez,EXCLUDE_GUA_ASSOCIATION,La asociación GUA no está en el roster de referencia de su edición; se excluye del conjunto GUA procesado y se conserva en el backup para trazabilidad.,REMOVED_FROM_GUA_ASSOCIATION
619997,28,212397,Juan Daz,EXCLUDE_GUA_ASSOCIATION,La asociación GUA no está en el roster de referencia de su edición; se excluye del conjunto GUA procesado y se conserva en el backup para trazabilidad.,REMOVED_FROM_GUA_ASSOCIATION
620403,30,212799,Rita Luna,EXCLUDE_GUA_ASSOCIATION,La asociación GUA no está en el roster de referencia de su edición; se excluye del conjunto GUA procesado y se conserva en el backup para trazabilidad.,REMOVED_FROM_GUA_ASSOCIATION
620404,30,212800,Silvia Luna,EXCLUDE_GUA_ASSOCIATION,La asociación GUA no está en el roster de referencia de su edición; se excluye del conjunto GUA procesado y se conserva en el backup para trazabilidad.,REMOVED_FROM_GUA_ASSOCIATION
620912,32,213297,Alberik Suremain,EXCLUDE_GUA_ASSOCIATION,La asociación GUA no está en el roster de referencia de su edición; se excluye del conjunto GUA procesado y se conserva en el backup para trazabilidad.,REMOVED_FROM_GUA_ASSOCIATION
621403,34,213693,Ernesto Degenhart,EXCLUDE_GUA_ASSOCIATION,La asociación GUA no está en el roster de referencia de su edición; se excluye del conjunto GUA procesado y se conserva en el backup para trazabilidad.,REMOVED_FROM_GUA_ASSOCIATION
621404,34,213694,Ernesto Degenhart,EXCLUDE_GUA_ASSOCIATION,La asociación GUA no está en el roster de referencia de su edición; se excluye del conjunto GUA procesado y se conserva en el backup para trazabilidad.,REMOVED_FROM_GUA_ASSOCIATION
621405,34,213695,Ernesto Degenhart,EXCLUDE_GUA_ASSOCIATION,La asociación GUA no está en el roster de referencia de su edición; se excluye del conjunto GUA procesado y se conserva en el backup para trazabilidad.,REMOVED_FROM_GUA_ASSOCIATION
621406,34,213696,Ernesto Degenhart,EXCLUDE_GUA_ASSOCIATION,La asociación GUA no está en el roster de referencia de su edición; se excluye del conjunto GUA procesado y se conserva en el backup para trazabilidad.,REMOVED_FROM_GUA_ASSOCIATION
621407,34,213697,Ernesto Degenhart,EXCLUDE_GUA_ASSOCIATION,La asociación GUA no está en el roster de referencia de su edición; se excluye del conjunto GUA procesado y se conserva en el backup para trazabilidad.,REMOVED_FROM_GUA_ASSOCIATION
621619,36,213855,Mara Cox,EXCLUDE_GUA_ASSOCIATION,La asociación GUA no está en el roster de referencia de su edición; se excluye del conjunto GUA procesado y se conserva en el backup para trazabilidad.,REMOVED_FROM_GUA_ASSOCIATION
621873,34,214048,Antulio Ogaldez,EXCLUDE_GUA_ASSOCIATION,La asociación GUA no está en el roster de referencia de su edición; se excluye del conjunto GUA procesado y se conserva en el backup para trazabilidad.,REMOVED_FROM_GUA_ASSOCIATION
622113,36,214227,Norman Noriega,EXCLUDE_GUA_ASSOCIATION,La asociación GUA no está en el roster de referencia de su edición; se excluye del conjunto GUA procesado y se conserva en el backup para trazabilidad.,REMOVED_FROM_GUA_ASSOCIATION
623403,34,215118,Rafael Granillo,EXCLUDE_GUA_ASSOCIATION,La asociación GUA no está en el roster de referencia de su edición; se excluye del conjunto GUA procesado y se conserva en el backup para trazabilidad.,REMOVED_FROM_GUA_ASSOCIATION
623503,45,215199,Rodrigo Alarcn,EXCLUDE_GUA_ASSOCIATION,La asociación GUA no está en el roster de referencia de su edición; se excluye del conjunto GUA procesado y se conserva en el backup para trazabilidad.,REMOVED_FROM_GUA_ASSOCIATION
631854,18,220763,Graviola Ewing,EXCLUDE_GUA_ASSOCIATION,La asociación GUA no está en el roster de referencia de su edición; se excluye del conjunto GUA procesado y se conserva en el backup para trazabilidad.,REMOVED_FROM_GUA_ASSOCIATION
633990,26,222182,Leonel Garin,EXCLUDE_GUA_ASSOCIATION,La asociación GUA no está en el roster de referencia de su edición; se excluye del conjunto GUA procesado y se conserva en el backup para trazabilidad.,REMOVED_FROM_GUA_ASSOCIATION
635781,28,223461,Luis Asturias,EXCLUDE_GUA_ASSOCIATION,La asociación GUA no está en el roster de referencia de su edición; se excluye del conjunto GUA procesado y se conserva en el backup para trazabilidad.,REMOVED_FROM_GUA_ASSOCIATION
635795,36,223474,Mara Flores-wurmser,EXCLUDE_GUA_ASSOCIATION,La asociación GUA no está en el roster de referencia de su edición; se excluye del conjunto GUA procesado y se conserva en el backup para trazabilidad.,REMOVED_FROM_GUA_ASSOCIATION
635796,36,223475,Mara Flores-wurmser,EXCLUDE_GUA_ASSOCIATION,La asociación GUA no está en el roster de referencia de su edición; se excluye del conjunto GUA procesado y se conserva en el backup para trazabilidad.,REMOVED_FROM_GUA_ASSOCIATION
635797,36,223476,Mara Flores-wurmser,EXCLUDE_GUA_ASSOCIATION,La asociación GUA no está en el roster de referencia de su edición; se excluye del conjunto GUA procesado y se conserva en el backup para trazabilidad.,REMOVED_FROM_GUA_ASSOCIATION
635798,36,223477,Mara Flores-wurmser,EXCLUDE_GUA_ASSOCIATION,La asociación GUA no está en el roster de referencia de su edición; se excluye del conjunto GUA procesado y se conserva en el backup para trazabilidad.,REMOVED_FROM_GUA_ASSOCIATION
635799,36,223478,Mara Flores-wurmser,EXCLUDE_GUA_ASSOCIATION,La asociación GUA no está en el roster de referencia de su edición; se excluye del conjunto GUA procesado y se conserva en el backup para trazabilidad.,REMOVED_FROM_GUA_ASSOCIATION
636526,43,223947,lvaro Lpez,EXCLUDE_GUA_ASSOCIATION,La asociación GUA no está en el roster de referencia de su edición; se excluye del conjunto GUA procesado y se conserva en el backup para trazabilidad.,REMOVED_FROM_GUA_ASSOCIATION
636527,43,223948,lvaro Lpez,EXCLUDE_GUA_ASSOCIATION,La asociación GUA no está en el roster de referencia de su edición; se excluye del conjunto GUA procesado y se conserva en el backup para trazabilidad.,REMOVED_FROM_GUA_ASSOCIATION
636528,45,223949,lvaro Lpez,EXCLUDE_GUA_ASSOCIATION,La asociación GUA no está en el roster de referencia de su edición; se excluye del conjunto GUA procesado y se conserva en el backup para trazabilidad.,REMOVED_FROM_GUA_ASSOCIATION
637079,50,224355,Jamy Nez,EXCLUDE_GUA_ASSOCIATION,La asociación GUA no está en el roster de referencia de su edición; se excluye del conjunto GUA procesado y se conserva en el backup para trazabilidad.,REMOVED_FROM_GUA_ASSOCIATION
638352,28,225225,Luis Gonzlez,EXCLUDE_GUA_ASSOCIATION,La asociación GUA no está en el roster de referencia de su edición; se excluye del conjunto GUA procesado y se conserva en el backup para trazabilidad.,REMOVED_FROM_GUA_ASSOCIATION
638682,36,225431,Juan Hernndez,EXCLUDE_GUA_ASSOCIATION,La asociación GUA no está en el roster de referencia de su edición; se excluye del conjunto GUA procesado y se conserva en el backup para trazabilidad.,REMOVED_FROM_GUA_ASSOCIATION
640110,26,226351,Antonio Ramrez,EXCLUDE_GUA_ASSOCIATION,La asociación GUA no está en el roster de referencia de su edición; se excluye del conjunto GUA procesado y se conserva en el backup para trazabilidad.,REMOVED_FROM_GUA_ASSOCIATION
640251,34,226483,Hugo Molina,EXCLUDE_GUA_ASSOCIATION,La asociación GUA no está en el roster de referencia de su edición; se excluye del conjunto GUA procesado y se conserva en el backup para trazabilidad.,REMOVED_FROM_GUA_ASSOCIATION
640252,34,226484,Hugo Molina,EXCLUDE_GUA_ASSOCIATION,La asociación GUA no está en el roster de referencia de su edición; se excluye del conjunto GUA procesado y se conserva en el backup para trazabilidad.,REMOVED_FROM_GUA_ASSOCIATION
640312,45,226537,Jos Gabriel,EXCLUDE_GUA_ASSOCIATION,La asociación GUA no está en el roster de referencia de su edición; se excluye del conjunto GUA procesado y se conserva en el backup para trazabilidad.,REMOVED_FROM_GUA_ASSOCIATION
640313,47,226538,Jos Gabriel,EXCLUDE_GUA_ASSOCIATION,La asociación GUA no está en el roster de referencia de su edición; se excluye del conjunto GUA procesado y se conserva en el backup para trazabilidad.,REMOVED_FROM_GUA_ASSOCIATION
640314,50,226539,Jos Gabriel,EXCLUDE_GUA_ASSOCIATION,La asociación GUA no está en el roster de referencia de su edición; se excluye del conjunto GUA procesado y se conserva en el backup para trazabilidad.,REMOVED_FROM_GUA_ASSOCIATION
640315,54,226540,Jos Gabriel,EXCLUDE_GUA_ASSOCIATION,La asociación GUA no está en el roster de referencia de su edición; se excluye del conjunto GUA procesado y se conserva en el backup para trazabilidad.,REMOVED_FROM_GUA_ASSOCIATION
640317,26,226542,Jos Cruz,EXCLUDE_GUA_ASSOCIATION,La asociación GUA no está en el roster de referencia de su edición; se excluye del conjunto GUA procesado y se conserva en el backup para trazabilidad.,REMOVED_FROM_GUA_ASSOCIATION
640318,26,226543,Jos Cruz,EXCLUDE_GUA_ASSOCIATION,La asociación GUA no está en el roster de referencia de su edición; se excluye del conjunto GUA procesado y se conserva en el backup para trazabilidad.,REMOVED_FROM_GUA_ASSOCIATION
640342,26,226567,Julio Guzmn,EXCLUDE_GUA_ASSOCIATION,La asociación GUA no está en el roster de referencia de su edición; se excluye del conjunto GUA procesado y se conserva en el backup para trazabilidad.,REMOVED_FROM_GUA_ASSOCIATION
640343,30,226568,Julio Guzmn,EXCLUDE_GUA_ASSOCIATION,La asociación GUA no está en el roster de referencia de su edición; se excluye del conjunto GUA procesado y se conserva en el backup para trazabilidad.,REMOVED_FROM_GUA_ASSOCIATION
640349,41,226574,Luis Bechinie,EXCLUDE_GUA_ASSOCIATION,La asociación GUA no está en el roster de referencia de su edición; se excluye del conjunto GUA procesado y se conserva en el backup para trazabilidad.,REMOVED_FROM_GUA_ASSOCIATION
640350,43,226575,Luis Bechinie,EXCLUDE_GUA_ASSOCIATION,La asociación GUA no está en el roster de referencia de su edición; se excluye del conjunto GUA procesado y se conserva en el backup para trazabilidad.,REMOVED_FROM_GUA_ASSOCIATION
640351,45,226576,Luis Bechinie,EXCLUDE_GUA_ASSOCIATION,La asociación GUA no está en el roster de referencia de su edición; se excluye del conjunto GUA procesado y se conserva en el backup para trazabilidad.,REMOVED_FROM_GUA_ASSOCIATION
640352,47,226577,Luis Bechinie,EXCLUDE_GUA_ASSOCIATION,La asociación GUA no está en el roster de referencia de su edición; se excluye del conjunto GUA procesado y se conserva en el backup para trazabilidad.,REMOVED_FROM_GUA_ASSOCIATION
640576,36,226781,David Walton,EXCLUDE_GUA_ASSOCIATION,La asociación GUA no está en el roster de referencia de su edición; se excluye del conjunto GUA procesado y se conserva en el backup para trazabilidad.,REMOVED_FROM_GUA_ASSOCIATION
643370,18,228578,Marco Girn,EXCLUDE_GUA_ASSOCIATION,La asociación GUA no está en el roster de referencia de su edición; se excluye del conjunto GUA procesado y se conserva en el backup para trazabilidad.,REMOVED_FROM_GUA_ASSOCIATION
643371,18,228579,Marco Girn,EXCLUDE_GUA_ASSOCIATION,La asociación GUA no está en el roster de referencia de su edición; se excluye del conjunto GUA procesado y se conserva en el backup para trazabilidad.,REMOVED_FROM_GUA_ASSOCIATION
643990,41,228948,Sergio Franke,EXCLUDE_GUA_ASSOCIATION,La asociación GUA no está en el roster de referencia de su edición; se excluye del conjunto GUA procesado y se conserva en el backup para trazabilidad.,REMOVED_FROM_GUA_ASSOCIATION
644480,50,229262,Ana Porras,EXCLUDE_GUA_ASSOCIATION,La asociación GUA no está en el roster de referencia de su edición; se excluye del conjunto GUA procesado y se conserva en el backup para trazabilidad.,REMOVED_FROM_GUA_ASSOCIATION
644481,50,229263,Ana Porras,EXCLUDE_GUA_ASSOCIATION,La asociación GUA no está en el roster de referencia de su edición; se excluye del conjunto GUA procesado y se conserva en el backup para trazabilidad.,REMOVED_FROM_GUA_ASSOCIATION
644482,50,229264,Ana Porras,EXCLUDE_GUA_ASSOCIATION,La asociación GUA no está en el roster de referencia de su edición; se excluye del conjunto GUA procesado y se conserva en el backup para trazabilidad.,REMOVED_FROM_GUA_ASSOCIATION
644483,50,229265,Ana Porras,EXCLUDE_GUA_ASSOCIATION,La asociación GUA no está en el roster de referencia de su edición; se excluye del conjunto GUA procesado y se conserva en el backup para trazabilidad.,REMOVED_FROM_GUA_ASSOCIATION
644484,54,229266,Ana Porras,EXCLUDE_GUA_ASSOCIATION,La asociación GUA no está en el roster de referencia de su edición; se excluye del conjunto GUA procesado y se conserva en el backup para trazabilidad.,REMOVED_FROM_GUA_ASSOCIATION
644485,54,229267,Ana Porras,EXCLUDE_GUA_ASSOCIATION,La asociación GUA no está en el roster de referencia de su edición; se excluye del conjunto GUA procesado y se conserva en el backup para trazabilidad.,REMOVED_FROM_GUA_ASSOCIATION
644486,54,229268,Ana Porras,EXCLUDE_GUA_ASSOCIATION,La asociación GUA no está en el roster de referencia de su edición; se excluye del conjunto GUA procesado y se conserva en el backup para trazabilidad.,REMOVED_FROM_GUA_ASSOCIATION
644487,54,229269,Ana Porras,EXCLUDE_GUA_ASSOCIATION,La asociación GUA no está en el roster de referencia de su edición; se excluye del conjunto GUA procesado y se conserva en el backup para trazabilidad.,REMOVED_FROM_GUA_ASSOCIATION
644552,18,229329,Jos Paz,EXCLUDE_GUA_ASSOCIATION,La asociación GUA no está en el roster de referencia de su edición; se excluye del conjunto GUA procesado y se conserva en el backup para trazabilidad.,REMOVED_FROM_GUA_ASSOCIATION
644553,18,229330,Jos Paz,EXCLUDE_GUA_ASSOCIATION,La asociación GUA no está en el roster de referencia de su edición; se excluye del conjunto GUA procesado y se conserva en el backup para trazabilidad.,REMOVED_FROM_GUA_ASSOCIATION
644561,30,229338,Julio Rendn,EXCLUDE_GUA_ASSOCIATION,La asociación GUA no está en el roster de referencia de su edición; se excluye del conjunto GUA procesado y se conserva en el backup para trazabilidad.,REMOVED_FROM_GUA_ASSOCIATION
644923,26,229622,Ignacio Lam,EXCLUDE_GUA_ASSOCIATION,La asociación GUA no está en el roster de referencia de su edición; se excluye del conjunto GUA procesado y se conserva en el backup para trazabilidad.,REMOVED_FROM_GUA_ASSOCIATION
646190,34,230495,Roberto Granados,EXCLUDE_GUA_ASSOCIATION,La asociación GUA no está en el roster de referencia de su edición; se excluye del conjunto GUA procesado y se conserva en el backup para trazabilidad.,REMOVED_FROM_GUA_ASSOCIATION
646191,34,230496,Roberto Granados,EXCLUDE_GUA_ASSOCIATION,La asociación GUA no está en el roster de referencia de su edición; se excluye del conjunto GUA procesado y se conserva en el backup para trazabilidad.,REMOVED_FROM_GUA_ASSOCIATION
646192,34,230497,Roberto Granados,EXCLUDE_GUA_ASSOCIATION,La asociación GUA no está en el roster de referencia de su edición; se excluye del conjunto GUA procesado y se conserva en el backup para trazabilidad.,REMOVED_FROM_GUA_ASSOCIATION
646193,34,230498,Roberto Granados,EXCLUDE_GUA_ASSOCIATION,La asociación GUA no está en el roster de referencia de su edición; se excluye del conjunto GUA procesado y se conserva en el backup para trazabilidad.,REMOVED_FROM_GUA_ASSOCIATION
646194,34,230499,Roberto Granados,EXCLUDE_GUA_ASSOCIATION,La asociación GUA no está en el roster de referencia de su edición; se excluye del conjunto GUA procesado y se conserva en el backup para trazabilidad.,REMOVED_FROM_GUA_ASSOCIATION
647731,54,231539,Valerie Slowing,EXCLUDE_GUA_ASSOCIATION,La asociación GUA no está en el roster de referencia de su edición; se excluye del conjunto GUA procesado y se conserva en el backup para trazabilidad.,REMOVED_FROM_GUA_ASSOCIATION
647732,54,231540,Valerie Slowing,EXCLUDE_GUA_ASSOCIATION,La asociación GUA no está en el roster de referencia de su edición; se excluye del conjunto GUA procesado y se conserva en el backup para trazabilidad.,REMOVED_FROM_GUA_ASSOCIATION
652797,26,234821,Horacio Ovalle,EXCLUDE_GUA_ASSOCIATION,La asociación GUA no está en el roster de referencia de su edición; se excluye del conjunto GUA procesado y se conserva en el backup para trazabilidad.,REMOVED_FROM_GUA_ASSOCIATION
655203,26,236394,Fulgencio Car,EXCLUDE_GUA_ASSOCIATION,La asociación GUA no está en el roster de referencia de su edición; se excluye del conjunto GUA procesado y se conserva en el backup para trazabilidad.,REMOVED_FROM_GUA_ASSOCIATION
655238,26,236428,Jos Ortiz,EXCLUDE_GUA_ASSOCIATION,La asociación GUA no está en el roster de referencia de su edición; se excluye del conjunto GUA procesado y se conserva en el backup para trazabilidad.,REMOVED_FROM_GUA_ASSOCIATION
655239,26,236429,Jos Ortiz,EXCLUDE_GUA_ASSOCIATION,La asociación GUA no está en el roster de referencia de su edición; se excluye del conjunto GUA procesado y se conserva en el backup para trazabilidad.,REMOVED_FROM_GUA_ASSOCIATION
655419,50,236586,Mayra Prez,EXCLUDE_GUA_ASSOCIATION,La asociación GUA no está en el roster de referencia de su edición; se excluye del conjunto GUA procesado y se conserva en el backup para trazabilidad.,REMOVED_FROM_GUA_ASSOCIATION
655420,54,236587,Mayra Prez,EXCLUDE_GUA_ASSOCIATION,La asociación GUA no está en el roster de referencia de su edición; se excluye del conjunto GUA procesado y se conserva en el backup para trazabilidad.,REMOVED_FROM_GUA_ASSOCIATION
660956,30,240121,Arturo Vargas,EXCLUDE_GUA_ASSOCIATION,La asociación GUA no está en el roster de referencia de su edición; se excluye del conjunto GUA procesado y se conserva en el backup para trazabilidad.,REMOVED_FROM_GUA_ASSOCIATION
660957,32,240122,Arturo Vargas,EXCLUDE_GUA_ASSOCIATION,La asociación GUA no está en el roster de referencia de su edición; se excluye del conjunto GUA procesado y se conserva en el backup para trazabilidad.,REMOVED_FROM_GUA_ASSOCIATION
660958,34,240123,Arturo Vargas,EXCLUDE_GUA_ASSOCIATION,La asociación GUA no está en el roster de referencia de su edición; se excluye del conjunto GUA procesado y se conserva en el backup para trazabilidad.,REMOVED_FROM_GUA_ASSOCIATION
661631,26,240497,Jorge Nufio,EXCLUDE_GUA_ASSOCIATION,La asociación GUA no está en el roster de referencia de su edición; se excluye del conjunto GUA procesado y se conserva en el backup para trazabilidad.,REMOVED_FROM_GUA_ASSOCIATION
661632,26,240498,Jorge Nufio,EXCLUDE_GUA_ASSOCIATION,La asociación GUA no está en el roster de referencia de su edición; se excluye del conjunto GUA procesado y se conserva en el backup para trazabilidad.,REMOVED_FROM_GUA_ASSOCIATION
665628,36,243003,Edgar Hidalgo,EXCLUDE_GUA_ASSOCIATION,La asociación GUA no está en el roster de referencia de su edición; se excluye del conjunto GUA procesado y se conserva en el backup para trazabilidad.,REMOVED_FROM_GUA_ASSOCIATION
667008,18,243914,Jos Snchez,EXCLUDE_GUA_ASSOCIATION,La asociación GUA no está en el roster de referencia de su edición; se excluye del conjunto GUA procesado y se conserva en el backup para trazabilidad.,REMOVED_FROM_GUA_ASSOCIATION
667009,18,243915,Jos Snchez,EXCLUDE_GUA_ASSOCIATION,La asociación GUA no está en el roster de referencia de su edición; se excluye del conjunto GUA procesado y se conserva en el backup para trazabilidad.,REMOVED_FROM_GUA_ASSOCIATION
668023,45,244605,Heidy Guzmn,EXCLUDE_GUA_ASSOCIATION,La asociación GUA no está en el roster de referencia de su edición; se excluye del conjunto GUA procesado y se conserva en el backup para trazabilidad.,REMOVED_FROM_GUA_ASSOCIATION
682710,41,253648,Benjamin Kvanli,EXCLUDE_GUA_ASSOCIATION,La asociación GUA no está en el roster de referencia de su edición; se excluye del conjunto GUA procesado y se conserva en el backup para trazabilidad.,REMOVED_FROM_GUA_ASSOCIATION
686105,34,255969,Rodrigo Castillo,EXCLUDE_GUA_ASSOCIATION,La asociación GUA no está en el roster de referencia de su edición; se excluye del conjunto GUA procesado y se conserva en el backup para trazabilidad.,REMOVED_FROM_GUA_ASSOCIATION
686106,34,255970,Rodrigo Castillo,EXCLUDE_GUA_ASSOCIATION,La asociación GUA no está en el roster de referencia de su edición; se excluye del conjunto GUA procesado y se conserva en el backup para trazabilidad.,REMOVED_FROM_GUA_ASSOCIATION
686107,34,255971,Rodrigo Castillo,EXCLUDE_GUA_ASSOCIATION,La asociación GUA no está en el roster de referencia de su edición; se excluye del conjunto GUA procesado y se conserva en el backup para trazabilidad.,REMOVED_FROM_GUA_ASSOCIATION
686108,34,255972,Rodrigo Castillo,EXCLUDE_GUA_ASSOCIATION,La asociación GUA no está en el roster de referencia de su edición; se excluye del conjunto GUA procesado y se conserva en el backup para trazabilidad.,REMOVED_FROM_GUA_ASSOCIATION
686285,36,256098,Vctor Reyes,EXCLUDE_GUA_ASSOCIATION,La asociación GUA no está en el roster de referencia de su edición; se excluye del conjunto GUA procesado y se conserva en el backup para trazabilidad.,REMOVED_FROM_GUA_ASSOCIATION
686286,36,256099,Vctor Reyes,EXCLUDE_GUA_ASSOCIATION,La asociación GUA no está en el roster de referencia de su edición; se excluye del conjunto GUA procesado y se conserva en el backup para trazabilidad.,REMOVED_FROM_GUA_ASSOCIATION
687729,34,257032,Max Buhler,EXCLUDE_GUA_ASSOCIATION,La asociación GUA no está en el roster de referencia de su edición; se excluye del conjunto GUA procesado y se conserva en el backup para trazabilidad.,REMOVED_FROM_GUA_ASSOCIATION
687730,36,257033,Max Buhler,EXCLUDE_GUA_ASSOCIATION,La asociación GUA no está en el roster de referencia de su edición; se excluye del conjunto GUA procesado y se conserva en el backup para trazabilidad.,REMOVED_FROM_GUA_ASSOCIATION
688124,26,257316,Llijon Len,EXCLUDE_GUA_ASSOCIATION,La asociación GUA no está en el roster de referencia de su edición; se excluye del conjunto GUA procesado y se conserva en el backup para trazabilidad.,REMOVED_FROM_GUA_ASSOCIATION
692522,26,260288,Alberto Oliva,EXCLUDE_GUA_ASSOCIATION,La asociación GUA no está en el roster de referencia de su edición; se excluye del conjunto GUA procesado y se conserva en el backup para trazabilidad.,REMOVED_FROM_GUA_ASSOCIATION
692523,34,260289,Alberto Davila,EXCLUDE_GUA_ASSOCIATION,La asociación GUA no está en el roster de referencia de su edición; se excluye del conjunto GUA procesado y se conserva en el backup para trazabilidad.,REMOVED_FROM_GUA_ASSOCIATION
692524,34,260290,Alberto Davila,EXCLUDE_GUA_ASSOCIATION,La asociación GUA no está en el roster de referencia de su edición; se excluye del conjunto GUA procesado y se conserva en el backup para trazabilidad.,REMOVED_FROM_GUA_ASSOCIATION
692553,47,260318,Christian Bobadilla,EXCLUDE_GUA_ASSOCIATION,La asociación GUA no está en el roster de referencia de su edición; se excluye del conjunto GUA procesado y se conserva en el backup para trazabilidad.,REMOVED_FROM_GUA_ASSOCIATION
692554,50,260319,Christian Bobadilla,EXCLUDE_GUA_ASSOCIATION,La asociación GUA no está en el roster de referencia de su edición; se excluye del conjunto GUA procesado y se conserva en el backup para trazabilidad.,REMOVED_FROM_GUA_ASSOCIATION
692572,18,260336,Eduardo Paniagua,EXCLUDE_GUA_ASSOCIATION,La asociación GUA no está en el roster de referencia de su edición; se excluye del conjunto GUA procesado y se conserva en el backup para trazabilidad.,REMOVED_FROM_GUA_ASSOCIATION
692573,18,260337,Eduardo Paniagua,EXCLUDE_GUA_ASSOCIATION,La asociación GUA no está en el roster de referencia de su edición; se excluye del conjunto GUA procesado y se conserva en el backup para trazabilidad.,REMOVED_FROM_GUA_ASSOCIATION
692574,18,260338,Eduardo Paniagua,EXCLUDE_GUA_ASSOCIATION,La asociación GUA no está en el roster de referencia de su edición; se excluye del conjunto GUA procesado y se conserva en el backup para trazabilidad.,REMOVED_FROM_GUA_ASSOCIATION
692608,41,260371,Felipe Cabrera,EXCLUDE_GUA_ASSOCIATION,La asociación GUA no está en el roster de referencia de su edición; se excluye del conjunto GUA procesado y se conserva en el backup para trazabilidad.,REMOVED_FROM_GUA_ASSOCIATION
692635,41,260393,Hugo Prez,EXCLUDE_GUA_ASSOCIATION,La asociación GUA no está en el roster de referencia de su edición; se excluye del conjunto GUA procesado y se conserva en el backup para trazabilidad.,REMOVED_FROM_GUA_ASSOCIATION
692708,36,260466,Luis Meneses,EXCLUDE_GUA_ASSOCIATION,La asociación GUA no está en el roster de referencia de su edición; se excluye del conjunto GUA procesado y se conserva en el backup para trazabilidad.,REMOVED_FROM_GUA_ASSOCIATION
695786,30,262520,Juan Novella,EXCLUDE_GUA_ASSOCIATION,La asociación GUA no está en el roster de referencia de su edición; se excluye del conjunto GUA procesado y se conserva en el backup para trazabilidad.,REMOVED_FROM_GUA_ASSOCIATION
695787,32,262521,Juan Novella,EXCLUDE_GUA_ASSOCIATION,La asociación GUA no está en el roster de referencia de su edición; se excluye del conjunto GUA procesado y se conserva en el backup para trazabilidad.,REMOVED_FROM_GUA_ASSOCIATION
695788,34,262522,Juan Novella,EXCLUDE_GUA_ASSOCIATION,La asociación GUA no está en el roster de referencia de su edición; se excluye del conjunto GUA procesado y se conserva en el backup para trazabilidad.,REMOVED_FROM_GUA_ASSOCIATION
695789,47,262523,Juan Agero,EXCLUDE_GUA_ASSOCIATION,La asociación GUA no está en el roster de referencia de su edición; se excluye del conjunto GUA procesado y se conserva en el backup para trazabilidad.,REMOVED_FROM_GUA_ASSOCIATION
695790,50,262524,Juan Agero,EXCLUDE_GUA_ASSOCIATION,La asociación GUA no está en el roster de referencia de su edición; se excluye del conjunto GUA procesado y se conserva en el backup para trazabilidad.,REMOVED_FROM_GUA_ASSOCIATION
695791,54,262525,Juan Agero,EXCLUDE_GUA_ASSOCIATION,La asociación GUA no está en el roster de referencia de su edición; se excluye del conjunto GUA procesado y se conserva en el backup para trazabilidad.,REMOVED_FROM_GUA_ASSOCIATION
699144,34,264736,Fernando Lara,EXCLUDE_GUA_ASSOCIATION,La asociación GUA no está en el roster de referencia de su edición; se excluye del conjunto GUA procesado y se conserva en el backup para trazabilidad.,REMOVED_FROM_GUA_ASSOCIATION
699145,34,264737,Fernando Lara,EXCLUDE_GUA_ASSOCIATION,La asociación GUA no está en el roster de referencia de su edición; se excluye del conjunto GUA procesado y se conserva en el backup para trazabilidad.,REMOVED_FROM_GUA_ASSOCIATION
699146,34,264738,Fernando Lara,EXCLUDE_GUA_ASSOCIATION,La asociación GUA no está en el roster de referencia de su edición; se excluye del conjunto GUA procesado y se conserva en el backup para trazabilidad.,REMOVED_FROM_GUA_ASSOCIATION
699147,34,264739,Fernando Lara,EXCLUDE_GUA_ASSOCIATION,La asociación GUA no está en el roster de referencia de su edición; se excluye del conjunto GUA procesado y se conserva en el backup para trazabilidad.,REMOVED_FROM_GUA_ASSOCIATION
699148,26,264740,Jos Marroqun,EXCLUDE_GUA_ASSOCIATION,La asociación GUA no está en el roster de referencia de su edición; se excluye del conjunto GUA procesado y se conserva en el backup para trazabilidad.,REMOVED_FROM_GUA_ASSOCIATION
699731,18,265171,Gustavo Martnez,EXCLUDE_GUA_ASSOCIATION,La asociación GUA no está en el roster de referencia de su edición; se excluye del conjunto GUA procesado y se conserva en el backup para trazabilidad.,REMOVED_FROM_GUA_ASSOCIATION
699732,18,265172,Gustavo Martnez,EXCLUDE_GUA_ASSOCIATION,La asociación GUA no está en el roster de referencia de su edición; se excluye del conjunto GUA procesado y se conserva en el backup para trazabilidad.,REMOVED_FROM_GUA_ASSOCIATION
699812,41,265246,Julio Sicn,EXCLUDE_GUA_ASSOCIATION,La asociación GUA no está en el roster de referencia de su edición; se excluye del conjunto GUA procesado y se conserva en el backup para trazabilidad.,REMOVED_FROM_GUA_ASSOCIATION
699813,43,265247,Julio Sicn,EXCLUDE_GUA_ASSOCIATION,La asociación GUA no está en el roster de referencia de su edición; se excluye del conjunto GUA procesado y se conserva en el backup para trazabilidad.,REMOVED_FROM_GUA_ASSOCIATION
699814,45,265248,Julio Sicn,EXCLUDE_GUA_ASSOCIATION,La asociación GUA no está en el roster de referencia de su edición; se excluye del conjunto GUA procesado y se conserva en el backup para trazabilidad.,REMOVED_FROM_GUA_ASSOCIATION
699835,54,265266,Luis Mndez,EXCLUDE_GUA_ASSOCIATION,La asociación GUA no está en el roster de referencia de su edición; se excluye del conjunto GUA procesado y se conserva en el backup para trazabilidad.,REMOVED_FROM_GUA_ASSOCIATION
699838,41,265269,Luis Sican,EXCLUDE_GUA_ASSOCIATION,La asociación GUA no está en el roster de referencia de su edición; se excluye del conjunto GUA procesado y se conserva en el backup para trazabilidad.,REMOVED_FROM_GUA_ASSOCIATION
701883,36,266579,Rocael Bitron,EXCLUDE_GUA_ASSOCIATION,La asociación GUA no está en el roster de referencia de su edición; se excluye del conjunto GUA procesado y se conserva en el backup para trazabilidad.,REMOVED_FROM_GUA_ASSOCIATION
703607,41,267762,Luis Toj,EXCLUDE_GUA_ASSOCIATION,La asociación GUA no está en el roster de referencia de su edición; se excluye del conjunto GUA procesado y se conserva en el backup para trazabilidad.,REMOVED_FROM_GUA_ASSOCIATION
703608,43,267763,Luis Toj,EXCLUDE_GUA_ASSOCIATION,La asociación GUA no está en el roster de referencia de su edición; se excluye del conjunto GUA procesado y se conserva en el backup para trazabilidad.,REMOVED_FROM_GUA_ASSOCIATION
703816,34,267879,Zonia Jurez,EXCLUDE_GUA_ASSOCIATION,La asociación GUA no está en el roster de referencia de su edición; se excluye del conjunto GUA procesado y se conserva en el backup para trazabilidad.,REMOVED_FROM_GUA_ASSOCIATION
703817,34,267880,Zonia Jurez,EXCLUDE_GUA_ASSOCIATION,La asociación GUA no está en el roster de referencia de su edición; se excluye del conjunto GUA procesado y se conserva en el backup para trazabilidad.,REMOVED_FROM_GUA_ASSOCIATION
704076,26,268058,Armando Nelson,EXCLUDE_GUA_ASSOCIATION,La asociación GUA no está en el roster de referencia de su edición; se excluye del conjunto GUA procesado y se conserva en el backup para trazabilidad.,REMOVED_FROM_GUA_ASSOCIATION
704077,26,268059,Armando Retolaza,EXCLUDE_GUA_ASSOCIATION,La asociación GUA no está en el roster de referencia de su edición; se excluye del conjunto GUA procesado y se conserva en el backup para trazabilidad.,REMOVED_FROM_GUA_ASSOCIATION
704376,30,268263,Jos Herbruger,EXCLUDE_GUA_ASSOCIATION,La asociación GUA no está en el roster de referencia de su edición; se excluye del conjunto GUA procesado y se conserva en el backup para trazabilidad.,REMOVED_FROM_GUA_ASSOCIATION
704377,32,268264,Jos Herbruger,EXCLUDE_GUA_ASSOCIATION,La asociación GUA no está en el roster de referencia de su edición; se excluye del conjunto GUA procesado y se conserva en el backup para trazabilidad.,REMOVED_FROM_GUA_ASSOCIATION
704378,34,268265,Jos Herbruger,EXCLUDE_GUA_ASSOCIATION,La asociación GUA no está en el roster de referencia de su edición; se excluye del conjunto GUA procesado y se conserva en el backup para trazabilidad.,REMOVED_FROM_GUA_ASSOCIATION
704440,26,268316,Mario Zarceno,EXCLUDE_GUA_ASSOCIATION,La asociación GUA no está en el roster de referencia de su edición; se excluye del conjunto GUA procesado y se conserva en el backup para trazabilidad.,REMOVED_FROM_GUA_ASSOCIATION
704524,43,268383,Jos Gonzlez,EXCLUDE_GUA_ASSOCIATION,La asociación GUA no está en el roster de referencia de su edición; se excluye del conjunto GUA procesado y se conserva en el backup para trazabilidad.,REMOVED_FROM_GUA_ASSOCIATION
704525,43,268384,Oscar Gonzlez,EXCLUDE_GUA_ASSOCIATION,La asociación GUA no está en el roster de referencia de su edición; se excluye del conjunto GUA procesado y se conserva en el backup para trazabilidad.,REMOVED_FROM_GUA_ASSOCIATION
704526,43,268385,Oscar Gonzlez,EXCLUDE_GUA_ASSOCIATION,La asociación GUA no está en el roster de referencia de su edición; se excluye del conjunto GUA procesado y se conserva en el backup para trazabilidad.,REMOVED_FROM_GUA_ASSOCIATION
706969,34,270026,Nery Fuentes,EXCLUDE_GUA_ASSOCIATION,La asociación GUA no está en el roster de referencia de su edición; se excluye del conjunto GUA procesado y se conserva en el backup para trazabilidad.,REMOVED_FROM_GUA_ASSOCIATION
708592,45,271057,Mara Ortz,EXCLUDE_GUA_ASSOCIATION,La asociación GUA no está en el roster de referencia de su edición; se excluye del conjunto GUA procesado y se conserva en el backup para trazabilidad.,REMOVED_FROM_GUA_ASSOCIATION
709198,30,271472,Benjamn Daz,EXCLUDE_GUA_ASSOCIATION,La asociación GUA no está en el roster de referencia de su edición; se excluye del conjunto GUA procesado y se conserva en el backup para trazabilidad.,REMOVED_FROM_GUA_ASSOCIATION
709361,36,271600,Vctor Prez,EXCLUDE_GUA_ASSOCIATION,La asociación GUA no está en el roster de referencia de su edición; se excluye del conjunto GUA procesado y se conserva en el backup para trazabilidad.,REMOVED_FROM_GUA_ASSOCIATION
709629,34,271788,Blanca Macella,EXCLUDE_GUA_ASSOCIATION,La asociación GUA no está en el roster de referencia de su edición; se excluye del conjunto GUA procesado y se conserva en el backup para trazabilidad.,REMOVED_FROM_GUA_ASSOCIATION
709630,34,271789,Blanca Macella,EXCLUDE_GUA_ASSOCIATION,La asociación GUA no está en el roster de referencia de su edición; se excluye del conjunto GUA procesado y se conserva en el backup para trazabilidad.,REMOVED_FROM_GUA_ASSOCIATION
709631,34,271790,Blanca Macella,EXCLUDE_GUA_ASSOCIATION,La asociación GUA no está en el roster de referencia de su edición; se excluye del conjunto GUA procesado y se conserva en el backup para trazabilidad.,REMOVED_FROM_GUA_ASSOCIATION
709632,34,271791,Blanca Macella,EXCLUDE_GUA_ASSOCIATION,La asociación GUA no está en el roster de referencia de su edición; se excluye del conjunto GUA procesado y se conserva en el backup para trazabilidad.,REMOVED_FROM_GUA_ASSOCIATION
709633,34,271792,Blanca Macella,EXCLUDE_GUA_ASSOCIATION,La asociación GUA no está en el roster de referencia de su edición; se excluye del conjunto GUA procesado y se conserva en el backup para trazabilidad.,REMOVED_FROM_GUA_ASSOCIATION
709634,36,271793,Blanca Macella,EXCLUDE_GUA_ASSOCIATION,La asociación GUA no está en el roster de referencia de su edición; se excluye del conjunto GUA procesado y se conserva en el backup para trazabilidad.,REMOVED_FROM_GUA_ASSOCIATION
709635,36,271794,Blanca Macella,EXCLUDE_GUA_ASSOCIATION,La asociación GUA no está en el roster de referencia de su edición; se excluye del conjunto GUA procesado y se conserva en el backup para trazabilidad.,REMOVED_FROM_GUA_ASSOCIATION
709636,38,271795,Blanca Macella,EXCLUDE_GUA_ASSOCIATION,La asociación GUA no está en el roster de referencia de su edición; se excluye del conjunto GUA procesado y se conserva en el backup para trazabilidad.,REMOVED_FROM_GUA_ASSOCIATION
709637,38,271796,Blanca Macella,EXCLUDE_GUA_ASSOCIATION,La asociación GUA no está en el roster de referencia de su edición; se excluye del conjunto GUA procesado y se conserva en el backup para trazabilidad.,REMOVED_FROM_GUA_ASSOCIATION
709649,45,271807,Gisela Valentn,EXCLUDE_GUA_ASSOCIATION,La asociación GUA no está en el roster de referencia de su edición; se excluye del conjunto GUA procesado y se conserva en el backup para trazabilidad.,REMOVED_FROM_GUA_ASSOCIATION
709650,45,271808,Gisela Valentn,EXCLUDE_GUA_ASSOCIATION,La asociación GUA no está en el roster de referencia de su edición; se excluye del conjunto GUA procesado y se conserva en el backup para trazabilidad.,REMOVED_FROM_GUA_ASSOCIATION
709651,47,271809,Gisela Valentn,EXCLUDE_GUA_ASSOCIATION,La asociación GUA no está en el roster de referencia de su edición; se excluye del conjunto GUA procesado y se conserva en el backup para trazabilidad.,REMOVED_FROM_GUA_ASSOCIATION
709652,47,271810,Gisela Valentn,EXCLUDE_GUA_ASSOCIATION,La asociación GUA no está en el roster de referencia de su edición; se excluye del conjunto GUA procesado y se conserva en el backup para trazabilidad.,REMOVED_FROM_GUA_ASSOCIATION
710940,34,272734,Carlos Taracena,EXCLUDE_GUA_ASSOCIATION,La asociación GUA no está en el roster de referencia de su edición; se excluye del conjunto GUA procesado y se conserva en el backup para trazabilidad.,REMOVED_FROM_GUA_ASSOCIATION
712716,18,273887,Alfredo Bentz,EXCLUDE_GUA_ASSOCIATION,La asociación GUA no está en el roster de referencia de su edición; se excluye del conjunto GUA procesado y se conserva en el backup para trazabilidad.,REMOVED_FROM_GUA_ASSOCIATION
712717,18,273888,Alfredo Bentz,EXCLUDE_GUA_ASSOCIATION,La asociación GUA no está en el roster de referencia de su edición; se excluye del conjunto GUA procesado y se conserva en el backup para trazabilidad.,REMOVED_FROM_GUA_ASSOCIATION
714041,32,274646,Edgar Villagarn,EXCLUDE_GUA_ASSOCIATION,La asociación GUA no está en el roster de referencia de su edición; se excluye del conjunto GUA procesado y se conserva en el backup para trazabilidad.,REMOVED_FROM_GUA_ASSOCIATION
714042,34,274647,Edgar Villagarn,EXCLUDE_GUA_ASSOCIATION,La asociación GUA no está en el roster de referencia de su edición; se excluye del conjunto GUA procesado y se conserva en el backup para trazabilidad.,REMOVED_FROM_GUA_ASSOCIATION
718617,47,277646,Evelyn Fuentes,EXCLUDE_GUA_ASSOCIATION,La asociación GUA no está en el roster de referencia de su edición; se excluye del conjunto GUA procesado y se conserva en el backup para trazabilidad.,REMOVED_FROM_GUA_ASSOCIATION
719541,41,278244,Omar Caldern,EXCLUDE_GUA_ASSOCIATION,La asociación GUA no está en el roster de referencia de su edición; se excluye del conjunto GUA procesado y se conserva en el backup para trazabilidad.,REMOVED_FROM_GUA_ASSOCIATION
720623,26,278870,Evaristo Piril,EXCLUDE_GUA_ASSOCIATION,La asociación GUA no está en el roster de referencia de su edición; se excluye del conjunto GUA procesado y se conserva en el backup para trazabilidad.,REMOVED_FROM_GUA_ASSOCIATION
720624,26,278871,Evaristo Piril,EXCLUDE_GUA_ASSOCIATION,La asociación GUA no está en el roster de referencia de su edición; se excluye del conjunto GUA procesado y se conserva en el backup para trazabilidad.,REMOVED_FROM_GUA_ASSOCIATION
722083,36,279890,Alejandro Obregn,EXCLUDE_GUA_ASSOCIATION,La asociación GUA no está en el roster de referencia de su edición; se excluye del conjunto GUA procesado y se conserva en el backup para trazabilidad.,REMOVED_FROM_GUA_ASSOCIATION
722094,26,279900,Flipe Prez,EXCLUDE_GUA_ASSOCIATION,La asociación GUA no está en el roster de referencia de su edición; se excluye del conjunto GUA procesado y se conserva en el backup para trazabilidad.,REMOVED_FROM_GUA_ASSOCIATION
722115,26,279919,Julio Figueroa,EXCLUDE_GUA_ASSOCIATION,La asociación GUA no está en el roster de referencia de su edición; se excluye del conjunto GUA procesado y se conserva en el backup para trazabilidad.,REMOVED_FROM_GUA_ASSOCIATION
722138,50,279941,Mirna Flores,EXCLUDE_GUA_ASSOCIATION,La asociación GUA no está en el roster de referencia de su edición; se excluye del conjunto GUA procesado y se conserva en el backup para trazabilidad.,REMOVED_FROM_GUA_ASSOCIATION
722139,54,279942,Mirna Flores,EXCLUDE_GUA_ASSOCIATION,La asociación GUA no está en el roster de referencia de su edición; se excluye del conjunto GUA procesado y se conserva en el backup para trazabilidad.,REMOVED_FROM_GUA_ASSOCIATION
723972,26,281164,Teodoro Flores,EXCLUDE_GUA_ASSOCIATION,La asociación GUA no está en el roster de referencia de su edición; se excluye del conjunto GUA procesado y se conserva en el backup para trazabilidad.,REMOVED_FROM_GUA_ASSOCIATION
724501,36,281500,Adn Gmez,EXCLUDE_GUA_ASSOCIATION,La asociación GUA no está en el roster de referencia de su edición; se excluye del conjunto GUA procesado y se conserva en el backup para trazabilidad.,REMOVED_FROM_GUA_ASSOCIATION
724503,41,281502,Mrlon Garca,EXCLUDE_GUA_ASSOCIATION,La asociación GUA no está en el roster de referencia de su edición; se excluye del conjunto GUA procesado y se conserva en el backup para trazabilidad.,REMOVED_FROM_GUA_ASSOCIATION
727498,26,283426,Hugo Segura,EXCLUDE_GUA_ASSOCIATION,La asociación GUA no está en el roster de referencia de su edición; se excluye del conjunto GUA procesado y se conserva en el backup para trazabilidad.,REMOVED_FROM_GUA_ASSOCIATION
727644,30,283533,Selvin Garca,EXCLUDE_GUA_ASSOCIATION,La asociación GUA no está en el roster de referencia de su edición; se excluye del conjunto GUA procesado y se conserva en el backup para trazabilidad.,REMOVED_FROM_GUA_ASSOCIATION
728007,18,283793,Arstides Prez,EXCLUDE_GUA_ASSOCIATION,La asociación GUA no está en el roster de referencia de su edición; se excluye del conjunto GUA procesado y se conserva en el backup para trazabilidad.,REMOVED_FROM_GUA_ASSOCIATION
728013,36,283798,Byron Solorzano,EXCLUDE_GUA_ASSOCIATION,La asociación GUA no está en el roster de referencia de su edición; se excluye del conjunto GUA procesado y se conserva en el backup para trazabilidad.,REMOVED_FROM_GUA_ASSOCIATION
728075,36,283851,Erick Prez,EXCLUDE_GUA_ASSOCIATION,La asociación GUA no está en el roster de referencia de su edición; se excluye del conjunto GUA procesado y se conserva en el backup para trazabilidad.,REMOVED_FROM_GUA_ASSOCIATION
730235,30,285343,Ricardo Alburez,EXCLUDE_GUA_ASSOCIATION,La asociación GUA no está en el roster de referencia de su edición; se excluye del conjunto GUA procesado y se conserva en el backup para trazabilidad.,REMOVED_FROM_GUA_ASSOCIATION
730236,36,285344,Ricardo Alburez,EXCLUDE_GUA_ASSOCIATION,La asociación GUA no está en el roster de referencia de su edición; se excluye del conjunto GUA procesado y se conserva en el backup para trazabilidad.,REMOVED_FROM_GUA_ASSOCIATION
730816,54,285728,Edgar Zeta,EXCLUDE_GUA_ASSOCIATION,La asociación GUA no está en el roster de referencia de su edición; se excluye del conjunto GUA procesado y se conserva en el backup para trazabilidad.,REMOVED_FROM_GUA_ASSOCIATION
730824,43,285734,scar Mndez,EXCLUDE_GUA_ASSOCIATION,La asociación GUA no está en el roster de referencia de su edición; se excluye del conjunto GUA procesado y se conserva en el backup para trazabilidad.,REMOVED_FROM_GUA_ASSOCIATION
730826,28,285736,Pedro Pedroza,EXCLUDE_GUA_ASSOCIATION,La asociación GUA no está en el roster de referencia de su edición; se excluye del conjunto GUA procesado y se conserva en el backup para trazabilidad.,REMOVED_FROM_GUA_ASSOCIATION
732565,54,286875,Maritza Tzul,EXCLUDE_GUA_ASSOCIATION,La asociación GUA no está en el roster de referencia de su edición; se excluye del conjunto GUA procesado y se conserva en el backup para trazabilidad.,REMOVED_FROM_GUA_ASSOCIATION
733143,38,287257,Luisa Daz,EXCLUDE_GUA_ASSOCIATION,La asociación GUA no está en el roster de referencia de su edición; se excluye del conjunto GUA procesado y se conserva en el backup para trazabilidad.,REMOVED_FROM_GUA_ASSOCIATION
733144,38,287258,Luisa Daz,EXCLUDE_GUA_ASSOCIATION,La asociación GUA no está en el roster de referencia de su edición; se excluye del conjunto GUA procesado y se conserva en el backup para trazabilidad.,REMOVED_FROM_GUA_ASSOCIATION
733145,38,287259,Luisa Daz,EXCLUDE_GUA_ASSOCIATION,La asociación GUA no está en el roster de referencia de su edición; se excluye del conjunto GUA procesado y se conserva en el backup para trazabilidad.,REMOVED_FROM_GUA_ASSOCIATION
733146,38,287260,Luisa Daz,EXCLUDE_GUA_ASSOCIATION,La asociación GUA no está en el roster de referencia de su edición; se excluye del conjunto GUA procesado y se conserva en el backup para trazabilidad.,REMOVED_FROM_GUA_ASSOCIATION
733147,38,287261,Luisa Daz,EXCLUDE_GUA_ASSOCIATION,La asociación GUA no está en el roster de referencia de su edición; se excluye del conjunto GUA procesado y se conserva en el backup para trazabilidad.,REMOVED_FROM_GUA_ASSOCIATION
735583,26,288852,Julio Elias,EXCLUDE_GUA_ASSOCIATION,La asociación GUA no está en el roster de referencia de su edición; se excluye del conjunto GUA procesado y se conserva en el backup para trazabilidad.,REMOVED_FROM_GUA_ASSOCIATION
735584,26,288853,Julio Elias,EXCLUDE_GUA_ASSOCIATION,La asociación GUA no está en el roster de referencia de su edición; se excluye del conjunto GUA procesado y se conserva en el backup para trazabilidad.,REMOVED_FROM_GUA_ASSOCIATION
735585,26,288854,Julio Elias,EXCLUDE_GUA_ASSOCIATION,La asociación GUA no está en el roster de referencia de su edición; se excluye del conjunto GUA procesado y se conserva en el backup para trazabilidad.,REMOVED_FROM_GUA_ASSOCIATION
735586,28,288855,Julio Elias,EXCLUDE_GUA_ASSOCIATION,La asociación GUA no está en el roster de referencia de su edición; se excluye del conjunto GUA procesado y se conserva en el backup para trazabilidad.,REMOVED_FROM_GUA_ASSOCIATION
735587,28,288856,Julio Elias,EXCLUDE_GUA_ASSOCIATION,La asociación GUA no está en el roster de referencia de su edición; se excluye del conjunto GUA procesado y se conserva en el backup para trazabilidad.,REMOVED_FROM_GUA_ASSOCIATION
735588,28,288857,Julio Elias,EXCLUDE_GUA_ASSOCIATION,La asociación GUA no está en el roster de referencia de su edición; se excluye del conjunto GUA procesado y se conserva en el backup para trazabilidad.,REMOVED_FROM_GUA_ASSOCIATION
735671,43,288918,Jorge Linares,EXCLUDE_GUA_ASSOCIATION,La asociación GUA no está en el roster de referencia de su edición; se excluye del conjunto GUA procesado y se conserva en el backup para trazabilidad.,REMOVED_FROM_GUA_ASSOCIATION
735761,50,288991,Jaime Castaeda,EXCLUDE_GUA_ASSOCIATION,La asociación GUA no está en el roster de referencia de su edición; se excluye del conjunto GUA procesado y se conserva en el backup para trazabilidad.,REMOVED_FROM_GUA_ASSOCIATION
735762,54,288992,Jaime Castaeda,EXCLUDE_GUA_ASSOCIATION,La asociación GUA no está en el roster de referencia de su edición; se excluye del conjunto GUA procesado y se conserva en el backup para trazabilidad.,REMOVED_FROM_GUA_ASSOCIATION
736772,26,289629,Gustavo Ramrez,EXCLUDE_GUA_ASSOCIATION,La asociación GUA no está en el roster de referencia de su edición; se excluye del conjunto GUA procesado y se conserva en el backup para trazabilidad.,REMOVED_FROM_GUA_ASSOCIATION
736843,38,289699,Mynor Fuentes,EXCLUDE_GUA_ASSOCIATION,La asociación GUA no está en el roster de referencia de su edición; se excluye del conjunto GUA procesado y se conserva en el backup para trazabilidad.,REMOVED_FROM_GUA_ASSOCIATION
736844,41,289700,Mynor Fuentes,EXCLUDE_GUA_ASSOCIATION,La asociación GUA no está en el roster de referencia de su edición; se excluye del conjunto GUA procesado y se conserva en el backup para trazabilidad.,REMOVED_FROM_GUA_ASSOCIATION
736940,54,289777,Jos Dvila,EXCLUDE_GUA_ASSOCIATION,La asociación GUA no está en el roster de referencia de su edición; se excluye del conjunto GUA procesado y se conserva en el backup para trazabilidad.,REMOVED_FROM_GUA_ASSOCIATION
737761,26,290322,Javier Tubac,EXCLUDE_GUA_ASSOCIATION,La asociación GUA no está en el roster de referencia de su edición; se excluye del conjunto GUA procesado y se conserva en el backup para trazabilidad.,REMOVED_FROM_GUA_ASSOCIATION
737762,26,290323,Javier Tubac,EXCLUDE_GUA_ASSOCIATION,La asociación GUA no está en el roster de referencia de su edición; se excluye del conjunto GUA procesado y se conserva en el backup para trazabilidad.,REMOVED_FROM_GUA_ASSOCIATION
737811,54,290354,Jos Cox,EXCLUDE_GUA_ASSOCIATION,La asociación GUA no está en el roster de referencia de su edición; se excluye del conjunto GUA procesado y se conserva en el backup para trazabilidad.,REMOVED_FROM_GUA_ASSOCIATION
741454,36,292793,Julio Hurtarte,EXCLUDE_GUA_ASSOCIATION,La asociación GUA no está en el roster de referencia de su edición; se excluye del conjunto GUA procesado y se conserva en el backup para trazabilidad.,REMOVED_FROM_GUA_ASSOCIATION
741456,50,292795,Manuel Ochoa,EXCLUDE_GUA_ASSOCIATION,La asociación GUA no está en el roster de referencia de su edición; se excluye del conjunto GUA procesado y se conserva en el backup para trazabilidad.,REMOVED_FROM_GUA_ASSOCIATION
741457,54,292796,Manuel Ochoa,EXCLUDE_GUA_ASSOCIATION,La asociación GUA no está en el roster de referencia de su edición; se excluye del conjunto GUA procesado y se conserva en el backup para trazabilidad.,REMOVED_FROM_GUA_ASSOCIATION
741650,41,292942,Carmen Oliva,EXCLUDE_GUA_ASSOCIATION,La asociación GUA no está en el roster de referencia de su edición; se excluye del conjunto GUA procesado y se conserva en el backup para trazabilidad.,REMOVED_FROM_GUA_ASSOCIATION
741781,47,293062,Juan Silva,EXCLUDE_GUA_ASSOCIATION,La asociación GUA no está en el roster de referencia de su edición; se excluye del conjunto GUA procesado y se conserva en el backup para trazabilidad.,REMOVED_FROM_GUA_ASSOCIATION
742412,26,293561,Jorge Popol,EXCLUDE_GUA_ASSOCIATION,La asociación GUA no está en el roster de referencia de su edición; se excluye del conjunto GUA procesado y se conserva en el backup para trazabilidad.,REMOVED_FROM_GUA_ASSOCIATION
742708,41,293779,Juan Arribas,EXCLUDE_GUA_ASSOCIATION,La asociación GUA no está en el roster de referencia de su edición; se excluye del conjunto GUA procesado y se conserva en el backup para trazabilidad.,REMOVED_FROM_GUA_ASSOCIATION
742709,43,293780,Juan Arribas,EXCLUDE_GUA_ASSOCIATION,La asociación GUA no está en el roster de referencia de su edición; se excluye del conjunto GUA procesado y se conserva en el backup para trazabilidad.,REMOVED_FROM_GUA_ASSOCIATION
742710,47,293781,Juan Arribas,EXCLUDE_GUA_ASSOCIATION,La asociación GUA no está en el roster de referencia de su edición; se excluye del conjunto GUA procesado y se conserva en el backup para trazabilidad.,REMOVED_FROM_GUA_ASSOCIATION
742765,30,293830,Francisco Arribas,EXCLUDE_GUA_ASSOCIATION,La asociación GUA no está en el roster de referencia de su edición; se excluye del conjunto GUA procesado y se conserva en el backup para trazabilidad.,REMOVED_FROM_GUA_ASSOCIATION
742766,32,293831,Francisco Arribas,EXCLUDE_GUA_ASSOCIATION,La asociación GUA no está en el roster de referencia de su edición; se excluye del conjunto GUA procesado y se conserva en el backup para trazabilidad.,REMOVED_FROM_GUA_ASSOCIATION
742767,34,293832,Francisco Arribas,EXCLUDE_GUA_ASSOCIATION,La asociación GUA no está en el roster de referencia de su edición; se excluye del conjunto GUA procesado y se conserva en el backup para trazabilidad.,REMOVED_FROM_GUA_ASSOCIATION
742768,38,293833,Francisco Arribas,EXCLUDE_GUA_ASSOCIATION,La asociación GUA no está en el roster de referencia de su edición; se excluye del conjunto GUA procesado y se conserva en el backup para trazabilidad.,REMOVED_FROM_GUA_ASSOCIATION
742769,41,293834,Francisco Arribas,EXCLUDE_GUA_ASSOCIATION,La asociación GUA no está en el roster de referencia de su edición; se excluye del conjunto GUA procesado y se conserva en el backup para trazabilidad.,REMOVED_FROM_GUA_ASSOCIATION
742770,32,293835,Francisco Portilla,EXCLUDE_GUA_ASSOCIATION,La asociación GUA no está en el roster de referencia de su edición; se excluye del conjunto GUA procesado y se conserva en el backup para trazabilidad.,REMOVED_FROM_GUA_ASSOCIATION
743241,32,294175,Luis Lemus,EXCLUDE_GUA_ASSOCIATION,La asociación GUA no está en el roster de referencia de su edición; se excluye del conjunto GUA procesado y se conserva en el backup para trazabilidad.,REMOVED_FROM_GUA_ASSOCIATION
744449,38,294990,Magno Sanchiz,EXCLUDE_GUA_ASSOCIATION,La asociación GUA no está en el roster de referencia de su edición; se excluye del conjunto GUA procesado y se conserva en el backup para trazabilidad.,REMOVED_FROM_GUA_ASSOCIATION
744839,26,295256,Saturnino Cceres,EXCLUDE_GUA_ASSOCIATION,La asociación GUA no está en el roster de referencia de su edición; se excluye del conjunto GUA procesado y se conserva en el backup para trazabilidad.,REMOVED_FROM_GUA_ASSOCIATION
744840,26,295257,Saturnino Cceres,EXCLUDE_GUA_ASSOCIATION,La asociación GUA no está en el roster de referencia de su edición; se excluye del conjunto GUA procesado y se conserva en el backup para trazabilidad.,REMOVED_FROM_GUA_ASSOCIATION
745795,43,295886,Jos Ros,EXCLUDE_GUA_ASSOCIATION,La asociación GUA no está en el roster de referencia de su edición; se excluye del conjunto GUA procesado y se conserva en el backup para trazabilidad.,REMOVED_FROM_GUA_ASSOCIATION
745796,45,295887,Jos Ros,EXCLUDE_GUA_ASSOCIATION,La asociación GUA no está en el roster de referencia de su edición; se excluye del conjunto GUA procesado y se conserva en el backup para trazabilidad.,REMOVED_FROM_GUA_ASSOCIATION
746875,34,296581,Emilio Oliva,EXCLUDE_GUA_ASSOCIATION,La asociación GUA no está en el roster de referencia de su edición; se excluye del conjunto GUA procesado y se conserva en el backup para trazabilidad.,REMOVED_FROM_GUA_ASSOCIATION
746876,34,296582,Emilio Oliva,EXCLUDE_GUA_ASSOCIATION,La asociación GUA no está en el roster de referencia de su edición; se excluye del conjunto GUA procesado y se conserva en el backup para trazabilidad.,REMOVED_FROM_GUA_ASSOCIATION
746955,26,296622,Fernando Estrada,EXCLUDE_GUA_ASSOCIATION,La asociación GUA no está en el roster de referencia de su edición; se excluye del conjunto GUA procesado y se conserva en el backup para trazabilidad.,REMOVED_FROM_GUA_ASSOCIATION
747306,30,296901,scar Rivas,EXCLUDE_GUA_ASSOCIATION,La asociación GUA no está en el roster de referencia de su edición; se excluye del conjunto GUA procesado y se conserva en el backup para trazabilidad.,REMOVED_FROM_GUA_ASSOCIATION
747337,38,296931,Sergio Gmez,EXCLUDE_GUA_ASSOCIATION,La asociación GUA no está en el roster de referencia de su edición; se excluye del conjunto GUA procesado y se conserva en el backup para trazabilidad.,REMOVED_FROM_GUA_ASSOCIATION
747338,41,296932,Sergio Gmez,EXCLUDE_GUA_ASSOCIATION,La asociación GUA no está en el roster de referencia de su edición; se excluye del conjunto GUA procesado y se conserva en el backup para trazabilidad.,REMOVED_FROM_GUA_ASSOCIATION
747339,41,296933,Sergio Gmez,EXCLUDE_GUA_ASSOCIATION,La asociación GUA no está en el roster de referencia de su edición; se excluye del conjunto GUA procesado y se conserva en el backup para trazabilidad.,REMOVED_FROM_GUA_ASSOCIATION
747340,43,296934,Sergio Gmez,EXCLUDE_GUA_ASSOCIATION,La asociación GUA no está en el roster de referencia de su edición; se excluye del conjunto GUA procesado y se conserva en el backup para trazabilidad.,REMOVED_FROM_GUA_ASSOCIATION
747341,43,296935,Sergio Gmez,EXCLUDE_GUA_ASSOCIATION,La asociación GUA no está en el roster de referencia de su edición; se excluye del conjunto GUA procesado y se conserva en el backup para trazabilidad.,REMOVED_FROM_GUA_ASSOCIATION
747342,50,296936,Sergio Gmez,EXCLUDE_GUA_ASSOCIATION,La asociación GUA no está en el roster de referencia de su edición; se excluye del conjunto GUA procesado y se conserva en el backup para trazabilidad.,REMOVED_FROM_GUA_ASSOCIATION
747343,50,296937,Sergio Gmez,EXCLUDE_GUA_ASSOCIATION,La asociación GUA no está en el roster de referencia de su edición; se excluye del conjunto GUA procesado y se conserva en el backup para trazabilidad.,REMOVED_FROM_GUA_ASSOCIATION
747551,18,297086,Francisco Guzmn,EXCLUDE_GUA_ASSOCIATION,La asociación GUA no está en el roster de referencia de su edición; se excluye del conjunto GUA procesado y se conserva en el backup para trazabilidad.,REMOVED_FROM_GUA_ASSOCIATION
747552,18,297087,Francisco Guzmn,EXCLUDE_GUA_ASSOCIATION,La asociación GUA no está en el roster de referencia de su edición; se excluye del conjunto GUA procesado y se conserva en el backup para trazabilidad.,REMOVED_FROM_GUA_ASSOCIATION
747553,26,297088,Francisco Guzmn,EXCLUDE_GUA_ASSOCIATION,La asociación GUA no está en el roster de referencia de su edición; se excluye del conjunto GUA procesado y se conserva en el backup para trazabilidad.,REMOVED_FROM_GUA_ASSOCIATION
747554,38,297089,Julio Guerrero,EXCLUDE_GUA_ASSOCIATION,La asociación GUA no está en el roster de referencia de su edición; se excluye del conjunto GUA procesado y se conserva en el backup para trazabilidad.,REMOVED_FROM_GUA_ASSOCIATION
747555,36,297090,Kevin Shanon,EXCLUDE_GUA_ASSOCIATION,La asociación GUA no está en el roster de referencia de su edición; se excluye del conjunto GUA procesado y se conserva en el backup para trazabilidad.,REMOVED_FROM_GUA_ASSOCIATION
747957,41,297350,Edwin Garca,EXCLUDE_GUA_ASSOCIATION,La asociación GUA no está en el roster de referencia de su edición; se excluye del conjunto GUA procesado y se conserva en el backup para trazabilidad.,REMOVED_FROM_GUA_ASSOCIATION
748036,45,297405,Mara Sanz-agero,EXCLUDE_GUA_ASSOCIATION,La asociación GUA no está en el roster de referencia de su edición; se excluye del conjunto GUA procesado y se conserva en el backup para trazabilidad.,REMOVED_FROM_GUA_ASSOCIATION
748039,47,297408,Rita Luna,EXCLUDE_GUA_ASSOCIATION,La asociación GUA no está en el roster de referencia de su edición; se excluye del conjunto GUA procesado y se conserva en el backup para trazabilidad.,REMOVED_FROM_GUA_ASSOCIATION
751194,34,299416,Christa Schumann-lottmann,EXCLUDE_GUA_ASSOCIATION,La asociación GUA no está en el roster de referencia de su edición; se excluye del conjunto GUA procesado y se conserva en el backup para trazabilidad.,REMOVED_FROM_GUA_ASSOCIATION
751810,38,299807,Andrs Villalta,EXCLUDE_GUA_ASSOCIATION,La asociación GUA no está en el roster de referencia de su edición; se excluye del conjunto GUA procesado y se conserva en el backup para trazabilidad.,REMOVED_FROM_GUA_ASSOCIATION
751811,38,299808,Andrs Villalta,EXCLUDE_GUA_ASSOCIATION,La asociación GUA no está en el roster de referencia de su edición; se excluye del conjunto GUA procesado y se conserva en el backup para trazabilidad.,REMOVED_FROM_GUA_ASSOCIATION
751812,38,299809,Andrs Villalta,EXCLUDE_GUA_ASSOCIATION,La asociación GUA no está en el roster de referencia de su edición; se excluye del conjunto GUA procesado y se conserva en el backup para trazabilidad.,REMOVED_FROM_GUA_ASSOCIATION
751813,38,299810,Andrs Villalta,EXCLUDE_GUA_ASSOCIATION,La asociación GUA no está en el roster de referencia de su edición; se excluye del conjunto GUA procesado y se conserva en el backup para trazabilidad.,REMOVED_FROM_GUA_ASSOCIATION
755421,32,302036,Carlos Monterroso,EXCLUDE_GUA_ASSOCIATION,La asociación GUA no está en el roster de referencia de su edición; se excluye del conjunto GUA procesado y se conserva en el backup para trazabilidad.,REMOVED_FROM_GUA_ASSOCIATION
755422,34,302037,Carlos Monterroso,EXCLUDE_GUA_ASSOCIATION,La asociación GUA no está en el roster de referencia de su edición; se excluye del conjunto GUA procesado y se conserva en el backup para trazabilidad.,REMOVED_FROM_GUA_ASSOCIATION
755423,36,302038,Carlos Monterroso,EXCLUDE_GUA_ASSOCIATION,La asociación GUA no está en el roster de referencia de su edición; se excluye del conjunto GUA procesado y se conserva en el backup para trazabilidad.,REMOVED_FROM_GUA_ASSOCIATION
756925,26,303064,Pablo Wicker,EXCLUDE_GUA_ASSOCIATION,La asociación GUA no está en el roster de referencia de su edición; se excluye del conjunto GUA procesado y se conserva en el backup para trazabilidad.,REMOVED_FROM_GUA_ASSOCIATION
757826,45,303692,Melanie Montenegro,EXCLUDE_GUA_ASSOCIATION,La asociación GUA no está en el roster de referencia de su edición; se excluye del conjunto GUA procesado y se conserva en el backup para trazabilidad.,REMOVED_FROM_GUA_ASSOCIATION
757828,34,303693,Karen Slowing-aceituno,EXCLUDE_GUA_ASSOCIATION,La asociación GUA no está en el roster de referencia de su edición; se excluye del conjunto GUA procesado y se conserva en el backup para trazabilidad.,REMOVED_FROM_GUA_ASSOCIATION
757829,34,303694,Karen Slowing-aceituno,EXCLUDE_GUA_ASSOCIATION,La asociación GUA no está en el roster de referencia de su edición; se excluye del conjunto GUA procesado y se conserva en el backup para trazabilidad.,REMOVED_FROM_GUA_ASSOCIATION
757830,34,303695,Karen Slowing-aceituno,EXCLUDE_GUA_ASSOCIATION,La asociación GUA no está en el roster de referencia de su edición; se excluye del conjunto GUA procesado y se conserva en el backup para trazabilidad.,REMOVED_FROM_GUA_ASSOCIATION
757831,34,303696,Karen Slowing-aceituno,EXCLUDE_GUA_ASSOCIATION,La asociación GUA no está en el roster de referencia de su edición; se excluye del conjunto GUA procesado y se conserva en el backup para trazabilidad.,REMOVED_FROM_GUA_ASSOCIATION
757875,26,303730,Jeron Dayle,EXCLUDE_GUA_ASSOCIATION,La asociación GUA no está en el roster de referencia de su edición; se excluye del conjunto GUA procesado y se conserva en el backup para trazabilidad.,REMOVED_FROM_GUA_ASSOCIATION
758828,18,304361,Rubn Riveiro,EXCLUDE_GUA_ASSOCIATION,La asociación GUA no está en el roster de referencia de su edición; se excluye del conjunto GUA procesado y se conserva en el backup para trazabilidad.,REMOVED_FROM_GUA_ASSOCIATION
758829,18,304362,Rubn Riveiro,EXCLUDE_GUA_ASSOCIATION,La asociación GUA no está en el roster de referencia de su edición; se excluye del conjunto GUA procesado y se conserva en el backup para trazabilidad.,REMOVED_FROM_GUA_ASSOCIATION
758905,45,304409,Jos Gudiel,EXCLUDE_GUA_ASSOCIATION,La asociación GUA no está en el roster de referencia de su edición; se excluye del conjunto GUA procesado y se conserva en el backup para trazabilidad.,REMOVED_FROM_GUA_ASSOCIATION
759148,18,304570,Vctorio Hurtate,EXCLUDE_GUA_ASSOCIATION,La asociación GUA no está en el roster de referencia de su edición; se excluye del conjunto GUA procesado y se conserva en el backup para trazabilidad.,REMOVED_FROM_GUA_ASSOCIATION
759149,18,304571,Vctorio Hurtate,EXCLUDE_GUA_ASSOCIATION,La asociación GUA no está en el roster de referencia de su edición; se excluye del conjunto GUA procesado y se conserva en el backup para trazabilidad.,REMOVED_FROM_GUA_ASSOCIATION
759382,41,304736,Attila Solti,EXCLUDE_GUA_ASSOCIATION,La asociación GUA no está en el roster de referencia de su edición; se excluye del conjunto GUA procesado y se conserva en el backup para trazabilidad.,REMOVED_FROM_GUA_ASSOCIATION
759383,43,304737,Attila Solti,EXCLUDE_GUA_ASSOCIATION,La asociación GUA no está en el roster de referencia de su edición; se excluye del conjunto GUA procesado y se conserva en el backup para trazabilidad.,REMOVED_FROM_GUA_ASSOCIATION
759384,45,304738,Attila Solti,EXCLUDE_GUA_ASSOCIATION,La asociación GUA no está en el roster de referencia de su edición; se excluye del conjunto GUA procesado y se conserva en el backup para trazabilidad.,REMOVED_FROM_GUA_ASSOCIATION
763269,26,307303,David Brawn,EXCLUDE_GUA_ASSOCIATION,La asociación GUA no está en el roster de referencia de su edición; se excluye del conjunto GUA procesado y se conserva en el backup para trazabilidad.,REMOVED_FROM_GUA_ASSOCIATION
763271,18,307304,Jeremas Brown,EXCLUDE_GUA_ASSOCIATION,La asociación GUA no está en el roster de referencia de su edición; se excluye del conjunto GUA procesado y se conserva en el backup para trazabilidad.,REMOVED_FROM_GUA_ASSOCIATION
771685,43,312849,Jos Kipps,EXCLUDE_GUA_ASSOCIATION,La asociación GUA no está en el roster de referencia de su edición; se excluye del conjunto GUA procesado y se conserva en el backup para trazabilidad.,REMOVED_FROM_GUA_ASSOCIATION
773089,36,313782,Andrs Torres,EXCLUDE_GUA_ASSOCIATION,La asociación GUA no está en el roster de referencia de su edición; se excluye del conjunto GUA procesado y se conserva en el backup para trazabilidad.,REMOVED_FROM_GUA_ASSOCIATION
773136,38,313822,Helder Quintana,EXCLUDE_GUA_ASSOCIATION,La asociación GUA no está en el roster de referencia de su edición; se excluye del conjunto GUA procesado y se conserva en el backup para trazabilidad.,REMOVED_FROM_GUA_ASSOCIATION
773137,38,313823,Helder Quintana,EXCLUDE_GUA_ASSOCIATION,La asociación GUA no está en el roster de referencia de su edición; se excluye del conjunto GUA procesado y se conserva en el backup para trazabilidad.,REMOVED_FROM_GUA_ASSOCIATION
773138,38,313824,Helder Quintana,EXCLUDE_GUA_ASSOCIATION,La asociación GUA no está en el roster de referencia de su edición; se excluye del conjunto GUA procesado y se conserva en el backup para trazabilidad.,REMOVED_FROM_GUA_ASSOCIATION
773139,38,313825,Helder Quintana,EXCLUDE_GUA_ASSOCIATION,La asociación GUA no está en el roster de referencia de su edición; se excluye del conjunto GUA procesado y se conserva en el backup para trazabilidad.,REMOVED_FROM_GUA_ASSOCIATION
773140,38,313826,Helder Quintana,EXCLUDE_GUA_ASSOCIATION,La asociación GUA no está en el roster de referencia de su edición; se excluye del conjunto GUA procesado y se conserva en el backup para trazabilidad.,REMOVED_FROM_GUA_ASSOCIATION
773141,38,313827,Helder Quintana,EXCLUDE_GUA_ASSOCIATION,La asociación GUA no está en el roster de referencia de su edición; se excluye del conjunto GUA procesado y se conserva en el backup para trazabilidad.,REMOVED_FROM_GUA_ASSOCIATION
773142,38,313828,Helder Quintana,EXCLUDE_GUA_ASSOCIATION,La asociación GUA no está en el roster de referencia de su edición; se excluye del conjunto GUA procesado y se conserva en el backup para trazabilidad.,REMOVED_FROM_GUA_ASSOCIATION
773143,26,313829,Hugo Ocampo,EXCLUDE_GUA_ASSOCIATION,La asociación GUA no está en el roster de referencia de su edición; se excluye del conjunto GUA procesado y se conserva en el backup para trazabilidad.,REMOVED_FROM_GUA_ASSOCIATION
774556,54,314756,Juan Trujillo,EXCLUDE_GUA_ASSOCIATION,La asociación GUA no está en el roster de referencia de su edición; se excluye del conjunto GUA procesado y se conserva en el backup para trazabilidad.,REMOVED_FROM_GUA_ASSOCIATION
776836,41,316188,Julio Meda,EXCLUDE_GUA_ASSOCIATION,La asociación GUA no está en el roster de referencia de su edición; se excluye del conjunto GUA procesado y se conserva en el backup para trazabilidad.,REMOVED_FROM_GUA_ASSOCIATION
777468,18,316586,Jos Balagoistoa,EXCLUDE_GUA_ASSOCIATION,La asociación GUA no está en el roster de referencia de su edición; se excluye del conjunto GUA procesado y se conserva en el backup para trazabilidad.,REMOVED_FROM_GUA_ASSOCIATION
777596,47,316683,Eddie Barillas,EXCLUDE_GUA_ASSOCIATION,La asociación GUA no está en el roster de referencia de su edición; se excluye del conjunto GUA procesado y se conserva en el backup para trazabilidad.,REMOVED_FROM_GUA_ASSOCIATION
780284,36,318996,Edvin Vzquez,EXCLUDE_GUA_ASSOCIATION,La asociación GUA no está en el roster de referencia de su edición; se excluye del conjunto GUA procesado y se conserva en el backup para trazabilidad.,REMOVED_FROM_GUA_ASSOCIATION
780285,36,318997,Edvin Vzquez,EXCLUDE_GUA_ASSOCIATION,La asociación GUA no está en el roster de referencia de su edición; se excluye del conjunto GUA procesado y se conserva en el backup para trazabilidad.,REMOVED_FROM_GUA_ASSOCIATION
780528,18,319168,Luis Velsquez,EXCLUDE_GUA_ASSOCIATION,La asociación GUA no está en el roster de referencia de su edición; se excluye del conjunto GUA procesado y se conserva en el backup para trazabilidad.,REMOVED_FROM_GUA_ASSOCIATION
780529,18,319169,Luis Velsquez,EXCLUDE_GUA_ASSOCIATION,La asociación GUA no está en el roster de referencia de su edición; se excluye del conjunto GUA procesado y se conserva en el backup para trazabilidad.,REMOVED_FROM_GUA_ASSOCIATION
782128,41,320279,Antn Villatoro,EXCLUDE_GUA_ASSOCIATION,La asociación GUA no está en el roster de referencia de su edición; se excluye del conjunto GUA procesado y se conserva en el backup para trazabilidad.,REMOVED_FROM_GUA_ASSOCIATION
782129,41,320280,Antn Villatoro,EXCLUDE_GUA_ASSOCIATION,La asociación GUA no está en el roster de referencia de su edición; se excluye del conjunto GUA procesado y se conserva en el backup para trazabilidad.,REMOVED_FROM_GUA_ASSOCIATION
791667,45,326587,Pedro Ruiz,EXCLUDE_GUA_ASSOCIATION,La asociación GUA no está en el roster de referencia de su edición; se excluye del conjunto GUA procesado y se conserva en el backup para trazabilidad.,REMOVED_FROM_GUA_ASSOCIATION
793577,34,327748,Mario-Oscar Zachrisson,EXCLUDE_GUA_ASSOCIATION,La asociación GUA no está en el roster de referencia de su edición; se excluye del conjunto GUA procesado y se conserva en el backup para trazabilidad.,REMOVED_FROM_GUA_ASSOCIATION
793970,50,327998,Elizabeth Gordillo,EXCLUDE_GUA_ASSOCIATION,La asociación GUA no está en el roster de referencia de su edición; se excluye del conjunto GUA procesado y se conserva en el backup para trazabilidad.,REMOVED_FROM_GUA_ASSOCIATION
