id_evento,nombre,deporte,disciplina,genero,categoria_edad,condicion_medalla,modalidad,team_individual,distancia_normalizada,distancia_compuesta,categoria_peso,aparato,numero_participantes,youth,non_medal,modificadores_restantes,redundancia_padre,semantic_key,fuentes
1,"Singles, Men (Olympic)",tennis,tennis,men,adult,medal,singles,,,,,,,NO,NO,,0,"[""tennis"", ""tennis"", ""men"", ""adult"", ""medal"", [""singles""], [], [], [], []]",fuente1
2,"Doubles, Men (Olympic)",tennis,tennis,men,adult,medal,doubles,,,,,,,NO,NO,,0,"[""tennis"", ""tennis"", ""men"", ""adult"", ""medal"", [""doubles""], [], [], [], []]",fuente1
3,"Doubles, Mixed (Olympic)",tennis,tennis,mixed,adult,medal,doubles | mixed,,,,,,,NO,NO,,0,"[""tennis"", ""tennis"", ""mixed"", ""adult"", ""medal"", [""doubles"", ""mixed""], [], [], [], []]",fuente1
4,"Singles, Men (Olympic)",table tennis,table tennis,men,adult,medal,singles,,,,,,,NO,NO,,0,"[""table tennis"", ""table tennis"", ""men"", ""adult"", ""medal"", [""singles""], [], [], [], []]",fuente1
5,"Doubles, Men (Olympic)",,,,adult,medal,doubles,,,,,,,NO,NO,,0,"["""", """", """", ""adult"", ""medal"", [""doubles""], [], [], [], []]",
6,"Singles, Handicap, Men (Olympic (non-medal))",tennis,tennis,men,adult,medal,singles,,,,,,,NO,NO,handicap,0,"[""tennis"", ""tennis"", ""men"", ""adult"", ""medal"", [""singles""], [], [], [], [""handicap""]]",fuente1
7,"Doubles, Handicap, Men (Olympic (non-medal))",tennis,tennis,men,adult,medal,doubles,,,,,,,NO,NO,handicap,0,"[""tennis"", ""tennis"", ""men"", ""adult"", ""medal"", [""doubles""], [], [], [], [""handicap""]]",fuente1
8,"Épée, Individual, Men (Olympic)",fencing,fencing,men,adult,medal,individual,individual,,,,,individual,NO,NO,epee,0,"[""fencing"", ""fencing"", ""men"", ""adult"", ""medal"", [""individual""], [], [], [], [""epee""]]",fuente1
9,Tennis,,,,adult,medal,,,,,,,,NO,NO,tennis,0,"["""", """", """", ""adult"", ""medal"", [], [], [], [], [""tennis""]]",
10,"Doubles, Men (Olympic)",,,,adult,medal,doubles,,,,,,,NO,NO,,0,"["""", """", """", ""adult"", ""medal"", [""doubles""], [], [], [], []]",
11,"Doubles, Handicap, Mixed (Olympic (non-medal))",,,,adult,medal,doubles | mixed,,,,,,,NO,NO,handicap,0,"["""", """", """", ""adult"", ""medal"", [""doubles"", ""mixed""], [], [], [], [""handicap""]]",
12,"Singles, Handicap, Men (Olympic (non-medal))",,,,adult,medal,singles,,,,,,,NO,NO,handicap,0,"["""", """", """", ""adult"", ""medal"", [""singles""], [], [], [], [""handicap""]]",
13,"Doubles, Handicap, Men (Olympic (non-medal))",,,,adult,medal,doubles,,,,,,,NO,NO,handicap,0,"["""", """", """", ""adult"", ""medal"", [""doubles""], [], [], [], [""handicap""]]",
14,"Singles, Men (Intercalated)",,,,adult,medal,singles,,,,,,,NO,NO,intercalated,0,"["""", """", """", ""adult"", ""medal"", [""singles""], [], [], [], [""intercalated""]]",
15,"Doubles, Mixed (Intercalated)",,,,adult,medal,doubles | mixed,,,,,,,NO,NO,intercalated,0,"["""", """", """", ""adult"", ""medal"", [""doubles"", ""mixed""], [], [], [], [""intercalated""]]",
16,"Doubles, Men (Intercalated)",,,,adult,medal,doubles,,,,,,,NO,NO,intercalated,0,"["""", """", """", ""adult"", ""medal"", [""doubles""], [], [], [], [""intercalated""]]",
17,"Doubles, Covered Courts, Mixed (Olympic)",tennis,tennis,mixed,adult,medal,doubles | mixed,,,,,,,NO,NO,courts | covered,0,"[""tennis"", ""tennis"", ""mixed"", ""adult"", ""medal"", [""doubles"", ""mixed""], [], [], [], [""courts"", ""covered""]]",fuente1
18,"Singles, Covered Courts, Men (Olympic)",,,,adult,medal,singles,,,,,,,NO,NO,courts | covered,0,"["""", """", """", ""adult"", ""medal"", [""singles""], [], [], [], [""courts"", ""covered""]]",
19,"Singles, Men (Olympic (non-medal))",tennis,tennis,men,adult,medal,singles,,,,,,,NO,NO,,0,"[""tennis"", ""tennis"", ""men"", ""adult"", ""medal"", [""singles""], [], [], [], []]",fuente1
20,"Doubles, Handicap, Mixed (Olympic (non-medal))",,,,adult,medal,doubles | mixed,,,,,,,NO,NO,handicap,0,"["""", """", """", ""adult"", ""medal"", [""doubles"", ""mixed""], [], [], [], [""handicap""]]",
21,"Doubles, Covered Courts, Men (Olympic)",,,,adult,medal,doubles,,,,,,,NO,NO,courts | covered,0,"["""", """", """", ""adult"", ""medal"", [""doubles""], [], [], [], [""courts"", ""covered""]]",
22,Polo,,,,adult,medal,,,,,,,,NO,NO,polo,0,"["""", """", """", ""adult"", ""medal"", [], [], [], [], [""polo""]]",
23,"Polo, Men (Olympic (non-medal))",,,,adult,medal,,,,,,,,NO,NO,polo,0,"["""", """", """", ""adult"", ""medal"", [], [], [], [], [""polo""]]",
24,"Singles, Men (Olympic)",badminton,badminton,men,adult,medal,singles,,,,,,,NO,NO,,0,"[""badminton"", ""badminton"", ""men"", ""adult"", ""medal"", [""singles""], [], [], [], []]",fuente1
25,"Singles, Covered Courts, Women (Olympic)",tennis,tennis,women,adult,medal,singles,,,,,,,NO,NO,courts | covered,0,"[""tennis"", ""tennis"", ""women"", ""adult"", ""medal"", [""singles""], [], [], [], [""courts"", ""covered""]]",fuente1
26,"Singles, Women (Olympic)",tennis,tennis,women,adult,medal,singles,,,,,,,NO,NO,,0,"[""tennis"", ""tennis"", ""women"", ""adult"", ""medal"", [""singles""], [], [], [], []]",fuente1
27,"Doubles, Women (Olympic)",tennis,tennis,women,adult,medal,doubles,,,,,,,NO,NO,,0,"[""tennis"", ""tennis"", ""women"", ""adult"", ""medal"", [""doubles""], [], [], [], []]",fuente1
28,"Doubles, Women (Olympic)",badminton,badminton,women,adult,medal,doubles,,,,,,,NO,NO,,0,"[""badminton"", ""badminton"", ""women"", ""adult"", ""medal"", [""doubles""], [], [], [], []]",fuente1
29,"Doubles, Mixed (Olympic)",badminton,badminton,mixed,adult,medal,doubles | mixed,,,,,,,NO,NO,,0,"[""badminton"", ""badminton"", ""mixed"", ""adult"", ""medal"", [""doubles"", ""mixed""], [], [], [], []]",fuente1
30,"Singles, Handicap, Women (Olympic (non-medal))",tennis,tennis,women,adult,medal,singles,,,,,,,NO,NO,handicap,0,"[""tennis"", ""tennis"", ""women"", ""adult"", ""medal"", [""singles""], [], [], [], [""handicap""]]",fuente1
31,"Singles, Women (Olympic)",table tennis,table tennis,women,adult,medal,singles,,,,,,,NO,NO,,0,"[""table tennis"", ""table tennis"", ""women"", ""adult"", ""medal"", [""singles""], [], [], [], []]",fuente1
32,"Doubles, Women (Olympic)",,,,adult,medal,doubles,,,,,,,NO,NO,,0,"["""", """", """", ""adult"", ""medal"", [""doubles""], [], [], [], []]",
33,"Singles, Women (Olympic)",badminton,badminton,women,adult,medal,singles,,,,,,,NO,NO,,0,"[""badminton"", ""badminton"", ""women"", ""adult"", ""medal"", [""singles""], [], [], [], []]",fuente1
34,"Doubles, Men (Olympic)",badminton,badminton,men,adult,medal,doubles,,,,,,,NO,NO,,0,"[""badminton"", ""badminton"", ""men"", ""adult"", ""medal"", [""doubles""], [], [], [], []]",fuente1
35,"Singles, Men (Olympic (non-medal))",badminton,badminton,men,adult,medal,singles,,,,,,,NO,NO,,0,"[""badminton"", ""badminton"", ""men"", ""adult"", ""medal"", [""singles""], [], [], [], []]",fuente1
36,"Singles, Women (Olympic (non-medal))",tennis,tennis,women,adult,medal,singles,,,,,,,NO,NO,,0,"[""tennis"", ""tennis"", ""women"", ""adult"", ""medal"", [""singles""], [], [], [], []]",fuente1
37,"Team, Women (Olympic)",table tennis,table tennis,women,adult,medal,team,team,,,,,team,NO,NO,,0,"[""table tennis"", ""table tennis"", ""women"", ""adult"", ""medal"", [""team""], [], [], [], []]",fuente1
38,"Doubles, Men (Olympic (non-medal))",tennis,tennis,men,adult,medal,doubles,,,,,,,NO,NO,,0,"[""tennis"", ""tennis"", ""men"", ""adult"", ""medal"", [""doubles""], [], [], [], []]",fuente1
39,"Hockey, Men (Olympic)",hockey,hockey,men,adult,medal,,,,,,,,NO,NO,,0,"[""hockey"", ""hockey"", ""men"", ""adult"", ""medal"", [], [], [], [], []]",fuente1
40,Tennis,,,,adult,medal,,,,,,,,NO,NO,tennis,0,"["""", """", """", ""adult"", ""medal"", [], [], [], [], [""tennis""]]",
41,"Singles, Men (Olympic)",,,,adult,medal,singles,,,,,,,NO,NO,,0,"["""", """", """", ""adult"", ""medal"", [""singles""], [], [], [], []]",
42,"Doubles, Men (Olympic)",,,,adult,medal,doubles,,,,,,,NO,NO,,0,"["""", """", """", ""adult"", ""medal"", [""doubles""], [], [], [], []]",
43,"100 metres, Men (Olympic)",athletics,athletics,men,adult,medal,,,100:m,,,,,NO,NO,,0,"[""athletics"", ""athletics"", ""men"", ""adult"", ""medal"", [], [""100:m""], [], [], []]",fuente1
44,"400 metres, Men (Olympic)",athletics,athletics,men,adult,medal,,,400:m,,,,,NO,NO,,0,"[""athletics"", ""athletics"", ""men"", ""adult"", ""medal"", [], [""400:m""], [], [], []]",fuente1
45,"800 metres, Men (Olympic)",,,,adult,medal,,,800:m,,,,,NO,NO,,0,"["""", """", """", ""adult"", ""medal"", [], [""800:m""], [], [], []]",
46,"110 metres Hurdles, Men (Olympic)",athletics,athletics,men,adult,medal,,,110:m,,,,,NO,NO,hurdles,0,"[""athletics"", ""athletics"", ""men"", ""adult"", ""medal"", [], [""110:m""], [], [], [""hurdles""]]",fuente1
47,"High Jump, Men (Olympic)",athletics,athletics,men,adult,medal,,,,,,,,NO,NO,high | jump,0,"[""athletics"", ""athletics"", ""men"", ""adult"", ""medal"", [], [], [], [], [""high"", ""jump""]]",fuente1
48,"Pole Vault, Men (Olympic)",athletics,athletics,men,adult,medal,,,,,,,,NO,NO,pole | vault,0,"[""athletics"", ""athletics"", ""men"", ""adult"", ""medal"", [], [], [], [], [""pole"", ""vault""]]",fuente1
49,"Long Jump, Men (Olympic)",athletics,athletics,men,adult,medal,,,,,,,,NO,NO,jump | long,0,"[""athletics"", ""athletics"", ""men"", ""adult"", ""medal"", [], [], [], [], [""jump"", ""long""]]",fuente1
50,"Triple Jump, Men (Olympic)",athletics,athletics,men,adult,medal,,,,,,,,NO,NO,jump | triple,0,"[""athletics"", ""athletics"", ""men"", ""adult"", ""medal"", [], [], [], [], [""jump"", ""triple""]]",fuente1
51,Tennis,,,,adult,medal,,,,,,,,NO,NO,tennis,0,"["""", """", """", ""adult"", ""medal"", [], [], [], [], [""tennis""]]",
52,"Singles, Men (Olympic)",,,,adult,medal,singles,,,,,,,NO,NO,,0,"["""", """", """", ""adult"", ""medal"", [""singles""], [], [], [], []]",
53,"Doubles, Men (Olympic)",,,,adult,medal,doubles,,,,,,,NO,NO,,0,"["""", """", """", ""adult"", ""medal"", [""doubles""], [], [], [], []]",
54,"Team, Men (Olympic)",table tennis,table tennis,men,adult,medal,team,team,,,,,team,NO,NO,,0,"[""table tennis"", ""table tennis"", ""men"", ""adult"", ""medal"", [""team""], [], [], [], []]",fuente1
55,Swimming (Aquatics),,,,adult,medal,,,,,,,,NO,NO,aquatics | swimming,0,"["""", """", """", ""adult"", ""medal"", [], [], [], [], [""aquatics"", ""swimming""]]",
56,"100 metres Freestyle, Men (Olympic)",,,,adult,medal,freestyle,,100:m,,,,,NO,NO,,0,"["""", """", """", ""adult"", ""medal"", [""freestyle""], [""100:m""], [], [], []]",
57,"500 metres Freestyle, Men (Olympic)",,,,adult,medal,freestyle,,500:m,,,,,NO,NO,,0,"["""", """", """", ""adult"", ""medal"", [""freestyle""], [""500:m""], [], [], []]",
58,"1,200 metres Freestyle, Men (Olympic)",,,,adult,medal,freestyle,,1200:m,,,,,NO,NO,,0,"["""", """", """", ""adult"", ""medal"", [""freestyle""], [""1200:m""], [], [], []]",
59,"Architecture, Open (Olympic)",,,,adult,medal,open,,,,,,,NO,NO,architecture,0,"["""", """", """", ""adult"", ""medal"", [""open""], [], [], [], [""architecture""]]",
60,Weightlifting,,,,adult,medal,,,,,,,,NO,NO,weightlifting,0,"["""", """", """", ""adult"", ""medal"", [], [], [], [], [""weightlifting""]]",
61,"Unlimited, Two Hands, Men (Olympic)",,,,adult,medal,,,,,,,,NO,NO,hands | two | unlimited,0,"["""", """", """", ""adult"", ""medal"", [], [], [], [], [""hands"", ""two"", ""unlimited""]]",
62,Wrestling,,,,adult,medal,,,,,,,,NO,NO,wrestling,0,"["""", """", """", ""adult"", ""medal"", [], [], [], [], [""wrestling""]]",
63,"Unlimited Class, Greco-Roman, Men (Olympic)",,,,adult,medal,,,,,,,,NO,NO,class | greco | roman | unlimited,0,"["""", """", """", ""adult"", ""medal"", [], [], [], [], [""class"", ""greco"", ""roman"", ""unlimited""]]",
64,Athletics,,,,adult,medal,,,,,,,,NO,NO,athletics,0,"["""", """", """", ""adult"", ""medal"", [], [], [], [], [""athletics""]]",
65,"Pole Vault, Men (Olympic)",,,,adult,medal,,,,,,,,NO,NO,pole | vault,0,"["""", """", """", ""adult"", ""medal"", [], [], [], [], [""pole"", ""vault""]]",
66,"Long Jump, Men (Olympic)",tennis,tennis,men,adult,medal,,,,,,,,NO,NO,jump | long,0,"[""tennis"", ""tennis"", ""men"", ""adult"", ""medal"", [], [], [], [], [""jump"", ""long""]]",fuente1
67,"Shot Put, Men (Olympic)",,,,adult,medal,shot,,,,,,,NO,NO,put,0,"["""", """", """", ""adult"", ""medal"", [""shot""], [], [], [], [""put""]]",
68,"Individual, Men (Olympic)",modern pentathlon,modern pentathlon,men,adult,medal,individual,individual,,,,,individual,NO,NO,,0,"[""modern pentathlon"", ""modern pentathlon"", ""men"", ""adult"", ""medal"", [""individual""], [], [], [], []]",fuente1
69,"Team, Men (Olympic)",modern pentathlon,modern pentathlon,men,adult,medal,team,team,,,,,team,NO,NO,,0,"[""modern pentathlon"", ""modern pentathlon"", ""men"", ""adult"", ""medal"", [""team""], [], [], [], []]",fuente1
70,"Individual, Men (Olympic)",archery,archery,men,adult,medal,individual,individual,,,,,individual,NO,NO,,0,"[""archery"", ""archery"", ""men"", ""adult"", ""medal"", [""individual""], [], [], [], []]",fuente1
71,"Individual, Women (Olympic)",archery,archery,women,adult,medal,individual,individual,,,,,individual,NO,NO,,0,"[""archery"", ""archery"", ""women"", ""adult"", ""medal"", [""individual""], [], [], [], []]",fuente1
72,"Team, Women (Olympic)",archery,archery,women,adult,medal,team,team,,,,,team,NO,NO,,0,"[""archery"", ""archery"", ""women"", ""adult"", ""medal"", [""team""], [], [], [], []]",fuente1
73,"Team, Men (Olympic)",archery,archery,men,adult,medal,team,team,,,,,team,NO,NO,,0,"[""archery"", ""archery"", ""men"", ""adult"", ""medal"", [""team""], [], [], [], []]",fuente1
74,"Target Archery, 28 metres, Team, Men (Olympic)",archery,archery,men,adult,medal,team,team,28:m,,,,team,NO,NO,target,0,"[""archery"", ""archery"", ""men"", ""adult"", ""medal"", [""team""], [""28:m""], [], [], [""target""]]",fuente1
75,"Target Archery, 33 metres, Team, Men (Olympic)",archery,archery,men,adult,medal,team,team,33:m,,,,team,NO,NO,target,0,"[""archery"", ""archery"", ""men"", ""adult"", ""medal"", [""team""], [""33:m""], [], [], [""target""]]",fuente1
76,"Target Archery, 50 metres, Team, Men (Olympic)",archery,archery,men,adult,medal,team,team,50:m,,,,team,NO,NO,target,0,"[""archery"", ""archery"", ""men"", ""adult"", ""medal"", [""team""], [""50:m""], [], [], [""target""]]",fuente1
77,"Pole Archery, Small Birds, Individual, Men (Olympic)",archery,archery,men,adult,medal,individual,individual,,,,,individual,NO,NO,birds | pole | small,0,"[""archery"", ""archery"", ""men"", ""adult"", ""medal"", [""individual""], [], [], [], [""birds"", ""pole"", ""small""]]",fuente1
78,"Pole Archery, Large Birds, Individual, Men (Olympic)",archery,archery,men,adult,medal,individual,individual,,,,,individual,NO,NO,birds | large | pole,0,"[""archery"", ""archery"", ""men"", ""adult"", ""medal"", [""individual""], [], [], [], [""birds"", ""large"", ""pole""]]",fuente1
79,"Pole Archery, Small Birds, Team, Men (Olympic)",archery,archery,men,adult,medal,team,team,,,,,team,NO,NO,birds | pole | small,0,"[""archery"", ""archery"", ""men"", ""adult"", ""medal"", [""team""], [], [], [], [""birds"", ""pole"", ""small""]]",fuente1
80,"Pole Archery, Large Birds, Team, Men (Olympic)",archery,archery,men,adult,medal,team,team,,,,,team,NO,NO,birds | large | pole,0,"[""archery"", ""archery"", ""men"", ""adult"", ""medal"", [""team""], [], [], [], [""birds"", ""large"", ""pole""]]",fuente1
81,"Sur La Perche À La Herse, Men (Olympic)",,,,adult,medal,,,,,,,,NO,NO,a | herse | la | la | perche | sur,0,"["""", """", """", ""adult"", ""medal"", [], [], [], [], [""a"", ""herse"", ""la"", ""la"", ""perche"", ""sur""]]",
82,"Au Chapelet, 33 metres, Men (Olympic)",,,,adult,medal,,,33:m,,,,,NO,NO,au | chapelet,0,"["""", """", """", ""adult"", ""medal"", [], [""33:m""], [], [], [""au"", ""chapelet""]]",
83,"Au Chapelet, 50 metres, Men (Olympic)",,,,adult,medal,,,50:m,,,,,NO,NO,au | chapelet,0,"["""", """", """", ""adult"", ""medal"", [], [""50:m""], [], [], [""au"", ""chapelet""]]",
84,"Au Cordon Doré, 33 metres, Men (Olympic)",,,,adult,medal,,,33:m,,,,,NO,NO,au | cordon | dore,0,"["""", """", """", ""adult"", ""medal"", [], [""33:m""], [], [], [""au"", ""cordon"", ""dore""]]",
85,"Au Cordon Doré, 50 metres, Men (Olympic)",,,,adult,medal,,,50:m,,,,,NO,NO,au | cordon | dore,0,"["""", """", """", ""adult"", ""medal"", [], [""50:m""], [], [], [""au"", ""cordon"", ""dore""]]",
86,"Championnat Du Monde, Men (Olympic)",,,,adult,medal,,,,,,,,NO,NO,championnat | du | monde,0,"["""", """", """", ""adult"", ""medal"", [], [], [], [], [""championnat"", ""du"", ""monde""]]",
87,"Target Archery, 28 metres, Individual, Men (Olympic)",archery,archery,men,adult,medal,individual,individual,28:m,,,,individual,NO,NO,target,0,"[""archery"", ""archery"", ""men"", ""adult"", ""medal"", [""individual""], [""28:m""], [], [], [""target""]]",fuente1
88,"Target Archery, 33 metres, Individual, Men (Olympic)",archery,archery,men,adult,medal,individual,individual,33:m,,,,individual,NO,NO,target,0,"[""archery"", ""archery"", ""men"", ""adult"", ""medal"", [""individual""], [""33:m""], [], [], [""target""]]",fuente1
89,"Target Archery, 50 metres, Individual, Men (Olympic)",archery,archery,men,adult,medal,individual,individual,50:m,,,,individual,NO,NO,target,0,"[""archery"", ""archery"", ""men"", ""adult"", ""medal"", [""individual""], [""50:m""], [], [], [""target""]]",fuente1
90,"Continental Style, Men (Olympic)",,,,adult,medal,,,,,,,,NO,NO,continental | style,0,"["""", """", """", ""adult"", ""medal"", [], [], [], [], [""continental"", ""style""]]",
91,"Double York Round, Men (Olympic)",,,,adult,medal,double,,,,,,double,NO,NO,round | york,0,"["""", """", """", ""adult"", ""medal"", [""double""], [], [], [], [""round"", ""york""]]",
92,"Sur La Perche À La Pyramide, Men (Olympic)",,,,adult,medal,,,,,,,,NO,NO,a | la | la | perche | pyramide | sur,0,"["""", """", """", ""adult"", ""medal"", [], [], [], [], [""a"", ""la"", ""la"", ""perche"", ""pyramide"", ""sur""]]",
93,"French Championship, Individual, Men (Olympic (non-medal))",,,,adult,medal,individual,individual,,,,,individual,NO,NO,championship | french,0,"["""", """", """", ""adult"", ""medal"", [""individual""], [], [], [], [""championship"", ""french""]]",
94,"Double National Round, Women (Olympic)",,,,adult,medal,double,,,,,,double,NO,NO,national | round,0,"["""", """", """", ""adult"", ""medal"", [""double""], [], [], [], [""national"", ""round""]]",
95,"1,500 metres, Men (Olympic)",,,,adult,medal,,,1500:m,,,,,NO,NO,,0,"["""", """", """", ""adult"", ""medal"", [], [""1500:m""], [], [], []]",
96,"Marathon, Men (Olympic)",athletics,athletics,men,adult,medal,,,,,,,,NO,NO,marathon,0,"[""athletics"", ""athletics"", ""men"", ""adult"", ""medal"", [], [], [], [], [""marathon""]]",fuente1
97,"Doubles, Women (Olympic (non-medal))",badminton,badminton,women,adult,medal,doubles,,,,,,,NO,NO,,0,"[""badminton"", ""badminton"", ""women"", ""adult"", ""medal"", [""doubles""], [], [], [], []]",fuente1
98,"Doubles, Men (Olympic (non-medal))",badminton,badminton,men,adult,medal,doubles,,,,,,,NO,NO,,0,"[""badminton"", ""badminton"", ""men"", ""adult"", ""medal"", [""doubles""], [], [], [], []]",fuente1
99,"Singles, Women (Olympic (non-medal))",badminton,badminton,women,adult,medal,singles,,,,,,,NO,NO,,0,"[""badminton"", ""badminton"", ""women"", ""adult"", ""medal"", [""singles""], [], [], [], []]",fuente1
100,"Doubles, Mixed (Olympic (non-medal))",badminton,badminton,mixed,adult,medal,doubles | mixed,,,,,,,NO,NO,,0,"[""badminton"", ""badminton"", ""mixed"", ""adult"", ""medal"", [""doubles"", ""mixed""], [], [], [], []]",fuente1
101,"Welterweight, Men (Olympic)",boxing,boxing,men,adult,medal,,,,,,,,NO,NO,welterweight,0,"[""boxing"", ""boxing"", ""men"", ""adult"", ""medal"", [], [], [], [], [""welterweight""]]",fuente1
102,"Light-Heavyweight, Men (Olympic)",boxing,boxing,men,adult,medal,heavyweight,,,,,,,NO,NO,light,0,"[""boxing"", ""boxing"", ""men"", ""adult"", ""medal"", [""heavyweight""], [], [], [], [""light""]]",fuente1
103,"Featherweight, Men (Olympic)",,,,adult,medal,,,,,,,,NO,NO,featherweight,0,"["""", """", """", ""adult"", ""medal"", [], [], [], [], [""featherweight""]]",
104,"Light-Welterweight, Men (Olympic)",boxing,boxing,men,adult,medal,,,,,,,,NO,NO,light | welterweight,0,"[""boxing"", ""boxing"", ""men"", ""adult"", ""medal"", [], [], [], [], [""light"", ""welterweight""]]",fuente1
105,"Flyweight, Men (Olympic)",boxing,boxing,men,adult,medal,,,,,,,,NO,NO,flyweight,0,"[""boxing"", ""boxing"", ""men"", ""adult"", ""medal"", [], [], [], [], [""flyweight""]]",fuente1
106,"Lightweight, Men (Olympic)",,,,adult,medal,lightweight,,,,,,,NO,NO,,0,"["""", """", """", ""adult"", ""medal"", [""lightweight""], [], [], [], []]",
107,"Heavyweight, Men (Olympic)",boxing,boxing,men,adult,medal,heavyweight,,,,,,,NO,NO,,0,"[""boxing"", ""boxing"", ""men"", ""adult"", ""medal"", [""heavyweight""], [], [], [], []]",fuente1
108,"Bantamweight, Men (Olympic)",,,,adult,medal,,,,,,,,NO,NO,bantamweight,0,"["""", """", """", ""adult"", ""medal"", [], [], [], [], [""bantamweight""]]",
109,"Light-Flyweight, Men (Olympic)",boxing,boxing,men,adult,medal,,,,,,,,NO,NO,flyweight | light,0,"[""boxing"", ""boxing"", ""men"", ""adult"", ""medal"", [], [], [], [], [""flyweight"", ""light""]]",fuente1
110,"Middleweight, Men (Olympic)",boxing,boxing,men,adult,medal,middleweight,,,,,,,NO,NO,,0,"[""boxing"", ""boxing"", ""men"", ""adult"", ""medal"", [""middleweight""], [], [], [], []]",fuente1
111,"Light-Middleweight, Men (Olympic)",boxing,boxing,men,adult,medal,middleweight,,,,,,,NO,NO,light,0,"[""boxing"", ""boxing"", ""men"", ""adult"", ""medal"", [""middleweight""], [], [], [], [""light""]]",fuente1
112,"Super-Heavyweight, Men (Olympic)",boxing,boxing,men,adult,medal,heavyweight,,,,,,,NO,NO,super,0,"[""boxing"", ""boxing"", ""men"", ""adult"", ""medal"", [""heavyweight""], [], [], [], [""super""]]",fuente1
113,"Softball, Women (Olympic)",baseball softball,softball,women,adult,medal,,,,,,,,NO,NO,,0,"[""baseball softball"", ""softball"", ""women"", ""adult"", ""medal"", [], [], [], [], []]",fuente1
114,"Baseball, Men (Olympic)",baseball softball,baseball,men,adult,medal,,,,,,,,NO,NO,,0,"[""baseball softball"", ""baseball"", ""men"", ""adult"", ""medal"", [], [], [], [], []]",fuente1
115,"Baseball, Men (Olympic (non-medal))",baseball softball,baseball,men,adult,medal,,,,,,,,NO,NO,,0,"[""baseball softball"", ""baseball"", ""men"", ""adult"", ""medal"", [], [], [], [], []]",fuente1
116,"Team, Mixed (Olympic)",archery,archery,mixed,adult,medal,mixed | team,team,,,,,team,NO,NO,,0,"[""archery"", ""archery"", ""mixed"", ""adult"", ""medal"", [""mixed"", ""team""], [], [], [], []]",fuente1
117,"Double Columbia Round, Women (Olympic)",,,,adult,medal,double,,,,,,double,NO,NO,columbia | round,0,"["""", """", """", ""adult"", ""medal"", [""double""], [], [], [], [""columbia"", ""round""]]",
118,"Team Round, Women (Olympic)",archery,archery,women,adult,medal,team,team,,,,,team,NO,NO,round,0,"[""archery"", ""archery"", ""women"", ""adult"", ""medal"", [""team""], [], [], [], [""round""]]",fuente1
119,"Flight Shooting, Women (Olympic (non-medal))",,,,adult,medal,,,,,,,,NO,NO,flight | shooting,0,"["""", """", """", ""adult"", ""medal"", [], [], [], [], [""flight"", ""shooting""]]",
120,"Double American Round, Men (Olympic)",,,,adult,medal,double,,,,,,double,NO,NO,american | round,0,"["""", """", """", ""adult"", ""medal"", [""double""], [], [], [], [""american"", ""round""]]",
121,"Team Round, Men (Olympic)",archery,archery,men,adult,medal,team,team,,,,,team,NO,NO,round,0,"[""archery"", ""archery"", ""men"", ""adult"", ""medal"", [""team""], [], [], [], [""round""]]",fuente1
122,"Flight Shooting, Men (Olympic (non-medal))",,,,adult,medal,,,,,,,,NO,NO,flight | shooting,0,"["""", """", """", ""adult"", ""medal"", [], [], [], [], [""flight"", ""shooting""]]",
123,"8 metres, Open (Olympic)",,,,adult,medal,open,,8:m,,,,,NO,NO,,0,"["""", """", """", ""adult"", ""medal"", [""open""], [""8:m""], [], [], []]",
124,Tennis,,,,adult,medal,,,,,,,,NO,NO,tennis,0,"["""", """", """", ""adult"", ""medal"", [], [], [], [], [""tennis""]]",
125,"Singles, Men (Olympic)",,,,adult,medal,singles,,,,,,,NO,NO,,0,"["""", """", """", ""adult"", ""medal"", [""singles""], [], [], [], []]",
126,"Doubles, Mixed (Olympic)",,,,adult,medal,doubles | mixed,,,,,,,NO,NO,,0,"["""", """", """", ""adult"", ""medal"", [""doubles"", ""mixed""], [], [], [], []]",
127,"Doubles, Men (Olympic)",,,,adult,medal,doubles,,,,,,,NO,NO,,0,"["""", """", """", ""adult"", ""medal"", [""doubles""], [], [], [], []]",
128,"Singles, Covered Courts, Men (Olympic)",,,,adult,medal,singles,,,,,,,NO,NO,courts | covered,0,"["""", """", """", ""adult"", ""medal"", [""singles""], [], [], [], [""courts"", ""covered""]]",
129,"Doubles, Covered Courts, Men (Olympic)",,,,adult,medal,doubles,,,,,,,NO,NO,courts | covered,0,"["""", """", """", ""adult"", ""medal"", [""doubles""], [], [], [], [""courts"", ""covered""]]",
130,"Painting, Unknown Event, Open (Olympic)",,,,adult,medal,open,,,,,,,NO,NO,painting | unknown,0,"["""", """", """", ""adult"", ""medal"", [""open""], [], [], [], [""painting"", ""unknown""]]",
131,"Individual, Men (Olympic)",golf,golf,men,adult,medal,individual,individual,,,,,individual,NO,NO,,0,"[""golf"", ""golf"", ""men"", ""adult"", ""medal"", [""individual""], [], [], [], []]",fuente1
132,"Individual, Men (Olympic (non-medal))",golf,golf,men,adult,medal,individual,individual,,,,,individual,NO,NO,,0,"[""golf"", ""golf"", ""men"", ""adult"", ""medal"", [""individual""], [], [], [], []]",fuente1
133,Tennis,,,,adult,medal,,,,,,,,NO,NO,tennis,0,"["""", """", """", ""adult"", ""medal"", [], [], [], [], [""tennis""]]",
134,"Doubles, Men (Olympic)",golf,golf,men,adult,medal,doubles,,,,,,,NO,NO,,0,"[""golf"", ""golf"", ""men"", ""adult"", ""medal"", [""doubles""], [], [], [], []]",fuente1
135,"Team, Men (Olympic)",golf,golf,men,adult,medal,team,team,,,,,team,NO,NO,,0,"[""golf"", ""golf"", ""men"", ""adult"", ""medal"", [""team""], [], [], [], []]",fuente1
136,"Team, Men (Olympic (non-medal))",golf,golf,men,adult,medal,team,team,,,,,team,NO,NO,,0,"[""golf"", ""golf"", ""men"", ""adult"", ""medal"", [""team""], [], [], [], []]",fuente1
137,"Singles, Men (Olympic)",golf,golf,men,adult,medal,singles,,,,,,,NO,NO,,0,"[""golf"", ""golf"", ""men"", ""adult"", ""medal"", [""singles""], [], [], [], []]",fuente1
138,"Singles, Men (Olympic (non-medal))",golf,golf,men,adult,medal,singles,,,,,,,NO,NO,,0,"[""golf"", ""golf"", ""men"", ""adult"", ""medal"", [""singles""], [], [], [], []]",fuente1
139,"Doubles, Men (Olympic (non-medal))",golf,golf,men,adult,medal,doubles,,,,,,,NO,NO,,0,"[""golf"", ""golf"", ""men"", ""adult"", ""medal"", [""doubles""], [], [], [], []]",fuente1
140,"Individual, Handicap, Men (Olympic (non-medal))",golf,golf,men,adult,medal,individual,individual,,,,,individual,NO,NO,handicap,0,"[""golf"", ""golf"", ""men"", ""adult"", ""medal"", [""individual""], [], [], [], [""handicap""]]",fuente1
141,"Doubles, Mixed (Olympic)",,,,adult,medal,doubles | mixed,,,,,,,NO,NO,,0,"["""", """", """", ""adult"", ""medal"", [""doubles"", ""mixed""], [], [], [], []]",
142,"Doubles, Handicap, Mixed (Olympic (non-medal))",,,,adult,medal,doubles | mixed,,,,,,,NO,NO,handicap,0,"["""", """", """", ""adult"", ""medal"", [""doubles"", ""mixed""], [], [], [], [""handicap""]]",
143,"Doubles, Handicap, Men (Olympic (non-medal))",golf,golf,men,adult,medal,doubles,,,,,,,NO,NO,handicap,0,"[""golf"", ""golf"", ""men"", ""adult"", ""medal"", [""doubles""], [], [], [], [""handicap""]]",fuente1
144,"Singles, Handicap, Men (Olympic (non-medal))",golf,golf,men,adult,medal,singles,,,,,,,NO,NO,handicap,0,"[""golf"", ""golf"", ""men"", ""adult"", ""medal"", [""singles""], [], [], [], [""handicap""]]",fuente1
145,"Singles, Men (Olympic)",,,,adult,medal,singles,,,,,,,NO,NO,,0,"["""", """", """", ""adult"", ""medal"", [""singles""], [], [], [], []]",
146,"Long Jump, Men (Olympic (non-medal))",tennis,tennis,men,adult,medal,,,,,,,,NO,NO,jump | long,0,"[""tennis"", ""tennis"", ""men"", ""adult"", ""medal"", [], [], [], [], [""jump"", ""long""]]",fuente1
147,"Long Jump, Handicap, Men (Olympic (non-medal))",tennis,tennis,men,adult,medal,,,,,,,,NO,NO,handicap | jump | long,0,"[""tennis"", ""tennis"", ""men"", ""adult"", ""medal"", [], [], [], [], [""handicap"", ""jump"", ""long""]]",fuente1
148,Golf,,,,adult,medal,,,,,,,,NO,NO,golf,0,"["""", """", """", ""adult"", ""medal"", [], [], [], [], [""golf""]]",
149,"Individual, Men (Olympic)",,,,adult,medal,individual,individual,,,,,individual,NO,NO,,0,"["""", """", """", ""adult"", ""medal"", [""individual""], [], [], [], []]",
150,"Basketball, Men (Olympic)",basketball,basketball,men,adult,medal,,,,,,,,NO,NO,,0,"[""basketball"", ""basketball"", ""men"", ""adult"", ""medal"", [], [], [], [], []]",fuente1
151,"Road Race, Individual, Men (Olympic)",cycling,cycling road,men,adult,medal,individual,individual,,,,,individual,NO,NO,race,0,"[""cycling"", ""cycling road"", ""men"", ""adult"", ""medal"", [""individual""], [], [], [], [""race""]]",fuente1
152,"Basketball, Women (Olympic)",basketball,basketball,women,adult,medal,,,,,,,,NO,NO,,0,"[""basketball"", ""basketball"", ""women"", ""adult"", ""medal"", [], [], [], [], []]",fuente1
153,"Triple Jump, Women (Olympic)",athletics,athletics,women,adult,medal,,,,,,,,NO,NO,jump | triple,0,"[""athletics"", ""athletics"", ""women"", ""adult"", ""medal"", [], [], [], [], [""jump"", ""triple""]]",fuente1
154,"Handball, Women (Olympic)",handball,handball,women,adult,medal,,,,,,,,NO,NO,,0,"[""handball"", ""handball"", ""women"", ""adult"", ""medal"", [], [], [], [], []]",fuente1
155,"Australian Rules Football, Men (Olympic (non-medal))",,,,adult,medal,,,,,,,,NO,NO,australian | football | rules,0,"["""", """", """", ""adult"", ""medal"", [], [], [], [], [""australian"", ""football"", ""rules""]]",
156,"One Person Dinghy, Open (Olympic)",,,,adult,medal,open,,,,,,,NO,NO,dinghy | one | person,0,"["""", """", """", ""adult"", ""medal"", [""open""], [], [], [], [""dinghy"", ""one"", ""person""]]",
157,"Decathlon, Men (Olympic)",athletics,athletics,men,adult,medal,,,,,,,,NO,NO,decathlon,0,"[""athletics"", ""athletics"", ""men"", ""adult"", ""medal"", [], [], [], [], [""decathlon""]]",fuente1
158,"Four, Men (Olympic)",bobsleigh,bobsleigh,men,adult,medal,four,,,,,,four,NO,NO,,0,"[""bobsleigh"", ""bobsleigh"", ""men"", ""adult"", ""medal"", [""four""], [], [], [], []]",fuente1
159,Football (Football),,,,adult,medal,,,,,,,,NO,NO,football | football,0,"["""", """", """", ""adult"", ""medal"", [], [], [], [], [""football"", ""football""]]",
160,"Football, Men (Olympic)",,,,adult,medal,,,,,,,,NO,NO,football,0,"["""", """", """", ""adult"", ""medal"", [], [], [], [], [""football""]]",
161,Athletics,,,,adult,medal,,,,,,,,NO,NO,athletics,0,"["""", """", """", ""adult"", ""medal"", [], [], [], [], [""athletics""]]",
162,"100 yards, Men (Olympic (non-medal))",boxing,boxing,men,adult,medal,,,100:yd,,,,,NO,NO,,0,"[""boxing"", ""boxing"", ""men"", ""adult"", ""medal"", [], [""100:yd""], [], [], []]",fuente1
163,"440 yards, Men (Olympic (non-medal))",boxing,boxing,men,adult,medal,,,440:yd,,,,,NO,NO,,0,"[""boxing"", ""boxing"", ""men"", ""adult"", ""medal"", [], [""440:yd""], [], [], []]",fuente1
164,"100 yards, Handicap, Men (Olympic (non-medal))",boxing,boxing,men,adult,medal,,,100:yd,,,,,NO,NO,handicap,0,"[""boxing"", ""boxing"", ""men"", ""adult"", ""medal"", [], [""100:yd""], [], [], [""handicap""]]",fuente1
165,"220 yards, Handicap, Men (Olympic (non-medal))",,,,adult,medal,,,220:yd,,,,,NO,NO,handicap,0,"["""", """", """", ""adult"", ""medal"", [], [""220:yd""], [], [], [""handicap""]]",
166,"440 yards, Handicap, Men (Olympic (non-medal))",boxing,boxing,men,adult,medal,,,440:yd,,,,,NO,NO,handicap,0,"[""boxing"", ""boxing"", ""men"", ""adult"", ""medal"", [], [""440:yd""], [], [], [""handicap""]]",fuente1
167,"Kayak Doubles, 500 metres, Women (Olympic)",,,,adult,medal,doubles,,500:m,,,,,NO,NO,kayak,0,"["""", """", """", ""adult"", ""medal"", [""doubles""], [""500:m""], [], [], [""kayak""]]",
168,"Kayak Singles, 500 metres, Women (Olympic)",,,,adult,medal,singles,,500:m,,,,,NO,NO,kayak,0,"["""", """", """", ""adult"", ""medal"", [""singles""], [""500:m""], [], [], [""kayak""]]",
169,"Kayak Doubles, 500 metres, Men (Olympic)",,,,adult,medal,doubles,,500:m,,,,,NO,NO,kayak,0,"["""", """", """", ""adult"", ""medal"", [""doubles""], [""500:m""], [], [], [""kayak""]]",
170,"Kayak Fours, 1,000 metres, Men (Olympic)",,,,adult,medal,,,1000:m,,,,,NO,NO,fours | kayak,0,"["""", """", """", ""adult"", ""medal"", [], [""1000:m""], [], [], [""fours"", ""kayak""]]",
171,"Kayak Singles, 500 metres, Men (Olympic)",,,,adult,medal,singles,,500:m,,,,,NO,NO,kayak,0,"["""", """", """", ""adult"", ""medal"", [""singles""], [""500:m""], [], [], [""kayak""]]",
172,"Kayak Doubles, 1,000 metres, Men (Olympic)",,,,adult,medal,doubles,,1000:m,,,,,NO,NO,kayak,0,"["""", """", """", ""adult"", ""medal"", [""doubles""], [""1000:m""], [], [], [""kayak""]]",
173,"Kayak Singles, 1,000 metres, Men (Olympic)",,,,adult,medal,singles,,1000:m,,,,,NO,NO,kayak,0,"["""", """", """", ""adult"", ""medal"", [""singles""], [""1000:m""], [], [], [""kayak""]]",
174,"Kayak Singles, Slalom, Men (Olympic)",,,,adult,medal,singles,,,,,,,NO,NO,kayak | slalom,0,"["""", """", """", ""adult"", ""medal"", [""singles""], [], [], [], [""kayak"", ""slalom""]]",
175,"Kayak Fours, 500 metres, Women (Olympic)",,,,adult,medal,,,500:m,,,,,NO,NO,fours | kayak,0,"["""", """", """", ""adult"", ""medal"", [], [""500:m""], [], [], [""fours"", ""kayak""]]",
176,"Kayak Singles, Slalom, Women (Olympic)",,,,adult,medal,singles,,,,,,,NO,NO,kayak | slalom,0,"["""", """", """", ""adult"", ""medal"", [""singles""], [], [], [], [""kayak"", ""slalom""]]",
177,"Kayak Singles, 10,000 metres, Men (Olympic)",canoeing,canoe marathon,men,adult,medal,singles,,10000:m,,,,,NO,NO,kayak,0,"[""canoeing"", ""canoe marathon"", ""men"", ""adult"", ""medal"", [""singles""], [""10000:m""], [], [], [""kayak""]]",fuente1
178,"Canadian Singles, Slalom, Men (Olympic)",,,,adult,medal,singles,,,,,,,NO,NO,canadian | slalom,0,"["""", """", """", ""adult"", ""medal"", [""singles""], [], [], [], [""canadian"", ""slalom""]]",
179,Canoe Marathon (Canoeing),,,,adult,medal,,,,,,,,NO,NO,canoe | canoeing | marathon,0,"["""", """", """", ""adult"", ""medal"", [], [], [], [], [""canoe"", ""canoeing"", ""marathon""]]",
180,"Kayak Doubles, 10,000 metres, Men (Olympic)",canoeing,canoe sprint,men,adult,medal,doubles,,10000:m,,,,,NO,NO,kayak,0,"[""canoeing"", ""canoe sprint"", ""men"", ""adult"", ""medal"", [""doubles""], [""10000:m""], [], [], [""kayak""]]",fuente1
181,"Kayak Relay, 4 × 500 metres, Men (Olympic)",,,,adult,medal,relay,,500:m,,,,relay,NO,NO,4 | kayak | x,0,"["""", """", """", ""adult"", ""medal"", [""relay""], [""500:m""], [], [], [""4"", ""kayak"", ""x""]]",
182,"Canadian Doubles, Slalom, Men (Olympic)",,,,adult,medal,doubles,,,,,,,NO,NO,canadian | slalom,0,"["""", """", """", ""adult"", ""medal"", [""doubles""], [], [], [], [""canadian"", ""slalom""]]",
183,"Canadian Singles, 1,000 metres, Men (Olympic)",,,,adult,medal,singles,,1000:m,,,,,NO,NO,canadian,0,"["""", """", """", ""adult"", ""medal"", [""singles""], [""1000:m""], [], [], [""canadian""]]",
184,"Canadian Singles, 10,000 metres, Men (Olympic)",,,,adult,medal,singles,,10000:m,,,,,NO,NO,canadian,0,"["""", """", """", ""adult"", ""medal"", [""singles""], [""10000:m""], [], [], [""canadian""]]",
185,"Canadian Doubles, 1,000 metres, Men (Olympic)",,,,adult,medal,doubles,,1000:m,,,,,NO,NO,canadian,0,"["""", """", """", ""adult"", ""medal"", [""doubles""], [""1000:m""], [], [], [""canadian""]]",
186,"Canadian Doubles, 10,000 metres, Men (Olympic)",,,,adult,medal,doubles,,10000:m,,,,,NO,NO,canadian,0,"["""", """", """", ""adult"", ""medal"", [""doubles""], [""10000:m""], [], [], [""canadian""]]",
187,"Folding Kayak Doubles, 10,000 metres, Men (Olympic)",canoeing,canoe sprint,men,adult,medal,doubles,,10000:m,,,,,NO,NO,folding | kayak,0,"[""canoeing"", ""canoe sprint"", ""men"", ""adult"", ""medal"", [""doubles""], [""10000:m""], [], [], [""folding"", ""kayak""]]",fuente1
188,"Folding Kayak Singles, 10,000 metres, Men (Olympic)",canoeing,canoe sprint,men,adult,medal,singles,,10000:m,,,,,NO,NO,folding | kayak,0,"[""canoeing"", ""canoe sprint"", ""men"", ""adult"", ""medal"", [""singles""], [""10000:m""], [], [], [""folding"", ""kayak""]]",fuente1
189,"Kayak Doubles, 10,000 metres, Men (Olympic)",canoeing,canoe marathon,men,adult,medal,doubles,,10000:m,,,,,NO,NO,kayak,0,"[""canoeing"", ""canoe marathon"", ""men"", ""adult"", ""medal"", [""doubles""], [""10000:m""], [], [], [""kayak""]]",fuente1
190,"Kayak Singles, 10,000 metres, Men (Olympic)",canoeing,canoe sprint,men,adult,medal,singles,,10000:m,,,,,NO,NO,kayak,0,"[""canoeing"", ""canoe sprint"", ""men"", ""adult"", ""medal"", [""singles""], [""10000:m""], [], [], [""kayak""]]",fuente1
191,"Folding Kayak Singles, 10,000 metres, Men (Olympic)",canoeing,canoe marathon,men,adult,medal,singles,,10000:m,,,,,NO,NO,folding | kayak,0,"[""canoeing"", ""canoe marathon"", ""men"", ""adult"", ""medal"", [""singles""], [""10000:m""], [], [], [""folding"", ""kayak""]]",fuente1
192,"Folding Kayak Doubles, 10,000 metres, Men (Olympic)",canoeing,canoe marathon,men,adult,medal,doubles,,10000:m,,,,,NO,NO,folding | kayak,0,"[""canoeing"", ""canoe marathon"", ""men"", ""adult"", ""medal"", [""doubles""], [""10000:m""], [], [], [""folding"", ""kayak""]]",fuente1
193,"Canadian Singles, 500 metres, Men (Olympic)",,,,adult,medal,singles,,500:m,,,,,NO,NO,canadian,0,"["""", """", """", ""adult"", ""medal"", [""singles""], [""500:m""], [], [], [""canadian""]]",
194,"Canadian Doubles, 500 metres, Men (Olympic)",,,,adult,medal,doubles,,500:m,,,,,NO,NO,canadian,0,"["""", """", """", ""adult"", ""medal"", [""doubles""], [""500:m""], [], [], [""canadian""]]",
195,"Small-Bore Rifle, Prone, 50 metres, Open (Olympic)",,,,adult,medal,open,,50:m,,,,,NO,NO,bore | prone | rifle | small,0,"["""", """", """", ""adult"", ""medal"", [""open""], [""50:m""], [], [], [""bore"", ""prone"", ""rifle"", ""small""]]",
196,"Canadian Doubles, 10,000 metres, Men (Olympic)",,,,adult,medal,doubles,,10000:m,,,,,NO,NO,canadian,0,"["""", """", """", ""adult"", ""medal"", [""doubles""], [""10000:m""], [], [], [""canadian""]]",
197,"Canadian Singles, 10,000 metres, Men (Olympic)",,,,adult,medal,singles,,10000:m,,,,,NO,NO,canadian,0,"["""", """", """", ""adult"", ""medal"", [""singles""], [""10000:m""], [], [], [""canadian""]]",
198,"Single Sculls, Women (Olympic)",rowing,rowing,women,adult,medal,single,,,,,,single,NO,NO,sculls,0,"[""rowing"", ""rowing"", ""women"", ""adult"", ""medal"", [""single""], [], [], [], [""sculls""]]",fuente1
199,"Team Pursuit, 4,000 metres, Men (Olympic)",,,,adult,medal,pursuit | team,team,4000:m,,,,team,NO,NO,,0,"["""", """", """", ""adult"", ""medal"", [""pursuit"", ""team""], [""4000:m""], [], [], []]",
200,"Road Race, Team, Men (Olympic)",,,,adult,medal,team,team,,,,,team,NO,NO,race | road,0,"["""", """", """", ""adult"", ""medal"", [""team""], [], [], [], [""race"", ""road""]]",
201,"100 kilometres Team Time Trial, Men (Olympic)",cycling,cycling road,men,adult,medal,team,team,100:km,,,,team,NO,NO,time | trial,0,"[""cycling"", ""cycling road"", ""men"", ""adult"", ""medal"", [""team""], [""100:km""], [], [], [""time"", ""trial""]]",fuente1
202,"Polo, Men (Olympic)",polo,polo,men,adult,medal,,,,,,,,NO,NO,,0,"[""polo"", ""polo"", ""men"", ""adult"", ""medal"", [], [], [], [], []]",fuente1
203,"Rugby, Men (Olympic)",rugby,rugby,men,adult,medal,,,,,,,,NO,NO,,0,"[""rugby"", ""rugby"", ""men"", ""adult"", ""medal"", [], [], [], [], []]",fuente1
204,"Eights, Men (Olympic)",,,,adult,medal,,,,,,,,NO,NO,eights,0,"["""", """", """", ""adult"", ""medal"", [], [], [], [], [""eights""]]",
205,"Individual, Open (Olympic)",,,,adult,medal,individual | open,individual,,,,,individual,NO,NO,,0,"["""", """", """", ""adult"", ""medal"", [""individual"", ""open""], [], [], [], []]",
206,"Team, Open (Olympic)",,,,adult,medal,open | team,team,,,,,team,NO,NO,,0,"["""", """", """", ""adult"", ""medal"", [""open"", ""team""], [], [], [], []]",
207,"Team, Open (Olympic)",,,,adult,medal,open | team,team,,,,,team,NO,NO,,0,"["""", """", """", ""adult"", ""medal"", [""open"", ""team""], [], [], [], []]",
208,"Individual, Open (Olympic)",,,,adult,medal,individual | open,individual,,,,,individual,NO,NO,,0,"["""", """", """", ""adult"", ""medal"", [""individual"", ""open""], [], [], [], []]",
209,"Individual, Open (Olympic)",,,,adult,medal,individual | open,individual,,,,,individual,NO,NO,,0,"["""", """", """", ""adult"", ""medal"", [""individual"", ""open""], [], [], [], []]",
210,"Team, Open (Olympic)",,,,adult,medal,open | team,team,,,,,team,NO,NO,,0,"["""", """", """", ""adult"", ""medal"", [""open"", ""team""], [], [], [], []]",
211,"Tug-Of-War, Men (Olympic)",tug of war,tug of war,men,adult,medal,,,,,,,,NO,NO,,0,"[""tug of war"", ""tug of war"", ""men"", ""adult"", ""medal"", [], [], [], [], []]",fuente1
212,"Lacrosse, Men (Olympic)",lacrosse,lacrosse,men,adult,medal,,,,,,,,NO,NO,,0,"[""lacrosse"", ""lacrosse"", ""men"", ""adult"", ""medal"", [], [], [], [], []]",fuente1
213,"Hacks and Hunter Combined, Open (Olympic)",,,,adult,medal,combined | open,,,,,,,NO,NO,and | hacks | hunter,0,"["""", """", """", ""adult"", ""medal"", [""combined"", ""open""], [], [], [], [""and"", ""hacks"", ""hunter""]]",
214,"Springboard, Women (Olympic)",aquatics,diving,women,adult,medal,,,,,,,,NO,NO,springboard,0,"[""aquatics"", ""diving"", ""women"", ""adult"", ""medal"", [], [], [], [], [""springboard""]]",fuente1
215,"Individual, Men (Olympic)",,,,adult,medal,individual,individual,,,,,individual,NO,NO,,0,"["""", """", """", ""adult"", ""medal"", [""individual""], [], [], [], []]",
216,"Team, Men (Olympic)",,,,adult,medal,team,team,,,,,team,NO,NO,,0,"["""", """", """", ""adult"", ""medal"", [""team""], [], [], [], []]",
217,"Individual, Men (Olympic)",,,,adult,medal,individual,individual,,,,,individual,NO,NO,,0,"["""", """", """", ""adult"", ""medal"", [""individual""], [], [], [], []]",
218,"Team, Men (Olympic)",,,,adult,medal,team,team,,,,,team,NO,NO,,0,"["""", """", """", ""adult"", ""medal"", [""team""], [], [], [], []]",
219,"Individual, Men (Olympic)",,,,adult,medal,individual,individual,,,,,individual,NO,NO,,0,"["""", """", """", ""adult"", ""medal"", [""individual""], [], [], [], []]",
220,"Team, Men (Olympic)",,,,adult,medal,team,team,,,,,team,NO,NO,,0,"["""", """", """", ""adult"", ""medal"", [""team""], [], [], [], []]",
221,Equestrian Eventing (Equestrian),,,,adult,medal,,,,,,,,NO,NO,equestrian | equestrian | eventing,0,"["""", """", """", ""adult"", ""medal"", [], [], [], [], [""equestrian"", ""equestrian"", ""eventing""]]",
222,"Winter Pentathlon, Men (Olympic (non-medal))",,,,adult,medal,,,,,,,,NO,NO,pentathlon | winter,0,"["""", """", """", ""adult"", ""medal"", [], [], [], [], [""pentathlon"", ""winter""]]",
223,Equestrian Eventing (Equestrian),,,,adult,medal,,,,,,,,NO,NO,equestrian | equestrian | eventing,0,"["""", """", """", ""adult"", ""medal"", [], [], [], [], [""equestrian"", ""equestrian"", ""eventing""]]",
224,"Individual, Men (Olympic)",,,,adult,medal,individual,individual,,,,,individual,NO,NO,,0,"["""", """", """", ""adult"", ""medal"", [""individual""], [], [], [], []]",
225,"Team, Men (Olympic)",,,,adult,medal,team,team,,,,,team,NO,NO,,0,"["""", """", """", ""adult"", ""medal"", [""team""], [], [], [], []]",
226,"Four-In-Hand Competition, Open (Olympic)",,,,adult,medal,four | open,,,,,,four,NO,NO,hand | in,0,"["""", """", """", ""adult"", ""medal"", [""four"", ""open""], [], [], [], [""hand"", ""in""]]",
227,Equestrian Dressage (Equestrian),,,,adult,medal,,,,,,,,NO,NO,dressage | equestrian | equestrian,0,"["""", """", """", ""adult"", ""medal"", [], [], [], [], [""dressage"", ""equestrian"", ""equestrian""]]",
228,"Sabre, Team, Men (Olympic)",fencing,fencing,men,adult,medal,team,team,,,,,team,NO,NO,sabre,0,"[""fencing"", ""fencing"", ""men"", ""adult"", ""medal"", [""team""], [], [], [], [""sabre""]]",fuente1
229,Equestrian Eventing (Equestrian),,,,adult,medal,,,,,,,,NO,NO,equestrian | equestrian | eventing,0,"["""", """", """", ""adult"", ""medal"", [], [], [], [], [""equestrian"", ""equestrian"", ""eventing""]]",
230,"Individual, Men (Olympic)",fencing,fencing,men,adult,medal,individual,individual,,,,,individual,NO,NO,,0,"[""fencing"", ""fencing"", ""men"", ""adult"", ""medal"", [""individual""], [], [], [], []]",fuente1
231,"Team, Men (Olympic)",fencing,fencing,men,adult,medal,team,team,,,,,team,NO,NO,,0,"[""fencing"", ""fencing"", ""men"", ""adult"", ""medal"", [""team""], [], [], [], []]",fuente1
232,"Long Jump, Open (Olympic)",,,,adult,medal,open,,,,,,,NO,NO,jump | long,0,"["""", """", """", ""adult"", ""medal"", [""open""], [], [], [], [""jump"", ""long""]]",
233,"Hacks and Hunter Combined, Open (Olympic)",,,,adult,medal,combined | open,,,,,,,NO,NO,and | hacks | hunter,0,"["""", """", """", ""adult"", ""medal"", [""combined"", ""open""], [], [], [], [""and"", ""hacks"", ""hunter""]]",
234,"High Jump, Open (Olympic)",,,,adult,medal,open,,,,,,,NO,NO,high | jump,0,"["""", """", """", ""adult"", ""medal"", [""open""], [], [], [], [""high"", ""jump""]]",
235,Equestrian Eventing (Equestrian),,,,adult,medal,,,,,,,,NO,NO,equestrian | equestrian | eventing,0,"["""", """", """", ""adult"", ""medal"", [], [], [], [], [""equestrian"", ""equestrian"", ""eventing""]]",
236,Equestrian Driving (Equestrian),,,,adult,medal,,,,,,,,NO,NO,driving | equestrian | equestrian,0,"["""", """", """", ""adult"", ""medal"", [], [], [], [], [""driving"", ""equestrian"", ""equestrian""]]",
237,"Four-In-Hand Competition, Open (Olympic)",,,,adult,medal,four | open,,,,,,four,NO,NO,hand | in,0,"["""", """", """", ""adult"", ""medal"", [""four"", ""open""], [], [], [], [""hand"", ""in""]]",
238,Equestrian Driving (Equestrian),,,,adult,medal,,,,,,,,NO,NO,driving | equestrian | equestrian,0,"["""", """", """", ""adult"", ""medal"", [], [], [], [], [""driving"", ""equestrian"", ""equestrian""]]",
239,"Four-In-Hand Competition, Open (Olympic)",,,,adult,medal,four | open,,,,,,four,NO,NO,hand | in,0,"["""", """", """", ""adult"", ""medal"", [""four"", ""open""], [], [], [], [""hand"", ""in""]]",
240,"Four/Five, Men (Olympic)",bobsleigh,bobsleigh,men,adult,medal,five | four,,,,,,five | four,NO,NO,,0,"[""bobsleigh"", ""bobsleigh"", ""men"", ""adult"", ""medal"", [""five"", ""four""], [], [], [], []]",fuente1
241,"Sabre, Individual, Men (Olympic)",fencing,fencing,men,adult,medal,individual,individual,,,,,individual,NO,NO,sabre,0,"[""fencing"", ""fencing"", ""men"", ""adult"", ""medal"", [""individual""], [], [], [], [""sabre""]]",fuente1
242,"20 kilometres, Men (Olympic)",,,,adult,medal,,,20:km,,,,,NO,NO,,0,"["""", """", """", ""adult"", ""medal"", [], [""20:km""], [], [], []]",
243,"Individual Pursuit, 4,000 metres, Men (Olympic)",,,,adult,medal,individual | pursuit,individual,4000:m,,,,individual,NO,NO,,0,"["""", """", """", ""adult"", ""medal"", [""individual"", ""pursuit""], [""4000:m""], [], [], []]",
244,"Sprint, Men (Olympic)",cycling,cycling track,men,adult,medal,sprint,,,,,,,NO,NO,,0,"[""cycling"", ""cycling track"", ""men"", ""adult"", ""medal"", [""sprint""], [], [], [], []]",fuente1
245,Cycling Track (Cycling),,,,adult,medal,,,,,,,,NO,NO,cycling | cycling | track,0,"["""", """", """", ""adult"", ""medal"", [], [], [], [], [""cycling"", ""cycling"", ""track""]]",
246,"Sprint, Men (Olympic)",cycling,cycling road,men,adult,medal,sprint,,,,,,,NO,NO,,0,"[""cycling"", ""cycling road"", ""men"", ""adult"", ""medal"", [""sprint""], [], [], [], []]",fuente1
247,"1,000 metres Time Trial, Men (Olympic)",,,,adult,medal,,,1000:m,,,,,NO,NO,time | trial,0,"["""", """", """", ""adult"", ""medal"", [], [""1000:m""], [], [], [""time"", ""trial""]]",
248,"Points Race, Men (Olympic)",,,,adult,medal,,,,,,,,NO,NO,points | race,0,"["""", """", """", ""adult"", ""medal"", [], [], [], [], [""points"", ""race""]]",
249,"Road Race, Individual, Women (Olympic)",,,,adult,medal,individual,individual,,,,,individual,NO,NO,race | road,0,"["""", """", """", ""adult"", ""medal"", [""individual""], [], [], [], [""race"", ""road""]]",
250,Cycling Mountain Bike (Cycling),,,,adult,medal,,,,,,,,NO,NO,bike | cycling | cycling | mountain,0,"["""", """", """", ""adult"", ""medal"", [], [], [], [], [""bike"", ""cycling"", ""cycling"", ""mountain""]]",
251,"Cross-Country, Women (Olympic)",,,,adult,medal,,,,,,,,NO,NO,country | cross,0,"["""", """", """", ""adult"", ""medal"", [], [], [], [], [""country"", ""cross""]]",
252,"Cross-Country, Women (Olympic)",cycling,mountain bike,women,adult,medal,,,,,,,,NO,NO,country | cross,0,"[""cycling"", ""mountain bike"", ""women"", ""adult"", ""medal"", [], [], [], [], [""country"", ""cross""]]",fuente1
253,"Individual Pursuit, Women (Olympic)",,,,adult,medal,individual | pursuit,individual,,,,,individual,NO,NO,,0,"["""", """", """", ""adult"", ""medal"", [""individual"", ""pursuit""], [], [], [], []]",
254,"Points Race, Women (Olympic)",,,,adult,medal,,,,,,,,NO,NO,points | race,0,"["""", """", """", ""adult"", ""medal"", [], [], [], [], [""points"", ""race""]]",
255,"Individual Time Trial, Women (Olympic)",cycling,cycling road,women,adult,medal,individual,individual,,,,,individual,NO,NO,time | trial,0,"[""cycling"", ""cycling road"", ""women"", ""adult"", ""medal"", [""individual""], [], [], [], [""time"", ""trial""]]",fuente1
256,"Individual Pursuit, Women (Olympic)",,,,adult,medal,individual | pursuit,individual,,,,,individual,NO,NO,,0,"["""", """", """", ""adult"", ""medal"", [""individual"", ""pursuit""], [], [], [], []]",
257,"Points Race, Women (Olympic)",,,,adult,medal,,,,,,,,NO,NO,points | race,0,"["""", """", """", ""adult"", ""medal"", [], [], [], [], [""points"", ""race""]]",
258,"Team Pursuit, Women (Olympic)",,,,adult,medal,pursuit | team,team,,,,,team,NO,NO,,0,"["""", """", """", ""adult"", ""medal"", [""pursuit"", ""team""], [], [], [], []]",
259,"Sprint, Women (Olympic)",cycling,cycling track,women,adult,medal,sprint,,,,,,,NO,NO,,0,"[""cycling"", ""cycling track"", ""women"", ""adult"", ""medal"", [""sprint""], [], [], [], []]",fuente1
260,"500 metres Time Trial, Women (Olympic)",,,,adult,medal,,,500:m,,,,,NO,NO,time | trial,0,"["""", """", """", ""adult"", ""medal"", [], [""500:m""], [], [], [""time"", ""trial""]]",
261,"Two, Women (Olympic)",,,,adult,medal,,,,,,,,NO,NO,two,0,"["""", """", """", ""adult"", ""medal"", [], [], [], [], [""two""]]",
262,"3,000 metres, Women (Olympic)",athletics,athletics,women,adult,medal,,,3000:m,,,,,NO,NO,,0,"[""athletics"", ""athletics"", ""women"", ""adult"", ""medal"", [], [""3000:m""], [], [], []]",fuente1
263,"3,000 metres, Women (Olympic)",skating,speed skating,women,adult,medal,,,3000:m,,,,,NO,NO,,0,"[""skating"", ""speed skating"", ""women"", ""adult"", ""medal"", [], [""3000:m""], [], [], []]",fuente1
264,"5,000 metres, Women (Olympic)",,,,adult,medal,,,5000:m,,,,,NO,NO,,0,"["""", """", """", ""adult"", ""medal"", [], [""5000:m""], [], [], []]",
265,"Team Pursuit (6 laps), Women (Olympic)",,,,adult,medal,pursuit | team,team,,,,,team,NO,NO,6 | laps,0,"["""", """", """", ""adult"", ""medal"", [""pursuit"", ""team""], [], [], [], [""6"", ""laps""]]",
266,"Keirin, Women (Olympic)",cycling,cycling track,women,adult,medal,,,,,,,,NO,NO,keirin,0,"[""cycling"", ""cycling track"", ""women"", ""adult"", ""medal"", [], [], [], [], [""keirin""]]",fuente1
267,"Team Sprint, Women (Olympic)",cycling,cycling track,women,adult,medal,sprint | team,team,,,,,team,NO,NO,,0,"[""cycling"", ""cycling track"", ""women"", ""adult"", ""medal"", [""sprint"", ""team""], [], [], [], []]",fuente1
268,"Sprint, Women (Olympic)",,,,adult,medal,sprint,,,,,,,NO,NO,,0,"["""", """", """", ""adult"", ""medal"", [""sprint""], [], [], [], []]",
269,"Individual Pursuit, 4,000 metres, Men (Olympic)",,,,adult,medal,individual | pursuit,individual,4000:m,,,,individual,NO,NO,,0,"["""", """", """", ""adult"", ""medal"", [""individual"", ""pursuit""], [""4000:m""], [], [], []]",
270,"1,000 metres Time Trial, Men (Olympic)",,,,adult,medal,,,1000:m,,,,,NO,NO,time | trial,0,"["""", """", """", ""adult"", ""medal"", [], [""1000:m""], [], [], [""time"", ""trial""]]",
271,"Points Race, Men (Olympic)",,,,adult,medal,,,,,,,,NO,NO,points | race,0,"["""", """", """", ""adult"", ""medal"", [], [], [], [], [""points"", ""race""]]",
272,"Madison, Men (Olympic)",cycling,cycling track,men,adult,medal,,,,,,,,NO,NO,madison,0,"[""cycling"", ""cycling track"", ""men"", ""adult"", ""medal"", [], [], [], [], [""madison""]]",fuente1
273,"50 kilometres, Men (Olympic)",,,,adult,medal,,,50:km,,,,,NO,NO,,0,"["""", """", """", ""adult"", ""medal"", [], [""50:km""], [], [], []]",
274,"Team Pursuit, 4,000 metres, Men (Olympic)",,,,adult,medal,pursuit | team,team,4000:m,,,,team,NO,NO,,0,"["""", """", """", ""adult"", ""medal"", [""pursuit"", ""team""], [""4000:m""], [], [], []]",
275,"Tandem Sprint, 2,000 metres, Men (Olympic)",cycling,cycling track,men,adult,medal,sprint | tandem,,2000:m,,,,tandem,NO,NO,,0,"[""cycling"", ""cycling track"", ""men"", ""adult"", ""medal"", [""sprint"", ""tandem""], [""2000:m""], [], [], []]",fuente1
276,"Team Pursuit, 1,980 yards, Men (Olympic)",,,,adult,medal,pursuit | team,team,1980:yd,,,,team,NO,NO,,0,"["""", """", """", ""adult"", ""medal"", [""pursuit"", ""team""], [""1980:yd""], [], [], []]",
277,"5,000 metres, Men (Olympic)",,,,adult,medal,,,5000:m,,,,,NO,NO,,0,"["""", """", """", ""adult"", ""medal"", [], [""5000:m""], [], [], []]",
278,"100 kilometres, Men (Olympic)",,,,adult,medal,,,100:km,,,,,NO,NO,,0,"["""", """", """", ""adult"", ""medal"", [], [""100:km""], [], [], []]",
279,"Individual Time Trial, Men (Olympic)",cycling,cycling road,men,adult,medal,individual,individual,,,,,individual,NO,NO,time | trial,0,"[""cycling"", ""cycling road"", ""men"", ""adult"", ""medal"", [""individual""], [], [], [], [""time"", ""trial""]]",fuente1
280,"¼ mile, Men (Olympic)",cycling,cycling track,men,adult,medal,,,,,,,,NO,NO,1 | 4 | mile,0,"[""cycling"", ""cycling track"", ""men"", ""adult"", ""medal"", [], [], [], [], [""1"", ""4"", ""mile""]]",fuente1
281,"½ mile, Men (Olympic)",cycling,cycling track,men,adult,medal,,,,,,,,NO,NO,1 | 2 | mile,0,"[""cycling"", ""cycling track"", ""men"", ""adult"", ""medal"", [], [], [], [], [""1"", ""2"", ""mile""]]",fuente1
282,"5 miles, Men (Olympic)",,,,adult,medal,,,5:mile,,,,,NO,NO,,0,"["""", """", """", ""adult"", ""medal"", [], [""5:mile""], [], [], []]",
283,"25 miles, Men (Olympic)",,,,adult,medal,,,25:mile,,,,,NO,NO,,0,"["""", """", """", ""adult"", ""medal"", [], [""25:mile""], [], [], []]",
284,"½ mile, Handicap, Men (Olympic (non-medal))",cycling,cycling track,men,adult,medal,,,,,,,,NO,NO,1 | 2 | handicap | mile,0,"[""cycling"", ""cycling track"", ""men"", ""adult"", ""medal"", [], [], [], [], [""1"", ""2"", ""handicap"", ""mile""]]",fuente1
285,"Cross-Country, Men (Olympic)",cycling,mountain bike,men,adult,medal,,,,,,,,NO,NO,country | cross,0,"[""cycling"", ""mountain bike"", ""men"", ""adult"", ""medal"", [], [], [], [], [""country"", ""cross""]]",fuente1
286,"333⅓ metres Time Trial, Men (Olympic)",cycling,cycling road,men,adult,medal,,,,,,,,NO,NO,1 | 3 | 333 | metres | time | trial,0,"[""cycling"", ""cycling road"", ""men"", ""adult"", ""medal"", [], [], [], [], [""1"", ""3"", ""333"", ""metres"", ""time"", ""trial""]]",fuente1
287,"100 kilometres, Men (Olympic)",cycling,cycling road,men,adult,medal,,,100:km,,,,,NO,NO,,0,"[""cycling"", ""cycling road"", ""men"", ""adult"", ""medal"", [], [""100:km""], [], [], []]",fuente1
288,"Team Sprint, Men (Olympic)",cycling,cycling track,men,adult,medal,sprint | team,team,,,,,team,NO,NO,,0,"[""cycling"", ""cycling track"", ""men"", ""adult"", ""medal"", [""sprint"", ""team""], [], [], [], []]",fuente1
289,"⅓ mile, Men (Olympic)",cycling,cycling track,men,adult,medal,,,,,,,,NO,NO,1 | 3 | mile,0,"[""cycling"", ""cycling track"", ""men"", ""adult"", ""medal"", [], [], [], [], [""1"", ""3"", ""mile""]]",fuente1
290,"1 mile, Men (Olympic)",cycling,cycling track,men,adult,medal,,,1:mile,,,,,NO,NO,,0,"[""cycling"", ""cycling track"", ""men"", ""adult"", ""medal"", [], [""1:mile""], [], [], []]",fuente1
291,"2 miles, Men (Olympic)",,,,adult,medal,,,2:mile,,,,,NO,NO,,0,"["""", """", """", ""adult"", ""medal"", [], [""2:mile""], [], [], []]",
292,"1 mile, Novice, Men (Olympic (non-medal))",,,,adult,medal,,,1:mile,,,,,NO,NO,novice,0,"["""", """", """", ""adult"", ""medal"", [], [""1:mile""], [], [], [""novice""]]",
293,"Tandem Sprint, 2,000 metres, Men (Olympic)",cycling,cycling road,men,adult,medal,sprint | tandem,,2000:m,,,,tandem,NO,NO,,0,"[""cycling"", ""cycling road"", ""men"", ""adult"", ""medal"", [""sprint"", ""tandem""], [""2000:m""], [], [], []]",fuente1
294,"Sprint, Men (Intercalated)",,,,adult,medal,sprint,,,,,,,NO,NO,intercalated,0,"["""", """", """", ""adult"", ""medal"", [""sprint""], [], [], [], [""intercalated""]]",
295,"333⅓ metres Time Trial, Men (Intercalated)",,,,adult,medal,,,,,,,,NO,NO,1 | 3 | 333 | intercalated | metres | time | trial,0,"["""", """", """", ""adult"", ""medal"", [], [], [], [], [""1"", ""3"", ""333"", ""intercalated"", ""metres"", ""time"", ""trial""]]",
296,"5,000 metres, Men (Intercalated)",,,,adult,medal,,,5000:m,,,,,NO,NO,intercalated,0,"["""", """", """", ""adult"", ""medal"", [], [""5000:m""], [], [], [""intercalated""]]",
297,"20 kilometres, Men (Intercalated)",,,,adult,medal,,,20:km,,,,,NO,NO,intercalated,0,"["""", """", """", ""adult"", ""medal"", [], [""20:km""], [], [], [""intercalated""]]",
298,"50 kilometres, Men (Olympic)",,,,adult,medal,,,50:km,,,,,NO,NO,,0,"["""", """", """", ""adult"", ""medal"", [], [""50:km""], [], [], []]",
299,"Keirin, Men (Olympic)",cycling,cycling track,men,adult,medal,,,,,,,,NO,NO,keirin,0,"[""cycling"", ""cycling track"", ""men"", ""adult"", ""medal"", [], [], [], [], [""keirin""]]",fuente1
300,"Madison, Men (Olympic)",,,,adult,medal,,,,,,,,NO,NO,madison,0,"["""", """", """", ""adult"", ""medal"", [], [], [], [], [""madison""]]",
301,"Omnium, Men (Olympic)",cycling,cycling track,men,adult,medal,,,,,,,,NO,NO,omnium,0,"[""cycling"", ""cycling track"", ""men"", ""adult"", ""medal"", [], [], [], [], [""omnium""]]",fuente1
302,"25 kilometres, Men (Olympic)",,,,adult,medal,,,25:km,,,,,NO,NO,,0,"["""", """", """", ""adult"", ""medal"", [], [""25:km""], [], [], []]",
303,"Football, Men (Olympic)",football,football,men,adult,medal,,,,,,,,NO,NO,,0,"[""football"", ""football"", ""men"", ""adult"", ""medal"", [], [], [], [], []]",fuente1
304,Cycling Track (Cycling),,,,adult,medal,,,,,,,,NO,NO,cycling | cycling | track,0,"["""", """", """", ""adult"", ""medal"", [], [], [], [], [""cycling"", ""cycling"", ""track""]]",
305,"Sprint, Men (Olympic)",,,,adult,medal,sprint,,,,,,,NO,NO,,0,"["""", """", """", ""adult"", ""medal"", [""sprint""], [], [], [], []]",
306,"Single Sculls, Men (Intercalated)",rowing,rowing,men,adult,medal,single,,,,,,single,NO,NO,intercalated | sculls,0,"[""rowing"", ""rowing"", ""men"", ""adult"", ""medal"", [""single""], [], [], [], [""intercalated"", ""sculls""]]",fuente1
307,"Coxed Pairs (1 kilometre), Men (Intercalated)",,,,adult,medal,coxed | pairs,,1:km,,,coxed,pairs,NO,NO,intercalated,0,"["""", """", """", ""adult"", ""medal"", [""coxed"", ""pairs""], [""1:km""], [], [""coxed""], [""intercalated""]]",
308,"Coxed Pairs (1 mile), Men (Intercalated)",,,,adult,medal,coxed | pairs,,1:mile,,,coxed,pairs,NO,NO,intercalated,0,"["""", """", """", ""adult"", ""medal"", [""coxed"", ""pairs""], [""1:mile""], [], [""coxed""], [""intercalated""]]",
309,"Coxed Fours, Men (Intercalated)",,,,adult,medal,coxed,,,,,coxed,,NO,NO,fours | intercalated,0,"["""", """", """", ""adult"", ""medal"", [""coxed""], [], [], [""coxed""], [""fours"", ""intercalated""]]",
310,Cycling Track (Cycling),,,,adult,medal,,,,,,,,NO,NO,cycling | cycling | track,0,"["""", """", """", ""adult"", ""medal"", [], [], [], [], [""cycling"", ""cycling"", ""track""]]",
311,"Sprint, Men (Intercalated)",,,,adult,medal,sprint,,,,,,,NO,NO,intercalated,0,"["""", """", """", ""adult"", ""medal"", [""sprint""], [], [], [], [""intercalated""]]",
312,"5,000 metres, Men (Intercalated)",,,,adult,medal,,,5000:m,,,,,NO,NO,intercalated,0,"["""", """", """", ""adult"", ""medal"", [], [""5000:m""], [], [], [""intercalated""]]",
313,"10,000 metres, Men (Olympic)",,,,adult,medal,,,10000:m,,,,,NO,NO,,0,"["""", """", """", ""adult"", ""medal"", [], [""10000:m""], [], [], []]",
314,"Cross-Country, Men (Olympic)",,,,adult,medal,,,,,,,,NO,NO,country | cross,0,"["""", """", """", ""adult"", ""medal"", [], [], [], [], [""country"", ""cross""]]",
315,"1 mile, Handicap, Men (Olympic (non-medal))",cycling,cycling track,men,adult,medal,,,1:mile,,,,,NO,NO,handicap,0,"[""cycling"", ""cycling track"", ""men"", ""adult"", ""medal"", [], [""1:mile""], [], [], [""handicap""]]",fuente1
316,"5 miles, Handicap, Men (Olympic (non-medal))",,,,adult,medal,,,5:mile,,,,,NO,NO,handicap,0,"["""", """", """", ""adult"", ""medal"", [], [""5:mile""], [], [], [""handicap""]]",
317,"Road Race, Individual, Men (Intercalated)",cycling,cycling road,men,adult,medal,individual,individual,,,,,individual,NO,NO,intercalated | race,0,"[""cycling"", ""cycling road"", ""men"", ""adult"", ""medal"", [""individual""], [], [], [], [""intercalated"", ""race""]]",fuente1
318,"Sprint, Men (Intercalated)",,,,adult,medal,sprint,,,,,,,NO,NO,intercalated,0,"["""", """", """", ""adult"", ""medal"", [""sprint""], [], [], [], [""intercalated""]]",
319,"333⅓ metres Time Trial, Men (Intercalated)",cycling,cycling road,men,adult,medal,,,,,,,,NO,NO,1 | 3 | 333 | intercalated | metres | time | trial,0,"[""cycling"", ""cycling road"", ""men"", ""adult"", ""medal"", [], [], [], [], [""1"", ""3"", ""333"", ""intercalated"", ""metres"", ""time"", ""trial""]]",fuente1
320,"Tandem Sprint, 2,000 metres, Men (Intercalated)",cycling,cycling road,men,adult,medal,sprint | tandem,,2000:m,,,,tandem,NO,NO,intercalated,0,"[""cycling"", ""cycling road"", ""men"", ""adult"", ""medal"", [""sprint"", ""tandem""], [""2000:m""], [], [], [""intercalated""]]",fuente1
321,"5,000 metres, Men (Intercalated)",,,,adult,medal,,,5000:m,,,,,NO,NO,intercalated,0,"["""", """", """", ""adult"", ""medal"", [], [""5000:m""], [], [], [""intercalated""]]",
322,"12-Hours Race, Men (Olympic)",,,,adult,medal,,,,,,,,NO,NO,12 | hours | race,0,"["""", """", """", ""adult"", ""medal"", [], [], [], [], [""12"", ""hours"", ""race""]]",
323,"20 kilometres, Men (Intercalated)",,,,adult,medal,,,20:km,,,,,NO,NO,intercalated,0,"["""", """", """", ""adult"", ""medal"", [], [""20:km""], [], [], [""intercalated""]]",
324,"12-Hours Race, Men (Olympic)",,,,adult,medal,,,,,,,,NO,NO,12 | hours | race,0,"["""", """", """", ""adult"", ""medal"", [], [], [], [], [""12"", ""hours"", ""race""]]",
325,"Tandem Sprint, 2,000 metres, Men (Intercalated)",cycling,cycling track,men,adult,medal,sprint | tandem,,2000:m,,,,tandem,NO,NO,intercalated,0,"[""cycling"", ""cycling track"", ""men"", ""adult"", ""medal"", [""sprint"", ""tandem""], [""2000:m""], [], [], [""intercalated""]]",fuente1
326,"Bicycle Polo, Men (Olympic (non-medal))",,,,adult,medal,,,,,,,,NO,NO,bicycle | polo,0,"["""", """", """", ""adult"", ""medal"", [], [], [], [], [""bicycle"", ""polo""]]",
327,Athletics,,,,adult,medal,,,,,,,,NO,NO,athletics,0,"["""", """", """", ""adult"", ""medal"", [], [], [], [], [""athletics""]]",
328,"4 × 100 metres Relay, Men (Olympic)",,,,adult,medal,relay,,100:m,,,,relay,NO,NO,4 | x,0,"["""", """", """", ""adult"", ""medal"", [""relay""], [""100:m""], [], [], [""4"", ""x""]]",
329,"18 kilometres, Men (Olympic)",,,,adult,medal,,,18:km,,,,,NO,NO,,0,"["""", """", """", ""adult"", ""medal"", [], [""18:km""], [], [], []]",
330,"50 kilometres, Men (Olympic)",,,,adult,medal,,,50:km,,,,,NO,NO,,0,"["""", """", """", ""adult"", ""medal"", [], [""50:km""], [], [], []]",
331,Cycling Road (Cycling),,,,adult,medal,,,,,,,,NO,NO,cycling | cycling | road,0,"["""", """", """", ""adult"", ""medal"", [], [], [], [], [""cycling"", ""cycling"", ""road""]]",
332,"Road Race, Individual, Men (Olympic)",fencing,fencing,men,adult,medal,individual,individual,,,,,individual,NO,NO,race | road,0,"[""fencing"", ""fencing"", ""men"", ""adult"", ""medal"", [""individual""], [], [], [], [""race"", ""road""]]",fuente1
333,Cycling Track (Cycling),,,,adult,medal,,,,,,,,NO,NO,cycling | cycling | track,0,"["""", """", """", ""adult"", ""medal"", [], [], [], [], [""cycling"", ""cycling"", ""track""]]",
334,"333⅓ metres Time Trial, Men (Olympic)",,,,adult,medal,,,,,,,,NO,NO,1 | 3 | 333 | metres | time | trial,0,"["""", """", """", ""adult"", ""medal"", [], [], [], [], [""1"", ""3"", ""333"", ""metres"", ""time"", ""trial""]]",
335,"10,000 metres, Men (Olympic)",,,,adult,medal,,,10000:m,,,,,NO,NO,,0,"["""", """", """", ""adult"", ""medal"", [], [""10000:m""], [], [], []]",
336,"100 kilometres, Men (Olympic)",,,,adult,medal,,,100:km,,,,,NO,NO,,0,"["""", """", """", ""adult"", ""medal"", [], [""100:km""], [], [], []]",
337,"12-Hours Race, Men (Olympic)",,,,adult,medal,,,,,,,,NO,NO,12 | hours | race,0,"["""", """", """", ""adult"", ""medal"", [], [], [], [], [""12"", ""hours"", ""race""]]",
338,"Hockey, Women (Olympic)",hockey,hockey,women,adult,medal,,,,,,,,NO,NO,,0,"[""hockey"", ""hockey"", ""women"", ""adult"", ""medal"", [], [], [], [], []]",fuente1
339,"400 metres, Women (Olympic)",athletics,athletics,women,adult,medal,,,400:m,,,,,NO,NO,,0,"[""athletics"", ""athletics"", ""women"", ""adult"", ""medal"", [], [""400:m""], [], [], []]",fuente1
340,"4 × 400 metres Relay, Women (Olympic)",athletics,athletics,women,adult,medal,relay,,400:m,,,,relay,NO,NO,4 | x,0,"[""athletics"", ""athletics"", ""women"", ""adult"", ""medal"", [""relay""], [""400:m""], [], [], [""4"", ""x""]]",fuente1
341,"Singles, Men (Olympic)",,,,adult,medal,singles,,,,,,,NO,NO,,0,"["""", """", """", ""adult"", ""medal"", [""singles""], [], [], [], []]",
342,"Two, Men (Olympic)",,,,adult,medal,,,,,,,,NO,NO,two,0,"["""", """", """", ""adult"", ""medal"", [], [], [], [], [""two""]]",
343,"Polo, Men (Olympic (non-medal))",polo,polo,men,adult,medal,,,,,,,,NO,NO,,0,"[""polo"", ""polo"", ""men"", ""adult"", ""medal"", [], [], [], [], []]",fuente1
344,"Cricket, Men (Olympic)",cricket,cricket,men,adult,medal,,,,,,,,NO,NO,,0,"[""cricket"", ""cricket"", ""men"", ""adult"", ""medal"", [], [], [], [], []]",fuente1
345,"Singles, One Ball, Open (Olympic)",,,,adult,medal,open | singles,,,,,,,NO,NO,ball | one,0,"["""", """", """", ""adult"", ""medal"", [""open"", ""singles""], [], [], [], [""ball"", ""one""]]",
346,"Doubles, Open (Olympic)",,,,adult,medal,doubles | open,,,,,,,NO,NO,,0,"["""", """", """", ""adult"", ""medal"", [""doubles"", ""open""], [], [], [], []]",
347,"Singles, Two Balls, Open (Olympic)",,,,adult,medal,open | singles,,,,,,,NO,NO,balls | two,0,"["""", """", """", ""adult"", ""medal"", [""open"", ""singles""], [], [], [], [""balls"", ""two""]]",
348,"Singles, Two Balls, Handicap, Men (Olympic (non-medal))",,,,adult,medal,singles,,,,,,,NO,NO,balls | handicap | two,0,"["""", """", """", ""adult"", ""medal"", [""singles""], [], [], [], [""balls"", ""handicap"", ""two""]]",
349,"Individual, Women (Olympic)",,,,adult,medal,individual,individual,,,,,individual,NO,NO,,0,"["""", """", """", ""adult"", ""medal"", [""individual""], [], [], [], []]",
350,"A-Class (Open), Open (Olympic)",,,,adult,medal,open | open,,,,,,,NO,NO,a | class,0,"["""", """", """", ""adult"", ""medal"", [""open"", ""open""], [], [], [], [""a"", ""class""]]",
351,Tug-Of-War,,,,adult,medal,,,,,,,,NO,NO,of | tug | war,0,"["""", """", """", ""adult"", ""medal"", [], [], [], [], [""of"", ""tug"", ""war""]]",
352,"Tug-Of-War, Men (Olympic)",,,,adult,medal,,,,,,,,NO,NO,of | tug | war,0,"["""", """", """", ""adult"", ""medal"", [], [], [], [], [""of"", ""tug"", ""war""]]",
353,Athletics,,,,adult,medal,,,,,,,,NO,NO,athletics,0,"["""", """", """", ""adult"", ""medal"", [], [], [], [], [""athletics""]]",
354,"200 metres Hurdles, Men (Olympic)",,,,adult,medal,,,200:m,,,,,NO,NO,hurdles,0,"["""", """", """", ""adult"", ""medal"", [], [""200:m""], [], [], [""hurdles""]]",
355,"Discus Throw, Men (Olympic)",,,,adult,medal,,,,,,,,NO,NO,discus | throw,0,"["""", """", """", ""adult"", ""medal"", [], [], [], [], [""discus"", ""throw""]]",
356,Athletics,,,,adult,medal,,,,,,,,NO,NO,athletics,0,"["""", """", """", ""adult"", ""medal"", [], [], [], [], [""athletics""]]",
357,"Shot Put, Handicap, Men (Olympic (non-medal))",,,,adult,medal,shot,,,,,,,NO,NO,handicap | put,0,"["""", """", """", ""adult"", ""medal"", [""shot""], [], [], [], [""handicap"", ""put""]]",
358,"Foil, Individual, Men (Olympic)",fencing,fencing,men,adult,medal,individual,individual,,,,,individual,NO,NO,foil,0,"[""fencing"", ""fencing"", ""men"", ""adult"", ""medal"", [""individual""], [], [], [], [""foil""]]",fuente1
359,"B-Class (Under 60 feet), Open (Olympic)",,,,adult,medal,open,,,,,,,NO,NO,60 | b | class | feet | under,0,"["""", """", """", ""adult"", ""medal"", [""open""], [], [], [], [""60"", ""b"", ""class"", ""feet"", ""under""]]",
360,"C-Class, Open (Olympic)",,,,adult,medal,open,,,,,,,NO,NO,c | class,0,"["""", """", """", ""adult"", ""medal"", [""open""], [], [], [], [""c"", ""class""]]",
361,"Doubles, Men (Olympic)",,,,adult,medal,doubles,,,,,,,NO,NO,,0,"["""", """", """", ""adult"", ""medal"", [""doubles""], [], [], [], []]",
362,Racquets,,,,adult,medal,,,,,,,,NO,NO,racquets,0,"["""", """", """", ""adult"", ""medal"", [], [], [], [], [""racquets""]]",
363,"Doubles, Men (Olympic)",,,,adult,medal,doubles,,,,,,,NO,NO,,0,"["""", """", """", ""adult"", ""medal"", [""doubles""], [], [], [], []]",
364,Wrestling,,,,adult,medal,,,,,,,,NO,NO,wrestling,0,"["""", """", """", ""adult"", ""medal"", [], [], [], [], [""wrestling""]]",
365,"Heavyweight, Greco-Roman, Men (Olympic)",tug of war,tug of war,men,adult,medal,heavyweight,,,,,,,NO,NO,greco | roman,0,"[""tug of war"", ""tug of war"", ""men"", ""adult"", ""medal"", [""heavyweight""], [], [], [], [""greco"", ""roman""]]",fuente1
366,"Heavyweight, Freestyle, Men (Olympic)",,,,adult,medal,freestyle | heavyweight,,,,,,,NO,NO,,0,"["""", """", """", ""adult"", ""medal"", [""freestyle"", ""heavyweight""], [], [], [], []]",
367,Tug-Of-War,,,,adult,medal,,,,,,,,NO,NO,of | tug | war,0,"["""", """", """", ""adult"", ""medal"", [], [], [], [], [""of"", ""tug"", ""war""]]",
368,"Tug-Of-War, Men (Olympic)",,,,adult,medal,,,,,,,,NO,NO,of | tug | war,0,"["""", """", """", ""adult"", ""medal"", [], [], [], [], [""of"", ""tug"", ""war""]]",
369,"100 metres, Men (Olympic)",,,,adult,medal,,,100:m,,,,,NO,NO,,0,"["""", """", """", ""adult"", ""medal"", [], [""100:m""], [], [], []]",
370,"400 metres, Men (Olympic)",,,,adult,medal,,,400:m,,,,,NO,NO,,0,"["""", """", """", ""adult"", ""medal"", [], [""400:m""], [], [], []]",
371,Weightlifting,,,,adult,medal,,,,,,,,NO,NO,weightlifting,0,"["""", """", """", ""adult"", ""medal"", [], [], [], [], [""weightlifting""]]",
372,"Unlimited, Two Hands, Men (Olympic)",tug of war,tug of war,men,adult,medal,,,,,,,,NO,NO,hands | two | unlimited,0,"[""tug of war"", ""tug of war"", ""men"", ""adult"", ""medal"", [], [], [], [], [""hands"", ""two"", ""unlimited""]]",fuente1
373,"Marathon, Men (Intercalated)",,,,adult,medal,,,,,,,,NO,NO,intercalated | marathon,0,"["""", """", """", ""adult"", ""medal"", [], [], [], [], [""intercalated"", ""marathon""]]",
374,"Shot Put, Men (Intercalated)",,,,adult,medal,shot,,,,,,,NO,NO,intercalated | put,0,"["""", """", """", ""adult"", ""medal"", [""shot""], [], [], [], [""intercalated"", ""put""]]",
375,"Discus Throw, Men (Intercalated)",athletics,athletics,men,adult,medal,,,,,,,,NO,NO,discus | intercalated | throw,0,"[""athletics"", ""athletics"", ""men"", ""adult"", ""medal"", [], [], [], [], [""discus"", ""intercalated"", ""throw""]]",fuente1
376,"Discus Throw, Greek Style, Men (Intercalated)",athletics,athletics,men,adult,medal,,,,,,,,NO,NO,discus | greek | intercalated | style | throw,0,"[""athletics"", ""athletics"", ""men"", ""adult"", ""medal"", [], [], [], [], [""discus"", ""greek"", ""intercalated"", ""style"", ""throw""]]",fuente1
377,"Pentathlon (Ancient), Men (Intercalated)",,,,adult,medal,,,,,,,,NO,NO,ancient | intercalated | pentathlon,0,"["""", """", """", ""adult"", ""medal"", [], [], [], [], [""ancient"", ""intercalated"", ""pentathlon""]]",
378,Weightlifting,,,,adult,medal,,,,,,,,NO,NO,weightlifting,0,"["""", """", """", ""adult"", ""medal"", [], [], [], [], [""weightlifting""]]",
379,"Unlimited, Two Hands, Men (Intercalated)",athletics,athletics,men,adult,medal,,,,,,,,NO,NO,hands | intercalated | two | unlimited,0,"[""athletics"", ""athletics"", ""men"", ""adult"", ""medal"", [], [], [], [], [""hands"", ""intercalated"", ""two"", ""unlimited""]]",fuente1
380,"Driving Contest, Men (Olympic (non-medal))",,,,adult,medal,,,,,,,,NO,NO,contest | driving,0,"["""", """", """", ""adult"", ""medal"", [], [], [], [], [""contest"", ""driving""]]",
381,"Putting Contest, Men (Olympic (non-medal))",,,,adult,medal,,,,,,,,NO,NO,contest | putting,0,"["""", """", """", ""adult"", ""medal"", [], [], [], [], [""contest"", ""putting""]]",
382,"56-pound Weight Throw, Men (Olympic)",,,,adult,medal,,,,,,,,NO,NO,56 | pound | throw | weight,0,"["""", """", """", ""adult"", ""medal"", [], [], [], [], [""56"", ""pound"", ""throw"", ""weight""]]",
383,"Shot Put, Men (Olympic)",athletics,athletics,men,adult,medal,shot,,,,,,,NO,NO,put,0,"[""athletics"", ""athletics"", ""men"", ""adult"", ""medal"", [""shot""], [], [], [], [""put""]]",fuente1
384,"Shot Put, Handicap, Men (Olympic (non-medal))",athletics,athletics,men,adult,medal,shot,,,,,,,NO,NO,handicap | put,0,"[""athletics"", ""athletics"", ""men"", ""adult"", ""medal"", [""shot""], [], [], [], [""handicap"", ""put""]]",fuente1
385,Tug-Of-War,,,,adult,medal,,,,,,,,NO,NO,of | tug | war,0,"["""", """", """", ""adult"", ""medal"", [], [], [], [], [""of"", ""tug"", ""war""]]",
386,"Tug-Of-War, Men (Olympic)",,,,adult,medal,,,,,,,,NO,NO,of | tug | war,0,"["""", """", """", ""adult"", ""medal"", [], [], [], [], [""of"", ""tug"", ""war""]]",
387,"Lightweight, Freestyle, Men (Olympic)",,,,adult,medal,freestyle | lightweight,,,,,,,NO,NO,,0,"["""", """", """", ""adult"", ""medal"", [""freestyle"", ""lightweight""], [], [], [], []]",
388,"High Jump, Men (Olympic (non-medal))",athletics,athletics,men,adult,medal,,,,,,,,NO,NO,high | jump,0,"[""athletics"", ""athletics"", ""men"", ""adult"", ""medal"", [], [], [], [], [""high"", ""jump""]]",fuente1
389,"High Jump, Handicap, Men (Olympic (non-medal))",athletics,athletics,men,adult,medal,,,,,,,,NO,NO,handicap | high | jump,0,"[""athletics"", ""athletics"", ""men"", ""adult"", ""medal"", [], [], [], [], [""handicap"", ""high"", ""jump""]]",fuente1
390,"All-Around Dumbbell Contest, Men (Olympic)",,,,adult,medal,,,,,,,,NO,NO,all | around | contest | dumbbell,0,"["""", """", """", ""adult"", ""medal"", [], [], [], [], [""all"", ""around"", ""contest"", ""dumbbell""]]",
391,"56-pound Weight Throw, Men (Olympic)",athletics,athletics,men,adult,medal,,,,,,,,NO,NO,56 | pound | throw | weight,0,"[""athletics"", ""athletics"", ""men"", ""adult"", ""medal"", [], [], [], [], [""56"", ""pound"", ""throw"", ""weight""]]",fuente1
392,"56-pound Weight Throw, Men (Olympic (non-medal))",athletics,athletics,men,adult,medal,,,,,,,,NO,NO,56 | pound | throw | weight,0,"[""athletics"", ""athletics"", ""men"", ""adult"", ""medal"", [], [], [], [], [""56"", ""pound"", ""throw"", ""weight""]]",fuente1
393,"Discus Throw, Men (Olympic)",athletics,athletics,men,adult,medal,,,,,,,,NO,NO,discus | throw,0,"[""athletics"", ""athletics"", ""men"", ""adult"", ""medal"", [], [], [], [], [""discus"", ""throw""]]",fuente1
394,"Discus Throw, Men (Olympic (non-medal))",athletics,athletics,men,adult,medal,,,,,,,,NO,NO,discus | throw,0,"[""athletics"", ""athletics"", ""men"", ""adult"", ""medal"", [], [], [], [], [""discus"", ""throw""]]",fuente1
395,"Hammer Throw, Men (Olympic)",athletics,athletics,men,adult,medal,,,,,,,,NO,NO,hammer | throw,0,"[""athletics"", ""athletics"", ""men"", ""adult"", ""medal"", [], [], [], [], [""hammer"", ""throw""]]",fuente1
396,"Discus Throw, Handicap, Men (Olympic (non-medal))",athletics,athletics,men,adult,medal,,,,,,,,NO,NO,discus | handicap | throw,0,"[""athletics"", ""athletics"", ""men"", ""adult"", ""medal"", [], [], [], [], [""discus"", ""handicap"", ""throw""]]",fuente1
397,"Hammer Throw, Handicap, Men (Olympic (non-medal))",athletics,athletics,men,adult,medal,,,,,,,,NO,NO,hammer | handicap | throw,0,"[""athletics"", ""athletics"", ""men"", ""adult"", ""medal"", [], [], [], [], [""hammer"", ""handicap"", ""throw""]]",fuente1
398,"Javelin Throw, Men (Olympic)",athletics,athletics,men,adult,medal,,,,,,,,NO,NO,javelin | throw,0,"[""athletics"", ""athletics"", ""men"", ""adult"", ""medal"", [], [], [], [], [""javelin"", ""throw""]]",fuente1
399,"Javelin Throw, Both Hands, Men (Olympic)",athletics,athletics,men,adult,medal,,,,,,,,NO,NO,both | hands | javelin | throw,0,"[""athletics"", ""athletics"", ""men"", ""adult"", ""medal"", [], [], [], [], [""both"", ""hands"", ""javelin"", ""throw""]]",fuente1
400,"4 × 100 metres Relay, Men (Olympic)",athletics,athletics,men,adult,medal,relay,,100:m,,,,relay,NO,NO,4 | x,0,"[""athletics"", ""athletics"", ""men"", ""adult"", ""medal"", [""relay""], [""100:m""], [], [], [""4"", ""x""]]",fuente1
401,Hockey,,,,adult,medal,,,,,,,,NO,NO,hockey,0,"["""", """", """", ""adult"", ""medal"", [], [], [], [], [""hockey""]]",
402,"Hockey, Men (Olympic)",,,,adult,medal,,,,,,,,NO,NO,hockey,0,"["""", """", """", ""adult"", ""medal"", [], [], [], [], [""hockey""]]",
403,Athletics,,,,adult,medal,,,,,,,,NO,NO,athletics,0,"["""", """", """", ""adult"", ""medal"", [], [], [], [], [""athletics""]]",
404,"3,000 metres Steeplechase, Men (Olympic)",,,,adult,medal,,,3000:m,,,,,NO,NO,steeplechase,0,"["""", """", """", ""adult"", ""medal"", [], [""3000:m""], [], [], [""steeplechase""]]",
405,"Lacrosse, Men (Olympic (non-medal))",lacrosse,lacrosse,men,adult,medal,,,,,,,,NO,NO,,0,"[""lacrosse"", ""lacrosse"", ""men"", ""adult"", ""medal"", [], [], [], [], []]",fuente1
406,"Foil, Individual, Women (Olympic)",fencing,fencing,women,adult,medal,individual,individual,,,,,individual,NO,NO,foil,0,"[""fencing"", ""fencing"", ""women"", ""adult"", ""medal"", [""individual""], [], [], [], [""foil""]]",fuente1
407,"Foil, Team, Women (Olympic)",fencing,fencing,women,adult,medal,team,team,,,,,team,NO,NO,foil,0,"[""fencing"", ""fencing"", ""women"", ""adult"", ""medal"", [""team""], [], [], [], [""foil""]]",fuente1
408,"Épée, Individual, Women (Olympic)",fencing,fencing,women,adult,medal,individual,individual,,,,,individual,NO,NO,epee,0,"[""fencing"", ""fencing"", ""women"", ""adult"", ""medal"", [""individual""], [], [], [], [""epee""]]",fuente1
409,"Épée, Team, Women (Olympic)",fencing,fencing,women,adult,medal,team,team,,,,,team,NO,NO,epee,0,"[""fencing"", ""fencing"", ""women"", ""adult"", ""medal"", [""team""], [], [], [], [""epee""]]",fuente1
410,"Foil, Team, Men (Olympic)",fencing,fencing,men,adult,medal,team,team,,,,,team,NO,NO,foil,0,"[""fencing"", ""fencing"", ""men"", ""adult"", ""medal"", [""team""], [], [], [], [""foil""]]",fuente1
411,"Épée, Team, Men (Olympic)",fencing,fencing,men,adult,medal,team,team,,,,,team,NO,NO,epee,0,"[""fencing"", ""fencing"", ""men"", ""adult"", ""medal"", [""team""], [], [], [], [""epee""]]",fuente1
412,"100 metres Freestyle, Men (Olympic)",aquatics,swimming,men,adult,medal,freestyle,,100:m,,,,,NO,NO,,0,"[""aquatics"", ""swimming"", ""men"", ""adult"", ""medal"", [""freestyle""], [""100:m""], [], [], []]",fuente1
413,"500 metres Freestyle, Men (Olympic)",aquatics,swimming,men,adult,medal,freestyle,,500:m,,,,,NO,NO,,0,"[""aquatics"", ""swimming"", ""men"", ""adult"", ""medal"", [""freestyle""], [""500:m""], [], [], []]",fuente1
414,"Sabre, Individual, Three Hits, Men (Olympic)",fencing,fencing,men,adult,medal,individual,individual,,,,,individual,NO,NO,hits | sabre | three,0,"[""fencing"", ""fencing"", ""men"", ""adult"", ""medal"", [""individual""], [], [], [], [""hits"", ""sabre"", ""three""]]",fuente1
415,"Sabre, Masters, Individual, Men (Olympic)",fencing,fencing,men,adult,medal,individual,individual,,,,,individual,NO,NO,masters | sabre,0,"[""fencing"", ""fencing"", ""men"", ""adult"", ""medal"", [""individual""], [], [], [], [""masters"", ""sabre""]]",fuente1
416,Modern Pentathlon,,,,adult,medal,,,,,,,,NO,NO,modern | pentathlon,0,"["""", """", """", ""adult"", ""medal"", [], [], [], [], [""modern"", ""pentathlon""]]",
417,"Foil, Individual, Open (Olympic (non-medal))",,,,adult,medal,individual | open,individual,,,,,individual,NO,NO,foil,0,"["""", """", """", ""adult"", ""medal"", [""individual"", ""open""], [], [], [], [""foil""]]",
418,"400 metres Freestyle, Men (Olympic)",aquatics,swimming,men,adult,medal,freestyle,,400:m,,,,,NO,NO,,0,"[""aquatics"", ""swimming"", ""men"", ""adult"", ""medal"", [""freestyle""], [""400:m""], [], [], []]",fuente1
419,Water Polo (Aquatics),,,,adult,medal,,,,,,,,NO,NO,aquatics | polo | water,0,"["""", """", """", ""adult"", ""medal"", [], [], [], [], [""aquatics"", ""polo"", ""water""]]",
420,"Water Polo, Men (Olympic)",,,,adult,medal,,,,,,,,NO,NO,polo | water,0,"["""", """", """", ""adult"", ""medal"", [], [], [], [], [""polo"", ""water""]]",
421,Water Polo (Aquatics),,,,adult,medal,,,,,,,,NO,NO,aquatics | polo | water,0,"["""", """", """", ""adult"", ""medal"", [], [], [], [], [""aquatics"", ""polo"", ""water""]]",
422,"Water Polo, Men (Olympic)",,,,adult,medal,,,,,,,,NO,NO,polo | water,0,"["""", """", """", ""adult"", ""medal"", [], [], [], [], [""polo"", ""water""]]",
423,Hockey,,,,adult,medal,,,,,,,,NO,NO,hockey,0,"["""", """", """", ""adult"", ""medal"", [], [], [], [], [""hockey""]]",
424,"Hockey, Men (Olympic)",,,,adult,medal,,,,,,,,NO,NO,hockey,0,"["""", """", """", ""adult"", ""medal"", [], [], [], [], [""hockey""]]",
425,"Ice Hockey, Men (Olympic)",ice hockey,ice hockey,men,adult,medal,,,,,,,,NO,NO,,0,"[""ice hockey"", ""ice hockey"", ""men"", ""adult"", ""medal"", [], [], [], [], []]",fuente1
426,"Foil, Masters, Individual, Men (Olympic)",fencing,fencing,men,adult,medal,individual,individual,,,,,individual,NO,NO,foil | masters,0,"[""fencing"", ""fencing"", ""men"", ""adult"", ""medal"", [""individual""], [], [], [], [""foil"", ""masters""]]",fuente1
427,"Épée, Masters, Individual, Men (Olympic)",fencing,fencing,men,adult,medal,individual,individual,,,,,individual,NO,NO,epee | masters,0,"[""fencing"", ""fencing"", ""men"", ""adult"", ""medal"", [""individual""], [], [], [], [""epee"", ""masters""]]",fuente1
428,"Épée, Masters and Amateurs, Individual, Men (Olympic)",fencing,fencing,men,adult,medal,individual,individual,,,,,individual,NO,NO,amateurs | and | epee | masters,0,"[""fencing"", ""fencing"", ""men"", ""adult"", ""medal"", [""individual""], [], [], [], [""amateurs"", ""and"", ""epee"", ""masters""]]",fuente1
429,"25 kilometres, Men (Olympic)",,,,adult,medal,,,25:km,,,,,NO,NO,,0,"["""", """", """", ""adult"", ""medal"", [], [""25:km""], [], [], []]",
430,"Literature, Open (Olympic)",,,,adult,medal,open,,,,,,,NO,NO,literature,0,"["""", """", """", ""adult"", ""medal"", [""open""], [], [], [], [""literature""]]",
431,"Free Pistol, 50 yards, Men (Olympic)",shooting,shooting,men,adult,medal,,,50:yd,,,,,NO,NO,free | pistol,0,"[""shooting"", ""shooting"", ""men"", ""adult"", ""medal"", [], [""50:yd""], [], [], [""free"", ""pistol""]]",fuente1
432,"Small-Bore Rifle, 50 and 100 yards, Team, Men (Olympic)",shooting,shooting,men,adult,medal,team,team,50/100:yd,50/100:yd,,,team,NO,NO,bore | rifle | small,0,"[""shooting"", ""shooting"", ""men"", ""adult"", ""medal"", [""team""], [""50/100:yd""], [], [], [""bore"", ""rifle"", ""small""]]",fuente1
433,Athletics,,,,adult,medal,,,,,,,,NO,NO,athletics,0,"["""", """", """", ""adult"", ""medal"", [], [], [], [], [""athletics""]]",
434,"100 metres, Professionals, Men (Olympic (non-medal))",fencing,fencing,men,adult,medal,,,100:m,,,,,NO,NO,professionals,0,"[""fencing"", ""fencing"", ""men"", ""adult"", ""medal"", [], [""100:m""], [], [], [""professionals""]]",fuente1
435,"400 metres, Professionals, Men (Olympic (non-medal))",fencing,fencing,men,adult,medal,,,400:m,,,,,NO,NO,professionals,0,"[""fencing"", ""fencing"", ""men"", ""adult"", ""medal"", [], [""400:m""], [], [], [""professionals""]]",fuente1
436,"110 metres Hurdles, Professionals, Men (Olympic (non-medal))",,,,adult,medal,,,110:m,,,,,NO,NO,hurdles | professionals,0,"["""", """", """", ""adult"", ""medal"", [], [""110:m""], [], [], [""hurdles"", ""professionals""]]",
437,"High Jump, Professionals, Men (Olympic (non-medal))",fencing,fencing,men,adult,medal,,,,,,,,NO,NO,high | jump | professionals,0,"[""fencing"", ""fencing"", ""men"", ""adult"", ""medal"", [], [], [], [], [""high"", ""jump"", ""professionals""]]",fuente1
438,"Long Jump, Professionals, Men (Olympic (non-medal))",fencing,fencing,men,adult,medal,,,,,,,,NO,NO,jump | long | professionals,0,"[""fencing"", ""fencing"", ""men"", ""adult"", ""medal"", [], [], [], [], [""jump"", ""long"", ""professionals""]]",fuente1
439,"Shot Put, Professionals, Men (Olympic (non-medal))",fencing,fencing,men,adult,medal,shot,,,,,,,NO,NO,professionals | put,0,"[""fencing"", ""fencing"", ""men"", ""adult"", ""medal"", [""shot""], [], [], [], [""professionals"", ""put""]]",fuente1
440,"100 metres, Professionals, Handicap, Men (Olympic (non-medal))",fencing,fencing,men,adult,medal,,,100:m,,,,,NO,NO,handicap | professionals,0,"[""fencing"", ""fencing"", ""men"", ""adult"", ""medal"", [], [""100:m""], [], [], [""handicap"", ""professionals""]]",fuente1
441,"400 metres, Professionals, Handicap, Men (Olympic (non-medal))",fencing,fencing,men,adult,medal,,,400:m,,,,,NO,NO,handicap | professionals,0,"[""fencing"", ""fencing"", ""men"", ""adult"", ""medal"", [], [""400:m""], [], [], [""handicap"", ""professionals""]]",fuente1
442,"High Jump, Professionals, Handicap, Men (Olympic (non-medal))",fencing,fencing,men,adult,medal,,,,,,,,NO,NO,handicap | high | jump | professionals,0,"[""fencing"", ""fencing"", ""men"", ""adult"", ""medal"", [], [], [], [], [""handicap"", ""high"", ""jump"", ""professionals""]]",fuente1
443,"Long Jump, Professionals, Handicap, Men (Olympic (non-medal))",fencing,fencing,men,adult,medal,,,,,,,,NO,NO,handicap | jump | long | professionals,0,"[""fencing"", ""fencing"", ""men"", ""adult"", ""medal"", [], [], [], [], [""handicap"", ""jump"", ""long"", ""professionals""]]",fuente1
444,"Shot Put, Professionals, Handicap, Men (Olympic (non-medal))",fencing,fencing,men,adult,medal,shot,,,,,,,NO,NO,handicap | professionals | put,0,"[""fencing"", ""fencing"", ""men"", ""adult"", ""medal"", [""shot""], [], [], [], [""handicap"", ""professionals"", ""put""]]",fuente1
445,Rowing,,,,adult,medal,,,,,,,,NO,NO,rowing,0,"["""", """", """", ""adult"", ""medal"", [], [], [], [], [""rowing""]]",
446,"Eights, Men (Olympic)",,,,adult,medal,,,,,,,,NO,NO,eights,0,"["""", """", """", ""adult"", ""medal"", [], [], [], [], [""eights""]]",
447,"Painting, Paintings, Open (Olympic)",,,,adult,medal,open,,,,,,,NO,NO,painting | paintings,0,"["""", """", """", ""adult"", ""medal"", [""open""], [], [], [], [""painting"", ""paintings""]]",
448,Shooting,,,,adult,medal,,,,,,,,NO,NO,shooting,0,"["""", """", """", ""adult"", ""medal"", [], [], [], [], [""shooting""]]",
449,"Dueling Pistol Au Commandement, 25 metres, Men (Intercalated)",,,,adult,medal,,,25:m,,,,,NO,NO,au | commandement | dueling | intercalated | pistol,0,"["""", """", """", ""adult"", ""medal"", [], [""25:m""], [], [], [""au"", ""commandement"", ""dueling"", ""intercalated"", ""pistol""]]",
450,"Dueling Pistol, 30 metres, Team, Men (Olympic)",fencing,fencing,men,adult,medal,team,team,30:m,,,,team,NO,NO,dueling | pistol,0,"[""fencing"", ""fencing"", ""men"", ""adult"", ""medal"", [""team""], [""30:m""], [], [], [""dueling"", ""pistol""]]",fuente1
451,Swimming (Aquatics),,,,adult,medal,,,,,,,,NO,NO,aquatics | swimming,0,"["""", """", """", ""adult"", ""medal"", [], [], [], [], [""aquatics"", ""swimming""]]",
452,"100 metres Freestyle, Men (Olympic)",,,,adult,medal,freestyle,,100:m,,,,,NO,NO,,0,"["""", """", """", ""adult"", ""medal"", [""freestyle""], [""100:m""], [], [], []]",
453,"Football, Men (Intercalated)",,,,adult,medal,,,,,,,,NO,NO,football | intercalated,0,"["""", """", """", ""adult"", ""medal"", [], [], [], [], [""football"", ""intercalated""]]",
454,Fencing,,,,adult,medal,,,,,,,,NO,NO,fencing,0,"["""", """", """", ""adult"", ""medal"", [], [], [], [], [""fencing""]]",
455,"Trap, Team, Men (Olympic)",shooting,shooting,men,adult,medal,team,team,,,,,team,NO,NO,trap,0,"[""shooting"", ""shooting"", ""men"", ""adult"", ""medal"", [""team""], [], [], [], [""trap""]]",fuente1
456,"Three Person Keelboat, Open (Olympic)",,,,adult,medal,open,,,,,,,NO,NO,keelboat | person | three,0,"["""", """", """", ""adult"", ""medal"", [""open""], [], [], [], [""keelboat"", ""person"", ""three""]]",
457,Fencing,,,,adult,medal,,,,,,,,NO,NO,fencing,0,"["""", """", """", ""adult"", ""medal"", [], [], [], [], [""fencing""]]",
458,"Épée, Team, Men (Olympic)",modern pentathlon,modern pentathlon,men,adult,medal,team,team,,,,,team,NO,NO,epee,0,"[""modern pentathlon"", ""modern pentathlon"", ""men"", ""adult"", ""medal"", [""team""], [], [], [], [""epee""]]",fuente1
459,"Painting, Drawings And Water Colors, Open (Olympic)",,,,adult,medal,open,,,,,,,NO,NO,and | colors | drawings | painting | water,0,"["""", """", """", ""adult"", ""medal"", [""open""], [], [], [], [""and"", ""colors"", ""drawings"", ""painting"", ""water""]]",
460,"Painting, Graphic Arts, Open (Olympic)",,,,adult,medal,open,,,,,,,NO,NO,arts | graphic | painting,0,"["""", """", """", ""adult"", ""medal"", [""open""], [], [], [], [""arts"", ""graphic"", ""painting""]]",
461,"Painting, Applied Arts, Open (Olympic)",,,,adult,medal,open,,,,,,,NO,NO,applied | arts | painting,0,"["""", """", """", ""adult"", ""medal"", [""open""], [], [], [], [""applied"", ""arts"", ""painting""]]",
462,Art Competitions,,,,adult,medal,,,,,,,,NO,NO,art,0,"["""", """", """", ""adult"", ""medal"", [], [], [], [], [""art""]]",
463,"Painting, Graphic Arts, Open (Olympic)",,,,adult,medal,open,,,,,,,NO,NO,arts | graphic | painting,0,"["""", """", """", ""adult"", ""medal"", [""open""], [], [], [], [""arts"", ""graphic"", ""painting""]]",
464,"Sabre, Individual, Men (Olympic)",modern pentathlon,modern pentathlon,men,adult,medal,individual,individual,,,,,individual,NO,NO,sabre,0,"[""modern pentathlon"", ""modern pentathlon"", ""men"", ""adult"", ""medal"", [""individual""], [], [], [], [""sabre""]]",fuente1
465,"Foil, Individual, Boys (Olympic (non-medal))",,,,adult,medal,individual,individual,,,,,individual,NO,NO,boys | foil,0,"["""", """", """", ""adult"", ""medal"", [""individual""], [], [], [], [""boys"", ""foil""]]",
466,"Single Sticks, Individual, Men (Olympic)",fencing,fencing,men,adult,medal,individual | single,individual,,,,,individual | single,NO,NO,sticks,0,"[""fencing"", ""fencing"", ""men"", ""adult"", ""medal"", [""individual"", ""single""], [], [], [], [""sticks""]]",fuente1
467,"200 metres, Men (Olympic)",athletics,athletics,men,adult,medal,,,200:m,,,,,NO,NO,,0,"[""athletics"", ""athletics"", ""men"", ""adult"", ""medal"", [], [""200:m""], [], [], []]",fuente1
468,"Football, Women (Olympic)",football,football,women,adult,medal,,,,,,,,NO,NO,,0,"[""football"", ""football"", ""women"", ""adult"", ""medal"", [], [], [], [], []]",fuente1
469,"Platform, Women (Olympic)",aquatics,diving,women,adult,medal,,,,,,,,NO,NO,platform,0,"[""aquatics"", ""diving"", ""women"", ""adult"", ""medal"", [], [], [], [], [""platform""]]",fuente1
470,"Synchronized Platform, Women (Olympic)",aquatics,diving,women,adult,medal,,,,,,,,NO,NO,platform | synchronized,0,"[""aquatics"", ""diving"", ""women"", ""adult"", ""medal"", [], [], [], [], [""platform"", ""synchronized""]]",fuente1
471,"Platform, Men (Olympic)",aquatics,diving,men,adult,medal,,,,,,,,NO,NO,platform,0,"[""aquatics"", ""diving"", ""men"", ""adult"", ""medal"", [], [], [], [], [""platform""]]",fuente1
472,"Synchronized Platform, Men (Olympic)",aquatics,diving,men,adult,medal,,,,,,,,NO,NO,platform | synchronized,0,"[""aquatics"", ""diving"", ""men"", ""adult"", ""medal"", [], [], [], [], [""platform"", ""synchronized""]]",fuente1
473,Athletics,,,,adult,medal,,,,,,,,NO,NO,athletics,0,"["""", """", """", ""adult"", ""medal"", [], [], [], [], [""athletics""]]",
474,"110 metres Hurdles, Men (Olympic)",,,,adult,medal,,,110:m,,,,,NO,NO,hurdles,0,"["""", """", """", ""adult"", ""medal"", [], [""110:m""], [], [], [""hurdles""]]",
475,"Bandy, Men (Olympic (non-medal))",,,,adult,medal,,,,,,,,NO,NO,bandy,0,"["""", """", """", ""adult"", ""medal"", [], [], [], [], [""bandy""]]",
476,"4 × 400 metres Relay, Men (Olympic)",athletics,athletics,men,adult,medal,relay,,400:m,,,,relay,NO,NO,4 | x,0,"[""athletics"", ""athletics"", ""men"", ""adult"", ""medal"", [""relay""], [""400:m""], [], [], [""4"", ""x""]]",fuente1
477,"120 yards Hurdles, Men (Olympic (non-medal))",,,,adult,medal,,,120:yd,,,,,NO,NO,hurdles,0,"["""", """", """", ""adult"", ""medal"", [], [""120:yd""], [], [], [""hurdles""]]",
478,"440 yards, Boys (Olympic (non-medal))",,,,adult,medal,,,440:yd,,,,,NO,NO,boys,0,"["""", """", """", ""adult"", ""medal"", [], [""440:yd""], [], [], [""boys""]]",
479,"Individual All-Around, Women (Olympic)",,,,adult,medal,individual,individual,,,,,individual,NO,NO,all | around,0,"["""", """", """", ""adult"", ""medal"", [""individual""], [], [], [], [""all"", ""around""]]",
480,"Floor Exercise, Women (Olympic)",gymnastics,artistic gymnastics,women,adult,medal,,,,,,,,NO,NO,exercise | floor,0,"[""gymnastics"", ""artistic gymnastics"", ""women"", ""adult"", ""medal"", [], [], [], [], [""exercise"", ""floor""]]",fuente1
481,"Horse Vault, Women (Olympic)",,,,adult,medal,,,,,,,,NO,NO,horse | vault,0,"["""", """", """", ""adult"", ""medal"", [], [], [], [], [""horse"", ""vault""]]",
482,"Uneven Bars, Women (Olympic)",gymnastics,artistic gymnastics,women,adult,medal,,,,,,,,NO,NO,bars | uneven,0,"[""gymnastics"", ""artistic gymnastics"", ""women"", ""adult"", ""medal"", [], [], [], [], [""bars"", ""uneven""]]",fuente1
483,"Balance Beam, Women (Olympic)",gymnastics,artistic gymnastics,women,adult,medal,,,,,,,,NO,NO,balance | beam,0,"[""gymnastics"", ""artistic gymnastics"", ""women"", ""adult"", ""medal"", [], [], [], [], [""balance"", ""beam""]]",fuente1
484,"Team All-Around, Women (Olympic)",,,,adult,medal,team,team,,,,,team,NO,NO,all | around,0,"["""", """", """", ""adult"", ""medal"", [""team""], [], [], [], [""all"", ""around""]]",
485,"Individual, Women (Olympic)",,,,adult,medal,individual,individual,,,,,individual,NO,NO,,0,"["""", """", """", ""adult"", ""medal"", [""individual""], [], [], [], []]",
486,"Team Portable Apparatus, Women (Olympic)",,,,adult,medal,team,team,,,,,team,NO,NO,apparatus | portable,0,"["""", """", """", ""adult"", ""medal"", [""team""], [], [], [], [""apparatus"", ""portable""]]",
487,"Group, Women (Olympic)",,,,adult,medal,,,,,,,,NO,NO,group,0,"["""", """", """", ""adult"", ""medal"", [], [], [], [], [""group""]]",
488,"Individual All-Around, Men (Olympic)",gymnastics,artistic gymnastics,men,adult,medal,individual,individual,,,,,individual,NO,NO,all | around,0,"[""gymnastics"", ""artistic gymnastics"", ""men"", ""adult"", ""medal"", [""individual""], [], [], [], [""all"", ""around""]]",fuente1
489,"Team All-Around, Men (Olympic)",gymnastics,artistic gymnastics,men,adult,medal,team,team,,,,,team,NO,NO,all | around,0,"[""gymnastics"", ""artistic gymnastics"", ""men"", ""adult"", ""medal"", [""team""], [], [], [], [""all"", ""around""]]",fuente1
490,"Floor Exercise, Men (Olympic)",gymnastics,artistic gymnastics,men,adult,medal,,,,,,,,NO,NO,exercise | floor,0,"[""gymnastics"", ""artistic gymnastics"", ""men"", ""adult"", ""medal"", [], [], [], [], [""exercise"", ""floor""]]",fuente1
491,"Horse Vault, Men (Olympic)",gymnastics,artistic gymnastics,men,adult,medal,,,,,,,,NO,NO,horse | vault,0,"[""gymnastics"", ""artistic gymnastics"", ""men"", ""adult"", ""medal"", [], [], [], [], [""horse"", ""vault""]]",fuente1
492,"Parallel Bars, Men (Olympic)",gymnastics,artistic gymnastics,men,adult,medal,,,,,,,,NO,NO,bars | parallel,0,"[""gymnastics"", ""artistic gymnastics"", ""men"", ""adult"", ""medal"", [], [], [], [], [""bars"", ""parallel""]]",fuente1
493,"Horizontal Bar, Men (Olympic)",gymnastics,artistic gymnastics,men,adult,medal,,,,,,,,NO,NO,bar | horizontal,0,"[""gymnastics"", ""artistic gymnastics"", ""men"", ""adult"", ""medal"", [], [], [], [], [""bar"", ""horizontal""]]",fuente1
494,"Rings, Men (Olympic)",gymnastics,artistic gymnastics,men,adult,medal,,,,,,,,NO,NO,rings,0,"[""gymnastics"", ""artistic gymnastics"", ""men"", ""adult"", ""medal"", [], [], [], [], [""rings""]]",fuente1
495,"Pommelled Horse, Men (Olympic)",,,,adult,medal,,,,,,,,NO,NO,horse | pommelled,0,"["""", """", """", ""adult"", ""medal"", [], [], [], [], [""horse"", ""pommelled""]]",
496,"Pole Vault, Women (Olympic)",athletics,athletics,women,adult,medal,,,,,,,,NO,NO,pole | vault,0,"[""athletics"", ""athletics"", ""women"", ""adult"", ""medal"", [], [], [], [], [""pole"", ""vault""]]",fuente1
497,"Individual All-Around, Field Sports, Men (Olympic)",gymnastics,artistic gymnastics,men,adult,medal,individual,individual,,,,,individual,NO,NO,all | around | field | sports,0,"[""gymnastics"", ""artistic gymnastics"", ""men"", ""adult"", ""medal"", [""individual""], [], [], [], [""all"", ""around"", ""field"", ""sports""]]",fuente1
498,"Individual All-Around, Apparatus Work, Men (Olympic)",gymnastics,artistic gymnastics,men,adult,medal,individual,individual,,,,,individual,NO,NO,all | apparatus | around | work,0,"[""gymnastics"", ""artistic gymnastics"", ""men"", ""adult"", ""medal"", [""individual""], [], [], [], [""all"", ""apparatus"", ""around"", ""work""]]",fuente1
499,"Team All-Around, Swedish System, Men (Olympic)",gymnastics,artistic gymnastics,men,adult,medal,team,team,,,,,team,NO,NO,all | around | swedish | system,0,"[""gymnastics"", ""artistic gymnastics"", ""men"", ""adult"", ""medal"", [""team""], [], [], [], [""all"", ""around"", ""swedish"", ""system""]]",fuente1
500,"Featherweight, Men (Olympic)",,,,adult,medal,,,,,,,,NO,NO,featherweight,0,"["""", """", """", ""adult"", ""medal"", [], [], [], [], [""featherweight""]]",
501,"Team All-Around, Free System, Men (Olympic)",gymnastics,artistic gymnastics,men,adult,medal,team,team,,,,,team,NO,NO,all | around | free | system,0,"[""gymnastics"", ""artistic gymnastics"", ""men"", ""adult"", ""medal"", [""team""], [], [], [], [""all"", ""around"", ""free"", ""system""]]",fuente1
502,"Team All-Around, Men (Intercalated)",,,,adult,medal,team,team,,,,,team,NO,NO,all | around | intercalated,0,"["""", """", """", ""adult"", ""medal"", [""team""], [], [], [], [""all"", ""around"", ""intercalated""]]",
503,"Rope Climbing, Men (Olympic)",gymnastics,artistic gymnastics,men,adult,medal,,,,,,,,NO,NO,climbing | rope,0,"[""gymnastics"", ""artistic gymnastics"", ""men"", ""adult"", ""medal"", [], [], [], [], [""climbing"", ""rope""]]",fuente1
504,"Side Horse, Men (Olympic)",gymnastics,artistic gymnastics,men,adult,medal,,,,,,,,NO,NO,horse | side,0,"[""gymnastics"", ""artistic gymnastics"", ""men"", ""adult"", ""medal"", [], [], [], [], [""horse"", ""side""]]",fuente1
505,"6 metres, Open (Olympic)",,,,adult,medal,open,,6:m,,,,,NO,NO,,0,"["""", """", """", ""adult"", ""medal"", [""open""], [""6:m""], [], [], []]",
506,Artistic Gymnastics (Gymnastics),,,,adult,medal,,,,,,,,NO,NO,artistic | gymnastics | gymnastics,0,"["""", """", """", ""adult"", ""medal"", [], [], [], [], [""artistic"", ""gymnastics"", ""gymnastics""]]",
507,"Team All-Around, Free System, Men (Olympic)",,,,adult,medal,team,team,,,,,team,NO,NO,all | around | free | system,0,"["""", """", """", ""adult"", ""medal"", [""team""], [], [], [], [""all"", ""around"", ""free"", ""system""]]",
508,"Architecture, Open (Olympic (non-medal))",,,,adult,medal,open,,,,,,,NO,NO,architecture,0,"["""", """", """", ""adult"", ""medal"", [""open""], [], [], [], [""architecture""]]",
509,"Free Rifle, Three Positions, 300 metres, Men (Olympic)",shooting,shooting,men,adult,medal,,,300:m,,,,,NO,NO,free | positions | rifle | three,0,"[""shooting"", ""shooting"", ""men"", ""adult"", ""medal"", [], [""300:m""], [], [], [""free"", ""positions"", ""rifle"", ""three""]]",fuente1
510,"Free Rifle, Three Positions, 300 metres, Team, Men (Olympic)",shooting,shooting,men,adult,medal,team,team,300:m,,,,team,NO,NO,free | positions | rifle | three,0,"[""shooting"", ""shooting"", ""men"", ""adult"", ""medal"", [""team""], [""300:m""], [], [], [""free"", ""positions"", ""rifle"", ""three""]]",fuente1
511,"Military Rifle, Prone, 300 metres, Team, Men (Olympic)",shooting,shooting,men,adult,medal,team,team,300:m,,,,team,NO,NO,military | prone | rifle,0,"[""shooting"", ""shooting"", ""men"", ""adult"", ""medal"", [""team""], [""300:m""], [], [], [""military"", ""prone"", ""rifle""]]",fuente1
512,"Military Rifle, Prone, 600 metres, Men (Olympic)",shooting,shooting,men,adult,medal,,,600:m,,,,,NO,NO,military | prone | rifle,0,"[""shooting"", ""shooting"", ""men"", ""adult"", ""medal"", [], [""600:m""], [], [], [""military"", ""prone"", ""rifle""]]",fuente1
513,"Military Rifle, Prone, 600 metres, Team, Men (Olympic)",shooting,shooting,men,adult,medal,team,team,600:m,,,,team,NO,NO,military | prone | rifle,0,"[""shooting"", ""shooting"", ""men"", ""adult"", ""medal"", [""team""], [""600:m""], [], [], [""military"", ""prone"", ""rifle""]]",fuente1
514,"Military Rifle, Standing, 300 metres, Men (Olympic)",shooting,shooting,men,adult,medal,,,300:m,,,,,NO,NO,military | rifle | standing,0,"[""shooting"", ""shooting"", ""men"", ""adult"", ""medal"", [], [""300:m""], [], [], [""military"", ""rifle"", ""standing""]]",fuente1
515,"Military Rifle, Standing, 300 metres, Team, Men (Olympic)",shooting,shooting,men,adult,medal,team,team,300:m,,,,team,NO,NO,military | rifle | standing,0,"[""shooting"", ""shooting"", ""men"", ""adult"", ""medal"", [""team""], [""300:m""], [], [], [""military"", ""rifle"", ""standing""]]",fuente1
516,"Military Rifle, Prone, 300 and 600 metres, Team, Men (Olympic)",shooting,shooting,men,adult,medal,team,team,300/600:m,300/600:m,,,team,NO,NO,military | prone | rifle,0,"[""shooting"", ""shooting"", ""men"", ""adult"", ""medal"", [""team""], [""300/600:m""], [], [], [""military"", ""prone"", ""rifle""]]",fuente1
517,"Running Target, Single Shot, Team, Men (Olympic)",shooting,shooting,men,adult,medal,shot | single | team,team,,,,,single | team,NO,NO,running | target,0,"[""shooting"", ""shooting"", ""men"", ""adult"", ""medal"", [""shot"", ""single"", ""team""], [], [], [], [""running"", ""target""]]",fuente1
518,"Running Target, Double Shot, Team, Men (Olympic)",shooting,shooting,men,adult,medal,double | shot | team,team,,,,,double | team,NO,NO,running | target,0,"[""shooting"", ""shooting"", ""men"", ""adult"", ""medal"", [""double"", ""shot"", ""team""], [], [], [], [""running"", ""target""]]",fuente1
519,"Running Target, Single Shot, Men (Olympic)",shooting,shooting,men,adult,medal,shot | single,,,,,,single,NO,NO,running | target,0,"[""shooting"", ""shooting"", ""men"", ""adult"", ""medal"", [""shot"", ""single""], [], [], [], [""running"", ""target""]]",fuente1
520,"Running Target, Double Shot, Men (Olympic)",shooting,shooting,men,adult,medal,double | shot,,,,,,double,NO,NO,running | target,0,"[""shooting"", ""shooting"", ""men"", ""adult"", ""medal"", [""double"", ""shot""], [], [], [], [""running"", ""target""]]",fuente1
521,"26th Federal Festival, Society and Association Contests, Non-Simultaneous, National Championships, Men (Olympic (non-medal))",,,,adult,medal,,,,,,,,NO,NO,26th | and | association | championships | contests | federal | festival | national | simultaneous | society,0,"["""", """", """", ""adult"", ""medal"", [], [], [], [], [""26th"", ""and"", ""association"", ""championships"", ""contests"", ""federal"", ""festival"", ""national"", ""simultaneous"", ""society""]]",
522,"Individual All-Around, Men (Intercalated)",gymnastics,artistic gymnastics,men,adult,medal,individual,individual,,,,,individual,NO,NO,all | around | intercalated,0,"[""gymnastics"", ""artistic gymnastics"", ""men"", ""adult"", ""medal"", [""individual""], [], [], [], [""all"", ""around"", ""intercalated""]]",fuente1
523,"Individual All-Around, 5 Events, Men (Intercalated)",gymnastics,artistic gymnastics,men,adult,medal,individual,individual,,,,,individual,NO,NO,5 | all | around | intercalated,0,"[""gymnastics"", ""artistic gymnastics"", ""men"", ""adult"", ""medal"", [""individual""], [], [], [], [""5"", ""all"", ""around"", ""intercalated""]]",fuente1
524,"Festival for Societies of the Seine, Artistic, Individual, Men (Olympic (non-medal))",,,,adult,medal,individual,individual,,,,,individual,NO,NO,artistic | festival | for | of | seine | societies | the,0,"["""", """", """", ""adult"", ""medal"", [""individual""], [], [], [], [""artistic"", ""festival"", ""for"", ""of"", ""seine"", ""societies"", ""the""]]",
525,"Festival for Societies of the Seine, Individual (#2), Men (Olympic (non-medal))",,,,adult,medal,individual,individual,,,,,individual,NO,NO,2 | festival | for | of | seine | societies | the,0,"["""", """", """", ""adult"", ""medal"", [""individual""], [], [], [], [""2"", ""festival"", ""for"", ""of"", ""seine"", ""societies"", ""the""]]",
526,"Festival for Societies of the Seine, Advanced, Men (Olympic (non-medal))",,,,adult,medal,,,,,,,,NO,NO,advanced | festival | for | of | seine | societies | the,0,"["""", """", """", ""adult"", ""medal"", [], [], [], [], [""advanced"", ""festival"", ""for"", ""of"", ""seine"", ""societies"", ""the""]]",
527,"Lightweight, Greco-Roman, Men (Olympic)",wrestling,wrestling greco roman,men,adult,medal,lightweight,,,,,,,NO,NO,,0,"[""wrestling"", ""wrestling greco roman"", ""men"", ""adult"", ""medal"", [""lightweight""], [], [], [], []]",fuente1
528,"100 metres, Men (Intercalated)",athletics,athletics,men,adult,medal,,,100:m,,,,,NO,NO,intercalated,0,"[""athletics"", ""athletics"", ""men"", ""adult"", ""medal"", [], [""100:m""], [], [], [""intercalated""]]",fuente1
529,"High Jump, Men (Intercalated)",athletics,athletics,men,adult,medal,,,,,,,,NO,NO,high | intercalated | jump,0,"[""athletics"", ""athletics"", ""men"", ""adult"", ""medal"", [], [], [], [], [""high"", ""intercalated"", ""jump""]]",fuente1
530,"Long Jump, Men (Intercalated)",athletics,athletics,men,adult,medal,,,,,,,,NO,NO,intercalated | jump | long,0,"[""athletics"", ""athletics"", ""men"", ""adult"", ""medal"", [], [], [], [], [""intercalated"", ""jump"", ""long""]]",fuente1
531,"Parallel Bars, Teams, Men (Olympic)",gymnastics,artistic gymnastics,men,adult,medal,,,,,,,,NO,NO,bars | parallel | teams,0,"[""gymnastics"", ""artistic gymnastics"", ""men"", ""adult"", ""medal"", [], [], [], [], [""bars"", ""parallel"", ""teams""]]",fuente1
532,"Horizontal Bar, Teams, Men (Olympic)",gymnastics,artistic gymnastics,men,adult,medal,,,,,,,,NO,NO,bar | horizontal | teams,0,"[""gymnastics"", ""artistic gymnastics"", ""men"", ""adult"", ""medal"", [], [], [], [], [""bar"", ""horizontal"", ""teams""]]",fuente1
533,Athletics,,,,adult,medal,,,,,,,,NO,NO,athletics,0,"["""", """", """", ""adult"", ""medal"", [], [], [], [], [""athletics""]]",
534,"High Jump, Men (Olympic)",,,,adult,medal,,,,,,,,NO,NO,high | jump,0,"["""", """", """", ""adult"", ""medal"", [], [], [], [], [""high"", ""jump""]]",
535,"Shot Put, Men (Olympic)",,,,adult,medal,shot,,,,,,,NO,NO,put,0,"["""", """", """", ""adult"", ""medal"", [""shot""], [], [], [], [""put""]]",
536,"100 metres, Men (Olympic)",gymnastics,artistic gymnastics,men,adult,medal,,,100:m,,,,,NO,NO,,0,"[""gymnastics"", ""artistic gymnastics"", ""men"", ""adult"", ""medal"", [], [""100:m""], [], [], []]",fuente1
537,"Pole Vault, Men (Olympic)",,,,adult,medal,,,,,,,,NO,NO,pole | vault,0,"["""", """", """", ""adult"", ""medal"", [], [], [], [], [""pole"", ""vault""]]",
538,"Long Jump, Men (Olympic)",gymnastics,artistic gymnastics,men,adult,medal,,,,,,,,NO,NO,jump | long,0,"[""gymnastics"", ""artistic gymnastics"", ""men"", ""adult"", ""medal"", [], [], [], [], [""jump"", ""long""]]",fuente1
539,"Triple Jump, Men (Olympic)",,,,adult,medal,,,,,,,,NO,NO,jump | triple,0,"["""", """", """", ""adult"", ""medal"", [], [], [], [], [""jump"", ""triple""]]",
540,Artistic Gymnastics (Gymnastics),,,,adult,medal,,,,,,,,NO,NO,artistic | gymnastics | gymnastics,0,"["""", """", """", ""adult"", ""medal"", [], [], [], [], [""artistic"", ""gymnastics"", ""gymnastics""]]",
541,"Rope Climbing, Men (Olympic)",,,,adult,medal,,,,,,,,NO,NO,climbing | rope,0,"["""", """", """", ""adult"", ""medal"", [], [], [], [], [""climbing"", ""rope""]]",
542,"110 metres Hurdles, Men (Intercalated)",athletics,athletics,men,adult,medal,,,110:m,,,,,NO,NO,hurdles | intercalated,0,"[""athletics"", ""athletics"", ""men"", ""adult"", ""medal"", [], [""110:m""], [], [], [""hurdles"", ""intercalated""]]",fuente1
543,"Pole Vault, Men (Intercalated)",,,,adult,medal,,,,,,,,NO,NO,intercalated | pole | vault,0,"["""", """", """", ""adult"", ""medal"", [], [], [], [], [""intercalated"", ""pole"", ""vault""]]",
544,"Standing Long Jump, Men (Intercalated)",athletics,athletics,men,adult,medal,,,,,,,,NO,NO,intercalated | jump | long | standing,0,"[""athletics"", ""athletics"", ""men"", ""adult"", ""medal"", [], [], [], [], [""intercalated"", ""jump"", ""long"", ""standing""]]",fuente1
545,"Individual All-Around, Men (Intercalated)",athletics,athletics,men,adult,medal,individual,individual,,,,,individual,NO,NO,all | around | intercalated,0,"[""athletics"", ""athletics"", ""men"", ""adult"", ""medal"", [""individual""], [], [], [], [""all"", ""around"", ""intercalated""]]",fuente1
546,"Individual All-Around, 5 Events, Men (Intercalated)",athletics,athletics,men,adult,medal,individual,individual,,,,,individual,NO,NO,5 | all | around | intercalated,0,"[""athletics"", ""athletics"", ""men"", ""adult"", ""medal"", [""individual""], [], [], [], [""5"", ""all"", ""around"", ""intercalated""]]",fuente1
547,"Team All-Around, Men (Intercalated)",athletics,athletics,men,adult,medal,team,team,,,,,team,NO,NO,all | around | intercalated,0,"[""athletics"", ""athletics"", ""men"", ""adult"", ""medal"", [""team""], [], [], [], [""all"", ""around"", ""intercalated""]]",fuente1
548,"Tug-Of-War, Men (Intercalated)",,,,adult,medal,,,,,,,,NO,NO,intercalated | of | tug | war,0,"["""", """", """", ""adult"", ""medal"", [], [], [], [], [""intercalated"", ""of"", ""tug"", ""war""]]",
549,Cycling Road (Cycling),,,,adult,medal,,,,,,,,NO,NO,cycling | cycling | road,0,"["""", """", """", ""adult"", ""medal"", [], [], [], [], [""cycling"", ""cycling"", ""road""]]",
550,"Road Race, Individual, Men (Olympic)",,,,adult,medal,individual,individual,,,,,individual,NO,NO,race | road,0,"["""", """", """", ""adult"", ""medal"", [""individual""], [], [], [], [""race"", ""road""]]",
551,Shooting,,,,adult,medal,,,,,,,,NO,NO,shooting,0,"["""", """", """", ""adult"", ""medal"", [], [], [], [], [""shooting""]]",
552,"Military Pistol, 25 metres, Men (Olympic)",,,,adult,medal,,,25:m,,,,,NO,NO,military | pistol,0,"["""", """", """", ""adult"", ""medal"", [], [""25:m""], [], [], [""military"", ""pistol""]]",
553,"Military Rifle, 200 metres, Men (Olympic)",,,,adult,medal,,,200:m,,,,,NO,NO,military | rifle,0,"["""", """", """", ""adult"", ""medal"", [], [""200:m""], [], [], [""military"", ""rifle""]]",
554,"Tumbling, Men (Olympic)",,,,adult,medal,,,,,,,,NO,NO,tumbling,0,"["""", """", """", ""adult"", ""medal"", [], [], [], [], [""tumbling""]]",
555,"Rope Climbing, Men (Intercalated)",gymnastics,artistic gymnastics,men,adult,medal,,,,,,,,NO,NO,climbing | intercalated | rope,0,"[""gymnastics"", ""artistic gymnastics"", ""men"", ""adult"", ""medal"", [], [], [], [], [""climbing"", ""intercalated"", ""rope""]]",fuente1
556,"Decathlon, Men (Olympic)",,,,adult,medal,,,,,,,,NO,NO,decathlon,0,"["""", """", """", ""adult"", ""medal"", [], [], [], [], [""decathlon""]]",
557,"Club Swinging, Men (Olympic)",,,,adult,medal,,,,,,,,NO,NO,club | swinging,0,"["""", """", """", ""adult"", ""medal"", [], [], [], [], [""club"", ""swinging""]]",
558,"Plain High, Men (Olympic)",,,,adult,medal,,,,,,,,NO,NO,high | plain,0,"["""", """", """", ""adult"", ""medal"", [], [], [], [], [""high"", ""plain""]]",
559,Artistic Gymnastics (Gymnastics),,,,adult,medal,,,,,,,,NO,NO,artistic | gymnastics | gymnastics,0,"["""", """", """", ""adult"", ""medal"", [], [], [], [], [""artistic"", ""gymnastics"", ""gymnastics""]]",
560,"Team All-Around, Free System, Men (Olympic)",aquatics,diving,men,adult,medal,team,team,,,,,team,NO,NO,all | around | free | system,0,"[""aquatics"", ""diving"", ""men"", ""adult"", ""medal"", [""team""], [], [], [], [""all"", ""around"", ""free"", ""system""]]",fuente1
561,"Standing Long Jump, Men (Olympic)",athletics,athletics,men,adult,medal,,,,,,,,NO,NO,jump | long | standing,0,"[""athletics"", ""athletics"", ""men"", ""adult"", ""medal"", [], [], [], [], [""jump"", ""long"", ""standing""]]",fuente1
562,"Standing Long Jump, Men (Olympic)",gymnastics,artistic gymnastics,men,adult,medal,,,,,,,,NO,NO,jump | long | standing,0,"[""gymnastics"", ""artistic gymnastics"", ""men"", ""adult"", ""medal"", [], [], [], [], [""jump"", ""long"", ""standing""]]",fuente1
563,"Javelin Throw, Men (Olympic)",,,,adult,medal,,,,,,,,NO,NO,javelin | throw,0,"["""", """", """", ""adult"", ""medal"", [], [], [], [], [""javelin"", ""throw""]]",
564,"Standing High Jump, Men (Intercalated)",athletics,athletics,men,adult,medal,,,,,,,,NO,NO,high | intercalated | jump | standing,0,"[""athletics"", ""athletics"", ""men"", ""adult"", ""medal"", [], [], [], [], [""high"", ""intercalated"", ""jump"", ""standing""]]",fuente1
565,"Triple Jump, Men (Intercalated)",,,,adult,medal,,,,,,,,NO,NO,intercalated | jump | triple,0,"["""", """", """", ""adult"", ""medal"", [], [], [], [], [""intercalated"", ""jump"", ""triple""]]",
566,"400 metres, Men (Olympic)",,,,adult,medal,,,400:m,,,,,NO,NO,,0,"["""", """", """", ""adult"", ""medal"", [], [""400:m""], [], [], []]",
567,"Discus Throw, Men (Olympic)",,,,adult,medal,,,,,,,,NO,NO,discus | throw,0,"["""", """", """", ""adult"", ""medal"", [], [], [], [], [""discus"", ""throw""]]",
568,"Tug-Of-War, Men (Intercalated)",,,,adult,medal,,,,,,,,NO,NO,intercalated | of | tug | war,0,"["""", """", """", ""adult"", ""medal"", [], [], [], [], [""intercalated"", ""of"", ""tug"", ""war""]]",
569,"Javelin Throw, Freestyle, Men (Intercalated)",,,,adult,medal,freestyle,,,,,,,NO,NO,intercalated | javelin | throw,0,"["""", """", """", ""adult"", ""medal"", [""freestyle""], [], [], [], [""intercalated"", ""javelin"", ""throw""]]",
570,Fencing,,,,adult,medal,,,,,,,,NO,NO,fencing,0,"["""", """", """", ""adult"", ""medal"", [], [], [], [], [""fencing""]]",
571,"Sabre, Individual, Men (Olympic)",,,,adult,medal,individual,individual,,,,,individual,NO,NO,sabre,0,"["""", """", """", ""adult"", ""medal"", [""individual""], [], [], [], [""sabre""]]",
572,"110 metres Hurdles, Men (Olympic)",,,,adult,medal,,,110:m,,,,,NO,NO,hurdles,0,"["""", """", """", ""adult"", ""medal"", [], [""110:m""], [], [], [""hurdles""]]",
573,"Platform, Men (Intercalated)",,,,adult,medal,,,,,,,,NO,NO,intercalated | platform,0,"["""", """", """", ""adult"", ""medal"", [], [], [], [], [""intercalated"", ""platform""]]",
574,Tug-Of-War,,,,adult,medal,,,,,,,,NO,NO,of | tug | war,0,"["""", """", """", ""adult"", ""medal"", [], [], [], [], [""of"", ""tug"", ""war""]]",
575,"Tug-Of-War, Men (Intercalated)",,,,adult,medal,,,,,,,,NO,NO,intercalated | of | tug | war,0,"["""", """", """", ""adult"", ""medal"", [], [], [], [], [""intercalated"", ""of"", ""tug"", ""war""]]",
576,Artistic Gymnastics (Gymnastics),,,,adult,medal,,,,,,,,NO,NO,artistic | gymnastics | gymnastics,0,"["""", """", """", ""adult"", ""medal"", [], [], [], [], [""artistic"", ""gymnastics"", ""gymnastics""]]",
577,"Team All-Around, Men (Olympic)",fencing,fencing,men,adult,medal,team,team,,,,,team,NO,NO,all | around,0,"[""fencing"", ""fencing"", ""men"", ""adult"", ""medal"", [""team""], [], [], [], [""all"", ""around""]]",fuente1
578,"Individual All-Around, 4 Events, Men (Olympic)",gymnastics,artistic gymnastics,men,adult,medal,individual,individual,,,,,individual,NO,NO,4 | all | around,0,"[""gymnastics"", ""artistic gymnastics"", ""men"", ""adult"", ""medal"", [""individual""], [], [], [], [""4"", ""all"", ""around""]]",fuente1
579,"Individual All-Around, Men (Olympic (non-medal))",gymnastics,artistic gymnastics,men,adult,medal,individual,individual,,,,,individual,NO,NO,all | around,0,"[""gymnastics"", ""artistic gymnastics"", ""men"", ""adult"", ""medal"", [""individual""], [], [], [], [""all"", ""around""]]",fuente1
580,"Horse Vault, Men (Olympic (non-medal))",gymnastics,artistic gymnastics,men,adult,medal,,,,,,,,NO,NO,horse | vault,0,"[""gymnastics"", ""artistic gymnastics"", ""men"", ""adult"", ""medal"", [], [], [], [], [""horse"", ""vault""]]",fuente1
581,"Parallel Bars, Men (Olympic (non-medal))",gymnastics,artistic gymnastics,men,adult,medal,,,,,,,,NO,NO,bars | parallel,0,"[""gymnastics"", ""artistic gymnastics"", ""men"", ""adult"", ""medal"", [], [], [], [], [""bars"", ""parallel""]]",fuente1
582,"Side Horse, Men (Olympic (non-medal))",gymnastics,artistic gymnastics,men,adult,medal,,,,,,,,NO,NO,horse | side,0,"[""gymnastics"", ""artistic gymnastics"", ""men"", ""adult"", ""medal"", [], [], [], [], [""horse"", ""side""]]",fuente1
583,"Handball, Men (Olympic)",handball,handball,men,adult,medal,,,,,,,,NO,NO,,0,"[""handball"", ""handball"", ""men"", ""adult"", ""medal"", [], [], [], [], []]",fuente1
584,Handball,,,,adult,medal,,,,,,,,NO,NO,handball,0,"["""", """", """", ""adult"", ""medal"", [], [], [], [], [""handball""]]",
585,"Combined, Men (Olympic)",,,,adult,medal,combined,,,,,,,NO,NO,,0,"["""", """", """", ""adult"", ""medal"", [""combined""], [], [], [], []]",
586,Cross Country Skiing (Skiing),,,,adult,medal,,,,,,,,NO,NO,country | cross | skiing | skiing,0,"["""", """", """", ""adult"", ""medal"", [], [], [], [], [""country"", ""cross"", ""skiing"", ""skiing""]]",
587,"4 × 10 kilometres Relay, Men (Olympic)",,,,adult,medal,relay,,10:km,,,,relay,NO,NO,4 | x,0,"["""", """", """", ""adult"", ""medal"", [""relay""], [""10:km""], [], [], [""4"", ""x""]]",
588,"Half-Middleweight, Women (Olympic)",judo,judo,women,adult,medal,middleweight,,,,,,,NO,NO,half,0,"[""judo"", ""judo"", ""women"", ""adult"", ""medal"", [""middleweight""], [], [], [], [""half""]]",fuente1
589,"Lightweight, Women (Olympic)",judo,judo,women,adult,medal,lightweight,,,,,,,NO,NO,,0,"[""judo"", ""judo"", ""women"", ""adult"", ""medal"", [""lightweight""], [], [], [], []]",fuente1
590,"Heavyweight, Women (Olympic)",judo,judo,women,adult,medal,heavyweight,,,,,,,NO,NO,,0,"[""judo"", ""judo"", ""women"", ""adult"", ""medal"", [""heavyweight""], [], [], [], []]",fuente1
591,"Half-Heavyweight, Women (Olympic (non-medal))",judo,judo,women,adult,medal,heavyweight,,,,,,,NO,NO,half,0,"[""judo"", ""judo"", ""women"", ""adult"", ""medal"", [""heavyweight""], [], [], [], [""half""]]",fuente1
592,"Half-Heavyweight, Women (Olympic)",judo,judo,women,adult,medal,heavyweight,,,,,,,NO,NO,half,0,"[""judo"", ""judo"", ""women"", ""adult"", ""medal"", [""heavyweight""], [], [], [], [""half""]]",fuente1
593,"Lightweight, Women (Olympic (non-medal))",judo,judo,women,adult,medal,lightweight,,,,,,,NO,NO,,0,"[""judo"", ""judo"", ""women"", ""adult"", ""medal"", [""lightweight""], [], [], [], []]",fuente1
594,"Extra-Lightweight, Women (Olympic)",judo,judo,women,adult,medal,lightweight,,,,,,,NO,NO,extra,0,"[""judo"", ""judo"", ""women"", ""adult"", ""medal"", [""lightweight""], [], [], [], [""extra""]]",fuente1
595,"Middleweight, Women (Olympic)",judo,judo,women,adult,medal,middleweight,,,,,,,NO,NO,,0,"[""judo"", ""judo"", ""women"", ""adult"", ""medal"", [""middleweight""], [], [], [], []]",fuente1
596,"Half-Middleweight, Women (Olympic (non-medal))",judo,judo,women,adult,medal,middleweight,,,,,,,NO,NO,half,0,"[""judo"", ""judo"", ""women"", ""adult"", ""medal"", [""middleweight""], [], [], [], [""half""]]",fuente1
597,"Half-Lightweight, Women (Olympic)",judo,judo,women,adult,medal,lightweight,,,,,,,NO,NO,half,0,"[""judo"", ""judo"", ""women"", ""adult"", ""medal"", [""lightweight""], [], [], [], [""half""]]",fuente1
598,"Half-Lightweight, Women (Olympic (non-medal))",judo,judo,women,adult,medal,lightweight,,,,,,,NO,NO,half,0,"[""judo"", ""judo"", ""women"", ""adult"", ""medal"", [""lightweight""], [], [], [], [""half""]]",fuente1
599,"Extra-Lightweight, Women (Olympic (non-medal))",judo,judo,women,adult,medal,lightweight,,,,,,,NO,NO,extra,0,"[""judo"", ""judo"", ""women"", ""adult"", ""medal"", [""lightweight""], [], [], [], [""extra""]]",fuente1
600,"Middleweight, Women (Olympic (non-medal))",judo,judo,women,adult,medal,middleweight,,,,,,,NO,NO,,0,"[""judo"", ""judo"", ""women"", ""adult"", ""medal"", [""middleweight""], [], [], [], []]",fuente1
601,"Heavyweight, Freestyle, Women (Olympic)",wrestling,wrestling freestyle,women,adult,medal,freestyle | heavyweight,,,,,,,NO,NO,,0,"[""wrestling"", ""wrestling freestyle"", ""women"", ""adult"", ""medal"", [""freestyle"", ""heavyweight""], [], [], [], []]",fuente1
602,"Heavyweight, Women (Olympic (non-medal))",judo,judo,women,adult,medal,heavyweight,,,,,,,NO,NO,,0,"[""judo"", ""judo"", ""women"", ""adult"", ""medal"", [""heavyweight""], [], [], [], []]",fuente1
603,"Lightweight, Men (Olympic)",judo,judo,men,adult,medal,lightweight,,,,,,,NO,NO,,0,"[""judo"", ""judo"", ""men"", ""adult"", ""medal"", [""lightweight""], [], [], [], []]",fuente1
604,"Half-Middleweight, Men (Olympic)",judo,judo,men,adult,medal,middleweight,,,,,,,NO,NO,half,0,"[""judo"", ""judo"", ""men"", ""adult"", ""medal"", [""middleweight""], [], [], [], [""half""]]",fuente1
605,"Half-Lightweight, Men (Olympic)",judo,judo,men,adult,medal,lightweight,,,,,,,NO,NO,half,0,"[""judo"", ""judo"", ""men"", ""adult"", ""medal"", [""lightweight""], [], [], [], [""half""]]",fuente1
606,"Open Class, Men (Olympic)",,,,adult,medal,open,,,,,,,NO,NO,class,0,"["""", """", """", ""adult"", ""medal"", [""open""], [], [], [], [""class""]]",
607,"Extra-Lightweight, Men (Olympic)",judo,judo,men,adult,medal,lightweight,,,,,,,NO,NO,extra,0,"[""judo"", ""judo"", ""men"", ""adult"", ""medal"", [""lightweight""], [], [], [], [""extra""]]",fuente1
608,"Middleweight, Men (Olympic)",judo,judo,men,adult,medal,middleweight,,,,,,,NO,NO,,0,"[""judo"", ""judo"", ""men"", ""adult"", ""medal"", [""middleweight""], [], [], [], []]",fuente1
609,"Half-Heavyweight, Men (Olympic)",judo,judo,men,adult,medal,heavyweight,,,,,,,NO,NO,half,0,"[""judo"", ""judo"", ""men"", ""adult"", ""medal"", [""heavyweight""], [], [], [], [""half""]]",fuente1
610,"Heavyweight, Men (Olympic)",judo,judo,men,adult,medal,heavyweight,,,,,,,NO,NO,,0,"[""judo"", ""judo"", ""men"", ""adult"", ""medal"", [""heavyweight""], [], [], [], []]",fuente1
611,"Welterweight, Greco-Roman, Men (Olympic)",,,,adult,medal,,,,,,,,NO,NO,greco | roman | welterweight,0,"["""", """", """", ""adult"", ""medal"", [], [], [], [], [""greco"", ""roman"", ""welterweight""]]",
612,"Welterweight, Freestyle, Men (Olympic)",,,,adult,medal,freestyle,,,,,,,NO,NO,welterweight,0,"["""", """", """", ""adult"", ""medal"", [""freestyle""], [], [], [], [""welterweight""]]",
613,Shooting,,,,adult,medal,,,,,,,,NO,NO,shooting,0,"["""", """", """", ""adult"", ""medal"", [], [], [], [], [""shooting""]]",
614,"Rapid-Fire Pistol, 25 metres, Men (Olympic)",,,,adult,medal,,,25:m,,,,,NO,NO,fire | pistol | rapid,0,"["""", """", """", ""adult"", ""medal"", [], [""25:m""], [], [], [""fire"", ""pistol"", ""rapid""]]",
615,"Military Ski Patrol, Men (Olympic)",skiing,military ski patrol,men,adult,medal,,,,,,,,NO,NO,,0,"[""skiing"", ""military ski patrol"", ""men"", ""adult"", ""medal"", [], [], [], [], []]",fuente1
616,"Sabre, Team, Men (Olympic)",modern pentathlon,modern pentathlon,men,adult,medal,team,team,,,,,team,NO,NO,sabre,0,"[""modern pentathlon"", ""modern pentathlon"", ""men"", ""adult"", ""medal"", [""team""], [], [], [], [""sabre""]]",fuente1
617,"Individual, Men (Olympic)",skiing,nordic combined,men,adult,medal,individual,individual,,,,,individual,NO,NO,,0,"[""skiing"", ""nordic combined"", ""men"", ""adult"", ""medal"", [""individual""], [], [], [], []]",fuente1
618,"Épée, Individual, Men (Olympic)",modern pentathlon,modern pentathlon,men,adult,medal,individual,individual,,,,,individual,NO,NO,epee,0,"[""modern pentathlon"", ""modern pentathlon"", ""men"", ""adult"", ""medal"", [""individual""], [], [], [], [""epee""]]",fuente1
619,Athletics,,,,adult,medal,,,,,,,,NO,NO,athletics,0,"["""", """", """", ""adult"", ""medal"", [], [], [], [], [""athletics""]]",
620,"Pole Vault, Men (Olympic)",,,,adult,medal,,,,,,,,NO,NO,pole | vault,0,"["""", """", """", ""adult"", ""medal"", [], [], [], [], [""pole"", ""vault""]]",
621,Swimming (Aquatics),,,,adult,medal,,,,,,,,NO,NO,aquatics | swimming,0,"["""", """", """", ""adult"", ""medal"", [], [], [], [], [""aquatics"", ""swimming""]]",
622,"200 metres Breaststroke, Men (Olympic)",,,,adult,medal,,,200:m,,,,,NO,NO,breaststroke,0,"["""", """", """", ""adult"", ""medal"", [], [""200:m""], [], [], [""breaststroke""]]",
623,"400 metres Breaststroke, Men (Olympic)",,,,adult,medal,,,400:m,,,,,NO,NO,breaststroke,0,"["""", """", """", ""adult"", ""medal"", [], [""400:m""], [], [], [""breaststroke""]]",
624,"Rapid-Fire Pistol, 25 metres, Men (Olympic)",,,,adult,medal,,,25:m,,,,,NO,NO,fire | pistol | rapid,0,"["""", """", """", ""adult"", ""medal"", [], [""25:m""], [], [], [""fire"", ""pistol"", ""rapid""]]",
625,Modern Pentathlon,,,,adult,medal,,,,,,,,NO,NO,modern | pentathlon,0,"["""", """", """", ""adult"", ""medal"", [], [], [], [], [""modern"", ""pentathlon""]]",
626,"Double Sculls, Women (Olympic)",rowing,rowing,women,adult,medal,double,,,,,,double,NO,NO,sculls,0,"[""rowing"", ""rowing"", ""women"", ""adult"", ""medal"", [""double""], [], [], [], [""sculls""]]",fuente1
627,"Coxless Pairs, Women (Olympic)",,,,adult,medal,coxless | pairs,,,,,coxless,pairs,NO,NO,,0,"["""", """", """", ""adult"", ""medal"", [""coxless"", ""pairs""], [], [], [""coxless""], []]",
628,"Lightweight Double Sculls, Women (Olympic)",rowing,rowing,women,adult,medal,double | lightweight,,,,,,double,NO,NO,sculls,0,"[""rowing"", ""rowing"", ""women"", ""adult"", ""medal"", [""double"", ""lightweight""], [], [], [], [""sculls""]]",fuente1
629,"Coxed Fours, Men (Olympic)",rowing,rowing,men,adult,medal,coxed,,,,,coxed,,NO,NO,fours,0,"[""rowing"", ""rowing"", ""men"", ""adult"", ""medal"", [""coxed""], [], [], [""coxed""], [""fours""]]",fuente1
630,"Coxless Pairs, Men (Olympic)",,,,adult,medal,coxless | pairs,,,,,coxless,pairs,NO,NO,,0,"["""", """", """", ""adult"", ""medal"", [""coxless"", ""pairs""], [], [], [""coxless""], []]",
631,"Coxless Fours, Men (Olympic)",rowing,rowing,men,adult,medal,coxless,,,,,coxless,,NO,NO,fours,0,"[""rowing"", ""rowing"", ""men"", ""adult"", ""medal"", [""coxless""], [], [], [""coxless""], [""fours""]]",fuente1
632,"Coxed Pairs, Men (Olympic)",,,,adult,medal,coxed | pairs,,,,,coxed,pairs,NO,NO,,0,"["""", """", """", ""adult"", ""medal"", [""coxed"", ""pairs""], [], [], [""coxed""], []]",
633,"Quadruple Sculls, Men (Olympic)",rowing,rowing,men,adult,medal,,,,,,,,NO,NO,quadruple | sculls,0,"[""rowing"", ""rowing"", ""men"", ""adult"", ""medal"", [], [], [], [], [""quadruple"", ""sculls""]]",fuente1
634,"Single Sculls, Men (Olympic)",rowing,rowing,men,adult,medal,single,,,,,,single,NO,NO,sculls,0,"[""rowing"", ""rowing"", ""men"", ""adult"", ""medal"", [""single""], [], [], [], [""sculls""]]",fuente1
635,"Double Sculls, Men (Olympic)",rowing,rowing,men,adult,medal,double,,,,,,double,NO,NO,sculls,0,"[""rowing"", ""rowing"", ""men"", ""adult"", ""medal"", [""double""], [], [], [], [""sculls""]]",fuente1
636,"Lightweight Coxless Fours, Men (Olympic)",rowing,rowing,men,adult,medal,coxless | lightweight,,,,,coxless,,NO,NO,fours,0,"[""rowing"", ""rowing"", ""men"", ""adult"", ""medal"", [""coxless"", ""lightweight""], [], [], [""coxless""], [""fours""]]",fuente1
637,"Lightweight Double Sculls, Men (Olympic)",rowing,rowing,men,adult,medal,double | lightweight,,,,,,double,NO,NO,sculls,0,"[""rowing"", ""rowing"", ""men"", ""adult"", ""medal"", [""double"", ""lightweight""], [], [], [], [""sculls""]]",fuente1
638,"Coxed Fours, Women (Olympic)",,,,adult,medal,coxed,,,,,coxed,,NO,NO,fours,0,"["""", """", """", ""adult"", ""medal"", [""coxed""], [], [], [""coxed""], [""fours""]]",
639,"Eights, Women (Olympic)",,,,adult,medal,,,,,,,,NO,NO,eights,0,"["""", """", """", ""adult"", ""medal"", [], [], [], [], [""eights""]]",
640,"Coxless Fours, Women (Olympic)",,,,adult,medal,coxless,,,,,coxless,,NO,NO,fours,0,"["""", """", """", ""adult"", ""medal"", [""coxless""], [], [], [""coxless""], [""fours""]]",
641,"Quadruple Sculls, Women (Olympic)",rowing,rowing,women,adult,medal,,,,,,,,NO,NO,quadruple | sculls,0,"[""rowing"", ""rowing"", ""women"", ""adult"", ""medal"", [], [], [], [], [""quadruple"", ""sculls""]]",fuente1
642,"Coxed Fours, Outriggers, Men (Olympic)",rowing,rowing,men,adult,medal,coxed,,,,,coxed,,NO,NO,fours | outriggers,0,"[""rowing"", ""rowing"", ""men"", ""adult"", ""medal"", [""coxed""], [], [], [""coxed""], [""fours"", ""outriggers""]]",fuente1
643,"Coxless Fours, Boys (Olympic (non-medal))",,,,adult,medal,coxless,,,,,coxless,,NO,NO,boys | fours,0,"["""", """", """", ""adult"", ""medal"", [""coxless""], [], [], [""coxless""], [""boys"", ""fours""]]",
644,"Eights, Boys (Olympic (non-medal))",,,,adult,medal,,,,,,,,NO,NO,boys | eights,0,"["""", """", """", ""adult"", ""medal"", [], [], [], [], [""boys"", ""eights""]]",
645,Rowing,,,,adult,medal,,,,,,,,NO,NO,rowing,0,"["""", """", """", ""adult"", ""medal"", [], [], [], [], [""rowing""]]",
646,"Eights, Men (Olympic)",,,,adult,medal,,,,,,,,NO,NO,eights,0,"["""", """", """", ""adult"", ""medal"", [], [], [], [], [""eights""]]",
647,"Coxless Pairs, Boys (Olympic (non-medal))",,,,adult,medal,coxless | pairs,,,,,coxless,pairs,NO,NO,boys,0,"["""", """", """", ""adult"", ""medal"", [""coxless"", ""pairs""], [], [], [""coxless""], [""boys""]]",
648,"Literature, Lyric Works, Open (Olympic)",,,,adult,medal,open,,,,,,,NO,NO,literature | lyric | works,0,"["""", """", """", ""adult"", ""medal"", [""open""], [], [], [], [""literature"", ""lyric"", ""works""]]",
649,"Water Polo, Men (Olympic)",aquatics,water polo,men,adult,medal,,,,,,,,NO,NO,,0,"[""aquatics"", ""water polo"", ""men"", ""adult"", ""medal"", [], [], [], [], []]",fuente1
650,Water Polo (Aquatics),,,,adult,medal,,,,,,,,NO,NO,aquatics | polo | water,0,"["""", """", """", ""adult"", ""medal"", [], [], [], [], [""aquatics"", ""polo"", ""water""]]",
651,"Water Polo, Men (Olympic)",,,,adult,medal,,,,,,,,NO,NO,polo | water,0,"["""", """", """", ""adult"", ""medal"", [], [], [], [], [""polo"", ""water""]]",
652,"Coxed Quadruple Sculls, Women (Olympic)",rowing,rowing,women,adult,medal,coxed,,,,,coxed,,NO,NO,quadruple | sculls,0,"[""rowing"", ""rowing"", ""women"", ""adult"", ""medal"", [""coxed""], [], [], [""coxed""], [""quadruple"", ""sculls""]]",fuente1
653,"Coxed Fours, Inriggers, Men (Olympic)",rowing,rowing,men,adult,medal,coxed,,,,,coxed,,NO,NO,fours | inriggers,0,"[""rowing"", ""rowing"", ""men"", ""adult"", ""medal"", [""coxed""], [], [], [""coxed""], [""fours"", ""inriggers""]]",fuente1
654,"Savate, Men (Olympic (non-medal))",,,,adult,medal,,,,,,,,NO,NO,savate,0,"["""", """", """", ""adult"", ""medal"", [], [], [], [], [""savate""]]",
655,"Single Sculls, Association, Men (Olympic (non-medal))",,,,adult,medal,single,,,,,,single,NO,NO,association | sculls,0,"["""", """", """", ""adult"", ""medal"", [""single""], [], [], [], [""association"", ""sculls""]]",
656,"200 metres Breaststroke, Men (Olympic)",,,,adult,medal,,,200:m,,,,,NO,NO,breaststroke,0,"["""", """", """", ""adult"", ""medal"", [], [""200:m""], [], [], [""breaststroke""]]",
657,"Sculpturing, Medals And Reliefs, Open (Olympic)",,,,adult,medal,open,,,,,,,NO,NO,and | medals | reliefs | sculpturing,0,"["""", """", """", ""adult"", ""medal"", [""open""], [], [], [], [""and"", ""medals"", ""reliefs"", ""sculpturing""]]",
658,"Sculpturing, Statues, Open (Olympic)",,,,adult,medal,open,,,,,,,NO,NO,sculpturing | statues,0,"["""", """", """", ""adult"", ""medal"", [""open""], [], [], [], [""sculpturing"", ""statues""]]",
659,"Sculpturing, Unknown Event, Open (Olympic)",,,,adult,medal,open,,,,,,,NO,NO,sculpturing | unknown,0,"["""", """", """", ""adult"", ""medal"", [""open""], [], [], [], [""sculpturing"", ""unknown""]]",
660,Art Competitions,,,,adult,medal,,,,,,,,NO,NO,art,0,"["""", """", """", ""adult"", ""medal"", [], [], [], [], [""art""]]",
661,"Painting, Graphic Arts, Open (Olympic)",,,,adult,medal,open,,,,,,,NO,NO,arts | graphic | painting,0,"["""", """", """", ""adult"", ""medal"", [""open""], [], [], [], [""arts"", ""graphic"", ""painting""]]",
662,"Coxless Fours, Intermediate, Men (Olympic (non-medal))",rowing,rowing,men,adult,medal,coxless,,,,,coxless,,NO,NO,fours | intermediate,0,"[""rowing"", ""rowing"", ""men"", ""adult"", ""medal"", [""coxless""], [], [], [""coxless""], [""fours"", ""intermediate""]]",fuente1
663,"Coxless Fours, Men (Olympic (non-medal))",rowing,rowing,men,adult,medal,coxless,,,,,coxless,,NO,NO,fours,0,"[""rowing"", ""rowing"", ""men"", ""adult"", ""medal"", [""coxless""], [], [], [""coxless""], [""fours""]]",fuente1
664,"Coxless Pairs, Intermediate, Men (Olympic (non-medal))",,,,adult,medal,coxless | pairs,,,,,coxless,pairs,NO,NO,intermediate,0,"["""", """", """", ""adult"", ""medal"", [""coxless"", ""pairs""], [], [], [""coxless""], [""intermediate""]]",
665,"Two Person Keelboat, Open (Olympic)",,,,adult,medal,open,,,,,,,NO,NO,keelboat | person | two,0,"["""", """", """", ""adult"", ""medal"", [""open""], [], [], [], [""keelboat"", ""person"", ""two""]]",
666,"Double Sculls, Intermediate, Men (Olympic (non-medal))",,,,adult,medal,double,,,,,,double,NO,NO,intermediate | sculls,0,"["""", """", """", ""adult"", ""medal"", [""double""], [], [], [], [""intermediate"", ""sculls""]]",
667,"Eights, Intermediate, Men (Olympic (non-medal))",,,,adult,medal,,,,,,,,NO,NO,eights | intermediate,0,"["""", """", """", ""adult"", ""medal"", [], [], [], [], [""eights"", ""intermediate""]]",
668,"Air Rifle, 10 metres, Women (Olympic)",,,,adult,medal,,,10:m,,,,,NO,NO,air | rifle,0,"["""", """", """", ""adult"", ""medal"", [], [""10:m""], [], [], [""air"", ""rifle""]]",
669,"Trap, Open (Olympic)",,,,adult,medal,open,,,,,,,NO,NO,trap,0,"["""", """", """", ""adult"", ""medal"", [""open""], [], [], [], [""trap""]]",
670,"Trap, Men (Olympic)",shooting,shooting,men,adult,medal,,,,,,,,NO,NO,trap,0,"[""shooting"", ""shooting"", ""men"", ""adult"", ""medal"", [], [], [], [], [""trap""]]",fuente1
671,"Double Trap, Men (Olympic)",shooting,shooting,men,adult,medal,double,,,,,,double,NO,NO,trap,0,"[""shooting"", ""shooting"", ""men"", ""adult"", ""medal"", [""double""], [], [], [], [""trap""]]",fuente1
672,"Air Pistol, 10 metres, Women (Olympic)",,,,adult,medal,,,10:m,,,,,NO,NO,air | pistol,0,"["""", """", """", ""adult"", ""medal"", [], [""10:m""], [], [], [""air"", ""pistol""]]",
673,"Sporting Pistol, 25 metres, Women (Olympic)",,,,adult,medal,,,25:m,,,,,NO,NO,pistol | sporting,0,"["""", """", """", ""adult"", ""medal"", [], [""25:m""], [], [], [""pistol"", ""sporting""]]",
674,"Free Pistol, 50 metres, Open (Olympic)",,,,adult,medal,open,,50:m,,,,,NO,NO,free | pistol,0,"["""", """", """", ""adult"", ""medal"", [""open""], [""50:m""], [], [], [""free"", ""pistol""]]",
675,"Small-Bore Rifle, Three Positions, 50 metres, Women (Olympic)",shooting,shooting,women,adult,medal,,,50:m,,,,,NO,NO,bore | positions | rifle | small | three,0,"[""shooting"", ""shooting"", ""women"", ""adult"", ""medal"", [], [""50:m""], [], [], [""bore"", ""positions"", ""rifle"", ""small"", ""three""]]",fuente1
676,"Free Pistol, 50 metres, Men (Olympic)",shooting,shooting,men,adult,medal,,,50:m,,,,,NO,NO,free | pistol,0,"[""shooting"", ""shooting"", ""men"", ""adult"", ""medal"", [], [""50:m""], [], [], [""free"", ""pistol""]]",fuente1
677,"Small-Bore Rifle, Prone, 50 metres, Men (Olympic)",shooting,shooting,men,adult,medal,,,50:m,,,,,NO,NO,bore | prone | rifle | small,0,"[""shooting"", ""shooting"", ""men"", ""adult"", ""medal"", [], [""50:m""], [], [], [""bore"", ""prone"", ""rifle"", ""small""]]",fuente1
678,"Small-Bore Rifle, Three Positions, 50 metres, Men (Olympic)",shooting,shooting,men,adult,medal,,,50:m,,,,,NO,NO,bore | positions | rifle | small | three,0,"[""shooting"", ""shooting"", ""men"", ""adult"", ""medal"", [], [""50:m""], [], [], [""bore"", ""positions"", ""rifle"", ""small"", ""three""]]",fuente1
679,"Rapid-Fire Pistol, 25 metres, Open (Olympic)",,,,adult,medal,open,,25:m,,,,,NO,NO,fire | pistol | rapid,0,"["""", """", """", ""adult"", ""medal"", [""open""], [""25:m""], [], [], [""fire"", ""pistol"", ""rapid""]]",
680,"Small-Bore Rifle, Three Positions, 50 metres, Open (Olympic)",,,,adult,medal,open,,50:m,,,,,NO,NO,bore | positions | rifle | small | three,0,"["""", """", """", ""adult"", ""medal"", [""open""], [""50:m""], [], [], [""bore"", ""positions"", ""rifle"", ""small"", ""three""]]",
681,"Skeet, Men (Olympic)",shooting,shooting,men,adult,medal,,,,,,,,NO,NO,skeet,0,"[""shooting"", ""shooting"", ""men"", ""adult"", ""medal"", [], [], [], [], [""skeet""]]",fuente1
682,"Running Target, 50 metres, Open (Olympic)",,,,adult,medal,open,,50:m,,,,,NO,NO,running | target,0,"["""", """", """", ""adult"", ""medal"", [""open""], [""50:m""], [], [], [""running"", ""target""]]",
683,"Skeet, Open (Olympic)",,,,adult,medal,open,,,,,,,NO,NO,skeet,0,"["""", """", """", ""adult"", ""medal"", [""open""], [], [], [], [""skeet""]]",
684,"Air Rifle, 10 metres, Men (Olympic)",,,,adult,medal,,,10:m,,,,,NO,NO,air | rifle,0,"["""", """", """", ""adult"", ""medal"", [], [""10:m""], [], [], [""air"", ""rifle""]]",
685,"Air Pistol, 10 metres, Men (Olympic)",,,,adult,medal,,,10:m,,,,,NO,NO,air | pistol,0,"["""", """", """", ""adult"", ""medal"", [], [""10:m""], [], [], [""air"", ""pistol""]]",
686,"Double Trap, Women (Olympic)",shooting,shooting,women,adult,medal,double,,,,,,double,NO,NO,trap,0,"[""shooting"", ""shooting"", ""women"", ""adult"", ""medal"", [""double""], [], [], [], [""trap""]]",fuente1
687,"Trap, Women (Olympic)",shooting,shooting,women,adult,medal,,,,,,,,NO,NO,trap,0,"[""shooting"", ""shooting"", ""women"", ""adult"", ""medal"", [], [], [], [], [""trap""]]",fuente1
688,"Running Target, Single and Double Shot, Men (Olympic)",shooting,shooting,men,adult,medal,double | shot | single,,,,,,double | single,NO,NO,and | running | target,0,"[""shooting"", ""shooting"", ""men"", ""adult"", ""medal"", [""double"", ""shot"", ""single""], [], [], [], [""and"", ""running"", ""target""]]",fuente1
689,"Small-Bore Rifle, Prone, 50 and 100 yards, Men (Olympic)",shooting,shooting,men,adult,medal,,,50/100:yd,50/100:yd,,,,NO,NO,bore | prone | rifle | small,0,"[""shooting"", ""shooting"", ""men"", ""adult"", ""medal"", [], [""50/100:yd""], [], [], [""bore"", ""prone"", ""rifle"", ""small""]]",fuente1
690,"Small-Bore Rifle, Disappearing Target, 25 yards, Men (Olympic)",shooting,shooting,men,adult,medal,,,25:yd,,,,,NO,NO,bore | disappearing | rifle | small | target,0,"[""shooting"", ""shooting"", ""men"", ""adult"", ""medal"", [], [""25:yd""], [], [], [""bore"", ""disappearing"", ""rifle"", ""small"", ""target""]]",fuente1
691,"Small-Bore Rifle, Moving Target, 25 yards, Men (Olympic)",shooting,shooting,men,adult,medal,,,25:yd,,,,,NO,NO,bore | moving | rifle | small | target,0,"[""shooting"", ""shooting"", ""men"", ""adult"", ""medal"", [], [""25:yd""], [], [], [""bore"", ""moving"", ""rifle"", ""small"", ""target""]]",fuente1
692,"Running Target, 50 metres, Men (Olympic)",,,,adult,medal,,,50:m,,,,,NO,NO,running | target,0,"["""", """", """", ""adult"", ""medal"", [], [""50:m""], [], [], [""running"", ""target""]]",
693,"Running Target, 10 metres, Men (Olympic)",,,,adult,medal,,,10:m,,,,,NO,NO,running | target,0,"["""", """", """", ""adult"", ""medal"", [], [""10:m""], [], [], [""running"", ""target""]]",
694,"100 metres Freestyle, Men (Intercalated)",aquatics,swimming,men,adult,medal,freestyle,,100:m,,,,,NO,NO,intercalated,0,"[""aquatics"", ""swimming"", ""men"", ""adult"", ""medal"", [""freestyle""], [""100:m""], [], [], [""intercalated""]]",fuente1
695,"400 metres Freestyle, Men (Intercalated)",aquatics,swimming,men,adult,medal,freestyle,,400:m,,,,,NO,NO,intercalated,0,"[""aquatics"", ""swimming"", ""men"", ""adult"", ""medal"", [""freestyle""], [""400:m""], [], [], [""intercalated""]]",fuente1
696,"1 mile Freestyle, Men (Intercalated)",aquatics,swimming,men,adult,medal,freestyle,,1:mile,,,,,NO,NO,intercalated,0,"[""aquatics"", ""swimming"", ""men"", ""adult"", ""medal"", [""freestyle""], [""1:mile""], [], [], [""intercalated""]]",fuente1
697,"4 × 250 metres Freestyle Relay, Men (Intercalated)",,,,adult,medal,freestyle | relay,,250:m,,,,relay,NO,NO,4 | intercalated | x,0,"["""", """", """", ""adult"", ""medal"", [""freestyle"", ""relay""], [""250:m""], [], [], [""4"", ""intercalated"", ""x""]]",
698,"Free Pistol, 50 metres, Men (Olympic)",modern pentathlon,modern pentathlon,men,adult,medal,,,50:m,,,,,NO,NO,free | pistol,0,"[""modern pentathlon"", ""modern pentathlon"", ""men"", ""adult"", ""medal"", [], [""50:m""], [], [], [""free"", ""pistol""]]",fuente1
699,"Dueling Pistol, 30 metres, Men (Olympic)",modern pentathlon,modern pentathlon,men,adult,medal,,,30:m,,,,,NO,NO,dueling | pistol,0,"[""modern pentathlon"", ""modern pentathlon"", ""men"", ""adult"", ""medal"", [], [""30:m""], [], [], [""dueling"", ""pistol""]]",fuente1
700,"Military Rifle, Three Positions, 300 metres, Men (Olympic)",shooting,shooting,men,adult,medal,,,300:m,,,,,NO,NO,military | positions | rifle | three,0,"[""shooting"", ""shooting"", ""men"", ""adult"", ""medal"", [], [""300:m""], [], [], [""military"", ""positions"", ""rifle"", ""three""]]",fuente1
701,"Military Rifle, Any Position, 600 metres, Men (Olympic)",shooting,shooting,men,adult,medal,,,600:m,,,,,NO,NO,any | military | position | rifle,0,"[""shooting"", ""shooting"", ""men"", ""adult"", ""medal"", [], [""600:m""], [], [], [""any"", ""military"", ""position"", ""rifle""]]",fuente1
702,"Dueling Pistol, 30 metres, Men (Olympic)",shooting,shooting,men,adult,medal,,,30:m,,,,,NO,NO,dueling | pistol,0,"[""shooting"", ""shooting"", ""men"", ""adult"", ""medal"", [], [""30:m""], [], [], [""dueling"", ""pistol""]]",fuente1
703,"Free Pistol, 50 metres, Men (Intercalated)",shooting,shooting,men,adult,medal,,,50:m,,,,,NO,NO,free | intercalated | pistol,0,"[""shooting"", ""shooting"", ""men"", ""adult"", ""medal"", [], [""50:m""], [], [], [""free"", ""intercalated"", ""pistol""]]",fuente1
704,"Military Revolver, 1873-1874 Gras Model, 20 metres, Men (Intercalated)",shooting,shooting,men,adult,medal,,,20:m,,,,,NO,NO,1873 | 1874 | gras | intercalated | military | model | revolver,0,"[""shooting"", ""shooting"", ""men"", ""adult"", ""medal"", [], [""20:m""], [], [], [""1873"", ""1874"", ""gras"", ""intercalated"", ""military"", ""model"", ""revolver""]]",fuente1
705,"Military Revolver, 20 metres, Men (Intercalated)",shooting,shooting,men,adult,medal,,,20:m,,,,,NO,NO,intercalated | military | revolver,0,"[""shooting"", ""shooting"", ""men"", ""adult"", ""medal"", [], [""20:m""], [], [], [""intercalated"", ""military"", ""revolver""]]",fuente1
706,"Dueling Pistol Au Visé 20 metres, Men (Intercalated)",,,,adult,medal,,,20:m,,,,,NO,NO,au | dueling | intercalated | pistol | vise,0,"["""", """", """", ""adult"", ""medal"", [], [""20:m""], [], [], [""au"", ""dueling"", ""intercalated"", ""pistol"", ""vise""]]",
707,"Dueling Pistol Au Commandement, 25 metres, Men (Intercalated)",,,,adult,medal,,,25:m,,,,,NO,NO,au | commandement | dueling | intercalated | pistol,0,"["""", """", """", ""adult"", ""medal"", [], [""25:m""], [], [], [""au"", ""commandement"", ""dueling"", ""intercalated"", ""pistol""]]",
708,"Free Rifle, Any Position, 300 metres, Men (Intercalated)",shooting,shooting,men,adult,medal,,,300:m,,,,,NO,NO,any | free | intercalated | position | rifle,0,"[""shooting"", ""shooting"", ""men"", ""adult"", ""medal"", [], [""300:m""], [], [], [""any"", ""free"", ""intercalated"", ""position"", ""rifle""]]",fuente1
709,"Military Rifle, 1873-1874 Gras Model, Kneeling Or Standing, 200 metres, Men (Intercalated)",,,,adult,medal,,,200:m,,,,,NO,NO,1873 | 1874 | gras | intercalated | kneeling | military | model | or | rifle | standing,0,"["""", """", """", ""adult"", ""medal"", [], [""200:m""], [], [], [""1873"", ""1874"", ""gras"", ""intercalated"", ""kneeling"", ""military"", ""model"", ""or"", ""rifle"", ""standing""]]",
710,"Military Rifle, Kneeling Or Standing, 300 metres, Men (Intercalated)",shooting,shooting,men,adult,medal,,,300:m,,,,,NO,NO,intercalated | kneeling | military | or | rifle | standing,0,"[""shooting"", ""shooting"", ""men"", ""adult"", ""medal"", [], [""300:m""], [], [], [""intercalated"", ""kneeling"", ""military"", ""or"", ""rifle"", ""standing""]]",fuente1
711,"Free Pistol, 50 metres, Team, Men (Olympic)",shooting,shooting,men,adult,medal,team,team,50:m,,,,team,NO,NO,free | pistol,0,"[""shooting"", ""shooting"", ""men"", ""adult"", ""medal"", [""team""], [""50:m""], [], [], [""free"", ""pistol""]]",fuente1
712,"Free Rifle, Prone, 600 metres, Men (Olympic)",,,,adult,medal,,,600:m,,,,,NO,NO,free | prone | rifle,0,"["""", """", """", ""adult"", ""medal"", [], [""600:m""], [], [], [""free"", ""prone"", ""rifle""]]",
713,"Free Rifle, 400, 600 and 800 metres, Team, Men (Olympic)",shooting,shooting,men,adult,medal,team,team,600/800:m,600/800:m,,,team,NO,NO,400 | free | rifle,0,"[""shooting"", ""shooting"", ""men"", ""adult"", ""medal"", [""team""], [""600/800:m""], [], [], [""400"", ""free"", ""rifle""]]",fuente1
714,"Small-Bore Rifle, Standing, 50 metres, Men (Olympic)",shooting,shooting,men,adult,medal,,,50:m,,,,,NO,NO,bore | rifle | small | standing,0,"[""shooting"", ""shooting"", ""men"", ""adult"", ""medal"", [], [""50:m""], [], [], [""bore"", ""rifle"", ""small"", ""standing""]]",fuente1
715,"Smal-Bore Rifle, Standing, 50 metres, Team, Men (Olympic)",,,,adult,medal,team,team,50:m,,,,team,NO,NO,bore | rifle | smal | standing,0,"["""", """", """", ""adult"", ""medal"", [""team""], [""50:m""], [], [], [""bore"", ""rifle"", ""smal"", ""standing""]]",
716,"Military Pistol, Team, Men (Olympic)",,,,adult,medal,team,team,,,,,team,NO,NO,military | pistol,0,"["""", """", """", ""adult"", ""medal"", [""team""], [], [], [], [""military"", ""pistol""]]",
717,"Free Rifle, Kneeling, 300 metres, Men (Olympic)",,,,adult,medal,,,300:m,,,,,NO,NO,free | kneeling | rifle,0,"["""", """", """", ""adult"", ""medal"", [], [""300:m""], [], [], [""free"", ""kneeling"", ""rifle""]]",
718,"Free Rifle, Prone, 300 metres, Men (Olympic)",,,,adult,medal,,,300:m,,,,,NO,NO,free | prone | rifle,0,"["""", """", """", ""adult"", ""medal"", [], [""300:m""], [], [], [""free"", ""prone"", ""rifle""]]",
719,"Free Rifle, Standing, 300 metres, Men (Olympic)",,,,adult,medal,,,300:m,,,,,NO,NO,free | rifle | standing,0,"["""", """", """", ""adult"", ""medal"", [], [""300:m""], [], [], [""free"", ""rifle"", ""standing""]]",
720,"Free Pistol, 50 yards, Team, Men (Olympic)",shooting,shooting,men,adult,medal,team,team,50:yd,,,,team,NO,NO,free | pistol,0,"[""shooting"", ""shooting"", ""men"", ""adult"", ""medal"", [""team""], [""50:yd""], [], [], [""free"", ""pistol""]]",fuente1
721,"Military Pistol, 30 metres, Men (Olympic)",,,,adult,medal,,,30:m,,,,,NO,NO,military | pistol,0,"["""", """", """", ""adult"", ""medal"", [], [""30:m""], [], [], [""military"", ""pistol""]]",
722,"Free Rifle, 1,000 yards, Men (Olympic)",,,,adult,medal,,,1000:yd,,,,,NO,NO,free | rifle,0,"["""", """", """", ""adult"", ""medal"", [], [""1000:yd""], [], [], [""free"", ""rifle""]]",
723,"Military Rifle, 200/500/600/800/900/1,000 yards, Team, Men (Olympic)",shooting,shooting,men,adult,medal,team,team,200/500/600/800/900/1000:yd,200/500/600/800/900/1000:yd,,,team,NO,NO,military | rifle,0,"[""shooting"", ""shooting"", ""men"", ""adult"", ""medal"", [""team""], [""200/500/600/800/900/1000:yd""], [], [], [""military"", ""rifle""]]",fuente1
724,"Skeet, Women (Olympic)",shooting,shooting,women,adult,medal,,,,,,,,NO,NO,skeet,0,"[""shooting"", ""shooting"", ""women"", ""adult"", ""medal"", [], [], [], [], [""skeet""]]",fuente1
725,"Free Rifle, Three Positions, 300 metres, Open (Olympic)",,,,adult,medal,open,,300:m,,,,,NO,NO,free | positions | rifle | three,0,"["""", """", """", ""adult"", ""medal"", [""open""], [""300:m""], [], [], [""free"", ""positions"", ""rifle"", ""three""]]",
726,"Military Rifle, Prone, 300 metres, Men (Olympic)",shooting,shooting,men,adult,medal,,,300:m,,,,,NO,NO,military | prone | rifle,0,"[""shooting"", ""shooting"", ""men"", ""adult"", ""medal"", [], [""300:m""], [], [], [""military"", ""prone"", ""rifle""]]",fuente1
727,"Military Rifle, 200, 400, 500 and 600 metres, Team, Men (Olympic)",shooting,shooting,men,adult,medal,team,team,500/600:m,500/600:m,,,team,NO,NO,200 | 400 | military | rifle,0,"[""shooting"", ""shooting"", ""men"", ""adult"", ""medal"", [""team""], [""500/600:m""], [], [], [""200"", ""400"", ""military"", ""rifle""]]",fuente1
728,"Small-Bore Rifle, Prone, 50 metres, Team, Men (Olympic)",shooting,shooting,men,adult,medal,team,team,50:m,,,,team,NO,NO,bore | prone | rifle | small,0,"[""shooting"", ""shooting"", ""men"", ""adult"", ""medal"", [""team""], [""50:m""], [], [], [""bore"", ""prone"", ""rifle"", ""small""]]",fuente1
729,"Small-Bore Rifle, Any Position, 50 metres, Men (Olympic)",shooting,shooting,men,adult,medal,,,50:m,,,,,NO,NO,any | bore | position | rifle | small,0,"[""shooting"", ""shooting"", ""men"", ""adult"", ""medal"", [], [""50:m""], [], [], [""any"", ""bore"", ""position"", ""rifle"", ""small""]]",fuente1
730,"Small-Bore Rifle, Disappearing Target, 25 metres, Men (Olympic)",shooting,shooting,men,adult,medal,,,25:m,,,,,NO,NO,bore | disappearing | rifle | small | target,0,"[""shooting"", ""shooting"", ""men"", ""adult"", ""medal"", [], [""25:m""], [], [], [""bore"", ""disappearing"", ""rifle"", ""small"", ""target""]]",fuente1
731,Shooting,,,,adult,medal,,,,,,,,NO,NO,shooting,0,"["""", """", """", ""adult"", ""medal"", [], [], [], [], [""shooting""]]",
732,"Free Rifle, Any Position, 300 metres, Men (Olympic)",,,,adult,medal,,,300:m,,,,,NO,NO,any | free | position | rifle,0,"["""", """", """", ""adult"", ""medal"", [], [""300:m""], [], [], [""any"", ""free"", ""position"", ""rifle""]]",
733,"Military Rifle, 200 metres, Men (Olympic)",athletics,athletics,men,adult,medal,,,200:m,,,,,NO,NO,military | rifle,0,"[""athletics"", ""athletics"", ""men"", ""adult"", ""medal"", [], [""200:m""], [], [], [""military"", ""rifle""]]",fuente1
734,"Unlimited, One Hand, Men (Olympic)",athletics,athletics,men,adult,medal,,,,,,,,NO,NO,hand | one | unlimited,0,"[""athletics"", ""athletics"", ""men"", ""adult"", ""medal"", [], [], [], [], [""hand"", ""one"", ""unlimited""]]",fuente1
735,"Unlimited, Two Hands, Men (Olympic)",athletics,athletics,men,adult,medal,,,,,,,,NO,NO,hands | two | unlimited,0,"[""athletics"", ""athletics"", ""men"", ""adult"", ""medal"", [], [], [], [], [""hands"", ""two"", ""unlimited""]]",fuente1
736,"Rapid-Fire Pistol, 25 metres, Men (Olympic)",,,,adult,medal,,,25:m,,,,,NO,NO,fire | pistol | rapid,0,"["""", """", """", ""adult"", ""medal"", [], [""25:m""], [], [], [""fire"", ""pistol"", ""rapid""]]",
737,"Military Ski Patrol, Men (Olympic (non-medal))",skiing,military ski patrol,men,adult,medal,,,,,,,,NO,NO,,0,"[""skiing"", ""military ski patrol"", ""men"", ""adult"", ""medal"", [], [], [], [], []]",fuente1
738,"Skeleton, Men (Olympic)",bobsleigh,skeleton,men,adult,medal,,,,,,,,NO,NO,,0,"[""bobsleigh"", ""skeleton"", ""men"", ""adult"", ""medal"", [], [], [], [], []]",fuente1
739,"Free Pistol, 25 metres, Men (Intercalated)",,,,adult,medal,,,25:m,,,,,NO,NO,free | intercalated | pistol,0,"["""", """", """", ""adult"", ""medal"", [], [""25:m""], [], [], [""free"", ""intercalated"", ""pistol""]]",
740,"Free Rifle, Three Positions, 300 metres, Team, Men (Intercalated)",shooting,shooting,men,adult,medal,team,team,300:m,,,,team,NO,NO,free | intercalated | positions | rifle | three,0,"[""shooting"", ""shooting"", ""men"", ""adult"", ""medal"", [""team""], [""300:m""], [], [], [""free"", ""intercalated"", ""positions"", ""rifle"", ""three""]]",fuente1
741,"Trap, Single Shot, 16 metres, Men (Intercalated)",,,,adult,medal,shot | single,,16:m,,,,single,NO,NO,intercalated | trap,0,"["""", """", """", ""adult"", ""medal"", [""shot"", ""single""], [""16:m""], [], [], [""intercalated"", ""trap""]]",
742,"Trap, Double Shot, 14 metres, Men (Intercalated)",,,,adult,medal,double | shot,,14:m,,,,double,NO,NO,intercalated | trap,0,"["""", """", """", ""adult"", ""medal"", [""double"", ""shot""], [""14:m""], [], [], [""intercalated"", ""trap""]]",
743,"Dueling Pistol, 30 metres, Team, Men (Olympic)",shooting,shooting,men,adult,medal,team,team,30:m,,,,team,NO,NO,dueling | pistol,0,"[""shooting"", ""shooting"", ""men"", ""adult"", ""medal"", [""team""], [""30:m""], [], [], [""dueling"", ""pistol""]]",fuente1
744,"Trap, Men (Olympic)",,,,adult,medal,,,,,,,,NO,NO,trap,0,"["""", """", """", ""adult"", ""medal"", [], [], [], [], [""trap""]]",
745,"26th Federal Festival, Society and Association Contests, Non-Simultaneous, Shooting Championships, Honorary Members and Associates, Men (Olympic (non-medal))",,,,adult,medal,,,,,,,,NO,NO,26th | and | and | associates | association | championships | contests | federal | festival | honorary | members | shooting | simultaneous | society,0,"["""", """", """", ""adult"", ""medal"", [], [], [], [], [""26th"", ""and"", ""and"", ""associates"", ""association"", ""championships"", ""contests"", ""federal"", ""festival"", ""honorary"", ""members"", ""shooting"", ""simultaneous"", ""society""]]",
746,"Free Pistol, 50 metres, Team, Men (Olympic)",modern pentathlon,modern pentathlon,men,adult,medal,team,team,50:m,,,,team,NO,NO,free | pistol,0,"[""modern pentathlon"", ""modern pentathlon"", ""men"", ""adult"", ""medal"", [""team""], [""50:m""], [], [], [""free"", ""pistol""]]",fuente1
747,"Dueling Pistol, 30 metres, Team, Men (Olympic)",modern pentathlon,modern pentathlon,men,adult,medal,team,team,30:m,,,,team,NO,NO,dueling | pistol,0,"[""modern pentathlon"", ""modern pentathlon"", ""men"", ""adult"", ""medal"", [""team""], [""30:m""], [], [], [""dueling"", ""pistol""]]",fuente1
748,"Military Pistol, 25 metres, Men (Olympic)",,,,adult,medal,,,25:m,,,,,NO,NO,military | pistol,0,"["""", """", """", ""adult"", ""medal"", [], [""25:m""], [], [], [""military"", ""pistol""]]",
749,"Muzzle-Loading Pistol, 25 metres, Men (Olympic)",,,,adult,medal,,,25:m,,,,,NO,NO,loading | muzzle | pistol,0,"["""", """", """", ""adult"", ""medal"", [], [""25:m""], [], [], [""loading"", ""muzzle"", ""pistol""]]",
750,"Free Rifle, Any Position, 300 metres, Men (Olympic)",shooting,shooting,men,adult,medal,,,300:m,,,,,NO,NO,any | free | position | rifle,0,"[""shooting"", ""shooting"", ""men"", ""adult"", ""medal"", [], [""300:m""], [], [], [""any"", ""free"", ""position"", ""rifle""]]",fuente1
751,"Military Rifle, 200 metres, Men (Olympic)",shooting,shooting,men,adult,medal,,,200:m,,,,,NO,NO,military | rifle,0,"[""shooting"", ""shooting"", ""men"", ""adult"", ""medal"", [], [""200:m""], [], [], [""military"", ""rifle""]]",fuente1
752,"Small-Bore Rifle, Disappearing Target, 25 metres, Team, Men (Olympic)",shooting,shooting,men,adult,medal,team,team,25:m,,,,team,NO,NO,bore | disappearing | rifle | small | target,0,"[""shooting"", ""shooting"", ""men"", ""adult"", ""medal"", [""team""], [""25:m""], [], [], [""bore"", ""disappearing"", ""rifle"", ""small"", ""target""]]",fuente1
753,"Free Pistol, 30 metres, Men (Olympic)",,,,adult,medal,,,30:m,,,,,NO,NO,free | pistol,0,"["""", """", """", ""adult"", ""medal"", [], [""30:m""], [], [], [""free"", ""pistol""]]",
754,"17-Man Naval Rowing Boats, Men (Intercalated)",,,,adult,medal,,,,,,,,NO,NO,17 | boats | intercalated | man | naval | rowing,0,"["""", """", """", ""adult"", ""medal"", [], [], [], [], [""17"", ""boats"", ""intercalated"", ""man"", ""naval"", ""rowing""]]",
755,"Team, Women (Olympic)",,,,adult,medal,team,team,,,,,team,NO,NO,,0,"["""", """", """", ""adult"", ""medal"", [""team""], [], [], [], []]",
756,"Architecture, Further Entries, Open (Olympic)",,,,adult,medal,open,,,,,,,NO,NO,architecture | entries | further,0,"["""", """", """", ""adult"", ""medal"", [""open""], [], [], [], [""architecture"", ""entries"", ""further""]]",
757,Fencing,,,,adult,medal,,,,,,,,NO,NO,fencing,0,"["""", """", """", ""adult"", ""medal"", [], [], [], [], [""fencing""]]",
758,"Sabre, Individual, Men (Olympic)",,,,adult,medal,individual,individual,,,,,individual,NO,NO,sabre,0,"["""", """", """", ""adult"", ""medal"", [""individual""], [], [], [], [""sabre""]]",
759,"Rapid-Fire Pistol, 25 metres, Men (Olympic)",,,,adult,medal,,,25:m,,,,,NO,NO,fire | pistol | rapid,0,"["""", """", """", ""adult"", ""medal"", [], [""25:m""], [], [], [""fire"", ""pistol"", ""rapid""]]",
760,"Small-Bore Rifle, Prone, 50 metres, Men (Olympic)",,,,adult,medal,,,50:m,,,,,NO,NO,bore | prone | rifle | small,0,"["""", """", """", ""adult"", ""medal"", [], [""50:m""], [], [], [""bore"", ""prone"", ""rifle"", ""small""]]",
761,"Free Pistol, 50 yards, Men (Olympic)",fencing,fencing,men,adult,medal,,,50:yd,,,,,NO,NO,free | pistol,0,"[""fencing"", ""fencing"", ""men"", ""adult"", ""medal"", [], [""50:yd""], [], [], [""free"", ""pistol""]]",fuente1
762,"Free Pistol, 50 yards, Team, Men (Olympic)",fencing,fencing,men,adult,medal,team,team,50:yd,,,,team,NO,NO,free | pistol,0,"[""fencing"", ""fencing"", ""men"", ""adult"", ""medal"", [""team""], [""50:yd""], [], [], [""free"", ""pistol""]]",fuente1
763,"Small-Bore Rifle, 50 and 100 yards, Team, Men (Olympic)",,,,adult,medal,team,team,50/100:yd,50/100:yd,,,team,NO,NO,bore | rifle | small,0,"["""", """", """", ""adult"", ""medal"", [""team""], [""50/100:yd""], [], [], [""bore"", ""rifle"", ""small""]]",
764,"Small-Bore Rifle, Disappearing Target, 25 yards, Men (Olympic)",,,,adult,medal,,,25:yd,,,,,NO,NO,bore | disappearing | rifle | small | target,0,"["""", """", """", ""adult"", ""medal"", [], [""25:yd""], [], [], [""bore"", ""disappearing"", ""rifle"", ""small"", ""target""]]",
765,"Small-Bore Rifle, Moving Target, 25 yards, Men (Olympic)",,,,adult,medal,,,25:yd,,,,,NO,NO,bore | moving | rifle | small | target,0,"["""", """", """", ""adult"", ""medal"", [], [""25:yd""], [], [], [""bore"", ""moving"", ""rifle"", ""small"", ""target""]]",
766,"Free Pistol, 50 metres, Men (Olympic)",fencing,fencing,men,adult,medal,,,50:m,,,,,NO,NO,free | pistol,0,"[""fencing"", ""fencing"", ""men"", ""adult"", ""medal"", [], [""50:m""], [], [], [""free"", ""pistol""]]",fuente1
767,"Free Pistol, 50 metres, Team, Men (Olympic)",fencing,fencing,men,adult,medal,team,team,50:m,,,,team,NO,NO,free | pistol,0,"[""fencing"", ""fencing"", ""men"", ""adult"", ""medal"", [""team""], [""50:m""], [], [], [""free"", ""pistol""]]",fuente1
768,"Dueling Pistol, 30 metres, Men (Olympic)",fencing,fencing,men,adult,medal,,,30:m,,,,,NO,NO,dueling | pistol,0,"[""fencing"", ""fencing"", ""men"", ""adult"", ""medal"", [], [""30:m""], [], [], [""dueling"", ""pistol""]]",fuente1
769,"Small-Bore Rifle, Any Position, 50 metres, Men (Olympic)",,,,adult,medal,,,50:m,,,,,NO,NO,any | bore | position | rifle | small,0,"["""", """", """", ""adult"", ""medal"", [], [""50:m""], [], [], [""any"", ""bore"", ""position"", ""rifle"", ""small""]]",
770,"Small-Bore Rifle, Prone, 50 metres, Team, Men (Olympic)",,,,adult,medal,team,team,50:m,,,,team,NO,NO,bore | prone | rifle | small,0,"["""", """", """", ""adult"", ""medal"", [""team""], [""50:m""], [], [], [""bore"", ""prone"", ""rifle"", ""small""]]",
771,"Small-Bore Rifle, Disappearing Target, 25 metres, Men (Olympic)",fencing,fencing,men,adult,medal,,,25:m,,,,,NO,NO,bore | disappearing | rifle | small | target,0,"[""fencing"", ""fencing"", ""men"", ""adult"", ""medal"", [], [""25:m""], [], [], [""bore"", ""disappearing"", ""rifle"", ""small"", ""target""]]",fuente1
772,"Small-Bore Rifle, Disappearing Target, 25 metres, Team, Men (Olympic)",fencing,fencing,men,adult,medal,team,team,25:m,,,,team,NO,NO,bore | disappearing | rifle | small | target,0,"[""fencing"", ""fencing"", ""men"", ""adult"", ""medal"", [""team""], [""25:m""], [], [], [""bore"", ""disappearing"", ""rifle"", ""small"", ""target""]]",fuente1
773,Art Competitions,,,,adult,medal,,,,,,,,NO,NO,art,0,"["""", """", """", ""adult"", ""medal"", [], [], [], [], [""art""]]",
774,"Sculpturing, Open (Olympic)",,,,adult,medal,open,,,,,,,NO,NO,sculpturing,0,"["""", """", """", ""adult"", ""medal"", [""open""], [], [], [], [""sculpturing""]]",
775,"100 metres Backstroke, Women (Olympic)",,,,adult,medal,,,100:m,,,,,NO,NO,backstroke,0,"["""", """", """", ""adult"", ""medal"", [], [""100:m""], [], [], [""backstroke""]]",
776,"Solo, Women (Olympic)",,,,adult,medal,,,,,,,,NO,NO,solo,0,"["""", """", """", ""adult"", ""medal"", [], [], [], [], [""solo""]]",
777,"Duet, Women (Olympic)",,,,adult,medal,,,,,,,,NO,NO,duet,0,"["""", """", """", ""adult"", ""medal"", [], [], [], [], [""duet""]]",
778,"50 metres Freestyle, Men (Olympic)",,,,adult,medal,freestyle,,50:m,,,,,NO,NO,,0,"["""", """", """", ""adult"", ""medal"", [""freestyle""], [""50:m""], [], [], []]",
779,"200 metres Freestyle, Men (Olympic)",aquatics,swimming,men,adult,medal,freestyle,,200:m,,,,,NO,NO,,0,"[""aquatics"", ""swimming"", ""men"", ""adult"", ""medal"", [""freestyle""], [""200:m""], [], [], []]",fuente1
780,"100 metres Breaststroke, Men (Olympic)",,,,adult,medal,,,100:m,,,,,NO,NO,breaststroke,0,"["""", """", """", ""adult"", ""medal"", [], [""100:m""], [], [], [""breaststroke""]]",
781,"4 × 200 metres Freestyle Relay, Men (Olympic)",aquatics,swimming,men,adult,medal,freestyle | relay,,200:m,,,,relay,NO,NO,4 | x,0,"[""aquatics"", ""swimming"", ""men"", ""adult"", ""medal"", [""freestyle"", ""relay""], [""200:m""], [], [], [""4"", ""x""]]",fuente1
782,"1,500 metres Freestyle, Men (Olympic)",aquatics,swimming,men,adult,medal,freestyle,,1500:m,,,,,NO,NO,,0,"[""aquatics"", ""swimming"", ""men"", ""adult"", ""medal"", [""freestyle""], [""1500:m""], [], [], []]",fuente1
783,"100 metres Butterfly, Men (Olympic)",,,,adult,medal,,,100:m,,,,,NO,NO,butterfly,0,"["""", """", """", ""adult"", ""medal"", [], [""100:m""], [], [], [""butterfly""]]",
784,"200 metres Butterfly, Men (Olympic)",,,,adult,medal,,,200:m,,,,,NO,NO,butterfly,0,"["""", """", """", ""adult"", ""medal"", [], [""200:m""], [], [], [""butterfly""]]",
785,"200 metres Individual Medley, Women (Olympic)",,,,adult,medal,individual,individual,200:m,,,,individual,NO,NO,medley,0,"["""", """", """", ""adult"", ""medal"", [""individual""], [""200:m""], [], [], [""medley""]]",
786,"100 metres Breaststroke, Women (Olympic)",,,,adult,medal,,,100:m,,,,,NO,NO,breaststroke,0,"["""", """", """", ""adult"", ""medal"", [], [""100:m""], [], [], [""breaststroke""]]",
787,"200 metres Breaststroke, Women (Olympic)",,,,adult,medal,,,200:m,,,,,NO,NO,breaststroke,0,"["""", """", """", ""adult"", ""medal"", [], [""200:m""], [], [], [""breaststroke""]]",
788,"100 metres Freestyle, Women (Olympic)",aquatics,swimming,women,adult,medal,freestyle,,100:m,,,,,NO,NO,,0,"[""aquatics"", ""swimming"", ""women"", ""adult"", ""medal"", [""freestyle""], [""100:m""], [], [], []]",fuente1
789,"50 metres Freestyle, Women (Olympic)",,,,adult,medal,freestyle,,50:m,,,,,NO,NO,,0,"["""", """", """", ""adult"", ""medal"", [""freestyle""], [""50:m""], [], [], []]",
790,"100 metres Butterfly, Women (Olympic)",,,,adult,medal,,,100:m,,,,,NO,NO,butterfly,0,"["""", """", """", ""adult"", ""medal"", [], [""100:m""], [], [], [""butterfly""]]",
791,"4 × 100 metres Medley Relay, Men (Olympic)",,,,adult,medal,relay,,100:m,,,,relay,NO,NO,4 | medley | x,0,"["""", """", """", ""adult"", ""medal"", [""relay""], [""100:m""], [], [], [""4"", ""medley"", ""x""]]",
792,"100 metres Backstroke, Men (Olympic)",,,,adult,medal,,,100:m,,,,,NO,NO,backstroke,0,"["""", """", """", ""adult"", ""medal"", [], [""100:m""], [], [], [""backstroke""]]",
793,"4 × 200 metres Freestyle Relay, Women (Olympic)",aquatics,swimming,women,adult,medal,freestyle | relay,,200:m,,,,relay,NO,NO,4 | x,0,"[""aquatics"", ""swimming"", ""women"", ""adult"", ""medal"", [""freestyle"", ""relay""], [""200:m""], [], [], [""4"", ""x""]]",fuente1
794,"4 × 100 metres Medley Relay, Women (Olympic)",,,,adult,medal,relay,,100:m,,,,relay,NO,NO,4 | medley | x,0,"["""", """", """", ""adult"", ""medal"", [""relay""], [""100:m""], [], [], [""4"", ""medley"", ""x""]]",
795,"400 metres Individual Medley, Women (Olympic)",,,,adult,medal,individual,individual,400:m,,,,individual,NO,NO,medley,0,"["""", """", """", ""adult"", ""medal"", [""individual""], [""400:m""], [], [], [""medley""]]",
796,"400 metres Freestyle, Women (Olympic)",,,,adult,medal,freestyle,,400:m,,,,,NO,NO,,0,"["""", """", """", ""adult"", ""medal"", [""freestyle""], [""400:m""], [], [], []]",
797,"800 metres Freestyle, Women (Olympic)",,,,adult,medal,freestyle,,800:m,,,,,NO,NO,,0,"["""", """", """", ""adult"", ""medal"", [""freestyle""], [""800:m""], [], [], []]",
798,"4 × 100 metres Freestyle Relay, Women (Olympic)",aquatics,swimming,women,adult,medal,freestyle | relay,,100:m,,,,relay,NO,NO,4 | x,0,"[""aquatics"", ""swimming"", ""women"", ""adult"", ""medal"", [""freestyle"", ""relay""], [""100:m""], [], [], [""4"", ""x""]]",fuente1
799,"200 metres Backstroke, Women (Olympic)",,,,adult,medal,,,200:m,,,,,NO,NO,backstroke,0,"["""", """", """", ""adult"", ""medal"", [], [""200:m""], [], [], [""backstroke""]]",
800,"200 metres Freestyle, Women (Olympic)",aquatics,swimming,women,adult,medal,freestyle,,200:m,,,,,NO,NO,,0,"[""aquatics"", ""swimming"", ""women"", ""adult"", ""medal"", [""freestyle""], [""200:m""], [], [], []]",fuente1
801,"200 metres Butterfly, Women (Olympic)",,,,adult,medal,,,200:m,,,,,NO,NO,butterfly,0,"["""", """", """", ""adult"", ""medal"", [], [""200:m""], [], [], [""butterfly""]]",
802,"200 metres Backstroke, Men (Olympic)",,,,adult,medal,,,200:m,,,,,NO,NO,backstroke,0,"["""", """", """", ""adult"", ""medal"", [], [""200:m""], [], [], [""backstroke""]]",
803,"200 metres Individual Medley, Men (Olympic)",,,,adult,medal,individual,individual,200:m,,,,individual,NO,NO,medley,0,"["""", """", """", ""adult"", ""medal"", [""individual""], [""200:m""], [], [], [""medley""]]",
804,"400 metres Individual Medley, Men (Olympic)",,,,adult,medal,individual,individual,400:m,,,,individual,NO,NO,medley,0,"["""", """", """", ""adult"", ""medal"", [""individual""], [""400:m""], [], [], [""medley""]]",
805,"Plain High, Women (Olympic)",,,,adult,medal,,,,,,,,NO,NO,high | plain,0,"["""", """", """", ""adult"", ""medal"", [], [], [], [], [""high"", ""plain""]]",
806,Swimming (Aquatics),,,,adult,medal,,,,,,,,NO,NO,aquatics | swimming,0,"["""", """", """", ""adult"", ""medal"", [], [], [], [], [""aquatics"", ""swimming""]]",
807,"100 metres Freestyle, Women (Olympic)",aquatics,diving,women,adult,medal,freestyle,,100:m,,,,,NO,NO,,0,"[""aquatics"", ""diving"", ""women"", ""adult"", ""medal"", [""freestyle""], [""100:m""], [], [], []]",fuente1
808,"300 metres Freestyle, Women (Olympic)",,,,adult,medal,freestyle,,300:m,,,,,NO,NO,,0,"["""", """", """", ""adult"", ""medal"", [""freestyle""], [""300:m""], [], [], []]",
809,"Synchronized Springboard, Women (Olympic)",aquatics,diving,women,adult,medal,,,,,,,,NO,NO,springboard | synchronized,0,"[""aquatics"", ""diving"", ""women"", ""adult"", ""medal"", [], [], [], [], [""springboard"", ""synchronized""]]",fuente1
810,"4 × 100 metres Freestyle Relay, Men (Olympic)",aquatics,swimming,men,adult,medal,freestyle | relay,,100:m,,,,relay,NO,NO,4 | x,0,"[""aquatics"", ""swimming"", ""men"", ""adult"", ""medal"", [""freestyle"", ""relay""], [""100:m""], [], [], [""4"", ""x""]]",fuente1
811,Diving (Aquatics),,,,adult,medal,,,,,,,,NO,NO,aquatics | diving,0,"["""", """", """", ""adult"", ""medal"", [], [], [], [], [""aquatics"", ""diving""]]",
812,"Springboard, Men (Olympic)",,,,adult,medal,,,,,,,,NO,NO,springboard,0,"["""", """", """", ""adult"", ""medal"", [], [], [], [], [""springboard""]]",
813,Swimming (Aquatics),,,,adult,medal,,,,,,,,NO,NO,aquatics | swimming,0,"["""", """", """", ""adult"", ""medal"", [], [], [], [], [""aquatics"", ""swimming""]]",
814,"100 metres Freestyle, Men (Olympic)",,,,adult,medal,freestyle,,100:m,,,,,NO,NO,,0,"["""", """", """", ""adult"", ""medal"", [""freestyle""], [""100:m""], [], [], []]",
815,"400 metres Freestyle, Men (Olympic)",,,,adult,medal,freestyle,,400:m,,,,,NO,NO,,0,"["""", """", """", ""adult"", ""medal"", [""freestyle""], [""400:m""], [], [], []]",
816,"1,500 metres Freestyle, Men (Olympic)",,,,adult,medal,freestyle,,1500:m,,,,,NO,NO,,0,"["""", """", """", ""adult"", ""medal"", [""freestyle""], [""1500:m""], [], [], []]",
817,"4 × 200 metres Freestyle Relay, Men (Olympic)",,,,adult,medal,freestyle | relay,,200:m,,,,relay,NO,NO,4 | x,0,"["""", """", """", ""adult"", ""medal"", [""freestyle"", ""relay""], [""200:m""], [], [], [""4"", ""x""]]",
818,"Springboard, Men (Olympic)",aquatics,diving,men,adult,medal,,,,,,,,NO,NO,springboard,0,"[""aquatics"", ""diving"", ""men"", ""adult"", ""medal"", [], [], [], [], [""springboard""]]",fuente1
819,"1,000 metres Freestyle, Men (Olympic)",,,,adult,medal,freestyle,,1000:m,,,,,NO,NO,,0,"["""", """", """", ""adult"", ""medal"", [""freestyle""], [""1000:m""], [], [], []]",
820,"200 metres Obstacle Course, Men (Olympic)",,,,adult,medal,,,200:m,,,,,NO,NO,course | obstacle,0,"["""", """", """", ""adult"", ""medal"", [], [""200:m""], [], [], [""course"", ""obstacle""]]",
821,Wrestling,,,,adult,medal,,,,,,,,NO,NO,wrestling,0,"["""", """", """", ""adult"", ""medal"", [], [], [], [], [""wrestling""]]",
822,"Welterweight, Freestyle, Men (Olympic)",,,,adult,medal,freestyle,,,,,,,NO,NO,welterweight,0,"["""", """", """", ""adult"", ""medal"", [""freestyle""], [], [], [], [""welterweight""]]",
823,"400 metres Breaststroke, Men (Olympic)",,,,adult,medal,,,400:m,,,,,NO,NO,breaststroke,0,"["""", """", """", ""adult"", ""medal"", [], [""400:m""], [], [], [""breaststroke""]]",
824,"1,200 metres Freestyle, Men (Olympic)",aquatics,swimming,men,adult,medal,freestyle,,1200:m,,,,,NO,NO,,0,"[""aquatics"", ""swimming"", ""men"", ""adult"", ""medal"", [""freestyle""], [""1200:m""], [], [], []]",fuente1
825,Swimming (Aquatics),,,,adult,medal,,,,,,,,NO,NO,aquatics | swimming,0,"["""", """", """", ""adult"", ""medal"", [], [], [], [], [""aquatics"", ""swimming""]]",
826,"100 metres Freestyle, Men (Olympic)",,,,adult,medal,freestyle,,100:m,,,,,NO,NO,,0,"["""", """", """", ""adult"", ""medal"", [""freestyle""], [""100:m""], [], [], []]",
827,"400 metres Freestyle, Men (Olympic)",,,,adult,medal,freestyle,,400:m,,,,,NO,NO,,0,"["""", """", """", ""adult"", ""medal"", [""freestyle""], [""400:m""], [], [], []]",
828,"440 yards Freestyle, Men (Olympic)",,,,adult,medal,freestyle,,440:yd,,,,,NO,NO,,0,"["""", """", """", ""adult"", ""medal"", [""freestyle""], [""440:yd""], [], [], []]",
829,"880 yards Freestyle, Men (Olympic)",,,,adult,medal,freestyle,,880:yd,,,,,NO,NO,,0,"["""", """", """", ""adult"", ""medal"", [""freestyle""], [""880:yd""], [], [], []]",
830,"1 mile Freestyle, Men (Olympic)",aquatics,swimming,men,adult,medal,freestyle,,1:mile,,,,,NO,NO,,0,"[""aquatics"", ""swimming"", ""men"", ""adult"", ""medal"", [""freestyle""], [""1:mile""], [], [], []]",fuente1
831,"200 metres Freestyle, Men (Olympic)",aquatics,water polo,men,adult,medal,freestyle,,200:m,,,,,NO,NO,,0,"[""aquatics"", ""water polo"", ""men"", ""adult"", ""medal"", [""freestyle""], [""200:m""], [], [], []]",fuente1
832,"1,000 metres Freestyle, Men (Olympic)",,,,adult,medal,freestyle,,1000:m,,,,,NO,NO,,0,"["""", """", """", ""adult"", ""medal"", [""freestyle""], [""1000:m""], [], [], []]",
833,"4,000 metres Freestyle, Men (Olympic)",,,,adult,medal,freestyle,,4000:m,,,,,NO,NO,,0,"["""", """", """", ""adult"", ""medal"", [""freestyle""], [""4000:m""], [], [], []]",
834,"4 × 200 metres Freestyle Relay, Men (Olympic)",,,,adult,medal,freestyle | relay,,200:m,,,,relay,NO,NO,4 | x,0,"["""", """", """", ""adult"", ""medal"", [""freestyle"", ""relay""], [""200:m""], [], [], [""4"", ""x""]]",
835,"100 metres Freestyle, Men (Olympic)",aquatics,diving,men,adult,medal,freestyle,,100:m,,,,,NO,NO,,0,"[""aquatics"", ""diving"", ""men"", ""adult"", ""medal"", [""freestyle""], [""100:m""], [], [], []]",fuente1
836,"100 metres Backstroke, Men (Olympic)",,,,adult,medal,,,100:m,,,,,NO,NO,backstroke,0,"["""", """", """", ""adult"", ""medal"", [], [""100:m""], [], [], [""backstroke""]]",
837,"Synchronized Springboard, Men (Olympic)",aquatics,diving,men,adult,medal,,,,,,,,NO,NO,springboard | synchronized,0,"[""aquatics"", ""diving"", ""men"", ""adult"", ""medal"", [], [], [], [], [""springboard"", ""synchronized""]]",fuente1
838,Rowing,,,,adult,medal,,,,,,,,NO,NO,rowing,0,"["""", """", """", ""adult"", ""medal"", [], [], [], [], [""rowing""]]",
839,Swimming (Aquatics),,,,adult,medal,,,,,,,,NO,NO,aquatics | swimming,0,"["""", """", """", ""adult"", ""medal"", [], [], [], [], [""aquatics"", ""swimming""]]",
840,"100 metres Freestyle, Men (Olympic)",gymnastics,artistic gymnastics,men,adult,medal,freestyle,,100:m,,,,,NO,NO,,0,"[""gymnastics"", ""artistic gymnastics"", ""men"", ""adult"", ""medal"", [""freestyle""], [""100:m""], [], [], []]",fuente1
841,"4 × 200 metres Freestyle Relay, Men (Olympic)",,,,adult,medal,freestyle | relay,,200:m,,,,relay,NO,NO,4 | x,0,"["""", """", """", ""adult"", ""medal"", [""freestyle"", ""relay""], [""200:m""], [], [], [""4"", ""x""]]",
842,"200 metres Breaststroke, Men (Olympic)",,,,adult,medal,,,200:m,,,,,NO,NO,breaststroke,0,"["""", """", """", ""adult"", ""medal"", [], [""200:m""], [], [], [""breaststroke""]]",
843,"Underwater Swimming, Men (Olympic)",aquatics,swimming,men,adult,medal,,,,,,,,NO,NO,underwater,0,"[""aquatics"", ""swimming"", ""men"", ""adult"", ""medal"", [], [], [], [], [""underwater""]]",fuente1
844,Fencing,,,,adult,medal,,,,,,,,NO,NO,fencing,0,"["""", """", """", ""adult"", ""medal"", [], [], [], [], [""fencing""]]",
845,"Foil, Individual, Men (Olympic)",,,,adult,medal,individual,individual,,,,,individual,NO,NO,foil,0,"["""", """", """", ""adult"", ""medal"", [""individual""], [], [], [], [""foil""]]",
846,"Sabre, Individual, Men (Olympic)",,,,adult,medal,individual,individual,,,,,individual,NO,NO,sabre,0,"["""", """", """", ""adult"", ""medal"", [""individual""], [], [], [], [""sabre""]]",
847,"Free Pistol, 30 metres, Men (Olympic)",,,,adult,medal,,,30:m,,,,,NO,NO,free | pistol,0,"["""", """", """", ""adult"", ""medal"", [], [""30:m""], [], [], [""free"", ""pistol""]]",
848,"Military Pistol, 25 metres, Men (Olympic)",,,,adult,medal,,,25:m,,,,,NO,NO,military | pistol,0,"["""", """", """", ""adult"", ""medal"", [], [""25:m""], [], [], [""military"", ""pistol""]]",
849,"Muzzle-Loading Pistol, 25 metres, Men (Olympic)",,,,adult,medal,,,25:m,,,,,NO,NO,loading | muzzle | pistol,0,"["""", """", """", ""adult"", ""medal"", [], [""25:m""], [], [], [""loading"", ""muzzle"", ""pistol""]]",
850,Swimming (Aquatics),,,,adult,medal,,,,,,,,NO,NO,aquatics | swimming,0,"["""", """", """", ""adult"", ""medal"", [], [], [], [], [""aquatics"", ""swimming""]]",
851,"100 metres Freestyle, Men (Olympic)",athletics,athletics,men,adult,medal,freestyle,,100:m,,,,,NO,NO,,0,"[""athletics"", ""athletics"", ""men"", ""adult"", ""medal"", [""freestyle""], [""100:m""], [], [], []]",fuente1
852,"500 metres Freestyle, Men (Olympic)",,,,adult,medal,freestyle,,500:m,,,,,NO,NO,,0,"["""", """", """", ""adult"", ""medal"", [""freestyle""], [""500:m""], [], [], []]",
853,"1,200 metres Freestyle, Men (Olympic)",athletics,athletics,men,adult,medal,freestyle,,1200:m,,,,,NO,NO,,0,"[""athletics"", ""athletics"", ""men"", ""adult"", ""medal"", [""freestyle""], [""1200:m""], [], [], []]",fuente1
854,"4 × 200 metres Freestyle Relay, Men (Olympic)",aquatics,water polo,men,adult,medal,freestyle | relay,,200:m,,,,relay,NO,NO,4 | x,0,"[""aquatics"", ""water polo"", ""men"", ""adult"", ""medal"", [""freestyle"", ""relay""], [""200:m""], [], [], [""4"", ""x""]]",fuente1
855,Modern Pentathlon,,,,adult,medal,,,,,,,,NO,NO,modern | pentathlon,0,"["""", """", """", ""adult"", ""medal"", [], [], [], [], [""modern"", ""pentathlon""]]",
856,"Individual, Men (Olympic)",,,,adult,medal,individual,individual,,,,,individual,NO,NO,,0,"["""", """", """", ""adult"", ""medal"", [""individual""], [], [], [], []]",
857,Art Competitions,,,,adult,medal,,,,,,,,NO,NO,art,0,"["""", """", """", ""adult"", ""medal"", [], [], [], [], [""art""]]",
858,"Architecture, Designs For Town Planning, Open (Olympic)",,,,adult,medal,open,,,,,,,NO,NO,architecture | designs | for | planning | town,0,"["""", """", """", ""adult"", ""medal"", [""open""], [], [], [], [""architecture"", ""designs"", ""for"", ""planning"", ""town""]]",
859,"300 metres Freestyle, Women (Olympic)",,,,adult,medal,freestyle,,300:m,,,,,NO,NO,,0,"["""", """", """", ""adult"", ""medal"", [""freestyle""], [""300:m""], [], [], []]",
860,"4,000 metres Freestyle, Men (Olympic)",,,,adult,medal,freestyle,,4000:m,,,,,NO,NO,,0,"["""", """", """", ""adult"", ""medal"", [""freestyle""], [""4000:m""], [], [], []]",
861,"200 metres Team Swimming, Men (Olympic)",aquatics,swimming,men,adult,medal,team,team,200:m,,,,team,NO,NO,,0,"[""aquatics"", ""swimming"", ""men"", ""adult"", ""medal"", [""team""], [""200:m""], [], [], []]",fuente1
862,"Parallel Bars, Men (Olympic)",athletics,athletics,men,adult,medal,,,,,,,,NO,NO,bars | parallel,0,"[""athletics"", ""athletics"", ""men"", ""adult"", ""medal"", [], [], [], [], [""bars"", ""parallel""]]",fuente1
863,"Team All-Around, Men (Olympic)",aquatics,diving,men,adult,medal,team,team,,,,,team,NO,NO,all | around,0,"[""aquatics"", ""diving"", ""men"", ""adult"", ""medal"", [""team""], [], [], [], [""all"", ""around""]]",fuente1
864,"4 × 250 metres Freestyle Relay, Men (Intercalated)",,,,adult,medal,freestyle | relay,,250:m,,,,relay,NO,NO,4 | intercalated | x,0,"["""", """", """", ""adult"", ""medal"", [""freestyle"", ""relay""], [""250:m""], [], [], [""4"", ""intercalated"", ""x""]]",
865,"50 yards Freestyle, Men (Olympic)",aquatics,swimming,men,adult,medal,freestyle,,50:yd,,,,,NO,NO,,0,"[""aquatics"", ""swimming"", ""men"", ""adult"", ""medal"", [""freestyle""], [""50:yd""], [], [], []]",fuente1
866,"4 × 50 yards Freestyle Relay, Men (Olympic)",aquatics,swimming,men,adult,medal,freestyle | relay,,50:yd,,,,relay,NO,NO,4 | x,0,"[""aquatics"", ""swimming"", ""men"", ""adult"", ""medal"", [""freestyle"", ""relay""], [""50:yd""], [], [], [""4"", ""x""]]",fuente1
867,"100 yards Backstroke, Men (Olympic)",,,,adult,medal,,,100:yd,,,,,NO,NO,backstroke,0,"["""", """", """", ""adult"", ""medal"", [], [""100:yd""], [], [], [""backstroke""]]",
868,"440 yards Breaststroke, Men (Olympic)",,,,adult,medal,,,440:yd,,,,,NO,NO,breaststroke,0,"["""", """", """", ""adult"", ""medal"", [], [""440:yd""], [], [], [""breaststroke""]]",
869,"50 yards Freestyle, Men (Olympic)",aquatics,diving,men,adult,medal,freestyle,,50:yd,,,,,NO,NO,,0,"[""aquatics"", ""diving"", ""men"", ""adult"", ""medal"", [""freestyle""], [""50:yd""], [], [], []]",fuente1
870,"100 yards Freestyle, Men (Olympic)",,,,adult,medal,freestyle,,100:yd,,,,,NO,NO,,0,"["""", """", """", ""adult"", ""medal"", [""freestyle""], [""100:yd""], [], [], []]",
871,"440 yards Freestyle, Men (Olympic)",,,,adult,medal,freestyle,,440:yd,,,,,NO,NO,,0,"["""", """", """", ""adult"", ""medal"", [""freestyle""], [""440:yd""], [], [], []]",
872,"4 × 50 yards Freestyle Relay, Men (Olympic)",aquatics,diving,men,adult,medal,freestyle | relay,,50:yd,,,,relay,NO,NO,4 | x,0,"[""aquatics"", ""diving"", ""men"", ""adult"", ""medal"", [""freestyle"", ""relay""], [""50:yd""], [], [], [""4"", ""x""]]",fuente1
873,"100 yards Backstroke, Men (Olympic)",,,,adult,medal,,,100:yd,,,,,NO,NO,backstroke,0,"["""", """", """", ""adult"", ""medal"", [], [""100:yd""], [], [], [""backstroke""]]",
874,"440 yards Breaststroke, Men (Olympic)",,,,adult,medal,,,440:yd,,,,,NO,NO,breaststroke,0,"["""", """", """", ""adult"", ""medal"", [], [""440:yd""], [], [], [""breaststroke""]]",
875,"100 metres Freestyle, Men (Intercalated)",aquatics,diving,men,adult,medal,freestyle,,100:m,,,,,NO,NO,intercalated,0,"[""aquatics"", ""diving"", ""men"", ""adult"", ""medal"", [""freestyle""], [""100:m""], [], [], [""intercalated""]]",fuente1
876,"400 metres Freestyle, Men (Intercalated)",aquatics,diving,men,adult,medal,freestyle,,400:m,,,,,NO,NO,intercalated,0,"[""aquatics"", ""diving"", ""men"", ""adult"", ""medal"", [""freestyle""], [""400:m""], [], [], [""intercalated""]]",fuente1
877,"1 mile Freestyle, Men (Intercalated)",,,,adult,medal,freestyle,,1:mile,,,,,NO,NO,intercalated,0,"["""", """", """", ""adult"", ""medal"", [""freestyle""], [""1:mile""], [], [], [""intercalated""]]",
878,"100 yards Freestyle, Men (Olympic)",,,,adult,medal,freestyle,,100:yd,,,,,NO,NO,,0,"["""", """", """", ""adult"", ""medal"", [""freestyle""], [""100:yd""], [], [], []]",
879,"220 yards Freestyle, Men (Olympic)",,,,adult,medal,freestyle,,220:yd,,,,,NO,NO,,0,"["""", """", """", ""adult"", ""medal"", [""freestyle""], [""220:yd""], [], [], []]",
880,"200 metres Team Swimming, Men (Olympic)",,,,adult,medal,team,team,200:m,,,,team,NO,NO,swimming,0,"["""", """", """", ""adult"", ""medal"", [""team""], [""200:m""], [], [], [""swimming""]]",
881,"100 metres Freestyle For Sailors, Men (Olympic)",aquatics,swimming,men,adult,medal,freestyle,,100:m,,,,,NO,NO,for | sailors,0,"[""aquatics"", ""swimming"", ""men"", ""adult"", ""medal"", [""freestyle""], [""100:m""], [], [], [""for"", ""sailors""]]",fuente1
882,"440 yards, Handicap, Men (Olympic (non-medal))",,,,adult,medal,,,440:yd,,,,,NO,NO,handicap,0,"["""", """", """", ""adult"", ""medal"", [], [""440:yd""], [], [], [""handicap""]]",
883,"400 metres Freestyle, Men (Olympic)",aquatics,diving,men,adult,medal,freestyle,,400:m,,,,,NO,NO,,0,"[""aquatics"", ""diving"", ""men"", ""adult"", ""medal"", [""freestyle""], [""400:m""], [], [], []]",fuente1
884,"1,500 metres Freestyle, Men (Olympic)",,,,adult,medal,freestyle,,1500:m,,,,,NO,NO,,0,"["""", """", """", ""adult"", ""medal"", [""freestyle""], [""1500:m""], [], [], []]",
885,"Olympic Distance, Women (Olympic)",,,,adult,medal,,,,,,,,NO,NO,distance,0,"["""", """", """", ""adult"", ""medal"", [], [], [], [], [""distance""]]",
886,"200 metres Breaststroke, Women (Olympic)",,,,adult,medal,,,200:m,,,,,NO,NO,breaststroke,0,"["""", """", """", ""adult"", ""medal"", [], [""200:m""], [], [], [""breaststroke""]]",
887,"Water Polo, Women (Olympic (non-medal))",,,,adult,medal,,,,,,,,NO,NO,polo | water,0,"["""", """", """", ""adult"", ""medal"", [], [], [], [], [""polo"", ""water""]]",
888,"Water Polo, Women (Olympic (non-medal))",aquatics,water polo,women,adult,medal,,,,,,,,NO,NO,,0,"[""aquatics"", ""water polo"", ""women"", ""adult"", ""medal"", [], [], [], [], []]",fuente1
889,"400 metres Freestyle, Women (Olympic)",,,,adult,medal,freestyle,,400:m,,,,,NO,NO,,0,"["""", """", """", ""adult"", ""medal"", [""freestyle""], [""400:m""], [], [], []]",
890,"4 × 100 metres Freestyle Relay, Women (Olympic)",aquatics,diving,women,adult,medal,freestyle | relay,,100:m,,,,relay,NO,NO,4 | x,0,"[""aquatics"", ""diving"", ""women"", ""adult"", ""medal"", [""freestyle"", ""relay""], [""100:m""], [], [], [""4"", ""x""]]",fuente1
891,Water Polo (Aquatics),,,,adult,medal,,,,,,,,NO,NO,aquatics | polo | water,0,"["""", """", """", ""adult"", ""medal"", [], [], [], [], [""aquatics"", ""polo"", ""water""]]",
892,"Water Polo, Men (Olympic)",,,,adult,medal,,,,,,,,NO,NO,polo | water,0,"["""", """", """", ""adult"", ""medal"", [], [], [], [], [""polo"", ""water""]]",
893,Diving (Aquatics),,,,adult,medal,,,,,,,,NO,NO,aquatics | diving,0,"["""", """", """", ""adult"", ""medal"", [], [], [], [], [""aquatics"", ""diving""]]",
894,"Platform, Men (Intercalated)",,,,adult,medal,,,,,,,,NO,NO,intercalated | platform,0,"["""", """", """", ""adult"", ""medal"", [], [], [], [], [""intercalated"", ""platform""]]",
895,"100 metres Freestyle, Men (Intercalated)",athletics,athletics,men,adult,medal,freestyle,,100:m,,,,,NO,NO,intercalated,0,"[""athletics"", ""athletics"", ""men"", ""adult"", ""medal"", [""freestyle""], [""100:m""], [], [], [""intercalated""]]",fuente1
896,"200 metres Breaststroke, Men (Olympic)",,,,adult,medal,,,200:m,,,,,NO,NO,breaststroke,0,"["""", """", """", ""adult"", ""medal"", [], [""200:m""], [], [], [""breaststroke""]]",
897,"1,500 metres Freestyle, Men (Olympic)",,,,adult,medal,freestyle,,1500:m,,,,,NO,NO,,0,"["""", """", """", ""adult"", ""medal"", [""freestyle""], [""1500:m""], [], [], []]",
898,"100 metres Backstroke, Women (Olympic)",,,,adult,medal,,,100:m,,,,,NO,NO,backstroke,0,"["""", """", """", ""adult"", ""medal"", [], [""100:m""], [], [], [""backstroke""]]",
899,"Individual, Women (Olympic)",modern pentathlon,modern pentathlon,women,adult,medal,individual,individual,,,,,individual,NO,NO,,0,"[""modern pentathlon"", ""modern pentathlon"", ""women"", ""adult"", ""medal"", [""individual""], [], [], [], []]",fuente1
900,"Plunge For Distance, Men (Olympic)",,,,adult,medal,,,,,,,,NO,NO,distance | for | plunge,0,"["""", """", """", ""adult"", ""medal"", [], [], [], [], [""distance"", ""for"", ""plunge""]]",
901,"880 yards, Handicap, Men (Olympic (non-medal))",,,,adult,medal,,,880:yd,,,,,NO,NO,handicap,0,"["""", """", """", ""adult"", ""medal"", [], [""880:yd""], [], [], [""handicap""]]",
902,"220 yards, Handicap, Men (Olympic (non-medal))",,,,adult,medal,,,220:yd,,,,,NO,NO,handicap,0,"["""", """", """", ""adult"", ""medal"", [], [""220:yd""], [], [], [""handicap""]]",
903,"1 mile, Handicap, Men (Olympic (non-medal))",,,,adult,medal,,,1:mile,,,,,NO,NO,handicap,0,"["""", """", """", ""adult"", ""medal"", [], [""1:mile""], [], [], [""handicap""]]",
904,"880 yards, Handicap, Men (Olympic (non-medal))",,,,adult,medal,,,880:yd,,,,,NO,NO,handicap,0,"["""", """", """", ""adult"", ""medal"", [], [""880:yd""], [], [], [""handicap""]]",
905,"100 yards, Handicap, Men (Olympic (non-medal))",,,,adult,medal,,,100:yd,,,,,NO,NO,handicap,0,"["""", """", """", ""adult"", ""medal"", [], [""100:yd""], [], [], [""handicap""]]",
906,"Beach Volleyball, Men (Olympic)",volleyball,beach volleyball,men,adult,medal,,,,,,,,NO,NO,,0,"[""volleyball"", ""beach volleyball"", ""men"", ""adult"", ""medal"", [], [], [], [], []]",fuente1
907,"Beach Volleyball, Women (Olympic)",volleyball,beach volleyball,women,adult,medal,,,,,,,,NO,NO,,0,"[""volleyball"", ""beach volleyball"", ""women"", ""adult"", ""medal"", [], [], [], [], []]",fuente1
908,"Volleyball, Women (Olympic)",volleyball,volleyball,women,adult,medal,,,,,,,,NO,NO,,0,"[""volleyball"", ""volleyball"", ""women"", ""adult"", ""medal"", [], [], [], [], []]",fuente1
909,"Volleyball, Men (Olympic)",volleyball,volleyball,men,adult,medal,,,,,,,,NO,NO,,0,"[""volleyball"", ""volleyball"", ""men"", ""adult"", ""medal"", [], [], [], [], []]",fuente1
910,"100 metres Backstroke, Men (Olympic)",,,,adult,medal,,,100:m,,,,,NO,NO,backstroke,0,"["""", """", """", ""adult"", ""medal"", [], [""100:m""], [], [], [""backstroke""]]",
911,"200 metres Breaststroke, Men (Olympic)",,,,adult,medal,,,200:m,,,,,NO,NO,breaststroke,0,"["""", """", """", ""adult"", ""medal"", [], [""200:m""], [], [], [""breaststroke""]]",
912,"200 metres Backstroke, Men (Olympic)",,,,adult,medal,,,200:m,,,,,NO,NO,backstroke,0,"["""", """", """", ""adult"", ""medal"", [], [""200:m""], [], [], [""backstroke""]]",
913,"200 metres Obstacle Course, Men (Olympic)",,,,adult,medal,,,200:m,,,,,NO,NO,course | obstacle,0,"["""", """", """", ""adult"", ""medal"", [], [""200:m""], [], [], [""course"", ""obstacle""]]",
914,Water Polo (Aquatics),,,,adult,medal,,,,,,,,NO,NO,aquatics | polo | water,0,"["""", """", """", ""adult"", ""medal"", [], [], [], [], [""aquatics"", ""polo"", ""water""]]",
915,"Water Polo, Men (Olympic)",,,,adult,medal,,,,,,,,NO,NO,polo | water,0,"["""", """", """", ""adult"", ""medal"", [], [], [], [], [""polo"", ""water""]]",
916,Football (Football),,,,adult,medal,,,,,,,,NO,NO,football | football,0,"["""", """", """", ""adult"", ""medal"", [], [], [], [], [""football"", ""football""]]",
917,"Football, Men (Olympic)",,,,adult,medal,,,,,,,,NO,NO,football,0,"["""", """", """", ""adult"", ""medal"", [], [], [], [], [""football""]]",
918,"Bantamweight, Men (Olympic)",,,,adult,medal,,,,,,,,NO,NO,bantamweight,0,"["""", """", """", ""adult"", ""medal"", [], [], [], [], [""bantamweight""]]",
919,"Middle-Heavyweight, Men (Olympic)",weightlifting,weightlifting,men,adult,medal,heavyweight,,,,,,,NO,NO,middle,0,"[""weightlifting"", ""weightlifting"", ""men"", ""adult"", ""medal"", [""heavyweight""], [], [], [], [""middle""]]",fuente1
920,"Lightweight, Men (Olympic)",,,,adult,medal,lightweight,,,,,,,NO,NO,,0,"["""", """", """", ""adult"", ""medal"", [""lightweight""], [], [], [], []]",
921,"Middleweight, Men (Olympic)",,,,adult,medal,middleweight,,,,,,,NO,NO,,0,"["""", """", """", ""adult"", ""medal"", [""middleweight""], [], [], [], []]",
922,"Light-Heavyweight, Men (Olympic)",weightlifting,weightlifting,men,adult,medal,heavyweight,,,,,,,NO,NO,light,0,"[""weightlifting"", ""weightlifting"", ""men"", ""adult"", ""medal"", [""heavyweight""], [], [], [], [""light""]]",fuente1
923,"Heavyweight II, Men (Olympic)",weightlifting,weightlifting,men,adult,medal,heavyweight,,,,,,,NO,NO,ii,0,"[""weightlifting"", ""weightlifting"", ""men"", ""adult"", ""medal"", [""heavyweight""], [], [], [], [""ii""]]",fuente1
924,"Heavyweight I, Men (Olympic)",weightlifting,weightlifting,men,adult,medal,heavyweight,,,,,,,NO,NO,i,0,"[""weightlifting"", ""weightlifting"", ""men"", ""adult"", ""medal"", [""heavyweight""], [], [], [], [""i""]]",fuente1
925,"Heavyweight, Men (Olympic)",weightlifting,weightlifting,men,adult,medal,heavyweight,,,,,,,NO,NO,,0,"[""weightlifting"", ""weightlifting"", ""men"", ""adult"", ""medal"", [""heavyweight""], [], [], [], []]",fuente1
926,"Super-Heavyweight, Men (Olympic)",weightlifting,weightlifting,men,adult,medal,heavyweight,,,,,,,NO,NO,super,0,"[""weightlifting"", ""weightlifting"", ""men"", ""adult"", ""medal"", [""heavyweight""], [], [], [], [""super""]]",fuente1
927,"Long Jump, Women (Olympic)",athletics,athletics,women,adult,medal,,,,,,,,NO,NO,jump | long,0,"[""athletics"", ""athletics"", ""women"", ""adult"", ""medal"", [], [], [], [], [""jump"", ""long""]]",fuente1
928,"4 × 100 metres Relay, Women (Olympic)",athletics,athletics,women,adult,medal,relay,,100:m,,,,relay,NO,NO,4 | x,0,"[""athletics"", ""athletics"", ""women"", ""adult"", ""medal"", [""relay""], [""100:m""], [], [], [""4"", ""x""]]",fuente1
929,"Flyweight, Men (Olympic)",,,,adult,medal,,,,,,,,NO,NO,flyweight,0,"["""", """", """", ""adult"", ""medal"", [], [], [], [], [""flyweight""]]",
930,Wrestling,,,,adult,medal,,,,,,,,NO,NO,wrestling,0,"["""", """", """", ""adult"", ""medal"", [], [], [], [], [""wrestling""]]",
931,"Light-Heavyweight, Freestyle, Men (Olympic)",weightlifting,weightlifting,men,adult,medal,freestyle | heavyweight,,,,,,,NO,NO,light,0,"[""weightlifting"", ""weightlifting"", ""men"", ""adult"", ""medal"", [""freestyle"", ""heavyweight""], [], [], [], [""light""]]",fuente1
932,"Unlimited, One Hand, Men (Olympic)",weightlifting,weightlifting,men,adult,medal,,,,,,,,NO,NO,hand | one | unlimited,0,"[""weightlifting"", ""weightlifting"", ""men"", ""adult"", ""medal"", [], [], [], [], [""hand"", ""one"", ""unlimited""]]",fuente1
933,"Rope Climbing, Men ()",gymnastics,artistic gymnastics,men,adult,medal,,,,,,,,NO,NO,climbing | rope,0,"[""gymnastics"", ""artistic gymnastics"", ""men"", ""adult"", ""medal"", [], [], [], [], [""climbing"", ""rope""]]",fuente1
934,"Light-Heavyweight, Freestyle, Men (Olympic)",wrestling,wrestling freestyle,men,adult,medal,freestyle | heavyweight,,,,,,,NO,NO,light,0,"[""wrestling"", ""wrestling freestyle"", ""men"", ""adult"", ""medal"", [""freestyle"", ""heavyweight""], [], [], [], [""light""]]",fuente1
935,"Lightweight, Freestyle, Men (Olympic)",,,,adult,medal,freestyle | lightweight,,,,,,,NO,NO,,0,"["""", """", """", ""adult"", ""medal"", [""freestyle"", ""lightweight""], [], [], [], []]",
936,"20 kilometres Race Walk, Women (Olympic)",,,,adult,medal,,,20:km,,,,,NO,NO,race | walk,0,"["""", """", """", ""adult"", ""medal"", [], [""20:km""], [], [], [""race"", ""walk""]]",
937,"Featherweight, Greco-Roman, Men (Olympic)",,,,adult,medal,,,,,,,,NO,NO,featherweight | greco | roman,0,"["""", """", """", ""adult"", ""medal"", [], [], [], [], [""featherweight"", ""greco"", ""roman""]]",
938,Athletics,,,,adult,medal,,,,,,,,NO,NO,athletics,0,"["""", """", """", ""adult"", ""medal"", [], [], [], [], [""athletics""]]",
939,"4 × 100 metres Relay, Men (Olympic)",,,,adult,medal,relay,,100:m,,,,relay,NO,NO,4 | x,0,"["""", """", """", ""adult"", ""medal"", [""relay""], [""100:m""], [], [], [""4"", ""x""]]",
940,"Unlimited, Two Hands, Men (Olympic)",weightlifting,weightlifting,men,adult,medal,,,,,,,,NO,NO,hands | two | unlimited,0,"[""weightlifting"", ""weightlifting"", ""men"", ""adult"", ""medal"", [], [], [], [], [""hands"", ""two"", ""unlimited""]]",fuente1
941,"All-Around Dumbbell Contest, Men (Olympic)",,,,adult,medal,,,,,,,,NO,NO,all | around | contest | dumbbell,0,"["""", """", """", ""adult"", ""medal"", [], [], [], [], [""all"", ""around"", ""contest"", ""dumbbell""]]",
942,"Featherweight, Freestyle, Men (Olympic)",,,,adult,medal,freestyle,,,,,,,NO,NO,featherweight,0,"["""", """", """", ""adult"", ""medal"", [""freestyle""], [], [], [], [""featherweight""]]",
943,"Light-Flyweight, Freestyle, Men (Olympic)",wrestling,wrestling freestyle,men,adult,medal,freestyle,,,,,,,NO,NO,flyweight | light,0,"[""wrestling"", ""wrestling freestyle"", ""men"", ""adult"", ""medal"", [""freestyle""], [], [], [], [""flyweight"", ""light""]]",fuente1
944,"Bantamweight, Freestyle, Men (Olympic)",,,,adult,medal,freestyle,,,,,,,NO,NO,bantamweight,0,"["""", """", """", ""adult"", ""medal"", [""freestyle""], [], [], [], [""bantamweight""]]",
945,"Flyweight, Freestyle, Men (Olympic)",wrestling,wrestling freestyle,men,adult,medal,freestyle,,,,,,,NO,NO,flyweight,0,"[""wrestling"", ""wrestling freestyle"", ""men"", ""adult"", ""medal"", [""freestyle""], [], [], [], [""flyweight""]]",fuente1
946,"Middleweight, Freestyle, Men (Olympic)",,,,adult,medal,freestyle | middleweight,,,,,,,NO,NO,,0,"["""", """", """", ""adult"", ""medal"", [""freestyle"", ""middleweight""], [], [], [], []]",
947,"Bantamweight, Greco-Roman, Men (Olympic)",,,,adult,medal,,,,,,,,NO,NO,bantamweight | greco | roman,0,"["""", """", """", ""adult"", ""medal"", [], [], [], [], [""bantamweight"", ""greco"", ""roman""]]",
948,"Heavyweight, Freestyle, Men (Olympic)",wrestling,wrestling freestyle,men,adult,medal,freestyle | heavyweight,,,,,,,NO,NO,,0,"[""wrestling"", ""wrestling freestyle"", ""men"", ""adult"", ""medal"", [""freestyle"", ""heavyweight""], [], [], [], []]",fuente1
949,"Middleweight, Greco-Roman, Men (Olympic)",wrestling,wrestling greco roman,men,adult,medal,middleweight,,,,,,,NO,NO,,0,"[""wrestling"", ""wrestling greco roman"", ""men"", ""adult"", ""medal"", [""middleweight""], [], [], [], []]",fuente1
950,"Super-Heavyweight, Greco-Roman, Men (Olympic)",wrestling,wrestling greco roman,men,adult,medal,heavyweight,,,,,,,NO,NO,super,0,"[""wrestling"", ""wrestling greco roman"", ""men"", ""adult"", ""medal"", [""heavyweight""], [], [], [], [""super""]]",fuente1
951,"Super-Heavyweight, Freestyle, Men (Olympic)",wrestling,wrestling freestyle,men,adult,medal,freestyle | heavyweight,,,,,,,NO,NO,super,0,"[""wrestling"", ""wrestling freestyle"", ""men"", ""adult"", ""medal"", [""freestyle"", ""heavyweight""], [], [], [], [""super""]]",fuente1
952,"Heavyweight, Greco-Roman, Men (Olympic)",wrestling,wrestling greco roman,men,adult,medal,heavyweight,,,,,,,NO,NO,,0,"[""wrestling"", ""wrestling greco roman"", ""men"", ""adult"", ""medal"", [""heavyweight""], [], [], [], []]",fuente1
953,"Light-Heavyweight, Greco-Roman, Men (Olympic)",wrestling,wrestling greco roman,men,adult,medal,heavyweight,,,,,,,NO,NO,light,0,"[""wrestling"", ""wrestling greco roman"", ""men"", ""adult"", ""medal"", [""heavyweight""], [], [], [], [""light""]]",fuente1
954,"Flyweight, Greco-Roman, Men (Olympic)",wrestling,wrestling greco roman,men,adult,medal,,,,,,,,NO,NO,flyweight,0,"[""wrestling"", ""wrestling greco roman"", ""men"", ""adult"", ""medal"", [], [], [], [], [""flyweight""]]",fuente1
955,"Middleweight B, Greco-Roman, Men (Olympic)",wrestling,wrestling greco roman,men,adult,medal,middleweight,,,,,,,NO,NO,b,0,"[""wrestling"", ""wrestling greco roman"", ""men"", ""adult"", ""medal"", [""middleweight""], [], [], [], [""b""]]",fuente1
956,"Middleweight A, Greco-Roman, Men (Olympic)",wrestling,wrestling greco roman,men,adult,medal,middleweight,,,,,,,NO,NO,a,0,"[""wrestling"", ""wrestling greco roman"", ""men"", ""adult"", ""medal"", [""middleweight""], [], [], [], [""a""]]",fuente1
957,"Light-Flyweight, Greco-Roman, Men (Olympic)",wrestling,wrestling greco roman,men,adult,medal,,,,,,,,NO,NO,flyweight | light,0,"[""wrestling"", ""wrestling greco roman"", ""men"", ""adult"", ""medal"", [], [], [], [], [""flyweight"", ""light""]]",fuente1
958,"Unlimited, One Hand, Men (Intercalated)",weightlifting,weightlifting,men,adult,medal,,,,,,,,NO,NO,hand | intercalated | one | unlimited,0,"[""weightlifting"", ""weightlifting"", ""men"", ""adult"", ""medal"", [], [], [], [], [""hand"", ""intercalated"", ""one"", ""unlimited""]]",fuente1
959,"Unlimited, Two Hands, Men (Intercalated)",weightlifting,weightlifting,men,adult,medal,,,,,,,,NO,NO,hands | intercalated | two | unlimited,0,"[""weightlifting"", ""weightlifting"", ""men"", ""adult"", ""medal"", [], [], [], [], [""hands"", ""intercalated"", ""two"", ""unlimited""]]",fuente1
960,"Heavyweight, Greco-Roman, Men (Intercalated)",,,,adult,medal,heavyweight,,,,,,,NO,NO,greco | intercalated | roman,0,"["""", """", """", ""adult"", ""medal"", [""heavyweight""], [], [], [], [""greco"", ""intercalated"", ""roman""]]",
961,"High Jump, Men (Intercalated)",weightlifting,weightlifting,men,adult,medal,,,,,,,,NO,NO,high | intercalated | jump,0,"[""weightlifting"", ""weightlifting"", ""men"", ""adult"", ""medal"", [], [], [], [], [""high"", ""intercalated"", ""jump""]]",fuente1
962,"Standing High Jump, Men (Intercalated)",weightlifting,weightlifting,men,adult,medal,,,,,,,,NO,NO,high | intercalated | jump | standing,0,"[""weightlifting"", ""weightlifting"", ""men"", ""adult"", ""medal"", [], [], [], [], [""high"", ""intercalated"", ""jump"", ""standing""]]",fuente1
963,"Pole Vault, Men (Intercalated)",,,,adult,medal,,,,,,,,NO,NO,intercalated | pole | vault,0,"["""", """", """", ""adult"", ""medal"", [], [], [], [], [""intercalated"", ""pole"", ""vault""]]",
964,"Long Jump, Men (Intercalated)",weightlifting,weightlifting,men,adult,medal,,,,,,,,NO,NO,intercalated | jump | long,0,"[""weightlifting"", ""weightlifting"", ""men"", ""adult"", ""medal"", [], [], [], [], [""intercalated"", ""jump"", ""long""]]",fuente1
965,"Standing Long Jump, Men (Intercalated)",weightlifting,weightlifting,men,adult,medal,,,,,,,,NO,NO,intercalated | jump | long | standing,0,"[""weightlifting"", ""weightlifting"", ""men"", ""adult"", ""medal"", [], [], [], [], [""intercalated"", ""jump"", ""long"", ""standing""]]",fuente1
966,"Triple Jump, Men (Intercalated)",,,,adult,medal,,,,,,,,NO,NO,intercalated | jump | triple,0,"["""", """", """", ""adult"", ""medal"", [], [], [], [], [""intercalated"", ""jump"", ""triple""]]",
967,"Lightweight, Greco-Roman, Men (Intercalated)",wrestling,wrestling greco roman,men,adult,medal,lightweight,,,,,,,NO,NO,intercalated,0,"[""wrestling"", ""wrestling greco roman"", ""men"", ""adult"", ""medal"", [""lightweight""], [], [], [], [""intercalated""]]",fuente1
968,"Heavyweight, Greco-Roman, Men (Intercalated)",wrestling,wrestling greco roman,men,adult,medal,heavyweight,,,,,,,NO,NO,intercalated,0,"[""wrestling"", ""wrestling greco roman"", ""men"", ""adult"", ""medal"", [""heavyweight""], [], [], [], [""intercalated""]]",fuente1
969,"All-Around, Greco-Roman, Men (Intercalated)",,,,adult,medal,,,,,,,,NO,NO,all | around | greco | intercalated | roman,0,"["""", """", """", ""adult"", ""medal"", [], [], [], [], [""all"", ""around"", ""greco"", ""intercalated"", ""roman""]]",
970,"Middleweight, Greco-Roman, Men (Intercalated)",wrestling,wrestling greco roman,men,adult,medal,middleweight,,,,,,,NO,NO,intercalated,0,"[""wrestling"", ""wrestling greco roman"", ""men"", ""adult"", ""medal"", [""middleweight""], [], [], [], [""intercalated""]]",fuente1
971,"Unlimited Class, Greco-Roman, Men (Olympic)",,,,adult,medal,,,,,,,,NO,NO,class | greco | roman | unlimited,0,"["""", """", """", ""adult"", ""medal"", [], [], [], [], [""class"", ""greco"", ""roman"", ""unlimited""]]",
972,Glíma,,,,adult,medal,,,,,,,,NO,NO,glima,0,"["""", """", """", ""adult"", ""medal"", [], [], [], [], [""glima""]]",
973,"Glíma, Men (Olympic (non-medal))",,,,adult,medal,,,,,,,,NO,NO,glima,0,"["""", """", """", ""adult"", ""medal"", [], [], [], [], [""glima""]]",
974,"Glíma, Men (Olympic (non-medal))",,,,adult,medal,,,,,,,,NO,NO,glima,0,"["""", """", """", ""adult"", ""medal"", [], [], [], [], [""glima""]]",
975,Athletics,,,,adult,medal,,,,,,,,NO,NO,athletics,0,"["""", """", """", ""adult"", ""medal"", [], [], [], [], [""athletics""]]",
976,"880 yards, Handicap, Men (Olympic (non-medal))",,,,adult,medal,,,880:yd,,,,,NO,NO,handicap,0,"["""", """", """", ""adult"", ""medal"", [], [""880:yd""], [], [], [""handicap""]]",
977,Rowing,,,,adult,medal,,,,,,,,NO,NO,rowing,0,"["""", """", """", ""adult"", ""medal"", [], [], [], [], [""rowing""]]",
978,"Double Sculls, Intermediate, Men (Olympic (non-medal))",,,,adult,medal,double,,,,,,double,NO,NO,intermediate | sculls,0,"["""", """", """", ""adult"", ""medal"", [""double""], [], [], [], [""intermediate"", ""sculls""]]",
979,"Shot Put, Handicap, Men (Olympic (non-medal))",,,,adult,medal,shot,,,,,,,NO,NO,handicap | put,0,"["""", """", """", ""adult"", ""medal"", [""shot""], [], [], [], [""handicap"", ""put""]]",
980,"Two Person Dinghy, Women (Olympic)",,,,adult,medal,,,,,,,,NO,NO,dinghy | person | two,0,"["""", """", """", ""adult"", ""medal"", [], [], [], [], [""dinghy"", ""person"", ""two""]]",
981,"Windsurfer, Women (Olympic)",sailing,sailing,women,adult,medal,,,,,,,,NO,NO,windsurfer,0,"[""sailing"", ""sailing"", ""women"", ""adult"", ""medal"", [], [], [], [], [""windsurfer""]]",fuente1
982,"One Person Dinghy, Women (Olympic)",,,,adult,medal,,,,,,,,NO,NO,dinghy | one | person,0,"["""", """", """", ""adult"", ""medal"", [], [], [], [], [""dinghy"", ""one"", ""person""]]",
983,"Multihull, Open (Olympic)",,,,adult,medal,open,,,,,,,NO,NO,multihull,0,"["""", """", """", ""adult"", ""medal"", [""open""], [], [], [], [""multihull""]]",
984,"Three Person Keelboat, Women (Olympic)",,,,adult,medal,,,,,,,,NO,NO,keelboat | person | three,0,"["""", """", """", ""adult"", ""medal"", [], [], [], [], [""keelboat"", ""person"", ""three""]]",
985,"Two Person Dinghy, Open (Olympic)",,,,adult,medal,open,,,,,,,NO,NO,dinghy | person | two,0,"["""", """", """", ""adult"", ""medal"", [""open""], [], [], [], [""dinghy"", ""person"", ""two""]]",
986,"5.5 metres, Open (Olympic)",,,,adult,medal,open,,5.5:m,,,,,NO,NO,,0,"["""", """", """", ""adult"", ""medal"", [""open""], [""5.5:m""], [], [], []]",
987,"7 metres, Open (Olympic)",,,,adult,medal,open,,7:m,,,,,NO,NO,,0,"["""", """", """", ""adult"", ""medal"", [""open""], [""7:m""], [], [], []]",
988,"Two Person Heavyweight Dinghy, Open (Olympic)",,,,adult,medal,heavyweight | open,,,,,,,NO,NO,dinghy | person | two,0,"["""", """", """", ""adult"", ""medal"", [""heavyweight"", ""open""], [], [], [], [""dinghy"", ""person"", ""two""]]",
989,"Windsurfer, Men (Olympic)",sailing,sailing,men,adult,medal,,,,,,,,NO,NO,windsurfer,0,"[""sailing"", ""sailing"", ""men"", ""adult"", ""medal"", [], [], [], [], [""windsurfer""]]",fuente1
990,"One Person Dinghy, Men (Olympic)",sailing,sailing,men,adult,medal,,,,,,,,NO,NO,dinghy | one | person,0,"[""sailing"", ""sailing"", ""men"", ""adult"", ""medal"", [], [], [], [], [""dinghy"", ""one"", ""person""]]",fuente1
991,"One Person Heavyweight Dinghy, Men (Olympic)",sailing,sailing,men,adult,medal,heavyweight,,,,,,,NO,NO,dinghy | one | person,0,"[""sailing"", ""sailing"", ""men"", ""adult"", ""medal"", [""heavyweight""], [], [], [], [""dinghy"", ""one"", ""person""]]",fuente1
992,"Windsurfer, Open (Olympic)",,,,adult,medal,open,,,,,,,NO,NO,windsurfer,0,"["""", """", """", ""adult"", ""medal"", [""open""], [], [], [], [""windsurfer""]]",
993,"Open, Open (Olympic)",,,,adult,medal,open | open,,,,,,,NO,NO,,0,"["""", """", """", ""adult"", ""medal"", [""open"", ""open""], [], [], [], []]",
994,"1-2 Ton, Open (Olympic)",,,,adult,medal,open,,,,,,,NO,NO,1 | 2 | ton,0,"["""", """", """", ""adult"", ""medal"", [""open""], [], [], [], [""1"", ""2"", ""ton""]]",
995,"12 metres, Open (Olympic)",,,,adult,medal,open,,12:m,,,,,NO,NO,,0,"["""", """", """", ""adult"", ""medal"", [""open""], [""12:m""], [], [], []]",
996,"40 metres², Open (Olympic)",,,,adult,medal,open,,40:m,,,,,NO,NO,2,0,"["""", """", """", ""adult"", ""medal"", [""open""], [""40:m""], [], [], [""2""]]",
997,"Two Person Dinghy, Men (Olympic)",,,,adult,medal,,,,,,,,NO,NO,dinghy | person | two,0,"["""", """", """", ""adult"", ""medal"", [], [], [], [], [""dinghy"", ""person"", ""two""]]",
998,"10 metres, Open (Olympic)",,,,adult,medal,open,,10:m,,,,,NO,NO,,0,"["""", """", """", ""adult"", ""medal"", [""open""], [""10:m""], [], [], []]",
999,"½-1 Ton, Open (Olympic)",,,,adult,medal,open,,,,,,,NO,NO,1 | 1 | 2 | ton,0,"["""", """", """", ""adult"", ""medal"", [""open""], [], [], [], [""1"", ""1"", ""2"", ""ton""]]",
1000,"Music, Compositions For Orchestra, Open (Olympic)",,,,adult,medal,open,,,,,,,NO,NO,compositions | for | music | orchestra,0,"["""", """", """", ""adult"", ""medal"", [""open""], [], [], [], [""compositions"", ""for"", ""music"", ""orchestra""]]",
1001,"Two Person Keelboat, Men (Olympic)",,,,adult,medal,,,,,,,,NO,NO,keelboat | person | two,0,"["""", """", """", ""adult"", ""medal"", [], [], [], [], [""keelboat"", ""person"", ""two""]]",
1002,"30 metres², Open (Olympic)",,,,adult,medal,open,,30:m,,,,,NO,NO,2,0,"["""", """", """", ""adult"", ""medal"", [""open""], [""30:m""], [], [], [""2""]]",
1003,"12 foot, Open (Olympic)",,,,adult,medal,open,,,,,,,NO,NO,12 | foot,0,"["""", """", """", ""adult"", ""medal"", [""open""], [], [], [], [""12"", ""foot""]]",
1004,"10-20 Ton, Open (Olympic)",,,,adult,medal,open,,,,,,,NO,NO,10 | 20 | ton,0,"["""", """", """", ""adult"", ""medal"", [""open""], [], [], [], [""10"", ""20"", ""ton""]]",
1005,"2-3 Ton, Open (Olympic)",,,,adult,medal,open,,,,,,,NO,NO,2 | 3 | ton,0,"["""", """", """", ""adult"", ""medal"", [""open""], [], [], [], [""2"", ""3"", ""ton""]]",
1006,"Skiff, Open (Olympic)",,,,adult,medal,open,,,,,,,NO,NO,skiff,0,"["""", """", """", ""adult"", ""medal"", [""open""], [], [], [], [""skiff""]]",
1007,"0-½ Ton, Open (Olympic)",,,,adult,medal,open,,,,,,,NO,NO,0 | 1 | 2 | ton,0,"["""", """", """", ""adult"", ""medal"", [""open""], [], [], [], [""0"", ""1"", ""2"", ""ton""]]",
1008,"20+ Ton, Open (Olympic)",,,,adult,medal,open,,,,,,,NO,NO,20 | ton,0,"["""", """", """", ""adult"", ""medal"", [""open""], [], [], [], [""20"", ""ton""]]",
1009,"6.5 metres, Open (Olympic)",,,,adult,medal,open,,6.5:m,,,,,NO,NO,,0,"["""", """", """", ""adult"", ""medal"", [""open""], [""6.5:m""], [], [], []]",
1010,"3-10 Ton, Open (Olympic)",,,,adult,medal,open,,,,,,,NO,NO,10 | 3 | ton,0,"["""", """", """", ""adult"", ""medal"", [""open""], [], [], [], [""10"", ""3"", ""ton""]]",
1011,"Windsurfer, Men (Olympic (non-medal))",sailing,sailing,men,adult,medal,,,,,,,,NO,NO,windsurfer,0,"[""sailing"", ""sailing"", ""men"", ""adult"", ""medal"", [], [], [], [], [""windsurfer""]]",fuente1
1012,"Multihull, Mixed (Olympic)",sailing,sailing,mixed,adult,medal,mixed,,,,,,,NO,NO,multihull,0,"[""sailing"", ""sailing"", ""mixed"", ""adult"", ""medal"", [""mixed""], [], [], [], [""multihull""]]",fuente1
1013,"400 metres Hurdles, Men (Olympic)",athletics,athletics,men,adult,medal,,,400:m,,,,,NO,NO,hurdles,0,"[""athletics"", ""athletics"", ""men"", ""adult"", ""medal"", [], [""400:m""], [], [], [""hurdles""]]",fuente1
1014,"200 metres, Women (Olympic)",,,,adult,medal,,,200:m,,,,,NO,NO,,0,"["""", """", """", ""adult"", ""medal"", [], [""200:m""], [], [], []]",
1015,"800 metres, Women (Olympic)",,,,adult,medal,,,800:m,,,,,NO,NO,,0,"["""", """", """", ""adult"", ""medal"", [], [""800:m""], [], [], []]",
1016,"1,500 metres, Women (Olympic)",,,,adult,medal,,,1500:m,,,,,NO,NO,,0,"["""", """", """", ""adult"", ""medal"", [], [""1500:m""], [], [], []]",
1017,"Javelin Throw, Women (Olympic)",athletics,athletics,women,adult,medal,,,,,,,,NO,NO,javelin | throw,0,"[""athletics"", ""athletics"", ""women"", ""adult"", ""medal"", [], [], [], [], [""javelin"", ""throw""]]",fuente1
1018,"Heptathlon, Women (Olympic)",athletics,athletics,women,adult,medal,,,,,,,,NO,NO,heptathlon,0,"[""athletics"", ""athletics"", ""women"", ""adult"", ""medal"", [], [], [], [], [""heptathlon""]]",fuente1
1019,"3,000 metres Steeplechase, Men (Olympic)",,,,adult,medal,,,3000:m,,,,,NO,NO,steeplechase,0,"["""", """", """", ""adult"", ""medal"", [], [""3000:m""], [], [], [""steeplechase""]]",
1020,"5,000 metres, Men (Olympic)",athletics,athletics,men,adult,medal,,,5000:m,,,,,NO,NO,,0,"[""athletics"", ""athletics"", ""men"", ""adult"", ""medal"", [], [""5000:m""], [], [], []]",fuente1
1021,"20 kilometres Race Walk, Men (Olympic)",,,,adult,medal,,,20:km,,,,,NO,NO,race | walk,0,"["""", """", """", ""adult"", ""medal"", [], [""20:km""], [], [], [""race"", ""walk""]]",
1022,"50 kilometres Race Walk, Men (Olympic)",,,,adult,medal,,,50:km,,,,,NO,NO,race | walk,0,"["""", """", """", ""adult"", ""medal"", [], [""50:km""], [], [], [""race"", ""walk""]]",
1023,"10,000 metres, Men (Olympic)",,,,adult,medal,,,10000:m,,,,,NO,NO,,0,"["""", """", """", ""adult"", ""medal"", [], [""10000:m""], [], [], []]",
1024,"High Jump, Women (Olympic)",athletics,athletics,women,adult,medal,,,,,,,,NO,NO,high | jump,0,"[""athletics"", ""athletics"", ""women"", ""adult"", ""medal"", [], [], [], [], [""high"", ""jump""]]",fuente1
1025,"100 metres, Women (Olympic)",athletics,athletics,women,adult,medal,,,100:m,,,,,NO,NO,,0,"[""athletics"", ""athletics"", ""women"", ""adult"", ""medal"", [], [""100:m""], [], [], []]",fuente1
1026,"Discus Throw, Women (Olympic)",athletics,athletics,women,adult,medal,,,,,,,,NO,NO,discus | throw,0,"[""athletics"", ""athletics"", ""women"", ""adult"", ""medal"", [], [], [], [], [""discus"", ""throw""]]",fuente1
1027,"100 metres Hurdles, Women (Olympic)",athletics,athletics,women,adult,medal,,,100:m,,,,,NO,NO,hurdles,0,"[""athletics"", ""athletics"", ""women"", ""adult"", ""medal"", [], [""100:m""], [], [], [""hurdles""]]",fuente1
1028,"10,000 metres, Women (Olympic)",,,,adult,medal,,,10000:m,,,,,NO,NO,,0,"["""", """", """", ""adult"", ""medal"", [], [""10000:m""], [], [], []]",
1029,"Marathon, Women (Olympic)",athletics,athletics,women,adult,medal,,,,,,,,NO,NO,marathon,0,"[""athletics"", ""athletics"", ""women"", ""adult"", ""medal"", [], [], [], [], [""marathon""]]",fuente1
1030,"Shot Put, Women (Olympic)",athletics,athletics,women,adult,medal,shot,,,,,,,NO,NO,put,0,"[""athletics"", ""athletics"", ""women"", ""adult"", ""medal"", [""shot""], [], [], [], [""put""]]",fuente1
1031,"80 metres Hurdles, Women (Olympic)",,,,adult,medal,,,80:m,,,,,NO,NO,hurdles,0,"["""", """", """", ""adult"", ""medal"", [], [""80:m""], [], [], [""hurdles""]]",
1032,"Hammer Throw, Women (Olympic)",athletics,athletics,women,adult,medal,,,,,,,,NO,NO,hammer | throw,0,"[""athletics"", ""athletics"", ""women"", ""adult"", ""medal"", [], [], [], [], [""hammer"", ""throw""]]",fuente1
1033,"5,000 metres, Women (Olympic)",,,,adult,medal,,,5000:m,,,,,NO,NO,,0,"["""", """", """", ""adult"", ""medal"", [], [""5000:m""], [], [], []]",
1034,"10 kilometres Race Walk, Women (Olympic)",,,,adult,medal,,,10:km,,,,,NO,NO,race | walk,0,"["""", """", """", ""adult"", ""medal"", [], [""10:km""], [], [], [""race"", ""walk""]]",
1035,"400 metres Hurdles, Women (Olympic)",athletics,athletics,women,adult,medal,,,400:m,,,,,NO,NO,hurdles,0,"[""athletics"", ""athletics"", ""women"", ""adult"", ""medal"", [], [""400:m""], [], [], [""hurdles""]]",fuente1
1036,"Pentathlon, Women (Olympic)",,,,adult,medal,,,,,,,,NO,NO,pentathlon,0,"["""", """", """", ""adult"", ""medal"", [], [], [], [], [""pentathlon""]]",
1037,"5 miles, Men (Olympic)",athletics,athletics,men,adult,medal,,,5:mile,,,,,NO,NO,,0,"[""athletics"", ""athletics"", ""men"", ""adult"", ""medal"", [], [""5:mile""], [], [], []]",fuente1
1038,"10 miles Race Walk, Men (Olympic)",,,,adult,medal,,,10:mile,,,,,NO,NO,race | walk,0,"["""", """", """", ""adult"", ""medal"", [], [""10:mile""], [], [], [""race"", ""walk""]]",
1039,"10 kilometres Race Walk, Men (Olympic)",,,,adult,medal,,,10:km,,,,,NO,NO,race | walk,0,"["""", """", """", ""adult"", ""medal"", [], [""10:km""], [], [], [""race"", ""walk""]]",
1040,"400 metres, Men (Intercalated)",,,,adult,medal,,,400:m,,,,,NO,NO,intercalated,0,"["""", """", """", ""adult"", ""medal"", [], [""400:m""], [], [], [""intercalated""]]",
1041,"800 metres, Men (Intercalated)",,,,adult,medal,,,800:m,,,,,NO,NO,intercalated,0,"["""", """", """", ""adult"", ""medal"", [], [""800:m""], [], [], [""intercalated""]]",
1042,"1,500 metres, Men (Intercalated)",athletics,athletics,men,adult,medal,,,1500:m,,,,,NO,NO,intercalated,0,"[""athletics"", ""athletics"", ""men"", ""adult"", ""medal"", [], [""1500:m""], [], [], [""intercalated""]]",fuente1
1043,"5 miles, Men (Intercalated)",,,,adult,medal,,,5:mile,,,,,NO,NO,intercalated,0,"["""", """", """", ""adult"", ""medal"", [], [""5:mile""], [], [], [""intercalated""]]",
1044,Boxing,,,,adult,medal,,,,,,,,NO,NO,boxing,0,"["""", """", """", ""adult"", ""medal"", [], [], [], [], [""boxing""]]",
1045,"Lightweight, Men (Olympic)",,,,adult,medal,lightweight,,,,,,,NO,NO,,0,"["""", """", """", ""adult"", ""medal"", [""lightweight""], [], [], [], []]",
1046,"Pentathlon, Men (Olympic)",,,,adult,medal,,,,,,,,NO,NO,pentathlon,0,"["""", """", """", ""adult"", ""medal"", [], [], [], [], [""pentathlon""]]",
1047,"100 yards, Handicap, Men (Olympic (non-medal))",athletics,athletics,men,adult,medal,,,100:yd,,,,,NO,NO,handicap,0,"[""athletics"", ""athletics"", ""men"", ""adult"", ""medal"", [], [""100:yd""], [], [], [""handicap""]]",fuente1
1048,"120 yards Hurdles, Handicap, Men (Olympic (non-medal))",athletics,athletics,men,adult,medal,,,120:yd,,,,,NO,NO,handicap | hurdles,0,"[""athletics"", ""athletics"", ""men"", ""adult"", ""medal"", [], [""120:yd""], [], [], [""handicap"", ""hurdles""]]",fuente1
1049,"Standing High Jump, Men (Olympic)",athletics,athletics,men,adult,medal,,,,,,,,NO,NO,high | jump | standing,0,"[""athletics"", ""athletics"", ""men"", ""adult"", ""medal"", [], [], [], [], [""high"", ""jump"", ""standing""]]",fuente1
1050,"3,500 metres Race Walk, Men (Olympic)",,,,adult,medal,,,3500:m,,,,,NO,NO,race | walk,0,"["""", """", """", ""adult"", ""medal"", [], [""3500:m""], [], [], [""race"", ""walk""]]",
1051,"Cross-Country, Individual, Men (Olympic)",,,,adult,medal,individual,individual,,,,,individual,NO,NO,country | cross,0,"["""", """", """", ""adult"", ""medal"", [""individual""], [], [], [], [""country"", ""cross""]]",
1052,"3,000 metres Race Walk, Men (Olympic)",athletics,athletics,men,adult,medal,,,3000:m,,,,,NO,NO,race | walk,0,"[""athletics"", ""athletics"", ""men"", ""adult"", ""medal"", [], [""3000:m""], [], [], [""race"", ""walk""]]",fuente1
1053,"60 metres, Men (Olympic)",,,,adult,medal,,,60:m,,,,,NO,NO,,0,"["""", """", """", ""adult"", ""medal"", [], [""60:m""], [], [], []]",
1054,"100 metres, Handicap, Men (Olympic (non-medal))",,,,adult,medal,,,100:m,,,,,NO,NO,handicap,0,"["""", """", """", ""adult"", ""medal"", [], [""100:m""], [], [], [""handicap""]]",
1055,"5,000 metres, Team, Men (Olympic)",athletics,athletics,men,adult,medal,team,team,5000:m,,,,team,NO,NO,,0,"[""athletics"", ""athletics"", ""men"", ""adult"", ""medal"", [""team""], [""5000:m""], [], [], []]",fuente1
1056,"Discus Throw, Both Hands, Men (Olympic)",athletics,athletics,men,adult,medal,,,,,,,,NO,NO,both | discus | hands | throw,0,"[""athletics"", ""athletics"", ""men"", ""adult"", ""medal"", [], [], [], [], [""both"", ""discus"", ""hands"", ""throw""]]",fuente1
1057,"Discus Throw, Greek Style, Men (Olympic)",athletics,athletics,men,adult,medal,,,,,,,,NO,NO,discus | greek | style | throw,0,"[""athletics"", ""athletics"", ""men"", ""adult"", ""medal"", [], [], [], [], [""discus"", ""greek"", ""style"", ""throw""]]",fuente1
1058,"2,500 metres Steeplechase, Men (Olympic)",athletics,athletics,men,adult,medal,,,2500:m,,,,,NO,NO,steeplechase,0,"[""athletics"", ""athletics"", ""men"", ""adult"", ""medal"", [], [""2500:m""], [], [], [""steeplechase""]]",fuente1
1059,"2,500 metres Steeplechase, Handicap, Men (Olympic (non-medal))",athletics,athletics,men,adult,medal,,,2500:m,,,,,NO,NO,handicap | steeplechase,0,"[""athletics"", ""athletics"", ""men"", ""adult"", ""medal"", [], [""2500:m""], [], [], [""handicap"", ""steeplechase""]]",fuente1
1060,"3,200 metres Steeplechase, Men (Olympic)",athletics,athletics,men,adult,medal,,,3200:m,,,,,NO,NO,steeplechase,0,"[""athletics"", ""athletics"", ""men"", ""adult"", ""medal"", [], [""3200:m""], [], [], [""steeplechase""]]",fuente1
1061,"3,000 metres, Team, Men (Olympic)",,,,adult,medal,team,team,3000:m,,,,team,NO,NO,,0,"["""", """", """", ""adult"", ""medal"", [""team""], [""3000:m""], [], [], []]",
1062,"Cross-Country, Team, Men (Olympic)",,,,adult,medal,team,team,,,,,team,NO,NO,country | cross,0,"["""", """", """", ""adult"", ""medal"", [""team""], [], [], [], [""country"", ""cross""]]",
1063,"Standing Triple Jump, Men (Olympic)",athletics,athletics,men,adult,medal,,,,,,,,NO,NO,jump | standing | triple,0,"[""athletics"", ""athletics"", ""men"", ""adult"", ""medal"", [], [], [], [], [""jump"", ""standing"", ""triple""]]",fuente1
1064,"Javelin Throw, Freestyle, Men (Intercalated)",athletics,athletics,men,adult,medal,freestyle,,,,,,,NO,NO,intercalated | javelin | throw,0,"[""athletics"", ""athletics"", ""men"", ""adult"", ""medal"", [""freestyle""], [], [], [], [""intercalated"", ""javelin"", ""throw""]]",fuente1
1065,"Javelin Throw, Freestyle, Men (Olympic)",athletics,athletics,men,adult,medal,freestyle,,,,,,,NO,NO,javelin | throw,0,"[""athletics"", ""athletics"", ""men"", ""adult"", ""medal"", [""freestyle""], [], [], [], [""javelin"", ""throw""]]",fuente1
1066,Wrestling,,,,adult,medal,,,,,,,,NO,NO,wrestling,0,"["""", """", """", ""adult"", ""medal"", [], [], [], [], [""wrestling""]]",
1067,"Light-Heavyweight, Greco-Roman, Men (Olympic)",athletics,athletics,men,adult,medal,heavyweight,,,,,,,NO,NO,greco | light | roman,0,"[""athletics"", ""athletics"", ""men"", ""adult"", ""medal"", [""heavyweight""], [], [], [], [""greco"", ""light"", ""roman""]]",fuente1
1068,"1,600 metres Medley Relay, Men (Olympic)",,,,adult,medal,relay,,1600:m,,,,relay,NO,NO,medley,0,"["""", """", """", ""adult"", ""medal"", [""relay""], [""1600:m""], [], [], [""medley""]]",
1069,"1 mile, Handicap, Men (Olympic (non-medal))",athletics,athletics,men,adult,medal,,,1:mile,,,,,NO,NO,handicap,0,"[""athletics"", ""athletics"", ""men"", ""adult"", ""medal"", [], [""1:mile""], [], [], [""handicap""]]",fuente1
1070,"56-pound Weight Throw, Handicap, Men (Olympic (non-medal))",athletics,athletics,men,adult,medal,,,,,,,,NO,NO,56 | handicap | pound | throw | weight,0,"[""athletics"", ""athletics"", ""men"", ""adult"", ""medal"", [], [], [], [], [""56"", ""handicap"", ""pound"", ""throw"", ""weight""]]",fuente1
1071,"Pole Vault, Handicap, Men (Olympic (non-medal))",athletics,athletics,men,adult,medal,,,,,,,,NO,NO,handicap | pole | vault,0,"[""athletics"", ""athletics"", ""men"", ""adult"", ""medal"", [], [], [], [], [""handicap"", ""pole"", ""vault""]]",fuente1
1072,"Heavyweight, Men (Olympic)",athletics,athletics,men,adult,medal,heavyweight,,,,,,,NO,NO,,0,"[""athletics"", ""athletics"", ""men"", ""adult"", ""medal"", [""heavyweight""], [], [], [], []]",fuente1
1073,"200 metres Hurdles, Men (Olympic)",athletics,athletics,men,adult,medal,,,200:m,,,,,NO,NO,hurdles,0,"[""athletics"", ""athletics"", ""men"", ""adult"", ""medal"", [], [""200:m""], [], [], [""hurdles""]]",fuente1
1074,"4,000 metres Steeplechase, Men (Olympic)",,,,adult,medal,,,4000:m,,,,,NO,NO,steeplechase,0,"["""", """", """", ""adult"", ""medal"", [], [""4000:m""], [], [], [""steeplechase""]]",
1075,"1,500 metres, Handicap, Men (Olympic (non-medal))",,,,adult,medal,,,1500:m,,,,,NO,NO,handicap,0,"["""", """", """", ""adult"", ""medal"", [], [""1500:m""], [], [], [""handicap""]]",
1076,"440 yards, Handicap, Men (Olympic (non-medal))",athletics,athletics,men,adult,medal,,,440:yd,,,,,NO,NO,handicap,0,"[""athletics"", ""athletics"", ""men"", ""adult"", ""medal"", [], [""440:yd""], [], [], [""handicap""]]",fuente1
1077,"880 yards, Handicap, Men (Olympic (non-medal))",athletics,athletics,men,adult,medal,,,880:yd,,,,,NO,NO,handicap,0,"[""athletics"", ""athletics"", ""men"", ""adult"", ""medal"", [], [""880:yd""], [], [], [""handicap""]]",fuente1
1078,"Heavyweight, Women (Olympic)",weightlifting,weightlifting,women,adult,medal,heavyweight,,,,,,,NO,NO,,0,"[""weightlifting"", ""weightlifting"", ""women"", ""adult"", ""medal"", [""heavyweight""], [], [], [], []]",fuente1
1079,"800 metres, Handicap, Men (Olympic (non-medal))",,,,adult,medal,,,800:m,,,,,NO,NO,handicap,0,"["""", """", """", ""adult"", ""medal"", [], [""800:m""], [], [], [""handicap""]]",
1080,Athletics,,,,adult,medal,,,,,,,,NO,NO,athletics,0,"["""", """", """", ""adult"", ""medal"", [], [], [], [], [""athletics""]]",
1081,"Shot Put, Men (Olympic)",,,,adult,medal,shot,,,,,,,NO,NO,put,0,"["""", """", """", ""adult"", ""medal"", [""shot""], [], [], [], [""put""]]",
1082,"Discus Throw, Men (Olympic)",,,,adult,medal,,,,,,,,NO,NO,discus | throw,0,"["""", """", """", ""adult"", ""medal"", [], [], [], [], [""discus"", ""throw""]]",
1083,"3,000 metres Steeplechase, Women (Olympic)",athletics,athletics,women,adult,medal,,,3000:m,,,,,NO,NO,steeplechase,0,"[""athletics"", ""athletics"", ""women"", ""adult"", ""medal"", [], [""3000:m""], [], [], [""steeplechase""]]",fuente1
1084,"Shot Put, Both Hands, Men (Olympic)",athletics,athletics,men,adult,medal,shot,,,,,,,NO,NO,both | hands | put,0,"[""athletics"", ""athletics"", ""men"", ""adult"", ""medal"", [""shot""], [], [], [], [""both"", ""hands"", ""put""]]",fuente1
1085,"Stone Throw, Men (Intercalated)",,,,adult,medal,,,,,,,,NO,NO,intercalated | stone | throw,0,"["""", """", """", ""adult"", ""medal"", [], [], [], [], [""intercalated"", ""stone"", ""throw""]]",
1086,"Team All-Around, Men (Olympic)",athletics,athletics,men,adult,medal,team,team,,,,,team,NO,NO,all | around,0,"[""athletics"", ""athletics"", ""men"", ""adult"", ""medal"", [""team""], [], [], [], [""all"", ""around""]]",fuente1
1087,"20 kilometres, Men (Olympic)",,,,adult,medal,,,20:km,,,,,NO,NO,,0,"["""", """", """", ""adult"", ""medal"", [], [""20:km""], [], [], []]",
1088,"Pentathlon, Men (Olympic)",,,,adult,medal,,,,,,,,NO,NO,pentathlon,0,"["""", """", """", ""adult"", ""medal"", [], [], [], [], [""pentathlon""]]",
1089,"3 miles, Team, Men (Olympic)",,,,adult,medal,team,team,3:mile,,,,team,NO,NO,,0,"["""", """", """", ""adult"", ""medal"", [""team""], [""3:mile""], [], [], []]",
1090,Rugby (Rugby),,,,adult,medal,,,,,,,,NO,NO,rugby | rugby,0,"["""", """", """", ""adult"", ""medal"", [], [], [], [], [""rugby"", ""rugby""]]",
1091,"Rugby, Men (Olympic)",,,,adult,medal,,,,,,,,NO,NO,rugby,0,"["""", """", """", ""adult"", ""medal"", [], [], [], [], [""rugby""]]",
1092,"110 metres Hurdles, Handicap, Men (Olympic (non-medal))",athletics,athletics,men,adult,medal,,,110:m,,,,,NO,NO,handicap | hurdles,0,"[""athletics"", ""athletics"", ""men"", ""adult"", ""medal"", [], [""110:m""], [], [], [""handicap"", ""hurdles""]]",fuente1
1093,"400 metres, Handicap, Men (Olympic (non-medal))",athletics,athletics,men,adult,medal,,,400:m,,,,,NO,NO,handicap,0,"[""athletics"", ""athletics"", ""men"", ""adult"", ""medal"", [], [""400:m""], [], [], [""handicap""]]",fuente1
1094,"4 miles, Team, Men (Olympic)",,,,adult,medal,team,team,4:mile,,,,team,NO,NO,,0,"["""", """", """", ""adult"", ""medal"", [""team""], [""4:mile""], [], [], []]",
1095,"Doubles, Handicap, Men (Olympic (non-medal))",,,,adult,medal,doubles,,,,,,,NO,NO,handicap,0,"["""", """", """", ""adult"", ""medal"", [""doubles""], [], [], [], [""handicap""]]",
1096,"Heavyweight, Greco-Roman, Men (Olympic)",athletics,athletics,men,adult,medal,heavyweight,,,,,,,NO,NO,greco | roman,0,"[""athletics"", ""athletics"", ""men"", ""adult"", ""medal"", [""heavyweight""], [], [], [], [""greco"", ""roman""]]",fuente1
1097,"400 metres Hurdles, Handicap, Men (Olympic (non-medal))",athletics,athletics,men,adult,medal,,,400:m,,,,,NO,NO,handicap | hurdles,0,"[""athletics"", ""athletics"", ""men"", ""adult"", ""medal"", [], [""400:m""], [], [], [""handicap"", ""hurdles""]]",fuente1
1098,"Heavyweight, Freestyle, Men (Olympic)",athletics,athletics,men,adult,medal,freestyle | heavyweight,,,,,,,NO,NO,,0,"[""athletics"", ""athletics"", ""men"", ""adult"", ""medal"", [""freestyle"", ""heavyweight""], [], [], [], []]",fuente1
1099,"Shot Put, Men (Olympic)",,,,adult,medal,shot,,,,,,,NO,NO,put,0,"["""", """", """", ""adult"", ""medal"", [""shot""], [], [], [], [""put""]]",
1100,"Discus Throw, Men (Olympic)",,,,adult,medal,,,,,,,,NO,NO,discus | throw,0,"["""", """", """", ""adult"", ""medal"", [], [], [], [], [""discus"", ""throw""]]",
1101,"2,590 metres Steeplechase, Men (Olympic)",,,,adult,medal,,,2590:m,,,,,NO,NO,steeplechase,0,"["""", """", """", ""adult"", ""medal"", [], [""2590:m""], [], [], [""steeplechase""]]",
1102,"Unlimited Class, Greco-Roman, Men (Olympic)",,,,adult,medal,,,,,,,,NO,NO,class | greco | roman | unlimited,0,"["""", """", """", ""adult"", ""medal"", [], [], [], [], [""class"", ""greco"", ""roman"", ""unlimited""]]",
1103,"120 yards Hurdles, Men (Olympic (non-medal))",athletics,athletics,men,adult,medal,,,120:yd,,,,,NO,NO,hurdles,0,"[""athletics"", ""athletics"", ""men"", ""adult"", ""medal"", [], [""120:yd""], [], [], [""hurdles""]]",fuente1
1104,"Long Jump, Men (Olympic (non-medal))",athletics,athletics,men,adult,medal,,,,,,,,NO,NO,jump | long,0,"[""athletics"", ""athletics"", ""men"", ""adult"", ""medal"", [], [], [], [], [""jump"", ""long""]]",fuente1
1105,"Triple Jump, Men (Olympic (non-medal))",athletics,athletics,men,adult,medal,,,,,,,,NO,NO,jump | triple,0,"[""athletics"", ""athletics"", ""men"", ""adult"", ""medal"", [], [], [], [], [""jump"", ""triple""]]",fuente1
1106,"Standing Triple Jump, Men (Olympic (non-medal))",athletics,athletics,men,adult,medal,,,,,,,,NO,NO,jump | standing | triple,0,"[""athletics"", ""athletics"", ""men"", ""adult"", ""medal"", [], [], [], [], [""jump"", ""standing"", ""triple""]]",fuente1
1107,"Stone Throw, Men (Olympic (non-medal))",,,,adult,medal,,,,,,,,NO,NO,stone | throw,0,"["""", """", """", ""adult"", ""medal"", [], [], [], [], [""stone"", ""throw""]]",
1108,"All-Around Championship, Men (Olympic)",,,,adult,medal,,,,,,,,NO,NO,all | around | championship,0,"["""", """", """", ""adult"", ""medal"", [], [], [], [], [""all"", ""around"", ""championship""]]",
1109,"Hammer Throw, Men (Olympic (non-medal))",athletics,athletics,men,adult,medal,,,,,,,,NO,NO,hammer | throw,0,"[""athletics"", ""athletics"", ""men"", ""adult"", ""medal"", [], [], [], [], [""hammer"", ""throw""]]",fuente1
1110,Ski Jumping (Skiing),,,,adult,medal,,,,,,,,NO,NO,jumping | ski | skiing,0,"["""", """", """", ""adult"", ""medal"", [], [], [], [], [""jumping"", ""ski"", ""skiing""]]",
1111,"Large Hill, Individual, Men (Olympic)",skiing,cross country skiing,men,adult,medal,individual,individual,,,,,individual,NO,NO,hill | large,0,"[""skiing"", ""cross country skiing"", ""men"", ""adult"", ""medal"", [""individual""], [], [], [], [""hill"", ""large""]]",fuente1
1112,Nordic Combined (Skiing),,,,adult,medal,combined,,,,,,,NO,NO,nordic | skiing,0,"["""", """", """", ""adult"", ""medal"", [""combined""], [], [], [], [""nordic"", ""skiing""]]",
1113,"Individual, Men (Olympic)",skiing,cross country skiing,men,adult,medal,individual,individual,,,,,individual,NO,NO,,0,"[""skiing"", ""cross country skiing"", ""men"", ""adult"", ""medal"", [""individual""], [], [], [], []]",fuente1
1114,"Individual All-Around, Men (Olympic)",athletics,athletics,men,adult,medal,individual,individual,,,,,individual,NO,NO,all | around,0,"[""athletics"", ""athletics"", ""men"", ""adult"", ""medal"", [""individual""], [], [], [], [""all"", ""around""]]",fuente1
1115,"Horse Vault, Men (Olympic)",,,,adult,medal,,,,,,,,NO,NO,horse | vault,0,"["""", """", """", ""adult"", ""medal"", [], [], [], [], [""horse"", ""vault""]]",
1116,"Parallel Bars, Teams, Men (Olympic)",athletics,athletics,men,adult,medal,,,,,,,,NO,NO,bars | parallel | teams,0,"[""athletics"", ""athletics"", ""men"", ""adult"", ""medal"", [], [], [], [], [""bars"", ""parallel"", ""teams""]]",fuente1
1117,"Horizontal Bar, Men (Olympic)",athletics,athletics,men,adult,medal,,,,,,,,NO,NO,bar | horizontal,0,"[""athletics"", ""athletics"", ""men"", ""adult"", ""medal"", [], [], [], [], [""bar"", ""horizontal""]]",fuente1
1118,"Horizontal Bar, Teams, Men (Olympic)",athletics,athletics,men,adult,medal,,,,,,,,NO,NO,bar | horizontal | teams,0,"[""athletics"", ""athletics"", ""men"", ""adult"", ""medal"", [], [], [], [], [""bar"", ""horizontal"", ""teams""]]",fuente1
1119,"Rings, Men (Olympic)",,,,adult,medal,,,,,,,,NO,NO,rings,0,"["""", """", """", ""adult"", ""medal"", [], [], [], [], [""rings""]]",
1120,"Pommelled Horse, Men (Olympic)",,,,adult,medal,,,,,,,,NO,NO,horse | pommelled,0,"["""", """", """", ""adult"", ""medal"", [], [], [], [], [""horse"", ""pommelled""]]",
1121,Football (Football),,,,adult,medal,,,,,,,,NO,NO,football | football,0,"["""", """", """", ""adult"", ""medal"", [], [], [], [], [""football"", ""football""]]",
1122,"Football, Men (Olympic)",,,,adult,medal,,,,,,,,NO,NO,football,0,"["""", """", """", ""adult"", ""medal"", [], [], [], [], [""football""]]",
1123,Basketball (Basketball),,,,adult,medal,,,,,,,,NO,NO,basketball | basketball,0,"["""", """", """", ""adult"", ""medal"", [], [], [], [], [""basketball"", ""basketball""]]",
1124,"Basketball, Men (Olympic)",,,,adult,medal,,,,,,,,NO,NO,basketball,0,"["""", """", """", ""adult"", ""medal"", [], [], [], [], [""basketball""]]",
1125,"1,500 metres Race Walk, Men (Intercalated)",athletics,athletics,men,adult,medal,,,1500:m,,,,,NO,NO,intercalated | race | walk,0,"[""athletics"", ""athletics"", ""men"", ""adult"", ""medal"", [], [""1500:m""], [], [], [""intercalated"", ""race"", ""walk""]]",fuente1
1126,"100 metres Backstroke, Men (Olympic)",athletics,athletics,men,adult,medal,,,100:m,,,,,NO,NO,backstroke,0,"[""athletics"", ""athletics"", ""men"", ""adult"", ""medal"", [], [""100:m""], [], [], [""backstroke""]]",fuente1
1127,"200 metres Breaststroke, Men (Olympic)",athletics,athletics,men,adult,medal,,,200:m,,,,,NO,NO,breaststroke,0,"[""athletics"", ""athletics"", ""men"", ""adult"", ""medal"", [], [""200:m""], [], [], [""breaststroke""]]",fuente1
1128,"Long Jump, Handicap, Men (Olympic (non-medal))",athletics,athletics,men,adult,medal,,,,,,,,NO,NO,handicap | jump | long,0,"[""athletics"", ""athletics"", ""men"", ""adult"", ""medal"", [], [], [], [], [""handicap"", ""jump"", ""long""]]",fuente1
1129,"Literature, Dramatic Works, Open (Olympic)",,,,adult,medal,open,,,,,,,NO,NO,dramatic | literature | works,0,"["""", """", """", ""adult"", ""medal"", [""open""], [], [], [], [""dramatic"", ""literature"", ""works""]]",
1130,Glíma,,,,adult,medal,,,,,,,,NO,NO,glima,0,"["""", """", """", ""adult"", ""medal"", [], [], [], [], [""glima""]]",
1131,"Glíma, Men (Olympic (non-medal))",,,,adult,medal,,,,,,,,NO,NO,glima,0,"["""", """", """", ""adult"", ""medal"", [], [], [], [], [""glima""]]",
1132,"4 × 10 kilometres Relay, Men (Olympic)",skiing,cross country skiing,men,adult,medal,relay,,10:km,,,,relay,NO,NO,4 | x,0,"[""skiing"", ""cross country skiing"", ""men"", ""adult"", ""medal"", [""relay""], [""10:km""], [], [], [""4"", ""x""]]",fuente1
1133,"6-hour race, Professionals, Men (Olympic (non-medal))",,,,adult,medal,,,,,,,,NO,NO,6 | hour | professionals | race,0,"["""", """", """", ""adult"", ""medal"", [], [], [], [], [""6"", ""hour"", ""professionals"", ""race""]]",
1134,"Pole Vault, Men (Intercalated)",,,,adult,medal,,,,,,,,NO,NO,intercalated | pole | vault,0,"["""", """", """", ""adult"", ""medal"", [], [], [], [], [""intercalated"", ""pole"", ""vault""]]",
1135,"Pairs, Mixed (Olympic)",,,,adult,medal,mixed | pairs,,,,,,pairs,NO,NO,,0,"["""", """", """", ""adult"", ""medal"", [""mixed"", ""pairs""], [], [], [], []]",
1136,"15 kilometres, Men (Olympic)",skiing,cross country skiing,men,adult,medal,,,15:km,,,,,NO,NO,,0,"[""skiing"", ""cross country skiing"", ""men"", ""adult"", ""medal"", [], [""15:km""], [], [], []]",fuente1
1137,"30 kilometres, Men (Olympic)",skiing,cross country skiing,men,adult,medal,,,30:km,,,,,NO,NO,,0,"[""skiing"", ""cross country skiing"", ""men"", ""adult"", ""medal"", [], [""30:km""], [], [], []]",fuente1
1138,"1 mile, Men (Olympic (non-medal))",athletics,athletics,men,adult,medal,,,1:mile,,,,,NO,NO,,0,"[""athletics"", ""athletics"", ""men"", ""adult"", ""medal"", [], [""1:mile""], [], [], []]",fuente1
1139,Art Competitions,,,,adult,medal,,,,,,,,NO,NO,art,0,"["""", """", """", ""adult"", ""medal"", [], [], [], [], [""art""]]",
1140,"Literature, Epic Works, Open (Olympic)",,,,adult,medal,open,,,,,,,NO,NO,epic | literature | works,0,"["""", """", """", ""adult"", ""medal"", [""open""], [], [], [], [""epic"", ""literature"", ""works""]]",
1141,"Marathon, Men (Intercalated)",,,,adult,medal,,,,,,,,NO,NO,intercalated | marathon,0,"["""", """", """", ""adult"", ""medal"", [], [], [], [], [""intercalated"", ""marathon""]]",
1142,"Standing Long Jump, Men (Intercalated)",gymnastics,artistic gymnastics,men,adult,medal,,,,,,,,NO,NO,intercalated | jump | long | standing,0,"[""gymnastics"", ""artistic gymnastics"", ""men"", ""adult"", ""medal"", [], [], [], [], [""intercalated"", ""jump"", ""long"", ""standing""]]",fuente1
1143,"Discus Throw, Men (Intercalated)",gymnastics,artistic gymnastics,men,adult,medal,,,,,,,,NO,NO,discus | intercalated | throw,0,"[""gymnastics"", ""artistic gymnastics"", ""men"", ""adult"", ""medal"", [], [], [], [], [""discus"", ""intercalated"", ""throw""]]",fuente1
1144,"Discus Throw, Greek Style, Men (Intercalated)",gymnastics,artistic gymnastics,men,adult,medal,,,,,,,,NO,NO,discus | greek | intercalated | style | throw,0,"[""gymnastics"", ""artistic gymnastics"", ""men"", ""adult"", ""medal"", [], [], [], [], [""discus"", ""greek"", ""intercalated"", ""style"", ""throw""]]",fuente1
1145,"Pentathlon (Ancient), Men (Intercalated)",,,,adult,medal,,,,,,,,NO,NO,ancient | intercalated | pentathlon,0,"["""", """", """", ""adult"", ""medal"", [], [], [], [], [""ancient"", ""intercalated"", ""pentathlon""]]",
1146,"Marathon, Men (Olympic)",,,,adult,medal,,,,,,,,NO,NO,marathon,0,"["""", """", """", ""adult"", ""medal"", [], [], [], [], [""marathon""]]",
1147,Baseball (Baseball/Softball),,,,adult,medal,,,,,,,,NO,NO,baseball | baseball | softball,0,"["""", """", """", ""adult"", ""medal"", [], [], [], [], [""baseball"", ""baseball"", ""softball""]]",
1148,"Baseball, Men (Olympic (non-medal))",,,,adult,medal,,,,,,,,NO,NO,baseball,0,"["""", """", """", ""adult"", ""medal"", [], [], [], [], [""baseball""]]",
1149,"440 yards, Men (Olympic (non-medal))",athletics,athletics,men,adult,medal,,,440:yd,,,,,NO,NO,,0,"[""athletics"", ""athletics"", ""men"", ""adult"", ""medal"", [], [""440:yd""], [], [], []]",fuente1
1150,"880 yards, Men (Olympic (non-medal))",athletics,athletics,men,adult,medal,,,880:yd,,,,,NO,NO,,0,"[""athletics"", ""athletics"", ""men"", ""adult"", ""medal"", [], [""880:yd""], [], [], []]",fuente1
1151,"100 yards, Men (Olympic (non-medal))",athletics,athletics,men,adult,medal,,,100:yd,,,,,NO,NO,,0,"[""athletics"", ""athletics"", ""men"", ""adult"", ""medal"", [], [""100:yd""], [], [], []]",fuente1
1152,"2 miles, Men (Olympic (non-medal))",athletics,athletics,men,adult,medal,,,2:mile,,,,,NO,NO,,0,"[""athletics"", ""athletics"", ""men"", ""adult"", ""medal"", [], [""2:mile""], [], [], []]",fuente1
1153,"5 miles, Boys (Olympic (non-medal))",,,,adult,medal,,,5:mile,,,,,NO,NO,boys,0,"["""", """", """", ""adult"", ""medal"", [], [""5:mile""], [], [], [""boys""]]",
1154,"220 yards, Men (Olympic (non-medal))",athletics,athletics,men,adult,medal,,,220:yd,,,,,NO,NO,,0,"[""athletics"", ""athletics"", ""men"", ""adult"", ""medal"", [], [""220:yd""], [], [], []]",fuente1
1155,"120 yards Hurdles, Boys (Olympic (non-medal))",,,,adult,medal,,,120:yd,,,,,NO,NO,boys | hurdles,0,"["""", """", """", ""adult"", ""medal"", [], [""120:yd""], [], [], [""boys"", ""hurdles""]]",
1156,"1 mile, Boys (Olympic (non-medal))",,,,adult,medal,,,1:mile,,,,,NO,NO,boys,0,"["""", """", """", ""adult"", ""medal"", [], [""1:mile""], [], [], [""boys""]]",
1157,"Shot Put, Men (Olympic (non-medal))",athletics,athletics,men,adult,medal,shot,,,,,,,NO,NO,put,0,"[""athletics"", ""athletics"", ""men"", ""adult"", ""medal"", [""shot""], [], [], [], [""put""]]",fuente1
1158,"Special Scratch Pole Vault #2, Men (Olympic (non-medal))",athletics,athletics,men,adult,medal,,,,,,,,NO,NO,2 | pole | scratch | special | vault,0,"[""athletics"", ""athletics"", ""men"", ""adult"", ""medal"", [], [], [], [], [""2"", ""pole"", ""scratch"", ""special"", ""vault""]]",fuente1
1159,"Individual All-Around, Field Sports, Men (Olympic)",athletics,athletics,men,adult,medal,individual,individual,,,,,individual,NO,NO,all | around | field | sports,0,"[""athletics"", ""athletics"", ""men"", ""adult"", ""medal"", [""individual""], [], [], [], [""all"", ""around"", ""field"", ""sports""]]",fuente1
1160,"Individual All-Around, Apparatus Work, Men (Olympic)",athletics,athletics,men,adult,medal,individual,individual,,,,,individual,NO,NO,all | apparatus | around | work,0,"[""athletics"", ""athletics"", ""men"", ""adult"", ""medal"", [""individual""], [], [], [], [""all"", ""apparatus"", ""around"", ""work""]]",fuente1
1161,"60 yards, Handicap, Men (Olympic (non-medal))",,,,adult,medal,,,60:yd,,,,,NO,NO,handicap,0,"["""", """", """", ""adult"", ""medal"", [], [""60:yd""], [], [], [""handicap""]]",
1162,"1 mile, Team, Handicap, Men (Olympic (non-medal))",athletics,athletics,men,adult,medal,team,team,1:mile,,,,team,NO,NO,handicap,0,"[""athletics"", ""athletics"", ""men"", ""adult"", ""medal"", [""team""], [""1:mile""], [], [], [""handicap""]]",fuente1
1163,"2 miles, Handicap, Men (Olympic (non-medal))",athletics,athletics,men,adult,medal,,,2:mile,,,,,NO,NO,handicap,0,"[""athletics"", ""athletics"", ""men"", ""adult"", ""medal"", [], [""2:mile""], [], [], [""handicap""]]",fuente1
1164,"5 miles, Men (Olympic (non-medal))",athletics,athletics,men,adult,medal,,,5:mile,,,,,NO,NO,,0,"[""athletics"", ""athletics"", ""men"", ""adult"", ""medal"", [], [""5:mile""], [], [], []]",fuente1
1165,"220 yards, Handicap, Men (Olympic (non-medal))",athletics,athletics,men,adult,medal,,,220:yd,,,,,NO,NO,handicap,0,"[""athletics"", ""athletics"", ""men"", ""adult"", ""medal"", [], [""220:yd""], [], [], [""handicap""]]",fuente1
1166,"100 yards, Boys (Olympic (non-medal))",,,,adult,medal,,,100:yd,,,,,NO,NO,boys,0,"["""", """", """", ""adult"", ""medal"", [], [""100:yd""], [], [], [""boys""]]",
1167,"220 yards Hurdles, Men (Olympic (non-medal))",athletics,athletics,men,adult,medal,,,220:yd,,,,,NO,NO,hurdles,0,"[""athletics"", ""athletics"", ""men"", ""adult"", ""medal"", [], [""220:yd""], [], [], [""hurdles""]]",fuente1
1168,"Pole Vault, Boys (Olympic (non-medal))",,,,adult,medal,,,,,,,,NO,NO,boys | pole | vault,0,"["""", """", """", ""adult"", ""medal"", [], [], [], [], [""boys"", ""pole"", ""vault""]]",
1169,"Pole Vault, Men (Olympic (non-medal))",athletics,athletics,men,adult,medal,,,,,,,,NO,NO,pole | vault,0,"[""athletics"", ""athletics"", ""men"", ""adult"", ""medal"", [], [], [], [], [""pole"", ""vault""]]",fuente1
1170,"880 yards, Boys (Olympic (non-medal))",,,,adult,medal,,,880:yd,,,,,NO,NO,boys,0,"["""", """", """", ""adult"", ""medal"", [], [""880:yd""], [], [], [""boys""]]",
1171,"Heavyweight, Greco-Roman, Men (Intercalated)",athletics,athletics,men,adult,medal,heavyweight,,,,,,,NO,NO,greco | intercalated | roman,0,"[""athletics"", ""athletics"", ""men"", ""adult"", ""medal"", [""heavyweight""], [], [], [], [""greco"", ""intercalated"", ""roman""]]",fuente1
1172,"Middleweight, Greco-Roman, Men (Intercalated)",,,,adult,medal,middleweight,,,,,,,NO,NO,greco | intercalated | roman,0,"["""", """", """", ""adult"", ""medal"", [""middleweight""], [], [], [], [""greco"", ""intercalated"", ""roman""]]",
1173,"3,000 metres Race Walk, Men (Intercalated)",athletics,athletics,men,adult,medal,,,3000:m,,,,,NO,NO,intercalated | race | walk,0,"[""athletics"", ""athletics"", ""men"", ""adult"", ""medal"", [], [""3000:m""], [], [], [""intercalated"", ""race"", ""walk""]]",fuente1
1174,"Unlimited, One Hand, Men (Intercalated)",athletics,athletics,men,adult,medal,,,,,,,,NO,NO,hand | intercalated | one | unlimited,0,"[""athletics"", ""athletics"", ""men"", ""adult"", ""medal"", [], [], [], [], [""hand"", ""intercalated"", ""one"", ""unlimited""]]",fuente1
1175,"Sculpturing, Open (Olympic)",,,,adult,medal,open,,,,,,,NO,NO,sculpturing,0,"["""", """", """", ""adult"", ""medal"", [""open""], [], [], [], [""sculpturing""]]",
1176,"Military Rifle, Kneeling Or Standing, 300 metres, Men (Intercalated)",,,,adult,medal,,,300:m,,,,,NO,NO,intercalated | kneeling | military | or | rifle | standing,0,"["""", """", """", ""adult"", ""medal"", [], [""300:m""], [], [], [""intercalated"", ""kneeling"", ""military"", ""or"", ""rifle"", ""standing""]]",
1177,"100 metres Freestyle, Men (Intercalated)",gymnastics,artistic gymnastics,men,adult,medal,freestyle,,100:m,,,,,NO,NO,intercalated,0,"[""gymnastics"", ""artistic gymnastics"", ""men"", ""adult"", ""medal"", [""freestyle""], [""100:m""], [], [], [""intercalated""]]",fuente1
1178,"400 metres Freestyle, Men (Intercalated)",,,,adult,medal,freestyle,,400:m,,,,,NO,NO,intercalated,0,"["""", """", """", ""adult"", ""medal"", [""freestyle""], [""400:m""], [], [], [""intercalated""]]",
1179,"1 mile Freestyle, Men (Intercalated)",,,,adult,medal,freestyle,,1:mile,,,,,NO,NO,intercalated,0,"["""", """", """", ""adult"", ""medal"", [""freestyle""], [""1:mile""], [], [], [""intercalated""]]",
1180,"Heavyweight, Greco-Roman, Men (Intercalated)",tug of war,tug of war,men,adult,medal,heavyweight,,,,,,,NO,NO,greco | intercalated | roman,0,"[""tug of war"", ""tug of war"", ""men"", ""adult"", ""medal"", [""heavyweight""], [], [], [], [""greco"", ""intercalated"", ""roman""]]",fuente1
1181,"Middleweight, Greco-Roman, Men (Intercalated)",,,,adult,medal,middleweight,,,,,,,NO,NO,greco | intercalated | roman,0,"["""", """", """", ""adult"", ""medal"", [""middleweight""], [], [], [], [""greco"", ""intercalated"", ""roman""]]",
1182,"Unlimited, One Hand, Men (Intercalated)",,,,adult,medal,,,,,,,,NO,NO,hand | intercalated | one | unlimited,0,"["""", """", """", ""adult"", ""medal"", [], [], [], [], [""hand"", ""intercalated"", ""one"", ""unlimited""]]",
1183,"Unlimited, Two Hands, Men (Intercalated)",tug of war,tug of war,men,adult,medal,,,,,,,,NO,NO,hands | intercalated | two | unlimited,0,"[""tug of war"", ""tug of war"", ""men"", ""adult"", ""medal"", [], [], [], [], [""hands"", ""intercalated"", ""two"", ""unlimited""]]",fuente1
1184,Cycling Track (Cycling),,,,adult,medal,,,,,,,,NO,NO,cycling | cycling | track,0,"["""", """", """", ""adult"", ""medal"", [], [], [], [], [""cycling"", ""cycling"", ""track""]]",
1185,"Sprint, Men (Intercalated)",,,,adult,medal,sprint,,,,,,,NO,NO,intercalated,0,"["""", """", """", ""adult"", ""medal"", [""sprint""], [], [], [], [""intercalated""]]",
1186,"20 kilometres, Men (Intercalated)",,,,adult,medal,,,20:km,,,,,NO,NO,intercalated,0,"["""", """", """", ""adult"", ""medal"", [], [""20:km""], [], [], [""intercalated""]]",
1187,"Singles, Women (Intercalated)",,,,adult,medal,singles,,,,,,,NO,NO,intercalated,0,"["""", """", """", ""adult"", ""medal"", [""singles""], [], [], [], [""intercalated""]]",
1188,Tennis,,,,adult,medal,,,,,,,,NO,NO,tennis,0,"["""", """", """", ""adult"", ""medal"", [], [], [], [], [""tennis""]]",
1189,"Singles, Men (Intercalated)",,,,adult,medal,singles,,,,,,,NO,NO,intercalated,0,"["""", """", """", ""adult"", ""medal"", [""singles""], [], [], [], [""intercalated""]]",
1190,"Doubles, Men (Intercalated)",,,,adult,medal,doubles,,,,,,,NO,NO,intercalated,0,"["""", """", """", ""adult"", ""medal"", [""doubles""], [], [], [], [""intercalated""]]",
1191,"26th Federal Festival, Society and Association Contests, Non-Simultaneous, Olympic Championships, Individual, Men (Olympic (non-medal))",,,,adult,medal,individual,individual,,,,,individual,NO,NO,26th | and | association | championships | contests | federal | festival | simultaneous | society,0,"["""", """", """", ""adult"", ""medal"", [""individual""], [], [], [], [""26th"", ""and"", ""association"", ""championships"", ""contests"", ""federal"", ""festival"", ""simultaneous"", ""society""]]",
1192,"Discus Throw, Men (Intercalated)",tug of war,tug of war,men,adult,medal,,,,,,,,NO,NO,discus | intercalated | throw,0,"[""tug of war"", ""tug of war"", ""men"", ""adult"", ""medal"", [], [], [], [], [""discus"", ""intercalated"", ""throw""]]",fuente1
1193,"Discus Throw, Greek Style, Men (Intercalated)",tug of war,tug of war,men,adult,medal,,,,,,,,NO,NO,discus | greek | intercalated | style | throw,0,"[""tug of war"", ""tug of war"", ""men"", ""adult"", ""medal"", [], [], [], [], [""discus"", ""greek"", ""intercalated"", ""style"", ""throw""]]",fuente1
1194,Wrestling,,,,adult,medal,,,,,,,,NO,NO,wrestling,0,"["""", """", """", ""adult"", ""medal"", [], [], [], [], [""wrestling""]]",
1195,"Lightweight, Greco-Roman, Men (Intercalated)",,,,adult,medal,lightweight,,,,,,,NO,NO,greco | intercalated | roman,0,"["""", """", """", ""adult"", ""medal"", [""lightweight""], [], [], [], [""greco"", ""intercalated"", ""roman""]]",
1196,"6-Man Naval Rowing Boats, Men (Intercalated)",,,,adult,medal,,,,,,,,NO,NO,6 | boats | intercalated | man | naval | rowing,0,"["""", """", """", ""adult"", ""medal"", [], [], [], [], [""6"", ""boats"", ""intercalated"", ""man"", ""naval"", ""rowing""]]",
1197,"100 metres, Men (Intercalated)",gymnastics,artistic gymnastics,men,adult,medal,,,100:m,,,,,NO,NO,intercalated,0,"[""gymnastics"", ""artistic gymnastics"", ""men"", ""adult"", ""medal"", [], [""100:m""], [], [], [""intercalated""]]",fuente1
1198,Cycling Track (Cycling),,,,adult,medal,,,,,,,,NO,NO,cycling | cycling | track,0,"["""", """", """", ""adult"", ""medal"", [], [], [], [], [""cycling"", ""cycling"", ""track""]]",
1199,"Tandem Sprint, 2,000 metres, Men (Intercalated)",,,,adult,medal,sprint | tandem,,2000:m,,,,tandem,NO,NO,intercalated,0,"["""", """", """", ""adult"", ""medal"", [""sprint"", ""tandem""], [""2000:m""], [], [], [""intercalated""]]",
1200,"Coxed Fours, Men (Intercalated)",,,,adult,medal,coxed,,,,,coxed,,NO,NO,fours | intercalated,0,"["""", """", """", ""adult"", ""medal"", [""coxed""], [], [], [""coxed""], [""fours"", ""intercalated""]]",
1201,Rowing,,,,adult,medal,,,,,,,,NO,NO,rowing,0,"["""", """", """", ""adult"", ""medal"", [], [], [], [], [""rowing""]]",
1202,"6-Man Naval Rowing Boats, Men (Intercalated)",,,,adult,medal,,,,,,,,NO,NO,6 | boats | intercalated | man | naval | rowing,0,"["""", """", """", ""adult"", ""medal"", [], [], [], [], [""6"", ""boats"", ""intercalated"", ""man"", ""naval"", ""rowing""]]",
1203,"100 metres, Men (Intercalated)",,,,adult,medal,,,100:m,,,,,NO,NO,intercalated,0,"["""", """", """", ""adult"", ""medal"", [], [""100:m""], [], [], [""intercalated""]]",
1204,Rowing,,,,adult,medal,,,,,,,,NO,NO,rowing,0,"["""", """", """", ""adult"", ""medal"", [], [], [], [], [""rowing""]]",
1205,"Coxed Fours, Men (Intercalated)",,,,adult,medal,coxed,,,,,coxed,,NO,NO,fours | intercalated,0,"["""", """", """", ""adult"", ""medal"", [""coxed""], [], [], [""coxed""], [""fours"", ""intercalated""]]",
1206,Shooting,,,,adult,medal,,,,,,,,NO,NO,shooting,0,"["""", """", """", ""adult"", ""medal"", [], [], [], [], [""shooting""]]",
1207,"Free Pistol, 25 metres, Men (Intercalated)",,,,adult,medal,,,25:m,,,,,NO,NO,free | intercalated | pistol,0,"["""", """", """", ""adult"", ""medal"", [], [""25:m""], [], [], [""free"", ""intercalated"", ""pistol""]]",
1208,"Free Pistol, 50 metres, Men (Intercalated)",,,,adult,medal,,,50:m,,,,,NO,NO,free | intercalated | pistol,0,"["""", """", """", ""adult"", ""medal"", [], [""50:m""], [], [], [""free"", ""intercalated"", ""pistol""]]",
1209,"Military Revolver, 1873-1874 Gras Model, 20 metres, Men (Intercalated)",rowing,rowing,men,adult,medal,,,20:m,,,,,NO,NO,1873 | 1874 | gras | intercalated | military | model | revolver,0,"[""rowing"", ""rowing"", ""men"", ""adult"", ""medal"", [], [""20:m""], [], [], [""1873"", ""1874"", ""gras"", ""intercalated"", ""military"", ""model"", ""revolver""]]",fuente1
1210,"Military Revolver, 20 metres, Men (Intercalated)",rowing,rowing,men,adult,medal,,,20:m,,,,,NO,NO,intercalated | military | revolver,0,"[""rowing"", ""rowing"", ""men"", ""adult"", ""medal"", [], [""20:m""], [], [], [""intercalated"", ""military"", ""revolver""]]",fuente1
1211,"High Jump, Men (Intercalated)",,,,adult,medal,,,,,,,,NO,NO,high | intercalated | jump,0,"["""", """", """", ""adult"", ""medal"", [], [], [], [], [""high"", ""intercalated"", ""jump""]]",
1212,"Two-Man Teams With Cesta, Men (Olympic)",,,,adult,medal,,,,,,,,NO,NO,cesta | man | teams | two | with,0,"["""", """", """", ""adult"", ""medal"", [], [], [], [], [""cesta"", ""man"", ""teams"", ""two"", ""with""]]",
1213,"Festival for Societies of the Seine, Olympic Competition, Individual, Men (Olympic (non-medal))",,,,adult,medal,individual,individual,,,,,individual,NO,NO,festival | for | of | seine | societies | the,0,"["""", """", """", ""adult"", ""medal"", [""individual""], [], [], [], [""festival"", ""for"", ""of"", ""seine"", ""societies"", ""the""]]",
1214,"Coxed Fours, Men (Intercalated)",,,,adult,medal,coxed,,,,,coxed,,NO,NO,fours | intercalated,0,"["""", """", """", ""adult"", ""medal"", [""coxed""], [], [], [""coxed""], [""fours"", ""intercalated""]]",
1215,Fencing,,,,adult,medal,,,,,,,,NO,NO,fencing,0,"["""", """", """", ""adult"", ""medal"", [], [], [], [], [""fencing""]]",
1216,"Foil, Individual, Men (Olympic)",,,,adult,medal,individual,individual,,,,,individual,NO,NO,foil,0,"["""", """", """", ""adult"", ""medal"", [""individual""], [], [], [], [""foil""]]",
1217,"Singles, Women (Olympic)",,,,adult,medal,singles,,,,,,,NO,NO,,0,"["""", """", """", ""adult"", ""medal"", [""singles""], [], [], [], []]",
1218,"Slalom, Women (Olympic)",skiing,alpine skiing,women,adult,medal,,,,,,,,NO,NO,slalom,0,"[""skiing"", ""alpine skiing"", ""women"", ""adult"", ""medal"", [], [], [], [], [""slalom""]]",fuente1
1219,"5 kilometres, Women (Olympic)",skiing,cross country skiing,women,adult,medal,,,5:km,,,,,NO,NO,,0,"[""skiing"", ""cross country skiing"", ""women"", ""adult"", ""medal"", [], [""5:km""], [], [], []]",fuente1
1220,"10 kilometres, Women (Olympic)",skiing,cross country skiing,women,adult,medal,,,10:km,,,,,NO,NO,,0,"[""skiing"", ""cross country skiing"", ""women"", ""adult"", ""medal"", [], [""10:km""], [], [], []]",fuente1
1221,"20 kilometres, Women (Olympic)",,,,adult,medal,,,20:km,,,,,NO,NO,,0,"["""", """", """", ""adult"", ""medal"", [], [""20:km""], [], [], []]",
1222,"Singles, Women (Olympic)",,,,adult,medal,singles,,,,,,,NO,NO,,0,"["""", """", """", ""adult"", ""medal"", [""singles""], [], [], [], []]",
1223,"3 × 5 kilometres Relay, Women (Olympic)",skiing,cross country skiing,women,adult,medal,relay,,5:km,,,,relay,NO,NO,3 | x,0,"[""skiing"", ""cross country skiing"", ""women"", ""adult"", ""medal"", [""relay""], [""5:km""], [], [], [""3"", ""x""]]",fuente1
1224,"7.5 kilometres Sprint, Women (Olympic)",biathlon,biathlon,women,adult,medal,sprint,,7.5:km,,,,,NO,NO,,0,"[""biathlon"", ""biathlon"", ""women"", ""adult"", ""medal"", [""sprint""], [""7.5:km""], [], [], []]",fuente1
1225,"15 kilometres, Women (Olympic)",,,,adult,medal,,,15:km,,,,,NO,NO,,0,"["""", """", """", ""adult"", ""medal"", [], [""15:km""], [], [], []]",
1226,"3 × 7.5 kilometres Relay, Women (Olympic)",biathlon,biathlon,women,adult,medal,relay,,7.5:km,,,,relay,NO,NO,3 | x,0,"[""biathlon"", ""biathlon"", ""women"", ""adult"", ""medal"", [""relay""], [""7.5:km""], [], [], [""3"", ""x""]]",fuente1
1227,"4 × 7.5 kilometres Relay, Women (Olympic)",biathlon,biathlon,women,adult,medal,relay,,7.5:km,,,,relay,NO,NO,4 | x,0,"[""biathlon"", ""biathlon"", ""women"", ""adult"", ""medal"", [""relay""], [""7.5:km""], [], [], [""4"", ""x""]]",fuente1
1228,"1,500 metres, Women (Olympic)",skating,speed skating,women,adult,medal,,,1500:m,,,,,NO,NO,,0,"[""skating"", ""speed skating"", ""women"", ""adult"", ""medal"", [], [""1500:m""], [], [], []]",fuente1
1229,"Downhill, Women (Olympic)",,,,adult,medal,,,,,,,,NO,NO,downhill,0,"["""", """", """", ""adult"", ""medal"", [], [], [], [], [""downhill""]]",
1230,"Giant Slalom, Women (Olympic)",skiing,alpine skiing,women,adult,medal,,,,,,,,NO,NO,giant | slalom,0,"[""skiing"", ""alpine skiing"", ""women"", ""adult"", ""medal"", [], [], [], [], [""giant"", ""slalom""]]",fuente1
1231,"30 kilometres, Women (Olympic)",,,,adult,medal,,,30:km,,,,,NO,NO,,0,"["""", """", """", ""adult"", ""medal"", [], [""30:km""], [], [], []]",
1232,"5/10 kilometres Pursuit, Women (Olympic)",skiing,cross country skiing,women,adult,medal,pursuit,,5/10:km,5/10:km,,,,NO,NO,,0,"[""skiing"", ""cross country skiing"", ""women"", ""adult"", ""medal"", [""pursuit""], [""5/10:km""], [], [], []]",fuente1
1233,"4 × 5 kilometres Relay, Women (Olympic)",skiing,cross country skiing,women,adult,medal,relay,,5:km,,,,relay,NO,NO,4 | x,0,"[""skiing"", ""cross country skiing"", ""women"", ""adult"", ""medal"", [""relay""], [""5:km""], [], [], [""4"", ""x""]]",fuente1
1234,"15 kilometres, Women (Olympic)",skiing,cross country skiing,women,adult,medal,,,15:km,,,,,NO,NO,,0,"[""skiing"", ""cross country skiing"", ""women"", ""adult"", ""medal"", [], [""15:km""], [], [], []]",fuente1
1235,"5/5 kilometres Pursuit, Women (Olympic)",skiing,cross country skiing,women,adult,medal,pursuit,,5/5:km,5/5:km,,,,NO,NO,,0,"[""skiing"", ""cross country skiing"", ""women"", ""adult"", ""medal"", [""pursuit""], [""5/5:km""], [], [], []]",fuente1
1236,"1,000 metres, Women (Olympic)",,,,adult,medal,,,1000:m,,,,,NO,NO,,0,"["""", """", """", ""adult"", ""medal"", [], [""1000:m""], [], [], []]",
1237,"3,000 metres Relay, Women (Olympic)",skating,short track speed skating,women,adult,medal,relay,,3000:m,,,,relay,NO,NO,,0,"[""skating"", ""short track speed skating"", ""women"", ""adult"", ""medal"", [""relay""], [""3000:m""], [], [], []]",fuente1
1238,"10 kilometres Pursuit, Women (Olympic)",biathlon,biathlon,women,adult,medal,pursuit,,10:km,,,,,NO,NO,,0,"[""biathlon"", ""biathlon"", ""women"", ""adult"", ""medal"", [""pursuit""], [""10:km""], [], [], []]",fuente1
1239,"4 × 6 kilometres Relay, Women (Olympic)",,,,adult,medal,relay,,6:km,,,,relay,NO,NO,4 | x,0,"["""", """", """", ""adult"", ""medal"", [""relay""], [""6:km""], [], [], [""4"", ""x""]]",
1240,"Ice Dancing, Mixed (Olympic)",skating,figure skating,mixed,adult,medal,mixed,,,,,,,NO,NO,dancing | ice,0,"[""skating"", ""figure skating"", ""mixed"", ""adult"", ""medal"", [""mixed""], [], [], [], [""dancing"", ""ice""]]",fuente1
1241,"500 metres, Women (Olympic)",skating,speed skating,women,adult,medal,,,500:m,,,,,NO,NO,,0,"[""skating"", ""speed skating"", ""women"", ""adult"", ""medal"", [], [""500:m""], [], [], []]",fuente1
1242,"Super G, Women (Olympic)",,,,adult,medal,,,,,,,,NO,NO,g | super,0,"["""", """", """", ""adult"", ""medal"", [], [], [], [], [""g"", ""super""]]",
1243,"Combined, Women (Olympic)",,,,adult,medal,combined,,,,,,,NO,NO,,0,"["""", """", """", ""adult"", ""medal"", [""combined""], [], [], [], []]",
1244,"5,000 metres, Men (Olympic)",,,,adult,medal,,,5000:m,,,,,NO,NO,,0,"["""", """", """", ""adult"", ""medal"", [], [""5000:m""], [], [], []]",
1245,"500 metres, Women (Olympic)",skating,short track speed skating,women,adult,medal,,,500:m,,,,,NO,NO,,0,"[""skating"", ""short track speed skating"", ""women"", ""adult"", ""medal"", [], [""500:m""], [], [], []]",fuente1
1246,"500 metres, Women (Olympic (non-medal))",skating,short track speed skating,women,adult,medal,,,500:m,,,,,NO,NO,,0,"[""skating"", ""short track speed skating"", ""women"", ""adult"", ""medal"", [], [""500:m""], [], [], []]",fuente1
1247,"1,000 metres, Women (Olympic (non-medal))",skating,short track speed skating,women,adult,medal,,,1000:m,,,,,NO,NO,,0,"[""skating"", ""short track speed skating"", ""women"", ""adult"", ""medal"", [], [""1000:m""], [], [], []]",fuente1
1248,"1,500 metres, Women (Olympic (non-medal))",skating,short track speed skating,women,adult,medal,,,1500:m,,,,,NO,NO,,0,"[""skating"", ""short track speed skating"", ""women"", ""adult"", ""medal"", [], [""1500:m""], [], [], []]",fuente1
1249,"3,000 m, Women (Olympic (non-medal))",,,,adult,medal,,,3000:m,,,,,NO,NO,,0,"["""", """", """", ""adult"", ""medal"", [], [""3000:m""], [], [], []]",
1250,"1,000 metres, Women (Olympic)",skating,short track speed skating,women,adult,medal,,,1000:m,,,,,NO,NO,,0,"[""skating"", ""short track speed skating"", ""women"", ""adult"", ""medal"", [], [""1000:m""], [], [], []]",fuente1
1251,"Moguls, Women (Olympic)",skiing,freestyle skiing,women,adult,medal,,,,,,,,NO,NO,moguls,0,"[""skiing"", ""freestyle skiing"", ""women"", ""adult"", ""medal"", [], [], [], [], [""moguls""]]",fuente1
1252,Cross Country Skiing (Skiing),,,,adult,medal,,,,,,,,NO,NO,country | cross | skiing | skiing,0,"["""", """", """", ""adult"", ""medal"", [], [], [], [], [""country"", ""cross"", ""skiing"", ""skiing""]]",
1253,"5 kilometres, Women (Olympic)",biathlon,biathlon,women,adult,medal,,,5:km,,,,,NO,NO,,0,"[""biathlon"", ""biathlon"", ""women"", ""adult"", ""medal"", [], [""5:km""], [], [], []]",fuente1
1254,"5/10 kilometres Pursuit, Women (Olympic)",biathlon,biathlon,women,adult,medal,pursuit,,5/10:km,5/10:km,,,,NO,NO,,0,"[""biathlon"", ""biathlon"", ""women"", ""adult"", ""medal"", [""pursuit""], [""5/10:km""], [], [], []]",fuente1
1255,"Aerials, Women (Olympic (non-medal))",skiing,freestyle skiing,women,adult,medal,,,,,,,,NO,NO,aerials,0,"[""skiing"", ""freestyle skiing"", ""women"", ""adult"", ""medal"", [], [], [], [], [""aerials""]]",fuente1
1256,"Aerials, Women (Olympic)",skiing,freestyle skiing,women,adult,medal,,,,,,,,NO,NO,aerials,0,"[""skiing"", ""freestyle skiing"", ""women"", ""adult"", ""medal"", [], [], [], [], [""aerials""]]",fuente1
1257,"3,000 metres Relay, Women (Olympic (non-medal))",skating,short track speed skating,women,adult,medal,relay,,3000:m,,,,relay,NO,NO,,0,"[""skating"", ""short track speed skating"", ""women"", ""adult"", ""medal"", [""relay""], [""3000:m""], [], [], []]",fuente1
1258,"Ballet, Women (Olympic (non-medal))",,,,adult,medal,,,,,,,,NO,NO,ballet,0,"["""", """", """", ""adult"", ""medal"", [], [], [], [], [""ballet""]]",
1259,"12.5 kilometres Mass Start, Women (Olympic)",biathlon,biathlon,women,adult,medal,,,12.5:km,,,,,NO,NO,mass | start,0,"[""biathlon"", ""biathlon"", ""women"", ""adult"", ""medal"", [], [""12.5:km""], [], [], [""mass"", ""start""]]",fuente1
1260,"Individual, Women (Olympic (non-medal))",,,,adult,medal,individual,individual,,,,,individual,NO,NO,,0,"["""", """", """", ""adult"", ""medal"", [""individual""], [], [], [], []]",
1261,"Sprint, Women (Olympic)",skiing,cross country skiing,women,adult,medal,sprint,,,,,,,NO,NO,,0,"[""skiing"", ""cross country skiing"", ""women"", ""adult"", ""medal"", [""sprint""], [], [], [], []]",fuente1
1262,"Sprint, Women (Olympic)",biathlon,biathlon,women,adult,medal,sprint,,,,,,,NO,NO,,0,"[""biathlon"", ""biathlon"", ""women"", ""adult"", ""medal"", [""sprint""], [], [], [], []]",fuente1
1263,"Ski Cross, Women (Olympic)",,,,adult,medal,,,,,,,,NO,NO,cross | ski,0,"["""", """", """", ""adult"", ""medal"", [], [], [], [], [""cross"", ""ski""]]",
1264,"30 kilometres, Women (Olympic)",,,,adult,medal,,,30:km,,,,,NO,NO,,0,"["""", """", """", ""adult"", ""medal"", [], [""30:km""], [], [], []]",
1265,"Moguls, Women (Olympic (non-medal))",skiing,freestyle skiing,women,adult,medal,,,,,,,,NO,NO,moguls,0,"[""skiing"", ""freestyle skiing"", ""women"", ""adult"", ""medal"", [], [], [], [], [""moguls""]]",fuente1
1266,"15 kilometres Skiathlon, Women (Olympic)",skiing,cross country skiing,women,adult,medal,,,15:km,,,,,NO,NO,skiathlon,0,"[""skiing"", ""cross country skiing"", ""women"", ""adult"", ""medal"", [], [""15:km""], [], [], [""skiathlon""]]",fuente1
1267,"Ice Dancing, Mixed (Olympic (non-medal))",skating,figure skating,mixed,adult,medal,mixed,,,,,,,NO,NO,dancing | ice,0,"[""skating"", ""figure skating"", ""mixed"", ""adult"", ""medal"", [""mixed""], [], [], [], [""dancing"", ""ice""]]",fuente1
1268,"Team Sprint, Women (Olympic)",skiing,cross country skiing,women,adult,medal,sprint | team,team,,,,,team,NO,NO,,0,"[""skiing"", ""cross country skiing"", ""women"", ""adult"", ""medal"", [""sprint"", ""team""], [], [], [], []]",fuente1
1269,"Mass Start, Women (Olympic)",,,,adult,medal,,,,,,,,NO,NO,mass | start,0,"["""", """", """", ""adult"", ""medal"", [], [], [], [], [""mass"", ""start""]]",
1270,"1,500 metres, Women (Olympic)",skating,short track speed skating,women,adult,medal,,,1500:m,,,,,NO,NO,,0,"[""skating"", ""short track speed skating"", ""women"", ""adult"", ""medal"", [], [""1500:m""], [], [], []]",fuente1
1271,"4 × 5 kilometres Relay, Women (Olympic)",biathlon,biathlon,women,adult,medal,relay,,5:km,,,,relay,NO,NO,4 | x,0,"[""biathlon"", ""biathlon"", ""women"", ""adult"", ""medal"", [""relay""], [""5:km""], [], [], [""4"", ""x""]]",fuente1
1272,"Singles, Men (Olympic)",,,,adult,medal,singles,,,,,,,NO,NO,,0,"["""", """", """", ""adult"", ""medal"", [""singles""], [], [], [], []]",
1273,"Team, Men (Olympic)",skiing,nordic combined,men,adult,medal,team,team,,,,,team,NO,NO,,0,"[""skiing"", ""nordic combined"", ""men"", ""adult"", ""medal"", [""team""], [], [], [], []]",fuente1
1274,"10 kilometres Sprint, Men (Olympic)",biathlon,biathlon,men,adult,medal,sprint,,10:km,,,,,NO,NO,,0,"[""biathlon"", ""biathlon"", ""men"", ""adult"", ""medal"", [""sprint""], [""10:km""], [], [], []]",fuente1
1275,"4 × 7.5 kilometres Relay, Men (Olympic)",,,,adult,medal,relay,,7.5:km,,,,relay,NO,NO,4 | x,0,"["""", """", """", ""adult"", ""medal"", [""relay""], [""7.5:km""], [], [], [""4"", ""x""]]",
1276,"Giant Slalom, Men (Olympic)",skiing,alpine skiing,men,adult,medal,,,,,,,,NO,NO,giant | slalom,0,"[""skiing"", ""alpine skiing"", ""men"", ""adult"", ""medal"", [], [], [], [], [""giant"", ""slalom""]]",fuente1
1277,"Slalom, Men (Olympic)",skiing,alpine skiing,men,adult,medal,,,,,,,,NO,NO,slalom,0,"[""skiing"", ""alpine skiing"", ""men"", ""adult"", ""medal"", [], [], [], [], [""slalom""]]",fuente1
1278,"500 metres, Men (Olympic)",skating,speed skating,men,adult,medal,,,500:m,,,,,NO,NO,,0,"[""skating"", ""speed skating"", ""men"", ""adult"", ""medal"", [], [""500:m""], [], [], []]",fuente1
1279,"1,000 metres, Men (Olympic)",,,,adult,medal,,,1000:m,,,,,NO,NO,,0,"["""", """", """", ""adult"", ""medal"", [], [""1000:m""], [], [], []]",
1280,"Downhill, Men (Olympic)",,,,adult,medal,,,,,,,,NO,NO,downhill,0,"["""", """", """", ""adult"", ""medal"", [], [], [], [], [""downhill""]]",
1281,"Super G, Men (Olympic)",,,,adult,medal,,,,,,,,NO,NO,g | super,0,"["""", """", """", ""adult"", ""medal"", [], [], [], [], [""g"", ""super""]]",
1282,"Large Hill, Individual, Men (Olympic)",skiing,ski jumping,men,adult,medal,individual,individual,,,,,individual,NO,NO,hill | large,0,"[""skiing"", ""ski jumping"", ""men"", ""adult"", ""medal"", [""individual""], [], [], [], [""hill"", ""large""]]",fuente1
1283,"1,500 metres, Men (Olympic)",skating,speed skating,men,adult,medal,,,1500:m,,,,,NO,NO,,0,"[""skating"", ""speed skating"", ""men"", ""adult"", ""medal"", [], [""1500:m""], [], [], []]",fuente1
1284,"Normal Hill, Individual, Men (Olympic)",skiing,ski jumping,men,adult,medal,individual,individual,,,,,individual,NO,NO,hill | normal,0,"[""skiing"", ""ski jumping"", ""men"", ""adult"", ""medal"", [""individual""], [], [], [], [""hill"", ""normal""]]",fuente1
1285,"Large Hill, Team, Men (Olympic)",,,,adult,medal,team,team,,,,,team,NO,NO,hill | large,0,"["""", """", """", ""adult"", ""medal"", [""team""], [], [], [], [""hill"", ""large""]]",
1286,"500 metres, Men (Olympic (non-medal))",skating,short track speed skating,men,adult,medal,,,500:m,,,,,NO,NO,,0,"[""skating"", ""short track speed skating"", ""men"", ""adult"", ""medal"", [], [""500:m""], [], [], []]",fuente1
1287,"1,000 metres, Men (Olympic (non-medal))",skating,short track speed skating,men,adult,medal,,,1000:m,,,,,NO,NO,,0,"[""skating"", ""short track speed skating"", ""men"", ""adult"", ""medal"", [], [""1000:m""], [], [], []]",fuente1
1288,"1,500 metres, Men (Olympic (non-medal))",skating,short track speed skating,men,adult,medal,,,1500:m,,,,,NO,NO,,0,"[""skating"", ""short track speed skating"", ""men"", ""adult"", ""medal"", [], [""1500:m""], [], [], []]",fuente1
1289,"5,000 metres Relay, Men (Olympic (non-medal))",skating,short track speed skating,men,adult,medal,relay,,5000:m,,,,relay,NO,NO,,0,"[""skating"", ""short track speed skating"", ""men"", ""adult"", ""medal"", [""relay""], [""5000:m""], [], [], []]",fuente1
1290,"3,000 m, Men (Olympic (non-medal))",,,,adult,medal,,,3000:m,,,,,NO,NO,,0,"["""", """", """", ""adult"", ""medal"", [], [""3000:m""], [], [], []]",
1291,"5,000 metres Relay, Men (Olympic)",skating,short track speed skating,men,adult,medal,relay,,5000:m,,,,relay,NO,NO,,0,"[""skating"", ""short track speed skating"", ""men"", ""adult"", ""medal"", [""relay""], [""5000:m""], [], [], []]",fuente1
1292,"10 kilometres, Men (Olympic)",skiing,cross country skiing,men,adult,medal,,,10:km,,,,,NO,NO,,0,"[""skiing"", ""cross country skiing"", ""men"", ""adult"", ""medal"", [], [""10:km""], [], [], []]",fuente1
1293,"10/15 kilometres Pursuit, Men (Olympic)",skiing,cross country skiing,men,adult,medal,pursuit,,10/15:km,10/15:km,,,,NO,NO,,0,"[""skiing"", ""cross country skiing"", ""men"", ""adult"", ""medal"", [""pursuit""], [""10/15:km""], [], [], []]",fuente1
1294,Curling,,,,adult,medal,,,,,,,,NO,NO,curling,0,"["""", """", """", ""adult"", ""medal"", [], [], [], [], [""curling""]]",
1295,"Curling, Men (Olympic)",,,,adult,medal,,,,,,,,NO,NO,curling,0,"["""", """", """", ""adult"", ""medal"", [], [], [], [], [""curling""]]",
1296,"Moguls, Men (Olympic)",skiing,freestyle skiing,men,adult,medal,,,,,,,,NO,NO,moguls,0,"[""skiing"", ""freestyle skiing"", ""men"", ""adult"", ""medal"", [], [], [], [], [""moguls""]]",fuente1
1297,"Doubles, Open (Olympic)",,,,adult,medal,doubles | open,,,,,,,NO,NO,,0,"["""", """", """", ""adult"", ""medal"", [""doubles"", ""open""], [], [], [], []]",
1298,"10/10 kilometres Pursuit, Men (Olympic)",skiing,cross country skiing,men,adult,medal,pursuit,,10/10:km,10/10:km,,,,NO,NO,,0,"[""skiing"", ""cross country skiing"", ""men"", ""adult"", ""medal"", [""pursuit""], [""10/10:km""], [], [], []]",fuente1
1299,"Singles, Men (Olympic)",,,,adult,medal,singles,,,,,,,NO,NO,,0,"["""", """", """", ""adult"", ""medal"", [""singles""], [], [], [], []]",
1300,Luge,,,,adult,medal,,,,,,,,NO,NO,luge,0,"["""", """", """", ""adult"", ""medal"", [], [], [], [], [""luge""]]",
1301,"Singles, Men (Olympic)",,,,adult,medal,singles,,,,,,,NO,NO,,0,"["""", """", """", ""adult"", ""medal"", [""singles""], [], [], [], []]",
1302,"10 kilometres, Men (Olympic)",biathlon,biathlon,men,adult,medal,,,10:km,,,,,NO,NO,,0,"[""biathlon"", ""biathlon"", ""men"", ""adult"", ""medal"", [], [""10:km""], [], [], []]",fuente1
1303,"30 kilometres, Men (Olympic)",,,,adult,medal,,,30:km,,,,,NO,NO,,0,"["""", """", """", ""adult"", ""medal"", [], [""30:km""], [], [], []]",
1304,"10/15 kilometres Pursuit, Men (Olympic)",biathlon,biathlon,men,adult,medal,pursuit,,10/15:km,10/15:km,,,,NO,NO,,0,"[""biathlon"", ""biathlon"", ""men"", ""adult"", ""medal"", [""pursuit""], [""10/15:km""], [], [], []]",fuente1
1305,"4 × 10 kilometres Relay, Men (Olympic)",biathlon,biathlon,men,adult,medal,relay,,10:km,,,,relay,NO,NO,4 | x,0,"[""biathlon"", ""biathlon"", ""men"", ""adult"", ""medal"", [""relay""], [""10:km""], [], [], [""4"", ""x""]]",fuente1
1306,"10,000 metres, Men (Olympic)",,,,adult,medal,,,10000:m,,,,,NO,NO,,0,"["""", """", """", ""adult"", ""medal"", [], [""10000:m""], [], [], []]",
1307,"Allround, Men (Olympic)",,,,adult,medal,,,,,,,,NO,NO,allround,0,"["""", """", """", ""adult"", ""medal"", [], [], [], [], [""allround""]]",
1308,"Sprint, Men (Olympic)",skiing,cross country skiing,men,adult,medal,sprint,,,,,,,NO,NO,,0,"[""skiing"", ""cross country skiing"", ""men"", ""adult"", ""medal"", [""sprint""], [], [], [], []]",fuente1
1309,"30 kilometres Skiathlon, Men (Olympic)",skiing,cross country skiing,men,adult,medal,,,30:km,,,,,NO,NO,skiathlon,0,"[""skiing"", ""cross country skiing"", ""men"", ""adult"", ""medal"", [], [""30:km""], [], [], [""skiathlon""]]",fuente1
1310,"Team Sprint, Men (Olympic)",skiing,cross country skiing,men,adult,medal,sprint | team,team,,,,,team,NO,NO,,0,"[""skiing"", ""cross country skiing"", ""men"", ""adult"", ""medal"", [""sprint"", ""team""], [], [], [], []]",fuente1
1311,"15 kilometres, Men (Olympic)",biathlon,biathlon,men,adult,medal,,,15:km,,,,,NO,NO,,0,"[""biathlon"", ""biathlon"", ""men"", ""adult"", ""medal"", [], [""15:km""], [], [], []]",fuente1
1312,Military Ski Patrol (Skiing),,,,adult,medal,,,,,,,,NO,NO,military | patrol | ski | skiing,0,"["""", """", """", ""adult"", ""medal"", [], [], [], [], [""military"", ""patrol"", ""ski"", ""skiing""]]",
1313,"Military Ski Patrol, Men (Olympic)",skiing,cross country skiing,men,adult,medal,,,,,,,,NO,NO,military | patrol | ski,0,"[""skiing"", ""cross country skiing"", ""men"", ""adult"", ""medal"", [], [], [], [], [""military"", ""patrol"", ""ski""]]",fuente1
1314,"Aerials, Men (Olympic (non-medal))",skiing,freestyle skiing,men,adult,medal,,,,,,,,NO,NO,aerials,0,"[""skiing"", ""freestyle skiing"", ""men"", ""adult"", ""medal"", [], [], [], [], [""aerials""]]",fuente1
1315,"Aerials, Men (Olympic)",skiing,freestyle skiing,men,adult,medal,,,,,,,,NO,NO,aerials,0,"[""skiing"", ""freestyle skiing"", ""men"", ""adult"", ""medal"", [], [], [], [], [""aerials""]]",fuente1
1316,Ski Jumping (Skiing),,,,adult,medal,,,,,,,,NO,NO,jumping | ski | skiing,0,"["""", """", """", ""adult"", ""medal"", [], [], [], [], [""jumping"", ""ski"", ""skiing""]]",
1317,"Large Hill, Individual, Men (Olympic)",skiing,alpine skiing,men,adult,medal,individual,individual,,,,,individual,NO,NO,hill | large,0,"[""skiing"", ""alpine skiing"", ""men"", ""adult"", ""medal"", [""individual""], [], [], [], [""hill"", ""large""]]",fuente1
1318,"Ice Hockey Exhibition, Men (Olympic (non-medal))",,,,adult,medal,,,,,,,,NO,NO,exhibition | hockey | ice,0,"["""", """", """", ""adult"", ""medal"", [], [], [], [], [""exhibition"", ""hockey"", ""ice""]]",
1319,"18 kilometres, Men (Olympic)",,,,adult,medal,,,18:km,,,,,NO,NO,,0,"["""", """", """", ""adult"", ""medal"", [], [""18:km""], [], [], []]",
1320,Nordic Combined (Skiing),,,,adult,medal,combined,,,,,,,NO,NO,nordic | skiing,0,"["""", """", """", ""adult"", ""medal"", [""combined""], [], [], [], [""nordic"", ""skiing""]]",
1321,"Individual, Men (Olympic)",skiing,alpine skiing,men,adult,medal,individual,individual,,,,,individual,NO,NO,,0,"[""skiing"", ""alpine skiing"", ""men"", ""adult"", ""medal"", [""individual""], [], [], [], []]",fuente1
1322,Ski Jumping (Skiing),,,,adult,medal,,,,,,,,NO,NO,jumping | ski | skiing,0,"["""", """", """", ""adult"", ""medal"", [], [], [], [], [""jumping"", ""ski"", ""skiing""]]",
1323,"Large Hill, Individual, Men (Olympic)",skiing,nordic combined,men,adult,medal,individual,individual,,,,,individual,NO,NO,hill | large,0,"[""skiing"", ""nordic combined"", ""men"", ""adult"", ""medal"", [""individual""], [], [], [], [""hill"", ""large""]]",fuente1
1324,"500 metres, Men (Olympic)",skating,short track speed skating,men,adult,medal,,,500:m,,,,,NO,NO,,0,"[""skating"", ""short track speed skating"", ""men"", ""adult"", ""medal"", [], [""500:m""], [], [], []]",fuente1
1325,"1,000 metres, Men (Olympic)",skating,short track speed skating,men,adult,medal,,,1000:m,,,,,NO,NO,,0,"[""skating"", ""short track speed skating"", ""men"", ""adult"", ""medal"", [], [""1000:m""], [], [], []]",fuente1
1326,"Moguls, Men (Olympic (non-medal))",skiing,freestyle skiing,men,adult,medal,,,,,,,,NO,NO,moguls,0,"[""skiing"", ""freestyle skiing"", ""men"", ""adult"", ""medal"", [], [], [], [], [""moguls""]]",fuente1
1327,Skeleton (Bobsleigh),,,,adult,medal,,,,,,,,NO,NO,bobsleigh | skeleton,0,"["""", """", """", ""adult"", ""medal"", [], [], [], [], [""bobsleigh"", ""skeleton""]]",
1328,"Skeleton, Men (Olympic)",,,,adult,medal,,,,,,,,NO,NO,skeleton,0,"["""", """", """", ""adult"", ""medal"", [], [], [], [], [""skeleton""]]",
1329,Nordic Combined (Skiing),,,,adult,medal,combined,,,,,,,NO,NO,nordic | skiing,0,"["""", """", """", ""adult"", ""medal"", [""combined""], [], [], [], [""nordic"", ""skiing""]]",
1330,"Individual, Men (Olympic)",skiing,military ski patrol,men,adult,medal,individual,individual,,,,,individual,NO,NO,,0,"[""skiing"", ""military ski patrol"", ""men"", ""adult"", ""medal"", [""individual""], [], [], [], []]",fuente1
1331,Ski Jumping (Skiing),,,,adult,medal,,,,,,,,NO,NO,jumping | ski | skiing,0,"["""", """", """", ""adult"", ""medal"", [], [], [], [], [""jumping"", ""ski"", ""skiing""]]",
1332,"Large Hill, Individual, Men (Olympic)",skiing,military ski patrol,men,adult,medal,individual,individual,,,,,individual,NO,NO,hill | large,0,"[""skiing"", ""military ski patrol"", ""men"", ""adult"", ""medal"", [""individual""], [], [], [], [""hill"", ""large""]]",fuente1
1333,"12.5 kilometres Pursuit, Men (Olympic)",,,,adult,medal,pursuit,,12.5:km,,,,,NO,NO,,0,"["""", """", """", ""adult"", ""medal"", [""pursuit""], [""12.5:km""], [], [], []]",
1334,"15 kilometres Mass Start, Men (Olympic)",biathlon,biathlon,men,adult,medal,,,15:km,,,,,NO,NO,mass | start,0,"[""biathlon"", ""biathlon"", ""men"", ""adult"", ""medal"", [], [""15:km""], [], [], [""mass"", ""start""]]",fuente1
1335,"2 × 6 kilometres and 2 × 7.5 kilometres Relay, Mixed (Olympic)",biathlon,biathlon,mixed,adult,medal,mixed | relay,,6:km | 7.5:km,,,,relay,NO,NO,2 | 2 | and | x | x,0,"[""biathlon"", ""biathlon"", ""mixed"", ""adult"", ""medal"", [""mixed"", ""relay""], [""6:km"", ""7.5:km""], [], [], [""2"", ""2"", ""and"", ""x"", ""x""]]",fuente1
1336,Cross Country Skiing (Skiing),,,,adult,medal,,,,,,,,NO,NO,country | cross | skiing | skiing,0,"["""", """", """", ""adult"", ""medal"", [], [], [], [], [""country"", ""cross"", ""skiing"", ""skiing""]]",
1337,"18 kilometres, Men (Olympic)",,,,adult,medal,,,18:km,,,,,NO,NO,,0,"["""", """", """", ""adult"", ""medal"", [], [""18:km""], [], [], []]",
1338,"Team Pursuit (8 laps), Men (Olympic)",,,,adult,medal,pursuit | team,team,,,,,team,NO,NO,8 | laps,0,"["""", """", """", ""adult"", ""medal"", [""pursuit"", ""team""], [], [], [], [""8"", ""laps""]]",
1339,"1,500 metres, Men (Olympic)",skating,short track speed skating,men,adult,medal,,,1500:m,,,,,NO,NO,,0,"[""skating"", ""short track speed skating"", ""men"", ""adult"", ""medal"", [], [""1500:m""], [], [], []]",fuente1
1340,"Special Figures, Men (Olympic)",,,,adult,medal,,,,,,,,NO,NO,figures | special,0,"["""", """", """", ""adult"", ""medal"", [], [], [], [], [""figures"", ""special""]]",
1341,"Large Hill, Team, Men (Olympic)",skiing,nordic combined,men,adult,medal,team,team,,,,,team,NO,NO,hill | large,0,"[""skiing"", ""nordic combined"", ""men"", ""adult"", ""medal"", [""team""], [], [], [], [""hill"", ""large""]]",fuente1
1342,"50 kilometres, Men (Olympic)",,,,adult,medal,,,50:km,,,,,NO,NO,,0,"["""", """", """", ""adult"", ""medal"", [], [""50:km""], [], [], []]",
1343,Cross Country Skiing (Skiing),,,,adult,medal,,,,,,,,NO,NO,country | cross | skiing | skiing,0,"["""", """", """", ""adult"", ""medal"", [], [], [], [], [""country"", ""cross"", ""skiing"", ""skiing""]]",
1344,"50 kilometres, Men (Olympic)",,,,adult,medal,,,50:km,,,,,NO,NO,,0,"["""", """", """", ""adult"", ""medal"", [], [""50:km""], [], [], []]",
1345,Ski Jumping (Skiing),,,,adult,medal,,,,,,,,NO,NO,jumping | ski | skiing,0,"["""", """", """", ""adult"", ""medal"", [], [], [], [], [""jumping"", ""ski"", ""skiing""]]",
1346,"Large Hill, Individual, Men (Olympic)",,,,adult,medal,individual,individual,,,,,individual,NO,NO,hill | large,0,"["""", """", """", ""adult"", ""medal"", [""individual""], [], [], [], [""hill"", ""large""]]",
1347,Military Ski Patrol (Skiing),,,,adult,medal,,,,,,,,NO,NO,military | patrol | ski | skiing,0,"["""", """", """", ""adult"", ""medal"", [], [], [], [], [""military"", ""patrol"", ""ski"", ""skiing""]]",
1348,"Military Ski Patrol, Men (Olympic (non-medal))",,,,adult,medal,,,,,,,,NO,NO,military | patrol | ski,0,"["""", """", """", ""adult"", ""medal"", [], [], [], [], [""military"", ""patrol"", ""ski""]]",
1349,"Normal Hill, Individual, Men (Olympic)",skiing,nordic combined,men,adult,medal,individual,individual,,,,,individual,NO,NO,hill | normal,0,"[""skiing"", ""nordic combined"", ""men"", ""adult"", ""medal"", [""individual""], [], [], [], [""hill"", ""normal""]]",fuente1
1350,Speed Skating (Skating),,,,adult,medal,,,,,,,,NO,NO,skating | skating | speed,0,"["""", """", """", ""adult"", ""medal"", [], [], [], [], [""skating"", ""skating"", ""speed""]]",
1351,"500 metres, Men (Olympic)",ice hockey,ice hockey,men,adult,medal,,,500:m,,,,,NO,NO,,0,"[""ice hockey"", ""ice hockey"", ""men"", ""adult"", ""medal"", [], [""500:m""], [], [], []]",fuente1
1352,"1,500 metres, Men (Olympic)",ice hockey,ice hockey,men,adult,medal,,,1500:m,,,,,NO,NO,,0,"[""ice hockey"", ""ice hockey"", ""men"", ""adult"", ""medal"", [], [""1500:m""], [], [], []]",fuente1
1353,"5,000 metres, Men (Olympic)",,,,adult,medal,,,5000:m,,,,,NO,NO,,0,"["""", """", """", ""adult"", ""medal"", [], [""5000:m""], [], [], []]",
1354,"Allround, Men (Olympic)",,,,adult,medal,,,,,,,,NO,NO,allround,0,"["""", """", """", ""adult"", ""medal"", [], [], [], [], [""allround""]]",
1355,Ice Hockey (Ice Hockey),,,,adult,medal,,,,,,,,NO,NO,hockey | hockey | ice | ice,0,"["""", """", """", ""adult"", ""medal"", [], [], [], [], [""hockey"", ""hockey"", ""ice"", ""ice""]]",
1356,"Ice Hockey, Men (Olympic)",,,,adult,medal,,,,,,,,NO,NO,hockey | ice,0,"["""", """", """", ""adult"", ""medal"", [], [], [], [], [""hockey"", ""ice""]]",
1357,Ice Hockey (Ice Hockey),,,,adult,medal,,,,,,,,NO,NO,hockey | hockey | ice | ice,0,"["""", """", """", ""adult"", ""medal"", [], [], [], [], [""hockey"", ""hockey"", ""ice"", ""ice""]]",
1358,"Ice Hockey, Men (Olympic)",,,,adult,medal,,,,,,,,NO,NO,hockey | ice,0,"["""", """", """", ""adult"", ""medal"", [], [], [], [], [""hockey"", ""ice""]]",
1359,Bobsleigh (Bobsleigh),,,,adult,medal,,,,,,,,NO,NO,bobsleigh | bobsleigh,0,"["""", """", """", ""adult"", ""medal"", [], [], [], [], [""bobsleigh"", ""bobsleigh""]]",
1360,"Four, Men (Olympic)",,,,adult,medal,four,,,,,,four,NO,NO,,0,"["""", """", """", ""adult"", ""medal"", [""four""], [], [], [], []]",
1361,"Team Relay, Mixed (Olympic)",luge,luge,mixed,adult,medal,mixed | relay | team,team,,,,,relay | team,NO,NO,,0,"[""luge"", ""luge"", ""mixed"", ""adult"", ""medal"", [""mixed"", ""relay"", ""team""], [], [], [], []]",fuente1
1362,Alpine Skiing (Skiing),,,,adult,medal,,,,,,,,NO,NO,alpine | skiing | skiing,0,"["""", """", """", ""adult"", ""medal"", [], [], [], [], [""alpine"", ""skiing"", ""skiing""]]",
1363,"Combined, Men (Olympic)",,,,adult,medal,combined,,,,,,,NO,NO,,0,"["""", """", """", ""adult"", ""medal"", [""combined""], [], [], [], []]",
1364,"50 kilometres, Men (Olympic)",,,,adult,medal,,,50:km,,,,,NO,NO,,0,"["""", """", """", ""adult"", ""medal"", [], [""50:km""], [], [], []]",
1365,"Military Ski Patrol, Men (Olympic (non-medal))",skiing,cross country skiing,men,adult,medal,,,,,,,,NO,NO,military | patrol | ski,0,"[""skiing"", ""cross country skiing"", ""men"", ""adult"", ""medal"", [], [], [], [], [""military"", ""patrol"", ""ski""]]",fuente1
1366,"15 kilometres, Men (Olympic)",,,,adult,medal,,,15:km,,,,,NO,NO,,0,"["""", """", """", ""adult"", ""medal"", [], [""15:km""], [], [], []]",
1367,"Ballet, Men (Olympic (non-medal))",,,,adult,medal,,,,,,,,NO,NO,ballet,0,"["""", """", """", ""adult"", ""medal"", [], [], [], [], [""ballet""]]",
1368,"Sprint, Men (Olympic)",,,,adult,medal,sprint,,,,,,,NO,NO,,0,"["""", """", """", ""adult"", ""medal"", [""sprint""], [], [], [], []]",
1369,"Normal Hill / 10 km, Individual, Men (Olympic)",skiing,nordic combined,men,adult,medal,individual,individual,10:km,,,,individual,NO,NO,hill | normal,0,"[""skiing"", ""nordic combined"", ""men"", ""adult"", ""medal"", [""individual""], [""10:km""], [], [], [""hill"", ""normal""]]",fuente1
1370,"Large Hill / 10 km, Individual, Men (Olympic)",skiing,nordic combined,men,adult,medal,individual,individual,10:km,,,,individual,NO,NO,hill | large,0,"[""skiing"", ""nordic combined"", ""men"", ""adult"", ""medal"", [""individual""], [""10:km""], [], [], [""hill"", ""large""]]",fuente1
1371,Cross Country Skiing (Skiing),,,,adult,medal,,,,,,,,NO,NO,country | cross | skiing | skiing,0,"["""", """", """", ""adult"", ""medal"", [], [], [], [], [""country"", ""cross"", ""skiing"", ""skiing""]]",
1372,"50 kilometres, Men (Olympic)",,,,adult,medal,,,50:km,,,,,NO,NO,,0,"["""", """", """", ""adult"", ""medal"", [], [""50:km""], [], [], []]",
1373,"30 kilometres, Men (Olympic)",,,,adult,medal,,,30:km,,,,,NO,NO,,0,"["""", """", """", ""adult"", ""medal"", [], [""30:km""], [], [], []]",
1374,"Sculpturing, Medals, Open (Olympic)",,,,adult,medal,open,,,,,,,NO,NO,medals | sculpturing,0,"["""", """", """", ""adult"", ""medal"", [""open""], [], [], [], [""medals"", ""sculpturing""]]",
1375,"Kayak Singles, 200 metres, Women (Olympic)",,,,adult,medal,singles,,200:m,,,,,NO,NO,kayak,0,"["""", """", """", ""adult"", ""medal"", [""singles""], [""200:m""], [], [], [""kayak""]]",
1376,"Kayak Singles, 200 metres, Men (Olympic)",,,,adult,medal,singles,,200:m,,,,,NO,NO,kayak,0,"["""", """", """", ""adult"", ""medal"", [""singles""], [""200:m""], [], [], [""kayak""]]",
1377,"Kayak Doubles, 200 metres, Men (Olympic)",,,,adult,medal,doubles,,200:m,,,,,NO,NO,kayak,0,"["""", """", """", ""adult"", ""medal"", [""doubles""], [""200:m""], [], [], [""kayak""]]",
1378,"Kayak Fours, 500 metres, Men (Olympic)",,,,adult,medal,,,500:m,,,,,NO,NO,fours | kayak,0,"["""", """", """", ""adult"", ""medal"", [], [""500:m""], [], [], [""fours"", ""kayak""]]",
1379,"Omnium, Women (Olympic)",cycling,cycling track,women,adult,medal,,,,,,,,NO,NO,omnium,0,"[""cycling"", ""cycling track"", ""women"", ""adult"", ""medal"", [], [], [], [], [""omnium""]]",fuente1
1380,"BMX, Men (Olympic)",,,,adult,medal,,,,,,,,NO,NO,bmx,0,"["""", """", """", ""adult"", ""medal"", [], [], [], [], [""bmx""]]",
1381,"Individual, Men (Olympic)",,,,adult,medal,individual,individual,,,,,individual,NO,NO,,0,"["""", """", """", ""adult"", ""medal"", [""individual""], [], [], [], []]",
1382,"Individual, Women (Olympic)",,,,adult,medal,individual,individual,,,,,individual,NO,NO,,0,"["""", """", """", ""adult"", ""medal"", [""individual""], [], [], [], []]",
1383,"Team, Men (Olympic)",skiing,cross country skiing,men,adult,medal,team,team,,,,,team,NO,NO,,0,"[""skiing"", ""cross country skiing"", ""men"", ""adult"", ""medal"", [""team""], [], [], [], []]",fuente1
1384,"Lightweight, Freestyle, Women (Olympic)",,,,adult,medal,freestyle | lightweight,,,,,,,NO,NO,,0,"["""", """", """", ""adult"", ""medal"", [""freestyle"", ""lightweight""], [], [], [], []]",
1385,"Windsurfer, Women (Olympic (non-medal))",sailing,sailing,women,adult,medal,,,,,,,,NO,NO,windsurfer,0,"[""sailing"", ""sailing"", ""women"", ""adult"", ""medal"", [], [], [], [], [""windsurfer""]]",fuente1
1386,"Trap, Team, Mixed (Olympic)",shooting,shooting,mixed,adult,medal,mixed | team,team,,,,,team,NO,NO,trap,0,"[""shooting"", ""shooting"", ""mixed"", ""adult"", ""medal"", [""mixed"", ""team""], [], [], [], [""trap""]]",fuente1
1387,"Air Pistol, 10 metres, Team, Mixed (Olympic)",shooting,shooting,mixed,adult,medal,mixed | team,team,10:m,,,,team,NO,NO,air | pistol,0,"[""shooting"", ""shooting"", ""mixed"", ""adult"", ""medal"", [""mixed"", ""team""], [""10:m""], [], [], [""air"", ""pistol""]]",fuente1
1388,Marathon Swimming (Aquatics),,,,adult,medal,,,,,,,,NO,NO,aquatics | marathon | swimming,0,"["""", """", """", ""adult"", ""medal"", [], [], [], [], [""aquatics"", ""marathon"", ""swimming""]]",
1389,"10 kilometres Open Water, Women (Olympic)",,,,adult,medal,open,,10:km,,,,,NO,NO,water,0,"["""", """", """", ""adult"", ""medal"", [""open""], [""10:km""], [], [], [""water""]]",
1390,"10 kilometres Open Water, Women (Olympic)",,,,adult,medal,open,,10:km,,,,,NO,NO,water,0,"["""", """", """", ""adult"", ""medal"", [""open""], [""10:km""], [], [], [""water""]]",
1391,"10 kilometres Open Water, Men (Olympic)",,,,adult,medal,open,,10:km,,,,,NO,NO,water,0,"["""", """", """", ""adult"", ""medal"", [""open""], [""10:km""], [], [], [""water""]]",
1392,"10 kilometres Open Water, Men (Olympic)",,,,adult,medal,open,,10:km,,,,,NO,NO,water,0,"["""", """", """", ""adult"", ""medal"", [""open""], [""10:km""], [], [], [""water""]]",
1393,"Featherweight, Men (Olympic)",,,,adult,medal,,,,,,,,NO,NO,featherweight,0,"["""", """", """", ""adult"", ""medal"", [], [], [], [], [""featherweight""]]",
1394,"Flyweight, Men (Olympic)",,,,adult,medal,,,,,,,,NO,NO,flyweight,0,"["""", """", """", ""adult"", ""medal"", [], [], [], [], [""flyweight""]]",
1395,"Flyweight, Women (Olympic)",,,,adult,medal,,,,,,,,NO,NO,flyweight,0,"["""", """", """", ""adult"", ""medal"", [], [], [], [], [""flyweight""]]",
1396,"Featherweight, Women (Olympic)",,,,adult,medal,,,,,,,,NO,NO,featherweight,0,"["""", """", """", ""adult"", ""medal"", [], [], [], [], [""featherweight""]]",
1397,"Welterweight, Men (Olympic)",,,,adult,medal,,,,,,,,NO,NO,welterweight,0,"["""", """", """", ""adult"", ""medal"", [], [], [], [], [""welterweight""]]",
1398,"Finweight, Men (Olympic (non-medal))",,,,adult,medal,,,,,,,,NO,NO,finweight,0,"["""", """", """", ""adult"", ""medal"", [], [], [], [], [""finweight""]]",
1399,"Welterweight, Women (Olympic)",taekwondo,taekwondo,women,adult,medal,,,,,,,,NO,NO,welterweight,0,"[""taekwondo"", ""taekwondo"", ""women"", ""adult"", ""medal"", [], [], [], [], [""welterweight""]]",fuente1
1400,"Heavyweight, Men (Olympic)",,,,adult,medal,heavyweight,,,,,,,NO,NO,,0,"["""", """", """", ""adult"", ""medal"", [""heavyweight""], [], [], [], []]",
1401,"Heavyweight, Women (Olympic)",taekwondo,taekwondo,women,adult,medal,heavyweight,,,,,,,NO,NO,,0,"[""taekwondo"", ""taekwondo"", ""women"", ""adult"", ""medal"", [""heavyweight""], [], [], [], []]",fuente1
1402,"Lightweight, Women (Olympic (non-medal))",,,,adult,medal,lightweight,,,,,,,NO,NO,,0,"["""", """", """", ""adult"", ""medal"", [""lightweight""], [], [], [], []]",
1403,"Welterweight, Women (Olympic (non-medal))",taekwondo,taekwondo,women,adult,medal,,,,,,,,NO,NO,welterweight,0,"[""taekwondo"", ""taekwondo"", ""women"", ""adult"", ""medal"", [], [], [], [], [""welterweight""]]",fuente1
1404,"Bantamweight, Men (Olympic (non-medal))",,,,adult,medal,,,,,,,,NO,NO,bantamweight,0,"["""", """", """", ""adult"", ""medal"", [], [], [], [], [""bantamweight""]]",
1405,"Middleweight, Women (Olympic (non-medal))",,,,adult,medal,middleweight,,,,,,,NO,NO,,0,"["""", """", """", ""adult"", ""medal"", [""middleweight""], [], [], [], []]",
1406,"Heavyweight, Women (Olympic (non-medal))",taekwondo,taekwondo,women,adult,medal,heavyweight,,,,,,,NO,NO,,0,"[""taekwondo"", ""taekwondo"", ""women"", ""adult"", ""medal"", [""heavyweight""], [], [], [], []]",fuente1
1407,"Olympic Distance, Men (Olympic)",,,,adult,medal,,,,,,,,NO,NO,distance,0,"["""", """", """", ""adult"", ""medal"", [], [], [], [], [""distance""]]",
1408,Athletics,,,,adult,medal,,,,,,,,NO,NO,athletics,0,"["""", """", """", ""adult"", ""medal"", [], [], [], [], [""athletics""]]",
1409,"10,000 metres, Women (Olympic)",,,,adult,medal,,,10000:m,,,,,NO,NO,,0,"["""", """", """", ""adult"", ""medal"", [], [""10000:m""], [], [], []]",
1410,"Water Polo, Women (Olympic)",aquatics,water polo,women,adult,medal,,,,,,,,NO,NO,,0,"[""aquatics"", ""water polo"", ""women"", ""adult"", ""medal"", [], [], [], [], []]",fuente1
1411,"Light-Heavyweight, Women (Olympic)",weightlifting,weightlifting,women,adult,medal,heavyweight,,,,,,,NO,NO,light,0,"[""weightlifting"", ""weightlifting"", ""women"", ""adult"", ""medal"", [""heavyweight""], [], [], [], [""light""]]",fuente1
1412,"Lightweight, Women (Olympic)",,,,adult,medal,lightweight,,,,,,,NO,NO,,0,"["""", """", """", ""adult"", ""medal"", [""lightweight""], [], [], [], []]",
1413,"Middleweight, Women (Olympic)",,,,adult,medal,middleweight,,,,,,,NO,NO,,0,"["""", """", """", ""adult"", ""medal"", [""middleweight""], [], [], [], []]",
1414,"Super-Heavyweight, Women (Olympic)",weightlifting,weightlifting,women,adult,medal,heavyweight,,,,,,,NO,NO,super,0,"[""weightlifting"", ""weightlifting"", ""women"", ""adult"", ""medal"", [""heavyweight""], [], [], [], [""super""]]",fuente1
1415,"Featherweight, Women (Olympic)",,,,adult,medal,,,,,,,,NO,NO,featherweight,0,"["""", """", """", ""adult"", ""medal"", [], [], [], [], [""featherweight""]]",
1416,"Flyweight, Women (Olympic)",,,,adult,medal,,,,,,,,NO,NO,flyweight,0,"["""", """", """", ""adult"", ""medal"", [], [], [], [], [""flyweight""]]",
1417,Alpine Skiing (Skiing),,,,adult,medal,,,,,,,,NO,NO,alpine | skiing | skiing,0,"["""", """", """", ""adult"", ""medal"", [], [], [], [], [""alpine"", ""skiing"", ""skiing""]]",
1418,"Combined, Men (Olympic)",,,,adult,medal,combined,,,,,,,NO,NO,,0,"["""", """", """", ""adult"", ""medal"", [""combined""], [], [], [], []]",
1419,Nordic Combined (Skiing),,,,adult,medal,combined,,,,,,,NO,NO,nordic | skiing,0,"["""", """", """", ""adult"", ""medal"", [""combined""], [], [], [], [""nordic"", ""skiing""]]",
1420,"Individual, Men (Olympic)",skiing,ski jumping,men,adult,medal,individual,individual,,,,,individual,NO,NO,,0,"[""skiing"", ""ski jumping"", ""men"", ""adult"", ""medal"", [""individual""], [], [], [], []]",fuente1
1421,Football (Football),,,,adult,medal,,,,,,,,NO,NO,football | football,0,"["""", """", """", ""adult"", ""medal"", [], [], [], [], [""football"", ""football""]]",
1422,"Football, Men (Olympic)",,,,adult,medal,,,,,,,,NO,NO,football,0,"["""", """", """", ""adult"", ""medal"", [], [], [], [], [""football""]]",
1423,"Ski Cross, Men (Olympic)",,,,adult,medal,,,,,,,,NO,NO,cross | ski,0,"["""", """", """", ""adult"", ""medal"", [], [], [], [], [""cross"", ""ski""]]",
1424,"10,000 metres, Men (Olympic)",,,,adult,medal,,,10000:m,,,,,NO,NO,,0,"["""", """", """", ""adult"", ""medal"", [], [""10000:m""], [], [], []]",
1425,Alpine Skiing (Skiing),,,,adult,medal,,,,,,,,NO,NO,alpine | skiing | skiing,0,"["""", """", """", ""adult"", ""medal"", [], [], [], [], [""alpine"", ""skiing"", ""skiing""]]",
1426,"Giant Slalom, Men (Olympic)",,,,adult,medal,,,,,,,,NO,NO,giant | slalom,0,"["""", """", """", ""adult"", ""medal"", [], [], [], [], [""giant"", ""slalom""]]",
1427,"50 kilometres, Men (Olympic)",,,,adult,medal,,,50:km,,,,,NO,NO,,0,"["""", """", """", ""adult"", ""medal"", [], [""50:km""], [], [], []]",
1428,Skijoring (Skiing),,,,adult,medal,,,,,,,,NO,NO,skiing | skijoring,0,"["""", """", """", ""adult"", ""medal"", [], [], [], [], [""skiing"", ""skijoring""]]",
1429,"Ski Joring, Men (Olympic (non-medal))",,,,adult,medal,,,,,,,,NO,NO,joring | ski,0,"["""", """", """", ""adult"", ""medal"", [], [], [], [], [""joring"", ""ski""]]",
1430,"Two, Men (Olympic)",,,,adult,medal,,,,,,,,NO,NO,two,0,"["""", """", """", ""adult"", ""medal"", [], [], [], [], [""two""]]",
1431,"Sprint, Men (Olympic)",biathlon,biathlon,men,adult,medal,sprint,,,,,,,NO,NO,,0,"[""biathlon"", ""biathlon"", ""men"", ""adult"", ""medal"", [""sprint""], [], [], [], []]",fuente1
1432,"Giant Slalom, Men (Olympic)",skiing,snowboard,men,adult,medal,,,,,,,,NO,NO,giant | slalom,0,"[""skiing"", ""snowboard"", ""men"", ""adult"", ""medal"", [], [], [], [], [""giant"", ""slalom""]]",fuente1
1433,"Parallel Giant Slalom, Men (Olympic)",skiing,snowboard,men,adult,medal,,,,,,,,NO,NO,giant | parallel | slalom,0,"[""skiing"", ""snowboard"", ""men"", ""adult"", ""medal"", [], [], [], [], [""giant"", ""parallel"", ""slalom""]]",fuente1
1434,"Giant Slalom, Women (Olympic)",skiing,snowboard,women,adult,medal,,,,,,,,NO,NO,giant | slalom,0,"[""skiing"", ""snowboard"", ""women"", ""adult"", ""medal"", [], [], [], [], [""giant"", ""slalom""]]",fuente1
1435,"Cross, Men (Olympic)",,,,adult,medal,,,,,,,,NO,NO,cross,0,"["""", """", """", ""adult"", ""medal"", [], [], [], [], [""cross""]]",
1436,"Parallel Slalom, Men (Olympic)",skiing,snowboard,men,adult,medal,,,,,,,,NO,NO,parallel | slalom,0,"[""skiing"", ""snowboard"", ""men"", ""adult"", ""medal"", [], [], [], [], [""parallel"", ""slalom""]]",fuente1
1437,"Halfpipe, Men (Olympic)",,,,adult,medal,,,,,,,,NO,NO,halfpipe,0,"["""", """", """", ""adult"", ""medal"", [], [], [], [], [""halfpipe""]]",
1438,"Halfpipe, Women (Olympic)",,,,adult,medal,,,,,,,,NO,NO,halfpipe,0,"["""", """", """", ""adult"", ""medal"", [], [], [], [], [""halfpipe""]]",
1439,"Cross, Women (Olympic)",,,,adult,medal,,,,,,,,NO,NO,cross,0,"["""", """", """", ""adult"", ""medal"", [], [], [], [], [""cross""]]",
1440,"Parallel Giant Slalom, Women (Olympic)",skiing,snowboard,women,adult,medal,,,,,,,,NO,NO,giant | parallel | slalom,0,"[""skiing"", ""snowboard"", ""women"", ""adult"", ""medal"", [], [], [], [], [""giant"", ""parallel"", ""slalom""]]",fuente1
1441,"Curling, Women (Olympic)",curling,curling,women,adult,medal,,,,,,,,NO,NO,,0,"[""curling"", ""curling"", ""women"", ""adult"", ""medal"", [], [], [], [], []]",fuente1
1442,"Curling, Women (Olympic (non-medal))",curling,curling,women,adult,medal,,,,,,,,NO,NO,,0,"[""curling"", ""curling"", ""women"", ""adult"", ""medal"", [], [], [], [], []]",fuente1
1443,"Curling, Men (Olympic)",curling,curling,men,adult,medal,,,,,,,,NO,NO,,0,"[""curling"", ""curling"", ""men"", ""adult"", ""medal"", [], [], [], [], []]",fuente1
1444,"Curling, Men (Olympic (non-medal))",curling,curling,men,adult,medal,,,,,,,,NO,NO,,0,"[""curling"", ""curling"", ""men"", ""adult"", ""medal"", [], [], [], [], []]",fuente1
1445,"Ice Hockey, Women (Olympic)",ice hockey,ice hockey,women,adult,medal,,,,,,,,NO,NO,,0,"[""ice hockey"", ""ice hockey"", ""women"", ""adult"", ""medal"", [], [], [], [], []]",fuente1
1446,"18 foot, Open (Olympic)",,,,adult,medal,open,,,,,,,NO,NO,18 | foot,0,"["""", """", """", ""adult"", ""medal"", [""open""], [], [], [], [""18"", ""foot""]]",
1447,"Slopestyle, Women (Olympic)",,,,adult,medal,,,,,,,,NO,NO,slopestyle,0,"["""", """", """", ""adult"", ""medal"", [], [], [], [], [""slopestyle""]]",
1448,"10/10 kilometres Pursuit, Men (Olympic)",biathlon,biathlon,men,adult,medal,pursuit,,10/10:km,10/10:km,,,,NO,NO,,0,"[""biathlon"", ""biathlon"", ""men"", ""adult"", ""medal"", [""pursuit""], [""10/10:km""], [], [], []]",fuente1
1449,"Team, Mixed (Olympic)",,,,adult,medal,mixed | team,team,,,,,team,NO,NO,,0,"["""", """", """", ""adult"", ""medal"", [""mixed"", ""team""], [], [], [], []]",
1450,"Parallel Slalom, Women (Olympic)",skiing,snowboard,women,adult,medal,,,,,,,,NO,NO,parallel | slalom,0,"[""skiing"", ""snowboard"", ""women"", ""adult"", ""medal"", [], [], [], [], [""parallel"", ""slalom""]]",fuente1
1451,"Skeleton, Women (Olympic)",bobsleigh,skeleton,women,adult,medal,,,,,,,,NO,NO,,0,"[""bobsleigh"", ""skeleton"", ""women"", ""adult"", ""medal"", [], [], [], [], []]",fuente1
1452,"Team, Mixed (Olympic)",,,,adult,medal,mixed | team,team,,,,,team,NO,NO,,0,"["""", """", """", ""adult"", ""medal"", [""mixed"", ""team""], [], [], [], []]",
1453,"Four, Open (Olympic)",,,,adult,medal,four | open,,,,,,four,NO,NO,,0,"["""", """", """", ""adult"", ""medal"", [""four"", ""open""], [], [], [], []]",
1454,"High Jump, Men (Olympic (non-medal))",aquatics,swimming,men,adult,medal,,,,,,,,NO,NO,high | jump,0,"[""aquatics"", ""swimming"", ""men"", ""adult"", ""medal"", [], [], [], [], [""high"", ""jump""]]",fuente1
1455,"Standing High Jump, Men (Olympic)",,,,adult,medal,,,,,,,,NO,NO,high | jump | standing,0,"["""", """", """", ""adult"", ""medal"", [], [], [], [], [""high"", ""jump"", ""standing""]]",
1456,"Pole Vault, Men (Olympic (non-medal))",aquatics,swimming,men,adult,medal,,,,,,,,NO,NO,pole | vault,0,"[""aquatics"", ""swimming"", ""men"", ""adult"", ""medal"", [], [], [], [], [""pole"", ""vault""]]",fuente1
1457,"High Jump, Handicap, Men (Olympic (non-medal))",aquatics,swimming,men,adult,medal,,,,,,,,NO,NO,handicap | high | jump,0,"[""aquatics"", ""swimming"", ""men"", ""adult"", ""medal"", [], [], [], [], [""handicap"", ""high"", ""jump""]]",fuente1
1458,"Pole Vault, Handicap, Men (Olympic (non-medal))",aquatics,swimming,men,adult,medal,,,,,,,,NO,NO,handicap | pole | vault,0,"[""aquatics"", ""swimming"", ""men"", ""adult"", ""medal"", [], [], [], [], [""handicap"", ""pole"", ""vault""]]",fuente1
1459,"Plunge For Distance, Men (Olympic)",,,,adult,medal,,,,,,,,NO,NO,distance | for | plunge,0,"["""", """", """", ""adult"", ""medal"", [], [], [], [], [""distance"", ""for"", ""plunge""]]",
1460,"220 yards, Handicap, Men (Olympic (non-medal))",,,,adult,medal,,,220:yd,,,,,NO,NO,handicap,0,"["""", """", """", ""adult"", ""medal"", [], [""220:yd""], [], [], [""handicap""]]",
1461,"1 mile, Handicap, Men (Olympic (non-medal))",,,,adult,medal,,,1:mile,,,,,NO,NO,handicap,0,"["""", """", """", ""adult"", ""medal"", [], [""1:mile""], [], [], [""handicap""]]",
1462,"Singles, Men (Olympic)",,,,adult,medal,singles,,,,,,,NO,NO,,0,"["""", """", """", ""adult"", ""medal"", [""singles""], [], [], [], []]",
1463,"Unknown Event, Men (Olympic)",,,,adult,medal,,,,,,,,NO,NO,unknown,0,"["""", """", """", ""adult"", ""medal"", [], [], [], [], [""unknown""]]",
1464,"4 × 100 metres Medley Relay, Mixed (Olympic)",aquatics,swimming,mixed,adult,medal,mixed | relay,,100:m,,,,relay,NO,NO,4 | medley | x,0,"[""aquatics"", ""swimming"", ""mixed"", ""adult"", ""medal"", [""mixed"", ""relay""], [""100:m""], [], [], [""4"", ""medley"", ""x""]]",fuente1
1465,"1,500 metres Freestyle, Women (Olympic)",,,,adult,medal,freestyle,,1500:m,,,,,NO,NO,,0,"["""", """", """", ""adult"", ""medal"", [""freestyle""], [""1500:m""], [], [], []]",
1466,"Skiff, Women (Olympic)",sailing,sailing,women,adult,medal,,,,,,,,NO,NO,skiff,0,"[""sailing"", ""sailing"", ""women"", ""adult"", ""medal"", [], [], [], [], [""skiff""]]",fuente1
1467,"Skiff, Men (Olympic)",sailing,sailing,men,adult,medal,,,,,,,,NO,NO,skiff,0,"[""sailing"", ""sailing"", ""men"", ""adult"", ""medal"", [], [], [], [], [""skiff""]]",fuente1
1468,"Air Rifle, 10 metres, Team, Mixed (Olympic)",shooting,shooting,mixed,adult,medal,mixed | team,team,10:m,,,,team,NO,NO,air | rifle,0,"[""shooting"", ""shooting"", ""mixed"", ""adult"", ""medal"", [""mixed"", ""team""], [""10:m""], [], [], [""air"", ""rifle""]]",fuente1
1469,"Canadian Singles, 200 metres, Men (Olympic)",,,,adult,medal,singles,,200:m,,,,,NO,NO,canadian,0,"["""", """", """", ""adult"", ""medal"", [""singles""], [""200:m""], [], [], [""canadian""]]",
1470,"Sabre, Individual, Women (Olympic)",fencing,fencing,women,adult,medal,individual,individual,,,,,individual,NO,NO,sabre,0,"[""fencing"", ""fencing"", ""women"", ""adult"", ""medal"", [""individual""], [], [], [], [""sabre""]]",fuente1
1471,"Sabre, Team, Women (Olympic)",fencing,fencing,women,adult,medal,team,team,,,,,team,NO,NO,sabre,0,"[""fencing"", ""fencing"", ""women"", ""adult"", ""medal"", [""team""], [], [], [], [""sabre""]]",fuente1
1472,"Relay, Mixed (Olympic)",triathlon,triathlon,mixed,adult,medal,mixed | relay,,,,,,relay,NO,NO,,0,"[""triathlon"", ""triathlon"", ""mixed"", ""adult"", ""medal"", [""mixed"", ""relay""], [], [], [], []]",fuente1
1473,"Team Pursuit, Women (Olympic)",cycling,cycling track,women,adult,medal,pursuit | team,team,,,,,team,NO,NO,,0,"[""cycling"", ""cycling track"", ""women"", ""adult"", ""medal"", [""pursuit"", ""team""], [], [], [], []]",fuente1
1474,"Keirin, Men (Olympic)",,,,adult,medal,,,,,,,,NO,NO,keirin,0,"["""", """", """", ""adult"", ""medal"", [], [], [], [], [""keirin""]]",
1475,"Doubles, Mixed (Olympic)",table tennis,table tennis,mixed,adult,medal,doubles | mixed,,,,,,,NO,NO,,0,"[""table tennis"", ""table tennis"", ""mixed"", ""adult"", ""medal"", [""doubles"", ""mixed""], [], [], [], []]",fuente1
1476,"Flyweight, Freestyle, Women (Olympic)",,,,adult,medal,freestyle,,,,,,,NO,NO,flyweight,0,"["""", """", """", ""adult"", ""medal"", [""freestyle""], [], [], [], [""flyweight""]]",
1477,"Featherweight, Freestyle, Women (Olympic)",,,,adult,medal,freestyle,,,,,,,NO,NO,featherweight,0,"["""", """", """", ""adult"", ""medal"", [""freestyle""], [], [], [], [""featherweight""]]",
1478,"Middleweight, Freestyle, Women (Olympic)",,,,adult,medal,freestyle | middleweight,,,,,,,NO,NO,,0,"["""", """", """", ""adult"", ""medal"", [""freestyle"", ""middleweight""], [], [], [], []]",
1479,"Mass Start, Men (Olympic)",,,,adult,medal,,,,,,,,NO,NO,mass | start,0,"["""", """", """", ""adult"", ""medal"", [], [], [], [], [""mass"", ""start""]]",
1480,"Normal Hill, Team, Mixed (Olympic)",skiing,ski jumping,mixed,adult,medal,mixed | team,team,,,,,team,NO,NO,hill | normal,0,"[""skiing"", ""ski jumping"", ""mixed"", ""adult"", ""medal"", [""mixed"", ""team""], [], [], [], [""hill"", ""normal""]]",fuente1
1481,"Slopestyle, Men (Olympic)",,,,adult,medal,,,,,,,,NO,NO,slopestyle,0,"["""", """", """", ""adult"", ""medal"", [], [], [], [], [""slopestyle""]]",
1482,"2,000 metres Relay, Mixed (Olympic)",,,,adult,medal,mixed | relay,,2000:m,,,,relay,NO,NO,,0,"["""", """", """", ""adult"", ""medal"", [""mixed"", ""relay""], [""2000:m""], [], [], []]",
1483,"Big Air, Women (Olympic)",,,,adult,medal,,,,,,,,NO,NO,air | big,0,"["""", """", """", ""adult"", ""medal"", [], [], [], [], [""air"", ""big""]]",
1484,"Team Cross, Mixed (Olympic)",,,,adult,medal,mixed | team,team,,,,,team,NO,NO,cross,0,"["""", """", """", ""adult"", ""medal"", [""mixed"", ""team""], [], [], [], [""cross""]]",
1485,"Individual, Girls (YOG)",,,,youth,medal,individual,individual,,,,,individual,YES,NO,girls,0,"["""", """", """", ""youth"", ""medal"", [""individual""], [], [], [], [""girls""]]",
1486,"Team, Mixed Youth (YOG)",,,,youth,medal,mixed | team,team,,,,,team,YES,NO,,0,"["""", """", """", ""youth"", ""medal"", [""mixed"", ""team""], [], [], [], []]",
1487,"50 metres Freestyle, Girls (YOG)",,,,youth,medal,freestyle,,50:m,,,,,YES,NO,girls,0,"["""", """", """", ""youth"", ""medal"", [""freestyle""], [""50:m""], [], [], [""girls""]]",
1488,"4 × 100 metres Freestyle Relay, Mixed Youth (YOG)",,,,youth,medal,freestyle | mixed | relay,,100:m,,,,relay,YES,NO,4 | x,0,"["""", """", """", ""youth"", ""medal"", [""freestyle"", ""mixed"", ""relay""], [""100:m""], [], [], [""4"", ""x""]]",
1489,"100 metres Freestyle, Girls (YOG)",aquatics,swimming,women,youth,medal,freestyle,,100:m,,,,,YES,NO,girls,0,"[""aquatics"", ""swimming"", ""women"", ""youth"", ""medal"", [""freestyle""], [""100:m""], [], [], [""girls""]]",fuente1
1490,"4 × 100 metres Medley Relay, Mixed Youth (YOG)",aquatics,swimming,mixed,youth,medal,mixed | relay,,100:m,,,,relay,YES,NO,4 | medley | x,0,"[""aquatics"", ""swimming"", ""mixed"", ""youth"", ""medal"", [""mixed"", ""relay""], [""100:m""], [], [], [""4"", ""medley"", ""x""]]",fuente1
1491,"200 metres Freestyle, Girls (YOG)",,,,youth,medal,freestyle,,200:m,,,,,YES,NO,girls,0,"["""", """", """", ""youth"", ""medal"", [""freestyle""], [""200:m""], [], [], [""girls""]]",
1492,"4 × 100 metres Freestyle Relay, Girls (YOG)",aquatics,swimming,women,youth,medal,freestyle | relay,,100:m,,,,relay,YES,NO,4 | girls | x,0,"[""aquatics"", ""swimming"", ""women"", ""youth"", ""medal"", [""freestyle"", ""relay""], [""100:m""], [], [], [""4"", ""girls"", ""x""]]",fuente1
1493,"4 × 100 metres Medley Relay, Girls (YOG)",,,,youth,medal,relay,,100:m,,,,relay,YES,NO,4 | girls | medley | x,0,"["""", """", """", ""youth"", ""medal"", [""relay""], [""100:m""], [], [], [""4"", ""girls"", ""medley"", ""x""]]",
1494,"Team, Mixed (Olympic)",judo,judo,mixed,adult,medal,mixed | team,team,,,,,team,NO,NO,,0,"[""judo"", ""judo"", ""mixed"", ""adult"", ""medal"", [""mixed"", ""team""], [], [], [], []]",fuente1
1495,"BMX, Women (Olympic)",,,,adult,medal,,,,,,,,NO,NO,bmx,0,"["""", """", """", ""adult"", ""medal"", [], [], [], [], [""bmx""]]",
1496,"Team Sprint, Men (Olympic)",cycling,cycling road,men,adult,medal,sprint | team,team,,,,,team,NO,NO,,0,"[""cycling"", ""cycling road"", ""men"", ""adult"", ""medal"", [""sprint"", ""team""], [], [], [], []]",fuente1
1497,Cycling Mountain Bike (Cycling),,,,adult,medal,,,,,,,,NO,NO,bike | cycling | cycling | mountain,0,"["""", """", """", ""adult"", ""medal"", [], [], [], [], [""bike"", ""cycling"", ""cycling"", ""mountain""]]",
1498,"Cross-Country, Men (Olympic)",,,,adult,medal,,,,,,,,NO,NO,country | cross,0,"["""", """", """", ""adult"", ""medal"", [], [], [], [], [""country"", ""cross""]]",
1499,"4 × 400 metres Relay, Mixed (Olympic)",,,,adult,medal,mixed | relay,,400:m,,,,relay,NO,NO,4 | x,0,"["""", """", """", ""adult"", ""medal"", [""mixed"", ""relay""], [""400:m""], [], [], [""4"", ""x""]]",
1500,"50 metres Freestyle, Boys (YOG)",,,,youth,medal,freestyle,,50:m,,,,,YES,NO,boys,0,"["""", """", """", ""youth"", ""medal"", [""freestyle""], [""50:m""], [], [], [""boys""]]",
1501,"100 metres Freestyle, Boys (YOG)",aquatics,swimming,men,youth,medal,freestyle,,100:m,,,,,YES,NO,boys,0,"[""aquatics"", ""swimming"", ""men"", ""youth"", ""medal"", [""freestyle""], [""100:m""], [], [], [""boys""]]",fuente1
1502,"200 metres Freestyle, Boys (YOG)",,,,youth,medal,freestyle,,200:m,,,,,YES,NO,boys,0,"["""", """", """", ""youth"", ""medal"", [""freestyle""], [""200:m""], [], [], [""boys""]]",
1503,"100 metres Backstroke, Boys (YOG)",,,,youth,medal,,,100:m,,,,,YES,NO,backstroke | boys,0,"["""", """", """", ""youth"", ""medal"", [], [""100:m""], [], [], [""backstroke"", ""boys""]]",
1504,"200 metres Individual Medley, Boys (YOG)",,,,youth,medal,individual,individual,200:m,,,,individual,YES,NO,boys | medley,0,"["""", """", """", ""youth"", ""medal"", [""individual""], [""200:m""], [], [], [""boys"", ""medley""]]",
1505,"50 metres Backstroke, Girls (YOG)",,,,youth,medal,,,50:m,,,,,YES,NO,backstroke | girls,0,"["""", """", """", ""youth"", ""medal"", [], [""50:m""], [], [], [""backstroke"", ""girls""]]",
1506,"100 metres Backstroke, Girls (YOG)",,,,youth,medal,,,100:m,,,,,YES,NO,backstroke | girls,0,"["""", """", """", ""youth"", ""medal"", [], [""100:m""], [], [], [""backstroke"", ""girls""]]",
1507,"200 metres Breaststroke, Girls (YOG)",,,,youth,medal,,,200:m,,,,,YES,NO,breaststroke | girls,0,"["""", """", """", ""youth"", ""medal"", [], [""200:m""], [], [], [""breaststroke"", ""girls""]]",
1508,"200 metres Individual Medley, Girls (YOG)",,,,youth,medal,individual,individual,200:m,,,,individual,YES,NO,girls | medley,0,"["""", """", """", ""youth"", ""medal"", [""individual""], [""200:m""], [], [], [""girls"", ""medley""]]",
1509,"400 metres Freestyle, Girls (YOG)",,,,youth,medal,freestyle,,400:m,,,,,YES,NO,girls,0,"["""", """", """", ""youth"", ""medal"", [""freestyle""], [""400:m""], [], [], [""girls""]]",
1510,"200 metres Butterfly, Girls (YOG)",,,,youth,medal,,,200:m,,,,,YES,NO,butterfly | girls,0,"["""", """", """", ""youth"", ""medal"", [], [""200:m""], [], [], [""butterfly"", ""girls""]]",
1511,"100 metres Butterfly, Boys (YOG)",,,,youth,medal,,,100:m,,,,,YES,NO,boys | butterfly,0,"["""", """", """", ""youth"", ""medal"", [], [""100:m""], [], [], [""boys"", ""butterfly""]]",
1512,"200 metres Butterfly, Boys (YOG)",,,,youth,medal,,,200:m,,,,,YES,NO,boys | butterfly,0,"["""", """", """", ""youth"", ""medal"", [], [""200:m""], [], [], [""boys"", ""butterfly""]]",
1513,"Springboard, Girls (YOG)",,,,youth,medal,,,,,,,,YES,NO,girls | springboard,0,"["""", """", """", ""youth"", ""medal"", [], [], [], [], [""girls"", ""springboard""]]",
1514,"Platform, Girls (YOG)",,,,youth,medal,,,,,,,,YES,NO,girls | platform,0,"["""", """", """", ""youth"", ""medal"", [], [], [], [], [""girls"", ""platform""]]",
1515,"Springboard, Boys (YOG)",,,,youth,medal,,,,,,,,YES,NO,boys | springboard,0,"["""", """", """", ""youth"", ""medal"", [], [], [], [], [""boys"", ""springboard""]]",
1516,"Canadian Singles, Slalom, Women (Olympic)",,,,adult,medal,singles,,,,,,,NO,NO,canadian | slalom,0,"["""", """", """", ""adult"", ""medal"", [""singles""], [], [], [], [""canadian"", ""slalom""]]",
1517,"50 metres Breaststroke, Girls (YOG)",,,,youth,medal,,,50:m,,,,,YES,NO,breaststroke | girls,0,"["""", """", """", ""youth"", ""medal"", [], [""50:m""], [], [], [""breaststroke"", ""girls""]]",
1518,"100 metres Breaststroke, Girls (YOG)",,,,youth,medal,,,100:m,,,,,YES,NO,breaststroke | girls,0,"["""", """", """", ""youth"", ""medal"", [], [""100:m""], [], [], [""breaststroke"", ""girls""]]",
1519,"100 metres Butterfly, Girls (YOG)",,,,youth,medal,,,100:m,,,,,YES,NO,butterfly | girls,0,"["""", """", """", ""youth"", ""medal"", [], [""100:m""], [], [], [""butterfly"", ""girls""]]",
1520,"Light-Heavyweight, Freestyle, Women (Olympic)",wrestling,wrestling freestyle,women,adult,medal,freestyle | heavyweight,,,,,,,NO,NO,light,0,"[""wrestling"", ""wrestling freestyle"", ""women"", ""adult"", ""medal"", [""freestyle"", ""heavyweight""], [], [], [], [""light""]]",fuente1
1521,"Team Sprint, Women (Olympic)",biathlon,biathlon,women,adult,medal,sprint | team,team,,,,,team,NO,NO,,0,"[""biathlon"", ""biathlon"", ""women"", ""adult"", ""medal"", [""sprint"", ""team""], [], [], [], []]",fuente1
1522,"10 kilometres, Women (Olympic)",biathlon,biathlon,women,adult,medal,,,10:km,,,,,NO,NO,,0,"[""biathlon"", ""biathlon"", ""women"", ""adult"", ""medal"", [], [""10:km""], [], [], []]",fuente1
1523,"Monobob, Women (Olympic)",,,,adult,medal,,,,,,,,NO,NO,monobob,0,"["""", """", """", ""adult"", ""medal"", [], [], [], [], [""monobob""]]",
1524,"Mixed Doubles, Mixed (Olympic)",,,,adult,medal,doubles | mixed | mixed,,,,,,,NO,NO,,0,"["""", """", """", ""adult"", ""medal"", [""doubles"", ""mixed"", ""mixed""], [], [], [], []]",
1525,"Team Aerials, Mixed (Olympic)",,,,adult,medal,mixed | team,team,,,,,team,NO,NO,aerials,0,"["""", """", """", ""adult"", ""medal"", [""mixed"", ""team""], [], [], [], [""aerials""]]",
1526,"Big Air, Men (Olympic)",,,,adult,medal,,,,,,,,NO,NO,air | big,0,"["""", """", """", ""adult"", ""medal"", [], [], [], [], [""air"", ""big""]]",
1527,Short Track Speed Skating (Skating),,,,adult,medal,,,,,,,,NO,NO,short | skating | skating | speed | track,0,"["""", """", """", ""adult"", ""medal"", [], [], [], [], [""short"", ""skating"", ""skating"", ""speed"", ""track""]]",
1528,"3,000 metres Relay, Women (Olympic)",skating,speed skating,women,adult,medal,relay,,3000:m,,,,relay,NO,NO,,0,"[""skating"", ""speed skating"", ""women"", ""adult"", ""medal"", [""relay""], [""3000:m""], [], [], []]",fuente1
1529,"10,000 metres Race Walk, Boys (YOG)",,,,youth,medal,,,10000:m,,,,,YES,NO,boys | race | walk,0,"["""", """", """", ""youth"", ""medal"", [], [""10000:m""], [], [], [""boys"", ""race"", ""walk""]]",
1530,"Foil, Individual, Girls (YOG)",,,,youth,medal,individual,individual,,,,,individual,YES,NO,foil | girls,0,"["""", """", """", ""youth"", ""medal"", [""individual""], [], [], [], [""foil"", ""girls""]]",
1531,"Mixed Weapon, Team, Mixed Youth (YOG)",,,,youth,medal,mixed | mixed | team,team,,,,,team,YES,NO,weapon,0,"["""", """", """", ""youth"", ""medal"", [""mixed"", ""mixed"", ""team""], [], [], [], [""weapon""]]",
1532,"100 metres Hurdles, Girls (YOG)",athletics,athletics,women,youth,medal,,,100:m,,,,,YES,NO,girls | hurdles,0,"[""athletics"", ""athletics"", ""women"", ""youth"", ""medal"", [], [""100:m""], [], [], [""girls"", ""hurdles""]]",fuente1
1533,"Air Rifle, 10 metres, Girls (YOG)",,,,youth,medal,,,10:m,,,,,YES,NO,air | girls | rifle,0,"["""", """", """", ""youth"", ""medal"", [], [""10:m""], [], [], [""air"", ""girls"", ""rifle""]]",
1534,"50 metres Breaststroke, Boys (YOG)",,,,youth,medal,,,50:m,,,,,YES,NO,boys | breaststroke,0,"["""", """", """", ""youth"", ""medal"", [], [""50:m""], [], [], [""boys"", ""breaststroke""]]",
1535,"100 metres Breaststroke, Boys (YOG)",,,,youth,medal,,,100:m,,,,,YES,NO,boys | breaststroke,0,"["""", """", """", ""youth"", ""medal"", [], [""100:m""], [], [], [""boys"", ""breaststroke""]]",
1536,"Long Jump, Girls (YOG)",,,,youth,medal,,,,,,,,YES,NO,girls | jump | long,0,"["""", """", """", ""youth"", ""medal"", [], [], [], [], [""girls"", ""jump"", ""long""]]",
1537,"200 metres, Boys (YOG)",,,,youth,medal,,,200:m,,,,,YES,NO,boys,0,"["""", """", """", ""youth"", ""medal"", [], [""200:m""], [], [], [""boys""]]",
1538,"Medley Relay, Boys (YOG)",,,,youth,medal,relay,,,,,,relay,YES,NO,boys | medley,0,"["""", """", """", ""youth"", ""medal"", [""relay""], [], [], [], [""boys"", ""medley""]]",
1539,"100 metres, Boys (YOG)",,,,youth,medal,,,100:m,,,,,YES,NO,boys,0,"["""", """", """", ""youth"", ""medal"", [], [""100:m""], [], [], [""boys""]]",
1540,"50 metres Butterfly, Girls (YOG)",,,,youth,medal,,,50:m,,,,,YES,NO,butterfly | girls,0,"["""", """", """", ""youth"", ""medal"", [], [""50:m""], [], [], [""butterfly"", ""girls""]]",
1541,"Kayak Singles, Head to Head, Girls (YOG)",,,,youth,medal,singles,,,,,,,YES,NO,girls | head | head | kayak | to,0,"["""", """", """", ""youth"", ""medal"", [""singles""], [], [], [], [""girls"", ""head"", ""head"", ""kayak"", ""to""]]",
1542,"Kayak Singles, Obstacle Slalom, Girls (YOG)",,,,youth,medal,singles,,,,,,,YES,NO,girls | kayak | obstacle | slalom,0,"["""", """", """", ""youth"", ""medal"", [""singles""], [], [], [], [""girls"", ""kayak"", ""obstacle"", ""slalom""]]",
1543,"Group, Girls (YOG)",,,,youth,medal,,,,,,,,YES,NO,girls | group,0,"["""", """", """", ""youth"", ""medal"", [], [], [], [], [""girls"", ""group""]]",
1544,"Singles, Girls (YOG)",,,,youth,medal,singles,,,,,,,YES,NO,girls,0,"["""", """", """", ""youth"", ""medal"", [""singles""], [], [], [], [""girls""]]",
1545,"Team, Mixed Youth (YOG)",,,,youth,medal,mixed | team,team,,,,,team,YES,NO,,0,"["""", """", """", ""youth"", ""medal"", [""mixed"", ""team""], [], [], [], []]",
1546,"Lightweight, Women (Olympic)",,,,adult,medal,lightweight,,,,,,,NO,NO,,0,"["""", """", """", ""adult"", ""medal"", [""lightweight""], [], [], [], []]",
1547,"Flyweight, Women (Olympic)",,,,adult,medal,,,,,,,,NO,NO,flyweight,0,"["""", """", """", ""adult"", ""medal"", [], [], [], [], [""flyweight""]]",
1548,"Middleweight, Women (Olympic)",,,,adult,medal,middleweight,,,,,,,NO,NO,,0,"["""", """", """", ""adult"", ""medal"", [""middleweight""], [], [], [], []]",
1549,"Individual All-Around, Girls (YOG)",,,,youth,medal,individual,individual,,,,,individual,YES,NO,all | around | girls,0,"["""", """", """", ""youth"", ""medal"", [""individual""], [], [], [], [""all"", ""around"", ""girls""]]",
1550,"Floor Exercise, Girls (YOG)",,,,youth,medal,,,,,,,,YES,NO,exercise | floor | girls,0,"["""", """", """", ""youth"", ""medal"", [], [], [], [], [""exercise"", ""floor"", ""girls""]]",
1551,"Vault, Girls (YOG)",,,,youth,medal,,,,,,,,YES,NO,girls | vault,0,"["""", """", """", ""youth"", ""medal"", [], [], [], [], [""girls"", ""vault""]]",
1552,"Uneven Bars, Girls (YOG)",,,,youth,medal,,,,,,,,YES,NO,bars | girls | uneven,0,"["""", """", """", ""youth"", ""medal"", [], [], [], [], [""bars"", ""girls"", ""uneven""]]",
1553,"Balance Beam, Girls (YOG)",,,,youth,medal,,,,,,,,YES,NO,balance | beam | girls,0,"["""", """", """", ""youth"", ""medal"", [], [], [], [], [""balance"", ""beam"", ""girls""]]",
1554,"Singles, Boys (YOG)",,,,youth,medal,singles,,,,,,,YES,NO,boys,0,"["""", """", """", ""youth"", ""medal"", [""singles""], [], [], [], [""boys""]]",
1555,"200 metres Breaststroke, Boys (YOG)",,,,youth,medal,,,200:m,,,,,YES,NO,boys | breaststroke,0,"["""", """", """", ""youth"", ""medal"", [], [""200:m""], [], [], [""boys"", ""breaststroke""]]",
1556,"Pole Vault, Girls (YOG)",,,,youth,medal,,,,,,,,YES,NO,girls | pole | vault,0,"["""", """", """", ""youth"", ""medal"", [], [], [], [], [""girls"", ""pole"", ""vault""]]",
1557,"200 metres Backstroke, Boys (YOG)",,,,youth,medal,,,200:m,,,,,YES,NO,backstroke | boys,0,"["""", """", """", ""youth"", ""medal"", [], [""200:m""], [], [], [""backstroke"", ""boys""]]",
1558,"Lightweight, Boys (YOG)",,,,youth,medal,lightweight,,,,,,,YES,NO,boys,0,"["""", """", """", ""youth"", ""medal"", [""lightweight""], [], [], [], [""boys""]]",
1559,"400 metres Hurdles, Girls (YOG)",athletics,athletics,women,youth,medal,,,400:m,,,,,YES,NO,girls | hurdles,0,"[""athletics"", ""athletics"", ""women"", ""youth"", ""medal"", [], [""400:m""], [], [], [""girls"", ""hurdles""]]",fuente1
1560,"Team, Mixed Youth (YOG)",,,,youth,medal,mixed | team,team,,,,,team,YES,NO,,0,"["""", """", """", ""youth"", ""medal"", [""mixed"", ""team""], [], [], [], []]",
1561,"≤63 kilograms, Girls (YOG)",,,,youth,medal,,,,,<=63:kg,,,YES,NO,girls,0,"["""", """", """", ""youth"", ""medal"", [], [], [""<=63:kg""], [], [""girls""]]",
1562,"Long Jump, Boys (YOG)",,,,youth,medal,,,,,,,,YES,NO,boys | jump | long,0,"["""", """", """", ""youth"", ""medal"", [], [], [], [], [""boys"", ""jump"", ""long""]]",
1563,"≤55 kilograms, Girls (YOG)",,,,youth,medal,,,,,<=55:kg,,,YES,NO,girls,0,"["""", """", """", ""youth"", ""medal"", [], [], [""<=55:kg""], [], [""girls""]]",
1564,"Air Rifle, 10 metres, Boys (YOG)",,,,youth,medal,,,10:m,,,,,YES,NO,air | boys | rifle,0,"["""", """", """", ""youth"", ""medal"", [], [""10:m""], [], [], [""air"", ""boys"", ""rifle""]]",
1565,"100 metres, Girls (YOG)",athletics,athletics,women,youth,medal,,,100:m,,,,,YES,NO,girls,0,"[""athletics"", ""athletics"", ""women"", ""youth"", ""medal"", [], [""100:m""], [], [], [""girls""]]",fuente1
1566,"Platform, Boys (YOG)",,,,youth,medal,,,,,,,,YES,NO,boys | platform,0,"["""", """", """", ""youth"", ""medal"", [], [], [], [], [""boys"", ""platform""]]",
1567,"200 metres Backstroke, Girls (YOG)",,,,youth,medal,,,200:m,,,,,YES,NO,backstroke | girls,0,"["""", """", """", ""youth"", ""medal"", [], [""200:m""], [], [], [""backstroke"", ""girls""]]",
1568,"400 metres, Boys (YOG)",athletics,athletics,men,youth,medal,,,400:m,,,,,YES,NO,boys,0,"[""athletics"", ""athletics"", ""men"", ""youth"", ""medal"", [], [""400:m""], [], [], [""boys""]]",fuente1
1569,"3,000 metres, Boys (YOG)",,,,youth,medal,,,3000:m,,,,,YES,NO,boys,0,"["""", """", """", ""youth"", ""medal"", [], [""3000:m""], [], [], [""boys""]]",
1570,"3,000 metres, Girls (YOG)",,,,youth,medal,,,3000:m,,,,,YES,NO,girls,0,"["""", """", """", ""youth"", ""medal"", [], [""3000:m""], [], [], [""girls""]]",
1571,"Featherweight, Boys (YOG)",,,,youth,medal,,,,,,,,YES,NO,boys | featherweight,0,"["""", """", """", ""youth"", ""medal"", [], [], [], [], [""boys"", ""featherweight""]]",
1572,"Bantamweight, Boys (YOG)",,,,youth,medal,,,,,,,,YES,NO,bantamweight | boys,0,"["""", """", """", ""youth"", ""medal"", [], [], [], [], [""bantamweight"", ""boys""]]",
1573,"Individual, Boys (YOG)",,,,youth,medal,individual,individual,,,,,individual,YES,NO,boys,0,"["""", """", """", ""youth"", ""medal"", [""individual""], [], [], [], [""boys""]]",
1574,"Pole Vault, Boys (YOG)",,,,youth,medal,,,,,,,,YES,NO,boys | pole | vault,0,"["""", """", """", ""youth"", ""medal"", [], [], [], [], [""boys"", ""pole"", ""vault""]]",
1575,"Hockey, Boys (YOG)",,,,youth,medal,,,,,,,,YES,NO,boys | hockey,0,"["""", """", """", ""youth"", ""medal"", [], [], [], [], [""boys"", ""hockey""]]",
1576,"Middleweight, Boys (YOG)",,,,youth,medal,middleweight,,,,,,,YES,NO,boys,0,"["""", """", """", ""youth"", ""medal"", [""middleweight""], [], [], [], [""boys""]]",
1577,"Featherweight, Girls (YOG)",,,,youth,medal,,,,,,,,YES,NO,featherweight | girls,0,"["""", """", """", ""youth"", ""medal"", [], [], [], [], [""featherweight"", ""girls""]]",
1578,"400 metres, Girls (YOG)",athletics,athletics,women,youth,medal,,,400:m,,,,,YES,NO,girls,0,"[""athletics"", ""athletics"", ""women"", ""youth"", ""medal"", [], [""400:m""], [], [], [""girls""]]",fuente1
1579,"Medley Relay, Girls (YOG)",,,,youth,medal,relay,,,,,,relay,YES,NO,girls | medley,0,"["""", """", """", ""youth"", ""medal"", [""relay""], [], [], [], [""girls"", ""medley""]]",
1580,"Air Pistol, 10 metres, Boys (YOG)",,,,youth,medal,,,10:m,,,,,YES,NO,air | boys | pistol,0,"["""", """", """", ""youth"", ""medal"", [], [""10:m""], [], [], [""air"", ""boys"", ""pistol""]]",
1581,"50 metres Butterfly, Boys (YOG)",,,,youth,medal,,,50:m,,,,,YES,NO,boys | butterfly,0,"["""", """", """", ""youth"", ""medal"", [], [""50:m""], [], [], [""boys"", ""butterfly""]]",
1582,"800 metres Freestyle, Men (Olympic)",,,,adult,medal,freestyle,,800:m,,,,,NO,NO,,0,"["""", """", """", ""adult"", ""medal"", [""freestyle""], [""800:m""], [], [], []]",
1583,"50 metres Backstroke, Boys (YOG)",,,,youth,medal,,,50:m,,,,,YES,NO,backstroke | boys,0,"["""", """", """", ""youth"", ""medal"", [], [""50:m""], [], [], [""backstroke"", ""boys""]]",
1584,"1,000 metres, Girls (YOG)",,,,youth,medal,,,1000:m,,,,,YES,NO,girls,0,"["""", """", """", ""youth"", ""medal"", [], [""1000:m""], [], [], [""girls""]]",
1585,"Light-Heavyweight, Boys (YOG)",boxing,boxing,men,youth,medal,heavyweight,,,,,,,YES,NO,boys | light,0,"[""boxing"", ""boxing"", ""men"", ""youth"", ""medal"", [""heavyweight""], [], [], [], [""boys"", ""light""]]",fuente1
1586,"Lightweight, Girls (YOG)",,,,youth,medal,lightweight,,,,,,,YES,NO,girls,0,"["""", """", """", ""youth"", ""medal"", [""lightweight""], [], [], [], [""girls""]]",
1587,"Individual All-Around, Boys (YOG)",,,,youth,medal,individual,individual,,,,,individual,YES,NO,all | around | boys,0,"["""", """", """", ""youth"", ""medal"", [""individual""], [], [], [], [""all"", ""around"", ""boys""]]",
1588,"Floor Exercise, Boys (YOG)",,,,youth,medal,,,,,,,,YES,NO,boys | exercise | floor,0,"["""", """", """", ""youth"", ""medal"", [], [], [], [], [""boys"", ""exercise"", ""floor""]]",
1589,"Vault, Boys (YOG)",,,,youth,medal,,,,,,,,YES,NO,boys | vault,0,"["""", """", """", ""youth"", ""medal"", [], [], [], [], [""boys"", ""vault""]]",
1590,"Parallel Bars, Boys (YOG)",,,,youth,medal,,,,,,,,YES,NO,bars | boys | parallel,0,"["""", """", """", ""youth"", ""medal"", [], [], [], [], [""bars"", ""boys"", ""parallel""]]",
1591,"Rings, Boys (YOG)",,,,youth,medal,,,,,,,,YES,NO,boys | rings,0,"["""", """", """", ""youth"", ""medal"", [], [], [], [], [""boys"", ""rings""]]",
1592,"Pommelled Horse, Boys (YOG)",,,,youth,medal,,,,,,,,YES,NO,boys | horse | pommelled,0,"["""", """", """", ""youth"", ""medal"", [], [], [], [], [""boys"", ""horse"", ""pommelled""]]",
1593,"400 metres Freestyle, Boys (YOG)",,,,youth,medal,freestyle,,400:m,,,,,YES,NO,boys,0,"["""", """", """", ""youth"", ""medal"", [""freestyle""], [""400:m""], [], [], [""boys""]]",
1594,"4 × 100 metres Freestyle Relay, Boys (YOG)",aquatics,swimming,men,youth,medal,freestyle | relay,,100:m,,,,relay,YES,NO,4 | boys | x,0,"[""aquatics"", ""swimming"", ""men"", ""youth"", ""medal"", [""freestyle"", ""relay""], [""100:m""], [], [], [""4"", ""boys"", ""x""]]",fuente1
1595,"4 × 100 metres Medley Relay, Boys (YOG)",,,,youth,medal,relay,,100:m,,,,relay,YES,NO,4 | boys | medley | x,0,"["""", """", """", ""youth"", ""medal"", [""relay""], [""100:m""], [], [], [""4"", ""boys"", ""medley"", ""x""]]",
1596,"Individual, Girls (YOG)",,,,youth,medal,individual,individual,,,,,individual,YES,NO,girls,0,"["""", """", """", ""youth"", ""medal"", [""individual""], [], [], [], [""girls""]]",
1597,"Relay, Mixed Youth (YOG)",,,,youth,medal,mixed | relay,,,,,,relay,YES,NO,,0,"["""", """", """", ""youth"", ""medal"", [""mixed"", ""relay""], [], [], [], []]",
1598,"Combined Team, Mixed Youth (YOG)",,,,youth,medal,combined | mixed | team,team,,,,,team,YES,NO,,0,"["""", """", """", ""youth"", ""medal"", [""combined"", ""mixed"", ""team""], [], [], [], []]",
1599,"Middleweight, Boys (YOG)",,,,youth,medal,middleweight,,,,,,,YES,NO,boys,0,"["""", """", """", ""youth"", ""medal"", [""middleweight""], [], [], [], [""boys""]]",
1600,"Madison, Women (Olympic)",cycling,cycling track,women,adult,medal,,,,,,,,NO,NO,madison,0,"[""cycling"", ""cycling track"", ""women"", ""adult"", ""medal"", [], [], [], [], [""madison""]]",fuente1
1601,"Omnium, Men (Olympic)",,,,adult,medal,,,,,,,,NO,NO,omnium,0,"["""", """", """", ""adult"", ""medal"", [], [], [], [], [""omnium""]]",
1602,"Bantamweight, Boys (YOG)",,,,youth,medal,,,,,,,,YES,NO,bantamweight | boys,0,"["""", """", """", ""youth"", ""medal"", [], [], [], [], [""bantamweight"", ""boys""]]",
1603,"Single Sculls, Boys (YOG)",,,,youth,medal,single,,,,,,single,YES,NO,boys | sculls,0,"["""", """", """", ""youth"", ""medal"", [""single""], [], [], [], [""boys"", ""sculls""]]",
1604,"Horizontal Bar, Boys (YOG)",,,,youth,medal,,,,,,,,YES,NO,bar | boys | horizontal,0,"["""", """", """", ""youth"", ""medal"", [], [], [], [], [""bar"", ""boys"", ""horizontal""]]",
1605,"Javelin Throw, Boys (YOG)",,,,youth,medal,,,,,,,,YES,NO,boys | javelin | throw,0,"["""", """", """", ""youth"", ""medal"", [], [], [], [], [""boys"", ""javelin"", ""throw""]]",
1606,"800 metres Freestyle, Girls (YOG)",,,,youth,medal,freestyle,,800:m,,,,,YES,NO,girls,0,"["""", """", """", ""youth"", ""medal"", [""freestyle""], [""800:m""], [], [], [""girls""]]",
1607,"≤55 kilograms, Boys (YOG)",,,,youth,medal,,,,,<=55:kg,,,YES,NO,boys,0,"["""", """", """", ""youth"", ""medal"", [], [], [""<=55:kg""], [], [""boys""]]",
1608,"Heavyweight, Boys (YOG)",weightlifting,weightlifting,men,youth,medal,heavyweight,,,,,,,YES,NO,boys,0,"[""weightlifting"", ""weightlifting"", ""men"", ""youth"", ""medal"", [""heavyweight""], [], [], [], [""boys""]]",fuente1
1609,"Team, Mixed Youth (YOG)",,,,youth,medal,mixed | team,team,,,,,team,YES,NO,,0,"["""", """", """", ""youth"", ""medal"", [""mixed"", ""team""], [], [], [], []]",
1610,"Flyweight, Boys (YOG)",boxing,boxing,men,youth,medal,,,,,,,,YES,NO,boys | flyweight,0,"[""boxing"", ""boxing"", ""men"", ""youth"", ""medal"", [], [], [], [], [""boys"", ""flyweight""]]",fuente1
1611,"Singles, Girls (YOG)",,,,youth,medal,singles,,,,,,,YES,NO,girls,0,"["""", """", """", ""youth"", ""medal"", [""singles""], [], [], [], [""girls""]]",
1612,"Doubles, Girls (YOG)",,,,youth,medal,doubles,,,,,,,YES,NO,girls,0,"["""", """", """", ""youth"", ""medal"", [""doubles""], [], [], [], [""girls""]]",
1613,"Middleweight, Girls (YOG)",,,,youth,medal,middleweight,,,,,,,YES,NO,girls,0,"["""", """", """", ""youth"", ""medal"", [""middleweight""], [], [], [], [""girls""]]",
1614,"Individual, Girls (YOG)",,,,youth,medal,individual,individual,,,,,individual,YES,NO,girls,0,"["""", """", """", ""youth"", ""medal"", [""individual""], [], [], [], [""girls""]]",
1615,"Hockey, Girls (YOG)",,,,youth,medal,,,,,,,,YES,NO,girls | hockey,0,"["""", """", """", ""youth"", ""medal"", [], [], [], [], [""girls"", ""hockey""]]",
1616,"Singles, Girls (YOG)",,,,youth,medal,singles,,,,,,,YES,NO,girls,0,"["""", """", """", ""youth"", ""medal"", [""singles""], [], [], [], [""girls""]]",
1617,"1,000 metres, Boys (YOG)",,,,youth,medal,,,1000:m,,,,,YES,NO,boys,0,"["""", """", """", ""youth"", ""medal"", [], [""1000:m""], [], [], [""boys""]]",
1618,"Air Pistol, 10 metres, Girls (YOG)",,,,youth,medal,,,10:m,,,,,YES,NO,air | girls | pistol,0,"["""", """", """", ""youth"", ""medal"", [], [""10:m""], [], [], [""air"", ""girls"", ""pistol""]]",
1619,"Handball, Girls (YOG)",,,,youth,medal,,,,,,,,YES,NO,girls | handball,0,"["""", """", """", ""youth"", ""medal"", [], [], [], [], [""girls"", ""handball""]]",
1620,"3x3 Basketball, Girls (YOG)",,,,youth,medal,,,,,,,,YES,NO,3x3 | basketball | girls,0,"["""", """", """", ""youth"", ""medal"", [], [], [], [], [""3x3"", ""basketball"", ""girls""]]",
1621,"Foil, Individual, Boys (YOG)",,,,youth,medal,individual,individual,,,,,individual,YES,NO,boys | foil,0,"["""", """", """", ""youth"", ""medal"", [""individual""], [], [], [], [""boys"", ""foil""]]",
1622,"Super-Heavyweight, Boys (YOG)",boxing,boxing,men,youth,medal,heavyweight,,,,,,,YES,NO,boys | super,0,"[""boxing"", ""boxing"", ""men"", ""youth"", ""medal"", [""heavyweight""], [], [], [], [""boys"", ""super""]]",fuente1
1623,Cycling Road (Cycling),,,,adult,medal,,,,,,,,NO,NO,cycling | cycling | road,0,"["""", """", """", ""adult"", ""medal"", [], [], [], [], [""cycling"", ""cycling"", ""road""]]",
1624,"Road Race, Individual, Women (Olympic)",,,,adult,medal,individual,individual,,,,,individual,NO,NO,race | road,0,"["""", """", """", ""adult"", ""medal"", [""individual""], [], [], [], [""race"", ""road""]]",
1625,"Individual Time Trial, Women (Olympic)",,,,adult,medal,individual,individual,,,,,individual,NO,NO,time | trial,0,"["""", """", """", ""adult"", ""medal"", [""individual""], [], [], [], [""time"", ""trial""]]",
1626,"Omnium, Women (Olympic)",,,,adult,medal,,,,,,,,NO,NO,omnium,0,"["""", """", """", ""adult"", ""medal"", [], [], [], [], [""omnium""]]",
1627,"One Person Dinghy, Girls (YOG)",,,,youth,medal,,,,,,,,YES,NO,dinghy | girls | one | person,0,"["""", """", """", ""youth"", ""medal"", [], [], [], [], [""dinghy"", ""girls"", ""one"", ""person""]]",
1628,"Welterweight, Boys (YOG)",,,,youth,medal,,,,,,,,YES,NO,boys | welterweight,0,"["""", """", """", ""youth"", ""medal"", [], [], [], [], [""boys"", ""welterweight""]]",
1629,"Coxless Pairs, Girls (YOG)",,,,youth,medal,coxless | pairs,,,,,coxless,pairs,YES,NO,girls,0,"["""", """", """", ""youth"", ""medal"", [""coxless"", ""pairs""], [], [], [""coxless""], [""girls""]]",
1630,"Individual, Girls (YOG)",,,,youth,medal,individual,individual,,,,,individual,YES,NO,girls,0,"["""", """", """", ""youth"", ""medal"", [""individual""], [], [], [], [""girls""]]",
1631,"High Jump, Boys (YOG)",,,,youth,medal,,,,,,,,YES,NO,boys | high | jump,0,"["""", """", """", ""youth"", ""medal"", [], [], [], [], [""boys"", ""high"", ""jump""]]",
1632,"Super G, Boys (YOG)",,,,youth,medal,,,,,,,,YES,NO,boys | g | super,0,"["""", """", """", ""youth"", ""medal"", [], [], [], [], [""boys"", ""g"", ""super""]]",
1633,"Giant Slalom, Boys (YOG)",skiing,alpine skiing,men,youth,medal,,,,,,,,YES,NO,boys | giant | slalom,0,"[""skiing"", ""alpine skiing"", ""men"", ""youth"", ""medal"", [], [], [], [], [""boys"", ""giant"", ""slalom""]]",fuente1
1634,"Slalom, Boys (YOG)",skiing,alpine skiing,men,youth,medal,,,,,,,,YES,NO,boys | slalom,0,"[""skiing"", ""alpine skiing"", ""men"", ""youth"", ""medal"", [], [], [], [], [""boys"", ""slalom""]]",fuente1
1635,"Combined, Boys (YOG)",,,,youth,medal,combined,,,,,,,YES,NO,boys,0,"["""", """", """", ""youth"", ""medal"", [""combined""], [], [], [], [""boys""]]",
1636,"Super G, Girls (YOG)",,,,youth,medal,,,,,,,,YES,NO,g | girls | super,0,"["""", """", """", ""youth"", ""medal"", [], [], [], [], [""g"", ""girls"", ""super""]]",
1637,"Giant Slalom, Girls (YOG)",skiing,alpine skiing,women,youth,medal,,,,,,,,YES,NO,giant | girls | slalom,0,"[""skiing"", ""alpine skiing"", ""women"", ""youth"", ""medal"", [], [], [], [], [""giant"", ""girls"", ""slalom""]]",fuente1
1638,"Slalom, Girls (YOG)",skiing,alpine skiing,women,youth,medal,,,,,,,,YES,NO,girls | slalom,0,"[""skiing"", ""alpine skiing"", ""women"", ""youth"", ""medal"", [], [], [], [], [""girls"", ""slalom""]]",fuente1
1639,"Combined, Girls (YOG)",,,,youth,medal,combined,,,,,,,YES,NO,girls,0,"["""", """", """", ""youth"", ""medal"", [""combined""], [], [], [], [""girls""]]",
1640,"Sprint, Girls (YOG)",,,,youth,medal,sprint,,,,,,,YES,NO,girls,0,"["""", """", """", ""youth"", ""medal"", [""sprint""], [], [], [], [""girls""]]",
1641,"5 kilometres, Girls (YOG)",,,,youth,medal,,,5:km,,,,,YES,NO,girls,0,"["""", """", """", ""youth"", ""medal"", [], [""5:km""], [], [], [""girls""]]",
1642,"Slopestyle, Women (Olympic)",,,,adult,medal,,,,,,,,NO,NO,slopestyle,0,"["""", """", """", ""adult"", ""medal"", [], [], [], [], [""slopestyle""]]",
1643,"Halfpipe, Women (Olympic)",,,,adult,medal,,,,,,,,NO,NO,halfpipe,0,"["""", """", """", ""adult"", ""medal"", [], [], [], [], [""halfpipe""]]",
1644,"Slopestyle, Men (Olympic)",,,,adult,medal,,,,,,,,NO,NO,slopestyle,0,"["""", """", """", ""adult"", ""medal"", [], [], [], [], [""slopestyle""]]",
1645,"Singles, Boys (YOG)",,,,youth,medal,singles,,,,,,,YES,NO,boys,0,"["""", """", """", ""youth"", ""medal"", [""singles""], [], [], [], [""boys""]]",
1646,"Two, Boys (YOG)",,,,youth,medal,,,,,,,,YES,NO,boys | two,0,"["""", """", """", ""youth"", ""medal"", [], [], [], [], [""boys"", ""two""]]",
1647,"Halfpipe, Men (Olympic)",,,,adult,medal,,,,,,,,NO,NO,halfpipe,0,"["""", """", """", ""adult"", ""medal"", [], [], [], [], [""halfpipe""]]",
1648,"Halfpipe, Boys (YOG)",,,,youth,medal,,,,,,,,YES,NO,boys | halfpipe,0,"["""", """", """", ""youth"", ""medal"", [], [], [], [], [""boys"", ""halfpipe""]]",
1649,"Slopestyle, Boys (YOG)",,,,youth,medal,,,,,,,,YES,NO,boys | slopestyle,0,"["""", """", """", ""youth"", ""medal"", [], [], [], [], [""boys"", ""slopestyle""]]",
1650,"Singles, Girls (YOG)",,,,youth,medal,singles,,,,,,,YES,NO,girls,0,"["""", """", """", ""youth"", ""medal"", [""singles""], [], [], [], [""girls""]]",
1651,"Team Relay, Mixed Youth (YOG)",luge,luge,mixed,youth,medal,mixed | relay | team,team,,,,,relay | team,YES,NO,,0,"[""luge"", ""luge"", ""mixed"", ""youth"", ""medal"", [""mixed"", ""relay"", ""team""], [], [], [], []]",fuente1
1652,"Normal Hill, Individual, Women (Olympic)",,,,adult,medal,individual,individual,,,,,individual,NO,NO,hill | normal,0,"["""", """", """", ""adult"", ""medal"", [""individual""], [], [], [], [""hill"", ""normal""]]",
1653,"Medium Hill, Individual, Girls (YOG)",,,,youth,medal,individual,individual,,,,,individual,YES,NO,girls | hill | medium,0,"["""", """", """", ""youth"", ""medal"", [""individual""], [], [], [], [""girls"", ""hill"", ""medium""]]",
1654,"Medium Hill, Team, Mixed Youth (YOG)",,,,youth,medal,mixed | team,team,,,,,team,YES,NO,hill | medium,0,"["""", """", """", ""youth"", ""medal"", [""mixed"", ""team""], [], [], [], [""hill"", ""medium""]]",
1655,"Medium Hill, Individual, Boys (YOG)",,,,youth,medal,individual,individual,,,,,individual,YES,NO,boys | hill | medium,0,"["""", """", """", ""youth"", ""medal"", [""individual""], [], [], [], [""boys"", ""hill"", ""medium""]]",
1656,"Big Air, Women (Olympic)",,,,adult,medal,,,,,,,,NO,NO,air | big,0,"["""", """", """", ""adult"", ""medal"", [], [], [], [], [""air"", ""big""]]",
1657,"6 kilometres Sprint, Girls (YOG)",,,,youth,medal,sprint,,6:km,,,,,YES,NO,girls,0,"["""", """", """", ""youth"", ""medal"", [""sprint""], [""6:km""], [], [], [""girls""]]",
1658,"7.5 kilometres Pursuit, Girls (YOG)",biathlon,biathlon,women,youth,medal,pursuit,,7.5:km,,,,,YES,NO,girls,0,"[""biathlon"", ""biathlon"", ""women"", ""youth"", ""medal"", [""pursuit""], [""7.5:km""], [], [], [""girls""]]",fuente1
1659,"Singles, Girls (YOG)",,,,youth,medal,singles,,,,,,,YES,NO,girls,0,"["""", """", """", ""youth"", ""medal"", [""singles""], [], [], [], [""girls""]]",
1660,"Singles, Boys (YOG)",,,,youth,medal,singles,,,,,,,YES,NO,boys,0,"["""", """", """", ""youth"", ""medal"", [""singles""], [], [], [], [""boys""]]",
1661,"Medium Hill / 10 km, Individual, Boys (YOG)",,,,youth,medal,individual,individual,10:km,,,,individual,YES,NO,boys | hill | medium,0,"["""", """", """", ""youth"", ""medal"", [""individual""], [""10:km""], [], [], [""boys"", ""hill"", ""medium""]]",
1662,"Medium Hill, Team, Mixed Youth (YOG)",,,,youth,medal,mixed | team,team,,,,,team,YES,NO,hill | medium,0,"["""", """", """", ""youth"", ""medal"", [""mixed"", ""team""], [], [], [], [""hill"", ""medium""]]",
1663,Alpine Skiing (Skiing),,,,adult,medal,,,,,,,,NO,NO,alpine | skiing | skiing,0,"["""", """", """", ""adult"", ""medal"", [], [], [], [], [""alpine"", ""skiing"", ""skiing""]]",
1664,"Super G, Women (Olympic)",,,,adult,medal,,,,,,,,NO,NO,g | super,0,"["""", """", """", ""adult"", ""medal"", [], [], [], [], [""g"", ""super""]]",
1665,Snowboarding (Skiing),,,,adult,medal,,,,,,,,NO,NO,skiing | snowboarding,0,"["""", """", """", ""adult"", ""medal"", [], [], [], [], [""skiing"", ""snowboarding""]]",
1666,"Parallel Giant Slalom, Women (Olympic)",skiing,alpine skiing,women,adult,medal,,,,,,,,NO,NO,giant | parallel | slalom,0,"[""skiing"", ""alpine skiing"", ""women"", ""adult"", ""medal"", [], [], [], [], [""giant"", ""parallel"", ""slalom""]]",fuente1
1667,"Big Air, Men (Olympic)",,,,adult,medal,,,,,,,,NO,NO,air | big,0,"["""", """", """", ""adult"", ""medal"", [], [], [], [], [""air"", ""big""]]",
1668,"Halfpipe, Girls (YOG)",,,,youth,medal,,,,,,,,YES,NO,girls | halfpipe,0,"["""", """", """", ""youth"", ""medal"", [], [], [], [], [""girls"", ""halfpipe""]]",
1669,"2 × 6 kilometres and 2 × 7.5 kilometres Relay, Mixed Youth (YOG)",biathlon,biathlon,mixed,youth,medal,mixed | relay,,6:km | 7.5:km,,,,relay,YES,NO,2 | 2 | and | x | x,0,"[""biathlon"", ""biathlon"", ""mixed"", ""youth"", ""medal"", [""mixed"", ""relay""], [""6:km"", ""7.5:km""], [], [], [""2"", ""2"", ""and"", ""x"", ""x""]]",fuente1
1670,Mixed Sports,,,,adult,medal,mixed,,,,,,,NO,NO,sports,0,"["""", """", """", ""adult"", ""medal"", [""mixed""], [], [], [], [""sports""]]",
1671,"Cross-Country / Biathlon Relay, Mixed Youth (YOG)",,,,youth,medal,mixed | relay,,,,,,relay,YES,NO,biathlon | country | cross,0,"["""", """", """", ""youth"", ""medal"", [""mixed"", ""relay""], [], [], [], [""biathlon"", ""country"", ""cross""]]",
1672,"Slopestyle, Boys (YOG)",,,,youth,medal,,,,,,,,YES,NO,boys | slopestyle,0,"["""", """", """", ""youth"", ""medal"", [], [], [], [], [""boys"", ""slopestyle""]]",
1673,"Halfpipe, Boys (YOG)",,,,youth,medal,,,,,,,,YES,NO,boys | halfpipe,0,"["""", """", """", ""youth"", ""medal"", [], [], [], [], [""boys"", ""halfpipe""]]",
1674,"500 metres, Girls (YOG)",,,,youth,medal,,,500:m,,,,,YES,NO,girls,0,"["""", """", """", ""youth"", ""medal"", [], [""500:m""], [], [], [""girls""]]",
1675,"3,000 metres Relay, Mixed Youth (YOG)",,,,youth,medal,mixed | relay,,3000:m,,,,relay,YES,NO,,0,"["""", """", """", ""youth"", ""medal"", [""mixed"", ""relay""], [""3000:m""], [], [], []]",
1676,"1,000 metres, Girls (YOG)",,,,youth,medal,,,1000:m,,,,,YES,NO,girls,0,"["""", """", """", ""youth"", ""medal"", [], [""1000:m""], [], [], [""girls""]]",
1677,"Park, Men (Olympic)",roller sports,skateboarding,men,adult,medal,,,,,,,,NO,NO,park,0,"[""roller sports"", ""skateboarding"", ""men"", ""adult"", ""medal"", [], [], [], [], [""park""]]",fuente1
1678,"Team, Mixed Youth (YOG)",,,,youth,medal,mixed | team,team,,,,,team,YES,NO,,0,"["""", """", """", ""youth"", ""medal"", [""mixed"", ""team""], [], [], [], []]",
1679,"Two, Girls (YOG)",,,,youth,medal,,,,,,,,YES,NO,girls | two,0,"["""", """", """", ""youth"", ""medal"", [], [], [], [], [""girls"", ""two""]]",
1680,"Cross-Country / Biathlon Relay, Mixed Youth (YOG)",,,,youth,medal,mixed | relay,,,,,,relay,YES,NO,biathlon | country | cross,0,"["""", """", """", ""youth"", ""medal"", [""mixed"", ""relay""], [], [], [], [""biathlon"", ""country"", ""cross""]]",
1681,Cross Country Skiing (Skiing),,,,adult,medal,,,,,,,,NO,NO,country | cross | skiing | skiing,0,"["""", """", """", ""adult"", ""medal"", [], [], [], [], [""country"", ""cross"", ""skiing"", ""skiing""]]",
1682,"Sprint, Boys (YOG)",,,,youth,medal,sprint,,,,,,,YES,NO,boys,0,"["""", """", """", ""youth"", ""medal"", [""sprint""], [], [], [], [""boys""]]",
1683,"10 kilometres, Boys (YOG)",,,,youth,medal,,,10:km,,,,,YES,NO,boys,0,"["""", """", """", ""youth"", ""medal"", [], [""10:km""], [], [], [""boys""]]",
1684,"Ice Hockey, Girls (YOG)",ice hockey,ice hockey,women,youth,medal,,,,,,,,YES,NO,girls,0,"[""ice hockey"", ""ice hockey"", ""women"", ""youth"", ""medal"", [], [], [], [], [""girls""]]",fuente1
1685,"7.5 kilometres Sprint, Boys (YOG)",,,,youth,medal,sprint,,7.5:km,,,,,YES,NO,boys,0,"["""", """", """", ""youth"", ""medal"", [""sprint""], [""7.5:km""], [], [], [""boys""]]",
1686,"10 kilometres Pursuit, Boys (YOG)",biathlon,biathlon,men,youth,medal,pursuit,,10:km,,,,,YES,NO,boys,0,"[""biathlon"", ""biathlon"", ""men"", ""youth"", ""medal"", [""pursuit""], [""10:km""], [], [], [""boys""]]",fuente1
1687,"Air Rifle, 10 metres, Team, Mixed Youth (YOG)",shooting,shooting,mixed,youth,medal,mixed | team,team,10:m,,,,team,YES,NO,air | rifle,0,"[""shooting"", ""shooting"", ""mixed"", ""youth"", ""medal"", [""mixed"", ""team""], [""10:m""], [], [], [""air"", ""rifle""]]",fuente1
1688,"Heavyweight, Girls (YOG)",weightlifting,weightlifting,women,youth,medal,heavyweight,,,,,,,YES,NO,girls,0,"[""weightlifting"", ""weightlifting"", ""women"", ""youth"", ""medal"", [""heavyweight""], [], [], [], [""girls""]]",fuente1
1689,"8 × 100 metres Relay, Mixed Youth (YOG)",,,,youth,medal,mixed | relay,,100:m,,,,relay,YES,NO,8 | x,0,"["""", """", """", ""youth"", ""medal"", [""mixed"", ""relay""], [""100:m""], [], [], [""8"", ""x""]]",
1690,"Rugby Sevens, Women (Olympic)",rugby,rugby sevens,women,adult,medal,,,,,,,,NO,NO,,0,"[""rugby"", ""rugby sevens"", ""women"", ""adult"", ""medal"", [], [], [], [], []]",fuente1
1691,"Sprint, Girls (YOG)",,,,youth,medal,sprint,,,,,,,YES,NO,girls,0,"["""", """", """", ""youth"", ""medal"", [""sprint""], [], [], [], [""girls""]]",
1692,"Relay, Mixed Youth (YOG)",,,,youth,medal,mixed | relay,,,,,,relay,YES,NO,,0,"["""", """", """", ""youth"", ""medal"", [""mixed"", ""relay""], [], [], [], []]",
1693,"200 metres, Girls (YOG)",,,,youth,medal,,,200:m,,,,,YES,NO,girls,0,"["""", """", """", ""youth"", ""medal"", [], [""200:m""], [], [], [""girls""]]",
1694,"Hammer Throw, Girls (YOG)",,,,youth,medal,,,,,,,,YES,NO,girls | hammer | throw,0,"["""", """", """", ""youth"", ""medal"", [], [], [], [], [""girls"", ""hammer"", ""throw""]]",
1695,"2,000 metres Steeplechase, Girls (YOG)",,,,youth,medal,,,2000:m,,,,,YES,NO,girls | steeplechase,0,"["""", """", """", ""youth"", ""medal"", [], [""2000:m""], [], [], [""girls"", ""steeplechase""]]",
1696,"Featherweight, Women (Olympic)",,,,adult,medal,,,,,,,,NO,NO,featherweight,0,"["""", """", """", ""adult"", ""medal"", [], [], [], [], [""featherweight""]]",
1697,"≤52 kilograms, Girls (YOG)",,,,youth,medal,,,,,<=52:kg,,,YES,NO,girls,0,"["""", """", """", ""youth"", ""medal"", [], [], [""<=52:kg""], [], [""girls""]]",
1698,"Rugby Sevens, Girls (YOG)",,,,youth,medal,,,,,,,,YES,NO,girls | rugby | sevens,0,"["""", """", """", ""youth"", ""medal"", [], [], [], [], [""girls"", ""rugby"", ""sevens""]]",
1699,"≤70 kilograms, Freestyle, Girls (YOG)",,,,youth,medal,freestyle,,,,<=70:kg,,,YES,NO,girls,0,"["""", """", """", ""youth"", ""medal"", [""freestyle""], [], [""<=70:kg""], [], [""girls""]]",
1700,"Hockey 5s, Girls (YOG)",,,,youth,medal,,,,,,,,YES,NO,5s | girls | hockey,0,"["""", """", """", ""youth"", ""medal"", [], [], [], [], [""5s"", ""girls"", ""hockey""]]",
1701,">63 kilograms, Girls (YOG)",,,,youth,medal,,,,,>63:kg,,,YES,NO,girls,0,"["""", """", """", ""youth"", ""medal"", [], [], ["">63:kg""], [], [""girls""]]",
1702,"High Jump, Girls (YOG)",,,,youth,medal,,,,,,,,YES,NO,girls | high | jump,0,"["""", """", """", ""youth"", ""medal"", [], [], [], [], [""girls"", ""high"", ""jump""]]",
1703,"Single Sculls, Girls (YOG)",,,,youth,medal,single,,,,,,single,YES,NO,girls | sculls,0,"["""", """", """", ""youth"", ""medal"", [""single""], [], [], [], [""girls"", ""sculls""]]",
1704,"1,500 metres, Girls (YOG)",,,,youth,medal,,,1500:m,,,,,YES,NO,girls,0,"["""", """", """", ""youth"", ""medal"", [], [""1500:m""], [], [], [""girls""]]",
1705,"Air Pistol, 10 metres, Team, Mixed Youth (YOG)",shooting,shooting,mixed,youth,medal,mixed | team,team,10:m,,,,team,YES,NO,air | pistol,0,"[""shooting"", ""shooting"", ""mixed"", ""youth"", ""medal"", [""mixed"", ""team""], [""10:m""], [], [], [""air"", ""pistol""]]",fuente1
1706,"≤46 kilograms, Freestyle, Girls (YOG)",,,,youth,medal,freestyle,,,,<=46:kg,,,YES,NO,girls,0,"["""", """", """", ""youth"", ""medal"", [""freestyle""], [], [""<=46:kg""], [], [""girls""]]",
1707,"Javelin Throw, Girls (YOG)",,,,youth,medal,,,,,,,,YES,NO,girls | javelin | throw,0,"["""", """", """", ""youth"", ""medal"", [], [], [], [], [""girls"", ""javelin"", ""throw""]]",
1708,"Discus Throw, Girls (YOG)",,,,youth,medal,,,,,,,,YES,NO,discus | girls | throw,0,"["""", """", """", ""youth"", ""medal"", [], [], [], [], [""discus"", ""girls"", ""throw""]]",
1709,"5,000 metres Race Walk, Girls (YOG)",,,,youth,medal,,,5000:m,,,,,YES,NO,girls | race | walk,0,"["""", """", """", ""youth"", ""medal"", [], [""5000:m""], [], [], [""girls"", ""race"", ""walk""]]",
1710,"Individual, Girls (YOG)",,,,youth,medal,individual,individual,,,,,individual,YES,NO,girls,0,"["""", """", """", ""youth"", ""medal"", [""individual""], [], [], [], [""girls""]]",
1711,"Team, Mixed Youth (YOG)",,,,youth,medal,mixed | team,team,,,,,team,YES,NO,,0,"["""", """", """", ""youth"", ""medal"", [""mixed"", ""team""], [], [], [], []]",
1712,"Flyweight, Girls (YOG)",,,,youth,medal,,,,,,,,YES,NO,flyweight | girls,0,"["""", """", """", ""youth"", ""medal"", [], [], [], [], [""flyweight"", ""girls""]]",
1713,"Doubles, Mixed Youth (YOG)",badminton,badminton,mixed,youth,medal,doubles | mixed,,,,,,,YES,NO,,0,"[""badminton"", ""badminton"", ""mixed"", ""youth"", ""medal"", [""doubles"", ""mixed""], [], [], [], []]",fuente1
1714,"Sabre, Individual, Girls (YOG)",,,,youth,medal,individual,individual,,,,,individual,YES,NO,girls | sabre,0,"["""", """", """", ""youth"", ""medal"", [""individual""], [], [], [], [""girls"", ""sabre""]]",
1715,"≤49 kilograms, Girls (YOG)",,,,youth,medal,,,,,<=49:kg,,,YES,NO,girls,0,"["""", """", """", ""youth"", ""medal"", [], [], [""<=49:kg""], [], [""girls""]]",
1716,"Windsurfer, Girls (YOG)",,,,youth,medal,,,,,,,,YES,NO,girls | windsurfer,0,"["""", """", """", ""youth"", ""medal"", [], [], [], [], [""girls"", ""windsurfer""]]",
1717,"Doubles, Mixed Youth (YOG)",tennis,tennis,mixed,youth,medal,doubles | mixed,,,,,,,YES,NO,,0,"[""tennis"", ""tennis"", ""mixed"", ""youth"", ""medal"", [""doubles"", ""mixed""], [], [], [], []]",fuente1
1718,"800 metres, Girls (YOG)",,,,youth,medal,,,800:m,,,,,YES,NO,girls,0,"["""", """", """", ""youth"", ""medal"", [], [""800:m""], [], [], [""girls""]]",
1719,"Super-Heavyweight, Girls (YOG)",weightlifting,weightlifting,women,youth,medal,heavyweight,,,,,,,YES,NO,girls | super,0,"[""weightlifting"", ""weightlifting"", ""women"", ""youth"", ""medal"", [""heavyweight""], [], [], [], [""girls"", ""super""]]",fuente1
1720,"Triple Jump, Girls (YOG)",,,,youth,medal,,,,,,,,YES,NO,girls | jump | triple,0,"["""", """", """", ""youth"", ""medal"", [], [], [], [], [""girls"", ""jump"", ""triple""]]",
1721,"≤44 kilograms, Girls (YOG)",,,,youth,medal,,,,,<=44:kg,,,YES,NO,girls,0,"["""", """", """", ""youth"", ""medal"", [], [], [""<=44:kg""], [], [""girls""]]",
1722,"Middleweight, Girls (YOG)",,,,youth,medal,middleweight,,,,,,,YES,NO,girls,0,"["""", """", """", ""youth"", ""medal"", [""middleweight""], [], [], [], [""girls""]]",
1723,"Welterweight, Women (Olympic)",,,,adult,medal,,,,,,,,NO,NO,welterweight,0,"["""", """", """", ""adult"", ""medal"", [], [], [], [], [""welterweight""]]",
1724,"Épée, Individual, Girls (YOG)",,,,youth,medal,individual,individual,,,,,individual,YES,NO,epee | girls,0,"["""", """", """", ""youth"", ""medal"", [""individual""], [], [], [], [""epee"", ""girls""]]",
1725,"≤78 kilograms, Girls (YOG)",,,,youth,medal,,,,,<=78:kg,,,YES,NO,girls,0,"["""", """", """", ""youth"", ""medal"", [], [], [""<=78:kg""], [], [""girls""]]",
1726,"2,000 metres Steeplechase, Boys (YOG)",,,,youth,medal,,,2000:m,,,,,YES,NO,boys | steeplechase,0,"["""", """", """", ""youth"", ""medal"", [], [""2000:m""], [], [], [""boys"", ""steeplechase""]]",
1727,"800 metres Freestyle, Boys (YOG)",,,,youth,medal,freestyle,,800:m,,,,,YES,NO,boys,0,"["""", """", """", ""youth"", ""medal"", [""freestyle""], [""800:m""], [], [], [""boys""]]",
1728,"Rugby Sevens, Men (Olympic)",rugby,rugby sevens,men,adult,medal,,,,,,,,NO,NO,,0,"[""rugby"", ""rugby sevens"", ""men"", ""adult"", ""medal"", [], [], [], [], []]",fuente1
1729,"Windsurfer, Boys (YOG)",,,,youth,medal,,,,,,,,YES,NO,boys | windsurfer,0,"["""", """", """", ""youth"", ""medal"", [], [], [], [], [""boys"", ""windsurfer""]]",
1730,"Volleyball, Boys (YOG)",,,,youth,medal,,,,,,,,YES,NO,boys | volleyball,0,"["""", """", """", ""youth"", ""medal"", [], [], [], [], [""boys"", ""volleyball""]]",
1731,"Super-Heavyweight, Boys (YOG)",weightlifting,weightlifting,men,youth,medal,heavyweight,,,,,,,YES,NO,boys | super,0,"[""weightlifting"", ""weightlifting"", ""men"", ""youth"", ""medal"", [""heavyweight""], [], [], [], [""boys"", ""super""]]",fuente1
1732,"Shot Put, Boys (YOG)",,,,youth,medal,shot,,,,,,,YES,NO,boys | put,0,"["""", """", """", ""youth"", ""medal"", [""shot""], [], [], [], [""boys"", ""put""]]",
1733,"Individual, Boys (YOG)",,,,youth,medal,individual,individual,,,,,individual,YES,NO,boys,0,"["""", """", """", ""youth"", ""medal"", [""individual""], [], [], [], [""boys""]]",
1734,"Coxless Pairs, Boys (YOG)",,,,youth,medal,coxless | pairs,,,,,coxless,pairs,YES,NO,boys,0,"["""", """", """", ""youth"", ""medal"", [""coxless"", ""pairs""], [], [], [""coxless""], [""boys""]]",
1735,"Triple Jump, Boys (YOG)",,,,youth,medal,,,,,,,,YES,NO,boys | jump | triple,0,"["""", """", """", ""youth"", ""medal"", [], [], [], [], [""boys"", ""jump"", ""triple""]]",
1736,"Light-Flyweight, Boys (YOG)",boxing,boxing,men,youth,medal,,,,,,,,YES,NO,boys | flyweight | light,0,"[""boxing"", ""boxing"", ""men"", ""youth"", ""medal"", [], [], [], [], [""boys"", ""flyweight"", ""light""]]",fuente1
1737,"400 metres Hurdles, Boys (YOG)",athletics,athletics,men,youth,medal,,,400:m,,,,,YES,NO,boys | hurdles,0,"[""athletics"", ""athletics"", ""men"", ""youth"", ""medal"", [], [""400:m""], [], [], [""boys"", ""hurdles""]]",fuente1
1738,"Singles, Boys (YOG)",,,,youth,medal,singles,,,,,,,YES,NO,boys,0,"["""", """", """", ""youth"", ""medal"", [""singles""], [], [], [], [""boys""]]",
1739,"Doubles, Boys (YOG)",,,,youth,medal,doubles,,,,,,,YES,NO,boys,0,"["""", """", """", ""youth"", ""medal"", [""doubles""], [], [], [], [""boys""]]",
1740,"Individual, Open Youth (YOG)",,,,youth,medal,individual | open,individual,,,,,individual,YES,NO,,0,"["""", """", """", ""youth"", ""medal"", [""individual"", ""open""], [], [], [], []]",
1741,"Team, Open Youth (YOG)",,,,youth,medal,open | team,team,,,,,team,YES,NO,,0,"["""", """", """", ""youth"", ""medal"", [""open"", ""team""], [], [], [], []]",
1742,"≤100 kilograms, Boys (YOG)",,,,youth,medal,,,,,<=100:kg,,,YES,NO,boys,0,"["""", """", """", ""youth"", ""medal"", [], [], [""<=100:kg""], [], [""boys""]]",
1743,"≤55 kilograms, Boys (YOG)",,,,youth,medal,,,,,<=55:kg,,,YES,NO,boys,0,"["""", """", """", ""youth"", ""medal"", [], [], [""<=55:kg""], [], [""boys""]]",
1744,"Singles, Boys (YOG)",,,,youth,medal,singles,,,,,,,YES,NO,boys,0,"["""", """", """", ""youth"", ""medal"", [""singles""], [], [], [], [""boys""]]",
1745,"Canoe Singles, Head to Head, Boys (YOG)",,,,youth,medal,singles,,,,,,,YES,NO,boys | canoe | head | head | to,0,"["""", """", """", ""youth"", ""medal"", [""singles""], [], [], [], [""boys"", ""canoe"", ""head"", ""head"", ""to""]]",
1746,"Canoe Singles, Obstacle Slalom, Boys (YOG)",,,,youth,medal,singles,,,,,,,YES,NO,boys | canoe | obstacle | slalom,0,"["""", """", """", ""youth"", ""medal"", [""singles""], [], [], [], [""boys"", ""canoe"", ""obstacle"", ""slalom""]]",
1747,"Épée, Individual, Boys (YOG)",,,,youth,medal,individual,individual,,,,,individual,YES,NO,boys | epee,0,"["""", """", """", ""youth"", ""medal"", [""individual""], [], [], [], [""boys"", ""epee""]]",
1748,"Lightweight, Boys (YOG)",,,,youth,medal,lightweight,,,,,,,YES,NO,boys,0,"["""", """", """", ""youth"", ""medal"", [""lightweight""], [], [], [], [""boys""]]",
1749,"≤76 kilograms, Freestyle, Boys (YOG)",,,,youth,medal,freestyle,,,,<=76:kg,,,YES,NO,boys,0,"["""", """", """", ""youth"", ""medal"", [""freestyle""], [], [""<=76:kg""], [], [""boys""]]",
1750,"110 metres Hurdles, Boys (YOG)",,,,youth,medal,,,110:m,,,,,YES,NO,boys | hurdles,0,"["""", """", """", ""youth"", ""medal"", [], [""110:m""], [], [], [""boys"", ""hurdles""]]",
1751,"Heavyweight, Boys (YOG)",boxing,boxing,men,youth,medal,heavyweight,,,,,,,YES,NO,boys,0,"[""boxing"", ""boxing"", ""men"", ""youth"", ""medal"", [""heavyweight""], [], [], [], [""boys""]]",fuente1
1752,"≤81 kilograms, Boys (YOG)",,,,youth,medal,,,,,<=81:kg,,,YES,NO,boys,0,"["""", """", """", ""youth"", ""medal"", [], [], [""<=81:kg""], [], [""boys""]]",
1753,"Kayak Singles, Head to Head, Boys (YOG)",,,,youth,medal,singles,,,,,,,YES,NO,boys | head | head | kayak | to,0,"["""", """", """", ""youth"", ""medal"", [""singles""], [], [], [], [""boys"", ""head"", ""head"", ""kayak"", ""to""]]",
1754,"Kayak Singles, Obstacle Slalom, Boys (YOG)",,,,youth,medal,singles,,,,,,,YES,NO,boys | kayak | obstacle | slalom,0,"["""", """", """", ""youth"", ""medal"", [""singles""], [], [], [], [""boys"", ""kayak"", ""obstacle"", ""slalom""]]",
1755,"1,500 metres, Boys (YOG)",,,,youth,medal,,,1500:m,,,,,YES,NO,boys,0,"["""", """", """", ""youth"", ""medal"", [], [""1500:m""], [], [], [""boys""]]",
1756,"≤85 kilograms, Greco Roman, Boys (YOG)",,,,youth,medal,,,,,<=85:kg,,,YES,NO,boys | greco | roman,0,"["""", """", """", ""youth"", ""medal"", [], [], [""<=85:kg""], [], [""boys"", ""greco"", ""roman""]]",
1757,"One Person Dinghy, Boys (YOG)",,,,youth,medal,,,,,,,,YES,NO,boys | dinghy | one | person,0,"["""", """", """", ""youth"", ""medal"", [], [], [], [], [""boys"", ""dinghy"", ""one"", ""person""]]",
1758,"Handball, Boys (YOG)",,,,youth,medal,,,,,,,,YES,NO,boys | handball,0,"["""", """", """", ""youth"", ""medal"", [], [], [], [], [""boys"", ""handball""]]",
1759,"Rugby Sevens, Boys (YOG)",,,,youth,medal,,,,,,,,YES,NO,boys | rugby | sevens,0,"["""", """", """", ""youth"", ""medal"", [], [], [], [], [""boys"", ""rugby"", ""sevens""]]",
1760,"Individual, Boys (YOG)",,,,youth,medal,individual,individual,,,,,individual,YES,NO,boys,0,"["""", """", """", ""youth"", ""medal"", [""individual""], [], [], [], [""boys""]]",
1761,"≤100 kilograms, Freestyle, Boys (YOG)",,,,youth,medal,freestyle,,,,<=100:kg,,,YES,NO,boys,0,"["""", """", """", ""youth"", ""medal"", [""freestyle""], [], [""<=100:kg""], [], [""boys""]]",
1762,"≤73 kilograms, Boys (YOG)",,,,youth,medal,,,,,<=73:kg,,,YES,NO,boys,0,"["""", """", """", ""youth"", ""medal"", [], [], [""<=73:kg""], [], [""boys""]]",
1763,"≤66 kilograms, Boys (YOG)",,,,youth,medal,,,,,<=66:kg,,,YES,NO,boys,0,"["""", """", """", ""youth"", ""medal"", [], [], [""<=66:kg""], [], [""boys""]]",
1764,"Discus Throw, Boys (YOG)",,,,youth,medal,,,,,,,,YES,NO,boys | discus | throw,0,"["""", """", """", ""youth"", ""medal"", [], [], [], [], [""boys"", ""discus"", ""throw""]]",
1765,"Hammer Throw, Boys (YOG)",,,,youth,medal,,,,,,,,YES,NO,boys | hammer | throw,0,"["""", """", """", ""youth"", ""medal"", [], [], [], [], [""boys"", ""hammer"", ""throw""]]",
1766,"Combined Team, Boys (YOG)",,,,youth,medal,combined | team,team,,,,,team,YES,NO,boys,0,"["""", """", """", ""youth"", ""medal"", [""combined"", ""team""], [], [], [], [""boys""]]",
1767,"Relay, Mixed Youth (YOG)",,,,youth,medal,mixed | relay,,,,,,relay,YES,NO,,0,"["""", """", """", ""youth"", ""medal"", [""mixed"", ""relay""], [], [], [], []]",
1768,"Hockey 5s, Boys (YOG)",,,,youth,medal,,,,,,,,YES,NO,5s | boys | hockey,0,"["""", """", """", ""youth"", ""medal"", [], [], [], [], [""5s"", ""boys"", ""hockey""]]",
1769,"≤48 kilograms, Boys (YOG)",,,,youth,medal,,,,,<=48:kg,,,YES,NO,boys,0,"["""", """", """", ""youth"", ""medal"", [], [], [""<=48:kg""], [], [""boys""]]",
1770,"Sabre, Individual, Boys (YOG)",,,,youth,medal,individual,individual,,,,,individual,YES,NO,boys | sabre,0,"["""", """", """", ""youth"", ""medal"", [""individual""], [], [], [], [""boys"", ""sabre""]]",
1771,"Individual Time Trial, Men (Olympic)",,,,adult,medal,individual,individual,,,,,individual,NO,NO,time | trial,0,"["""", """", """", ""adult"", ""medal"", [""individual""], [], [], [], [""time"", ""trial""]]",
1772,"Sprint, Boys (YOG)",,,,youth,medal,sprint,,,,,,,YES,NO,boys,0,"["""", """", """", ""youth"", ""medal"", [""sprint""], [], [], [], [""boys""]]",
1773,"10 kilometres, Boys (YOG)",,,,youth,medal,,,10:km,,,,,YES,NO,boys,0,"["""", """", """", ""youth"", ""medal"", [], [""10:km""], [], [], [""boys""]]",
1774,"Cross, Boys (YOG)",,,,youth,medal,,,,,,,,YES,NO,boys | cross,0,"["""", """", """", ""youth"", ""medal"", [], [], [], [], [""boys"", ""cross""]]",
1775,Freestyle Skiing (Skiing),,,,adult,medal,freestyle,,,,,,,NO,NO,skiing | skiing,0,"["""", """", """", ""adult"", ""medal"", [""freestyle""], [], [], [], [""skiing"", ""skiing""]]",
1776,"Ski Cross, Boys (YOG)",,,,youth,medal,,,,,,,,YES,NO,boys | cross | ski,0,"["""", """", """", ""youth"", ""medal"", [], [], [], [], [""boys"", ""cross"", ""ski""]]",
1777,"Slopestyle, Girls (YOG)",,,,youth,medal,,,,,,,,YES,NO,girls | slopestyle,0,"["""", """", """", ""youth"", ""medal"", [], [], [], [], [""girls"", ""slopestyle""]]",
1778,"Halfpipe, Girls (YOG)",,,,youth,medal,,,,,,,,YES,NO,girls | halfpipe,0,"["""", """", """", ""youth"", ""medal"", [], [], [], [], [""girls"", ""halfpipe""]]",
1779,"Team, Mixed Youth (YOG)",,,,youth,medal,mixed | team,team,,,,,team,YES,NO,,0,"["""", """", """", ""youth"", ""medal"", [""mixed"", ""team""], [], [], [], []]",
1780,"Sprint, Girls (YOG)",,,,youth,medal,sprint,,,,,,,YES,NO,girls,0,"["""", """", """", ""youth"", ""medal"", [""sprint""], [], [], [], [""girls""]]",
1781,"5 kilometres, Girls (YOG)",,,,youth,medal,,,5:km,,,,,YES,NO,girls,0,"["""", """", """", ""youth"", ""medal"", [], [""5:km""], [], [], [""girls""]]",
1782,"Slopestyle, Girls (YOG)",,,,youth,medal,,,,,,,,YES,NO,girls | slopestyle,0,"["""", """", """", ""youth"", ""medal"", [], [], [], [], [""girls"", ""slopestyle""]]",
1783,"Doubles, Open Youth (YOG)",,,,youth,medal,doubles | open,,,,,,,YES,NO,,0,"["""", """", """", ""youth"", ""medal"", [""doubles"", ""open""], [], [], [], []]",
1784,"Skeleton, Girls (YOG)",,,,youth,medal,,,,,,,,YES,NO,girls | skeleton,0,"["""", """", """", ""youth"", ""medal"", [], [], [], [], [""girls"", ""skeleton""]]",
1785,"6 and 7.5 kilometres Single Relay, Mixed Youth (YOG)",,,,youth,medal,mixed | relay | single,,6/7.5:km,6/7.5:km,,,relay | single,YES,NO,,0,"["""", """", """", ""youth"", ""medal"", [""mixed"", ""relay"", ""single""], [""6/7.5:km""], [], [], []]",
1786,"Ski Cross, Girls (YOG)",,,,youth,medal,,,,,,,,YES,NO,cross | girls | ski,0,"["""", """", """", ""youth"", ""medal"", [], [], [], [], [""cross"", ""girls"", ""ski""]]",
1787,"Cross, Girls (YOG)",,,,youth,medal,,,,,,,,YES,NO,cross | girls,0,"["""", """", """", ""youth"", ""medal"", [], [], [], [], [""cross"", ""girls""]]",
1788,"Pairs, Mixed Youth (YOG)",,,,youth,medal,mixed | pairs,,,,,,pairs,YES,NO,,0,"["""", """", """", ""youth"", ""medal"", [""mixed"", ""pairs""], [], [], [], []]",
1789,"500 metres, Girls (YOG)",skating,speed skating,women,youth,medal,,,500:m,,,,,YES,NO,girls,0,"[""skating"", ""speed skating"", ""women"", ""youth"", ""medal"", [], [""500:m""], [], [], [""girls""]]",fuente1
1790,"Team Sprint, Mixed Youth (YOG)",,,,youth,medal,mixed | sprint | team,team,,,,,team,YES,NO,,0,"["""", """", """", ""youth"", ""medal"", [""mixed"", ""sprint"", ""team""], [], [], [], []]",
1791,"1,500 metres, Girls (YOG)",skating,speed skating,women,youth,medal,,,1500:m,,,,,YES,NO,girls,0,"[""skating"", ""speed skating"", ""women"", ""youth"", ""medal"", [], [""1500:m""], [], [], [""girls""]]",fuente1
1792,"Mass Start, Girls (YOG)",,,,youth,medal,,,,,,,,YES,NO,girls | mass | start,0,"["""", """", """", ""youth"", ""medal"", [], [], [], [], [""girls"", ""mass"", ""start""]]",
1793,"500 metres, Boys (YOG)",,,,youth,medal,,,500:m,,,,,YES,NO,boys,0,"["""", """", """", ""youth"", ""medal"", [], [""500:m""], [], [], [""boys""]]",
1794,"1,000 metres, Boys (YOG)",,,,youth,medal,,,1000:m,,,,,YES,NO,boys,0,"["""", """", """", ""youth"", ""medal"", [], [""1000:m""], [], [], [""boys""]]",
1795,Mixed Sports,,,,adult,medal,mixed,,,,,,,NO,NO,sports,0,"["""", """", """", ""adult"", ""medal"", [""mixed""], [], [], [], [""sports""]]",
1796,"Cross-Country Skiing / Ski Jumping / Nordic Combined Team, Mixed Youth (YOG)",,,,youth,medal,combined | mixed | team,team,,,,,team,YES,NO,country | cross | jumping | nordic | ski | skiing,0,"["""", """", """", ""youth"", ""medal"", [""combined"", ""mixed"", ""team""], [], [], [], [""country"", ""cross"", ""jumping"", ""nordic"", ""ski"", ""skiing""]]",
1797,"Cross-Country Skiing / Ski Jumping / Nordic Combined Team, Mixed Youth (YOG)",,,,youth,medal,combined | mixed | team,team,,,,,team,YES,NO,country | cross | jumping | nordic | ski | skiing,0,"["""", """", """", ""youth"", ""medal"", [""combined"", ""mixed"", ""team""], [], [], [], [""country"", ""cross"", ""jumping"", ""nordic"", ""ski"", ""skiing""]]",
1798,Ski Jumping (Skiing),,,,adult,medal,,,,,,,,NO,NO,jumping | ski | skiing,0,"["""", """", """", ""adult"", ""medal"", [], [], [], [], [""jumping"", ""ski"", ""skiing""]]",
1799,"Normal Hill, Team, Mixed Youth (YOG)",,,,youth,medal,mixed | team,team,,,,,team,YES,NO,hill | normal,0,"["""", """", """", ""youth"", ""medal"", [""mixed"", ""team""], [], [], [], [""hill"", ""normal""]]",
1800,Nordic Combined (Skiing),,,,adult,medal,combined,,,,,,,NO,NO,nordic | skiing,0,"["""", """", """", ""adult"", ""medal"", [""combined""], [], [], [], [""nordic"", ""skiing""]]",
1801,"Normal Hill / 5 km, Individual, Boys (YOG)",,,,youth,medal,individual,individual,5:km,,,,individual,YES,NO,boys | hill | normal,0,"["""", """", """", ""youth"", ""medal"", [""individual""], [""5:km""], [], [], [""boys"", ""hill"", ""normal""]]",
1802,"Normal Hill, Individual, Boys (YOG)",skiing,ski jumping,men,youth,medal,individual,individual,,,,,individual,YES,NO,boys | hill | normal,0,"[""skiing"", ""ski jumping"", ""men"", ""youth"", ""medal"", [""individual""], [], [], [], [""boys"", ""hill"", ""normal""]]",fuente1
1803,"Ice Dancing, Mixed Youth (YOG)",skating,figure skating,mixed,youth,medal,mixed,,,,,,,YES,NO,dancing | ice,0,"[""skating"", ""figure skating"", ""mixed"", ""youth"", ""medal"", [""mixed""], [], [], [], [""dancing"", ""ice""]]",fuente1
1804,"Normal Hill, Individual, Boys (YOG)",,,,youth,medal,individual,individual,,,,,individual,YES,NO,boys | hill | normal,0,"["""", """", """", ""youth"", ""medal"", [""individual""], [], [], [], [""boys"", ""hill"", ""normal""]]",
1805,"Cross, Boys (YOG)",,,,youth,medal,,,,,,,,YES,NO,boys | cross,0,"["""", """", """", ""youth"", ""medal"", [], [], [], [], [""boys"", ""cross""]]",
1806,"Freestyle/Snowboard Relay, Mixed Youth (YOG)",,,,youth,medal,freestyle | mixed | relay,,,,,,relay,YES,NO,snowboard,0,"["""", """", """", ""youth"", ""medal"", [""freestyle"", ""mixed"", ""relay""], [], [], [], [""snowboard""]]",
1807,Snowboarding (Skiing),,,,adult,medal,,,,,,,,NO,NO,skiing | snowboarding,0,"["""", """", """", ""adult"", ""medal"", [], [], [], [], [""skiing"", ""snowboarding""]]",
1808,"Cross, Girls (YOG)",,,,youth,medal,,,,,,,,YES,NO,cross | girls,0,"["""", """", """", ""youth"", ""medal"", [], [], [], [], [""cross"", ""girls""]]",
1809,"3,000 metres, Girls (YOG)",,,,youth,medal,,,3000:m,,,,,YES,NO,girls,0,"["""", """", """", ""youth"", ""medal"", [], [""3000:m""], [], [], [""girls""]]",
1810,"Doubles, Mixed Youth (YOG)",,,,youth,medal,doubles | mixed,,,,,,,YES,NO,,0,"["""", """", """", ""youth"", ""medal"", [""doubles"", ""mixed""], [], [], [], []]",
1811,"Curling, Mixed Youth (YOG)",,,,youth,medal,mixed,,,,,,,YES,NO,curling,0,"["""", """", """", ""youth"", ""medal"", [""mixed""], [], [], [], [""curling""]]",
1812,"Normal Hill, Individual, Girls (YOG)",,,,youth,medal,individual,individual,,,,,individual,YES,NO,girls | hill | normal,0,"["""", """", """", ""youth"", ""medal"", [""individual""], [], [], [], [""girls"", ""hill"", ""normal""]]",
1813,"1,500 metres, Boys (YOG)",skating,speed skating,men,youth,medal,,,1500:m,,,,,YES,NO,boys,0,"[""skating"", ""speed skating"", ""men"", ""youth"", ""medal"", [], [""1500:m""], [], [], [""boys""]]",fuente1
1814,"3,000 metres, Boys (YOG)",,,,youth,medal,,,3000:m,,,,,YES,NO,boys,0,"["""", """", """", ""youth"", ""medal"", [], [""3000:m""], [], [], [""boys""]]",
1815,"Mass Start, Boys (YOG)",,,,youth,medal,,,,,,,,YES,NO,boys | mass | start,0,"["""", """", """", ""youth"", ""medal"", [], [], [], [], [""boys"", ""mass"", ""start""]]",
1816,"3,000 metres Relay, Mixed Youth (YOG)",,,,youth,medal,mixed | relay,,3000:m,,,,relay,YES,NO,,0,"["""", """", """", ""youth"", ""medal"", [""mixed"", ""relay""], [""3000:m""], [], [], []]",
1817,"1,000 metres, Girls (YOG)",,,,youth,medal,,,1000:m,,,,,YES,NO,girls,0,"["""", """", """", ""youth"", ""medal"", [], [""1000:m""], [], [], [""girls""]]",
1818,"500 metres, Boys (YOG)",skating,speed skating,men,youth,medal,,,500:m,,,,,YES,NO,boys,0,"[""skating"", ""speed skating"", ""men"", ""youth"", ""medal"", [], [""500:m""], [], [], [""boys""]]",fuente1
1819,"Skills Challenge, Girls (YOG)",,,,youth,medal,,,,,,,,YES,NO,challenge | girls | skills,0,"["""", """", """", ""youth"", ""medal"", [], [], [], [], [""challenge"", ""girls"", ""skills""]]",
1820,"Monobob, Boys (YOG)",,,,youth,medal,,,,,,,,YES,NO,boys | monobob,0,"["""", """", """", ""youth"", ""medal"", [], [], [], [], [""boys"", ""monobob""]]",
1821,Freestyle Skiing (Skiing),,,,adult,medal,freestyle,,,,,,,NO,NO,skiing | skiing,0,"["""", """", """", ""adult"", ""medal"", [""freestyle""], [], [], [], [""skiing"", ""skiing""]]",
1822,"Ski Cross, Girls (YOG)",,,,youth,medal,,,,,,,,YES,NO,cross | girls | ski,0,"["""", """", """", ""youth"", ""medal"", [], [], [], [], [""cross"", ""girls"", ""ski""]]",
1823,"Big Air, Girls (YOG)",,,,youth,medal,,,,,,,,YES,NO,air | big | girls,0,"["""", """", """", ""youth"", ""medal"", [], [], [], [], [""air"", ""big"", ""girls""]]",
1824,"Skeleton, Boys (YOG)",,,,youth,medal,,,,,,,,YES,NO,boys | skeleton,0,"["""", """", """", ""youth"", ""medal"", [], [], [], [], [""boys"", ""skeleton""]]",
1825,"Longest time travelled (#2), Handicap, Open (Olympic (non-medal))",,,,adult,medal,open,,,,,,,NO,NO,2 | handicap | longest | time | travelled,0,"["""", """", """", ""adult"", ""medal"", [""open""], [], [], [], [""2"", ""handicap"", ""longest"", ""time"", ""travelled""]]",
1826,"Longest time travelled (#3), Open (Olympic (non-medal))",,,,adult,medal,open,,,,,,,NO,NO,3 | longest | time | travelled,0,"["""", """", """", ""adult"", ""medal"", [""open""], [], [], [], [""3"", ""longest"", ""time"", ""travelled""]]",
1827,"Closest landing to target (#3), Combined, Open (Olympic (non-medal))",,,,adult,medal,combined | open,,,,,,,NO,NO,3 | closest | landing | target | to,0,"["""", """", """", ""adult"", ""medal"", [""combined"", ""open""], [], [], [], [""3"", ""closest"", ""landing"", ""target"", ""to""]]",
1828,"Closest landing to target (#3), Intermediate stop, Open (Olympic (non-medal))",,,,adult,medal,open,,,,,,,NO,NO,3 | closest | intermediate | landing | stop | target | to,0,"["""", """", """", ""adult"", ""medal"", [""open""], [], [], [], [""3"", ""closest"", ""intermediate"", ""landing"", ""stop"", ""target"", ""to""]]",
1829,"Closest landing to target (#3), Final stop, Open (Olympic (non-medal))",,,,adult,medal,final | open,,,,,,,NO,NO,3 | closest | landing | stop | target | to,0,"["""", """", """", ""adult"", ""medal"", [""final"", ""open""], [], [], [], [""3"", ""closest"", ""landing"", ""stop"", ""target"", ""to""]]",
1830,Equestrian Driving (Equestrian),,,,adult,medal,,,,,,,,NO,NO,driving | equestrian | equestrian,0,"["""", """", """", ""adult"", ""medal"", [], [], [], [], [""driving"", ""equestrian"", ""equestrian""]]",
1831,"Four-In-Hand Competition, Open (Olympic)",,,,adult,medal,four | open,,,,,,four,NO,NO,hand | in,0,"["""", """", """", ""adult"", ""medal"", [""four"", ""open""], [], [], [], [""hand"", ""in""]]",
1832,Mixed Sports,,,,adult,medal,mixed,,,,,,,NO,NO,sports,0,"["""", """", """", ""adult"", ""medal"", [""mixed""], [], [], [], [""sports""]]",
1833,"Freestyle/Snowboard Relay, Mixed Youth (YOG)",,,,youth,medal,freestyle | mixed | relay,,,,,,relay,YES,NO,snowboard,0,"["""", """", """", ""youth"", ""medal"", [""freestyle"", ""mixed"", ""relay""], [], [], [], [""snowboard""]]",
1834,"Sprint, Girls (YOG)",,,,youth,medal,sprint,,,,,,,YES,NO,girls,0,"["""", """", """", ""youth"", ""medal"", [""sprint""], [], [], [], [""girls""]]",
1835,"Relay, Mixed Youth (YOG)",,,,youth,medal,mixed | relay,,,,,,relay,YES,NO,,0,"["""", """", """", ""youth"", ""medal"", [""mixed"", ""relay""], [], [], [], []]",
1836,"Individual, Girls (YOG)",,,,youth,medal,individual,individual,,,,,individual,YES,NO,girls,0,"["""", """", """", ""youth"", ""medal"", [""individual""], [], [], [], [""girls""]]",
1837,"Ski Cross, Boys (YOG)",,,,youth,medal,,,,,,,,YES,NO,boys | cross | ski,0,"["""", """", """", ""youth"", ""medal"", [], [], [], [], [""boys"", ""cross"", ""ski""]]",
1838,"Ski Cross, Girls (YOG)",,,,youth,medal,,,,,,,,YES,NO,cross | girls | ski,0,"["""", """", """", ""youth"", ""medal"", [], [], [], [], [""cross"", ""girls"", ""ski""]]",
1839,Mixed Sports,,,,adult,medal,mixed,,,,,,,NO,NO,sports,0,"["""", """", """", ""adult"", ""medal"", [""mixed""], [], [], [], [""sports""]]",
1840,"Freestyle/Snowboard Relay, Mixed Youth (YOG)",,,,youth,medal,freestyle | mixed | relay,,,,,,relay,YES,NO,snowboard,0,"["""", """", """", ""youth"", ""medal"", [""freestyle"", ""mixed"", ""relay""], [], [], [], [""snowboard""]]",
1841,"Monobob, Girls (YOG)",,,,youth,medal,,,,,,,,YES,NO,girls | monobob,0,"["""", """", """", ""youth"", ""medal"", [], [], [], [], [""girls"", ""monobob""]]",
1842,"10 kilometres, Girls (YOG)",,,,youth,medal,,,10:km,,,,,YES,NO,girls,0,"["""", """", """", ""youth"", ""medal"", [], [""10:km""], [], [], [""girls""]]",
1843,"12.5 kilometres, Boys (YOG)",,,,youth,medal,,,12.5:km,,,,,YES,NO,boys,0,"["""", """", """", ""youth"", ""medal"", [], [""12.5:km""], [], [], [""boys""]]",
1844,"Sprint, Girls (YOG)",,,,youth,medal,sprint,,,,,,,YES,NO,girls,0,"["""", """", """", ""youth"", ""medal"", [""sprint""], [], [], [], [""girls""]]",
1845,"5 kilometres, Girls (YOG)",biathlon,biathlon,women,youth,medal,,,5:km,,,,,YES,NO,girls,0,"[""biathlon"", ""biathlon"", ""women"", ""youth"", ""medal"", [], [""5:km""], [], [], [""girls""]]",fuente1
1846,"Cross, Girls (YOG)",,,,youth,medal,,,,,,,,YES,NO,cross | girls,0,"["""", """", """", ""youth"", ""medal"", [], [], [], [], [""cross"", ""girls""]]",
1847,"Sprint, Boys (YOG)",,,,youth,medal,sprint,,,,,,,YES,NO,boys,0,"["""", """", """", ""youth"", ""medal"", [""sprint""], [], [], [], [""boys""]]",
1848,"10 kilometres, Boys (YOG)",biathlon,biathlon,men,youth,medal,,,10:km,,,,,YES,NO,boys,0,"[""biathlon"", ""biathlon"", ""men"", ""youth"", ""medal"", [], [""10:km""], [], [], [""boys""]]",fuente1
1849,"Cross, Boys (YOG)",,,,youth,medal,,,,,,,,YES,NO,boys | cross,0,"["""", """", """", ""youth"", ""medal"", [], [], [], [], [""boys"", ""cross""]]",
1850,"Big Air, Boys (YOG)",,,,youth,medal,,,,,,,,YES,NO,air | big | boys,0,"["""", """", """", ""youth"", ""medal"", [], [], [], [], [""air"", ""big"", ""boys""]]",
1851,"3-on-3 Ice Hockey, Boys (YOG)",,,,youth,medal,,,,,,,,YES,NO,3 | 3 | boys | hockey | ice | on,0,"["""", """", """", ""youth"", ""medal"", [], [], [], [], [""3"", ""3"", ""boys"", ""hockey"", ""ice"", ""on""]]",
1852,"3-on-3 Ice Hockey, Girls (YOG)",,,,youth,medal,,,,,,,,YES,NO,3 | 3 | girls | hockey | ice | on,0,"["""", """", """", ""youth"", ""medal"", [], [], [], [], [""3"", ""3"", ""girls"", ""hockey"", ""ice"", ""on""]]",
1853,"Ice Hockey, Boys (YOG)",,,,youth,medal,,,,,,,,YES,NO,boys | hockey | ice,0,"["""", """", """", ""youth"", ""medal"", [], [], [], [], [""boys"", ""hockey"", ""ice""]]",
1854,3-on-3 Ice Hockey (Ice Hockey),,,,adult,medal,,,,,,,,NO,NO,3 | 3 | hockey | hockey | ice | ice | on,0,"["""", """", """", ""adult"", ""medal"", [], [], [], [], [""3"", ""3"", ""hockey"", ""hockey"", ""ice"", ""ice"", ""on""]]",
1855,"3-on-3 Ice Hockey, Girls (YOG)",ice hockey,ice hockey,women,youth,medal,,,,,,,,YES,NO,3 | 3 | girls | on,0,"[""ice hockey"", ""ice hockey"", ""women"", ""youth"", ""medal"", [], [], [], [], [""3"", ""3"", ""girls"", ""on""]]",fuente1
1856,"Doubles, Boys (YOG)",,,,youth,medal,doubles,,,,,,,YES,NO,boys,0,"["""", """", """", ""youth"", ""medal"", [""doubles""], [], [], [], [""boys""]]",
1857,"Doubles, Girls (YOG)",,,,youth,medal,doubles,,,,,,,YES,NO,girls,0,"["""", """", """", ""youth"", ""medal"", [""doubles""], [], [], [], [""girls""]]",
1858,"Normal Hill / 6 km, Individual, Boys (YOG)",,,,youth,medal,individual,individual,6:km,,,,individual,YES,NO,boys | hill | normal,0,"["""", """", """", ""youth"", ""medal"", [""individual""], [""6:km""], [], [], [""boys"", ""hill"", ""normal""]]",
1859,"Normal Hill, Team, Mixed Youth (YOG)",skiing,nordic combined,mixed,youth,medal,mixed | team,team,,,,,team,YES,NO,hill | normal,0,"[""skiing"", ""nordic combined"", ""mixed"", ""youth"", ""medal"", [""mixed"", ""team""], [], [], [], [""hill"", ""normal""]]",fuente1
1860,"Normal Hill / 4 km, Individual, Girls (YOG)",,,,youth,medal,individual,individual,4:km,,,,individual,YES,NO,girls | hill | normal,0,"["""", """", """", ""youth"", ""medal"", [""individual""], [""4:km""], [], [], [""girls"", ""hill"", ""normal""]]",
1861,"Normal Hill, Individual, Girls (YOG)",skiing,ski jumping,women,youth,medal,individual,individual,,,,,individual,YES,NO,girls | hill | normal,0,"[""skiing"", ""ski jumping"", ""women"", ""youth"", ""medal"", [""individual""], [], [], [], [""girls"", ""hill"", ""normal""]]",fuente1
1862,"Normal Hill, Team, Mixed Youth (YOG)",skiing,ski jumping,mixed,youth,medal,mixed | team,team,,,,,team,YES,NO,hill | normal,0,"[""skiing"", ""ski jumping"", ""mixed"", ""youth"", ""medal"", [""mixed"", ""team""], [], [], [], [""hill"", ""normal""]]",fuente1
1863,"Normal Hill / 4 km, Individual, Girls (YOG)",skiing,ski jumping,women,youth,medal,individual,individual,4:km,,,,individual,YES,NO,girls | hill | normal,0,"[""skiing"", ""ski jumping"", ""women"", ""youth"", ""medal"", [""individual""], [""4:km""], [], [], [""girls"", ""hill"", ""normal""]]",fuente1
1864,Mixed Sports,,,,adult,medal,mixed,,,,,,,NO,NO,sports,0,"["""", """", """", ""adult"", ""medal"", [""mixed""], [], [], [], [""sports""]]",
1865,"Cross-Country Skiing / Ski Jumping / Nordic Combined Team, Mixed Youth (YOG)",,,,youth,medal,combined | mixed | team,team,,,,,team,YES,NO,country | cross | jumping | nordic | ski | skiing,0,"["""", """", """", ""youth"", ""medal"", [""combined"", ""mixed"", ""team""], [], [], [], [""country"", ""cross"", ""jumping"", ""nordic"", ""ski"", ""skiing""]]",
1866,Mixed Sports,,,,adult,medal,mixed,,,,,,,NO,NO,sports,0,"["""", """", """", ""adult"", ""medal"", [""mixed""], [], [], [], [""sports""]]",
1867,"Cross-Country Skiing / Ski Jumping / Nordic Combined Team, Mixed Youth (YOG)",,,,youth,medal,combined | mixed | team,team,,,,,team,YES,NO,country | cross | jumping | nordic | ski | skiing,0,"["""", """", """", ""youth"", ""medal"", [""combined"", ""mixed"", ""team""], [], [], [], [""country"", ""cross"", ""jumping"", ""nordic"", ""ski"", ""skiing""]]",
1868,"Normal Hill / 6 km, Individual, Boys (YOG)",skiing,ski jumping,men,youth,medal,individual,individual,6:km,,,,individual,YES,NO,boys | hill | normal,0,"[""skiing"", ""ski jumping"", ""men"", ""youth"", ""medal"", [""individual""], [""6:km""], [], [], [""boys"", ""hill"", ""normal""]]",fuente1
1869,Mixed Sports,,,,adult,medal,mixed,,,,,,,NO,NO,sports,0,"["""", """", """", ""adult"", ""medal"", [""mixed""], [], [], [], [""sports""]]",
1870,"Freestyle/Snowboard Relay, Mixed Youth (YOG)",,,,youth,medal,freestyle | mixed | relay,,,,,,relay,YES,NO,snowboard,0,"["""", """", """", ""youth"", ""medal"", [""freestyle"", ""mixed"", ""relay""], [], [], [], [""snowboard""]]",
1871,"Big Air, Girls (YOG)",,,,youth,medal,,,,,,,,YES,NO,air | big | girls,0,"["""", """", """", ""youth"", ""medal"", [], [], [], [], [""air"", ""big"", ""girls""]]",
1872,"Big Air, Boys (YOG)",,,,youth,medal,,,,,,,,YES,NO,air | big | boys,0,"["""", """", """", ""youth"", ""medal"", [], [], [], [], [""air"", ""big"", ""boys""]]",
1873,"Cross, Girls (YOG)",,,,youth,medal,,,,,,,,YES,NO,cross | girls,0,"["""", """", """", ""youth"", ""medal"", [], [], [], [], [""cross"", ""girls""]]",
1874,"Sprint, Boys (YOG)",,,,youth,medal,sprint,,,,,,,YES,NO,boys,0,"["""", """", """", ""youth"", ""medal"", [""sprint""], [], [], [], [""boys""]]",
1875,"Individual, Boys (YOG)",,,,youth,medal,individual,individual,,,,,individual,YES,NO,boys,0,"["""", """", """", ""youth"", ""medal"", [""individual""], [], [], [], [""boys""]]",
1876,"Kumite, >61 kg, Women (Olympic)",,,,adult,medal,,,,,>61:kg,,,NO,NO,kumite,0,"["""", """", """", ""adult"", ""medal"", [], [], ["">61:kg""], [], [""kumite""]]",
1877,"Shortboard, Men (Olympic)",,,,adult,medal,,,,,,,,NO,NO,shortboard,0,"["""", """", """", ""adult"", ""medal"", [], [], [], [], [""shortboard""]]",
1878,"Park, Women (Olympic)",cycling,bmx freestyle,women,adult,medal,,,,,,,,NO,NO,park,0,"[""cycling"", ""bmx freestyle"", ""women"", ""adult"", ""medal"", [], [], [], [], [""park""]]",fuente1
1879,"Canadian Singles, 200 metres, Women (Olympic)",,,,adult,medal,singles,,200:m,,,,,NO,NO,canadian,0,"["""", """", """", ""adult"", ""medal"", [""singles""], [""200:m""], [], [], [""canadian""]]",
1880,"Canadian Doubles, 500 metres, Women (Olympic)",,,,adult,medal,doubles,,500:m,,,,,NO,NO,canadian,0,"["""", """", """", ""adult"", ""medal"", [""doubles""], [""500:m""], [], [], [""canadian""]]",
1881,"Combined, Women (Olympic)",sport climbing,sport climbing,women,adult,medal,combined,,,,,,,NO,NO,,0,"[""sport climbing"", ""sport climbing"", ""women"", ""adult"", ""medal"", [""combined""], [], [], [], []]",fuente1
1882,"Street, Women (Olympic)",roller sports,skateboarding,women,adult,medal,,,,,,,,NO,NO,street,0,"[""roller sports"", ""skateboarding"", ""women"", ""adult"", ""medal"", [], [], [], [], [""street""]]",fuente1
1883,"Park, Women (Olympic)",roller sports,skateboarding,women,adult,medal,,,,,,,,NO,NO,park,0,"[""roller sports"", ""skateboarding"", ""women"", ""adult"", ""medal"", [], [], [], [], [""park""]]",fuente1
1884,"Shortboard, Women (Olympic)",,,,adult,medal,,,,,,,,NO,NO,shortboard,0,"["""", """", """", ""adult"", ""medal"", [], [], [], [], [""shortboard""]]",
1885,"Park, Men (Olympic)",cycling,bmx freestyle,men,adult,medal,,,,,,,,NO,NO,park,0,"[""cycling"", ""bmx freestyle"", ""men"", ""adult"", ""medal"", [], [], [], [], [""park""]]",fuente1
1886,"Combined, Men (Olympic)",sport climbing,sport climbing,men,adult,medal,combined,,,,,,,NO,NO,,0,"[""sport climbing"", ""sport climbing"", ""men"", ""adult"", ""medal"", [""combined""], [], [], [], []]",fuente1
1887,"Kumite, ≤75 kg, Men (Olympic)",,,,adult,medal,,,,,<=75:kg,,,NO,NO,kumite,0,"["""", """", """", ""adult"", ""medal"", [], [], [""<=75:kg""], [], [""kumite""]]",
1888,"Street, Men (Olympic)",roller sports,skateboarding,men,adult,medal,,,,,,,,NO,NO,street,0,"[""roller sports"", ""skateboarding"", ""men"", ""adult"", ""medal"", [], [], [], [], [""street""]]",fuente1
1889,"Kumite, ≤55 kg, Women (Olympic)",,,,adult,medal,,,,,<=55:kg,,,NO,NO,kumite,0,"["""", """", """", ""adult"", ""medal"", [], [], [""<=55:kg""], [], [""kumite""]]",
1890,"Kumite, ≤67 kg, Men (Olympic)",,,,adult,medal,,,,,<=67:kg,,,NO,NO,kumite,0,"["""", """", """", ""adult"", ""medal"", [], [], [""<=67:kg""], [], [""kumite""]]",
1891,"3x3 Basketball, Men (Olympic)",,,,adult,medal,,,,,,,,NO,NO,3x3 | basketball,0,"["""", """", """", ""adult"", ""medal"", [], [], [], [], [""3x3"", ""basketball""]]",
1892,"3x3 Basketball, Women (Olympic)",,,,adult,medal,,,,,,,,NO,NO,3x3 | basketball,0,"["""", """", """", ""adult"", ""medal"", [], [], [], [], [""3x3"", ""basketball""]]",
1893,"Football, Girls (YOG)",,,,youth,medal,,,,,,,,YES,NO,football | girls,0,"["""", """", """", ""youth"", ""medal"", [], [], [], [], [""football"", ""girls""]]",
1894,"Kata, Men (Olympic)",karate,karate,men,adult,medal,,,,,,,,NO,NO,kata,0,"[""karate"", ""karate"", ""men"", ""adult"", ""medal"", [], [], [], [], [""kata""]]",fuente1
1895,"Kata, Women (Olympic)",karate,karate,women,adult,medal,,,,,,,,NO,NO,kata,0,"[""karate"", ""karate"", ""women"", ""adult"", ""medal"", [], [], [], [], [""kata""]]",fuente1
1896,"Individual, Boys (YOG)",,,,youth,medal,individual,individual,,,,,individual,YES,NO,boys,0,"["""", """", """", ""youth"", ""medal"", [""individual""], [], [], [], [""boys""]]",
1897,"Road Race, Individual, Men (Olympic)",,,,adult,medal,individual,individual,,,,,individual,NO,NO,race | road,0,"["""", """", """", ""adult"", ""medal"", [""individual""], [], [], [], [""race"", ""road""]]",
1898,"Normal Hill, Team, Mixed (Olympic)",skiing,nordic combined,mixed,adult,medal,mixed | team,team,,,,,team,NO,NO,hill | normal,0,"[""skiing"", ""nordic combined"", ""mixed"", ""adult"", ""medal"", [""mixed"", ""team""], [], [], [], [""hill"", ""normal""]]",fuente1
1899,"Combined, Boys (YOG)",,,,youth,medal,combined,,,,,,,YES,NO,boys,0,"["""", """", """", ""youth"", ""medal"", [""combined""], [], [], [], [""boys""]]",
1900,Basketball Men's Basketball,basketball,basketball,men,adult,medal,,,,,,,,NO,NO,,1,"[""basketball"", ""basketball"", ""men"", ""adult"", ""medal"", [], [], [], [], []]",fuente2 | fuente3 | fuente4
1901,Judo Men's Extra-Lightweight,judo,judo,men,adult,medal,lightweight,,,,,,,NO,NO,extra,0,"[""judo"", ""judo"", ""men"", ""adult"", ""medal"", [""lightweight""], [], [], [], [""extra""]]",fuente2 | fuente3 | fuente4
1902,Football Men's Football,football,football,men,adult,medal,,,,,,,,NO,NO,,1,"[""football"", ""football"", ""men"", ""adult"", ""medal"", [], [], [], [], []]",fuente2 | fuente3 | fuente4
1903,Tug-Of-War Men's Tug-Of-War,tug of war,tug of war,men,adult,medal,,,,,,,,NO,NO,,3,"[""tug of war"", ""tug of war"", ""men"", ""adult"", ""medal"", [], [], [], [], []]",fuente2 | fuente3 | fuente4
1904,Speed Skating Women's 500 metres,skating,speed skating,women,adult,medal,,,500:m,,,,,NO,NO,,0,"[""skating"", ""speed skating"", ""women"", ""adult"", ""medal"", [], [""500:m""], [], [], []]",fuente2 | fuente4
1905,"Speed Skating Women's 1,000 metres",,,,adult,medal,,,1000:m,,,,,NO,NO,skating | speed,0,"["""", """", """", ""adult"", ""medal"", [], [""1000:m""], [], [], [""skating"", ""speed""]]",
1906,Cross Country Skiing Men's 10 kilometres,skiing,cross country skiing,men,adult,medal,,,10:km,,,,,NO,NO,,0,"[""skiing"", ""cross country skiing"", ""men"", ""adult"", ""medal"", [], [""10:km""], [], [], []]",fuente2 | fuente4
1907,Cross Country Skiing Men's 50 kilometres,,,,adult,medal,,,50:km,,,,,NO,NO,country | cross | skiing,0,"["""", """", """", ""adult"", ""medal"", [], [""50:km""], [], [], [""country"", ""cross"", ""skiing""]]",
1908,Cross Country Skiing Men's 10/15 kilometres Pursuit,skiing,cross country skiing,men,adult,medal,pursuit,,10/15:km,10/15:km,,,,NO,NO,,0,"[""skiing"", ""cross country skiing"", ""men"", ""adult"", ""medal"", [""pursuit""], [""10/15:km""], [], [], []]",fuente2 | fuente4
1909,Cross Country Skiing Men's 4 x 10 kilometres Relay,skiing,cross country skiing,men,adult,medal,relay,,10:km,,,,relay,NO,NO,4 | x,0,"[""skiing"", ""cross country skiing"", ""men"", ""adult"", ""medal"", [""relay""], [""10:km""], [], [], [""4"", ""x""]]",fuente2 | fuente4
1910,Cross Country Skiing Men's 30 kilometres,,,,adult,medal,,,30:km,,,,,NO,NO,country | cross | skiing,0,"["""", """", """", ""adult"", ""medal"", [], [""30:km""], [], [], [""country"", ""cross"", ""skiing""]]",
1911,Athletics Women's 100 metres,athletics,athletics,women,adult,medal,,,100:m,,,,,NO,NO,,0,"[""athletics"", ""athletics"", ""women"", ""adult"", ""medal"", [], [""100:m""], [], [], []]",fuente2 | fuente3 | fuente4
1912,Athletics Women's 4 x 100 metres Relay,athletics,athletics,women,adult,medal,relay,,100:m,,,,relay,NO,NO,4 | x,0,"[""athletics"", ""athletics"", ""women"", ""adult"", ""medal"", [""relay""], [""100:m""], [], [], [""4"", ""x""]]",fuente2 | fuente3 | fuente4
1913,Ice Hockey Men's Ice Hockey,ice hockey,ice hockey,men,adult,medal,,,,,,,,NO,NO,,2,"[""ice hockey"", ""ice hockey"", ""men"", ""adult"", ""medal"", [], [], [], [], []]",fuente2 | fuente3 | fuente4
1914,Swimming Men's 400 metres Freestyle,,,,adult,medal,freestyle,,400:m,,,,,NO,NO,swimming,0,"["""", """", """", ""adult"", ""medal"", [""freestyle""], [""400:m""], [], [], [""swimming""]]",
1915,Badminton Men's Singles,badminton,badminton,men,adult,medal,singles,,,,,,,NO,NO,,0,"[""badminton"", ""badminton"", ""men"", ""adult"", ""medal"", [""singles""], [], [], [], []]",fuente2 | fuente3 | fuente4
1916,Sailing Women's Windsurfer,,,,adult,medal,,,,,,,,NO,NO,sailing | windsurfer,0,"["""", """", """", ""adult"", ""medal"", [], [], [], [], [""sailing"", ""windsurfer""]]",
1917,Biathlon Women's 7.5 kilometres Sprint,,,,adult,medal,sprint,,7.5:km,,,,,NO,NO,biathlon,0,"["""", """", """", ""adult"", ""medal"", [""sprint""], [""7.5:km""], [], [], [""biathlon""]]",
1918,Swimming Men's 200 metres Breaststroke,,,,adult,medal,,,200:m,,,,,NO,NO,breaststroke | swimming,0,"["""", """", """", ""adult"", ""medal"", [], [""200:m""], [], [], [""breaststroke"", ""swimming""]]",
1919,Swimming Men's 400 metres Breaststroke,,,,adult,medal,,,400:m,,,,,NO,NO,breaststroke | swimming,0,"["""", """", """", ""adult"", ""medal"", [], [""400:m""], [], [], [""breaststroke"", ""swimming""]]",
1920,Gymnastics Men's Individual All-Around,gymnastics,artistic gymnastics,men,adult,medal,individual,individual,,,,,individual,NO,NO,all | around,0,"[""gymnastics"", ""artistic gymnastics"", ""men"", ""adult"", ""medal"", [""individual""], [], [], [], [""all"", ""around""]]",fuente2 | fuente3 | fuente4
1921,Gymnastics Men's Team All-Around,gymnastics,artistic gymnastics,men,adult,medal,team,team,,,,,team,NO,NO,all | around,0,"[""gymnastics"", ""artistic gymnastics"", ""men"", ""adult"", ""medal"", [""team""], [], [], [], [""all"", ""around""]]",fuente2 | fuente3 | fuente4
1922,Gymnastics Men's Floor Exercise,gymnastics,artistic gymnastics,men,adult,medal,,,,,,,,NO,NO,exercise | floor,0,"[""gymnastics"", ""artistic gymnastics"", ""men"", ""adult"", ""medal"", [], [], [], [], [""exercise"", ""floor""]]",fuente2 | fuente3 | fuente4
1923,Gymnastics Men's Horse Vault,,,,adult,medal,,,,,,,,NO,NO,gymnastics | horse | vault,0,"["""", """", """", ""adult"", ""medal"", [], [], [], [], [""gymnastics"", ""horse"", ""vault""]]",
1924,Gymnastics Men's Parallel Bars,gymnastics,artistic gymnastics,men,adult,medal,,,,,,,,NO,NO,bars | parallel,0,"[""gymnastics"", ""artistic gymnastics"", ""men"", ""adult"", ""medal"", [], [], [], [], [""bars"", ""parallel""]]",fuente2 | fuente3 | fuente4
1925,Gymnastics Men's Horizontal Bar,gymnastics,artistic gymnastics,men,adult,medal,,,,,,,,NO,NO,bar | horizontal,0,"[""gymnastics"", ""artistic gymnastics"", ""men"", ""adult"", ""medal"", [], [], [], [], [""bar"", ""horizontal""]]",fuente2 | fuente3 | fuente4
1926,Gymnastics Men's Rings,,,,adult,medal,,,,,,,,NO,NO,gymnastics | rings,0,"["""", """", """", ""adult"", ""medal"", [], [], [], [], [""gymnastics"", ""rings""]]",
1927,Gymnastics Men's Pommelled Horse,,,,adult,medal,,,,,,,,NO,NO,gymnastics | horse | pommelled,0,"["""", """", """", ""adult"", ""medal"", [], [], [], [], [""gymnastics"", ""horse"", ""pommelled""]]",
1928,Athletics Men's Shot Put,athletics,athletics,men,adult,medal,shot,,,,,,,NO,NO,put,0,"[""athletics"", ""athletics"", ""men"", ""adult"", ""medal"", [""shot""], [], [], [], [""put""]]",fuente2 | fuente3 | fuente4
1929,"Art Competitions Mixed Sculpturing, Unknown Event",art competitions,art competitions,mixed,adult,medal,mixed,,,,,,,NO,NO,sculpturing | unknown,0,"[""art competitions"", ""art competitions"", ""mixed"", ""adult"", ""medal"", [""mixed""], [], [], [], [""sculpturing"", ""unknown""]]",fuente2 | fuente3 | fuente4
1930,Alpine Skiing Men's Downhill,,,,adult,medal,,,,,,,,NO,NO,alpine | downhill | skiing,0,"["""", """", """", ""adult"", ""medal"", [], [], [], [], [""alpine"", ""downhill"", ""skiing""]]",
1931,Alpine Skiing Men's Super G,,,,adult,medal,,,,,,,,NO,NO,alpine | g | skiing | super,0,"["""", """", """", ""adult"", ""medal"", [], [], [], [], [""alpine"", ""g"", ""skiing"", ""super""]]",
1932,Alpine Skiing Men's Giant Slalom,skiing,alpine skiing,men,adult,medal,,,,,,,,NO,NO,giant | slalom,0,"[""skiing"", ""alpine skiing"", ""men"", ""adult"", ""medal"", [], [], [], [], [""giant"", ""slalom""]]",fuente2 | fuente4
1933,Alpine Skiing Men's Slalom,skiing,alpine skiing,men,adult,medal,,,,,,,,NO,NO,slalom,0,"[""skiing"", ""alpine skiing"", ""men"", ""adult"", ""medal"", [], [], [], [], [""slalom""]]",fuente2 | fuente4
1934,Alpine Skiing Men's Combined,,,,adult,medal,combined,,,,,,,NO,NO,alpine | skiing,0,"["""", """", """", ""adult"", ""medal"", [""combined""], [], [], [], [""alpine"", ""skiing""]]",
1935,Handball Women's Handball,handball,handball,women,adult,medal,,,,,,,,NO,NO,,1,"[""handball"", ""handball"", ""women"", ""adult"", ""medal"", [], [], [], [], []]",fuente2 | fuente3 | fuente4
1936,Weightlifting Women's Super-Heavyweight,weightlifting,weightlifting,women,adult,medal,heavyweight,,,,,,,NO,NO,super,0,"[""weightlifting"", ""weightlifting"", ""women"", ""adult"", ""medal"", [""heavyweight""], [], [], [], [""super""]]",fuente2 | fuente3 | fuente4
1937,"Wrestling Men's Light-Heavyweight, Greco-Roman",wrestling,wrestling greco roman,men,adult,medal,heavyweight,,,,,,,NO,NO,light,0,"[""wrestling"", ""wrestling greco roman"", ""men"", ""adult"", ""medal"", [""heavyweight""], [], [], [], [""light""]]",fuente2 | fuente3 | fuente4
1938,Speed Skating Men's 500 metres,skating,speed skating,men,adult,medal,,,500:m,,,,,NO,NO,,0,"[""skating"", ""speed skating"", ""men"", ""adult"", ""medal"", [], [""500:m""], [], [], []]",fuente2 | fuente4
1939,"Speed Skating Men's 1,500 metres",skating,speed skating,men,adult,medal,,,1500:m,,,,,NO,NO,,0,"[""skating"", ""speed skating"", ""men"", ""adult"", ""medal"", [], [""1500:m""], [], [], []]",fuente2 | fuente4
1940,"Gymnastics Men's Team All-Around, Free System",gymnastics,artistic gymnastics,men,adult,medal,team,team,,,,,team,NO,NO,all | around | free | system,0,"[""gymnastics"", ""artistic gymnastics"", ""men"", ""adult"", ""medal"", [""team""], [], [], [], [""all"", ""around"", ""free"", ""system""]]",fuente2 | fuente3 | fuente4
1941,Luge Women's Singles,,,,adult,medal,singles,,,,,,,NO,NO,luge,0,"["""", """", """", ""adult"", ""medal"", [""singles""], [], [], [], [""luge""]]",
1942,Water Polo Men's Water Polo,aquatics,water polo,men,adult,medal,,,,,,,,NO,NO,polo | water,2,"[""aquatics"", ""water polo"", ""men"", ""adult"", ""medal"", [], [], [], [], [""polo"", ""water""]]",fuente2 | fuente3 | fuente4
1943,Sailing Mixed Three Person Keelboat,,,,adult,medal,mixed,,,,,,,NO,NO,keelboat | person | sailing | three,0,"["""", """", """", ""adult"", ""medal"", [""mixed""], [], [], [], [""keelboat"", ""person"", ""sailing"", ""three""]]",
1944,Hockey Women's Hockey,hockey,hockey,women,adult,medal,,,,,,,,NO,NO,,1,"[""hockey"", ""hockey"", ""women"", ""adult"", ""medal"", [], [], [], [], []]",fuente2 | fuente3 | fuente4
1945,Rowing Men's Lightweight Double Sculls,rowing,rowing,men,adult,medal,double | lightweight,,,,,,double,NO,NO,sculls,0,"[""rowing"", ""rowing"", ""men"", ""adult"", ""medal"", [""double"", ""lightweight""], [], [], [], [""sculls""]]",fuente2 | fuente3 | fuente4
1946,Athletics Men's Pole Vault,athletics,athletics,men,adult,medal,,,,,,,,NO,NO,pole | vault,0,"[""athletics"", ""athletics"", ""men"", ""adult"", ""medal"", [], [], [], [], [""pole"", ""vault""]]",fuente2 | fuente3 | fuente4
1947,Athletics Men's High Jump,athletics,athletics,men,adult,medal,,,,,,,,NO,NO,high | jump,0,"[""athletics"", ""athletics"", ""men"", ""adult"", ""medal"", [], [], [], [], [""high"", ""jump""]]",fuente2 | fuente3 | fuente4
1948,Sailing Men's Two Person Dinghy,,,,adult,medal,,,,,,,,NO,NO,dinghy | person | sailing | two,0,"["""", """", """", ""adult"", ""medal"", [], [], [], [], [""dinghy"", ""person"", ""sailing"", ""two""]]",
1949,"Athletics Men's 1,500 metres",athletics,athletics,men,adult,medal,,,1500:m,,,,,NO,NO,,0,"[""athletics"", ""athletics"", ""men"", ""adult"", ""medal"", [], [""1500:m""], [], [], []]",fuente2 | fuente3 | fuente4
1950,Bobsleigh Men's Four,bobsleigh,bobsleigh,men,adult,medal,four,,,,,,four,NO,NO,,0,"[""bobsleigh"", ""bobsleigh"", ""men"", ""adult"", ""medal"", [""four""], [], [], [], []]",fuente2 | fuente4
1951,Swimming Men's 100 metres Butterfly,,,,adult,medal,,,100:m,,,,,NO,NO,butterfly | swimming,0,"["""", """", """", ""adult"", ""medal"", [], [""100:m""], [], [], [""butterfly"", ""swimming""]]",
1952,Swimming Men's 200 metres Butterfly,,,,adult,medal,,,200:m,,,,,NO,NO,butterfly | swimming,0,"["""", """", """", ""adult"", ""medal"", [], [""200:m""], [], [], [""butterfly"", ""swimming""]]",
1953,Swimming Men's 4 x 100 metres Medley Relay,,,,adult,medal,relay,,100:m,,,,relay,NO,NO,4 | medley | swimming | x,0,"["""", """", """", ""adult"", ""medal"", [""relay""], [""100:m""], [], [], [""4"", ""medley"", ""swimming"", ""x""]]",
1954,Football Women's Football,football,football,women,adult,medal,,,,,,,,NO,NO,,1,"[""football"", ""football"", ""women"", ""adult"", ""medal"", [], [], [], [], []]",fuente2 | fuente3
1955,"Fencing Men's Foil, Individual",fencing,fencing,men,adult,medal,individual,individual,,,,,individual,NO,NO,foil,0,"[""fencing"", ""fencing"", ""men"", ""adult"", ""medal"", [""individual""], [], [], [], [""foil""]]",fuente2 | fuente3
1956,"Fencing Men's epee, Individual",fencing,fencing,men,adult,medal,individual,individual,,,,,individual,NO,NO,epee,0,"[""fencing"", ""fencing"", ""men"", ""adult"", ""medal"", [""individual""], [], [], [], [""epee""]]",fuente2 | fuente3
1957,"Fencing Men's epee, Team",fencing,fencing,men,adult,medal,team,team,,,,,team,NO,NO,epee,0,"[""fencing"", ""fencing"", ""men"", ""adult"", ""medal"", [""team""], [], [], [], [""epee""]]",fuente2 | fuente3
1958,"Speed Skating Men's 5,000 metres",,,,adult,medal,,,5000:m,,,,,NO,NO,skating | speed,0,"["""", """", """", ""adult"", ""medal"", [], [""5000:m""], [], [], [""skating"", ""speed""]]",
1959,"Speed Skating Men's 10,000 metres",,,,adult,medal,,,10000:m,,,,,NO,NO,skating | speed,0,"["""", """", """", ""adult"", ""medal"", [], [""10000:m""], [], [], [""skating"", ""speed""]]",
1960,Sailing Mixed 8 metres,,,,adult,medal,mixed,,8:m,,,,,NO,NO,sailing,0,"["""", """", """", ""adult"", ""medal"", [""mixed""], [""8:m""], [], [], [""sailing""]]",
1961,"Equestrianism Mixed Jumping, Individual",,,,adult,medal,individual | mixed,individual,,,,,individual,NO,NO,equestrianism | jumping,0,"["""", """", """", ""adult"", ""medal"", [""individual"", ""mixed""], [], [], [], [""equestrianism"", ""jumping""]]",
1962,Cross Country Skiing Men's 15 kilometres,skiing,cross country skiing,men,adult,medal,,,15:km,,,,,NO,NO,,0,"[""skiing"", ""cross country skiing"", ""men"", ""adult"", ""medal"", [], [""15:km""], [], [], []]",fuente2
1963,"Shooting Men's Small-Bore Rifle, Prone, 50 metres",shooting,shooting,men,adult,medal,,,50:m,,,,,NO,NO,bore | prone | rifle | small,0,"[""shooting"", ""shooting"", ""men"", ""adult"", ""medal"", [], [""50:m""], [], [], [""bore"", ""prone"", ""rifle"", ""small""]]",fuente2 | fuente3
1964,"Shooting Men's Rapid-Fire Pistol, 25 metres",,,,adult,medal,,,25:m,,,,,NO,NO,fire | pistol | rapid | shooting,0,"["""", """", """", ""adult"", ""medal"", [], [""25:m""], [], [], [""fire"", ""pistol"", ""rapid"", ""shooting""]]",
1965,Shooting Men's Trap,shooting,shooting,men,adult,medal,,,,,,,,NO,NO,trap,0,"[""shooting"", ""shooting"", ""men"", ""adult"", ""medal"", [], [], [], [], [""trap""]]",fuente2 | fuente3
1966,Athletics Men's 4 x 100 metres Relay,athletics,athletics,men,adult,medal,relay,,100:m,,,,relay,NO,NO,4 | x,0,"[""athletics"", ""athletics"", ""men"", ""adult"", ""medal"", [""relay""], [""100:m""], [], [], [""4"", ""x""]]",fuente2 | fuente3
1967,Athletics Men's Long Jump,athletics,athletics,men,adult,medal,,,,,,,,NO,NO,jump | long,0,"[""athletics"", ""athletics"", ""men"", ""adult"", ""medal"", [], [], [], [], [""jump"", ""long""]]",fuente2 | fuente3
1968,Boxing Men's Light-Welterweight,boxing,boxing,men,adult,medal,,,,,,,,NO,NO,light | welterweight,0,"[""boxing"", ""boxing"", ""men"", ""adult"", ""medal"", [], [], [], [], [""light"", ""welterweight""]]",fuente2 | fuente3
1969,Athletics Women's Javelin Throw,athletics,athletics,women,adult,medal,,,,,,,,NO,NO,javelin | throw,0,"[""athletics"", ""athletics"", ""women"", ""adult"", ""medal"", [], [], [], [], [""javelin"", ""throw""]]",fuente2 | fuente3
1970,"Wrestling Men's Heavyweight, Freestyle",wrestling,wrestling freestyle,men,adult,medal,freestyle | heavyweight,,,,,,,NO,NO,,0,"[""wrestling"", ""wrestling freestyle"", ""men"", ""adult"", ""medal"", [""freestyle"", ""heavyweight""], [], [], [], []]",fuente2 | fuente3
1971,Taekwondo Men's Flyweight,,,,adult,medal,,,,,,,,NO,NO,flyweight | taekwondo,0,"["""", """", """", ""adult"", ""medal"", [], [], [], [], [""flyweight"", ""taekwondo""]]",
1972,Boxing Men's Heavyweight,boxing,boxing,men,adult,medal,heavyweight,,,,,,,NO,NO,,0,"[""boxing"", ""boxing"", ""men"", ""adult"", ""medal"", [""heavyweight""], [], [], [], []]",fuente2 | fuente3
1973,"Athletics Men's 5,000 metres",athletics,athletics,men,adult,medal,,,5000:m,,,,,NO,NO,,0,"[""athletics"", ""athletics"", ""men"", ""adult"", ""medal"", [], [""5000:m""], [], [], []]",fuente2 | fuente3
1974,"Cycling Men's Road Race, Individual",,,,adult,medal,individual,individual,,,,,individual,NO,NO,cycling | race | road,0,"["""", """", """", ""adult"", ""medal"", [""individual""], [], [], [], [""cycling"", ""race"", ""road""]]",
1975,"Cycling Men's Road Race, Team",,,,adult,medal,team,team,,,,,team,NO,NO,cycling | race | road,0,"["""", """", """", ""adult"", ""medal"", [""team""], [], [], [], [""cycling"", ""race"", ""road""]]",
1976,Weightlifting Men's Lightweight,,,,adult,medal,lightweight,,,,,,,NO,NO,weightlifting,0,"["""", """", """", ""adult"", ""medal"", [""lightweight""], [], [], [], [""weightlifting""]]",
1977,Weightlifting Men's Middleweight,,,,adult,medal,middleweight,,,,,,,NO,NO,weightlifting,0,"["""", """", """", ""adult"", ""medal"", [""middleweight""], [], [], [], [""weightlifting""]]",
1978,Rowing Men's Coxless Pairs,,,,adult,medal,coxless | pairs,,,,,coxless,pairs,NO,NO,rowing,0,"["""", """", """", ""adult"", ""medal"", [""coxless"", ""pairs""], [], [], [""coxless""], [""rowing""]]",
1979,Judo Men's Half-Middleweight,judo,judo,men,adult,medal,middleweight,,,,,,,NO,NO,half,0,"[""judo"", ""judo"", ""men"", ""adult"", ""medal"", [""middleweight""], [], [], [], [""half""]]",fuente2 | fuente3
1980,Taekwondo Women's Flyweight,,,,adult,medal,,,,,,,,NO,NO,flyweight | taekwondo,0,"["""", """", """", ""adult"", ""medal"", [], [], [], [], [""flyweight"", ""taekwondo""]]",
1981,Boxing Men's Flyweight,boxing,boxing,men,adult,medal,,,,,,,,NO,NO,flyweight,0,"[""boxing"", ""boxing"", ""men"", ""adult"", ""medal"", [], [], [], [], [""flyweight""]]",fuente2 | fuente3
1982,Basketball Women's Basketball,basketball,basketball,women,adult,medal,,,,,,,,NO,NO,,1,"[""basketball"", ""basketball"", ""women"", ""adult"", ""medal"", [], [], [], [], []]",fuente2 | fuente3
1983,Diving Men's Platform,aquatics,diving,men,adult,medal,,,,,,,,NO,NO,platform,0,"[""aquatics"", ""diving"", ""men"", ""adult"", ""medal"", [], [], [], [], [""platform""]]",fuente2 | fuente3
1984,"Canoeing Men's Canadian Doubles, 500 metres",,,,adult,medal,doubles,,500:m,,,,,NO,NO,canadian | canoeing,0,"["""", """", """", ""adult"", ""medal"", [""doubles""], [""500:m""], [], [], [""canadian"", ""canoeing""]]",
1985,"Canoeing Men's Canadian Doubles, 1,000 metres",,,,adult,medal,doubles,,1000:m,,,,,NO,NO,canadian | canoeing,0,"["""", """", """", ""adult"", ""medal"", [""doubles""], [""1000:m""], [], [], [""canadian"", ""canoeing""]]",
1986,"Canoeing Men's Kayak Fours, 1,000 metres",,,,adult,medal,,,1000:m,,,,,NO,NO,canoeing | fours | kayak,0,"["""", """", """", ""adult"", ""medal"", [], [""1000:m""], [], [], [""canoeing"", ""fours"", ""kayak""]]",
1987,Handball Men's Handball,handball,handball,men,adult,medal,,,,,,,,NO,NO,,1,"[""handball"", ""handball"", ""men"", ""adult"", ""medal"", [], [], [], [], []]",fuente2 | fuente3
1988,Rowing Women's Coxless Pairs,,,,adult,medal,coxless | pairs,,,,,coxless,pairs,NO,NO,rowing,0,"["""", """", """", ""adult"", ""medal"", [""coxless"", ""pairs""], [], [], [""coxless""], [""rowing""]]",
1989,Boxing Men's Middleweight,boxing,boxing,men,adult,medal,middleweight,,,,,,,NO,NO,,0,"[""boxing"", ""boxing"", ""men"", ""adult"", ""medal"", [""middleweight""], [], [], [], []]",fuente2 | fuente3
1990,Judo Men's Lightweight,judo,judo,men,adult,medal,lightweight,,,,,,,NO,NO,,0,"[""judo"", ""judo"", ""men"", ""adult"", ""medal"", [""lightweight""], [], [], [], []]",fuente2 | fuente3
1991,Boxing Men's Featherweight,,,,adult,medal,,,,,,,,NO,NO,boxing | featherweight,0,"["""", """", """", ""adult"", ""medal"", [], [], [], [], [""boxing"", ""featherweight""]]",
1992,Tennis Men's Doubles,tennis,tennis,men,adult,medal,doubles,,,,,,,NO,NO,,0,"[""tennis"", ""tennis"", ""men"", ""adult"", ""medal"", [""doubles""], [], [], [], []]",fuente2 | fuente3
1993,Shooting Mixed Skeet,,,,adult,medal,mixed,,,,,,,NO,NO,shooting | skeet,0,"["""", """", """", ""adult"", ""medal"", [""mixed""], [], [], [], [""shooting"", ""skeet""]]",
1994,"Wrestling Men's Featherweight, Freestyle",,,,adult,medal,freestyle,,,,,,,NO,NO,featherweight | wrestling,0,"["""", """", """", ""adult"", ""medal"", [""freestyle""], [], [], [], [""featherweight"", ""wrestling""]]",
1995,Sailing Mixed Two Person Heavyweight Dinghy,sailing,sailing,mixed,adult,medal,heavyweight | mixed,,,,,,,NO,NO,dinghy | person | two,0,"[""sailing"", ""sailing"", ""mixed"", ""adult"", ""medal"", [""heavyweight"", ""mixed""], [], [], [], [""dinghy"", ""person"", ""two""]]",fuente2 | fuente3
1996,Athletics Women's Shot Put,athletics,athletics,women,adult,medal,shot,,,,,,,NO,NO,put,0,"[""athletics"", ""athletics"", ""women"", ""adult"", ""medal"", [""shot""], [], [], [], [""put""]]",fuente2 | fuente3
1997,Rowing Men's Coxed Eights,,,,adult,medal,coxed,,,,,coxed,,NO,NO,eights | rowing,0,"["""", """", """", ""adult"", ""medal"", [""coxed""], [], [], [""coxed""], [""eights"", ""rowing""]]",
1998,Cycling Women's Sprint,cycling,cycling track,women,adult,medal,sprint,,,,,,,NO,NO,,0,"[""cycling"", ""cycling track"", ""women"", ""adult"", ""medal"", [""sprint""], [], [], [], []]",fuente2 | fuente3
1999,Cycling Women's 500 metres Time Trial,,,,adult,medal,,,500:m,,,,,NO,NO,cycling | time | trial,0,"["""", """", """", ""adult"", ""medal"", [], [""500:m""], [], [], [""cycling"", ""time"", ""trial""]]",
2000,Athletics Men's 110 metres Hurdles,,,,adult,medal,,,110:m,,,,,NO,NO,athletics | hurdles,0,"["""", """", """", ""adult"", ""medal"", [], [""110:m""], [], [], [""athletics"", ""hurdles""]]",
2001,Shooting Mixed Trap,,,,adult,medal,mixed,,,,,,,NO,NO,shooting | trap,0,"["""", """", """", ""adult"", ""medal"", [""mixed""], [], [], [], [""shooting"", ""trap""]]",
2002,Athletics Women's Marathon,athletics,athletics,women,adult,medal,,,,,,,,NO,NO,marathon,0,"[""athletics"", ""athletics"", ""women"", ""adult"", ""medal"", [], [], [], [], [""marathon""]]",fuente2 | fuente3
2003,Athletics Men's 100 metres,athletics,athletics,men,adult,medal,,,100:m,,,,,NO,NO,,0,"[""athletics"", ""athletics"", ""men"", ""adult"", ""medal"", [], [""100:m""], [], [], []]",fuente2 | fuente3
2004,"Fencing Men's Foil, Team",fencing,fencing,men,adult,medal,team,team,,,,,team,NO,NO,foil,0,"[""fencing"", ""fencing"", ""men"", ""adult"", ""medal"", [""team""], [], [], [], [""foil""]]",fuente2 | fuente3
2005,"Fencing Men's Sabre, Team",fencing,fencing,men,adult,medal,team,team,,,,,team,NO,NO,sabre,0,"[""fencing"", ""fencing"", ""men"", ""adult"", ""medal"", [""team""], [], [], [], [""sabre""]]",fuente2 | fuente3
2006,Swimming Men's 100 metres Freestyle,aquatics,swimming,men,adult,medal,freestyle,,100:m,,,,,NO,NO,,0,"[""aquatics"", ""swimming"", ""men"", ""adult"", ""medal"", [""freestyle""], [""100:m""], [], [], []]",fuente2 | fuente3
2007,Swimming Men's 4 x 200 metres Freestyle Relay,aquatics,swimming,men,adult,medal,freestyle | relay,,200:m,,,,relay,NO,NO,4 | x,0,"[""aquatics"", ""swimming"", ""men"", ""adult"", ""medal"", [""freestyle"", ""relay""], [""200:m""], [], [], [""4"", ""x""]]",fuente2 | fuente3
2008,Boxing Men's Lightweight,,,,adult,medal,lightweight,,,,,,,NO,NO,boxing,0,"["""", """", """", ""adult"", ""medal"", [""lightweight""], [], [], [], [""boxing""]]",
2009,Modern Pentathlon Men's Individual,,,,adult,medal,individual,individual,,,,,individual,NO,NO,modern | pentathlon,0,"["""", """", """", ""adult"", ""medal"", [""individual""], [], [], [], [""modern"", ""pentathlon""]]",
2010,Boxing Men's Welterweight,boxing,boxing,men,adult,medal,,,,,,,,NO,NO,welterweight,0,"[""boxing"", ""boxing"", ""men"", ""adult"", ""medal"", [], [], [], [], [""welterweight""]]",fuente2 | fuente3
2011,Rowing Men's Quadruple Sculls,rowing,rowing,men,adult,medal,,,,,,,,NO,NO,quadruple | sculls,0,"[""rowing"", ""rowing"", ""men"", ""adult"", ""medal"", [], [], [], [], [""quadruple"", ""sculls""]]",fuente2 | fuente3
2012,Rowing Men's Double Sculls,rowing,rowing,men,adult,medal,double,,,,,,double,NO,NO,sculls,0,"[""rowing"", ""rowing"", ""men"", ""adult"", ""medal"", [""double""], [], [], [], [""sculls""]]",fuente2 | fuente3
2013,Rowing Men's Coxed Pairs,rowing,rowing,men,adult,medal,coxed | pairs,,,,,coxed,pairs,NO,NO,,0,"[""rowing"", ""rowing"", ""men"", ""adult"", ""medal"", [""coxed"", ""pairs""], [], [], [""coxed""], []]",fuente2 | fuente3
2014,Athletics Men's 400 metres Hurdles,athletics,athletics,men,adult,medal,,,400:m,,,,,NO,NO,hurdles,0,"[""athletics"", ""athletics"", ""men"", ""adult"", ""medal"", [], [""400:m""], [], [], [""hurdles""]]",fuente2 | fuente3
2015,Athletics Men's 400 metres,athletics,athletics,men,adult,medal,,,400:m,,,,,NO,NO,,0,"[""athletics"", ""athletics"", ""men"", ""adult"", ""medal"", [], [""400:m""], [], [], []]",fuente2 | fuente3
2016,Athletics Men's Hammer Throw,athletics,athletics,men,adult,medal,,,,,,,,NO,NO,hammer | throw,0,"[""athletics"", ""athletics"", ""men"", ""adult"", ""medal"", [], [], [], [], [""hammer"", ""throw""]]",fuente2 | fuente3
2017,Weightlifting Men's Featherweight,,,,adult,medal,,,,,,,,NO,NO,featherweight | weightlifting,0,"["""", """", """", ""adult"", ""medal"", [], [], [], [], [""featherweight"", ""weightlifting""]]",
2018,Athletics Men's 800 metres,,,,adult,medal,,,800:m,,,,,NO,NO,athletics,0,"["""", """", """", ""adult"", ""medal"", [], [""800:m""], [], [], [""athletics""]]",
2019,Hockey Men's Hockey,hockey,hockey,men,adult,medal,,,,,,,,NO,NO,,1,"[""hockey"", ""hockey"", ""men"", ""adult"", ""medal"", [], [], [], [], []]",fuente2 | fuente3
2020,Alpine Skiing Women's Slalom,skiing,alpine skiing,women,adult,medal,,,,,,,,NO,NO,slalom,0,"[""skiing"", ""alpine skiing"", ""women"", ""adult"", ""medal"", [], [], [], [], [""slalom""]]",fuente2
2021,Rowing Women's Single Sculls,rowing,rowing,women,adult,medal,single,,,,,,single,NO,NO,sculls,0,"[""rowing"", ""rowing"", ""women"", ""adult"", ""medal"", [""single""], [], [], [], [""sculls""]]",fuente2 | fuente3
2022,Swimming Men's 50 metres Freestyle,,,,adult,medal,freestyle,,50:m,,,,,NO,NO,swimming,0,"["""", """", """", ""adult"", ""medal"", [""freestyle""], [""50:m""], [], [], [""swimming""]]",
2023,Weightlifting Women's Featherweight,,,,adult,medal,,,,,,,,NO,NO,featherweight | weightlifting,0,"["""", """", """", ""adult"", ""medal"", [], [], [], [], [""featherweight"", ""weightlifting""]]",
2024,Water Polo Women's Water Polo,aquatics,water polo,women,adult,medal,,,,,,,,NO,NO,polo | water,2,"[""aquatics"", ""water polo"", ""women"", ""adult"", ""medal"", [], [], [], [], [""polo"", ""water""]]",fuente2 | fuente3
2025,Figure Skating Men's Singles,,,,adult,medal,singles,,,,,,,NO,NO,figure | skating,0,"["""", """", """", ""adult"", ""medal"", [""singles""], [], [], [], [""figure"", ""skating""]]",
2026,Weightlifting Men's Heavyweight,weightlifting,weightlifting,men,adult,medal,heavyweight,,,,,,,NO,NO,,0,"[""weightlifting"", ""weightlifting"", ""men"", ""adult"", ""medal"", [""heavyweight""], [], [], [], []]",fuente2 | fuente3
2027,"Equestrianism Mixed Three-Day Event, Individual",,,,adult,medal,individual | mixed,individual,,,,,individual,NO,NO,day | equestrianism | three,0,"["""", """", """", ""adult"", ""medal"", [""individual"", ""mixed""], [], [], [], [""day"", ""equestrianism"", ""three""]]",
2028,"Equestrianism Mixed Three-Day Event, Team",,,,adult,medal,mixed | team,team,,,,,team,NO,NO,day | equestrianism | three,0,"["""", """", """", ""adult"", ""medal"", [""mixed"", ""team""], [], [], [], [""day"", ""equestrianism"", ""three""]]",
2029,Figure Skating Mixed Team,,,,adult,medal,mixed | team,team,,,,,team,NO,NO,figure | skating,0,"["""", """", """", ""adult"", ""medal"", [""mixed"", ""team""], [], [], [], [""figure"", ""skating""]]",
2030,Sailing Women's Three Person Keelboat,,,,adult,medal,,,,,,,,NO,NO,keelboat | person | sailing | three,0,"["""", """", """", ""adult"", ""medal"", [], [], [], [], [""keelboat"", ""person"", ""sailing"", ""three""]]",
2031,"Cycling Women's Road Race, Individual",,,,adult,medal,individual,individual,,,,,individual,NO,NO,cycling | race | road,0,"["""", """", """", ""adult"", ""medal"", [""individual""], [], [], [], [""cycling"", ""race"", ""road""]]",
2032,Golf Women's Individual,,,,adult,medal,individual,individual,,,,,individual,NO,NO,golf,0,"["""", """", """", ""adult"", ""medal"", [""individual""], [], [], [], [""golf""]]",
2033,Softball Women's Softball,baseball softball,softball,women,adult,medal,,,,,,,,NO,NO,,1,"[""baseball softball"", ""softball"", ""women"", ""adult"", ""medal"", [], [], [], [], []]",fuente2 | fuente3
2034,Archery Women's Individual,archery,archery,women,adult,medal,individual,individual,,,,,individual,NO,NO,,0,"[""archery"", ""archery"", ""women"", ""adult"", ""medal"", [""individual""], [], [], [], []]",fuente2 | fuente3
2035,"Wrestling Men's Heavyweight, Greco-Roman",wrestling,wrestling greco roman,men,adult,medal,heavyweight,,,,,,,NO,NO,,0,"[""wrestling"", ""wrestling greco roman"", ""men"", ""adult"", ""medal"", [""heavyweight""], [], [], [], []]",fuente2 | fuente3
2036,Volleyball Men's Volleyball,volleyball,volleyball,men,adult,medal,,,,,,,,NO,NO,,1,"[""volleyball"", ""volleyball"", ""men"", ""adult"", ""medal"", [], [], [], [], []]",fuente2 | fuente3
2037,Taekwondo Women's Heavyweight,,,,adult,medal,heavyweight,,,,,,,NO,NO,taekwondo,0,"["""", """", """", ""adult"", ""medal"", [""heavyweight""], [], [], [], [""taekwondo""]]",
2038,Synchronized Swimming Women's Duet,,,,adult,medal,,,,,,,,NO,NO,duet | swimming | synchronized,0,"["""", """", """", ""adult"", ""medal"", [], [], [], [], [""duet"", ""swimming"", ""synchronized""]]",
2039,Synchronized Swimming Women's Team,,,,adult,medal,team,team,,,,,team,NO,NO,swimming | synchronized,0,"["""", """", """", ""adult"", ""medal"", [""team""], [], [], [], [""swimming"", ""synchronized""]]",
2040,Taekwondo Women's Featherweight,,,,adult,medal,,,,,,,,NO,NO,featherweight | taekwondo,0,"["""", """", """", ""adult"", ""medal"", [], [], [], [], [""featherweight"", ""taekwondo""]]",
2041,Athletics Men's Marathon,athletics,athletics,men,adult,medal,,,,,,,,NO,NO,marathon,0,"[""athletics"", ""athletics"", ""men"", ""adult"", ""medal"", [], [], [], [], [""marathon""]]",fuente2 | fuente3
2042,Athletics Men's 4 x 400 metres Relay,athletics,athletics,men,adult,medal,relay,,400:m,,,,relay,NO,NO,4 | x,0,"[""athletics"", ""athletics"", ""men"", ""adult"", ""medal"", [""relay""], [""400:m""], [], [], [""4"", ""x""]]",fuente2 | fuente3
2043,"Athletics Men's 10,000 metres",,,,adult,medal,,,10000:m,,,,,NO,NO,athletics,0,"["""", """", """", ""adult"", ""medal"", [], [""10000:m""], [], [], [""athletics""]]",
2044,"Athletics Women's 3,000 metres",athletics,athletics,women,adult,medal,,,3000:m,,,,,NO,NO,,0,"[""athletics"", ""athletics"", ""women"", ""adult"", ""medal"", [], [""3000:m""], [], [], []]",fuente2 | fuente3
2045,Diving Women's Platform,aquatics,diving,women,adult,medal,,,,,,,,NO,NO,platform,0,"[""aquatics"", ""diving"", ""women"", ""adult"", ""medal"", [], [], [], [], [""platform""]]",fuente2 | fuente3
2046,"Shooting Men's Air Rifle, 10 metres",,,,adult,medal,,,10:m,,,,,NO,NO,air | rifle | shooting,0,"["""", """", """", ""adult"", ""medal"", [], [""10:m""], [], [], [""air"", ""rifle"", ""shooting""]]",
2047,Athletics Men's 200 metres,athletics,athletics,men,adult,medal,,,200:m,,,,,NO,NO,,0,"[""athletics"", ""athletics"", ""men"", ""adult"", ""medal"", [], [""200:m""], [], [], []]",fuente2 | fuente3
2048,Weightlifting Men's Flyweight,,,,adult,medal,,,,,,,,NO,NO,flyweight | weightlifting,0,"["""", """", """", ""adult"", ""medal"", [], [], [], [], [""flyweight"", ""weightlifting""]]",
2049,Swimming Men's 100 metres Backstroke,,,,adult,medal,,,100:m,,,,,NO,NO,backstroke | swimming,0,"["""", """", """", ""adult"", ""medal"", [], [""100:m""], [], [], [""backstroke"", ""swimming""]]",
2050,Weightlifting Men's Light-Heavyweight,weightlifting,weightlifting,men,adult,medal,heavyweight,,,,,,,NO,NO,light,0,"[""weightlifting"", ""weightlifting"", ""men"", ""adult"", ""medal"", [""heavyweight""], [], [], [], [""light""]]",fuente2 | fuente3
2051,"Wrestling Men's Lightweight, Greco-Roman",,,,adult,medal,lightweight,,,,,,,NO,NO,greco | roman | wrestling,0,"["""", """", """", ""adult"", ""medal"", [""lightweight""], [], [], [], [""greco"", ""roman"", ""wrestling""]]",
2052,"Fencing Men's Sabre, Individual",fencing,fencing,men,adult,medal,individual,individual,,,,,individual,NO,NO,sabre,0,"[""fencing"", ""fencing"", ""men"", ""adult"", ""medal"", [""individual""], [], [], [], [""sabre""]]",fuente2 | fuente3
2053,"Wrestling Men's Super-Heavyweight, Greco-Roman",wrestling,wrestling greco roman,men,adult,medal,heavyweight,,,,,,,NO,NO,super,0,"[""wrestling"", ""wrestling greco roman"", ""men"", ""adult"", ""medal"", [""heavyweight""], [], [], [], [""super""]]",fuente2 | fuente3
2054,"Shooting Men's Free Pistol, 50 metres",shooting,shooting,men,adult,medal,,,50:m,,,,,NO,NO,free | pistol,0,"[""shooting"", ""shooting"", ""men"", ""adult"", ""medal"", [], [""50:m""], [], [], [""free"", ""pistol""]]",fuente2 | fuente3
2055,"Shooting Men's Air Pistol, 10 metres",,,,adult,medal,,,10:m,,,,,NO,NO,air | pistol | shooting,0,"["""", """", """", ""adult"", ""medal"", [], [""10:m""], [], [], [""air"", ""pistol"", ""shooting""]]",
2056,Rowing Men's Coxless Fours,rowing,rowing,men,adult,medal,coxless,,,,,coxless,,NO,NO,fours,0,"[""rowing"", ""rowing"", ""men"", ""adult"", ""medal"", [""coxless""], [], [], [""coxless""], [""fours""]]",fuente2 | fuente3
2057,Boxing Men's Light-Flyweight,boxing,boxing,men,adult,medal,,,,,,,,NO,NO,flyweight | light,0,"[""boxing"", ""boxing"", ""men"", ""adult"", ""medal"", [], [], [], [], [""flyweight"", ""light""]]",fuente2 | fuente3
2058,Boxing Men's Super-Heavyweight,boxing,boxing,men,adult,medal,heavyweight,,,,,,,NO,NO,super,0,"[""boxing"", ""boxing"", ""men"", ""adult"", ""medal"", [""heavyweight""], [], [], [], [""super""]]",fuente2 | fuente3
2059,"Wrestling Men's Flyweight, Greco-Roman",wrestling,wrestling greco roman,men,adult,medal,,,,,,,,NO,NO,flyweight,0,"[""wrestling"", ""wrestling greco roman"", ""men"", ""adult"", ""medal"", [], [], [], [], [""flyweight""]]",fuente2 | fuente3
2060,"Shooting Women's Air Rifle, 10 metres",,,,adult,medal,,,10:m,,,,,NO,NO,air | rifle | shooting,0,"["""", """", """", ""adult"", ""medal"", [], [""10:m""], [], [], [""air"", ""rifle"", ""shooting""]]",
2061,Weightlifting Men's Middle-Heavyweight,weightlifting,weightlifting,men,adult,medal,heavyweight,,,,,,,NO,NO,middle,0,"[""weightlifting"", ""weightlifting"", ""men"", ""adult"", ""medal"", [""heavyweight""], [], [], [], [""middle""]]",fuente2 | fuente3
2062,Athletics Men's Javelin Throw,athletics,athletics,men,adult,medal,,,,,,,,NO,NO,javelin | throw,0,"[""athletics"", ""athletics"", ""men"", ""adult"", ""medal"", [], [], [], [], [""javelin"", ""throw""]]",fuente2 | fuente3
2063,Volleyball Women's Volleyball,volleyball,volleyball,women,adult,medal,,,,,,,,NO,NO,,1,"[""volleyball"", ""volleyball"", ""women"", ""adult"", ""medal"", [], [], [], [], []]",fuente2 | fuente3
2064,"Wrestling Men's Welterweight, Greco-Roman",,,,adult,medal,,,,,,,,NO,NO,greco | roman | welterweight | wrestling,0,"["""", """", """", ""adult"", ""medal"", [], [], [], [], [""greco"", ""roman"", ""welterweight"", ""wrestling""]]",
2065,"Wrestling Men's Middleweight, Greco-Roman",wrestling,wrestling greco roman,men,adult,medal,middleweight,,,,,,,NO,NO,,0,"[""wrestling"", ""wrestling greco roman"", ""men"", ""adult"", ""medal"", [""middleweight""], [], [], [], []]",fuente2 | fuente3
2066,"Athletics Men's 3,000 metres Steeplechase",,,,adult,medal,,,3000:m,,,,,NO,NO,athletics | steeplechase,0,"["""", """", """", ""adult"", ""medal"", [], [""3000:m""], [], [], [""athletics"", ""steeplechase""]]",
2067,"Wrestling Men's Middleweight, Freestyle",,,,adult,medal,freestyle | middleweight,,,,,,,NO,NO,wrestling,0,"["""", """", """", ""adult"", ""medal"", [""freestyle"", ""middleweight""], [], [], [], [""wrestling""]]",
2068,Swimming Women's 100 metres Backstroke,,,,adult,medal,,,100:m,,,,,NO,NO,backstroke | swimming,0,"["""", """", """", ""adult"", ""medal"", [], [""100:m""], [], [], [""backstroke"", ""swimming""]]",
2069,Swimming Women's 200 metres Backstroke,,,,adult,medal,,,200:m,,,,,NO,NO,backstroke | swimming,0,"["""", """", """", ""adult"", ""medal"", [], [""200:m""], [], [], [""backstroke"", ""swimming""]]",
2070,Swimming Women's 4 x 100 metres Medley Relay,,,,adult,medal,relay,,100:m,,,,relay,NO,NO,4 | medley | swimming | x,0,"["""", """", """", ""adult"", ""medal"", [""relay""], [""100:m""], [], [], [""4"", ""medley"", ""swimming"", ""x""]]",
2071,"Wrestling Men's Light-Heavyweight, Freestyle",wrestling,wrestling freestyle,men,adult,medal,freestyle | heavyweight,,,,,,,NO,NO,light,0,"[""wrestling"", ""wrestling freestyle"", ""men"", ""adult"", ""medal"", [""freestyle"", ""heavyweight""], [], [], [], [""light""]]",fuente2 | fuente3
2072,Modern Pentathlon Men's Team,,,,adult,medal,team,team,,,,,team,NO,NO,modern | pentathlon,0,"["""", """", """", ""adult"", ""medal"", [""team""], [], [], [], [""modern"", ""pentathlon""]]",
2073,Boxing Men's Bantamweight,,,,adult,medal,,,,,,,,NO,NO,bantamweight | boxing,0,"["""", """", """", ""adult"", ""medal"", [], [], [], [], [""bantamweight"", ""boxing""]]",
2074,Athletics Women's 200 metres,,,,adult,medal,,,200:m,,,,,NO,NO,athletics,0,"["""", """", """", ""adult"", ""medal"", [], [""200:m""], [], [], [""athletics""]]",
2075,Table Tennis Women's Singles,,,,adult,medal,singles,,,,,,,NO,NO,table | tennis,0,"["""", """", """", ""adult"", ""medal"", [""singles""], [], [], [], [""table"", ""tennis""]]",
2076,Table Tennis Women's Doubles,,,,adult,medal,doubles,,,,,,,NO,NO,table | tennis,0,"["""", """", """", ""adult"", ""medal"", [""doubles""], [], [], [], [""table"", ""tennis""]]",
2077,Shooting Men's Skeet,,,,adult,medal,,,,,,,,NO,NO,shooting | skeet,0,"["""", """", """", ""adult"", ""medal"", [], [], [], [], [""shooting"", ""skeet""]]",
2078,Swimming Women's 50 metres Freestyle,,,,adult,medal,freestyle,,50:m,,,,,NO,NO,swimming,0,"["""", """", """", ""adult"", ""medal"", [""freestyle""], [""50:m""], [], [], [""swimming""]]",
2079,"Shooting Men's Small-Bore Rifle, Three Positions, 50 metres",shooting,shooting,men,adult,medal,,,50:m,,,,,NO,NO,bore | positions | rifle | small | three,0,"[""shooting"", ""shooting"", ""men"", ""adult"", ""medal"", [], [""50:m""], [], [], [""bore"", ""positions"", ""rifle"", ""small"", ""three""]]",fuente2 | fuente3
2080,Athletics Men's Triple Jump,athletics,athletics,men,adult,medal,,,,,,,,NO,NO,jump | triple,0,"[""athletics"", ""athletics"", ""men"", ""adult"", ""medal"", [], [], [], [], [""jump"", ""triple""]]",fuente2 | fuente3
2081,Weightlifting Women's Lightweight,,,,adult,medal,lightweight,,,,,,,NO,NO,weightlifting,0,"["""", """", """", ""adult"", ""medal"", [""lightweight""], [], [], [], [""weightlifting""]]",
2082,Athletics Women's Long Jump,athletics,athletics,women,adult,medal,,,,,,,,NO,NO,jump | long,0,"[""athletics"", ""athletics"", ""women"", ""adult"", ""medal"", [], [], [], [], [""jump"", ""long""]]",fuente2 | fuente3
2083,"Fencing Women's epee, Individual",fencing,fencing,women,adult,medal,individual,individual,,,,,individual,NO,NO,epee,0,"[""fencing"", ""fencing"", ""women"", ""adult"", ""medal"", [""individual""], [], [], [], [""epee""]]",fuente2 | fuente3
2084,Swimming Men's 200 metres Freestyle,aquatics,swimming,men,adult,medal,freestyle,,200:m,,,,,NO,NO,,0,"[""aquatics"", ""swimming"", ""men"", ""adult"", ""medal"", [""freestyle""], [""200:m""], [], [], []]",fuente2 | fuente3
2085,Swimming Men's 4 x 100 metres Freestyle Relay,aquatics,swimming,men,adult,medal,freestyle | relay,,100:m,,,,relay,NO,NO,4 | x,0,"[""aquatics"", ""swimming"", ""men"", ""adult"", ""medal"", [""freestyle"", ""relay""], [""100:m""], [], [], [""4"", ""x""]]",fuente2 | fuente3
2086,Swimming Men's 200 metres Backstroke,,,,adult,medal,,,200:m,,,,,NO,NO,backstroke | swimming,0,"["""", """", """", ""adult"", ""medal"", [], [""200:m""], [], [], [""backstroke"", ""swimming""]]",
2087,Swimming Men's 200 metres Individual Medley,,,,adult,medal,individual,individual,200:m,,,,individual,NO,NO,medley | swimming,0,"["""", """", """", ""adult"", ""medal"", [""individual""], [""200:m""], [], [], [""medley"", ""swimming""]]",
2088,Swimming Men's 400 metres Individual Medley,,,,adult,medal,individual,individual,400:m,,,,individual,NO,NO,medley | swimming,0,"["""", """", """", ""adult"", ""medal"", [""individual""], [""400:m""], [], [], [""medley"", ""swimming""]]",
2089,Badminton Women's Singles,badminton,badminton,women,adult,medal,singles,,,,,,,NO,NO,,0,"[""badminton"", ""badminton"", ""women"", ""adult"", ""medal"", [""singles""], [], [], [], []]",fuente2 | fuente3
2090,Boxing Men's Light-Middleweight,boxing,boxing,men,adult,medal,middleweight,,,,,,,NO,NO,light,0,"[""boxing"", ""boxing"", ""men"", ""adult"", ""medal"", [""middleweight""], [], [], [], [""light""]]",fuente2 | fuente3
2091,Tennis Men's Singles,tennis,tennis,men,adult,medal,singles,,,,,,,NO,NO,,0,"[""tennis"", ""tennis"", ""men"", ""adult"", ""medal"", [""singles""], [], [], [], []]",fuente2 | fuente3
2092,"Wrestling Men's Bantamweight, Freestyle",,,,adult,medal,freestyle,,,,,,,NO,NO,bantamweight | wrestling,0,"["""", """", """", ""adult"", ""medal"", [""freestyle""], [], [], [], [""bantamweight"", ""wrestling""]]",
2093,"Wrestling Men's Flyweight, Freestyle",wrestling,wrestling freestyle,men,adult,medal,freestyle,,,,,,,NO,NO,flyweight,0,"[""wrestling"", ""wrestling freestyle"", ""men"", ""adult"", ""medal"", [""freestyle""], [], [], [], [""flyweight""]]",fuente2 | fuente3
2094,"Athletics Women's 5,000 metres",,,,adult,medal,,,5000:m,,,,,NO,NO,athletics,0,"["""", """", """", ""adult"", ""medal"", [], [""5000:m""], [], [], [""athletics""]]",
2095,Weightlifting Women's Light-Heavyweight,weightlifting,weightlifting,women,adult,medal,heavyweight,,,,,,,NO,NO,light,0,"[""weightlifting"", ""weightlifting"", ""women"", ""adult"", ""medal"", [""heavyweight""], [], [], [], [""light""]]",fuente2 | fuente3
2096,Weightlifting Women's Heavyweight,weightlifting,weightlifting,women,adult,medal,heavyweight,,,,,,,NO,NO,,0,"[""weightlifting"", ""weightlifting"", ""women"", ""adult"", ""medal"", [""heavyweight""], [], [], [], []]",fuente2 | fuente3
2097,Athletics Men's Discus Throw,athletics,athletics,men,adult,medal,,,,,,,,NO,NO,discus | throw,0,"[""athletics"", ""athletics"", ""men"", ""adult"", ""medal"", [], [], [], [], [""discus"", ""throw""]]",fuente2 | fuente3
2098,Taekwondo Men's Featherweight,,,,adult,medal,,,,,,,,NO,NO,featherweight | taekwondo,0,"["""", """", """", ""adult"", ""medal"", [], [], [], [], [""featherweight"", ""taekwondo""]]",
2099,Taekwondo Men's Welterweight,,,,adult,medal,,,,,,,,NO,NO,taekwondo | welterweight,0,"["""", """", """", ""adult"", ""medal"", [], [], [], [], [""taekwondo"", ""welterweight""]]",
2100,Judo Men's Heavyweight,judo,judo,men,adult,medal,heavyweight,,,,,,,NO,NO,,0,"[""judo"", ""judo"", ""men"", ""adult"", ""medal"", [""heavyweight""], [], [], [], []]",fuente2 | fuente3
2101,Cycling Men's Sprint,cycling,cycling track,men,adult,medal,sprint,,,,,,,NO,NO,,0,"[""cycling"", ""cycling track"", ""men"", ""adult"", ""medal"", [""sprint""], [], [], [], []]",fuente2 | fuente3
2102,Bobsleigh Men's Two,,,,adult,medal,,,,,,,,NO,NO,bobsleigh | two,0,"["""", """", """", ""adult"", ""medal"", [], [], [], [], [""bobsleigh"", ""two""]]",
2103,"Wrestling Men's Lightweight, Freestyle",,,,adult,medal,freestyle | lightweight,,,,,,,NO,NO,wrestling,0,"["""", """", """", ""adult"", ""medal"", [""freestyle"", ""lightweight""], [], [], [], [""wrestling""]]",
2104,Nordic Combined Men's Team,,,,adult,medal,combined | team,team,,,,,team,NO,NO,nordic,0,"["""", """", """", ""adult"", ""medal"", [""combined"", ""team""], [], [], [], [""nordic""]]",
2105,Nordic Combined Men's Individual,skiing,nordic combined,men,adult,medal,combined | individual,individual,,,,,individual,NO,NO,,0,"[""skiing"", ""nordic combined"", ""men"", ""adult"", ""medal"", [""combined"", ""individual""], [], [], [], []]",fuente2
2106,Baseball Men's Baseball,baseball softball,baseball,men,adult,medal,,,,,,,,NO,NO,,1,"[""baseball softball"", ""baseball"", ""men"", ""adult"", ""medal"", [], [], [], [], []]",fuente2 | fuente3
2107,Rowing Men's Coxed Fours,rowing,rowing,men,adult,medal,coxed,,,,,coxed,,NO,NO,fours,0,"[""rowing"", ""rowing"", ""men"", ""adult"", ""medal"", [""coxed""], [], [], [""coxed""], [""fours""]]",fuente2 | fuente3
2108,Cycling Men's 100 kilometres Team Time Trial,,,,adult,medal,team,team,100:km,,,,team,NO,NO,cycling | time | trial,0,"["""", """", """", ""adult"", ""medal"", [""team""], [""100:km""], [], [], [""cycling"", ""time"", ""trial""]]",
2109,Rhythmic Gymnastics Women's Group,,,,adult,medal,,,,,,,,NO,NO,group | gymnastics | rhythmic,0,"["""", """", """", ""adult"", ""medal"", [], [], [], [], [""group"", ""gymnastics"", ""rhythmic""]]",
2110,"Art Competitions Mixed Architecture, Designs For Town Planning",art competitions,art competitions,mixed,adult,medal,mixed,,,,,,,NO,NO,architecture | designs | for | planning | town,0,"[""art competitions"", ""art competitions"", ""mixed"", ""adult"", ""medal"", [""mixed""], [], [], [], [""architecture"", ""designs"", ""for"", ""planning"", ""town""]]",fuente2 | fuente3
2111,"Art Competitions Mixed Architecture, Architectural Designs",art competitions,art competitions,mixed,adult,medal,mixed,,,,,,,NO,NO,architectural | architecture | designs,0,"[""art competitions"", ""art competitions"", ""mixed"", ""adult"", ""medal"", [""mixed""], [], [], [], [""architectural"", ""architecture"", ""designs""]]",fuente2 | fuente3
2112,Gymnastics Women's Individual All-Around,,,,adult,medal,individual,individual,,,,,individual,NO,NO,all | around | gymnastics,0,"["""", """", """", ""adult"", ""medal"", [""individual""], [], [], [], [""all"", ""around"", ""gymnastics""]]",
2113,Gymnastics Women's Team All-Around,,,,adult,medal,team,team,,,,,team,NO,NO,all | around | gymnastics,0,"["""", """", """", ""adult"", ""medal"", [""team""], [], [], [], [""all"", ""around"", ""gymnastics""]]",
2114,Gymnastics Women's Floor Exercise,gymnastics,artistic gymnastics,women,adult,medal,,,,,,,,NO,NO,exercise | floor,0,"[""gymnastics"", ""artistic gymnastics"", ""women"", ""adult"", ""medal"", [], [], [], [], [""exercise"", ""floor""]]",fuente2 | fuente3
2115,Gymnastics Women's Horse Vault,,,,adult,medal,,,,,,,,NO,NO,gymnastics | horse | vault,0,"["""", """", """", ""adult"", ""medal"", [], [], [], [], [""gymnastics"", ""horse"", ""vault""]]",
2116,Gymnastics Women's Uneven Bars,gymnastics,artistic gymnastics,women,adult,medal,,,,,,,,NO,NO,bars | uneven,0,"[""gymnastics"", ""artistic gymnastics"", ""women"", ""adult"", ""medal"", [], [], [], [], [""bars"", ""uneven""]]",fuente2 | fuente3
2117,Gymnastics Women's Balance Beam,gymnastics,artistic gymnastics,women,adult,medal,,,,,,,,NO,NO,balance | beam,0,"[""gymnastics"", ""artistic gymnastics"", ""women"", ""adult"", ""medal"", [], [], [], [], [""balance"", ""beam""]]",fuente2 | fuente3
2118,Diving Women's Springboard,aquatics,diving,women,adult,medal,,,,,,,,NO,NO,springboard,0,"[""aquatics"", ""diving"", ""women"", ""adult"", ""medal"", [], [], [], [], [""springboard""]]",fuente2 | fuente3
2119,Diving Women's Synchronized Springboard,aquatics,diving,women,adult,medal,,,,,,,,NO,NO,springboard | synchronized,0,"[""aquatics"", ""diving"", ""women"", ""adult"", ""medal"", [], [], [], [], [""springboard"", ""synchronized""]]",fuente2 | fuente3
2120,"Athletics Women's 10,000 metres",,,,adult,medal,,,10000:m,,,,,NO,NO,athletics,0,"["""", """", """", ""adult"", ""medal"", [], [""10000:m""], [], [], [""athletics""]]",
2121,Sailing Mixed 7 metres,,,,adult,medal,mixed,,7:m,,,,,NO,NO,sailing,0,"["""", """", """", ""adult"", ""medal"", [""mixed""], [""7:m""], [], [], [""sailing""]]",
2122,Judo Women's Half-Middleweight,judo,judo,women,adult,medal,middleweight,,,,,,,NO,NO,half,0,"[""judo"", ""judo"", ""women"", ""adult"", ""medal"", [""middleweight""], [], [], [], [""half""]]",fuente2 | fuente3
2123,Athletics Men's Decathlon,athletics,athletics,men,adult,medal,,,,,,,,NO,NO,decathlon,0,"[""athletics"", ""athletics"", ""men"", ""adult"", ""medal"", [], [], [], [], [""decathlon""]]",fuente2 | fuente3
2124,Biathlon Men's 10 kilometres Sprint,,,,adult,medal,sprint,,10:km,,,,,NO,NO,biathlon,0,"["""", """", """", ""adult"", ""medal"", [""sprint""], [""10:km""], [], [], [""biathlon""]]",
2125,Biathlon Men's 20 kilometres,,,,adult,medal,,,20:km,,,,,NO,NO,biathlon,0,"["""", """", """", ""adult"", ""medal"", [], [""20:km""], [], [], [""biathlon""]]",
2126,Biathlon Men's 4 x 7.5 kilometres Relay,,,,adult,medal,relay,,7.5:km,,,,relay,NO,NO,4 | biathlon | x,0,"["""", """", """", ""adult"", ""medal"", [""relay""], [""7.5:km""], [], [], [""4"", ""biathlon"", ""x""]]",
2127,Freestyle Skiing Men's Moguls,,,,adult,medal,freestyle,,,,,,,NO,NO,moguls | skiing,0,"["""", """", """", ""adult"", ""medal"", [""freestyle""], [], [], [], [""moguls"", ""skiing""]]",
2128,"Wrestling Men's Middleweight A, Greco-Roman",wrestling,wrestling greco roman,men,adult,medal,middleweight,,,,,,,NO,NO,a,0,"[""wrestling"", ""wrestling greco roman"", ""men"", ""adult"", ""medal"", [""middleweight""], [], [], [], [""a""]]",fuente2 | fuente3
2129,Athletics Women's Discus Throw,athletics,athletics,women,adult,medal,,,,,,,,NO,NO,discus | throw,0,"[""athletics"", ""athletics"", ""women"", ""adult"", ""medal"", [], [], [], [], [""discus"", ""throw""]]",fuente2 | fuente3
2130,Swimming Women's 4 x 100 metres Freestyle Relay,aquatics,swimming,women,adult,medal,freestyle | relay,,100:m,,,,relay,NO,NO,4 | x,0,"[""aquatics"", ""swimming"", ""women"", ""adult"", ""medal"", [""freestyle"", ""relay""], [""100:m""], [], [], [""4"", ""x""]]",fuente2 | fuente3
2131,"Athletics Women's 1,500 metres",,,,adult,medal,,,1500:m,,,,,NO,NO,athletics,0,"["""", """", """", ""adult"", ""medal"", [], [""1500:m""], [], [], [""athletics""]]",
2132,"Shooting Women's Air Pistol, 10 metres",,,,adult,medal,,,10:m,,,,,NO,NO,air | pistol | shooting,0,"["""", """", """", ""adult"", ""medal"", [], [""10:m""], [], [], [""air"", ""pistol"", ""shooting""]]",
2133,"Shooting Women's Sporting Pistol, 25 metres",,,,adult,medal,,,25:m,,,,,NO,NO,pistol | shooting | sporting,0,"["""", """", """", ""adult"", ""medal"", [], [""25:m""], [], [], [""pistol"", ""shooting"", ""sporting""]]",
2134,"Canoeing Men's Kayak Doubles, 500 metres",,,,adult,medal,doubles,,500:m,,,,,NO,NO,canoeing | kayak,0,"["""", """", """", ""adult"", ""medal"", [""doubles""], [""500:m""], [], [], [""canoeing"", ""kayak""]]",
2135,"Canoeing Men's Kayak Singles, 500 metres",,,,adult,medal,singles,,500:m,,,,,NO,NO,canoeing | kayak,0,"["""", """", """", ""adult"", ""medal"", [""singles""], [""500:m""], [], [], [""canoeing"", ""kayak""]]",
2136,"Canoeing Men's Kayak Singles, 1,000 metres",,,,adult,medal,singles,,1000:m,,,,,NO,NO,canoeing | kayak,0,"["""", """", """", ""adult"", ""medal"", [""singles""], [""1000:m""], [], [], [""canoeing"", ""kayak""]]",
2137,"Shooting Men's Running Target, 50 metres",,,,adult,medal,,,50:m,,,,,NO,NO,running | shooting | target,0,"["""", """", """", ""adult"", ""medal"", [], [""50:m""], [], [], [""running"", ""shooting"", ""target""]]",
2138,Judo Women's Half-Heavyweight,judo,judo,women,adult,medal,heavyweight,,,,,,,NO,NO,half,0,"[""judo"", ""judo"", ""women"", ""adult"", ""medal"", [""heavyweight""], [], [], [], [""half""]]",fuente2 | fuente3
2139,Athletics Women's Pole Vault,athletics,athletics,women,adult,medal,,,,,,,,NO,NO,pole | vault,0,"[""athletics"", ""athletics"", ""women"", ""adult"", ""medal"", [], [], [], [], [""pole"", ""vault""]]",fuente2 | fuente3
2140,Rugby Sevens Women's Rugby Sevens,rugby,rugby sevens,women,adult,medal,,,,,,,,NO,NO,sevens,2,"[""rugby"", ""rugby sevens"", ""women"", ""adult"", ""medal"", [], [], [], [], [""sevens""]]",fuente2 | fuente3
2141,Table Tennis Men's Team,,,,adult,medal,team,team,,,,,team,NO,NO,table | tennis,0,"["""", """", """", ""adult"", ""medal"", [""team""], [], [], [], [""table"", ""tennis""]]",
2142,Figure Skating Mixed Pairs,,,,adult,medal,mixed | pairs,,,,,,pairs,NO,NO,figure | skating,0,"["""", """", """", ""adult"", ""medal"", [""mixed"", ""pairs""], [], [], [], [""figure"", ""skating""]]",
2143,Freestyle Skiing Men's Aerials,,,,adult,medal,freestyle,,,,,,,NO,NO,aerials | skiing,0,"["""", """", """", ""adult"", ""medal"", [""freestyle""], [], [], [], [""aerials"", ""skiing""]]",
2144,Rowing Women's Coxed Eights,,,,adult,medal,coxed,,,,,coxed,,NO,NO,eights | rowing,0,"["""", """", """", ""adult"", ""medal"", [""coxed""], [], [], [""coxed""], [""eights"", ""rowing""]]",
2145,Athletics Women's 4 x 400 metres Relay,athletics,athletics,women,adult,medal,relay,,400:m,,,,relay,NO,NO,4 | x,0,"[""athletics"", ""athletics"", ""women"", ""adult"", ""medal"", [""relay""], [""400:m""], [], [], [""4"", ""x""]]",fuente2 | fuente3
2146,Alpine Skiing Women's Giant Slalom,skiing,alpine skiing,women,adult,medal,,,,,,,,NO,NO,giant | slalom,0,"[""skiing"", ""alpine skiing"", ""women"", ""adult"", ""medal"", [], [], [], [], [""giant"", ""slalom""]]",fuente2
2147,Alpine Skiing Women's Super G,,,,adult,medal,,,,,,,,NO,NO,alpine | g | skiing | super,0,"["""", """", """", ""adult"", ""medal"", [], [], [], [], [""alpine"", ""g"", ""skiing"", ""super""]]",
2148,Cross Country Skiing Women's 5 kilometres,skiing,cross country skiing,women,adult,medal,,,5:km,,,,,NO,NO,,0,"[""skiing"", ""cross country skiing"", ""women"", ""adult"", ""medal"", [], [""5:km""], [], [], []]",fuente2
2149,Cross Country Skiing Women's 10 kilometres,skiing,cross country skiing,women,adult,medal,,,10:km,,,,,NO,NO,,0,"[""skiing"", ""cross country skiing"", ""women"", ""adult"", ""medal"", [], [""10:km""], [], [], []]",fuente2
2150,Cross Country Skiing Women's 20 kilometres,,,,adult,medal,,,20:km,,,,,NO,NO,country | cross | skiing,0,"["""", """", """", ""adult"", ""medal"", [], [""20:km""], [], [], [""country"", ""cross"", ""skiing""]]",
2151,"Cycling Men's 1,000 metres Time Trial",,,,adult,medal,,,1000:m,,,,,NO,NO,cycling | time | trial,0,"["""", """", """", ""adult"", ""medal"", [], [""1000:m""], [], [], [""cycling"", ""time"", ""trial""]]",
2152,"Cycling Men's Individual Pursuit, 4,000 metres",,,,adult,medal,individual | pursuit,individual,4000:m,,,,individual,NO,NO,cycling,0,"["""", """", """", ""adult"", ""medal"", [""individual"", ""pursuit""], [""4000:m""], [], [], [""cycling""]]",
2153,"Wrestling Men's Welterweight, Freestyle",,,,adult,medal,freestyle,,,,,,,NO,NO,welterweight | wrestling,0,"["""", """", """", ""adult"", ""medal"", [""freestyle""], [], [], [], [""welterweight"", ""wrestling""]]",
2154,"Wrestling Men's Bantamweight, Greco-Roman",,,,adult,medal,,,,,,,,NO,NO,bantamweight | greco | roman | wrestling,0,"["""", """", """", ""adult"", ""medal"", [], [], [], [], [""bantamweight"", ""greco"", ""roman"", ""wrestling""]]",
2155,Rowing Women's Lightweight Double Sculls,rowing,rowing,women,adult,medal,double | lightweight,,,,,,double,NO,NO,sculls,0,"[""rowing"", ""rowing"", ""women"", ""adult"", ""medal"", [""double"", ""lightweight""], [], [], [], [""sculls""]]",fuente2 | fuente3
2156,Athletics Women's 800 metres,,,,adult,medal,,,800:m,,,,,NO,NO,athletics,0,"["""", """", """", ""adult"", ""medal"", [], [""800:m""], [], [], [""athletics""]]",
2157,Rowing Women's Coxed Quadruple Sculls,rowing,rowing,women,adult,medal,coxed,,,,,coxed,,NO,NO,quadruple | sculls,0,"[""rowing"", ""rowing"", ""women"", ""adult"", ""medal"", [""coxed""], [], [], [""coxed""], [""quadruple"", ""sculls""]]",fuente2 | fuente3
2158,Biathlon Men's 12.5 kilometres Pursuit,,,,adult,medal,pursuit,,12.5:km,,,,,NO,NO,biathlon,0,"["""", """", """", ""adult"", ""medal"", [""pursuit""], [""12.5:km""], [], [], [""biathlon""]]",
2159,Biathlon Mixed 2 x 6 kilometres and 2 x 7.5 kilometres Relay,biathlon,biathlon,mixed,adult,medal,mixed | relay,,6:km | 7.5:km,,,,relay,NO,NO,2 | 2 | and | x | x,0,"[""biathlon"", ""biathlon"", ""mixed"", ""adult"", ""medal"", [""mixed"", ""relay""], [""6:km"", ""7.5:km""], [], [], [""2"", ""2"", ""and"", ""x"", ""x""]]",fuente2
2160,Rhythmic Gymnastics Women's Individual,,,,adult,medal,individual,individual,,,,,individual,NO,NO,gymnastics | rhythmic,0,"["""", """", """", ""adult"", ""medal"", [""individual""], [], [], [], [""gymnastics"", ""rhythmic""]]",
2161,"Canoeing Men's Kayak Singles, Slalom",,,,adult,medal,singles,,,,,,,NO,NO,canoeing | kayak | slalom,0,"["""", """", """", ""adult"", ""medal"", [""singles""], [], [], [], [""canoeing"", ""kayak"", ""slalom""]]",
2162,Archery Men's Individual,archery,archery,men,adult,medal,individual,individual,,,,,individual,NO,NO,,0,"[""archery"", ""archery"", ""men"", ""adult"", ""medal"", [""individual""], [], [], [], []]",fuente2 | fuente3
2163,Archery Men's Team,archery,archery,men,adult,medal,team,team,,,,,team,NO,NO,,0,"[""archery"", ""archery"", ""men"", ""adult"", ""medal"", [""team""], [], [], [], []]",fuente2 | fuente3
2164,"Speed Skating Women's 1,500 metres",skating,speed skating,women,adult,medal,,,1500:m,,,,,NO,NO,,0,"[""skating"", ""speed skating"", ""women"", ""adult"", ""medal"", [], [""1500:m""], [], [], []]",fuente2
2165,Speed Skating Women's Team Pursuit (6 laps),,,,adult,medal,pursuit | team,team,,,,,team,NO,NO,6 | laps | skating | speed,0,"["""", """", """", ""adult"", ""medal"", [""pursuit"", ""team""], [], [], [], [""6"", ""laps"", ""skating"", ""speed""]]",
2166,Cross Country Skiing Men's Sprint,skiing,cross country skiing,men,adult,medal,sprint,,,,,,,NO,NO,,0,"[""skiing"", ""cross country skiing"", ""men"", ""adult"", ""medal"", [""sprint""], [], [], [], []]",fuente2
2167,Athletics Women's 400 metres,athletics,athletics,women,adult,medal,,,400:m,,,,,NO,NO,,0,"[""athletics"", ""athletics"", ""women"", ""adult"", ""medal"", [], [""400:m""], [], [], []]",fuente2 | fuente3
2168,Figure Skating Women's Singles,,,,adult,medal,singles,,,,,,,NO,NO,figure | skating,0,"["""", """", """", ""adult"", ""medal"", [""singles""], [], [], [], [""figure"", ""skating""]]",
2169,"Speed Skating Men's 1,000 metres",,,,adult,medal,,,1000:m,,,,,NO,NO,skating | speed,0,"["""", """", """", ""adult"", ""medal"", [], [""1000:m""], [], [], [""skating"", ""speed""]]",
2170,Trampolining Men's Individual,,,,adult,medal,individual,individual,,,,,individual,NO,NO,trampolining,0,"["""", """", """", ""adult"", ""medal"", [""individual""], [], [], [], [""trampolining""]]",
2171,Beach Volleyball Men's Beach Volleyball,volleyball,beach volleyball,men,adult,medal,,,,,,,,NO,NO,beach,2,"[""volleyball"", ""beach volleyball"", ""men"", ""adult"", ""medal"", [], [], [], [], [""beach""]]",fuente2 | fuente3
2172,"Cycling Women's Mountainbike, Cross-Country",,,,adult,medal,,,,,,,,NO,NO,country | cross | cycling | mountainbike,0,"["""", """", """", ""adult"", ""medal"", [], [], [], [], [""country"", ""cross"", ""cycling"", ""mountainbike""]]",
2173,"Athletics Men's Javelin Throw, Both Hands",athletics,athletics,men,adult,medal,,,,,,,,NO,NO,both | hands | javelin | throw,0,"[""athletics"", ""athletics"", ""men"", ""adult"", ""medal"", [], [], [], [], [""both"", ""hands"", ""javelin"", ""throw""]]",fuente2 | fuente3
2174,Triathlon Women's Olympic Distance,,,,adult,medal,,,,,,,,NO,NO,distance | triathlon,0,"["""", """", """", ""adult"", ""medal"", [], [], [], [], [""distance"", ""triathlon""]]",
2175,Gymnastics Women's Team Portable Apparatus,,,,adult,medal,team,team,,,,,team,NO,NO,apparatus | gymnastics | portable,0,"["""", """", """", ""adult"", ""medal"", [""team""], [], [], [], [""apparatus"", ""gymnastics"", ""portable""]]",
2176,"Cycling Men's Mountainbike, Cross-Country",,,,adult,medal,,,,,,,,NO,NO,country | cross | cycling | mountainbike,0,"["""", """", """", ""adult"", ""medal"", [], [], [], [], [""country"", ""cross"", ""cycling"", ""mountainbike""]]",
2177,Athletics Women's 400 metres Hurdles,athletics,athletics,women,adult,medal,,,400:m,,,,,NO,NO,hurdles,0,"[""athletics"", ""athletics"", ""women"", ""adult"", ""medal"", [], [""400:m""], [], [], [""hurdles""]]",fuente2 | fuente3
2178,Diving Men's Springboard,aquatics,diving,men,adult,medal,,,,,,,,NO,NO,springboard,0,"[""aquatics"", ""diving"", ""men"", ""adult"", ""medal"", [], [], [], [], [""springboard""]]",fuente2 | fuente3
2179,"Wrestling Men's Featherweight, Greco-Roman",,,,adult,medal,,,,,,,,NO,NO,featherweight | greco | roman | wrestling,0,"["""", """", """", ""adult"", ""medal"", [], [], [], [], [""featherweight"", ""greco"", ""roman"", ""wrestling""]]",
2180,Table Tennis Men's Singles,,,,adult,medal,singles,,,,,,,NO,NO,table | tennis,0,"["""", """", """", ""adult"", ""medal"", [""singles""], [], [], [], [""table"", ""tennis""]]",
2181,Art Competitions Mixed Painting,art competitions,art competitions,mixed,adult,medal,mixed,,,,,,,NO,NO,painting,0,"[""art competitions"", ""art competitions"", ""mixed"", ""adult"", ""medal"", [""mixed""], [], [], [], [""painting""]]",fuente2 | fuente3
2182,Cross Country Skiing Women's 3 x 5 kilometres Relay,skiing,cross country skiing,women,adult,medal,relay,,5:km,,,,relay,NO,NO,3 | x,0,"[""skiing"", ""cross country skiing"", ""women"", ""adult"", ""medal"", [""relay""], [""5:km""], [], [], [""3"", ""x""]]",fuente2
2183,Judo Men's Open Class,,,,adult,medal,open,,,,,,,NO,NO,class | judo,0,"["""", """", """", ""adult"", ""medal"", [""open""], [], [], [], [""class"", ""judo""]]",
2184,Rowing Women's Quadruple Sculls,rowing,rowing,women,adult,medal,,,,,,,,NO,NO,quadruple | sculls,0,"[""rowing"", ""rowing"", ""women"", ""adult"", ""medal"", [], [], [], [], [""quadruple"", ""sculls""]]",fuente2 | fuente3
2185,"Gymnastics Men's Team All-Around, Swedish System",gymnastics,artistic gymnastics,men,adult,medal,team,team,,,,,team,NO,NO,all | around | swedish | system,0,"[""gymnastics"", ""artistic gymnastics"", ""men"", ""adult"", ""medal"", [""team""], [], [], [], [""all"", ""around"", ""swedish"", ""system""]]",fuente2 | fuente3
2186,Nordic Combined Men's Sprint,,,,adult,medal,combined | sprint,,,,,,,NO,NO,nordic,0,"["""", """", """", ""adult"", ""medal"", [""combined"", ""sprint""], [], [], [], [""nordic""]]",
2187,Athletics Women's Pentathlon,,,,adult,medal,,,,,,,,NO,NO,athletics | pentathlon,0,"["""", """", """", ""adult"", ""medal"", [], [], [], [], [""athletics"", ""pentathlon""]]",
2188,"Art Competitions Mixed Painting, Unknown Event",art competitions,art competitions,mixed,adult,medal,mixed,,,,,,,NO,NO,painting | unknown,0,"[""art competitions"", ""art competitions"", ""mixed"", ""adult"", ""medal"", [""mixed""], [], [], [], [""painting"", ""unknown""]]",fuente2 | fuente3
2189,"Cycling Men's Team Pursuit, 4,000 metres",,,,adult,medal,pursuit | team,team,4000:m,,,,team,NO,NO,cycling,0,"["""", """", """", ""adult"", ""medal"", [""pursuit"", ""team""], [""4000:m""], [], [], [""cycling""]]",
2190,Weightlifting Women's Middleweight,,,,adult,medal,middleweight,,,,,,,NO,NO,weightlifting,0,"["""", """", """", ""adult"", ""medal"", [""middleweight""], [], [], [], [""weightlifting""]]",
2191,"Swimming Men's 1,500 metres Freestyle",aquatics,swimming,men,adult,medal,freestyle,,1500:m,,,,,NO,NO,,0,"[""aquatics"", ""swimming"", ""men"", ""adult"", ""medal"", [""freestyle""], [""1500:m""], [], [], []]",fuente2 | fuente3
2192,"Wrestling Women's Light-Heavyweight, Freestyle",wrestling,wrestling freestyle,women,adult,medal,freestyle | heavyweight,,,,,,,NO,NO,light,0,"[""wrestling"", ""wrestling freestyle"", ""women"", ""adult"", ""medal"", [""freestyle"", ""heavyweight""], [], [], [], [""light""]]",fuente2 | fuente3
2193,Swimming Women's 100 metres Freestyle,aquatics,swimming,women,adult,medal,freestyle,,100:m,,,,,NO,NO,,0,"[""aquatics"", ""swimming"", ""women"", ""adult"", ""medal"", [""freestyle""], [""100:m""], [], [], []]",fuente2 | fuente3
2194,"Equestrianism Men's Jumping, Individual",,,,adult,medal,individual,individual,,,,,individual,NO,NO,equestrianism | jumping,0,"["""", """", """", ""adult"", ""medal"", [""individual""], [], [], [], [""equestrianism"", ""jumping""]]",
2195,"Equestrianism Men's Jumping, Team",,,,adult,medal,team,team,,,,,team,NO,NO,equestrianism | jumping,0,"["""", """", """", ""adult"", ""medal"", [""team""], [], [], [], [""equestrianism"", ""jumping""]]",
2196,"Equestrianism Men's Three-Day Event, Individual",,,,adult,medal,individual,individual,,,,,individual,NO,NO,day | equestrianism | three,0,"["""", """", """", ""adult"", ""medal"", [""individual""], [], [], [], [""day"", ""equestrianism"", ""three""]]",
2197,"Equestrianism Men's Three-Day Event, Team",,,,adult,medal,team,team,,,,,team,NO,NO,day | equestrianism | three,0,"["""", """", """", ""adult"", ""medal"", [""team""], [], [], [], [""day"", ""equestrianism"", ""three""]]",
2198,Alpine Skiing Women's Combined,,,,adult,medal,combined,,,,,,,NO,NO,alpine | skiing,0,"["""", """", """", ""adult"", ""medal"", [""combined""], [], [], [], [""alpine"", ""skiing""]]",
2199,Athletics Women's High Jump,athletics,athletics,women,adult,medal,,,,,,,,NO,NO,high | jump,0,"[""athletics"", ""athletics"", ""women"", ""adult"", ""medal"", [], [], [], [], [""high"", ""jump""]]",fuente2 | fuente3
2200,"Ski Jumping Men's Normal Hill, Individual",,,,adult,medal,individual,individual,,,,,individual,NO,NO,hill | jumping | normal | ski,0,"["""", """", """", ""adult"", ""medal"", [""individual""], [], [], [], [""hill"", ""jumping"", ""normal"", ""ski""]]",
2201,"Canoeing Women's Kayak Fours, 500 metres",,,,adult,medal,,,500:m,,,,,NO,NO,canoeing | fours | kayak,0,"["""", """", """", ""adult"", ""medal"", [], [""500:m""], [], [], [""canoeing"", ""fours"", ""kayak""]]",
2202,Ice Hockey Women's Ice Hockey,ice hockey,ice hockey,women,adult,medal,,,,,,,,NO,NO,,2,"[""ice hockey"", ""ice hockey"", ""women"", ""adult"", ""medal"", [], [], [], [], []]",fuente2
2203,Sailing Men's One Person Dinghy,sailing,sailing,men,adult,medal,,,,,,,,NO,NO,dinghy | one | person,0,"[""sailing"", ""sailing"", ""men"", ""adult"", ""medal"", [], [], [], [], [""dinghy"", ""one"", ""person""]]",fuente2 | fuente3
2204,Trampolining Women's Individual,,,,adult,medal,individual,individual,,,,,individual,NO,NO,trampolining,0,"["""", """", """", ""adult"", ""medal"", [""individual""], [], [], [], [""trampolining""]]",
2205,Curling Men's Curling,curling,curling,men,adult,medal,,,,,,,,NO,NO,,1,"[""curling"", ""curling"", ""men"", ""adult"", ""medal"", [], [], [], [], []]",fuente2
2206,Art Competitions Mixed Literature,art competitions,art competitions,mixed,adult,medal,mixed,,,,,,,NO,NO,literature,0,"[""art competitions"", ""art competitions"", ""mixed"", ""adult"", ""medal"", [""mixed""], [], [], [], [""literature""]]",fuente2 | fuente3
2207,Judo Men's Middleweight,judo,judo,men,adult,medal,middleweight,,,,,,,NO,NO,,0,"[""judo"", ""judo"", ""men"", ""adult"", ""medal"", [""middleweight""], [], [], [], []]",fuente2 | fuente3
2208,Biathlon Women's 15 kilometres,,,,adult,medal,,,15:km,,,,,NO,NO,biathlon,0,"["""", """", """", ""adult"", ""medal"", [], [""15:km""], [], [], [""biathlon""]]",
2209,Biathlon Women's 3 x 7.5 kilometres Relay,,,,adult,medal,relay,,7.5:km,,,,relay,NO,NO,3 | biathlon | x,0,"["""", """", """", ""adult"", ""medal"", [""relay""], [""7.5:km""], [], [], [""3"", ""biathlon"", ""x""]]",
2210,Biathlon Women's 4 x 7.5 kilometres Relay,,,,adult,medal,relay,,7.5:km,,,,relay,NO,NO,4 | biathlon | x,0,"["""", """", """", ""adult"", ""medal"", [""relay""], [""7.5:km""], [], [], [""4"", ""biathlon"", ""x""]]",
2211,Judo Men's Half-Lightweight,judo,judo,men,adult,medal,lightweight,,,,,,,NO,NO,half,0,"[""judo"", ""judo"", ""men"", ""adult"", ""medal"", [""lightweight""], [], [], [], [""half""]]",fuente2 | fuente3
2212,"Fencing Women's Foil, Team",fencing,fencing,women,adult,medal,team,team,,,,,team,NO,NO,foil,0,"[""fencing"", ""fencing"", ""women"", ""adult"", ""medal"", [""team""], [], [], [], [""foil""]]",fuente2 | fuente3
2213,Swimming Women's 200 metres Butterfly,,,,adult,medal,,,200:m,,,,,NO,NO,butterfly | swimming,0,"["""", """", """", ""adult"", ""medal"", [], [""200:m""], [], [], [""butterfly"", ""swimming""]]",
2214,Swimming Women's 400 metres Individual Medley,,,,adult,medal,individual,individual,400:m,,,,individual,NO,NO,medley | swimming,0,"["""", """", """", ""adult"", ""medal"", [""individual""], [""400:m""], [], [], [""medley"", ""swimming""]]",
2215,Golf Men's Individual,,,,adult,medal,individual,individual,,,,,individual,NO,NO,golf,0,"["""", """", """", ""adult"", ""medal"", [""individual""], [], [], [], [""golf""]]",
2216,Athletics Men's Standing High Jump,athletics,athletics,men,adult,medal,,,,,,,,NO,NO,high | jump | standing,0,"[""athletics"", ""athletics"", ""men"", ""adult"", ""medal"", [], [], [], [], [""high"", ""jump"", ""standing""]]",fuente2 | fuente3
2217,Athletics Men's Standing Long Jump,athletics,athletics,men,adult,medal,,,,,,,,NO,NO,jump | long | standing,0,"[""athletics"", ""athletics"", ""men"", ""adult"", ""medal"", [], [], [], [], [""jump"", ""long"", ""standing""]]",fuente2 | fuente3
2218,Athletics Men's 20 kilometres Walk,,,,adult,medal,,,20:km,,,,,NO,NO,athletics | walk,0,"["""", """", """", ""adult"", ""medal"", [], [""20:km""], [], [], [""athletics"", ""walk""]]",
2219,Swimming Men's 220 yard Freestyle,,,,adult,medal,freestyle,,220:yd,,,,,NO,NO,swimming,0,"["""", """", """", ""adult"", ""medal"", [""freestyle""], [""220:yd""], [], [], [""swimming""]]",
2220,Swimming Men's 880 yard Freestyle,,,,adult,medal,freestyle,,880:yd,,,,,NO,NO,swimming,0,"["""", """", """", ""adult"", ""medal"", [""freestyle""], [""880:yd""], [], [], [""swimming""]]",
2221,Swimming Men's One Mile Freestyle,,,,adult,medal,freestyle,,,,,,,NO,NO,mile | one | swimming,0,"["""", """", """", ""adult"", ""medal"", [""freestyle""], [], [], [], [""mile"", ""one"", ""swimming""]]",
2222,Swimming Men's 4 x 50 Yard Freestyle Relay,aquatics,swimming,men,adult,medal,freestyle | relay,,50:yd,,,,relay,NO,NO,4 | x,0,"[""aquatics"", ""swimming"", ""men"", ""adult"", ""medal"", [""freestyle"", ""relay""], [""50:yd""], [], [], [""4"", ""x""]]",fuente2 | fuente3
2223,Swimming Men's Plunge For Distance,,,,adult,medal,,,,,,,,NO,NO,distance | for | plunge | swimming,0,"["""", """", """", ""adult"", ""medal"", [], [], [], [], [""distance"", ""for"", ""plunge"", ""swimming""]]",
2224,"Shooting Men's Free Rifle, Three Positions, 300 metres",shooting,shooting,men,adult,medal,,,300:m,,,,,NO,NO,free | positions | rifle | three,0,"[""shooting"", ""shooting"", ""men"", ""adult"", ""medal"", [], [""300:m""], [], [], [""free"", ""positions"", ""rifle"", ""three""]]",fuente2 | fuente3
2225,"Shooting Men's Military Rifle, Three Positions, 300 metres",shooting,shooting,men,adult,medal,,,300:m,,,,,NO,NO,military | positions | rifle | three,0,"[""shooting"", ""shooting"", ""men"", ""adult"", ""medal"", [], [""300:m""], [], [], [""military"", ""positions"", ""rifle"", ""three""]]",fuente2 | fuente3
2226,"Shooting Men's Military Rifle, Any Position, 600 metres",shooting,shooting,men,adult,medal,,,600:m,,,,,NO,NO,any | military | position | rifle,0,"[""shooting"", ""shooting"", ""men"", ""adult"", ""medal"", [], [""600:m""], [], [], [""any"", ""military"", ""position"", ""rifle""]]",fuente2 | fuente3
2227,"Shooting Men's Military Rifle, 200, 400, 500 and 600 metres, Team",shooting,shooting,men,adult,medal,team,team,500/600:m,500/600:m,,,team,NO,NO,200 | 400 | military | rifle,0,"[""shooting"", ""shooting"", ""men"", ""adult"", ""medal"", [""team""], [""500/600:m""], [], [], [""200"", ""400"", ""military"", ""rifle""]]",fuente2 | fuente3
2228,"Shooting Men's Military Rifle, Prone, 300 metres",shooting,shooting,men,adult,medal,,,300:m,,,,,NO,NO,military | prone | rifle,0,"[""shooting"", ""shooting"", ""men"", ""adult"", ""medal"", [], [""300:m""], [], [], [""military"", ""prone"", ""rifle""]]",fuente2 | fuente3
2229,Judo Men's Half-Heavyweight,judo,judo,men,adult,medal,heavyweight,,,,,,,NO,NO,half,0,"[""judo"", ""judo"", ""men"", ""adult"", ""medal"", [""heavyweight""], [], [], [], [""half""]]",fuente2 | fuente3
2230,Archery Women's Team,archery,archery,women,adult,medal,team,team,,,,,team,NO,NO,,0,"[""archery"", ""archery"", ""women"", ""adult"", ""medal"", [""team""], [], [], [], []]",fuente2 | fuente3
2231,Athletics Men's 50 kilometres Walk,,,,adult,medal,,,50:km,,,,,NO,NO,athletics | walk,0,"["""", """", """", ""adult"", ""medal"", [], [""50:km""], [], [], [""athletics"", ""walk""]]",
2232,Rowing Women's Double Sculls,rowing,rowing,women,adult,medal,double,,,,,,double,NO,NO,sculls,0,"[""rowing"", ""rowing"", ""women"", ""adult"", ""medal"", [""double""], [], [], [], [""sculls""]]",fuente2 | fuente3
2233,Sailing Mixed 6 metres,sailing,sailing,mixed,adult,medal,mixed,,6:m,,,,,NO,NO,,0,"[""sailing"", ""sailing"", ""mixed"", ""adult"", ""medal"", [""mixed""], [""6:m""], [], [], []]",fuente2 | fuente3
2234,Boxing Men's Light-Heavyweight,boxing,boxing,men,adult,medal,heavyweight,,,,,,,NO,NO,light,0,"[""boxing"", ""boxing"", ""men"", ""adult"", ""medal"", [""heavyweight""], [], [], [], [""light""]]",fuente2 | fuente3
2235,Boxing Women's Flyweight,,,,adult,medal,,,,,,,,NO,NO,boxing | flyweight,0,"["""", """", """", ""adult"", ""medal"", [], [], [], [], [""boxing"", ""flyweight""]]",
2236,Athletics Women's 100 metres Hurdles,athletics,athletics,women,adult,medal,,,100:m,,,,,NO,NO,hurdles,0,"[""athletics"", ""athletics"", ""women"", ""adult"", ""medal"", [], [""100:m""], [], [], [""hurdles""]]",fuente2 | fuente3
2237,"Athletics Men's Discus Throw, Greek Style",athletics,athletics,men,adult,medal,,,,,,,,NO,NO,discus | greek | style | throw,0,"[""athletics"", ""athletics"", ""men"", ""adult"", ""medal"", [], [], [], [], [""discus"", ""greek"", ""style"", ""throw""]]",fuente2 | fuente3
2238,Curling Women's Curling,curling,curling,women,adult,medal,,,,,,,,NO,NO,,1,"[""curling"", ""curling"", ""women"", ""adult"", ""medal"", [], [], [], [], []]",fuente2
2239,Sailing Mixed One Person Dinghy,,,,adult,medal,mixed,,,,,,,NO,NO,dinghy | one | person | sailing,0,"["""", """", """", ""adult"", ""medal"", [""mixed""], [], [], [], [""dinghy"", ""one"", ""person"", ""sailing""]]",
2240,"Wrestling Women's Heavyweight, Freestyle",wrestling,wrestling freestyle,women,adult,medal,freestyle | heavyweight,,,,,,,NO,NO,,0,"[""wrestling"", ""wrestling freestyle"", ""women"", ""adult"", ""medal"", [""freestyle"", ""heavyweight""], [], [], [], []]",fuente2 | fuente3
2241,Badminton Mixed Doubles,badminton,badminton,mixed,adult,medal,doubles | mixed,,,,,,,NO,NO,,0,"[""badminton"", ""badminton"", ""mixed"", ""adult"", ""medal"", [""doubles"", ""mixed""], [], [], [], []]",fuente2 | fuente3
2242,"Fencing Women's Foil, Individual",fencing,fencing,women,adult,medal,individual,individual,,,,,individual,NO,NO,foil,0,"[""fencing"", ""fencing"", ""women"", ""adult"", ""medal"", [""individual""], [], [], [], [""foil""]]",fuente2 | fuente3
2243,Sailing Mixed Two Person Keelboat,,,,adult,medal,mixed,,,,,,,NO,NO,keelboat | person | sailing | two,0,"["""", """", """", ""adult"", ""medal"", [""mixed""], [], [], [], [""keelboat"", ""person"", ""sailing"", ""two""]]",
2244,"Shooting Men's Military Rifle, 300 metres and 600 metres, Prone, Team",shooting,shooting,men,adult,medal,team,team,300:m | 600:m,,,,team,NO,NO,and | military | prone | rifle,0,"[""shooting"", ""shooting"", ""men"", ""adult"", ""medal"", [""team""], [""300:m"", ""600:m""], [], [], [""and"", ""military"", ""prone"", ""rifle""]]",fuente2 | fuente3
2245,Table Tennis Men's Doubles,,,,adult,medal,doubles,,,,,,,NO,NO,table | tennis,0,"["""", """", """", ""adult"", ""medal"", [""doubles""], [], [], [], [""table"", ""tennis""]]",
2246,"Wrestling Men's Light-Flyweight, Freestyle",wrestling,wrestling freestyle,men,adult,medal,freestyle,,,,,,,NO,NO,flyweight | light,0,"[""wrestling"", ""wrestling freestyle"", ""men"", ""adult"", ""medal"", [""freestyle""], [], [], [], [""flyweight"", ""light""]]",fuente2 | fuente3
2247,"Wrestling Women's Featherweight, Freestyle",,,,adult,medal,freestyle,,,,,,,NO,NO,featherweight | wrestling,0,"["""", """", """", ""adult"", ""medal"", [""freestyle""], [], [], [], [""featherweight"", ""wrestling""]]",
2248,Swimming Women's 200 metres Freestyle,aquatics,swimming,women,adult,medal,freestyle,,200:m,,,,,NO,NO,,0,"[""aquatics"", ""swimming"", ""women"", ""adult"", ""medal"", [""freestyle""], [""200:m""], [], [], []]",fuente2 | fuente3
2249,Swimming Women's 400 metres Freestyle,,,,adult,medal,freestyle,,400:m,,,,,NO,NO,swimming,0,"["""", """", """", ""adult"", ""medal"", [""freestyle""], [""400:m""], [], [], [""swimming""]]",
2250,Swimming Women's 200 metres Individual Medley,,,,adult,medal,individual,individual,200:m,,,,individual,NO,NO,medley | swimming,0,"["""", """", """", ""adult"", ""medal"", [""individual""], [""200:m""], [], [], [""medley"", ""swimming""]]",
2251,Sailing Men's Windsurfer,,,,adult,medal,,,,,,,,NO,NO,sailing | windsurfer,0,"["""", """", """", ""adult"", ""medal"", [], [], [], [], [""sailing"", ""windsurfer""]]",
2252,Freestyle Skiing Men's Slopestyle,,,,adult,medal,freestyle,,,,,,,NO,NO,skiing | slopestyle,0,"["""", """", """", ""adult"", ""medal"", [""freestyle""], [], [], [], [""skiing"", ""slopestyle""]]",
2253,"Shooting Men's Running Target, Single Shot",shooting,shooting,men,adult,medal,shot | single,,,,,,single,NO,NO,running | target,0,"[""shooting"", ""shooting"", ""men"", ""adult"", ""medal"", [""shot"", ""single""], [], [], [], [""running"", ""target""]]",fuente2 | fuente3
2254,"Shooting Men's Running Target, Double Shot",shooting,shooting,men,adult,medal,double | shot,,,,,,double,NO,NO,running | target,0,"[""shooting"", ""shooting"", ""men"", ""adult"", ""medal"", [""double"", ""shot""], [], [], [], [""running"", ""target""]]",fuente2 | fuente3
2255,Rugby Sevens Men's Rugby Sevens,rugby,rugby sevens,men,adult,medal,,,,,,,,NO,NO,sevens,2,"[""rugby"", ""rugby sevens"", ""men"", ""adult"", ""medal"", [], [], [], [], [""sevens""]]",fuente2 | fuente3
2256,"Wrestling Women's Lightweight, Freestyle",,,,adult,medal,freestyle | lightweight,,,,,,,NO,NO,wrestling,0,"["""", """", """", ""adult"", ""medal"", [""freestyle"", ""lightweight""], [], [], [], [""wrestling""]]",
2257,Modern Pentathlon Women's Individual,,,,adult,medal,individual,individual,,,,,individual,NO,NO,modern | pentathlon,0,"["""", """", """", ""adult"", ""medal"", [""individual""], [], [], [], [""modern"", ""pentathlon""]]",
2258,"Canoeing Men's Canadian Doubles, Slalom",,,,adult,medal,doubles,,,,,,,NO,NO,canadian | canoeing | slalom,0,"["""", """", """", ""adult"", ""medal"", [""doubles""], [], [], [], [""canadian"", ""canoeing"", ""slalom""]]",
2259,Judo Women's Half-Lightweight,judo,judo,women,adult,medal,lightweight,,,,,,,NO,NO,half,0,"[""judo"", ""judo"", ""women"", ""adult"", ""medal"", [""lightweight""], [], [], [], [""half""]]",fuente2 | fuente3
2260,Diving Women's Plain High,,,,adult,medal,,,,,,,,NO,NO,diving | high | plain,0,"["""", """", """", ""adult"", ""medal"", [], [], [], [], [""diving"", ""high"", ""plain""]]",
2261,"Equestrianism Men's Dressage, Individual",,,,adult,medal,individual,individual,,,,,individual,NO,NO,dressage | equestrianism,0,"["""", """", """", ""adult"", ""medal"", [""individual""], [], [], [], [""dressage"", ""equestrianism""]]",
2262,"Equestrianism Men's Dressage, Team",,,,adult,medal,team,team,,,,,team,NO,NO,dressage | equestrianism,0,"["""", """", """", ""adult"", ""medal"", [""team""], [], [], [], [""dressage"", ""equestrianism""]]",
2263,"Tennis Women's Singles, Covered Courts",tennis,tennis,women,adult,medal,singles,,,,,,,NO,NO,courts | covered,0,"[""tennis"", ""tennis"", ""women"", ""adult"", ""medal"", [""singles""], [], [], [], [""courts"", ""covered""]]",fuente2 | fuente3
2264,Diving Men's Plain High,,,,adult,medal,,,,,,,,NO,NO,diving | high | plain,0,"["""", """", """", ""adult"", ""medal"", [], [], [], [], [""diving"", ""high"", ""plain""]]",
2265,"Shooting Mixed Small-Bore Rifle, Three Positions, 50 metres",,,,adult,medal,mixed,,50:m,,,,,NO,NO,bore | positions | rifle | shooting | small | three,0,"["""", """", """", ""adult"", ""medal"", [""mixed""], [""50:m""], [], [], [""bore"", ""positions"", ""rifle"", ""shooting"", ""small"", ""three""]]",
2266,"Shooting Mixed Small-Bore Rifle, Prone, 50 metres",,,,adult,medal,mixed,,50:m,,,,,NO,NO,bore | prone | rifle | shooting | small,0,"["""", """", """", ""adult"", ""medal"", [""mixed""], [""50:m""], [], [], [""bore"", ""prone"", ""rifle"", ""shooting"", ""small""]]",
2267,Swimming Women's 800 metres Freestyle,,,,adult,medal,freestyle,,800:m,,,,,NO,NO,swimming,0,"["""", """", """", ""adult"", ""medal"", [""freestyle""], [""800:m""], [], [], [""swimming""]]",
2268,Sailing Women's Two Person Dinghy,,,,adult,medal,,,,,,,,NO,NO,dinghy | person | sailing | two,0,"["""", """", """", ""adult"", ""medal"", [], [], [], [], [""dinghy"", ""person"", ""sailing"", ""two""]]",
2269,Alpine Skiing Women's Downhill,,,,adult,medal,,,,,,,,NO,NO,alpine | downhill | skiing,0,"["""", """", """", ""adult"", ""medal"", [], [], [], [], [""alpine"", ""downhill"", ""skiing""]]",
2270,"Shooting Men's Free Pistol, 50 metres, Team",shooting,shooting,men,adult,medal,team,team,50:m,,,,team,NO,NO,free | pistol,0,"[""shooting"", ""shooting"", ""men"", ""adult"", ""medal"", [""team""], [""50:m""], [], [], [""free"", ""pistol""]]",fuente2 | fuente3
2271,"Shooting Men's Free Rifle, Three Positions, 300 metres, Team",shooting,shooting,men,adult,medal,team,team,300:m,,,,team,NO,NO,free | positions | rifle | three,0,"[""shooting"", ""shooting"", ""men"", ""adult"", ""medal"", [""team""], [""300:m""], [], [], [""free"", ""positions"", ""rifle"", ""three""]]",fuente2 | fuente3
2272,"Shooting Men's Military Rifle, Prone, 300 metres, Team",shooting,shooting,men,adult,medal,team,team,300:m,,,,team,NO,NO,military | prone | rifle,0,"[""shooting"", ""shooting"", ""men"", ""adult"", ""medal"", [""team""], [""300:m""], [], [], [""military"", ""prone"", ""rifle""]]",fuente2 | fuente3
2273,"Shooting Men's Military Rifle, Prone, 600 metres, Team",shooting,shooting,men,adult,medal,team,team,600:m,,,,team,NO,NO,military | prone | rifle,0,"[""shooting"", ""shooting"", ""men"", ""adult"", ""medal"", [""team""], [""600:m""], [], [], [""military"", ""prone"", ""rifle""]]",fuente2 | fuente3
2274,"Shooting Men's Military Rifle, Standing, 300 metres, Team",shooting,shooting,men,adult,medal,team,team,300:m,,,,team,NO,NO,military | rifle | standing,0,"[""shooting"", ""shooting"", ""men"", ""adult"", ""medal"", [""team""], [""300:m""], [], [], [""military"", ""rifle"", ""standing""]]",fuente2 | fuente3
2275,"Shooting Men's Free Rifle, Prone, 600 metres",,,,adult,medal,,,600:m,,,,,NO,NO,free | prone | rifle | shooting,0,"["""", """", """", ""adult"", ""medal"", [], [""600:m""], [], [], [""free"", ""prone"", ""rifle"", ""shooting""]]",
2276,"Shooting Men's Free Rifle, 400, 600 and 800 metres, Team",shooting,shooting,men,adult,medal,team,team,600/800:m,600/800:m,,,team,NO,NO,400 | free | rifle,0,"[""shooting"", ""shooting"", ""men"", ""adult"", ""medal"", [""team""], [""600/800:m""], [], [], [""400"", ""free"", ""rifle""]]",fuente2 | fuente3
2277,Rowing Men's Single Sculls,rowing,rowing,men,adult,medal,single,,,,,,single,NO,NO,sculls,0,"[""rowing"", ""rowing"", ""men"", ""adult"", ""medal"", [""single""], [], [], [], [""sculls""]]",fuente2 | fuente3
2278,"Cycling Men's Tandem Sprint, 2,000 metres",,,,adult,medal,sprint | tandem,,2000:m,,,,tandem,NO,NO,cycling,0,"["""", """", """", ""adult"", ""medal"", [""sprint"", ""tandem""], [""2000:m""], [], [], [""cycling""]]",
2279,Freestyle Skiing Women's Halfpipe,,,,adult,medal,freestyle,,,,,,,NO,NO,halfpipe | skiing,0,"["""", """", """", ""adult"", ""medal"", [""freestyle""], [], [], [], [""halfpipe"", ""skiing""]]",
2280,Athletics Women's Heptathlon,athletics,athletics,women,adult,medal,,,,,,,,NO,NO,heptathlon,0,"[""athletics"", ""athletics"", ""women"", ""adult"", ""medal"", [], [], [], [], [""heptathlon""]]",fuente2 | fuente3
2281,Cycling Men's Points Race,,,,adult,medal,,,,,,,,NO,NO,cycling | points | race,0,"["""", """", """", ""adult"", ""medal"", [], [], [], [], [""cycling"", ""points"", ""race""]]",
2282,Synchronized Swimming Women's Solo,,,,adult,medal,,,,,,,,NO,NO,solo | swimming | synchronized,0,"["""", """", """", ""adult"", ""medal"", [], [], [], [], [""solo"", ""swimming"", ""synchronized""]]",
2283,"Equestrianism Mixed Dressage, Individual",,,,adult,medal,individual | mixed,individual,,,,,individual,NO,NO,dressage | equestrianism,0,"["""", """", """", ""adult"", ""medal"", [""individual"", ""mixed""], [], [], [], [""dressage"", ""equestrianism""]]",
2284,"Equestrianism Mixed Dressage, Team",,,,adult,medal,mixed | team,team,,,,,team,NO,NO,dressage | equestrianism,0,"["""", """", """", ""adult"", ""medal"", [""mixed"", ""team""], [], [], [], [""dressage"", ""equestrianism""]]",
2285,Cross Country Skiing Men's 18 kilometres,,,,adult,medal,,,18:km,,,,,NO,NO,country | cross | skiing,0,"["""", """", """", ""adult"", ""medal"", [], [""18:km""], [], [], [""country"", ""cross"", ""skiing""]]",
2286,Swimming Men's 100 metres Breaststroke,,,,adult,medal,,,100:m,,,,,NO,NO,breaststroke | swimming,0,"["""", """", """", ""adult"", ""medal"", [], [""100:m""], [], [], [""breaststroke"", ""swimming""]]",
2287,Figure Skating Mixed Ice Dancing,,,,adult,medal,mixed,,,,,,,NO,NO,dancing | figure | ice | skating,0,"["""", """", """", ""adult"", ""medal"", [""mixed""], [], [], [], [""dancing"", ""figure"", ""ice"", ""skating""]]",
2288,"Shooting Mixed Free Pistol, 50 metres",,,,adult,medal,mixed,,50:m,,,,,NO,NO,free | pistol | shooting,0,"["""", """", """", ""adult"", ""medal"", [""mixed""], [""50:m""], [], [], [""free"", ""pistol"", ""shooting""]]",
2289,Sailing Women's Skiff,sailing,sailing,women,adult,medal,,,,,,,,NO,NO,skiff,0,"[""sailing"", ""sailing"", ""women"", ""adult"", ""medal"", [], [], [], [], [""skiff""]]",fuente2 | fuente3
2290,"Canoeing Men's Kayak Doubles, 10,000 metres",,,,adult,medal,doubles,,10000:m,,,,,NO,NO,canoeing | kayak,0,"["""", """", """", ""adult"", ""medal"", [""doubles""], [""10000:m""], [], [], [""canoeing"", ""kayak""]]",
2291,Triathlon Men's Olympic Distance,,,,adult,medal,,,,,,,,NO,NO,distance | triathlon,0,"["""", """", """", ""adult"", ""medal"", [], [], [], [], [""distance"", ""triathlon""]]",
2292,Sailing Women's One Person Dinghy,,,,adult,medal,,,,,,,,NO,NO,dinghy | one | person | sailing,0,"["""", """", """", ""adult"", ""medal"", [], [], [], [], [""dinghy"", ""one"", ""person"", ""sailing""]]",
2293,Cross Country Skiing Women's 30 kilometres,,,,adult,medal,,,30:km,,,,,NO,NO,country | cross | skiing,0,"["""", """", """", ""adult"", ""medal"", [], [""30:km""], [], [], [""country"", ""cross"", ""skiing""]]",
2294,Cross Country Skiing Women's 15 km Skiathlon,,,,adult,medal,,,15:km,,,,,NO,NO,country | cross | skiathlon | skiing,0,"["""", """", """", ""adult"", ""medal"", [], [""15:km""], [], [], [""country"", ""cross"", ""skiathlon"", ""skiing""]]",
2295,Rowing Men's 17-Man Naval Rowing Boats,,,,adult,medal,,,,,,,,NO,NO,17 | boats | man | naval | rowing | rowing,0,"["""", """", """", ""adult"", ""medal"", [], [], [], [], [""17"", ""boats"", ""man"", ""naval"", ""rowing"", ""rowing""]]",
2296,Beach Volleyball Women's Beach Volleyball,volleyball,beach volleyball,women,adult,medal,,,,,,,,NO,NO,beach,2,"[""volleyball"", ""beach volleyball"", ""women"", ""adult"", ""medal"", [], [], [], [], [""beach""]]",fuente2 | fuente3
2297,Weightlifting Men's Super-Heavyweight,weightlifting,weightlifting,men,adult,medal,heavyweight,,,,,,,NO,NO,super,0,"[""weightlifting"", ""weightlifting"", ""men"", ""adult"", ""medal"", [""heavyweight""], [], [], [], [""super""]]",fuente2 | fuente3
2298,Rowing Men's Lightweight Coxless Fours,rowing,rowing,men,adult,medal,coxless | lightweight,,,,,coxless,,NO,NO,fours,0,"[""rowing"", ""rowing"", ""men"", ""adult"", ""medal"", [""coxless"", ""lightweight""], [], [], [""coxless""], [""fours""]]",fuente2 | fuente3
2299,"Wrestling Men's Light-Flyweight, Greco-Roman",wrestling,wrestling greco roman,men,adult,medal,,,,,,,,NO,NO,flyweight | light,0,"[""wrestling"", ""wrestling greco roman"", ""men"", ""adult"", ""medal"", [], [], [], [], [""flyweight"", ""light""]]",fuente2 | fuente3
2300,"Canoeing Men's Canadian Singles, 1,000 metres",,,,adult,medal,singles,,1000:m,,,,,NO,NO,canadian | canoeing,0,"["""", """", """", ""adult"", ""medal"", [""singles""], [""1000:m""], [], [], [""canadian"", ""canoeing""]]",
2301,Sailing Mixed 5.5 metres,sailing,sailing,mixed,adult,medal,mixed,,5.5:m,,,,,NO,NO,,0,"[""sailing"", ""sailing"", ""mixed"", ""adult"", ""medal"", [""mixed""], [""5.5:m""], [], [], []]",fuente2 | fuente3
2302,"Equestrianism Mixed Jumping, Team",,,,adult,medal,mixed | team,team,,,,,team,NO,NO,equestrianism | jumping,0,"["""", """", """", ""adult"", ""medal"", [""mixed"", ""team""], [], [], [], [""equestrianism"", ""jumping""]]",
2303,Diving Men's Synchronized Platform,aquatics,diving,men,adult,medal,,,,,,,,NO,NO,platform | synchronized,0,"[""aquatics"", ""diving"", ""men"", ""adult"", ""medal"", [], [], [], [], [""platform"", ""synchronized""]]",fuente2 | fuente3
2304,Snowboarding Men's Halfpipe,,,,adult,medal,,,,,,,,NO,NO,halfpipe | snowboarding,0,"["""", """", """", ""adult"", ""medal"", [], [], [], [], [""halfpipe"", ""snowboarding""]]",
2305,"Canoeing Women's Kayak Singles, Slalom",,,,adult,medal,singles,,,,,,,NO,NO,canoeing | kayak | slalom,0,"["""", """", """", ""adult"", ""medal"", [""singles""], [], [], [], [""canoeing"", ""kayak"", ""slalom""]]",
2306,Weightlifting Women's Flyweight,,,,adult,medal,,,,,,,,NO,NO,flyweight | weightlifting,0,"["""", """", """", ""adult"", ""medal"", [], [], [], [], [""flyweight"", ""weightlifting""]]",
2307,Swimming Women's 100 metres Breaststroke,,,,adult,medal,,,100:m,,,,,NO,NO,breaststroke | swimming,0,"["""", """", """", ""adult"", ""medal"", [], [""100:m""], [], [], [""breaststroke"", ""swimming""]]",
2308,Swimming Women's 200 metres Breaststroke,,,,adult,medal,,,200:m,,,,,NO,NO,breaststroke | swimming,0,"["""", """", """", ""adult"", ""medal"", [], [""200:m""], [], [], [""breaststroke"", ""swimming""]]",
2309,"Wrestling Men's Middleweight B, Greco-Roman",wrestling,wrestling greco roman,men,adult,medal,middleweight,,,,,,,NO,NO,b,0,"[""wrestling"", ""wrestling greco roman"", ""men"", ""adult"", ""medal"", [""middleweight""], [], [], [], [""b""]]",fuente2 | fuente3
2310,Athletics Men's Stone Throw,,,,adult,medal,,,,,,,,NO,NO,athletics | stone | throw,0,"["""", """", """", ""adult"", ""medal"", [], [], [], [], [""athletics"", ""stone"", ""throw""]]",
2311,"Athletics Men's Javelin Throw, Freestyle",athletics,athletics,men,adult,medal,freestyle,,,,,,,NO,NO,javelin | throw,0,"[""athletics"", ""athletics"", ""men"", ""adult"", ""medal"", [""freestyle""], [], [], [], [""javelin"", ""throw""]]",fuente2 | fuente3
2312,Athletics Men's Pentathlon (Ancient),athletics,athletics,men,adult,medal,,,,,,,,NO,NO,ancient | pentathlon,0,"[""athletics"", ""athletics"", ""men"", ""adult"", ""medal"", [], [], [], [], [""ancient"", ""pentathlon""]]",fuente2 | fuente3
2313,"Shooting Women's Small-Bore Rifle, Three Positions, 50 metres",shooting,shooting,women,adult,medal,,,50:m,,,,,NO,NO,bore | positions | rifle | small | three,0,"[""shooting"", ""shooting"", ""women"", ""adult"", ""medal"", [], [""50:m""], [], [], [""bore"", ""positions"", ""rifle"", ""small"", ""three""]]",fuente2 | fuente3
2314,Swimming Women's 100 metres Butterfly,,,,adult,medal,,,100:m,,,,,NO,NO,butterfly | swimming,0,"["""", """", """", ""adult"", ""medal"", [], [""100:m""], [], [], [""butterfly"", ""swimming""]]",
2315,Weightlifting Men's Heavyweight I,weightlifting,weightlifting,men,adult,medal,heavyweight,,,,,,,NO,NO,i,0,"[""weightlifting"", ""weightlifting"", ""men"", ""adult"", ""medal"", [""heavyweight""], [], [], [], [""i""]]",fuente2 | fuente3
2316,"Athletics Women's 3,000 metres Steeplechase",athletics,athletics,women,adult,medal,,,3000:m,,,,,NO,NO,steeplechase,0,"[""athletics"", ""athletics"", ""women"", ""adult"", ""medal"", [], [""3000:m""], [], [], [""steeplechase""]]",fuente2 | fuente3
2317,"Athletics Men's Shot Put, Both Hands",athletics,athletics,men,adult,medal,shot,,,,,,,NO,NO,both | hands | put,0,"[""athletics"", ""athletics"", ""men"", ""adult"", ""medal"", [""shot""], [], [], [], [""both"", ""hands"", ""put""]]",fuente2 | fuente3
2318,"Ski Jumping Men's Large Hill, Individual",,,,adult,medal,individual,individual,,,,,individual,NO,NO,hill | jumping | large | ski,0,"["""", """", """", ""adult"", ""medal"", [""individual""], [], [], [], [""hill"", ""jumping"", ""large"", ""ski""]]",
2319,"Ski Jumping Men's Large Hill, Team",,,,adult,medal,team,team,,,,,team,NO,NO,hill | jumping | large | ski,0,"["""", """", """", ""adult"", ""medal"", [""team""], [], [], [], [""hill"", ""jumping"", ""large"", ""ski""]]",
2320,Shooting Women's Trap,shooting,shooting,women,adult,medal,,,,,,,,NO,NO,trap,0,"[""shooting"", ""shooting"", ""women"", ""adult"", ""medal"", [], [], [], [], [""trap""]]",fuente2 | fuente3
2321,Badminton Men's Doubles,badminton,badminton,men,adult,medal,doubles,,,,,,,NO,NO,,0,"[""badminton"", ""badminton"", ""men"", ""adult"", ""medal"", [""doubles""], [], [], [], []]",fuente2 | fuente3
2322,Swimming Women's 4 x 200 metres Freestyle Relay,aquatics,swimming,women,adult,medal,freestyle | relay,,200:m,,,,relay,NO,NO,4 | x,0,"[""aquatics"", ""swimming"", ""women"", ""adult"", ""medal"", [""freestyle"", ""relay""], [""200:m""], [], [], [""4"", ""x""]]",fuente2 | fuente3
2323,Athletics Men's 10 kilometres Walk,,,,adult,medal,,,10:km,,,,,NO,NO,athletics | walk,0,"["""", """", """", ""adult"", ""medal"", [], [""10:km""], [], [], [""athletics"", ""walk""]]",
2324,Athletics Women's 20 kilometres Walk,,,,adult,medal,,,20:km,,,,,NO,NO,athletics | walk,0,"["""", """", """", ""adult"", ""medal"", [], [""20:km""], [], [], [""athletics"", ""walk""]]",
2325,Athletics Women's 80 metres Hurdles,,,,adult,medal,,,80:m,,,,,NO,NO,athletics | hurdles,0,"["""", """", """", ""adult"", ""medal"", [], [""80:m""], [], [], [""athletics"", ""hurdles""]]",
2326,Sailing Men's One Person Heavyweight Dinghy,sailing,sailing,men,adult,medal,heavyweight,,,,,,,NO,NO,dinghy | one | person,0,"[""sailing"", ""sailing"", ""men"", ""adult"", ""medal"", [""heavyweight""], [], [], [], [""dinghy"", ""one"", ""person""]]",fuente2 | fuente3
2327,Freestyle Skiing Women's Aerials,,,,adult,medal,freestyle,,,,,,,NO,NO,aerials | skiing,0,"["""", """", """", ""adult"", ""medal"", [""freestyle""], [], [], [], [""aerials"", ""skiing""]]",
2328,"Art Competitions Mixed Painting, Paintings",art competitions,art competitions,mixed,adult,medal,mixed,,,,,,,NO,NO,painting | paintings,0,"[""art competitions"", ""art competitions"", ""mixed"", ""adult"", ""medal"", [""mixed""], [], [], [], [""painting"", ""paintings""]]",fuente2 | fuente3
2329,"Tennis Mixed Doubles, Covered Courts",tennis,tennis,mixed,adult,medal,doubles | mixed,,,,,,,NO,NO,courts | covered,0,"[""tennis"", ""tennis"", ""mixed"", ""adult"", ""medal"", [""doubles"", ""mixed""], [], [], [], [""courts"", ""covered""]]",fuente2 | fuente3
2330,Cycling Men's Madison,cycling,cycling track,men,adult,medal,,,,,,,,NO,NO,madison,0,"[""cycling"", ""cycling track"", ""men"", ""adult"", ""medal"", [], [], [], [], [""madison""]]",fuente2 | fuente3
2331,"Art Competitions Mixed Sculpturing, Statues",art competitions,art competitions,mixed,adult,medal,mixed,,,,,,,NO,NO,sculpturing | statues,0,"[""art competitions"", ""art competitions"", ""mixed"", ""adult"", ""medal"", [""mixed""], [], [], [], [""sculpturing"", ""statues""]]",fuente2 | fuente3
2332,Rugby Men's Rugby,rugby,rugby,men,adult,medal,,,,,,,,NO,NO,,1,"[""rugby"", ""rugby"", ""men"", ""adult"", ""medal"", [], [], [], [], []]",fuente2 | fuente3
2333,Weightlifting Men's Heavyweight II,weightlifting,weightlifting,men,adult,medal,heavyweight,,,,,,,NO,NO,ii,0,"[""weightlifting"", ""weightlifting"", ""men"", ""adult"", ""medal"", [""heavyweight""], [], [], [], [""ii""]]",fuente2 | fuente3
2334,"Canoeing Women's Kayak Doubles, 500 metres",,,,adult,medal,doubles,,500:m,,,,,NO,NO,canoeing | kayak,0,"["""", """", """", ""adult"", ""medal"", [""doubles""], [""500:m""], [], [], [""canoeing"", ""kayak""]]",
2335,"Short Track Speed Skating Men's 5,000 metres Relay",,,,adult,medal,relay,,5000:m,,,,relay,NO,NO,short | skating | speed | track,0,"["""", """", """", ""adult"", ""medal"", [""relay""], [""5000:m""], [], [], [""short"", ""skating"", ""speed"", ""track""]]",
2336,Cycling Men's Individual Time Trial,cycling,cycling road,men,adult,medal,individual,individual,,,,,individual,NO,NO,time | trial,0,"[""cycling"", ""cycling road"", ""men"", ""adult"", ""medal"", [""individual""], [], [], [], [""time"", ""trial""]]",fuente2 | fuente3
2337,Judo Women's Heavyweight,judo,judo,women,adult,medal,heavyweight,,,,,,,NO,NO,,0,"[""judo"", ""judo"", ""women"", ""adult"", ""medal"", [""heavyweight""], [], [], [], []]",fuente2 | fuente3
2338,"Canoeing Men's Kayak Doubles, 1,000 metres",,,,adult,medal,doubles,,1000:m,,,,,NO,NO,canoeing | kayak,0,"["""", """", """", ""adult"", ""medal"", [""doubles""], [""1000:m""], [], [], [""canoeing"", ""kayak""]]",
2339,"Gymnastics Men's Individual All-Around, 5 Events",gymnastics,artistic gymnastics,men,adult,medal,individual,individual,,,,,individual,NO,NO,5 | all | around,0,"[""gymnastics"", ""artistic gymnastics"", ""men"", ""adult"", ""medal"", [""individual""], [], [], [], [""5"", ""all"", ""around""]]",fuente2 | fuente3
2340,"Wrestling Men's Super-Heavyweight, Freestyle",wrestling,wrestling freestyle,men,adult,medal,freestyle | heavyweight,,,,,,,NO,NO,super,0,"[""wrestling"", ""wrestling freestyle"", ""men"", ""adult"", ""medal"", [""freestyle"", ""heavyweight""], [], [], [], [""super""]]",fuente2 | fuente3
2341,Biathlon Women's 10 kilometres Pursuit,,,,adult,medal,pursuit,,10:km,,,,,NO,NO,biathlon,0,"["""", """", """", ""adult"", ""medal"", [""pursuit""], [""10:km""], [], [], [""biathlon""]]",
2342,Biathlon Women's 12.5 kilometres Mass Start,,,,adult,medal,,,12.5:km,,,,,NO,NO,biathlon | mass | start,0,"["""", """", """", ""adult"", ""medal"", [], [""12.5:km""], [], [], [""biathlon"", ""mass"", ""start""]]",
2343,Biathlon Women's 4 x 6 kilometres Relay,,,,adult,medal,relay,,6:km,,,,relay,NO,NO,4 | biathlon | x,0,"["""", """", """", ""adult"", ""medal"", [""relay""], [""6:km""], [], [], [""4"", ""biathlon"", ""x""]]",
2344,"Fencing Women's Sabre, Team",fencing,fencing,women,adult,medal,team,team,,,,,team,NO,NO,sabre,0,"[""fencing"", ""fencing"", ""women"", ""adult"", ""medal"", [""team""], [], [], [], [""sabre""]]",fuente2 | fuente3
2345,Shooting Men's Double Trap,shooting,shooting,men,adult,medal,double,,,,,,double,NO,NO,trap,0,"[""shooting"", ""shooting"", ""men"", ""adult"", ""medal"", [""double""], [], [], [], [""trap""]]",fuente2 | fuente3
2346,Weightlifting Men's Bantamweight,,,,adult,medal,,,,,,,,NO,NO,bantamweight | weightlifting,0,"["""", """", """", ""adult"", ""medal"", [], [], [], [], [""bantamweight"", ""weightlifting""]]",
2347,Taekwondo Men's Heavyweight,,,,adult,medal,heavyweight,,,,,,,NO,NO,taekwondo,0,"["""", """", """", ""adult"", ""medal"", [""heavyweight""], [], [], [], [""taekwondo""]]",
2348,Sailing Mixed Windsurfer,,,,adult,medal,mixed,,,,,,,NO,NO,sailing | windsurfer,0,"["""", """", """", ""adult"", ""medal"", [""mixed""], [], [], [], [""sailing"", ""windsurfer""]]",
2349,Taekwondo Women's Welterweight,,,,adult,medal,,,,,,,,NO,NO,taekwondo | welterweight,0,"["""", """", """", ""adult"", ""medal"", [], [], [], [], [""taekwondo"", ""welterweight""]]",
2350,"Shooting Mixed Free Rifle, Three Positions, 300 metres",,,,adult,medal,mixed,,300:m,,,,,NO,NO,free | positions | rifle | shooting | three,0,"["""", """", """", ""adult"", ""medal"", [""mixed""], [""300:m""], [], [], [""free"", ""positions"", ""rifle"", ""shooting"", ""three""]]",
2351,Skeleton Men's Skeleton,bobsleigh,skeleton,men,adult,medal,,,,,,,,NO,NO,skeleton,1,"[""bobsleigh"", ""skeleton"", ""men"", ""adult"", ""medal"", [], [], [], [], [""skeleton""]]",fuente2
2352,Cycling Men's 50 kilometres,,,,adult,medal,,,50:km,,,,,NO,NO,cycling,0,"["""", """", """", ""adult"", ""medal"", [], [""50:km""], [], [], [""cycling""]]",
2353,"Shooting Mixed Rapid-Fire Pistol, 25 metres",,,,adult,medal,mixed,,25:m,,,,,NO,NO,fire | pistol | rapid | shooting,0,"["""", """", """", ""adult"", ""medal"", [""mixed""], [""25:m""], [], [], [""fire"", ""pistol"", ""rapid"", ""shooting""]]",
2354,Cycling Men's 333 metres Time Trial,,,,adult,medal,,,333:m,,,,,NO,NO,cycling | time | trial,0,"["""", """", """", ""adult"", ""medal"", [], [""333:m""], [], [], [""cycling"", ""time"", ""trial""]]",
2355,Cycling Men's 20 kilometres,,,,adult,medal,,,20:km,,,,,NO,NO,cycling,0,"["""", """", """", ""adult"", ""medal"", [], [""20:km""], [], [], [""cycling""]]",
2356,"Canoeing Men's Kayak Singles, 10,000 metres",,,,adult,medal,singles,,10000:m,,,,,NO,NO,canoeing | kayak,0,"["""", """", """", ""adult"", ""medal"", [""singles""], [""10000:m""], [], [], [""canoeing"", ""kayak""]]",
2357,Sailing Mixed Open,,,,adult,medal,mixed | open,,,,,,,NO,NO,sailing,0,"["""", """", """", ""adult"", ""medal"", [""mixed"", ""open""], [], [], [], [""sailing""]]",
2358,Sailing Mixed 1-2 Ton,,,,adult,medal,mixed,,,,,,,NO,NO,1 | 2 | sailing | ton,0,"["""", """", """", ""adult"", ""medal"", [""mixed""], [], [], [], [""1"", ""2"", ""sailing"", ""ton""]]",
2359,"Canoeing Men's Canadian Singles, Slalom",,,,adult,medal,singles,,,,,,,NO,NO,canadian | canoeing | slalom,0,"["""", """", """", ""adult"", ""medal"", [""singles""], [], [], [], [""canadian"", ""canoeing"", ""slalom""]]",
2360,Luge Men's Singles,,,,adult,medal,singles,,,,,,,NO,NO,luge,0,"["""", """", """", ""adult"", ""medal"", [""singles""], [], [], [], [""luge""]]",
2361,Luge Mixed (Men)'s Doubles,,,,adult,medal,doubles | mixed,,,,,,,NO,NO,luge,0,"["""", """", """", ""adult"", ""medal"", [""doubles"", ""mixed""], [], [], [], [""luge""]]",
2362,Sailing Mixed Multihull,sailing,sailing,mixed,adult,medal,mixed,,,,,,,NO,NO,multihull,0,"[""sailing"", ""sailing"", ""mixed"", ""adult"", ""medal"", [""mixed""], [], [], [], [""multihull""]]",fuente2 | fuente3
2363,Badminton Women's Doubles,badminton,badminton,women,adult,medal,doubles,,,,,,,NO,NO,,0,"[""badminton"", ""badminton"", ""women"", ""adult"", ""medal"", [""doubles""], [], [], [], []]",fuente2 | fuente3
2364,"Speed Skating Women's 3,000 metres",,,,adult,medal,,,3000:m,,,,,NO,NO,skating | speed,0,"["""", """", """", ""adult"", ""medal"", [], [""3000:m""], [], [], [""skating"", ""speed""]]",
2365,Cross Country Skiing Women's 5/10 kilometres Pursuit,skiing,cross country skiing,women,adult,medal,pursuit,,5/10:km,5/10:km,,,,NO,NO,,0,"[""skiing"", ""cross country skiing"", ""women"", ""adult"", ""medal"", [""pursuit""], [""5/10:km""], [], [], []]",fuente2
2366,Cross Country Skiing Women's 4 x 5 kilometres Relay,skiing,cross country skiing,women,adult,medal,relay,,5:km,,,,relay,NO,NO,4 | x,0,"[""skiing"", ""cross country skiing"", ""women"", ""adult"", ""medal"", [""relay""], [""5:km""], [], [], [""4"", ""x""]]",fuente2
2367,Cross Country Skiing Women's 15 kilometres,,,,adult,medal,,,15:km,,,,,NO,NO,country | cross | skiing,0,"["""", """", """", ""adult"", ""medal"", [], [""15:km""], [], [], [""country"", ""cross"", ""skiing""]]",
2368,Cross Country Skiing Women's 5/5 kilometres Pursuit,skiing,cross country skiing,women,adult,medal,pursuit,,5/5:km,5/5:km,,,,NO,NO,,0,"[""skiing"", ""cross country skiing"", ""women"", ""adult"", ""medal"", [""pursuit""], [""5/5:km""], [], [], []]",fuente2
2369,Diving Women's Synchronized Platform,aquatics,diving,women,adult,medal,,,,,,,,NO,NO,platform | synchronized,0,"[""aquatics"", ""diving"", ""women"", ""adult"", ""medal"", [], [], [], [], [""platform"", ""synchronized""]]",fuente2 | fuente3
2370,Athletics Women's Triple Jump,athletics,athletics,women,adult,medal,,,,,,,,NO,NO,jump | triple,0,"[""athletics"", ""athletics"", ""women"", ""adult"", ""medal"", [], [], [], [], [""jump"", ""triple""]]",fuente2 | fuente3
2371,Skeleton Women's Skeleton,bobsleigh,skeleton,women,adult,medal,,,,,,,,NO,NO,skeleton,1,"[""bobsleigh"", ""skeleton"", ""women"", ""adult"", ""medal"", [], [], [], [], [""skeleton""]]",fuente2
2372,Bobsleigh Men's Four/Five,bobsleigh,bobsleigh,men,adult,medal,five | four,,,,,,five | four,NO,NO,,0,"[""bobsleigh"", ""bobsleigh"", ""men"", ""adult"", ""medal"", [""five"", ""four""], [], [], [], []]",fuente2
2373,"Art Competitions Mixed Painting, Drawings And Water Colors",,,,adult,medal,mixed,,,,,,,NO,NO,and | art | colors | drawings | painting | water,0,"["""", """", """", ""adult"", ""medal"", [""mixed""], [], [], [], [""and"", ""art"", ""colors"", ""drawings"", ""painting"", ""water""]]",
2374,"Shooting Men's Dueling Pistol, 30 metres",shooting,shooting,men,adult,medal,,,30:m,,,,,NO,NO,dueling | pistol,0,"[""shooting"", ""shooting"", ""men"", ""adult"", ""medal"", [], [""30:m""], [], [], [""dueling"", ""pistol""]]",fuente2 | fuente3
2375,Boxing Women's Lightweight,,,,adult,medal,lightweight,,,,,,,NO,NO,boxing,0,"["""", """", """", ""adult"", ""medal"", [""lightweight""], [], [], [], [""boxing""]]",
2376,Cycling Women's BMX,,,,adult,medal,,,,,,,,NO,NO,bmx | cycling,0,"["""", """", """", ""adult"", ""medal"", [], [], [], [], [""bmx"", ""cycling""]]",
2377,"Canoeing Men's Kayak Doubles, 200 metres",,,,adult,medal,doubles,,200:m,,,,,NO,NO,canoeing | kayak,0,"["""", """", """", ""adult"", ""medal"", [""doubles""], [""200:m""], [], [], [""canoeing"", ""kayak""]]",
2378,"Fencing Men's Sabre, Masters, Individual",fencing,fencing,men,adult,medal,individual,individual,,,,,individual,NO,NO,masters | sabre,0,"[""fencing"", ""fencing"", ""men"", ""adult"", ""medal"", [""individual""], [], [], [], [""masters"", ""sabre""]]",fuente2 | fuente3
2379,Lacrosse Men's Lacrosse,lacrosse,lacrosse,men,adult,medal,,,,,,,,NO,NO,,1,"[""lacrosse"", ""lacrosse"", ""men"", ""adult"", ""medal"", [], [], [], [], []]",fuente2 | fuente3
2380,"Canoeing Women's Kayak Singles, 500 metres",,,,adult,medal,singles,,500:m,,,,,NO,NO,canoeing | kayak,0,"["""", """", """", ""adult"", ""medal"", [""singles""], [""500:m""], [], [], [""canoeing"", ""kayak""]]",
2381,Athletics Women's 10 kilometres Walk,,,,adult,medal,,,10:km,,,,,NO,NO,athletics | walk,0,"["""", """", """", ""adult"", ""medal"", [], [""10:km""], [], [], [""athletics"", ""walk""]]",
2382,Sailing Mixed 12 metres,,,,adult,medal,mixed,,12:m,,,,,NO,NO,sailing,0,"["""", """", """", ""adult"", ""medal"", [""mixed""], [""12:m""], [], [], [""sailing""]]",
2383,Judo Women's Extra-Lightweight,judo,judo,women,adult,medal,lightweight,,,,,,,NO,NO,extra,0,"[""judo"", ""judo"", ""women"", ""adult"", ""medal"", [""lightweight""], [], [], [], [""extra""]]",fuente2 | fuente3
2384,Diving Men's Synchronized Springboard,aquatics,diving,men,adult,medal,,,,,,,,NO,NO,springboard | synchronized,0,"[""aquatics"", ""diving"", ""men"", ""adult"", ""medal"", [], [], [], [], [""springboard"", ""synchronized""]]",fuente2 | fuente3
2385,"Rowing Men's Coxed Fours, Outriggers",rowing,rowing,men,adult,medal,coxed,,,,,coxed,,NO,NO,fours | outriggers,0,"[""rowing"", ""rowing"", ""men"", ""adult"", ""medal"", [""coxed""], [], [], [""coxed""], [""fours"", ""outriggers""]]",fuente2 | fuente3
2386,Gymnastics Men's Rope Climbing,,,,adult,medal,,,,,,,,NO,NO,climbing | gymnastics | rope,0,"["""", """", """", ""adult"", ""medal"", [], [], [], [], [""climbing"", ""gymnastics"", ""rope""]]",
2387,Sailing Mixed Two Person Dinghy,sailing,sailing,mixed,adult,medal,mixed,,,,,,,NO,NO,dinghy | person | two,0,"[""sailing"", ""sailing"", ""mixed"", ""adult"", ""medal"", [""mixed""], [], [], [], [""dinghy"", ""person"", ""two""]]",fuente2 | fuente3
2388,"Art Competitions Mixed Architecture, Unknown Event",art competitions,art competitions,mixed,adult,medal,mixed,,,,,,,NO,NO,architecture | unknown,0,"[""art competitions"", ""art competitions"", ""mixed"", ""adult"", ""medal"", [""mixed""], [], [], [], [""architecture"", ""unknown""]]",fuente2 | fuente3
2389,"Archery Men's Target Archery, 28 metres, Team",archery,archery,men,adult,medal,team,team,28:m,,,,team,NO,NO,target,1,"[""archery"", ""archery"", ""men"", ""adult"", ""medal"", [""team""], [""28:m""], [], [], [""target""]]",fuente2 | fuente3
2390,"Archery Men's Target Archery, 33 metres, Team",archery,archery,men,adult,medal,team,team,33:m,,,,team,NO,NO,target,1,"[""archery"", ""archery"", ""men"", ""adult"", ""medal"", [""team""], [""33:m""], [], [], [""target""]]",fuente2 | fuente3
2391,"Archery Men's Target Archery, 50 metres, Team",archery,archery,men,adult,medal,team,team,50:m,,,,team,NO,NO,target,1,"[""archery"", ""archery"", ""men"", ""adult"", ""medal"", [""team""], [""50:m""], [], [], [""target""]]",fuente2 | fuente3
2392,"Short Track Speed Skating Women's 3,000 metres Relay",,,,adult,medal,relay,,3000:m,,,,relay,NO,NO,short | skating | speed | track,0,"["""", """", """", ""adult"", ""medal"", [""relay""], [""3000:m""], [], [], [""short"", ""skating"", ""speed"", ""track""]]",
2393,Freestyle Skiing Women's Moguls,,,,adult,medal,freestyle,,,,,,,NO,NO,moguls | skiing,0,"["""", """", """", ""adult"", ""medal"", [""freestyle""], [], [], [], [""moguls"", ""skiing""]]",
2394,Short Track Speed Skating Men's 500 metres,skating,short track speed skating,men,adult,medal,,,500:m,,,,,NO,NO,,0,"[""skating"", ""short track speed skating"", ""men"", ""adult"", ""medal"", [], [""500:m""], [], [], []]",fuente2
2395,"Shooting Men's Running Target, 10 metres",,,,adult,medal,,,10:m,,,,,NO,NO,running | shooting | target,0,"["""", """", """", ""adult"", ""medal"", [], [""10:m""], [], [], [""running"", ""shooting"", ""target""]]",
2396,Polo Men's Polo,polo,polo,men,adult,medal,,,,,,,,NO,NO,,1,"[""polo"", ""polo"", ""men"", ""adult"", ""medal"", [], [], [], [], []]",fuente2 | fuente3
2397,"Rowing Men's Coxed Fours, Inriggers",rowing,rowing,men,adult,medal,coxed,,,,,coxed,,NO,NO,fours | inriggers,0,"[""rowing"", ""rowing"", ""men"", ""adult"", ""medal"", [""coxed""], [], [], [""coxed""], [""fours"", ""inriggers""]]",fuente2 | fuente3
2398,Cycling Men's BMX,,,,adult,medal,,,,,,,,NO,NO,bmx | cycling,0,"["""", """", """", ""adult"", ""medal"", [], [], [], [], [""bmx"", ""cycling""]]",
2399,Art Competitions Mixed Sculpturing,art competitions,art competitions,mixed,adult,medal,mixed,,,,,,,NO,NO,sculpturing,0,"[""art competitions"", ""art competitions"", ""mixed"", ""adult"", ""medal"", [""mixed""], [], [], [], [""sculpturing""]]",fuente2 | fuente3
2400,"Athletics Men's Cross-Country, Individual",,,,adult,medal,individual,individual,,,,,individual,NO,NO,athletics | country | cross,0,"["""", """", """", ""adult"", ""medal"", [""individual""], [], [], [], [""athletics"", ""country"", ""cross""]]",
2401,"Athletics Men's Cross-Country, Team",,,,adult,medal,team,team,,,,,team,NO,NO,athletics | country | cross,0,"["""", """", """", ""adult"", ""medal"", [""team""], [], [], [], [""athletics"", ""country"", ""cross""]]",
2402,Sailing Mixed 40 metres,,,,adult,medal,mixed,,40:m,,,,,NO,NO,sailing,0,"["""", """", """", ""adult"", ""medal"", [""mixed""], [""40:m""], [], [], [""sailing""]]",
2403,Cross Country Skiing Men's 10/10 kilometres Pursuit,skiing,cross country skiing,men,adult,medal,pursuit,,10/10:km,10/10:km,,,,NO,NO,,0,"[""skiing"", ""cross country skiing"", ""men"", ""adult"", ""medal"", [""pursuit""], [""10/10:km""], [], [], []]",fuente2
2404,"Ski Jumping Women's Normal Hill, Individual",,,,adult,medal,individual,individual,,,,,individual,NO,NO,hill | jumping | normal | ski,0,"["""", """", """", ""adult"", ""medal"", [""individual""], [], [], [], [""hill"", ""jumping"", ""normal"", ""ski""]]",
2405,"Short Track Speed Skating Men's 1,000 metres",,,,adult,medal,,,1000:m,,,,,NO,NO,short | skating | speed | track,0,"["""", """", """", ""adult"", ""medal"", [], [""1000:m""], [], [], [""short"", ""skating"", ""speed"", ""track""]]",
2406,"Short Track Speed Skating Men's 1,500 metres",skating,short track speed skating,men,adult,medal,,,1500:m,,,,,NO,NO,,0,"[""skating"", ""short track speed skating"", ""men"", ""adult"", ""medal"", [], [""1500:m""], [], [], []]",fuente2
2407,Gymnastics Men's Club Swinging,,,,adult,medal,,,,,,,,NO,NO,club | gymnastics | swinging,0,"["""", """", """", ""adult"", ""medal"", [], [], [], [], [""club"", ""gymnastics"", ""swinging""]]",
2408,Tennis Women's Singles,tennis,tennis,women,adult,medal,singles,,,,,,,NO,NO,,0,"[""tennis"", ""tennis"", ""women"", ""adult"", ""medal"", [""singles""], [], [], [], []]",fuente2 | fuente3
2409,Tennis Mixed Doubles,tennis,tennis,mixed,adult,medal,doubles | mixed,,,,,,,NO,NO,,0,"[""tennis"", ""tennis"", ""mixed"", ""adult"", ""medal"", [""doubles"", ""mixed""], [], [], [], []]",fuente2 | fuente3
2410,Tennis Women's Doubles,tennis,tennis,women,adult,medal,doubles,,,,,,,NO,NO,,0,"[""tennis"", ""tennis"", ""women"", ""adult"", ""medal"", [""doubles""], [], [], [], []]",fuente2 | fuente3
2411,Judo Women's Middleweight,judo,judo,women,adult,medal,middleweight,,,,,,,NO,NO,,0,"[""judo"", ""judo"", ""women"", ""adult"", ""medal"", [""middleweight""], [], [], [], []]",fuente2 | fuente3
2412,Judo Women's Lightweight,judo,judo,women,adult,medal,lightweight,,,,,,,NO,NO,,0,"[""judo"", ""judo"", ""women"", ""adult"", ""medal"", [""lightweight""], [], [], [], []]",fuente2 | fuente3
2413,Cross Country Skiing Men's Team Sprint,skiing,cross country skiing,men,adult,medal,sprint | team,team,,,,,team,NO,NO,,0,"[""skiing"", ""cross country skiing"", ""men"", ""adult"", ""medal"", [""sprint"", ""team""], [], [], [], []]",fuente2
2414,Snowboarding Women's Halfpipe,,,,adult,medal,,,,,,,,NO,NO,halfpipe | snowboarding,0,"["""", """", """", ""adult"", ""medal"", [], [], [], [], [""halfpipe"", ""snowboarding""]]",
2415,"Canoeing Women's Kayak Singles, 200 metres",,,,adult,medal,singles,,200:m,,,,,NO,NO,canoeing | kayak,0,"["""", """", """", ""adult"", ""medal"", [""singles""], [""200:m""], [], [], [""canoeing"", ""kayak""]]",
2416,Canoeing Men's Kayak Relay 4 x 500 metres,,,,adult,medal,relay,,500:m,,,,relay,NO,NO,4 | canoeing | kayak | x,0,"["""", """", """", ""adult"", ""medal"", [""relay""], [""500:m""], [], [], [""4"", ""canoeing"", ""kayak"", ""x""]]",
2417,"Athletics Men's 3,000 metres, Team",,,,adult,medal,team,team,3000:m,,,,team,NO,NO,athletics,0,"["""", """", """", ""adult"", ""medal"", [""team""], [""3000:m""], [], [], [""athletics""]]",
2418,Cross Country Skiing Women's Sprint,skiing,cross country skiing,women,adult,medal,sprint,,,,,,,NO,NO,,0,"[""skiing"", ""cross country skiing"", ""women"", ""adult"", ""medal"", [""sprint""], [], [], [], []]",fuente2
2419,"Shooting Men's Small-Bore Rifle, Prone, 50 and 100 yards",shooting,shooting,men,adult,medal,,,50/100:yd,50/100:yd,,,,NO,NO,bore | prone | rifle | small,0,"[""shooting"", ""shooting"", ""men"", ""adult"", ""medal"", [], [""50/100:yd""], [], [], [""bore"", ""prone"", ""rifle"", ""small""]]",fuente2 | fuente3
2420,"Shooting Men's Small-Bore Rifle, 50 and 100 yards, Team",shooting,shooting,men,adult,medal,team,team,50/100:yd,50/100:yd,,,team,NO,NO,bore | rifle | small,0,"[""shooting"", ""shooting"", ""men"", ""adult"", ""medal"", [""team""], [""50/100:yd""], [], [], [""bore"", ""rifle"", ""small""]]",fuente2 | fuente3
2421,"Shooting Men's Small-Bore Rifle, Disappearing Target, 25 yards",shooting,shooting,men,adult,medal,,,25:yd,,,,,NO,NO,bore | disappearing | rifle | small | target,0,"[""shooting"", ""shooting"", ""men"", ""adult"", ""medal"", [], [""25:yd""], [], [], [""bore"", ""disappearing"", ""rifle"", ""small"", ""target""]]",fuente2 | fuente3
2422,"Shooting Men's Small-Bore Rifle, Moving Target, 25 yards",shooting,shooting,men,adult,medal,,,25:yd,,,,,NO,NO,bore | moving | rifle | small | target,0,"[""shooting"", ""shooting"", ""men"", ""adult"", ""medal"", [], [""25:yd""], [], [], [""bore"", ""moving"", ""rifle"", ""small"", ""target""]]",fuente2 | fuente3
2423,"Shooting Men's Military Pistol, Team",,,,adult,medal,team,team,,,,,team,NO,NO,military | pistol | shooting,0,"["""", """", """", ""adult"", ""medal"", [""team""], [], [], [], [""military"", ""pistol"", ""shooting""]]",
2424,Rowing Women's Coxed Fours,,,,adult,medal,coxed,,,,,coxed,,NO,NO,fours | rowing,0,"["""", """", """", ""adult"", ""medal"", [""coxed""], [], [], [""coxed""], [""fours"", ""rowing""]]",
2425,"Weightlifting Men's Unlimited, One Hand",,,,adult,medal,,,,,,,,NO,NO,hand | one | unlimited | weightlifting,0,"["""", """", """", ""adult"", ""medal"", [], [], [], [], [""hand"", ""one"", ""unlimited"", ""weightlifting""]]",
2426,"Canoeing Men's Canadian Singles, 500 metres",,,,adult,medal,singles,,500:m,,,,,NO,NO,canadian | canoeing,0,"["""", """", """", ""adult"", ""medal"", [""singles""], [""500:m""], [], [], [""canadian"", ""canoeing""]]",
2427,"Fencing Men's Foil, Masters, Individual",fencing,fencing,men,adult,medal,individual,individual,,,,,individual,NO,NO,foil | masters,0,"[""fencing"", ""fencing"", ""men"", ""adult"", ""medal"", [""individual""], [], [], [], [""foil"", ""masters""]]",fuente2 | fuente3
2428,"Fencing Men's epee, Masters, Individual",fencing,fencing,men,adult,medal,individual,individual,,,,,individual,NO,NO,epee | masters,0,"[""fencing"", ""fencing"", ""men"", ""adult"", ""medal"", [""individual""], [], [], [], [""epee"", ""masters""]]",fuente2 | fuente3
2429,"Gymnastics Men's Individual All-Around, Field Sports",gymnastics,artistic gymnastics,men,adult,medal,individual,individual,,,,,individual,NO,NO,all | around | field | sports,0,"[""gymnastics"", ""artistic gymnastics"", ""men"", ""adult"", ""medal"", [""individual""], [], [], [], [""all"", ""around"", ""field"", ""sports""]]",fuente2 | fuente3
2430,"Gymnastics Men's Individual All-Around, Apparatus Work",gymnastics,artistic gymnastics,men,adult,medal,individual,individual,,,,,individual,NO,NO,all | apparatus | around | work,0,"[""gymnastics"", ""artistic gymnastics"", ""men"", ""adult"", ""medal"", [""individual""], [], [], [], [""all"", ""apparatus"", ""around"", ""work""]]",fuente2 | fuente3
2431,"Art Competitions Mixed Music, Compositions For Solo Or Chorus",,,,adult,medal,mixed,,,,,,,NO,NO,art | chorus | compositions | for | music | or | solo,0,"["""", """", """", ""adult"", ""medal"", [""mixed""], [], [], [], [""art"", ""chorus"", ""compositions"", ""for"", ""music"", ""or"", ""solo""]]",
2432,"Fencing Women's epee, Team",fencing,fencing,women,adult,medal,team,team,,,,,team,NO,NO,epee,0,"[""fencing"", ""fencing"", ""women"", ""adult"", ""medal"", [""team""], [], [], [], [""epee""]]",fuente2 | fuente3
2433,"Swimming Men's 4,000 metres Freestyle",,,,adult,medal,freestyle,,4000:m,,,,,NO,NO,swimming,0,"["""", """", """", ""adult"", ""medal"", [""freestyle""], [""4000:m""], [], [], [""swimming""]]",
2434,Swimming Men's Underwater Swimming,aquatics,swimming,men,adult,medal,,,,,,,,NO,NO,swimming | underwater,1,"[""aquatics"", ""swimming"", ""men"", ""adult"", ""medal"", [], [], [], [], [""swimming"", ""underwater""]]",fuente2 | fuente3
2435,Sailing Mixed Skiff,,,,adult,medal,mixed,,,,,,,NO,NO,sailing | skiff,0,"["""", """", """", ""adult"", ""medal"", [""mixed""], [], [], [], [""sailing"", ""skiff""]]",
2436,"Shooting Men's Military Rifle, 200/500/600/800/900/1,000 Yards, Team",shooting,shooting,men,adult,medal,team,team,200/500/600/800/900/1000:yd,200/500/600/800/900/1000:yd,,,team,NO,NO,military | rifle,0,"[""shooting"", ""shooting"", ""men"", ""adult"", ""medal"", [""team""], [""200/500/600/800/900/1000:yd""], [], [], [""military"", ""rifle""]]",fuente2 | fuente3
2437,"Shooting Men's Running Target, Single And Double Shot",shooting,shooting,men,adult,medal,double | shot | single,,,,,,double | single,NO,NO,and | running | target,0,"[""shooting"", ""shooting"", ""men"", ""adult"", ""medal"", [""double"", ""shot"", ""single""], [], [], [], [""and"", ""running"", ""target""]]",fuente2 | fuente3
2438,"Shooting Men's Small-Bore Rifle, Any Position, 50 metres",shooting,shooting,men,adult,medal,,,50:m,,,,,NO,NO,any | bore | position | rifle | small,0,"[""shooting"", ""shooting"", ""men"", ""adult"", ""medal"", [], [""50:m""], [], [], [""any"", ""bore"", ""position"", ""rifle"", ""small""]]",fuente2 | fuente3
2439,"Shooting Men's Small-Bore Rifle, Disappearing Target, 25 metres",shooting,shooting,men,adult,medal,,,25:m,,,,,NO,NO,bore | disappearing | rifle | small | target,0,"[""shooting"", ""shooting"", ""men"", ""adult"", ""medal"", [], [""25:m""], [], [], [""bore"", ""disappearing"", ""rifle"", ""small"", ""target""]]",fuente2 | fuente3
2440,Swimming Women's 10 kilometres Open Water,,,,adult,medal,open,,10:km,,,,,NO,NO,swimming | water,0,"["""", """", """", ""adult"", ""medal"", [""open""], [""10:km""], [], [], [""swimming"", ""water""]]",
2441,Snowboarding Women's Slopestyle,,,,adult,medal,,,,,,,,NO,NO,slopestyle | snowboarding,0,"["""", """", """", ""adult"", ""medal"", [], [], [], [], [""slopestyle"", ""snowboarding""]]",
2442,Snowboarding Men's Giant Slalom,skiing,snowboard,men,adult,medal,,,,,,,,NO,NO,giant | slalom | snowboarding,0,"[""skiing"", ""snowboard"", ""men"", ""adult"", ""medal"", [], [], [], [], [""giant"", ""slalom"", ""snowboarding""]]",fuente2
2443,Snowboarding Men's Parallel Giant Slalom,skiing,snowboard,men,adult,medal,,,,,,,,NO,NO,giant | parallel | slalom | snowboarding,0,"[""skiing"", ""snowboard"", ""men"", ""adult"", ""medal"", [], [], [], [], [""giant"", ""parallel"", ""slalom"", ""snowboarding""]]",fuente2
2444,Snowboarding Men's Boardercross,,,,adult,medal,,,,,,,,NO,NO,boardercross | snowboarding,0,"["""", """", """", ""adult"", ""medal"", [], [], [], [], [""boardercross"", ""snowboarding""]]",
2445,Snowboarding Men's Parallel Slalom,skiing,snowboard,men,adult,medal,,,,,,,,NO,NO,parallel | slalom | snowboarding,0,"[""skiing"", ""snowboard"", ""men"", ""adult"", ""medal"", [], [], [], [], [""parallel"", ""slalom"", ""snowboarding""]]",fuente2
2446,"Cycling Men's Team Pursuit, 1,980 yards",,,,adult,medal,pursuit | team,team,1980:yd,,,,team,NO,NO,cycling,0,"["""", """", """", ""adult"", ""medal"", [""pursuit"", ""team""], [""1980:yd""], [], [], [""cycling""]]",
2447,"Cycling Men's 5,000 metres",,,,adult,medal,,,5000:m,,,,,NO,NO,cycling,0,"["""", """", """", ""adult"", ""medal"", [], [""5000:m""], [], [], [""cycling""]]",
2448,Cycling Men's 100 kilometres,,,,adult,medal,,,100:km,,,,,NO,NO,cycling,0,"["""", """", """", ""adult"", ""medal"", [], [""100:km""], [], [], [""cycling""]]",
2449,Cricket Men's Cricket,cricket,cricket,men,adult,medal,,,,,,,,NO,NO,,1,"[""cricket"", ""cricket"", ""men"", ""adult"", ""medal"", [], [], [], [], []]",fuente2 | fuente3
2450,"Canoeing Men's Canadian Singles, 10,000 metres",,,,adult,medal,singles,,10000:m,,,,,NO,NO,canadian | canoeing,0,"["""", """", """", ""adult"", ""medal"", [""singles""], [""10000:m""], [], [], [""canadian"", ""canoeing""]]",
2451,Cross Country Skiing Women's Team Sprint,skiing,cross country skiing,women,adult,medal,sprint | team,team,,,,,team,NO,NO,,0,"[""skiing"", ""cross country skiing"", ""women"", ""adult"", ""medal"", [""sprint"", ""team""], [], [], [], []]",fuente2
2452,Boxing Women's Middleweight,,,,adult,medal,middleweight,,,,,,,NO,NO,boxing,0,"["""", """", """", ""adult"", ""medal"", [""middleweight""], [], [], [], [""boxing""]]",
2453,Sailing Men's Skiff,sailing,sailing,men,adult,medal,,,,,,,,NO,NO,skiff,0,"[""sailing"", ""sailing"", ""men"", ""adult"", ""medal"", [], [], [], [], [""skiff""]]",fuente2 | fuente3
2454,Athletics Men's Pentathlon,athletics,athletics,men,adult,medal,,,,,,,,NO,NO,pentathlon,0,"[""athletics"", ""athletics"", ""men"", ""adult"", ""medal"", [], [], [], [], [""pentathlon""]]",fuente2 | fuente3
2455,"Swimming Men's 1,200 metres Freestyle",aquatics,swimming,men,adult,medal,freestyle,,1200:m,,,,,NO,NO,,0,"[""aquatics"", ""swimming"", ""men"", ""adult"", ""medal"", [""freestyle""], [""1200:m""], [], [], []]",fuente2 | fuente3
2456,Shooting Women's Skeet,,,,adult,medal,,,,,,,,NO,NO,shooting | skeet,0,"["""", """", """", ""adult"", ""medal"", [], [], [], [], [""shooting"", ""skeet""]]",
2457,Biathlon Men's 15 kilometres Mass Start,,,,adult,medal,,,15:km,,,,,NO,NO,biathlon | mass | start,0,"["""", """", """", ""adult"", ""medal"", [], [""15:km""], [], [], [""biathlon"", ""mass"", ""start""]]",
2458,Cross Country Skiing Men's 30 km Skiathlon,,,,adult,medal,,,30:km,,,,,NO,NO,country | cross | skiathlon | skiing,0,"["""", """", """", ""adult"", ""medal"", [], [""30:km""], [], [], [""country"", ""cross"", ""skiathlon"", ""skiing""]]",
2459,Cycling Men's 1/4 mile,cycling,cycling track,men,adult,medal,,,1/4:mile,1/4:mile,,,,NO,NO,,0,"[""cycling"", ""cycling track"", ""men"", ""adult"", ""medal"", [], [""1/4:mile""], [], [], []]",fuente2 | fuente3
2460,Cycling Men's 1/2 mile,cycling,cycling track,men,adult,medal,,,1/2:mile,1/2:mile,,,,NO,NO,,0,"[""cycling"", ""cycling track"", ""men"", ""adult"", ""medal"", [], [""1/2:mile""], [], [], []]",fuente2 | fuente3
2461,Cycling Men's 5 mile,,,,adult,medal,,,5:mile,,,,,NO,NO,cycling,0,"["""", """", """", ""adult"", ""medal"", [], [""5:mile""], [], [], [""cycling""]]",
2462,Cycling Men's 25 mile,,,,adult,medal,,,25:mile,,,,,NO,NO,cycling,0,"["""", """", """", ""adult"", ""medal"", [], [""25:mile""], [], [], [""cycling""]]",
2463,"Shooting Men's Small-Bore Rifle, Standing, 50 metres",shooting,shooting,men,adult,medal,,,50:m,,,,,NO,NO,bore | rifle | small | standing,0,"[""shooting"", ""shooting"", ""men"", ""adult"", ""medal"", [], [""50:m""], [], [], [""bore"", ""rifle"", ""small"", ""standing""]]",fuente2 | fuente3
2464,"Shooting Men's Small Bore-Rifle, Standing, 50 metres, Team",shooting,shooting,men,adult,medal,team,team,50:m,,,,team,NO,NO,bore | rifle | small | standing,0,"[""shooting"", ""shooting"", ""men"", ""adult"", ""medal"", [""team""], [""50:m""], [], [], [""bore"", ""rifle"", ""small"", ""standing""]]",fuente2 | fuente3
2465,Speed Skating Men's Team Pursuit (8 laps),,,,adult,medal,pursuit | team,team,,,,,team,NO,NO,8 | laps | skating | speed,0,"["""", """", """", ""adult"", ""medal"", [""pursuit"", ""team""], [], [], [], [""8"", ""laps"", ""skating"", ""speed""]]",
2466,"Shooting Men's Free Rifle, 1,000 Yards",,,,adult,medal,,,1000:yd,,,,,NO,NO,free | rifle | shooting,0,"["""", """", """", ""adult"", ""medal"", [], [""1000:yd""], [], [], [""free"", ""rifle"", ""shooting""]]",
2467,Cycling Women's Team Pursuit,cycling,cycling track,women,adult,medal,pursuit | team,team,,,,,team,NO,NO,,0,"[""cycling"", ""cycling track"", ""women"", ""adult"", ""medal"", [""pursuit"", ""team""], [], [], [], []]",fuente2 | fuente3
2468,"Speed Skating Women's 5,000 metres",,,,adult,medal,,,5000:m,,,,,NO,NO,skating | speed,0,"["""", """", """", ""adult"", ""medal"", [], [""5000:m""], [], [], [""skating"", ""speed""]]",
2469,"Athletics Men's 3,000 metres Walk",,,,adult,medal,,,3000:m,,,,,NO,NO,athletics | walk,0,"["""", """", """", ""adult"", ""medal"", [], [""3000:m""], [], [], [""athletics"", ""walk""]]",
2470,Snowboarding Women's Boardercross,,,,adult,medal,,,,,,,,NO,NO,boardercross | snowboarding,0,"["""", """", """", ""adult"", ""medal"", [], [], [], [], [""boardercross"", ""snowboarding""]]",
2471,"Shooting Mixed Running Target, 50 metres",,,,adult,medal,mixed,,50:m,,,,,NO,NO,running | shooting | target,0,"["""", """", """", ""adult"", ""medal"", [""mixed""], [""50:m""], [], [], [""running"", ""shooting"", ""target""]]",
2472,Luge Mixed Team Relay,,,,adult,medal,mixed | relay | team,team,,,,,relay | team,NO,NO,luge,0,"["""", """", """", ""adult"", ""medal"", [""mixed"", ""relay"", ""team""], [], [], [], [""luge""]]",
2473,Cycling Women's Individual Time Trial,cycling,cycling road,women,adult,medal,individual,individual,,,,,individual,NO,NO,time | trial,0,"[""cycling"", ""cycling road"", ""women"", ""adult"", ""medal"", [""individual""], [], [], [], [""time"", ""trial""]]",fuente2 | fuente3
2474,"Fencing Women's Sabre, Individual",fencing,fencing,women,adult,medal,individual,individual,,,,,individual,NO,NO,sabre,0,"[""fencing"", ""fencing"", ""women"", ""adult"", ""medal"", [""individual""], [], [], [], [""sabre""]]",fuente2 | fuente3
2475,"Fencing Men's Sabre, Individual, Three Hits",fencing,fencing,men,adult,medal,individual,individual,,,,,individual,NO,NO,hits | sabre | three,0,"[""fencing"", ""fencing"", ""men"", ""adult"", ""medal"", [""individual""], [], [], [], [""hits"", ""sabre"", ""three""]]",fuente2 | fuente3
2476,Archery Women's Double National Round,,,,adult,medal,double,,,,,,double,NO,NO,archery | national | round,0,"["""", """", """", ""adult"", ""medal"", [""double""], [], [], [], [""archery"", ""national"", ""round""]]",
2477,Cycling Men's Omnium,cycling,cycling track,men,adult,medal,,,,,,,,NO,NO,omnium,0,"[""cycling"", ""cycling track"", ""men"", ""adult"", ""medal"", [], [], [], [], [""omnium""]]",fuente2 | fuente3
2478,Equestrianism Mixed Hacks And Hunter Combined,,,,adult,medal,combined | mixed,,,,,,,NO,NO,and | equestrianism | hacks | hunter,0,"["""", """", """", ""adult"", ""medal"", [""combined"", ""mixed""], [], [], [], [""and"", ""equestrianism"", ""hacks"", ""hunter""]]",
2479,Sailing Mixed 10 metres,,,,adult,medal,mixed,,10:m,,,,,NO,NO,sailing,0,"["""", """", """", ""adult"", ""medal"", [""mixed""], [""10:m""], [], [], [""sailing""]]",
2480,"Shooting Men's Trap, Team",shooting,shooting,men,adult,medal,team,team,,,,,team,NO,NO,trap,0,"[""shooting"", ""shooting"", ""men"", ""adult"", ""medal"", [""team""], [], [], [], [""trap""]]",fuente2 | fuente3
2481,"Cycling Women's Individual Pursuit, 3,000 metres",,,,adult,medal,individual | pursuit,individual,3000:m,,,,individual,NO,NO,cycling,0,"["""", """", """", ""adult"", ""medal"", [""individual"", ""pursuit""], [""3000:m""], [], [], [""cycling""]]",
2482,Cycling Women's Points Race,,,,adult,medal,,,,,,,,NO,NO,cycling | points | race,0,"["""", """", """", ""adult"", ""medal"", [], [], [], [], [""cycling"", ""points"", ""race""]]",
2483,Sailing Men's Two Person Keelboat,,,,adult,medal,,,,,,,,NO,NO,keelboat | person | sailing | two,0,"["""", """", """", ""adult"", ""medal"", [], [], [], [], [""keelboat"", ""person"", ""sailing"", ""two""]]",
2484,Cycling Men's Keirin,cycling,cycling track,men,adult,medal,,,,,,,,NO,NO,keirin,0,"[""cycling"", ""cycling track"", ""men"", ""adult"", ""medal"", [], [], [], [], [""keirin""]]",fuente2 | fuente3
2485,Cycling Men's Team Sprint,cycling,cycling track,men,adult,medal,sprint | team,team,,,,,team,NO,NO,,0,"[""cycling"", ""cycling track"", ""men"", ""adult"", ""medal"", [""sprint"", ""team""], [], [], [], []]",fuente2 | fuente3
2486,Athletics Men's 5 mile,,,,adult,medal,,,5:mile,,,,,NO,NO,athletics,0,"["""", """", """", ""adult"", ""medal"", [], [""5:mile""], [], [], [""athletics""]]",
2487,"Shooting Men's Running Target, Single Shot, Team",shooting,shooting,men,adult,medal,shot | single | team,team,,,,,single | team,NO,NO,running | target,0,"[""shooting"", ""shooting"", ""men"", ""adult"", ""medal"", [""shot"", ""single"", ""team""], [], [], [], [""running"", ""target""]]",fuente2 | fuente3
2488,Bobsleigh Women's Two,,,,adult,medal,,,,,,,,NO,NO,bobsleigh | two,0,"["""", """", """", ""adult"", ""medal"", [], [], [], [], [""bobsleigh"", ""two""]]",
2489,Racquets Men's Singles,,,,adult,medal,singles,,,,,,,NO,NO,racquets,0,"["""", """", """", ""adult"", ""medal"", [""singles""], [], [], [], [""racquets""]]",
2490,Racquets Men's Doubles,,,,adult,medal,doubles,,,,,,,NO,NO,racquets,0,"["""", """", """", ""adult"", ""medal"", [""doubles""], [], [], [], [""racquets""]]",
2491,"Art Competitions Mixed Literature, Lyric Works",art competitions,art competitions,mixed,adult,medal,mixed,,,,,,,NO,NO,literature | lyric | works,0,"[""art competitions"", ""art competitions"", ""mixed"", ""adult"", ""medal"", [""mixed""], [], [], [], [""literature"", ""lyric"", ""works""]]",fuente2 | fuente3
2492,Motorboating Mixed A-Class (Open),,,,adult,medal,mixed | open,,,,,,,NO,NO,a | class | motorboating,0,"["""", """", """", ""adult"", ""medal"", [""mixed"", ""open""], [], [], [], [""a"", ""class"", ""motorboating""]]",
2493,Archery Men's Continental Style,,,,adult,medal,,,,,,,,NO,NO,archery | continental | style,0,"["""", """", """", ""adult"", ""medal"", [], [], [], [], [""archery"", ""continental"", ""style""]]",
2494,Military Ski Patrol Men's Military Ski Patrol,skiing,military ski patrol,men,adult,medal,,,,,,,,NO,NO,military | patrol | ski,3,"[""skiing"", ""military ski patrol"", ""men"", ""adult"", ""medal"", [], [], [], [], [""military"", ""patrol"", ""ski""]]",fuente2
2495,"Art Competitions Mixed Painting, Graphic Arts",art competitions,art competitions,mixed,adult,medal,mixed,,,,,,,NO,NO,arts | graphic | painting,0,"[""art competitions"", ""art competitions"", ""mixed"", ""adult"", ""medal"", [""mixed""], [], [], [], [""arts"", ""graphic"", ""painting""]]",fuente2 | fuente3
2496,"Wrestling Women's Flyweight, Freestyle",,,,adult,medal,freestyle,,,,,,,NO,NO,flyweight | wrestling,0,"["""", """", """", ""adult"", ""medal"", [""freestyle""], [], [], [], [""flyweight"", ""wrestling""]]",
2497,"Art Competitions Mixed Literature, Unknown Event",art competitions,art competitions,mixed,adult,medal,mixed,,,,,,,NO,NO,literature | unknown,0,"[""art competitions"", ""art competitions"", ""mixed"", ""adult"", ""medal"", [""mixed""], [], [], [], [""literature"", ""unknown""]]",fuente2 | fuente3
2498,Sailing Mixed 0.5-1 Ton,sailing,sailing,mixed,adult,medal,mixed,,,,,,,NO,NO,0 | 1 | 5 | ton,0,"[""sailing"", ""sailing"", ""mixed"", ""adult"", ""medal"", [""mixed""], [], [], [], [""0"", ""1"", ""5"", ""ton""]]",fuente2 | fuente3
2499,"Art Competitions Mixed Painting, Applied Arts",art competitions,art competitions,mixed,adult,medal,mixed,,,,,,,NO,NO,applied | arts | painting,0,"[""art competitions"", ""art competitions"", ""mixed"", ""adult"", ""medal"", [""mixed""], [], [], [], [""applied"", ""arts"", ""painting""]]",fuente2 | fuente3
2500,"Croquet Mixed Singles, One Ball",,,,adult,medal,mixed | singles,,,,,,,NO,NO,ball | croquet | one,0,"["""", """", """", ""adult"", ""medal"", [""mixed"", ""singles""], [], [], [], [""ball"", ""croquet"", ""one""]]",
2501,Croquet Mixed Doubles,,,,adult,medal,doubles | mixed,,,,,,,NO,NO,croquet,0,"["""", """", """", ""adult"", ""medal"", [""doubles"", ""mixed""], [], [], [], [""croquet""]]",
2502,"Shooting Men's Running Target, Double Shot, Team",shooting,shooting,men,adult,medal,double | shot | team,team,,,,,double | team,NO,NO,running | target,0,"[""shooting"", ""shooting"", ""men"", ""adult"", ""medal"", [""double"", ""shot"", ""team""], [], [], [], [""running"", ""target""]]",fuente2 | fuente3
2503,"Shooting Men's Free Pistol, 50 yards",shooting,shooting,men,adult,medal,,,50:yd,,,,,NO,NO,free | pistol,0,"[""shooting"", ""shooting"", ""men"", ""adult"", ""medal"", [], [""50:yd""], [], [], [""free"", ""pistol""]]",fuente2 | fuente3
2504,"Shooting Men's Free Pistol, 50 yards, Team",shooting,shooting,men,adult,medal,team,team,50:yd,,,,team,NO,NO,free | pistol,0,"[""shooting"", ""shooting"", ""men"", ""adult"", ""medal"", [""team""], [""50:yd""], [], [], [""free"", ""pistol""]]",fuente2 | fuente3
2505,"Fencing Men's epee, Masters and Amateurs, Individual",fencing,fencing,men,adult,medal,individual,individual,,,,,individual,NO,NO,amateurs | and | epee | masters,0,"[""fencing"", ""fencing"", ""men"", ""adult"", ""medal"", [""individual""], [], [], [], [""amateurs"", ""and"", ""epee"", ""masters""]]",fuente2 | fuente3
2506,Swimming Men's 10 kilometres Open Water,,,,adult,medal,open,,10:km,,,,,NO,NO,swimming | water,0,"["""", """", """", ""adult"", ""medal"", [""open""], [""10:km""], [], [], [""swimming"", ""water""]]",
2507,"Art Competitions Mixed Music, Compositions For Orchestra",,,,adult,medal,mixed,,,,,,,NO,NO,art | compositions | for | music | orchestra,0,"["""", """", """", ""adult"", ""medal"", [""mixed""], [], [], [], [""art"", ""compositions"", ""for"", ""music"", ""orchestra""]]",
2508,Archery Men's Double York Round,,,,adult,medal,double,,,,,,double,NO,NO,archery | round | york,0,"["""", """", """", ""adult"", ""medal"", [""double""], [], [], [], [""archery"", ""round"", ""york""]]",
2509,"Wrestling Women's Middleweight, Freestyle",,,,adult,medal,freestyle | middleweight,,,,,,,NO,NO,wrestling,0,"["""", """", """", ""adult"", ""medal"", [""freestyle"", ""middleweight""], [], [], [], [""wrestling""]]",
2510,"Equestrianism Men's Vaulting, Individual",,,,adult,medal,individual,individual,,,,,individual,NO,NO,equestrianism | vaulting,0,"["""", """", """", ""adult"", ""medal"", [""individual""], [], [], [], [""equestrianism"", ""vaulting""]]",
2511,Swimming Men's 4 x 250 metres Freestyle Relay,,,,adult,medal,freestyle | relay,,250:m,,,,relay,NO,NO,4 | swimming | x,0,"["""", """", """", ""adult"", ""medal"", [""freestyle"", ""relay""], [""250:m""], [], [], [""4"", ""swimming"", ""x""]]",
2512,Freestyle Skiing Women's Slopestyle,,,,adult,medal,freestyle,,,,,,,NO,NO,skiing | slopestyle,0,"["""", """", """", ""adult"", ""medal"", [""freestyle""], [], [], [], [""skiing"", ""slopestyle""]]",
2513,Table Tennis Women's Team,,,,adult,medal,team,team,,,,,team,NO,NO,table | tennis,0,"["""", """", """", ""adult"", ""medal"", [""team""], [], [], [], [""table"", ""tennis""]]",
2514,Athletics Women's Hammer Throw,athletics,athletics,women,adult,medal,,,,,,,,NO,NO,hammer | throw,0,"[""athletics"", ""athletics"", ""women"", ""adult"", ""medal"", [], [], [], [], [""hammer"", ""throw""]]",fuente2 | fuente3
2515,"Canoeing Men's Kayak Singles, 200 metres",,,,adult,medal,singles,,200:m,,,,,NO,NO,canoeing | kayak,0,"["""", """", """", ""adult"", ""medal"", [""singles""], [""200:m""], [], [], [""canoeing"", ""kayak""]]",
2516,Short Track Speed Skating Women's 500 metres,skating,short track speed skating,women,adult,medal,,,500:m,,,,,NO,NO,,0,"[""skating"", ""short track speed skating"", ""women"", ""adult"", ""medal"", [], [""500:m""], [], [], []]",fuente2
2517,Shooting Women's Double Trap,shooting,shooting,women,adult,medal,double,,,,,,double,NO,NO,trap,0,"[""shooting"", ""shooting"", ""women"", ""adult"", ""medal"", [""double""], [], [], [], [""trap""]]",fuente2 | fuente3
2518,Rowing Men's 6-Man Naval Rowing Boats,,,,adult,medal,,,,,,,,NO,NO,6 | boats | man | naval | rowing | rowing,0,"["""", """", """", ""adult"", ""medal"", [], [], [], [], [""6"", ""boats"", ""man"", ""naval"", ""rowing"", ""rowing""]]",
2519,Art Competitions Mixed Music,art competitions,art competitions,mixed,adult,medal,mixed,,,,,,,NO,NO,music,0,"[""art competitions"", ""art competitions"", ""mixed"", ""adult"", ""medal"", [""mixed""], [], [], [], [""music""]]",fuente2 | fuente3
2520,"Shooting Men's Free Rifle, Kneeling, 300 metres",,,,adult,medal,,,300:m,,,,,NO,NO,free | kneeling | rifle | shooting,0,"["""", """", """", ""adult"", ""medal"", [], [""300:m""], [], [], [""free"", ""kneeling"", ""rifle"", ""shooting""]]",
2521,"Shooting Men's Free Rifle, Prone, 300 metres",,,,adult,medal,,,300:m,,,,,NO,NO,free | prone | rifle | shooting,0,"["""", """", """", ""adult"", ""medal"", [], [""300:m""], [], [], [""free"", ""prone"", ""rifle"", ""shooting""]]",
2522,"Shooting Men's Free Rifle, Standing, 300 metres",,,,adult,medal,,,300:m,,,,,NO,NO,free | rifle | shooting | standing,0,"["""", """", """", ""adult"", ""medal"", [], [""300:m""], [], [], [""free"", ""rifle"", ""shooting"", ""standing""]]",
2523,"Short Track Speed Skating Women's 1,000 metres",,,,adult,medal,,,1000:m,,,,,NO,NO,short | skating | speed | track,0,"["""", """", """", ""adult"", ""medal"", [], [""1000:m""], [], [], [""short"", ""skating"", ""speed"", ""track""]]",
2524,"Athletics Men's 3,200 metres Steeplechase",athletics,athletics,men,adult,medal,,,3200:m,,,,,NO,NO,steeplechase,0,"[""athletics"", ""athletics"", ""men"", ""adult"", ""medal"", [], [""3200:m""], [], [], [""steeplechase""]]",fuente2 | fuente3
2525,Rowing Women's Coxless Fours,,,,adult,medal,coxless,,,,,coxless,,NO,NO,fours | rowing,0,"["""", """", """", ""adult"", ""medal"", [""coxless""], [], [], [""coxless""], [""fours"", ""rowing""]]",
2526,Freestyle Skiing Women's Ski Cross,,,,adult,medal,freestyle,,,,,,,NO,NO,cross | ski | skiing,0,"["""", """", """", ""adult"", ""medal"", [""freestyle""], [], [], [], [""cross"", ""ski"", ""skiing""]]",
2527,Freestyle Skiing Men's Ski Cross,,,,adult,medal,freestyle,,,,,,,NO,NO,cross | ski | skiing,0,"["""", """", """", ""adult"", ""medal"", [""freestyle""], [], [], [], [""cross"", ""ski"", ""skiing""]]",
2528,"Tennis Men's Doubles, Covered Courts",tennis,tennis,men,adult,medal,doubles,,,,,,,NO,NO,courts | covered,0,"[""tennis"", ""tennis"", ""men"", ""adult"", ""medal"", [""doubles""], [], [], [], [""courts"", ""covered""]]",fuente2 | fuente3
2529,"Tennis Men's Singles, Covered Courts",tennis,tennis,men,adult,medal,singles,,,,,,,NO,NO,courts | covered,0,"[""tennis"", ""tennis"", ""men"", ""adult"", ""medal"", [""singles""], [], [], [], [""courts"", ""covered""]]",fuente2 | fuente3
2530,Cycling Men's 25 kilometres,,,,adult,medal,,,25:km,,,,,NO,NO,cycling,0,"["""", """", """", ""adult"", ""medal"", [], [""25:km""], [], [], [""cycling""]]",
2531,"Nordic Combined Men's Normal Hill / 10 km, Individual",skiing,nordic combined,men,adult,medal,combined | individual,individual,10:km,,,,individual,NO,NO,hill | normal,0,"[""skiing"", ""nordic combined"", ""men"", ""adult"", ""medal"", [""combined"", ""individual""], [""10:km""], [], [], [""hill"", ""normal""]]",fuente2
2532,"Nordic Combined Men's Large Hill / 10 km, Individual",skiing,nordic combined,men,adult,medal,combined | individual,individual,10:km,,,,individual,NO,NO,hill | large,0,"[""skiing"", ""nordic combined"", ""men"", ""adult"", ""medal"", [""combined"", ""individual""], [""10:km""], [], [], [""hill"", ""large""]]",fuente2
2533,"Shooting Men's Military Rifle, 200 metres",shooting,shooting,men,adult,medal,,,200:m,,,,,NO,NO,military | rifle,0,"[""shooting"", ""shooting"", ""men"", ""adult"", ""medal"", [], [""200:m""], [], [], [""military"", ""rifle""]]",fuente2 | fuente3
2534,"Short Track Speed Skating Women's 1,500 metres",skating,short track speed skating,women,adult,medal,,,1500:m,,,,,NO,NO,,0,"[""skating"", ""short track speed skating"", ""women"", ""adult"", ""medal"", [], [""1500:m""], [], [], []]",fuente2
2535,Athletics Men's Standing Triple Jump,athletics,athletics,men,adult,medal,,,,,,,,NO,NO,jump | standing | triple,0,"[""athletics"", ""athletics"", ""men"", ""adult"", ""medal"", [], [], [], [], [""jump"", ""standing"", ""triple""]]",fuente2 | fuente3
2536,Rowing Men's Coxed Pairs (1 kilometres),rowing,rowing,men,adult,medal,coxed | pairs,,1:km,,,coxed,pairs,NO,NO,,0,"[""rowing"", ""rowing"", ""men"", ""adult"", ""medal"", [""coxed"", ""pairs""], [""1:km""], [], [""coxed""], []]",fuente2 | fuente3
2537,"Shooting Men's Military Pistol, 30 metres",,,,adult,medal,,,30:m,,,,,NO,NO,military | pistol | shooting,0,"["""", """", """", ""adult"", ""medal"", [], [""30:m""], [], [], [""military"", ""pistol"", ""shooting""]]",
2538,Cycling Women's Keirin,cycling,cycling track,women,adult,medal,,,,,,,,NO,NO,keirin,0,"[""cycling"", ""cycling track"", ""women"", ""adult"", ""medal"", [], [], [], [], [""keirin""]]",fuente2 | fuente3
2539,"Archery Men's Au Cordon Dore, 50 metres",,,,adult,medal,,,50:m,,,,,NO,NO,archery | au | cordon | dore,0,"["""", """", """", ""adult"", ""medal"", [], [""50:m""], [], [], [""archery"", ""au"", ""cordon"", ""dore""]]",
2540,Swimming Women's 300 metres Freestyle,,,,adult,medal,freestyle,,300:m,,,,,NO,NO,swimming,0,"["""", """", """", ""adult"", ""medal"", [""freestyle""], [""300:m""], [], [], [""swimming""]]",
2541,Snowboarding Women's Giant Slalom,skiing,snowboard,women,adult,medal,,,,,,,,NO,NO,giant | slalom | snowboarding,0,"[""skiing"", ""snowboard"", ""women"", ""adult"", ""medal"", [], [], [], [], [""giant"", ""slalom"", ""snowboarding""]]",fuente2
2542,"Canoeing Men's Canadian Singles, 200 metres",,,,adult,medal,singles,,200:m,,,,,NO,NO,canadian | canoeing,0,"["""", """", """", ""adult"", ""medal"", [""singles""], [""200:m""], [], [], [""canadian"", ""canoeing""]]",
2543,Sailing Mixed 30 metres,,,,adult,medal,mixed,,30:m,,,,,NO,NO,sailing,0,"["""", """", """", ""adult"", ""medal"", [""mixed""], [""30:m""], [], [], [""sailing""]]",
2544,"Athletics Men's 4,000 metres Steeplechase",,,,adult,medal,,,4000:m,,,,,NO,NO,athletics | steeplechase,0,"["""", """", """", ""adult"", ""medal"", [], [""4000:m""], [], [], [""athletics"", ""steeplechase""]]",
2545,"Athletics Men's 5,000 metres, Team",athletics,athletics,men,adult,medal,team,team,5000:m,,,,team,NO,NO,,0,"[""athletics"", ""athletics"", ""men"", ""adult"", ""medal"", [""team""], [""5000:m""], [], [], []]",fuente2 | fuente3
2546,Snowboarding Men's Slopestyle,,,,adult,medal,,,,,,,,NO,NO,slopestyle | snowboarding,0,"["""", """", """", ""adult"", ""medal"", [], [], [], [], [""slopestyle"", ""snowboarding""]]",
2547,Rowing Men's Coxed Pairs (1 mile),rowing,rowing,men,adult,medal,coxed | pairs,,1:mile,,,coxed,pairs,NO,NO,,0,"[""rowing"", ""rowing"", ""men"", ""adult"", ""medal"", [""coxed"", ""pairs""], [""1:mile""], [], [""coxed""], []]",fuente2 | fuente3
2548,Art Competitions Mixed Unknown Event,art competitions,art competitions,mixed,adult,medal,mixed,,,,,,,NO,NO,unknown,0,"[""art competitions"", ""art competitions"", ""mixed"", ""adult"", ""medal"", [""mixed""], [], [], [], [""unknown""]]",fuente2 | fuente3
2549,Cycling Women's Omnium,cycling,cycling track,women,adult,medal,,,,,,,,NO,NO,omnium,0,"[""cycling"", ""cycling track"", ""women"", ""adult"", ""medal"", [], [], [], [], [""omnium""]]",fuente2 | fuente3
2550,Freestyle Skiing Men's Halfpipe,,,,adult,medal,freestyle,,,,,,,NO,NO,halfpipe | skiing,0,"["""", """", """", ""adult"", ""medal"", [""freestyle""], [], [], [], [""halfpipe"", ""skiing""]]",
2551,Swimming Men's 200 metres Obstacle Course,,,,adult,medal,,,200:m,,,,,NO,NO,course | obstacle | swimming,0,"["""", """", """", ""adult"", ""medal"", [], [""200:m""], [], [], [""course"", ""obstacle"", ""swimming""]]",
2552,Swimming Men's 200 metres Team Swimming,aquatics,swimming,men,adult,medal,team,team,200:m,,,,team,NO,NO,swimming,1,"[""aquatics"", ""swimming"", ""men"", ""adult"", ""medal"", [""team""], [""200:m""], [], [], [""swimming""]]",fuente2 | fuente3
2553,Sailing Mixed 12 foot,,,,adult,medal,mixed,,,,,,,NO,NO,12 | foot | sailing,0,"["""", """", """", ""adult"", ""medal"", [""mixed""], [], [], [], [""12"", ""foot"", ""sailing""]]",
2554,"Art Competitions Mixed Music, Instrumental And Chamber",,,,adult,medal,mixed,,,,,,,NO,NO,and | art | chamber | instrumental | music,0,"["""", """", """", ""adult"", ""medal"", [""mixed""], [], [], [], [""and"", ""art"", ""chamber"", ""instrumental"", ""music""]]",
2555,"Art Competitions Mixed Music, Vocals",art competitions,art competitions,mixed,adult,medal,mixed,,,,,,,NO,NO,music | vocals,0,"[""art competitions"", ""art competitions"", ""mixed"", ""adult"", ""medal"", [""mixed""], [], [], [], [""music"", ""vocals""]]",fuente2 | fuente3
2556,"Art Competitions Mixed Literature, Dramatic Works",art competitions,art competitions,mixed,adult,medal,mixed,,,,,,,NO,NO,dramatic | literature | works,0,"[""art competitions"", ""art competitions"", ""mixed"", ""adult"", ""medal"", [""mixed""], [], [], [], [""dramatic"", ""literature"", ""works""]]",fuente2 | fuente3
2557,Jeu De Paume Men's Singles,,,,adult,medal,singles,,,,,,,NO,NO,de | jeu | paume,0,"["""", """", """", ""adult"", ""medal"", [""singles""], [], [], [], [""de"", ""jeu"", ""paume""]]",
2558,Sailing Mixed 10-20 Ton,sailing,sailing,mixed,adult,medal,mixed,,,,,,,NO,NO,10 | 20 | ton,0,"[""sailing"", ""sailing"", ""mixed"", ""adult"", ""medal"", [""mixed""], [], [], [], [""10"", ""20"", ""ton""]]",fuente2 | fuente3
2559,Cycling Men's 1/3 mile,cycling,cycling track,men,adult,medal,,,1/3:mile,1/3:mile,,,,NO,NO,,0,"[""cycling"", ""cycling track"", ""men"", ""adult"", ""medal"", [], [""1/3:mile""], [], [], []]",fuente2 | fuente3
2560,Cycling Men's 1 mile,cycling,cycling track,men,adult,medal,,,1:mile,,,,,NO,NO,,0,"[""cycling"", ""cycling track"", ""men"", ""adult"", ""medal"", [], [""1:mile""], [], [], []]",fuente2 | fuente3
2561,Cycling Men's 2 mile,cycling,cycling track,men,adult,medal,,,2:mile,,,,,NO,NO,,0,"[""cycling"", ""cycling track"", ""men"", ""adult"", ""medal"", [], [""2:mile""], [], [], []]",fuente2 | fuente3
2562,"Art Competitions Mixed Sculpturing, Medals And Plaques",art competitions,art competitions,mixed,adult,medal,mixed,,,,,,,NO,NO,and | medals | plaques | sculpturing,0,"[""art competitions"", ""art competitions"", ""mixed"", ""adult"", ""medal"", [""mixed""], [], [], [], [""and"", ""medals"", ""plaques"", ""sculpturing""]]",fuente2 | fuente3
2563,"Athletics Men's 1,600 metres Medley Relay",,,,adult,medal,relay,,1600:m,,,,relay,NO,NO,athletics | medley,0,"["""", """", """", ""adult"", ""medal"", [""relay""], [""1600:m""], [], [], [""athletics"", ""medley""]]",
2564,"Croquet Mixed Singles, Two Balls",,,,adult,medal,mixed | singles,,,,,,,NO,NO,balls | croquet | two,0,"["""", """", """", ""adult"", ""medal"", [""mixed"", ""singles""], [], [], [], [""balls"", ""croquet"", ""two""]]",
2565,"Canoeing Men's Folding Kayak Doubles, 10 kilometres",,,,adult,medal,doubles,,10:km,,,,,NO,NO,canoeing | folding | kayak,0,"["""", """", """", ""adult"", ""medal"", [""doubles""], [""10:km""], [], [], [""canoeing"", ""folding"", ""kayak""]]",
2566,Athletics Men's 60 metres,,,,adult,medal,,,60:m,,,,,NO,NO,athletics,0,"["""", """", """", ""adult"", ""medal"", [], [""60:m""], [], [], [""athletics""]]",
2567,Snowboarding Women's Parallel Giant Slalom,skiing,snowboard,women,adult,medal,,,,,,,,NO,NO,giant | parallel | slalom | snowboarding,0,"[""skiing"", ""snowboard"", ""women"", ""adult"", ""medal"", [], [], [], [], [""giant"", ""parallel"", ""slalom"", ""snowboarding""]]",fuente2
2568,Sailing Mixed 2-3 Ton,,,,adult,medal,mixed,,,,,,,NO,NO,2 | 3 | sailing | ton,0,"["""", """", """", ""adult"", ""medal"", [""mixed""], [], [], [], [""2"", ""3"", ""sailing"", ""ton""]]",
2569,Speed Skating Men's Allround,,,,adult,medal,,,,,,,,NO,NO,allround | skating | speed,0,"["""", """", """", ""adult"", ""medal"", [], [], [], [], [""allround"", ""skating"", ""speed""]]",
2570,"Shooting Men's Military Rifle, Prone, 600 metres",shooting,shooting,men,adult,medal,,,600:m,,,,,NO,NO,military | prone | rifle,0,"[""shooting"", ""shooting"", ""men"", ""adult"", ""medal"", [], [""600:m""], [], [], [""military"", ""prone"", ""rifle""]]",fuente2 | fuente3
2571,"Canoeing Men's Canadian Doubles, 10,000 metres",,,,adult,medal,doubles,,10000:m,,,,,NO,NO,canadian | canoeing,0,"["""", """", """", ""adult"", ""medal"", [""doubles""], [""10000:m""], [], [], [""canadian"", ""canoeing""]]",
2572,Snowboarding Women's Parallel Slalom,skiing,snowboard,women,adult,medal,,,,,,,,NO,NO,parallel | slalom | snowboarding,0,"[""skiing"", ""snowboard"", ""women"", ""adult"", ""medal"", [], [], [], [], [""parallel"", ""slalom"", ""snowboarding""]]",fuente2
2573,"Shooting Men's Dueling Pistol, 30 metres, Team",shooting,shooting,men,adult,medal,team,team,30:m,,,,team,NO,NO,dueling | pistol,0,"[""shooting"", ""shooting"", ""men"", ""adult"", ""medal"", [""team""], [""30:m""], [], [], [""dueling"", ""pistol""]]",fuente2 | fuente3
2574,"Gymnastics Men's Parallel Bars, Teams",gymnastics,artistic gymnastics,men,adult,medal,,,,,,,,NO,NO,bars | parallel | teams,0,"[""gymnastics"", ""artistic gymnastics"", ""men"", ""adult"", ""medal"", [], [], [], [], [""bars"", ""parallel"", ""teams""]]",fuente2 | fuente3
2575,"Gymnastics Men's Horizontal Bar, Teams",gymnastics,artistic gymnastics,men,adult,medal,,,,,,,,NO,NO,bar | horizontal | teams,0,"[""gymnastics"", ""artistic gymnastics"", ""men"", ""adult"", ""medal"", [], [], [], [], [""bar"", ""horizontal"", ""teams""]]",fuente2 | fuente3
2576,"Shooting Men's Small-Bore Rifle, Disappearing Target, 25 metres, Team",shooting,shooting,men,adult,medal,team,team,25:m,,,,team,NO,NO,bore | disappearing | rifle | small | target,0,"[""shooting"", ""shooting"", ""men"", ""adult"", ""medal"", [""team""], [""25:m""], [], [], [""bore"", ""disappearing"", ""rifle"", ""small"", ""target""]]",fuente2 | fuente3
2577,"Art Competitions Mixed Sculpturing, Medals And Reliefs",art competitions,art competitions,mixed,adult,medal,mixed,,,,,,,NO,NO,and | medals | reliefs | sculpturing,0,"[""art competitions"", ""art competitions"", ""mixed"", ""adult"", ""medal"", [""mixed""], [], [], [], [""and"", ""medals"", ""reliefs"", ""sculpturing""]]",fuente2 | fuente3
2578,"Athletics Men's 1,500 metres Walk",athletics,athletics,men,adult,medal,,,1500:m,,,,,NO,NO,walk,0,"[""athletics"", ""athletics"", ""men"", ""adult"", ""medal"", [], [""1500:m""], [], [], [""walk""]]",fuente2 | fuente3
2579,"Athletics Men's 3 mile, Team",,,,adult,medal,team,team,3:mile,,,,team,NO,NO,athletics,0,"["""", """", """", ""adult"", ""medal"", [""team""], [""3:mile""], [], [], [""athletics""]]",
2580,"Art Competitions Mixed Sculpturing, Medals",art competitions,art competitions,mixed,adult,medal,mixed,,,,,,,NO,NO,medals | sculpturing,0,"[""art competitions"", ""art competitions"", ""mixed"", ""adult"", ""medal"", [""mixed""], [], [], [], [""medals"", ""sculpturing""]]",fuente2 | fuente3
2581,"Shooting Men's Military Rifle, Kneeling Or Standing, 300 metres",shooting,shooting,men,adult,medal,,,300:m,,,,,NO,NO,kneeling | military | or | rifle | standing,0,"[""shooting"", ""shooting"", ""men"", ""adult"", ""medal"", [], [""300:m""], [], [], [""kneeling"", ""military"", ""or"", ""rifle"", ""standing""]]",fuente2 | fuente3
2582,"Equestrianism Men's Vaulting, Team",,,,adult,medal,team,team,,,,,team,NO,NO,equestrianism | vaulting,0,"["""", """", """", ""adult"", ""medal"", [""team""], [], [], [], [""equestrianism"", ""vaulting""]]",
2583,"Shooting Men's Free Rifle, Any Position, 300 metres",,,,adult,medal,,,300:m,,,,,NO,NO,any | free | position | rifle | shooting,0,"["""", """", """", ""adult"", ""medal"", [], [""300:m""], [], [], [""any"", ""free"", ""position"", ""rifle"", ""shooting""]]",
2584,"Shooting Men's Military Rifle, 1873-1874 Gras Model, Kneeling Or Standing, 200 metres",,,,adult,medal,,,200:m,,,,,NO,NO,1873 | 1874 | gras | kneeling | military | model | or | rifle | shooting | standing,0,"["""", """", """", ""adult"", ""medal"", [], [""200:m""], [], [], [""1873"", ""1874"", ""gras"", ""kneeling"", ""military"", ""model"", ""or"", ""rifle"", ""shooting"", ""standing""]]",
2585,Swimming Men's 100 Yard Backstroke,,,,adult,medal,,,100:yd,,,,,NO,NO,backstroke | swimming,0,"["""", """", """", ""adult"", ""medal"", [], [""100:yd""], [], [], [""backstroke"", ""swimming""]]",
2586,Swimming Men's 440 Yard Breaststroke,,,,adult,medal,,,440:yd,,,,,NO,NO,breaststroke | swimming,0,"["""", """", """", ""adult"", ""medal"", [], [""440:yd""], [], [], [""breaststroke"", ""swimming""]]",
2587,"Art Competitions Mixed Literature, Epic Works",art competitions,art competitions,mixed,adult,medal,mixed,,,,,,,NO,NO,epic | literature | works,0,"[""art competitions"", ""art competitions"", ""mixed"", ""adult"", ""medal"", [""mixed""], [], [], [], [""epic"", ""literature"", ""works""]]",fuente2 | fuente3
2588,Art Competitions Mixed Architecture,art competitions,art competitions,mixed,adult,medal,mixed,,,,,,,NO,NO,architecture,0,"[""art competitions"", ""art competitions"", ""mixed"", ""adult"", ""medal"", [""mixed""], [], [], [], [""architecture""]]",fuente2 | fuente3
2589,"Athletics Men's 3,500 metres Walk",,,,adult,medal,,,3500:m,,,,,NO,NO,athletics | walk,0,"["""", """", """", ""adult"", ""medal"", [], [""3500:m""], [], [], [""athletics"", ""walk""]]",
2590,Roque Men's Singles,,,,adult,medal,singles,,,,,,,NO,NO,roque,0,"["""", """", """", ""adult"", ""medal"", [""singles""], [], [], [], [""roque""]]",
2591,Gymnastics Men's Side Horse,,,,adult,medal,,,,,,,,NO,NO,gymnastics | horse | side,0,"["""", """", """", ""adult"", ""medal"", [], [], [], [], [""gymnastics"", ""horse"", ""side""]]",
2592,Alpinism Mixed Alpinism,,,,adult,medal,mixed,,,,,,,NO,NO,alpinism | alpinism,0,"["""", """", """", ""adult"", ""medal"", [""mixed""], [], [], [], [""alpinism"", ""alpinism""]]",
2593,Archery Men's Double American Round,,,,adult,medal,double,,,,,,double,NO,NO,american | archery | round,0,"["""", """", """", ""adult"", ""medal"", [""double""], [], [], [], [""american"", ""archery"", ""round""]]",
2594,Archery Men's Team Round,archery,archery,men,adult,medal,team,team,,,,,team,NO,NO,round,0,"[""archery"", ""archery"", ""men"", ""adult"", ""medal"", [""team""], [], [], [], [""round""]]",fuente2 | fuente3
2595,"Archery Men's Target Archery, 33 metres, Individual",archery,archery,men,adult,medal,individual,individual,33:m,,,,individual,NO,NO,target,1,"[""archery"", ""archery"", ""men"", ""adult"", ""medal"", [""individual""], [""33:m""], [], [], [""target""]]",fuente2 | fuente3
2596,"Archery Men's Target Archery, 50 metres, Individual",archery,archery,men,adult,medal,individual,individual,50:m,,,,individual,NO,NO,target,1,"[""archery"", ""archery"", ""men"", ""adult"", ""medal"", [""individual""], [""50:m""], [], [], [""target""]]",fuente2 | fuente3
2597,"Swimming Men's 1,000 metres Freestyle",,,,adult,medal,freestyle,,1000:m,,,,,NO,NO,swimming,0,"["""", """", """", ""adult"", ""medal"", [""freestyle""], [""1000:m""], [], [], [""swimming""]]",
2598,Athletics Men's 10 mile Walk,,,,adult,medal,,,10:mile,,,,,NO,NO,athletics | walk,0,"["""", """", """", ""adult"", ""medal"", [], [""10:mile""], [], [], [""athletics"", ""walk""]]",
2599,"Athletics Men's Discus Throw, Both Hands",athletics,athletics,men,adult,medal,,,,,,,,NO,NO,both | discus | hands | throw,0,"[""athletics"", ""athletics"", ""men"", ""adult"", ""medal"", [], [], [], [], [""both"", ""discus"", ""hands"", ""throw""]]",fuente2 | fuente3
2600,Golf Men's Team,,,,adult,medal,team,team,,,,,team,NO,NO,golf,0,"["""", """", """", ""adult"", ""medal"", [""team""], [], [], [], [""golf""]]",
2601,Sailing Mixed 0-0.5 Ton,sailing,sailing,mixed,adult,medal,mixed,,,,,,,NO,NO,0 | 0 | 5 | ton,0,"[""sailing"", ""sailing"", ""mixed"", ""adult"", ""medal"", [""mixed""], [], [], [], [""0"", ""0"", ""5"", ""ton""]]",fuente2 | fuente3
2602,Sailing Mixed 20+ Ton,sailing,sailing,mixed,adult,medal,mixed,,,,,,,NO,NO,20 | ton,0,"[""sailing"", ""sailing"", ""mixed"", ""adult"", ""medal"", [""mixed""], [], [], [], [""20"", ""ton""]]",fuente2 | fuente3
2603,Cycling Women's Team Sprint,cycling,cycling track,women,adult,medal,sprint | team,team,,,,,team,NO,NO,,0,"[""cycling"", ""cycling track"", ""women"", ""adult"", ""medal"", [""sprint"", ""team""], [], [], [], []]",fuente2 | fuente3
2604,"Weightlifting Men's Unlimited, Two Hands",,,,adult,medal,,,,,,,,NO,NO,hands | two | unlimited | weightlifting,0,"["""", """", """", ""adult"", ""medal"", [], [], [], [], [""hands"", ""two"", ""unlimited"", ""weightlifting""]]",
2605,"Shooting Men's Free Pistol, 25 metres",,,,adult,medal,,,25:m,,,,,NO,NO,free | pistol | shooting,0,"["""", """", """", ""adult"", ""medal"", [], [""25:m""], [], [], [""free"", ""pistol"", ""shooting""]]",
2606,"Shooting Men's Military Revolver, 1873-1874 Gras Model, 20 metres",shooting,shooting,men,adult,medal,,,20:m,,,,,NO,NO,1873 | 1874 | gras | military | model | revolver,0,"[""shooting"", ""shooting"", ""men"", ""adult"", ""medal"", [], [""20:m""], [], [], [""1873"", ""1874"", ""gras"", ""military"", ""model"", ""revolver""]]",fuente2 | fuente3
2607,"Shooting Men's Military Revolver, 20 metres",shooting,shooting,men,adult,medal,,,20:m,,,,,NO,NO,military | revolver,0,"[""shooting"", ""shooting"", ""men"", ""adult"", ""medal"", [], [""20:m""], [], [], [""military"", ""revolver""]]",fuente2 | fuente3
2608,Shooting Men's Dueling Pistol Au Vise 20 metres,,,,adult,medal,,,20:m,,,,,NO,NO,au | dueling | pistol | shooting | vise,0,"["""", """", """", ""adult"", ""medal"", [], [""20:m""], [], [], [""au"", ""dueling"", ""pistol"", ""shooting"", ""vise""]]",
2609,"Shooting Men's Dueling Pistol Au Commandement, 25 metres",,,,adult,medal,,,25:m,,,,,NO,NO,au | commandement | dueling | pistol | shooting,0,"["""", """", """", ""adult"", ""medal"", [], [""25:m""], [], [], [""au"", ""commandement"", ""dueling"", ""pistol"", ""shooting""]]",
2610,"Shooting Men's Small-Bore Rifle, Prone, 50 metres, Team",shooting,shooting,men,adult,medal,team,team,50:m,,,,team,NO,NO,bore | prone | rifle | small,0,"[""shooting"", ""shooting"", ""men"", ""adult"", ""medal"", [""team""], [""50:m""], [], [], [""bore"", ""prone"", ""rifle"", ""small""]]",fuente2 | fuente3
2611,Sailing Mixed 6.5 metres,sailing,sailing,mixed,adult,medal,mixed,,6.5:m,,,,,NO,NO,,0,"[""sailing"", ""sailing"", ""mixed"", ""adult"", ""medal"", [""mixed""], [""6.5:m""], [], [], []]",fuente2 | fuente3
2612,Athletics Men's 200 metres Hurdles,athletics,athletics,men,adult,medal,,,200:m,,,,,NO,NO,hurdles,0,"[""athletics"", ""athletics"", ""men"", ""adult"", ""medal"", [], [""200:m""], [], [], [""hurdles""]]",fuente2 | fuente3
2613,Athletics Men's 56-pound Weight Throw,,,,adult,medal,,,,,,,,NO,NO,56 | athletics | pound | throw | weight,0,"["""", """", """", ""adult"", ""medal"", [], [], [], [], [""56"", ""athletics"", ""pound"", ""throw"", ""weight""]]",
2614,Equestrianism Mixed Four-In-Hand Competition,,,,adult,medal,four | mixed,,,,,,four,NO,NO,equestrianism | hand | in,0,"["""", """", """", ""adult"", ""medal"", [""four"", ""mixed""], [], [], [], [""equestrianism"", ""hand"", ""in""]]",
2615,"Athletics Men's 2,500 metres Steeplechase",,,,adult,medal,,,2500:m,,,,,NO,NO,athletics | steeplechase,0,"["""", """", """", ""adult"", ""medal"", [], [""2500:m""], [], [], [""athletics"", ""steeplechase""]]",
2616,"Art Competitions Mixed Music, Unknown Event",art competitions,art competitions,mixed,adult,medal,mixed,,,,,,,NO,NO,music | unknown,0,"[""art competitions"", ""art competitions"", ""mixed"", ""adult"", ""medal"", [""mixed""], [], [], [], [""music"", ""unknown""]]",fuente2 | fuente3
2617,Athletics Men's All-Around Championship,,,,adult,medal,,,,,,,,NO,NO,all | around | athletics | championship,0,"["""", """", """", ""adult"", ""medal"", [], [], [], [], [""all"", ""around"", ""athletics"", ""championship""]]",
2618,"Archery Men's Pole Archery, Small Birds, Individual",archery,archery,men,adult,medal,individual,individual,,,,,individual,NO,NO,birds | pole | small,1,"[""archery"", ""archery"", ""men"", ""adult"", ""medal"", [""individual""], [], [], [], [""birds"", ""pole"", ""small""]]",fuente2 | fuente3
2619,"Archery Men's Pole Archery, Large Birds, Individual",archery,archery,men,adult,medal,individual,individual,,,,,individual,NO,NO,birds | large | pole,1,"[""archery"", ""archery"", ""men"", ""adult"", ""medal"", [""individual""], [], [], [], [""birds"", ""large"", ""pole""]]",fuente2 | fuente3
2620,"Archery Men's Pole Archery, Small Birds, Team",archery,archery,men,adult,medal,team,team,,,,,team,NO,NO,birds | pole | small,1,"[""archery"", ""archery"", ""men"", ""adult"", ""medal"", [""team""], [], [], [], [""birds"", ""pole"", ""small""]]",fuente2 | fuente3
2621,"Archery Men's Pole Archery, Large Birds, Team",archery,archery,men,adult,medal,team,team,,,,,team,NO,NO,birds | large | pole,1,"[""archery"", ""archery"", ""men"", ""adult"", ""medal"", [""team""], [], [], [], [""birds"", ""large"", ""pole""]]",fuente2 | fuente3
2622,"Athletics Men's 2,590 metres Steeplechase",,,,adult,medal,,,2590:m,,,,,NO,NO,athletics | steeplechase,0,"["""", """", """", ""adult"", ""medal"", [], [""2590:m""], [], [], [""athletics"", ""steeplechase""]]",
2623,Archery Women's Double Columbia Round,,,,adult,medal,double,,,,,,double,NO,NO,archery | columbia | round,0,"["""", """", """", ""adult"", ""medal"", [""double""], [], [], [], [""archery"", ""columbia"", ""round""]]",
2624,"Athletics Men's 4 mile, Team",,,,adult,medal,team,team,4:mile,,,,team,NO,NO,athletics,0,"["""", """", """", ""adult"", ""medal"", [""team""], [""4:mile""], [], [], [""athletics""]]",
2625,Figure Skating Men's Special Figures,,,,adult,medal,,,,,,,,NO,NO,figure | figures | skating | special,0,"["""", """", """", ""adult"", ""medal"", [], [], [], [], [""figure"", ""figures"", ""skating"", ""special""]]",
2626,"Shooting Men's Military Rifle, Standing, 300 metres",shooting,shooting,men,adult,medal,,,300:m,,,,,NO,NO,military | rifle | standing,0,"[""shooting"", ""shooting"", ""men"", ""adult"", ""medal"", [], [""300:m""], [], [], [""military"", ""rifle"", ""standing""]]",fuente2 | fuente3
2627,Swimming Men's 50 yard Freestyle,aquatics,swimming,men,adult,medal,freestyle,,50:yd,,,,,NO,NO,,0,"[""aquatics"", ""swimming"", ""men"", ""adult"", ""medal"", [""freestyle""], [""50:yd""], [], [], []]",fuente2 | fuente3
2628,Swimming Men's 100 yard Freestyle,,,,adult,medal,freestyle,,100:yd,,,,,NO,NO,swimming,0,"["""", """", """", ""adult"", ""medal"", [""freestyle""], [""100:yd""], [], [], [""swimming""]]",
2629,Swimming Men's 440 yard Freestyle,,,,adult,medal,freestyle,,440:yd,,,,,NO,NO,swimming,0,"["""", """", """", ""adult"", ""medal"", [""freestyle""], [""440:yd""], [], [], [""swimming""]]",
2630,Basque Pelota Men's Two-Man Teams With Cesta,,,,adult,medal,,,,,,,,NO,NO,basque | cesta | man | pelota | teams | two | with,0,"["""", """", """", ""adult"", ""medal"", [], [], [], [], [""basque"", ""cesta"", ""man"", ""pelota"", ""teams"", ""two"", ""with""]]",
2631,"Shooting Men's Trap, Single Shot, 16 metres",,,,adult,medal,shot | single,,16:m,,,,single,NO,NO,shooting | trap,0,"["""", """", """", ""adult"", ""medal"", [""shot"", ""single""], [""16:m""], [], [], [""shooting"", ""trap""]]",
2632,"Shooting Men's Trap, Double Shot, 14 metres",,,,adult,medal,double | shot,,14:m,,,,double,NO,NO,shooting | trap,0,"["""", """", """", ""adult"", ""medal"", [""double"", ""shot""], [""14:m""], [], [], [""shooting"", ""trap""]]",
2633,Equestrianism Mixed Long Jump,,,,adult,medal,mixed,,,,,,,NO,NO,equestrianism | jump | long,0,"["""", """", """", ""adult"", ""medal"", [""mixed""], [], [], [], [""equestrianism"", ""jump"", ""long""]]",
2634,"Canoeing Men's Folding Kayak Singles, 10 kilometres",,,,adult,medal,singles,,10:km,,,,,NO,NO,canoeing | folding | kayak,0,"["""", """", """", ""adult"", ""medal"", [""singles""], [""10:km""], [], [], [""canoeing"", ""folding"", ""kayak""]]",
2635,"Shooting Men's Free Pistol, 30 metres",,,,adult,medal,,,30:m,,,,,NO,NO,free | pistol | shooting,0,"["""", """", """", ""adult"", ""medal"", [], [""30:m""], [], [], [""free"", ""pistol"", ""shooting""]]",
2636,"Shooting Men's Military Pistol, 25 metres",,,,adult,medal,,,25:m,,,,,NO,NO,military | pistol | shooting,0,"["""", """", """", ""adult"", ""medal"", [], [""25:m""], [], [], [""military"", ""pistol"", ""shooting""]]",
2637,Swimming Men's 100 metres Freestyle For Sailors,aquatics,swimming,men,adult,medal,freestyle,,100:m,,,,,NO,NO,for | sailors,0,"[""aquatics"", ""swimming"", ""men"", ""adult"", ""medal"", [""freestyle""], [""100:m""], [], [], [""for"", ""sailors""]]",fuente2 | fuente3
2638,Archery Men's Sur La Perche a La Herse,,,,adult,medal,,,,,,,,NO,NO,a | archery | herse | la | la | perche | sur,0,"["""", """", """", ""adult"", ""medal"", [], [], [], [], [""a"", ""archery"", ""herse"", ""la"", ""la"", ""perche"", ""sur""]]",
2639,Sailing Mixed 3-10 Ton,,,,adult,medal,mixed,,,,,,,NO,NO,10 | 3 | sailing | ton,0,"["""", """", """", ""adult"", ""medal"", [""mixed""], [], [], [], [""10"", ""3"", ""sailing"", ""ton""]]",
2640,"Gymnastics Men's Individual All-Around, 4 Events",gymnastics,artistic gymnastics,men,adult,medal,individual,individual,,,,,individual,NO,NO,4 | all | around,0,"[""gymnastics"", ""artistic gymnastics"", ""men"", ""adult"", ""medal"", [""individual""], [], [], [], [""4"", ""all"", ""around""]]",fuente2 | fuente3
2641,"Wrestling Men's Unlimited Class, Greco-Roman",,,,adult,medal,,,,,,,,NO,NO,class | greco | roman | unlimited | wrestling,0,"["""", """", """", ""adult"", ""medal"", [], [], [], [], [""class"", ""greco"", ""roman"", ""unlimited"", ""wrestling""]]",
2642,Motorboating Mixed B-Class (Under 60 Feet),,,,adult,medal,mixed,,,,,,,NO,NO,60 | b | class | feet | motorboating | under,0,"["""", """", """", ""adult"", ""medal"", [""mixed""], [], [], [], [""60"", ""b"", ""class"", ""feet"", ""motorboating"", ""under""]]",
2643,Motorboating Mixed C-Class,,,,adult,medal,mixed,,,,,,,NO,NO,c | class | motorboating,0,"["""", """", """", ""adult"", ""medal"", [""mixed""], [], [], [], [""c"", ""class"", ""motorboating""]]",
2644,"Cycling Men's 10,000 metres",,,,adult,medal,,,10000:m,,,,,NO,NO,cycling,0,"["""", """", """", ""adult"", ""medal"", [], [""10000:m""], [], [], [""cycling""]]",
2645,"Art Competitions Mixed Sculpturing, Reliefs",art competitions,art competitions,mixed,adult,medal,mixed,,,,,,,NO,NO,reliefs | sculpturing,0,"[""art competitions"", ""art competitions"", ""mixed"", ""adult"", ""medal"", [""mixed""], [], [], [], [""reliefs"", ""sculpturing""]]",fuente2 | fuente3
2646,"Shooting Men's Muzzle-Loading Pistol, 25 metres",,,,adult,medal,,,25:m,,,,,NO,NO,loading | muzzle | pistol | shooting,0,"["""", """", """", ""adult"", ""medal"", [], [""25:m""], [], [], [""loading"", ""muzzle"", ""pistol"", ""shooting""]]",
2647,Equestrianism Mixed High Jump,,,,adult,medal,mixed,,,,,,,NO,NO,equestrianism | high | jump,0,"["""", """", """", ""adult"", ""medal"", [""mixed""], [], [], [], [""equestrianism"", ""high"", ""jump""]]",
2648,Archery Men's Sur La Perche a La Pyramide,,,,adult,medal,,,,,,,,NO,NO,a | archery | la | la | perche | pyramide | sur,0,"["""", """", """", ""adult"", ""medal"", [], [], [], [], [""a"", ""archery"", ""la"", ""la"", ""perche"", ""pyramide"", ""sur""]]",
2649,"Fencing Men's Single Sticks, Individual",,,,adult,medal,individual | single,individual,,,,,individual | single,NO,NO,fencing | sticks,0,"["""", """", """", ""adult"", ""medal"", [""individual"", ""single""], [], [], [], [""fencing"", ""sticks""]]",
2650,Gymnastics Men's Tumbling,,,,adult,medal,,,,,,,,NO,NO,gymnastics | tumbling,0,"["""", """", """", ""adult"", ""medal"", [], [], [], [], [""gymnastics"", ""tumbling""]]",
2651,Shooting Men's Unknown Event,,,,adult,medal,,,,,,,,NO,NO,shooting | unknown,0,"["""", """", """", ""adult"", ""medal"", [], [], [], [], [""shooting"", ""unknown""]]",
2652,Sailing Mixed 18 foot,,,,adult,medal,mixed,,,,,,,NO,NO,18 | foot | sailing,0,"["""", """", """", ""adult"", ""medal"", [""mixed""], [], [], [], [""18"", ""foot"", ""sailing""]]",
2653,Archery Men's Unknown Event,,,,adult,medal,,,,,,,,NO,NO,archery | unknown,0,"["""", """", """", ""adult"", ""medal"", [], [], [], [], [""archery"", ""unknown""]]",
2654,"Archery Men's Au Chapelet, 50 metres",,,,adult,medal,,,50:m,,,,,NO,NO,archery | au | chapelet,0,"["""", """", """", ""adult"", ""medal"", [], [""50:m""], [], [], [""archery"", ""au"", ""chapelet""]]",
2655,Archery Men's Championnat Du Monde,,,,adult,medal,,,,,,,,NO,NO,archery | championnat | du | monde,0,"["""", """", """", ""adult"", ""medal"", [], [], [], [], [""archery"", ""championnat"", ""du"", ""monde""]]",
2656,Archery Women's Team Round,archery,archery,women,adult,medal,team,team,,,,,team,NO,NO,round,0,"[""archery"", ""archery"", ""women"", ""adult"", ""medal"", [""team""], [], [], [], [""round""]]",fuente2 | fuente3
2657,"Wrestling Men's All-Around, Greco-Roman",,,,adult,medal,,,,,,,,NO,NO,all | around | greco | roman | wrestling,0,"["""", """", """", ""adult"", ""medal"", [], [], [], [], [""all"", ""around"", ""greco"", ""roman"", ""wrestling""]]",
2658,Cycling Men's 12-Hours Race,,,,adult,medal,,,,,,,,NO,NO,12 | cycling | hours | race,0,"["""", """", """", ""adult"", ""medal"", [], [], [], [], [""12"", ""cycling"", ""hours"", ""race""]]",
2659,Swimming Men's 500 metres Freestyle,aquatics,swimming,men,adult,medal,freestyle,,500:m,,,,,NO,NO,,0,"[""aquatics"", ""swimming"", ""men"", ""adult"", ""medal"", [""freestyle""], [""500:m""], [], [], []]",fuente2 | fuente3
2660,Weightlifting Men's All-Around Dumbbell Contest,,,,adult,medal,,,,,,,,NO,NO,all | around | contest | dumbbell | weightlifting,0,"["""", """", """", ""adult"", ""medal"", [], [], [], [], [""all"", ""around"", ""contest"", ""dumbbell"", ""weightlifting""]]",
2661,"Archery Men's Au Chapelet, 33 metres",,,,adult,medal,,,33:m,,,,,NO,NO,archery | au | chapelet,0,"["""", """", """", ""adult"", ""medal"", [], [""33:m""], [], [], [""archery"", ""au"", ""chapelet""]]",
2662,"Archery Men's Au Cordon Dore, 33 metres",,,,adult,medal,,,33:m,,,,,NO,NO,archery | au | cordon | dore,0,"["""", """", """", ""adult"", ""medal"", [], [""33:m""], [], [], [""archery"", ""au"", ""cordon"", ""dore""]]",
2663,"Archery Men's Target Archery, 28 metres, Individual",archery,archery,men,adult,medal,individual,individual,28:m,,,,individual,NO,NO,target,1,"[""archery"", ""archery"", ""men"", ""adult"", ""medal"", [""individual""], [""28:m""], [], [], [""target""]]",fuente2 | fuente3
2664,Aeronautics Mixed Aeronautics,,,,adult,medal,mixed,,,,,,,NO,NO,aeronautics | aeronautics,0,"["""", """", """", ""adult"", ""medal"", [""mixed""], [], [], [], [""aeronautics"", ""aeronautics""]]",
2665,Women's Road Race,,,,adult,medal,,,,,,,,NO,NO,race | road,0,"["""", """", """", ""adult"", ""medal"", [], [], [], [], [""race"", ""road""]]",
2666,Women's Individual Time Trial,cycling,cycling road,women,adult,medal,individual,individual,,,,,individual,NO,NO,time | trial,0,"[""cycling"", ""cycling road"", ""women"", ""adult"", ""medal"", [""individual""], [], [], [], [""time"", ""trial""]]",fuente3
2667,Men's All-Around,,,,adult,medal,,,,,,,,NO,NO,all | around,0,"["""", """", """", ""adult"", ""medal"", [], [], [], [], [""all"", ""around""]]",
2668,Men's Floor Exercise,gymnastics,artistic gymnastics,men,adult,medal,,,,,,,,NO,NO,exercise | floor,0,"[""gymnastics"", ""artistic gymnastics"", ""men"", ""adult"", ""medal"", [], [], [], [], [""exercise"", ""floor""]]",fuente3
2669,Men's Pommel Horse,,,,adult,medal,,,,,,,,NO,NO,horse | pommel,0,"["""", """", """", ""adult"", ""medal"", [], [], [], [], [""horse"", ""pommel""]]",
2670,Men's Rings,gymnastics,artistic gymnastics,men,adult,medal,,,,,,,,NO,NO,rings,0,"[""gymnastics"", ""artistic gymnastics"", ""men"", ""adult"", ""medal"", [], [], [], [], [""rings""]]",fuente3
2671,Men's Vault,,,,adult,medal,,,,,,,,NO,NO,vault,0,"["""", """", """", ""adult"", ""medal"", [], [], [], [], [""vault""]]",
2672,Men's Parallel Bars,gymnastics,artistic gymnastics,men,adult,medal,,,,,,,,NO,NO,bars | parallel,0,"[""gymnastics"", ""artistic gymnastics"", ""men"", ""adult"", ""medal"", [], [], [], [], [""bars"", ""parallel""]]",fuente3
2673,Men's Horizontal Bar,gymnastics,artistic gymnastics,men,adult,medal,,,,,,,,NO,NO,bar | horizontal,0,"[""gymnastics"", ""artistic gymnastics"", ""men"", ""adult"", ""medal"", [], [], [], [], [""bar"", ""horizontal""]]",fuente3
2674,Men's Team,,,,adult,medal,team,team,,,,,team,NO,NO,,0,"["""", """", """", ""adult"", ""medal"", [""team""], [], [], [], []]",
2675,Men's Pair Team,rowing,rowing,men,adult,medal,pair | team,team,,,,,pair | team,NO,NO,,0,"[""rowing"", ""rowing"", ""men"", ""adult"", ""medal"", [""pair"", ""team""], [], [], [], []]",fuente3
2676,Men Team,,,,adult,medal,team,team,,,,,team,NO,NO,,0,"["""", """", """", ""adult"", ""medal"", [""team""], [], [], [], []]",
2677,Women Team,,,,adult,medal,team,team,,,,,team,NO,NO,,0,"["""", """", """", ""adult"", ""medal"", [""team""], [], [], [], []]",
2678,Men Team,,,,adult,medal,team,team,,,,,team,NO,NO,,0,"["""", """", """", ""adult"", ""medal"", [""team""], [], [], [], []]",
2679,Lightweight Men's Double Sculls Team,rowing,rowing,men,adult,medal,double | lightweight | team,team,,,,,double | team,NO,NO,sculls,0,"[""rowing"", ""rowing"", ""men"", ""adult"", ""medal"", [""double"", ""lightweight"", ""team""], [], [], [], [""sculls""]]",fuente3
2680,Men's 100m Breaststroke,,,,adult,medal,,,100:m,,,,,NO,NO,breaststroke,0,"["""", """", """", ""adult"", ""medal"", [], [""100:m""], [], [], [""breaststroke""]]",
2681,Women's Kumite +61kg,,,,adult,medal,,,,,+61:kg,,,NO,NO,kumite,0,"["""", """", """", ""adult"", ""medal"", [], [], [""+61:kg""], [], [""kumite""]]",
2682,Men's Greco-Roman 87kg,,,,adult,medal,,,,,87:kg,,,NO,NO,greco | roman,0,"["""", """", """", ""adult"", ""medal"", [], [], [""87:kg""], [], [""greco"", ""roman""]]",
2683,Women Team,,,,adult,medal,team,team,,,,,team,NO,NO,,0,"["""", """", """", ""adult"", ""medal"", [""team""], [], [], [], []]",
2684,Group All-Around Team,,,,adult,medal,team,team,,,,,team,NO,NO,all | around | group,0,"["""", """", """", ""adult"", ""medal"", [""team""], [], [], [], [""all"", ""around"", ""group""]]",
2685,Softball Team,,,,adult,medal,team,team,,,,,team,NO,NO,softball,0,"["""", """", """", ""adult"", ""medal"", [""team""], [], [], [], [""softball""]]",
2686,Men's 800m,,,,adult,medal,,,800:m,,,,,NO,NO,,0,"["""", """", """", ""adult"", ""medal"", [], [""800:m""], [], [], []]",
2687,Men -73 kg,,,,adult,medal,,,,,-73:kg,,,NO,NO,,0,"["""", """", """", ""adult"", ""medal"", [], [], [""-73:kg""], [], []]",
2688,10m Air Pistol Women,,,,adult,medal,,,10:m,,,,,NO,NO,air | pistol,0,"["""", """", """", ""adult"", ""medal"", [], [""10:m""], [], [], [""air"", ""pistol""]]",
2689,10m Air Pistol Mixed Team,,,,adult,medal,mixed | team,team,10:m,,,,team,NO,NO,air | pistol,0,"["""", """", """", ""adult"", ""medal"", [""mixed"", ""team""], [""10:m""], [], [], [""air"", ""pistol""]]",
2690,10m Air Pistol Men,,,,adult,medal,,,10:m,,,,,NO,NO,air | pistol,0,"["""", """", """", ""adult"", ""medal"", [], [""10:m""], [], [], [""air"", ""pistol""]]",
2691,Men -81 kg,,,,adult,medal,,,,,-81:kg,,,NO,NO,,0,"["""", """", """", ""adult"", ""medal"", [], [], [""-81:kg""], [], []]",
2692,Men's Kumite -75kg,,,,adult,medal,,,,,-75:kg,,,NO,NO,kumite,0,"["""", """", """", ""adult"", ""medal"", [], [], [""-75:kg""], [], [""kumite""]]",
2693,Women's Team,table tennis,table tennis,women,adult,medal,team,team,,,,,team,NO,NO,,0,"[""table tennis"", ""table tennis"", ""women"", ""adult"", ""medal"", [""team""], [], [], [], []]",fuente3
2694,Men -66 kg,,,,adult,medal,,,,,-66:kg,,,NO,NO,,0,"["""", """", """", ""adult"", ""medal"", [], [], [""-66:kg""], [], []]",
2695,Men's Freestyle 125kg,,,,adult,medal,freestyle,,,,125:kg,,,NO,NO,,0,"["""", """", """", ""adult"", ""medal"", [""freestyle""], [], [""125:kg""], [], []]",
2696,Men's Javelin Throw,athletics,athletics,men,adult,medal,,,,,,,,NO,NO,javelin | throw,0,"[""athletics"", ""athletics"", ""men"", ""adult"", ""medal"", [], [], [], [], [""javelin"", ""throw""]]",fuente3
2697,Men Team,,,,adult,medal,team,team,,,,,team,NO,NO,,0,"["""", """", """", ""adult"", ""medal"", [""team""], [], [], [], []]",
2698,Women -49kg,,,,adult,medal,,,,,-49:kg,,,NO,NO,,0,"["""", """", """", ""adult"", ""medal"", [], [], [""-49:kg""], [], []]",
2699,Men's 3000m Steeplechase,,,,adult,medal,,,3000:m,,,,,NO,NO,steeplechase,0,"["""", """", """", ""adult"", ""medal"", [], [""3000:m""], [], [], [""steeplechase""]]",
2700,Men's Marathon,athletics,athletics,men,adult,medal,,,,,,,,NO,NO,marathon,0,"[""athletics"", ""athletics"", ""men"", ""adult"", ""medal"", [], [], [], [], [""marathon""]]",fuente3
2701,Women's All-Around,,,,adult,medal,,,,,,,,NO,NO,all | around,0,"["""", """", """", ""adult"", ""medal"", [], [], [], [], [""all"", ""around""]]",
2702,Women's Vault,,,,adult,medal,,,,,,,,NO,NO,vault,0,"["""", """", """", ""adult"", ""medal"", [], [], [], [], [""vault""]]",
2703,Women's Uneven Bars,gymnastics,artistic gymnastics,women,adult,medal,,,,,,,,NO,NO,bars | uneven,0,"[""gymnastics"", ""artistic gymnastics"", ""women"", ""adult"", ""medal"", [], [], [], [], [""bars"", ""uneven""]]",fuente3
2704,Women's Balance Beam,gymnastics,artistic gymnastics,women,adult,medal,,,,,,,,NO,NO,balance | beam,0,"[""gymnastics"", ""artistic gymnastics"", ""women"", ""adult"", ""medal"", [], [], [], [], [""balance"", ""beam""]]",fuente3
2705,Women's Floor Exercise,gymnastics,artistic gymnastics,women,adult,medal,,,,,,,,NO,NO,exercise | floor,0,"[""gymnastics"", ""artistic gymnastics"", ""women"", ""adult"", ""medal"", [], [], [], [], [""exercise"", ""floor""]]",fuente3
2706,Women's Épée Individual,fencing,fencing,women,adult,medal,individual,individual,,,,,individual,NO,NO,epee,0,"[""fencing"", ""fencing"", ""women"", ""adult"", ""medal"", [""individual""], [], [], [], [""epee""]]",fuente3
2707,Women's Singles,badminton,badminton,women,adult,medal,singles,,,,,,,NO,NO,,0,"[""badminton"", ""badminton"", ""women"", ""adult"", ""medal"", [""singles""], [], [], [], []]",fuente3
2708,Men's Heavy (81-91kg),,,,adult,medal,,,,,-91:kg | 81-91:kg,,,NO,NO,heavy,0,"["""", """", """", ""adult"", ""medal"", [], [], [""-91:kg"", ""81-91:kg""], [], [""heavy""]]",
2709,Men's Freestyle 57kg,,,,adult,medal,freestyle,,,,57:kg,,,NO,NO,,0,"["""", """", """", ""adult"", ""medal"", [""freestyle""], [], [""57:kg""], [], []]",
2710,Men's Greco-Roman 130kg,,,,adult,medal,,,,,130:kg,,,NO,NO,greco | roman,0,"["""", """", """", ""adult"", ""medal"", [], [], [""130:kg""], [], [""greco"", ""roman""]]",
2711,Men's 73kg,,,,adult,medal,,,,,73:kg,,,NO,NO,,0,"["""", """", """", ""adult"", ""medal"", [], [], [""73:kg""], [], []]",
2712,Men's Super Heavy (+91kg),,,,adult,medal,,,,,+91:kg,,,NO,NO,heavy | super,0,"["""", """", """", ""adult"", ""medal"", [], [], [""+91:kg""], [], [""heavy"", ""super""]]",
2713,Men's Individual,archery,archery,men,adult,medal,individual,individual,,,,,individual,NO,NO,,0,"[""archery"", ""archery"", ""men"", ""adult"", ""medal"", [""individual""], [], [], [], []]",fuente3
2714,Men's Team,archery,archery,men,adult,medal,team,team,,,,,team,NO,NO,,0,"[""archery"", ""archery"", ""men"", ""adult"", ""medal"", [""team""], [], [], [], []]",fuente3
2715,Men's Light (57-63kg),,,,adult,medal,,,,,-63:kg | 57-63:kg,,,NO,NO,light,0,"["""", """", """", ""adult"", ""medal"", [], [], [""-63:kg"", ""57-63:kg""], [], [""light""]]",
2716,Men's Freestyle 74kg,,,,adult,medal,freestyle,,,,74:kg,,,NO,NO,,0,"["""", """", """", ""adult"", ""medal"", [""freestyle""], [], [""74:kg""], [], []]",
2717,Mixed Team,judo,judo,mixed,adult,medal,mixed | team,team,,,,,team,NO,NO,,0,"[""judo"", ""judo"", ""mixed"", ""adult"", ""medal"", [""mixed"", ""team""], [], [], [], []]",fuente3
2718,Men's 400m Hurdles,,,,adult,medal,,,400:m,,,,,NO,NO,hurdles,0,"["""", """", """", ""adult"", ""medal"", [], [""400:m""], [], [], [""hurdles""]]",
2719,Women -52 kg,,,,adult,medal,,,,,-52:kg,,,NO,NO,,0,"["""", """", """", ""adult"", ""medal"", [], [], [""-52:kg""], [], []]",
2720,Women's 3000m Steeplechase,,,,adult,medal,,,3000:m,,,,,NO,NO,steeplechase,0,"["""", """", """", ""adult"", ""medal"", [], [""3000:m""], [], [], [""steeplechase""]]",
2721,Men's Sabre Individual,fencing,fencing,men,adult,medal,individual,individual,,,,,individual,NO,NO,sabre,0,"[""fencing"", ""fencing"", ""men"", ""adult"", ""medal"", [""individual""], [], [], [], [""sabre""]]",fuente3
2722,Men's Sabre Team,fencing,fencing,men,adult,medal,team,team,,,,,team,NO,NO,sabre,0,"[""fencing"", ""fencing"", ""men"", ""adult"", ""medal"", [""team""], [], [], [], [""sabre""]]",fuente3
2723,Women's 3m Springboard,aquatics,diving,women,adult,medal,,,3:m,,,,,NO,NO,springboard,0,"[""aquatics"", ""diving"", ""women"", ""adult"", ""medal"", [], [""3:m""], [], [], [""springboard""]]",fuente3
2724,Women's Synchronised 3m Springboard Team,aquatics,diving,women,adult,medal,team,team,3:m,,,,team,NO,NO,springboard | synchronised,0,"[""aquatics"", ""diving"", ""women"", ""adult"", ""medal"", [""team""], [""3:m""], [], [], [""springboard"", ""synchronised""]]",fuente3
2725,Men's Singles,badminton,badminton,men,adult,medal,singles,,,,,,,NO,NO,,0,"[""badminton"", ""badminton"", ""men"", ""adult"", ""medal"", [""singles""], [], [], [], []]",fuente3
2726,Men's 100m Freestyle,aquatics,swimming,men,adult,medal,freestyle,,100:m,,,,,NO,NO,,0,"[""aquatics"", ""swimming"", ""men"", ""adult"", ""medal"", [""freestyle""], [""100:m""], [], [], []]",fuente3
2727,Men Team,,,,adult,medal,team,team,,,,,team,NO,NO,,0,"["""", """", """", ""adult"", ""medal"", [""team""], [], [], [], []]",
2728,Women's Skiff - 49er  Team,sailing,sailing,women,adult,medal,team,team,,,,,team,NO,NO,49er | skiff,0,"[""sailing"", ""sailing"", ""women"", ""adult"", ""medal"", [""team""], [], [], [], [""49er"", ""skiff""]]",fuente3
2729,Men's 5000m,,,,adult,medal,,,5000:m,,,,,NO,NO,,0,"["""", """", """", ""adult"", ""medal"", [], [""5000:m""], [], [], []]",
2730,Women's 100m,athletics,athletics,women,adult,medal,,,100:m,,,,,NO,NO,,0,"[""athletics"", ""athletics"", ""women"", ""adult"", ""medal"", [], [""100:m""], [], [], []]",fuente3
2731,Men's Foil Individual,fencing,fencing,men,adult,medal,individual,individual,,,,,individual,NO,NO,foil,0,"[""fencing"", ""fencing"", ""men"", ""adult"", ""medal"", [""individual""], [], [], [], [""foil""]]",fuente3
2732,Men's Foil Team,fencing,fencing,men,adult,medal,team,team,,,,,team,NO,NO,foil,0,"[""fencing"", ""fencing"", ""men"", ""adult"", ""medal"", [""team""], [], [], [], [""foil""]]",fuente3
2733,Women's 76kg,,,,adult,medal,,,,,76:kg,,,NO,NO,,0,"["""", """", """", ""adult"", ""medal"", [], [], [""76:kg""], [], []]",
2734,Men Team,,,,adult,medal,team,team,,,,,team,NO,NO,,0,"["""", """", """", ""adult"", ""medal"", [""team""], [], [], [], []]",
2735,Women's 400m,athletics,athletics,women,adult,medal,,,400:m,,,,,NO,NO,,0,"[""athletics"", ""athletics"", ""women"", ""adult"", ""medal"", [], [""400:m""], [], [], []]",fuente3
2736,Men's Shot Put,athletics,athletics,men,adult,medal,shot,,,,,,,NO,NO,put,0,"[""athletics"", ""athletics"", ""men"", ""adult"", ""medal"", [""shot""], [], [], [], [""put""]]",fuente3
2737,Men,,,,adult,medal,,,,,,,,NO,NO,,0,"["""", """", """", ""adult"", ""medal"", [], [], [], [], []]",
2738,Men's 10km,,,,adult,medal,,,10:km,,,,,NO,NO,,0,"["""", """", """", ""adult"", ""medal"", [], [""10:km""], [], [], []]",
2739,Women's Single Sculls,rowing,rowing,women,adult,medal,single,,,,,,single,NO,NO,sculls,0,"[""rowing"", ""rowing"", ""women"", ""adult"", ""medal"", [""single""], [], [], [], [""sculls""]]",fuente3
2740,Men's 1500m Freestyle,,,,adult,medal,freestyle,,1500:m,,,,,NO,NO,,0,"["""", """", """", ""adult"", ""medal"", [""freestyle""], [""1500:m""], [], [], []]",
2741,Men's 4 x 400m Relay Team,athletics,athletics,men,adult,medal,relay | team,team,400:m,,,,relay | team,NO,NO,4 | x,0,"[""athletics"", ""athletics"", ""men"", ""adult"", ""medal"", [""relay"", ""team""], [""400:m""], [], [], [""4"", ""x""]]",fuente3
2742,4 x 400m Relay Mixed Team,athletics,athletics,mixed,adult,medal,mixed | relay | team,team,400:m,,,,relay | team,NO,NO,4 | x,0,"[""athletics"", ""athletics"", ""mixed"", ""adult"", ""medal"", [""mixed"", ""relay"", ""team""], [""400:m""], [], [], [""4"", ""x""]]",fuente3
2743,Mixed 4 x 100m Medley Relay Team,aquatics,swimming,mixed,adult,medal,mixed | relay | team,team,100:m,,,,relay | team,NO,NO,4 | medley | x,0,"[""aquatics"", ""swimming"", ""mixed"", ""adult"", ""medal"", [""mixed"", ""relay"", ""team""], [""100:m""], [], [], [""4"", ""medley"", ""x""]]",fuente3
2744,Men -68kg,,,,adult,medal,,,,,-68:kg,,,NO,NO,,0,"["""", """", """", ""adult"", ""medal"", [], [], [""-68:kg""], [], []]",
2745,Men's Singles,table tennis,table tennis,men,adult,medal,singles,,,,,,,NO,NO,,0,"[""table tennis"", ""table tennis"", ""men"", ""adult"", ""medal"", [""singles""], [], [], [], []]",fuente3
2746,Mixed Doubles Team,table tennis,table tennis,mixed,adult,medal,doubles | mixed | team,team,,,,,team,NO,NO,,0,"[""table tennis"", ""table tennis"", ""mixed"", ""adult"", ""medal"", [""doubles"", ""mixed"", ""team""], [], [], [], []]",fuente3
2747,Skeet Men,shooting,shooting,men,adult,medal,,,,,,,,NO,NO,skeet,0,"[""shooting"", ""shooting"", ""men"", ""adult"", ""medal"", [], [], [], [], [""skeet""]]",fuente3
2748,Men's Greco-Roman 97kg,,,,adult,medal,,,,,97:kg,,,NO,NO,greco | roman,0,"["""", """", """", ""adult"", ""medal"", [], [], [""97:kg""], [], [""greco"", ""roman""]]",
2749,Men's 4 x 100m Freestyle Relay Team,aquatics,swimming,men,adult,medal,freestyle | relay | team,team,100:m,,,,relay | team,NO,NO,4 | x,0,"[""aquatics"", ""swimming"", ""men"", ""adult"", ""medal"", [""freestyle"", ""relay"", ""team""], [""100:m""], [], [], [""4"", ""x""]]",fuente3
2750,Women's Individual,,,,adult,medal,individual,individual,,,,,individual,NO,NO,,0,"["""", """", """", ""adult"", ""medal"", [""individual""], [], [], [], []]",
2751,Women +67kg,,,,adult,medal,,,,,+67:kg,,,NO,NO,,0,"["""", """", """", ""adult"", ""medal"", [], [], [""+67:kg""], [], []]",
2752,Women's Individual,archery,archery,women,adult,medal,individual,individual,,,,,individual,NO,NO,,0,"[""archery"", ""archery"", ""women"", ""adult"", ""medal"", [""individual""], [], [], [], []]",fuente3
2753,Mixed Team,archery,archery,mixed,adult,medal,mixed | team,team,,,,,team,NO,NO,,0,"[""archery"", ""archery"", ""mixed"", ""adult"", ""medal"", [""mixed"", ""team""], [], [], [], []]",fuente3
2754,Men's 800m Freestyle,,,,adult,medal,freestyle,,800:m,,,,,NO,NO,,0,"["""", """", """", ""adult"", ""medal"", [""freestyle""], [""800:m""], [], [], []]",
2755,Women Team,,,,adult,medal,team,team,,,,,team,NO,NO,,0,"["""", """", """", ""adult"", ""medal"", [""team""], [], [], [], []]",
2756,Men's Kayak,canoeing,canoe slalom,men,adult,medal,,,,,,,,NO,NO,kayak,0,"[""canoeing"", ""canoe slalom"", ""men"", ""adult"", ""medal"", [], [], [], [], [""kayak""]]",fuente3
2757,Men Team,,,,adult,medal,team,team,,,,,team,NO,NO,,0,"["""", """", """", ""adult"", ""medal"", [""team""], [], [], [], []]",
2758,Men's Eight Team,rowing,rowing,men,adult,medal,eight | team,team,,,,,eight | team,NO,NO,,0,"[""rowing"", ""rowing"", ""men"", ""adult"", ""medal"", [""eight"", ""team""], [], [], [], []]",fuente3
2759,Women's 4 x 100m Relay Team,athletics,athletics,women,adult,medal,relay | team,team,100:m,,,,relay | team,NO,NO,4 | x,0,"[""athletics"", ""athletics"", ""women"", ""adult"", ""medal"", [""relay"", ""team""], [""100:m""], [], [], [""4"", ""x""]]",fuente3
2760,Women -57kg,,,,adult,medal,,,,,-57:kg,,,NO,NO,,0,"["""", """", """", ""adult"", ""medal"", [], [], [""-57:kg""], [], []]",
2761,Women's 100m Breaststroke,,,,adult,medal,,,100:m,,,,,NO,NO,breaststroke,0,"["""", """", """", ""adult"", ""medal"", [], [""100:m""], [], [], [""breaststroke""]]",
2762,Women's Shot Put,athletics,athletics,women,adult,medal,shot,,,,,,,NO,NO,put,0,"[""athletics"", ""athletics"", ""women"", ""adult"", ""medal"", [""shot""], [], [], [], [""put""]]",fuente3
2763,Men's 96kg,,,,adult,medal,,,,,96:kg,,,NO,NO,,0,"["""", """", """", ""adult"", ""medal"", [], [], [""96:kg""], [], []]",
2764,Women's Freestyle 76kg,,,,adult,medal,freestyle,,,,76:kg,,,NO,NO,,0,"["""", """", """", ""adult"", ""medal"", [""freestyle""], [], [""76:kg""], [], []]",
2765,Men's 100m,,,,adult,medal,,,100:m,,,,,NO,NO,,0,"["""", """", """", ""adult"", ""medal"", [], [""100:m""], [], [], []]",
2766,Women's Freestyle 57kg,,,,adult,medal,freestyle,,,,57:kg,,,NO,NO,,0,"["""", """", """", ""adult"", ""medal"", [""freestyle""], [], [""57:kg""], [], []]",
2767,Women's Freestyle 62kg,,,,adult,medal,freestyle,,,,62:kg,,,NO,NO,,0,"["""", """", """", ""adult"", ""medal"", [""freestyle""], [], [""62:kg""], [], []]",
2768,Individual All-Around,,,,adult,medal,individual,individual,,,,,individual,NO,NO,all | around,0,"["""", """", """", ""adult"", ""medal"", [""individual""], [], [], [], [""all"", ""around""]]",
2769,Women +78 kg,,,,adult,medal,,,,,+78:kg,,,NO,NO,,0,"["""", """", """", ""adult"", ""medal"", [], [], [""+78:kg""], [], []]",
2770,Women,,,,adult,medal,,,,,,,,NO,NO,,0,"["""", """", """", ""adult"", ""medal"", [], [], [], [], []]",
2771,Men's Canoe Single 1000m,,,,adult,medal,single,,1000:m,,,,single,NO,NO,canoe,0,"["""", """", """", ""adult"", ""medal"", [""single""], [""1000:m""], [], [], [""canoe""]]",
2772,Men's Canoe Double 1000m Team,,,,adult,medal,double | team,team,1000:m,,,,double | team,NO,NO,canoe,0,"["""", """", """", ""adult"", ""medal"", [""double"", ""team""], [""1000:m""], [], [], [""canoe""]]",
2773,Men's Double Sculls Team,rowing,rowing,men,adult,medal,double | team,team,,,,,double | team,NO,NO,sculls,0,"[""rowing"", ""rowing"", ""men"", ""adult"", ""medal"", [""double"", ""team""], [], [], [], [""sculls""]]",fuente3
2774,Women's Quadruple Sculls Team,rowing,rowing,women,adult,medal,team,team,,,,,team,NO,NO,quadruple | sculls,0,"[""rowing"", ""rowing"", ""women"", ""adult"", ""medal"", [""team""], [], [], [], [""quadruple"", ""sculls""]]",fuente3
2775,Men's Two Person Dinghy - 470 Team,,,,adult,medal,team,team,,,,,team,NO,NO,470 | dinghy | person | two,0,"["""", """", """", ""adult"", ""medal"", [""team""], [], [], [], [""470"", ""dinghy"", ""person"", ""two""]]",
2776,Women's 1500m,,,,adult,medal,,,1500:m,,,,,NO,NO,,0,"["""", """", """", ""adult"", ""medal"", [], [""1500:m""], [], [], []]",
2777,Men's 400m,,,,adult,medal,,,400:m,,,,,NO,NO,,0,"["""", """", """", ""adult"", ""medal"", [], [""400:m""], [], [], []]",
2778,Women,,,,adult,medal,,,,,,,,NO,NO,,0,"["""", """", """", ""adult"", ""medal"", [], [], [], [], []]",
2779,Women's 50m Freestyle,,,,adult,medal,freestyle,,50:m,,,,,NO,NO,,0,"["""", """", """", ""adult"", ""medal"", [""freestyle""], [""50:m""], [], [], []]",
2780,Women -63 kg,,,,adult,medal,,,,,-63:kg,,,NO,NO,,0,"["""", """", """", ""adult"", ""medal"", [], [], [""-63:kg""], [], []]",
2781,Men Team,,,,adult,medal,team,team,,,,,team,NO,NO,,0,"["""", """", """", ""adult"", ""medal"", [""team""], [], [], [], []]",
2782,Men's Kayak Single 1000m,,,,adult,medal,single,,1000:m,,,,single,NO,NO,kayak,0,"["""", """", """", ""adult"", ""medal"", [""single""], [""1000:m""], [], [], [""kayak""]]",
2783,Men's Triple Jump,athletics,athletics,men,adult,medal,,,,,,,,NO,NO,jump | triple,0,"[""athletics"", ""athletics"", ""men"", ""adult"", ""medal"", [], [], [], [], [""jump"", ""triple""]]",fuente3
2784,Men's Freestyle 86kg,,,,adult,medal,freestyle,,,,86:kg,,,NO,NO,,0,"["""", """", """", ""adult"", ""medal"", [""freestyle""], [], [""86:kg""], [], []]",
2785,Men Team,,,,adult,medal,team,team,,,,,team,NO,NO,,0,"["""", """", """", ""adult"", ""medal"", [""team""], [], [], [], []]",
2786,Men's 50km Race Walk,,,,adult,medal,,,50:km,,,,,NO,NO,race | walk,0,"["""", """", """", ""adult"", ""medal"", [], [""50:km""], [], [], [""race"", ""walk""]]",
2787,Women's Heptathlon,athletics,athletics,women,adult,medal,,,,,,,,NO,NO,heptathlon,0,"[""athletics"", ""athletics"", ""women"", ""adult"", ""medal"", [], [], [], [], [""heptathlon""]]",fuente3
2788,Women's 10m Platform,aquatics,diving,women,adult,medal,,,10:m,,,,,NO,NO,platform,0,"[""aquatics"", ""diving"", ""women"", ""adult"", ""medal"", [], [""10:m""], [], [], [""platform""]]",fuente3
2789,Women's Synchronised 10m Platform Team,aquatics,diving,women,adult,medal,team,team,10:m,,,,team,NO,NO,platform | synchronised,0,"[""aquatics"", ""diving"", ""women"", ""adult"", ""medal"", [""team""], [""10:m""], [], [], [""platform"", ""synchronised""]]",fuente3
2790,Men's Welter (63-69kg),,,,adult,medal,,,,,-69:kg | 63-69:kg,,,NO,NO,welter,0,"["""", """", """", ""adult"", ""medal"", [], [], [""-69:kg"", ""63-69:kg""], [], [""welter""]]",
2791,Men's 100m Butterfly,,,,adult,medal,,,100:m,,,,,NO,NO,butterfly,0,"["""", """", """", ""adult"", ""medal"", [], [""100:m""], [], [], [""butterfly""]]",
2792,Women's Freestyle 68kg,,,,adult,medal,freestyle,,,,68:kg,,,NO,NO,,0,"["""", """", """", ""adult"", ""medal"", [""freestyle""], [], [""68:kg""], [], []]",
2793,"Men's 10,000m",,,,adult,medal,,,10000:m,,,,,NO,NO,,0,"["""", """", """", ""adult"", ""medal"", [], [""10000:m""], [], [], []]",
2794,Women's Kayak Single 200m,,,,adult,medal,single,,200:m,,,,single,NO,NO,kayak,0,"["""", """", """", ""adult"", ""medal"", [""single""], [""200:m""], [], [], [""kayak""]]",
2795,Women's Kayak Single 500m,,,,adult,medal,single,,500:m,,,,single,NO,NO,kayak,0,"["""", """", """", ""adult"", ""medal"", [""single""], [""500:m""], [], [], [""kayak""]]",
2796,Men's Doubles Team,badminton,badminton,men,adult,medal,doubles | team,team,,,,,team,NO,NO,,0,"[""badminton"", ""badminton"", ""men"", ""adult"", ""medal"", [""doubles"", ""team""], [], [], [], []]",fuente3
2797,Women,,,,adult,medal,,,,,,,,NO,NO,,0,"["""", """", """", ""adult"", ""medal"", [], [], [], [], []]",
2798,Women's 4 x 100m Freestyle Relay Team,aquatics,swimming,women,adult,medal,freestyle | relay | team,team,100:m,,,,relay | team,NO,NO,4 | x,0,"[""aquatics"", ""swimming"", ""women"", ""adult"", ""medal"", [""freestyle"", ""relay"", ""team""], [""100:m""], [], [], [""4"", ""x""]]",fuente3
2799,Women's Pair Team,rowing,rowing,women,adult,medal,pair | team,team,,,,,pair | team,NO,NO,,0,"[""rowing"", ""rowing"", ""women"", ""adult"", ""medal"", [""pair"", ""team""], [], [], [], []]",fuente3
2800,Men's Greco-Roman 60kg,,,,adult,medal,,,,,60:kg,,,NO,NO,greco | roman,0,"["""", """", """", ""adult"", ""medal"", [], [], [""60:kg""], [], [""greco"", ""roman""]]",
2801,Women's 49kg,,,,adult,medal,,,,,49:kg,,,NO,NO,,0,"["""", """", """", ""adult"", ""medal"", [], [], [""49:kg""], [], []]",
2802,Men's Greco-Roman 77kg,,,,adult,medal,,,,,77:kg,,,NO,NO,greco | roman,0,"["""", """", """", ""adult"", ""medal"", [], [], [""77:kg""], [], [""greco"", ""roman""]]",
2803,Women Team,,,,adult,medal,team,team,,,,,team,NO,NO,,0,"["""", """", """", ""adult"", ""medal"", [""team""], [], [], [], []]",
2804,Men's 4 x 100m Relay Team,athletics,athletics,men,adult,medal,relay | team,team,100:m,,,,relay | team,NO,NO,4 | x,0,"[""athletics"", ""athletics"", ""men"", ""adult"", ""medal"", [""relay"", ""team""], [""100:m""], [], [], [""4"", ""x""]]",fuente3
2805,10m Air Rifle Men,,,,adult,medal,,,10:m,,,,,NO,NO,air | rifle,0,"["""", """", """", ""adult"", ""medal"", [], [""10:m""], [], [], [""air"", ""rifle""]]",
2806,50m Rifle 3 Positions Men,,,,adult,medal,,,50:m,,,,,NO,NO,3 | positions | rifle,0,"["""", """", """", ""adult"", ""medal"", [], [""50:m""], [], [], [""3"", ""positions"", ""rifle""]]",
2807,Women's Team,,,,adult,medal,team,team,,,,,team,NO,NO,,0,"["""", """", """", ""adult"", ""medal"", [""team""], [], [], [], []]",
2808,Women's Freestyle 53kg,,,,adult,medal,freestyle,,,,53:kg,,,NO,NO,,0,"["""", """", """", ""adult"", ""medal"", [""freestyle""], [], [""53:kg""], [], []]",
2809,25m Rapid Fire Pistol Men,,,,adult,medal,,,25:m,,,,,NO,NO,fire | pistol | rapid,0,"["""", """", """", ""adult"", ""medal"", [], [""25:m""], [], [], [""fire"", ""pistol"", ""rapid""]]",
2810,Men's High Jump,athletics,athletics,men,adult,medal,,,,,,,,NO,NO,high | jump,0,"[""athletics"", ""athletics"", ""men"", ""adult"", ""medal"", [], [], [], [], [""high"", ""jump""]]",fuente3
2811,Women Team,,,,adult,medal,team,team,,,,,team,NO,NO,,0,"["""", """", """", ""adult"", ""medal"", [""team""], [], [], [], []]",
2812,Women's Welter (64-69kg),,,,adult,medal,,,,,-69:kg | 64-69:kg,,,NO,NO,welter,0,"["""", """", """", ""adult"", ""medal"", [], [], [""-69:kg"", ""64-69:kg""], [], [""welter""]]",
2813,Men -60 kg,,,,adult,medal,,,,,-60:kg,,,NO,NO,,0,"["""", """", """", ""adult"", ""medal"", [], [], [""-60:kg""], [], []]",
2814,Women's +87kg,,,,adult,medal,,,,,+87:kg,,,NO,NO,,0,"["""", """", """", ""adult"", ""medal"", [], [], [""+87:kg""], [], []]",
2815,Men's Freestyle 65kg,,,,adult,medal,freestyle,,,,65:kg,,,NO,NO,,0,"["""", """", """", ""adult"", ""medal"", [""freestyle""], [], [""65:kg""], [], []]",
2816,Men's Kayak Single 200m,,,,adult,medal,single,,200:m,,,,single,NO,NO,kayak,0,"["""", """", """", ""adult"", ""medal"", [""single""], [""200:m""], [], [], [""kayak""]]",
2817,Jumping Team,,,,adult,medal,team,team,,,,,team,NO,NO,jumping,0,"["""", """", """", ""adult"", ""medal"", [""team""], [], [], [], [""jumping""]]",
2818,Jumping Individual,,,,adult,medal,individual,individual,,,,,individual,NO,NO,jumping,0,"["""", """", """", ""adult"", ""medal"", [""individual""], [], [], [], [""jumping""]]",
2819,Trap Men,shooting,shooting,men,adult,medal,,,,,,,,NO,NO,trap,0,"[""shooting"", ""shooting"", ""men"", ""adult"", ""medal"", [], [], [], [], [""trap""]]",fuente3
2820,Men's Single Sculls,rowing,rowing,men,adult,medal,single,,,,,,single,NO,NO,sculls,0,"[""rowing"", ""rowing"", ""men"", ""adult"", ""medal"", [""single""], [], [], [], [""sculls""]]",fuente3
2821,Men's Greco-Roman 67kg,,,,adult,medal,,,,,67:kg,,,NO,NO,greco | roman,0,"["""", """", """", ""adult"", ""medal"", [], [], [""67:kg""], [], [""greco"", ""roman""]]",
2822,Men's Fly (48-52kg),,,,adult,medal,,,,,-52:kg | 48-52:kg,,,NO,NO,fly,0,"["""", """", """", ""adult"", ""medal"", [], [], [""-52:kg"", ""48-52:kg""], [], [""fly""]]",
2823,Men's Individual,,,,adult,medal,individual,individual,,,,,individual,NO,NO,,0,"["""", """", """", ""adult"", ""medal"", [""individual""], [], [], [], []]",
2824,Mixed Relay Team,triathlon,triathlon,mixed,adult,medal,mixed | relay | team,team,,,,,relay | team,NO,NO,,0,"[""triathlon"", ""triathlon"", ""mixed"", ""adult"", ""medal"", [""mixed"", ""relay"", ""team""], [], [], [], []]",fuente3
2825,Men +80kg,,,,adult,medal,,,,,+80:kg,,,NO,NO,,0,"["""", """", """", ""adult"", ""medal"", [], [], [""+80:kg""], [], []]",
2826,Women Team,,,,adult,medal,team,team,,,,,team,NO,NO,,0,"["""", """", """", ""adult"", ""medal"", [""team""], [], [], [], []]",
2827,Mixed Multihull - Nacra 17 Foiling Team,,,,adult,medal,mixed | team,team,,,,,team,NO,NO,17 | foiling | multihull | nacra,0,"["""", """", """", ""adult"", ""medal"", [""mixed"", ""team""], [], [], [], [""17"", ""foiling"", ""multihull"", ""nacra""]]",
2828,Women -57 kg,,,,adult,medal,,,,,-57:kg,,,NO,NO,,0,"["""", """", """", ""adult"", ""medal"", [], [], [""-57:kg""], [], []]",
2829,Women's Eight Team,rowing,rowing,women,adult,medal,eight | team,team,,,,,eight | team,NO,NO,,0,"[""rowing"", ""rowing"", ""women"", ""adult"", ""medal"", [""eight"", ""team""], [], [], [], []]",fuente3
2830,Women's Singles,tennis,tennis,women,adult,medal,singles,,,,,,,NO,NO,,0,"[""tennis"", ""tennis"", ""women"", ""adult"", ""medal"", [""singles""], [], [], [], []]",fuente3
2831,Team,,,,adult,medal,team,team,,,,,team,NO,NO,,0,"["""", """", """", ""adult"", ""medal"", [""team""], [], [], [], []]",
2832,Women's 59kg,,,,adult,medal,,,,,59:kg,,,NO,NO,,0,"["""", """", """", ""adult"", ""medal"", [], [], [""59:kg""], [], []]",
2833,Women's 800m,,,,adult,medal,,,800:m,,,,,NO,NO,,0,"["""", """", """", ""adult"", ""medal"", [], [""800:m""], [], [], []]",
2834,Duet Team,,,,adult,medal,team,team,,,,,team,NO,NO,duet,0,"["""", """", """", ""adult"", ""medal"", [""team""], [], [], [], [""duet""]]",
2835,Women's Light (57-60kg),boxing,boxing,women,adult,medal,,,,,-60:kg | 57-60:kg,,,NO,NO,light,0,"[""boxing"", ""boxing"", ""women"", ""adult"", ""medal"", [], [], [""-60:kg"", ""57-60:kg""], [], [""light""]]",fuente3
2836,Men's Light Heavy (75-81kg),,,,adult,medal,,,,,-81:kg | 75-81:kg,,,NO,NO,heavy | light,0,"["""", """", """", ""adult"", ""medal"", [], [], [""-81:kg"", ""75-81:kg""], [], [""heavy"", ""light""]]",
2837,Eventing Team,,,,adult,medal,team,team,,,,,team,NO,NO,eventing,0,"["""", """", """", ""adult"", ""medal"", [""team""], [], [], [], [""eventing""]]",
2838,Eventing Individual,,,,adult,medal,individual,individual,,,,,individual,NO,NO,eventing,0,"["""", """", """", ""adult"", ""medal"", [""individual""], [], [], [], [""eventing""]]",
2839,Women's Feather (54-57kg),,,,adult,medal,,,,,-57:kg | 54-57:kg,,,NO,NO,feather,0,"["""", """", """", ""adult"", ""medal"", [], [], [""-57:kg"", ""54-57:kg""], [], [""feather""]]",
2840,Trap Women,shooting,shooting,women,adult,medal,,,,,,,,NO,NO,trap,0,"[""shooting"", ""shooting"", ""women"", ""adult"", ""medal"", [], [], [], [], [""trap""]]",fuente3
2841,Trap Mixed Team,shooting,shooting,mixed,adult,medal,mixed | team,team,,,,,team,NO,NO,trap,0,"[""shooting"", ""shooting"", ""mixed"", ""adult"", ""medal"", [""mixed"", ""team""], [], [], [], [""trap""]]",fuente3
2842,Men's Feather (52-57kg),,,,adult,medal,,,,,-57:kg | 52-57:kg,,,NO,NO,feather,0,"["""", """", """", ""adult"", ""medal"", [], [], [""-57:kg"", ""52-57:kg""], [], [""feather""]]",
2843,Men's 110m Hurdles,,,,adult,medal,,,110:m,,,,,NO,NO,hurdles,0,"["""", """", """", ""adult"", ""medal"", [], [""110:m""], [], [], [""hurdles""]]",
2844,Men's 81kg,,,,adult,medal,,,,,81:kg,,,NO,NO,,0,"["""", """", """", ""adult"", ""medal"", [], [], [""81:kg""], [], []]",
2845,Baseball Team,,,,adult,medal,team,team,,,,,team,NO,NO,baseball,0,"["""", """", """", ""adult"", ""medal"", [""team""], [], [], [], [""baseball""]]",
2846,Men's 200m Breaststroke,,,,adult,medal,,,200:m,,,,,NO,NO,breaststroke,0,"["""", """", """", ""adult"", ""medal"", [], [""200:m""], [], [], [""breaststroke""]]",
2847,Women's Discus Throw,athletics,athletics,women,adult,medal,,,,,,,,NO,NO,discus | throw,0,"[""athletics"", ""athletics"", ""women"", ""adult"", ""medal"", [], [], [], [], [""discus"", ""throw""]]",fuente3
2848,Women's 4 x 400m Relay Team,athletics,athletics,women,adult,medal,relay | team,team,400:m,,,,relay | team,NO,NO,4 | x,0,"[""athletics"", ""athletics"", ""women"", ""adult"", ""medal"", [""relay"", ""team""], [""400:m""], [], [], [""4"", ""x""]]",fuente3
2849,Men's Kumite -67kg,,,,adult,medal,,,,,-67:kg,,,NO,NO,kumite,0,"["""", """", """", ""adult"", ""medal"", [], [], [""-67:kg""], [], [""kumite""]]",
2850,Men's Road Race,,,,adult,medal,,,,,,,,NO,NO,race | road,0,"["""", """", """", ""adult"", ""medal"", [], [], [], [], [""race"", ""road""]]",
2851,Men's Individual Time Trial,cycling,cycling road,men,adult,medal,individual,individual,,,,,individual,NO,NO,time | trial,0,"[""cycling"", ""cycling road"", ""men"", ""adult"", ""medal"", [""individual""], [], [], [], [""time"", ""trial""]]",fuente3
2852,Women's 4 x 200m Freestyle Relay Team,aquatics,swimming,women,adult,medal,freestyle | relay | team,team,200:m,,,,relay | team,NO,NO,4 | x,0,"[""aquatics"", ""swimming"", ""women"", ""adult"", ""medal"", [""freestyle"", ""relay"", ""team""], [""200:m""], [], [], [""4"", ""x""]]",fuente3
2853,Men's Kata,karate,karate,men,adult,medal,,,,,,,,NO,NO,kata,0,"[""karate"", ""karate"", ""men"", ""adult"", ""medal"", [], [], [], [], [""kata""]]",fuente3
2854,Women's 100m Butterfly,,,,adult,medal,,,100:m,,,,,NO,NO,butterfly,0,"["""", """", """", ""adult"", ""medal"", [], [""100:m""], [], [], [""butterfly""]]",
2855,Men's 61kg,,,,adult,medal,,,,,61:kg,,,NO,NO,,0,"["""", """", """", ""adult"", ""medal"", [], [], [""61:kg""], [], []]",
2856,Lightweight Women's Double Sculls Team,rowing,rowing,women,adult,medal,double | lightweight | team,team,,,,,double | team,NO,NO,sculls,0,"[""rowing"", ""rowing"", ""women"", ""adult"", ""medal"", [""double"", ""lightweight"", ""team""], [], [], [], [""sculls""]]",fuente3
2857,Women -48 kg,,,,adult,medal,,,,,-48:kg,,,NO,NO,,0,"["""", """", """", ""adult"", ""medal"", [], [], [""-48:kg""], [], []]",
2858,Men's 400m Freestyle,,,,adult,medal,freestyle,,400:m,,,,,NO,NO,,0,"["""", """", """", ""adult"", ""medal"", [""freestyle""], [""400:m""], [], [], []]",
2859,Men's 200m Freestyle,aquatics,swimming,men,adult,medal,freestyle,,200:m,,,,,NO,NO,,0,"[""aquatics"", ""swimming"", ""men"", ""adult"", ""medal"", [""freestyle""], [""200:m""], [], [], []]",fuente3
2860,Women's Team Pursuit Team,cycling,cycling track,women,adult,medal,pursuit | team | team,team,,,,,team | team,NO,NO,,0,"[""cycling"", ""cycling track"", ""women"", ""adult"", ""medal"", [""pursuit"", ""team"", ""team""], [], [], [], []]",fuente3
2861,Men's Middle (69-75kg),,,,adult,medal,,,,,-75:kg | 69-75:kg,,,NO,NO,middle,0,"["""", """", """", ""adult"", ""medal"", [], [], [""-75:kg"", ""69-75:kg""], [], [""middle""]]",
2862,Men's 200m,,,,adult,medal,,,200:m,,,,,NO,NO,,0,"["""", """", """", ""adult"", ""medal"", [], [""200:m""], [], [], []]",
2863,Men's Skiff - 49er Team,,,,adult,medal,team,team,,,,,team,NO,NO,49er | skiff,0,"["""", """", """", ""adult"", ""medal"", [""team""], [], [], [], [""49er"", ""skiff""]]",
2864,Women's 100m Hurdles,athletics,athletics,women,adult,medal,,,100:m,,,,,NO,NO,hurdles,0,"[""athletics"", ""athletics"", ""women"", ""adult"", ""medal"", [], [""100:m""], [], [], [""hurdles""]]",fuente3
2865,Women's Team,archery,archery,women,adult,medal,team,team,,,,,team,NO,NO,,0,"[""archery"", ""archery"", ""women"", ""adult"", ""medal"", [""team""], [], [], [], []]",fuente3
2866,Women's Marathon,athletics,athletics,women,adult,medal,,,,,,,,NO,NO,marathon,0,"[""athletics"", ""athletics"", ""women"", ""adult"", ""medal"", [], [], [], [], [""marathon""]]",fuente3
2867,Women's Kata,karate,karate,women,adult,medal,,,,,,,,NO,NO,kata,0,"[""karate"", ""karate"", ""women"", ""adult"", ""medal"", [], [], [], [], [""kata""]]",fuente3
2868,Men -90 kg,,,,adult,medal,,,,,-90:kg,,,NO,NO,,0,"["""", """", """", ""adult"", ""medal"", [], [], [""-90:kg""], [], []]",
2869,Men's Hammer Throw,athletics,athletics,men,adult,medal,,,,,,,,NO,NO,hammer | throw,0,"[""athletics"", ""athletics"", ""men"", ""adult"", ""medal"", [], [], [], [], [""hammer"", ""throw""]]",fuente3
2870,Skeet Women,shooting,shooting,women,adult,medal,,,,,,,,NO,NO,skeet,0,"[""shooting"", ""shooting"", ""women"", ""adult"", ""medal"", [], [], [], [], [""skeet""]]",fuente3
2871,Men's Individual Stroke Play,,,,adult,medal,individual,individual,,,,,individual,NO,NO,play | stroke,0,"["""", """", """", ""adult"", ""medal"", [""individual""], [], [], [], [""play"", ""stroke""]]",
2872,Women's Hammer Throw,athletics,athletics,women,adult,medal,,,,,,,,NO,NO,hammer | throw,0,"[""athletics"", ""athletics"", ""women"", ""adult"", ""medal"", [], [], [], [], [""hammer"", ""throw""]]",fuente3
2873,Men's Park,roller sports,skateboarding,men,adult,medal,,,,,,,,NO,NO,park,0,"[""roller sports"", ""skateboarding"", ""men"", ""adult"", ""medal"", [], [], [], [], [""park""]]",fuente3
2874,Women's 100m Freestyle,aquatics,swimming,women,adult,medal,freestyle,,100:m,,,,,NO,NO,,0,"[""aquatics"", ""swimming"", ""women"", ""adult"", ""medal"", [""freestyle""], [""100:m""], [], [], []]",fuente3
2875,Women's 200m Freestyle,aquatics,swimming,women,adult,medal,freestyle,,200:m,,,,,NO,NO,,0,"[""aquatics"", ""swimming"", ""women"", ""adult"", ""medal"", [""freestyle""], [""200:m""], [], [], []]",fuente3
2876,Women's 4 x 100m Medley Relay Team,aquatics,swimming,women,adult,medal,relay | team,team,100:m,,,,relay | team,NO,NO,4 | medley | x,0,"[""aquatics"", ""swimming"", ""women"", ""adult"", ""medal"", [""relay"", ""team""], [""100:m""], [], [], [""4"", ""medley"", ""x""]]",fuente3
2877,Women's 10km,,,,adult,medal,,,10:km,,,,,NO,NO,,0,"["""", """", """", ""adult"", ""medal"", [], [""10:km""], [], [], []]",
2878,4 x 400m Relay Mixed,athletics,athletics,mixed,adult,medal,mixed | relay,,400:m,,,,relay,NO,NO,4 | x,0,"[""athletics"", ""athletics"", ""mixed"", ""adult"", ""medal"", [""mixed"", ""relay""], [""400:m""], [], [], [""4"", ""x""]]",fuente3
2879,Women's 20km Race Walk,,,,adult,medal,,,20:km,,,,,NO,NO,race | walk,0,"["""", """", """", ""adult"", ""medal"", [], [""20:km""], [], [], [""race"", ""walk""]]",
2880,Men,,,,adult,medal,,,,,,,,NO,NO,,0,"["""", """", """", ""adult"", ""medal"", [], [], [], [], []]",
2881,Women's 200m Individual Medley,,,,adult,medal,individual,individual,200:m,,,,individual,NO,NO,medley,0,"["""", """", """", ""adult"", ""medal"", [""individual""], [""200:m""], [], [], [""medley""]]",
2882,Women's 64kg,,,,adult,medal,,,,,64:kg,,,NO,NO,,0,"["""", """", """", ""adult"", ""medal"", [], [], [""64:kg""], [], []]",
2883,"Women's 10,000m",,,,adult,medal,,,10000:m,,,,,NO,NO,,0,"["""", """", """", ""adult"", ""medal"", [], [""10000:m""], [], [], []]",
2884,Men,,,,adult,medal,,,,,,,,NO,NO,,0,"["""", """", """", ""adult"", ""medal"", [], [], [], [], []]",
2885,Men's 1500m,,,,adult,medal,,,1500:m,,,,,NO,NO,,0,"["""", """", """", ""adult"", ""medal"", [], [""1500:m""], [], [], []]",
2886,Women's Canoe Single 200m,,,,adult,medal,single,,200:m,,,,single,NO,NO,canoe,0,"["""", """", """", ""adult"", ""medal"", [""single""], [""200:m""], [], [], [""canoe""]]",
2887,Women's Canoe Double 500m Team,canoeing,canoe sprint,women,adult,medal,double | team,team,500:m,,,,double | team,NO,NO,,0,"[""canoeing"", ""canoe sprint"", ""women"", ""adult"", ""medal"", [""double"", ""team""], [""500:m""], [], [], []]",fuente3
2888,Women's Javelin Throw,athletics,athletics,women,adult,medal,,,,,,,,NO,NO,javelin | throw,0,"[""athletics"", ""athletics"", ""women"", ""adult"", ""medal"", [], [], [], [], [""javelin"", ""throw""]]",fuente3
2889,Men's 50m Freestyle,,,,adult,medal,freestyle,,50:m,,,,,NO,NO,,0,"["""", """", """", ""adult"", ""medal"", [""freestyle""], [""50:m""], [], [], []]",
2890,Men's 200m Individual Medley,,,,adult,medal,individual,individual,200:m,,,,individual,NO,NO,medley,0,"["""", """", """", ""adult"", ""medal"", [""individual""], [""200:m""], [], [], [""medley""]]",
2891,Men's 4 x 100m Medley Relay Team,aquatics,swimming,men,adult,medal,relay | team,team,100:m,,,,relay | team,NO,NO,4 | medley | x,0,"[""aquatics"", ""swimming"", ""men"", ""adult"", ""medal"", [""relay"", ""team""], [""100:m""], [], [], [""4"", ""medley"", ""x""]]",fuente3
2892,Women Team,,,,adult,medal,team,team,,,,,team,NO,NO,,0,"["""", """", """", ""adult"", ""medal"", [""team""], [], [], [], []]",
2893,Women's Sprint,cycling,cycling track,women,adult,medal,sprint,,,,,,,NO,NO,,0,"[""cycling"", ""cycling track"", ""women"", ""adult"", ""medal"", [""sprint""], [], [], [], []]",fuente3
2894,Women's Keirin,cycling,cycling track,women,adult,medal,,,,,,,,NO,NO,keirin,0,"[""cycling"", ""cycling track"", ""women"", ""adult"", ""medal"", [], [], [], [], [""keirin""]]",fuente3
2895,Men's 67kg,,,,adult,medal,,,,,67:kg,,,NO,NO,,0,"["""", """", """", ""adult"", ""medal"", [], [], [""67:kg""], [], []]",
2896,Women's One Person Dinghy - Laser Radial,,,,adult,medal,,,,,,,,NO,NO,dinghy | laser | one | person | radial,0,"["""", """", """", ""adult"", ""medal"", [], [], [], [], [""dinghy"", ""laser"", ""one"", ""person"", ""radial""]]",
2897,Men's Singles,tennis,tennis,men,adult,medal,singles,,,,,,,NO,NO,,0,"[""tennis"", ""tennis"", ""men"", ""adult"", ""medal"", [""singles""], [], [], [], []]",fuente3
2898,Men's Doubles Team,tennis,tennis,men,adult,medal,doubles | team,team,,,,,team,NO,NO,,0,"[""tennis"", ""tennis"", ""men"", ""adult"", ""medal"", [""doubles"", ""team""], [], [], [], []]",fuente3
2899,Women's Four Team,rowing,rowing,women,adult,medal,four | team,team,,,,,four | team,NO,NO,,0,"[""rowing"", ""rowing"", ""women"", ""adult"", ""medal"", [""four"", ""team""], [], [], [], []]",fuente3
2900,Men's Kayak Double 1000m Team,,,,adult,medal,double | team,team,1000:m,,,,double | team,NO,NO,kayak,0,"["""", """", """", ""adult"", ""medal"", [""double"", ""team""], [""1000:m""], [], [], [""kayak""]]",
2901,Men's Kayak Four 500m Team,canoeing,canoe sprint,men,adult,medal,four | team,team,500:m,,,,four | team,NO,NO,kayak,0,"[""canoeing"", ""canoe sprint"", ""men"", ""adult"", ""medal"", [""four"", ""team""], [""500:m""], [], [], [""kayak""]]",fuente3
2902,Men's Quadruple Sculls Team,rowing,rowing,men,adult,medal,team,team,,,,,team,NO,NO,quadruple | sculls,0,"[""rowing"", ""rowing"", ""men"", ""adult"", ""medal"", [""team""], [], [], [], [""quadruple"", ""sculls""]]",fuente3
2903,Women's Team Sprint Team,cycling,cycling track,women,adult,medal,sprint | team | team,team,,,,,team | team,NO,NO,,0,"[""cycling"", ""cycling track"", ""women"", ""adult"", ""medal"", [""sprint"", ""team"", ""team""], [], [], [], []]",fuente3
2904,Women's Double Sculls Team,rowing,rowing,women,adult,medal,double | team,team,,,,,double | team,NO,NO,sculls,0,"[""rowing"", ""rowing"", ""women"", ""adult"", ""medal"", [""double"", ""team""], [], [], [], [""sculls""]]",fuente3
2905,Women's Sabre Individual,fencing,fencing,women,adult,medal,individual,individual,,,,,individual,NO,NO,sabre,0,"[""fencing"", ""fencing"", ""women"", ""adult"", ""medal"", [""individual""], [], [], [], [""sabre""]]",fuente3
2906,Women's Sabre Team,fencing,fencing,women,adult,medal,team,team,,,,,team,NO,NO,sabre,0,"[""fencing"", ""fencing"", ""women"", ""adult"", ""medal"", [""team""], [], [], [], [""sabre""]]",fuente3
2907,Men's Street,roller sports,skateboarding,men,adult,medal,,,,,,,,NO,NO,street,0,"[""roller sports"", ""skateboarding"", ""men"", ""adult"", ""medal"", [], [], [], [], [""street""]]",fuente3
2908,Women's Doubles Team,tennis,tennis,women,adult,medal,doubles | team,team,,,,,team,NO,NO,,0,"[""tennis"", ""tennis"", ""women"", ""adult"", ""medal"", [""doubles"", ""team""], [], [], [], []]",fuente3
2909,Men's Team,table tennis,table tennis,men,adult,medal,team,team,,,,,team,NO,NO,,0,"[""table tennis"", ""table tennis"", ""men"", ""adult"", ""medal"", [""team""], [], [], [], []]",fuente3
2910,Men's 4 x 200m Freestyle Relay Team,aquatics,swimming,men,adult,medal,freestyle | relay | team,team,200:m,,,,relay | team,NO,NO,4 | x,0,"[""aquatics"", ""swimming"", ""men"", ""adult"", ""medal"", [""freestyle"", ""relay"", ""team""], [""200:m""], [], [], [""4"", ""x""]]",fuente3
2911,Women -70 kg,,,,adult,medal,,,,,-70:kg,,,NO,NO,,0,"["""", """", """", ""adult"", ""medal"", [], [], [""-70:kg""], [], []]",
2912,Women's Long Jump,athletics,athletics,women,adult,medal,,,,,,,,NO,NO,jump | long,0,"[""athletics"", ""athletics"", ""women"", ""adult"", ""medal"", [], [], [], [], [""jump"", ""long""]]",fuente3
2913,Men's One Person Dinghy - Laser,,,,adult,medal,,,,,,,,NO,NO,dinghy | laser | one | person,0,"["""", """", """", ""adult"", ""medal"", [], [], [], [], [""dinghy"", ""laser"", ""one"", ""person""]]",
2914,Women's Individual,modern pentathlon,modern pentathlon,women,adult,medal,individual,individual,,,,,individual,NO,NO,,0,"[""modern pentathlon"", ""modern pentathlon"", ""women"", ""adult"", ""medal"", [""individual""], [], [], [], []]",fuente3
2915,Women's Omnium,cycling,cycling track,women,adult,medal,,,,,,,,NO,NO,omnium,0,"[""cycling"", ""cycling track"", ""women"", ""adult"", ""medal"", [], [], [], [], [""omnium""]]",fuente3
2916,Women's Madison Team,cycling,cycling track,women,adult,medal,team,team,,,,,team,NO,NO,madison,0,"[""cycling"", ""cycling track"", ""women"", ""adult"", ""medal"", [""team""], [], [], [], [""madison""]]",fuente3
2917,Women's 100m Backstroke,,,,adult,medal,,,100:m,,,,,NO,NO,backstroke,0,"["""", """", """", ""adult"", ""medal"", [], [""100:m""], [], [], [""backstroke""]]",
2918,Men's 3m Springboard,aquatics,diving,men,adult,medal,,,3:m,,,,,NO,NO,springboard,0,"[""aquatics"", ""diving"", ""men"", ""adult"", ""medal"", [], [""3:m""], [], [], [""springboard""]]",fuente3
2919,Men's 20km Race Walk,,,,adult,medal,,,20:km,,,,,NO,NO,race | walk,0,"["""", """", """", ""adult"", ""medal"", [], [""20:km""], [], [], [""race"", ""walk""]]",
2920,Women's Kayak Double 500m Team,canoeing,canoe sprint,women,adult,medal,double | team,team,500:m,,,,double | team,NO,NO,kayak,0,"[""canoeing"", ""canoe sprint"", ""women"", ""adult"", ""medal"", [""double"", ""team""], [""500:m""], [], [], [""kayak""]]",fuente3
2921,Women's Two Person Dinghy - 470 Team,,,,adult,medal,team,team,,,,,team,NO,NO,470 | dinghy | person | two,0,"["""", """", """", ""adult"", ""medal"", [""team""], [], [], [], [""470"", ""dinghy"", ""person"", ""two""]]",
2922,Men's 10m Platform,aquatics,diving,men,adult,medal,,,10:m,,,,,NO,NO,platform,0,"[""aquatics"", ""diving"", ""men"", ""adult"", ""medal"", [], [""10:m""], [], [], [""platform""]]",fuente3
2923,Women's Park,roller sports,skateboarding,women,adult,medal,,,,,,,,NO,NO,park,0,"[""roller sports"", ""skateboarding"", ""women"", ""adult"", ""medal"", [], [], [], [], [""park""]]",fuente3
2924,Men's 100m Backstroke,,,,adult,medal,,,100:m,,,,,NO,NO,backstroke,0,"["""", """", """", ""adult"", ""medal"", [], [""100:m""], [], [], [""backstroke""]]",
2925,Men's 400m Individual Medley,,,,adult,medal,individual,individual,400:m,,,,individual,NO,NO,medley,0,"["""", """", """", ""adult"", ""medal"", [""individual""], [""400:m""], [], [], [""medley""]]",
2926,10m Air Rifle Women,,,,adult,medal,,,10:m,,,,,NO,NO,air | rifle,0,"["""", """", """", ""adult"", ""medal"", [], [""10:m""], [], [], [""air"", ""rifle""]]",
2927,50m Rifle 3 Positions Women,,,,adult,medal,,,50:m,,,,,NO,NO,3 | positions | rifle,0,"["""", """", """", ""adult"", ""medal"", [], [""50:m""], [], [], [""3"", ""positions"", ""rifle""]]",
2928,10m Air Rifle Mixed Team,,,,adult,medal,mixed | team,team,10:m,,,,team,NO,NO,air | rifle,0,"["""", """", """", ""adult"", ""medal"", [""mixed"", ""team""], [""10:m""], [], [], [""air"", ""rifle""]]",
2929,Women Team,,,,adult,medal,team,team,,,,,team,NO,NO,,0,"["""", """", """", ""adult"", ""medal"", [""team""], [], [], [], []]",
2930,Men -58kg,,,,adult,medal,,,,,-58:kg,,,NO,NO,,0,"["""", """", """", ""adult"", ""medal"", [], [], [""-58:kg""], [], []]",
2931,25m Pistol Women,,,,adult,medal,,,25:m,,,,,NO,NO,pistol,0,"["""", """", """", ""adult"", ""medal"", [], [""25:m""], [], [], [""pistol""]]",
2932,Men's +109kg,,,,adult,medal,,,,,+109:kg,,,NO,NO,,0,"["""", """", """", ""adult"", ""medal"", [], [], [""+109:kg""], [], []]",
2933,Women's Individual Stroke Play,,,,adult,medal,individual,individual,,,,,individual,NO,NO,play | stroke,0,"["""", """", """", ""adult"", ""medal"", [""individual""], [], [], [], [""play"", ""stroke""]]",
2934,Men's Windsurfer - RS:X,,,,adult,medal,,,,,,,,NO,NO,rs | windsurfer | x,0,"["""", """", """", ""adult"", ""medal"", [], [], [], [], [""rs"", ""windsurfer"", ""x""]]",
2935,Women's 4 x 100m Relay,athletics,athletics,women,adult,medal,relay,,100:m,,,,relay,NO,NO,4 | x,0,"[""athletics"", ""athletics"", ""women"", ""adult"", ""medal"", [""relay""], [""100:m""], [], [], [""4"", ""x""]]",fuente3
2936,Men's 200m Backstroke,,,,adult,medal,,,200:m,,,,,NO,NO,backstroke,0,"["""", """", """", ""adult"", ""medal"", [], [""200:m""], [], [], [""backstroke""]]",
2937,Mixed Doubles Team,tennis,tennis,mixed,adult,medal,doubles | mixed | team,team,,,,,team,NO,NO,,0,"[""tennis"", ""tennis"", ""mixed"", ""adult"", ""medal"", [""doubles"", ""mixed"", ""team""], [], [], [], []]",fuente3
2938,Men's Cross-country,cycling,mountain bike,men,adult,medal,,,,,,,,NO,NO,country | cross,0,"[""cycling"", ""mountain bike"", ""men"", ""adult"", ""medal"", [], [], [], [], [""country"", ""cross""]]",fuente3
2939,Women's 200m Butterfly,,,,adult,medal,,,200:m,,,,,NO,NO,butterfly,0,"["""", """", """", ""adult"", ""medal"", [], [""200:m""], [], [], [""butterfly""]]",
2940,Men's Sprint,cycling,cycling track,men,adult,medal,sprint,,,,,,,NO,NO,,0,"[""cycling"", ""cycling track"", ""men"", ""adult"", ""medal"", [""sprint""], [], [], [], []]",fuente3
2941,Men's Keirin,cycling,cycling track,men,adult,medal,,,,,,,,NO,NO,keirin,0,"[""cycling"", ""cycling track"", ""men"", ""adult"", ""medal"", [], [], [], [], [""keirin""]]",fuente3
2942,Dressage Team,,,,adult,medal,team,team,,,,,team,NO,NO,dressage,0,"["""", """", """", ""adult"", ""medal"", [""team""], [], [], [], [""dressage""]]",
2943,Dressage Individual,,,,adult,medal,individual,individual,,,,,individual,NO,NO,dressage,0,"["""", """", """", ""adult"", ""medal"", [""individual""], [], [], [], [""dressage""]]",
2944,Women's 200m,,,,adult,medal,,,200:m,,,,,NO,NO,,0,"["""", """", """", ""adult"", ""medal"", [], [""200:m""], [], [], []]",
2945,Women's Foil Individual,fencing,fencing,women,adult,medal,individual,individual,,,,,individual,NO,NO,foil,0,"[""fencing"", ""fencing"", ""women"", ""adult"", ""medal"", [""individual""], [], [], [], [""foil""]]",fuente3
2946,Women's Foil Team,fencing,fencing,women,adult,medal,team,team,,,,,team,NO,NO,foil,0,"[""fencing"", ""fencing"", ""women"", ""adult"", ""medal"", [""team""], [], [], [], [""foil""]]",fuente3
2947,Women's 1500m Freestyle,,,,adult,medal,freestyle,,1500:m,,,,,NO,NO,,0,"["""", """", """", ""adult"", ""medal"", [""freestyle""], [""1500:m""], [], [], []]",
2948,Men's 200m Butterfly,,,,adult,medal,,,200:m,,,,,NO,NO,butterfly,0,"["""", """", """", ""adult"", ""medal"", [], [""200:m""], [], [], [""butterfly""]]",
2949,Women's 200m Backstroke,,,,adult,medal,,,200:m,,,,,NO,NO,backstroke,0,"["""", """", """", ""adult"", ""medal"", [], [""200:m""], [], [], [""backstroke""]]",
2950,Women's Kumite -55kg,,,,adult,medal,,,,,-55:kg,,,NO,NO,kumite,0,"["""", """", """", ""adult"", ""medal"", [], [], [""-55:kg""], [], [""kumite""]]",
2951,Men's Discus Throw,athletics,athletics,men,adult,medal,,,,,,,,NO,NO,discus | throw,0,"[""athletics"", ""athletics"", ""men"", ""adult"", ""medal"", [], [], [], [], [""discus"", ""throw""]]",fuente3
2952,Women's Singles,table tennis,table tennis,women,adult,medal,singles,,,,,,,NO,NO,,0,"[""table tennis"", ""table tennis"", ""women"", ""adult"", ""medal"", [""singles""], [], [], [], []]",fuente3
2953,Men's Synchronised 10m Platform Team,aquatics,diving,men,adult,medal,team,team,10:m,,,,team,NO,NO,platform | synchronised,0,"[""aquatics"", ""diving"", ""men"", ""adult"", ""medal"", [""team""], [""10:m""], [], [], [""platform"", ""synchronised""]]",fuente3
2954,Women's 400m Individual Medley,,,,adult,medal,individual,individual,400:m,,,,individual,NO,NO,medley,0,"["""", """", """", ""adult"", ""medal"", [""individual""], [""400:m""], [], [], [""medley""]]",
2955,Men's Épée Individual,fencing,fencing,men,adult,medal,individual,individual,,,,,individual,NO,NO,epee,0,"[""fencing"", ""fencing"", ""men"", ""adult"", ""medal"", [""individual""], [], [], [], [""epee""]]",fuente3
2956,Men's Épée Team,fencing,fencing,men,adult,medal,team,team,,,,,team,NO,NO,epee,0,"[""fencing"", ""fencing"", ""men"", ""adult"", ""medal"", [""team""], [], [], [], [""epee""]]",fuente3
2957,Women's Madison,cycling,cycling track,women,adult,medal,,,,,,,,NO,NO,madison,0,"[""cycling"", ""cycling track"", ""women"", ""adult"", ""medal"", [], [], [], [], [""madison""]]",fuente3
2958,Men +100 kg,,,,adult,medal,,,,,+100:kg,,,NO,NO,,0,"["""", """", """", ""adult"", ""medal"", [], [], [""+100:kg""], [], []]",
2959,Men's Decathlon,athletics,athletics,men,adult,medal,,,,,,,,NO,NO,decathlon,0,"[""athletics"", ""athletics"", ""men"", ""adult"", ""medal"", [], [], [], [], [""decathlon""]]",fuente3
2960,Women's 5000m,,,,adult,medal,,,5000:m,,,,,NO,NO,,0,"["""", """", """", ""adult"", ""medal"", [], [""5000:m""], [], [], []]",
2961,Women's Cross-country,cycling,mountain bike,women,adult,medal,,,,,,,,NO,NO,country | cross,0,"[""cycling"", ""mountain bike"", ""women"", ""adult"", ""medal"", [], [], [], [], [""country"", ""cross""]]",fuente3
2962,Women Team,,,,adult,medal,team,team,,,,,team,NO,NO,,0,"["""", """", """", ""adult"", ""medal"", [""team""], [], [], [], []]",
2963,Women's Windsurfer - RS:X,,,,adult,medal,,,,,,,,NO,NO,rs | windsurfer | x,0,"["""", """", """", ""adult"", ""medal"", [], [], [], [], [""rs"", ""windsurfer"", ""x""]]",
2964,Women's 400m Hurdles,athletics,athletics,women,adult,medal,,,400:m,,,,,NO,NO,hurdles,0,"[""athletics"", ""athletics"", ""women"", ""adult"", ""medal"", [], [""400:m""], [], [], [""hurdles""]]",fuente3
2965,Women's 200m Breaststroke,,,,adult,medal,,,200:m,,,,,NO,NO,breaststroke,0,"["""", """", """", ""adult"", ""medal"", [], [""200:m""], [], [], [""breaststroke""]]",
2966,Men Team,,,,adult,medal,team,team,,,,,team,NO,NO,,0,"["""", """", """", ""adult"", ""medal"", [""team""], [], [], [], []]",
2967,Men's Individual,modern pentathlon,modern pentathlon,men,adult,medal,individual,individual,,,,,individual,NO,NO,,0,"[""modern pentathlon"", ""modern pentathlon"", ""men"", ""adult"", ""medal"", [""individual""], [], [], [], []]",fuente3
2968,Women's Épée Team,fencing,fencing,women,adult,medal,team,team,,,,,team,NO,NO,epee,0,"[""fencing"", ""fencing"", ""women"", ""adult"", ""medal"", [""team""], [], [], [], [""epee""]]",fuente3
2969,Women's 800m Freestyle,,,,adult,medal,freestyle,,800:m,,,,,NO,NO,,0,"["""", """", """", ""adult"", ""medal"", [""freestyle""], [""800:m""], [], [], []]",
2970,Women's Park,cycling,bmx freestyle,women,adult,medal,,,,,,,,NO,NO,park,0,"[""cycling"", ""bmx freestyle"", ""women"", ""adult"", ""medal"", [], [], [], [], [""park""]]",fuente3
2971,Women's Pole Vault,athletics,athletics,women,adult,medal,,,,,,,,NO,NO,pole | vault,0,"[""athletics"", ""athletics"", ""women"", ""adult"", ""medal"", [], [], [], [], [""pole"", ""vault""]]",fuente3
2972,Women's Street,roller sports,skateboarding,women,adult,medal,,,,,,,,NO,NO,street,0,"[""roller sports"", ""skateboarding"", ""women"", ""adult"", ""medal"", [], [], [], [], [""street""]]",fuente3
2973,Men's Canoe,canoeing,canoe slalom,men,adult,medal,,,,,,,,NO,NO,,0,"[""canoeing"", ""canoe slalom"", ""men"", ""adult"", ""medal"", [], [], [], [], []]",fuente3
2974,Men's Four Team,rowing,rowing,men,adult,medal,four | team,team,,,,,four | team,NO,NO,,0,"[""rowing"", ""rowing"", ""men"", ""adult"", ""medal"", [""four"", ""team""], [], [], [], []]",fuente3
2975,Men's One Person Dinghy (Heavyweight) - Finn,,,,adult,medal,heavyweight,,,,,,,NO,NO,dinghy | finn | one | person,0,"["""", """", """", ""adult"", ""medal"", [""heavyweight""], [], [], [], [""dinghy"", ""finn"", ""one"", ""person""]]",
2976,Men's Team Pursuit Team,cycling,cycling track,men,adult,medal,pursuit | team | team,team,,,,,team | team,NO,NO,,0,"[""cycling"", ""cycling track"", ""men"", ""adult"", ""medal"", [""pursuit"", ""team"", ""team""], [], [], [], []]",fuente3
2977,Men's Madison Team,cycling,cycling track,men,adult,medal,team,team,,,,,team,NO,NO,madison,0,"[""cycling"", ""cycling track"", ""men"", ""adult"", ""medal"", [""team""], [], [], [], [""madison""]]",fuente3
2978,Women's Canoe,canoeing,canoe slalom,women,adult,medal,,,,,,,,NO,NO,,0,"[""canoeing"", ""canoe slalom"", ""women"", ""adult"", ""medal"", [], [], [], [], []]",fuente3
2979,Men's Long Jump,athletics,athletics,men,adult,medal,,,,,,,,NO,NO,jump | long,0,"[""athletics"", ""athletics"", ""men"", ""adult"", ""medal"", [], [], [], [], [""jump"", ""long""]]",fuente3
2980,Men's Team Sprint Team,cycling,cycling track,men,adult,medal,sprint | team | team,team,,,,,team | team,NO,NO,,0,"[""cycling"", ""cycling track"", ""men"", ""adult"", ""medal"", [""sprint"", ""team"", ""team""], [], [], [], []]",fuente3
2981,Women's Doubles Team,badminton,badminton,women,adult,medal,doubles | team,team,,,,,team,NO,NO,,0,"[""badminton"", ""badminton"", ""women"", ""adult"", ""medal"", [""doubles"", ""team""], [], [], [], []]",fuente3
2982,Men's Pole Vault,athletics,athletics,men,adult,medal,,,,,,,,NO,NO,pole | vault,0,"[""athletics"", ""athletics"", ""men"", ""adult"", ""medal"", [], [], [], [], [""pole"", ""vault""]]",fuente3
2983,Women's 400m Freestyle,,,,adult,medal,freestyle,,400:m,,,,,NO,NO,,0,"["""", """", """", ""adult"", ""medal"", [""freestyle""], [""400:m""], [], [], []]",
2984,Women's Kayak Four 500m Team,canoeing,canoe sprint,women,adult,medal,four | team,team,500:m,,,,four | team,NO,NO,kayak,0,"[""canoeing"", ""canoe sprint"", ""women"", ""adult"", ""medal"", [""four"", ""team""], [""500:m""], [], [], [""kayak""]]",fuente3
2985,Mixed Doubles Team,badminton,badminton,mixed,adult,medal,doubles | mixed | team,team,,,,,team,NO,NO,,0,"[""badminton"", ""badminton"", ""mixed"", ""adult"", ""medal"", [""doubles"", ""mixed"", ""team""], [], [], [], []]",fuente3
2986,Women's High Jump,athletics,athletics,women,adult,medal,,,,,,,,NO,NO,high | jump,0,"[""athletics"", ""athletics"", ""women"", ""adult"", ""medal"", [], [], [], [], [""high"", ""jump""]]",fuente3
2987,Women's Fly (48-51kg),,,,adult,medal,,,,,-51:kg | 48-51:kg,,,NO,NO,fly,0,"["""", """", """", ""adult"", ""medal"", [], [], [""-51:kg"", ""48-51:kg""], [], [""fly""]]",
2988,Women's Kayak,canoeing,canoe slalom,women,adult,medal,,,,,,,,NO,NO,kayak,0,"[""canoeing"", ""canoe slalom"", ""women"", ""adult"", ""medal"", [], [], [], [], [""kayak""]]",fuente3
2989,Men's Park,cycling,bmx freestyle,men,adult,medal,,,,,,,,NO,NO,park,0,"[""cycling"", ""bmx freestyle"", ""men"", ""adult"", ""medal"", [], [], [], [], [""park""]]",fuente3
2990,Women's Middle (69-75kg),,,,adult,medal,,,,,-75:kg | 69-75:kg,,,NO,NO,middle,0,"["""", """", """", ""adult"", ""medal"", [], [], [""-75:kg"", ""69-75:kg""], [], [""middle""]]",
2991,Men's Synchronised 3m Springboard Team,aquatics,diving,men,adult,medal,team,team,3:m,,,,team,NO,NO,springboard | synchronised,0,"[""aquatics"", ""diving"", ""men"", ""adult"", ""medal"", [""team""], [""3:m""], [], [], [""springboard"", ""synchronised""]]",fuente3
2992,Women's Combined,sport climbing,sport climbing,women,adult,medal,combined,,,,,,,NO,NO,,0,"[""sport climbing"", ""sport climbing"", ""women"", ""adult"", ""medal"", [""combined""], [], [], [], []]",fuente3
2993,Women's 55kg,,,,adult,medal,,,,,55:kg,,,NO,NO,,0,"["""", """", """", ""adult"", ""medal"", [], [], [""55:kg""], [], []]",
2994,Men's Combined,sport climbing,sport climbing,men,adult,medal,combined,,,,,,,NO,NO,,0,"[""sport climbing"", ""sport climbing"", ""men"", ""adult"", ""medal"", [""combined""], [], [], [], []]",fuente3
2995,Men's 4 x 400m Relay,athletics,athletics,men,adult,medal,relay,,400:m,,,,relay,NO,NO,4 | x,0,"[""athletics"", ""athletics"", ""men"", ""adult"", ""medal"", [""relay""], [""400:m""], [], [], [""4"", ""x""]]",fuente3
2996,Men's Omnium,cycling,cycling track,men,adult,medal,,,,,,,,NO,NO,omnium,0,"[""cycling"", ""cycling track"", ""men"", ""adult"", ""medal"", [], [], [], [], [""omnium""]]",fuente3
2997,Men's Freestyle 97kg,,,,adult,medal,freestyle,,,,97:kg,,,NO,NO,,0,"["""", """", """", ""adult"", ""medal"", [""freestyle""], [], [""97:kg""], [], []]",
2998,Women's Freestyle 50kg,,,,adult,medal,freestyle,,,,50:kg,,,NO,NO,,0,"["""", """", """", ""adult"", ""medal"", [""freestyle""], [], [""50:kg""], [], []]",
2999,Women's Triple Jump,athletics,athletics,women,adult,medal,,,,,,,,NO,NO,jump | triple,0,"[""athletics"", ""athletics"", ""women"", ""adult"", ""medal"", [], [], [], [], [""jump"", ""triple""]]",fuente3
3000,Men's 4 x 100m Relay,athletics,athletics,men,adult,medal,relay,,100:m,,,,relay,NO,NO,4 | x,0,"[""athletics"", ""athletics"", ""men"", ""adult"", ""medal"", [""relay""], [""100:m""], [], [], [""4"", ""x""]]",fuente3
3001,Women's 4 x 400m Relay,athletics,athletics,women,adult,medal,relay,,400:m,,,,relay,NO,NO,4 | x,0,"[""athletics"", ""athletics"", ""women"", ""adult"", ""medal"", [""relay""], [""400:m""], [], [], [""4"", ""x""]]",fuente3
3002,Marathon Race Walk Relay Mixed,,,,adult,medal,mixed | relay,,,,,,relay,NO,NO,marathon | race | walk,0,"["""", """", """", ""adult"", ""medal"", [""mixed"", ""relay""], [], [], [], [""marathon"", ""race"", ""walk""]]",
3003,Duet,,,,adult,medal,,,,,,,,NO,NO,duet,0,"["""", """", """", ""adult"", ""medal"", [], [], [], [], [""duet""]]",
3004,Men's +102kg,,,,adult,medal,,,,,+102:kg,,,NO,NO,,0,"["""", """", """", ""adult"", ""medal"", [], [], [""+102:kg""], [], []]",
3005,Men's Kayak Single,canoeing,canoe slalom,men,adult,medal,single,,,,,,single,NO,NO,kayak,0,"[""canoeing"", ""canoe slalom"", ""men"", ""adult"", ""medal"", [""single""], [], [], [], [""kayak""]]",fuente3
3006,Men's Kayak Cross,canoeing,canoe slalom,men,adult,medal,,,,,,,,NO,NO,cross | kayak,0,"[""canoeing"", ""canoe slalom"", ""men"", ""adult"", ""medal"", [], [], [], [], [""cross"", ""kayak""]]",fuente3
3007,Men's 63.5kg,,,,adult,medal,,,,,63.5:kg,,,NO,NO,,0,"["""", """", """", ""adult"", ""medal"", [], [], [""63.5:kg""], [], []]",
3008,Men's 71kg,,,,adult,medal,,,,,71:kg,,,NO,NO,,0,"["""", """", """", ""adult"", ""medal"", [], [], [""71:kg""], [], []]",
3009,Women's Dinghy,,,,adult,medal,,,,,,,,NO,NO,dinghy,0,"["""", """", """", ""adult"", ""medal"", [], [], [], [], [""dinghy""]]",
3010,Women's Windsurfing,,,,adult,medal,,,,,,,,NO,NO,windsurfing,0,"["""", """", """", ""adult"", ""medal"", [], [], [], [], [""windsurfing""]]",
3011,Lightweight Men's Double Sculls,rowing,rowing,men,adult,medal,double | lightweight,,,,,,double,NO,NO,sculls,0,"[""rowing"", ""rowing"", ""men"", ""adult"", ""medal"", [""double"", ""lightweight""], [], [], [], [""sculls""]]",fuente3
3012,Women,,,,adult,medal,,,,,,,,NO,NO,,0,"["""", """", """", ""adult"", ""medal"", [], [], [], [], []]",
3013,Men's Synchronised 10m Platform,aquatics,diving,men,adult,medal,,,10:m,,,,,NO,NO,platform | synchronised,0,"[""aquatics"", ""diving"", ""men"", ""adult"", ""medal"", [], [""10:m""], [], [], [""platform"", ""synchronised""]]",fuente3
3014,Women's Synchronised 10m Platform,aquatics,diving,women,adult,medal,,,10:m,,,,,NO,NO,platform | synchronised,0,"[""aquatics"", ""diving"", ""women"", ""adult"", ""medal"", [], [""10:m""], [], [], [""platform"", ""synchronised""]]",fuente3
3015,Men's Synchronised 3m Springboard,aquatics,diving,men,adult,medal,,,3:m,,,,,NO,NO,springboard | synchronised,0,"[""aquatics"", ""diving"", ""men"", ""adult"", ""medal"", [], [""3:m""], [], [], [""springboard"", ""synchronised""]]",fuente3
3016,Group All-Around,,,,adult,medal,,,,,,,,NO,NO,all | around | group,0,"["""", """", """", ""adult"", ""medal"", [], [], [], [], [""all"", ""around"", ""group""]]",
3017,Women's Kayak Single,canoeing,canoe slalom,women,adult,medal,single,,,,,,single,NO,NO,kayak,0,"[""canoeing"", ""canoe slalom"", ""women"", ""adult"", ""medal"", [""single""], [], [], [], [""kayak""]]",fuente3
3018,Women's Kayak Cross,canoeing,canoe slalom,women,adult,medal,,,,,,,,NO,NO,cross | kayak,0,"[""canoeing"", ""canoe slalom"", ""women"", ""adult"", ""medal"", [], [], [], [], [""cross"", ""kayak""]]",fuente3
3019,Women's Kayak Double 500m,canoeing,canoe sprint,women,adult,medal,double,,500:m,,,,double,NO,NO,kayak,0,"[""canoeing"", ""canoe sprint"", ""women"", ""adult"", ""medal"", [""double""], [""500:m""], [], [], [""kayak""]]",fuente3
3020,Women's 60kg,boxing,boxing,women,adult,medal,,,,,60:kg,,,NO,NO,,0,"[""boxing"", ""boxing"", ""women"", ""adult"", ""medal"", [], [], [""60:kg""], [], []]",fuente3
3021,Women's 57kg,,,,adult,medal,,,,,57:kg,,,NO,NO,,0,"["""", """", """", ""adult"", ""medal"", [], [], [""57:kg""], [], []]",
3022,Men's Kite,,,,adult,medal,,,,,,,,NO,NO,kite,0,"["""", """", """", ""adult"", ""medal"", [], [], [], [], [""kite""]]",
3023,Men,,,,adult,medal,,,,,,,,NO,NO,,0,"["""", """", """", ""adult"", ""medal"", [], [], [], [], []]",
3024,Men's Dinghy,,,,adult,medal,,,,,,,,NO,NO,dinghy,0,"["""", """", """", ""adult"", ""medal"", [], [], [], [], [""dinghy""]]",
3025,Women's 4 x 100m Medley Relay,aquatics,swimming,women,adult,medal,relay,,100:m,,,,relay,NO,NO,4 | medley | x,0,"[""aquatics"", ""swimming"", ""women"", ""adult"", ""medal"", [""relay""], [""100:m""], [], [], [""4"", ""medley"", ""x""]]",fuente3
3026,Men's Speed,,,,adult,medal,,,,,,,,NO,NO,speed,0,"["""", """", """", ""adult"", ""medal"", [], [], [], [], [""speed""]]",
3027,Mixed Doubles,badminton,badminton,mixed,adult,medal,doubles | mixed,,,,,,,NO,NO,,0,"[""badminton"", ""badminton"", ""mixed"", ""adult"", ""medal"", [""doubles"", ""mixed""], [], [], [], []]",fuente3
3028,Men's 89kg,,,,adult,medal,,,,,89:kg,,,NO,NO,,0,"["""", """", """", ""adult"", ""medal"", [], [], [""89:kg""], [], []]",
3029,Mixed Multihull,sailing,sailing,mixed,adult,medal,mixed,,,,,,,NO,NO,multihull,0,"[""sailing"", ""sailing"", ""mixed"", ""adult"", ""medal"", [""mixed""], [], [], [], [""multihull""]]",fuente3
3030,Men's Windsurfing,,,,adult,medal,,,,,,,,NO,NO,windsurfing,0,"["""", """", """", ""adult"", ""medal"", [], [], [], [], [""windsurfing""]]",
3031,Women's Kite,,,,adult,medal,,,,,,,,NO,NO,kite,0,"["""", """", """", ""adult"", ""medal"", [], [], [], [], [""kite""]]",
3032,Skeet Mixed Team,,,,adult,medal,mixed | team,team,,,,,team,NO,NO,skeet,0,"["""", """", """", ""adult"", ""medal"", [""mixed"", ""team""], [], [], [], [""skeet""]]",
3033,Women,,,,adult,medal,,,,,,,,NO,NO,,0,"["""", """", """", ""adult"", ""medal"", [], [], [], [], []]",
3034,Men,,,,adult,medal,,,,,,,,NO,NO,,0,"["""", """", """", ""adult"", ""medal"", [], [], [], [], []]",
3035,Lightweight Women's Double Sculls,rowing,rowing,women,adult,medal,double | lightweight,,,,,,double,NO,NO,sculls,0,"[""rowing"", ""rowing"", ""women"", ""adult"", ""medal"", [""double"", ""lightweight""], [], [], [], [""sculls""]]",fuente3
3036,Men,,,,adult,medal,,,,,,,,NO,NO,,0,"["""", """", """", ""adult"", ""medal"", [], [], [], [], []]",
3037,Men's Doubles,badminton,badminton,men,adult,medal,doubles,,,,,,,NO,NO,,0,"[""badminton"", ""badminton"", ""men"", ""adult"", ""medal"", [""doubles""], [], [], [], []]",fuente3
3038,Women's Doubles,badminton,badminton,women,adult,medal,doubles,,,,,,,NO,NO,,0,"[""badminton"", ""badminton"", ""women"", ""adult"", ""medal"", [""doubles""], [], [], [], []]",fuente3
3039,Men,,,,adult,medal,,,,,,,,NO,NO,,0,"["""", """", """", ""adult"", ""medal"", [], [], [], [], []]",
3040,Women's 66kg,,,,adult,medal,,,,,66:kg,,,NO,NO,,0,"["""", """", """", ""adult"", ""medal"", [], [], [""66:kg""], [], []]",
3041,Women's 4 x 100m Freestyle Relay,aquatics,swimming,women,adult,medal,freestyle | relay,,100:m,,,,relay,NO,NO,4 | x,0,"[""aquatics"", ""swimming"", ""women"", ""adult"", ""medal"", [""freestyle"", ""relay""], [""100:m""], [], [], [""4"", ""x""]]",fuente3
3042,Relay Only Athlete,,,,adult,medal,relay,,,,,,relay,NO,NO,athlete | only,0,"["""", """", """", ""adult"", ""medal"", [""relay""], [], [], [], [""athlete"", ""only""]]",
3043,Men's 4 x 100m Medley Relay,aquatics,swimming,men,adult,medal,relay,,100:m,,,,relay,NO,NO,4 | medley | x,0,"[""aquatics"", ""swimming"", ""men"", ""adult"", ""medal"", [""relay""], [""100:m""], [], [], [""4"", ""medley"", ""x""]]",fuente3
3044,Women's Team Pursuit,cycling,cycling track,women,adult,medal,pursuit | team,team,,,,,team,NO,NO,,0,"[""cycling"", ""cycling track"", ""women"", ""adult"", ""medal"", [""pursuit"", ""team""], [], [], [], []]",fuente3
3045,Women's Pair,rowing,rowing,women,adult,medal,pair,,,,,,pair,NO,NO,,0,"[""rowing"", ""rowing"", ""women"", ""adult"", ""medal"", [""pair""], [], [], [], []]",fuente3
3046,Women's Four,rowing,rowing,women,adult,medal,four,,,,,,four,NO,NO,,0,"[""rowing"", ""rowing"", ""women"", ""adult"", ""medal"", [""four""], [], [], [], []]",fuente3
3047,Men,,,,adult,medal,,,,,,,,NO,NO,,0,"["""", """", """", ""adult"", ""medal"", [], [], [], [], []]",
3048,Men's +92kg,,,,adult,medal,,,,,+92:kg,,,NO,NO,,0,"["""", """", """", ""adult"", ""medal"", [], [], [""+92:kg""], [], []]",
3049,Women's 50kg,,,,adult,medal,,,,,50:kg,,,NO,NO,,0,"["""", """", """", ""adult"", ""medal"", [], [], [""50:kg""], [], []]",
3050,Women's 54kg,,,,adult,medal,,,,,54:kg,,,NO,NO,,0,"["""", """", """", ""adult"", ""medal"", [], [], [""54:kg""], [], []]",
3051,Men's 57kg,,,,adult,medal,,,,,57:kg,,,NO,NO,,0,"["""", """", """", ""adult"", ""medal"", [], [], [""57:kg""], [], []]",
3052,Mixed Doubles,table tennis,table tennis,mixed,adult,medal,doubles | mixed,,,,,,,NO,NO,,0,"[""table tennis"", ""table tennis"", ""mixed"", ""adult"", ""medal"", [""doubles"", ""mixed""], [], [], [], []]",fuente3
3053,Men's Canoe Double 500m,,,,adult,medal,double,,500:m,,,,double,NO,NO,canoe,0,"["""", """", """", ""adult"", ""medal"", [""double""], [""500:m""], [], [], [""canoe""]]",
3054,Men's Doubles,tennis,tennis,men,adult,medal,doubles,,,,,,,NO,NO,,0,"[""tennis"", ""tennis"", ""men"", ""adult"", ""medal"", [""doubles""], [], [], [], []]",fuente3
3055,B-Boys,,,,adult,medal,,,,,,,,NO,NO,b | boys,0,"["""", """", """", ""adult"", ""medal"", [], [], [], [], [""b"", ""boys""]]",
3056,B-Girls,,,,adult,medal,,,,,,,,NO,NO,b | girls,0,"["""", """", """", ""adult"", ""medal"", [], [], [], [], [""b"", ""girls""]]",
3057,Women's 81kg,,,,adult,medal,,,,,81:kg,,,NO,NO,,0,"["""", """", """", ""adult"", ""medal"", [], [], [""81:kg""], [], []]",
3058,Women's 75kg,,,,adult,medal,,,,,75:kg,,,NO,NO,,0,"["""", """", """", ""adult"", ""medal"", [], [], [""75:kg""], [], []]",
3059,Women,,,,adult,medal,,,,,,,,NO,NO,,0,"["""", """", """", ""adult"", ""medal"", [], [], [], [], []]",
3060,Men's Skiff,sailing,sailing,men,adult,medal,,,,,,,,NO,NO,skiff,0,"[""sailing"", ""sailing"", ""men"", ""adult"", ""medal"", [], [], [], [], [""skiff""]]",fuente3
3061,Men's Double Sculls,rowing,rowing,men,adult,medal,double,,,,,,double,NO,NO,sculls,0,"[""rowing"", ""rowing"", ""men"", ""adult"", ""medal"", [""double""], [], [], [], [""sculls""]]",fuente3
3062,Men's Pair,rowing,rowing,men,adult,medal,pair,,,,,,pair,NO,NO,,0,"[""rowing"", ""rowing"", ""men"", ""adult"", ""medal"", [""pair""], [], [], [], []]",fuente3
3063,Women's Double Sculls,rowing,rowing,women,adult,medal,double,,,,,,double,NO,NO,sculls,0,"[""rowing"", ""rowing"", ""women"", ""adult"", ""medal"", [""double""], [], [], [], [""sculls""]]",fuente3
3064,Women's 71kg,,,,adult,medal,,,,,71:kg,,,NO,NO,,0,"["""", """", """", ""adult"", ""medal"", [], [], [""71:kg""], [], []]",
3065,Men's Boulder & Lead,,,,adult,medal,,,,,,,,NO,NO,boulder | lead,0,"["""", """", """", ""adult"", ""medal"", [], [], [], [], [""boulder"", ""lead""]]",
3066,Women's Boulder & Lead,,,,adult,medal,,,,,,,,NO,NO,boulder | lead,0,"["""", """", """", ""adult"", ""medal"", [], [], [], [], [""boulder"", ""lead""]]",
3067,Men's Canoe Single,canoeing,canoe slalom,men,adult,medal,single,,,,,,single,NO,NO,,0,"[""canoeing"", ""canoe slalom"", ""men"", ""adult"", ""medal"", [""single""], [], [], [], []]",fuente3
3068,Women,,,,adult,medal,,,,,,,,NO,NO,,0,"["""", """", """", ""adult"", ""medal"", [], [], [], [], []]",
3069,Men's Quadruple Sculls,rowing,rowing,men,adult,medal,,,,,,,,NO,NO,quadruple | sculls,0,"[""rowing"", ""rowing"", ""men"", ""adult"", ""medal"", [], [], [], [], [""quadruple"", ""sculls""]]",fuente3
3070,Men's Four,rowing,rowing,men,adult,medal,four,,,,,,four,NO,NO,,0,"[""rowing"", ""rowing"", ""men"", ""adult"", ""medal"", [""four""], [], [], [], []]",fuente3
3071,Men's Eight,rowing,rowing,men,adult,medal,eight,,,,,,eight,NO,NO,,0,"[""rowing"", ""rowing"", ""men"", ""adult"", ""medal"", [""eight""], [], [], [], []]",fuente3
3072,Women's Eight,rowing,rowing,women,adult,medal,eight,,,,,,eight,NO,NO,,0,"[""rowing"", ""rowing"", ""women"", ""adult"", ""medal"", [""eight""], [], [], [], []]",fuente3
3073,Men,,,,adult,medal,,,,,,,,NO,NO,,0,"["""", """", """", ""adult"", ""medal"", [], [], [], [], []]",
3074,Women,,,,adult,medal,,,,,,,,NO,NO,,0,"["""", """", """", ""adult"", ""medal"", [], [], [], [], []]",
3075,Women's Doubles,tennis,tennis,women,adult,medal,doubles,,,,,,,NO,NO,,0,"[""tennis"", ""tennis"", ""women"", ""adult"", ""medal"", [""doubles""], [], [], [], []]",fuente3
3076,Men's 51kg,,,,adult,medal,,,,,51:kg,,,NO,NO,,0,"["""", """", """", ""adult"", ""medal"", [], [], [""51:kg""], [], []]",
3077,Women's Canoe Double 500m,canoeing,canoe sprint,women,adult,medal,double,,500:m,,,,double,NO,NO,,0,"[""canoeing"", ""canoe sprint"", ""women"", ""adult"", ""medal"", [""double""], [""500:m""], [], [], []]",fuente3
3078,Women's Quadruple Sculls,rowing,rowing,women,adult,medal,,,,,,,,NO,NO,quadruple | sculls,0,"[""rowing"", ""rowing"", ""women"", ""adult"", ""medal"", [], [], [], [], [""quadruple"", ""sculls""]]",fuente3
3079,Women's Canoe Single,canoeing,canoe slalom,women,adult,medal,single,,,,,,single,NO,NO,,0,"[""canoeing"", ""canoe slalom"", ""women"", ""adult"", ""medal"", [""single""], [], [], [], []]",fuente3
3080,Women's Team Sprint,cycling,cycling track,women,adult,medal,sprint | team,team,,,,,team,NO,NO,,0,"[""cycling"", ""cycling track"", ""women"", ""adult"", ""medal"", [""sprint"", ""team""], [], [], [], []]",fuente3
3081,Women's Speed,,,,adult,medal,,,,,,,,NO,NO,speed,0,"["""", """", """", ""adult"", ""medal"", [], [], [], [], [""speed""]]",
3082,Women,,,,adult,medal,,,,,,,,NO,NO,,0,"["""", """", """", ""adult"", ""medal"", [], [], [], [], []]",
3083,Mixed Doubles,tennis,tennis,mixed,adult,medal,doubles | mixed,,,,,,,NO,NO,,0,"[""tennis"", ""tennis"", ""mixed"", ""adult"", ""medal"", [""doubles"", ""mixed""], [], [], [], []]",fuente3
3084,Men's 80kg,,,,adult,medal,,,,,80:kg,,,NO,NO,,0,"["""", """", """", ""adult"", ""medal"", [], [], [""80:kg""], [], []]",
3085,Men,,,,adult,medal,,,,,,,,NO,NO,,0,"["""", """", """", ""adult"", ""medal"", [], [], [], [], []]",
3086,Mixed Dinghy,,,,adult,medal,mixed,,,,,,,NO,NO,dinghy,0,"["""", """", """", ""adult"", ""medal"", [""mixed""], [], [], [], [""dinghy""]]",
3087,Women's Skiff,sailing,sailing,women,adult,medal,,,,,,,,NO,NO,skiff,0,"[""sailing"", ""sailing"", ""women"", ""adult"", ""medal"", [], [], [], [], [""skiff""]]",fuente3
3088,Men,,,,adult,medal,,,,,,,,NO,NO,,0,"["""", """", """", ""adult"", ""medal"", [], [], [], [], []]",
3089,Men,,,,adult,medal,,,,,,,,NO,NO,,0,"["""", """", """", ""adult"", ""medal"", [], [], [], [], []]",
3090,Men's Madison,cycling,cycling track,men,adult,medal,,,,,,,,NO,NO,madison,0,"[""cycling"", ""cycling track"", ""men"", ""adult"", ""medal"", [], [], [], [], [""madison""]]",fuente3
3091,Women's Kayak Four 500m,canoeing,canoe sprint,women,adult,medal,four,,500:m,,,,four,NO,NO,kayak,0,"[""canoeing"", ""canoe sprint"", ""women"", ""adult"", ""medal"", [""four""], [""500:m""], [], [], [""kayak""]]",fuente3
3092,Men's Kayak Four 500m,canoeing,canoe sprint,men,adult,medal,four,,500:m,,,,four,NO,NO,kayak,0,"[""canoeing"", ""canoe sprint"", ""men"", ""adult"", ""medal"", [""four""], [""500:m""], [], [], [""kayak""]]",fuente3
3093,Men,,,,adult,medal,,,,,,,,NO,NO,,0,"["""", """", """", ""adult"", ""medal"", [], [], [], [], []]",
3094,Men's Kayak Double 500m,,,,adult,medal,double,,500:m,,,,double,NO,NO,kayak,0,"["""", """", """", ""adult"", ""medal"", [""double""], [""500:m""], [], [], [""kayak""]]",
3095,Women,,,,adult,medal,,,,,,,,NO,NO,,0,"["""", """", """", ""adult"", ""medal"", [], [], [], [], []]",
3096,Men's 4 x 100m Freestyle Relay,aquatics,swimming,men,adult,medal,freestyle | relay,,100:m,,,,relay,NO,NO,4 | x,0,"[""aquatics"", ""swimming"", ""men"", ""adult"", ""medal"", [""freestyle"", ""relay""], [""100:m""], [], [], [""4"", ""x""]]",fuente3
3097,Mixed 4 x 100m Medley Relay,aquatics,swimming,mixed,adult,medal,mixed | relay,,100:m,,,,relay,NO,NO,4 | medley | x,0,"[""aquatics"", ""swimming"", ""mixed"", ""adult"", ""medal"", [""mixed"", ""relay""], [""100:m""], [], [], [""4"", ""medley"", ""x""]]",fuente3
3098,Women,,,,adult,medal,,,,,,,,NO,NO,,0,"["""", """", """", ""adult"", ""medal"", [], [], [], [], []]",
3099,Men's Team Pursuit,cycling,cycling track,men,adult,medal,pursuit | team,team,,,,,team,NO,NO,,0,"[""cycling"", ""cycling track"", ""men"", ""adult"", ""medal"", [""pursuit"", ""team""], [], [], [], []]",fuente3
3100,Women,,,,adult,medal,,,,,,,,NO,NO,,0,"["""", """", """", ""adult"", ""medal"", [], [], [], [], []]",
3101,Women's 4 x 200m Freestyle Relay,aquatics,swimming,women,adult,medal,freestyle | relay,,200:m,,,,relay,NO,NO,4 | x,0,"[""aquatics"", ""swimming"", ""women"", ""adult"", ""medal"", [""freestyle"", ""relay""], [""200:m""], [], [], [""4"", ""x""]]",fuente3
3102,Men's Team Sprint,cycling,cycling track,men,adult,medal,sprint | team,team,,,,,team,NO,NO,,0,"[""cycling"", ""cycling track"", ""men"", ""adult"", ""medal"", [""sprint"", ""team""], [], [], [], []]",fuente3
3103,Men's 4 x 200m Freestyle Relay,aquatics,swimming,men,adult,medal,freestyle | relay,,200:m,,,,relay,NO,NO,4 | x,0,"[""aquatics"", ""swimming"", ""men"", ""adult"", ""medal"", [""freestyle"", ""relay""], [""200:m""], [], [], [""4"", ""x""]]",fuente3
3104,Women's Synchronised 3m Springboard,aquatics,diving,women,adult,medal,,,3:m,,,,,NO,NO,springboard | synchronised,0,"[""aquatics"", ""diving"", ""women"", ""adult"", ""medal"", [], [""3:m""], [], [], [""springboard"", ""synchronised""]]",fuente3
3105,Women,,,,adult,medal,,,,,,,,NO,NO,,0,"["""", """", """", ""adult"", ""medal"", [], [], [], [], []]",
3106,Mixed Relay,triathlon,triathlon,mixed,adult,medal,mixed | relay,,,,,,relay,NO,NO,,0,"[""triathlon"", ""triathlon"", ""mixed"", ""adult"", ""medal"", [""mixed"", ""relay""], [], [], [], []]",fuente3
