componente_evento,miembros,nombres,tamano,deportes,disciplinas,generos,pares_evaluados,pares_safe,pares_conflict_review,pares_faltantes,coexistencia,clasificacion,id_evento_canonico_propuesto,nombre_canonico_propuesto,razon
EV00001,1;2091;2897,"Men's Singles | Singles, Men (Olympic) | Tennis Men's Singles",3,tennis,tennis,men,3,2,0,0,,SAFE_EVENT_COMPONENT,1,"Singles, Men (Olympic)","Todos los pares internos son SAFE_ALIAS; atributos de dominio homogéneos; canon elegido por información, calidad de fuente, cobertura y desempate por ID."
EV00002,2;1992;2898;3054,"Doubles, Men (Olympic) | Men's Doubles | Men's Doubles Team | Tennis Men's Doubles",4,tennis,tennis,men,6,3,0,0,,SAFE_EVENT_COMPONENT,2,"Doubles, Men (Olympic)","Todos los pares internos son SAFE_ALIAS; atributos de dominio homogéneos; canon elegido por información, calidad de fuente, cobertura y desempate por ID."
EV00003,3;1717;2409;2937;3083,"Doubles, Mixed (Olympic) | Doubles, Mixed Youth (YOG) | Mixed Doubles | Mixed Doubles Team | Tennis Mixed Doubles",5,tennis,tennis,mixed,10,4,0,0,,SAFE_EVENT_COMPONENT,1717,"Doubles, Mixed Youth (YOG)","Todos los pares internos son SAFE_ALIAS; atributos de dominio homogéneos; canon elegido por información, calidad de fuente, cobertura y desempate por ID."
EV00004,4;2745,"Men's Singles | Singles, Men (Olympic)",2,table tennis,table tennis,men,1,1,0,0,,SAFE_EVENT_COMPONENT,4,"Singles, Men (Olympic)","Todos los pares internos son SAFE_ALIAS; atributos de dominio homogéneos; canon elegido por información, calidad de fuente, cobertura y desempate por ID."
EV00005,6;19,"Singles, Handicap, Men (Olympic (non-medal)) | Singles, Men (Olympic (non-medal))",2,tennis,tennis,men,1,1,0,0,,SAFE_EVENT_COMPONENT,6,"Singles, Handicap, Men (Olympic (non-medal))","Todos los pares internos son SAFE_ALIAS; atributos de dominio homogéneos; canon elegido por información, calidad de fuente, cobertura y desempate por ID."
EV00006,7;38,"Doubles, Handicap, Men (Olympic (non-medal)) | Doubles, Men (Olympic (non-medal))",2,tennis,tennis,men,1,1,0,0,,SAFE_EVENT_COMPONENT,7,"Doubles, Handicap, Men (Olympic (non-medal))","Todos los pares internos son SAFE_ALIAS; atributos de dominio homogéneos; canon elegido por información, calidad de fuente, cobertura y desempate por ID."
EV00007,8;1956;2428;2955,"Fencing Men's epee, Individual | Fencing Men's epee, Masters, Individual | Men's Épée Individual | Épée, Individual, Men (Olympic)",4,fencing,fencing,men,6,3,1,0,"fuente2:[('1900', 'Summer'), ('1906', 'Summer')] | fuente3:[('1900', 'Summer'), ('1906', 'Summer')]",REVIEW_EVENT_COMPONENT,2428,"Fencing Men's epee, Masters, Individual",contiene CONFLICT_ALIAS/REVIEW_ALIAS interno; coexistencia en misma fuente/edición
EV00008,24;1915;2725,"Badminton Men's Singles | Men's Singles | Singles, Men (Olympic)",3,badminton,badminton,men,3,2,0,0,,SAFE_EVENT_COMPONENT,1915,Badminton Men's Singles,"Todos los pares internos son SAFE_ALIAS; atributos de dominio homogéneos; canon elegido por información, calidad de fuente, cobertura y desempate por ID."
EV00009,26;2408;2830,"Singles, Women (Olympic) | Tennis Women's Singles | Women's Singles",3,tennis,tennis,women,3,2,0,0,,SAFE_EVENT_COMPONENT,26,"Singles, Women (Olympic)","Todos los pares internos son SAFE_ALIAS; atributos de dominio homogéneos; canon elegido por información, calidad de fuente, cobertura y desempate por ID."
EV00010,27;2410;2908;3075,"Doubles, Women (Olympic) | Tennis Women's Doubles | Women's Doubles | Women's Doubles Team",4,tennis,tennis,women,6,3,0,0,,SAFE_EVENT_COMPONENT,27,"Doubles, Women (Olympic)","Todos los pares internos son SAFE_ALIAS; atributos de dominio homogéneos; canon elegido por información, calidad de fuente, cobertura y desempate por ID."
EV00011,28;2363;2981;3038,"Badminton Women's Doubles | Doubles, Women (Olympic) | Women's Doubles | Women's Doubles Team",4,badminton,badminton,women,6,3,0,0,,SAFE_EVENT_COMPONENT,2363,Badminton Women's Doubles,"Todos los pares internos son SAFE_ALIAS; atributos de dominio homogéneos; canon elegido por información, calidad de fuente, cobertura y desempate por ID."
EV00012,29;100;1713;2241;2985;3027,"Badminton Mixed Doubles | Doubles, Mixed (Olympic (non-medal)) | Doubles, Mixed (Olympic) | Doubles, Mixed Youth (YOG) | Mixed Doubles | Mixed Doubles Team",6,badminton,badminton,mixed,15,5,0,0,,SAFE_EVENT_COMPONENT,100,"Doubles, Mixed (Olympic (non-medal))","Todos los pares internos son SAFE_ALIAS; atributos de dominio homogéneos; canon elegido por información, calidad de fuente, cobertura y desempate por ID."
EV00013,30;36,"Singles, Handicap, Women (Olympic (non-medal)) | Singles, Women (Olympic (non-medal))",2,tennis,tennis,women,1,1,0,0,,SAFE_EVENT_COMPONENT,30,"Singles, Handicap, Women (Olympic (non-medal))","Todos los pares internos son SAFE_ALIAS; atributos de dominio homogéneos; canon elegido por información, calidad de fuente, cobertura y desempate por ID."
EV00014,31;2952,"Singles, Women (Olympic) | Women's Singles",2,table tennis,table tennis,women,1,1,0,0,,SAFE_EVENT_COMPONENT,31,"Singles, Women (Olympic)","Todos los pares internos son SAFE_ALIAS; atributos de dominio homogéneos; canon elegido por información, calidad de fuente, cobertura y desempate por ID."
EV00015,33;2089;2707,"Badminton Women's Singles | Singles, Women (Olympic) | Women's Singles",3,badminton,badminton,women,3,2,0,0,,SAFE_EVENT_COMPONENT,2089,Badminton Women's Singles,"Todos los pares internos son SAFE_ALIAS; atributos de dominio homogéneos; canon elegido por información, calidad de fuente, cobertura y desempate por ID."
EV00016,34;2321;2796;3037,"Badminton Men's Doubles | Doubles, Men (Olympic) | Men's Doubles | Men's Doubles Team",4,badminton,badminton,men,6,3,0,0,,SAFE_EVENT_COMPONENT,2321,Badminton Men's Doubles,"Todos los pares internos son SAFE_ALIAS; atributos de dominio homogéneos; canon elegido por información, calidad de fuente, cobertura y desempate por ID."
EV00017,37;2693,"Team, Women (Olympic) | Women's Team",2,table tennis,table tennis,women,1,1,0,0,,SAFE_EVENT_COMPONENT,37,"Team, Women (Olympic)","Todos los pares internos son SAFE_ALIAS; atributos de dominio homogéneos; canon elegido por información, calidad de fuente, cobertura y desempate por ID."
EV00018,39;2019,"Hockey Men's Hockey | Hockey, Men (Olympic)",2,hockey,hockey,men,1,1,0,0,,SAFE_EVENT_COMPONENT,39,"Hockey, Men (Olympic)","Todos los pares internos son SAFE_ALIAS; atributos de dominio homogéneos; canon elegido por información, calidad de fuente, cobertura y desempate por ID."
EV00019,46;542,"110 metres Hurdles, Men (Intercalated) | 110 metres Hurdles, Men (Olympic)",2,athletics,athletics,men,1,1,0,0,,SAFE_EVENT_COMPONENT,542,"110 metres Hurdles, Men (Intercalated)","Todos los pares internos son SAFE_ALIAS; atributos de dominio homogéneos; canon elegido por información, calidad de fuente, cobertura y desempate por ID."
EV00020,47;1947;2810,"Athletics Men's High Jump | High Jump, Men (Olympic) | Men's High Jump",3,athletics,athletics,men,3,2,0,0,,SAFE_EVENT_COMPONENT,1947,Athletics Men's High Jump,"Todos los pares internos son SAFE_ALIAS; atributos de dominio homogéneos; canon elegido por información, calidad de fuente, cobertura y desempate por ID."
EV00021,48;1946;2982,"Athletics Men's Pole Vault | Men's Pole Vault | Pole Vault, Men (Olympic)",3,athletics,athletics,men,3,2,0,0,,SAFE_EVENT_COMPONENT,1946,Athletics Men's Pole Vault,"Todos los pares internos son SAFE_ALIAS; atributos de dominio homogéneos; canon elegido por información, calidad de fuente, cobertura y desempate por ID."
EV00022,49;1967;2979,"Athletics Men's Long Jump | Long Jump, Men (Olympic) | Men's Long Jump",3,athletics,athletics,men,3,2,0,0,,SAFE_EVENT_COMPONENT,1967,Athletics Men's Long Jump,"Todos los pares internos son SAFE_ALIAS; atributos de dominio homogéneos; canon elegido por información, calidad de fuente, cobertura y desempate por ID."
EV00023,50;2080;2783,"Athletics Men's Triple Jump | Men's Triple Jump | Triple Jump, Men (Olympic)",3,athletics,athletics,men,3,2,0,0,,SAFE_EVENT_COMPONENT,2080,Athletics Men's Triple Jump,"Todos los pares internos son SAFE_ALIAS; atributos de dominio homogéneos; canon elegido por información, calidad de fuente, cobertura y desempate por ID."
EV00024,54;2909,"Men's Team | Team, Men (Olympic)",2,table tennis,table tennis,men,1,1,0,0,,SAFE_EVENT_COMPONENT,54,"Team, Men (Olympic)","Todos los pares internos son SAFE_ALIAS; atributos de dominio homogéneos; canon elegido por información, calidad de fuente, cobertura y desempate por ID."
EV00025,68;2967,"Individual, Men (Olympic) | Men's Individual",2,modern pentathlon,modern pentathlon,men,1,1,0,0,,SAFE_EVENT_COMPONENT,68,"Individual, Men (Olympic)","Todos los pares internos son SAFE_ALIAS; atributos de dominio homogéneos; canon elegido por información, calidad de fuente, cobertura y desempate por ID."
EV00026,70;2162;2713,"Archery Men's Individual | Individual, Men (Olympic) | Men's Individual",3,archery,archery,men,3,2,0,0,,SAFE_EVENT_COMPONENT,2162,Archery Men's Individual,"Todos los pares internos son SAFE_ALIAS; atributos de dominio homogéneos; canon elegido por información, calidad de fuente, cobertura y desempate por ID."
EV00027,71;2034;2752,"Archery Women's Individual | Individual, Women (Olympic) | Women's Individual",3,archery,archery,women,3,2,0,0,,SAFE_EVENT_COMPONENT,2034,Archery Women's Individual,"Todos los pares internos son SAFE_ALIAS; atributos de dominio homogéneos; canon elegido por información, calidad de fuente, cobertura y desempate por ID."
EV00028,72;118;2230;2656;2865,"Archery Women's Team | Archery Women's Team Round | Team Round, Women (Olympic) | Team, Women (Olympic) | Women's Team",5,archery,archery,women,10,4,0,0,,SAFE_EVENT_COMPONENT,2656,Archery Women's Team Round,"Todos los pares internos son SAFE_ALIAS; atributos de dominio homogéneos; canon elegido por información, calidad de fuente, cobertura y desempate por ID."
EV00029,73;2714,"Men's Team | Team, Men (Olympic)",2,archery,archery,men,1,1,0,0,,SAFE_EVENT_COMPONENT,73,"Team, Men (Olympic)","Todos los pares internos son SAFE_ALIAS; atributos de dominio homogéneos; canon elegido por información, calidad de fuente, cobertura y desempate por ID."
EV00030,74;2389,"Archery Men's Target Archery, 28 metres, Team | Target Archery, 28 metres, Team, Men (Olympic)",2,archery,archery,men,1,1,0,0,,SAFE_EVENT_COMPONENT,2389,"Archery Men's Target Archery, 28 metres, Team","Todos los pares internos son SAFE_ALIAS; atributos de dominio homogéneos; canon elegido por información, calidad de fuente, cobertura y desempate por ID."
EV00031,75;2390,"Archery Men's Target Archery, 33 metres, Team | Target Archery, 33 metres, Team, Men (Olympic)",2,archery,archery,men,1,1,0,0,,SAFE_EVENT_COMPONENT,2390,"Archery Men's Target Archery, 33 metres, Team","Todos los pares internos son SAFE_ALIAS; atributos de dominio homogéneos; canon elegido por información, calidad de fuente, cobertura y desempate por ID."
EV00032,76;2391,"Archery Men's Target Archery, 50 metres, Team | Target Archery, 50 metres, Team, Men (Olympic)",2,archery,archery,men,1,1,0,0,,SAFE_EVENT_COMPONENT,2391,"Archery Men's Target Archery, 50 metres, Team","Todos los pares internos son SAFE_ALIAS; atributos de dominio homogéneos; canon elegido por información, calidad de fuente, cobertura y desempate por ID."
EV00033,77;2618,"Archery Men's Pole Archery, Small Birds, Individual | Pole Archery, Small Birds, Individual, Men (Olympic)",2,archery,archery,men,1,1,0,0,,SAFE_EVENT_COMPONENT,2618,"Archery Men's Pole Archery, Small Birds, Individual","Todos los pares internos son SAFE_ALIAS; atributos de dominio homogéneos; canon elegido por información, calidad de fuente, cobertura y desempate por ID."
EV00034,78;2619,"Archery Men's Pole Archery, Large Birds, Individual | Pole Archery, Large Birds, Individual, Men (Olympic)",2,archery,archery,men,1,1,0,0,,SAFE_EVENT_COMPONENT,2619,"Archery Men's Pole Archery, Large Birds, Individual","Todos los pares internos son SAFE_ALIAS; atributos de dominio homogéneos; canon elegido por información, calidad de fuente, cobertura y desempate por ID."
EV00035,79;2620,"Archery Men's Pole Archery, Small Birds, Team | Pole Archery, Small Birds, Team, Men (Olympic)",2,archery,archery,men,1,1,0,0,,SAFE_EVENT_COMPONENT,2620,"Archery Men's Pole Archery, Small Birds, Team","Todos los pares internos son SAFE_ALIAS; atributos de dominio homogéneos; canon elegido por información, calidad de fuente, cobertura y desempate por ID."
EV00036,80;2621,"Archery Men's Pole Archery, Large Birds, Team | Pole Archery, Large Birds, Team, Men (Olympic)",2,archery,archery,men,1,1,0,0,,SAFE_EVENT_COMPONENT,2621,"Archery Men's Pole Archery, Large Birds, Team","Todos los pares internos son SAFE_ALIAS; atributos de dominio homogéneos; canon elegido por información, calidad de fuente, cobertura y desempate por ID."
EV00037,87;2663,"Archery Men's Target Archery, 28 metres, Individual | Target Archery, 28 metres, Individual, Men (Olympic)",2,archery,archery,men,1,1,0,0,,SAFE_EVENT_COMPONENT,2663,"Archery Men's Target Archery, 28 metres, Individual","Todos los pares internos son SAFE_ALIAS; atributos de dominio homogéneos; canon elegido por información, calidad de fuente, cobertura y desempate por ID."
EV00038,88;2595,"Archery Men's Target Archery, 33 metres, Individual | Target Archery, 33 metres, Individual, Men (Olympic)",2,archery,archery,men,1,1,0,0,,SAFE_EVENT_COMPONENT,2595,"Archery Men's Target Archery, 33 metres, Individual","Todos los pares internos son SAFE_ALIAS; atributos de dominio homogéneos; canon elegido por información, calidad de fuente, cobertura y desempate por ID."
EV00039,89;2596,"Archery Men's Target Archery, 50 metres, Individual | Target Archery, 50 metres, Individual, Men (Olympic)",2,archery,archery,men,1,1,0,0,,SAFE_EVENT_COMPONENT,2596,"Archery Men's Target Archery, 50 metres, Individual","Todos los pares internos son SAFE_ALIAS; atributos de dominio homogéneos; canon elegido por información, calidad de fuente, cobertura y desempate por ID."
EV00040,96;2041;2700,"Athletics Men's Marathon | Marathon, Men (Olympic) | Men's Marathon",3,athletics,athletics,men,3,2,0,0,,SAFE_EVENT_COMPONENT,2041,Athletics Men's Marathon,"Todos los pares internos son SAFE_ALIAS; atributos de dominio homogéneos; canon elegido por información, calidad de fuente, cobertura y desempate por ID."
EV00041,114;115,"Baseball, Men (Olympic (non-medal)) | Baseball, Men (Olympic)",2,baseball softball,baseball,men,1,1,0,0,,SAFE_EVENT_COMPONENT,115,"Baseball, Men (Olympic (non-medal))","Todos los pares internos son SAFE_ALIAS; atributos de dominio homogéneos; canon elegido por información, calidad de fuente, cobertura y desempate por ID."
EV00042,116;2753,"Mixed Team | Team, Mixed (Olympic)",2,archery,archery,mixed,1,1,0,0,,SAFE_EVENT_COMPONENT,116,"Team, Mixed (Olympic)","Todos los pares internos son SAFE_ALIAS; atributos de dominio homogéneos; canon elegido por información, calidad de fuente, cobertura y desempate por ID."
EV00043,132;140,"Individual, Handicap, Men (Olympic (non-medal)) | Individual, Men (Olympic (non-medal))",2,golf,golf,men,1,1,0,0,,SAFE_EVENT_COMPONENT,140,"Individual, Handicap, Men (Olympic (non-medal))","Todos los pares internos son SAFE_ALIAS; atributos de dominio homogéneos; canon elegido por información, calidad de fuente, cobertura y desempate por ID."
EV00044,138;144,"Singles, Handicap, Men (Olympic (non-medal)) | Singles, Men (Olympic (non-medal))",2,golf,golf,men,1,1,0,0,,SAFE_EVENT_COMPONENT,144,"Singles, Handicap, Men (Olympic (non-medal))","Todos los pares internos son SAFE_ALIAS; atributos de dominio homogéneos; canon elegido por información, calidad de fuente, cobertura y desempate por ID."
EV00045,139;143,"Doubles, Handicap, Men (Olympic (non-medal)) | Doubles, Men (Olympic (non-medal))",2,golf,golf,men,1,1,0,0,,SAFE_EVENT_COMPONENT,143,"Doubles, Handicap, Men (Olympic (non-medal))","Todos los pares internos son SAFE_ALIAS; atributos de dominio homogéneos; canon elegido por información, calidad de fuente, cobertura y desempate por ID."
EV00046,150;1900,"Basketball Men's Basketball | Basketball, Men (Olympic)",2,basketball,basketball,men,1,1,0,0,,SAFE_EVENT_COMPONENT,1900,Basketball Men's Basketball,"Todos los pares internos son SAFE_ALIAS; atributos de dominio homogéneos; canon elegido por información, calidad de fuente, cobertura y desempate por ID."
EV00047,151;317,"Road Race, Individual, Men (Intercalated) | Road Race, Individual, Men (Olympic)",2,cycling,cycling road,men,1,1,0,0,,SAFE_EVENT_COMPONENT,317,"Road Race, Individual, Men (Intercalated)","Todos los pares internos son SAFE_ALIAS; atributos de dominio homogéneos; canon elegido por información, calidad de fuente, cobertura y desempate por ID."
EV00048,152;1982,"Basketball Women's Basketball | Basketball, Women (Olympic)",2,basketball,basketball,women,1,1,0,0,,SAFE_EVENT_COMPONENT,1982,Basketball Women's Basketball,"Todos los pares internos son SAFE_ALIAS; atributos de dominio homogéneos; canon elegido por información, calidad de fuente, cobertura y desempate por ID."
EV00049,153;2370;2999,"Athletics Women's Triple Jump | Triple Jump, Women (Olympic) | Women's Triple Jump",3,athletics,athletics,women,3,2,0,0,,SAFE_EVENT_COMPONENT,2370,Athletics Women's Triple Jump,"Todos los pares internos son SAFE_ALIAS; atributos de dominio homogéneos; canon elegido por información, calidad de fuente, cobertura y desempate por ID."
EV00050,154;1935,"Handball Women's Handball | Handball, Women (Olympic)",2,handball,handball,women,1,1,0,0,,SAFE_EVENT_COMPONENT,1935,Handball Women's Handball,"Todos los pares internos son SAFE_ALIAS; atributos de dominio homogéneos; canon elegido por información, calidad de fuente, cobertura y desempate por ID."
EV00051,157;2123;2959,"Athletics Men's Decathlon | Decathlon, Men (Olympic) | Men's Decathlon",3,athletics,athletics,men,3,2,0,0,,SAFE_EVENT_COMPONENT,2123,Athletics Men's Decathlon,"Todos los pares internos son SAFE_ALIAS; atributos de dominio homogéneos; canon elegido por información, calidad de fuente, cobertura y desempate por ID."
EV00052,158;240,"Four, Men (Olympic) | Four/Five, Men (Olympic)",2,bobsleigh,bobsleigh,men,1,1,0,0,,SAFE_EVENT_COMPONENT,240,"Four/Five, Men (Olympic)","Todos los pares internos son SAFE_ALIAS; atributos de dominio homogéneos; canon elegido por información, calidad de fuente, cobertura y desempate por ID."
EV00053,198;2021;2739,"Rowing Women's Single Sculls | Single Sculls, Women (Olympic) | Women's Single Sculls",3,rowing,rowing,women,3,2,0,0,,SAFE_EVENT_COMPONENT,198,"Single Sculls, Women (Olympic)","Todos los pares internos son SAFE_ALIAS; atributos de dominio homogéneos; canon elegido por información, calidad de fuente, cobertura y desempate por ID."
EV00054,201;287,"100 kilometres Team Time Trial, Men (Olympic) | 100 kilometres, Men (Olympic)",2,cycling,cycling road,men,1,1,0,0,,SAFE_EVENT_COMPONENT,201,"100 kilometres Team Time Trial, Men (Olympic)","Todos los pares internos son SAFE_ALIAS; atributos de dominio homogéneos; canon elegido por información, calidad de fuente, cobertura y desempate por ID."
EV00055,202;2396,"Polo Men's Polo | Polo, Men (Olympic)",2,polo,polo,men,1,1,0,0,,SAFE_EVENT_COMPONENT,202,"Polo, Men (Olympic)","Todos los pares internos son SAFE_ALIAS; atributos de dominio homogéneos; canon elegido por información, calidad de fuente, cobertura y desempate por ID."
EV00056,203;2332,"Rugby Men's Rugby | Rugby, Men (Olympic)",2,rugby,rugby,men,1,1,0,0,,SAFE_EVENT_COMPONENT,203,"Rugby, Men (Olympic)","Todos los pares internos son SAFE_ALIAS; atributos de dominio homogéneos; canon elegido por información, calidad de fuente, cobertura y desempate por ID."
EV00057,212;405;2379,"Lacrosse Men's Lacrosse | Lacrosse, Men (Olympic (non-medal)) | Lacrosse, Men (Olympic)",3,lacrosse,lacrosse,men,3,2,0,0,,SAFE_EVENT_COMPONENT,405,"Lacrosse, Men (Olympic (non-medal))","Todos los pares internos son SAFE_ALIAS; atributos de dominio homogéneos; canon elegido por información, calidad de fuente, cobertura y desempate por ID."
EV00058,228;2005;2722,"Fencing Men's Sabre, Team | Men's Sabre Team | Sabre, Team, Men (Olympic)",3,fencing,fencing,men,3,2,0,0,,SAFE_EVENT_COMPONENT,2005,"Fencing Men's Sabre, Team","Todos los pares internos son SAFE_ALIAS; atributos de dominio homogéneos; canon elegido por información, calidad de fuente, cobertura y desempate por ID."
EV00059,230;414,"Individual, Men (Olympic) | Sabre, Individual, Three Hits, Men (Olympic)",2,fencing,fencing,men,1,1,0,0,,SAFE_EVENT_COMPONENT,414,"Sabre, Individual, Three Hits, Men (Olympic)","Todos los pares internos son SAFE_ALIAS; atributos de dominio homogéneos; canon elegido por información, calidad de fuente, cobertura y desempate por ID."
EV00060,241;2052;2378;2721,"Fencing Men's Sabre, Individual | Fencing Men's Sabre, Masters, Individual | Men's Sabre Individual | Sabre, Individual, Men (Olympic)",4,fencing,fencing,men,6,3,1,0,"fuente2:[('1900', 'Summer'), ('1906', 'Summer')] | fuente3:[('1900', 'Summer'), ('1906', 'Summer')]",REVIEW_EVENT_COMPONENT,2378,"Fencing Men's Sabre, Masters, Individual",contiene CONFLICT_ALIAS/REVIEW_ALIAS interno; coexistencia en misma fuente/edición
EV00061,244;2101;2940,"Cycling Men's Sprint | Men's Sprint | Sprint, Men (Olympic)",3,cycling,cycling track,men,3,2,0,0,,SAFE_EVENT_COMPONENT,2101,Cycling Men's Sprint,"Todos los pares internos son SAFE_ALIAS; atributos de dominio homogéneos; canon elegido por información, calidad de fuente, cobertura y desempate por ID."
EV00062,252;2961,"Cross-Country, Women (Olympic) | Women's Cross-country",2,cycling,mountain bike,women,1,1,0,0,,SAFE_EVENT_COMPONENT,252,"Cross-Country, Women (Olympic)","Todos los pares internos son SAFE_ALIAS; atributos de dominio homogéneos; canon elegido por información, calidad de fuente, cobertura y desempate por ID."
EV00063,255;2473;2666,"Cycling Women's Individual Time Trial | Individual Time Trial, Women (Olympic) | Women's Individual Time Trial",3,cycling,cycling road,women,3,2,0,0,,SAFE_EVENT_COMPONENT,2473,Cycling Women's Individual Time Trial,"Todos los pares internos son SAFE_ALIAS; atributos de dominio homogéneos; canon elegido por información, calidad de fuente, cobertura y desempate por ID."
EV00064,259;1998;2893,"Cycling Women's Sprint | Sprint, Women (Olympic) | Women's Sprint",3,cycling,cycling track,women,3,2,0,0,,SAFE_EVENT_COMPONENT,1998,Cycling Women's Sprint,"Todos los pares internos son SAFE_ALIAS; atributos de dominio homogéneos; canon elegido por información, calidad de fuente, cobertura y desempate por ID."
EV00065,262;1083,"3,000 metres Steeplechase, Women (Olympic) | 3,000 metres, Women (Olympic)",2,athletics,athletics,women,1,1,0,0,,SAFE_EVENT_COMPONENT,1083,"3,000 metres Steeplechase, Women (Olympic)","Todos los pares internos son SAFE_ALIAS; atributos de dominio homogéneos; canon elegido por información, calidad de fuente, cobertura y desempate por ID."
EV00066,266;2538;2894,"Cycling Women's Keirin | Keirin, Women (Olympic) | Women's Keirin",3,cycling,cycling track,women,3,2,0,0,,SAFE_EVENT_COMPONENT,2538,Cycling Women's Keirin,"Todos los pares internos son SAFE_ALIAS; atributos de dominio homogéneos; canon elegido por información, calidad de fuente, cobertura y desempate por ID."
EV00067,267;2603;2903;3080,"Cycling Women's Team Sprint | Team Sprint, Women (Olympic) | Women's Team Sprint | Women's Team Sprint Team",4,cycling,cycling track,women,6,3,2,0,,REVIEW_EVENT_COMPONENT,2603,Cycling Women's Team Sprint,contiene CONFLICT_ALIAS/REVIEW_ALIAS interno
EV00068,272;2330;2977;3090,"Cycling Men's Madison | Madison, Men (Olympic) | Men's Madison | Men's Madison Team",4,cycling,cycling track,men,6,3,0,0,,SAFE_EVENT_COMPONENT,2330,Cycling Men's Madison,"Todos los pares internos son SAFE_ALIAS; atributos de dominio homogéneos; canon elegido por información, calidad de fuente, cobertura y desempate por ID."
EV00069,275;325,"Tandem Sprint, 2,000 metres, Men (Intercalated) | Tandem Sprint, 2,000 metres, Men (Olympic)",2,cycling,cycling track,men,1,1,0,0,,SAFE_EVENT_COMPONENT,325,"Tandem Sprint, 2,000 metres, Men (Intercalated)","Todos los pares internos son SAFE_ALIAS; atributos de dominio homogéneos; canon elegido por información, calidad de fuente, cobertura y desempate por ID."
EV00070,279;2336;2851,"Cycling Men's Individual Time Trial | Individual Time Trial, Men (Olympic) | Men's Individual Time Trial",3,cycling,cycling road,men,3,2,0,0,,SAFE_EVENT_COMPONENT,2336,Cycling Men's Individual Time Trial,"Todos los pares internos son SAFE_ALIAS; atributos de dominio homogéneos; canon elegido por información, calidad de fuente, cobertura y desempate por ID."
EV00071,285;2938,"Cross-Country, Men (Olympic) | Men's Cross-country",2,cycling,mountain bike,men,1,1,0,0,,SAFE_EVENT_COMPONENT,285,"Cross-Country, Men (Olympic)","Todos los pares internos son SAFE_ALIAS; atributos de dominio homogéneos; canon elegido por información, calidad de fuente, cobertura y desempate por ID."
EV00072,286;319,"333⅓ metres Time Trial, Men (Intercalated) | 333⅓ metres Time Trial, Men (Olympic)",2,cycling,cycling road,men,1,1,0,0,,SAFE_EVENT_COMPONENT,319,"333⅓ metres Time Trial, Men (Intercalated)","Todos los pares internos son SAFE_ALIAS; atributos de dominio homogéneos; canon elegido por información, calidad de fuente, cobertura y desempate por ID."
EV00073,288;2485;2980;3102,"Cycling Men's Team Sprint | Men's Team Sprint | Men's Team Sprint Team | Team Sprint, Men (Olympic)",4,cycling,cycling track,men,6,3,2,0,,REVIEW_EVENT_COMPONENT,2485,Cycling Men's Team Sprint,contiene CONFLICT_ALIAS/REVIEW_ALIAS interno
EV00074,293;320,"Tandem Sprint, 2,000 metres, Men (Intercalated) | Tandem Sprint, 2,000 metres, Men (Olympic)",2,cycling,cycling road,men,1,1,0,0,,SAFE_EVENT_COMPONENT,320,"Tandem Sprint, 2,000 metres, Men (Intercalated)","Todos los pares internos son SAFE_ALIAS; atributos de dominio homogéneos; canon elegido por información, calidad de fuente, cobertura y desempate por ID."
EV00075,299;2484;2941,"Cycling Men's Keirin | Keirin, Men (Olympic) | Men's Keirin",3,cycling,cycling track,men,3,2,0,0,,SAFE_EVENT_COMPONENT,2484,Cycling Men's Keirin,"Todos los pares internos son SAFE_ALIAS; atributos de dominio homogéneos; canon elegido por información, calidad de fuente, cobertura y desempate por ID."
EV00076,301;2477;2996,"Cycling Men's Omnium | Men's Omnium | Omnium, Men (Olympic)",3,cycling,cycling track,men,3,2,0,0,,SAFE_EVENT_COMPONENT,2477,Cycling Men's Omnium,"Todos los pares internos son SAFE_ALIAS; atributos de dominio homogéneos; canon elegido por información, calidad de fuente, cobertura y desempate por ID."
EV00077,303;1902,"Football Men's Football | Football, Men (Olympic)",2,football,football,men,1,1,0,0,,SAFE_EVENT_COMPONENT,1902,Football Men's Football,"Todos los pares internos son SAFE_ALIAS; atributos de dominio homogéneos; canon elegido por información, calidad de fuente, cobertura y desempate por ID."
EV00078,306;634;2277;2820,"Men's Single Sculls | Rowing Men's Single Sculls | Single Sculls, Men (Intercalated) | Single Sculls, Men (Olympic)",4,rowing,rowing,men,6,3,0,0,,SAFE_EVENT_COMPONENT,306,"Single Sculls, Men (Intercalated)","Todos los pares internos son SAFE_ALIAS; atributos de dominio homogéneos; canon elegido por información, calidad de fuente, cobertura y desempate por ID."
EV00079,338;1944,"Hockey Women's Hockey | Hockey, Women (Olympic)",2,hockey,hockey,women,1,1,0,0,,SAFE_EVENT_COMPONENT,338,"Hockey, Women (Olympic)","Todos los pares internos son SAFE_ALIAS; atributos de dominio homogéneos; canon elegido por información, calidad de fuente, cobertura y desempate por ID."
EV00080,344;2449,"Cricket Men's Cricket | Cricket, Men (Olympic)",2,cricket,cricket,men,1,1,0,0,,SAFE_EVENT_COMPONENT,2449,Cricket Men's Cricket,"Todos los pares internos son SAFE_ALIAS; atributos de dominio homogéneos; canon elegido por información, calidad de fuente, cobertura y desempate por ID."
EV00081,358;1955;2427;2731,"Fencing Men's Foil, Individual | Fencing Men's Foil, Masters, Individual | Foil, Individual, Men (Olympic) | Men's Foil Individual",4,fencing,fencing,men,6,3,1,0,"fuente2:[('1896', 'Summer'), ('1900', 'Summer')] | fuente3:[('1896', 'Summer'), ('1900', 'Summer')]",REVIEW_EVENT_COMPONENT,2427,"Fencing Men's Foil, Masters, Individual",contiene CONFLICT_ALIAS/REVIEW_ALIAS interno; coexistencia en misma fuente/edición
EV00082,365;1180,"Heavyweight, Greco-Roman, Men (Intercalated) | Heavyweight, Greco-Roman, Men (Olympic)",2,tug of war,tug of war,men,1,1,0,0,,SAFE_EVENT_COMPONENT,1180,"Heavyweight, Greco-Roman, Men (Intercalated)","Todos los pares internos son SAFE_ALIAS; atributos de dominio homogéneos; canon elegido por información, calidad de fuente, cobertura y desempate por ID."
EV00083,372;1183,"Unlimited, Two Hands, Men (Intercalated) | Unlimited, Two Hands, Men (Olympic)",2,tug of war,tug of war,men,1,1,0,0,,SAFE_EVENT_COMPONENT,1183,"Unlimited, Two Hands, Men (Intercalated)","Todos los pares internos son SAFE_ALIAS; atributos de dominio homogéneos; canon elegido por información, calidad de fuente, cobertura y desempate por ID."
EV00084,376;1057,"Discus Throw, Greek Style, Men (Intercalated) | Discus Throw, Greek Style, Men (Olympic)",2,athletics,athletics,men,1,1,0,0,,SAFE_EVENT_COMPONENT,376,"Discus Throw, Greek Style, Men (Intercalated)","Todos los pares internos son SAFE_ALIAS; atributos de dominio homogéneos; canon elegido por información, calidad de fuente, cobertura y desempate por ID."
EV00085,379;735,"Unlimited, Two Hands, Men (Intercalated) | Unlimited, Two Hands, Men (Olympic)",2,athletics,athletics,men,1,1,0,0,,SAFE_EVENT_COMPONENT,379,"Unlimited, Two Hands, Men (Intercalated)","Todos los pares internos son SAFE_ALIAS; atributos de dominio homogéneos; canon elegido por información, calidad de fuente, cobertura y desempate por ID."
EV00086,383;1928;2736,"Athletics Men's Shot Put | Men's Shot Put | Shot Put, Men (Olympic)",3,athletics,athletics,men,3,2,0,0,,SAFE_EVENT_COMPONENT,1928,Athletics Men's Shot Put,"Todos los pares internos son SAFE_ALIAS; atributos de dominio homogéneos; canon elegido por información, calidad de fuente, cobertura y desempate por ID."
EV00087,393;2097;2951,"Athletics Men's Discus Throw | Discus Throw, Men (Olympic) | Men's Discus Throw",3,athletics,athletics,men,3,2,0,0,,SAFE_EVENT_COMPONENT,2097,Athletics Men's Discus Throw,"Todos los pares internos son SAFE_ALIAS; atributos de dominio homogéneos; canon elegido por información, calidad de fuente, cobertura y desempate por ID."
EV00088,395;2016;2869,"Athletics Men's Hammer Throw | Hammer Throw, Men (Olympic) | Men's Hammer Throw",3,athletics,athletics,men,3,2,0,0,,SAFE_EVENT_COMPONENT,2016,Athletics Men's Hammer Throw,"Todos los pares internos son SAFE_ALIAS; atributos de dominio homogéneos; canon elegido por información, calidad de fuente, cobertura y desempate por ID."
EV00089,398;2062;2696,"Athletics Men's Javelin Throw | Javelin Throw, Men (Olympic) | Men's Javelin Throw",3,athletics,athletics,men,3,2,0,0,,SAFE_EVENT_COMPONENT,2062,Athletics Men's Javelin Throw,"Todos los pares internos son SAFE_ALIAS; atributos de dominio homogéneos; canon elegido por información, calidad de fuente, cobertura y desempate por ID."
EV00090,406;2242;2945,"Fencing Women's Foil, Individual | Foil, Individual, Women (Olympic) | Women's Foil Individual",3,fencing,fencing,women,3,2,0,0,,SAFE_EVENT_COMPONENT,2242,"Fencing Women's Foil, Individual","Todos los pares internos son SAFE_ALIAS; atributos de dominio homogéneos; canon elegido por información, calidad de fuente, cobertura y desempate por ID."
EV00091,407;2212;2946,"Fencing Women's Foil, Team | Foil, Team, Women (Olympic) | Women's Foil Team",3,fencing,fencing,women,3,2,0,0,,SAFE_EVENT_COMPONENT,2212,"Fencing Women's Foil, Team","Todos los pares internos son SAFE_ALIAS; atributos de dominio homogéneos; canon elegido por información, calidad de fuente, cobertura y desempate por ID."
EV00092,408;2083;2706,"Fencing Women's epee, Individual | Women's Épée Individual | Épée, Individual, Women (Olympic)",3,fencing,fencing,women,3,2,0,0,,SAFE_EVENT_COMPONENT,2083,"Fencing Women's epee, Individual","Todos los pares internos son SAFE_ALIAS; atributos de dominio homogéneos; canon elegido por información, calidad de fuente, cobertura y desempate por ID."
EV00093,409;2432;2968,"Fencing Women's epee, Team | Women's Épée Team | Épée, Team, Women (Olympic)",3,fencing,fencing,women,3,2,0,0,,SAFE_EVENT_COMPONENT,2432,"Fencing Women's epee, Team","Todos los pares internos son SAFE_ALIAS; atributos de dominio homogéneos; canon elegido por información, calidad de fuente, cobertura y desempate por ID."
EV00094,410;2004;2732,"Fencing Men's Foil, Team | Foil, Team, Men (Olympic) | Men's Foil Team",3,fencing,fencing,men,3,2,0,0,,SAFE_EVENT_COMPONENT,2004,"Fencing Men's Foil, Team","Todos los pares internos son SAFE_ALIAS; atributos de dominio homogéneos; canon elegido por información, calidad de fuente, cobertura y desempate por ID."
EV00095,411;1957;2956,"Fencing Men's epee, Team | Men's Épée Team | Épée, Team, Men (Olympic)",3,fencing,fencing,men,3,2,0,0,,SAFE_EVENT_COMPONENT,1957,"Fencing Men's epee, Team","Todos los pares internos son SAFE_ALIAS; atributos de dominio homogéneos; canon elegido por información, calidad de fuente, cobertura y desempate por ID."
EV00096,412;694,"100 metres Freestyle, Men (Intercalated) | 100 metres Freestyle, Men (Olympic)",2,aquatics,swimming,men,1,1,0,0,,SAFE_EVENT_COMPONENT,694,"100 metres Freestyle, Men (Intercalated)","Todos los pares internos son SAFE_ALIAS; atributos de dominio homogéneos; canon elegido por información, calidad de fuente, cobertura y desempate por ID."
EV00097,413;782,"1,500 metres Freestyle, Men (Olympic) | 500 metres Freestyle, Men (Olympic)",2,aquatics,swimming,men,1,1,0,0,,SAFE_EVENT_COMPONENT,782,"1,500 metres Freestyle, Men (Olympic)","Todos los pares internos son SAFE_ALIAS; atributos de dominio homogéneos; canon elegido por información, calidad de fuente, cobertura y desempate por ID."
EV00098,418;695,"400 metres Freestyle, Men (Intercalated) | 400 metres Freestyle, Men (Olympic)",2,aquatics,swimming,men,1,1,0,0,,SAFE_EVENT_COMPONENT,695,"400 metres Freestyle, Men (Intercalated)","Todos los pares internos son SAFE_ALIAS; atributos de dominio homogéneos; canon elegido por información, calidad de fuente, cobertura y desempate por ID."
EV00099,428;2505,"Fencing Men's epee, Masters and Amateurs, Individual | Épée, Masters and Amateurs, Individual, Men (Olympic)",2,fencing,fencing,men,1,1,0,0,,SAFE_EVENT_COMPONENT,2505,"Fencing Men's epee, Masters and Amateurs, Individual","Todos los pares internos son SAFE_ALIAS; atributos de dominio homogéneos; canon elegido por información, calidad de fuente, cobertura y desempate por ID."
EV00100,432;2420,"Shooting Men's Small-Bore Rifle, 50 and 100 yards, Team | Small-Bore Rifle, 50 and 100 yards, Team, Men (Olympic)",2,shooting,shooting,men,1,1,0,0,,SAFE_EVENT_COMPONENT,2420,"Shooting Men's Small-Bore Rifle, 50 and 100 yards, Team","Todos los pares internos son SAFE_ALIAS; atributos de dominio homogéneos; canon elegido por información, calidad de fuente, cobertura y desempate por ID."
EV00101,467;733;853,"1,200 metres Freestyle, Men (Olympic) | 200 metres, Men (Olympic) | Military Rifle, 200 metres, Men (Olympic)",3,athletics,athletics,men,3,2,0,0,,SAFE_EVENT_COMPONENT,733,"Military Rifle, 200 metres, Men (Olympic)","Todos los pares internos son SAFE_ALIAS; atributos de dominio homogéneos; canon elegido por información, calidad de fuente, cobertura y desempate por ID."
EV00102,468;1954,"Football Women's Football | Football, Women (Olympic)",2,football,football,women,1,1,0,0,,SAFE_EVENT_COMPONENT,1954,Football Women's Football,"Todos los pares internos son SAFE_ALIAS; atributos de dominio homogéneos; canon elegido por información, calidad de fuente, cobertura y desempate por ID."
EV00103,480;2114;2705,"Floor Exercise, Women (Olympic) | Gymnastics Women's Floor Exercise | Women's Floor Exercise",3,gymnastics,artistic gymnastics,women,3,2,0,0,,SAFE_EVENT_COMPONENT,2114,Gymnastics Women's Floor Exercise,"Todos los pares internos son SAFE_ALIAS; atributos de dominio homogéneos; canon elegido por información, calidad de fuente, cobertura y desempate por ID."
EV00104,482;2116;2703,"Gymnastics Women's Uneven Bars | Uneven Bars, Women (Olympic) | Women's Uneven Bars",3,gymnastics,artistic gymnastics,women,3,2,0,0,,SAFE_EVENT_COMPONENT,2116,Gymnastics Women's Uneven Bars,"Todos los pares internos son SAFE_ALIAS; atributos de dominio homogéneos; canon elegido por información, calidad de fuente, cobertura y desempate por ID."
EV00105,483;2117;2704,"Balance Beam, Women (Olympic) | Gymnastics Women's Balance Beam | Women's Balance Beam",3,gymnastics,artistic gymnastics,women,3,2,0,0,,SAFE_EVENT_COMPONENT,2117,Gymnastics Women's Balance Beam,"Todos los pares internos son SAFE_ALIAS; atributos de dominio homogéneos; canon elegido por información, calidad de fuente, cobertura y desempate por ID."
EV00106,488;522,"Individual All-Around, Men (Intercalated) | Individual All-Around, Men (Olympic)",2,gymnastics,artistic gymnastics,men,1,1,0,0,,SAFE_EVENT_COMPONENT,522,"Individual All-Around, Men (Intercalated)","Todos los pares internos son SAFE_ALIAS; atributos de dominio homogéneos; canon elegido por información, calidad de fuente, cobertura y desempate por ID."
EV00107,490;1922;2668,"Floor Exercise, Men (Olympic) | Gymnastics Men's Floor Exercise | Men's Floor Exercise",3,gymnastics,artistic gymnastics,men,3,2,0,0,,SAFE_EVENT_COMPONENT,1922,Gymnastics Men's Floor Exercise,"Todos los pares internos son SAFE_ALIAS; atributos de dominio homogéneos; canon elegido por información, calidad de fuente, cobertura y desempate por ID."
EV00108,492;1924;2672,"Gymnastics Men's Parallel Bars | Men's Parallel Bars | Parallel Bars, Men (Olympic)",3,gymnastics,artistic gymnastics,men,3,2,0,0,,SAFE_EVENT_COMPONENT,1924,Gymnastics Men's Parallel Bars,"Todos los pares internos son SAFE_ALIAS; atributos de dominio homogéneos; canon elegido por información, calidad de fuente, cobertura y desempate por ID."
EV00109,493;1925;2673,"Gymnastics Men's Horizontal Bar | Horizontal Bar, Men (Olympic) | Men's Horizontal Bar",3,gymnastics,artistic gymnastics,men,3,2,0,0,,SAFE_EVENT_COMPONENT,1925,Gymnastics Men's Horizontal Bar,"Todos los pares internos son SAFE_ALIAS; atributos de dominio homogéneos; canon elegido por información, calidad de fuente, cobertura y desempate por ID."
EV00110,494;2670,"Men's Rings | Rings, Men (Olympic)",2,gymnastics,artistic gymnastics,men,1,1,0,0,,SAFE_EVENT_COMPONENT,494,"Rings, Men (Olympic)","Todos los pares internos son SAFE_ALIAS; atributos de dominio homogéneos; canon elegido por información, calidad de fuente, cobertura y desempate por ID."
EV00111,496;2139;2971,"Athletics Women's Pole Vault | Pole Vault, Women (Olympic) | Women's Pole Vault",3,athletics,athletics,women,3,2,0,0,,SAFE_EVENT_COMPONENT,2139,Athletics Women's Pole Vault,"Todos los pares internos son SAFE_ALIAS; atributos de dominio homogéneos; canon elegido por información, calidad de fuente, cobertura y desempate por ID."
EV00112,503;555;933,"Rope Climbing, Men () | Rope Climbing, Men (Intercalated) | Rope Climbing, Men (Olympic)",3,gymnastics,artistic gymnastics,men,3,2,0,0,,SAFE_EVENT_COMPONENT,555,"Rope Climbing, Men (Intercalated)","Todos los pares internos son SAFE_ALIAS; atributos de dominio homogéneos; canon elegido por información, calidad de fuente, cobertura y desempate por ID."
EV00113,509;510;740;2224;2271,"Free Rifle, Three Positions, 300 metres, Men (Olympic) | Free Rifle, Three Positions, 300 metres, Team, Men (Intercalated) | Free Rifle, Three Positions, 300 metres, Team, Men (Olympic) | Shooting Men's Free Rifle, Three Positions, 300 metres | Shooting Men's Free Rifle, Three Positions, 300 metres, Team",5,shooting,shooting,men,10,5,2,0,"fuente1:[('1900', 'Summer'), ('1908', 'Summer'), ('1912', 'Summer'), ('1920', 'Summer')] | fuente2:[('1900', 'Summer'), ('1908', 'Summer'), ('1912', 'Summer'), ('1920', 'Summer')] | fuente3:[('1900', 'Summer'), ('1908', 'Summer'), ('1912', 'Summer'), ('1920', 'Summer')]",REVIEW_EVENT_COMPONENT,740,"Free Rifle, Three Positions, 300 metres, Team, Men (Intercalated)",contiene CONFLICT_ALIAS/REVIEW_ALIAS interno; coexistencia en misma fuente/edición
EV00114,511;2272,"Military Rifle, Prone, 300 metres, Team, Men (Olympic) | Shooting Men's Military Rifle, Prone, 300 metres, Team",2,shooting,shooting,men,1,1,0,0,,SAFE_EVENT_COMPONENT,2272,"Shooting Men's Military Rifle, Prone, 300 metres, Team","Todos los pares internos son SAFE_ALIAS; atributos de dominio homogéneos; canon elegido por información, calidad de fuente, cobertura y desempate por ID."
EV00115,513;2273,"Military Rifle, Prone, 600 metres, Team, Men (Olympic) | Shooting Men's Military Rifle, Prone, 600 metres, Team",2,shooting,shooting,men,1,1,0,0,,SAFE_EVENT_COMPONENT,2273,"Shooting Men's Military Rifle, Prone, 600 metres, Team","Todos los pares internos son SAFE_ALIAS; atributos de dominio homogéneos; canon elegido por información, calidad de fuente, cobertura y desempate por ID."
EV00116,514;515;710;2274,"Military Rifle, Kneeling Or Standing, 300 metres, Men (Intercalated) | Military Rifle, Standing, 300 metres, Men (Olympic) | Military Rifle, Standing, 300 metres, Team, Men (Olympic) | Shooting Men's Military Rifle, Standing, 300 metres, Team",4,shooting,shooting,men,6,3,1,0,"fuente1:[('1920', 'Summer')]",REVIEW_EVENT_COMPONENT,710,"Military Rifle, Kneeling Or Standing, 300 metres, Men (Intercalated)",contiene CONFLICT_ALIAS/REVIEW_ALIAS interno; coexistencia en misma fuente/edición
EV00117,519;520;688;2253;2254;2437,"Running Target, Double Shot, Men (Olympic) | Running Target, Single Shot, Men (Olympic) | Running Target, Single and Double Shot, Men (Olympic) | Shooting Men's Running Target, Double Shot | Shooting Men's Running Target, Single And Double Shot | Shooting Men's Running Target, Single Shot",6,shooting,shooting,men,15,5,0,0,,SAFE_EVENT_COMPONENT,2437,"Shooting Men's Running Target, Single And Double Shot","Todos los pares internos son SAFE_ALIAS; atributos de dominio homogéneos; canon elegido por información, calidad de fuente, cobertura y desempate por ID."
EV00118,527;967,"Lightweight, Greco-Roman, Men (Intercalated) | Lightweight, Greco-Roman, Men (Olympic)",2,wrestling,wrestling greco roman,men,1,1,0,0,,SAFE_EVENT_COMPONENT,967,"Lightweight, Greco-Roman, Men (Intercalated)","Todos los pares internos son SAFE_ALIAS; atributos de dominio homogéneos; canon elegido por información, calidad de fuente, cobertura y desempate por ID."
EV00119,544;561,"Standing Long Jump, Men (Intercalated) | Standing Long Jump, Men (Olympic)",2,athletics,athletics,men,1,1,0,0,,SAFE_EVENT_COMPONENT,544,"Standing Long Jump, Men (Intercalated)","Todos los pares internos son SAFE_ALIAS; atributos de dominio homogéneos; canon elegido por información, calidad de fuente, cobertura y desempate por ID."
EV00120,545;1114,"Individual All-Around, Men (Intercalated) | Individual All-Around, Men (Olympic)",2,athletics,athletics,men,1,1,0,0,,SAFE_EVENT_COMPONENT,545,"Individual All-Around, Men (Intercalated)","Todos los pares internos son SAFE_ALIAS; atributos de dominio homogéneos; canon elegido por información, calidad de fuente, cobertura y desempate por ID."
EV00121,547;1086,"Team All-Around, Men (Intercalated) | Team All-Around, Men (Olympic)",2,athletics,athletics,men,1,1,0,0,,SAFE_EVENT_COMPONENT,547,"Team All-Around, Men (Intercalated)","Todos los pares internos son SAFE_ALIAS; atributos de dominio homogéneos; canon elegido por información, calidad de fuente, cobertura y desempate por ID."
EV00122,562;1142,"Standing Long Jump, Men (Intercalated) | Standing Long Jump, Men (Olympic)",2,gymnastics,artistic gymnastics,men,1,1,0,0,,SAFE_EVENT_COMPONENT,1142,"Standing Long Jump, Men (Intercalated)","Todos los pares internos son SAFE_ALIAS; atributos de dominio homogéneos; canon elegido por información, calidad de fuente, cobertura y desempate por ID."
EV00123,564;1049,"Standing High Jump, Men (Intercalated) | Standing High Jump, Men (Olympic)",2,athletics,athletics,men,1,1,0,0,,SAFE_EVENT_COMPONENT,564,"Standing High Jump, Men (Intercalated)","Todos los pares internos son SAFE_ALIAS; atributos de dominio homogéneos; canon elegido por información, calidad de fuente, cobertura y desempate por ID."
EV00124,583;1987,"Handball Men's Handball | Handball, Men (Olympic)",2,handball,handball,men,1,1,0,0,,SAFE_EVENT_COMPONENT,1987,Handball Men's Handball,"Todos los pares internos son SAFE_ALIAS; atributos de dominio homogéneos; canon elegido por información, calidad de fuente, cobertura y desempate por ID."
EV00125,588;595;596,"Half-Middleweight, Women (Olympic (non-medal)) | Half-Middleweight, Women (Olympic) | Middleweight, Women (Olympic)",3,judo,judo,women,3,2,1,0,"fuente1:[('1992', 'Summer'), ('1996', 'Summer'), ('2000', 'Summer'), ('2004', 'Summer'), ('2008', 'Summer'), ('2012', 'Summer'), ('2016', 'Summer'), ('2020', 'Summer')]",REVIEW_EVENT_COMPONENT,596,"Half-Middleweight, Women (Olympic (non-medal))",contiene CONFLICT_ALIAS/REVIEW_ALIAS interno; coexistencia en misma fuente/edición
EV00126,589;594;597;598;599,"Extra-Lightweight, Women (Olympic (non-medal)) | Extra-Lightweight, Women (Olympic) | Half-Lightweight, Women (Olympic (non-medal)) | Half-Lightweight, Women (Olympic) | Lightweight, Women (Olympic)",5,judo,judo,women,10,4,2,0,"fuente1:[('1992', 'Summer'), ('1996', 'Summer'), ('2000', 'Summer'), ('2004', 'Summer'), ('2008', 'Summer'), ('2012', 'Summer'), ('2016', 'Summer'), ('2020', 'Summer')]",REVIEW_EVENT_COMPONENT,599,"Extra-Lightweight, Women (Olympic (non-medal))",contiene CONFLICT_ALIAS/REVIEW_ALIAS interno; coexistencia en misma fuente/edición
EV00127,590;591;592,"Half-Heavyweight, Women (Olympic (non-medal)) | Half-Heavyweight, Women (Olympic) | Heavyweight, Women (Olympic)",3,judo,judo,women,3,2,1,0,"fuente1:[('1992', 'Summer'), ('1996', 'Summer'), ('2000', 'Summer'), ('2004', 'Summer'), ('2008', 'Summer'), ('2012', 'Summer'), ('2016', 'Summer'), ('2020', 'Summer')]",REVIEW_EVENT_COMPONENT,591,"Half-Heavyweight, Women (Olympic (non-medal))",contiene CONFLICT_ALIAS/REVIEW_ALIAS interno; coexistencia en misma fuente/edición
EV00128,615;737,"Military Ski Patrol, Men (Olympic (non-medal)) | Military Ski Patrol, Men (Olympic)",2,skiing,military ski patrol,men,1,1,0,0,,SAFE_EVENT_COMPONENT,737,"Military Ski Patrol, Men (Olympic (non-medal))","Todos los pares internos son SAFE_ALIAS; atributos de dominio homogéneos; canon elegido por información, calidad de fuente, cobertura y desempate por ID."
EV00129,617;1370,"Individual, Men (Olympic) | Large Hill / 10 km, Individual, Men (Olympic)",2,skiing,nordic combined,men,1,1,0,0,,SAFE_EVENT_COMPONENT,1370,"Large Hill / 10 km, Individual, Men (Olympic)","Todos los pares internos son SAFE_ALIAS; atributos de dominio homogéneos; canon elegido por información, calidad de fuente, cobertura y desempate por ID."
EV00130,626;2232;2904;3063,"Double Sculls, Women (Olympic) | Rowing Women's Double Sculls | Women's Double Sculls | Women's Double Sculls Team",4,rowing,rowing,women,6,3,0,0,,SAFE_EVENT_COMPONENT,626,"Double Sculls, Women (Olympic)","Todos los pares internos son SAFE_ALIAS; atributos de dominio homogéneos; canon elegido por información, calidad de fuente, cobertura y desempate por ID."
EV00131,628;2856;3035,"Lightweight Double Sculls, Women (Olympic) | Lightweight Women's Double Sculls | Lightweight Women's Double Sculls Team",3,rowing,rowing,women,3,2,0,0,,SAFE_EVENT_COMPONENT,628,"Lightweight Double Sculls, Women (Olympic)","Todos los pares internos son SAFE_ALIAS; atributos de dominio homogéneos; canon elegido por información, calidad de fuente, cobertura y desempate por ID."
EV00132,629;642;653,"Coxed Fours, Inriggers, Men (Olympic) | Coxed Fours, Men (Olympic) | Coxed Fours, Outriggers, Men (Olympic)",3,rowing,rowing,men,3,2,0,0,,SAFE_EVENT_COMPONENT,642,"Coxed Fours, Outriggers, Men (Olympic)","Todos los pares internos son SAFE_ALIAS; atributos de dominio homogéneos; canon elegido por información, calidad de fuente, cobertura y desempate por ID."
EV00133,633;2011;2902;3069,"Men's Quadruple Sculls | Men's Quadruple Sculls Team | Quadruple Sculls, Men (Olympic) | Rowing Men's Quadruple Sculls",4,rowing,rowing,men,6,3,0,0,,SAFE_EVENT_COMPONENT,633,"Quadruple Sculls, Men (Olympic)","Todos los pares internos son SAFE_ALIAS; atributos de dominio homogéneos; canon elegido por información, calidad de fuente, cobertura y desempate por ID."
EV00134,635;2012;2773;3061,"Double Sculls, Men (Olympic) | Men's Double Sculls | Men's Double Sculls Team | Rowing Men's Double Sculls",4,rowing,rowing,men,6,3,0,0,,SAFE_EVENT_COMPONENT,635,"Double Sculls, Men (Olympic)","Todos los pares internos son SAFE_ALIAS; atributos de dominio homogéneos; canon elegido por información, calidad de fuente, cobertura y desempate por ID."
EV00135,637;1945;2679;3011,"Lightweight Double Sculls, Men (Olympic) | Lightweight Men's Double Sculls | Lightweight Men's Double Sculls Team | Rowing Men's Lightweight Double Sculls",4,rowing,rowing,men,6,4,0,0,,SAFE_EVENT_COMPONENT,637,"Lightweight Double Sculls, Men (Olympic)","Todos los pares internos son SAFE_ALIAS; atributos de dominio homogéneos; canon elegido por información, calidad de fuente, cobertura y desempate por ID."
EV00136,641;652;2157;2184;2774;3078,"Coxed Quadruple Sculls, Women (Olympic) | Quadruple Sculls, Women (Olympic) | Rowing Women's Coxed Quadruple Sculls | Rowing Women's Quadruple Sculls | Women's Quadruple Sculls | Women's Quadruple Sculls Team",6,rowing,rowing,women,15,6,0,0,,SAFE_EVENT_COMPONENT,652,"Coxed Quadruple Sculls, Women (Olympic)","Todos los pares internos son SAFE_ALIAS; atributos de dominio homogéneos; canon elegido por información, calidad de fuente, cobertura y desempate por ID."
EV00137,670;2819,"Trap Men | Trap, Men (Olympic)",2,shooting,shooting,men,1,1,0,0,,SAFE_EVENT_COMPONENT,670,"Trap, Men (Olympic)","Todos los pares internos son SAFE_ALIAS; atributos de dominio homogéneos; canon elegido por información, calidad de fuente, cobertura y desempate por ID."
EV00138,675;2313,"Shooting Women's Small-Bore Rifle, Three Positions, 50 metres | Small-Bore Rifle, Three Positions, 50 metres, Women (Olympic)",2,shooting,shooting,women,1,1,0,0,,SAFE_EVENT_COMPONENT,2313,"Shooting Women's Small-Bore Rifle, Three Positions, 50 metres","Todos los pares internos son SAFE_ALIAS; atributos de dominio homogéneos; canon elegido por información, calidad de fuente, cobertura y desempate por ID."
EV00139,676;703,"Free Pistol, 50 metres, Men (Intercalated) | Free Pistol, 50 metres, Men (Olympic)",2,shooting,shooting,men,1,1,0,0,,SAFE_EVENT_COMPONENT,703,"Free Pistol, 50 metres, Men (Intercalated)","Todos los pares internos son SAFE_ALIAS; atributos de dominio homogéneos; canon elegido por información, calidad de fuente, cobertura y desempate por ID."
EV00140,677;728;1963;2610,"Shooting Men's Small-Bore Rifle, Prone, 50 metres | Shooting Men's Small-Bore Rifle, Prone, 50 metres, Team | Small-Bore Rifle, Prone, 50 metres, Men (Olympic) | Small-Bore Rifle, Prone, 50 metres, Team, Men (Olympic)",4,shooting,shooting,men,6,3,0,0,,SAFE_EVENT_COMPONENT,2610,"Shooting Men's Small-Bore Rifle, Prone, 50 metres, Team","Todos los pares internos son SAFE_ALIAS; atributos de dominio homogéneos; canon elegido por información, calidad de fuente, cobertura y desempate por ID."
EV00141,678;2079,"Shooting Men's Small-Bore Rifle, Three Positions, 50 metres | Small-Bore Rifle, Three Positions, 50 metres, Men (Olympic)",2,shooting,shooting,men,1,1,0,0,,SAFE_EVENT_COMPONENT,2079,"Shooting Men's Small-Bore Rifle, Three Positions, 50 metres","Todos los pares internos son SAFE_ALIAS; atributos de dominio homogéneos; canon elegido por información, calidad de fuente, cobertura y desempate por ID."
EV00142,681;2747,"Skeet Men | Skeet, Men (Olympic)",2,shooting,shooting,men,1,1,0,0,,SAFE_EVENT_COMPONENT,681,"Skeet, Men (Olympic)","Todos los pares internos son SAFE_ALIAS; atributos de dominio homogéneos; canon elegido por información, calidad de fuente, cobertura y desempate por ID."
EV00143,687;2840,"Trap Women | Trap, Women (Olympic)",2,shooting,shooting,women,1,1,0,0,,SAFE_EVENT_COMPONENT,687,"Trap, Women (Olympic)","Todos los pares internos son SAFE_ALIAS; atributos de dominio homogéneos; canon elegido por información, calidad de fuente, cobertura y desempate por ID."
EV00144,689;2419,"Shooting Men's Small-Bore Rifle, Prone, 50 and 100 yards | Small-Bore Rifle, Prone, 50 and 100 yards, Men (Olympic)",2,shooting,shooting,men,1,1,0,0,,SAFE_EVENT_COMPONENT,2419,"Shooting Men's Small-Bore Rifle, Prone, 50 and 100 yards","Todos los pares internos son SAFE_ALIAS; atributos de dominio homogéneos; canon elegido por información, calidad de fuente, cobertura y desempate por ID."
EV00145,690;2421,"Shooting Men's Small-Bore Rifle, Disappearing Target, 25 yards | Small-Bore Rifle, Disappearing Target, 25 yards, Men (Olympic)",2,shooting,shooting,men,1,1,0,0,,SAFE_EVENT_COMPONENT,2421,"Shooting Men's Small-Bore Rifle, Disappearing Target, 25 yards","Todos los pares internos son SAFE_ALIAS; atributos de dominio homogéneos; canon elegido por información, calidad de fuente, cobertura y desempate por ID."
EV00146,691;2422,"Shooting Men's Small-Bore Rifle, Moving Target, 25 yards | Small-Bore Rifle, Moving Target, 25 yards, Men (Olympic)",2,shooting,shooting,men,1,1,0,0,,SAFE_EVENT_COMPONENT,2422,"Shooting Men's Small-Bore Rifle, Moving Target, 25 yards","Todos los pares internos son SAFE_ALIAS; atributos de dominio homogéneos; canon elegido por información, calidad de fuente, cobertura y desempate por ID."
EV00147,696;830,"1 mile Freestyle, Men (Intercalated) | 1 mile Freestyle, Men (Olympic)",2,aquatics,swimming,men,1,1,0,0,,SAFE_EVENT_COMPONENT,696,"1 mile Freestyle, Men (Intercalated)","Todos los pares internos son SAFE_ALIAS; atributos de dominio homogéneos; canon elegido por información, calidad de fuente, cobertura y desempate por ID."
EV00148,700;2225,"Military Rifle, Three Positions, 300 metres, Men (Olympic) | Shooting Men's Military Rifle, Three Positions, 300 metres",2,shooting,shooting,men,1,1,0,0,,SAFE_EVENT_COMPONENT,2225,"Shooting Men's Military Rifle, Three Positions, 300 metres","Todos los pares internos son SAFE_ALIAS; atributos de dominio homogéneos; canon elegido por información, calidad de fuente, cobertura y desempate por ID."
EV00149,701;2226,"Military Rifle, Any Position, 600 metres, Men (Olympic) | Shooting Men's Military Rifle, Any Position, 600 metres",2,shooting,shooting,men,1,1,0,0,,SAFE_EVENT_COMPONENT,2226,"Shooting Men's Military Rifle, Any Position, 600 metres","Todos los pares internos son SAFE_ALIAS; atributos de dominio homogéneos; canon elegido por información, calidad de fuente, cobertura y desempate por ID."
EV00150,708;750,"Free Rifle, Any Position, 300 metres, Men (Intercalated) | Free Rifle, Any Position, 300 metres, Men (Olympic)",2,shooting,shooting,men,1,1,0,0,,SAFE_EVENT_COMPONENT,708,"Free Rifle, Any Position, 300 metres, Men (Intercalated)","Todos los pares internos son SAFE_ALIAS; atributos de dominio homogéneos; canon elegido por información, calidad de fuente, cobertura y desempate por ID."
EV00151,713;2276,"Free Rifle, 400, 600 and 800 metres, Team, Men (Olympic) | Shooting Men's Free Rifle, 400, 600 and 800 metres, Team",2,shooting,shooting,men,1,1,0,0,,SAFE_EVENT_COMPONENT,2276,"Shooting Men's Free Rifle, 400, 600 and 800 metres, Team","Todos los pares internos son SAFE_ALIAS; atributos de dominio homogéneos; canon elegido por información, calidad de fuente, cobertura y desempate por ID."
EV00152,714;2463;2464,"Shooting Men's Small Bore-Rifle, Standing, 50 metres, Team | Shooting Men's Small-Bore Rifle, Standing, 50 metres | Small-Bore Rifle, Standing, 50 metres, Men (Olympic)",3,shooting,shooting,men,3,2,1,0,"fuente2:[('1920', 'Summer')] | fuente3:[('1920', 'Summer')]",REVIEW_EVENT_COMPONENT,2464,"Shooting Men's Small Bore-Rifle, Standing, 50 metres, Team",contiene CONFLICT_ALIAS/REVIEW_ALIAS interno; coexistencia en misma fuente/edición
EV00153,723;2436,"Military Rifle, 200/500/600/800/900/1,000 yards, Team, Men (Olympic) | Shooting Men's Military Rifle, 200/500/600/800/900/1,000 Yards, Team",2,shooting,shooting,men,1,1,0,0,,SAFE_EVENT_COMPONENT,2436,"Shooting Men's Military Rifle, 200/500/600/800/900/1,000 Yards, Team","Todos los pares internos son SAFE_ALIAS; atributos de dominio homogéneos; canon elegido por información, calidad de fuente, cobertura y desempate por ID."
EV00154,724;2870,"Skeet Women | Skeet, Women (Olympic)",2,shooting,shooting,women,1,1,0,0,,SAFE_EVENT_COMPONENT,724,"Skeet, Women (Olympic)","Todos los pares internos son SAFE_ALIAS; atributos de dominio homogéneos; canon elegido por información, calidad de fuente, cobertura y desempate por ID."
EV00155,727;751;2227;2533,"Military Rifle, 200 metres, Men (Olympic) | Military Rifle, 200, 400, 500 and 600 metres, Team, Men (Olympic) | Shooting Men's Military Rifle, 200 metres | Shooting Men's Military Rifle, 200, 400, 500 and 600 metres, Team",4,shooting,shooting,men,6,3,0,0,,SAFE_EVENT_COMPONENT,2227,"Shooting Men's Military Rifle, 200, 400, 500 and 600 metres, Team","Todos los pares internos son SAFE_ALIAS; atributos de dominio homogéneos; canon elegido por información, calidad de fuente, cobertura y desempate por ID."
EV00156,729;2438,"Shooting Men's Small-Bore Rifle, Any Position, 50 metres | Small-Bore Rifle, Any Position, 50 metres, Men (Olympic)",2,shooting,shooting,men,1,1,0,0,,SAFE_EVENT_COMPONENT,2438,"Shooting Men's Small-Bore Rifle, Any Position, 50 metres","Todos los pares internos son SAFE_ALIAS; atributos de dominio homogéneos; canon elegido por información, calidad de fuente, cobertura y desempate por ID."
EV00157,730;752;2439;2576,"Shooting Men's Small-Bore Rifle, Disappearing Target, 25 metres | Shooting Men's Small-Bore Rifle, Disappearing Target, 25 metres, Team | Small-Bore Rifle, Disappearing Target, 25 metres, Men (Olympic) | Small-Bore Rifle, Disappearing Target, 25 metres, Team, Men (Olympic)",4,shooting,shooting,men,6,3,2,0,"fuente1:[('1912', 'Summer')] | fuente2:[('1912', 'Summer')] | fuente3:[('1912', 'Summer')]",REVIEW_EVENT_COMPONENT,2576,"Shooting Men's Small-Bore Rifle, Disappearing Target, 25 metres, Team",contiene CONFLICT_ALIAS/REVIEW_ALIAS interno; coexistencia en misma fuente/edición
EV00158,734;1174,"Unlimited, One Hand, Men (Intercalated) | Unlimited, One Hand, Men (Olympic)",2,athletics,athletics,men,1,1,0,0,,SAFE_EVENT_COMPONENT,1174,"Unlimited, One Hand, Men (Intercalated)","Todos los pares internos son SAFE_ALIAS; atributos de dominio homogéneos; canon elegido por información, calidad de fuente, cobertura y desempate por ID."
EV00159,779;824,"1,200 metres Freestyle, Men (Olympic) | 200 metres Freestyle, Men (Olympic)",2,aquatics,swimming,men,1,1,0,0,,SAFE_EVENT_COMPONENT,824,"1,200 metres Freestyle, Men (Olympic)","Todos los pares internos son SAFE_ALIAS; atributos de dominio homogéneos; canon elegido por información, calidad de fuente, cobertura y desempate por ID."
EV00160,835;875,"100 metres Freestyle, Men (Intercalated) | 100 metres Freestyle, Men (Olympic)",2,aquatics,diving,men,1,1,0,0,,SAFE_EVENT_COMPONENT,875,"100 metres Freestyle, Men (Intercalated)","Todos los pares internos son SAFE_ALIAS; atributos de dominio homogéneos; canon elegido por información, calidad de fuente, cobertura y desempate por ID."
EV00161,840;1177,"100 metres Freestyle, Men (Intercalated) | 100 metres Freestyle, Men (Olympic)",2,gymnastics,artistic gymnastics,men,1,1,0,0,,SAFE_EVENT_COMPONENT,1177,"100 metres Freestyle, Men (Intercalated)","Todos los pares internos son SAFE_ALIAS; atributos de dominio homogéneos; canon elegido por información, calidad de fuente, cobertura y desempate por ID."
EV00162,851;895,"100 metres Freestyle, Men (Intercalated) | 100 metres Freestyle, Men (Olympic)",2,athletics,athletics,men,1,1,0,0,,SAFE_EVENT_COMPONENT,895,"100 metres Freestyle, Men (Intercalated)","Todos los pares internos son SAFE_ALIAS; atributos de dominio homogéneos; canon elegido por información, calidad de fuente, cobertura y desempate por ID."
EV00163,876;883,"400 metres Freestyle, Men (Intercalated) | 400 metres Freestyle, Men (Olympic)",2,aquatics,diving,men,1,1,0,0,,SAFE_EVENT_COMPONENT,876,"400 metres Freestyle, Men (Intercalated)","Todos los pares internos son SAFE_ALIAS; atributos de dominio homogéneos; canon elegido por información, calidad de fuente, cobertura y desempate por ID."
EV00164,888;1410,"Water Polo, Women (Olympic (non-medal)) | Water Polo, Women (Olympic)",2,aquatics,water polo,women,1,1,0,0,,SAFE_EVENT_COMPONENT,888,"Water Polo, Women (Olympic (non-medal))","Todos los pares internos son SAFE_ALIAS; atributos de dominio homogéneos; canon elegido por información, calidad de fuente, cobertura y desempate por ID."
EV00165,899;2914,"Individual, Women (Olympic) | Women's Individual",2,modern pentathlon,modern pentathlon,women,1,1,0,0,,SAFE_EVENT_COMPONENT,899,"Individual, Women (Olympic)","Todos los pares internos son SAFE_ALIAS; atributos de dominio homogéneos; canon elegido por información, calidad de fuente, cobertura y desempate por ID."
EV00166,908;2063,"Volleyball Women's Volleyball | Volleyball, Women (Olympic)",2,volleyball,volleyball,women,1,1,0,0,,SAFE_EVENT_COMPONENT,2063,Volleyball Women's Volleyball,"Todos los pares internos son SAFE_ALIAS; atributos de dominio homogéneos; canon elegido por información, calidad de fuente, cobertura y desempate por ID."
EV00167,909;2036,"Volleyball Men's Volleyball | Volleyball, Men (Olympic)",2,volleyball,volleyball,men,1,1,0,0,,SAFE_EVENT_COMPONENT,2036,Volleyball Men's Volleyball,"Todos los pares internos son SAFE_ALIAS; atributos de dominio homogéneos; canon elegido por información, calidad de fuente, cobertura y desempate por ID."
EV00168,927;2082;2912,"Athletics Women's Long Jump | Long Jump, Women (Olympic) | Women's Long Jump",3,athletics,athletics,women,3,2,0,0,,SAFE_EVENT_COMPONENT,2082,Athletics Women's Long Jump,"Todos los pares internos son SAFE_ALIAS; atributos de dominio homogéneos; canon elegido por información, calidad de fuente, cobertura y desempate por ID."
EV00169,932;958,"Unlimited, One Hand, Men (Intercalated) | Unlimited, One Hand, Men (Olympic)",2,weightlifting,weightlifting,men,1,1,0,0,,SAFE_EVENT_COMPONENT,958,"Unlimited, One Hand, Men (Intercalated)","Todos los pares internos son SAFE_ALIAS; atributos de dominio homogéneos; canon elegido por información, calidad de fuente, cobertura y desempate por ID."
EV00170,940;959,"Unlimited, Two Hands, Men (Intercalated) | Unlimited, Two Hands, Men (Olympic)",2,weightlifting,weightlifting,men,1,1,0,0,,SAFE_EVENT_COMPONENT,959,"Unlimited, Two Hands, Men (Intercalated)","Todos los pares internos son SAFE_ALIAS; atributos de dominio homogéneos; canon elegido por información, calidad de fuente, cobertura y desempate por ID."
EV00171,949;955;956;970,"Middleweight A, Greco-Roman, Men (Olympic) | Middleweight B, Greco-Roman, Men (Olympic) | Middleweight, Greco-Roman, Men (Intercalated) | Middleweight, Greco-Roman, Men (Olympic)",4,wrestling,wrestling greco roman,men,6,3,0,0,,SAFE_EVENT_COMPONENT,970,"Middleweight, Greco-Roman, Men (Intercalated)","Todos los pares internos son SAFE_ALIAS; atributos de dominio homogéneos; canon elegido por información, calidad de fuente, cobertura y desempate por ID."
EV00172,952;968,"Heavyweight, Greco-Roman, Men (Intercalated) | Heavyweight, Greco-Roman, Men (Olympic)",2,wrestling,wrestling greco roman,men,1,1,0,0,,SAFE_EVENT_COMPONENT,968,"Heavyweight, Greco-Roman, Men (Intercalated)","Todos los pares internos son SAFE_ALIAS; atributos de dominio homogéneos; canon elegido por información, calidad de fuente, cobertura y desempate por ID."
EV00173,981;1385,"Windsurfer, Women (Olympic (non-medal)) | Windsurfer, Women (Olympic)",2,sailing,sailing,women,1,1,0,0,,SAFE_EVENT_COMPONENT,1385,"Windsurfer, Women (Olympic (non-medal))","Todos los pares internos son SAFE_ALIAS; atributos de dominio homogéneos; canon elegido por información, calidad de fuente, cobertura y desempate por ID."
EV00174,1012;2362;3029,"Mixed Multihull | Multihull, Mixed (Olympic) | Sailing Mixed Multihull",3,sailing,sailing,mixed,3,2,0,0,,SAFE_EVENT_COMPONENT,1012,"Multihull, Mixed (Olympic)","Todos los pares internos son SAFE_ALIAS; atributos de dominio homogéneos; canon elegido por información, calidad de fuente, cobertura y desempate por ID."
EV00175,1017;1969;2888,"Athletics Women's Javelin Throw | Javelin Throw, Women (Olympic) | Women's Javelin Throw",3,athletics,athletics,women,3,2,0,0,,SAFE_EVENT_COMPONENT,1969,Athletics Women's Javelin Throw,"Todos los pares internos son SAFE_ALIAS; atributos de dominio homogéneos; canon elegido por información, calidad de fuente, cobertura y desempate por ID."
EV00176,1018;2280;2787,"Athletics Women's Heptathlon | Heptathlon, Women (Olympic) | Women's Heptathlon",3,athletics,athletics,women,3,2,0,0,,SAFE_EVENT_COMPONENT,2280,Athletics Women's Heptathlon,"Todos los pares internos son SAFE_ALIAS; atributos de dominio homogéneos; canon elegido por información, calidad de fuente, cobertura y desempate por ID."
EV00177,1020;1055,"5,000 metres, Men (Olympic) | 5,000 metres, Team, Men (Olympic)",2,athletics,athletics,men,1,1,0,0,,SAFE_EVENT_COMPONENT,1055,"5,000 metres, Team, Men (Olympic)","Todos los pares internos son SAFE_ALIAS; atributos de dominio homogéneos; canon elegido por información, calidad de fuente, cobertura y desempate por ID."
EV00178,1024;2199;2986,"Athletics Women's High Jump | High Jump, Women (Olympic) | Women's High Jump",3,athletics,athletics,women,3,2,0,0,,SAFE_EVENT_COMPONENT,2199,Athletics Women's High Jump,"Todos los pares internos son SAFE_ALIAS; atributos de dominio homogéneos; canon elegido por información, calidad de fuente, cobertura y desempate por ID."
EV00179,1026;2129;2847,"Athletics Women's Discus Throw | Discus Throw, Women (Olympic) | Women's Discus Throw",3,athletics,athletics,women,3,2,0,0,,SAFE_EVENT_COMPONENT,2129,Athletics Women's Discus Throw,"Todos los pares internos son SAFE_ALIAS; atributos de dominio homogéneos; canon elegido por información, calidad de fuente, cobertura y desempate por ID."
EV00180,1029;2002;2866,"Athletics Women's Marathon | Marathon, Women (Olympic) | Women's Marathon",3,athletics,athletics,women,3,2,0,0,,SAFE_EVENT_COMPONENT,2002,Athletics Women's Marathon,"Todos los pares internos son SAFE_ALIAS; atributos de dominio homogéneos; canon elegido por información, calidad de fuente, cobertura y desempate por ID."
EV00181,1030;1996;2762,"Athletics Women's Shot Put | Shot Put, Women (Olympic) | Women's Shot Put",3,athletics,athletics,women,3,2,0,0,,SAFE_EVENT_COMPONENT,1996,Athletics Women's Shot Put,"Todos los pares internos son SAFE_ALIAS; atributos de dominio homogéneos; canon elegido por información, calidad de fuente, cobertura y desempate por ID."
EV00182,1032;2514;2872,"Athletics Women's Hammer Throw | Hammer Throw, Women (Olympic) | Women's Hammer Throw",3,athletics,athletics,women,3,2,0,0,,SAFE_EVENT_COMPONENT,2514,Athletics Women's Hammer Throw,"Todos los pares internos son SAFE_ALIAS; atributos de dominio homogéneos; canon elegido por información, calidad de fuente, cobertura y desempate por ID."
EV00183,1052;1173,"3,000 metres Race Walk, Men (Intercalated) | 3,000 metres Race Walk, Men (Olympic)",2,athletics,athletics,men,1,1,0,0,,SAFE_EVENT_COMPONENT,1173,"3,000 metres Race Walk, Men (Intercalated)","Todos los pares internos son SAFE_ALIAS; atributos de dominio homogéneos; canon elegido por información, calidad de fuente, cobertura y desempate por ID."
EV00184,1064;1065,"Javelin Throw, Freestyle, Men (Intercalated) | Javelin Throw, Freestyle, Men (Olympic)",2,athletics,athletics,men,1,1,0,0,,SAFE_EVENT_COMPONENT,1064,"Javelin Throw, Freestyle, Men (Intercalated)","Todos los pares internos son SAFE_ALIAS; atributos de dominio homogéneos; canon elegido por información, calidad de fuente, cobertura y desempate por ID."
EV00185,1096;1171,"Heavyweight, Greco-Roman, Men (Intercalated) | Heavyweight, Greco-Roman, Men (Olympic)",2,athletics,athletics,men,1,1,0,0,,SAFE_EVENT_COMPONENT,1171,"Heavyweight, Greco-Roman, Men (Intercalated)","Todos los pares internos son SAFE_ALIAS; atributos de dominio homogéneos; canon elegido por información, calidad de fuente, cobertura y desempate por ID."
EV00186,1136;1292;1293;1298,"10 kilometres, Men (Olympic) | 10/10 kilometres Pursuit, Men (Olympic) | 10/15 kilometres Pursuit, Men (Olympic) | 15 kilometres, Men (Olympic)",4,skiing,cross country skiing,men,6,3,1,0,"fuente1:[('1992', 'Winter'), ('1994', 'Winter'), ('1998', 'Winter')]",REVIEW_EVENT_COMPONENT,1293,"10/15 kilometres Pursuit, Men (Olympic)",contiene CONFLICT_ALIAS/REVIEW_ALIAS interno; coexistencia en misma fuente/edición
EV00187,1137;1309,"30 kilometres Skiathlon, Men (Olympic) | 30 kilometres, Men (Olympic)",2,skiing,cross country skiing,men,1,1,0,0,,SAFE_EVENT_COMPONENT,1309,"30 kilometres Skiathlon, Men (Olympic)","Todos los pares internos son SAFE_ALIAS; atributos de dominio homogéneos; canon elegido por información, calidad de fuente, cobertura y desempate por ID."
EV00188,1158;1169,"Pole Vault, Men (Olympic (non-medal)) | Special Scratch Pole Vault #2, Men (Olympic (non-medal))",2,athletics,athletics,men,1,1,0,0,,SAFE_EVENT_COMPONENT,1158,"Special Scratch Pole Vault #2, Men (Olympic (non-medal))","Todos los pares internos son SAFE_ALIAS; atributos de dominio homogéneos; canon elegido por información, calidad de fuente, cobertura y desempate por ID."
EV00189,1219;1220;1232;1235,"10 kilometres, Women (Olympic) | 5 kilometres, Women (Olympic) | 5/10 kilometres Pursuit, Women (Olympic) | 5/5 kilometres Pursuit, Women (Olympic)",4,skiing,cross country skiing,women,6,3,1,0,"fuente1:[('1992', 'Winter'), ('1994', 'Winter'), ('1998', 'Winter')]",REVIEW_EVENT_COMPONENT,1232,"5/10 kilometres Pursuit, Women (Olympic)",contiene CONFLICT_ALIAS/REVIEW_ALIAS interno; coexistencia en misma fuente/edición
EV00190,1237;1257,"3,000 metres Relay, Women (Olympic (non-medal)) | 3,000 metres Relay, Women (Olympic)",2,skating,short track speed skating,women,1,1,0,0,,SAFE_EVENT_COMPONENT,1257,"3,000 metres Relay, Women (Olympic (non-medal))","Todos los pares internos son SAFE_ALIAS; atributos de dominio homogéneos; canon elegido por información, calidad de fuente, cobertura y desempate por ID."
EV00191,1238;1254;1522,"10 kilometres Pursuit, Women (Olympic) | 10 kilometres, Women (Olympic) | 5/10 kilometres Pursuit, Women (Olympic)",3,biathlon,biathlon,women,3,2,1,0,"fuente1:[('2002', 'Winter'), ('2006', 'Winter'), ('2010', 'Winter'), ('2014', 'Winter'), ('2018', 'Winter'), ('2022', 'Winter')]",REVIEW_EVENT_COMPONENT,1254,"5/10 kilometres Pursuit, Women (Olympic)",contiene CONFLICT_ALIAS/REVIEW_ALIAS interno; coexistencia en misma fuente/edición
EV00192,1240;1267;1803,"Ice Dancing, Mixed (Olympic (non-medal)) | Ice Dancing, Mixed (Olympic) | Ice Dancing, Mixed Youth (YOG)",3,skating,figure skating,mixed,3,2,0,0,,SAFE_EVENT_COMPONENT,1267,"Ice Dancing, Mixed (Olympic (non-medal))","Todos los pares internos son SAFE_ALIAS; atributos de dominio homogéneos; canon elegido por información, calidad de fuente, cobertura y desempate por ID."
EV00193,1251;1265,"Moguls, Women (Olympic (non-medal)) | Moguls, Women (Olympic)",2,skiing,freestyle skiing,women,1,1,0,0,,SAFE_EVENT_COMPONENT,1265,"Moguls, Women (Olympic (non-medal))","Todos los pares internos son SAFE_ALIAS; atributos de dominio homogéneos; canon elegido por información, calidad de fuente, cobertura y desempate por ID."
EV00194,1253;1259,"12.5 kilometres Mass Start, Women (Olympic) | 5 kilometres, Women (Olympic)",2,biathlon,biathlon,women,1,1,0,0,,SAFE_EVENT_COMPONENT,1259,"12.5 kilometres Mass Start, Women (Olympic)","Todos los pares internos son SAFE_ALIAS; atributos de dominio homogéneos; canon elegido por información, calidad de fuente, cobertura y desempate por ID."
EV00195,1255;1256,"Aerials, Women (Olympic (non-medal)) | Aerials, Women (Olympic)",2,skiing,freestyle skiing,women,1,1,0,0,,SAFE_EVENT_COMPONENT,1255,"Aerials, Women (Olympic (non-medal))","Todos los pares internos son SAFE_ALIAS; atributos de dominio homogéneos; canon elegido por información, calidad de fuente, cobertura y desempate por ID."
EV00196,1289;1291,"5,000 metres Relay, Men (Olympic (non-medal)) | 5,000 metres Relay, Men (Olympic)",2,skating,short track speed skating,men,1,1,0,0,,SAFE_EVENT_COMPONENT,1289,"5,000 metres Relay, Men (Olympic (non-medal))","Todos los pares internos son SAFE_ALIAS; atributos de dominio homogéneos; canon elegido por información, calidad de fuente, cobertura y desempate por ID."
EV00197,1296;1326,"Moguls, Men (Olympic (non-medal)) | Moguls, Men (Olympic)",2,skiing,freestyle skiing,men,1,1,0,0,,SAFE_EVENT_COMPONENT,1326,"Moguls, Men (Olympic (non-medal))","Todos los pares internos son SAFE_ALIAS; atributos de dominio homogéneos; canon elegido por información, calidad de fuente, cobertura y desempate por ID."
EV00198,1302;1304;1311;1448,"10 kilometres, Men (Olympic) | 10/10 kilometres Pursuit, Men (Olympic) | 10/15 kilometres Pursuit, Men (Olympic) | 15 kilometres, Men (Olympic)",4,biathlon,biathlon,men,6,3,1,0,"fuente1:[('1992', 'Winter'), ('1994', 'Winter'), ('1998', 'Winter')]",REVIEW_EVENT_COMPONENT,1304,"10/15 kilometres Pursuit, Men (Olympic)",contiene CONFLICT_ALIAS/REVIEW_ALIAS interno; coexistencia en misma fuente/edición
EV00199,1313;1365,"Military Ski Patrol, Men (Olympic (non-medal)) | Military Ski Patrol, Men (Olympic)",2,skiing,cross country skiing,men,1,1,0,0,,SAFE_EVENT_COMPONENT,1365,"Military Ski Patrol, Men (Olympic (non-medal))","Todos los pares internos son SAFE_ALIAS; atributos de dominio homogéneos; canon elegido por información, calidad de fuente, cobertura y desempate por ID."
EV00200,1314;1315,"Aerials, Men (Olympic (non-medal)) | Aerials, Men (Olympic)",2,skiing,freestyle skiing,men,1,1,0,0,,SAFE_EVENT_COMPONENT,1314,"Aerials, Men (Olympic (non-medal))","Todos los pares internos son SAFE_ALIAS; atributos de dominio homogéneos; canon elegido por información, calidad de fuente, cobertura y desempate por ID."
EV00201,1335;1669;2159,"2 × 6 kilometres and 2 × 7.5 kilometres Relay, Mixed (Olympic) | 2 × 6 kilometres and 2 × 7.5 kilometres Relay, Mixed Youth (YOG) | Biathlon Mixed 2 x 6 kilometres and 2 x 7.5 kilometres Relay",3,biathlon,biathlon,mixed,3,2,0,0,,SAFE_EVENT_COMPONENT,1669,"2 × 6 kilometres and 2 × 7.5 kilometres Relay, Mixed Youth (YOG)","Todos los pares internos son SAFE_ALIAS; atributos de dominio homogéneos; canon elegido por información, calidad de fuente, cobertura y desempate por ID."
EV00202,1361;1651,"Team Relay, Mixed (Olympic) | Team Relay, Mixed Youth (YOG)",2,luge,luge,mixed,1,1,0,0,,SAFE_EVENT_COMPONENT,1651,"Team Relay, Mixed Youth (YOG)","Todos los pares internos son SAFE_ALIAS; atributos de dominio homogéneos; canon elegido por información, calidad de fuente, cobertura y desempate por ID."
EV00203,1379;2549;2915,"Cycling Women's Omnium | Omnium, Women (Olympic) | Women's Omnium",3,cycling,cycling track,women,3,2,0,0,,SAFE_EVENT_COMPONENT,2549,Cycling Women's Omnium,"Todos los pares internos son SAFE_ALIAS; atributos de dominio homogéneos; canon elegido por información, calidad de fuente, cobertura y desempate por ID."
EV00204,1386;2841,"Trap Mixed Team | Trap, Team, Mixed (Olympic)",2,shooting,shooting,mixed,1,1,0,0,,SAFE_EVENT_COMPONENT,1386,"Trap, Team, Mixed (Olympic)","Todos los pares internos son SAFE_ALIAS; atributos de dominio homogéneos; canon elegido por información, calidad de fuente, cobertura y desempate por ID."
EV00205,1387;1705,"Air Pistol, 10 metres, Team, Mixed (Olympic) | Air Pistol, 10 metres, Team, Mixed Youth (YOG)",2,shooting,shooting,mixed,1,1,0,0,,SAFE_EVENT_COMPONENT,1705,"Air Pistol, 10 metres, Team, Mixed Youth (YOG)","Todos los pares internos son SAFE_ALIAS; atributos de dominio homogéneos; canon elegido por información, calidad de fuente, cobertura y desempate por ID."
EV00206,1399;1403,"Welterweight, Women (Olympic (non-medal)) | Welterweight, Women (Olympic)",2,taekwondo,taekwondo,women,1,1,0,0,,SAFE_EVENT_COMPONENT,1403,"Welterweight, Women (Olympic (non-medal))","Todos los pares internos son SAFE_ALIAS; atributos de dominio homogéneos; canon elegido por información, calidad de fuente, cobertura y desempate por ID."
EV00207,1441;1442;2238,"Curling Women's Curling | Curling, Women (Olympic (non-medal)) | Curling, Women (Olympic)",3,curling,curling,women,3,2,0,0,,SAFE_EVENT_COMPONENT,1442,"Curling, Women (Olympic (non-medal))","Todos los pares internos son SAFE_ALIAS; atributos de dominio homogéneos; canon elegido por información, calidad de fuente, cobertura y desempate por ID."
EV00208,1443;1444;2205,"Curling Men's Curling | Curling, Men (Olympic (non-medal)) | Curling, Men (Olympic)",3,curling,curling,men,3,2,0,0,,SAFE_EVENT_COMPONENT,1444,"Curling, Men (Olympic (non-medal))","Todos los pares internos son SAFE_ALIAS; atributos de dominio homogéneos; canon elegido por información, calidad de fuente, cobertura y desempate por ID."
EV00209,1464;1490,"4 × 100 metres Medley Relay, Mixed (Olympic) | 4 × 100 metres Medley Relay, Mixed Youth (YOG)",2,aquatics,swimming,mixed,1,1,0,0,,SAFE_EVENT_COMPONENT,1490,"4 × 100 metres Medley Relay, Mixed Youth (YOG)","Todos los pares internos son SAFE_ALIAS; atributos de dominio homogéneos; canon elegido por información, calidad de fuente, cobertura y desempate por ID."
EV00210,1466;2289;2728;3087,"Sailing Women's Skiff | Skiff, Women (Olympic) | Women's Skiff | Women's Skiff - 49er  Team",4,sailing,sailing,women,6,3,0,0,,SAFE_EVENT_COMPONENT,2728,Women's Skiff - 49er  Team,"Todos los pares internos son SAFE_ALIAS; atributos de dominio homogéneos; canon elegido por información, calidad de fuente, cobertura y desempate por ID."
EV00211,1467;2453;3060,"Men's Skiff | Sailing Men's Skiff | Skiff, Men (Olympic)",3,sailing,sailing,men,3,2,0,0,,SAFE_EVENT_COMPONENT,2453,Sailing Men's Skiff,"Todos los pares internos son SAFE_ALIAS; atributos de dominio homogéneos; canon elegido por información, calidad de fuente, cobertura y desempate por ID."
EV00212,1468;1687,"Air Rifle, 10 metres, Team, Mixed (Olympic) | Air Rifle, 10 metres, Team, Mixed Youth (YOG)",2,shooting,shooting,mixed,1,1,0,0,,SAFE_EVENT_COMPONENT,1687,"Air Rifle, 10 metres, Team, Mixed Youth (YOG)","Todos los pares internos son SAFE_ALIAS; atributos de dominio homogéneos; canon elegido por información, calidad de fuente, cobertura y desempate por ID."
EV00213,1470;2474;2905,"Fencing Women's Sabre, Individual | Sabre, Individual, Women (Olympic) | Women's Sabre Individual",3,fencing,fencing,women,3,2,0,0,,SAFE_EVENT_COMPONENT,2474,"Fencing Women's Sabre, Individual","Todos los pares internos son SAFE_ALIAS; atributos de dominio homogéneos; canon elegido por información, calidad de fuente, cobertura y desempate por ID."
EV00214,1471;2344;2906,"Fencing Women's Sabre, Team | Sabre, Team, Women (Olympic) | Women's Sabre Team",3,fencing,fencing,women,3,2,0,0,,SAFE_EVENT_COMPONENT,2344,"Fencing Women's Sabre, Team","Todos los pares internos son SAFE_ALIAS; atributos de dominio homogéneos; canon elegido por información, calidad de fuente, cobertura y desempate por ID."
EV00215,1472;2824;3106,"Mixed Relay | Mixed Relay Team | Relay, Mixed (Olympic)",3,triathlon,triathlon,mixed,3,2,0,0,,SAFE_EVENT_COMPONENT,1472,"Relay, Mixed (Olympic)","Todos los pares internos son SAFE_ALIAS; atributos de dominio homogéneos; canon elegido por información, calidad de fuente, cobertura y desempate por ID."
EV00216,1473;2467;2860;3044,"Cycling Women's Team Pursuit | Team Pursuit, Women (Olympic) | Women's Team Pursuit | Women's Team Pursuit Team",4,cycling,cycling track,women,6,3,2,0,,REVIEW_EVENT_COMPONENT,2467,Cycling Women's Team Pursuit,contiene CONFLICT_ALIAS/REVIEW_ALIAS interno
EV00217,1475;2746;3052,"Doubles, Mixed (Olympic) | Mixed Doubles | Mixed Doubles Team",3,table tennis,table tennis,mixed,3,2,0,0,,SAFE_EVENT_COMPONENT,1475,"Doubles, Mixed (Olympic)","Todos los pares internos son SAFE_ALIAS; atributos de dominio homogéneos; canon elegido por información, calidad de fuente, cobertura y desempate por ID."
EV00218,1480;1862,"Normal Hill, Team, Mixed (Olympic) | Normal Hill, Team, Mixed Youth (YOG)",2,skiing,ski jumping,mixed,1,1,0,0,,SAFE_EVENT_COMPONENT,1862,"Normal Hill, Team, Mixed Youth (YOG)","Todos los pares internos son SAFE_ALIAS; atributos de dominio homogéneos; canon elegido por información, calidad de fuente, cobertura y desempate por ID."
EV00219,1494;2717,"Mixed Team | Team, Mixed (Olympic)",2,judo,judo,mixed,1,1,0,0,,SAFE_EVENT_COMPONENT,1494,"Team, Mixed (Olympic)","Todos los pares internos son SAFE_ALIAS; atributos de dominio homogéneos; canon elegido por información, calidad de fuente, cobertura y desempate por ID."
EV00220,1600;2957,"Madison, Women (Olympic) | Women's Madison",2,cycling,cycling track,women,1,1,0,0,,SAFE_EVENT_COMPONENT,1600,"Madison, Women (Olympic)","Todos los pares internos son SAFE_ALIAS; atributos de dominio homogéneos; canon elegido por información, calidad de fuente, cobertura y desempate por ID."
EV00221,1677;2873,"Men's Park | Park, Men (Olympic)",2,roller sports,skateboarding,men,1,1,0,0,,SAFE_EVENT_COMPONENT,1677,"Park, Men (Olympic)","Todos los pares internos son SAFE_ALIAS; atributos de dominio homogéneos; canon elegido por información, calidad de fuente, cobertura y desempate por ID."
EV00222,1859;1898,"Normal Hill, Team, Mixed (Olympic) | Normal Hill, Team, Mixed Youth (YOG)",2,skiing,nordic combined,mixed,1,1,0,0,,SAFE_EVENT_COMPONENT,1859,"Normal Hill, Team, Mixed Youth (YOG)","Todos los pares internos son SAFE_ALIAS; atributos de dominio homogéneos; canon elegido por información, calidad de fuente, cobertura y desempate por ID."
EV00223,1878;2970,"Park, Women (Olympic) | Women's Park",2,cycling,bmx freestyle,women,1,1,0,0,,SAFE_EVENT_COMPONENT,1878,"Park, Women (Olympic)","Todos los pares internos son SAFE_ALIAS; atributos de dominio homogéneos; canon elegido por información, calidad de fuente, cobertura y desempate por ID."
EV00224,1881;2992,"Combined, Women (Olympic) | Women's Combined",2,sport climbing,sport climbing,women,1,1,0,0,,SAFE_EVENT_COMPONENT,1881,"Combined, Women (Olympic)","Todos los pares internos son SAFE_ALIAS; atributos de dominio homogéneos; canon elegido por información, calidad de fuente, cobertura y desempate por ID."
EV00225,1882;2972,"Street, Women (Olympic) | Women's Street",2,roller sports,skateboarding,women,1,1,0,0,,SAFE_EVENT_COMPONENT,1882,"Street, Women (Olympic)","Todos los pares internos son SAFE_ALIAS; atributos de dominio homogéneos; canon elegido por información, calidad de fuente, cobertura y desempate por ID."
EV00226,1883;2923,"Park, Women (Olympic) | Women's Park",2,roller sports,skateboarding,women,1,1,0,0,,SAFE_EVENT_COMPONENT,1883,"Park, Women (Olympic)","Todos los pares internos son SAFE_ALIAS; atributos de dominio homogéneos; canon elegido por información, calidad de fuente, cobertura y desempate por ID."
EV00227,1885;2989,"Men's Park | Park, Men (Olympic)",2,cycling,bmx freestyle,men,1,1,0,0,,SAFE_EVENT_COMPONENT,1885,"Park, Men (Olympic)","Todos los pares internos son SAFE_ALIAS; atributos de dominio homogéneos; canon elegido por información, calidad de fuente, cobertura y desempate por ID."
EV00228,1886;2994,"Combined, Men (Olympic) | Men's Combined",2,sport climbing,sport climbing,men,1,1,0,0,,SAFE_EVENT_COMPONENT,1886,"Combined, Men (Olympic)","Todos los pares internos son SAFE_ALIAS; atributos de dominio homogéneos; canon elegido por información, calidad de fuente, cobertura y desempate por ID."
EV00229,1888;2907,"Men's Street | Street, Men (Olympic)",2,roller sports,skateboarding,men,1,1,0,0,,SAFE_EVENT_COMPONENT,1888,"Street, Men (Olympic)","Todos los pares internos son SAFE_ALIAS; atributos de dominio homogéneos; canon elegido por información, calidad de fuente, cobertura y desempate por ID."
EV00230,1894;2853,"Kata, Men (Olympic) | Men's Kata",2,karate,karate,men,1,1,0,0,,SAFE_EVENT_COMPONENT,1894,"Kata, Men (Olympic)","Todos los pares internos son SAFE_ALIAS; atributos de dominio homogéneos; canon elegido por información, calidad de fuente, cobertura y desempate por ID."
EV00231,1895;2867,"Kata, Women (Olympic) | Women's Kata",2,karate,karate,women,1,1,0,0,,SAFE_EVENT_COMPONENT,1895,"Kata, Women (Olympic)","Todos los pares internos son SAFE_ALIAS; atributos de dominio homogéneos; canon elegido por información, calidad de fuente, cobertura y desempate por ID."
EV00232,1906;1908;1962;2403,Cross Country Skiing Men's 10 kilometres | Cross Country Skiing Men's 10/10 kilometres Pursuit | Cross Country Skiing Men's 10/15 kilometres Pursuit | Cross Country Skiing Men's 15 kilometres,4,skiing,cross country skiing,men,6,3,1,0,"fuente4:[('1992', 'Winter'), ('1994', 'Winter')] | fuente2:[('1992', 'Winter'), ('1994', 'Winter'), ('1998', 'Winter')]",REVIEW_EVENT_COMPONENT,1908,Cross Country Skiing Men's 10/15 kilometres Pursuit,contiene CONFLICT_ALIAS/REVIEW_ALIAS interno; coexistencia en misma fuente/edición
EV00233,1929;2331;2399;2562;2577;2580;2645,"Art Competitions Mixed Sculpturing | Art Competitions Mixed Sculpturing, Medals | Art Competitions Mixed Sculpturing, Medals And Plaques | Art Competitions Mixed Sculpturing, Medals And Reliefs | Art Competitions Mixed Sculpturing, Reliefs | Art Competitions Mixed Sculpturing, Statues | Art Competitions Mixed Sculpturing, Unknown Event",7,art competitions,art competitions,mixed,21,9,0,0,,SAFE_EVENT_COMPONENT,2577,"Art Competitions Mixed Sculpturing, Medals And Reliefs","Todos los pares internos son SAFE_ALIAS; atributos de dominio homogéneos; canon elegido por información, calidad de fuente, cobertura y desempate por ID."
EV00234,1950;2372,Bobsleigh Men's Four | Bobsleigh Men's Four/Five,2,bobsleigh,bobsleigh,men,1,1,0,0,,SAFE_EVENT_COMPONENT,2372,Bobsleigh Men's Four/Five,"Todos los pares internos son SAFE_ALIAS; atributos de dominio homogéneos; canon elegido por información, calidad de fuente, cobertura y desempate por ID."
EV00235,1973;2545,"Athletics Men's 5,000 metres | Athletics Men's 5,000 metres, Team",2,athletics,athletics,men,1,1,0,0,,SAFE_EVENT_COMPONENT,2545,"Athletics Men's 5,000 metres, Team","Todos los pares internos son SAFE_ALIAS; atributos de dominio homogéneos; canon elegido por información, calidad de fuente, cobertura y desempate por ID."
EV00236,2013;2536;2547,Rowing Men's Coxed Pairs | Rowing Men's Coxed Pairs (1 kilometres) | Rowing Men's Coxed Pairs (1 mile),3,rowing,rowing,men,3,2,0,0,,SAFE_EVENT_COMPONENT,2536,Rowing Men's Coxed Pairs (1 kilometres),"Todos los pares internos son SAFE_ALIAS; atributos de dominio homogéneos; canon elegido por información, calidad de fuente, cobertura y desempate por ID."
EV00237,2026;2315;2333,Weightlifting Men's Heavyweight | Weightlifting Men's Heavyweight I | Weightlifting Men's Heavyweight II,3,weightlifting,weightlifting,men,3,2,0,0,,SAFE_EVENT_COMPONENT,2333,Weightlifting Men's Heavyweight II,"Todos los pares internos son SAFE_ALIAS; atributos de dominio homogéneos; canon elegido por información, calidad de fuente, cobertura y desempate por ID."
EV00238,2044;2316,"Athletics Women's 3,000 metres | Athletics Women's 3,000 metres Steeplechase",2,athletics,athletics,women,1,1,0,0,,SAFE_EVENT_COMPONENT,2316,"Athletics Women's 3,000 metres Steeplechase","Todos los pares internos son SAFE_ALIAS; atributos de dominio homogéneos; canon elegido por información, calidad de fuente, cobertura y desempate por ID."
EV00239,2065;2128;2309,"Wrestling Men's Middleweight A, Greco-Roman | Wrestling Men's Middleweight B, Greco-Roman | Wrestling Men's Middleweight, Greco-Roman",3,wrestling,wrestling greco roman,men,3,2,0,0,,SAFE_EVENT_COMPONENT,2128,"Wrestling Men's Middleweight A, Greco-Roman","Todos los pares internos son SAFE_ALIAS; atributos de dominio homogéneos; canon elegido por información, calidad de fuente, cobertura y desempate por ID."
EV00240,2084;2455,"Swimming Men's 1,200 metres Freestyle | Swimming Men's 200 metres Freestyle",2,aquatics,swimming,men,1,1,0,0,,SAFE_EVENT_COMPONENT,2455,"Swimming Men's 1,200 metres Freestyle","Todos los pares internos son SAFE_ALIAS; atributos de dominio homogéneos; canon elegido por información, calidad de fuente, cobertura y desempate por ID."
EV00241,2105;2531;2532,"Nordic Combined Men's Individual | Nordic Combined Men's Large Hill / 10 km, Individual | Nordic Combined Men's Normal Hill / 10 km, Individual",3,skiing,nordic combined,men,3,2,0,0,,SAFE_EVENT_COMPONENT,2531,"Nordic Combined Men's Normal Hill / 10 km, Individual","Todos los pares internos son SAFE_ALIAS; atributos de dominio homogéneos; canon elegido por información, calidad de fuente, cobertura y desempate por ID."
EV00242,2107;2385;2397,"Rowing Men's Coxed Fours | Rowing Men's Coxed Fours, Inriggers | Rowing Men's Coxed Fours, Outriggers",3,rowing,rowing,men,3,2,0,0,,SAFE_EVENT_COMPONENT,2385,"Rowing Men's Coxed Fours, Outriggers","Todos los pares internos son SAFE_ALIAS; atributos de dominio homogéneos; canon elegido por información, calidad de fuente, cobertura y desempate por ID."
EV00243,2110;2111;2388;2588,"Art Competitions Mixed Architecture | Art Competitions Mixed Architecture, Architectural Designs | Art Competitions Mixed Architecture, Designs For Town Planning | Art Competitions Mixed Architecture, Unknown Event",4,art competitions,art competitions,mixed,6,3,0,0,,SAFE_EVENT_COMPONENT,2110,"Art Competitions Mixed Architecture, Designs For Town Planning","Todos los pares internos son SAFE_ALIAS; atributos de dominio homogéneos; canon elegido por información, calidad de fuente, cobertura y desempate por ID."
EV00244,2148;2149;2365;2368,Cross Country Skiing Women's 10 kilometres | Cross Country Skiing Women's 5 kilometres | Cross Country Skiing Women's 5/10 kilometres Pursuit | Cross Country Skiing Women's 5/5 kilometres Pursuit,4,skiing,cross country skiing,women,6,3,1,0,"fuente2:[('1992', 'Winter'), ('1994', 'Winter'), ('1998', 'Winter')]",REVIEW_EVENT_COMPONENT,2365,Cross Country Skiing Women's 5/10 kilometres Pursuit,contiene CONFLICT_ALIAS/REVIEW_ALIAS interno; coexistencia en misma fuente/edición
EV00245,2163;2594,Archery Men's Team | Archery Men's Team Round,2,archery,archery,men,1,1,0,0,,SAFE_EVENT_COMPONENT,2594,Archery Men's Team Round,"Todos los pares internos son SAFE_ALIAS; atributos de dominio homogéneos; canon elegido por información, calidad de fuente, cobertura y desempate por ID."
EV00246,2181;2188;2328;2495;2499,"Art Competitions Mixed Painting | Art Competitions Mixed Painting, Applied Arts | Art Competitions Mixed Painting, Graphic Arts | Art Competitions Mixed Painting, Paintings | Art Competitions Mixed Painting, Unknown Event",5,art competitions,art competitions,mixed,10,4,0,0,,SAFE_EVENT_COMPONENT,2188,"Art Competitions Mixed Painting, Unknown Event","Todos los pares internos son SAFE_ALIAS; atributos de dominio homogéneos; canon elegido por información, calidad de fuente, cobertura y desempate por ID."
EV00247,2191;2659,"Swimming Men's 1,500 metres Freestyle | Swimming Men's 500 metres Freestyle",2,aquatics,swimming,men,1,1,0,0,,SAFE_EVENT_COMPONENT,2191,"Swimming Men's 1,500 metres Freestyle","Todos los pares internos son SAFE_ALIAS; atributos de dominio homogéneos; canon elegido por información, calidad de fuente, cobertura y desempate por ID."
EV00248,2206;2491;2497;2519;2548;2555;2556;2587;2616,"Art Competitions Mixed Literature | Art Competitions Mixed Literature, Dramatic Works | Art Competitions Mixed Literature, Epic Works | Art Competitions Mixed Literature, Lyric Works | Art Competitions Mixed Literature, Unknown Event | Art Competitions Mixed Music | Art Competitions Mixed Music, Unknown Event | Art Competitions Mixed Music, Vocals | Art Competitions Mixed Unknown Event",9,art competitions,art competitions,mixed,36,8,0,0,,SAFE_EVENT_COMPONENT,2556,"Art Competitions Mixed Literature, Dramatic Works","Todos los pares internos son SAFE_ALIAS; atributos de dominio homogéneos; canon elegido por información, calidad de fuente, cobertura y desempate por ID."
EV00249,2301;2611,Sailing Mixed 5.5 metres | Sailing Mixed 6.5 metres,2,sailing,sailing,mixed,1,1,0,0,,SAFE_EVENT_COMPONENT,2301,Sailing Mixed 5.5 metres,"Todos los pares internos son SAFE_ALIAS; atributos de dominio homogéneos; canon elegido por información, calidad de fuente, cobertura y desempate por ID."
EV00250,2312;2454,Athletics Men's Pentathlon | Athletics Men's Pentathlon (Ancient),2,athletics,athletics,men,1,1,0,0,,SAFE_EVENT_COMPONENT,2312,Athletics Men's Pentathlon (Ancient),"Todos los pares internos son SAFE_ALIAS; atributos de dominio homogéneos; canon elegido por información, calidad de fuente, cobertura y desempate por ID."
EV00251,2442;2443,Snowboarding Men's Giant Slalom | Snowboarding Men's Parallel Giant Slalom,2,skiing,snowboard,men,1,1,0,0,,SAFE_EVENT_COMPONENT,2443,Snowboarding Men's Parallel Giant Slalom,"Todos los pares internos son SAFE_ALIAS; atributos de dominio homogéneos; canon elegido por información, calidad de fuente, cobertura y desempate por ID."
EV00252,2541;2567,Snowboarding Women's Giant Slalom | Snowboarding Women's Parallel Giant Slalom,2,skiing,snowboard,women,1,1,0,0,,SAFE_EVENT_COMPONENT,2567,Snowboarding Women's Parallel Giant Slalom,"Todos los pares internos son SAFE_ALIAS; atributos de dominio homogéneos; canon elegido por información, calidad de fuente, cobertura y desempate por ID."
EV00253,2581;2626,"Shooting Men's Military Rifle, Kneeling Or Standing, 300 metres | Shooting Men's Military Rifle, Standing, 300 metres",2,shooting,shooting,men,1,1,0,0,,SAFE_EVENT_COMPONENT,2581,"Shooting Men's Military Rifle, Kneeling Or Standing, 300 metres","Todos los pares internos son SAFE_ALIAS; atributos de dominio homogéneos; canon elegido por información, calidad de fuente, cobertura y desempate por ID."
EV00254,2675;3062,Men's Pair | Men's Pair Team,2,rowing,rowing,men,1,1,0,0,,SAFE_EVENT_COMPONENT,2675,Men's Pair Team,"Todos los pares internos son SAFE_ALIAS; atributos de dominio homogéneos; canon elegido por información, calidad de fuente, cobertura y desempate por ID."
EV00255,2724;3104,Women's Synchronised 3m Springboard | Women's Synchronised 3m Springboard Team,2,aquatics,diving,women,1,1,0,0,,SAFE_EVENT_COMPONENT,2724,Women's Synchronised 3m Springboard Team,"Todos los pares internos son SAFE_ALIAS; atributos de dominio homogéneos; canon elegido por información, calidad de fuente, cobertura y desempate por ID."
EV00256,2743;3097,Mixed 4 x 100m Medley Relay | Mixed 4 x 100m Medley Relay Team,2,aquatics,swimming,mixed,1,1,0,0,,SAFE_EVENT_COMPONENT,2743,Mixed 4 x 100m Medley Relay Team,"Todos los pares internos son SAFE_ALIAS; atributos de dominio homogéneos; canon elegido por información, calidad de fuente, cobertura y desempate por ID."
EV00257,2749;3096,Men's 4 x 100m Freestyle Relay | Men's 4 x 100m Freestyle Relay Team,2,aquatics,swimming,men,1,1,0,0,,SAFE_EVENT_COMPONENT,2749,Men's 4 x 100m Freestyle Relay Team,"Todos los pares internos son SAFE_ALIAS; atributos de dominio homogéneos; canon elegido por información, calidad de fuente, cobertura y desempate por ID."
EV00258,2756;3005;3006,Men's Kayak | Men's Kayak Cross | Men's Kayak Single,3,canoeing,canoe slalom,men,3,2,0,0,,SAFE_EVENT_COMPONENT,3005,Men's Kayak Single,"Todos los pares internos son SAFE_ALIAS; atributos de dominio homogéneos; canon elegido por información, calidad de fuente, cobertura y desempate por ID."
EV00259,2758;3071,Men's Eight | Men's Eight Team,2,rowing,rowing,men,1,1,0,0,,SAFE_EVENT_COMPONENT,2758,Men's Eight Team,"Todos los pares internos son SAFE_ALIAS; atributos de dominio homogéneos; canon elegido por información, calidad de fuente, cobertura y desempate por ID."
EV00260,2789;3014,Women's Synchronised 10m Platform | Women's Synchronised 10m Platform Team,2,aquatics,diving,women,1,1,0,0,,SAFE_EVENT_COMPONENT,2789,Women's Synchronised 10m Platform Team,"Todos los pares internos son SAFE_ALIAS; atributos de dominio homogéneos; canon elegido por información, calidad de fuente, cobertura y desempate por ID."
EV00261,2798;3041,Women's 4 x 100m Freestyle Relay | Women's 4 x 100m Freestyle Relay Team,2,aquatics,swimming,women,1,1,0,0,,SAFE_EVENT_COMPONENT,2798,Women's 4 x 100m Freestyle Relay Team,"Todos los pares internos son SAFE_ALIAS; atributos de dominio homogéneos; canon elegido por información, calidad de fuente, cobertura y desempate por ID."
EV00262,2799;3045,Women's Pair | Women's Pair Team,2,rowing,rowing,women,1,1,0,0,,SAFE_EVENT_COMPONENT,2799,Women's Pair Team,"Todos los pares internos son SAFE_ALIAS; atributos de dominio homogéneos; canon elegido por información, calidad de fuente, cobertura y desempate por ID."
EV00263,2829;3072,Women's Eight | Women's Eight Team,2,rowing,rowing,women,1,1,0,0,,SAFE_EVENT_COMPONENT,2829,Women's Eight Team,"Todos los pares internos son SAFE_ALIAS; atributos de dominio homogéneos; canon elegido por información, calidad de fuente, cobertura y desempate por ID."
EV00264,2835;3020,Women's 60kg | Women's Light (57-60kg),2,boxing,boxing,women,1,1,0,0,,SAFE_EVENT_COMPONENT,2835,Women's Light (57-60kg),"Todos los pares internos son SAFE_ALIAS; atributos de dominio homogéneos; canon elegido por información, calidad de fuente, cobertura y desempate por ID."
EV00265,2852;3101,Women's 4 x 200m Freestyle Relay | Women's 4 x 200m Freestyle Relay Team,2,aquatics,swimming,women,1,1,0,0,,SAFE_EVENT_COMPONENT,2852,Women's 4 x 200m Freestyle Relay Team,"Todos los pares internos son SAFE_ALIAS; atributos de dominio homogéneos; canon elegido por información, calidad de fuente, cobertura y desempate por ID."
EV00266,2876;3025,Women's 4 x 100m Medley Relay | Women's 4 x 100m Medley Relay Team,2,aquatics,swimming,women,1,1,0,0,,SAFE_EVENT_COMPONENT,2876,Women's 4 x 100m Medley Relay Team,"Todos los pares internos son SAFE_ALIAS; atributos de dominio homogéneos; canon elegido por información, calidad de fuente, cobertura y desempate por ID."
EV00267,2887;3077,Women's Canoe Double 500m | Women's Canoe Double 500m Team,2,canoeing,canoe sprint,women,1,1,0,0,,SAFE_EVENT_COMPONENT,2887,Women's Canoe Double 500m Team,"Todos los pares internos son SAFE_ALIAS; atributos de dominio homogéneos; canon elegido por información, calidad de fuente, cobertura y desempate por ID."
EV00268,2891;3043,Men's 4 x 100m Medley Relay | Men's 4 x 100m Medley Relay Team,2,aquatics,swimming,men,1,1,0,0,,SAFE_EVENT_COMPONENT,2891,Men's 4 x 100m Medley Relay Team,"Todos los pares internos son SAFE_ALIAS; atributos de dominio homogéneos; canon elegido por información, calidad de fuente, cobertura y desempate por ID."
EV00269,2899;3046,Women's Four | Women's Four Team,2,rowing,rowing,women,1,1,0,0,,SAFE_EVENT_COMPONENT,2899,Women's Four Team,"Todos los pares internos son SAFE_ALIAS; atributos de dominio homogéneos; canon elegido por información, calidad de fuente, cobertura y desempate por ID."
EV00270,2901;3092,Men's Kayak Four 500m | Men's Kayak Four 500m Team,2,canoeing,canoe sprint,men,1,1,0,0,,SAFE_EVENT_COMPONENT,2901,Men's Kayak Four 500m Team,"Todos los pares internos son SAFE_ALIAS; atributos de dominio homogéneos; canon elegido por información, calidad de fuente, cobertura y desempate por ID."
EV00271,2910;3103,Men's 4 x 200m Freestyle Relay | Men's 4 x 200m Freestyle Relay Team,2,aquatics,swimming,men,1,1,0,0,,SAFE_EVENT_COMPONENT,2910,Men's 4 x 200m Freestyle Relay Team,"Todos los pares internos son SAFE_ALIAS; atributos de dominio homogéneos; canon elegido por información, calidad de fuente, cobertura y desempate por ID."
EV00272,2920;3019,Women's Kayak Double 500m | Women's Kayak Double 500m Team,2,canoeing,canoe sprint,women,1,1,0,0,,SAFE_EVENT_COMPONENT,2920,Women's Kayak Double 500m Team,"Todos los pares internos son SAFE_ALIAS; atributos de dominio homogéneos; canon elegido por información, calidad de fuente, cobertura y desempate por ID."
EV00273,2953;3013,Men's Synchronised 10m Platform | Men's Synchronised 10m Platform Team,2,aquatics,diving,men,1,1,0,0,,SAFE_EVENT_COMPONENT,2953,Men's Synchronised 10m Platform Team,"Todos los pares internos son SAFE_ALIAS; atributos de dominio homogéneos; canon elegido por información, calidad de fuente, cobertura y desempate por ID."
EV00274,2973;3067,Men's Canoe | Men's Canoe Single,2,canoeing,canoe slalom,men,1,1,0,0,,SAFE_EVENT_COMPONENT,3067,Men's Canoe Single,"Todos los pares internos son SAFE_ALIAS; atributos de dominio homogéneos; canon elegido por información, calidad de fuente, cobertura y desempate por ID."
EV00275,2974;3070,Men's Four | Men's Four Team,2,rowing,rowing,men,1,1,0,0,,SAFE_EVENT_COMPONENT,2974,Men's Four Team,"Todos los pares internos son SAFE_ALIAS; atributos de dominio homogéneos; canon elegido por información, calidad de fuente, cobertura y desempate por ID."
EV00276,2978;3079,Women's Canoe | Women's Canoe Single,2,canoeing,canoe slalom,women,1,1,0,0,,SAFE_EVENT_COMPONENT,3079,Women's Canoe Single,"Todos los pares internos son SAFE_ALIAS; atributos de dominio homogéneos; canon elegido por información, calidad de fuente, cobertura y desempate por ID."
EV00277,2984;3091,Women's Kayak Four 500m | Women's Kayak Four 500m Team,2,canoeing,canoe sprint,women,1,1,0,0,,SAFE_EVENT_COMPONENT,2984,Women's Kayak Four 500m Team,"Todos los pares internos son SAFE_ALIAS; atributos de dominio homogéneos; canon elegido por información, calidad de fuente, cobertura y desempate por ID."
EV00278,2988;3017;3018,Women's Kayak | Women's Kayak Cross | Women's Kayak Single,3,canoeing,canoe slalom,women,3,2,0,0,,SAFE_EVENT_COMPONENT,3017,Women's Kayak Single,"Todos los pares internos son SAFE_ALIAS; atributos de dominio homogéneos; canon elegido por información, calidad de fuente, cobertura y desempate por ID."
EV00279,2991;3015,Men's Synchronised 3m Springboard | Men's Synchronised 3m Springboard Team,2,aquatics,diving,men,1,1,0,0,,SAFE_EVENT_COMPONENT,2991,Men's Synchronised 3m Springboard Team,"Todos los pares internos son SAFE_ALIAS; atributos de dominio homogéneos; canon elegido por información, calidad de fuente, cobertura y desempate por ID."
