componente_evento,id_evento_origen,nombre_origen,id_evento_canonico_propuesto,nombre_canonico_propuesto,merge_propuesto,estado_componente,razon
EV00001,1,"Singles, Men (Olympic)",1,"Singles, Men (Olympic)",NO,SAFE_EVENT_COMPONENT,"Todos los pares internos son SAFE_ALIAS; atributos de dominio homogéneos; canon elegido por información, calidad de fuente, cobertura y desempate por ID."
EV00001,2091,Tennis Men's Singles,1,"Singles, Men (Olympic)",YES,SAFE_EVENT_COMPONENT,"Todos los pares internos son SAFE_ALIAS; atributos de dominio homogéneos; canon elegido por información, calidad de fuente, cobertura y desempate por ID."
EV00001,2897,Men's Singles,1,"Singles, Men (Olympic)",YES,SAFE_EVENT_COMPONENT,"Todos los pares internos son SAFE_ALIAS; atributos de dominio homogéneos; canon elegido por información, calidad de fuente, cobertura y desempate por ID."
EV00002,2,"Doubles, Men (Olympic)",2,"Doubles, Men (Olympic)",NO,SAFE_EVENT_COMPONENT,"Todos los pares internos son SAFE_ALIAS; atributos de dominio homogéneos; canon elegido por información, calidad de fuente, cobertura y desempate por ID."
EV00002,1992,Tennis Men's Doubles,2,"Doubles, Men (Olympic)",YES,SAFE_EVENT_COMPONENT,"Todos los pares internos son SAFE_ALIAS; atributos de dominio homogéneos; canon elegido por información, calidad de fuente, cobertura y desempate por ID."
EV00002,2898,Men's Doubles Team,2,"Doubles, Men (Olympic)",YES,SAFE_EVENT_COMPONENT,"Todos los pares internos son SAFE_ALIAS; atributos de dominio homogéneos; canon elegido por información, calidad de fuente, cobertura y desempate por ID."
EV00002,3054,Men's Doubles,2,"Doubles, Men (Olympic)",YES,SAFE_EVENT_COMPONENT,"Todos los pares internos son SAFE_ALIAS; atributos de dominio homogéneos; canon elegido por información, calidad de fuente, cobertura y desempate por ID."
EV00003,3,"Doubles, Mixed (Olympic)",1717,"Doubles, Mixed Youth (YOG)",YES,SAFE_EVENT_COMPONENT,"Todos los pares internos son SAFE_ALIAS; atributos de dominio homogéneos; canon elegido por información, calidad de fuente, cobertura y desempate por ID."
EV00003,1717,"Doubles, Mixed Youth (YOG)",1717,"Doubles, Mixed Youth (YOG)",NO,SAFE_EVENT_COMPONENT,"Todos los pares internos son SAFE_ALIAS; atributos de dominio homogéneos; canon elegido por información, calidad de fuente, cobertura y desempate por ID."
EV00003,2409,Tennis Mixed Doubles,1717,"Doubles, Mixed Youth (YOG)",YES,SAFE_EVENT_COMPONENT,"Todos los pares internos son SAFE_ALIAS; atributos de dominio homogéneos; canon elegido por información, calidad de fuente, cobertura y desempate por ID."
EV00003,2937,Mixed Doubles Team,1717,"Doubles, Mixed Youth (YOG)",YES,SAFE_EVENT_COMPONENT,"Todos los pares internos son SAFE_ALIAS; atributos de dominio homogéneos; canon elegido por información, calidad de fuente, cobertura y desempate por ID."
EV00003,3083,Mixed Doubles,1717,"Doubles, Mixed Youth (YOG)",YES,SAFE_EVENT_COMPONENT,"Todos los pares internos son SAFE_ALIAS; atributos de dominio homogéneos; canon elegido por información, calidad de fuente, cobertura y desempate por ID."
EV00004,4,"Singles, Men (Olympic)",4,"Singles, Men (Olympic)",NO,SAFE_EVENT_COMPONENT,"Todos los pares internos son SAFE_ALIAS; atributos de dominio homogéneos; canon elegido por información, calidad de fuente, cobertura y desempate por ID."
EV00004,2745,Men's Singles,4,"Singles, Men (Olympic)",YES,SAFE_EVENT_COMPONENT,"Todos los pares internos son SAFE_ALIAS; atributos de dominio homogéneos; canon elegido por información, calidad de fuente, cobertura y desempate por ID."
EV00005,6,"Singles, Handicap, Men (Olympic (non-medal))",6,"Singles, Handicap, Men (Olympic (non-medal))",NO,SAFE_EVENT_COMPONENT,"Todos los pares internos son SAFE_ALIAS; atributos de dominio homogéneos; canon elegido por información, calidad de fuente, cobertura y desempate por ID."
EV00005,19,"Singles, Men (Olympic (non-medal))",6,"Singles, Handicap, Men (Olympic (non-medal))",YES,SAFE_EVENT_COMPONENT,"Todos los pares internos son SAFE_ALIAS; atributos de dominio homogéneos; canon elegido por información, calidad de fuente, cobertura y desempate por ID."
EV00006,7,"Doubles, Handicap, Men (Olympic (non-medal))",7,"Doubles, Handicap, Men (Olympic (non-medal))",NO,SAFE_EVENT_COMPONENT,"Todos los pares internos son SAFE_ALIAS; atributos de dominio homogéneos; canon elegido por información, calidad de fuente, cobertura y desempate por ID."
EV00006,38,"Doubles, Men (Olympic (non-medal))",7,"Doubles, Handicap, Men (Olympic (non-medal))",YES,SAFE_EVENT_COMPONENT,"Todos los pares internos son SAFE_ALIAS; atributos de dominio homogéneos; canon elegido por información, calidad de fuente, cobertura y desempate por ID."
EV00007,8,"Épée, Individual, Men (Olympic)",,,NO,REVIEW_EVENT_COMPONENT,contiene CONFLICT_ALIAS/REVIEW_ALIAS interno; coexistencia en misma fuente/edición
EV00007,1956,"Fencing Men's epee, Individual",,,NO,REVIEW_EVENT_COMPONENT,contiene CONFLICT_ALIAS/REVIEW_ALIAS interno; coexistencia en misma fuente/edición
EV00007,2428,"Fencing Men's epee, Masters, Individual",,,NO,REVIEW_EVENT_COMPONENT,contiene CONFLICT_ALIAS/REVIEW_ALIAS interno; coexistencia en misma fuente/edición
EV00007,2955,Men's Épée Individual,,,NO,REVIEW_EVENT_COMPONENT,contiene CONFLICT_ALIAS/REVIEW_ALIAS interno; coexistencia en misma fuente/edición
EV00008,24,"Singles, Men (Olympic)",1915,Badminton Men's Singles,YES,SAFE_EVENT_COMPONENT,"Todos los pares internos son SAFE_ALIAS; atributos de dominio homogéneos; canon elegido por información, calidad de fuente, cobertura y desempate por ID."
EV00008,1915,Badminton Men's Singles,1915,Badminton Men's Singles,NO,SAFE_EVENT_COMPONENT,"Todos los pares internos son SAFE_ALIAS; atributos de dominio homogéneos; canon elegido por información, calidad de fuente, cobertura y desempate por ID."
EV00008,2725,Men's Singles,1915,Badminton Men's Singles,YES,SAFE_EVENT_COMPONENT,"Todos los pares internos son SAFE_ALIAS; atributos de dominio homogéneos; canon elegido por información, calidad de fuente, cobertura y desempate por ID."
EV00009,26,"Singles, Women (Olympic)",26,"Singles, Women (Olympic)",NO,SAFE_EVENT_COMPONENT,"Todos los pares internos son SAFE_ALIAS; atributos de dominio homogéneos; canon elegido por información, calidad de fuente, cobertura y desempate por ID."
EV00009,2408,Tennis Women's Singles,26,"Singles, Women (Olympic)",YES,SAFE_EVENT_COMPONENT,"Todos los pares internos son SAFE_ALIAS; atributos de dominio homogéneos; canon elegido por información, calidad de fuente, cobertura y desempate por ID."
EV00009,2830,Women's Singles,26,"Singles, Women (Olympic)",YES,SAFE_EVENT_COMPONENT,"Todos los pares internos son SAFE_ALIAS; atributos de dominio homogéneos; canon elegido por información, calidad de fuente, cobertura y desempate por ID."
EV00010,27,"Doubles, Women (Olympic)",27,"Doubles, Women (Olympic)",NO,SAFE_EVENT_COMPONENT,"Todos los pares internos son SAFE_ALIAS; atributos de dominio homogéneos; canon elegido por información, calidad de fuente, cobertura y desempate por ID."
EV00010,2410,Tennis Women's Doubles,27,"Doubles, Women (Olympic)",YES,SAFE_EVENT_COMPONENT,"Todos los pares internos son SAFE_ALIAS; atributos de dominio homogéneos; canon elegido por información, calidad de fuente, cobertura y desempate por ID."
EV00010,2908,Women's Doubles Team,27,"Doubles, Women (Olympic)",YES,SAFE_EVENT_COMPONENT,"Todos los pares internos son SAFE_ALIAS; atributos de dominio homogéneos; canon elegido por información, calidad de fuente, cobertura y desempate por ID."
EV00010,3075,Women's Doubles,27,"Doubles, Women (Olympic)",YES,SAFE_EVENT_COMPONENT,"Todos los pares internos son SAFE_ALIAS; atributos de dominio homogéneos; canon elegido por información, calidad de fuente, cobertura y desempate por ID."
EV00011,28,"Doubles, Women (Olympic)",2363,Badminton Women's Doubles,YES,SAFE_EVENT_COMPONENT,"Todos los pares internos son SAFE_ALIAS; atributos de dominio homogéneos; canon elegido por información, calidad de fuente, cobertura y desempate por ID."
EV00011,2363,Badminton Women's Doubles,2363,Badminton Women's Doubles,NO,SAFE_EVENT_COMPONENT,"Todos los pares internos son SAFE_ALIAS; atributos de dominio homogéneos; canon elegido por información, calidad de fuente, cobertura y desempate por ID."
EV00011,2981,Women's Doubles Team,2363,Badminton Women's Doubles,YES,SAFE_EVENT_COMPONENT,"Todos los pares internos son SAFE_ALIAS; atributos de dominio homogéneos; canon elegido por información, calidad de fuente, cobertura y desempate por ID."
EV00011,3038,Women's Doubles,2363,Badminton Women's Doubles,YES,SAFE_EVENT_COMPONENT,"Todos los pares internos son SAFE_ALIAS; atributos de dominio homogéneos; canon elegido por información, calidad de fuente, cobertura y desempate por ID."
EV00012,29,"Doubles, Mixed (Olympic)",100,"Doubles, Mixed (Olympic (non-medal))",YES,SAFE_EVENT_COMPONENT,"Todos los pares internos son SAFE_ALIAS; atributos de dominio homogéneos; canon elegido por información, calidad de fuente, cobertura y desempate por ID."
EV00012,100,"Doubles, Mixed (Olympic (non-medal))",100,"Doubles, Mixed (Olympic (non-medal))",NO,SAFE_EVENT_COMPONENT,"Todos los pares internos son SAFE_ALIAS; atributos de dominio homogéneos; canon elegido por información, calidad de fuente, cobertura y desempate por ID."
EV00012,1713,"Doubles, Mixed Youth (YOG)",100,"Doubles, Mixed (Olympic (non-medal))",YES,SAFE_EVENT_COMPONENT,"Todos los pares internos son SAFE_ALIAS; atributos de dominio homogéneos; canon elegido por información, calidad de fuente, cobertura y desempate por ID."
EV00012,2241,Badminton Mixed Doubles,100,"Doubles, Mixed (Olympic (non-medal))",YES,SAFE_EVENT_COMPONENT,"Todos los pares internos son SAFE_ALIAS; atributos de dominio homogéneos; canon elegido por información, calidad de fuente, cobertura y desempate por ID."
EV00012,2985,Mixed Doubles Team,100,"Doubles, Mixed (Olympic (non-medal))",YES,SAFE_EVENT_COMPONENT,"Todos los pares internos son SAFE_ALIAS; atributos de dominio homogéneos; canon elegido por información, calidad de fuente, cobertura y desempate por ID."
EV00012,3027,Mixed Doubles,100,"Doubles, Mixed (Olympic (non-medal))",YES,SAFE_EVENT_COMPONENT,"Todos los pares internos son SAFE_ALIAS; atributos de dominio homogéneos; canon elegido por información, calidad de fuente, cobertura y desempate por ID."
EV00013,30,"Singles, Handicap, Women (Olympic (non-medal))",30,"Singles, Handicap, Women (Olympic (non-medal))",NO,SAFE_EVENT_COMPONENT,"Todos los pares internos son SAFE_ALIAS; atributos de dominio homogéneos; canon elegido por información, calidad de fuente, cobertura y desempate por ID."
EV00013,36,"Singles, Women (Olympic (non-medal))",30,"Singles, Handicap, Women (Olympic (non-medal))",YES,SAFE_EVENT_COMPONENT,"Todos los pares internos son SAFE_ALIAS; atributos de dominio homogéneos; canon elegido por información, calidad de fuente, cobertura y desempate por ID."
EV00014,31,"Singles, Women (Olympic)",31,"Singles, Women (Olympic)",NO,SAFE_EVENT_COMPONENT,"Todos los pares internos son SAFE_ALIAS; atributos de dominio homogéneos; canon elegido por información, calidad de fuente, cobertura y desempate por ID."
EV00014,2952,Women's Singles,31,"Singles, Women (Olympic)",YES,SAFE_EVENT_COMPONENT,"Todos los pares internos son SAFE_ALIAS; atributos de dominio homogéneos; canon elegido por información, calidad de fuente, cobertura y desempate por ID."
EV00015,33,"Singles, Women (Olympic)",2089,Badminton Women's Singles,YES,SAFE_EVENT_COMPONENT,"Todos los pares internos son SAFE_ALIAS; atributos de dominio homogéneos; canon elegido por información, calidad de fuente, cobertura y desempate por ID."
EV00015,2089,Badminton Women's Singles,2089,Badminton Women's Singles,NO,SAFE_EVENT_COMPONENT,"Todos los pares internos son SAFE_ALIAS; atributos de dominio homogéneos; canon elegido por información, calidad de fuente, cobertura y desempate por ID."
EV00015,2707,Women's Singles,2089,Badminton Women's Singles,YES,SAFE_EVENT_COMPONENT,"Todos los pares internos son SAFE_ALIAS; atributos de dominio homogéneos; canon elegido por información, calidad de fuente, cobertura y desempate por ID."
EV00016,34,"Doubles, Men (Olympic)",2321,Badminton Men's Doubles,YES,SAFE_EVENT_COMPONENT,"Todos los pares internos son SAFE_ALIAS; atributos de dominio homogéneos; canon elegido por información, calidad de fuente, cobertura y desempate por ID."
EV00016,2321,Badminton Men's Doubles,2321,Badminton Men's Doubles,NO,SAFE_EVENT_COMPONENT,"Todos los pares internos son SAFE_ALIAS; atributos de dominio homogéneos; canon elegido por información, calidad de fuente, cobertura y desempate por ID."
EV00016,2796,Men's Doubles Team,2321,Badminton Men's Doubles,YES,SAFE_EVENT_COMPONENT,"Todos los pares internos son SAFE_ALIAS; atributos de dominio homogéneos; canon elegido por información, calidad de fuente, cobertura y desempate por ID."
EV00016,3037,Men's Doubles,2321,Badminton Men's Doubles,YES,SAFE_EVENT_COMPONENT,"Todos los pares internos son SAFE_ALIAS; atributos de dominio homogéneos; canon elegido por información, calidad de fuente, cobertura y desempate por ID."
EV00017,37,"Team, Women (Olympic)",37,"Team, Women (Olympic)",NO,SAFE_EVENT_COMPONENT,"Todos los pares internos son SAFE_ALIAS; atributos de dominio homogéneos; canon elegido por información, calidad de fuente, cobertura y desempate por ID."
EV00017,2693,Women's Team,37,"Team, Women (Olympic)",YES,SAFE_EVENT_COMPONENT,"Todos los pares internos son SAFE_ALIAS; atributos de dominio homogéneos; canon elegido por información, calidad de fuente, cobertura y desempate por ID."
EV00018,39,"Hockey, Men (Olympic)",39,"Hockey, Men (Olympic)",NO,SAFE_EVENT_COMPONENT,"Todos los pares internos son SAFE_ALIAS; atributos de dominio homogéneos; canon elegido por información, calidad de fuente, cobertura y desempate por ID."
EV00018,2019,Hockey Men's Hockey,39,"Hockey, Men (Olympic)",YES,SAFE_EVENT_COMPONENT,"Todos los pares internos son SAFE_ALIAS; atributos de dominio homogéneos; canon elegido por información, calidad de fuente, cobertura y desempate por ID."
EV00019,46,"110 metres Hurdles, Men (Olympic)",542,"110 metres Hurdles, Men (Intercalated)",YES,SAFE_EVENT_COMPONENT,"Todos los pares internos son SAFE_ALIAS; atributos de dominio homogéneos; canon elegido por información, calidad de fuente, cobertura y desempate por ID."
EV00019,542,"110 metres Hurdles, Men (Intercalated)",542,"110 metres Hurdles, Men (Intercalated)",NO,SAFE_EVENT_COMPONENT,"Todos los pares internos son SAFE_ALIAS; atributos de dominio homogéneos; canon elegido por información, calidad de fuente, cobertura y desempate por ID."
EV00020,47,"High Jump, Men (Olympic)",1947,Athletics Men's High Jump,YES,SAFE_EVENT_COMPONENT,"Todos los pares internos son SAFE_ALIAS; atributos de dominio homogéneos; canon elegido por información, calidad de fuente, cobertura y desempate por ID."
EV00020,1947,Athletics Men's High Jump,1947,Athletics Men's High Jump,NO,SAFE_EVENT_COMPONENT,"Todos los pares internos son SAFE_ALIAS; atributos de dominio homogéneos; canon elegido por información, calidad de fuente, cobertura y desempate por ID."
EV00020,2810,Men's High Jump,1947,Athletics Men's High Jump,YES,SAFE_EVENT_COMPONENT,"Todos los pares internos son SAFE_ALIAS; atributos de dominio homogéneos; canon elegido por información, calidad de fuente, cobertura y desempate por ID."
EV00021,48,"Pole Vault, Men (Olympic)",1946,Athletics Men's Pole Vault,YES,SAFE_EVENT_COMPONENT,"Todos los pares internos son SAFE_ALIAS; atributos de dominio homogéneos; canon elegido por información, calidad de fuente, cobertura y desempate por ID."
EV00021,1946,Athletics Men's Pole Vault,1946,Athletics Men's Pole Vault,NO,SAFE_EVENT_COMPONENT,"Todos los pares internos son SAFE_ALIAS; atributos de dominio homogéneos; canon elegido por información, calidad de fuente, cobertura y desempate por ID."
EV00021,2982,Men's Pole Vault,1946,Athletics Men's Pole Vault,YES,SAFE_EVENT_COMPONENT,"Todos los pares internos son SAFE_ALIAS; atributos de dominio homogéneos; canon elegido por información, calidad de fuente, cobertura y desempate por ID."
EV00022,49,"Long Jump, Men (Olympic)",1967,Athletics Men's Long Jump,YES,SAFE_EVENT_COMPONENT,"Todos los pares internos son SAFE_ALIAS; atributos de dominio homogéneos; canon elegido por información, calidad de fuente, cobertura y desempate por ID."
EV00022,1967,Athletics Men's Long Jump,1967,Athletics Men's Long Jump,NO,SAFE_EVENT_COMPONENT,"Todos los pares internos son SAFE_ALIAS; atributos de dominio homogéneos; canon elegido por información, calidad de fuente, cobertura y desempate por ID."
EV00022,2979,Men's Long Jump,1967,Athletics Men's Long Jump,YES,SAFE_EVENT_COMPONENT,"Todos los pares internos son SAFE_ALIAS; atributos de dominio homogéneos; canon elegido por información, calidad de fuente, cobertura y desempate por ID."
EV00023,50,"Triple Jump, Men (Olympic)",2080,Athletics Men's Triple Jump,YES,SAFE_EVENT_COMPONENT,"Todos los pares internos son SAFE_ALIAS; atributos de dominio homogéneos; canon elegido por información, calidad de fuente, cobertura y desempate por ID."
EV00023,2080,Athletics Men's Triple Jump,2080,Athletics Men's Triple Jump,NO,SAFE_EVENT_COMPONENT,"Todos los pares internos son SAFE_ALIAS; atributos de dominio homogéneos; canon elegido por información, calidad de fuente, cobertura y desempate por ID."
EV00023,2783,Men's Triple Jump,2080,Athletics Men's Triple Jump,YES,SAFE_EVENT_COMPONENT,"Todos los pares internos son SAFE_ALIAS; atributos de dominio homogéneos; canon elegido por información, calidad de fuente, cobertura y desempate por ID."
EV00024,54,"Team, Men (Olympic)",54,"Team, Men (Olympic)",NO,SAFE_EVENT_COMPONENT,"Todos los pares internos son SAFE_ALIAS; atributos de dominio homogéneos; canon elegido por información, calidad de fuente, cobertura y desempate por ID."
EV00024,2909,Men's Team,54,"Team, Men (Olympic)",YES,SAFE_EVENT_COMPONENT,"Todos los pares internos son SAFE_ALIAS; atributos de dominio homogéneos; canon elegido por información, calidad de fuente, cobertura y desempate por ID."
EV00025,68,"Individual, Men (Olympic)",68,"Individual, Men (Olympic)",NO,SAFE_EVENT_COMPONENT,"Todos los pares internos son SAFE_ALIAS; atributos de dominio homogéneos; canon elegido por información, calidad de fuente, cobertura y desempate por ID."
EV00025,2967,Men's Individual,68,"Individual, Men (Olympic)",YES,SAFE_EVENT_COMPONENT,"Todos los pares internos son SAFE_ALIAS; atributos de dominio homogéneos; canon elegido por información, calidad de fuente, cobertura y desempate por ID."
EV00026,70,"Individual, Men (Olympic)",2162,Archery Men's Individual,YES,SAFE_EVENT_COMPONENT,"Todos los pares internos son SAFE_ALIAS; atributos de dominio homogéneos; canon elegido por información, calidad de fuente, cobertura y desempate por ID."
EV00026,2162,Archery Men's Individual,2162,Archery Men's Individual,NO,SAFE_EVENT_COMPONENT,"Todos los pares internos son SAFE_ALIAS; atributos de dominio homogéneos; canon elegido por información, calidad de fuente, cobertura y desempate por ID."
EV00026,2713,Men's Individual,2162,Archery Men's Individual,YES,SAFE_EVENT_COMPONENT,"Todos los pares internos son SAFE_ALIAS; atributos de dominio homogéneos; canon elegido por información, calidad de fuente, cobertura y desempate por ID."
EV00027,71,"Individual, Women (Olympic)",2034,Archery Women's Individual,YES,SAFE_EVENT_COMPONENT,"Todos los pares internos son SAFE_ALIAS; atributos de dominio homogéneos; canon elegido por información, calidad de fuente, cobertura y desempate por ID."
EV00027,2034,Archery Women's Individual,2034,Archery Women's Individual,NO,SAFE_EVENT_COMPONENT,"Todos los pares internos son SAFE_ALIAS; atributos de dominio homogéneos; canon elegido por información, calidad de fuente, cobertura y desempate por ID."
EV00027,2752,Women's Individual,2034,Archery Women's Individual,YES,SAFE_EVENT_COMPONENT,"Todos los pares internos son SAFE_ALIAS; atributos de dominio homogéneos; canon elegido por información, calidad de fuente, cobertura y desempate por ID."
EV00028,72,"Team, Women (Olympic)",2656,Archery Women's Team Round,YES,SAFE_EVENT_COMPONENT,"Todos los pares internos son SAFE_ALIAS; atributos de dominio homogéneos; canon elegido por información, calidad de fuente, cobertura y desempate por ID."
EV00028,118,"Team Round, Women (Olympic)",2656,Archery Women's Team Round,YES,SAFE_EVENT_COMPONENT,"Todos los pares internos son SAFE_ALIAS; atributos de dominio homogéneos; canon elegido por información, calidad de fuente, cobertura y desempate por ID."
EV00028,2230,Archery Women's Team,2656,Archery Women's Team Round,YES,SAFE_EVENT_COMPONENT,"Todos los pares internos son SAFE_ALIAS; atributos de dominio homogéneos; canon elegido por información, calidad de fuente, cobertura y desempate por ID."
EV00028,2656,Archery Women's Team Round,2656,Archery Women's Team Round,NO,SAFE_EVENT_COMPONENT,"Todos los pares internos son SAFE_ALIAS; atributos de dominio homogéneos; canon elegido por información, calidad de fuente, cobertura y desempate por ID."
EV00028,2865,Women's Team,2656,Archery Women's Team Round,YES,SAFE_EVENT_COMPONENT,"Todos los pares internos son SAFE_ALIAS; atributos de dominio homogéneos; canon elegido por información, calidad de fuente, cobertura y desempate por ID."
EV00029,73,"Team, Men (Olympic)",73,"Team, Men (Olympic)",NO,SAFE_EVENT_COMPONENT,"Todos los pares internos son SAFE_ALIAS; atributos de dominio homogéneos; canon elegido por información, calidad de fuente, cobertura y desempate por ID."
EV00029,2714,Men's Team,73,"Team, Men (Olympic)",YES,SAFE_EVENT_COMPONENT,"Todos los pares internos son SAFE_ALIAS; atributos de dominio homogéneos; canon elegido por información, calidad de fuente, cobertura y desempate por ID."
EV00030,74,"Target Archery, 28 metres, Team, Men (Olympic)",2389,"Archery Men's Target Archery, 28 metres, Team",YES,SAFE_EVENT_COMPONENT,"Todos los pares internos son SAFE_ALIAS; atributos de dominio homogéneos; canon elegido por información, calidad de fuente, cobertura y desempate por ID."
EV00030,2389,"Archery Men's Target Archery, 28 metres, Team",2389,"Archery Men's Target Archery, 28 metres, Team",NO,SAFE_EVENT_COMPONENT,"Todos los pares internos son SAFE_ALIAS; atributos de dominio homogéneos; canon elegido por información, calidad de fuente, cobertura y desempate por ID."
EV00031,75,"Target Archery, 33 metres, Team, Men (Olympic)",2390,"Archery Men's Target Archery, 33 metres, Team",YES,SAFE_EVENT_COMPONENT,"Todos los pares internos son SAFE_ALIAS; atributos de dominio homogéneos; canon elegido por información, calidad de fuente, cobertura y desempate por ID."
EV00031,2390,"Archery Men's Target Archery, 33 metres, Team",2390,"Archery Men's Target Archery, 33 metres, Team",NO,SAFE_EVENT_COMPONENT,"Todos los pares internos son SAFE_ALIAS; atributos de dominio homogéneos; canon elegido por información, calidad de fuente, cobertura y desempate por ID."
EV00032,76,"Target Archery, 50 metres, Team, Men (Olympic)",2391,"Archery Men's Target Archery, 50 metres, Team",YES,SAFE_EVENT_COMPONENT,"Todos los pares internos son SAFE_ALIAS; atributos de dominio homogéneos; canon elegido por información, calidad de fuente, cobertura y desempate por ID."
EV00032,2391,"Archery Men's Target Archery, 50 metres, Team",2391,"Archery Men's Target Archery, 50 metres, Team",NO,SAFE_EVENT_COMPONENT,"Todos los pares internos son SAFE_ALIAS; atributos de dominio homogéneos; canon elegido por información, calidad de fuente, cobertura y desempate por ID."
EV00033,77,"Pole Archery, Small Birds, Individual, Men (Olympic)",2618,"Archery Men's Pole Archery, Small Birds, Individual",YES,SAFE_EVENT_COMPONENT,"Todos los pares internos son SAFE_ALIAS; atributos de dominio homogéneos; canon elegido por información, calidad de fuente, cobertura y desempate por ID."
EV00033,2618,"Archery Men's Pole Archery, Small Birds, Individual",2618,"Archery Men's Pole Archery, Small Birds, Individual",NO,SAFE_EVENT_COMPONENT,"Todos los pares internos son SAFE_ALIAS; atributos de dominio homogéneos; canon elegido por información, calidad de fuente, cobertura y desempate por ID."
EV00034,78,"Pole Archery, Large Birds, Individual, Men (Olympic)",2619,"Archery Men's Pole Archery, Large Birds, Individual",YES,SAFE_EVENT_COMPONENT,"Todos los pares internos son SAFE_ALIAS; atributos de dominio homogéneos; canon elegido por información, calidad de fuente, cobertura y desempate por ID."
EV00034,2619,"Archery Men's Pole Archery, Large Birds, Individual",2619,"Archery Men's Pole Archery, Large Birds, Individual",NO,SAFE_EVENT_COMPONENT,"Todos los pares internos son SAFE_ALIAS; atributos de dominio homogéneos; canon elegido por información, calidad de fuente, cobertura y desempate por ID."
EV00035,79,"Pole Archery, Small Birds, Team, Men (Olympic)",2620,"Archery Men's Pole Archery, Small Birds, Team",YES,SAFE_EVENT_COMPONENT,"Todos los pares internos son SAFE_ALIAS; atributos de dominio homogéneos; canon elegido por información, calidad de fuente, cobertura y desempate por ID."
EV00035,2620,"Archery Men's Pole Archery, Small Birds, Team",2620,"Archery Men's Pole Archery, Small Birds, Team",NO,SAFE_EVENT_COMPONENT,"Todos los pares internos son SAFE_ALIAS; atributos de dominio homogéneos; canon elegido por información, calidad de fuente, cobertura y desempate por ID."
EV00036,80,"Pole Archery, Large Birds, Team, Men (Olympic)",2621,"Archery Men's Pole Archery, Large Birds, Team",YES,SAFE_EVENT_COMPONENT,"Todos los pares internos son SAFE_ALIAS; atributos de dominio homogéneos; canon elegido por información, calidad de fuente, cobertura y desempate por ID."
EV00036,2621,"Archery Men's Pole Archery, Large Birds, Team",2621,"Archery Men's Pole Archery, Large Birds, Team",NO,SAFE_EVENT_COMPONENT,"Todos los pares internos son SAFE_ALIAS; atributos de dominio homogéneos; canon elegido por información, calidad de fuente, cobertura y desempate por ID."
EV00037,87,"Target Archery, 28 metres, Individual, Men (Olympic)",2663,"Archery Men's Target Archery, 28 metres, Individual",YES,SAFE_EVENT_COMPONENT,"Todos los pares internos son SAFE_ALIAS; atributos de dominio homogéneos; canon elegido por información, calidad de fuente, cobertura y desempate por ID."
EV00037,2663,"Archery Men's Target Archery, 28 metres, Individual",2663,"Archery Men's Target Archery, 28 metres, Individual",NO,SAFE_EVENT_COMPONENT,"Todos los pares internos son SAFE_ALIAS; atributos de dominio homogéneos; canon elegido por información, calidad de fuente, cobertura y desempate por ID."
EV00038,88,"Target Archery, 33 metres, Individual, Men (Olympic)",2595,"Archery Men's Target Archery, 33 metres, Individual",YES,SAFE_EVENT_COMPONENT,"Todos los pares internos son SAFE_ALIAS; atributos de dominio homogéneos; canon elegido por información, calidad de fuente, cobertura y desempate por ID."
EV00038,2595,"Archery Men's Target Archery, 33 metres, Individual",2595,"Archery Men's Target Archery, 33 metres, Individual",NO,SAFE_EVENT_COMPONENT,"Todos los pares internos son SAFE_ALIAS; atributos de dominio homogéneos; canon elegido por información, calidad de fuente, cobertura y desempate por ID."
EV00039,89,"Target Archery, 50 metres, Individual, Men (Olympic)",2596,"Archery Men's Target Archery, 50 metres, Individual",YES,SAFE_EVENT_COMPONENT,"Todos los pares internos son SAFE_ALIAS; atributos de dominio homogéneos; canon elegido por información, calidad de fuente, cobertura y desempate por ID."
EV00039,2596,"Archery Men's Target Archery, 50 metres, Individual",2596,"Archery Men's Target Archery, 50 metres, Individual",NO,SAFE_EVENT_COMPONENT,"Todos los pares internos son SAFE_ALIAS; atributos de dominio homogéneos; canon elegido por información, calidad de fuente, cobertura y desempate por ID."
EV00040,96,"Marathon, Men (Olympic)",2041,Athletics Men's Marathon,YES,SAFE_EVENT_COMPONENT,"Todos los pares internos son SAFE_ALIAS; atributos de dominio homogéneos; canon elegido por información, calidad de fuente, cobertura y desempate por ID."
EV00040,2041,Athletics Men's Marathon,2041,Athletics Men's Marathon,NO,SAFE_EVENT_COMPONENT,"Todos los pares internos son SAFE_ALIAS; atributos de dominio homogéneos; canon elegido por información, calidad de fuente, cobertura y desempate por ID."
EV00040,2700,Men's Marathon,2041,Athletics Men's Marathon,YES,SAFE_EVENT_COMPONENT,"Todos los pares internos son SAFE_ALIAS; atributos de dominio homogéneos; canon elegido por información, calidad de fuente, cobertura y desempate por ID."
EV00041,114,"Baseball, Men (Olympic)",115,"Baseball, Men (Olympic (non-medal))",YES,SAFE_EVENT_COMPONENT,"Todos los pares internos son SAFE_ALIAS; atributos de dominio homogéneos; canon elegido por información, calidad de fuente, cobertura y desempate por ID."
EV00041,115,"Baseball, Men (Olympic (non-medal))",115,"Baseball, Men (Olympic (non-medal))",NO,SAFE_EVENT_COMPONENT,"Todos los pares internos son SAFE_ALIAS; atributos de dominio homogéneos; canon elegido por información, calidad de fuente, cobertura y desempate por ID."
EV00042,116,"Team, Mixed (Olympic)",116,"Team, Mixed (Olympic)",NO,SAFE_EVENT_COMPONENT,"Todos los pares internos son SAFE_ALIAS; atributos de dominio homogéneos; canon elegido por información, calidad de fuente, cobertura y desempate por ID."
EV00042,2753,Mixed Team,116,"Team, Mixed (Olympic)",YES,SAFE_EVENT_COMPONENT,"Todos los pares internos son SAFE_ALIAS; atributos de dominio homogéneos; canon elegido por información, calidad de fuente, cobertura y desempate por ID."
EV00043,132,"Individual, Men (Olympic (non-medal))",140,"Individual, Handicap, Men (Olympic (non-medal))",YES,SAFE_EVENT_COMPONENT,"Todos los pares internos son SAFE_ALIAS; atributos de dominio homogéneos; canon elegido por información, calidad de fuente, cobertura y desempate por ID."
EV00043,140,"Individual, Handicap, Men (Olympic (non-medal))",140,"Individual, Handicap, Men (Olympic (non-medal))",NO,SAFE_EVENT_COMPONENT,"Todos los pares internos son SAFE_ALIAS; atributos de dominio homogéneos; canon elegido por información, calidad de fuente, cobertura y desempate por ID."
EV00044,138,"Singles, Men (Olympic (non-medal))",144,"Singles, Handicap, Men (Olympic (non-medal))",YES,SAFE_EVENT_COMPONENT,"Todos los pares internos son SAFE_ALIAS; atributos de dominio homogéneos; canon elegido por información, calidad de fuente, cobertura y desempate por ID."
EV00044,144,"Singles, Handicap, Men (Olympic (non-medal))",144,"Singles, Handicap, Men (Olympic (non-medal))",NO,SAFE_EVENT_COMPONENT,"Todos los pares internos son SAFE_ALIAS; atributos de dominio homogéneos; canon elegido por información, calidad de fuente, cobertura y desempate por ID."
EV00045,139,"Doubles, Men (Olympic (non-medal))",143,"Doubles, Handicap, Men (Olympic (non-medal))",YES,SAFE_EVENT_COMPONENT,"Todos los pares internos son SAFE_ALIAS; atributos de dominio homogéneos; canon elegido por información, calidad de fuente, cobertura y desempate por ID."
EV00045,143,"Doubles, Handicap, Men (Olympic (non-medal))",143,"Doubles, Handicap, Men (Olympic (non-medal))",NO,SAFE_EVENT_COMPONENT,"Todos los pares internos son SAFE_ALIAS; atributos de dominio homogéneos; canon elegido por información, calidad de fuente, cobertura y desempate por ID."
EV00046,150,"Basketball, Men (Olympic)",1900,Basketball Men's Basketball,YES,SAFE_EVENT_COMPONENT,"Todos los pares internos son SAFE_ALIAS; atributos de dominio homogéneos; canon elegido por información, calidad de fuente, cobertura y desempate por ID."
EV00046,1900,Basketball Men's Basketball,1900,Basketball Men's Basketball,NO,SAFE_EVENT_COMPONENT,"Todos los pares internos son SAFE_ALIAS; atributos de dominio homogéneos; canon elegido por información, calidad de fuente, cobertura y desempate por ID."
EV00047,151,"Road Race, Individual, Men (Olympic)",317,"Road Race, Individual, Men (Intercalated)",YES,SAFE_EVENT_COMPONENT,"Todos los pares internos son SAFE_ALIAS; atributos de dominio homogéneos; canon elegido por información, calidad de fuente, cobertura y desempate por ID."
EV00047,317,"Road Race, Individual, Men (Intercalated)",317,"Road Race, Individual, Men (Intercalated)",NO,SAFE_EVENT_COMPONENT,"Todos los pares internos son SAFE_ALIAS; atributos de dominio homogéneos; canon elegido por información, calidad de fuente, cobertura y desempate por ID."
EV00048,152,"Basketball, Women (Olympic)",1982,Basketball Women's Basketball,YES,SAFE_EVENT_COMPONENT,"Todos los pares internos son SAFE_ALIAS; atributos de dominio homogéneos; canon elegido por información, calidad de fuente, cobertura y desempate por ID."
EV00048,1982,Basketball Women's Basketball,1982,Basketball Women's Basketball,NO,SAFE_EVENT_COMPONENT,"Todos los pares internos son SAFE_ALIAS; atributos de dominio homogéneos; canon elegido por información, calidad de fuente, cobertura y desempate por ID."
EV00049,153,"Triple Jump, Women (Olympic)",2370,Athletics Women's Triple Jump,YES,SAFE_EVENT_COMPONENT,"Todos los pares internos son SAFE_ALIAS; atributos de dominio homogéneos; canon elegido por información, calidad de fuente, cobertura y desempate por ID."
EV00049,2370,Athletics Women's Triple Jump,2370,Athletics Women's Triple Jump,NO,SAFE_EVENT_COMPONENT,"Todos los pares internos son SAFE_ALIAS; atributos de dominio homogéneos; canon elegido por información, calidad de fuente, cobertura y desempate por ID."
EV00049,2999,Women's Triple Jump,2370,Athletics Women's Triple Jump,YES,SAFE_EVENT_COMPONENT,"Todos los pares internos son SAFE_ALIAS; atributos de dominio homogéneos; canon elegido por información, calidad de fuente, cobertura y desempate por ID."
EV00050,154,"Handball, Women (Olympic)",1935,Handball Women's Handball,YES,SAFE_EVENT_COMPONENT,"Todos los pares internos son SAFE_ALIAS; atributos de dominio homogéneos; canon elegido por información, calidad de fuente, cobertura y desempate por ID."
EV00050,1935,Handball Women's Handball,1935,Handball Women's Handball,NO,SAFE_EVENT_COMPONENT,"Todos los pares internos son SAFE_ALIAS; atributos de dominio homogéneos; canon elegido por información, calidad de fuente, cobertura y desempate por ID."
EV00051,157,"Decathlon, Men (Olympic)",2123,Athletics Men's Decathlon,YES,SAFE_EVENT_COMPONENT,"Todos los pares internos son SAFE_ALIAS; atributos de dominio homogéneos; canon elegido por información, calidad de fuente, cobertura y desempate por ID."
EV00051,2123,Athletics Men's Decathlon,2123,Athletics Men's Decathlon,NO,SAFE_EVENT_COMPONENT,"Todos los pares internos son SAFE_ALIAS; atributos de dominio homogéneos; canon elegido por información, calidad de fuente, cobertura y desempate por ID."
EV00051,2959,Men's Decathlon,2123,Athletics Men's Decathlon,YES,SAFE_EVENT_COMPONENT,"Todos los pares internos son SAFE_ALIAS; atributos de dominio homogéneos; canon elegido por información, calidad de fuente, cobertura y desempate por ID."
EV00052,158,"Four, Men (Olympic)",240,"Four/Five, Men (Olympic)",YES,SAFE_EVENT_COMPONENT,"Todos los pares internos son SAFE_ALIAS; atributos de dominio homogéneos; canon elegido por información, calidad de fuente, cobertura y desempate por ID."
EV00052,240,"Four/Five, Men (Olympic)",240,"Four/Five, Men (Olympic)",NO,SAFE_EVENT_COMPONENT,"Todos los pares internos son SAFE_ALIAS; atributos de dominio homogéneos; canon elegido por información, calidad de fuente, cobertura y desempate por ID."
EV00053,198,"Single Sculls, Women (Olympic)",198,"Single Sculls, Women (Olympic)",NO,SAFE_EVENT_COMPONENT,"Todos los pares internos son SAFE_ALIAS; atributos de dominio homogéneos; canon elegido por información, calidad de fuente, cobertura y desempate por ID."
EV00053,2021,Rowing Women's Single Sculls,198,"Single Sculls, Women (Olympic)",YES,SAFE_EVENT_COMPONENT,"Todos los pares internos son SAFE_ALIAS; atributos de dominio homogéneos; canon elegido por información, calidad de fuente, cobertura y desempate por ID."
EV00053,2739,Women's Single Sculls,198,"Single Sculls, Women (Olympic)",YES,SAFE_EVENT_COMPONENT,"Todos los pares internos son SAFE_ALIAS; atributos de dominio homogéneos; canon elegido por información, calidad de fuente, cobertura y desempate por ID."
EV00054,201,"100 kilometres Team Time Trial, Men (Olympic)",201,"100 kilometres Team Time Trial, Men (Olympic)",NO,SAFE_EVENT_COMPONENT,"Todos los pares internos son SAFE_ALIAS; atributos de dominio homogéneos; canon elegido por información, calidad de fuente, cobertura y desempate por ID."
EV00054,287,"100 kilometres, Men (Olympic)",201,"100 kilometres Team Time Trial, Men (Olympic)",YES,SAFE_EVENT_COMPONENT,"Todos los pares internos son SAFE_ALIAS; atributos de dominio homogéneos; canon elegido por información, calidad de fuente, cobertura y desempate por ID."
EV00055,202,"Polo, Men (Olympic)",202,"Polo, Men (Olympic)",NO,SAFE_EVENT_COMPONENT,"Todos los pares internos son SAFE_ALIAS; atributos de dominio homogéneos; canon elegido por información, calidad de fuente, cobertura y desempate por ID."
EV00055,2396,Polo Men's Polo,202,"Polo, Men (Olympic)",YES,SAFE_EVENT_COMPONENT,"Todos los pares internos son SAFE_ALIAS; atributos de dominio homogéneos; canon elegido por información, calidad de fuente, cobertura y desempate por ID."
EV00056,203,"Rugby, Men (Olympic)",203,"Rugby, Men (Olympic)",NO,SAFE_EVENT_COMPONENT,"Todos los pares internos son SAFE_ALIAS; atributos de dominio homogéneos; canon elegido por información, calidad de fuente, cobertura y desempate por ID."
EV00056,2332,Rugby Men's Rugby,203,"Rugby, Men (Olympic)",YES,SAFE_EVENT_COMPONENT,"Todos los pares internos son SAFE_ALIAS; atributos de dominio homogéneos; canon elegido por información, calidad de fuente, cobertura y desempate por ID."
EV00057,212,"Lacrosse, Men (Olympic)",405,"Lacrosse, Men (Olympic (non-medal))",YES,SAFE_EVENT_COMPONENT,"Todos los pares internos son SAFE_ALIAS; atributos de dominio homogéneos; canon elegido por información, calidad de fuente, cobertura y desempate por ID."
EV00057,405,"Lacrosse, Men (Olympic (non-medal))",405,"Lacrosse, Men (Olympic (non-medal))",NO,SAFE_EVENT_COMPONENT,"Todos los pares internos son SAFE_ALIAS; atributos de dominio homogéneos; canon elegido por información, calidad de fuente, cobertura y desempate por ID."
EV00057,2379,Lacrosse Men's Lacrosse,405,"Lacrosse, Men (Olympic (non-medal))",YES,SAFE_EVENT_COMPONENT,"Todos los pares internos son SAFE_ALIAS; atributos de dominio homogéneos; canon elegido por información, calidad de fuente, cobertura y desempate por ID."
EV00058,228,"Sabre, Team, Men (Olympic)",2005,"Fencing Men's Sabre, Team",YES,SAFE_EVENT_COMPONENT,"Todos los pares internos son SAFE_ALIAS; atributos de dominio homogéneos; canon elegido por información, calidad de fuente, cobertura y desempate por ID."
EV00058,2005,"Fencing Men's Sabre, Team",2005,"Fencing Men's Sabre, Team",NO,SAFE_EVENT_COMPONENT,"Todos los pares internos son SAFE_ALIAS; atributos de dominio homogéneos; canon elegido por información, calidad de fuente, cobertura y desempate por ID."
EV00058,2722,Men's Sabre Team,2005,"Fencing Men's Sabre, Team",YES,SAFE_EVENT_COMPONENT,"Todos los pares internos son SAFE_ALIAS; atributos de dominio homogéneos; canon elegido por información, calidad de fuente, cobertura y desempate por ID."
EV00059,230,"Individual, Men (Olympic)",414,"Sabre, Individual, Three Hits, Men (Olympic)",YES,SAFE_EVENT_COMPONENT,"Todos los pares internos son SAFE_ALIAS; atributos de dominio homogéneos; canon elegido por información, calidad de fuente, cobertura y desempate por ID."
EV00059,414,"Sabre, Individual, Three Hits, Men (Olympic)",414,"Sabre, Individual, Three Hits, Men (Olympic)",NO,SAFE_EVENT_COMPONENT,"Todos los pares internos son SAFE_ALIAS; atributos de dominio homogéneos; canon elegido por información, calidad de fuente, cobertura y desempate por ID."
EV00060,241,"Sabre, Individual, Men (Olympic)",,,NO,REVIEW_EVENT_COMPONENT,contiene CONFLICT_ALIAS/REVIEW_ALIAS interno; coexistencia en misma fuente/edición
EV00060,2052,"Fencing Men's Sabre, Individual",,,NO,REVIEW_EVENT_COMPONENT,contiene CONFLICT_ALIAS/REVIEW_ALIAS interno; coexistencia en misma fuente/edición
EV00060,2378,"Fencing Men's Sabre, Masters, Individual",,,NO,REVIEW_EVENT_COMPONENT,contiene CONFLICT_ALIAS/REVIEW_ALIAS interno; coexistencia en misma fuente/edición
EV00060,2721,Men's Sabre Individual,,,NO,REVIEW_EVENT_COMPONENT,contiene CONFLICT_ALIAS/REVIEW_ALIAS interno; coexistencia en misma fuente/edición
EV00061,244,"Sprint, Men (Olympic)",2101,Cycling Men's Sprint,YES,SAFE_EVENT_COMPONENT,"Todos los pares internos son SAFE_ALIAS; atributos de dominio homogéneos; canon elegido por información, calidad de fuente, cobertura y desempate por ID."
EV00061,2101,Cycling Men's Sprint,2101,Cycling Men's Sprint,NO,SAFE_EVENT_COMPONENT,"Todos los pares internos son SAFE_ALIAS; atributos de dominio homogéneos; canon elegido por información, calidad de fuente, cobertura y desempate por ID."
EV00061,2940,Men's Sprint,2101,Cycling Men's Sprint,YES,SAFE_EVENT_COMPONENT,"Todos los pares internos son SAFE_ALIAS; atributos de dominio homogéneos; canon elegido por información, calidad de fuente, cobertura y desempate por ID."
EV00062,252,"Cross-Country, Women (Olympic)",252,"Cross-Country, Women (Olympic)",NO,SAFE_EVENT_COMPONENT,"Todos los pares internos son SAFE_ALIAS; atributos de dominio homogéneos; canon elegido por información, calidad de fuente, cobertura y desempate por ID."
EV00062,2961,Women's Cross-country,252,"Cross-Country, Women (Olympic)",YES,SAFE_EVENT_COMPONENT,"Todos los pares internos son SAFE_ALIAS; atributos de dominio homogéneos; canon elegido por información, calidad de fuente, cobertura y desempate por ID."
EV00063,255,"Individual Time Trial, Women (Olympic)",2473,Cycling Women's Individual Time Trial,YES,SAFE_EVENT_COMPONENT,"Todos los pares internos son SAFE_ALIAS; atributos de dominio homogéneos; canon elegido por información, calidad de fuente, cobertura y desempate por ID."
EV00063,2473,Cycling Women's Individual Time Trial,2473,Cycling Women's Individual Time Trial,NO,SAFE_EVENT_COMPONENT,"Todos los pares internos son SAFE_ALIAS; atributos de dominio homogéneos; canon elegido por información, calidad de fuente, cobertura y desempate por ID."
EV00063,2666,Women's Individual Time Trial,2473,Cycling Women's Individual Time Trial,YES,SAFE_EVENT_COMPONENT,"Todos los pares internos son SAFE_ALIAS; atributos de dominio homogéneos; canon elegido por información, calidad de fuente, cobertura y desempate por ID."
EV00064,259,"Sprint, Women (Olympic)",1998,Cycling Women's Sprint,YES,SAFE_EVENT_COMPONENT,"Todos los pares internos son SAFE_ALIAS; atributos de dominio homogéneos; canon elegido por información, calidad de fuente, cobertura y desempate por ID."
EV00064,1998,Cycling Women's Sprint,1998,Cycling Women's Sprint,NO,SAFE_EVENT_COMPONENT,"Todos los pares internos son SAFE_ALIAS; atributos de dominio homogéneos; canon elegido por información, calidad de fuente, cobertura y desempate por ID."
EV00064,2893,Women's Sprint,1998,Cycling Women's Sprint,YES,SAFE_EVENT_COMPONENT,"Todos los pares internos son SAFE_ALIAS; atributos de dominio homogéneos; canon elegido por información, calidad de fuente, cobertura y desempate por ID."
EV00065,262,"3,000 metres, Women (Olympic)",1083,"3,000 metres Steeplechase, Women (Olympic)",YES,SAFE_EVENT_COMPONENT,"Todos los pares internos son SAFE_ALIAS; atributos de dominio homogéneos; canon elegido por información, calidad de fuente, cobertura y desempate por ID."
EV00065,1083,"3,000 metres Steeplechase, Women (Olympic)",1083,"3,000 metres Steeplechase, Women (Olympic)",NO,SAFE_EVENT_COMPONENT,"Todos los pares internos son SAFE_ALIAS; atributos de dominio homogéneos; canon elegido por información, calidad de fuente, cobertura y desempate por ID."
EV00066,266,"Keirin, Women (Olympic)",2538,Cycling Women's Keirin,YES,SAFE_EVENT_COMPONENT,"Todos los pares internos son SAFE_ALIAS; atributos de dominio homogéneos; canon elegido por información, calidad de fuente, cobertura y desempate por ID."
EV00066,2538,Cycling Women's Keirin,2538,Cycling Women's Keirin,NO,SAFE_EVENT_COMPONENT,"Todos los pares internos son SAFE_ALIAS; atributos de dominio homogéneos; canon elegido por información, calidad de fuente, cobertura y desempate por ID."
EV00066,2894,Women's Keirin,2538,Cycling Women's Keirin,YES,SAFE_EVENT_COMPONENT,"Todos los pares internos son SAFE_ALIAS; atributos de dominio homogéneos; canon elegido por información, calidad de fuente, cobertura y desempate por ID."
EV00067,267,"Team Sprint, Women (Olympic)",,,NO,REVIEW_EVENT_COMPONENT,contiene CONFLICT_ALIAS/REVIEW_ALIAS interno
EV00067,2603,Cycling Women's Team Sprint,,,NO,REVIEW_EVENT_COMPONENT,contiene CONFLICT_ALIAS/REVIEW_ALIAS interno
EV00067,2903,Women's Team Sprint Team,,,NO,REVIEW_EVENT_COMPONENT,contiene CONFLICT_ALIAS/REVIEW_ALIAS interno
EV00067,3080,Women's Team Sprint,,,NO,REVIEW_EVENT_COMPONENT,contiene CONFLICT_ALIAS/REVIEW_ALIAS interno
EV00068,272,"Madison, Men (Olympic)",2330,Cycling Men's Madison,YES,SAFE_EVENT_COMPONENT,"Todos los pares internos son SAFE_ALIAS; atributos de dominio homogéneos; canon elegido por información, calidad de fuente, cobertura y desempate por ID."
EV00068,2330,Cycling Men's Madison,2330,Cycling Men's Madison,NO,SAFE_EVENT_COMPONENT,"Todos los pares internos son SAFE_ALIAS; atributos de dominio homogéneos; canon elegido por información, calidad de fuente, cobertura y desempate por ID."
EV00068,2977,Men's Madison Team,2330,Cycling Men's Madison,YES,SAFE_EVENT_COMPONENT,"Todos los pares internos son SAFE_ALIAS; atributos de dominio homogéneos; canon elegido por información, calidad de fuente, cobertura y desempate por ID."
EV00068,3090,Men's Madison,2330,Cycling Men's Madison,YES,SAFE_EVENT_COMPONENT,"Todos los pares internos son SAFE_ALIAS; atributos de dominio homogéneos; canon elegido por información, calidad de fuente, cobertura y desempate por ID."
EV00069,275,"Tandem Sprint, 2,000 metres, Men (Olympic)",325,"Tandem Sprint, 2,000 metres, Men (Intercalated)",YES,SAFE_EVENT_COMPONENT,"Todos los pares internos son SAFE_ALIAS; atributos de dominio homogéneos; canon elegido por información, calidad de fuente, cobertura y desempate por ID."
EV00069,325,"Tandem Sprint, 2,000 metres, Men (Intercalated)",325,"Tandem Sprint, 2,000 metres, Men (Intercalated)",NO,SAFE_EVENT_COMPONENT,"Todos los pares internos son SAFE_ALIAS; atributos de dominio homogéneos; canon elegido por información, calidad de fuente, cobertura y desempate por ID."
EV00070,279,"Individual Time Trial, Men (Olympic)",2336,Cycling Men's Individual Time Trial,YES,SAFE_EVENT_COMPONENT,"Todos los pares internos son SAFE_ALIAS; atributos de dominio homogéneos; canon elegido por información, calidad de fuente, cobertura y desempate por ID."
EV00070,2336,Cycling Men's Individual Time Trial,2336,Cycling Men's Individual Time Trial,NO,SAFE_EVENT_COMPONENT,"Todos los pares internos son SAFE_ALIAS; atributos de dominio homogéneos; canon elegido por información, calidad de fuente, cobertura y desempate por ID."
EV00070,2851,Men's Individual Time Trial,2336,Cycling Men's Individual Time Trial,YES,SAFE_EVENT_COMPONENT,"Todos los pares internos son SAFE_ALIAS; atributos de dominio homogéneos; canon elegido por información, calidad de fuente, cobertura y desempate por ID."
EV00071,285,"Cross-Country, Men (Olympic)",285,"Cross-Country, Men (Olympic)",NO,SAFE_EVENT_COMPONENT,"Todos los pares internos son SAFE_ALIAS; atributos de dominio homogéneos; canon elegido por información, calidad de fuente, cobertura y desempate por ID."
EV00071,2938,Men's Cross-country,285,"Cross-Country, Men (Olympic)",YES,SAFE_EVENT_COMPONENT,"Todos los pares internos son SAFE_ALIAS; atributos de dominio homogéneos; canon elegido por información, calidad de fuente, cobertura y desempate por ID."
EV00072,286,"333⅓ metres Time Trial, Men (Olympic)",319,"333⅓ metres Time Trial, Men (Intercalated)",YES,SAFE_EVENT_COMPONENT,"Todos los pares internos son SAFE_ALIAS; atributos de dominio homogéneos; canon elegido por información, calidad de fuente, cobertura y desempate por ID."
EV00072,319,"333⅓ metres Time Trial, Men (Intercalated)",319,"333⅓ metres Time Trial, Men (Intercalated)",NO,SAFE_EVENT_COMPONENT,"Todos los pares internos son SAFE_ALIAS; atributos de dominio homogéneos; canon elegido por información, calidad de fuente, cobertura y desempate por ID."
EV00073,288,"Team Sprint, Men (Olympic)",,,NO,REVIEW_EVENT_COMPONENT,contiene CONFLICT_ALIAS/REVIEW_ALIAS interno
EV00073,2485,Cycling Men's Team Sprint,,,NO,REVIEW_EVENT_COMPONENT,contiene CONFLICT_ALIAS/REVIEW_ALIAS interno
EV00073,2980,Men's Team Sprint Team,,,NO,REVIEW_EVENT_COMPONENT,contiene CONFLICT_ALIAS/REVIEW_ALIAS interno
EV00073,3102,Men's Team Sprint,,,NO,REVIEW_EVENT_COMPONENT,contiene CONFLICT_ALIAS/REVIEW_ALIAS interno
EV00074,293,"Tandem Sprint, 2,000 metres, Men (Olympic)",320,"Tandem Sprint, 2,000 metres, Men (Intercalated)",YES,SAFE_EVENT_COMPONENT,"Todos los pares internos son SAFE_ALIAS; atributos de dominio homogéneos; canon elegido por información, calidad de fuente, cobertura y desempate por ID."
EV00074,320,"Tandem Sprint, 2,000 metres, Men (Intercalated)",320,"Tandem Sprint, 2,000 metres, Men (Intercalated)",NO,SAFE_EVENT_COMPONENT,"Todos los pares internos son SAFE_ALIAS; atributos de dominio homogéneos; canon elegido por información, calidad de fuente, cobertura y desempate por ID."
EV00075,299,"Keirin, Men (Olympic)",2484,Cycling Men's Keirin,YES,SAFE_EVENT_COMPONENT,"Todos los pares internos son SAFE_ALIAS; atributos de dominio homogéneos; canon elegido por información, calidad de fuente, cobertura y desempate por ID."
EV00075,2484,Cycling Men's Keirin,2484,Cycling Men's Keirin,NO,SAFE_EVENT_COMPONENT,"Todos los pares internos son SAFE_ALIAS; atributos de dominio homogéneos; canon elegido por información, calidad de fuente, cobertura y desempate por ID."
EV00075,2941,Men's Keirin,2484,Cycling Men's Keirin,YES,SAFE_EVENT_COMPONENT,"Todos los pares internos son SAFE_ALIAS; atributos de dominio homogéneos; canon elegido por información, calidad de fuente, cobertura y desempate por ID."
EV00076,301,"Omnium, Men (Olympic)",2477,Cycling Men's Omnium,YES,SAFE_EVENT_COMPONENT,"Todos los pares internos son SAFE_ALIAS; atributos de dominio homogéneos; canon elegido por información, calidad de fuente, cobertura y desempate por ID."
EV00076,2477,Cycling Men's Omnium,2477,Cycling Men's Omnium,NO,SAFE_EVENT_COMPONENT,"Todos los pares internos son SAFE_ALIAS; atributos de dominio homogéneos; canon elegido por información, calidad de fuente, cobertura y desempate por ID."
EV00076,2996,Men's Omnium,2477,Cycling Men's Omnium,YES,SAFE_EVENT_COMPONENT,"Todos los pares internos son SAFE_ALIAS; atributos de dominio homogéneos; canon elegido por información, calidad de fuente, cobertura y desempate por ID."
EV00077,303,"Football, Men (Olympic)",1902,Football Men's Football,YES,SAFE_EVENT_COMPONENT,"Todos los pares internos son SAFE_ALIAS; atributos de dominio homogéneos; canon elegido por información, calidad de fuente, cobertura y desempate por ID."
EV00077,1902,Football Men's Football,1902,Football Men's Football,NO,SAFE_EVENT_COMPONENT,"Todos los pares internos son SAFE_ALIAS; atributos de dominio homogéneos; canon elegido por información, calidad de fuente, cobertura y desempate por ID."
EV00078,306,"Single Sculls, Men (Intercalated)",306,"Single Sculls, Men (Intercalated)",NO,SAFE_EVENT_COMPONENT,"Todos los pares internos son SAFE_ALIAS; atributos de dominio homogéneos; canon elegido por información, calidad de fuente, cobertura y desempate por ID."
EV00078,634,"Single Sculls, Men (Olympic)",306,"Single Sculls, Men (Intercalated)",YES,SAFE_EVENT_COMPONENT,"Todos los pares internos son SAFE_ALIAS; atributos de dominio homogéneos; canon elegido por información, calidad de fuente, cobertura y desempate por ID."
EV00078,2277,Rowing Men's Single Sculls,306,"Single Sculls, Men (Intercalated)",YES,SAFE_EVENT_COMPONENT,"Todos los pares internos son SAFE_ALIAS; atributos de dominio homogéneos; canon elegido por información, calidad de fuente, cobertura y desempate por ID."
EV00078,2820,Men's Single Sculls,306,"Single Sculls, Men (Intercalated)",YES,SAFE_EVENT_COMPONENT,"Todos los pares internos son SAFE_ALIAS; atributos de dominio homogéneos; canon elegido por información, calidad de fuente, cobertura y desempate por ID."
EV00079,338,"Hockey, Women (Olympic)",338,"Hockey, Women (Olympic)",NO,SAFE_EVENT_COMPONENT,"Todos los pares internos son SAFE_ALIAS; atributos de dominio homogéneos; canon elegido por información, calidad de fuente, cobertura y desempate por ID."
EV00079,1944,Hockey Women's Hockey,338,"Hockey, Women (Olympic)",YES,SAFE_EVENT_COMPONENT,"Todos los pares internos son SAFE_ALIAS; atributos de dominio homogéneos; canon elegido por información, calidad de fuente, cobertura y desempate por ID."
EV00080,344,"Cricket, Men (Olympic)",2449,Cricket Men's Cricket,YES,SAFE_EVENT_COMPONENT,"Todos los pares internos son SAFE_ALIAS; atributos de dominio homogéneos; canon elegido por información, calidad de fuente, cobertura y desempate por ID."
EV00080,2449,Cricket Men's Cricket,2449,Cricket Men's Cricket,NO,SAFE_EVENT_COMPONENT,"Todos los pares internos son SAFE_ALIAS; atributos de dominio homogéneos; canon elegido por información, calidad de fuente, cobertura y desempate por ID."
EV00081,358,"Foil, Individual, Men (Olympic)",,,NO,REVIEW_EVENT_COMPONENT,contiene CONFLICT_ALIAS/REVIEW_ALIAS interno; coexistencia en misma fuente/edición
EV00081,1955,"Fencing Men's Foil, Individual",,,NO,REVIEW_EVENT_COMPONENT,contiene CONFLICT_ALIAS/REVIEW_ALIAS interno; coexistencia en misma fuente/edición
EV00081,2427,"Fencing Men's Foil, Masters, Individual",,,NO,REVIEW_EVENT_COMPONENT,contiene CONFLICT_ALIAS/REVIEW_ALIAS interno; coexistencia en misma fuente/edición
EV00081,2731,Men's Foil Individual,,,NO,REVIEW_EVENT_COMPONENT,contiene CONFLICT_ALIAS/REVIEW_ALIAS interno; coexistencia en misma fuente/edición
EV00082,365,"Heavyweight, Greco-Roman, Men (Olympic)",1180,"Heavyweight, Greco-Roman, Men (Intercalated)",YES,SAFE_EVENT_COMPONENT,"Todos los pares internos son SAFE_ALIAS; atributos de dominio homogéneos; canon elegido por información, calidad de fuente, cobertura y desempate por ID."
EV00082,1180,"Heavyweight, Greco-Roman, Men (Intercalated)",1180,"Heavyweight, Greco-Roman, Men (Intercalated)",NO,SAFE_EVENT_COMPONENT,"Todos los pares internos son SAFE_ALIAS; atributos de dominio homogéneos; canon elegido por información, calidad de fuente, cobertura y desempate por ID."
EV00083,372,"Unlimited, Two Hands, Men (Olympic)",1183,"Unlimited, Two Hands, Men (Intercalated)",YES,SAFE_EVENT_COMPONENT,"Todos los pares internos son SAFE_ALIAS; atributos de dominio homogéneos; canon elegido por información, calidad de fuente, cobertura y desempate por ID."
EV00083,1183,"Unlimited, Two Hands, Men (Intercalated)",1183,"Unlimited, Two Hands, Men (Intercalated)",NO,SAFE_EVENT_COMPONENT,"Todos los pares internos son SAFE_ALIAS; atributos de dominio homogéneos; canon elegido por información, calidad de fuente, cobertura y desempate por ID."
EV00084,376,"Discus Throw, Greek Style, Men (Intercalated)",376,"Discus Throw, Greek Style, Men (Intercalated)",NO,SAFE_EVENT_COMPONENT,"Todos los pares internos son SAFE_ALIAS; atributos de dominio homogéneos; canon elegido por información, calidad de fuente, cobertura y desempate por ID."
EV00084,1057,"Discus Throw, Greek Style, Men (Olympic)",376,"Discus Throw, Greek Style, Men (Intercalated)",YES,SAFE_EVENT_COMPONENT,"Todos los pares internos son SAFE_ALIAS; atributos de dominio homogéneos; canon elegido por información, calidad de fuente, cobertura y desempate por ID."
EV00085,379,"Unlimited, Two Hands, Men (Intercalated)",379,"Unlimited, Two Hands, Men (Intercalated)",NO,SAFE_EVENT_COMPONENT,"Todos los pares internos son SAFE_ALIAS; atributos de dominio homogéneos; canon elegido por información, calidad de fuente, cobertura y desempate por ID."
EV00085,735,"Unlimited, Two Hands, Men (Olympic)",379,"Unlimited, Two Hands, Men (Intercalated)",YES,SAFE_EVENT_COMPONENT,"Todos los pares internos son SAFE_ALIAS; atributos de dominio homogéneos; canon elegido por información, calidad de fuente, cobertura y desempate por ID."
EV00086,383,"Shot Put, Men (Olympic)",1928,Athletics Men's Shot Put,YES,SAFE_EVENT_COMPONENT,"Todos los pares internos son SAFE_ALIAS; atributos de dominio homogéneos; canon elegido por información, calidad de fuente, cobertura y desempate por ID."
EV00086,1928,Athletics Men's Shot Put,1928,Athletics Men's Shot Put,NO,SAFE_EVENT_COMPONENT,"Todos los pares internos son SAFE_ALIAS; atributos de dominio homogéneos; canon elegido por información, calidad de fuente, cobertura y desempate por ID."
EV00086,2736,Men's Shot Put,1928,Athletics Men's Shot Put,YES,SAFE_EVENT_COMPONENT,"Todos los pares internos son SAFE_ALIAS; atributos de dominio homogéneos; canon elegido por información, calidad de fuente, cobertura y desempate por ID."
EV00087,393,"Discus Throw, Men (Olympic)",2097,Athletics Men's Discus Throw,YES,SAFE_EVENT_COMPONENT,"Todos los pares internos son SAFE_ALIAS; atributos de dominio homogéneos; canon elegido por información, calidad de fuente, cobertura y desempate por ID."
EV00087,2097,Athletics Men's Discus Throw,2097,Athletics Men's Discus Throw,NO,SAFE_EVENT_COMPONENT,"Todos los pares internos son SAFE_ALIAS; atributos de dominio homogéneos; canon elegido por información, calidad de fuente, cobertura y desempate por ID."
EV00087,2951,Men's Discus Throw,2097,Athletics Men's Discus Throw,YES,SAFE_EVENT_COMPONENT,"Todos los pares internos son SAFE_ALIAS; atributos de dominio homogéneos; canon elegido por información, calidad de fuente, cobertura y desempate por ID."
EV00088,395,"Hammer Throw, Men (Olympic)",2016,Athletics Men's Hammer Throw,YES,SAFE_EVENT_COMPONENT,"Todos los pares internos son SAFE_ALIAS; atributos de dominio homogéneos; canon elegido por información, calidad de fuente, cobertura y desempate por ID."
EV00088,2016,Athletics Men's Hammer Throw,2016,Athletics Men's Hammer Throw,NO,SAFE_EVENT_COMPONENT,"Todos los pares internos son SAFE_ALIAS; atributos de dominio homogéneos; canon elegido por información, calidad de fuente, cobertura y desempate por ID."
EV00088,2869,Men's Hammer Throw,2016,Athletics Men's Hammer Throw,YES,SAFE_EVENT_COMPONENT,"Todos los pares internos son SAFE_ALIAS; atributos de dominio homogéneos; canon elegido por información, calidad de fuente, cobertura y desempate por ID."
EV00089,398,"Javelin Throw, Men (Olympic)",2062,Athletics Men's Javelin Throw,YES,SAFE_EVENT_COMPONENT,"Todos los pares internos son SAFE_ALIAS; atributos de dominio homogéneos; canon elegido por información, calidad de fuente, cobertura y desempate por ID."
EV00089,2062,Athletics Men's Javelin Throw,2062,Athletics Men's Javelin Throw,NO,SAFE_EVENT_COMPONENT,"Todos los pares internos son SAFE_ALIAS; atributos de dominio homogéneos; canon elegido por información, calidad de fuente, cobertura y desempate por ID."
EV00089,2696,Men's Javelin Throw,2062,Athletics Men's Javelin Throw,YES,SAFE_EVENT_COMPONENT,"Todos los pares internos son SAFE_ALIAS; atributos de dominio homogéneos; canon elegido por información, calidad de fuente, cobertura y desempate por ID."
EV00090,406,"Foil, Individual, Women (Olympic)",2242,"Fencing Women's Foil, Individual",YES,SAFE_EVENT_COMPONENT,"Todos los pares internos son SAFE_ALIAS; atributos de dominio homogéneos; canon elegido por información, calidad de fuente, cobertura y desempate por ID."
EV00090,2242,"Fencing Women's Foil, Individual",2242,"Fencing Women's Foil, Individual",NO,SAFE_EVENT_COMPONENT,"Todos los pares internos son SAFE_ALIAS; atributos de dominio homogéneos; canon elegido por información, calidad de fuente, cobertura y desempate por ID."
EV00090,2945,Women's Foil Individual,2242,"Fencing Women's Foil, Individual",YES,SAFE_EVENT_COMPONENT,"Todos los pares internos son SAFE_ALIAS; atributos de dominio homogéneos; canon elegido por información, calidad de fuente, cobertura y desempate por ID."
EV00091,407,"Foil, Team, Women (Olympic)",2212,"Fencing Women's Foil, Team",YES,SAFE_EVENT_COMPONENT,"Todos los pares internos son SAFE_ALIAS; atributos de dominio homogéneos; canon elegido por información, calidad de fuente, cobertura y desempate por ID."
EV00091,2212,"Fencing Women's Foil, Team",2212,"Fencing Women's Foil, Team",NO,SAFE_EVENT_COMPONENT,"Todos los pares internos son SAFE_ALIAS; atributos de dominio homogéneos; canon elegido por información, calidad de fuente, cobertura y desempate por ID."
EV00091,2946,Women's Foil Team,2212,"Fencing Women's Foil, Team",YES,SAFE_EVENT_COMPONENT,"Todos los pares internos son SAFE_ALIAS; atributos de dominio homogéneos; canon elegido por información, calidad de fuente, cobertura y desempate por ID."
EV00092,408,"Épée, Individual, Women (Olympic)",2083,"Fencing Women's epee, Individual",YES,SAFE_EVENT_COMPONENT,"Todos los pares internos son SAFE_ALIAS; atributos de dominio homogéneos; canon elegido por información, calidad de fuente, cobertura y desempate por ID."
EV00092,2083,"Fencing Women's epee, Individual",2083,"Fencing Women's epee, Individual",NO,SAFE_EVENT_COMPONENT,"Todos los pares internos son SAFE_ALIAS; atributos de dominio homogéneos; canon elegido por información, calidad de fuente, cobertura y desempate por ID."
EV00092,2706,Women's Épée Individual,2083,"Fencing Women's epee, Individual",YES,SAFE_EVENT_COMPONENT,"Todos los pares internos son SAFE_ALIAS; atributos de dominio homogéneos; canon elegido por información, calidad de fuente, cobertura y desempate por ID."
EV00093,409,"Épée, Team, Women (Olympic)",2432,"Fencing Women's epee, Team",YES,SAFE_EVENT_COMPONENT,"Todos los pares internos son SAFE_ALIAS; atributos de dominio homogéneos; canon elegido por información, calidad de fuente, cobertura y desempate por ID."
EV00093,2432,"Fencing Women's epee, Team",2432,"Fencing Women's epee, Team",NO,SAFE_EVENT_COMPONENT,"Todos los pares internos son SAFE_ALIAS; atributos de dominio homogéneos; canon elegido por información, calidad de fuente, cobertura y desempate por ID."
EV00093,2968,Women's Épée Team,2432,"Fencing Women's epee, Team",YES,SAFE_EVENT_COMPONENT,"Todos los pares internos son SAFE_ALIAS; atributos de dominio homogéneos; canon elegido por información, calidad de fuente, cobertura y desempate por ID."
EV00094,410,"Foil, Team, Men (Olympic)",2004,"Fencing Men's Foil, Team",YES,SAFE_EVENT_COMPONENT,"Todos los pares internos son SAFE_ALIAS; atributos de dominio homogéneos; canon elegido por información, calidad de fuente, cobertura y desempate por ID."
EV00094,2004,"Fencing Men's Foil, Team",2004,"Fencing Men's Foil, Team",NO,SAFE_EVENT_COMPONENT,"Todos los pares internos son SAFE_ALIAS; atributos de dominio homogéneos; canon elegido por información, calidad de fuente, cobertura y desempate por ID."
EV00094,2732,Men's Foil Team,2004,"Fencing Men's Foil, Team",YES,SAFE_EVENT_COMPONENT,"Todos los pares internos son SAFE_ALIAS; atributos de dominio homogéneos; canon elegido por información, calidad de fuente, cobertura y desempate por ID."
EV00095,411,"Épée, Team, Men (Olympic)",1957,"Fencing Men's epee, Team",YES,SAFE_EVENT_COMPONENT,"Todos los pares internos son SAFE_ALIAS; atributos de dominio homogéneos; canon elegido por información, calidad de fuente, cobertura y desempate por ID."
EV00095,1957,"Fencing Men's epee, Team",1957,"Fencing Men's epee, Team",NO,SAFE_EVENT_COMPONENT,"Todos los pares internos son SAFE_ALIAS; atributos de dominio homogéneos; canon elegido por información, calidad de fuente, cobertura y desempate por ID."
EV00095,2956,Men's Épée Team,1957,"Fencing Men's epee, Team",YES,SAFE_EVENT_COMPONENT,"Todos los pares internos son SAFE_ALIAS; atributos de dominio homogéneos; canon elegido por información, calidad de fuente, cobertura y desempate por ID."
EV00096,412,"100 metres Freestyle, Men (Olympic)",694,"100 metres Freestyle, Men (Intercalated)",YES,SAFE_EVENT_COMPONENT,"Todos los pares internos son SAFE_ALIAS; atributos de dominio homogéneos; canon elegido por información, calidad de fuente, cobertura y desempate por ID."
EV00096,694,"100 metres Freestyle, Men (Intercalated)",694,"100 metres Freestyle, Men (Intercalated)",NO,SAFE_EVENT_COMPONENT,"Todos los pares internos son SAFE_ALIAS; atributos de dominio homogéneos; canon elegido por información, calidad de fuente, cobertura y desempate por ID."
EV00097,413,"500 metres Freestyle, Men (Olympic)",782,"1,500 metres Freestyle, Men (Olympic)",YES,SAFE_EVENT_COMPONENT,"Todos los pares internos son SAFE_ALIAS; atributos de dominio homogéneos; canon elegido por información, calidad de fuente, cobertura y desempate por ID."
EV00097,782,"1,500 metres Freestyle, Men (Olympic)",782,"1,500 metres Freestyle, Men (Olympic)",NO,SAFE_EVENT_COMPONENT,"Todos los pares internos son SAFE_ALIAS; atributos de dominio homogéneos; canon elegido por información, calidad de fuente, cobertura y desempate por ID."
EV00098,418,"400 metres Freestyle, Men (Olympic)",695,"400 metres Freestyle, Men (Intercalated)",YES,SAFE_EVENT_COMPONENT,"Todos los pares internos son SAFE_ALIAS; atributos de dominio homogéneos; canon elegido por información, calidad de fuente, cobertura y desempate por ID."
EV00098,695,"400 metres Freestyle, Men (Intercalated)",695,"400 metres Freestyle, Men (Intercalated)",NO,SAFE_EVENT_COMPONENT,"Todos los pares internos son SAFE_ALIAS; atributos de dominio homogéneos; canon elegido por información, calidad de fuente, cobertura y desempate por ID."
EV00099,428,"Épée, Masters and Amateurs, Individual, Men (Olympic)",2505,"Fencing Men's epee, Masters and Amateurs, Individual",YES,SAFE_EVENT_COMPONENT,"Todos los pares internos son SAFE_ALIAS; atributos de dominio homogéneos; canon elegido por información, calidad de fuente, cobertura y desempate por ID."
EV00099,2505,"Fencing Men's epee, Masters and Amateurs, Individual",2505,"Fencing Men's epee, Masters and Amateurs, Individual",NO,SAFE_EVENT_COMPONENT,"Todos los pares internos son SAFE_ALIAS; atributos de dominio homogéneos; canon elegido por información, calidad de fuente, cobertura y desempate por ID."
EV00100,432,"Small-Bore Rifle, 50 and 100 yards, Team, Men (Olympic)",2420,"Shooting Men's Small-Bore Rifle, 50 and 100 yards, Team",YES,SAFE_EVENT_COMPONENT,"Todos los pares internos son SAFE_ALIAS; atributos de dominio homogéneos; canon elegido por información, calidad de fuente, cobertura y desempate por ID."
EV00100,2420,"Shooting Men's Small-Bore Rifle, 50 and 100 yards, Team",2420,"Shooting Men's Small-Bore Rifle, 50 and 100 yards, Team",NO,SAFE_EVENT_COMPONENT,"Todos los pares internos son SAFE_ALIAS; atributos de dominio homogéneos; canon elegido por información, calidad de fuente, cobertura y desempate por ID."
EV00101,467,"200 metres, Men (Olympic)",733,"Military Rifle, 200 metres, Men (Olympic)",YES,SAFE_EVENT_COMPONENT,"Todos los pares internos son SAFE_ALIAS; atributos de dominio homogéneos; canon elegido por información, calidad de fuente, cobertura y desempate por ID."
EV00101,733,"Military Rifle, 200 metres, Men (Olympic)",733,"Military Rifle, 200 metres, Men (Olympic)",NO,SAFE_EVENT_COMPONENT,"Todos los pares internos son SAFE_ALIAS; atributos de dominio homogéneos; canon elegido por información, calidad de fuente, cobertura y desempate por ID."
EV00101,853,"1,200 metres Freestyle, Men (Olympic)",733,"Military Rifle, 200 metres, Men (Olympic)",YES,SAFE_EVENT_COMPONENT,"Todos los pares internos son SAFE_ALIAS; atributos de dominio homogéneos; canon elegido por información, calidad de fuente, cobertura y desempate por ID."
EV00102,468,"Football, Women (Olympic)",1954,Football Women's Football,YES,SAFE_EVENT_COMPONENT,"Todos los pares internos son SAFE_ALIAS; atributos de dominio homogéneos; canon elegido por información, calidad de fuente, cobertura y desempate por ID."
EV00102,1954,Football Women's Football,1954,Football Women's Football,NO,SAFE_EVENT_COMPONENT,"Todos los pares internos son SAFE_ALIAS; atributos de dominio homogéneos; canon elegido por información, calidad de fuente, cobertura y desempate por ID."
EV00103,480,"Floor Exercise, Women (Olympic)",2114,Gymnastics Women's Floor Exercise,YES,SAFE_EVENT_COMPONENT,"Todos los pares internos son SAFE_ALIAS; atributos de dominio homogéneos; canon elegido por información, calidad de fuente, cobertura y desempate por ID."
EV00103,2114,Gymnastics Women's Floor Exercise,2114,Gymnastics Women's Floor Exercise,NO,SAFE_EVENT_COMPONENT,"Todos los pares internos son SAFE_ALIAS; atributos de dominio homogéneos; canon elegido por información, calidad de fuente, cobertura y desempate por ID."
EV00103,2705,Women's Floor Exercise,2114,Gymnastics Women's Floor Exercise,YES,SAFE_EVENT_COMPONENT,"Todos los pares internos son SAFE_ALIAS; atributos de dominio homogéneos; canon elegido por información, calidad de fuente, cobertura y desempate por ID."
EV00104,482,"Uneven Bars, Women (Olympic)",2116,Gymnastics Women's Uneven Bars,YES,SAFE_EVENT_COMPONENT,"Todos los pares internos son SAFE_ALIAS; atributos de dominio homogéneos; canon elegido por información, calidad de fuente, cobertura y desempate por ID."
EV00104,2116,Gymnastics Women's Uneven Bars,2116,Gymnastics Women's Uneven Bars,NO,SAFE_EVENT_COMPONENT,"Todos los pares internos son SAFE_ALIAS; atributos de dominio homogéneos; canon elegido por información, calidad de fuente, cobertura y desempate por ID."
EV00104,2703,Women's Uneven Bars,2116,Gymnastics Women's Uneven Bars,YES,SAFE_EVENT_COMPONENT,"Todos los pares internos son SAFE_ALIAS; atributos de dominio homogéneos; canon elegido por información, calidad de fuente, cobertura y desempate por ID."
EV00105,483,"Balance Beam, Women (Olympic)",2117,Gymnastics Women's Balance Beam,YES,SAFE_EVENT_COMPONENT,"Todos los pares internos son SAFE_ALIAS; atributos de dominio homogéneos; canon elegido por información, calidad de fuente, cobertura y desempate por ID."
EV00105,2117,Gymnastics Women's Balance Beam,2117,Gymnastics Women's Balance Beam,NO,SAFE_EVENT_COMPONENT,"Todos los pares internos son SAFE_ALIAS; atributos de dominio homogéneos; canon elegido por información, calidad de fuente, cobertura y desempate por ID."
EV00105,2704,Women's Balance Beam,2117,Gymnastics Women's Balance Beam,YES,SAFE_EVENT_COMPONENT,"Todos los pares internos son SAFE_ALIAS; atributos de dominio homogéneos; canon elegido por información, calidad de fuente, cobertura y desempate por ID."
EV00106,488,"Individual All-Around, Men (Olympic)",522,"Individual All-Around, Men (Intercalated)",YES,SAFE_EVENT_COMPONENT,"Todos los pares internos son SAFE_ALIAS; atributos de dominio homogéneos; canon elegido por información, calidad de fuente, cobertura y desempate por ID."
EV00106,522,"Individual All-Around, Men (Intercalated)",522,"Individual All-Around, Men (Intercalated)",NO,SAFE_EVENT_COMPONENT,"Todos los pares internos son SAFE_ALIAS; atributos de dominio homogéneos; canon elegido por información, calidad de fuente, cobertura y desempate por ID."
EV00107,490,"Floor Exercise, Men (Olympic)",1922,Gymnastics Men's Floor Exercise,YES,SAFE_EVENT_COMPONENT,"Todos los pares internos son SAFE_ALIAS; atributos de dominio homogéneos; canon elegido por información, calidad de fuente, cobertura y desempate por ID."
EV00107,1922,Gymnastics Men's Floor Exercise,1922,Gymnastics Men's Floor Exercise,NO,SAFE_EVENT_COMPONENT,"Todos los pares internos son SAFE_ALIAS; atributos de dominio homogéneos; canon elegido por información, calidad de fuente, cobertura y desempate por ID."
EV00107,2668,Men's Floor Exercise,1922,Gymnastics Men's Floor Exercise,YES,SAFE_EVENT_COMPONENT,"Todos los pares internos son SAFE_ALIAS; atributos de dominio homogéneos; canon elegido por información, calidad de fuente, cobertura y desempate por ID."
EV00108,492,"Parallel Bars, Men (Olympic)",1924,Gymnastics Men's Parallel Bars,YES,SAFE_EVENT_COMPONENT,"Todos los pares internos son SAFE_ALIAS; atributos de dominio homogéneos; canon elegido por información, calidad de fuente, cobertura y desempate por ID."
EV00108,1924,Gymnastics Men's Parallel Bars,1924,Gymnastics Men's Parallel Bars,NO,SAFE_EVENT_COMPONENT,"Todos los pares internos son SAFE_ALIAS; atributos de dominio homogéneos; canon elegido por información, calidad de fuente, cobertura y desempate por ID."
EV00108,2672,Men's Parallel Bars,1924,Gymnastics Men's Parallel Bars,YES,SAFE_EVENT_COMPONENT,"Todos los pares internos son SAFE_ALIAS; atributos de dominio homogéneos; canon elegido por información, calidad de fuente, cobertura y desempate por ID."
EV00109,493,"Horizontal Bar, Men (Olympic)",1925,Gymnastics Men's Horizontal Bar,YES,SAFE_EVENT_COMPONENT,"Todos los pares internos son SAFE_ALIAS; atributos de dominio homogéneos; canon elegido por información, calidad de fuente, cobertura y desempate por ID."
EV00109,1925,Gymnastics Men's Horizontal Bar,1925,Gymnastics Men's Horizontal Bar,NO,SAFE_EVENT_COMPONENT,"Todos los pares internos son SAFE_ALIAS; atributos de dominio homogéneos; canon elegido por información, calidad de fuente, cobertura y desempate por ID."
EV00109,2673,Men's Horizontal Bar,1925,Gymnastics Men's Horizontal Bar,YES,SAFE_EVENT_COMPONENT,"Todos los pares internos son SAFE_ALIAS; atributos de dominio homogéneos; canon elegido por información, calidad de fuente, cobertura y desempate por ID."
EV00110,494,"Rings, Men (Olympic)",494,"Rings, Men (Olympic)",NO,SAFE_EVENT_COMPONENT,"Todos los pares internos son SAFE_ALIAS; atributos de dominio homogéneos; canon elegido por información, calidad de fuente, cobertura y desempate por ID."
EV00110,2670,Men's Rings,494,"Rings, Men (Olympic)",YES,SAFE_EVENT_COMPONENT,"Todos los pares internos son SAFE_ALIAS; atributos de dominio homogéneos; canon elegido por información, calidad de fuente, cobertura y desempate por ID."
EV00111,496,"Pole Vault, Women (Olympic)",2139,Athletics Women's Pole Vault,YES,SAFE_EVENT_COMPONENT,"Todos los pares internos son SAFE_ALIAS; atributos de dominio homogéneos; canon elegido por información, calidad de fuente, cobertura y desempate por ID."
EV00111,2139,Athletics Women's Pole Vault,2139,Athletics Women's Pole Vault,NO,SAFE_EVENT_COMPONENT,"Todos los pares internos son SAFE_ALIAS; atributos de dominio homogéneos; canon elegido por información, calidad de fuente, cobertura y desempate por ID."
EV00111,2971,Women's Pole Vault,2139,Athletics Women's Pole Vault,YES,SAFE_EVENT_COMPONENT,"Todos los pares internos son SAFE_ALIAS; atributos de dominio homogéneos; canon elegido por información, calidad de fuente, cobertura y desempate por ID."
EV00112,503,"Rope Climbing, Men (Olympic)",555,"Rope Climbing, Men (Intercalated)",YES,SAFE_EVENT_COMPONENT,"Todos los pares internos son SAFE_ALIAS; atributos de dominio homogéneos; canon elegido por información, calidad de fuente, cobertura y desempate por ID."
EV00112,555,"Rope Climbing, Men (Intercalated)",555,"Rope Climbing, Men (Intercalated)",NO,SAFE_EVENT_COMPONENT,"Todos los pares internos son SAFE_ALIAS; atributos de dominio homogéneos; canon elegido por información, calidad de fuente, cobertura y desempate por ID."
EV00112,933,"Rope Climbing, Men ()",555,"Rope Climbing, Men (Intercalated)",YES,SAFE_EVENT_COMPONENT,"Todos los pares internos son SAFE_ALIAS; atributos de dominio homogéneos; canon elegido por información, calidad de fuente, cobertura y desempate por ID."
EV00113,509,"Free Rifle, Three Positions, 300 metres, Men (Olympic)",,,NO,REVIEW_EVENT_COMPONENT,contiene CONFLICT_ALIAS/REVIEW_ALIAS interno; coexistencia en misma fuente/edición
EV00113,510,"Free Rifle, Three Positions, 300 metres, Team, Men (Olympic)",,,NO,REVIEW_EVENT_COMPONENT,contiene CONFLICT_ALIAS/REVIEW_ALIAS interno; coexistencia en misma fuente/edición
EV00113,740,"Free Rifle, Three Positions, 300 metres, Team, Men (Intercalated)",,,NO,REVIEW_EVENT_COMPONENT,contiene CONFLICT_ALIAS/REVIEW_ALIAS interno; coexistencia en misma fuente/edición
EV00113,2224,"Shooting Men's Free Rifle, Three Positions, 300 metres",,,NO,REVIEW_EVENT_COMPONENT,contiene CONFLICT_ALIAS/REVIEW_ALIAS interno; coexistencia en misma fuente/edición
EV00113,2271,"Shooting Men's Free Rifle, Three Positions, 300 metres, Team",,,NO,REVIEW_EVENT_COMPONENT,contiene CONFLICT_ALIAS/REVIEW_ALIAS interno; coexistencia en misma fuente/edición
EV00114,511,"Military Rifle, Prone, 300 metres, Team, Men (Olympic)",2272,"Shooting Men's Military Rifle, Prone, 300 metres, Team",YES,SAFE_EVENT_COMPONENT,"Todos los pares internos son SAFE_ALIAS; atributos de dominio homogéneos; canon elegido por información, calidad de fuente, cobertura y desempate por ID."
EV00114,2272,"Shooting Men's Military Rifle, Prone, 300 metres, Team",2272,"Shooting Men's Military Rifle, Prone, 300 metres, Team",NO,SAFE_EVENT_COMPONENT,"Todos los pares internos son SAFE_ALIAS; atributos de dominio homogéneos; canon elegido por información, calidad de fuente, cobertura y desempate por ID."
EV00115,513,"Military Rifle, Prone, 600 metres, Team, Men (Olympic)",2273,"Shooting Men's Military Rifle, Prone, 600 metres, Team",YES,SAFE_EVENT_COMPONENT,"Todos los pares internos son SAFE_ALIAS; atributos de dominio homogéneos; canon elegido por información, calidad de fuente, cobertura y desempate por ID."
EV00115,2273,"Shooting Men's Military Rifle, Prone, 600 metres, Team",2273,"Shooting Men's Military Rifle, Prone, 600 metres, Team",NO,SAFE_EVENT_COMPONENT,"Todos los pares internos son SAFE_ALIAS; atributos de dominio homogéneos; canon elegido por información, calidad de fuente, cobertura y desempate por ID."
EV00116,514,"Military Rifle, Standing, 300 metres, Men (Olympic)",,,NO,REVIEW_EVENT_COMPONENT,contiene CONFLICT_ALIAS/REVIEW_ALIAS interno; coexistencia en misma fuente/edición
EV00116,515,"Military Rifle, Standing, 300 metres, Team, Men (Olympic)",,,NO,REVIEW_EVENT_COMPONENT,contiene CONFLICT_ALIAS/REVIEW_ALIAS interno; coexistencia en misma fuente/edición
EV00116,710,"Military Rifle, Kneeling Or Standing, 300 metres, Men (Intercalated)",,,NO,REVIEW_EVENT_COMPONENT,contiene CONFLICT_ALIAS/REVIEW_ALIAS interno; coexistencia en misma fuente/edición
EV00116,2274,"Shooting Men's Military Rifle, Standing, 300 metres, Team",,,NO,REVIEW_EVENT_COMPONENT,contiene CONFLICT_ALIAS/REVIEW_ALIAS interno; coexistencia en misma fuente/edición
EV00117,519,"Running Target, Single Shot, Men (Olympic)",2437,"Shooting Men's Running Target, Single And Double Shot",YES,SAFE_EVENT_COMPONENT,"Todos los pares internos son SAFE_ALIAS; atributos de dominio homogéneos; canon elegido por información, calidad de fuente, cobertura y desempate por ID."
EV00117,520,"Running Target, Double Shot, Men (Olympic)",2437,"Shooting Men's Running Target, Single And Double Shot",YES,SAFE_EVENT_COMPONENT,"Todos los pares internos son SAFE_ALIAS; atributos de dominio homogéneos; canon elegido por información, calidad de fuente, cobertura y desempate por ID."
EV00117,688,"Running Target, Single and Double Shot, Men (Olympic)",2437,"Shooting Men's Running Target, Single And Double Shot",YES,SAFE_EVENT_COMPONENT,"Todos los pares internos son SAFE_ALIAS; atributos de dominio homogéneos; canon elegido por información, calidad de fuente, cobertura y desempate por ID."
EV00117,2253,"Shooting Men's Running Target, Single Shot",2437,"Shooting Men's Running Target, Single And Double Shot",YES,SAFE_EVENT_COMPONENT,"Todos los pares internos son SAFE_ALIAS; atributos de dominio homogéneos; canon elegido por información, calidad de fuente, cobertura y desempate por ID."
EV00117,2254,"Shooting Men's Running Target, Double Shot",2437,"Shooting Men's Running Target, Single And Double Shot",YES,SAFE_EVENT_COMPONENT,"Todos los pares internos son SAFE_ALIAS; atributos de dominio homogéneos; canon elegido por información, calidad de fuente, cobertura y desempate por ID."
EV00117,2437,"Shooting Men's Running Target, Single And Double Shot",2437,"Shooting Men's Running Target, Single And Double Shot",NO,SAFE_EVENT_COMPONENT,"Todos los pares internos son SAFE_ALIAS; atributos de dominio homogéneos; canon elegido por información, calidad de fuente, cobertura y desempate por ID."
EV00118,527,"Lightweight, Greco-Roman, Men (Olympic)",967,"Lightweight, Greco-Roman, Men (Intercalated)",YES,SAFE_EVENT_COMPONENT,"Todos los pares internos son SAFE_ALIAS; atributos de dominio homogéneos; canon elegido por información, calidad de fuente, cobertura y desempate por ID."
EV00118,967,"Lightweight, Greco-Roman, Men (Intercalated)",967,"Lightweight, Greco-Roman, Men (Intercalated)",NO,SAFE_EVENT_COMPONENT,"Todos los pares internos son SAFE_ALIAS; atributos de dominio homogéneos; canon elegido por información, calidad de fuente, cobertura y desempate por ID."
EV00119,544,"Standing Long Jump, Men (Intercalated)",544,"Standing Long Jump, Men (Intercalated)",NO,SAFE_EVENT_COMPONENT,"Todos los pares internos son SAFE_ALIAS; atributos de dominio homogéneos; canon elegido por información, calidad de fuente, cobertura y desempate por ID."
EV00119,561,"Standing Long Jump, Men (Olympic)",544,"Standing Long Jump, Men (Intercalated)",YES,SAFE_EVENT_COMPONENT,"Todos los pares internos son SAFE_ALIAS; atributos de dominio homogéneos; canon elegido por información, calidad de fuente, cobertura y desempate por ID."
EV00120,545,"Individual All-Around, Men (Intercalated)",545,"Individual All-Around, Men (Intercalated)",NO,SAFE_EVENT_COMPONENT,"Todos los pares internos son SAFE_ALIAS; atributos de dominio homogéneos; canon elegido por información, calidad de fuente, cobertura y desempate por ID."
EV00120,1114,"Individual All-Around, Men (Olympic)",545,"Individual All-Around, Men (Intercalated)",YES,SAFE_EVENT_COMPONENT,"Todos los pares internos son SAFE_ALIAS; atributos de dominio homogéneos; canon elegido por información, calidad de fuente, cobertura y desempate por ID."
EV00121,547,"Team All-Around, Men (Intercalated)",547,"Team All-Around, Men (Intercalated)",NO,SAFE_EVENT_COMPONENT,"Todos los pares internos son SAFE_ALIAS; atributos de dominio homogéneos; canon elegido por información, calidad de fuente, cobertura y desempate por ID."
EV00121,1086,"Team All-Around, Men (Olympic)",547,"Team All-Around, Men (Intercalated)",YES,SAFE_EVENT_COMPONENT,"Todos los pares internos son SAFE_ALIAS; atributos de dominio homogéneos; canon elegido por información, calidad de fuente, cobertura y desempate por ID."
EV00122,562,"Standing Long Jump, Men (Olympic)",1142,"Standing Long Jump, Men (Intercalated)",YES,SAFE_EVENT_COMPONENT,"Todos los pares internos son SAFE_ALIAS; atributos de dominio homogéneos; canon elegido por información, calidad de fuente, cobertura y desempate por ID."
EV00122,1142,"Standing Long Jump, Men (Intercalated)",1142,"Standing Long Jump, Men (Intercalated)",NO,SAFE_EVENT_COMPONENT,"Todos los pares internos son SAFE_ALIAS; atributos de dominio homogéneos; canon elegido por información, calidad de fuente, cobertura y desempate por ID."
EV00123,564,"Standing High Jump, Men (Intercalated)",564,"Standing High Jump, Men (Intercalated)",NO,SAFE_EVENT_COMPONENT,"Todos los pares internos son SAFE_ALIAS; atributos de dominio homogéneos; canon elegido por información, calidad de fuente, cobertura y desempate por ID."
EV00123,1049,"Standing High Jump, Men (Olympic)",564,"Standing High Jump, Men (Intercalated)",YES,SAFE_EVENT_COMPONENT,"Todos los pares internos son SAFE_ALIAS; atributos de dominio homogéneos; canon elegido por información, calidad de fuente, cobertura y desempate por ID."
EV00124,583,"Handball, Men (Olympic)",1987,Handball Men's Handball,YES,SAFE_EVENT_COMPONENT,"Todos los pares internos son SAFE_ALIAS; atributos de dominio homogéneos; canon elegido por información, calidad de fuente, cobertura y desempate por ID."
EV00124,1987,Handball Men's Handball,1987,Handball Men's Handball,NO,SAFE_EVENT_COMPONENT,"Todos los pares internos son SAFE_ALIAS; atributos de dominio homogéneos; canon elegido por información, calidad de fuente, cobertura y desempate por ID."
EV00125,588,"Half-Middleweight, Women (Olympic)",,,NO,REVIEW_EVENT_COMPONENT,contiene CONFLICT_ALIAS/REVIEW_ALIAS interno; coexistencia en misma fuente/edición
EV00125,595,"Middleweight, Women (Olympic)",,,NO,REVIEW_EVENT_COMPONENT,contiene CONFLICT_ALIAS/REVIEW_ALIAS interno; coexistencia en misma fuente/edición
EV00125,596,"Half-Middleweight, Women (Olympic (non-medal))",,,NO,REVIEW_EVENT_COMPONENT,contiene CONFLICT_ALIAS/REVIEW_ALIAS interno; coexistencia en misma fuente/edición
EV00126,589,"Lightweight, Women (Olympic)",,,NO,REVIEW_EVENT_COMPONENT,contiene CONFLICT_ALIAS/REVIEW_ALIAS interno; coexistencia en misma fuente/edición
EV00126,594,"Extra-Lightweight, Women (Olympic)",,,NO,REVIEW_EVENT_COMPONENT,contiene CONFLICT_ALIAS/REVIEW_ALIAS interno; coexistencia en misma fuente/edición
EV00126,597,"Half-Lightweight, Women (Olympic)",,,NO,REVIEW_EVENT_COMPONENT,contiene CONFLICT_ALIAS/REVIEW_ALIAS interno; coexistencia en misma fuente/edición
EV00126,598,"Half-Lightweight, Women (Olympic (non-medal))",,,NO,REVIEW_EVENT_COMPONENT,contiene CONFLICT_ALIAS/REVIEW_ALIAS interno; coexistencia en misma fuente/edición
EV00126,599,"Extra-Lightweight, Women (Olympic (non-medal))",,,NO,REVIEW_EVENT_COMPONENT,contiene CONFLICT_ALIAS/REVIEW_ALIAS interno; coexistencia en misma fuente/edición
EV00127,590,"Heavyweight, Women (Olympic)",,,NO,REVIEW_EVENT_COMPONENT,contiene CONFLICT_ALIAS/REVIEW_ALIAS interno; coexistencia en misma fuente/edición
EV00127,591,"Half-Heavyweight, Women (Olympic (non-medal))",,,NO,REVIEW_EVENT_COMPONENT,contiene CONFLICT_ALIAS/REVIEW_ALIAS interno; coexistencia en misma fuente/edición
EV00127,592,"Half-Heavyweight, Women (Olympic)",,,NO,REVIEW_EVENT_COMPONENT,contiene CONFLICT_ALIAS/REVIEW_ALIAS interno; coexistencia en misma fuente/edición
EV00128,615,"Military Ski Patrol, Men (Olympic)",737,"Military Ski Patrol, Men (Olympic (non-medal))",YES,SAFE_EVENT_COMPONENT,"Todos los pares internos son SAFE_ALIAS; atributos de dominio homogéneos; canon elegido por información, calidad de fuente, cobertura y desempate por ID."
EV00128,737,"Military Ski Patrol, Men (Olympic (non-medal))",737,"Military Ski Patrol, Men (Olympic (non-medal))",NO,SAFE_EVENT_COMPONENT,"Todos los pares internos son SAFE_ALIAS; atributos de dominio homogéneos; canon elegido por información, calidad de fuente, cobertura y desempate por ID."
EV00129,617,"Individual, Men (Olympic)",1370,"Large Hill / 10 km, Individual, Men (Olympic)",YES,SAFE_EVENT_COMPONENT,"Todos los pares internos son SAFE_ALIAS; atributos de dominio homogéneos; canon elegido por información, calidad de fuente, cobertura y desempate por ID."
EV00129,1370,"Large Hill / 10 km, Individual, Men (Olympic)",1370,"Large Hill / 10 km, Individual, Men (Olympic)",NO,SAFE_EVENT_COMPONENT,"Todos los pares internos son SAFE_ALIAS; atributos de dominio homogéneos; canon elegido por información, calidad de fuente, cobertura y desempate por ID."
EV00130,626,"Double Sculls, Women (Olympic)",626,"Double Sculls, Women (Olympic)",NO,SAFE_EVENT_COMPONENT,"Todos los pares internos son SAFE_ALIAS; atributos de dominio homogéneos; canon elegido por información, calidad de fuente, cobertura y desempate por ID."
EV00130,2232,Rowing Women's Double Sculls,626,"Double Sculls, Women (Olympic)",YES,SAFE_EVENT_COMPONENT,"Todos los pares internos son SAFE_ALIAS; atributos de dominio homogéneos; canon elegido por información, calidad de fuente, cobertura y desempate por ID."
EV00130,2904,Women's Double Sculls Team,626,"Double Sculls, Women (Olympic)",YES,SAFE_EVENT_COMPONENT,"Todos los pares internos son SAFE_ALIAS; atributos de dominio homogéneos; canon elegido por información, calidad de fuente, cobertura y desempate por ID."
EV00130,3063,Women's Double Sculls,626,"Double Sculls, Women (Olympic)",YES,SAFE_EVENT_COMPONENT,"Todos los pares internos son SAFE_ALIAS; atributos de dominio homogéneos; canon elegido por información, calidad de fuente, cobertura y desempate por ID."
EV00131,628,"Lightweight Double Sculls, Women (Olympic)",628,"Lightweight Double Sculls, Women (Olympic)",NO,SAFE_EVENT_COMPONENT,"Todos los pares internos son SAFE_ALIAS; atributos de dominio homogéneos; canon elegido por información, calidad de fuente, cobertura y desempate por ID."
EV00131,2856,Lightweight Women's Double Sculls Team,628,"Lightweight Double Sculls, Women (Olympic)",YES,SAFE_EVENT_COMPONENT,"Todos los pares internos son SAFE_ALIAS; atributos de dominio homogéneos; canon elegido por información, calidad de fuente, cobertura y desempate por ID."
EV00131,3035,Lightweight Women's Double Sculls,628,"Lightweight Double Sculls, Women (Olympic)",YES,SAFE_EVENT_COMPONENT,"Todos los pares internos son SAFE_ALIAS; atributos de dominio homogéneos; canon elegido por información, calidad de fuente, cobertura y desempate por ID."
EV00132,629,"Coxed Fours, Men (Olympic)",642,"Coxed Fours, Outriggers, Men (Olympic)",YES,SAFE_EVENT_COMPONENT,"Todos los pares internos son SAFE_ALIAS; atributos de dominio homogéneos; canon elegido por información, calidad de fuente, cobertura y desempate por ID."
EV00132,642,"Coxed Fours, Outriggers, Men (Olympic)",642,"Coxed Fours, Outriggers, Men (Olympic)",NO,SAFE_EVENT_COMPONENT,"Todos los pares internos son SAFE_ALIAS; atributos de dominio homogéneos; canon elegido por información, calidad de fuente, cobertura y desempate por ID."
EV00132,653,"Coxed Fours, Inriggers, Men (Olympic)",642,"Coxed Fours, Outriggers, Men (Olympic)",YES,SAFE_EVENT_COMPONENT,"Todos los pares internos son SAFE_ALIAS; atributos de dominio homogéneos; canon elegido por información, calidad de fuente, cobertura y desempate por ID."
EV00133,633,"Quadruple Sculls, Men (Olympic)",633,"Quadruple Sculls, Men (Olympic)",NO,SAFE_EVENT_COMPONENT,"Todos los pares internos son SAFE_ALIAS; atributos de dominio homogéneos; canon elegido por información, calidad de fuente, cobertura y desempate por ID."
EV00133,2011,Rowing Men's Quadruple Sculls,633,"Quadruple Sculls, Men (Olympic)",YES,SAFE_EVENT_COMPONENT,"Todos los pares internos son SAFE_ALIAS; atributos de dominio homogéneos; canon elegido por información, calidad de fuente, cobertura y desempate por ID."
EV00133,2902,Men's Quadruple Sculls Team,633,"Quadruple Sculls, Men (Olympic)",YES,SAFE_EVENT_COMPONENT,"Todos los pares internos son SAFE_ALIAS; atributos de dominio homogéneos; canon elegido por información, calidad de fuente, cobertura y desempate por ID."
EV00133,3069,Men's Quadruple Sculls,633,"Quadruple Sculls, Men (Olympic)",YES,SAFE_EVENT_COMPONENT,"Todos los pares internos son SAFE_ALIAS; atributos de dominio homogéneos; canon elegido por información, calidad de fuente, cobertura y desempate por ID."
EV00134,635,"Double Sculls, Men (Olympic)",635,"Double Sculls, Men (Olympic)",NO,SAFE_EVENT_COMPONENT,"Todos los pares internos son SAFE_ALIAS; atributos de dominio homogéneos; canon elegido por información, calidad de fuente, cobertura y desempate por ID."
EV00134,2012,Rowing Men's Double Sculls,635,"Double Sculls, Men (Olympic)",YES,SAFE_EVENT_COMPONENT,"Todos los pares internos son SAFE_ALIAS; atributos de dominio homogéneos; canon elegido por información, calidad de fuente, cobertura y desempate por ID."
EV00134,2773,Men's Double Sculls Team,635,"Double Sculls, Men (Olympic)",YES,SAFE_EVENT_COMPONENT,"Todos los pares internos son SAFE_ALIAS; atributos de dominio homogéneos; canon elegido por información, calidad de fuente, cobertura y desempate por ID."
EV00134,3061,Men's Double Sculls,635,"Double Sculls, Men (Olympic)",YES,SAFE_EVENT_COMPONENT,"Todos los pares internos son SAFE_ALIAS; atributos de dominio homogéneos; canon elegido por información, calidad de fuente, cobertura y desempate por ID."
EV00135,637,"Lightweight Double Sculls, Men (Olympic)",637,"Lightweight Double Sculls, Men (Olympic)",NO,SAFE_EVENT_COMPONENT,"Todos los pares internos son SAFE_ALIAS; atributos de dominio homogéneos; canon elegido por información, calidad de fuente, cobertura y desempate por ID."
EV00135,1945,Rowing Men's Lightweight Double Sculls,637,"Lightweight Double Sculls, Men (Olympic)",YES,SAFE_EVENT_COMPONENT,"Todos los pares internos son SAFE_ALIAS; atributos de dominio homogéneos; canon elegido por información, calidad de fuente, cobertura y desempate por ID."
EV00135,2679,Lightweight Men's Double Sculls Team,637,"Lightweight Double Sculls, Men (Olympic)",YES,SAFE_EVENT_COMPONENT,"Todos los pares internos son SAFE_ALIAS; atributos de dominio homogéneos; canon elegido por información, calidad de fuente, cobertura y desempate por ID."
EV00135,3011,Lightweight Men's Double Sculls,637,"Lightweight Double Sculls, Men (Olympic)",YES,SAFE_EVENT_COMPONENT,"Todos los pares internos son SAFE_ALIAS; atributos de dominio homogéneos; canon elegido por información, calidad de fuente, cobertura y desempate por ID."
EV00136,641,"Quadruple Sculls, Women (Olympic)",652,"Coxed Quadruple Sculls, Women (Olympic)",YES,SAFE_EVENT_COMPONENT,"Todos los pares internos son SAFE_ALIAS; atributos de dominio homogéneos; canon elegido por información, calidad de fuente, cobertura y desempate por ID."
EV00136,652,"Coxed Quadruple Sculls, Women (Olympic)",652,"Coxed Quadruple Sculls, Women (Olympic)",NO,SAFE_EVENT_COMPONENT,"Todos los pares internos son SAFE_ALIAS; atributos de dominio homogéneos; canon elegido por información, calidad de fuente, cobertura y desempate por ID."
EV00136,2157,Rowing Women's Coxed Quadruple Sculls,652,"Coxed Quadruple Sculls, Women (Olympic)",YES,SAFE_EVENT_COMPONENT,"Todos los pares internos son SAFE_ALIAS; atributos de dominio homogéneos; canon elegido por información, calidad de fuente, cobertura y desempate por ID."
EV00136,2184,Rowing Women's Quadruple Sculls,652,"Coxed Quadruple Sculls, Women (Olympic)",YES,SAFE_EVENT_COMPONENT,"Todos los pares internos son SAFE_ALIAS; atributos de dominio homogéneos; canon elegido por información, calidad de fuente, cobertura y desempate por ID."
EV00136,2774,Women's Quadruple Sculls Team,652,"Coxed Quadruple Sculls, Women (Olympic)",YES,SAFE_EVENT_COMPONENT,"Todos los pares internos son SAFE_ALIAS; atributos de dominio homogéneos; canon elegido por información, calidad de fuente, cobertura y desempate por ID."
EV00136,3078,Women's Quadruple Sculls,652,"Coxed Quadruple Sculls, Women (Olympic)",YES,SAFE_EVENT_COMPONENT,"Todos los pares internos son SAFE_ALIAS; atributos de dominio homogéneos; canon elegido por información, calidad de fuente, cobertura y desempate por ID."
EV00137,670,"Trap, Men (Olympic)",670,"Trap, Men (Olympic)",NO,SAFE_EVENT_COMPONENT,"Todos los pares internos son SAFE_ALIAS; atributos de dominio homogéneos; canon elegido por información, calidad de fuente, cobertura y desempate por ID."
EV00137,2819,Trap Men,670,"Trap, Men (Olympic)",YES,SAFE_EVENT_COMPONENT,"Todos los pares internos son SAFE_ALIAS; atributos de dominio homogéneos; canon elegido por información, calidad de fuente, cobertura y desempate por ID."
EV00138,675,"Small-Bore Rifle, Three Positions, 50 metres, Women (Olympic)",2313,"Shooting Women's Small-Bore Rifle, Three Positions, 50 metres",YES,SAFE_EVENT_COMPONENT,"Todos los pares internos son SAFE_ALIAS; atributos de dominio homogéneos; canon elegido por información, calidad de fuente, cobertura y desempate por ID."
EV00138,2313,"Shooting Women's Small-Bore Rifle, Three Positions, 50 metres",2313,"Shooting Women's Small-Bore Rifle, Three Positions, 50 metres",NO,SAFE_EVENT_COMPONENT,"Todos los pares internos son SAFE_ALIAS; atributos de dominio homogéneos; canon elegido por información, calidad de fuente, cobertura y desempate por ID."
EV00139,676,"Free Pistol, 50 metres, Men (Olympic)",703,"Free Pistol, 50 metres, Men (Intercalated)",YES,SAFE_EVENT_COMPONENT,"Todos los pares internos son SAFE_ALIAS; atributos de dominio homogéneos; canon elegido por información, calidad de fuente, cobertura y desempate por ID."
EV00139,703,"Free Pistol, 50 metres, Men (Intercalated)",703,"Free Pistol, 50 metres, Men (Intercalated)",NO,SAFE_EVENT_COMPONENT,"Todos los pares internos son SAFE_ALIAS; atributos de dominio homogéneos; canon elegido por información, calidad de fuente, cobertura y desempate por ID."
EV00140,677,"Small-Bore Rifle, Prone, 50 metres, Men (Olympic)",2610,"Shooting Men's Small-Bore Rifle, Prone, 50 metres, Team",YES,SAFE_EVENT_COMPONENT,"Todos los pares internos son SAFE_ALIAS; atributos de dominio homogéneos; canon elegido por información, calidad de fuente, cobertura y desempate por ID."
EV00140,728,"Small-Bore Rifle, Prone, 50 metres, Team, Men (Olympic)",2610,"Shooting Men's Small-Bore Rifle, Prone, 50 metres, Team",YES,SAFE_EVENT_COMPONENT,"Todos los pares internos son SAFE_ALIAS; atributos de dominio homogéneos; canon elegido por información, calidad de fuente, cobertura y desempate por ID."
EV00140,1963,"Shooting Men's Small-Bore Rifle, Prone, 50 metres",2610,"Shooting Men's Small-Bore Rifle, Prone, 50 metres, Team",YES,SAFE_EVENT_COMPONENT,"Todos los pares internos son SAFE_ALIAS; atributos de dominio homogéneos; canon elegido por información, calidad de fuente, cobertura y desempate por ID."
EV00140,2610,"Shooting Men's Small-Bore Rifle, Prone, 50 metres, Team",2610,"Shooting Men's Small-Bore Rifle, Prone, 50 metres, Team",NO,SAFE_EVENT_COMPONENT,"Todos los pares internos son SAFE_ALIAS; atributos de dominio homogéneos; canon elegido por información, calidad de fuente, cobertura y desempate por ID."
EV00141,678,"Small-Bore Rifle, Three Positions, 50 metres, Men (Olympic)",2079,"Shooting Men's Small-Bore Rifle, Three Positions, 50 metres",YES,SAFE_EVENT_COMPONENT,"Todos los pares internos son SAFE_ALIAS; atributos de dominio homogéneos; canon elegido por información, calidad de fuente, cobertura y desempate por ID."
EV00141,2079,"Shooting Men's Small-Bore Rifle, Three Positions, 50 metres",2079,"Shooting Men's Small-Bore Rifle, Three Positions, 50 metres",NO,SAFE_EVENT_COMPONENT,"Todos los pares internos son SAFE_ALIAS; atributos de dominio homogéneos; canon elegido por información, calidad de fuente, cobertura y desempate por ID."
EV00142,681,"Skeet, Men (Olympic)",681,"Skeet, Men (Olympic)",NO,SAFE_EVENT_COMPONENT,"Todos los pares internos son SAFE_ALIAS; atributos de dominio homogéneos; canon elegido por información, calidad de fuente, cobertura y desempate por ID."
EV00142,2747,Skeet Men,681,"Skeet, Men (Olympic)",YES,SAFE_EVENT_COMPONENT,"Todos los pares internos son SAFE_ALIAS; atributos de dominio homogéneos; canon elegido por información, calidad de fuente, cobertura y desempate por ID."
EV00143,687,"Trap, Women (Olympic)",687,"Trap, Women (Olympic)",NO,SAFE_EVENT_COMPONENT,"Todos los pares internos son SAFE_ALIAS; atributos de dominio homogéneos; canon elegido por información, calidad de fuente, cobertura y desempate por ID."
EV00143,2840,Trap Women,687,"Trap, Women (Olympic)",YES,SAFE_EVENT_COMPONENT,"Todos los pares internos son SAFE_ALIAS; atributos de dominio homogéneos; canon elegido por información, calidad de fuente, cobertura y desempate por ID."
EV00144,689,"Small-Bore Rifle, Prone, 50 and 100 yards, Men (Olympic)",2419,"Shooting Men's Small-Bore Rifle, Prone, 50 and 100 yards",YES,SAFE_EVENT_COMPONENT,"Todos los pares internos son SAFE_ALIAS; atributos de dominio homogéneos; canon elegido por información, calidad de fuente, cobertura y desempate por ID."
EV00144,2419,"Shooting Men's Small-Bore Rifle, Prone, 50 and 100 yards",2419,"Shooting Men's Small-Bore Rifle, Prone, 50 and 100 yards",NO,SAFE_EVENT_COMPONENT,"Todos los pares internos son SAFE_ALIAS; atributos de dominio homogéneos; canon elegido por información, calidad de fuente, cobertura y desempate por ID."
EV00145,690,"Small-Bore Rifle, Disappearing Target, 25 yards, Men (Olympic)",2421,"Shooting Men's Small-Bore Rifle, Disappearing Target, 25 yards",YES,SAFE_EVENT_COMPONENT,"Todos los pares internos son SAFE_ALIAS; atributos de dominio homogéneos; canon elegido por información, calidad de fuente, cobertura y desempate por ID."
EV00145,2421,"Shooting Men's Small-Bore Rifle, Disappearing Target, 25 yards",2421,"Shooting Men's Small-Bore Rifle, Disappearing Target, 25 yards",NO,SAFE_EVENT_COMPONENT,"Todos los pares internos son SAFE_ALIAS; atributos de dominio homogéneos; canon elegido por información, calidad de fuente, cobertura y desempate por ID."
EV00146,691,"Small-Bore Rifle, Moving Target, 25 yards, Men (Olympic)",2422,"Shooting Men's Small-Bore Rifle, Moving Target, 25 yards",YES,SAFE_EVENT_COMPONENT,"Todos los pares internos son SAFE_ALIAS; atributos de dominio homogéneos; canon elegido por información, calidad de fuente, cobertura y desempate por ID."
EV00146,2422,"Shooting Men's Small-Bore Rifle, Moving Target, 25 yards",2422,"Shooting Men's Small-Bore Rifle, Moving Target, 25 yards",NO,SAFE_EVENT_COMPONENT,"Todos los pares internos son SAFE_ALIAS; atributos de dominio homogéneos; canon elegido por información, calidad de fuente, cobertura y desempate por ID."
EV00147,696,"1 mile Freestyle, Men (Intercalated)",696,"1 mile Freestyle, Men (Intercalated)",NO,SAFE_EVENT_COMPONENT,"Todos los pares internos son SAFE_ALIAS; atributos de dominio homogéneos; canon elegido por información, calidad de fuente, cobertura y desempate por ID."
EV00147,830,"1 mile Freestyle, Men (Olympic)",696,"1 mile Freestyle, Men (Intercalated)",YES,SAFE_EVENT_COMPONENT,"Todos los pares internos son SAFE_ALIAS; atributos de dominio homogéneos; canon elegido por información, calidad de fuente, cobertura y desempate por ID."
EV00148,700,"Military Rifle, Three Positions, 300 metres, Men (Olympic)",2225,"Shooting Men's Military Rifle, Three Positions, 300 metres",YES,SAFE_EVENT_COMPONENT,"Todos los pares internos son SAFE_ALIAS; atributos de dominio homogéneos; canon elegido por información, calidad de fuente, cobertura y desempate por ID."
EV00148,2225,"Shooting Men's Military Rifle, Three Positions, 300 metres",2225,"Shooting Men's Military Rifle, Three Positions, 300 metres",NO,SAFE_EVENT_COMPONENT,"Todos los pares internos son SAFE_ALIAS; atributos de dominio homogéneos; canon elegido por información, calidad de fuente, cobertura y desempate por ID."
EV00149,701,"Military Rifle, Any Position, 600 metres, Men (Olympic)",2226,"Shooting Men's Military Rifle, Any Position, 600 metres",YES,SAFE_EVENT_COMPONENT,"Todos los pares internos son SAFE_ALIAS; atributos de dominio homogéneos; canon elegido por información, calidad de fuente, cobertura y desempate por ID."
EV00149,2226,"Shooting Men's Military Rifle, Any Position, 600 metres",2226,"Shooting Men's Military Rifle, Any Position, 600 metres",NO,SAFE_EVENT_COMPONENT,"Todos los pares internos son SAFE_ALIAS; atributos de dominio homogéneos; canon elegido por información, calidad de fuente, cobertura y desempate por ID."
EV00150,708,"Free Rifle, Any Position, 300 metres, Men (Intercalated)",708,"Free Rifle, Any Position, 300 metres, Men (Intercalated)",NO,SAFE_EVENT_COMPONENT,"Todos los pares internos son SAFE_ALIAS; atributos de dominio homogéneos; canon elegido por información, calidad de fuente, cobertura y desempate por ID."
EV00150,750,"Free Rifle, Any Position, 300 metres, Men (Olympic)",708,"Free Rifle, Any Position, 300 metres, Men (Intercalated)",YES,SAFE_EVENT_COMPONENT,"Todos los pares internos son SAFE_ALIAS; atributos de dominio homogéneos; canon elegido por información, calidad de fuente, cobertura y desempate por ID."
EV00151,713,"Free Rifle, 400, 600 and 800 metres, Team, Men (Olympic)",2276,"Shooting Men's Free Rifle, 400, 600 and 800 metres, Team",YES,SAFE_EVENT_COMPONENT,"Todos los pares internos son SAFE_ALIAS; atributos de dominio homogéneos; canon elegido por información, calidad de fuente, cobertura y desempate por ID."
EV00151,2276,"Shooting Men's Free Rifle, 400, 600 and 800 metres, Team",2276,"Shooting Men's Free Rifle, 400, 600 and 800 metres, Team",NO,SAFE_EVENT_COMPONENT,"Todos los pares internos son SAFE_ALIAS; atributos de dominio homogéneos; canon elegido por información, calidad de fuente, cobertura y desempate por ID."
EV00152,714,"Small-Bore Rifle, Standing, 50 metres, Men (Olympic)",,,NO,REVIEW_EVENT_COMPONENT,contiene CONFLICT_ALIAS/REVIEW_ALIAS interno; coexistencia en misma fuente/edición
EV00152,2463,"Shooting Men's Small-Bore Rifle, Standing, 50 metres",,,NO,REVIEW_EVENT_COMPONENT,contiene CONFLICT_ALIAS/REVIEW_ALIAS interno; coexistencia en misma fuente/edición
EV00152,2464,"Shooting Men's Small Bore-Rifle, Standing, 50 metres, Team",,,NO,REVIEW_EVENT_COMPONENT,contiene CONFLICT_ALIAS/REVIEW_ALIAS interno; coexistencia en misma fuente/edición
EV00153,723,"Military Rifle, 200/500/600/800/900/1,000 yards, Team, Men (Olympic)",2436,"Shooting Men's Military Rifle, 200/500/600/800/900/1,000 Yards, Team",YES,SAFE_EVENT_COMPONENT,"Todos los pares internos son SAFE_ALIAS; atributos de dominio homogéneos; canon elegido por información, calidad de fuente, cobertura y desempate por ID."
EV00153,2436,"Shooting Men's Military Rifle, 200/500/600/800/900/1,000 Yards, Team",2436,"Shooting Men's Military Rifle, 200/500/600/800/900/1,000 Yards, Team",NO,SAFE_EVENT_COMPONENT,"Todos los pares internos son SAFE_ALIAS; atributos de dominio homogéneos; canon elegido por información, calidad de fuente, cobertura y desempate por ID."
EV00154,724,"Skeet, Women (Olympic)",724,"Skeet, Women (Olympic)",NO,SAFE_EVENT_COMPONENT,"Todos los pares internos son SAFE_ALIAS; atributos de dominio homogéneos; canon elegido por información, calidad de fuente, cobertura y desempate por ID."
EV00154,2870,Skeet Women,724,"Skeet, Women (Olympic)",YES,SAFE_EVENT_COMPONENT,"Todos los pares internos son SAFE_ALIAS; atributos de dominio homogéneos; canon elegido por información, calidad de fuente, cobertura y desempate por ID."
EV00155,727,"Military Rifle, 200, 400, 500 and 600 metres, Team, Men (Olympic)",2227,"Shooting Men's Military Rifle, 200, 400, 500 and 600 metres, Team",YES,SAFE_EVENT_COMPONENT,"Todos los pares internos son SAFE_ALIAS; atributos de dominio homogéneos; canon elegido por información, calidad de fuente, cobertura y desempate por ID."
EV00155,751,"Military Rifle, 200 metres, Men (Olympic)",2227,"Shooting Men's Military Rifle, 200, 400, 500 and 600 metres, Team",YES,SAFE_EVENT_COMPONENT,"Todos los pares internos son SAFE_ALIAS; atributos de dominio homogéneos; canon elegido por información, calidad de fuente, cobertura y desempate por ID."
EV00155,2227,"Shooting Men's Military Rifle, 200, 400, 500 and 600 metres, Team",2227,"Shooting Men's Military Rifle, 200, 400, 500 and 600 metres, Team",NO,SAFE_EVENT_COMPONENT,"Todos los pares internos son SAFE_ALIAS; atributos de dominio homogéneos; canon elegido por información, calidad de fuente, cobertura y desempate por ID."
EV00155,2533,"Shooting Men's Military Rifle, 200 metres",2227,"Shooting Men's Military Rifle, 200, 400, 500 and 600 metres, Team",YES,SAFE_EVENT_COMPONENT,"Todos los pares internos son SAFE_ALIAS; atributos de dominio homogéneos; canon elegido por información, calidad de fuente, cobertura y desempate por ID."
EV00156,729,"Small-Bore Rifle, Any Position, 50 metres, Men (Olympic)",2438,"Shooting Men's Small-Bore Rifle, Any Position, 50 metres",YES,SAFE_EVENT_COMPONENT,"Todos los pares internos son SAFE_ALIAS; atributos de dominio homogéneos; canon elegido por información, calidad de fuente, cobertura y desempate por ID."
EV00156,2438,"Shooting Men's Small-Bore Rifle, Any Position, 50 metres",2438,"Shooting Men's Small-Bore Rifle, Any Position, 50 metres",NO,SAFE_EVENT_COMPONENT,"Todos los pares internos son SAFE_ALIAS; atributos de dominio homogéneos; canon elegido por información, calidad de fuente, cobertura y desempate por ID."
EV00157,730,"Small-Bore Rifle, Disappearing Target, 25 metres, Men (Olympic)",,,NO,REVIEW_EVENT_COMPONENT,contiene CONFLICT_ALIAS/REVIEW_ALIAS interno; coexistencia en misma fuente/edición
EV00157,752,"Small-Bore Rifle, Disappearing Target, 25 metres, Team, Men (Olympic)",,,NO,REVIEW_EVENT_COMPONENT,contiene CONFLICT_ALIAS/REVIEW_ALIAS interno; coexistencia en misma fuente/edición
EV00157,2439,"Shooting Men's Small-Bore Rifle, Disappearing Target, 25 metres",,,NO,REVIEW_EVENT_COMPONENT,contiene CONFLICT_ALIAS/REVIEW_ALIAS interno; coexistencia en misma fuente/edición
EV00157,2576,"Shooting Men's Small-Bore Rifle, Disappearing Target, 25 metres, Team",,,NO,REVIEW_EVENT_COMPONENT,contiene CONFLICT_ALIAS/REVIEW_ALIAS interno; coexistencia en misma fuente/edición
EV00158,734,"Unlimited, One Hand, Men (Olympic)",1174,"Unlimited, One Hand, Men (Intercalated)",YES,SAFE_EVENT_COMPONENT,"Todos los pares internos son SAFE_ALIAS; atributos de dominio homogéneos; canon elegido por información, calidad de fuente, cobertura y desempate por ID."
EV00158,1174,"Unlimited, One Hand, Men (Intercalated)",1174,"Unlimited, One Hand, Men (Intercalated)",NO,SAFE_EVENT_COMPONENT,"Todos los pares internos son SAFE_ALIAS; atributos de dominio homogéneos; canon elegido por información, calidad de fuente, cobertura y desempate por ID."
EV00159,779,"200 metres Freestyle, Men (Olympic)",824,"1,200 metres Freestyle, Men (Olympic)",YES,SAFE_EVENT_COMPONENT,"Todos los pares internos son SAFE_ALIAS; atributos de dominio homogéneos; canon elegido por información, calidad de fuente, cobertura y desempate por ID."
EV00159,824,"1,200 metres Freestyle, Men (Olympic)",824,"1,200 metres Freestyle, Men (Olympic)",NO,SAFE_EVENT_COMPONENT,"Todos los pares internos son SAFE_ALIAS; atributos de dominio homogéneos; canon elegido por información, calidad de fuente, cobertura y desempate por ID."
EV00160,835,"100 metres Freestyle, Men (Olympic)",875,"100 metres Freestyle, Men (Intercalated)",YES,SAFE_EVENT_COMPONENT,"Todos los pares internos son SAFE_ALIAS; atributos de dominio homogéneos; canon elegido por información, calidad de fuente, cobertura y desempate por ID."
EV00160,875,"100 metres Freestyle, Men (Intercalated)",875,"100 metres Freestyle, Men (Intercalated)",NO,SAFE_EVENT_COMPONENT,"Todos los pares internos son SAFE_ALIAS; atributos de dominio homogéneos; canon elegido por información, calidad de fuente, cobertura y desempate por ID."
EV00161,840,"100 metres Freestyle, Men (Olympic)",1177,"100 metres Freestyle, Men (Intercalated)",YES,SAFE_EVENT_COMPONENT,"Todos los pares internos son SAFE_ALIAS; atributos de dominio homogéneos; canon elegido por información, calidad de fuente, cobertura y desempate por ID."
EV00161,1177,"100 metres Freestyle, Men (Intercalated)",1177,"100 metres Freestyle, Men (Intercalated)",NO,SAFE_EVENT_COMPONENT,"Todos los pares internos son SAFE_ALIAS; atributos de dominio homogéneos; canon elegido por información, calidad de fuente, cobertura y desempate por ID."
EV00162,851,"100 metres Freestyle, Men (Olympic)",895,"100 metres Freestyle, Men (Intercalated)",YES,SAFE_EVENT_COMPONENT,"Todos los pares internos son SAFE_ALIAS; atributos de dominio homogéneos; canon elegido por información, calidad de fuente, cobertura y desempate por ID."
EV00162,895,"100 metres Freestyle, Men (Intercalated)",895,"100 metres Freestyle, Men (Intercalated)",NO,SAFE_EVENT_COMPONENT,"Todos los pares internos son SAFE_ALIAS; atributos de dominio homogéneos; canon elegido por información, calidad de fuente, cobertura y desempate por ID."
EV00163,876,"400 metres Freestyle, Men (Intercalated)",876,"400 metres Freestyle, Men (Intercalated)",NO,SAFE_EVENT_COMPONENT,"Todos los pares internos son SAFE_ALIAS; atributos de dominio homogéneos; canon elegido por información, calidad de fuente, cobertura y desempate por ID."
EV00163,883,"400 metres Freestyle, Men (Olympic)",876,"400 metres Freestyle, Men (Intercalated)",YES,SAFE_EVENT_COMPONENT,"Todos los pares internos son SAFE_ALIAS; atributos de dominio homogéneos; canon elegido por información, calidad de fuente, cobertura y desempate por ID."
EV00164,888,"Water Polo, Women (Olympic (non-medal))",888,"Water Polo, Women (Olympic (non-medal))",NO,SAFE_EVENT_COMPONENT,"Todos los pares internos son SAFE_ALIAS; atributos de dominio homogéneos; canon elegido por información, calidad de fuente, cobertura y desempate por ID."
EV00164,1410,"Water Polo, Women (Olympic)",888,"Water Polo, Women (Olympic (non-medal))",YES,SAFE_EVENT_COMPONENT,"Todos los pares internos son SAFE_ALIAS; atributos de dominio homogéneos; canon elegido por información, calidad de fuente, cobertura y desempate por ID."
EV00165,899,"Individual, Women (Olympic)",899,"Individual, Women (Olympic)",NO,SAFE_EVENT_COMPONENT,"Todos los pares internos son SAFE_ALIAS; atributos de dominio homogéneos; canon elegido por información, calidad de fuente, cobertura y desempate por ID."
EV00165,2914,Women's Individual,899,"Individual, Women (Olympic)",YES,SAFE_EVENT_COMPONENT,"Todos los pares internos son SAFE_ALIAS; atributos de dominio homogéneos; canon elegido por información, calidad de fuente, cobertura y desempate por ID."
EV00166,908,"Volleyball, Women (Olympic)",2063,Volleyball Women's Volleyball,YES,SAFE_EVENT_COMPONENT,"Todos los pares internos son SAFE_ALIAS; atributos de dominio homogéneos; canon elegido por información, calidad de fuente, cobertura y desempate por ID."
EV00166,2063,Volleyball Women's Volleyball,2063,Volleyball Women's Volleyball,NO,SAFE_EVENT_COMPONENT,"Todos los pares internos son SAFE_ALIAS; atributos de dominio homogéneos; canon elegido por información, calidad de fuente, cobertura y desempate por ID."
EV00167,909,"Volleyball, Men (Olympic)",2036,Volleyball Men's Volleyball,YES,SAFE_EVENT_COMPONENT,"Todos los pares internos son SAFE_ALIAS; atributos de dominio homogéneos; canon elegido por información, calidad de fuente, cobertura y desempate por ID."
EV00167,2036,Volleyball Men's Volleyball,2036,Volleyball Men's Volleyball,NO,SAFE_EVENT_COMPONENT,"Todos los pares internos son SAFE_ALIAS; atributos de dominio homogéneos; canon elegido por información, calidad de fuente, cobertura y desempate por ID."
EV00168,927,"Long Jump, Women (Olympic)",2082,Athletics Women's Long Jump,YES,SAFE_EVENT_COMPONENT,"Todos los pares internos son SAFE_ALIAS; atributos de dominio homogéneos; canon elegido por información, calidad de fuente, cobertura y desempate por ID."
EV00168,2082,Athletics Women's Long Jump,2082,Athletics Women's Long Jump,NO,SAFE_EVENT_COMPONENT,"Todos los pares internos son SAFE_ALIAS; atributos de dominio homogéneos; canon elegido por información, calidad de fuente, cobertura y desempate por ID."
EV00168,2912,Women's Long Jump,2082,Athletics Women's Long Jump,YES,SAFE_EVENT_COMPONENT,"Todos los pares internos son SAFE_ALIAS; atributos de dominio homogéneos; canon elegido por información, calidad de fuente, cobertura y desempate por ID."
EV00169,932,"Unlimited, One Hand, Men (Olympic)",958,"Unlimited, One Hand, Men (Intercalated)",YES,SAFE_EVENT_COMPONENT,"Todos los pares internos son SAFE_ALIAS; atributos de dominio homogéneos; canon elegido por información, calidad de fuente, cobertura y desempate por ID."
EV00169,958,"Unlimited, One Hand, Men (Intercalated)",958,"Unlimited, One Hand, Men (Intercalated)",NO,SAFE_EVENT_COMPONENT,"Todos los pares internos son SAFE_ALIAS; atributos de dominio homogéneos; canon elegido por información, calidad de fuente, cobertura y desempate por ID."
EV00170,940,"Unlimited, Two Hands, Men (Olympic)",959,"Unlimited, Two Hands, Men (Intercalated)",YES,SAFE_EVENT_COMPONENT,"Todos los pares internos son SAFE_ALIAS; atributos de dominio homogéneos; canon elegido por información, calidad de fuente, cobertura y desempate por ID."
EV00170,959,"Unlimited, Two Hands, Men (Intercalated)",959,"Unlimited, Two Hands, Men (Intercalated)",NO,SAFE_EVENT_COMPONENT,"Todos los pares internos son SAFE_ALIAS; atributos de dominio homogéneos; canon elegido por información, calidad de fuente, cobertura y desempate por ID."
EV00171,949,"Middleweight, Greco-Roman, Men (Olympic)",970,"Middleweight, Greco-Roman, Men (Intercalated)",YES,SAFE_EVENT_COMPONENT,"Todos los pares internos son SAFE_ALIAS; atributos de dominio homogéneos; canon elegido por información, calidad de fuente, cobertura y desempate por ID."
EV00171,955,"Middleweight B, Greco-Roman, Men (Olympic)",970,"Middleweight, Greco-Roman, Men (Intercalated)",YES,SAFE_EVENT_COMPONENT,"Todos los pares internos son SAFE_ALIAS; atributos de dominio homogéneos; canon elegido por información, calidad de fuente, cobertura y desempate por ID."
EV00171,956,"Middleweight A, Greco-Roman, Men (Olympic)",970,"Middleweight, Greco-Roman, Men (Intercalated)",YES,SAFE_EVENT_COMPONENT,"Todos los pares internos son SAFE_ALIAS; atributos de dominio homogéneos; canon elegido por información, calidad de fuente, cobertura y desempate por ID."
EV00171,970,"Middleweight, Greco-Roman, Men (Intercalated)",970,"Middleweight, Greco-Roman, Men (Intercalated)",NO,SAFE_EVENT_COMPONENT,"Todos los pares internos son SAFE_ALIAS; atributos de dominio homogéneos; canon elegido por información, calidad de fuente, cobertura y desempate por ID."
EV00172,952,"Heavyweight, Greco-Roman, Men (Olympic)",968,"Heavyweight, Greco-Roman, Men (Intercalated)",YES,SAFE_EVENT_COMPONENT,"Todos los pares internos son SAFE_ALIAS; atributos de dominio homogéneos; canon elegido por información, calidad de fuente, cobertura y desempate por ID."
EV00172,968,"Heavyweight, Greco-Roman, Men (Intercalated)",968,"Heavyweight, Greco-Roman, Men (Intercalated)",NO,SAFE_EVENT_COMPONENT,"Todos los pares internos son SAFE_ALIAS; atributos de dominio homogéneos; canon elegido por información, calidad de fuente, cobertura y desempate por ID."
EV00173,981,"Windsurfer, Women (Olympic)",1385,"Windsurfer, Women (Olympic (non-medal))",YES,SAFE_EVENT_COMPONENT,"Todos los pares internos son SAFE_ALIAS; atributos de dominio homogéneos; canon elegido por información, calidad de fuente, cobertura y desempate por ID."
EV00173,1385,"Windsurfer, Women (Olympic (non-medal))",1385,"Windsurfer, Women (Olympic (non-medal))",NO,SAFE_EVENT_COMPONENT,"Todos los pares internos son SAFE_ALIAS; atributos de dominio homogéneos; canon elegido por información, calidad de fuente, cobertura y desempate por ID."
EV00174,1012,"Multihull, Mixed (Olympic)",1012,"Multihull, Mixed (Olympic)",NO,SAFE_EVENT_COMPONENT,"Todos los pares internos son SAFE_ALIAS; atributos de dominio homogéneos; canon elegido por información, calidad de fuente, cobertura y desempate por ID."
EV00174,2362,Sailing Mixed Multihull,1012,"Multihull, Mixed (Olympic)",YES,SAFE_EVENT_COMPONENT,"Todos los pares internos son SAFE_ALIAS; atributos de dominio homogéneos; canon elegido por información, calidad de fuente, cobertura y desempate por ID."
EV00174,3029,Mixed Multihull,1012,"Multihull, Mixed (Olympic)",YES,SAFE_EVENT_COMPONENT,"Todos los pares internos son SAFE_ALIAS; atributos de dominio homogéneos; canon elegido por información, calidad de fuente, cobertura y desempate por ID."
EV00175,1017,"Javelin Throw, Women (Olympic)",1969,Athletics Women's Javelin Throw,YES,SAFE_EVENT_COMPONENT,"Todos los pares internos son SAFE_ALIAS; atributos de dominio homogéneos; canon elegido por información, calidad de fuente, cobertura y desempate por ID."
EV00175,1969,Athletics Women's Javelin Throw,1969,Athletics Women's Javelin Throw,NO,SAFE_EVENT_COMPONENT,"Todos los pares internos son SAFE_ALIAS; atributos de dominio homogéneos; canon elegido por información, calidad de fuente, cobertura y desempate por ID."
EV00175,2888,Women's Javelin Throw,1969,Athletics Women's Javelin Throw,YES,SAFE_EVENT_COMPONENT,"Todos los pares internos son SAFE_ALIAS; atributos de dominio homogéneos; canon elegido por información, calidad de fuente, cobertura y desempate por ID."
EV00176,1018,"Heptathlon, Women (Olympic)",2280,Athletics Women's Heptathlon,YES,SAFE_EVENT_COMPONENT,"Todos los pares internos son SAFE_ALIAS; atributos de dominio homogéneos; canon elegido por información, calidad de fuente, cobertura y desempate por ID."
EV00176,2280,Athletics Women's Heptathlon,2280,Athletics Women's Heptathlon,NO,SAFE_EVENT_COMPONENT,"Todos los pares internos son SAFE_ALIAS; atributos de dominio homogéneos; canon elegido por información, calidad de fuente, cobertura y desempate por ID."
EV00176,2787,Women's Heptathlon,2280,Athletics Women's Heptathlon,YES,SAFE_EVENT_COMPONENT,"Todos los pares internos son SAFE_ALIAS; atributos de dominio homogéneos; canon elegido por información, calidad de fuente, cobertura y desempate por ID."
EV00177,1020,"5,000 metres, Men (Olympic)",1055,"5,000 metres, Team, Men (Olympic)",YES,SAFE_EVENT_COMPONENT,"Todos los pares internos son SAFE_ALIAS; atributos de dominio homogéneos; canon elegido por información, calidad de fuente, cobertura y desempate por ID."
EV00177,1055,"5,000 metres, Team, Men (Olympic)",1055,"5,000 metres, Team, Men (Olympic)",NO,SAFE_EVENT_COMPONENT,"Todos los pares internos son SAFE_ALIAS; atributos de dominio homogéneos; canon elegido por información, calidad de fuente, cobertura y desempate por ID."
EV00178,1024,"High Jump, Women (Olympic)",2199,Athletics Women's High Jump,YES,SAFE_EVENT_COMPONENT,"Todos los pares internos son SAFE_ALIAS; atributos de dominio homogéneos; canon elegido por información, calidad de fuente, cobertura y desempate por ID."
EV00178,2199,Athletics Women's High Jump,2199,Athletics Women's High Jump,NO,SAFE_EVENT_COMPONENT,"Todos los pares internos son SAFE_ALIAS; atributos de dominio homogéneos; canon elegido por información, calidad de fuente, cobertura y desempate por ID."
EV00178,2986,Women's High Jump,2199,Athletics Women's High Jump,YES,SAFE_EVENT_COMPONENT,"Todos los pares internos son SAFE_ALIAS; atributos de dominio homogéneos; canon elegido por información, calidad de fuente, cobertura y desempate por ID."
EV00179,1026,"Discus Throw, Women (Olympic)",2129,Athletics Women's Discus Throw,YES,SAFE_EVENT_COMPONENT,"Todos los pares internos son SAFE_ALIAS; atributos de dominio homogéneos; canon elegido por información, calidad de fuente, cobertura y desempate por ID."
EV00179,2129,Athletics Women's Discus Throw,2129,Athletics Women's Discus Throw,NO,SAFE_EVENT_COMPONENT,"Todos los pares internos son SAFE_ALIAS; atributos de dominio homogéneos; canon elegido por información, calidad de fuente, cobertura y desempate por ID."
EV00179,2847,Women's Discus Throw,2129,Athletics Women's Discus Throw,YES,SAFE_EVENT_COMPONENT,"Todos los pares internos son SAFE_ALIAS; atributos de dominio homogéneos; canon elegido por información, calidad de fuente, cobertura y desempate por ID."
EV00180,1029,"Marathon, Women (Olympic)",2002,Athletics Women's Marathon,YES,SAFE_EVENT_COMPONENT,"Todos los pares internos son SAFE_ALIAS; atributos de dominio homogéneos; canon elegido por información, calidad de fuente, cobertura y desempate por ID."
EV00180,2002,Athletics Women's Marathon,2002,Athletics Women's Marathon,NO,SAFE_EVENT_COMPONENT,"Todos los pares internos son SAFE_ALIAS; atributos de dominio homogéneos; canon elegido por información, calidad de fuente, cobertura y desempate por ID."
EV00180,2866,Women's Marathon,2002,Athletics Women's Marathon,YES,SAFE_EVENT_COMPONENT,"Todos los pares internos son SAFE_ALIAS; atributos de dominio homogéneos; canon elegido por información, calidad de fuente, cobertura y desempate por ID."
EV00181,1030,"Shot Put, Women (Olympic)",1996,Athletics Women's Shot Put,YES,SAFE_EVENT_COMPONENT,"Todos los pares internos son SAFE_ALIAS; atributos de dominio homogéneos; canon elegido por información, calidad de fuente, cobertura y desempate por ID."
EV00181,1996,Athletics Women's Shot Put,1996,Athletics Women's Shot Put,NO,SAFE_EVENT_COMPONENT,"Todos los pares internos son SAFE_ALIAS; atributos de dominio homogéneos; canon elegido por información, calidad de fuente, cobertura y desempate por ID."
EV00181,2762,Women's Shot Put,1996,Athletics Women's Shot Put,YES,SAFE_EVENT_COMPONENT,"Todos los pares internos son SAFE_ALIAS; atributos de dominio homogéneos; canon elegido por información, calidad de fuente, cobertura y desempate por ID."
EV00182,1032,"Hammer Throw, Women (Olympic)",2514,Athletics Women's Hammer Throw,YES,SAFE_EVENT_COMPONENT,"Todos los pares internos son SAFE_ALIAS; atributos de dominio homogéneos; canon elegido por información, calidad de fuente, cobertura y desempate por ID."
EV00182,2514,Athletics Women's Hammer Throw,2514,Athletics Women's Hammer Throw,NO,SAFE_EVENT_COMPONENT,"Todos los pares internos son SAFE_ALIAS; atributos de dominio homogéneos; canon elegido por información, calidad de fuente, cobertura y desempate por ID."
EV00182,2872,Women's Hammer Throw,2514,Athletics Women's Hammer Throw,YES,SAFE_EVENT_COMPONENT,"Todos los pares internos son SAFE_ALIAS; atributos de dominio homogéneos; canon elegido por información, calidad de fuente, cobertura y desempate por ID."
EV00183,1052,"3,000 metres Race Walk, Men (Olympic)",1173,"3,000 metres Race Walk, Men (Intercalated)",YES,SAFE_EVENT_COMPONENT,"Todos los pares internos son SAFE_ALIAS; atributos de dominio homogéneos; canon elegido por información, calidad de fuente, cobertura y desempate por ID."
EV00183,1173,"3,000 metres Race Walk, Men (Intercalated)",1173,"3,000 metres Race Walk, Men (Intercalated)",NO,SAFE_EVENT_COMPONENT,"Todos los pares internos son SAFE_ALIAS; atributos de dominio homogéneos; canon elegido por información, calidad de fuente, cobertura y desempate por ID."
EV00184,1064,"Javelin Throw, Freestyle, Men (Intercalated)",1064,"Javelin Throw, Freestyle, Men (Intercalated)",NO,SAFE_EVENT_COMPONENT,"Todos los pares internos son SAFE_ALIAS; atributos de dominio homogéneos; canon elegido por información, calidad de fuente, cobertura y desempate por ID."
EV00184,1065,"Javelin Throw, Freestyle, Men (Olympic)",1064,"Javelin Throw, Freestyle, Men (Intercalated)",YES,SAFE_EVENT_COMPONENT,"Todos los pares internos son SAFE_ALIAS; atributos de dominio homogéneos; canon elegido por información, calidad de fuente, cobertura y desempate por ID."
EV00185,1096,"Heavyweight, Greco-Roman, Men (Olympic)",1171,"Heavyweight, Greco-Roman, Men (Intercalated)",YES,SAFE_EVENT_COMPONENT,"Todos los pares internos son SAFE_ALIAS; atributos de dominio homogéneos; canon elegido por información, calidad de fuente, cobertura y desempate por ID."
EV00185,1171,"Heavyweight, Greco-Roman, Men (Intercalated)",1171,"Heavyweight, Greco-Roman, Men (Intercalated)",NO,SAFE_EVENT_COMPONENT,"Todos los pares internos son SAFE_ALIAS; atributos de dominio homogéneos; canon elegido por información, calidad de fuente, cobertura y desempate por ID."
EV00186,1136,"15 kilometres, Men (Olympic)",,,NO,REVIEW_EVENT_COMPONENT,contiene CONFLICT_ALIAS/REVIEW_ALIAS interno; coexistencia en misma fuente/edición
EV00186,1292,"10 kilometres, Men (Olympic)",,,NO,REVIEW_EVENT_COMPONENT,contiene CONFLICT_ALIAS/REVIEW_ALIAS interno; coexistencia en misma fuente/edición
EV00186,1293,"10/15 kilometres Pursuit, Men (Olympic)",,,NO,REVIEW_EVENT_COMPONENT,contiene CONFLICT_ALIAS/REVIEW_ALIAS interno; coexistencia en misma fuente/edición
EV00186,1298,"10/10 kilometres Pursuit, Men (Olympic)",,,NO,REVIEW_EVENT_COMPONENT,contiene CONFLICT_ALIAS/REVIEW_ALIAS interno; coexistencia en misma fuente/edición
EV00187,1137,"30 kilometres, Men (Olympic)",1309,"30 kilometres Skiathlon, Men (Olympic)",YES,SAFE_EVENT_COMPONENT,"Todos los pares internos son SAFE_ALIAS; atributos de dominio homogéneos; canon elegido por información, calidad de fuente, cobertura y desempate por ID."
EV00187,1309,"30 kilometres Skiathlon, Men (Olympic)",1309,"30 kilometres Skiathlon, Men (Olympic)",NO,SAFE_EVENT_COMPONENT,"Todos los pares internos son SAFE_ALIAS; atributos de dominio homogéneos; canon elegido por información, calidad de fuente, cobertura y desempate por ID."
EV00188,1158,"Special Scratch Pole Vault #2, Men (Olympic (non-medal))",1158,"Special Scratch Pole Vault #2, Men (Olympic (non-medal))",NO,SAFE_EVENT_COMPONENT,"Todos los pares internos son SAFE_ALIAS; atributos de dominio homogéneos; canon elegido por información, calidad de fuente, cobertura y desempate por ID."
EV00188,1169,"Pole Vault, Men (Olympic (non-medal))",1158,"Special Scratch Pole Vault #2, Men (Olympic (non-medal))",YES,SAFE_EVENT_COMPONENT,"Todos los pares internos son SAFE_ALIAS; atributos de dominio homogéneos; canon elegido por información, calidad de fuente, cobertura y desempate por ID."
EV00189,1219,"5 kilometres, Women (Olympic)",,,NO,REVIEW_EVENT_COMPONENT,contiene CONFLICT_ALIAS/REVIEW_ALIAS interno; coexistencia en misma fuente/edición
EV00189,1220,"10 kilometres, Women (Olympic)",,,NO,REVIEW_EVENT_COMPONENT,contiene CONFLICT_ALIAS/REVIEW_ALIAS interno; coexistencia en misma fuente/edición
EV00189,1232,"5/10 kilometres Pursuit, Women (Olympic)",,,NO,REVIEW_EVENT_COMPONENT,contiene CONFLICT_ALIAS/REVIEW_ALIAS interno; coexistencia en misma fuente/edición
EV00189,1235,"5/5 kilometres Pursuit, Women (Olympic)",,,NO,REVIEW_EVENT_COMPONENT,contiene CONFLICT_ALIAS/REVIEW_ALIAS interno; coexistencia en misma fuente/edición
EV00190,1237,"3,000 metres Relay, Women (Olympic)",1257,"3,000 metres Relay, Women (Olympic (non-medal))",YES,SAFE_EVENT_COMPONENT,"Todos los pares internos son SAFE_ALIAS; atributos de dominio homogéneos; canon elegido por información, calidad de fuente, cobertura y desempate por ID."
EV00190,1257,"3,000 metres Relay, Women (Olympic (non-medal))",1257,"3,000 metres Relay, Women (Olympic (non-medal))",NO,SAFE_EVENT_COMPONENT,"Todos los pares internos son SAFE_ALIAS; atributos de dominio homogéneos; canon elegido por información, calidad de fuente, cobertura y desempate por ID."
EV00191,1238,"10 kilometres Pursuit, Women (Olympic)",,,NO,REVIEW_EVENT_COMPONENT,contiene CONFLICT_ALIAS/REVIEW_ALIAS interno; coexistencia en misma fuente/edición
EV00191,1254,"5/10 kilometres Pursuit, Women (Olympic)",,,NO,REVIEW_EVENT_COMPONENT,contiene CONFLICT_ALIAS/REVIEW_ALIAS interno; coexistencia en misma fuente/edición
EV00191,1522,"10 kilometres, Women (Olympic)",,,NO,REVIEW_EVENT_COMPONENT,contiene CONFLICT_ALIAS/REVIEW_ALIAS interno; coexistencia en misma fuente/edición
EV00192,1240,"Ice Dancing, Mixed (Olympic)",1267,"Ice Dancing, Mixed (Olympic (non-medal))",YES,SAFE_EVENT_COMPONENT,"Todos los pares internos son SAFE_ALIAS; atributos de dominio homogéneos; canon elegido por información, calidad de fuente, cobertura y desempate por ID."
EV00192,1267,"Ice Dancing, Mixed (Olympic (non-medal))",1267,"Ice Dancing, Mixed (Olympic (non-medal))",NO,SAFE_EVENT_COMPONENT,"Todos los pares internos son SAFE_ALIAS; atributos de dominio homogéneos; canon elegido por información, calidad de fuente, cobertura y desempate por ID."
EV00192,1803,"Ice Dancing, Mixed Youth (YOG)",1267,"Ice Dancing, Mixed (Olympic (non-medal))",YES,SAFE_EVENT_COMPONENT,"Todos los pares internos son SAFE_ALIAS; atributos de dominio homogéneos; canon elegido por información, calidad de fuente, cobertura y desempate por ID."
EV00193,1251,"Moguls, Women (Olympic)",1265,"Moguls, Women (Olympic (non-medal))",YES,SAFE_EVENT_COMPONENT,"Todos los pares internos son SAFE_ALIAS; atributos de dominio homogéneos; canon elegido por información, calidad de fuente, cobertura y desempate por ID."
EV00193,1265,"Moguls, Women (Olympic (non-medal))",1265,"Moguls, Women (Olympic (non-medal))",NO,SAFE_EVENT_COMPONENT,"Todos los pares internos son SAFE_ALIAS; atributos de dominio homogéneos; canon elegido por información, calidad de fuente, cobertura y desempate por ID."
EV00194,1253,"5 kilometres, Women (Olympic)",1259,"12.5 kilometres Mass Start, Women (Olympic)",YES,SAFE_EVENT_COMPONENT,"Todos los pares internos son SAFE_ALIAS; atributos de dominio homogéneos; canon elegido por información, calidad de fuente, cobertura y desempate por ID."
EV00194,1259,"12.5 kilometres Mass Start, Women (Olympic)",1259,"12.5 kilometres Mass Start, Women (Olympic)",NO,SAFE_EVENT_COMPONENT,"Todos los pares internos son SAFE_ALIAS; atributos de dominio homogéneos; canon elegido por información, calidad de fuente, cobertura y desempate por ID."
EV00195,1255,"Aerials, Women (Olympic (non-medal))",1255,"Aerials, Women (Olympic (non-medal))",NO,SAFE_EVENT_COMPONENT,"Todos los pares internos son SAFE_ALIAS; atributos de dominio homogéneos; canon elegido por información, calidad de fuente, cobertura y desempate por ID."
EV00195,1256,"Aerials, Women (Olympic)",1255,"Aerials, Women (Olympic (non-medal))",YES,SAFE_EVENT_COMPONENT,"Todos los pares internos son SAFE_ALIAS; atributos de dominio homogéneos; canon elegido por información, calidad de fuente, cobertura y desempate por ID."
EV00196,1289,"5,000 metres Relay, Men (Olympic (non-medal))",1289,"5,000 metres Relay, Men (Olympic (non-medal))",NO,SAFE_EVENT_COMPONENT,"Todos los pares internos son SAFE_ALIAS; atributos de dominio homogéneos; canon elegido por información, calidad de fuente, cobertura y desempate por ID."
EV00196,1291,"5,000 metres Relay, Men (Olympic)",1289,"5,000 metres Relay, Men (Olympic (non-medal))",YES,SAFE_EVENT_COMPONENT,"Todos los pares internos son SAFE_ALIAS; atributos de dominio homogéneos; canon elegido por información, calidad de fuente, cobertura y desempate por ID."
EV00197,1296,"Moguls, Men (Olympic)",1326,"Moguls, Men (Olympic (non-medal))",YES,SAFE_EVENT_COMPONENT,"Todos los pares internos son SAFE_ALIAS; atributos de dominio homogéneos; canon elegido por información, calidad de fuente, cobertura y desempate por ID."
EV00197,1326,"Moguls, Men (Olympic (non-medal))",1326,"Moguls, Men (Olympic (non-medal))",NO,SAFE_EVENT_COMPONENT,"Todos los pares internos son SAFE_ALIAS; atributos de dominio homogéneos; canon elegido por información, calidad de fuente, cobertura y desempate por ID."
EV00198,1302,"10 kilometres, Men (Olympic)",,,NO,REVIEW_EVENT_COMPONENT,contiene CONFLICT_ALIAS/REVIEW_ALIAS interno; coexistencia en misma fuente/edición
EV00198,1304,"10/15 kilometres Pursuit, Men (Olympic)",,,NO,REVIEW_EVENT_COMPONENT,contiene CONFLICT_ALIAS/REVIEW_ALIAS interno; coexistencia en misma fuente/edición
EV00198,1311,"15 kilometres, Men (Olympic)",,,NO,REVIEW_EVENT_COMPONENT,contiene CONFLICT_ALIAS/REVIEW_ALIAS interno; coexistencia en misma fuente/edición
EV00198,1448,"10/10 kilometres Pursuit, Men (Olympic)",,,NO,REVIEW_EVENT_COMPONENT,contiene CONFLICT_ALIAS/REVIEW_ALIAS interno; coexistencia en misma fuente/edición
EV00199,1313,"Military Ski Patrol, Men (Olympic)",1365,"Military Ski Patrol, Men (Olympic (non-medal))",YES,SAFE_EVENT_COMPONENT,"Todos los pares internos son SAFE_ALIAS; atributos de dominio homogéneos; canon elegido por información, calidad de fuente, cobertura y desempate por ID."
EV00199,1365,"Military Ski Patrol, Men (Olympic (non-medal))",1365,"Military Ski Patrol, Men (Olympic (non-medal))",NO,SAFE_EVENT_COMPONENT,"Todos los pares internos son SAFE_ALIAS; atributos de dominio homogéneos; canon elegido por información, calidad de fuente, cobertura y desempate por ID."
EV00200,1314,"Aerials, Men (Olympic (non-medal))",1314,"Aerials, Men (Olympic (non-medal))",NO,SAFE_EVENT_COMPONENT,"Todos los pares internos son SAFE_ALIAS; atributos de dominio homogéneos; canon elegido por información, calidad de fuente, cobertura y desempate por ID."
EV00200,1315,"Aerials, Men (Olympic)",1314,"Aerials, Men (Olympic (non-medal))",YES,SAFE_EVENT_COMPONENT,"Todos los pares internos son SAFE_ALIAS; atributos de dominio homogéneos; canon elegido por información, calidad de fuente, cobertura y desempate por ID."
EV00201,1335,"2 × 6 kilometres and 2 × 7.5 kilometres Relay, Mixed (Olympic)",1669,"2 × 6 kilometres and 2 × 7.5 kilometres Relay, Mixed Youth (YOG)",YES,SAFE_EVENT_COMPONENT,"Todos los pares internos son SAFE_ALIAS; atributos de dominio homogéneos; canon elegido por información, calidad de fuente, cobertura y desempate por ID."
EV00201,1669,"2 × 6 kilometres and 2 × 7.5 kilometres Relay, Mixed Youth (YOG)",1669,"2 × 6 kilometres and 2 × 7.5 kilometres Relay, Mixed Youth (YOG)",NO,SAFE_EVENT_COMPONENT,"Todos los pares internos son SAFE_ALIAS; atributos de dominio homogéneos; canon elegido por información, calidad de fuente, cobertura y desempate por ID."
EV00201,2159,Biathlon Mixed 2 x 6 kilometres and 2 x 7.5 kilometres Relay,1669,"2 × 6 kilometres and 2 × 7.5 kilometres Relay, Mixed Youth (YOG)",YES,SAFE_EVENT_COMPONENT,"Todos los pares internos son SAFE_ALIAS; atributos de dominio homogéneos; canon elegido por información, calidad de fuente, cobertura y desempate por ID."
EV00202,1361,"Team Relay, Mixed (Olympic)",1651,"Team Relay, Mixed Youth (YOG)",YES,SAFE_EVENT_COMPONENT,"Todos los pares internos son SAFE_ALIAS; atributos de dominio homogéneos; canon elegido por información, calidad de fuente, cobertura y desempate por ID."
EV00202,1651,"Team Relay, Mixed Youth (YOG)",1651,"Team Relay, Mixed Youth (YOG)",NO,SAFE_EVENT_COMPONENT,"Todos los pares internos son SAFE_ALIAS; atributos de dominio homogéneos; canon elegido por información, calidad de fuente, cobertura y desempate por ID."
EV00203,1379,"Omnium, Women (Olympic)",2549,Cycling Women's Omnium,YES,SAFE_EVENT_COMPONENT,"Todos los pares internos son SAFE_ALIAS; atributos de dominio homogéneos; canon elegido por información, calidad de fuente, cobertura y desempate por ID."
EV00203,2549,Cycling Women's Omnium,2549,Cycling Women's Omnium,NO,SAFE_EVENT_COMPONENT,"Todos los pares internos son SAFE_ALIAS; atributos de dominio homogéneos; canon elegido por información, calidad de fuente, cobertura y desempate por ID."
EV00203,2915,Women's Omnium,2549,Cycling Women's Omnium,YES,SAFE_EVENT_COMPONENT,"Todos los pares internos son SAFE_ALIAS; atributos de dominio homogéneos; canon elegido por información, calidad de fuente, cobertura y desempate por ID."
EV00204,1386,"Trap, Team, Mixed (Olympic)",1386,"Trap, Team, Mixed (Olympic)",NO,SAFE_EVENT_COMPONENT,"Todos los pares internos son SAFE_ALIAS; atributos de dominio homogéneos; canon elegido por información, calidad de fuente, cobertura y desempate por ID."
EV00204,2841,Trap Mixed Team,1386,"Trap, Team, Mixed (Olympic)",YES,SAFE_EVENT_COMPONENT,"Todos los pares internos son SAFE_ALIAS; atributos de dominio homogéneos; canon elegido por información, calidad de fuente, cobertura y desempate por ID."
EV00205,1387,"Air Pistol, 10 metres, Team, Mixed (Olympic)",1705,"Air Pistol, 10 metres, Team, Mixed Youth (YOG)",YES,SAFE_EVENT_COMPONENT,"Todos los pares internos son SAFE_ALIAS; atributos de dominio homogéneos; canon elegido por información, calidad de fuente, cobertura y desempate por ID."
EV00205,1705,"Air Pistol, 10 metres, Team, Mixed Youth (YOG)",1705,"Air Pistol, 10 metres, Team, Mixed Youth (YOG)",NO,SAFE_EVENT_COMPONENT,"Todos los pares internos son SAFE_ALIAS; atributos de dominio homogéneos; canon elegido por información, calidad de fuente, cobertura y desempate por ID."
EV00206,1399,"Welterweight, Women (Olympic)",1403,"Welterweight, Women (Olympic (non-medal))",YES,SAFE_EVENT_COMPONENT,"Todos los pares internos son SAFE_ALIAS; atributos de dominio homogéneos; canon elegido por información, calidad de fuente, cobertura y desempate por ID."
EV00206,1403,"Welterweight, Women (Olympic (non-medal))",1403,"Welterweight, Women (Olympic (non-medal))",NO,SAFE_EVENT_COMPONENT,"Todos los pares internos son SAFE_ALIAS; atributos de dominio homogéneos; canon elegido por información, calidad de fuente, cobertura y desempate por ID."
EV00207,1441,"Curling, Women (Olympic)",1442,"Curling, Women (Olympic (non-medal))",YES,SAFE_EVENT_COMPONENT,"Todos los pares internos son SAFE_ALIAS; atributos de dominio homogéneos; canon elegido por información, calidad de fuente, cobertura y desempate por ID."
EV00207,1442,"Curling, Women (Olympic (non-medal))",1442,"Curling, Women (Olympic (non-medal))",NO,SAFE_EVENT_COMPONENT,"Todos los pares internos son SAFE_ALIAS; atributos de dominio homogéneos; canon elegido por información, calidad de fuente, cobertura y desempate por ID."
EV00207,2238,Curling Women's Curling,1442,"Curling, Women (Olympic (non-medal))",YES,SAFE_EVENT_COMPONENT,"Todos los pares internos son SAFE_ALIAS; atributos de dominio homogéneos; canon elegido por información, calidad de fuente, cobertura y desempate por ID."
EV00208,1443,"Curling, Men (Olympic)",1444,"Curling, Men (Olympic (non-medal))",YES,SAFE_EVENT_COMPONENT,"Todos los pares internos son SAFE_ALIAS; atributos de dominio homogéneos; canon elegido por información, calidad de fuente, cobertura y desempate por ID."
EV00208,1444,"Curling, Men (Olympic (non-medal))",1444,"Curling, Men (Olympic (non-medal))",NO,SAFE_EVENT_COMPONENT,"Todos los pares internos son SAFE_ALIAS; atributos de dominio homogéneos; canon elegido por información, calidad de fuente, cobertura y desempate por ID."
EV00208,2205,Curling Men's Curling,1444,"Curling, Men (Olympic (non-medal))",YES,SAFE_EVENT_COMPONENT,"Todos los pares internos son SAFE_ALIAS; atributos de dominio homogéneos; canon elegido por información, calidad de fuente, cobertura y desempate por ID."
EV00209,1464,"4 × 100 metres Medley Relay, Mixed (Olympic)",1490,"4 × 100 metres Medley Relay, Mixed Youth (YOG)",YES,SAFE_EVENT_COMPONENT,"Todos los pares internos son SAFE_ALIAS; atributos de dominio homogéneos; canon elegido por información, calidad de fuente, cobertura y desempate por ID."
EV00209,1490,"4 × 100 metres Medley Relay, Mixed Youth (YOG)",1490,"4 × 100 metres Medley Relay, Mixed Youth (YOG)",NO,SAFE_EVENT_COMPONENT,"Todos los pares internos son SAFE_ALIAS; atributos de dominio homogéneos; canon elegido por información, calidad de fuente, cobertura y desempate por ID."
EV00210,1466,"Skiff, Women (Olympic)",2728,Women's Skiff - 49er  Team,YES,SAFE_EVENT_COMPONENT,"Todos los pares internos son SAFE_ALIAS; atributos de dominio homogéneos; canon elegido por información, calidad de fuente, cobertura y desempate por ID."
EV00210,2289,Sailing Women's Skiff,2728,Women's Skiff - 49er  Team,YES,SAFE_EVENT_COMPONENT,"Todos los pares internos son SAFE_ALIAS; atributos de dominio homogéneos; canon elegido por información, calidad de fuente, cobertura y desempate por ID."
EV00210,2728,Women's Skiff - 49er  Team,2728,Women's Skiff - 49er  Team,NO,SAFE_EVENT_COMPONENT,"Todos los pares internos son SAFE_ALIAS; atributos de dominio homogéneos; canon elegido por información, calidad de fuente, cobertura y desempate por ID."
EV00210,3087,Women's Skiff,2728,Women's Skiff - 49er  Team,YES,SAFE_EVENT_COMPONENT,"Todos los pares internos son SAFE_ALIAS; atributos de dominio homogéneos; canon elegido por información, calidad de fuente, cobertura y desempate por ID."
EV00211,1467,"Skiff, Men (Olympic)",2453,Sailing Men's Skiff,YES,SAFE_EVENT_COMPONENT,"Todos los pares internos son SAFE_ALIAS; atributos de dominio homogéneos; canon elegido por información, calidad de fuente, cobertura y desempate por ID."
EV00211,2453,Sailing Men's Skiff,2453,Sailing Men's Skiff,NO,SAFE_EVENT_COMPONENT,"Todos los pares internos son SAFE_ALIAS; atributos de dominio homogéneos; canon elegido por información, calidad de fuente, cobertura y desempate por ID."
EV00211,3060,Men's Skiff,2453,Sailing Men's Skiff,YES,SAFE_EVENT_COMPONENT,"Todos los pares internos son SAFE_ALIAS; atributos de dominio homogéneos; canon elegido por información, calidad de fuente, cobertura y desempate por ID."
EV00212,1468,"Air Rifle, 10 metres, Team, Mixed (Olympic)",1687,"Air Rifle, 10 metres, Team, Mixed Youth (YOG)",YES,SAFE_EVENT_COMPONENT,"Todos los pares internos son SAFE_ALIAS; atributos de dominio homogéneos; canon elegido por información, calidad de fuente, cobertura y desempate por ID."
EV00212,1687,"Air Rifle, 10 metres, Team, Mixed Youth (YOG)",1687,"Air Rifle, 10 metres, Team, Mixed Youth (YOG)",NO,SAFE_EVENT_COMPONENT,"Todos los pares internos son SAFE_ALIAS; atributos de dominio homogéneos; canon elegido por información, calidad de fuente, cobertura y desempate por ID."
EV00213,1470,"Sabre, Individual, Women (Olympic)",2474,"Fencing Women's Sabre, Individual",YES,SAFE_EVENT_COMPONENT,"Todos los pares internos son SAFE_ALIAS; atributos de dominio homogéneos; canon elegido por información, calidad de fuente, cobertura y desempate por ID."
EV00213,2474,"Fencing Women's Sabre, Individual",2474,"Fencing Women's Sabre, Individual",NO,SAFE_EVENT_COMPONENT,"Todos los pares internos son SAFE_ALIAS; atributos de dominio homogéneos; canon elegido por información, calidad de fuente, cobertura y desempate por ID."
EV00213,2905,Women's Sabre Individual,2474,"Fencing Women's Sabre, Individual",YES,SAFE_EVENT_COMPONENT,"Todos los pares internos son SAFE_ALIAS; atributos de dominio homogéneos; canon elegido por información, calidad de fuente, cobertura y desempate por ID."
EV00214,1471,"Sabre, Team, Women (Olympic)",2344,"Fencing Women's Sabre, Team",YES,SAFE_EVENT_COMPONENT,"Todos los pares internos son SAFE_ALIAS; atributos de dominio homogéneos; canon elegido por información, calidad de fuente, cobertura y desempate por ID."
EV00214,2344,"Fencing Women's Sabre, Team",2344,"Fencing Women's Sabre, Team",NO,SAFE_EVENT_COMPONENT,"Todos los pares internos son SAFE_ALIAS; atributos de dominio homogéneos; canon elegido por información, calidad de fuente, cobertura y desempate por ID."
EV00214,2906,Women's Sabre Team,2344,"Fencing Women's Sabre, Team",YES,SAFE_EVENT_COMPONENT,"Todos los pares internos son SAFE_ALIAS; atributos de dominio homogéneos; canon elegido por información, calidad de fuente, cobertura y desempate por ID."
EV00215,1472,"Relay, Mixed (Olympic)",1472,"Relay, Mixed (Olympic)",NO,SAFE_EVENT_COMPONENT,"Todos los pares internos son SAFE_ALIAS; atributos de dominio homogéneos; canon elegido por información, calidad de fuente, cobertura y desempate por ID."
EV00215,2824,Mixed Relay Team,1472,"Relay, Mixed (Olympic)",YES,SAFE_EVENT_COMPONENT,"Todos los pares internos son SAFE_ALIAS; atributos de dominio homogéneos; canon elegido por información, calidad de fuente, cobertura y desempate por ID."
EV00215,3106,Mixed Relay,1472,"Relay, Mixed (Olympic)",YES,SAFE_EVENT_COMPONENT,"Todos los pares internos son SAFE_ALIAS; atributos de dominio homogéneos; canon elegido por información, calidad de fuente, cobertura y desempate por ID."
EV00216,1473,"Team Pursuit, Women (Olympic)",,,NO,REVIEW_EVENT_COMPONENT,contiene CONFLICT_ALIAS/REVIEW_ALIAS interno
EV00216,2467,Cycling Women's Team Pursuit,,,NO,REVIEW_EVENT_COMPONENT,contiene CONFLICT_ALIAS/REVIEW_ALIAS interno
EV00216,2860,Women's Team Pursuit Team,,,NO,REVIEW_EVENT_COMPONENT,contiene CONFLICT_ALIAS/REVIEW_ALIAS interno
EV00216,3044,Women's Team Pursuit,,,NO,REVIEW_EVENT_COMPONENT,contiene CONFLICT_ALIAS/REVIEW_ALIAS interno
EV00217,1475,"Doubles, Mixed (Olympic)",1475,"Doubles, Mixed (Olympic)",NO,SAFE_EVENT_COMPONENT,"Todos los pares internos son SAFE_ALIAS; atributos de dominio homogéneos; canon elegido por información, calidad de fuente, cobertura y desempate por ID."
EV00217,2746,Mixed Doubles Team,1475,"Doubles, Mixed (Olympic)",YES,SAFE_EVENT_COMPONENT,"Todos los pares internos son SAFE_ALIAS; atributos de dominio homogéneos; canon elegido por información, calidad de fuente, cobertura y desempate por ID."
EV00217,3052,Mixed Doubles,1475,"Doubles, Mixed (Olympic)",YES,SAFE_EVENT_COMPONENT,"Todos los pares internos son SAFE_ALIAS; atributos de dominio homogéneos; canon elegido por información, calidad de fuente, cobertura y desempate por ID."
EV00218,1480,"Normal Hill, Team, Mixed (Olympic)",1862,"Normal Hill, Team, Mixed Youth (YOG)",YES,SAFE_EVENT_COMPONENT,"Todos los pares internos son SAFE_ALIAS; atributos de dominio homogéneos; canon elegido por información, calidad de fuente, cobertura y desempate por ID."
EV00218,1862,"Normal Hill, Team, Mixed Youth (YOG)",1862,"Normal Hill, Team, Mixed Youth (YOG)",NO,SAFE_EVENT_COMPONENT,"Todos los pares internos son SAFE_ALIAS; atributos de dominio homogéneos; canon elegido por información, calidad de fuente, cobertura y desempate por ID."
EV00219,1494,"Team, Mixed (Olympic)",1494,"Team, Mixed (Olympic)",NO,SAFE_EVENT_COMPONENT,"Todos los pares internos son SAFE_ALIAS; atributos de dominio homogéneos; canon elegido por información, calidad de fuente, cobertura y desempate por ID."
EV00219,2717,Mixed Team,1494,"Team, Mixed (Olympic)",YES,SAFE_EVENT_COMPONENT,"Todos los pares internos son SAFE_ALIAS; atributos de dominio homogéneos; canon elegido por información, calidad de fuente, cobertura y desempate por ID."
EV00220,1600,"Madison, Women (Olympic)",1600,"Madison, Women (Olympic)",NO,SAFE_EVENT_COMPONENT,"Todos los pares internos son SAFE_ALIAS; atributos de dominio homogéneos; canon elegido por información, calidad de fuente, cobertura y desempate por ID."
EV00220,2957,Women's Madison,1600,"Madison, Women (Olympic)",YES,SAFE_EVENT_COMPONENT,"Todos los pares internos son SAFE_ALIAS; atributos de dominio homogéneos; canon elegido por información, calidad de fuente, cobertura y desempate por ID."
EV00221,1677,"Park, Men (Olympic)",1677,"Park, Men (Olympic)",NO,SAFE_EVENT_COMPONENT,"Todos los pares internos son SAFE_ALIAS; atributos de dominio homogéneos; canon elegido por información, calidad de fuente, cobertura y desempate por ID."
EV00221,2873,Men's Park,1677,"Park, Men (Olympic)",YES,SAFE_EVENT_COMPONENT,"Todos los pares internos son SAFE_ALIAS; atributos de dominio homogéneos; canon elegido por información, calidad de fuente, cobertura y desempate por ID."
EV00222,1859,"Normal Hill, Team, Mixed Youth (YOG)",1859,"Normal Hill, Team, Mixed Youth (YOG)",NO,SAFE_EVENT_COMPONENT,"Todos los pares internos son SAFE_ALIAS; atributos de dominio homogéneos; canon elegido por información, calidad de fuente, cobertura y desempate por ID."
EV00222,1898,"Normal Hill, Team, Mixed (Olympic)",1859,"Normal Hill, Team, Mixed Youth (YOG)",YES,SAFE_EVENT_COMPONENT,"Todos los pares internos son SAFE_ALIAS; atributos de dominio homogéneos; canon elegido por información, calidad de fuente, cobertura y desempate por ID."
EV00223,1878,"Park, Women (Olympic)",1878,"Park, Women (Olympic)",NO,SAFE_EVENT_COMPONENT,"Todos los pares internos son SAFE_ALIAS; atributos de dominio homogéneos; canon elegido por información, calidad de fuente, cobertura y desempate por ID."
EV00223,2970,Women's Park,1878,"Park, Women (Olympic)",YES,SAFE_EVENT_COMPONENT,"Todos los pares internos son SAFE_ALIAS; atributos de dominio homogéneos; canon elegido por información, calidad de fuente, cobertura y desempate por ID."
EV00224,1881,"Combined, Women (Olympic)",1881,"Combined, Women (Olympic)",NO,SAFE_EVENT_COMPONENT,"Todos los pares internos son SAFE_ALIAS; atributos de dominio homogéneos; canon elegido por información, calidad de fuente, cobertura y desempate por ID."
EV00224,2992,Women's Combined,1881,"Combined, Women (Olympic)",YES,SAFE_EVENT_COMPONENT,"Todos los pares internos son SAFE_ALIAS; atributos de dominio homogéneos; canon elegido por información, calidad de fuente, cobertura y desempate por ID."
EV00225,1882,"Street, Women (Olympic)",1882,"Street, Women (Olympic)",NO,SAFE_EVENT_COMPONENT,"Todos los pares internos son SAFE_ALIAS; atributos de dominio homogéneos; canon elegido por información, calidad de fuente, cobertura y desempate por ID."
EV00225,2972,Women's Street,1882,"Street, Women (Olympic)",YES,SAFE_EVENT_COMPONENT,"Todos los pares internos son SAFE_ALIAS; atributos de dominio homogéneos; canon elegido por información, calidad de fuente, cobertura y desempate por ID."
EV00226,1883,"Park, Women (Olympic)",1883,"Park, Women (Olympic)",NO,SAFE_EVENT_COMPONENT,"Todos los pares internos son SAFE_ALIAS; atributos de dominio homogéneos; canon elegido por información, calidad de fuente, cobertura y desempate por ID."
EV00226,2923,Women's Park,1883,"Park, Women (Olympic)",YES,SAFE_EVENT_COMPONENT,"Todos los pares internos son SAFE_ALIAS; atributos de dominio homogéneos; canon elegido por información, calidad de fuente, cobertura y desempate por ID."
EV00227,1885,"Park, Men (Olympic)",1885,"Park, Men (Olympic)",NO,SAFE_EVENT_COMPONENT,"Todos los pares internos son SAFE_ALIAS; atributos de dominio homogéneos; canon elegido por información, calidad de fuente, cobertura y desempate por ID."
EV00227,2989,Men's Park,1885,"Park, Men (Olympic)",YES,SAFE_EVENT_COMPONENT,"Todos los pares internos son SAFE_ALIAS; atributos de dominio homogéneos; canon elegido por información, calidad de fuente, cobertura y desempate por ID."
EV00228,1886,"Combined, Men (Olympic)",1886,"Combined, Men (Olympic)",NO,SAFE_EVENT_COMPONENT,"Todos los pares internos son SAFE_ALIAS; atributos de dominio homogéneos; canon elegido por información, calidad de fuente, cobertura y desempate por ID."
EV00228,2994,Men's Combined,1886,"Combined, Men (Olympic)",YES,SAFE_EVENT_COMPONENT,"Todos los pares internos son SAFE_ALIAS; atributos de dominio homogéneos; canon elegido por información, calidad de fuente, cobertura y desempate por ID."
EV00229,1888,"Street, Men (Olympic)",1888,"Street, Men (Olympic)",NO,SAFE_EVENT_COMPONENT,"Todos los pares internos son SAFE_ALIAS; atributos de dominio homogéneos; canon elegido por información, calidad de fuente, cobertura y desempate por ID."
EV00229,2907,Men's Street,1888,"Street, Men (Olympic)",YES,SAFE_EVENT_COMPONENT,"Todos los pares internos son SAFE_ALIAS; atributos de dominio homogéneos; canon elegido por información, calidad de fuente, cobertura y desempate por ID."
EV00230,1894,"Kata, Men (Olympic)",1894,"Kata, Men (Olympic)",NO,SAFE_EVENT_COMPONENT,"Todos los pares internos son SAFE_ALIAS; atributos de dominio homogéneos; canon elegido por información, calidad de fuente, cobertura y desempate por ID."
EV00230,2853,Men's Kata,1894,"Kata, Men (Olympic)",YES,SAFE_EVENT_COMPONENT,"Todos los pares internos son SAFE_ALIAS; atributos de dominio homogéneos; canon elegido por información, calidad de fuente, cobertura y desempate por ID."
EV00231,1895,"Kata, Women (Olympic)",1895,"Kata, Women (Olympic)",NO,SAFE_EVENT_COMPONENT,"Todos los pares internos son SAFE_ALIAS; atributos de dominio homogéneos; canon elegido por información, calidad de fuente, cobertura y desempate por ID."
EV00231,2867,Women's Kata,1895,"Kata, Women (Olympic)",YES,SAFE_EVENT_COMPONENT,"Todos los pares internos son SAFE_ALIAS; atributos de dominio homogéneos; canon elegido por información, calidad de fuente, cobertura y desempate por ID."
EV00232,1906,Cross Country Skiing Men's 10 kilometres,,,NO,REVIEW_EVENT_COMPONENT,contiene CONFLICT_ALIAS/REVIEW_ALIAS interno; coexistencia en misma fuente/edición
EV00232,1908,Cross Country Skiing Men's 10/15 kilometres Pursuit,,,NO,REVIEW_EVENT_COMPONENT,contiene CONFLICT_ALIAS/REVIEW_ALIAS interno; coexistencia en misma fuente/edición
EV00232,1962,Cross Country Skiing Men's 15 kilometres,,,NO,REVIEW_EVENT_COMPONENT,contiene CONFLICT_ALIAS/REVIEW_ALIAS interno; coexistencia en misma fuente/edición
EV00232,2403,Cross Country Skiing Men's 10/10 kilometres Pursuit,,,NO,REVIEW_EVENT_COMPONENT,contiene CONFLICT_ALIAS/REVIEW_ALIAS interno; coexistencia en misma fuente/edición
EV00233,1929,"Art Competitions Mixed Sculpturing, Unknown Event",2577,"Art Competitions Mixed Sculpturing, Medals And Reliefs",YES,SAFE_EVENT_COMPONENT,"Todos los pares internos son SAFE_ALIAS; atributos de dominio homogéneos; canon elegido por información, calidad de fuente, cobertura y desempate por ID."
EV00233,2331,"Art Competitions Mixed Sculpturing, Statues",2577,"Art Competitions Mixed Sculpturing, Medals And Reliefs",YES,SAFE_EVENT_COMPONENT,"Todos los pares internos son SAFE_ALIAS; atributos de dominio homogéneos; canon elegido por información, calidad de fuente, cobertura y desempate por ID."
EV00233,2399,Art Competitions Mixed Sculpturing,2577,"Art Competitions Mixed Sculpturing, Medals And Reliefs",YES,SAFE_EVENT_COMPONENT,"Todos los pares internos son SAFE_ALIAS; atributos de dominio homogéneos; canon elegido por información, calidad de fuente, cobertura y desempate por ID."
EV00233,2562,"Art Competitions Mixed Sculpturing, Medals And Plaques",2577,"Art Competitions Mixed Sculpturing, Medals And Reliefs",YES,SAFE_EVENT_COMPONENT,"Todos los pares internos son SAFE_ALIAS; atributos de dominio homogéneos; canon elegido por información, calidad de fuente, cobertura y desempate por ID."
EV00233,2577,"Art Competitions Mixed Sculpturing, Medals And Reliefs",2577,"Art Competitions Mixed Sculpturing, Medals And Reliefs",NO,SAFE_EVENT_COMPONENT,"Todos los pares internos son SAFE_ALIAS; atributos de dominio homogéneos; canon elegido por información, calidad de fuente, cobertura y desempate por ID."
EV00233,2580,"Art Competitions Mixed Sculpturing, Medals",2577,"Art Competitions Mixed Sculpturing, Medals And Reliefs",YES,SAFE_EVENT_COMPONENT,"Todos los pares internos son SAFE_ALIAS; atributos de dominio homogéneos; canon elegido por información, calidad de fuente, cobertura y desempate por ID."
EV00233,2645,"Art Competitions Mixed Sculpturing, Reliefs",2577,"Art Competitions Mixed Sculpturing, Medals And Reliefs",YES,SAFE_EVENT_COMPONENT,"Todos los pares internos son SAFE_ALIAS; atributos de dominio homogéneos; canon elegido por información, calidad de fuente, cobertura y desempate por ID."
EV00234,1950,Bobsleigh Men's Four,2372,Bobsleigh Men's Four/Five,YES,SAFE_EVENT_COMPONENT,"Todos los pares internos son SAFE_ALIAS; atributos de dominio homogéneos; canon elegido por información, calidad de fuente, cobertura y desempate por ID."
EV00234,2372,Bobsleigh Men's Four/Five,2372,Bobsleigh Men's Four/Five,NO,SAFE_EVENT_COMPONENT,"Todos los pares internos son SAFE_ALIAS; atributos de dominio homogéneos; canon elegido por información, calidad de fuente, cobertura y desempate por ID."
EV00235,1973,"Athletics Men's 5,000 metres",2545,"Athletics Men's 5,000 metres, Team",YES,SAFE_EVENT_COMPONENT,"Todos los pares internos son SAFE_ALIAS; atributos de dominio homogéneos; canon elegido por información, calidad de fuente, cobertura y desempate por ID."
EV00235,2545,"Athletics Men's 5,000 metres, Team",2545,"Athletics Men's 5,000 metres, Team",NO,SAFE_EVENT_COMPONENT,"Todos los pares internos son SAFE_ALIAS; atributos de dominio homogéneos; canon elegido por información, calidad de fuente, cobertura y desempate por ID."
EV00236,2013,Rowing Men's Coxed Pairs,2536,Rowing Men's Coxed Pairs (1 kilometres),YES,SAFE_EVENT_COMPONENT,"Todos los pares internos son SAFE_ALIAS; atributos de dominio homogéneos; canon elegido por información, calidad de fuente, cobertura y desempate por ID."
EV00236,2536,Rowing Men's Coxed Pairs (1 kilometres),2536,Rowing Men's Coxed Pairs (1 kilometres),NO,SAFE_EVENT_COMPONENT,"Todos los pares internos son SAFE_ALIAS; atributos de dominio homogéneos; canon elegido por información, calidad de fuente, cobertura y desempate por ID."
EV00236,2547,Rowing Men's Coxed Pairs (1 mile),2536,Rowing Men's Coxed Pairs (1 kilometres),YES,SAFE_EVENT_COMPONENT,"Todos los pares internos son SAFE_ALIAS; atributos de dominio homogéneos; canon elegido por información, calidad de fuente, cobertura y desempate por ID."
EV00237,2026,Weightlifting Men's Heavyweight,2333,Weightlifting Men's Heavyweight II,YES,SAFE_EVENT_COMPONENT,"Todos los pares internos son SAFE_ALIAS; atributos de dominio homogéneos; canon elegido por información, calidad de fuente, cobertura y desempate por ID."
EV00237,2315,Weightlifting Men's Heavyweight I,2333,Weightlifting Men's Heavyweight II,YES,SAFE_EVENT_COMPONENT,"Todos los pares internos son SAFE_ALIAS; atributos de dominio homogéneos; canon elegido por información, calidad de fuente, cobertura y desempate por ID."
EV00237,2333,Weightlifting Men's Heavyweight II,2333,Weightlifting Men's Heavyweight II,NO,SAFE_EVENT_COMPONENT,"Todos los pares internos son SAFE_ALIAS; atributos de dominio homogéneos; canon elegido por información, calidad de fuente, cobertura y desempate por ID."
EV00238,2044,"Athletics Women's 3,000 metres",2316,"Athletics Women's 3,000 metres Steeplechase",YES,SAFE_EVENT_COMPONENT,"Todos los pares internos son SAFE_ALIAS; atributos de dominio homogéneos; canon elegido por información, calidad de fuente, cobertura y desempate por ID."
EV00238,2316,"Athletics Women's 3,000 metres Steeplechase",2316,"Athletics Women's 3,000 metres Steeplechase",NO,SAFE_EVENT_COMPONENT,"Todos los pares internos son SAFE_ALIAS; atributos de dominio homogéneos; canon elegido por información, calidad de fuente, cobertura y desempate por ID."
EV00239,2065,"Wrestling Men's Middleweight, Greco-Roman",2128,"Wrestling Men's Middleweight A, Greco-Roman",YES,SAFE_EVENT_COMPONENT,"Todos los pares internos son SAFE_ALIAS; atributos de dominio homogéneos; canon elegido por información, calidad de fuente, cobertura y desempate por ID."
EV00239,2128,"Wrestling Men's Middleweight A, Greco-Roman",2128,"Wrestling Men's Middleweight A, Greco-Roman",NO,SAFE_EVENT_COMPONENT,"Todos los pares internos son SAFE_ALIAS; atributos de dominio homogéneos; canon elegido por información, calidad de fuente, cobertura y desempate por ID."
EV00239,2309,"Wrestling Men's Middleweight B, Greco-Roman",2128,"Wrestling Men's Middleweight A, Greco-Roman",YES,SAFE_EVENT_COMPONENT,"Todos los pares internos son SAFE_ALIAS; atributos de dominio homogéneos; canon elegido por información, calidad de fuente, cobertura y desempate por ID."
EV00240,2084,Swimming Men's 200 metres Freestyle,2455,"Swimming Men's 1,200 metres Freestyle",YES,SAFE_EVENT_COMPONENT,"Todos los pares internos son SAFE_ALIAS; atributos de dominio homogéneos; canon elegido por información, calidad de fuente, cobertura y desempate por ID."
EV00240,2455,"Swimming Men's 1,200 metres Freestyle",2455,"Swimming Men's 1,200 metres Freestyle",NO,SAFE_EVENT_COMPONENT,"Todos los pares internos son SAFE_ALIAS; atributos de dominio homogéneos; canon elegido por información, calidad de fuente, cobertura y desempate por ID."
EV00241,2105,Nordic Combined Men's Individual,2531,"Nordic Combined Men's Normal Hill / 10 km, Individual",YES,SAFE_EVENT_COMPONENT,"Todos los pares internos son SAFE_ALIAS; atributos de dominio homogéneos; canon elegido por información, calidad de fuente, cobertura y desempate por ID."
EV00241,2531,"Nordic Combined Men's Normal Hill / 10 km, Individual",2531,"Nordic Combined Men's Normal Hill / 10 km, Individual",NO,SAFE_EVENT_COMPONENT,"Todos los pares internos son SAFE_ALIAS; atributos de dominio homogéneos; canon elegido por información, calidad de fuente, cobertura y desempate por ID."
EV00241,2532,"Nordic Combined Men's Large Hill / 10 km, Individual",2531,"Nordic Combined Men's Normal Hill / 10 km, Individual",YES,SAFE_EVENT_COMPONENT,"Todos los pares internos son SAFE_ALIAS; atributos de dominio homogéneos; canon elegido por información, calidad de fuente, cobertura y desempate por ID."
EV00242,2107,Rowing Men's Coxed Fours,2385,"Rowing Men's Coxed Fours, Outriggers",YES,SAFE_EVENT_COMPONENT,"Todos los pares internos son SAFE_ALIAS; atributos de dominio homogéneos; canon elegido por información, calidad de fuente, cobertura y desempate por ID."
EV00242,2385,"Rowing Men's Coxed Fours, Outriggers",2385,"Rowing Men's Coxed Fours, Outriggers",NO,SAFE_EVENT_COMPONENT,"Todos los pares internos son SAFE_ALIAS; atributos de dominio homogéneos; canon elegido por información, calidad de fuente, cobertura y desempate por ID."
EV00242,2397,"Rowing Men's Coxed Fours, Inriggers",2385,"Rowing Men's Coxed Fours, Outriggers",YES,SAFE_EVENT_COMPONENT,"Todos los pares internos son SAFE_ALIAS; atributos de dominio homogéneos; canon elegido por información, calidad de fuente, cobertura y desempate por ID."
EV00243,2110,"Art Competitions Mixed Architecture, Designs For Town Planning",2110,"Art Competitions Mixed Architecture, Designs For Town Planning",NO,SAFE_EVENT_COMPONENT,"Todos los pares internos son SAFE_ALIAS; atributos de dominio homogéneos; canon elegido por información, calidad de fuente, cobertura y desempate por ID."
EV00243,2111,"Art Competitions Mixed Architecture, Architectural Designs",2110,"Art Competitions Mixed Architecture, Designs For Town Planning",YES,SAFE_EVENT_COMPONENT,"Todos los pares internos son SAFE_ALIAS; atributos de dominio homogéneos; canon elegido por información, calidad de fuente, cobertura y desempate por ID."
EV00243,2388,"Art Competitions Mixed Architecture, Unknown Event",2110,"Art Competitions Mixed Architecture, Designs For Town Planning",YES,SAFE_EVENT_COMPONENT,"Todos los pares internos son SAFE_ALIAS; atributos de dominio homogéneos; canon elegido por información, calidad de fuente, cobertura y desempate por ID."
EV00243,2588,Art Competitions Mixed Architecture,2110,"Art Competitions Mixed Architecture, Designs For Town Planning",YES,SAFE_EVENT_COMPONENT,"Todos los pares internos son SAFE_ALIAS; atributos de dominio homogéneos; canon elegido por información, calidad de fuente, cobertura y desempate por ID."
EV00244,2148,Cross Country Skiing Women's 5 kilometres,,,NO,REVIEW_EVENT_COMPONENT,contiene CONFLICT_ALIAS/REVIEW_ALIAS interno; coexistencia en misma fuente/edición
EV00244,2149,Cross Country Skiing Women's 10 kilometres,,,NO,REVIEW_EVENT_COMPONENT,contiene CONFLICT_ALIAS/REVIEW_ALIAS interno; coexistencia en misma fuente/edición
EV00244,2365,Cross Country Skiing Women's 5/10 kilometres Pursuit,,,NO,REVIEW_EVENT_COMPONENT,contiene CONFLICT_ALIAS/REVIEW_ALIAS interno; coexistencia en misma fuente/edición
EV00244,2368,Cross Country Skiing Women's 5/5 kilometres Pursuit,,,NO,REVIEW_EVENT_COMPONENT,contiene CONFLICT_ALIAS/REVIEW_ALIAS interno; coexistencia en misma fuente/edición
EV00245,2163,Archery Men's Team,2594,Archery Men's Team Round,YES,SAFE_EVENT_COMPONENT,"Todos los pares internos son SAFE_ALIAS; atributos de dominio homogéneos; canon elegido por información, calidad de fuente, cobertura y desempate por ID."
EV00245,2594,Archery Men's Team Round,2594,Archery Men's Team Round,NO,SAFE_EVENT_COMPONENT,"Todos los pares internos son SAFE_ALIAS; atributos de dominio homogéneos; canon elegido por información, calidad de fuente, cobertura y desempate por ID."
EV00246,2181,Art Competitions Mixed Painting,2188,"Art Competitions Mixed Painting, Unknown Event",YES,SAFE_EVENT_COMPONENT,"Todos los pares internos son SAFE_ALIAS; atributos de dominio homogéneos; canon elegido por información, calidad de fuente, cobertura y desempate por ID."
EV00246,2188,"Art Competitions Mixed Painting, Unknown Event",2188,"Art Competitions Mixed Painting, Unknown Event",NO,SAFE_EVENT_COMPONENT,"Todos los pares internos son SAFE_ALIAS; atributos de dominio homogéneos; canon elegido por información, calidad de fuente, cobertura y desempate por ID."
EV00246,2328,"Art Competitions Mixed Painting, Paintings",2188,"Art Competitions Mixed Painting, Unknown Event",YES,SAFE_EVENT_COMPONENT,"Todos los pares internos son SAFE_ALIAS; atributos de dominio homogéneos; canon elegido por información, calidad de fuente, cobertura y desempate por ID."
EV00246,2495,"Art Competitions Mixed Painting, Graphic Arts",2188,"Art Competitions Mixed Painting, Unknown Event",YES,SAFE_EVENT_COMPONENT,"Todos los pares internos son SAFE_ALIAS; atributos de dominio homogéneos; canon elegido por información, calidad de fuente, cobertura y desempate por ID."
EV00246,2499,"Art Competitions Mixed Painting, Applied Arts",2188,"Art Competitions Mixed Painting, Unknown Event",YES,SAFE_EVENT_COMPONENT,"Todos los pares internos son SAFE_ALIAS; atributos de dominio homogéneos; canon elegido por información, calidad de fuente, cobertura y desempate por ID."
EV00247,2191,"Swimming Men's 1,500 metres Freestyle",2191,"Swimming Men's 1,500 metres Freestyle",NO,SAFE_EVENT_COMPONENT,"Todos los pares internos son SAFE_ALIAS; atributos de dominio homogéneos; canon elegido por información, calidad de fuente, cobertura y desempate por ID."
EV00247,2659,Swimming Men's 500 metres Freestyle,2191,"Swimming Men's 1,500 metres Freestyle",YES,SAFE_EVENT_COMPONENT,"Todos los pares internos son SAFE_ALIAS; atributos de dominio homogéneos; canon elegido por información, calidad de fuente, cobertura y desempate por ID."
EV00248,2206,Art Competitions Mixed Literature,2556,"Art Competitions Mixed Literature, Dramatic Works",YES,SAFE_EVENT_COMPONENT,"Todos los pares internos son SAFE_ALIAS; atributos de dominio homogéneos; canon elegido por información, calidad de fuente, cobertura y desempate por ID."
EV00248,2491,"Art Competitions Mixed Literature, Lyric Works",2556,"Art Competitions Mixed Literature, Dramatic Works",YES,SAFE_EVENT_COMPONENT,"Todos los pares internos son SAFE_ALIAS; atributos de dominio homogéneos; canon elegido por información, calidad de fuente, cobertura y desempate por ID."
EV00248,2497,"Art Competitions Mixed Literature, Unknown Event",2556,"Art Competitions Mixed Literature, Dramatic Works",YES,SAFE_EVENT_COMPONENT,"Todos los pares internos son SAFE_ALIAS; atributos de dominio homogéneos; canon elegido por información, calidad de fuente, cobertura y desempate por ID."
EV00248,2519,Art Competitions Mixed Music,2556,"Art Competitions Mixed Literature, Dramatic Works",YES,SAFE_EVENT_COMPONENT,"Todos los pares internos son SAFE_ALIAS; atributos de dominio homogéneos; canon elegido por información, calidad de fuente, cobertura y desempate por ID."
EV00248,2548,Art Competitions Mixed Unknown Event,2556,"Art Competitions Mixed Literature, Dramatic Works",YES,SAFE_EVENT_COMPONENT,"Todos los pares internos son SAFE_ALIAS; atributos de dominio homogéneos; canon elegido por información, calidad de fuente, cobertura y desempate por ID."
EV00248,2555,"Art Competitions Mixed Music, Vocals",2556,"Art Competitions Mixed Literature, Dramatic Works",YES,SAFE_EVENT_COMPONENT,"Todos los pares internos son SAFE_ALIAS; atributos de dominio homogéneos; canon elegido por información, calidad de fuente, cobertura y desempate por ID."
EV00248,2556,"Art Competitions Mixed Literature, Dramatic Works",2556,"Art Competitions Mixed Literature, Dramatic Works",NO,SAFE_EVENT_COMPONENT,"Todos los pares internos son SAFE_ALIAS; atributos de dominio homogéneos; canon elegido por información, calidad de fuente, cobertura y desempate por ID."
EV00248,2587,"Art Competitions Mixed Literature, Epic Works",2556,"Art Competitions Mixed Literature, Dramatic Works",YES,SAFE_EVENT_COMPONENT,"Todos los pares internos son SAFE_ALIAS; atributos de dominio homogéneos; canon elegido por información, calidad de fuente, cobertura y desempate por ID."
EV00248,2616,"Art Competitions Mixed Music, Unknown Event",2556,"Art Competitions Mixed Literature, Dramatic Works",YES,SAFE_EVENT_COMPONENT,"Todos los pares internos son SAFE_ALIAS; atributos de dominio homogéneos; canon elegido por información, calidad de fuente, cobertura y desempate por ID."
EV00249,2301,Sailing Mixed 5.5 metres,2301,Sailing Mixed 5.5 metres,NO,SAFE_EVENT_COMPONENT,"Todos los pares internos son SAFE_ALIAS; atributos de dominio homogéneos; canon elegido por información, calidad de fuente, cobertura y desempate por ID."
EV00249,2611,Sailing Mixed 6.5 metres,2301,Sailing Mixed 5.5 metres,YES,SAFE_EVENT_COMPONENT,"Todos los pares internos son SAFE_ALIAS; atributos de dominio homogéneos; canon elegido por información, calidad de fuente, cobertura y desempate por ID."
EV00250,2312,Athletics Men's Pentathlon (Ancient),2312,Athletics Men's Pentathlon (Ancient),NO,SAFE_EVENT_COMPONENT,"Todos los pares internos son SAFE_ALIAS; atributos de dominio homogéneos; canon elegido por información, calidad de fuente, cobertura y desempate por ID."
EV00250,2454,Athletics Men's Pentathlon,2312,Athletics Men's Pentathlon (Ancient),YES,SAFE_EVENT_COMPONENT,"Todos los pares internos son SAFE_ALIAS; atributos de dominio homogéneos; canon elegido por información, calidad de fuente, cobertura y desempate por ID."
EV00251,2442,Snowboarding Men's Giant Slalom,2443,Snowboarding Men's Parallel Giant Slalom,YES,SAFE_EVENT_COMPONENT,"Todos los pares internos son SAFE_ALIAS; atributos de dominio homogéneos; canon elegido por información, calidad de fuente, cobertura y desempate por ID."
EV00251,2443,Snowboarding Men's Parallel Giant Slalom,2443,Snowboarding Men's Parallel Giant Slalom,NO,SAFE_EVENT_COMPONENT,"Todos los pares internos son SAFE_ALIAS; atributos de dominio homogéneos; canon elegido por información, calidad de fuente, cobertura y desempate por ID."
EV00252,2541,Snowboarding Women's Giant Slalom,2567,Snowboarding Women's Parallel Giant Slalom,YES,SAFE_EVENT_COMPONENT,"Todos los pares internos son SAFE_ALIAS; atributos de dominio homogéneos; canon elegido por información, calidad de fuente, cobertura y desempate por ID."
EV00252,2567,Snowboarding Women's Parallel Giant Slalom,2567,Snowboarding Women's Parallel Giant Slalom,NO,SAFE_EVENT_COMPONENT,"Todos los pares internos son SAFE_ALIAS; atributos de dominio homogéneos; canon elegido por información, calidad de fuente, cobertura y desempate por ID."
EV00253,2581,"Shooting Men's Military Rifle, Kneeling Or Standing, 300 metres",2581,"Shooting Men's Military Rifle, Kneeling Or Standing, 300 metres",NO,SAFE_EVENT_COMPONENT,"Todos los pares internos son SAFE_ALIAS; atributos de dominio homogéneos; canon elegido por información, calidad de fuente, cobertura y desempate por ID."
EV00253,2626,"Shooting Men's Military Rifle, Standing, 300 metres",2581,"Shooting Men's Military Rifle, Kneeling Or Standing, 300 metres",YES,SAFE_EVENT_COMPONENT,"Todos los pares internos son SAFE_ALIAS; atributos de dominio homogéneos; canon elegido por información, calidad de fuente, cobertura y desempate por ID."
EV00254,2675,Men's Pair Team,2675,Men's Pair Team,NO,SAFE_EVENT_COMPONENT,"Todos los pares internos son SAFE_ALIAS; atributos de dominio homogéneos; canon elegido por información, calidad de fuente, cobertura y desempate por ID."
EV00254,3062,Men's Pair,2675,Men's Pair Team,YES,SAFE_EVENT_COMPONENT,"Todos los pares internos son SAFE_ALIAS; atributos de dominio homogéneos; canon elegido por información, calidad de fuente, cobertura y desempate por ID."
EV00255,2724,Women's Synchronised 3m Springboard Team,2724,Women's Synchronised 3m Springboard Team,NO,SAFE_EVENT_COMPONENT,"Todos los pares internos son SAFE_ALIAS; atributos de dominio homogéneos; canon elegido por información, calidad de fuente, cobertura y desempate por ID."
EV00255,3104,Women's Synchronised 3m Springboard,2724,Women's Synchronised 3m Springboard Team,YES,SAFE_EVENT_COMPONENT,"Todos los pares internos son SAFE_ALIAS; atributos de dominio homogéneos; canon elegido por información, calidad de fuente, cobertura y desempate por ID."
EV00256,2743,Mixed 4 x 100m Medley Relay Team,2743,Mixed 4 x 100m Medley Relay Team,NO,SAFE_EVENT_COMPONENT,"Todos los pares internos son SAFE_ALIAS; atributos de dominio homogéneos; canon elegido por información, calidad de fuente, cobertura y desempate por ID."
EV00256,3097,Mixed 4 x 100m Medley Relay,2743,Mixed 4 x 100m Medley Relay Team,YES,SAFE_EVENT_COMPONENT,"Todos los pares internos son SAFE_ALIAS; atributos de dominio homogéneos; canon elegido por información, calidad de fuente, cobertura y desempate por ID."
EV00257,2749,Men's 4 x 100m Freestyle Relay Team,2749,Men's 4 x 100m Freestyle Relay Team,NO,SAFE_EVENT_COMPONENT,"Todos los pares internos son SAFE_ALIAS; atributos de dominio homogéneos; canon elegido por información, calidad de fuente, cobertura y desempate por ID."
EV00257,3096,Men's 4 x 100m Freestyle Relay,2749,Men's 4 x 100m Freestyle Relay Team,YES,SAFE_EVENT_COMPONENT,"Todos los pares internos son SAFE_ALIAS; atributos de dominio homogéneos; canon elegido por información, calidad de fuente, cobertura y desempate por ID."
EV00258,2756,Men's Kayak,3005,Men's Kayak Single,YES,SAFE_EVENT_COMPONENT,"Todos los pares internos son SAFE_ALIAS; atributos de dominio homogéneos; canon elegido por información, calidad de fuente, cobertura y desempate por ID."
EV00258,3005,Men's Kayak Single,3005,Men's Kayak Single,NO,SAFE_EVENT_COMPONENT,"Todos los pares internos son SAFE_ALIAS; atributos de dominio homogéneos; canon elegido por información, calidad de fuente, cobertura y desempate por ID."
EV00258,3006,Men's Kayak Cross,3005,Men's Kayak Single,YES,SAFE_EVENT_COMPONENT,"Todos los pares internos son SAFE_ALIAS; atributos de dominio homogéneos; canon elegido por información, calidad de fuente, cobertura y desempate por ID."
EV00259,2758,Men's Eight Team,2758,Men's Eight Team,NO,SAFE_EVENT_COMPONENT,"Todos los pares internos son SAFE_ALIAS; atributos de dominio homogéneos; canon elegido por información, calidad de fuente, cobertura y desempate por ID."
EV00259,3071,Men's Eight,2758,Men's Eight Team,YES,SAFE_EVENT_COMPONENT,"Todos los pares internos son SAFE_ALIAS; atributos de dominio homogéneos; canon elegido por información, calidad de fuente, cobertura y desempate por ID."
EV00260,2789,Women's Synchronised 10m Platform Team,2789,Women's Synchronised 10m Platform Team,NO,SAFE_EVENT_COMPONENT,"Todos los pares internos son SAFE_ALIAS; atributos de dominio homogéneos; canon elegido por información, calidad de fuente, cobertura y desempate por ID."
EV00260,3014,Women's Synchronised 10m Platform,2789,Women's Synchronised 10m Platform Team,YES,SAFE_EVENT_COMPONENT,"Todos los pares internos son SAFE_ALIAS; atributos de dominio homogéneos; canon elegido por información, calidad de fuente, cobertura y desempate por ID."
EV00261,2798,Women's 4 x 100m Freestyle Relay Team,2798,Women's 4 x 100m Freestyle Relay Team,NO,SAFE_EVENT_COMPONENT,"Todos los pares internos son SAFE_ALIAS; atributos de dominio homogéneos; canon elegido por información, calidad de fuente, cobertura y desempate por ID."
EV00261,3041,Women's 4 x 100m Freestyle Relay,2798,Women's 4 x 100m Freestyle Relay Team,YES,SAFE_EVENT_COMPONENT,"Todos los pares internos son SAFE_ALIAS; atributos de dominio homogéneos; canon elegido por información, calidad de fuente, cobertura y desempate por ID."
EV00262,2799,Women's Pair Team,2799,Women's Pair Team,NO,SAFE_EVENT_COMPONENT,"Todos los pares internos son SAFE_ALIAS; atributos de dominio homogéneos; canon elegido por información, calidad de fuente, cobertura y desempate por ID."
EV00262,3045,Women's Pair,2799,Women's Pair Team,YES,SAFE_EVENT_COMPONENT,"Todos los pares internos son SAFE_ALIAS; atributos de dominio homogéneos; canon elegido por información, calidad de fuente, cobertura y desempate por ID."
EV00263,2829,Women's Eight Team,2829,Women's Eight Team,NO,SAFE_EVENT_COMPONENT,"Todos los pares internos son SAFE_ALIAS; atributos de dominio homogéneos; canon elegido por información, calidad de fuente, cobertura y desempate por ID."
EV00263,3072,Women's Eight,2829,Women's Eight Team,YES,SAFE_EVENT_COMPONENT,"Todos los pares internos son SAFE_ALIAS; atributos de dominio homogéneos; canon elegido por información, calidad de fuente, cobertura y desempate por ID."
EV00264,2835,Women's Light (57-60kg),2835,Women's Light (57-60kg),NO,SAFE_EVENT_COMPONENT,"Todos los pares internos son SAFE_ALIAS; atributos de dominio homogéneos; canon elegido por información, calidad de fuente, cobertura y desempate por ID."
EV00264,3020,Women's 60kg,2835,Women's Light (57-60kg),YES,SAFE_EVENT_COMPONENT,"Todos los pares internos son SAFE_ALIAS; atributos de dominio homogéneos; canon elegido por información, calidad de fuente, cobertura y desempate por ID."
EV00265,2852,Women's 4 x 200m Freestyle Relay Team,2852,Women's 4 x 200m Freestyle Relay Team,NO,SAFE_EVENT_COMPONENT,"Todos los pares internos son SAFE_ALIAS; atributos de dominio homogéneos; canon elegido por información, calidad de fuente, cobertura y desempate por ID."
EV00265,3101,Women's 4 x 200m Freestyle Relay,2852,Women's 4 x 200m Freestyle Relay Team,YES,SAFE_EVENT_COMPONENT,"Todos los pares internos son SAFE_ALIAS; atributos de dominio homogéneos; canon elegido por información, calidad de fuente, cobertura y desempate por ID."
EV00266,2876,Women's 4 x 100m Medley Relay Team,2876,Women's 4 x 100m Medley Relay Team,NO,SAFE_EVENT_COMPONENT,"Todos los pares internos son SAFE_ALIAS; atributos de dominio homogéneos; canon elegido por información, calidad de fuente, cobertura y desempate por ID."
EV00266,3025,Women's 4 x 100m Medley Relay,2876,Women's 4 x 100m Medley Relay Team,YES,SAFE_EVENT_COMPONENT,"Todos los pares internos son SAFE_ALIAS; atributos de dominio homogéneos; canon elegido por información, calidad de fuente, cobertura y desempate por ID."
EV00267,2887,Women's Canoe Double 500m Team,2887,Women's Canoe Double 500m Team,NO,SAFE_EVENT_COMPONENT,"Todos los pares internos son SAFE_ALIAS; atributos de dominio homogéneos; canon elegido por información, calidad de fuente, cobertura y desempate por ID."
EV00267,3077,Women's Canoe Double 500m,2887,Women's Canoe Double 500m Team,YES,SAFE_EVENT_COMPONENT,"Todos los pares internos son SAFE_ALIAS; atributos de dominio homogéneos; canon elegido por información, calidad de fuente, cobertura y desempate por ID."
EV00268,2891,Men's 4 x 100m Medley Relay Team,2891,Men's 4 x 100m Medley Relay Team,NO,SAFE_EVENT_COMPONENT,"Todos los pares internos son SAFE_ALIAS; atributos de dominio homogéneos; canon elegido por información, calidad de fuente, cobertura y desempate por ID."
EV00268,3043,Men's 4 x 100m Medley Relay,2891,Men's 4 x 100m Medley Relay Team,YES,SAFE_EVENT_COMPONENT,"Todos los pares internos son SAFE_ALIAS; atributos de dominio homogéneos; canon elegido por información, calidad de fuente, cobertura y desempate por ID."
EV00269,2899,Women's Four Team,2899,Women's Four Team,NO,SAFE_EVENT_COMPONENT,"Todos los pares internos son SAFE_ALIAS; atributos de dominio homogéneos; canon elegido por información, calidad de fuente, cobertura y desempate por ID."
EV00269,3046,Women's Four,2899,Women's Four Team,YES,SAFE_EVENT_COMPONENT,"Todos los pares internos son SAFE_ALIAS; atributos de dominio homogéneos; canon elegido por información, calidad de fuente, cobertura y desempate por ID."
EV00270,2901,Men's Kayak Four 500m Team,2901,Men's Kayak Four 500m Team,NO,SAFE_EVENT_COMPONENT,"Todos los pares internos son SAFE_ALIAS; atributos de dominio homogéneos; canon elegido por información, calidad de fuente, cobertura y desempate por ID."
EV00270,3092,Men's Kayak Four 500m,2901,Men's Kayak Four 500m Team,YES,SAFE_EVENT_COMPONENT,"Todos los pares internos son SAFE_ALIAS; atributos de dominio homogéneos; canon elegido por información, calidad de fuente, cobertura y desempate por ID."
EV00271,2910,Men's 4 x 200m Freestyle Relay Team,2910,Men's 4 x 200m Freestyle Relay Team,NO,SAFE_EVENT_COMPONENT,"Todos los pares internos son SAFE_ALIAS; atributos de dominio homogéneos; canon elegido por información, calidad de fuente, cobertura y desempate por ID."
EV00271,3103,Men's 4 x 200m Freestyle Relay,2910,Men's 4 x 200m Freestyle Relay Team,YES,SAFE_EVENT_COMPONENT,"Todos los pares internos son SAFE_ALIAS; atributos de dominio homogéneos; canon elegido por información, calidad de fuente, cobertura y desempate por ID."
EV00272,2920,Women's Kayak Double 500m Team,2920,Women's Kayak Double 500m Team,NO,SAFE_EVENT_COMPONENT,"Todos los pares internos son SAFE_ALIAS; atributos de dominio homogéneos; canon elegido por información, calidad de fuente, cobertura y desempate por ID."
EV00272,3019,Women's Kayak Double 500m,2920,Women's Kayak Double 500m Team,YES,SAFE_EVENT_COMPONENT,"Todos los pares internos son SAFE_ALIAS; atributos de dominio homogéneos; canon elegido por información, calidad de fuente, cobertura y desempate por ID."
EV00273,2953,Men's Synchronised 10m Platform Team,2953,Men's Synchronised 10m Platform Team,NO,SAFE_EVENT_COMPONENT,"Todos los pares internos son SAFE_ALIAS; atributos de dominio homogéneos; canon elegido por información, calidad de fuente, cobertura y desempate por ID."
EV00273,3013,Men's Synchronised 10m Platform,2953,Men's Synchronised 10m Platform Team,YES,SAFE_EVENT_COMPONENT,"Todos los pares internos son SAFE_ALIAS; atributos de dominio homogéneos; canon elegido por información, calidad de fuente, cobertura y desempate por ID."
EV00274,2973,Men's Canoe,3067,Men's Canoe Single,YES,SAFE_EVENT_COMPONENT,"Todos los pares internos son SAFE_ALIAS; atributos de dominio homogéneos; canon elegido por información, calidad de fuente, cobertura y desempate por ID."
EV00274,3067,Men's Canoe Single,3067,Men's Canoe Single,NO,SAFE_EVENT_COMPONENT,"Todos los pares internos son SAFE_ALIAS; atributos de dominio homogéneos; canon elegido por información, calidad de fuente, cobertura y desempate por ID."
EV00275,2974,Men's Four Team,2974,Men's Four Team,NO,SAFE_EVENT_COMPONENT,"Todos los pares internos son SAFE_ALIAS; atributos de dominio homogéneos; canon elegido por información, calidad de fuente, cobertura y desempate por ID."
EV00275,3070,Men's Four,2974,Men's Four Team,YES,SAFE_EVENT_COMPONENT,"Todos los pares internos son SAFE_ALIAS; atributos de dominio homogéneos; canon elegido por información, calidad de fuente, cobertura y desempate por ID."
EV00276,2978,Women's Canoe,3079,Women's Canoe Single,YES,SAFE_EVENT_COMPONENT,"Todos los pares internos son SAFE_ALIAS; atributos de dominio homogéneos; canon elegido por información, calidad de fuente, cobertura y desempate por ID."
EV00276,3079,Women's Canoe Single,3079,Women's Canoe Single,NO,SAFE_EVENT_COMPONENT,"Todos los pares internos son SAFE_ALIAS; atributos de dominio homogéneos; canon elegido por información, calidad de fuente, cobertura y desempate por ID."
EV00277,2984,Women's Kayak Four 500m Team,2984,Women's Kayak Four 500m Team,NO,SAFE_EVENT_COMPONENT,"Todos los pares internos son SAFE_ALIAS; atributos de dominio homogéneos; canon elegido por información, calidad de fuente, cobertura y desempate por ID."
EV00277,3091,Women's Kayak Four 500m,2984,Women's Kayak Four 500m Team,YES,SAFE_EVENT_COMPONENT,"Todos los pares internos son SAFE_ALIAS; atributos de dominio homogéneos; canon elegido por información, calidad de fuente, cobertura y desempate por ID."
EV00278,2988,Women's Kayak,3017,Women's Kayak Single,YES,SAFE_EVENT_COMPONENT,"Todos los pares internos son SAFE_ALIAS; atributos de dominio homogéneos; canon elegido por información, calidad de fuente, cobertura y desempate por ID."
EV00278,3017,Women's Kayak Single,3017,Women's Kayak Single,NO,SAFE_EVENT_COMPONENT,"Todos los pares internos son SAFE_ALIAS; atributos de dominio homogéneos; canon elegido por información, calidad de fuente, cobertura y desempate por ID."
EV00278,3018,Women's Kayak Cross,3017,Women's Kayak Single,YES,SAFE_EVENT_COMPONENT,"Todos los pares internos son SAFE_ALIAS; atributos de dominio homogéneos; canon elegido por información, calidad de fuente, cobertura y desempate por ID."
EV00279,2991,Men's Synchronised 3m Springboard Team,2991,Men's Synchronised 3m Springboard Team,NO,SAFE_EVENT_COMPONENT,"Todos los pares internos son SAFE_ALIAS; atributos de dominio homogéneos; canon elegido por información, calidad de fuente, cobertura y desempate por ID."
EV00279,3015,Men's Synchronised 3m Springboard,2991,Men's Synchronised 3m Springboard Team,YES,SAFE_EVENT_COMPONENT,"Todos los pares internos son SAFE_ALIAS; atributos de dominio homogéneos; canon elegido por información, calidad de fuente, cobertura y desempate por ID."
