id_evento,nombre,deporte,disciplina,genero,modalidad_principal,modalidad_equipo,modalidad_individual,distancia,peso_categoria,aparato,tipo_prueba,numero_participantes,youth,non_medal,mixed,modificadores_restantes,modalidades,redundancia_padre,semantic_key,fuentes
1,"Singles, Men (Olympic)",tennis,tennis,men,singles,,individual,,,,,singles,NO,NO,NO,,singles,0,"[""men"", false, false, [""singles""], [], [], []]",fuente1
2,"Doubles, Men (Olympic)",tennis,tennis,men,doubles,,individual,,,,,doubles,NO,NO,NO,,doubles,0,"[""men"", false, false, [""doubles""], [], [], []]",fuente1
3,"Doubles, Mixed (Olympic)",tennis,tennis,mixed,mixed,,individual,,,,,doubles,NO,NO,YES,,doubles | mixed,0,"[""mixed"", false, false, [""doubles"", ""mixed""], [], [], []]",fuente1
4,"Singles, Men (Olympic)",table tennis,table tennis,men,singles,,individual,,,,,singles,NO,NO,NO,,singles,0,"[""men"", false, false, [""singles""], [], [], []]",fuente1
5,"Doubles, Men (Olympic)",,,,doubles,,individual,,,,,doubles,NO,NO,NO,,doubles,0,"["""", false, false, [""doubles""], [], [], []]",
6,"Singles, Handicap, Men (Olympic (non-medal))",tennis,tennis,men,singles,,individual,,,,handicap | medal,singles,NO,YES,NO,handicap | medal,singles,0,"[""men"", false, true, [""singles""], [], [], [""handicap"", ""medal""]]",fuente1
7,"Doubles, Handicap, Men (Olympic (non-medal))",tennis,tennis,men,doubles,,individual,,,,handicap | medal,doubles,NO,YES,NO,handicap | medal,doubles,0,"[""men"", false, true, [""doubles""], [], [], [""handicap"", ""medal""]]",fuente1
8,"Épée, Individual, Men (Olympic)",fencing,fencing,men,individual,,individual,,,,epee,individual,NO,NO,NO,epee,individual,0,"[""men"", false, false, [""individual""], [], [], [""epee""]]",fuente1
9,Tennis,,,,,,,,,,tennis,,NO,NO,NO,tennis,,0,"["""", false, false, [], [], [], [""tennis""]]",
10,"Doubles, Men (Olympic)",,,,doubles,,individual,,,,,doubles,NO,NO,NO,,doubles,0,"["""", false, false, [""doubles""], [], [], []]",
11,"Doubles, Handicap, Mixed (Olympic (non-medal))",,,,mixed,,individual,,,,handicap | medal,doubles,NO,YES,YES,handicap | medal,doubles | mixed,0,"["""", false, true, [""doubles"", ""mixed""], [], [], [""handicap"", ""medal""]]",
12,"Singles, Handicap, Men (Olympic (non-medal))",,,,singles,,individual,,,,handicap | medal,singles,NO,YES,NO,handicap | medal,singles,0,"["""", false, true, [""singles""], [], [], [""handicap"", ""medal""]]",
13,"Doubles, Handicap, Men (Olympic (non-medal))",,,,doubles,,individual,,,,handicap | medal,doubles,NO,YES,NO,handicap | medal,doubles,0,"["""", false, true, [""doubles""], [], [], [""handicap"", ""medal""]]",
14,"Singles, Men (Intercalated)",,,,singles,,individual,,,,intercalated,singles,NO,NO,NO,intercalated,singles,0,"["""", false, false, [""singles""], [], [], [""intercalated""]]",
15,"Doubles, Mixed (Intercalated)",,,,mixed,,individual,,,,intercalated,doubles,NO,NO,YES,intercalated,doubles | mixed,0,"["""", false, false, [""doubles"", ""mixed""], [], [], [""intercalated""]]",
16,"Doubles, Men (Intercalated)",,,,doubles,,individual,,,,intercalated,doubles,NO,NO,NO,intercalated,doubles,0,"["""", false, false, [""doubles""], [], [], [""intercalated""]]",
17,"Doubles, Covered Courts, Mixed (Olympic)",tennis,tennis,mixed,mixed,,individual,,,,courts | covered,doubles,NO,NO,YES,courts | covered,doubles | mixed,0,"[""mixed"", false, false, [""doubles"", ""mixed""], [], [], [""courts"", ""covered""]]",fuente1
18,"Singles, Covered Courts, Men (Olympic)",,,,singles,,individual,,,,courts | covered,singles,NO,NO,NO,courts | covered,singles,0,"["""", false, false, [""singles""], [], [], [""courts"", ""covered""]]",
19,"Singles, Men (Olympic (non-medal))",tennis,tennis,men,singles,,individual,,,,medal,singles,NO,YES,NO,medal,singles,0,"[""men"", false, true, [""singles""], [], [], [""medal""]]",fuente1
20,"Doubles, Handicap, Mixed (Olympic (non-medal))",,,,mixed,,individual,,,,handicap | medal,doubles,NO,YES,YES,handicap | medal,doubles | mixed,0,"["""", false, true, [""doubles"", ""mixed""], [], [], [""handicap"", ""medal""]]",
21,"Doubles, Covered Courts, Men (Olympic)",,,,doubles,,individual,,,,courts | covered,doubles,NO,NO,NO,courts | covered,doubles,0,"["""", false, false, [""doubles""], [], [], [""courts"", ""covered""]]",
22,Polo,,,,,,,,,,polo,,NO,NO,NO,polo,,0,"["""", false, false, [], [], [], [""polo""]]",
23,"Polo, Men (Olympic (non-medal))",,,,,,,,,,medal | polo,,NO,YES,NO,medal | polo,,0,"["""", false, true, [], [], [], [""medal"", ""polo""]]",
24,"Singles, Men (Olympic)",badminton,badminton,men,singles,,individual,,,,,singles,NO,NO,NO,,singles,0,"[""men"", false, false, [""singles""], [], [], []]",fuente1
25,"Singles, Covered Courts, Women (Olympic)",tennis,tennis,women,singles,,individual,,,,courts | covered,singles,NO,NO,NO,courts | covered,singles,0,"[""women"", false, false, [""singles""], [], [], [""courts"", ""covered""]]",fuente1
26,"Singles, Women (Olympic)",tennis,tennis,women,singles,,individual,,,,,singles,NO,NO,NO,,singles,0,"[""women"", false, false, [""singles""], [], [], []]",fuente1
27,"Doubles, Women (Olympic)",tennis,tennis,women,doubles,,individual,,,,,doubles,NO,NO,NO,,doubles,0,"[""women"", false, false, [""doubles""], [], [], []]",fuente1
28,"Doubles, Women (Olympic)",badminton,badminton,women,doubles,,individual,,,,,doubles,NO,NO,NO,,doubles,0,"[""women"", false, false, [""doubles""], [], [], []]",fuente1
29,"Doubles, Mixed (Olympic)",badminton,badminton,mixed,mixed,,individual,,,,,doubles,NO,NO,YES,,doubles | mixed,0,"[""mixed"", false, false, [""doubles"", ""mixed""], [], [], []]",fuente1
30,"Singles, Handicap, Women (Olympic (non-medal))",tennis,tennis,women,singles,,individual,,,,handicap | medal,singles,NO,YES,NO,handicap | medal,singles,0,"[""women"", false, true, [""singles""], [], [], [""handicap"", ""medal""]]",fuente1
31,"Singles, Women (Olympic)",table tennis,table tennis,women,singles,,individual,,,,,singles,NO,NO,NO,,singles,0,"[""women"", false, false, [""singles""], [], [], []]",fuente1
32,"Doubles, Women (Olympic)",,,,doubles,,individual,,,,,doubles,NO,NO,NO,,doubles,0,"["""", false, false, [""doubles""], [], [], []]",
33,"Singles, Women (Olympic)",badminton,badminton,women,singles,,individual,,,,,singles,NO,NO,NO,,singles,0,"[""women"", false, false, [""singles""], [], [], []]",fuente1
34,"Doubles, Men (Olympic)",badminton,badminton,men,doubles,,individual,,,,,doubles,NO,NO,NO,,doubles,0,"[""men"", false, false, [""doubles""], [], [], []]",fuente1
35,"Singles, Men (Olympic (non-medal))",badminton,badminton,men,singles,,individual,,,,medal,singles,NO,YES,NO,medal,singles,0,"[""men"", false, true, [""singles""], [], [], [""medal""]]",fuente1
36,"Singles, Women (Olympic (non-medal))",tennis,tennis,women,singles,,individual,,,,medal,singles,NO,YES,NO,medal,singles,0,"[""women"", false, true, [""singles""], [], [], [""medal""]]",fuente1
37,"Team, Women (Olympic)",table tennis,table tennis,women,team,team,,,,,,team,NO,NO,NO,,team,0,"[""women"", false, false, [""team""], [], [], []]",fuente1
38,"Doubles, Men (Olympic (non-medal))",tennis,tennis,men,doubles,,individual,,,,medal,doubles,NO,YES,NO,medal,doubles,0,"[""men"", false, true, [""doubles""], [], [], [""medal""]]",fuente1
39,"Hockey, Men (Olympic)",hockey,hockey,men,,,,,,,,,NO,NO,NO,,,0,"[""men"", false, false, [], [], [], []]",fuente1
40,Tennis,,,,,,,,,,tennis,,NO,NO,NO,tennis,,0,"["""", false, false, [], [], [], [""tennis""]]",
41,"Singles, Men (Olympic)",,,,singles,,individual,,,,,singles,NO,NO,NO,,singles,0,"["""", false, false, [""singles""], [], [], []]",
42,"Doubles, Men (Olympic)",,,,doubles,,individual,,,,,doubles,NO,NO,NO,,doubles,0,"["""", false, false, [""doubles""], [], [], []]",
43,"100 metres, Men (Olympic)",athletics,athletics,men,,,,,,,metres,,NO,NO,NO,metres,,0,"[""men"", false, false, [], [], [], [""metres""]]",fuente1
44,"400 metres, Men (Olympic)",athletics,athletics,men,,,,,,,metres,,NO,NO,NO,metres,,0,"[""men"", false, false, [], [], [], [""metres""]]",fuente1
45,"800 metres, Men (Olympic)",,,,,,,,,,metres,,NO,NO,NO,metres,,0,"["""", false, false, [], [], [], [""metres""]]",
46,"110 metres Hurdles, Men (Olympic)",athletics,athletics,men,,,,,,,hurdles | metres,,NO,NO,NO,hurdles | metres,,0,"[""men"", false, false, [], [], [], [""hurdles"", ""metres""]]",fuente1
47,"High Jump, Men (Olympic)",athletics,athletics,men,,,,,,,high | jump,,NO,NO,NO,high | jump,,0,"[""men"", false, false, [], [], [], [""high"", ""jump""]]",fuente1
48,"Pole Vault, Men (Olympic)",athletics,athletics,men,,,,,,,pole | vault,,NO,NO,NO,pole | vault,,0,"[""men"", false, false, [], [], [], [""pole"", ""vault""]]",fuente1
49,"Long Jump, Men (Olympic)",athletics,athletics,men,,,,,,,jump | long,,NO,NO,NO,jump | long,,0,"[""men"", false, false, [], [], [], [""jump"", ""long""]]",fuente1
50,"Triple Jump, Men (Olympic)",athletics,athletics,men,,,,,,,jump | triple,,NO,NO,NO,jump | triple,,0,"[""men"", false, false, [], [], [], [""jump"", ""triple""]]",fuente1
51,Tennis,,,,,,,,,,tennis,,NO,NO,NO,tennis,,0,"["""", false, false, [], [], [], [""tennis""]]",
52,"Singles, Men (Olympic)",,,,singles,,individual,,,,,singles,NO,NO,NO,,singles,0,"["""", false, false, [""singles""], [], [], []]",
53,"Doubles, Men (Olympic)",,,,doubles,,individual,,,,,doubles,NO,NO,NO,,doubles,0,"["""", false, false, [""doubles""], [], [], []]",
54,"Team, Men (Olympic)",table tennis,table tennis,men,team,team,,,,,,team,NO,NO,NO,,team,0,"[""men"", false, false, [""team""], [], [], []]",fuente1
55,Swimming (Aquatics),,,,,,,,,,aquatics | swimming,,NO,NO,NO,aquatics | swimming,,0,"["""", false, false, [], [], [], [""aquatics"", ""swimming""]]",
56,"100 metres Freestyle, Men (Olympic)",,,,freestyle,,,,,,metres,,NO,NO,NO,metres,freestyle,0,"["""", false, false, [""freestyle""], [], [], [""metres""]]",
57,"500 metres Freestyle, Men (Olympic)",,,,freestyle,,,,,,metres,,NO,NO,NO,metres,freestyle,0,"["""", false, false, [""freestyle""], [], [], [""metres""]]",
58,"1,200 metres Freestyle, Men (Olympic)",,,,freestyle,,,,,,metres,,NO,NO,NO,metres,freestyle,0,"["""", false, false, [""freestyle""], [], [], [""metres""]]",
59,"Architecture, Open (Olympic)",,,,,,,,,,architecture | open,,NO,NO,NO,architecture | open,,0,"["""", false, false, [], [], [], [""architecture"", ""open""]]",
60,Weightlifting,,,,,,,,,,weightlifting,,NO,NO,NO,weightlifting,,0,"["""", false, false, [], [], [], [""weightlifting""]]",
61,"Unlimited, Two Hands, Men (Olympic)",,,,,,,,,,hands | two | unlimited,,NO,NO,NO,hands | two | unlimited,,0,"["""", false, false, [], [], [], [""hands"", ""two"", ""unlimited""]]",
62,Wrestling,,,,,,,,,,wrestling,,NO,NO,NO,wrestling,,0,"["""", false, false, [], [], [], [""wrestling""]]",
63,"Unlimited Class, Greco-Roman, Men (Olympic)",,,,,,,,,,class | greco | roman | unlimited,,NO,NO,NO,class | greco | roman | unlimited,,0,"["""", false, false, [], [], [], [""class"", ""greco"", ""roman"", ""unlimited""]]",
64,Athletics,,,,,,,,,,athletics,,NO,NO,NO,athletics,,0,"["""", false, false, [], [], [], [""athletics""]]",
65,"Pole Vault, Men (Olympic)",,,,,,,,,,pole | vault,,NO,NO,NO,pole | vault,,0,"["""", false, false, [], [], [], [""pole"", ""vault""]]",
66,"Long Jump, Men (Olympic)",tennis,tennis,men,,,,,,,jump | long,,NO,NO,NO,jump | long,,0,"[""men"", false, false, [], [], [], [""jump"", ""long""]]",fuente1
67,"Shot Put, Men (Olympic)",,,,shot,,,,,,put,,NO,NO,NO,put,shot,0,"["""", false, false, [""shot""], [], [], [""put""]]",
68,"Individual, Men (Olympic)",modern pentathlon,modern pentathlon,men,individual,,individual,,,,,individual,NO,NO,NO,,individual,0,"[""men"", false, false, [""individual""], [], [], []]",fuente1
69,"Team, Men (Olympic)",modern pentathlon,modern pentathlon,men,team,team,,,,,,team,NO,NO,NO,,team,0,"[""men"", false, false, [""team""], [], [], []]",fuente1
70,"Individual, Men (Olympic)",archery,archery,men,individual,,individual,,,,,individual,NO,NO,NO,,individual,0,"[""men"", false, false, [""individual""], [], [], []]",fuente1
71,"Individual, Women (Olympic)",archery,archery,women,individual,,individual,,,,,individual,NO,NO,NO,,individual,0,"[""women"", false, false, [""individual""], [], [], []]",fuente1
72,"Team, Women (Olympic)",archery,archery,women,team,team,,,,,,team,NO,NO,NO,,team,0,"[""women"", false, false, [""team""], [], [], []]",fuente1
73,"Team, Men (Olympic)",archery,archery,men,team,team,,,,,,team,NO,NO,NO,,team,0,"[""men"", false, false, [""team""], [], [], []]",fuente1
74,"Target Archery, 28 metres, Team, Men (Olympic)",archery,archery,men,team,team,,,,,metres | target,team,NO,NO,NO,metres | target,team,0,"[""men"", false, false, [""team""], [], [], [""metres"", ""target""]]",fuente1
75,"Target Archery, 33 metres, Team, Men (Olympic)",archery,archery,men,team,team,,,,,metres | target,team,NO,NO,NO,metres | target,team,0,"[""men"", false, false, [""team""], [], [], [""metres"", ""target""]]",fuente1
76,"Target Archery, 50 metres, Team, Men (Olympic)",archery,archery,men,team,team,,,,,metres | target,team,NO,NO,NO,metres | target,team,0,"[""men"", false, false, [""team""], [], [], [""metres"", ""target""]]",fuente1
77,"Pole Archery, Small Birds, Individual, Men (Olympic)",archery,archery,men,individual,,individual,,,,birds | pole | small,individual,NO,NO,NO,birds | pole | small,individual,0,"[""men"", false, false, [""individual""], [], [], [""birds"", ""pole"", ""small""]]",fuente1
78,"Pole Archery, Large Birds, Individual, Men (Olympic)",archery,archery,men,individual,,individual,,,,birds | large | pole,individual,NO,NO,NO,birds | large | pole,individual,0,"[""men"", false, false, [""individual""], [], [], [""birds"", ""large"", ""pole""]]",fuente1
79,"Pole Archery, Small Birds, Team, Men (Olympic)",archery,archery,men,team,team,,,,,birds | pole | small,team,NO,NO,NO,birds | pole | small,team,0,"[""men"", false, false, [""team""], [], [], [""birds"", ""pole"", ""small""]]",fuente1
80,"Pole Archery, Large Birds, Team, Men (Olympic)",archery,archery,men,team,team,,,,,birds | large | pole,team,NO,NO,NO,birds | large | pole,team,0,"[""men"", false, false, [""team""], [], [], [""birds"", ""large"", ""pole""]]",fuente1
81,"Sur La Perche À La Herse, Men (Olympic)",,,,,,,,,,a | herse | la | la | perche | sur,,NO,NO,NO,a | herse | la | la | perche | sur,,0,"["""", false, false, [], [], [], [""a"", ""herse"", ""la"", ""la"", ""perche"", ""sur""]]",
82,"Au Chapelet, 33 metres, Men (Olympic)",,,,,,,,,,au | chapelet | metres,,NO,NO,NO,au | chapelet | metres,,0,"["""", false, false, [], [], [], [""au"", ""chapelet"", ""metres""]]",
83,"Au Chapelet, 50 metres, Men (Olympic)",,,,,,,,,,au | chapelet | metres,,NO,NO,NO,au | chapelet | metres,,0,"["""", false, false, [], [], [], [""au"", ""chapelet"", ""metres""]]",
84,"Au Cordon Doré, 33 metres, Men (Olympic)",,,,,,,,,,au | cordon | dore | metres,,NO,NO,NO,au | cordon | dore | metres,,0,"["""", false, false, [], [], [], [""au"", ""cordon"", ""dore"", ""metres""]]",
85,"Au Cordon Doré, 50 metres, Men (Olympic)",,,,,,,,,,au | cordon | dore | metres,,NO,NO,NO,au | cordon | dore | metres,,0,"["""", false, false, [], [], [], [""au"", ""cordon"", ""dore"", ""metres""]]",
86,"Championnat Du Monde, Men (Olympic)",,,,,,,,,,championnat | du | monde,,NO,NO,NO,championnat | du | monde,,0,"["""", false, false, [], [], [], [""championnat"", ""du"", ""monde""]]",
87,"Target Archery, 28 metres, Individual, Men (Olympic)",archery,archery,men,individual,,individual,,,,metres | target,individual,NO,NO,NO,metres | target,individual,0,"[""men"", false, false, [""individual""], [], [], [""metres"", ""target""]]",fuente1
88,"Target Archery, 33 metres, Individual, Men (Olympic)",archery,archery,men,individual,,individual,,,,metres | target,individual,NO,NO,NO,metres | target,individual,0,"[""men"", false, false, [""individual""], [], [], [""metres"", ""target""]]",fuente1
89,"Target Archery, 50 metres, Individual, Men (Olympic)",archery,archery,men,individual,,individual,,,,metres | target,individual,NO,NO,NO,metres | target,individual,0,"[""men"", false, false, [""individual""], [], [], [""metres"", ""target""]]",fuente1
90,"Continental Style, Men (Olympic)",,,,,,,,,,continental | style,,NO,NO,NO,continental | style,,0,"["""", false, false, [], [], [], [""continental"", ""style""]]",
91,"Double York Round, Men (Olympic)",,,,double,,,,,,round | york,double,NO,NO,NO,round | york,double,0,"["""", false, false, [""double""], [], [], [""round"", ""york""]]",
92,"Sur La Perche À La Pyramide, Men (Olympic)",,,,,,,,,,a | la | la | perche | pyramide | sur,,NO,NO,NO,a | la | la | perche | pyramide | sur,,0,"["""", false, false, [], [], [], [""a"", ""la"", ""la"", ""perche"", ""pyramide"", ""sur""]]",
93,"French Championship, Individual, Men (Olympic (non-medal))",,,,individual,,individual,,,,championship | french | medal,individual,NO,YES,NO,championship | french | medal,individual,0,"["""", false, true, [""individual""], [], [], [""championship"", ""french"", ""medal""]]",
94,"Double National Round, Women (Olympic)",,,,double,,,,,,national | round,double,NO,NO,NO,national | round,double,0,"["""", false, false, [""double""], [], [], [""national"", ""round""]]",
95,"1,500 metres, Men (Olympic)",,,,,,,,,,metres,,NO,NO,NO,metres,,0,"["""", false, false, [], [], [], [""metres""]]",
96,"Marathon, Men (Olympic)",athletics,athletics,men,,,,,,,marathon,,NO,NO,NO,marathon,,0,"[""men"", false, false, [], [], [], [""marathon""]]",fuente1
97,"Doubles, Women (Olympic (non-medal))",badminton,badminton,women,doubles,,individual,,,,medal,doubles,NO,YES,NO,medal,doubles,0,"[""women"", false, true, [""doubles""], [], [], [""medal""]]",fuente1
98,"Doubles, Men (Olympic (non-medal))",badminton,badminton,men,doubles,,individual,,,,medal,doubles,NO,YES,NO,medal,doubles,0,"[""men"", false, true, [""doubles""], [], [], [""medal""]]",fuente1
99,"Singles, Women (Olympic (non-medal))",badminton,badminton,women,singles,,individual,,,,medal,singles,NO,YES,NO,medal,singles,0,"[""women"", false, true, [""singles""], [], [], [""medal""]]",fuente1
100,"Doubles, Mixed (Olympic (non-medal))",badminton,badminton,mixed,mixed,,individual,,,,medal,doubles,NO,YES,YES,medal,doubles | mixed,0,"[""mixed"", false, true, [""doubles"", ""mixed""], [], [], [""medal""]]",fuente1
101,"Welterweight, Men (Olympic)",boxing,boxing,men,,,,,,,welterweight,,NO,NO,NO,welterweight,,0,"[""men"", false, false, [], [], [], [""welterweight""]]",fuente1
102,"Light-Heavyweight, Men (Olympic)",boxing,boxing,men,heavyweight,,,,,,light,,NO,NO,NO,light,heavyweight,0,"[""men"", false, false, [""heavyweight""], [], [], [""light""]]",fuente1
103,"Featherweight, Men (Olympic)",,,,,,,,,,featherweight,,NO,NO,NO,featherweight,,0,"["""", false, false, [], [], [], [""featherweight""]]",
104,"Light-Welterweight, Men (Olympic)",boxing,boxing,men,,,,,,,light | welterweight,,NO,NO,NO,light | welterweight,,0,"[""men"", false, false, [], [], [], [""light"", ""welterweight""]]",fuente1
105,"Flyweight, Men (Olympic)",boxing,boxing,men,,,,,,,flyweight,,NO,NO,NO,flyweight,,0,"[""men"", false, false, [], [], [], [""flyweight""]]",fuente1
106,"Lightweight, Men (Olympic)",,,,lightweight,,,,,,,,NO,NO,NO,,lightweight,0,"["""", false, false, [""lightweight""], [], [], []]",
107,"Heavyweight, Men (Olympic)",boxing,boxing,men,heavyweight,,,,,,,,NO,NO,NO,,heavyweight,0,"[""men"", false, false, [""heavyweight""], [], [], []]",fuente1
108,"Bantamweight, Men (Olympic)",,,,,,,,,,bantamweight,,NO,NO,NO,bantamweight,,0,"["""", false, false, [], [], [], [""bantamweight""]]",
109,"Light-Flyweight, Men (Olympic)",boxing,boxing,men,,,,,,,flyweight | light,,NO,NO,NO,flyweight | light,,0,"[""men"", false, false, [], [], [], [""flyweight"", ""light""]]",fuente1
110,"Middleweight, Men (Olympic)",boxing,boxing,men,,,,,,,middleweight,,NO,NO,NO,middleweight,,0,"[""men"", false, false, [], [], [], [""middleweight""]]",fuente1
111,"Light-Middleweight, Men (Olympic)",boxing,boxing,men,,,,,,,light | middleweight,,NO,NO,NO,light | middleweight,,0,"[""men"", false, false, [], [], [], [""light"", ""middleweight""]]",fuente1
112,"Super-Heavyweight, Men (Olympic)",boxing,boxing,men,heavyweight,,,,,,super,,NO,NO,NO,super,heavyweight,0,"[""men"", false, false, [""heavyweight""], [], [], [""super""]]",fuente1
113,"Softball, Women (Olympic)",baseball softball,softball,women,,,,,,,,,NO,NO,NO,,,0,"[""women"", false, false, [], [], [], []]",fuente1
114,"Baseball, Men (Olympic)",baseball softball,baseball,men,,,,,,,,,NO,NO,NO,,,0,"[""men"", false, false, [], [], [], []]",fuente1
115,"Baseball, Men (Olympic (non-medal))",baseball softball,baseball,men,,,,,,,medal,,NO,YES,NO,medal,,0,"[""men"", false, true, [], [], [], [""medal""]]",fuente1
116,"Team, Mixed (Olympic)",archery,archery,mixed,mixed,team,,,,,,team,NO,NO,YES,,mixed | team,0,"[""mixed"", false, false, [""mixed"", ""team""], [], [], []]",fuente1
117,"Double Columbia Round, Women (Olympic)",,,,double,,,,,,columbia | round,double,NO,NO,NO,columbia | round,double,0,"["""", false, false, [""double""], [], [], [""columbia"", ""round""]]",
118,"Team Round, Women (Olympic)",archery,archery,women,team,team,,,,,round,team,NO,NO,NO,round,team,0,"[""women"", false, false, [""team""], [], [], [""round""]]",fuente1
119,"Flight Shooting, Women (Olympic (non-medal))",,,,,,,,,,flight | medal | shooting,,NO,YES,NO,flight | medal | shooting,,0,"["""", false, true, [], [], [], [""flight"", ""medal"", ""shooting""]]",
120,"Double American Round, Men (Olympic)",,,,double,,,,,,american | round,double,NO,NO,NO,american | round,double,0,"["""", false, false, [""double""], [], [], [""american"", ""round""]]",
121,"Team Round, Men (Olympic)",archery,archery,men,team,team,,,,,round,team,NO,NO,NO,round,team,0,"[""men"", false, false, [""team""], [], [], [""round""]]",fuente1
122,"Flight Shooting, Men (Olympic (non-medal))",,,,,,,,,,flight | medal | shooting,,NO,YES,NO,flight | medal | shooting,,0,"["""", false, true, [], [], [], [""flight"", ""medal"", ""shooting""]]",
123,"8 metres, Open (Olympic)",,,,,,,,,,metres | open,,NO,NO,NO,metres | open,,0,"["""", false, false, [], [], [], [""metres"", ""open""]]",
124,Tennis,,,,,,,,,,tennis,,NO,NO,NO,tennis,,0,"["""", false, false, [], [], [], [""tennis""]]",
125,"Singles, Men (Olympic)",,,,singles,,individual,,,,,singles,NO,NO,NO,,singles,0,"["""", false, false, [""singles""], [], [], []]",
126,"Doubles, Mixed (Olympic)",,,,mixed,,individual,,,,,doubles,NO,NO,YES,,doubles | mixed,0,"["""", false, false, [""doubles"", ""mixed""], [], [], []]",
127,"Doubles, Men (Olympic)",,,,doubles,,individual,,,,,doubles,NO,NO,NO,,doubles,0,"["""", false, false, [""doubles""], [], [], []]",
128,"Singles, Covered Courts, Men (Olympic)",,,,singles,,individual,,,,courts | covered,singles,NO,NO,NO,courts | covered,singles,0,"["""", false, false, [""singles""], [], [], [""courts"", ""covered""]]",
129,"Doubles, Covered Courts, Men (Olympic)",,,,doubles,,individual,,,,courts | covered,doubles,NO,NO,NO,courts | covered,doubles,0,"["""", false, false, [""doubles""], [], [], [""courts"", ""covered""]]",
130,"Painting, Unknown Event, Open (Olympic)",,,,,,,,,,open | painting | unknown,,NO,NO,NO,open | painting | unknown,,0,"["""", false, false, [], [], [], [""open"", ""painting"", ""unknown""]]",
131,"Individual, Men (Olympic)",golf,golf,men,individual,,individual,,,,,individual,NO,NO,NO,,individual,0,"[""men"", false, false, [""individual""], [], [], []]",fuente1
132,"Individual, Men (Olympic (non-medal))",golf,golf,men,individual,,individual,,,,medal,individual,NO,YES,NO,medal,individual,0,"[""men"", false, true, [""individual""], [], [], [""medal""]]",fuente1
133,Tennis,,,,,,,,,,tennis,,NO,NO,NO,tennis,,0,"["""", false, false, [], [], [], [""tennis""]]",
134,"Doubles, Men (Olympic)",golf,golf,men,doubles,,individual,,,,,doubles,NO,NO,NO,,doubles,0,"[""men"", false, false, [""doubles""], [], [], []]",fuente1
135,"Team, Men (Olympic)",golf,golf,men,team,team,,,,,,team,NO,NO,NO,,team,0,"[""men"", false, false, [""team""], [], [], []]",fuente1
136,"Team, Men (Olympic (non-medal))",golf,golf,men,team,team,,,,,medal,team,NO,YES,NO,medal,team,0,"[""men"", false, true, [""team""], [], [], [""medal""]]",fuente1
137,"Singles, Men (Olympic)",golf,golf,men,singles,,individual,,,,,singles,NO,NO,NO,,singles,0,"[""men"", false, false, [""singles""], [], [], []]",fuente1
138,"Singles, Men (Olympic (non-medal))",golf,golf,men,singles,,individual,,,,medal,singles,NO,YES,NO,medal,singles,0,"[""men"", false, true, [""singles""], [], [], [""medal""]]",fuente1
139,"Doubles, Men (Olympic (non-medal))",golf,golf,men,doubles,,individual,,,,medal,doubles,NO,YES,NO,medal,doubles,0,"[""men"", false, true, [""doubles""], [], [], [""medal""]]",fuente1
140,"Individual, Handicap, Men (Olympic (non-medal))",golf,golf,men,individual,,individual,,,,handicap | medal,individual,NO,YES,NO,handicap | medal,individual,0,"[""men"", false, true, [""individual""], [], [], [""handicap"", ""medal""]]",fuente1
141,"Doubles, Mixed (Olympic)",,,,mixed,,individual,,,,,doubles,NO,NO,YES,,doubles | mixed,0,"["""", false, false, [""doubles"", ""mixed""], [], [], []]",
142,"Doubles, Handicap, Mixed (Olympic (non-medal))",,,,mixed,,individual,,,,handicap | medal,doubles,NO,YES,YES,handicap | medal,doubles | mixed,0,"["""", false, true, [""doubles"", ""mixed""], [], [], [""handicap"", ""medal""]]",
143,"Doubles, Handicap, Men (Olympic (non-medal))",golf,golf,men,doubles,,individual,,,,handicap | medal,doubles,NO,YES,NO,handicap | medal,doubles,0,"[""men"", false, true, [""doubles""], [], [], [""handicap"", ""medal""]]",fuente1
144,"Singles, Handicap, Men (Olympic (non-medal))",golf,golf,men,singles,,individual,,,,handicap | medal,singles,NO,YES,NO,handicap | medal,singles,0,"[""men"", false, true, [""singles""], [], [], [""handicap"", ""medal""]]",fuente1
145,"Singles, Men (Olympic)",,,,singles,,individual,,,,,singles,NO,NO,NO,,singles,0,"["""", false, false, [""singles""], [], [], []]",
146,"Long Jump, Men (Olympic (non-medal))",tennis,tennis,men,,,,,,,jump | long | medal,,NO,YES,NO,jump | long | medal,,0,"[""men"", false, true, [], [], [], [""jump"", ""long"", ""medal""]]",fuente1
147,"Long Jump, Handicap, Men (Olympic (non-medal))",tennis,tennis,men,,,,,,,handicap | jump | long | medal,,NO,YES,NO,handicap | jump | long | medal,,0,"[""men"", false, true, [], [], [], [""handicap"", ""jump"", ""long"", ""medal""]]",fuente1
148,Golf,,,,,,,,,,golf,,NO,NO,NO,golf,,0,"["""", false, false, [], [], [], [""golf""]]",
149,"Individual, Men (Olympic)",,,,individual,,individual,,,,,individual,NO,NO,NO,,individual,0,"["""", false, false, [""individual""], [], [], []]",
150,"Basketball, Men (Olympic)",basketball,basketball,men,,,,,,,,,NO,NO,NO,,,0,"[""men"", false, false, [], [], [], []]",fuente1
151,"Road Race, Individual, Men (Olympic)",cycling,cycling road,men,individual,,individual,,,,race,individual,NO,NO,NO,race,individual,0,"[""men"", false, false, [""individual""], [], [], [""race""]]",fuente1
152,"Basketball, Women (Olympic)",basketball,basketball,women,,,,,,,,,NO,NO,NO,,,0,"[""women"", false, false, [], [], [], []]",fuente1
153,"Triple Jump, Women (Olympic)",athletics,athletics,women,,,,,,,jump | triple,,NO,NO,NO,jump | triple,,0,"[""women"", false, false, [], [], [], [""jump"", ""triple""]]",fuente1
154,"Handball, Women (Olympic)",handball,handball,women,,,,,,,,,NO,NO,NO,,,0,"[""women"", false, false, [], [], [], []]",fuente1
155,"Australian Rules Football, Men (Olympic (non-medal))",,,,,,,,,,australian | football | medal | rules,,NO,YES,NO,australian | football | medal | rules,,0,"["""", false, true, [], [], [], [""australian"", ""football"", ""medal"", ""rules""]]",
156,"One Person Dinghy, Open (Olympic)",,,,,,,,,,dinghy | one | open | person,,NO,NO,NO,dinghy | one | open | person,,0,"["""", false, false, [], [], [], [""dinghy"", ""one"", ""open"", ""person""]]",
157,"Decathlon, Men (Olympic)",athletics,athletics,men,,,,,,,decathlon,,NO,NO,NO,decathlon,,0,"[""men"", false, false, [], [], [], [""decathlon""]]",fuente1
158,"Four, Men (Olympic)",bobsleigh,bobsleigh,men,,,,,,,four,,NO,NO,NO,four,,0,"[""men"", false, false, [], [], [], [""four""]]",fuente1
159,Football (Football),,,,,,,,,,football | football,,NO,NO,NO,football | football,,0,"["""", false, false, [], [], [], [""football"", ""football""]]",
160,"Football, Men (Olympic)",,,,,,,,,,football,,NO,NO,NO,football,,0,"["""", false, false, [], [], [], [""football""]]",
161,Athletics,,,,,,,,,,athletics,,NO,NO,NO,athletics,,0,"["""", false, false, [], [], [], [""athletics""]]",
162,"100 yards, Men (Olympic (non-medal))",boxing,boxing,men,,,,,,,medal | yards,,NO,YES,NO,medal | yards,,0,"[""men"", false, true, [], [], [], [""medal"", ""yards""]]",fuente1
163,"440 yards, Men (Olympic (non-medal))",boxing,boxing,men,,,,,,,medal | yards,,NO,YES,NO,medal | yards,,0,"[""men"", false, true, [], [], [], [""medal"", ""yards""]]",fuente1
164,"100 yards, Handicap, Men (Olympic (non-medal))",boxing,boxing,men,,,,,,,handicap | medal | yards,,NO,YES,NO,handicap | medal | yards,,0,"[""men"", false, true, [], [], [], [""handicap"", ""medal"", ""yards""]]",fuente1
165,"220 yards, Handicap, Men (Olympic (non-medal))",,,,,,,,,,handicap | medal | yards,,NO,YES,NO,handicap | medal | yards,,0,"["""", false, true, [], [], [], [""handicap"", ""medal"", ""yards""]]",
166,"440 yards, Handicap, Men (Olympic (non-medal))",boxing,boxing,men,,,,,,,handicap | medal | yards,,NO,YES,NO,handicap | medal | yards,,0,"[""men"", false, true, [], [], [], [""handicap"", ""medal"", ""yards""]]",fuente1
167,"Kayak Doubles, 500 metres, Women (Olympic)",,,,doubles,,individual,,,,kayak | metres,doubles,NO,NO,NO,kayak | metres,doubles,0,"["""", false, false, [""doubles""], [], [], [""kayak"", ""metres""]]",
168,"Kayak Singles, 500 metres, Women (Olympic)",,,,singles,,individual,,,,kayak | metres,singles,NO,NO,NO,kayak | metres,singles,0,"["""", false, false, [""singles""], [], [], [""kayak"", ""metres""]]",
169,"Kayak Doubles, 500 metres, Men (Olympic)",,,,doubles,,individual,,,,kayak | metres,doubles,NO,NO,NO,kayak | metres,doubles,0,"["""", false, false, [""doubles""], [], [], [""kayak"", ""metres""]]",
170,"Kayak Fours, 1,000 metres, Men (Olympic)",,,,,,,,,,fours | kayak | metres,,NO,NO,NO,fours | kayak | metres,,0,"["""", false, false, [], [], [], [""fours"", ""kayak"", ""metres""]]",
171,"Kayak Singles, 500 metres, Men (Olympic)",,,,singles,,individual,,,,kayak | metres,singles,NO,NO,NO,kayak | metres,singles,0,"["""", false, false, [""singles""], [], [], [""kayak"", ""metres""]]",
172,"Kayak Doubles, 1,000 metres, Men (Olympic)",,,,doubles,,individual,,,,kayak | metres,doubles,NO,NO,NO,kayak | metres,doubles,0,"["""", false, false, [""doubles""], [], [], [""kayak"", ""metres""]]",
173,"Kayak Singles, 1,000 metres, Men (Olympic)",,,,singles,,individual,,,,kayak | metres,singles,NO,NO,NO,kayak | metres,singles,0,"["""", false, false, [""singles""], [], [], [""kayak"", ""metres""]]",
174,"Kayak Singles, Slalom, Men (Olympic)",,,,singles,,individual,,,,kayak | slalom,singles,NO,NO,NO,kayak | slalom,singles,0,"["""", false, false, [""singles""], [], [], [""kayak"", ""slalom""]]",
175,"Kayak Fours, 500 metres, Women (Olympic)",,,,,,,,,,fours | kayak | metres,,NO,NO,NO,fours | kayak | metres,,0,"["""", false, false, [], [], [], [""fours"", ""kayak"", ""metres""]]",
176,"Kayak Singles, Slalom, Women (Olympic)",,,,singles,,individual,,,,kayak | slalom,singles,NO,NO,NO,kayak | slalom,singles,0,"["""", false, false, [""singles""], [], [], [""kayak"", ""slalom""]]",
177,"Kayak Singles, 10,000 metres, Men (Olympic)",canoeing,canoe marathon,men,singles,,individual,,,,kayak | metres,singles,NO,NO,NO,kayak | metres,singles,0,"[""men"", false, false, [""singles""], [], [], [""kayak"", ""metres""]]",fuente1
178,"Canadian Singles, Slalom, Men (Olympic)",,,,singles,,individual,,,,canadian | slalom,singles,NO,NO,NO,canadian | slalom,singles,0,"["""", false, false, [""singles""], [], [], [""canadian"", ""slalom""]]",
179,Canoe Marathon (Canoeing),,,,,,,,,,canoe | canoeing | marathon,,NO,NO,NO,canoe | canoeing | marathon,,0,"["""", false, false, [], [], [], [""canoe"", ""canoeing"", ""marathon""]]",
180,"Kayak Doubles, 10,000 metres, Men (Olympic)",canoeing,canoe sprint,men,doubles,,individual,,,,kayak | metres,doubles,NO,NO,NO,kayak | metres,doubles,0,"[""men"", false, false, [""doubles""], [], [], [""kayak"", ""metres""]]",fuente1
181,"Kayak Relay, 4 × 500 metres, Men (Olympic)",,,,relay,team,,,,,kayak | metres | x,relay,NO,NO,NO,kayak | metres | x,relay,0,"["""", false, false, [""relay""], [], [], [""kayak"", ""metres"", ""x""]]",
182,"Canadian Doubles, Slalom, Men (Olympic)",,,,doubles,,individual,,,,canadian | slalom,doubles,NO,NO,NO,canadian | slalom,doubles,0,"["""", false, false, [""doubles""], [], [], [""canadian"", ""slalom""]]",
183,"Canadian Singles, 1,000 metres, Men (Olympic)",,,,singles,,individual,,,,canadian | metres,singles,NO,NO,NO,canadian | metres,singles,0,"["""", false, false, [""singles""], [], [], [""canadian"", ""metres""]]",
184,"Canadian Singles, 10,000 metres, Men (Olympic)",,,,singles,,individual,,,,canadian | metres,singles,NO,NO,NO,canadian | metres,singles,0,"["""", false, false, [""singles""], [], [], [""canadian"", ""metres""]]",
185,"Canadian Doubles, 1,000 metres, Men (Olympic)",,,,doubles,,individual,,,,canadian | metres,doubles,NO,NO,NO,canadian | metres,doubles,0,"["""", false, false, [""doubles""], [], [], [""canadian"", ""metres""]]",
186,"Canadian Doubles, 10,000 metres, Men (Olympic)",,,,doubles,,individual,,,,canadian | metres,doubles,NO,NO,NO,canadian | metres,doubles,0,"["""", false, false, [""doubles""], [], [], [""canadian"", ""metres""]]",
187,"Folding Kayak Doubles, 10,000 metres, Men (Olympic)",canoeing,canoe sprint,men,doubles,,individual,,,,folding | kayak | metres,doubles,NO,NO,NO,folding | kayak | metres,doubles,0,"[""men"", false, false, [""doubles""], [], [], [""folding"", ""kayak"", ""metres""]]",fuente1
188,"Folding Kayak Singles, 10,000 metres, Men (Olympic)",canoeing,canoe sprint,men,singles,,individual,,,,folding | kayak | metres,singles,NO,NO,NO,folding | kayak | metres,singles,0,"[""men"", false, false, [""singles""], [], [], [""folding"", ""kayak"", ""metres""]]",fuente1
189,"Kayak Doubles, 10,000 metres, Men (Olympic)",canoeing,canoe marathon,men,doubles,,individual,,,,kayak | metres,doubles,NO,NO,NO,kayak | metres,doubles,0,"[""men"", false, false, [""doubles""], [], [], [""kayak"", ""metres""]]",fuente1
190,"Kayak Singles, 10,000 metres, Men (Olympic)",canoeing,canoe sprint,men,singles,,individual,,,,kayak | metres,singles,NO,NO,NO,kayak | metres,singles,0,"[""men"", false, false, [""singles""], [], [], [""kayak"", ""metres""]]",fuente1
191,"Folding Kayak Singles, 10,000 metres, Men (Olympic)",canoeing,canoe marathon,men,singles,,individual,,,,folding | kayak | metres,singles,NO,NO,NO,folding | kayak | metres,singles,0,"[""men"", false, false, [""singles""], [], [], [""folding"", ""kayak"", ""metres""]]",fuente1
192,"Folding Kayak Doubles, 10,000 metres, Men (Olympic)",canoeing,canoe marathon,men,doubles,,individual,,,,folding | kayak | metres,doubles,NO,NO,NO,folding | kayak | metres,doubles,0,"[""men"", false, false, [""doubles""], [], [], [""folding"", ""kayak"", ""metres""]]",fuente1
193,"Canadian Singles, 500 metres, Men (Olympic)",,,,singles,,individual,,,,canadian | metres,singles,NO,NO,NO,canadian | metres,singles,0,"["""", false, false, [""singles""], [], [], [""canadian"", ""metres""]]",
194,"Canadian Doubles, 500 metres, Men (Olympic)",,,,doubles,,individual,,,,canadian | metres,doubles,NO,NO,NO,canadian | metres,doubles,0,"["""", false, false, [""doubles""], [], [], [""canadian"", ""metres""]]",
195,"Small-Bore Rifle, Prone, 50 metres, Open (Olympic)",,,,,,,,,,bore | metres | open | prone | rifle | small,,NO,NO,NO,bore | metres | open | prone | rifle | small,,0,"["""", false, false, [], [], [], [""bore"", ""metres"", ""open"", ""prone"", ""rifle"", ""small""]]",
196,"Canadian Doubles, 10,000 metres, Men (Olympic)",,,,doubles,,individual,,,,canadian | metres,doubles,NO,NO,NO,canadian | metres,doubles,0,"["""", false, false, [""doubles""], [], [], [""canadian"", ""metres""]]",
197,"Canadian Singles, 10,000 metres, Men (Olympic)",,,,singles,,individual,,,,canadian | metres,singles,NO,NO,NO,canadian | metres,singles,0,"["""", false, false, [""singles""], [], [], [""canadian"", ""metres""]]",
198,"Single Sculls, Women (Olympic)",rowing,rowing,women,single,,,,,,sculls,single,NO,NO,NO,sculls,single,0,"[""women"", false, false, [""single""], [], [], [""sculls""]]",fuente1
199,"Team Pursuit, 4,000 metres, Men (Olympic)",,,,pursuit,team,,,,,metres,team,NO,NO,NO,metres,pursuit | team,0,"["""", false, false, [""pursuit"", ""team""], [], [], [""metres""]]",
200,"Road Race, Team, Men (Olympic)",,,,team,team,,,,,race | road,team,NO,NO,NO,race | road,team,0,"["""", false, false, [""team""], [], [], [""race"", ""road""]]",
201,"100 kilometres Team Time Trial, Men (Olympic)",cycling,cycling road,men,team,team,,,,,kilometres | time | trial,team,NO,NO,NO,kilometres | time | trial,team,0,"[""men"", false, false, [""team""], [], [], [""kilometres"", ""time"", ""trial""]]",fuente1
202,"Polo, Men (Olympic)",polo,polo,men,,,,,,,,,NO,NO,NO,,,0,"[""men"", false, false, [], [], [], []]",fuente1
203,"Rugby, Men (Olympic)",rugby,rugby,men,,,,,,,,,NO,NO,NO,,,0,"[""men"", false, false, [], [], [], []]",fuente1
204,"Eights, Men (Olympic)",,,,,,,,,,eights,,NO,NO,NO,eights,,0,"["""", false, false, [], [], [], [""eights""]]",
205,"Individual, Open (Olympic)",,,,individual,,individual,,,,open,individual,NO,NO,NO,open,individual,0,"["""", false, false, [""individual""], [], [], [""open""]]",
206,"Team, Open (Olympic)",,,,team,team,,,,,open,team,NO,NO,NO,open,team,0,"["""", false, false, [""team""], [], [], [""open""]]",
207,"Team, Open (Olympic)",,,,team,team,,,,,open,team,NO,NO,NO,open,team,0,"["""", false, false, [""team""], [], [], [""open""]]",
208,"Individual, Open (Olympic)",,,,individual,,individual,,,,open,individual,NO,NO,NO,open,individual,0,"["""", false, false, [""individual""], [], [], [""open""]]",
209,"Individual, Open (Olympic)",,,,individual,,individual,,,,open,individual,NO,NO,NO,open,individual,0,"["""", false, false, [""individual""], [], [], [""open""]]",
210,"Team, Open (Olympic)",,,,team,team,,,,,open,team,NO,NO,NO,open,team,0,"["""", false, false, [""team""], [], [], [""open""]]",
211,"Tug-Of-War, Men (Olympic)",tug of war,tug of war,men,,,,,,,,,NO,NO,NO,,,0,"[""men"", false, false, [], [], [], []]",fuente1
212,"Lacrosse, Men (Olympic)",lacrosse,lacrosse,men,,,,,,,,,NO,NO,NO,,,0,"[""men"", false, false, [], [], [], []]",fuente1
213,"Hacks and Hunter Combined, Open (Olympic)",,,,combined,,,,,,and | hacks | hunter | open,,NO,NO,NO,and | hacks | hunter | open,combined,0,"["""", false, false, [""combined""], [], [], [""and"", ""hacks"", ""hunter"", ""open""]]",
214,"Springboard, Women (Olympic)",aquatics,diving,women,,,,,,,springboard,,NO,NO,NO,springboard,,0,"[""women"", false, false, [], [], [], [""springboard""]]",fuente1
215,"Individual, Men (Olympic)",,,,individual,,individual,,,,,individual,NO,NO,NO,,individual,0,"["""", false, false, [""individual""], [], [], []]",
216,"Team, Men (Olympic)",,,,team,team,,,,,,team,NO,NO,NO,,team,0,"["""", false, false, [""team""], [], [], []]",
217,"Individual, Men (Olympic)",,,,individual,,individual,,,,,individual,NO,NO,NO,,individual,0,"["""", false, false, [""individual""], [], [], []]",
218,"Team, Men (Olympic)",,,,team,team,,,,,,team,NO,NO,NO,,team,0,"["""", false, false, [""team""], [], [], []]",
219,"Individual, Men (Olympic)",,,,individual,,individual,,,,,individual,NO,NO,NO,,individual,0,"["""", false, false, [""individual""], [], [], []]",
220,"Team, Men (Olympic)",,,,team,team,,,,,,team,NO,NO,NO,,team,0,"["""", false, false, [""team""], [], [], []]",
221,Equestrian Eventing (Equestrian),,,,,,,,,,equestrian | equestrian | eventing,,NO,NO,NO,equestrian | equestrian | eventing,,0,"["""", false, false, [], [], [], [""equestrian"", ""equestrian"", ""eventing""]]",
222,"Winter Pentathlon, Men (Olympic (non-medal))",,,,,,,,,,medal | pentathlon | winter,,NO,YES,NO,medal | pentathlon | winter,,0,"["""", false, true, [], [], [], [""medal"", ""pentathlon"", ""winter""]]",
223,Equestrian Eventing (Equestrian),,,,,,,,,,equestrian | equestrian | eventing,,NO,NO,NO,equestrian | equestrian | eventing,,0,"["""", false, false, [], [], [], [""equestrian"", ""equestrian"", ""eventing""]]",
224,"Individual, Men (Olympic)",,,,individual,,individual,,,,,individual,NO,NO,NO,,individual,0,"["""", false, false, [""individual""], [], [], []]",
225,"Team, Men (Olympic)",,,,team,team,,,,,,team,NO,NO,NO,,team,0,"["""", false, false, [""team""], [], [], []]",
226,"Four-In-Hand Competition, Open (Olympic)",,,,,,,,,,four | hand | in | open,,NO,NO,NO,four | hand | in | open,,0,"["""", false, false, [], [], [], [""four"", ""hand"", ""in"", ""open""]]",
227,Equestrian Dressage (Equestrian),,,,,,,,,,dressage | equestrian | equestrian,,NO,NO,NO,dressage | equestrian | equestrian,,0,"["""", false, false, [], [], [], [""dressage"", ""equestrian"", ""equestrian""]]",
228,"Sabre, Team, Men (Olympic)",fencing,fencing,men,team,team,,,,,sabre,team,NO,NO,NO,sabre,team,0,"[""men"", false, false, [""team""], [], [], [""sabre""]]",fuente1
229,Equestrian Eventing (Equestrian),,,,,,,,,,equestrian | equestrian | eventing,,NO,NO,NO,equestrian | equestrian | eventing,,0,"["""", false, false, [], [], [], [""equestrian"", ""equestrian"", ""eventing""]]",
230,"Individual, Men (Olympic)",fencing,fencing,men,individual,,individual,,,,,individual,NO,NO,NO,,individual,0,"[""men"", false, false, [""individual""], [], [], []]",fuente1
231,"Team, Men (Olympic)",fencing,fencing,men,team,team,,,,,,team,NO,NO,NO,,team,0,"[""men"", false, false, [""team""], [], [], []]",fuente1
232,"Long Jump, Open (Olympic)",,,,,,,,,,jump | long | open,,NO,NO,NO,jump | long | open,,0,"["""", false, false, [], [], [], [""jump"", ""long"", ""open""]]",
233,"Hacks and Hunter Combined, Open (Olympic)",,,,combined,,,,,,and | hacks | hunter | open,,NO,NO,NO,and | hacks | hunter | open,combined,0,"["""", false, false, [""combined""], [], [], [""and"", ""hacks"", ""hunter"", ""open""]]",
234,"High Jump, Open (Olympic)",,,,,,,,,,high | jump | open,,NO,NO,NO,high | jump | open,,0,"["""", false, false, [], [], [], [""high"", ""jump"", ""open""]]",
235,Equestrian Eventing (Equestrian),,,,,,,,,,equestrian | equestrian | eventing,,NO,NO,NO,equestrian | equestrian | eventing,,0,"["""", false, false, [], [], [], [""equestrian"", ""equestrian"", ""eventing""]]",
236,Equestrian Driving (Equestrian),,,,,,,,,,driving | equestrian | equestrian,,NO,NO,NO,driving | equestrian | equestrian,,0,"["""", false, false, [], [], [], [""driving"", ""equestrian"", ""equestrian""]]",
237,"Four-In-Hand Competition, Open (Olympic)",,,,,,,,,,four | hand | in | open,,NO,NO,NO,four | hand | in | open,,0,"["""", false, false, [], [], [], [""four"", ""hand"", ""in"", ""open""]]",
238,Equestrian Driving (Equestrian),,,,,,,,,,driving | equestrian | equestrian,,NO,NO,NO,driving | equestrian | equestrian,,0,"["""", false, false, [], [], [], [""driving"", ""equestrian"", ""equestrian""]]",
239,"Four-In-Hand Competition, Open (Olympic)",,,,,,,,,,four | hand | in | open,,NO,NO,NO,four | hand | in | open,,0,"["""", false, false, [], [], [], [""four"", ""hand"", ""in"", ""open""]]",
240,"Four/Five, Men (Olympic)",bobsleigh,bobsleigh,men,,,,,,,five | four,,NO,NO,NO,five | four,,0,"[""men"", false, false, [], [], [], [""five"", ""four""]]",fuente1
241,"Sabre, Individual, Men (Olympic)",fencing,fencing,men,individual,,individual,,,,sabre,individual,NO,NO,NO,sabre,individual,0,"[""men"", false, false, [""individual""], [], [], [""sabre""]]",fuente1
242,"20 kilometres, Men (Olympic)",,,,,,,,,,kilometres,,NO,NO,NO,kilometres,,0,"["""", false, false, [], [], [], [""kilometres""]]",
243,"Individual Pursuit, 4,000 metres, Men (Olympic)",,,,individual,,individual,,,,metres,individual,NO,NO,NO,metres,individual | pursuit,0,"["""", false, false, [""individual"", ""pursuit""], [], [], [""metres""]]",
244,"Sprint, Men (Olympic)",cycling,cycling track,men,sprint,,,,,,,,NO,NO,NO,,sprint,0,"[""men"", false, false, [""sprint""], [], [], []]",fuente1
245,Cycling Track (Cycling),,,,,,,,,,cycling | cycling | track,,NO,NO,NO,cycling | cycling | track,,0,"["""", false, false, [], [], [], [""cycling"", ""cycling"", ""track""]]",
246,"Sprint, Men (Olympic)",cycling,cycling road,men,sprint,,,,,,,,NO,NO,NO,,sprint,0,"[""men"", false, false, [""sprint""], [], [], []]",fuente1
247,"1,000 metres Time Trial, Men (Olympic)",,,,,,,,,,metres | time | trial,,NO,NO,NO,metres | time | trial,,0,"["""", false, false, [], [], [], [""metres"", ""time"", ""trial""]]",
248,"Points Race, Men (Olympic)",,,,,,,,,,points | race,,NO,NO,NO,points | race,,0,"["""", false, false, [], [], [], [""points"", ""race""]]",
249,"Road Race, Individual, Women (Olympic)",,,,individual,,individual,,,,race | road,individual,NO,NO,NO,race | road,individual,0,"["""", false, false, [""individual""], [], [], [""race"", ""road""]]",
250,Cycling Mountain Bike (Cycling),,,,,,,,,,bike | cycling | cycling | mountain,,NO,NO,NO,bike | cycling | cycling | mountain,,0,"["""", false, false, [], [], [], [""bike"", ""cycling"", ""cycling"", ""mountain""]]",
251,"Cross-Country, Women (Olympic)",,,,,,,,,,country | cross,,NO,NO,NO,country | cross,,0,"["""", false, false, [], [], [], [""country"", ""cross""]]",
252,"Cross-Country, Women (Olympic)",cycling,mountain bike,women,,,,,,,country | cross,,NO,NO,NO,country | cross,,0,"[""women"", false, false, [], [], [], [""country"", ""cross""]]",fuente1
253,"Individual Pursuit, Women (Olympic)",,,,individual,,individual,,,,,individual,NO,NO,NO,,individual | pursuit,0,"["""", false, false, [""individual"", ""pursuit""], [], [], []]",
254,"Points Race, Women (Olympic)",,,,,,,,,,points | race,,NO,NO,NO,points | race,,0,"["""", false, false, [], [], [], [""points"", ""race""]]",
255,"Individual Time Trial, Women (Olympic)",cycling,cycling road,women,individual,,individual,,,,time | trial,individual,NO,NO,NO,time | trial,individual,0,"[""women"", false, false, [""individual""], [], [], [""time"", ""trial""]]",fuente1
256,"Individual Pursuit, Women (Olympic)",,,,individual,,individual,,,,,individual,NO,NO,NO,,individual | pursuit,0,"["""", false, false, [""individual"", ""pursuit""], [], [], []]",
257,"Points Race, Women (Olympic)",,,,,,,,,,points | race,,NO,NO,NO,points | race,,0,"["""", false, false, [], [], [], [""points"", ""race""]]",
258,"Team Pursuit, Women (Olympic)",,,,pursuit,team,,,,,,team,NO,NO,NO,,pursuit | team,0,"["""", false, false, [""pursuit"", ""team""], [], [], []]",
259,"Sprint, Women (Olympic)",cycling,cycling track,women,sprint,,,,,,,,NO,NO,NO,,sprint,0,"[""women"", false, false, [""sprint""], [], [], []]",fuente1
260,"500 metres Time Trial, Women (Olympic)",,,,,,,,,,metres | time | trial,,NO,NO,NO,metres | time | trial,,0,"["""", false, false, [], [], [], [""metres"", ""time"", ""trial""]]",
261,"Two, Women (Olympic)",,,,,,,,,,two,,NO,NO,NO,two,,0,"["""", false, false, [], [], [], [""two""]]",
262,"3,000 metres, Women (Olympic)",athletics,athletics,women,,,,,,,metres,,NO,NO,NO,metres,,0,"[""women"", false, false, [], [], [], [""metres""]]",fuente1
263,"3,000 metres, Women (Olympic)",skating,speed skating,women,,,,,,,metres,,NO,NO,NO,metres,,0,"[""women"", false, false, [], [], [], [""metres""]]",fuente1
264,"5,000 metres, Women (Olympic)",,,,,,,,,,metres,,NO,NO,NO,metres,,0,"["""", false, false, [], [], [], [""metres""]]",
265,"Team Pursuit (6 laps), Women (Olympic)",,,,pursuit,team,,,,,laps,team,NO,NO,NO,laps,pursuit | team,0,"["""", false, false, [""pursuit"", ""team""], [], [], [""laps""]]",
266,"Keirin, Women (Olympic)",cycling,cycling track,women,,,,,,,keirin,,NO,NO,NO,keirin,,0,"[""women"", false, false, [], [], [], [""keirin""]]",fuente1
267,"Team Sprint, Women (Olympic)",cycling,cycling track,women,sprint,team,,,,,,team,NO,NO,NO,,sprint | team,0,"[""women"", false, false, [""sprint"", ""team""], [], [], []]",fuente1
268,"Sprint, Women (Olympic)",,,,sprint,,,,,,,,NO,NO,NO,,sprint,0,"["""", false, false, [""sprint""], [], [], []]",
269,"Individual Pursuit, 4,000 metres, Men (Olympic)",,,,individual,,individual,,,,metres,individual,NO,NO,NO,metres,individual | pursuit,0,"["""", false, false, [""individual"", ""pursuit""], [], [], [""metres""]]",
270,"1,000 metres Time Trial, Men (Olympic)",,,,,,,,,,metres | time | trial,,NO,NO,NO,metres | time | trial,,0,"["""", false, false, [], [], [], [""metres"", ""time"", ""trial""]]",
271,"Points Race, Men (Olympic)",,,,,,,,,,points | race,,NO,NO,NO,points | race,,0,"["""", false, false, [], [], [], [""points"", ""race""]]",
272,"Madison, Men (Olympic)",cycling,cycling track,men,,,,,,,madison,,NO,NO,NO,madison,,0,"[""men"", false, false, [], [], [], [""madison""]]",fuente1
273,"50 kilometres, Men (Olympic)",,,,,,,,,,kilometres,,NO,NO,NO,kilometres,,0,"["""", false, false, [], [], [], [""kilometres""]]",
274,"Team Pursuit, 4,000 metres, Men (Olympic)",,,,pursuit,team,,,,,metres,team,NO,NO,NO,metres,pursuit | team,0,"["""", false, false, [""pursuit"", ""team""], [], [], [""metres""]]",
275,"Tandem Sprint, 2,000 metres, Men (Olympic)",cycling,cycling track,men,sprint,,,,,,metres | tandem,,NO,NO,NO,metres | tandem,sprint,0,"[""men"", false, false, [""sprint""], [], [], [""metres"", ""tandem""]]",fuente1
276,"Team Pursuit, 1,980 yards, Men (Olympic)",,,,pursuit,team,,,,,yards,team,NO,NO,NO,yards,pursuit | team,0,"["""", false, false, [""pursuit"", ""team""], [], [], [""yards""]]",
277,"5,000 metres, Men (Olympic)",,,,,,,,,,metres,,NO,NO,NO,metres,,0,"["""", false, false, [], [], [], [""metres""]]",
278,"100 kilometres, Men (Olympic)",,,,,,,,,,kilometres,,NO,NO,NO,kilometres,,0,"["""", false, false, [], [], [], [""kilometres""]]",
279,"Individual Time Trial, Men (Olympic)",cycling,cycling road,men,individual,,individual,,,,time | trial,individual,NO,NO,NO,time | trial,individual,0,"[""men"", false, false, [""individual""], [], [], [""time"", ""trial""]]",fuente1
280,"¼ mile, Men (Olympic)",cycling,cycling track,men,,,,,,,mile,,NO,NO,NO,mile,,0,"[""men"", false, false, [], [], [], [""mile""]]",fuente1
281,"½ mile, Men (Olympic)",cycling,cycling track,men,,,,,,,mile,,NO,NO,NO,mile,,0,"[""men"", false, false, [], [], [], [""mile""]]",fuente1
282,"5 miles, Men (Olympic)",,,,,,,,,,miles,,NO,NO,NO,miles,,0,"["""", false, false, [], [], [], [""miles""]]",
283,"25 miles, Men (Olympic)",,,,,,,,,,miles,,NO,NO,NO,miles,,0,"["""", false, false, [], [], [], [""miles""]]",
284,"½ mile, Handicap, Men (Olympic (non-medal))",cycling,cycling track,men,,,,,,,handicap | medal | mile,,NO,YES,NO,handicap | medal | mile,,0,"[""men"", false, true, [], [], [], [""handicap"", ""medal"", ""mile""]]",fuente1
285,"Cross-Country, Men (Olympic)",cycling,mountain bike,men,,,,,,,country | cross,,NO,NO,NO,country | cross,,0,"[""men"", false, false, [], [], [], [""country"", ""cross""]]",fuente1
286,"333⅓ metres Time Trial, Men (Olympic)",cycling,cycling road,men,,,,,,,metres | time | trial,,NO,NO,NO,metres | time | trial,,0,"[""men"", false, false, [], [], [], [""metres"", ""time"", ""trial""]]",fuente1
287,"100 kilometres, Men (Olympic)",cycling,cycling road,men,,,,,,,kilometres,,NO,NO,NO,kilometres,,0,"[""men"", false, false, [], [], [], [""kilometres""]]",fuente1
288,"Team Sprint, Men (Olympic)",cycling,cycling track,men,sprint,team,,,,,,team,NO,NO,NO,,sprint | team,0,"[""men"", false, false, [""sprint"", ""team""], [], [], []]",fuente1
289,"⅓ mile, Men (Olympic)",cycling,cycling track,men,,,,,,,mile,,NO,NO,NO,mile,,0,"[""men"", false, false, [], [], [], [""mile""]]",fuente1
290,"1 mile, Men (Olympic)",cycling,cycling track,men,,,,,,,mile,,NO,NO,NO,mile,,0,"[""men"", false, false, [], [], [], [""mile""]]",fuente1
291,"2 miles, Men (Olympic)",,,,,,,,,,miles,,NO,NO,NO,miles,,0,"["""", false, false, [], [], [], [""miles""]]",
292,"1 mile, Novice, Men (Olympic (non-medal))",,,,,,,,,,medal | mile | novice,,NO,YES,NO,medal | mile | novice,,0,"["""", false, true, [], [], [], [""medal"", ""mile"", ""novice""]]",
293,"Tandem Sprint, 2,000 metres, Men (Olympic)",cycling,cycling road,men,sprint,,,,,,metres | tandem,,NO,NO,NO,metres | tandem,sprint,0,"[""men"", false, false, [""sprint""], [], [], [""metres"", ""tandem""]]",fuente1
294,"Sprint, Men (Intercalated)",,,,sprint,,,,,,intercalated,,NO,NO,NO,intercalated,sprint,0,"["""", false, false, [""sprint""], [], [], [""intercalated""]]",
295,"333⅓ metres Time Trial, Men (Intercalated)",,,,,,,,,,intercalated | metres | time | trial,,NO,NO,NO,intercalated | metres | time | trial,,0,"["""", false, false, [], [], [], [""intercalated"", ""metres"", ""time"", ""trial""]]",
296,"5,000 metres, Men (Intercalated)",,,,,,,,,,intercalated | metres,,NO,NO,NO,intercalated | metres,,0,"["""", false, false, [], [], [], [""intercalated"", ""metres""]]",
297,"20 kilometres, Men (Intercalated)",,,,,,,,,,intercalated | kilometres,,NO,NO,NO,intercalated | kilometres,,0,"["""", false, false, [], [], [], [""intercalated"", ""kilometres""]]",
298,"50 kilometres, Men (Olympic)",,,,,,,,,,kilometres,,NO,NO,NO,kilometres,,0,"["""", false, false, [], [], [], [""kilometres""]]",
299,"Keirin, Men (Olympic)",cycling,cycling track,men,,,,,,,keirin,,NO,NO,NO,keirin,,0,"[""men"", false, false, [], [], [], [""keirin""]]",fuente1
300,"Madison, Men (Olympic)",,,,,,,,,,madison,,NO,NO,NO,madison,,0,"["""", false, false, [], [], [], [""madison""]]",
301,"Omnium, Men (Olympic)",cycling,cycling track,men,,,,,,,omnium,,NO,NO,NO,omnium,,0,"[""men"", false, false, [], [], [], [""omnium""]]",fuente1
302,"25 kilometres, Men (Olympic)",,,,,,,,,,kilometres,,NO,NO,NO,kilometres,,0,"["""", false, false, [], [], [], [""kilometres""]]",
303,"Football, Men (Olympic)",football,football,men,,,,,,,,,NO,NO,NO,,,0,"[""men"", false, false, [], [], [], []]",fuente1
304,Cycling Track (Cycling),,,,,,,,,,cycling | cycling | track,,NO,NO,NO,cycling | cycling | track,,0,"["""", false, false, [], [], [], [""cycling"", ""cycling"", ""track""]]",
305,"Sprint, Men (Olympic)",,,,sprint,,,,,,,,NO,NO,NO,,sprint,0,"["""", false, false, [""sprint""], [], [], []]",
306,"Single Sculls, Men (Intercalated)",rowing,rowing,men,single,,,,,,intercalated | sculls,single,NO,NO,NO,intercalated | sculls,single,0,"[""men"", false, false, [""single""], [], [], [""intercalated"", ""sculls""]]",fuente1
307,"Coxed Pairs (1 kilometre), Men (Intercalated)",,,,coxed,,,,,coxed,intercalated | kilometre | pairs,,NO,NO,NO,intercalated | kilometre | pairs,coxed,0,"["""", false, false, [""coxed""], [], [], [""intercalated"", ""kilometre"", ""pairs""]]",
308,"Coxed Pairs (1 mile), Men (Intercalated)",,,,coxed,,,,,coxed,intercalated | mile | pairs,,NO,NO,NO,intercalated | mile | pairs,coxed,0,"["""", false, false, [""coxed""], [], [], [""intercalated"", ""mile"", ""pairs""]]",
309,"Coxed Fours, Men (Intercalated)",,,,coxed,,,,,coxed,fours | intercalated,,NO,NO,NO,fours | intercalated,coxed,0,"["""", false, false, [""coxed""], [], [], [""fours"", ""intercalated""]]",
310,Cycling Track (Cycling),,,,,,,,,,cycling | cycling | track,,NO,NO,NO,cycling | cycling | track,,0,"["""", false, false, [], [], [], [""cycling"", ""cycling"", ""track""]]",
311,"Sprint, Men (Intercalated)",,,,sprint,,,,,,intercalated,,NO,NO,NO,intercalated,sprint,0,"["""", false, false, [""sprint""], [], [], [""intercalated""]]",
312,"5,000 metres, Men (Intercalated)",,,,,,,,,,intercalated | metres,,NO,NO,NO,intercalated | metres,,0,"["""", false, false, [], [], [], [""intercalated"", ""metres""]]",
313,"10,000 metres, Men (Olympic)",,,,,,,,,,metres,,NO,NO,NO,metres,,0,"["""", false, false, [], [], [], [""metres""]]",
314,"Cross-Country, Men (Olympic)",,,,,,,,,,country | cross,,NO,NO,NO,country | cross,,0,"["""", false, false, [], [], [], [""country"", ""cross""]]",
315,"1 mile, Handicap, Men (Olympic (non-medal))",cycling,cycling track,men,,,,,,,handicap | medal | mile,,NO,YES,NO,handicap | medal | mile,,0,"[""men"", false, true, [], [], [], [""handicap"", ""medal"", ""mile""]]",fuente1
316,"5 miles, Handicap, Men (Olympic (non-medal))",,,,,,,,,,handicap | medal | miles,,NO,YES,NO,handicap | medal | miles,,0,"["""", false, true, [], [], [], [""handicap"", ""medal"", ""miles""]]",
317,"Road Race, Individual, Men (Intercalated)",cycling,cycling road,men,individual,,individual,,,,intercalated | race,individual,NO,NO,NO,intercalated | race,individual,0,"[""men"", false, false, [""individual""], [], [], [""intercalated"", ""race""]]",fuente1
318,"Sprint, Men (Intercalated)",,,,sprint,,,,,,intercalated,,NO,NO,NO,intercalated,sprint,0,"["""", false, false, [""sprint""], [], [], [""intercalated""]]",
319,"333⅓ metres Time Trial, Men (Intercalated)",cycling,cycling road,men,,,,,,,intercalated | metres | time | trial,,NO,NO,NO,intercalated | metres | time | trial,,0,"[""men"", false, false, [], [], [], [""intercalated"", ""metres"", ""time"", ""trial""]]",fuente1
320,"Tandem Sprint, 2,000 metres, Men (Intercalated)",cycling,cycling road,men,sprint,,,,,,intercalated | metres | tandem,,NO,NO,NO,intercalated | metres | tandem,sprint,0,"[""men"", false, false, [""sprint""], [], [], [""intercalated"", ""metres"", ""tandem""]]",fuente1
321,"5,000 metres, Men (Intercalated)",,,,,,,,,,intercalated | metres,,NO,NO,NO,intercalated | metres,,0,"["""", false, false, [], [], [], [""intercalated"", ""metres""]]",
322,"12-Hours Race, Men (Olympic)",,,,,,,,,,hours | race,,NO,NO,NO,hours | race,,0,"["""", false, false, [], [], [], [""hours"", ""race""]]",
323,"20 kilometres, Men (Intercalated)",,,,,,,,,,intercalated | kilometres,,NO,NO,NO,intercalated | kilometres,,0,"["""", false, false, [], [], [], [""intercalated"", ""kilometres""]]",
324,"12-Hours Race, Men (Olympic)",,,,,,,,,,hours | race,,NO,NO,NO,hours | race,,0,"["""", false, false, [], [], [], [""hours"", ""race""]]",
325,"Tandem Sprint, 2,000 metres, Men (Intercalated)",cycling,cycling track,men,sprint,,,,,,intercalated | metres | tandem,,NO,NO,NO,intercalated | metres | tandem,sprint,0,"[""men"", false, false, [""sprint""], [], [], [""intercalated"", ""metres"", ""tandem""]]",fuente1
326,"Bicycle Polo, Men (Olympic (non-medal))",,,,,,,,,,bicycle | medal | polo,,NO,YES,NO,bicycle | medal | polo,,0,"["""", false, true, [], [], [], [""bicycle"", ""medal"", ""polo""]]",
327,Athletics,,,,,,,,,,athletics,,NO,NO,NO,athletics,,0,"["""", false, false, [], [], [], [""athletics""]]",
328,"4 × 100 metres Relay, Men (Olympic)",,,,relay,team,,,,,metres | x,relay,NO,NO,NO,metres | x,relay,0,"["""", false, false, [""relay""], [], [], [""metres"", ""x""]]",
329,"18 kilometres, Men (Olympic)",,,,,,,,,,kilometres,,NO,NO,NO,kilometres,,0,"["""", false, false, [], [], [], [""kilometres""]]",
330,"50 kilometres, Men (Olympic)",,,,,,,,,,kilometres,,NO,NO,NO,kilometres,,0,"["""", false, false, [], [], [], [""kilometres""]]",
331,Cycling Road (Cycling),,,,,,,,,,cycling | cycling | road,,NO,NO,NO,cycling | cycling | road,,0,"["""", false, false, [], [], [], [""cycling"", ""cycling"", ""road""]]",
332,"Road Race, Individual, Men (Olympic)",fencing,fencing,men,individual,,individual,,,,race | road,individual,NO,NO,NO,race | road,individual,0,"[""men"", false, false, [""individual""], [], [], [""race"", ""road""]]",fuente1
333,Cycling Track (Cycling),,,,,,,,,,cycling | cycling | track,,NO,NO,NO,cycling | cycling | track,,0,"["""", false, false, [], [], [], [""cycling"", ""cycling"", ""track""]]",
334,"333⅓ metres Time Trial, Men (Olympic)",,,,,,,,,,metres | time | trial,,NO,NO,NO,metres | time | trial,,0,"["""", false, false, [], [], [], [""metres"", ""time"", ""trial""]]",
335,"10,000 metres, Men (Olympic)",,,,,,,,,,metres,,NO,NO,NO,metres,,0,"["""", false, false, [], [], [], [""metres""]]",
336,"100 kilometres, Men (Olympic)",,,,,,,,,,kilometres,,NO,NO,NO,kilometres,,0,"["""", false, false, [], [], [], [""kilometres""]]",
337,"12-Hours Race, Men (Olympic)",,,,,,,,,,hours | race,,NO,NO,NO,hours | race,,0,"["""", false, false, [], [], [], [""hours"", ""race""]]",
338,"Hockey, Women (Olympic)",hockey,hockey,women,,,,,,,,,NO,NO,NO,,,0,"[""women"", false, false, [], [], [], []]",fuente1
339,"400 metres, Women (Olympic)",athletics,athletics,women,,,,,,,metres,,NO,NO,NO,metres,,0,"[""women"", false, false, [], [], [], [""metres""]]",fuente1
340,"4 × 400 metres Relay, Women (Olympic)",athletics,athletics,women,relay,team,,,,,metres | x,relay,NO,NO,NO,metres | x,relay,0,"[""women"", false, false, [""relay""], [], [], [""metres"", ""x""]]",fuente1
341,"Singles, Men (Olympic)",,,,singles,,individual,,,,,singles,NO,NO,NO,,singles,0,"["""", false, false, [""singles""], [], [], []]",
342,"Two, Men (Olympic)",,,,,,,,,,two,,NO,NO,NO,two,,0,"["""", false, false, [], [], [], [""two""]]",
343,"Polo, Men (Olympic (non-medal))",polo,polo,men,,,,,,,medal,,NO,YES,NO,medal,,0,"[""men"", false, true, [], [], [], [""medal""]]",fuente1
344,"Cricket, Men (Olympic)",cricket,cricket,men,,,,,,,,,NO,NO,NO,,,0,"[""men"", false, false, [], [], [], []]",fuente1
345,"Singles, One Ball, Open (Olympic)",,,,singles,,individual,,,,ball | one | open,singles,NO,NO,NO,ball | one | open,singles,0,"["""", false, false, [""singles""], [], [], [""ball"", ""one"", ""open""]]",
346,"Doubles, Open (Olympic)",,,,doubles,,individual,,,,open,doubles,NO,NO,NO,open,doubles,0,"["""", false, false, [""doubles""], [], [], [""open""]]",
347,"Singles, Two Balls, Open (Olympic)",,,,singles,,individual,,,,balls | open | two,singles,NO,NO,NO,balls | open | two,singles,0,"["""", false, false, [""singles""], [], [], [""balls"", ""open"", ""two""]]",
348,"Singles, Two Balls, Handicap, Men (Olympic (non-medal))",,,,singles,,individual,,,,balls | handicap | medal | two,singles,NO,YES,NO,balls | handicap | medal | two,singles,0,"["""", false, true, [""singles""], [], [], [""balls"", ""handicap"", ""medal"", ""two""]]",
349,"Individual, Women (Olympic)",,,,individual,,individual,,,,,individual,NO,NO,NO,,individual,0,"["""", false, false, [""individual""], [], [], []]",
350,"A-Class (Open), Open (Olympic)",,,,,,,,,,a | class | open | open,,NO,NO,NO,a | class | open | open,,0,"["""", false, false, [], [], [], [""a"", ""class"", ""open"", ""open""]]",
351,Tug-Of-War,,,,,,,,,,of | tug | war,,NO,NO,NO,of | tug | war,,0,"["""", false, false, [], [], [], [""of"", ""tug"", ""war""]]",
352,"Tug-Of-War, Men (Olympic)",,,,,,,,,,of | tug | war,,NO,NO,NO,of | tug | war,,0,"["""", false, false, [], [], [], [""of"", ""tug"", ""war""]]",
353,Athletics,,,,,,,,,,athletics,,NO,NO,NO,athletics,,0,"["""", false, false, [], [], [], [""athletics""]]",
354,"200 metres Hurdles, Men (Olympic)",,,,,,,,,,hurdles | metres,,NO,NO,NO,hurdles | metres,,0,"["""", false, false, [], [], [], [""hurdles"", ""metres""]]",
355,"Discus Throw, Men (Olympic)",,,,,,,,,,discus | throw,,NO,NO,NO,discus | throw,,0,"["""", false, false, [], [], [], [""discus"", ""throw""]]",
356,Athletics,,,,,,,,,,athletics,,NO,NO,NO,athletics,,0,"["""", false, false, [], [], [], [""athletics""]]",
357,"Shot Put, Handicap, Men (Olympic (non-medal))",,,,shot,,,,,,handicap | medal | put,,NO,YES,NO,handicap | medal | put,shot,0,"["""", false, true, [""shot""], [], [], [""handicap"", ""medal"", ""put""]]",
358,"Foil, Individual, Men (Olympic)",fencing,fencing,men,individual,,individual,,,,foil,individual,NO,NO,NO,foil,individual,0,"[""men"", false, false, [""individual""], [], [], [""foil""]]",fuente1
359,"B-Class (Under 60 feet), Open (Olympic)",,,,,,,,,,b | class | feet | open | under,,NO,NO,NO,b | class | feet | open | under,,0,"["""", false, false, [], [], [], [""b"", ""class"", ""feet"", ""open"", ""under""]]",
360,"C-Class, Open (Olympic)",,,,,,,,,,c | class | open,,NO,NO,NO,c | class | open,,0,"["""", false, false, [], [], [], [""c"", ""class"", ""open""]]",
361,"Doubles, Men (Olympic)",,,,doubles,,individual,,,,,doubles,NO,NO,NO,,doubles,0,"["""", false, false, [""doubles""], [], [], []]",
362,Racquets,,,,,,,,,,racquets,,NO,NO,NO,racquets,,0,"["""", false, false, [], [], [], [""racquets""]]",
363,"Doubles, Men (Olympic)",,,,doubles,,individual,,,,,doubles,NO,NO,NO,,doubles,0,"["""", false, false, [""doubles""], [], [], []]",
364,Wrestling,,,,,,,,,,wrestling,,NO,NO,NO,wrestling,,0,"["""", false, false, [], [], [], [""wrestling""]]",
365,"Heavyweight, Greco-Roman, Men (Olympic)",tug of war,tug of war,men,heavyweight,,,,,,greco | roman,,NO,NO,NO,greco | roman,heavyweight,0,"[""men"", false, false, [""heavyweight""], [], [], [""greco"", ""roman""]]",fuente1
366,"Heavyweight, Freestyle, Men (Olympic)",,,,freestyle,,,,,,,,NO,NO,NO,,freestyle | heavyweight,0,"["""", false, false, [""freestyle"", ""heavyweight""], [], [], []]",
367,Tug-Of-War,,,,,,,,,,of | tug | war,,NO,NO,NO,of | tug | war,,0,"["""", false, false, [], [], [], [""of"", ""tug"", ""war""]]",
368,"Tug-Of-War, Men (Olympic)",,,,,,,,,,of | tug | war,,NO,NO,NO,of | tug | war,,0,"["""", false, false, [], [], [], [""of"", ""tug"", ""war""]]",
369,"100 metres, Men (Olympic)",,,,,,,,,,metres,,NO,NO,NO,metres,,0,"["""", false, false, [], [], [], [""metres""]]",
370,"400 metres, Men (Olympic)",,,,,,,,,,metres,,NO,NO,NO,metres,,0,"["""", false, false, [], [], [], [""metres""]]",
371,Weightlifting,,,,,,,,,,weightlifting,,NO,NO,NO,weightlifting,,0,"["""", false, false, [], [], [], [""weightlifting""]]",
372,"Unlimited, Two Hands, Men (Olympic)",tug of war,tug of war,men,,,,,,,hands | two | unlimited,,NO,NO,NO,hands | two | unlimited,,0,"[""men"", false, false, [], [], [], [""hands"", ""two"", ""unlimited""]]",fuente1
373,"Marathon, Men (Intercalated)",,,,,,,,,,intercalated | marathon,,NO,NO,NO,intercalated | marathon,,0,"["""", false, false, [], [], [], [""intercalated"", ""marathon""]]",
374,"Shot Put, Men (Intercalated)",,,,shot,,,,,,intercalated | put,,NO,NO,NO,intercalated | put,shot,0,"["""", false, false, [""shot""], [], [], [""intercalated"", ""put""]]",
375,"Discus Throw, Men (Intercalated)",athletics,athletics,men,,,,,,,discus | intercalated | throw,,NO,NO,NO,discus | intercalated | throw,,0,"[""men"", false, false, [], [], [], [""discus"", ""intercalated"", ""throw""]]",fuente1
376,"Discus Throw, Greek Style, Men (Intercalated)",athletics,athletics,men,,,,,,,discus | greek | intercalated | style | throw,,NO,NO,NO,discus | greek | intercalated | style | throw,,0,"[""men"", false, false, [], [], [], [""discus"", ""greek"", ""intercalated"", ""style"", ""throw""]]",fuente1
377,"Pentathlon (Ancient), Men (Intercalated)",,,,,,,,,,ancient | intercalated | pentathlon,,NO,NO,NO,ancient | intercalated | pentathlon,,0,"["""", false, false, [], [], [], [""ancient"", ""intercalated"", ""pentathlon""]]",
378,Weightlifting,,,,,,,,,,weightlifting,,NO,NO,NO,weightlifting,,0,"["""", false, false, [], [], [], [""weightlifting""]]",
379,"Unlimited, Two Hands, Men (Intercalated)",athletics,athletics,men,,,,,,,hands | intercalated | two | unlimited,,NO,NO,NO,hands | intercalated | two | unlimited,,0,"[""men"", false, false, [], [], [], [""hands"", ""intercalated"", ""two"", ""unlimited""]]",fuente1
380,"Driving Contest, Men (Olympic (non-medal))",,,,,,,,,,contest | driving | medal,,NO,YES,NO,contest | driving | medal,,0,"["""", false, true, [], [], [], [""contest"", ""driving"", ""medal""]]",
381,"Putting Contest, Men (Olympic (non-medal))",,,,,,,,,,contest | medal | putting,,NO,YES,NO,contest | medal | putting,,0,"["""", false, true, [], [], [], [""contest"", ""medal"", ""putting""]]",
382,"56-pound Weight Throw, Men (Olympic)",,,,,,,,,,pound | throw | weight,,NO,NO,NO,pound | throw | weight,,0,"["""", false, false, [], [], [], [""pound"", ""throw"", ""weight""]]",
383,"Shot Put, Men (Olympic)",athletics,athletics,men,shot,,,,,,put,,NO,NO,NO,put,shot,0,"[""men"", false, false, [""shot""], [], [], [""put""]]",fuente1
384,"Shot Put, Handicap, Men (Olympic (non-medal))",athletics,athletics,men,shot,,,,,,handicap | medal | put,,NO,YES,NO,handicap | medal | put,shot,0,"[""men"", false, true, [""shot""], [], [], [""handicap"", ""medal"", ""put""]]",fuente1
385,Tug-Of-War,,,,,,,,,,of | tug | war,,NO,NO,NO,of | tug | war,,0,"["""", false, false, [], [], [], [""of"", ""tug"", ""war""]]",
386,"Tug-Of-War, Men (Olympic)",,,,,,,,,,of | tug | war,,NO,NO,NO,of | tug | war,,0,"["""", false, false, [], [], [], [""of"", ""tug"", ""war""]]",
387,"Lightweight, Freestyle, Men (Olympic)",,,,freestyle,,,,,,,,NO,NO,NO,,freestyle | lightweight,0,"["""", false, false, [""freestyle"", ""lightweight""], [], [], []]",
388,"High Jump, Men (Olympic (non-medal))",athletics,athletics,men,,,,,,,high | jump | medal,,NO,YES,NO,high | jump | medal,,0,"[""men"", false, true, [], [], [], [""high"", ""jump"", ""medal""]]",fuente1
389,"High Jump, Handicap, Men (Olympic (non-medal))",athletics,athletics,men,,,,,,,handicap | high | jump | medal,,NO,YES,NO,handicap | high | jump | medal,,0,"[""men"", false, true, [], [], [], [""handicap"", ""high"", ""jump"", ""medal""]]",fuente1
390,"All-Around Dumbbell Contest, Men (Olympic)",,,,,,,,,,all | around | contest | dumbbell,,NO,NO,NO,all | around | contest | dumbbell,,0,"["""", false, false, [], [], [], [""all"", ""around"", ""contest"", ""dumbbell""]]",
391,"56-pound Weight Throw, Men (Olympic)",athletics,athletics,men,,,,,,,pound | throw | weight,,NO,NO,NO,pound | throw | weight,,0,"[""men"", false, false, [], [], [], [""pound"", ""throw"", ""weight""]]",fuente1
392,"56-pound Weight Throw, Men (Olympic (non-medal))",athletics,athletics,men,,,,,,,medal | pound | throw | weight,,NO,YES,NO,medal | pound | throw | weight,,0,"[""men"", false, true, [], [], [], [""medal"", ""pound"", ""throw"", ""weight""]]",fuente1
393,"Discus Throw, Men (Olympic)",athletics,athletics,men,,,,,,,discus | throw,,NO,NO,NO,discus | throw,,0,"[""men"", false, false, [], [], [], [""discus"", ""throw""]]",fuente1
394,"Discus Throw, Men (Olympic (non-medal))",athletics,athletics,men,,,,,,,discus | medal | throw,,NO,YES,NO,discus | medal | throw,,0,"[""men"", false, true, [], [], [], [""discus"", ""medal"", ""throw""]]",fuente1
395,"Hammer Throw, Men (Olympic)",athletics,athletics,men,,,,,,,hammer | throw,,NO,NO,NO,hammer | throw,,0,"[""men"", false, false, [], [], [], [""hammer"", ""throw""]]",fuente1
396,"Discus Throw, Handicap, Men (Olympic (non-medal))",athletics,athletics,men,,,,,,,discus | handicap | medal | throw,,NO,YES,NO,discus | handicap | medal | throw,,0,"[""men"", false, true, [], [], [], [""discus"", ""handicap"", ""medal"", ""throw""]]",fuente1
397,"Hammer Throw, Handicap, Men (Olympic (non-medal))",athletics,athletics,men,,,,,,,hammer | handicap | medal | throw,,NO,YES,NO,hammer | handicap | medal | throw,,0,"[""men"", false, true, [], [], [], [""hammer"", ""handicap"", ""medal"", ""throw""]]",fuente1
398,"Javelin Throw, Men (Olympic)",athletics,athletics,men,,,,,,,javelin | throw,,NO,NO,NO,javelin | throw,,0,"[""men"", false, false, [], [], [], [""javelin"", ""throw""]]",fuente1
399,"Javelin Throw, Both Hands, Men (Olympic)",athletics,athletics,men,,,,,,,both | hands | javelin | throw,,NO,NO,NO,both | hands | javelin | throw,,0,"[""men"", false, false, [], [], [], [""both"", ""hands"", ""javelin"", ""throw""]]",fuente1
400,"4 × 100 metres Relay, Men (Olympic)",athletics,athletics,men,relay,team,,,,,metres | x,relay,NO,NO,NO,metres | x,relay,0,"[""men"", false, false, [""relay""], [], [], [""metres"", ""x""]]",fuente1
401,Hockey,,,,,,,,,,hockey,,NO,NO,NO,hockey,,0,"["""", false, false, [], [], [], [""hockey""]]",
402,"Hockey, Men (Olympic)",,,,,,,,,,hockey,,NO,NO,NO,hockey,,0,"["""", false, false, [], [], [], [""hockey""]]",
403,Athletics,,,,,,,,,,athletics,,NO,NO,NO,athletics,,0,"["""", false, false, [], [], [], [""athletics""]]",
404,"3,000 metres Steeplechase, Men (Olympic)",,,,,,,,,,metres | steeplechase,,NO,NO,NO,metres | steeplechase,,0,"["""", false, false, [], [], [], [""metres"", ""steeplechase""]]",
405,"Lacrosse, Men (Olympic (non-medal))",lacrosse,lacrosse,men,,,,,,,medal,,NO,YES,NO,medal,,0,"[""men"", false, true, [], [], [], [""medal""]]",fuente1
406,"Foil, Individual, Women (Olympic)",fencing,fencing,women,individual,,individual,,,,foil,individual,NO,NO,NO,foil,individual,0,"[""women"", false, false, [""individual""], [], [], [""foil""]]",fuente1
407,"Foil, Team, Women (Olympic)",fencing,fencing,women,team,team,,,,,foil,team,NO,NO,NO,foil,team,0,"[""women"", false, false, [""team""], [], [], [""foil""]]",fuente1
408,"Épée, Individual, Women (Olympic)",fencing,fencing,women,individual,,individual,,,,epee,individual,NO,NO,NO,epee,individual,0,"[""women"", false, false, [""individual""], [], [], [""epee""]]",fuente1
409,"Épée, Team, Women (Olympic)",fencing,fencing,women,team,team,,,,,epee,team,NO,NO,NO,epee,team,0,"[""women"", false, false, [""team""], [], [], [""epee""]]",fuente1
410,"Foil, Team, Men (Olympic)",fencing,fencing,men,team,team,,,,,foil,team,NO,NO,NO,foil,team,0,"[""men"", false, false, [""team""], [], [], [""foil""]]",fuente1
411,"Épée, Team, Men (Olympic)",fencing,fencing,men,team,team,,,,,epee,team,NO,NO,NO,epee,team,0,"[""men"", false, false, [""team""], [], [], [""epee""]]",fuente1
412,"100 metres Freestyle, Men (Olympic)",aquatics,swimming,men,freestyle,,,,,,metres,,NO,NO,NO,metres,freestyle,0,"[""men"", false, false, [""freestyle""], [], [], [""metres""]]",fuente1
413,"500 metres Freestyle, Men (Olympic)",aquatics,swimming,men,freestyle,,,,,,metres,,NO,NO,NO,metres,freestyle,0,"[""men"", false, false, [""freestyle""], [], [], [""metres""]]",fuente1
414,"Sabre, Individual, Three Hits, Men (Olympic)",fencing,fencing,men,individual,,individual,,,,hits | sabre | three,individual,NO,NO,NO,hits | sabre | three,individual,0,"[""men"", false, false, [""individual""], [], [], [""hits"", ""sabre"", ""three""]]",fuente1
415,"Sabre, Masters, Individual, Men (Olympic)",fencing,fencing,men,individual,,individual,,,,masters | sabre,individual,NO,NO,NO,masters | sabre,individual,0,"[""men"", false, false, [""individual""], [], [], [""masters"", ""sabre""]]",fuente1
416,Modern Pentathlon,,,,,,,,,,modern | pentathlon,,NO,NO,NO,modern | pentathlon,,0,"["""", false, false, [], [], [], [""modern"", ""pentathlon""]]",
417,"Foil, Individual, Open (Olympic (non-medal))",,,,individual,,individual,,,,foil | medal | open,individual,NO,YES,NO,foil | medal | open,individual,0,"["""", false, true, [""individual""], [], [], [""foil"", ""medal"", ""open""]]",
418,"400 metres Freestyle, Men (Olympic)",aquatics,swimming,men,freestyle,,,,,,metres,,NO,NO,NO,metres,freestyle,0,"[""men"", false, false, [""freestyle""], [], [], [""metres""]]",fuente1
419,Water Polo (Aquatics),,,,,,,,,,aquatics | polo | water,,NO,NO,NO,aquatics | polo | water,,0,"["""", false, false, [], [], [], [""aquatics"", ""polo"", ""water""]]",
420,"Water Polo, Men (Olympic)",,,,,,,,,,polo | water,,NO,NO,NO,polo | water,,0,"["""", false, false, [], [], [], [""polo"", ""water""]]",
421,Water Polo (Aquatics),,,,,,,,,,aquatics | polo | water,,NO,NO,NO,aquatics | polo | water,,0,"["""", false, false, [], [], [], [""aquatics"", ""polo"", ""water""]]",
422,"Water Polo, Men (Olympic)",,,,,,,,,,polo | water,,NO,NO,NO,polo | water,,0,"["""", false, false, [], [], [], [""polo"", ""water""]]",
423,Hockey,,,,,,,,,,hockey,,NO,NO,NO,hockey,,0,"["""", false, false, [], [], [], [""hockey""]]",
424,"Hockey, Men (Olympic)",,,,,,,,,,hockey,,NO,NO,NO,hockey,,0,"["""", false, false, [], [], [], [""hockey""]]",
425,"Ice Hockey, Men (Olympic)",ice hockey,ice hockey,men,,,,,,,,,NO,NO,NO,,,0,"[""men"", false, false, [], [], [], []]",fuente1
426,"Foil, Masters, Individual, Men (Olympic)",fencing,fencing,men,individual,,individual,,,,foil | masters,individual,NO,NO,NO,foil | masters,individual,0,"[""men"", false, false, [""individual""], [], [], [""foil"", ""masters""]]",fuente1
427,"Épée, Masters, Individual, Men (Olympic)",fencing,fencing,men,individual,,individual,,,,epee | masters,individual,NO,NO,NO,epee | masters,individual,0,"[""men"", false, false, [""individual""], [], [], [""epee"", ""masters""]]",fuente1
428,"Épée, Masters and Amateurs, Individual, Men (Olympic)",fencing,fencing,men,individual,,individual,,,,amateurs | and | epee | masters,individual,NO,NO,NO,amateurs | and | epee | masters,individual,0,"[""men"", false, false, [""individual""], [], [], [""amateurs"", ""and"", ""epee"", ""masters""]]",fuente1
429,"25 kilometres, Men (Olympic)",,,,,,,,,,kilometres,,NO,NO,NO,kilometres,,0,"["""", false, false, [], [], [], [""kilometres""]]",
430,"Literature, Open (Olympic)",,,,,,,,,,literature | open,,NO,NO,NO,literature | open,,0,"["""", false, false, [], [], [], [""literature"", ""open""]]",
431,"Free Pistol, 50 yards, Men (Olympic)",shooting,shooting,men,,,,,,,free | pistol | yards,,NO,NO,NO,free | pistol | yards,,0,"[""men"", false, false, [], [], [], [""free"", ""pistol"", ""yards""]]",fuente1
432,"Small-Bore Rifle, 50 and 100 yards, Team, Men (Olympic)",shooting,shooting,men,team,team,,,,,and | bore | rifle | small | yards,team,NO,NO,NO,and | bore | rifle | small | yards,team,0,"[""men"", false, false, [""team""], [], [], [""and"", ""bore"", ""rifle"", ""small"", ""yards""]]",fuente1
433,Athletics,,,,,,,,,,athletics,,NO,NO,NO,athletics,,0,"["""", false, false, [], [], [], [""athletics""]]",
434,"100 metres, Professionals, Men (Olympic (non-medal))",fencing,fencing,men,,,,,,,medal | metres | professionals,,NO,YES,NO,medal | metres | professionals,,0,"[""men"", false, true, [], [], [], [""medal"", ""metres"", ""professionals""]]",fuente1
435,"400 metres, Professionals, Men (Olympic (non-medal))",fencing,fencing,men,,,,,,,medal | metres | professionals,,NO,YES,NO,medal | metres | professionals,,0,"[""men"", false, true, [], [], [], [""medal"", ""metres"", ""professionals""]]",fuente1
436,"110 metres Hurdles, Professionals, Men (Olympic (non-medal))",,,,,,,,,,hurdles | medal | metres | professionals,,NO,YES,NO,hurdles | medal | metres | professionals,,0,"["""", false, true, [], [], [], [""hurdles"", ""medal"", ""metres"", ""professionals""]]",
437,"High Jump, Professionals, Men (Olympic (non-medal))",fencing,fencing,men,,,,,,,high | jump | medal | professionals,,NO,YES,NO,high | jump | medal | professionals,,0,"[""men"", false, true, [], [], [], [""high"", ""jump"", ""medal"", ""professionals""]]",fuente1
438,"Long Jump, Professionals, Men (Olympic (non-medal))",fencing,fencing,men,,,,,,,jump | long | medal | professionals,,NO,YES,NO,jump | long | medal | professionals,,0,"[""men"", false, true, [], [], [], [""jump"", ""long"", ""medal"", ""professionals""]]",fuente1
439,"Shot Put, Professionals, Men (Olympic (non-medal))",fencing,fencing,men,shot,,,,,,medal | professionals | put,,NO,YES,NO,medal | professionals | put,shot,0,"[""men"", false, true, [""shot""], [], [], [""medal"", ""professionals"", ""put""]]",fuente1
440,"100 metres, Professionals, Handicap, Men (Olympic (non-medal))",fencing,fencing,men,,,,,,,handicap | medal | metres | professionals,,NO,YES,NO,handicap | medal | metres | professionals,,0,"[""men"", false, true, [], [], [], [""handicap"", ""medal"", ""metres"", ""professionals""]]",fuente1
441,"400 metres, Professionals, Handicap, Men (Olympic (non-medal))",fencing,fencing,men,,,,,,,handicap | medal | metres | professionals,,NO,YES,NO,handicap | medal | metres | professionals,,0,"[""men"", false, true, [], [], [], [""handicap"", ""medal"", ""metres"", ""professionals""]]",fuente1
442,"High Jump, Professionals, Handicap, Men (Olympic (non-medal))",fencing,fencing,men,,,,,,,handicap | high | jump | medal | professionals,,NO,YES,NO,handicap | high | jump | medal | professionals,,0,"[""men"", false, true, [], [], [], [""handicap"", ""high"", ""jump"", ""medal"", ""professionals""]]",fuente1
443,"Long Jump, Professionals, Handicap, Men (Olympic (non-medal))",fencing,fencing,men,,,,,,,handicap | jump | long | medal | professionals,,NO,YES,NO,handicap | jump | long | medal | professionals,,0,"[""men"", false, true, [], [], [], [""handicap"", ""jump"", ""long"", ""medal"", ""professionals""]]",fuente1
444,"Shot Put, Professionals, Handicap, Men (Olympic (non-medal))",fencing,fencing,men,shot,,,,,,handicap | medal | professionals | put,,NO,YES,NO,handicap | medal | professionals | put,shot,0,"[""men"", false, true, [""shot""], [], [], [""handicap"", ""medal"", ""professionals"", ""put""]]",fuente1
445,Rowing,,,,,,,,,,rowing,,NO,NO,NO,rowing,,0,"["""", false, false, [], [], [], [""rowing""]]",
446,"Eights, Men (Olympic)",,,,,,,,,,eights,,NO,NO,NO,eights,,0,"["""", false, false, [], [], [], [""eights""]]",
447,"Painting, Paintings, Open (Olympic)",,,,,,,,,,open | painting | paintings,,NO,NO,NO,open | painting | paintings,,0,"["""", false, false, [], [], [], [""open"", ""painting"", ""paintings""]]",
448,Shooting,,,,,,,,,,shooting,,NO,NO,NO,shooting,,0,"["""", false, false, [], [], [], [""shooting""]]",
449,"Dueling Pistol Au Commandement, 25 metres, Men (Intercalated)",,,,,,,,,,au | commandement | dueling | intercalated | metres | pistol,,NO,NO,NO,au | commandement | dueling | intercalated | metres | pistol,,0,"["""", false, false, [], [], [], [""au"", ""commandement"", ""dueling"", ""intercalated"", ""metres"", ""pistol""]]",
450,"Dueling Pistol, 30 metres, Team, Men (Olympic)",fencing,fencing,men,team,team,,,,,dueling | metres | pistol,team,NO,NO,NO,dueling | metres | pistol,team,0,"[""men"", false, false, [""team""], [], [], [""dueling"", ""metres"", ""pistol""]]",fuente1
451,Swimming (Aquatics),,,,,,,,,,aquatics | swimming,,NO,NO,NO,aquatics | swimming,,0,"["""", false, false, [], [], [], [""aquatics"", ""swimming""]]",
452,"100 metres Freestyle, Men (Olympic)",,,,freestyle,,,,,,metres,,NO,NO,NO,metres,freestyle,0,"["""", false, false, [""freestyle""], [], [], [""metres""]]",
453,"Football, Men (Intercalated)",,,,,,,,,,football | intercalated,,NO,NO,NO,football | intercalated,,0,"["""", false, false, [], [], [], [""football"", ""intercalated""]]",
454,Fencing,,,,,,,,,,fencing,,NO,NO,NO,fencing,,0,"["""", false, false, [], [], [], [""fencing""]]",
455,"Trap, Team, Men (Olympic)",shooting,shooting,men,team,team,,,,,trap,team,NO,NO,NO,trap,team,0,"[""men"", false, false, [""team""], [], [], [""trap""]]",fuente1
456,"Three Person Keelboat, Open (Olympic)",,,,,,,,,,keelboat | open | person | three,,NO,NO,NO,keelboat | open | person | three,,0,"["""", false, false, [], [], [], [""keelboat"", ""open"", ""person"", ""three""]]",
457,Fencing,,,,,,,,,,fencing,,NO,NO,NO,fencing,,0,"["""", false, false, [], [], [], [""fencing""]]",
458,"Épée, Team, Men (Olympic)",modern pentathlon,modern pentathlon,men,team,team,,,,,epee,team,NO,NO,NO,epee,team,0,"[""men"", false, false, [""team""], [], [], [""epee""]]",fuente1
459,"Painting, Drawings And Water Colors, Open (Olympic)",,,,,,,,,,and | colors | drawings | open | painting | water,,NO,NO,NO,and | colors | drawings | open | painting | water,,0,"["""", false, false, [], [], [], [""and"", ""colors"", ""drawings"", ""open"", ""painting"", ""water""]]",
460,"Painting, Graphic Arts, Open (Olympic)",,,,,,,,,,arts | graphic | open | painting,,NO,NO,NO,arts | graphic | open | painting,,0,"["""", false, false, [], [], [], [""arts"", ""graphic"", ""open"", ""painting""]]",
461,"Painting, Applied Arts, Open (Olympic)",,,,,,,,,,applied | arts | open | painting,,NO,NO,NO,applied | arts | open | painting,,0,"["""", false, false, [], [], [], [""applied"", ""arts"", ""open"", ""painting""]]",
462,Art Competitions,,,,,,,,,,art,,NO,NO,NO,art,,0,"["""", false, false, [], [], [], [""art""]]",
463,"Painting, Graphic Arts, Open (Olympic)",,,,,,,,,,arts | graphic | open | painting,,NO,NO,NO,arts | graphic | open | painting,,0,"["""", false, false, [], [], [], [""arts"", ""graphic"", ""open"", ""painting""]]",
464,"Sabre, Individual, Men (Olympic)",modern pentathlon,modern pentathlon,men,individual,,individual,,,,sabre,individual,NO,NO,NO,sabre,individual,0,"[""men"", false, false, [""individual""], [], [], [""sabre""]]",fuente1
465,"Foil, Individual, Boys (Olympic (non-medal))",,,,individual,,individual,,,,boys | foil | medal,individual,NO,YES,NO,boys | foil | medal,individual,0,"["""", false, true, [""individual""], [], [], [""boys"", ""foil"", ""medal""]]",
466,"Single Sticks, Individual, Men (Olympic)",fencing,fencing,men,individual,,individual,,,,sticks,individual | single,NO,NO,NO,sticks,individual | single,0,"[""men"", false, false, [""individual"", ""single""], [], [], [""sticks""]]",fuente1
467,"200 metres, Men (Olympic)",athletics,athletics,men,,,,,,,metres,,NO,NO,NO,metres,,0,"[""men"", false, false, [], [], [], [""metres""]]",fuente1
468,"Football, Women (Olympic)",football,football,women,,,,,,,,,NO,NO,NO,,,0,"[""women"", false, false, [], [], [], []]",fuente1
469,"Platform, Women (Olympic)",aquatics,diving,women,,,,,,,platform,,NO,NO,NO,platform,,0,"[""women"", false, false, [], [], [], [""platform""]]",fuente1
470,"Synchronized Platform, Women (Olympic)",aquatics,diving,women,,,,,,,platform | synchronized,,NO,NO,NO,platform | synchronized,,0,"[""women"", false, false, [], [], [], [""platform"", ""synchronized""]]",fuente1
471,"Platform, Men (Olympic)",aquatics,diving,men,,,,,,,platform,,NO,NO,NO,platform,,0,"[""men"", false, false, [], [], [], [""platform""]]",fuente1
472,"Synchronized Platform, Men (Olympic)",aquatics,diving,men,,,,,,,platform | synchronized,,NO,NO,NO,platform | synchronized,,0,"[""men"", false, false, [], [], [], [""platform"", ""synchronized""]]",fuente1
473,Athletics,,,,,,,,,,athletics,,NO,NO,NO,athletics,,0,"["""", false, false, [], [], [], [""athletics""]]",
474,"110 metres Hurdles, Men (Olympic)",,,,,,,,,,hurdles | metres,,NO,NO,NO,hurdles | metres,,0,"["""", false, false, [], [], [], [""hurdles"", ""metres""]]",
475,"Bandy, Men (Olympic (non-medal))",,,,,,,,,,bandy | medal,,NO,YES,NO,bandy | medal,,0,"["""", false, true, [], [], [], [""bandy"", ""medal""]]",
476,"4 × 400 metres Relay, Men (Olympic)",athletics,athletics,men,relay,team,,,,,metres | x,relay,NO,NO,NO,metres | x,relay,0,"[""men"", false, false, [""relay""], [], [], [""metres"", ""x""]]",fuente1
477,"120 yards Hurdles, Men (Olympic (non-medal))",,,,,,,,,,hurdles | medal | yards,,NO,YES,NO,hurdles | medal | yards,,0,"["""", false, true, [], [], [], [""hurdles"", ""medal"", ""yards""]]",
478,"440 yards, Boys (Olympic (non-medal))",,,,,,,,,,boys | medal | yards,,NO,YES,NO,boys | medal | yards,,0,"["""", false, true, [], [], [], [""boys"", ""medal"", ""yards""]]",
479,"Individual All-Around, Women (Olympic)",,,,individual,,individual,,,,all | around,individual,NO,NO,NO,all | around,individual,0,"["""", false, false, [""individual""], [], [], [""all"", ""around""]]",
480,"Floor Exercise, Women (Olympic)",gymnastics,artistic gymnastics,women,,,,,,,exercise | floor,,NO,NO,NO,exercise | floor,,0,"[""women"", false, false, [], [], [], [""exercise"", ""floor""]]",fuente1
481,"Horse Vault, Women (Olympic)",,,,,,,,,,horse | vault,,NO,NO,NO,horse | vault,,0,"["""", false, false, [], [], [], [""horse"", ""vault""]]",
482,"Uneven Bars, Women (Olympic)",gymnastics,artistic gymnastics,women,,,,,,,bars | uneven,,NO,NO,NO,bars | uneven,,0,"[""women"", false, false, [], [], [], [""bars"", ""uneven""]]",fuente1
483,"Balance Beam, Women (Olympic)",gymnastics,artistic gymnastics,women,,,,,,,balance | beam,,NO,NO,NO,balance | beam,,0,"[""women"", false, false, [], [], [], [""balance"", ""beam""]]",fuente1
484,"Team All-Around, Women (Olympic)",,,,team,team,,,,,all | around,team,NO,NO,NO,all | around,team,0,"["""", false, false, [""team""], [], [], [""all"", ""around""]]",
485,"Individual, Women (Olympic)",,,,individual,,individual,,,,,individual,NO,NO,NO,,individual,0,"["""", false, false, [""individual""], [], [], []]",
486,"Team Portable Apparatus, Women (Olympic)",,,,team,team,,,,,apparatus | portable,team,NO,NO,NO,apparatus | portable,team,0,"["""", false, false, [""team""], [], [], [""apparatus"", ""portable""]]",
487,"Group, Women (Olympic)",,,,,,,,,,group,,NO,NO,NO,group,,0,"["""", false, false, [], [], [], [""group""]]",
488,"Individual All-Around, Men (Olympic)",gymnastics,artistic gymnastics,men,individual,,individual,,,,all | around,individual,NO,NO,NO,all | around,individual,0,"[""men"", false, false, [""individual""], [], [], [""all"", ""around""]]",fuente1
489,"Team All-Around, Men (Olympic)",gymnastics,artistic gymnastics,men,team,team,,,,,all | around,team,NO,NO,NO,all | around,team,0,"[""men"", false, false, [""team""], [], [], [""all"", ""around""]]",fuente1
490,"Floor Exercise, Men (Olympic)",gymnastics,artistic gymnastics,men,,,,,,,exercise | floor,,NO,NO,NO,exercise | floor,,0,"[""men"", false, false, [], [], [], [""exercise"", ""floor""]]",fuente1
491,"Horse Vault, Men (Olympic)",gymnastics,artistic gymnastics,men,,,,,,,horse | vault,,NO,NO,NO,horse | vault,,0,"[""men"", false, false, [], [], [], [""horse"", ""vault""]]",fuente1
492,"Parallel Bars, Men (Olympic)",gymnastics,artistic gymnastics,men,,,,,,,bars | parallel,,NO,NO,NO,bars | parallel,,0,"[""men"", false, false, [], [], [], [""bars"", ""parallel""]]",fuente1
493,"Horizontal Bar, Men (Olympic)",gymnastics,artistic gymnastics,men,,,,,,,bar | horizontal,,NO,NO,NO,bar | horizontal,,0,"[""men"", false, false, [], [], [], [""bar"", ""horizontal""]]",fuente1
494,"Rings, Men (Olympic)",gymnastics,artistic gymnastics,men,,,,,,,rings,,NO,NO,NO,rings,,0,"[""men"", false, false, [], [], [], [""rings""]]",fuente1
495,"Pommelled Horse, Men (Olympic)",,,,,,,,,,horse | pommelled,,NO,NO,NO,horse | pommelled,,0,"["""", false, false, [], [], [], [""horse"", ""pommelled""]]",
496,"Pole Vault, Women (Olympic)",athletics,athletics,women,,,,,,,pole | vault,,NO,NO,NO,pole | vault,,0,"[""women"", false, false, [], [], [], [""pole"", ""vault""]]",fuente1
497,"Individual All-Around, Field Sports, Men (Olympic)",gymnastics,artistic gymnastics,men,individual,,individual,,,,all | around | field | sports,individual,NO,NO,NO,all | around | field | sports,individual,0,"[""men"", false, false, [""individual""], [], [], [""all"", ""around"", ""field"", ""sports""]]",fuente1
498,"Individual All-Around, Apparatus Work, Men (Olympic)",gymnastics,artistic gymnastics,men,individual,,individual,,,,all | apparatus | around | work,individual,NO,NO,NO,all | apparatus | around | work,individual,0,"[""men"", false, false, [""individual""], [], [], [""all"", ""apparatus"", ""around"", ""work""]]",fuente1
499,"Team All-Around, Swedish System, Men (Olympic)",gymnastics,artistic gymnastics,men,team,team,,,,,all | around | swedish | system,team,NO,NO,NO,all | around | swedish | system,team,0,"[""men"", false, false, [""team""], [], [], [""all"", ""around"", ""swedish"", ""system""]]",fuente1
500,"Featherweight, Men (Olympic)",,,,,,,,,,featherweight,,NO,NO,NO,featherweight,,0,"["""", false, false, [], [], [], [""featherweight""]]",
501,"Team All-Around, Free System, Men (Olympic)",gymnastics,artistic gymnastics,men,team,team,,,,,all | around | free | system,team,NO,NO,NO,all | around | free | system,team,0,"[""men"", false, false, [""team""], [], [], [""all"", ""around"", ""free"", ""system""]]",fuente1
502,"Team All-Around, Men (Intercalated)",,,,team,team,,,,,all | around | intercalated,team,NO,NO,NO,all | around | intercalated,team,0,"["""", false, false, [""team""], [], [], [""all"", ""around"", ""intercalated""]]",
503,"Rope Climbing, Men (Olympic)",gymnastics,artistic gymnastics,men,,,,,,,climbing | rope,,NO,NO,NO,climbing | rope,,0,"[""men"", false, false, [], [], [], [""climbing"", ""rope""]]",fuente1
504,"Side Horse, Men (Olympic)",gymnastics,artistic gymnastics,men,,,,,,,horse | side,,NO,NO,NO,horse | side,,0,"[""men"", false, false, [], [], [], [""horse"", ""side""]]",fuente1
505,"6 metres, Open (Olympic)",,,,,,,,,,metres | open,,NO,NO,NO,metres | open,,0,"["""", false, false, [], [], [], [""metres"", ""open""]]",
506,Artistic Gymnastics (Gymnastics),,,,,,,,,,artistic | gymnastics | gymnastics,,NO,NO,NO,artistic | gymnastics | gymnastics,,0,"["""", false, false, [], [], [], [""artistic"", ""gymnastics"", ""gymnastics""]]",
507,"Team All-Around, Free System, Men (Olympic)",,,,team,team,,,,,all | around | free | system,team,NO,NO,NO,all | around | free | system,team,0,"["""", false, false, [""team""], [], [], [""all"", ""around"", ""free"", ""system""]]",
508,"Architecture, Open (Olympic (non-medal))",,,,,,,,,,architecture | medal | open,,NO,YES,NO,architecture | medal | open,,0,"["""", false, true, [], [], [], [""architecture"", ""medal"", ""open""]]",
509,"Free Rifle, Three Positions, 300 metres, Men (Olympic)",shooting,shooting,men,,,,,,,free | metres | positions | rifle | three,,NO,NO,NO,free | metres | positions | rifle | three,,0,"[""men"", false, false, [], [], [], [""free"", ""metres"", ""positions"", ""rifle"", ""three""]]",fuente1
510,"Free Rifle, Three Positions, 300 metres, Team, Men (Olympic)",shooting,shooting,men,team,team,,,,,free | metres | positions | rifle | three,team,NO,NO,NO,free | metres | positions | rifle | three,team,0,"[""men"", false, false, [""team""], [], [], [""free"", ""metres"", ""positions"", ""rifle"", ""three""]]",fuente1
511,"Military Rifle, Prone, 300 metres, Team, Men (Olympic)",shooting,shooting,men,team,team,,,,,metres | military | prone | rifle,team,NO,NO,NO,metres | military | prone | rifle,team,0,"[""men"", false, false, [""team""], [], [], [""metres"", ""military"", ""prone"", ""rifle""]]",fuente1
512,"Military Rifle, Prone, 600 metres, Men (Olympic)",shooting,shooting,men,,,,,,,metres | military | prone | rifle,,NO,NO,NO,metres | military | prone | rifle,,0,"[""men"", false, false, [], [], [], [""metres"", ""military"", ""prone"", ""rifle""]]",fuente1
513,"Military Rifle, Prone, 600 metres, Team, Men (Olympic)",shooting,shooting,men,team,team,,,,,metres | military | prone | rifle,team,NO,NO,NO,metres | military | prone | rifle,team,0,"[""men"", false, false, [""team""], [], [], [""metres"", ""military"", ""prone"", ""rifle""]]",fuente1
514,"Military Rifle, Standing, 300 metres, Men (Olympic)",shooting,shooting,men,,,,,,,metres | military | rifle | standing,,NO,NO,NO,metres | military | rifle | standing,,0,"[""men"", false, false, [], [], [], [""metres"", ""military"", ""rifle"", ""standing""]]",fuente1
515,"Military Rifle, Standing, 300 metres, Team, Men (Olympic)",shooting,shooting,men,team,team,,,,,metres | military | rifle | standing,team,NO,NO,NO,metres | military | rifle | standing,team,0,"[""men"", false, false, [""team""], [], [], [""metres"", ""military"", ""rifle"", ""standing""]]",fuente1
516,"Military Rifle, Prone, 300 and 600 metres, Team, Men (Olympic)",shooting,shooting,men,team,team,,,,,and | metres | military | prone | rifle,team,NO,NO,NO,and | metres | military | prone | rifle,team,0,"[""men"", false, false, [""team""], [], [], [""and"", ""metres"", ""military"", ""prone"", ""rifle""]]",fuente1
517,"Running Target, Single Shot, Team, Men (Olympic)",shooting,shooting,men,shot,team,,,,,running | target,single | team,NO,NO,NO,running | target,shot | single | team,0,"[""men"", false, false, [""shot"", ""single"", ""team""], [], [], [""running"", ""target""]]",fuente1
518,"Running Target, Double Shot, Team, Men (Olympic)",shooting,shooting,men,double,team,,,,,running | target,double | team,NO,NO,NO,running | target,double | shot | team,0,"[""men"", false, false, [""double"", ""shot"", ""team""], [], [], [""running"", ""target""]]",fuente1
519,"Running Target, Single Shot, Men (Olympic)",shooting,shooting,men,shot,,,,,,running | target,single,NO,NO,NO,running | target,shot | single,0,"[""men"", false, false, [""shot"", ""single""], [], [], [""running"", ""target""]]",fuente1
520,"Running Target, Double Shot, Men (Olympic)",shooting,shooting,men,double,,,,,,running | target,double,NO,NO,NO,running | target,double | shot,0,"[""men"", false, false, [""double"", ""shot""], [], [], [""running"", ""target""]]",fuente1
521,"26th Federal Festival, Society and Association Contests, Non-Simultaneous, National Championships, Men (Olympic (non-medal))",,,,,,,,,,26th | and | association | championships | contests | federal | festival | medal | national | non | simultaneous | society,,NO,YES,NO,26th | and | association | championships | contests | federal | festival | medal | national | non | simultaneous | society,,0,"["""", false, true, [], [], [], [""26th"", ""and"", ""association"", ""championships"", ""contests"", ""federal"", ""festival"", ""medal"", ""national"", ""non"", ""simultaneous"", ""society""]]",
522,"Individual All-Around, Men (Intercalated)",gymnastics,artistic gymnastics,men,individual,,individual,,,,all | around | intercalated,individual,NO,NO,NO,all | around | intercalated,individual,0,"[""men"", false, false, [""individual""], [], [], [""all"", ""around"", ""intercalated""]]",fuente1
523,"Individual All-Around, 5 Events, Men (Intercalated)",gymnastics,artistic gymnastics,men,individual,,individual,,,,all | around | intercalated,individual,NO,NO,NO,all | around | intercalated,individual,0,"[""men"", false, false, [""individual""], [], [], [""all"", ""around"", ""intercalated""]]",fuente1
524,"Festival for Societies of the Seine, Artistic, Individual, Men (Olympic (non-medal))",,,,individual,,individual,,,,artistic | festival | for | medal | of | seine | societies | the,individual,NO,YES,NO,artistic | festival | for | medal | of | seine | societies | the,individual,0,"["""", false, true, [""individual""], [], [], [""artistic"", ""festival"", ""for"", ""medal"", ""of"", ""seine"", ""societies"", ""the""]]",
525,"Festival for Societies of the Seine, Individual (#2), Men (Olympic (non-medal))",,,,individual,,individual,,,,festival | for | medal | of | seine | societies | the,individual,NO,YES,NO,festival | for | medal | of | seine | societies | the,individual,0,"["""", false, true, [""individual""], [], [], [""festival"", ""for"", ""medal"", ""of"", ""seine"", ""societies"", ""the""]]",
526,"Festival for Societies of the Seine, Advanced, Men (Olympic (non-medal))",,,,,,,,,,advanced | festival | for | medal | of | seine | societies | the,,NO,YES,NO,advanced | festival | for | medal | of | seine | societies | the,,0,"["""", false, true, [], [], [], [""advanced"", ""festival"", ""for"", ""medal"", ""of"", ""seine"", ""societies"", ""the""]]",
527,"Lightweight, Greco-Roman, Men (Olympic)",wrestling,wrestling greco roman,men,lightweight,,,,,,,,NO,NO,NO,,lightweight,0,"[""men"", false, false, [""lightweight""], [], [], []]",fuente1
528,"100 metres, Men (Intercalated)",athletics,athletics,men,,,,,,,intercalated | metres,,NO,NO,NO,intercalated | metres,,0,"[""men"", false, false, [], [], [], [""intercalated"", ""metres""]]",fuente1
529,"High Jump, Men (Intercalated)",athletics,athletics,men,,,,,,,high | intercalated | jump,,NO,NO,NO,high | intercalated | jump,,0,"[""men"", false, false, [], [], [], [""high"", ""intercalated"", ""jump""]]",fuente1
530,"Long Jump, Men (Intercalated)",athletics,athletics,men,,,,,,,intercalated | jump | long,,NO,NO,NO,intercalated | jump | long,,0,"[""men"", false, false, [], [], [], [""intercalated"", ""jump"", ""long""]]",fuente1
531,"Parallel Bars, Teams, Men (Olympic)",gymnastics,artistic gymnastics,men,,,,,,,bars | parallel | teams,,NO,NO,NO,bars | parallel | teams,,0,"[""men"", false, false, [], [], [], [""bars"", ""parallel"", ""teams""]]",fuente1
532,"Horizontal Bar, Teams, Men (Olympic)",gymnastics,artistic gymnastics,men,,,,,,,bar | horizontal | teams,,NO,NO,NO,bar | horizontal | teams,,0,"[""men"", false, false, [], [], [], [""bar"", ""horizontal"", ""teams""]]",fuente1
533,Athletics,,,,,,,,,,athletics,,NO,NO,NO,athletics,,0,"["""", false, false, [], [], [], [""athletics""]]",
534,"High Jump, Men (Olympic)",,,,,,,,,,high | jump,,NO,NO,NO,high | jump,,0,"["""", false, false, [], [], [], [""high"", ""jump""]]",
535,"Shot Put, Men (Olympic)",,,,shot,,,,,,put,,NO,NO,NO,put,shot,0,"["""", false, false, [""shot""], [], [], [""put""]]",
536,"100 metres, Men (Olympic)",gymnastics,artistic gymnastics,men,,,,,,,metres,,NO,NO,NO,metres,,0,"[""men"", false, false, [], [], [], [""metres""]]",fuente1
537,"Pole Vault, Men (Olympic)",,,,,,,,,,pole | vault,,NO,NO,NO,pole | vault,,0,"["""", false, false, [], [], [], [""pole"", ""vault""]]",
538,"Long Jump, Men (Olympic)",gymnastics,artistic gymnastics,men,,,,,,,jump | long,,NO,NO,NO,jump | long,,0,"[""men"", false, false, [], [], [], [""jump"", ""long""]]",fuente1
539,"Triple Jump, Men (Olympic)",,,,,,,,,,jump | triple,,NO,NO,NO,jump | triple,,0,"["""", false, false, [], [], [], [""jump"", ""triple""]]",
540,Artistic Gymnastics (Gymnastics),,,,,,,,,,artistic | gymnastics | gymnastics,,NO,NO,NO,artistic | gymnastics | gymnastics,,0,"["""", false, false, [], [], [], [""artistic"", ""gymnastics"", ""gymnastics""]]",
541,"Rope Climbing, Men (Olympic)",,,,,,,,,,climbing | rope,,NO,NO,NO,climbing | rope,,0,"["""", false, false, [], [], [], [""climbing"", ""rope""]]",
542,"110 metres Hurdles, Men (Intercalated)",athletics,athletics,men,,,,,,,hurdles | intercalated | metres,,NO,NO,NO,hurdles | intercalated | metres,,0,"[""men"", false, false, [], [], [], [""hurdles"", ""intercalated"", ""metres""]]",fuente1
543,"Pole Vault, Men (Intercalated)",,,,,,,,,,intercalated | pole | vault,,NO,NO,NO,intercalated | pole | vault,,0,"["""", false, false, [], [], [], [""intercalated"", ""pole"", ""vault""]]",
544,"Standing Long Jump, Men (Intercalated)",athletics,athletics,men,,,,,,,intercalated | jump | long | standing,,NO,NO,NO,intercalated | jump | long | standing,,0,"[""men"", false, false, [], [], [], [""intercalated"", ""jump"", ""long"", ""standing""]]",fuente1
545,"Individual All-Around, Men (Intercalated)",athletics,athletics,men,individual,,individual,,,,all | around | intercalated,individual,NO,NO,NO,all | around | intercalated,individual,0,"[""men"", false, false, [""individual""], [], [], [""all"", ""around"", ""intercalated""]]",fuente1
546,"Individual All-Around, 5 Events, Men (Intercalated)",athletics,athletics,men,individual,,individual,,,,all | around | intercalated,individual,NO,NO,NO,all | around | intercalated,individual,0,"[""men"", false, false, [""individual""], [], [], [""all"", ""around"", ""intercalated""]]",fuente1
547,"Team All-Around, Men (Intercalated)",athletics,athletics,men,team,team,,,,,all | around | intercalated,team,NO,NO,NO,all | around | intercalated,team,0,"[""men"", false, false, [""team""], [], [], [""all"", ""around"", ""intercalated""]]",fuente1
548,"Tug-Of-War, Men (Intercalated)",,,,,,,,,,intercalated | of | tug | war,,NO,NO,NO,intercalated | of | tug | war,,0,"["""", false, false, [], [], [], [""intercalated"", ""of"", ""tug"", ""war""]]",
549,Cycling Road (Cycling),,,,,,,,,,cycling | cycling | road,,NO,NO,NO,cycling | cycling | road,,0,"["""", false, false, [], [], [], [""cycling"", ""cycling"", ""road""]]",
550,"Road Race, Individual, Men (Olympic)",,,,individual,,individual,,,,race | road,individual,NO,NO,NO,race | road,individual,0,"["""", false, false, [""individual""], [], [], [""race"", ""road""]]",
551,Shooting,,,,,,,,,,shooting,,NO,NO,NO,shooting,,0,"["""", false, false, [], [], [], [""shooting""]]",
552,"Military Pistol, 25 metres, Men (Olympic)",,,,,,,,,,metres | military | pistol,,NO,NO,NO,metres | military | pistol,,0,"["""", false, false, [], [], [], [""metres"", ""military"", ""pistol""]]",
553,"Military Rifle, 200 metres, Men (Olympic)",,,,,,,,,,metres | military | rifle,,NO,NO,NO,metres | military | rifle,,0,"["""", false, false, [], [], [], [""metres"", ""military"", ""rifle""]]",
554,"Tumbling, Men (Olympic)",,,,,,,,,,tumbling,,NO,NO,NO,tumbling,,0,"["""", false, false, [], [], [], [""tumbling""]]",
555,"Rope Climbing, Men (Intercalated)",gymnastics,artistic gymnastics,men,,,,,,,climbing | intercalated | rope,,NO,NO,NO,climbing | intercalated | rope,,0,"[""men"", false, false, [], [], [], [""climbing"", ""intercalated"", ""rope""]]",fuente1
556,"Decathlon, Men (Olympic)",,,,,,,,,,decathlon,,NO,NO,NO,decathlon,,0,"["""", false, false, [], [], [], [""decathlon""]]",
557,"Club Swinging, Men (Olympic)",,,,,,,,,,club | swinging,,NO,NO,NO,club | swinging,,0,"["""", false, false, [], [], [], [""club"", ""swinging""]]",
558,"Plain High, Men (Olympic)",,,,,,,,,,high | plain,,NO,NO,NO,high | plain,,0,"["""", false, false, [], [], [], [""high"", ""plain""]]",
559,Artistic Gymnastics (Gymnastics),,,,,,,,,,artistic | gymnastics | gymnastics,,NO,NO,NO,artistic | gymnastics | gymnastics,,0,"["""", false, false, [], [], [], [""artistic"", ""gymnastics"", ""gymnastics""]]",
560,"Team All-Around, Free System, Men (Olympic)",aquatics,diving,men,team,team,,,,,all | around | free | system,team,NO,NO,NO,all | around | free | system,team,0,"[""men"", false, false, [""team""], [], [], [""all"", ""around"", ""free"", ""system""]]",fuente1
561,"Standing Long Jump, Men (Olympic)",athletics,athletics,men,,,,,,,jump | long | standing,,NO,NO,NO,jump | long | standing,,0,"[""men"", false, false, [], [], [], [""jump"", ""long"", ""standing""]]",fuente1
562,"Standing Long Jump, Men (Olympic)",gymnastics,artistic gymnastics,men,,,,,,,jump | long | standing,,NO,NO,NO,jump | long | standing,,0,"[""men"", false, false, [], [], [], [""jump"", ""long"", ""standing""]]",fuente1
563,"Javelin Throw, Men (Olympic)",,,,,,,,,,javelin | throw,,NO,NO,NO,javelin | throw,,0,"["""", false, false, [], [], [], [""javelin"", ""throw""]]",
564,"Standing High Jump, Men (Intercalated)",athletics,athletics,men,,,,,,,high | intercalated | jump | standing,,NO,NO,NO,high | intercalated | jump | standing,,0,"[""men"", false, false, [], [], [], [""high"", ""intercalated"", ""jump"", ""standing""]]",fuente1
565,"Triple Jump, Men (Intercalated)",,,,,,,,,,intercalated | jump | triple,,NO,NO,NO,intercalated | jump | triple,,0,"["""", false, false, [], [], [], [""intercalated"", ""jump"", ""triple""]]",
566,"400 metres, Men (Olympic)",,,,,,,,,,metres,,NO,NO,NO,metres,,0,"["""", false, false, [], [], [], [""metres""]]",
567,"Discus Throw, Men (Olympic)",,,,,,,,,,discus | throw,,NO,NO,NO,discus | throw,,0,"["""", false, false, [], [], [], [""discus"", ""throw""]]",
568,"Tug-Of-War, Men (Intercalated)",,,,,,,,,,intercalated | of | tug | war,,NO,NO,NO,intercalated | of | tug | war,,0,"["""", false, false, [], [], [], [""intercalated"", ""of"", ""tug"", ""war""]]",
569,"Javelin Throw, Freestyle, Men (Intercalated)",,,,freestyle,,,,,,intercalated | javelin | throw,,NO,NO,NO,intercalated | javelin | throw,freestyle,0,"["""", false, false, [""freestyle""], [], [], [""intercalated"", ""javelin"", ""throw""]]",
570,Fencing,,,,,,,,,,fencing,,NO,NO,NO,fencing,,0,"["""", false, false, [], [], [], [""fencing""]]",
571,"Sabre, Individual, Men (Olympic)",,,,individual,,individual,,,,sabre,individual,NO,NO,NO,sabre,individual,0,"["""", false, false, [""individual""], [], [], [""sabre""]]",
572,"110 metres Hurdles, Men (Olympic)",,,,,,,,,,hurdles | metres,,NO,NO,NO,hurdles | metres,,0,"["""", false, false, [], [], [], [""hurdles"", ""metres""]]",
573,"Platform, Men (Intercalated)",,,,,,,,,,intercalated | platform,,NO,NO,NO,intercalated | platform,,0,"["""", false, false, [], [], [], [""intercalated"", ""platform""]]",
574,Tug-Of-War,,,,,,,,,,of | tug | war,,NO,NO,NO,of | tug | war,,0,"["""", false, false, [], [], [], [""of"", ""tug"", ""war""]]",
575,"Tug-Of-War, Men (Intercalated)",,,,,,,,,,intercalated | of | tug | war,,NO,NO,NO,intercalated | of | tug | war,,0,"["""", false, false, [], [], [], [""intercalated"", ""of"", ""tug"", ""war""]]",
576,Artistic Gymnastics (Gymnastics),,,,,,,,,,artistic | gymnastics | gymnastics,,NO,NO,NO,artistic | gymnastics | gymnastics,,0,"["""", false, false, [], [], [], [""artistic"", ""gymnastics"", ""gymnastics""]]",
577,"Team All-Around, Men (Olympic)",fencing,fencing,men,team,team,,,,,all | around,team,NO,NO,NO,all | around,team,0,"[""men"", false, false, [""team""], [], [], [""all"", ""around""]]",fuente1
578,"Individual All-Around, 4 Events, Men (Olympic)",gymnastics,artistic gymnastics,men,individual,,individual,,,,all | around,individual,NO,NO,NO,all | around,individual,0,"[""men"", false, false, [""individual""], [], [], [""all"", ""around""]]",fuente1
579,"Individual All-Around, Men (Olympic (non-medal))",gymnastics,artistic gymnastics,men,individual,,individual,,,,all | around | medal,individual,NO,YES,NO,all | around | medal,individual,0,"[""men"", false, true, [""individual""], [], [], [""all"", ""around"", ""medal""]]",fuente1
580,"Horse Vault, Men (Olympic (non-medal))",gymnastics,artistic gymnastics,men,,,,,,,horse | medal | vault,,NO,YES,NO,horse | medal | vault,,0,"[""men"", false, true, [], [], [], [""horse"", ""medal"", ""vault""]]",fuente1
581,"Parallel Bars, Men (Olympic (non-medal))",gymnastics,artistic gymnastics,men,,,,,,,bars | medal | parallel,,NO,YES,NO,bars | medal | parallel,,0,"[""men"", false, true, [], [], [], [""bars"", ""medal"", ""parallel""]]",fuente1
582,"Side Horse, Men (Olympic (non-medal))",gymnastics,artistic gymnastics,men,,,,,,,horse | medal | side,,NO,YES,NO,horse | medal | side,,0,"[""men"", false, true, [], [], [], [""horse"", ""medal"", ""side""]]",fuente1
583,"Handball, Men (Olympic)",handball,handball,men,,,,,,,,,NO,NO,NO,,,0,"[""men"", false, false, [], [], [], []]",fuente1
584,Handball,,,,,,,,,,handball,,NO,NO,NO,handball,,0,"["""", false, false, [], [], [], [""handball""]]",
585,"Combined, Men (Olympic)",,,,combined,,,,,,,,NO,NO,NO,,combined,0,"["""", false, false, [""combined""], [], [], []]",
586,Cross Country Skiing (Skiing),,,,,,,,,,country | cross | skiing | skiing,,NO,NO,NO,country | cross | skiing | skiing,,0,"["""", false, false, [], [], [], [""country"", ""cross"", ""skiing"", ""skiing""]]",
587,"4 × 10 kilometres Relay, Men (Olympic)",,,,relay,team,,,,,kilometres | x,relay,NO,NO,NO,kilometres | x,relay,0,"["""", false, false, [""relay""], [], [], [""kilometres"", ""x""]]",
588,"Half-Middleweight, Women (Olympic)",judo,judo,women,,,,,,,half | middleweight,,NO,NO,NO,half | middleweight,,0,"[""women"", false, false, [], [], [], [""half"", ""middleweight""]]",fuente1
589,"Lightweight, Women (Olympic)",judo,judo,women,lightweight,,,,,,,,NO,NO,NO,,lightweight,0,"[""women"", false, false, [""lightweight""], [], [], []]",fuente1
590,"Heavyweight, Women (Olympic)",judo,judo,women,heavyweight,,,,,,,,NO,NO,NO,,heavyweight,0,"[""women"", false, false, [""heavyweight""], [], [], []]",fuente1
591,"Half-Heavyweight, Women (Olympic (non-medal))",judo,judo,women,heavyweight,,,,,,half | medal,,NO,YES,NO,half | medal,heavyweight,0,"[""women"", false, true, [""heavyweight""], [], [], [""half"", ""medal""]]",fuente1
592,"Half-Heavyweight, Women (Olympic)",judo,judo,women,heavyweight,,,,,,half,,NO,NO,NO,half,heavyweight,0,"[""women"", false, false, [""heavyweight""], [], [], [""half""]]",fuente1
593,"Lightweight, Women (Olympic (non-medal))",judo,judo,women,lightweight,,,,,,medal,,NO,YES,NO,medal,lightweight,0,"[""women"", false, true, [""lightweight""], [], [], [""medal""]]",fuente1
594,"Extra-Lightweight, Women (Olympic)",judo,judo,women,lightweight,,,,,,extra,,NO,NO,NO,extra,lightweight,0,"[""women"", false, false, [""lightweight""], [], [], [""extra""]]",fuente1
595,"Middleweight, Women (Olympic)",judo,judo,women,,,,,,,middleweight,,NO,NO,NO,middleweight,,0,"[""women"", false, false, [], [], [], [""middleweight""]]",fuente1
596,"Half-Middleweight, Women (Olympic (non-medal))",judo,judo,women,,,,,,,half | medal | middleweight,,NO,YES,NO,half | medal | middleweight,,0,"[""women"", false, true, [], [], [], [""half"", ""medal"", ""middleweight""]]",fuente1
597,"Half-Lightweight, Women (Olympic)",judo,judo,women,lightweight,,,,,,half,,NO,NO,NO,half,lightweight,0,"[""women"", false, false, [""lightweight""], [], [], [""half""]]",fuente1
598,"Half-Lightweight, Women (Olympic (non-medal))",judo,judo,women,lightweight,,,,,,half | medal,,NO,YES,NO,half | medal,lightweight,0,"[""women"", false, true, [""lightweight""], [], [], [""half"", ""medal""]]",fuente1
599,"Extra-Lightweight, Women (Olympic (non-medal))",judo,judo,women,lightweight,,,,,,extra | medal,,NO,YES,NO,extra | medal,lightweight,0,"[""women"", false, true, [""lightweight""], [], [], [""extra"", ""medal""]]",fuente1
600,"Middleweight, Women (Olympic (non-medal))",judo,judo,women,,,,,,,medal | middleweight,,NO,YES,NO,medal | middleweight,,0,"[""women"", false, true, [], [], [], [""medal"", ""middleweight""]]",fuente1
601,"Heavyweight, Freestyle, Women (Olympic)",wrestling,wrestling freestyle,women,freestyle,,,,,,,,NO,NO,NO,,freestyle | heavyweight,0,"[""women"", false, false, [""freestyle"", ""heavyweight""], [], [], []]",fuente1
602,"Heavyweight, Women (Olympic (non-medal))",judo,judo,women,heavyweight,,,,,,medal,,NO,YES,NO,medal,heavyweight,0,"[""women"", false, true, [""heavyweight""], [], [], [""medal""]]",fuente1
603,"Lightweight, Men (Olympic)",judo,judo,men,lightweight,,,,,,,,NO,NO,NO,,lightweight,0,"[""men"", false, false, [""lightweight""], [], [], []]",fuente1
604,"Half-Middleweight, Men (Olympic)",judo,judo,men,,,,,,,half | middleweight,,NO,NO,NO,half | middleweight,,0,"[""men"", false, false, [], [], [], [""half"", ""middleweight""]]",fuente1
605,"Half-Lightweight, Men (Olympic)",judo,judo,men,lightweight,,,,,,half,,NO,NO,NO,half,lightweight,0,"[""men"", false, false, [""lightweight""], [], [], [""half""]]",fuente1
606,"Open Class, Men (Olympic)",,,,,,,,,,class | open,,NO,NO,NO,class | open,,0,"["""", false, false, [], [], [], [""class"", ""open""]]",
607,"Extra-Lightweight, Men (Olympic)",judo,judo,men,lightweight,,,,,,extra,,NO,NO,NO,extra,lightweight,0,"[""men"", false, false, [""lightweight""], [], [], [""extra""]]",fuente1
608,"Middleweight, Men (Olympic)",judo,judo,men,,,,,,,middleweight,,NO,NO,NO,middleweight,,0,"[""men"", false, false, [], [], [], [""middleweight""]]",fuente1
609,"Half-Heavyweight, Men (Olympic)",judo,judo,men,heavyweight,,,,,,half,,NO,NO,NO,half,heavyweight,0,"[""men"", false, false, [""heavyweight""], [], [], [""half""]]",fuente1
610,"Heavyweight, Men (Olympic)",judo,judo,men,heavyweight,,,,,,,,NO,NO,NO,,heavyweight,0,"[""men"", false, false, [""heavyweight""], [], [], []]",fuente1
611,"Welterweight, Greco-Roman, Men (Olympic)",,,,,,,,,,greco | roman | welterweight,,NO,NO,NO,greco | roman | welterweight,,0,"["""", false, false, [], [], [], [""greco"", ""roman"", ""welterweight""]]",
612,"Welterweight, Freestyle, Men (Olympic)",,,,freestyle,,,,,,welterweight,,NO,NO,NO,welterweight,freestyle,0,"["""", false, false, [""freestyle""], [], [], [""welterweight""]]",
613,Shooting,,,,,,,,,,shooting,,NO,NO,NO,shooting,,0,"["""", false, false, [], [], [], [""shooting""]]",
614,"Rapid-Fire Pistol, 25 metres, Men (Olympic)",,,,,,,,,,fire | metres | pistol | rapid,,NO,NO,NO,fire | metres | pistol | rapid,,0,"["""", false, false, [], [], [], [""fire"", ""metres"", ""pistol"", ""rapid""]]",
615,"Military Ski Patrol, Men (Olympic)",skiing,military ski patrol,men,,,,,,,,,NO,NO,NO,,,0,"[""men"", false, false, [], [], [], []]",fuente1
616,"Sabre, Team, Men (Olympic)",modern pentathlon,modern pentathlon,men,team,team,,,,,sabre,team,NO,NO,NO,sabre,team,0,"[""men"", false, false, [""team""], [], [], [""sabre""]]",fuente1
617,"Individual, Men (Olympic)",skiing,nordic combined,men,individual,,individual,,,,,individual,NO,NO,NO,,individual,0,"[""men"", false, false, [""individual""], [], [], []]",fuente1
618,"Épée, Individual, Men (Olympic)",modern pentathlon,modern pentathlon,men,individual,,individual,,,,epee,individual,NO,NO,NO,epee,individual,0,"[""men"", false, false, [""individual""], [], [], [""epee""]]",fuente1
619,Athletics,,,,,,,,,,athletics,,NO,NO,NO,athletics,,0,"["""", false, false, [], [], [], [""athletics""]]",
620,"Pole Vault, Men (Olympic)",,,,,,,,,,pole | vault,,NO,NO,NO,pole | vault,,0,"["""", false, false, [], [], [], [""pole"", ""vault""]]",
621,Swimming (Aquatics),,,,,,,,,,aquatics | swimming,,NO,NO,NO,aquatics | swimming,,0,"["""", false, false, [], [], [], [""aquatics"", ""swimming""]]",
622,"200 metres Breaststroke, Men (Olympic)",,,,,,,,,,breaststroke | metres,,NO,NO,NO,breaststroke | metres,,0,"["""", false, false, [], [], [], [""breaststroke"", ""metres""]]",
623,"400 metres Breaststroke, Men (Olympic)",,,,,,,,,,breaststroke | metres,,NO,NO,NO,breaststroke | metres,,0,"["""", false, false, [], [], [], [""breaststroke"", ""metres""]]",
624,"Rapid-Fire Pistol, 25 metres, Men (Olympic)",,,,,,,,,,fire | metres | pistol | rapid,,NO,NO,NO,fire | metres | pistol | rapid,,0,"["""", false, false, [], [], [], [""fire"", ""metres"", ""pistol"", ""rapid""]]",
625,Modern Pentathlon,,,,,,,,,,modern | pentathlon,,NO,NO,NO,modern | pentathlon,,0,"["""", false, false, [], [], [], [""modern"", ""pentathlon""]]",
626,"Double Sculls, Women (Olympic)",rowing,rowing,women,double,,,,,,sculls,double,NO,NO,NO,sculls,double,0,"[""women"", false, false, [""double""], [], [], [""sculls""]]",fuente1
627,"Coxless Pairs, Women (Olympic)",,,,coxless,,,,,coxless,pairs,,NO,NO,NO,pairs,coxless,0,"["""", false, false, [""coxless""], [], [], [""pairs""]]",
628,"Lightweight Double Sculls, Women (Olympic)",rowing,rowing,women,double,,,,,,sculls,double,NO,NO,NO,sculls,double | lightweight,0,"[""women"", false, false, [""double"", ""lightweight""], [], [], [""sculls""]]",fuente1
629,"Coxed Fours, Men (Olympic)",rowing,rowing,men,coxed,,,,,coxed,fours,,NO,NO,NO,fours,coxed,0,"[""men"", false, false, [""coxed""], [], [], [""fours""]]",fuente1
630,"Coxless Pairs, Men (Olympic)",,,,coxless,,,,,coxless,pairs,,NO,NO,NO,pairs,coxless,0,"["""", false, false, [""coxless""], [], [], [""pairs""]]",
631,"Coxless Fours, Men (Olympic)",rowing,rowing,men,coxless,,,,,coxless,fours,,NO,NO,NO,fours,coxless,0,"[""men"", false, false, [""coxless""], [], [], [""fours""]]",fuente1
632,"Coxed Pairs, Men (Olympic)",,,,coxed,,,,,coxed,pairs,,NO,NO,NO,pairs,coxed,0,"["""", false, false, [""coxed""], [], [], [""pairs""]]",
633,"Quadruple Sculls, Men (Olympic)",rowing,rowing,men,,,,,,,quadruple | sculls,,NO,NO,NO,quadruple | sculls,,0,"[""men"", false, false, [], [], [], [""quadruple"", ""sculls""]]",fuente1
634,"Single Sculls, Men (Olympic)",rowing,rowing,men,single,,,,,,sculls,single,NO,NO,NO,sculls,single,0,"[""men"", false, false, [""single""], [], [], [""sculls""]]",fuente1
635,"Double Sculls, Men (Olympic)",rowing,rowing,men,double,,,,,,sculls,double,NO,NO,NO,sculls,double,0,"[""men"", false, false, [""double""], [], [], [""sculls""]]",fuente1
636,"Lightweight Coxless Fours, Men (Olympic)",rowing,rowing,men,coxless,,,,,coxless,fours,,NO,NO,NO,fours,coxless | lightweight,0,"[""men"", false, false, [""coxless"", ""lightweight""], [], [], [""fours""]]",fuente1
637,"Lightweight Double Sculls, Men (Olympic)",rowing,rowing,men,double,,,,,,sculls,double,NO,NO,NO,sculls,double | lightweight,0,"[""men"", false, false, [""double"", ""lightweight""], [], [], [""sculls""]]",fuente1
638,"Coxed Fours, Women (Olympic)",,,,coxed,,,,,coxed,fours,,NO,NO,NO,fours,coxed,0,"["""", false, false, [""coxed""], [], [], [""fours""]]",
639,"Eights, Women (Olympic)",,,,,,,,,,eights,,NO,NO,NO,eights,,0,"["""", false, false, [], [], [], [""eights""]]",
640,"Coxless Fours, Women (Olympic)",,,,coxless,,,,,coxless,fours,,NO,NO,NO,fours,coxless,0,"["""", false, false, [""coxless""], [], [], [""fours""]]",
641,"Quadruple Sculls, Women (Olympic)",rowing,rowing,women,,,,,,,quadruple | sculls,,NO,NO,NO,quadruple | sculls,,0,"[""women"", false, false, [], [], [], [""quadruple"", ""sculls""]]",fuente1
642,"Coxed Fours, Outriggers, Men (Olympic)",rowing,rowing,men,coxed,,,,,coxed,fours | outriggers,,NO,NO,NO,fours | outriggers,coxed,0,"[""men"", false, false, [""coxed""], [], [], [""fours"", ""outriggers""]]",fuente1
643,"Coxless Fours, Boys (Olympic (non-medal))",,,,coxless,,,,,coxless,boys | fours | medal,,NO,YES,NO,boys | fours | medal,coxless,0,"["""", false, true, [""coxless""], [], [], [""boys"", ""fours"", ""medal""]]",
644,"Eights, Boys (Olympic (non-medal))",,,,,,,,,,boys | eights | medal,,NO,YES,NO,boys | eights | medal,,0,"["""", false, true, [], [], [], [""boys"", ""eights"", ""medal""]]",
645,Rowing,,,,,,,,,,rowing,,NO,NO,NO,rowing,,0,"["""", false, false, [], [], [], [""rowing""]]",
646,"Eights, Men (Olympic)",,,,,,,,,,eights,,NO,NO,NO,eights,,0,"["""", false, false, [], [], [], [""eights""]]",
647,"Coxless Pairs, Boys (Olympic (non-medal))",,,,coxless,,,,,coxless,boys | medal | pairs,,NO,YES,NO,boys | medal | pairs,coxless,0,"["""", false, true, [""coxless""], [], [], [""boys"", ""medal"", ""pairs""]]",
648,"Literature, Lyric Works, Open (Olympic)",,,,,,,,,,literature | lyric | open | works,,NO,NO,NO,literature | lyric | open | works,,0,"["""", false, false, [], [], [], [""literature"", ""lyric"", ""open"", ""works""]]",
649,"Water Polo, Men (Olympic)",aquatics,water polo,men,,,,,,,,,NO,NO,NO,,,0,"[""men"", false, false, [], [], [], []]",fuente1
650,Water Polo (Aquatics),,,,,,,,,,aquatics | polo | water,,NO,NO,NO,aquatics | polo | water,,0,"["""", false, false, [], [], [], [""aquatics"", ""polo"", ""water""]]",
651,"Water Polo, Men (Olympic)",,,,,,,,,,polo | water,,NO,NO,NO,polo | water,,0,"["""", false, false, [], [], [], [""polo"", ""water""]]",
652,"Coxed Quadruple Sculls, Women (Olympic)",rowing,rowing,women,coxed,,,,,coxed,quadruple | sculls,,NO,NO,NO,quadruple | sculls,coxed,0,"[""women"", false, false, [""coxed""], [], [], [""quadruple"", ""sculls""]]",fuente1
653,"Coxed Fours, Inriggers, Men (Olympic)",rowing,rowing,men,coxed,,,,,coxed,fours | inriggers,,NO,NO,NO,fours | inriggers,coxed,0,"[""men"", false, false, [""coxed""], [], [], [""fours"", ""inriggers""]]",fuente1
654,"Savate, Men (Olympic (non-medal))",,,,,,,,,,medal | savate,,NO,YES,NO,medal | savate,,0,"["""", false, true, [], [], [], [""medal"", ""savate""]]",
655,"Single Sculls, Association, Men (Olympic (non-medal))",,,,single,,,,,,association | medal | sculls,single,NO,YES,NO,association | medal | sculls,single,0,"["""", false, true, [""single""], [], [], [""association"", ""medal"", ""sculls""]]",
656,"200 metres Breaststroke, Men (Olympic)",,,,,,,,,,breaststroke | metres,,NO,NO,NO,breaststroke | metres,,0,"["""", false, false, [], [], [], [""breaststroke"", ""metres""]]",
657,"Sculpturing, Medals And Reliefs, Open (Olympic)",,,,,,,,,,and | medals | open | reliefs | sculpturing,,NO,NO,NO,and | medals | open | reliefs | sculpturing,,0,"["""", false, false, [], [], [], [""and"", ""medals"", ""open"", ""reliefs"", ""sculpturing""]]",
658,"Sculpturing, Statues, Open (Olympic)",,,,,,,,,,open | sculpturing | statues,,NO,NO,NO,open | sculpturing | statues,,0,"["""", false, false, [], [], [], [""open"", ""sculpturing"", ""statues""]]",
659,"Sculpturing, Unknown Event, Open (Olympic)",,,,,,,,,,open | sculpturing | unknown,,NO,NO,NO,open | sculpturing | unknown,,0,"["""", false, false, [], [], [], [""open"", ""sculpturing"", ""unknown""]]",
660,Art Competitions,,,,,,,,,,art,,NO,NO,NO,art,,0,"["""", false, false, [], [], [], [""art""]]",
661,"Painting, Graphic Arts, Open (Olympic)",,,,,,,,,,arts | graphic | open | painting,,NO,NO,NO,arts | graphic | open | painting,,0,"["""", false, false, [], [], [], [""arts"", ""graphic"", ""open"", ""painting""]]",
662,"Coxless Fours, Intermediate, Men (Olympic (non-medal))",rowing,rowing,men,coxless,,,,,coxless,fours | intermediate | medal,,NO,YES,NO,fours | intermediate | medal,coxless,0,"[""men"", false, true, [""coxless""], [], [], [""fours"", ""intermediate"", ""medal""]]",fuente1
663,"Coxless Fours, Men (Olympic (non-medal))",rowing,rowing,men,coxless,,,,,coxless,fours | medal,,NO,YES,NO,fours | medal,coxless,0,"[""men"", false, true, [""coxless""], [], [], [""fours"", ""medal""]]",fuente1
664,"Coxless Pairs, Intermediate, Men (Olympic (non-medal))",,,,coxless,,,,,coxless,intermediate | medal | pairs,,NO,YES,NO,intermediate | medal | pairs,coxless,0,"["""", false, true, [""coxless""], [], [], [""intermediate"", ""medal"", ""pairs""]]",
665,"Two Person Keelboat, Open (Olympic)",,,,,,,,,,keelboat | open | person | two,,NO,NO,NO,keelboat | open | person | two,,0,"["""", false, false, [], [], [], [""keelboat"", ""open"", ""person"", ""two""]]",
666,"Double Sculls, Intermediate, Men (Olympic (non-medal))",,,,double,,,,,,intermediate | medal | sculls,double,NO,YES,NO,intermediate | medal | sculls,double,0,"["""", false, true, [""double""], [], [], [""intermediate"", ""medal"", ""sculls""]]",
667,"Eights, Intermediate, Men (Olympic (non-medal))",,,,,,,,,,eights | intermediate | medal,,NO,YES,NO,eights | intermediate | medal,,0,"["""", false, true, [], [], [], [""eights"", ""intermediate"", ""medal""]]",
668,"Air Rifle, 10 metres, Women (Olympic)",,,,,,,,,,air | metres | rifle,,NO,NO,NO,air | metres | rifle,,0,"["""", false, false, [], [], [], [""air"", ""metres"", ""rifle""]]",
669,"Trap, Open (Olympic)",,,,,,,,,,open | trap,,NO,NO,NO,open | trap,,0,"["""", false, false, [], [], [], [""open"", ""trap""]]",
670,"Trap, Men (Olympic)",shooting,shooting,men,,,,,,,trap,,NO,NO,NO,trap,,0,"[""men"", false, false, [], [], [], [""trap""]]",fuente1
671,"Double Trap, Men (Olympic)",shooting,shooting,men,double,,,,,,trap,double,NO,NO,NO,trap,double,0,"[""men"", false, false, [""double""], [], [], [""trap""]]",fuente1
672,"Air Pistol, 10 metres, Women (Olympic)",,,,,,,,,,air | metres | pistol,,NO,NO,NO,air | metres | pistol,,0,"["""", false, false, [], [], [], [""air"", ""metres"", ""pistol""]]",
673,"Sporting Pistol, 25 metres, Women (Olympic)",,,,,,,,,,metres | pistol | sporting,,NO,NO,NO,metres | pistol | sporting,,0,"["""", false, false, [], [], [], [""metres"", ""pistol"", ""sporting""]]",
674,"Free Pistol, 50 metres, Open (Olympic)",,,,,,,,,,free | metres | open | pistol,,NO,NO,NO,free | metres | open | pistol,,0,"["""", false, false, [], [], [], [""free"", ""metres"", ""open"", ""pistol""]]",
675,"Small-Bore Rifle, Three Positions, 50 metres, Women (Olympic)",shooting,shooting,women,,,,,,,bore | metres | positions | rifle | small | three,,NO,NO,NO,bore | metres | positions | rifle | small | three,,0,"[""women"", false, false, [], [], [], [""bore"", ""metres"", ""positions"", ""rifle"", ""small"", ""three""]]",fuente1
676,"Free Pistol, 50 metres, Men (Olympic)",shooting,shooting,men,,,,,,,free | metres | pistol,,NO,NO,NO,free | metres | pistol,,0,"[""men"", false, false, [], [], [], [""free"", ""metres"", ""pistol""]]",fuente1
677,"Small-Bore Rifle, Prone, 50 metres, Men (Olympic)",shooting,shooting,men,,,,,,,bore | metres | prone | rifle | small,,NO,NO,NO,bore | metres | prone | rifle | small,,0,"[""men"", false, false, [], [], [], [""bore"", ""metres"", ""prone"", ""rifle"", ""small""]]",fuente1
678,"Small-Bore Rifle, Three Positions, 50 metres, Men (Olympic)",shooting,shooting,men,,,,,,,bore | metres | positions | rifle | small | three,,NO,NO,NO,bore | metres | positions | rifle | small | three,,0,"[""men"", false, false, [], [], [], [""bore"", ""metres"", ""positions"", ""rifle"", ""small"", ""three""]]",fuente1
679,"Rapid-Fire Pistol, 25 metres, Open (Olympic)",,,,,,,,,,fire | metres | open | pistol | rapid,,NO,NO,NO,fire | metres | open | pistol | rapid,,0,"["""", false, false, [], [], [], [""fire"", ""metres"", ""open"", ""pistol"", ""rapid""]]",
680,"Small-Bore Rifle, Three Positions, 50 metres, Open (Olympic)",,,,,,,,,,bore | metres | open | positions | rifle | small | three,,NO,NO,NO,bore | metres | open | positions | rifle | small | three,,0,"["""", false, false, [], [], [], [""bore"", ""metres"", ""open"", ""positions"", ""rifle"", ""small"", ""three""]]",
681,"Skeet, Men (Olympic)",shooting,shooting,men,,,,,,,skeet,,NO,NO,NO,skeet,,0,"[""men"", false, false, [], [], [], [""skeet""]]",fuente1
682,"Running Target, 50 metres, Open (Olympic)",,,,,,,,,,metres | open | running | target,,NO,NO,NO,metres | open | running | target,,0,"["""", false, false, [], [], [], [""metres"", ""open"", ""running"", ""target""]]",
683,"Skeet, Open (Olympic)",,,,,,,,,,open | skeet,,NO,NO,NO,open | skeet,,0,"["""", false, false, [], [], [], [""open"", ""skeet""]]",
684,"Air Rifle, 10 metres, Men (Olympic)",,,,,,,,,,air | metres | rifle,,NO,NO,NO,air | metres | rifle,,0,"["""", false, false, [], [], [], [""air"", ""metres"", ""rifle""]]",
685,"Air Pistol, 10 metres, Men (Olympic)",,,,,,,,,,air | metres | pistol,,NO,NO,NO,air | metres | pistol,,0,"["""", false, false, [], [], [], [""air"", ""metres"", ""pistol""]]",
686,"Double Trap, Women (Olympic)",shooting,shooting,women,double,,,,,,trap,double,NO,NO,NO,trap,double,0,"[""women"", false, false, [""double""], [], [], [""trap""]]",fuente1
687,"Trap, Women (Olympic)",shooting,shooting,women,,,,,,,trap,,NO,NO,NO,trap,,0,"[""women"", false, false, [], [], [], [""trap""]]",fuente1
688,"Running Target, Single and Double Shot, Men (Olympic)",shooting,shooting,men,double,,,,,,and | running | target,double | single,NO,NO,NO,and | running | target,double | shot | single,0,"[""men"", false, false, [""double"", ""shot"", ""single""], [], [], [""and"", ""running"", ""target""]]",fuente1
689,"Small-Bore Rifle, Prone, 50 and 100 yards, Men (Olympic)",shooting,shooting,men,,,,,,,and | bore | prone | rifle | small | yards,,NO,NO,NO,and | bore | prone | rifle | small | yards,,0,"[""men"", false, false, [], [], [], [""and"", ""bore"", ""prone"", ""rifle"", ""small"", ""yards""]]",fuente1
690,"Small-Bore Rifle, Disappearing Target, 25 yards, Men (Olympic)",shooting,shooting,men,,,,,,,bore | disappearing | rifle | small | target | yards,,NO,NO,NO,bore | disappearing | rifle | small | target | yards,,0,"[""men"", false, false, [], [], [], [""bore"", ""disappearing"", ""rifle"", ""small"", ""target"", ""yards""]]",fuente1
691,"Small-Bore Rifle, Moving Target, 25 yards, Men (Olympic)",shooting,shooting,men,,,,,,,bore | moving | rifle | small | target | yards,,NO,NO,NO,bore | moving | rifle | small | target | yards,,0,"[""men"", false, false, [], [], [], [""bore"", ""moving"", ""rifle"", ""small"", ""target"", ""yards""]]",fuente1
692,"Running Target, 50 metres, Men (Olympic)",,,,,,,,,,metres | running | target,,NO,NO,NO,metres | running | target,,0,"["""", false, false, [], [], [], [""metres"", ""running"", ""target""]]",
693,"Running Target, 10 metres, Men (Olympic)",,,,,,,,,,metres | running | target,,NO,NO,NO,metres | running | target,,0,"["""", false, false, [], [], [], [""metres"", ""running"", ""target""]]",
694,"100 metres Freestyle, Men (Intercalated)",aquatics,swimming,men,freestyle,,,,,,intercalated | metres,,NO,NO,NO,intercalated | metres,freestyle,0,"[""men"", false, false, [""freestyle""], [], [], [""intercalated"", ""metres""]]",fuente1
695,"400 metres Freestyle, Men (Intercalated)",aquatics,swimming,men,freestyle,,,,,,intercalated | metres,,NO,NO,NO,intercalated | metres,freestyle,0,"[""men"", false, false, [""freestyle""], [], [], [""intercalated"", ""metres""]]",fuente1
696,"1 mile Freestyle, Men (Intercalated)",aquatics,swimming,men,freestyle,,,,,,intercalated | mile,,NO,NO,NO,intercalated | mile,freestyle,0,"[""men"", false, false, [""freestyle""], [], [], [""intercalated"", ""mile""]]",fuente1
697,"4 × 250 metres Freestyle Relay, Men (Intercalated)",,,,freestyle,team,,,,,intercalated | metres | x,relay,NO,NO,NO,intercalated | metres | x,freestyle | relay,0,"["""", false, false, [""freestyle"", ""relay""], [], [], [""intercalated"", ""metres"", ""x""]]",
698,"Free Pistol, 50 metres, Men (Olympic)",modern pentathlon,modern pentathlon,men,,,,,,,free | metres | pistol,,NO,NO,NO,free | metres | pistol,,0,"[""men"", false, false, [], [], [], [""free"", ""metres"", ""pistol""]]",fuente1
699,"Dueling Pistol, 30 metres, Men (Olympic)",modern pentathlon,modern pentathlon,men,,,,,,,dueling | metres | pistol,,NO,NO,NO,dueling | metres | pistol,,0,"[""men"", false, false, [], [], [], [""dueling"", ""metres"", ""pistol""]]",fuente1
700,"Military Rifle, Three Positions, 300 metres, Men (Olympic)",shooting,shooting,men,,,,,,,metres | military | positions | rifle | three,,NO,NO,NO,metres | military | positions | rifle | three,,0,"[""men"", false, false, [], [], [], [""metres"", ""military"", ""positions"", ""rifle"", ""three""]]",fuente1
701,"Military Rifle, Any Position, 600 metres, Men (Olympic)",shooting,shooting,men,,,,,,,any | metres | military | position | rifle,,NO,NO,NO,any | metres | military | position | rifle,,0,"[""men"", false, false, [], [], [], [""any"", ""metres"", ""military"", ""position"", ""rifle""]]",fuente1
702,"Dueling Pistol, 30 metres, Men (Olympic)",shooting,shooting,men,,,,,,,dueling | metres | pistol,,NO,NO,NO,dueling | metres | pistol,,0,"[""men"", false, false, [], [], [], [""dueling"", ""metres"", ""pistol""]]",fuente1
703,"Free Pistol, 50 metres, Men (Intercalated)",shooting,shooting,men,,,,,,,free | intercalated | metres | pistol,,NO,NO,NO,free | intercalated | metres | pistol,,0,"[""men"", false, false, [], [], [], [""free"", ""intercalated"", ""metres"", ""pistol""]]",fuente1
704,"Military Revolver, 1873-1874 Gras Model, 20 metres, Men (Intercalated)",shooting,shooting,men,,,,,,,gras | intercalated | metres | military | model | revolver,,NO,NO,NO,gras | intercalated | metres | military | model | revolver,,0,"[""men"", false, false, [], [], [], [""gras"", ""intercalated"", ""metres"", ""military"", ""model"", ""revolver""]]",fuente1
705,"Military Revolver, 20 metres, Men (Intercalated)",shooting,shooting,men,,,,,,,intercalated | metres | military | revolver,,NO,NO,NO,intercalated | metres | military | revolver,,0,"[""men"", false, false, [], [], [], [""intercalated"", ""metres"", ""military"", ""revolver""]]",fuente1
706,"Dueling Pistol Au Visé 20 metres, Men (Intercalated)",,,,,,,,,,au | dueling | intercalated | metres | pistol | vise,,NO,NO,NO,au | dueling | intercalated | metres | pistol | vise,,0,"["""", false, false, [], [], [], [""au"", ""dueling"", ""intercalated"", ""metres"", ""pistol"", ""vise""]]",
707,"Dueling Pistol Au Commandement, 25 metres, Men (Intercalated)",,,,,,,,,,au | commandement | dueling | intercalated | metres | pistol,,NO,NO,NO,au | commandement | dueling | intercalated | metres | pistol,,0,"["""", false, false, [], [], [], [""au"", ""commandement"", ""dueling"", ""intercalated"", ""metres"", ""pistol""]]",
708,"Free Rifle, Any Position, 300 metres, Men (Intercalated)",shooting,shooting,men,,,,,,,any | free | intercalated | metres | position | rifle,,NO,NO,NO,any | free | intercalated | metres | position | rifle,,0,"[""men"", false, false, [], [], [], [""any"", ""free"", ""intercalated"", ""metres"", ""position"", ""rifle""]]",fuente1
709,"Military Rifle, 1873-1874 Gras Model, Kneeling Or Standing, 200 metres, Men (Intercalated)",,,,,,,,,,gras | intercalated | kneeling | metres | military | model | or | rifle | standing,,NO,NO,NO,gras | intercalated | kneeling | metres | military | model | or | rifle | standing,,0,"["""", false, false, [], [], [], [""gras"", ""intercalated"", ""kneeling"", ""metres"", ""military"", ""model"", ""or"", ""rifle"", ""standing""]]",
710,"Military Rifle, Kneeling Or Standing, 300 metres, Men (Intercalated)",shooting,shooting,men,,,,,,,intercalated | kneeling | metres | military | or | rifle | standing,,NO,NO,NO,intercalated | kneeling | metres | military | or | rifle | standing,,0,"[""men"", false, false, [], [], [], [""intercalated"", ""kneeling"", ""metres"", ""military"", ""or"", ""rifle"", ""standing""]]",fuente1
711,"Free Pistol, 50 metres, Team, Men (Olympic)",shooting,shooting,men,team,team,,,,,free | metres | pistol,team,NO,NO,NO,free | metres | pistol,team,0,"[""men"", false, false, [""team""], [], [], [""free"", ""metres"", ""pistol""]]",fuente1
712,"Free Rifle, Prone, 600 metres, Men (Olympic)",,,,,,,,,,free | metres | prone | rifle,,NO,NO,NO,free | metres | prone | rifle,,0,"["""", false, false, [], [], [], [""free"", ""metres"", ""prone"", ""rifle""]]",
713,"Free Rifle, 400, 600 and 800 metres, Team, Men (Olympic)",shooting,shooting,men,team,team,,,,,and | free | metres | rifle,team,NO,NO,NO,and | free | metres | rifle,team,0,"[""men"", false, false, [""team""], [], [], [""and"", ""free"", ""metres"", ""rifle""]]",fuente1
714,"Small-Bore Rifle, Standing, 50 metres, Men (Olympic)",shooting,shooting,men,,,,,,,bore | metres | rifle | small | standing,,NO,NO,NO,bore | metres | rifle | small | standing,,0,"[""men"", false, false, [], [], [], [""bore"", ""metres"", ""rifle"", ""small"", ""standing""]]",fuente1
715,"Smal-Bore Rifle, Standing, 50 metres, Team, Men (Olympic)",,,,team,team,,,,,bore | metres | rifle | smal | standing,team,NO,NO,NO,bore | metres | rifle | smal | standing,team,0,"["""", false, false, [""team""], [], [], [""bore"", ""metres"", ""rifle"", ""smal"", ""standing""]]",
716,"Military Pistol, Team, Men (Olympic)",,,,team,team,,,,,military | pistol,team,NO,NO,NO,military | pistol,team,0,"["""", false, false, [""team""], [], [], [""military"", ""pistol""]]",
717,"Free Rifle, Kneeling, 300 metres, Men (Olympic)",,,,,,,,,,free | kneeling | metres | rifle,,NO,NO,NO,free | kneeling | metres | rifle,,0,"["""", false, false, [], [], [], [""free"", ""kneeling"", ""metres"", ""rifle""]]",
718,"Free Rifle, Prone, 300 metres, Men (Olympic)",,,,,,,,,,free | metres | prone | rifle,,NO,NO,NO,free | metres | prone | rifle,,0,"["""", false, false, [], [], [], [""free"", ""metres"", ""prone"", ""rifle""]]",
719,"Free Rifle, Standing, 300 metres, Men (Olympic)",,,,,,,,,,free | metres | rifle | standing,,NO,NO,NO,free | metres | rifle | standing,,0,"["""", false, false, [], [], [], [""free"", ""metres"", ""rifle"", ""standing""]]",
720,"Free Pistol, 50 yards, Team, Men (Olympic)",shooting,shooting,men,team,team,,,,,free | pistol | yards,team,NO,NO,NO,free | pistol | yards,team,0,"[""men"", false, false, [""team""], [], [], [""free"", ""pistol"", ""yards""]]",fuente1
721,"Military Pistol, 30 metres, Men (Olympic)",,,,,,,,,,metres | military | pistol,,NO,NO,NO,metres | military | pistol,,0,"["""", false, false, [], [], [], [""metres"", ""military"", ""pistol""]]",
722,"Free Rifle, 1,000 yards, Men (Olympic)",,,,,,,,,,free | rifle | yards,,NO,NO,NO,free | rifle | yards,,0,"["""", false, false, [], [], [], [""free"", ""rifle"", ""yards""]]",
723,"Military Rifle, 200/500/600/800/900/1,000 yards, Team, Men (Olympic)",shooting,shooting,men,team,team,,,,,military | rifle | yards,team,NO,NO,NO,military | rifle | yards,team,0,"[""men"", false, false, [""team""], [], [], [""military"", ""rifle"", ""yards""]]",fuente1
724,"Skeet, Women (Olympic)",shooting,shooting,women,,,,,,,skeet,,NO,NO,NO,skeet,,0,"[""women"", false, false, [], [], [], [""skeet""]]",fuente1
725,"Free Rifle, Three Positions, 300 metres, Open (Olympic)",,,,,,,,,,free | metres | open | positions | rifle | three,,NO,NO,NO,free | metres | open | positions | rifle | three,,0,"["""", false, false, [], [], [], [""free"", ""metres"", ""open"", ""positions"", ""rifle"", ""three""]]",
726,"Military Rifle, Prone, 300 metres, Men (Olympic)",shooting,shooting,men,,,,,,,metres | military | prone | rifle,,NO,NO,NO,metres | military | prone | rifle,,0,"[""men"", false, false, [], [], [], [""metres"", ""military"", ""prone"", ""rifle""]]",fuente1
727,"Military Rifle, 200, 400, 500 and 600 metres, Team, Men (Olympic)",shooting,shooting,men,team,team,,,,,and | metres | military | rifle,team,NO,NO,NO,and | metres | military | rifle,team,0,"[""men"", false, false, [""team""], [], [], [""and"", ""metres"", ""military"", ""rifle""]]",fuente1
728,"Small-Bore Rifle, Prone, 50 metres, Team, Men (Olympic)",shooting,shooting,men,team,team,,,,,bore | metres | prone | rifle | small,team,NO,NO,NO,bore | metres | prone | rifle | small,team,0,"[""men"", false, false, [""team""], [], [], [""bore"", ""metres"", ""prone"", ""rifle"", ""small""]]",fuente1
729,"Small-Bore Rifle, Any Position, 50 metres, Men (Olympic)",shooting,shooting,men,,,,,,,any | bore | metres | position | rifle | small,,NO,NO,NO,any | bore | metres | position | rifle | small,,0,"[""men"", false, false, [], [], [], [""any"", ""bore"", ""metres"", ""position"", ""rifle"", ""small""]]",fuente1
730,"Small-Bore Rifle, Disappearing Target, 25 metres, Men (Olympic)",shooting,shooting,men,,,,,,,bore | disappearing | metres | rifle | small | target,,NO,NO,NO,bore | disappearing | metres | rifle | small | target,,0,"[""men"", false, false, [], [], [], [""bore"", ""disappearing"", ""metres"", ""rifle"", ""small"", ""target""]]",fuente1
731,Shooting,,,,,,,,,,shooting,,NO,NO,NO,shooting,,0,"["""", false, false, [], [], [], [""shooting""]]",
732,"Free Rifle, Any Position, 300 metres, Men (Olympic)",,,,,,,,,,any | free | metres | position | rifle,,NO,NO,NO,any | free | metres | position | rifle,,0,"["""", false, false, [], [], [], [""any"", ""free"", ""metres"", ""position"", ""rifle""]]",
733,"Military Rifle, 200 metres, Men (Olympic)",athletics,athletics,men,,,,,,,metres | military | rifle,,NO,NO,NO,metres | military | rifle,,0,"[""men"", false, false, [], [], [], [""metres"", ""military"", ""rifle""]]",fuente1
734,"Unlimited, One Hand, Men (Olympic)",athletics,athletics,men,,,,,,,hand | one | unlimited,,NO,NO,NO,hand | one | unlimited,,0,"[""men"", false, false, [], [], [], [""hand"", ""one"", ""unlimited""]]",fuente1
735,"Unlimited, Two Hands, Men (Olympic)",athletics,athletics,men,,,,,,,hands | two | unlimited,,NO,NO,NO,hands | two | unlimited,,0,"[""men"", false, false, [], [], [], [""hands"", ""two"", ""unlimited""]]",fuente1
736,"Rapid-Fire Pistol, 25 metres, Men (Olympic)",,,,,,,,,,fire | metres | pistol | rapid,,NO,NO,NO,fire | metres | pistol | rapid,,0,"["""", false, false, [], [], [], [""fire"", ""metres"", ""pistol"", ""rapid""]]",
737,"Military Ski Patrol, Men (Olympic (non-medal))",skiing,military ski patrol,men,,,,,,,medal,,NO,YES,NO,medal,,0,"[""men"", false, true, [], [], [], [""medal""]]",fuente1
738,"Skeleton, Men (Olympic)",bobsleigh,skeleton,men,,,,,,,,,NO,NO,NO,,,0,"[""men"", false, false, [], [], [], []]",fuente1
739,"Free Pistol, 25 metres, Men (Intercalated)",,,,,,,,,,free | intercalated | metres | pistol,,NO,NO,NO,free | intercalated | metres | pistol,,0,"["""", false, false, [], [], [], [""free"", ""intercalated"", ""metres"", ""pistol""]]",
740,"Free Rifle, Three Positions, 300 metres, Team, Men (Intercalated)",shooting,shooting,men,team,team,,,,,free | intercalated | metres | positions | rifle | three,team,NO,NO,NO,free | intercalated | metres | positions | rifle | three,team,0,"[""men"", false, false, [""team""], [], [], [""free"", ""intercalated"", ""metres"", ""positions"", ""rifle"", ""three""]]",fuente1
741,"Trap, Single Shot, 16 metres, Men (Intercalated)",,,,shot,,,,,,intercalated | metres | trap,single,NO,NO,NO,intercalated | metres | trap,shot | single,0,"["""", false, false, [""shot"", ""single""], [], [], [""intercalated"", ""metres"", ""trap""]]",
742,"Trap, Double Shot, 14 metres, Men (Intercalated)",,,,double,,,,,,intercalated | metres | trap,double,NO,NO,NO,intercalated | metres | trap,double | shot,0,"["""", false, false, [""double"", ""shot""], [], [], [""intercalated"", ""metres"", ""trap""]]",
743,"Dueling Pistol, 30 metres, Team, Men (Olympic)",shooting,shooting,men,team,team,,,,,dueling | metres | pistol,team,NO,NO,NO,dueling | metres | pistol,team,0,"[""men"", false, false, [""team""], [], [], [""dueling"", ""metres"", ""pistol""]]",fuente1
744,"Trap, Men (Olympic)",,,,,,,,,,trap,,NO,NO,NO,trap,,0,"["""", false, false, [], [], [], [""trap""]]",
745,"26th Federal Festival, Society and Association Contests, Non-Simultaneous, Shooting Championships, Honorary Members and Associates, Men (Olympic (non-medal))",,,,,,,,,,26th | and | and | associates | association | championships | contests | federal | festival | honorary | medal | members | non | shooting | simultaneous | society,,NO,YES,NO,26th | and | and | associates | association | championships | contests | federal | festival | honorary | medal | members | non | shooting | simultaneous | society,,0,"["""", false, true, [], [], [], [""26th"", ""and"", ""and"", ""associates"", ""association"", ""championships"", ""contests"", ""federal"", ""festival"", ""honorary"", ""medal"", ""members"", ""non"", ""shooting"", ""simultaneous"", ""society""]]",
746,"Free Pistol, 50 metres, Team, Men (Olympic)",modern pentathlon,modern pentathlon,men,team,team,,,,,free | metres | pistol,team,NO,NO,NO,free | metres | pistol,team,0,"[""men"", false, false, [""team""], [], [], [""free"", ""metres"", ""pistol""]]",fuente1
747,"Dueling Pistol, 30 metres, Team, Men (Olympic)",modern pentathlon,modern pentathlon,men,team,team,,,,,dueling | metres | pistol,team,NO,NO,NO,dueling | metres | pistol,team,0,"[""men"", false, false, [""team""], [], [], [""dueling"", ""metres"", ""pistol""]]",fuente1
748,"Military Pistol, 25 metres, Men (Olympic)",,,,,,,,,,metres | military | pistol,,NO,NO,NO,metres | military | pistol,,0,"["""", false, false, [], [], [], [""metres"", ""military"", ""pistol""]]",
749,"Muzzle-Loading Pistol, 25 metres, Men (Olympic)",,,,,,,,,,loading | metres | muzzle | pistol,,NO,NO,NO,loading | metres | muzzle | pistol,,0,"["""", false, false, [], [], [], [""loading"", ""metres"", ""muzzle"", ""pistol""]]",
750,"Free Rifle, Any Position, 300 metres, Men (Olympic)",shooting,shooting,men,,,,,,,any | free | metres | position | rifle,,NO,NO,NO,any | free | metres | position | rifle,,0,"[""men"", false, false, [], [], [], [""any"", ""free"", ""metres"", ""position"", ""rifle""]]",fuente1
751,"Military Rifle, 200 metres, Men (Olympic)",shooting,shooting,men,,,,,,,metres | military | rifle,,NO,NO,NO,metres | military | rifle,,0,"[""men"", false, false, [], [], [], [""metres"", ""military"", ""rifle""]]",fuente1
752,"Small-Bore Rifle, Disappearing Target, 25 metres, Team, Men (Olympic)",shooting,shooting,men,team,team,,,,,bore | disappearing | metres | rifle | small | target,team,NO,NO,NO,bore | disappearing | metres | rifle | small | target,team,0,"[""men"", false, false, [""team""], [], [], [""bore"", ""disappearing"", ""metres"", ""rifle"", ""small"", ""target""]]",fuente1
753,"Free Pistol, 30 metres, Men (Olympic)",,,,,,,,,,free | metres | pistol,,NO,NO,NO,free | metres | pistol,,0,"["""", false, false, [], [], [], [""free"", ""metres"", ""pistol""]]",
754,"17-Man Naval Rowing Boats, Men (Intercalated)",,,,,,,,,,boats | intercalated | man | naval | rowing,,NO,NO,NO,boats | intercalated | man | naval | rowing,,0,"["""", false, false, [], [], [], [""boats"", ""intercalated"", ""man"", ""naval"", ""rowing""]]",
755,"Team, Women (Olympic)",,,,team,team,,,,,,team,NO,NO,NO,,team,0,"["""", false, false, [""team""], [], [], []]",
756,"Architecture, Further Entries, Open (Olympic)",,,,,,,,,,architecture | entries | further | open,,NO,NO,NO,architecture | entries | further | open,,0,"["""", false, false, [], [], [], [""architecture"", ""entries"", ""further"", ""open""]]",
757,Fencing,,,,,,,,,,fencing,,NO,NO,NO,fencing,,0,"["""", false, false, [], [], [], [""fencing""]]",
758,"Sabre, Individual, Men (Olympic)",,,,individual,,individual,,,,sabre,individual,NO,NO,NO,sabre,individual,0,"["""", false, false, [""individual""], [], [], [""sabre""]]",
759,"Rapid-Fire Pistol, 25 metres, Men (Olympic)",,,,,,,,,,fire | metres | pistol | rapid,,NO,NO,NO,fire | metres | pistol | rapid,,0,"["""", false, false, [], [], [], [""fire"", ""metres"", ""pistol"", ""rapid""]]",
760,"Small-Bore Rifle, Prone, 50 metres, Men (Olympic)",,,,,,,,,,bore | metres | prone | rifle | small,,NO,NO,NO,bore | metres | prone | rifle | small,,0,"["""", false, false, [], [], [], [""bore"", ""metres"", ""prone"", ""rifle"", ""small""]]",
761,"Free Pistol, 50 yards, Men (Olympic)",fencing,fencing,men,,,,,,,free | pistol | yards,,NO,NO,NO,free | pistol | yards,,0,"[""men"", false, false, [], [], [], [""free"", ""pistol"", ""yards""]]",fuente1
762,"Free Pistol, 50 yards, Team, Men (Olympic)",fencing,fencing,men,team,team,,,,,free | pistol | yards,team,NO,NO,NO,free | pistol | yards,team,0,"[""men"", false, false, [""team""], [], [], [""free"", ""pistol"", ""yards""]]",fuente1
763,"Small-Bore Rifle, 50 and 100 yards, Team, Men (Olympic)",,,,team,team,,,,,and | bore | rifle | small | yards,team,NO,NO,NO,and | bore | rifle | small | yards,team,0,"["""", false, false, [""team""], [], [], [""and"", ""bore"", ""rifle"", ""small"", ""yards""]]",
764,"Small-Bore Rifle, Disappearing Target, 25 yards, Men (Olympic)",,,,,,,,,,bore | disappearing | rifle | small | target | yards,,NO,NO,NO,bore | disappearing | rifle | small | target | yards,,0,"["""", false, false, [], [], [], [""bore"", ""disappearing"", ""rifle"", ""small"", ""target"", ""yards""]]",
765,"Small-Bore Rifle, Moving Target, 25 yards, Men (Olympic)",,,,,,,,,,bore | moving | rifle | small | target | yards,,NO,NO,NO,bore | moving | rifle | small | target | yards,,0,"["""", false, false, [], [], [], [""bore"", ""moving"", ""rifle"", ""small"", ""target"", ""yards""]]",
766,"Free Pistol, 50 metres, Men (Olympic)",fencing,fencing,men,,,,,,,free | metres | pistol,,NO,NO,NO,free | metres | pistol,,0,"[""men"", false, false, [], [], [], [""free"", ""metres"", ""pistol""]]",fuente1
767,"Free Pistol, 50 metres, Team, Men (Olympic)",fencing,fencing,men,team,team,,,,,free | metres | pistol,team,NO,NO,NO,free | metres | pistol,team,0,"[""men"", false, false, [""team""], [], [], [""free"", ""metres"", ""pistol""]]",fuente1
768,"Dueling Pistol, 30 metres, Men (Olympic)",fencing,fencing,men,,,,,,,dueling | metres | pistol,,NO,NO,NO,dueling | metres | pistol,,0,"[""men"", false, false, [], [], [], [""dueling"", ""metres"", ""pistol""]]",fuente1
769,"Small-Bore Rifle, Any Position, 50 metres, Men (Olympic)",,,,,,,,,,any | bore | metres | position | rifle | small,,NO,NO,NO,any | bore | metres | position | rifle | small,,0,"["""", false, false, [], [], [], [""any"", ""bore"", ""metres"", ""position"", ""rifle"", ""small""]]",
770,"Small-Bore Rifle, Prone, 50 metres, Team, Men (Olympic)",,,,team,team,,,,,bore | metres | prone | rifle | small,team,NO,NO,NO,bore | metres | prone | rifle | small,team,0,"["""", false, false, [""team""], [], [], [""bore"", ""metres"", ""prone"", ""rifle"", ""small""]]",
771,"Small-Bore Rifle, Disappearing Target, 25 metres, Men (Olympic)",fencing,fencing,men,,,,,,,bore | disappearing | metres | rifle | small | target,,NO,NO,NO,bore | disappearing | metres | rifle | small | target,,0,"[""men"", false, false, [], [], [], [""bore"", ""disappearing"", ""metres"", ""rifle"", ""small"", ""target""]]",fuente1
772,"Small-Bore Rifle, Disappearing Target, 25 metres, Team, Men (Olympic)",fencing,fencing,men,team,team,,,,,bore | disappearing | metres | rifle | small | target,team,NO,NO,NO,bore | disappearing | metres | rifle | small | target,team,0,"[""men"", false, false, [""team""], [], [], [""bore"", ""disappearing"", ""metres"", ""rifle"", ""small"", ""target""]]",fuente1
773,Art Competitions,,,,,,,,,,art,,NO,NO,NO,art,,0,"["""", false, false, [], [], [], [""art""]]",
774,"Sculpturing, Open (Olympic)",,,,,,,,,,open | sculpturing,,NO,NO,NO,open | sculpturing,,0,"["""", false, false, [], [], [], [""open"", ""sculpturing""]]",
775,"100 metres Backstroke, Women (Olympic)",,,,,,,,,,backstroke | metres,,NO,NO,NO,backstroke | metres,,0,"["""", false, false, [], [], [], [""backstroke"", ""metres""]]",
776,"Solo, Women (Olympic)",,,,,,,,,,solo,,NO,NO,NO,solo,,0,"["""", false, false, [], [], [], [""solo""]]",
777,"Duet, Women (Olympic)",,,,,,,,,,duet,,NO,NO,NO,duet,,0,"["""", false, false, [], [], [], [""duet""]]",
778,"50 metres Freestyle, Men (Olympic)",,,,freestyle,,,,,,metres,,NO,NO,NO,metres,freestyle,0,"["""", false, false, [""freestyle""], [], [], [""metres""]]",
779,"200 metres Freestyle, Men (Olympic)",aquatics,swimming,men,freestyle,,,,,,metres,,NO,NO,NO,metres,freestyle,0,"[""men"", false, false, [""freestyle""], [], [], [""metres""]]",fuente1
780,"100 metres Breaststroke, Men (Olympic)",,,,,,,,,,breaststroke | metres,,NO,NO,NO,breaststroke | metres,,0,"["""", false, false, [], [], [], [""breaststroke"", ""metres""]]",
781,"4 × 200 metres Freestyle Relay, Men (Olympic)",aquatics,swimming,men,freestyle,team,,,,,metres | x,relay,NO,NO,NO,metres | x,freestyle | relay,0,"[""men"", false, false, [""freestyle"", ""relay""], [], [], [""metres"", ""x""]]",fuente1
782,"1,500 metres Freestyle, Men (Olympic)",aquatics,swimming,men,freestyle,,,,,,metres,,NO,NO,NO,metres,freestyle,0,"[""men"", false, false, [""freestyle""], [], [], [""metres""]]",fuente1
783,"100 metres Butterfly, Men (Olympic)",,,,,,,,,,butterfly | metres,,NO,NO,NO,butterfly | metres,,0,"["""", false, false, [], [], [], [""butterfly"", ""metres""]]",
784,"200 metres Butterfly, Men (Olympic)",,,,,,,,,,butterfly | metres,,NO,NO,NO,butterfly | metres,,0,"["""", false, false, [], [], [], [""butterfly"", ""metres""]]",
785,"200 metres Individual Medley, Women (Olympic)",,,,individual,,individual,,,,medley | metres,individual,NO,NO,NO,medley | metres,individual,0,"["""", false, false, [""individual""], [], [], [""medley"", ""metres""]]",
786,"100 metres Breaststroke, Women (Olympic)",,,,,,,,,,breaststroke | metres,,NO,NO,NO,breaststroke | metres,,0,"["""", false, false, [], [], [], [""breaststroke"", ""metres""]]",
787,"200 metres Breaststroke, Women (Olympic)",,,,,,,,,,breaststroke | metres,,NO,NO,NO,breaststroke | metres,,0,"["""", false, false, [], [], [], [""breaststroke"", ""metres""]]",
788,"100 metres Freestyle, Women (Olympic)",aquatics,swimming,women,freestyle,,,,,,metres,,NO,NO,NO,metres,freestyle,0,"[""women"", false, false, [""freestyle""], [], [], [""metres""]]",fuente1
789,"50 metres Freestyle, Women (Olympic)",,,,freestyle,,,,,,metres,,NO,NO,NO,metres,freestyle,0,"["""", false, false, [""freestyle""], [], [], [""metres""]]",
790,"100 metres Butterfly, Women (Olympic)",,,,,,,,,,butterfly | metres,,NO,NO,NO,butterfly | metres,,0,"["""", false, false, [], [], [], [""butterfly"", ""metres""]]",
791,"4 × 100 metres Medley Relay, Men (Olympic)",,,,relay,team,,,,,medley | metres | x,relay,NO,NO,NO,medley | metres | x,relay,0,"["""", false, false, [""relay""], [], [], [""medley"", ""metres"", ""x""]]",
792,"100 metres Backstroke, Men (Olympic)",,,,,,,,,,backstroke | metres,,NO,NO,NO,backstroke | metres,,0,"["""", false, false, [], [], [], [""backstroke"", ""metres""]]",
793,"4 × 200 metres Freestyle Relay, Women (Olympic)",aquatics,swimming,women,freestyle,team,,,,,metres | x,relay,NO,NO,NO,metres | x,freestyle | relay,0,"[""women"", false, false, [""freestyle"", ""relay""], [], [], [""metres"", ""x""]]",fuente1
794,"4 × 100 metres Medley Relay, Women (Olympic)",,,,relay,team,,,,,medley | metres | x,relay,NO,NO,NO,medley | metres | x,relay,0,"["""", false, false, [""relay""], [], [], [""medley"", ""metres"", ""x""]]",
795,"400 metres Individual Medley, Women (Olympic)",,,,individual,,individual,,,,medley | metres,individual,NO,NO,NO,medley | metres,individual,0,"["""", false, false, [""individual""], [], [], [""medley"", ""metres""]]",
796,"400 metres Freestyle, Women (Olympic)",,,,freestyle,,,,,,metres,,NO,NO,NO,metres,freestyle,0,"["""", false, false, [""freestyle""], [], [], [""metres""]]",
797,"800 metres Freestyle, Women (Olympic)",,,,freestyle,,,,,,metres,,NO,NO,NO,metres,freestyle,0,"["""", false, false, [""freestyle""], [], [], [""metres""]]",
798,"4 × 100 metres Freestyle Relay, Women (Olympic)",aquatics,swimming,women,freestyle,team,,,,,metres | x,relay,NO,NO,NO,metres | x,freestyle | relay,0,"[""women"", false, false, [""freestyle"", ""relay""], [], [], [""metres"", ""x""]]",fuente1
799,"200 metres Backstroke, Women (Olympic)",,,,,,,,,,backstroke | metres,,NO,NO,NO,backstroke | metres,,0,"["""", false, false, [], [], [], [""backstroke"", ""metres""]]",
800,"200 metres Freestyle, Women (Olympic)",aquatics,swimming,women,freestyle,,,,,,metres,,NO,NO,NO,metres,freestyle,0,"[""women"", false, false, [""freestyle""], [], [], [""metres""]]",fuente1
801,"200 metres Butterfly, Women (Olympic)",,,,,,,,,,butterfly | metres,,NO,NO,NO,butterfly | metres,,0,"["""", false, false, [], [], [], [""butterfly"", ""metres""]]",
802,"200 metres Backstroke, Men (Olympic)",,,,,,,,,,backstroke | metres,,NO,NO,NO,backstroke | metres,,0,"["""", false, false, [], [], [], [""backstroke"", ""metres""]]",
803,"200 metres Individual Medley, Men (Olympic)",,,,individual,,individual,,,,medley | metres,individual,NO,NO,NO,medley | metres,individual,0,"["""", false, false, [""individual""], [], [], [""medley"", ""metres""]]",
804,"400 metres Individual Medley, Men (Olympic)",,,,individual,,individual,,,,medley | metres,individual,NO,NO,NO,medley | metres,individual,0,"["""", false, false, [""individual""], [], [], [""medley"", ""metres""]]",
805,"Plain High, Women (Olympic)",,,,,,,,,,high | plain,,NO,NO,NO,high | plain,,0,"["""", false, false, [], [], [], [""high"", ""plain""]]",
806,Swimming (Aquatics),,,,,,,,,,aquatics | swimming,,NO,NO,NO,aquatics | swimming,,0,"["""", false, false, [], [], [], [""aquatics"", ""swimming""]]",
807,"100 metres Freestyle, Women (Olympic)",aquatics,diving,women,freestyle,,,,,,metres,,NO,NO,NO,metres,freestyle,0,"[""women"", false, false, [""freestyle""], [], [], [""metres""]]",fuente1
808,"300 metres Freestyle, Women (Olympic)",,,,freestyle,,,,,,metres,,NO,NO,NO,metres,freestyle,0,"["""", false, false, [""freestyle""], [], [], [""metres""]]",
809,"Synchronized Springboard, Women (Olympic)",aquatics,diving,women,,,,,,,springboard | synchronized,,NO,NO,NO,springboard | synchronized,,0,"[""women"", false, false, [], [], [], [""springboard"", ""synchronized""]]",fuente1
810,"4 × 100 metres Freestyle Relay, Men (Olympic)",aquatics,swimming,men,freestyle,team,,,,,metres | x,relay,NO,NO,NO,metres | x,freestyle | relay,0,"[""men"", false, false, [""freestyle"", ""relay""], [], [], [""metres"", ""x""]]",fuente1
811,Diving (Aquatics),,,,,,,,,,aquatics | diving,,NO,NO,NO,aquatics | diving,,0,"["""", false, false, [], [], [], [""aquatics"", ""diving""]]",
812,"Springboard, Men (Olympic)",,,,,,,,,,springboard,,NO,NO,NO,springboard,,0,"["""", false, false, [], [], [], [""springboard""]]",
813,Swimming (Aquatics),,,,,,,,,,aquatics | swimming,,NO,NO,NO,aquatics | swimming,,0,"["""", false, false, [], [], [], [""aquatics"", ""swimming""]]",
814,"100 metres Freestyle, Men (Olympic)",,,,freestyle,,,,,,metres,,NO,NO,NO,metres,freestyle,0,"["""", false, false, [""freestyle""], [], [], [""metres""]]",
815,"400 metres Freestyle, Men (Olympic)",,,,freestyle,,,,,,metres,,NO,NO,NO,metres,freestyle,0,"["""", false, false, [""freestyle""], [], [], [""metres""]]",
816,"1,500 metres Freestyle, Men (Olympic)",,,,freestyle,,,,,,metres,,NO,NO,NO,metres,freestyle,0,"["""", false, false, [""freestyle""], [], [], [""metres""]]",
817,"4 × 200 metres Freestyle Relay, Men (Olympic)",,,,freestyle,team,,,,,metres | x,relay,NO,NO,NO,metres | x,freestyle | relay,0,"["""", false, false, [""freestyle"", ""relay""], [], [], [""metres"", ""x""]]",
818,"Springboard, Men (Olympic)",aquatics,diving,men,,,,,,,springboard,,NO,NO,NO,springboard,,0,"[""men"", false, false, [], [], [], [""springboard""]]",fuente1
819,"1,000 metres Freestyle, Men (Olympic)",,,,freestyle,,,,,,metres,,NO,NO,NO,metres,freestyle,0,"["""", false, false, [""freestyle""], [], [], [""metres""]]",
820,"200 metres Obstacle Course, Men (Olympic)",,,,,,,,,,course | metres | obstacle,,NO,NO,NO,course | metres | obstacle,,0,"["""", false, false, [], [], [], [""course"", ""metres"", ""obstacle""]]",
821,Wrestling,,,,,,,,,,wrestling,,NO,NO,NO,wrestling,,0,"["""", false, false, [], [], [], [""wrestling""]]",
822,"Welterweight, Freestyle, Men (Olympic)",,,,freestyle,,,,,,welterweight,,NO,NO,NO,welterweight,freestyle,0,"["""", false, false, [""freestyle""], [], [], [""welterweight""]]",
823,"400 metres Breaststroke, Men (Olympic)",,,,,,,,,,breaststroke | metres,,NO,NO,NO,breaststroke | metres,,0,"["""", false, false, [], [], [], [""breaststroke"", ""metres""]]",
824,"1,200 metres Freestyle, Men (Olympic)",aquatics,swimming,men,freestyle,,,,,,metres,,NO,NO,NO,metres,freestyle,0,"[""men"", false, false, [""freestyle""], [], [], [""metres""]]",fuente1
825,Swimming (Aquatics),,,,,,,,,,aquatics | swimming,,NO,NO,NO,aquatics | swimming,,0,"["""", false, false, [], [], [], [""aquatics"", ""swimming""]]",
826,"100 metres Freestyle, Men (Olympic)",,,,freestyle,,,,,,metres,,NO,NO,NO,metres,freestyle,0,"["""", false, false, [""freestyle""], [], [], [""metres""]]",
827,"400 metres Freestyle, Men (Olympic)",,,,freestyle,,,,,,metres,,NO,NO,NO,metres,freestyle,0,"["""", false, false, [""freestyle""], [], [], [""metres""]]",
828,"440 yards Freestyle, Men (Olympic)",,,,freestyle,,,,,,yards,,NO,NO,NO,yards,freestyle,0,"["""", false, false, [""freestyle""], [], [], [""yards""]]",
829,"880 yards Freestyle, Men (Olympic)",,,,freestyle,,,,,,yards,,NO,NO,NO,yards,freestyle,0,"["""", false, false, [""freestyle""], [], [], [""yards""]]",
830,"1 mile Freestyle, Men (Olympic)",aquatics,swimming,men,freestyle,,,,,,mile,,NO,NO,NO,mile,freestyle,0,"[""men"", false, false, [""freestyle""], [], [], [""mile""]]",fuente1
831,"200 metres Freestyle, Men (Olympic)",aquatics,water polo,men,freestyle,,,,,,metres,,NO,NO,NO,metres,freestyle,0,"[""men"", false, false, [""freestyle""], [], [], [""metres""]]",fuente1
832,"1,000 metres Freestyle, Men (Olympic)",,,,freestyle,,,,,,metres,,NO,NO,NO,metres,freestyle,0,"["""", false, false, [""freestyle""], [], [], [""metres""]]",
833,"4,000 metres Freestyle, Men (Olympic)",,,,freestyle,,,,,,metres,,NO,NO,NO,metres,freestyle,0,"["""", false, false, [""freestyle""], [], [], [""metres""]]",
834,"4 × 200 metres Freestyle Relay, Men (Olympic)",,,,freestyle,team,,,,,metres | x,relay,NO,NO,NO,metres | x,freestyle | relay,0,"["""", false, false, [""freestyle"", ""relay""], [], [], [""metres"", ""x""]]",
835,"100 metres Freestyle, Men (Olympic)",aquatics,diving,men,freestyle,,,,,,metres,,NO,NO,NO,metres,freestyle,0,"[""men"", false, false, [""freestyle""], [], [], [""metres""]]",fuente1
836,"100 metres Backstroke, Men (Olympic)",,,,,,,,,,backstroke | metres,,NO,NO,NO,backstroke | metres,,0,"["""", false, false, [], [], [], [""backstroke"", ""metres""]]",
837,"Synchronized Springboard, Men (Olympic)",aquatics,diving,men,,,,,,,springboard | synchronized,,NO,NO,NO,springboard | synchronized,,0,"[""men"", false, false, [], [], [], [""springboard"", ""synchronized""]]",fuente1
838,Rowing,,,,,,,,,,rowing,,NO,NO,NO,rowing,,0,"["""", false, false, [], [], [], [""rowing""]]",
839,Swimming (Aquatics),,,,,,,,,,aquatics | swimming,,NO,NO,NO,aquatics | swimming,,0,"["""", false, false, [], [], [], [""aquatics"", ""swimming""]]",
840,"100 metres Freestyle, Men (Olympic)",gymnastics,artistic gymnastics,men,freestyle,,,,,,metres,,NO,NO,NO,metres,freestyle,0,"[""men"", false, false, [""freestyle""], [], [], [""metres""]]",fuente1
841,"4 × 200 metres Freestyle Relay, Men (Olympic)",,,,freestyle,team,,,,,metres | x,relay,NO,NO,NO,metres | x,freestyle | relay,0,"["""", false, false, [""freestyle"", ""relay""], [], [], [""metres"", ""x""]]",
842,"200 metres Breaststroke, Men (Olympic)",,,,,,,,,,breaststroke | metres,,NO,NO,NO,breaststroke | metres,,0,"["""", false, false, [], [], [], [""breaststroke"", ""metres""]]",
843,"Underwater Swimming, Men (Olympic)",aquatics,swimming,men,,,,,,,underwater,,NO,NO,NO,underwater,,0,"[""men"", false, false, [], [], [], [""underwater""]]",fuente1
844,Fencing,,,,,,,,,,fencing,,NO,NO,NO,fencing,,0,"["""", false, false, [], [], [], [""fencing""]]",
845,"Foil, Individual, Men (Olympic)",,,,individual,,individual,,,,foil,individual,NO,NO,NO,foil,individual,0,"["""", false, false, [""individual""], [], [], [""foil""]]",
846,"Sabre, Individual, Men (Olympic)",,,,individual,,individual,,,,sabre,individual,NO,NO,NO,sabre,individual,0,"["""", false, false, [""individual""], [], [], [""sabre""]]",
847,"Free Pistol, 30 metres, Men (Olympic)",,,,,,,,,,free | metres | pistol,,NO,NO,NO,free | metres | pistol,,0,"["""", false, false, [], [], [], [""free"", ""metres"", ""pistol""]]",
848,"Military Pistol, 25 metres, Men (Olympic)",,,,,,,,,,metres | military | pistol,,NO,NO,NO,metres | military | pistol,,0,"["""", false, false, [], [], [], [""metres"", ""military"", ""pistol""]]",
849,"Muzzle-Loading Pistol, 25 metres, Men (Olympic)",,,,,,,,,,loading | metres | muzzle | pistol,,NO,NO,NO,loading | metres | muzzle | pistol,,0,"["""", false, false, [], [], [], [""loading"", ""metres"", ""muzzle"", ""pistol""]]",
850,Swimming (Aquatics),,,,,,,,,,aquatics | swimming,,NO,NO,NO,aquatics | swimming,,0,"["""", false, false, [], [], [], [""aquatics"", ""swimming""]]",
851,"100 metres Freestyle, Men (Olympic)",athletics,athletics,men,freestyle,,,,,,metres,,NO,NO,NO,metres,freestyle,0,"[""men"", false, false, [""freestyle""], [], [], [""metres""]]",fuente1
852,"500 metres Freestyle, Men (Olympic)",,,,freestyle,,,,,,metres,,NO,NO,NO,metres,freestyle,0,"["""", false, false, [""freestyle""], [], [], [""metres""]]",
853,"1,200 metres Freestyle, Men (Olympic)",athletics,athletics,men,freestyle,,,,,,metres,,NO,NO,NO,metres,freestyle,0,"[""men"", false, false, [""freestyle""], [], [], [""metres""]]",fuente1
854,"4 × 200 metres Freestyle Relay, Men (Olympic)",aquatics,water polo,men,freestyle,team,,,,,metres | x,relay,NO,NO,NO,metres | x,freestyle | relay,0,"[""men"", false, false, [""freestyle"", ""relay""], [], [], [""metres"", ""x""]]",fuente1
855,Modern Pentathlon,,,,,,,,,,modern | pentathlon,,NO,NO,NO,modern | pentathlon,,0,"["""", false, false, [], [], [], [""modern"", ""pentathlon""]]",
856,"Individual, Men (Olympic)",,,,individual,,individual,,,,,individual,NO,NO,NO,,individual,0,"["""", false, false, [""individual""], [], [], []]",
857,Art Competitions,,,,,,,,,,art,,NO,NO,NO,art,,0,"["""", false, false, [], [], [], [""art""]]",
858,"Architecture, Designs For Town Planning, Open (Olympic)",,,,,,,,,,architecture | designs | for | open | planning | town,,NO,NO,NO,architecture | designs | for | open | planning | town,,0,"["""", false, false, [], [], [], [""architecture"", ""designs"", ""for"", ""open"", ""planning"", ""town""]]",
859,"300 metres Freestyle, Women (Olympic)",,,,freestyle,,,,,,metres,,NO,NO,NO,metres,freestyle,0,"["""", false, false, [""freestyle""], [], [], [""metres""]]",
860,"4,000 metres Freestyle, Men (Olympic)",,,,freestyle,,,,,,metres,,NO,NO,NO,metres,freestyle,0,"["""", false, false, [""freestyle""], [], [], [""metres""]]",
861,"200 metres Team Swimming, Men (Olympic)",aquatics,swimming,men,team,team,,,,,metres,team,NO,NO,NO,metres,team,0,"[""men"", false, false, [""team""], [], [], [""metres""]]",fuente1
862,"Parallel Bars, Men (Olympic)",athletics,athletics,men,,,,,,,bars | parallel,,NO,NO,NO,bars | parallel,,0,"[""men"", false, false, [], [], [], [""bars"", ""parallel""]]",fuente1
863,"Team All-Around, Men (Olympic)",aquatics,diving,men,team,team,,,,,all | around,team,NO,NO,NO,all | around,team,0,"[""men"", false, false, [""team""], [], [], [""all"", ""around""]]",fuente1
864,"4 × 250 metres Freestyle Relay, Men (Intercalated)",,,,freestyle,team,,,,,intercalated | metres | x,relay,NO,NO,NO,intercalated | metres | x,freestyle | relay,0,"["""", false, false, [""freestyle"", ""relay""], [], [], [""intercalated"", ""metres"", ""x""]]",
865,"50 yards Freestyle, Men (Olympic)",aquatics,swimming,men,freestyle,,,,,,yards,,NO,NO,NO,yards,freestyle,0,"[""men"", false, false, [""freestyle""], [], [], [""yards""]]",fuente1
866,"4 × 50 yards Freestyle Relay, Men (Olympic)",aquatics,swimming,men,freestyle,team,,,,,x | yards,relay,NO,NO,NO,x | yards,freestyle | relay,0,"[""men"", false, false, [""freestyle"", ""relay""], [], [], [""x"", ""yards""]]",fuente1
867,"100 yards Backstroke, Men (Olympic)",,,,,,,,,,backstroke | yards,,NO,NO,NO,backstroke | yards,,0,"["""", false, false, [], [], [], [""backstroke"", ""yards""]]",
868,"440 yards Breaststroke, Men (Olympic)",,,,,,,,,,breaststroke | yards,,NO,NO,NO,breaststroke | yards,,0,"["""", false, false, [], [], [], [""breaststroke"", ""yards""]]",
869,"50 yards Freestyle, Men (Olympic)",aquatics,diving,men,freestyle,,,,,,yards,,NO,NO,NO,yards,freestyle,0,"[""men"", false, false, [""freestyle""], [], [], [""yards""]]",fuente1
870,"100 yards Freestyle, Men (Olympic)",,,,freestyle,,,,,,yards,,NO,NO,NO,yards,freestyle,0,"["""", false, false, [""freestyle""], [], [], [""yards""]]",
871,"440 yards Freestyle, Men (Olympic)",,,,freestyle,,,,,,yards,,NO,NO,NO,yards,freestyle,0,"["""", false, false, [""freestyle""], [], [], [""yards""]]",
872,"4 × 50 yards Freestyle Relay, Men (Olympic)",aquatics,diving,men,freestyle,team,,,,,x | yards,relay,NO,NO,NO,x | yards,freestyle | relay,0,"[""men"", false, false, [""freestyle"", ""relay""], [], [], [""x"", ""yards""]]",fuente1
873,"100 yards Backstroke, Men (Olympic)",,,,,,,,,,backstroke | yards,,NO,NO,NO,backstroke | yards,,0,"["""", false, false, [], [], [], [""backstroke"", ""yards""]]",
874,"440 yards Breaststroke, Men (Olympic)",,,,,,,,,,breaststroke | yards,,NO,NO,NO,breaststroke | yards,,0,"["""", false, false, [], [], [], [""breaststroke"", ""yards""]]",
875,"100 metres Freestyle, Men (Intercalated)",aquatics,diving,men,freestyle,,,,,,intercalated | metres,,NO,NO,NO,intercalated | metres,freestyle,0,"[""men"", false, false, [""freestyle""], [], [], [""intercalated"", ""metres""]]",fuente1
876,"400 metres Freestyle, Men (Intercalated)",aquatics,diving,men,freestyle,,,,,,intercalated | metres,,NO,NO,NO,intercalated | metres,freestyle,0,"[""men"", false, false, [""freestyle""], [], [], [""intercalated"", ""metres""]]",fuente1
877,"1 mile Freestyle, Men (Intercalated)",,,,freestyle,,,,,,intercalated | mile,,NO,NO,NO,intercalated | mile,freestyle,0,"["""", false, false, [""freestyle""], [], [], [""intercalated"", ""mile""]]",
878,"100 yards Freestyle, Men (Olympic)",,,,freestyle,,,,,,yards,,NO,NO,NO,yards,freestyle,0,"["""", false, false, [""freestyle""], [], [], [""yards""]]",
879,"220 yards Freestyle, Men (Olympic)",,,,freestyle,,,,,,yards,,NO,NO,NO,yards,freestyle,0,"["""", false, false, [""freestyle""], [], [], [""yards""]]",
880,"200 metres Team Swimming, Men (Olympic)",,,,team,team,,,,,metres | swimming,team,NO,NO,NO,metres | swimming,team,0,"["""", false, false, [""team""], [], [], [""metres"", ""swimming""]]",
881,"100 metres Freestyle For Sailors, Men (Olympic)",aquatics,swimming,men,freestyle,,,,,,for | metres | sailors,,NO,NO,NO,for | metres | sailors,freestyle,0,"[""men"", false, false, [""freestyle""], [], [], [""for"", ""metres"", ""sailors""]]",fuente1
882,"440 yards, Handicap, Men (Olympic (non-medal))",,,,,,,,,,handicap | medal | yards,,NO,YES,NO,handicap | medal | yards,,0,"["""", false, true, [], [], [], [""handicap"", ""medal"", ""yards""]]",
883,"400 metres Freestyle, Men (Olympic)",aquatics,diving,men,freestyle,,,,,,metres,,NO,NO,NO,metres,freestyle,0,"[""men"", false, false, [""freestyle""], [], [], [""metres""]]",fuente1
884,"1,500 metres Freestyle, Men (Olympic)",,,,freestyle,,,,,,metres,,NO,NO,NO,metres,freestyle,0,"["""", false, false, [""freestyle""], [], [], [""metres""]]",
885,"Olympic Distance, Women (Olympic)",,,,,,,,,,distance,,NO,NO,NO,distance,,0,"["""", false, false, [], [], [], [""distance""]]",
886,"200 metres Breaststroke, Women (Olympic)",,,,,,,,,,breaststroke | metres,,NO,NO,NO,breaststroke | metres,,0,"["""", false, false, [], [], [], [""breaststroke"", ""metres""]]",
887,"Water Polo, Women (Olympic (non-medal))",,,,,,,,,,medal | polo | water,,NO,YES,NO,medal | polo | water,,0,"["""", false, true, [], [], [], [""medal"", ""polo"", ""water""]]",
888,"Water Polo, Women (Olympic (non-medal))",aquatics,water polo,women,,,,,,,medal,,NO,YES,NO,medal,,0,"[""women"", false, true, [], [], [], [""medal""]]",fuente1
889,"400 metres Freestyle, Women (Olympic)",,,,freestyle,,,,,,metres,,NO,NO,NO,metres,freestyle,0,"["""", false, false, [""freestyle""], [], [], [""metres""]]",
890,"4 × 100 metres Freestyle Relay, Women (Olympic)",aquatics,diving,women,freestyle,team,,,,,metres | x,relay,NO,NO,NO,metres | x,freestyle | relay,0,"[""women"", false, false, [""freestyle"", ""relay""], [], [], [""metres"", ""x""]]",fuente1
891,Water Polo (Aquatics),,,,,,,,,,aquatics | polo | water,,NO,NO,NO,aquatics | polo | water,,0,"["""", false, false, [], [], [], [""aquatics"", ""polo"", ""water""]]",
892,"Water Polo, Men (Olympic)",,,,,,,,,,polo | water,,NO,NO,NO,polo | water,,0,"["""", false, false, [], [], [], [""polo"", ""water""]]",
893,Diving (Aquatics),,,,,,,,,,aquatics | diving,,NO,NO,NO,aquatics | diving,,0,"["""", false, false, [], [], [], [""aquatics"", ""diving""]]",
894,"Platform, Men (Intercalated)",,,,,,,,,,intercalated | platform,,NO,NO,NO,intercalated | platform,,0,"["""", false, false, [], [], [], [""intercalated"", ""platform""]]",
895,"100 metres Freestyle, Men (Intercalated)",athletics,athletics,men,freestyle,,,,,,intercalated | metres,,NO,NO,NO,intercalated | metres,freestyle,0,"[""men"", false, false, [""freestyle""], [], [], [""intercalated"", ""metres""]]",fuente1
896,"200 metres Breaststroke, Men (Olympic)",,,,,,,,,,breaststroke | metres,,NO,NO,NO,breaststroke | metres,,0,"["""", false, false, [], [], [], [""breaststroke"", ""metres""]]",
897,"1,500 metres Freestyle, Men (Olympic)",,,,freestyle,,,,,,metres,,NO,NO,NO,metres,freestyle,0,"["""", false, false, [""freestyle""], [], [], [""metres""]]",
898,"100 metres Backstroke, Women (Olympic)",,,,,,,,,,backstroke | metres,,NO,NO,NO,backstroke | metres,,0,"["""", false, false, [], [], [], [""backstroke"", ""metres""]]",
899,"Individual, Women (Olympic)",modern pentathlon,modern pentathlon,women,individual,,individual,,,,,individual,NO,NO,NO,,individual,0,"[""women"", false, false, [""individual""], [], [], []]",fuente1
900,"Plunge For Distance, Men (Olympic)",,,,,,,,,,distance | for | plunge,,NO,NO,NO,distance | for | plunge,,0,"["""", false, false, [], [], [], [""distance"", ""for"", ""plunge""]]",
901,"880 yards, Handicap, Men (Olympic (non-medal))",,,,,,,,,,handicap | medal | yards,,NO,YES,NO,handicap | medal | yards,,0,"["""", false, true, [], [], [], [""handicap"", ""medal"", ""yards""]]",
902,"220 yards, Handicap, Men (Olympic (non-medal))",,,,,,,,,,handicap | medal | yards,,NO,YES,NO,handicap | medal | yards,,0,"["""", false, true, [], [], [], [""handicap"", ""medal"", ""yards""]]",
903,"1 mile, Handicap, Men (Olympic (non-medal))",,,,,,,,,,handicap | medal | mile,,NO,YES,NO,handicap | medal | mile,,0,"["""", false, true, [], [], [], [""handicap"", ""medal"", ""mile""]]",
904,"880 yards, Handicap, Men (Olympic (non-medal))",,,,,,,,,,handicap | medal | yards,,NO,YES,NO,handicap | medal | yards,,0,"["""", false, true, [], [], [], [""handicap"", ""medal"", ""yards""]]",
905,"100 yards, Handicap, Men (Olympic (non-medal))",,,,,,,,,,handicap | medal | yards,,NO,YES,NO,handicap | medal | yards,,0,"["""", false, true, [], [], [], [""handicap"", ""medal"", ""yards""]]",
906,"Beach Volleyball, Men (Olympic)",volleyball,beach volleyball,men,,,,,,,,,NO,NO,NO,,,0,"[""men"", false, false, [], [], [], []]",fuente1
907,"Beach Volleyball, Women (Olympic)",volleyball,beach volleyball,women,,,,,,,,,NO,NO,NO,,,0,"[""women"", false, false, [], [], [], []]",fuente1
908,"Volleyball, Women (Olympic)",volleyball,volleyball,women,,,,,,,,,NO,NO,NO,,,0,"[""women"", false, false, [], [], [], []]",fuente1
909,"Volleyball, Men (Olympic)",volleyball,volleyball,men,,,,,,,,,NO,NO,NO,,,0,"[""men"", false, false, [], [], [], []]",fuente1
910,"100 metres Backstroke, Men (Olympic)",,,,,,,,,,backstroke | metres,,NO,NO,NO,backstroke | metres,,0,"["""", false, false, [], [], [], [""backstroke"", ""metres""]]",
911,"200 metres Breaststroke, Men (Olympic)",,,,,,,,,,breaststroke | metres,,NO,NO,NO,breaststroke | metres,,0,"["""", false, false, [], [], [], [""breaststroke"", ""metres""]]",
912,"200 metres Backstroke, Men (Olympic)",,,,,,,,,,backstroke | metres,,NO,NO,NO,backstroke | metres,,0,"["""", false, false, [], [], [], [""backstroke"", ""metres""]]",
913,"200 metres Obstacle Course, Men (Olympic)",,,,,,,,,,course | metres | obstacle,,NO,NO,NO,course | metres | obstacle,,0,"["""", false, false, [], [], [], [""course"", ""metres"", ""obstacle""]]",
914,Water Polo (Aquatics),,,,,,,,,,aquatics | polo | water,,NO,NO,NO,aquatics | polo | water,,0,"["""", false, false, [], [], [], [""aquatics"", ""polo"", ""water""]]",
915,"Water Polo, Men (Olympic)",,,,,,,,,,polo | water,,NO,NO,NO,polo | water,,0,"["""", false, false, [], [], [], [""polo"", ""water""]]",
916,Football (Football),,,,,,,,,,football | football,,NO,NO,NO,football | football,,0,"["""", false, false, [], [], [], [""football"", ""football""]]",
917,"Football, Men (Olympic)",,,,,,,,,,football,,NO,NO,NO,football,,0,"["""", false, false, [], [], [], [""football""]]",
918,"Bantamweight, Men (Olympic)",,,,,,,,,,bantamweight,,NO,NO,NO,bantamweight,,0,"["""", false, false, [], [], [], [""bantamweight""]]",
919,"Middle-Heavyweight, Men (Olympic)",weightlifting,weightlifting,men,heavyweight,,,,,,middle,,NO,NO,NO,middle,heavyweight,0,"[""men"", false, false, [""heavyweight""], [], [], [""middle""]]",fuente1
920,"Lightweight, Men (Olympic)",,,,lightweight,,,,,,,,NO,NO,NO,,lightweight,0,"["""", false, false, [""lightweight""], [], [], []]",
921,"Middleweight, Men (Olympic)",,,,,,,,,,middleweight,,NO,NO,NO,middleweight,,0,"["""", false, false, [], [], [], [""middleweight""]]",
922,"Light-Heavyweight, Men (Olympic)",weightlifting,weightlifting,men,heavyweight,,,,,,light,,NO,NO,NO,light,heavyweight,0,"[""men"", false, false, [""heavyweight""], [], [], [""light""]]",fuente1
923,"Heavyweight II, Men (Olympic)",weightlifting,weightlifting,men,heavyweight,,,,,,ii,,NO,NO,NO,ii,heavyweight,0,"[""men"", false, false, [""heavyweight""], [], [], [""ii""]]",fuente1
924,"Heavyweight I, Men (Olympic)",weightlifting,weightlifting,men,heavyweight,,,,,,i,,NO,NO,NO,i,heavyweight,0,"[""men"", false, false, [""heavyweight""], [], [], [""i""]]",fuente1
925,"Heavyweight, Men (Olympic)",weightlifting,weightlifting,men,heavyweight,,,,,,,,NO,NO,NO,,heavyweight,0,"[""men"", false, false, [""heavyweight""], [], [], []]",fuente1
926,"Super-Heavyweight, Men (Olympic)",weightlifting,weightlifting,men,heavyweight,,,,,,super,,NO,NO,NO,super,heavyweight,0,"[""men"", false, false, [""heavyweight""], [], [], [""super""]]",fuente1
927,"Long Jump, Women (Olympic)",athletics,athletics,women,,,,,,,jump | long,,NO,NO,NO,jump | long,,0,"[""women"", false, false, [], [], [], [""jump"", ""long""]]",fuente1
928,"4 × 100 metres Relay, Women (Olympic)",athletics,athletics,women,relay,team,,,,,metres | x,relay,NO,NO,NO,metres | x,relay,0,"[""women"", false, false, [""relay""], [], [], [""metres"", ""x""]]",fuente1
929,"Flyweight, Men (Olympic)",,,,,,,,,,flyweight,,NO,NO,NO,flyweight,,0,"["""", false, false, [], [], [], [""flyweight""]]",
930,Wrestling,,,,,,,,,,wrestling,,NO,NO,NO,wrestling,,0,"["""", false, false, [], [], [], [""wrestling""]]",
931,"Light-Heavyweight, Freestyle, Men (Olympic)",weightlifting,weightlifting,men,freestyle,,,,,,light,,NO,NO,NO,light,freestyle | heavyweight,0,"[""men"", false, false, [""freestyle"", ""heavyweight""], [], [], [""light""]]",fuente1
932,"Unlimited, One Hand, Men (Olympic)",weightlifting,weightlifting,men,,,,,,,hand | one | unlimited,,NO,NO,NO,hand | one | unlimited,,0,"[""men"", false, false, [], [], [], [""hand"", ""one"", ""unlimited""]]",fuente1
933,"Rope Climbing, Men ()",gymnastics,artistic gymnastics,men,,,,,,,climbing | rope,,NO,NO,NO,climbing | rope,,0,"[""men"", false, false, [], [], [], [""climbing"", ""rope""]]",fuente1
934,"Light-Heavyweight, Freestyle, Men (Olympic)",wrestling,wrestling freestyle,men,freestyle,,,,,,light,,NO,NO,NO,light,freestyle | heavyweight,0,"[""men"", false, false, [""freestyle"", ""heavyweight""], [], [], [""light""]]",fuente1
935,"Lightweight, Freestyle, Men (Olympic)",,,,freestyle,,,,,,,,NO,NO,NO,,freestyle | lightweight,0,"["""", false, false, [""freestyle"", ""lightweight""], [], [], []]",
936,"20 kilometres Race Walk, Women (Olympic)",,,,,,,,,,kilometres | race | walk,,NO,NO,NO,kilometres | race | walk,,0,"["""", false, false, [], [], [], [""kilometres"", ""race"", ""walk""]]",
937,"Featherweight, Greco-Roman, Men (Olympic)",,,,,,,,,,featherweight | greco | roman,,NO,NO,NO,featherweight | greco | roman,,0,"["""", false, false, [], [], [], [""featherweight"", ""greco"", ""roman""]]",
938,Athletics,,,,,,,,,,athletics,,NO,NO,NO,athletics,,0,"["""", false, false, [], [], [], [""athletics""]]",
939,"4 × 100 metres Relay, Men (Olympic)",,,,relay,team,,,,,metres | x,relay,NO,NO,NO,metres | x,relay,0,"["""", false, false, [""relay""], [], [], [""metres"", ""x""]]",
940,"Unlimited, Two Hands, Men (Olympic)",weightlifting,weightlifting,men,,,,,,,hands | two | unlimited,,NO,NO,NO,hands | two | unlimited,,0,"[""men"", false, false, [], [], [], [""hands"", ""two"", ""unlimited""]]",fuente1
941,"All-Around Dumbbell Contest, Men (Olympic)",,,,,,,,,,all | around | contest | dumbbell,,NO,NO,NO,all | around | contest | dumbbell,,0,"["""", false, false, [], [], [], [""all"", ""around"", ""contest"", ""dumbbell""]]",
942,"Featherweight, Freestyle, Men (Olympic)",,,,freestyle,,,,,,featherweight,,NO,NO,NO,featherweight,freestyle,0,"["""", false, false, [""freestyle""], [], [], [""featherweight""]]",
943,"Light-Flyweight, Freestyle, Men (Olympic)",wrestling,wrestling freestyle,men,freestyle,,,,,,flyweight | light,,NO,NO,NO,flyweight | light,freestyle,0,"[""men"", false, false, [""freestyle""], [], [], [""flyweight"", ""light""]]",fuente1
944,"Bantamweight, Freestyle, Men (Olympic)",,,,freestyle,,,,,,bantamweight,,NO,NO,NO,bantamweight,freestyle,0,"["""", false, false, [""freestyle""], [], [], [""bantamweight""]]",
945,"Flyweight, Freestyle, Men (Olympic)",wrestling,wrestling freestyle,men,freestyle,,,,,,flyweight,,NO,NO,NO,flyweight,freestyle,0,"[""men"", false, false, [""freestyle""], [], [], [""flyweight""]]",fuente1
946,"Middleweight, Freestyle, Men (Olympic)",,,,freestyle,,,,,,middleweight,,NO,NO,NO,middleweight,freestyle,0,"["""", false, false, [""freestyle""], [], [], [""middleweight""]]",
947,"Bantamweight, Greco-Roman, Men (Olympic)",,,,,,,,,,bantamweight | greco | roman,,NO,NO,NO,bantamweight | greco | roman,,0,"["""", false, false, [], [], [], [""bantamweight"", ""greco"", ""roman""]]",
948,"Heavyweight, Freestyle, Men (Olympic)",wrestling,wrestling freestyle,men,freestyle,,,,,,,,NO,NO,NO,,freestyle | heavyweight,0,"[""men"", false, false, [""freestyle"", ""heavyweight""], [], [], []]",fuente1
949,"Middleweight, Greco-Roman, Men (Olympic)",wrestling,wrestling greco roman,men,,,,,,,middleweight,,NO,NO,NO,middleweight,,0,"[""men"", false, false, [], [], [], [""middleweight""]]",fuente1
950,"Super-Heavyweight, Greco-Roman, Men (Olympic)",wrestling,wrestling greco roman,men,heavyweight,,,,,,super,,NO,NO,NO,super,heavyweight,0,"[""men"", false, false, [""heavyweight""], [], [], [""super""]]",fuente1
951,"Super-Heavyweight, Freestyle, Men (Olympic)",wrestling,wrestling freestyle,men,freestyle,,,,,,super,,NO,NO,NO,super,freestyle | heavyweight,0,"[""men"", false, false, [""freestyle"", ""heavyweight""], [], [], [""super""]]",fuente1
952,"Heavyweight, Greco-Roman, Men (Olympic)",wrestling,wrestling greco roman,men,heavyweight,,,,,,,,NO,NO,NO,,heavyweight,0,"[""men"", false, false, [""heavyweight""], [], [], []]",fuente1
953,"Light-Heavyweight, Greco-Roman, Men (Olympic)",wrestling,wrestling greco roman,men,heavyweight,,,,,,light,,NO,NO,NO,light,heavyweight,0,"[""men"", false, false, [""heavyweight""], [], [], [""light""]]",fuente1
954,"Flyweight, Greco-Roman, Men (Olympic)",wrestling,wrestling greco roman,men,,,,,,,flyweight,,NO,NO,NO,flyweight,,0,"[""men"", false, false, [], [], [], [""flyweight""]]",fuente1
955,"Middleweight B, Greco-Roman, Men (Olympic)",wrestling,wrestling greco roman,men,,,,,,,b | middleweight,,NO,NO,NO,b | middleweight,,0,"[""men"", false, false, [], [], [], [""b"", ""middleweight""]]",fuente1
956,"Middleweight A, Greco-Roman, Men (Olympic)",wrestling,wrestling greco roman,men,,,,,,,a | middleweight,,NO,NO,NO,a | middleweight,,0,"[""men"", false, false, [], [], [], [""a"", ""middleweight""]]",fuente1
957,"Light-Flyweight, Greco-Roman, Men (Olympic)",wrestling,wrestling greco roman,men,,,,,,,flyweight | light,,NO,NO,NO,flyweight | light,,0,"[""men"", false, false, [], [], [], [""flyweight"", ""light""]]",fuente1
958,"Unlimited, One Hand, Men (Intercalated)",weightlifting,weightlifting,men,,,,,,,hand | intercalated | one | unlimited,,NO,NO,NO,hand | intercalated | one | unlimited,,0,"[""men"", false, false, [], [], [], [""hand"", ""intercalated"", ""one"", ""unlimited""]]",fuente1
959,"Unlimited, Two Hands, Men (Intercalated)",weightlifting,weightlifting,men,,,,,,,hands | intercalated | two | unlimited,,NO,NO,NO,hands | intercalated | two | unlimited,,0,"[""men"", false, false, [], [], [], [""hands"", ""intercalated"", ""two"", ""unlimited""]]",fuente1
960,"Heavyweight, Greco-Roman, Men (Intercalated)",,,,heavyweight,,,,,,greco | intercalated | roman,,NO,NO,NO,greco | intercalated | roman,heavyweight,0,"["""", false, false, [""heavyweight""], [], [], [""greco"", ""intercalated"", ""roman""]]",
961,"High Jump, Men (Intercalated)",weightlifting,weightlifting,men,,,,,,,high | intercalated | jump,,NO,NO,NO,high | intercalated | jump,,0,"[""men"", false, false, [], [], [], [""high"", ""intercalated"", ""jump""]]",fuente1
962,"Standing High Jump, Men (Intercalated)",weightlifting,weightlifting,men,,,,,,,high | intercalated | jump | standing,,NO,NO,NO,high | intercalated | jump | standing,,0,"[""men"", false, false, [], [], [], [""high"", ""intercalated"", ""jump"", ""standing""]]",fuente1
963,"Pole Vault, Men (Intercalated)",,,,,,,,,,intercalated | pole | vault,,NO,NO,NO,intercalated | pole | vault,,0,"["""", false, false, [], [], [], [""intercalated"", ""pole"", ""vault""]]",
964,"Long Jump, Men (Intercalated)",weightlifting,weightlifting,men,,,,,,,intercalated | jump | long,,NO,NO,NO,intercalated | jump | long,,0,"[""men"", false, false, [], [], [], [""intercalated"", ""jump"", ""long""]]",fuente1
965,"Standing Long Jump, Men (Intercalated)",weightlifting,weightlifting,men,,,,,,,intercalated | jump | long | standing,,NO,NO,NO,intercalated | jump | long | standing,,0,"[""men"", false, false, [], [], [], [""intercalated"", ""jump"", ""long"", ""standing""]]",fuente1
966,"Triple Jump, Men (Intercalated)",,,,,,,,,,intercalated | jump | triple,,NO,NO,NO,intercalated | jump | triple,,0,"["""", false, false, [], [], [], [""intercalated"", ""jump"", ""triple""]]",
967,"Lightweight, Greco-Roman, Men (Intercalated)",wrestling,wrestling greco roman,men,lightweight,,,,,,intercalated,,NO,NO,NO,intercalated,lightweight,0,"[""men"", false, false, [""lightweight""], [], [], [""intercalated""]]",fuente1
968,"Heavyweight, Greco-Roman, Men (Intercalated)",wrestling,wrestling greco roman,men,heavyweight,,,,,,intercalated,,NO,NO,NO,intercalated,heavyweight,0,"[""men"", false, false, [""heavyweight""], [], [], [""intercalated""]]",fuente1
969,"All-Around, Greco-Roman, Men (Intercalated)",,,,,,,,,,all | around | greco | intercalated | roman,,NO,NO,NO,all | around | greco | intercalated | roman,,0,"["""", false, false, [], [], [], [""all"", ""around"", ""greco"", ""intercalated"", ""roman""]]",
970,"Middleweight, Greco-Roman, Men (Intercalated)",wrestling,wrestling greco roman,men,,,,,,,intercalated | middleweight,,NO,NO,NO,intercalated | middleweight,,0,"[""men"", false, false, [], [], [], [""intercalated"", ""middleweight""]]",fuente1
971,"Unlimited Class, Greco-Roman, Men (Olympic)",,,,,,,,,,class | greco | roman | unlimited,,NO,NO,NO,class | greco | roman | unlimited,,0,"["""", false, false, [], [], [], [""class"", ""greco"", ""roman"", ""unlimited""]]",
972,Glíma,,,,,,,,,,glima,,NO,NO,NO,glima,,0,"["""", false, false, [], [], [], [""glima""]]",
973,"Glíma, Men (Olympic (non-medal))",,,,,,,,,,glima | medal,,NO,YES,NO,glima | medal,,0,"["""", false, true, [], [], [], [""glima"", ""medal""]]",
974,"Glíma, Men (Olympic (non-medal))",,,,,,,,,,glima | medal,,NO,YES,NO,glima | medal,,0,"["""", false, true, [], [], [], [""glima"", ""medal""]]",
975,Athletics,,,,,,,,,,athletics,,NO,NO,NO,athletics,,0,"["""", false, false, [], [], [], [""athletics""]]",
976,"880 yards, Handicap, Men (Olympic (non-medal))",,,,,,,,,,handicap | medal | yards,,NO,YES,NO,handicap | medal | yards,,0,"["""", false, true, [], [], [], [""handicap"", ""medal"", ""yards""]]",
977,Rowing,,,,,,,,,,rowing,,NO,NO,NO,rowing,,0,"["""", false, false, [], [], [], [""rowing""]]",
978,"Double Sculls, Intermediate, Men (Olympic (non-medal))",,,,double,,,,,,intermediate | medal | sculls,double,NO,YES,NO,intermediate | medal | sculls,double,0,"["""", false, true, [""double""], [], [], [""intermediate"", ""medal"", ""sculls""]]",
979,"Shot Put, Handicap, Men (Olympic (non-medal))",,,,shot,,,,,,handicap | medal | put,,NO,YES,NO,handicap | medal | put,shot,0,"["""", false, true, [""shot""], [], [], [""handicap"", ""medal"", ""put""]]",
980,"Two Person Dinghy, Women (Olympic)",,,,,,,,,,dinghy | person | two,,NO,NO,NO,dinghy | person | two,,0,"["""", false, false, [], [], [], [""dinghy"", ""person"", ""two""]]",
981,"Windsurfer, Women (Olympic)",sailing,sailing,women,,,,,,,windsurfer,,NO,NO,NO,windsurfer,,0,"[""women"", false, false, [], [], [], [""windsurfer""]]",fuente1
982,"One Person Dinghy, Women (Olympic)",,,,,,,,,,dinghy | one | person,,NO,NO,NO,dinghy | one | person,,0,"["""", false, false, [], [], [], [""dinghy"", ""one"", ""person""]]",
983,"Multihull, Open (Olympic)",,,,,,,,,,multihull | open,,NO,NO,NO,multihull | open,,0,"["""", false, false, [], [], [], [""multihull"", ""open""]]",
984,"Three Person Keelboat, Women (Olympic)",,,,,,,,,,keelboat | person | three,,NO,NO,NO,keelboat | person | three,,0,"["""", false, false, [], [], [], [""keelboat"", ""person"", ""three""]]",
985,"Two Person Dinghy, Open (Olympic)",,,,,,,,,,dinghy | open | person | two,,NO,NO,NO,dinghy | open | person | two,,0,"["""", false, false, [], [], [], [""dinghy"", ""open"", ""person"", ""two""]]",
986,"5.5 metres, Open (Olympic)",,,,,,,,,,metres | open,,NO,NO,NO,metres | open,,0,"["""", false, false, [], [], [], [""metres"", ""open""]]",
987,"7 metres, Open (Olympic)",,,,,,,,,,metres | open,,NO,NO,NO,metres | open,,0,"["""", false, false, [], [], [], [""metres"", ""open""]]",
988,"Two Person Heavyweight Dinghy, Open (Olympic)",,,,heavyweight,,,,,,dinghy | open | person | two,,NO,NO,NO,dinghy | open | person | two,heavyweight,0,"["""", false, false, [""heavyweight""], [], [], [""dinghy"", ""open"", ""person"", ""two""]]",
989,"Windsurfer, Men (Olympic)",sailing,sailing,men,,,,,,,windsurfer,,NO,NO,NO,windsurfer,,0,"[""men"", false, false, [], [], [], [""windsurfer""]]",fuente1
990,"One Person Dinghy, Men (Olympic)",sailing,sailing,men,,,,,,,dinghy | one | person,,NO,NO,NO,dinghy | one | person,,0,"[""men"", false, false, [], [], [], [""dinghy"", ""one"", ""person""]]",fuente1
991,"One Person Heavyweight Dinghy, Men (Olympic)",sailing,sailing,men,heavyweight,,,,,,dinghy | one | person,,NO,NO,NO,dinghy | one | person,heavyweight,0,"[""men"", false, false, [""heavyweight""], [], [], [""dinghy"", ""one"", ""person""]]",fuente1
992,"Windsurfer, Open (Olympic)",,,,,,,,,,open | windsurfer,,NO,NO,NO,open | windsurfer,,0,"["""", false, false, [], [], [], [""open"", ""windsurfer""]]",
993,"Open, Open (Olympic)",,,,,,,,,,open | open,,NO,NO,NO,open | open,,0,"["""", false, false, [], [], [], [""open"", ""open""]]",
994,"1-2 Ton, Open (Olympic)",,,,,,,,,,open | ton,,NO,NO,NO,open | ton,,0,"["""", false, false, [], [], [], [""open"", ""ton""]]",
995,"12 metres, Open (Olympic)",,,,,,,,,,metres | open,,NO,NO,NO,metres | open,,0,"["""", false, false, [], [], [], [""metres"", ""open""]]",
996,"40 metres², Open (Olympic)",,,,,,,,,,metres2 | open,,NO,NO,NO,metres2 | open,,0,"["""", false, false, [], [], [], [""metres2"", ""open""]]",
997,"Two Person Dinghy, Men (Olympic)",,,,,,,,,,dinghy | person | two,,NO,NO,NO,dinghy | person | two,,0,"["""", false, false, [], [], [], [""dinghy"", ""person"", ""two""]]",
998,"10 metres, Open (Olympic)",,,,,,,,,,metres | open,,NO,NO,NO,metres | open,,0,"["""", false, false, [], [], [], [""metres"", ""open""]]",
999,"½-1 Ton, Open (Olympic)",,,,,,,,,,open | ton,,NO,NO,NO,open | ton,,0,"["""", false, false, [], [], [], [""open"", ""ton""]]",
1000,"Music, Compositions For Orchestra, Open (Olympic)",,,,,,,,,,compositions | for | music | open | orchestra,,NO,NO,NO,compositions | for | music | open | orchestra,,0,"["""", false, false, [], [], [], [""compositions"", ""for"", ""music"", ""open"", ""orchestra""]]",
1001,"Two Person Keelboat, Men (Olympic)",,,,,,,,,,keelboat | person | two,,NO,NO,NO,keelboat | person | two,,0,"["""", false, false, [], [], [], [""keelboat"", ""person"", ""two""]]",
1002,"30 metres², Open (Olympic)",,,,,,,,,,metres2 | open,,NO,NO,NO,metres2 | open,,0,"["""", false, false, [], [], [], [""metres2"", ""open""]]",
1003,"12 foot, Open (Olympic)",,,,,,,,,,foot | open,,NO,NO,NO,foot | open,,0,"["""", false, false, [], [], [], [""foot"", ""open""]]",
1004,"10-20 Ton, Open (Olympic)",,,,,,,,,,open | ton,,NO,NO,NO,open | ton,,0,"["""", false, false, [], [], [], [""open"", ""ton""]]",
1005,"2-3 Ton, Open (Olympic)",,,,,,,,,,open | ton,,NO,NO,NO,open | ton,,0,"["""", false, false, [], [], [], [""open"", ""ton""]]",
1006,"Skiff, Open (Olympic)",,,,,,,,,,open | skiff,,NO,NO,NO,open | skiff,,0,"["""", false, false, [], [], [], [""open"", ""skiff""]]",
1007,"0-½ Ton, Open (Olympic)",,,,,,,,,,open | ton,,NO,NO,NO,open | ton,,0,"["""", false, false, [], [], [], [""open"", ""ton""]]",
1008,"20+ Ton, Open (Olympic)",,,,,,,,,,open | ton,,NO,NO,NO,open | ton,,0,"["""", false, false, [], [], [], [""open"", ""ton""]]",
1009,"6.5 metres, Open (Olympic)",,,,,,,,,,metres | open,,NO,NO,NO,metres | open,,0,"["""", false, false, [], [], [], [""metres"", ""open""]]",
1010,"3-10 Ton, Open (Olympic)",,,,,,,,,,open | ton,,NO,NO,NO,open | ton,,0,"["""", false, false, [], [], [], [""open"", ""ton""]]",
1011,"Windsurfer, Men (Olympic (non-medal))",sailing,sailing,men,,,,,,,medal | windsurfer,,NO,YES,NO,medal | windsurfer,,0,"[""men"", false, true, [], [], [], [""medal"", ""windsurfer""]]",fuente1
1012,"Multihull, Mixed (Olympic)",sailing,sailing,mixed,mixed,,,,,,multihull,,NO,NO,YES,multihull,mixed,0,"[""mixed"", false, false, [""mixed""], [], [], [""multihull""]]",fuente1
1013,"400 metres Hurdles, Men (Olympic)",athletics,athletics,men,,,,,,,hurdles | metres,,NO,NO,NO,hurdles | metres,,0,"[""men"", false, false, [], [], [], [""hurdles"", ""metres""]]",fuente1
1014,"200 metres, Women (Olympic)",,,,,,,,,,metres,,NO,NO,NO,metres,,0,"["""", false, false, [], [], [], [""metres""]]",
1015,"800 metres, Women (Olympic)",,,,,,,,,,metres,,NO,NO,NO,metres,,0,"["""", false, false, [], [], [], [""metres""]]",
1016,"1,500 metres, Women (Olympic)",,,,,,,,,,metres,,NO,NO,NO,metres,,0,"["""", false, false, [], [], [], [""metres""]]",
1017,"Javelin Throw, Women (Olympic)",athletics,athletics,women,,,,,,,javelin | throw,,NO,NO,NO,javelin | throw,,0,"[""women"", false, false, [], [], [], [""javelin"", ""throw""]]",fuente1
1018,"Heptathlon, Women (Olympic)",athletics,athletics,women,,,,,,,heptathlon,,NO,NO,NO,heptathlon,,0,"[""women"", false, false, [], [], [], [""heptathlon""]]",fuente1
1019,"3,000 metres Steeplechase, Men (Olympic)",,,,,,,,,,metres | steeplechase,,NO,NO,NO,metres | steeplechase,,0,"["""", false, false, [], [], [], [""metres"", ""steeplechase""]]",
1020,"5,000 metres, Men (Olympic)",athletics,athletics,men,,,,,,,metres,,NO,NO,NO,metres,,0,"[""men"", false, false, [], [], [], [""metres""]]",fuente1
1021,"20 kilometres Race Walk, Men (Olympic)",,,,,,,,,,kilometres | race | walk,,NO,NO,NO,kilometres | race | walk,,0,"["""", false, false, [], [], [], [""kilometres"", ""race"", ""walk""]]",
1022,"50 kilometres Race Walk, Men (Olympic)",,,,,,,,,,kilometres | race | walk,,NO,NO,NO,kilometres | race | walk,,0,"["""", false, false, [], [], [], [""kilometres"", ""race"", ""walk""]]",
1023,"10,000 metres, Men (Olympic)",,,,,,,,,,metres,,NO,NO,NO,metres,,0,"["""", false, false, [], [], [], [""metres""]]",
1024,"High Jump, Women (Olympic)",athletics,athletics,women,,,,,,,high | jump,,NO,NO,NO,high | jump,,0,"[""women"", false, false, [], [], [], [""high"", ""jump""]]",fuente1
1025,"100 metres, Women (Olympic)",athletics,athletics,women,,,,,,,metres,,NO,NO,NO,metres,,0,"[""women"", false, false, [], [], [], [""metres""]]",fuente1
1026,"Discus Throw, Women (Olympic)",athletics,athletics,women,,,,,,,discus | throw,,NO,NO,NO,discus | throw,,0,"[""women"", false, false, [], [], [], [""discus"", ""throw""]]",fuente1
1027,"100 metres Hurdles, Women (Olympic)",athletics,athletics,women,,,,,,,hurdles | metres,,NO,NO,NO,hurdles | metres,,0,"[""women"", false, false, [], [], [], [""hurdles"", ""metres""]]",fuente1
1028,"10,000 metres, Women (Olympic)",,,,,,,,,,metres,,NO,NO,NO,metres,,0,"["""", false, false, [], [], [], [""metres""]]",
1029,"Marathon, Women (Olympic)",athletics,athletics,women,,,,,,,marathon,,NO,NO,NO,marathon,,0,"[""women"", false, false, [], [], [], [""marathon""]]",fuente1
1030,"Shot Put, Women (Olympic)",athletics,athletics,women,shot,,,,,,put,,NO,NO,NO,put,shot,0,"[""women"", false, false, [""shot""], [], [], [""put""]]",fuente1
1031,"80 metres Hurdles, Women (Olympic)",,,,,,,,,,hurdles | metres,,NO,NO,NO,hurdles | metres,,0,"["""", false, false, [], [], [], [""hurdles"", ""metres""]]",
1032,"Hammer Throw, Women (Olympic)",athletics,athletics,women,,,,,,,hammer | throw,,NO,NO,NO,hammer | throw,,0,"[""women"", false, false, [], [], [], [""hammer"", ""throw""]]",fuente1
1033,"5,000 metres, Women (Olympic)",,,,,,,,,,metres,,NO,NO,NO,metres,,0,"["""", false, false, [], [], [], [""metres""]]",
1034,"10 kilometres Race Walk, Women (Olympic)",,,,,,,,,,kilometres | race | walk,,NO,NO,NO,kilometres | race | walk,,0,"["""", false, false, [], [], [], [""kilometres"", ""race"", ""walk""]]",
1035,"400 metres Hurdles, Women (Olympic)",athletics,athletics,women,,,,,,,hurdles | metres,,NO,NO,NO,hurdles | metres,,0,"[""women"", false, false, [], [], [], [""hurdles"", ""metres""]]",fuente1
1036,"Pentathlon, Women (Olympic)",,,,,,,,,,pentathlon,,NO,NO,NO,pentathlon,,0,"["""", false, false, [], [], [], [""pentathlon""]]",
1037,"5 miles, Men (Olympic)",athletics,athletics,men,,,,,,,miles,,NO,NO,NO,miles,,0,"[""men"", false, false, [], [], [], [""miles""]]",fuente1
1038,"10 miles Race Walk, Men (Olympic)",,,,,,,,,,miles | race | walk,,NO,NO,NO,miles | race | walk,,0,"["""", false, false, [], [], [], [""miles"", ""race"", ""walk""]]",
1039,"10 kilometres Race Walk, Men (Olympic)",,,,,,,,,,kilometres | race | walk,,NO,NO,NO,kilometres | race | walk,,0,"["""", false, false, [], [], [], [""kilometres"", ""race"", ""walk""]]",
1040,"400 metres, Men (Intercalated)",,,,,,,,,,intercalated | metres,,NO,NO,NO,intercalated | metres,,0,"["""", false, false, [], [], [], [""intercalated"", ""metres""]]",
1041,"800 metres, Men (Intercalated)",,,,,,,,,,intercalated | metres,,NO,NO,NO,intercalated | metres,,0,"["""", false, false, [], [], [], [""intercalated"", ""metres""]]",
1042,"1,500 metres, Men (Intercalated)",athletics,athletics,men,,,,,,,intercalated | metres,,NO,NO,NO,intercalated | metres,,0,"[""men"", false, false, [], [], [], [""intercalated"", ""metres""]]",fuente1
1043,"5 miles, Men (Intercalated)",,,,,,,,,,intercalated | miles,,NO,NO,NO,intercalated | miles,,0,"["""", false, false, [], [], [], [""intercalated"", ""miles""]]",
1044,Boxing,,,,,,,,,,boxing,,NO,NO,NO,boxing,,0,"["""", false, false, [], [], [], [""boxing""]]",
1045,"Lightweight, Men (Olympic)",,,,lightweight,,,,,,,,NO,NO,NO,,lightweight,0,"["""", false, false, [""lightweight""], [], [], []]",
1046,"Pentathlon, Men (Olympic)",,,,,,,,,,pentathlon,,NO,NO,NO,pentathlon,,0,"["""", false, false, [], [], [], [""pentathlon""]]",
1047,"100 yards, Handicap, Men (Olympic (non-medal))",athletics,athletics,men,,,,,,,handicap | medal | yards,,NO,YES,NO,handicap | medal | yards,,0,"[""men"", false, true, [], [], [], [""handicap"", ""medal"", ""yards""]]",fuente1
1048,"120 yards Hurdles, Handicap, Men (Olympic (non-medal))",athletics,athletics,men,,,,,,,handicap | hurdles | medal | yards,,NO,YES,NO,handicap | hurdles | medal | yards,,0,"[""men"", false, true, [], [], [], [""handicap"", ""hurdles"", ""medal"", ""yards""]]",fuente1
1049,"Standing High Jump, Men (Olympic)",athletics,athletics,men,,,,,,,high | jump | standing,,NO,NO,NO,high | jump | standing,,0,"[""men"", false, false, [], [], [], [""high"", ""jump"", ""standing""]]",fuente1
1050,"3,500 metres Race Walk, Men (Olympic)",,,,,,,,,,metres | race | walk,,NO,NO,NO,metres | race | walk,,0,"["""", false, false, [], [], [], [""metres"", ""race"", ""walk""]]",
1051,"Cross-Country, Individual, Men (Olympic)",,,,individual,,individual,,,,country | cross,individual,NO,NO,NO,country | cross,individual,0,"["""", false, false, [""individual""], [], [], [""country"", ""cross""]]",
1052,"3,000 metres Race Walk, Men (Olympic)",athletics,athletics,men,,,,,,,metres | race | walk,,NO,NO,NO,metres | race | walk,,0,"[""men"", false, false, [], [], [], [""metres"", ""race"", ""walk""]]",fuente1
1053,"60 metres, Men (Olympic)",,,,,,,,,,metres,,NO,NO,NO,metres,,0,"["""", false, false, [], [], [], [""metres""]]",
1054,"100 metres, Handicap, Men (Olympic (non-medal))",,,,,,,,,,handicap | medal | metres,,NO,YES,NO,handicap | medal | metres,,0,"["""", false, true, [], [], [], [""handicap"", ""medal"", ""metres""]]",
1055,"5,000 metres, Team, Men (Olympic)",athletics,athletics,men,team,team,,,,,metres,team,NO,NO,NO,metres,team,0,"[""men"", false, false, [""team""], [], [], [""metres""]]",fuente1
1056,"Discus Throw, Both Hands, Men (Olympic)",athletics,athletics,men,,,,,,,both | discus | hands | throw,,NO,NO,NO,both | discus | hands | throw,,0,"[""men"", false, false, [], [], [], [""both"", ""discus"", ""hands"", ""throw""]]",fuente1
1057,"Discus Throw, Greek Style, Men (Olympic)",athletics,athletics,men,,,,,,,discus | greek | style | throw,,NO,NO,NO,discus | greek | style | throw,,0,"[""men"", false, false, [], [], [], [""discus"", ""greek"", ""style"", ""throw""]]",fuente1
1058,"2,500 metres Steeplechase, Men (Olympic)",athletics,athletics,men,,,,,,,metres | steeplechase,,NO,NO,NO,metres | steeplechase,,0,"[""men"", false, false, [], [], [], [""metres"", ""steeplechase""]]",fuente1
1059,"2,500 metres Steeplechase, Handicap, Men (Olympic (non-medal))",athletics,athletics,men,,,,,,,handicap | medal | metres | steeplechase,,NO,YES,NO,handicap | medal | metres | steeplechase,,0,"[""men"", false, true, [], [], [], [""handicap"", ""medal"", ""metres"", ""steeplechase""]]",fuente1
1060,"3,200 metres Steeplechase, Men (Olympic)",athletics,athletics,men,,,,,,,metres | steeplechase,,NO,NO,NO,metres | steeplechase,,0,"[""men"", false, false, [], [], [], [""metres"", ""steeplechase""]]",fuente1
1061,"3,000 metres, Team, Men (Olympic)",,,,team,team,,,,,metres,team,NO,NO,NO,metres,team,0,"["""", false, false, [""team""], [], [], [""metres""]]",
1062,"Cross-Country, Team, Men (Olympic)",,,,team,team,,,,,country | cross,team,NO,NO,NO,country | cross,team,0,"["""", false, false, [""team""], [], [], [""country"", ""cross""]]",
1063,"Standing Triple Jump, Men (Olympic)",athletics,athletics,men,,,,,,,jump | standing | triple,,NO,NO,NO,jump | standing | triple,,0,"[""men"", false, false, [], [], [], [""jump"", ""standing"", ""triple""]]",fuente1
1064,"Javelin Throw, Freestyle, Men (Intercalated)",athletics,athletics,men,freestyle,,,,,,intercalated | javelin | throw,,NO,NO,NO,intercalated | javelin | throw,freestyle,0,"[""men"", false, false, [""freestyle""], [], [], [""intercalated"", ""javelin"", ""throw""]]",fuente1
1065,"Javelin Throw, Freestyle, Men (Olympic)",athletics,athletics,men,freestyle,,,,,,javelin | throw,,NO,NO,NO,javelin | throw,freestyle,0,"[""men"", false, false, [""freestyle""], [], [], [""javelin"", ""throw""]]",fuente1
1066,Wrestling,,,,,,,,,,wrestling,,NO,NO,NO,wrestling,,0,"["""", false, false, [], [], [], [""wrestling""]]",
1067,"Light-Heavyweight, Greco-Roman, Men (Olympic)",athletics,athletics,men,heavyweight,,,,,,greco | light | roman,,NO,NO,NO,greco | light | roman,heavyweight,0,"[""men"", false, false, [""heavyweight""], [], [], [""greco"", ""light"", ""roman""]]",fuente1
1068,"1,600 metres Medley Relay, Men (Olympic)",,,,relay,team,,,,,medley | metres,relay,NO,NO,NO,medley | metres,relay,0,"["""", false, false, [""relay""], [], [], [""medley"", ""metres""]]",
1069,"1 mile, Handicap, Men (Olympic (non-medal))",athletics,athletics,men,,,,,,,handicap | medal | mile,,NO,YES,NO,handicap | medal | mile,,0,"[""men"", false, true, [], [], [], [""handicap"", ""medal"", ""mile""]]",fuente1
1070,"56-pound Weight Throw, Handicap, Men (Olympic (non-medal))",athletics,athletics,men,,,,,,,handicap | medal | pound | throw | weight,,NO,YES,NO,handicap | medal | pound | throw | weight,,0,"[""men"", false, true, [], [], [], [""handicap"", ""medal"", ""pound"", ""throw"", ""weight""]]",fuente1
1071,"Pole Vault, Handicap, Men (Olympic (non-medal))",athletics,athletics,men,,,,,,,handicap | medal | pole | vault,,NO,YES,NO,handicap | medal | pole | vault,,0,"[""men"", false, true, [], [], [], [""handicap"", ""medal"", ""pole"", ""vault""]]",fuente1
1072,"Heavyweight, Men (Olympic)",athletics,athletics,men,heavyweight,,,,,,,,NO,NO,NO,,heavyweight,0,"[""men"", false, false, [""heavyweight""], [], [], []]",fuente1
1073,"200 metres Hurdles, Men (Olympic)",athletics,athletics,men,,,,,,,hurdles | metres,,NO,NO,NO,hurdles | metres,,0,"[""men"", false, false, [], [], [], [""hurdles"", ""metres""]]",fuente1
1074,"4,000 metres Steeplechase, Men (Olympic)",,,,,,,,,,metres | steeplechase,,NO,NO,NO,metres | steeplechase,,0,"["""", false, false, [], [], [], [""metres"", ""steeplechase""]]",
1075,"1,500 metres, Handicap, Men (Olympic (non-medal))",,,,,,,,,,handicap | medal | metres,,NO,YES,NO,handicap | medal | metres,,0,"["""", false, true, [], [], [], [""handicap"", ""medal"", ""metres""]]",
1076,"440 yards, Handicap, Men (Olympic (non-medal))",athletics,athletics,men,,,,,,,handicap | medal | yards,,NO,YES,NO,handicap | medal | yards,,0,"[""men"", false, true, [], [], [], [""handicap"", ""medal"", ""yards""]]",fuente1
1077,"880 yards, Handicap, Men (Olympic (non-medal))",athletics,athletics,men,,,,,,,handicap | medal | yards,,NO,YES,NO,handicap | medal | yards,,0,"[""men"", false, true, [], [], [], [""handicap"", ""medal"", ""yards""]]",fuente1
1078,"Heavyweight, Women (Olympic)",weightlifting,weightlifting,women,heavyweight,,,,,,,,NO,NO,NO,,heavyweight,0,"[""women"", false, false, [""heavyweight""], [], [], []]",fuente1
1079,"800 metres, Handicap, Men (Olympic (non-medal))",,,,,,,,,,handicap | medal | metres,,NO,YES,NO,handicap | medal | metres,,0,"["""", false, true, [], [], [], [""handicap"", ""medal"", ""metres""]]",
1080,Athletics,,,,,,,,,,athletics,,NO,NO,NO,athletics,,0,"["""", false, false, [], [], [], [""athletics""]]",
1081,"Shot Put, Men (Olympic)",,,,shot,,,,,,put,,NO,NO,NO,put,shot,0,"["""", false, false, [""shot""], [], [], [""put""]]",
1082,"Discus Throw, Men (Olympic)",,,,,,,,,,discus | throw,,NO,NO,NO,discus | throw,,0,"["""", false, false, [], [], [], [""discus"", ""throw""]]",
1083,"3,000 metres Steeplechase, Women (Olympic)",athletics,athletics,women,,,,,,,metres | steeplechase,,NO,NO,NO,metres | steeplechase,,0,"[""women"", false, false, [], [], [], [""metres"", ""steeplechase""]]",fuente1
1084,"Shot Put, Both Hands, Men (Olympic)",athletics,athletics,men,shot,,,,,,both | hands | put,,NO,NO,NO,both | hands | put,shot,0,"[""men"", false, false, [""shot""], [], [], [""both"", ""hands"", ""put""]]",fuente1
1085,"Stone Throw, Men (Intercalated)",,,,,,,,,,intercalated | stone | throw,,NO,NO,NO,intercalated | stone | throw,,0,"["""", false, false, [], [], [], [""intercalated"", ""stone"", ""throw""]]",
1086,"Team All-Around, Men (Olympic)",athletics,athletics,men,team,team,,,,,all | around,team,NO,NO,NO,all | around,team,0,"[""men"", false, false, [""team""], [], [], [""all"", ""around""]]",fuente1
1087,"20 kilometres, Men (Olympic)",,,,,,,,,,kilometres,,NO,NO,NO,kilometres,,0,"["""", false, false, [], [], [], [""kilometres""]]",
1088,"Pentathlon, Men (Olympic)",,,,,,,,,,pentathlon,,NO,NO,NO,pentathlon,,0,"["""", false, false, [], [], [], [""pentathlon""]]",
1089,"3 miles, Team, Men (Olympic)",,,,team,team,,,,,miles,team,NO,NO,NO,miles,team,0,"["""", false, false, [""team""], [], [], [""miles""]]",
1090,Rugby (Rugby),,,,,,,,,,rugby | rugby,,NO,NO,NO,rugby | rugby,,0,"["""", false, false, [], [], [], [""rugby"", ""rugby""]]",
1091,"Rugby, Men (Olympic)",,,,,,,,,,rugby,,NO,NO,NO,rugby,,0,"["""", false, false, [], [], [], [""rugby""]]",
1092,"110 metres Hurdles, Handicap, Men (Olympic (non-medal))",athletics,athletics,men,,,,,,,handicap | hurdles | medal | metres,,NO,YES,NO,handicap | hurdles | medal | metres,,0,"[""men"", false, true, [], [], [], [""handicap"", ""hurdles"", ""medal"", ""metres""]]",fuente1
1093,"400 metres, Handicap, Men (Olympic (non-medal))",athletics,athletics,men,,,,,,,handicap | medal | metres,,NO,YES,NO,handicap | medal | metres,,0,"[""men"", false, true, [], [], [], [""handicap"", ""medal"", ""metres""]]",fuente1
1094,"4 miles, Team, Men (Olympic)",,,,team,team,,,,,miles,team,NO,NO,NO,miles,team,0,"["""", false, false, [""team""], [], [], [""miles""]]",
1095,"Doubles, Handicap, Men (Olympic (non-medal))",,,,doubles,,individual,,,,handicap | medal,doubles,NO,YES,NO,handicap | medal,doubles,0,"["""", false, true, [""doubles""], [], [], [""handicap"", ""medal""]]",
1096,"Heavyweight, Greco-Roman, Men (Olympic)",athletics,athletics,men,heavyweight,,,,,,greco | roman,,NO,NO,NO,greco | roman,heavyweight,0,"[""men"", false, false, [""heavyweight""], [], [], [""greco"", ""roman""]]",fuente1
1097,"400 metres Hurdles, Handicap, Men (Olympic (non-medal))",athletics,athletics,men,,,,,,,handicap | hurdles | medal | metres,,NO,YES,NO,handicap | hurdles | medal | metres,,0,"[""men"", false, true, [], [], [], [""handicap"", ""hurdles"", ""medal"", ""metres""]]",fuente1
1098,"Heavyweight, Freestyle, Men (Olympic)",athletics,athletics,men,freestyle,,,,,,,,NO,NO,NO,,freestyle | heavyweight,0,"[""men"", false, false, [""freestyle"", ""heavyweight""], [], [], []]",fuente1
1099,"Shot Put, Men (Olympic)",,,,shot,,,,,,put,,NO,NO,NO,put,shot,0,"["""", false, false, [""shot""], [], [], [""put""]]",
1100,"Discus Throw, Men (Olympic)",,,,,,,,,,discus | throw,,NO,NO,NO,discus | throw,,0,"["""", false, false, [], [], [], [""discus"", ""throw""]]",
1101,"2,590 metres Steeplechase, Men (Olympic)",,,,,,,,,,metres | steeplechase,,NO,NO,NO,metres | steeplechase,,0,"["""", false, false, [], [], [], [""metres"", ""steeplechase""]]",
1102,"Unlimited Class, Greco-Roman, Men (Olympic)",,,,,,,,,,class | greco | roman | unlimited,,NO,NO,NO,class | greco | roman | unlimited,,0,"["""", false, false, [], [], [], [""class"", ""greco"", ""roman"", ""unlimited""]]",
1103,"120 yards Hurdles, Men (Olympic (non-medal))",athletics,athletics,men,,,,,,,hurdles | medal | yards,,NO,YES,NO,hurdles | medal | yards,,0,"[""men"", false, true, [], [], [], [""hurdles"", ""medal"", ""yards""]]",fuente1
1104,"Long Jump, Men (Olympic (non-medal))",athletics,athletics,men,,,,,,,jump | long | medal,,NO,YES,NO,jump | long | medal,,0,"[""men"", false, true, [], [], [], [""jump"", ""long"", ""medal""]]",fuente1
1105,"Triple Jump, Men (Olympic (non-medal))",athletics,athletics,men,,,,,,,jump | medal | triple,,NO,YES,NO,jump | medal | triple,,0,"[""men"", false, true, [], [], [], [""jump"", ""medal"", ""triple""]]",fuente1
1106,"Standing Triple Jump, Men (Olympic (non-medal))",athletics,athletics,men,,,,,,,jump | medal | standing | triple,,NO,YES,NO,jump | medal | standing | triple,,0,"[""men"", false, true, [], [], [], [""jump"", ""medal"", ""standing"", ""triple""]]",fuente1
1107,"Stone Throw, Men (Olympic (non-medal))",,,,,,,,,,medal | stone | throw,,NO,YES,NO,medal | stone | throw,,0,"["""", false, true, [], [], [], [""medal"", ""stone"", ""throw""]]",
1108,"All-Around Championship, Men (Olympic)",,,,,,,,,,all | around | championship,,NO,NO,NO,all | around | championship,,0,"["""", false, false, [], [], [], [""all"", ""around"", ""championship""]]",
1109,"Hammer Throw, Men (Olympic (non-medal))",athletics,athletics,men,,,,,,,hammer | medal | throw,,NO,YES,NO,hammer | medal | throw,,0,"[""men"", false, true, [], [], [], [""hammer"", ""medal"", ""throw""]]",fuente1
1110,Ski Jumping (Skiing),,,,,,,,,,jumping | ski | skiing,,NO,NO,NO,jumping | ski | skiing,,0,"["""", false, false, [], [], [], [""jumping"", ""ski"", ""skiing""]]",
1111,"Large Hill, Individual, Men (Olympic)",skiing,cross country skiing,men,individual,,individual,,,,hill | large,individual,NO,NO,NO,hill | large,individual,0,"[""men"", false, false, [""individual""], [], [], [""hill"", ""large""]]",fuente1
1112,Nordic Combined (Skiing),,,,combined,,,,,,nordic | skiing,,NO,NO,NO,nordic | skiing,combined,0,"["""", false, false, [""combined""], [], [], [""nordic"", ""skiing""]]",
1113,"Individual, Men (Olympic)",skiing,cross country skiing,men,individual,,individual,,,,,individual,NO,NO,NO,,individual,0,"[""men"", false, false, [""individual""], [], [], []]",fuente1
1114,"Individual All-Around, Men (Olympic)",athletics,athletics,men,individual,,individual,,,,all | around,individual,NO,NO,NO,all | around,individual,0,"[""men"", false, false, [""individual""], [], [], [""all"", ""around""]]",fuente1
1115,"Horse Vault, Men (Olympic)",,,,,,,,,,horse | vault,,NO,NO,NO,horse | vault,,0,"["""", false, false, [], [], [], [""horse"", ""vault""]]",
1116,"Parallel Bars, Teams, Men (Olympic)",athletics,athletics,men,,,,,,,bars | parallel | teams,,NO,NO,NO,bars | parallel | teams,,0,"[""men"", false, false, [], [], [], [""bars"", ""parallel"", ""teams""]]",fuente1
1117,"Horizontal Bar, Men (Olympic)",athletics,athletics,men,,,,,,,bar | horizontal,,NO,NO,NO,bar | horizontal,,0,"[""men"", false, false, [], [], [], [""bar"", ""horizontal""]]",fuente1
1118,"Horizontal Bar, Teams, Men (Olympic)",athletics,athletics,men,,,,,,,bar | horizontal | teams,,NO,NO,NO,bar | horizontal | teams,,0,"[""men"", false, false, [], [], [], [""bar"", ""horizontal"", ""teams""]]",fuente1
1119,"Rings, Men (Olympic)",,,,,,,,,,rings,,NO,NO,NO,rings,,0,"["""", false, false, [], [], [], [""rings""]]",
1120,"Pommelled Horse, Men (Olympic)",,,,,,,,,,horse | pommelled,,NO,NO,NO,horse | pommelled,,0,"["""", false, false, [], [], [], [""horse"", ""pommelled""]]",
1121,Football (Football),,,,,,,,,,football | football,,NO,NO,NO,football | football,,0,"["""", false, false, [], [], [], [""football"", ""football""]]",
1122,"Football, Men (Olympic)",,,,,,,,,,football,,NO,NO,NO,football,,0,"["""", false, false, [], [], [], [""football""]]",
1123,Basketball (Basketball),,,,,,,,,,basketball | basketball,,NO,NO,NO,basketball | basketball,,0,"["""", false, false, [], [], [], [""basketball"", ""basketball""]]",
1124,"Basketball, Men (Olympic)",,,,,,,,,,basketball,,NO,NO,NO,basketball,,0,"["""", false, false, [], [], [], [""basketball""]]",
1125,"1,500 metres Race Walk, Men (Intercalated)",athletics,athletics,men,,,,,,,intercalated | metres | race | walk,,NO,NO,NO,intercalated | metres | race | walk,,0,"[""men"", false, false, [], [], [], [""intercalated"", ""metres"", ""race"", ""walk""]]",fuente1
1126,"100 metres Backstroke, Men (Olympic)",athletics,athletics,men,,,,,,,backstroke | metres,,NO,NO,NO,backstroke | metres,,0,"[""men"", false, false, [], [], [], [""backstroke"", ""metres""]]",fuente1
1127,"200 metres Breaststroke, Men (Olympic)",athletics,athletics,men,,,,,,,breaststroke | metres,,NO,NO,NO,breaststroke | metres,,0,"[""men"", false, false, [], [], [], [""breaststroke"", ""metres""]]",fuente1
1128,"Long Jump, Handicap, Men (Olympic (non-medal))",athletics,athletics,men,,,,,,,handicap | jump | long | medal,,NO,YES,NO,handicap | jump | long | medal,,0,"[""men"", false, true, [], [], [], [""handicap"", ""jump"", ""long"", ""medal""]]",fuente1
1129,"Literature, Dramatic Works, Open (Olympic)",,,,,,,,,,dramatic | literature | open | works,,NO,NO,NO,dramatic | literature | open | works,,0,"["""", false, false, [], [], [], [""dramatic"", ""literature"", ""open"", ""works""]]",
1130,Glíma,,,,,,,,,,glima,,NO,NO,NO,glima,,0,"["""", false, false, [], [], [], [""glima""]]",
1131,"Glíma, Men (Olympic (non-medal))",,,,,,,,,,glima | medal,,NO,YES,NO,glima | medal,,0,"["""", false, true, [], [], [], [""glima"", ""medal""]]",
1132,"4 × 10 kilometres Relay, Men (Olympic)",skiing,cross country skiing,men,relay,team,,,,,kilometres | x,relay,NO,NO,NO,kilometres | x,relay,0,"[""men"", false, false, [""relay""], [], [], [""kilometres"", ""x""]]",fuente1
1133,"6-hour race, Professionals, Men (Olympic (non-medal))",,,,,,,,,,hour | medal | professionals | race,,NO,YES,NO,hour | medal | professionals | race,,0,"["""", false, true, [], [], [], [""hour"", ""medal"", ""professionals"", ""race""]]",
1134,"Pole Vault, Men (Intercalated)",,,,,,,,,,intercalated | pole | vault,,NO,NO,NO,intercalated | pole | vault,,0,"["""", false, false, [], [], [], [""intercalated"", ""pole"", ""vault""]]",
1135,"Pairs, Mixed (Olympic)",,,,mixed,,,,,,pairs,,NO,NO,YES,pairs,mixed,0,"["""", false, false, [""mixed""], [], [], [""pairs""]]",
1136,"15 kilometres, Men (Olympic)",skiing,cross country skiing,men,,,,,,,kilometres,,NO,NO,NO,kilometres,,0,"[""men"", false, false, [], [], [], [""kilometres""]]",fuente1
1137,"30 kilometres, Men (Olympic)",skiing,cross country skiing,men,,,,,,,kilometres,,NO,NO,NO,kilometres,,0,"[""men"", false, false, [], [], [], [""kilometres""]]",fuente1
1138,"1 mile, Men (Olympic (non-medal))",athletics,athletics,men,,,,,,,medal | mile,,NO,YES,NO,medal | mile,,0,"[""men"", false, true, [], [], [], [""medal"", ""mile""]]",fuente1
1139,Art Competitions,,,,,,,,,,art,,NO,NO,NO,art,,0,"["""", false, false, [], [], [], [""art""]]",
1140,"Literature, Epic Works, Open (Olympic)",,,,,,,,,,epic | literature | open | works,,NO,NO,NO,epic | literature | open | works,,0,"["""", false, false, [], [], [], [""epic"", ""literature"", ""open"", ""works""]]",
1141,"Marathon, Men (Intercalated)",,,,,,,,,,intercalated | marathon,,NO,NO,NO,intercalated | marathon,,0,"["""", false, false, [], [], [], [""intercalated"", ""marathon""]]",
1142,"Standing Long Jump, Men (Intercalated)",gymnastics,artistic gymnastics,men,,,,,,,intercalated | jump | long | standing,,NO,NO,NO,intercalated | jump | long | standing,,0,"[""men"", false, false, [], [], [], [""intercalated"", ""jump"", ""long"", ""standing""]]",fuente1
1143,"Discus Throw, Men (Intercalated)",gymnastics,artistic gymnastics,men,,,,,,,discus | intercalated | throw,,NO,NO,NO,discus | intercalated | throw,,0,"[""men"", false, false, [], [], [], [""discus"", ""intercalated"", ""throw""]]",fuente1
1144,"Discus Throw, Greek Style, Men (Intercalated)",gymnastics,artistic gymnastics,men,,,,,,,discus | greek | intercalated | style | throw,,NO,NO,NO,discus | greek | intercalated | style | throw,,0,"[""men"", false, false, [], [], [], [""discus"", ""greek"", ""intercalated"", ""style"", ""throw""]]",fuente1
1145,"Pentathlon (Ancient), Men (Intercalated)",,,,,,,,,,ancient | intercalated | pentathlon,,NO,NO,NO,ancient | intercalated | pentathlon,,0,"["""", false, false, [], [], [], [""ancient"", ""intercalated"", ""pentathlon""]]",
1146,"Marathon, Men (Olympic)",,,,,,,,,,marathon,,NO,NO,NO,marathon,,0,"["""", false, false, [], [], [], [""marathon""]]",
1147,Baseball (Baseball/Softball),,,,,,,,,,baseball | baseball | softball,,NO,NO,NO,baseball | baseball | softball,,0,"["""", false, false, [], [], [], [""baseball"", ""baseball"", ""softball""]]",
1148,"Baseball, Men (Olympic (non-medal))",,,,,,,,,,baseball | medal,,NO,YES,NO,baseball | medal,,0,"["""", false, true, [], [], [], [""baseball"", ""medal""]]",
1149,"440 yards, Men (Olympic (non-medal))",athletics,athletics,men,,,,,,,medal | yards,,NO,YES,NO,medal | yards,,0,"[""men"", false, true, [], [], [], [""medal"", ""yards""]]",fuente1
1150,"880 yards, Men (Olympic (non-medal))",athletics,athletics,men,,,,,,,medal | yards,,NO,YES,NO,medal | yards,,0,"[""men"", false, true, [], [], [], [""medal"", ""yards""]]",fuente1
1151,"100 yards, Men (Olympic (non-medal))",athletics,athletics,men,,,,,,,medal | yards,,NO,YES,NO,medal | yards,,0,"[""men"", false, true, [], [], [], [""medal"", ""yards""]]",fuente1
1152,"2 miles, Men (Olympic (non-medal))",athletics,athletics,men,,,,,,,medal | miles,,NO,YES,NO,medal | miles,,0,"[""men"", false, true, [], [], [], [""medal"", ""miles""]]",fuente1
1153,"5 miles, Boys (Olympic (non-medal))",,,,,,,,,,boys | medal | miles,,NO,YES,NO,boys | medal | miles,,0,"["""", false, true, [], [], [], [""boys"", ""medal"", ""miles""]]",
1154,"220 yards, Men (Olympic (non-medal))",athletics,athletics,men,,,,,,,medal | yards,,NO,YES,NO,medal | yards,,0,"[""men"", false, true, [], [], [], [""medal"", ""yards""]]",fuente1
1155,"120 yards Hurdles, Boys (Olympic (non-medal))",,,,,,,,,,boys | hurdles | medal | yards,,NO,YES,NO,boys | hurdles | medal | yards,,0,"["""", false, true, [], [], [], [""boys"", ""hurdles"", ""medal"", ""yards""]]",
1156,"1 mile, Boys (Olympic (non-medal))",,,,,,,,,,boys | medal | mile,,NO,YES,NO,boys | medal | mile,,0,"["""", false, true, [], [], [], [""boys"", ""medal"", ""mile""]]",
1157,"Shot Put, Men (Olympic (non-medal))",athletics,athletics,men,shot,,,,,,medal | put,,NO,YES,NO,medal | put,shot,0,"[""men"", false, true, [""shot""], [], [], [""medal"", ""put""]]",fuente1
1158,"Special Scratch Pole Vault #2, Men (Olympic (non-medal))",athletics,athletics,men,,,,,,,medal | pole | scratch | special | vault,,NO,YES,NO,medal | pole | scratch | special | vault,,0,"[""men"", false, true, [], [], [], [""medal"", ""pole"", ""scratch"", ""special"", ""vault""]]",fuente1
1159,"Individual All-Around, Field Sports, Men (Olympic)",athletics,athletics,men,individual,,individual,,,,all | around | field | sports,individual,NO,NO,NO,all | around | field | sports,individual,0,"[""men"", false, false, [""individual""], [], [], [""all"", ""around"", ""field"", ""sports""]]",fuente1
1160,"Individual All-Around, Apparatus Work, Men (Olympic)",athletics,athletics,men,individual,,individual,,,,all | apparatus | around | work,individual,NO,NO,NO,all | apparatus | around | work,individual,0,"[""men"", false, false, [""individual""], [], [], [""all"", ""apparatus"", ""around"", ""work""]]",fuente1
1161,"60 yards, Handicap, Men (Olympic (non-medal))",,,,,,,,,,handicap | medal | yards,,NO,YES,NO,handicap | medal | yards,,0,"["""", false, true, [], [], [], [""handicap"", ""medal"", ""yards""]]",
1162,"1 mile, Team, Handicap, Men (Olympic (non-medal))",athletics,athletics,men,team,team,,,,,handicap | medal | mile,team,NO,YES,NO,handicap | medal | mile,team,0,"[""men"", false, true, [""team""], [], [], [""handicap"", ""medal"", ""mile""]]",fuente1
1163,"2 miles, Handicap, Men (Olympic (non-medal))",athletics,athletics,men,,,,,,,handicap | medal | miles,,NO,YES,NO,handicap | medal | miles,,0,"[""men"", false, true, [], [], [], [""handicap"", ""medal"", ""miles""]]",fuente1
1164,"5 miles, Men (Olympic (non-medal))",athletics,athletics,men,,,,,,,medal | miles,,NO,YES,NO,medal | miles,,0,"[""men"", false, true, [], [], [], [""medal"", ""miles""]]",fuente1
1165,"220 yards, Handicap, Men (Olympic (non-medal))",athletics,athletics,men,,,,,,,handicap | medal | yards,,NO,YES,NO,handicap | medal | yards,,0,"[""men"", false, true, [], [], [], [""handicap"", ""medal"", ""yards""]]",fuente1
1166,"100 yards, Boys (Olympic (non-medal))",,,,,,,,,,boys | medal | yards,,NO,YES,NO,boys | medal | yards,,0,"["""", false, true, [], [], [], [""boys"", ""medal"", ""yards""]]",
1167,"220 yards Hurdles, Men (Olympic (non-medal))",athletics,athletics,men,,,,,,,hurdles | medal | yards,,NO,YES,NO,hurdles | medal | yards,,0,"[""men"", false, true, [], [], [], [""hurdles"", ""medal"", ""yards""]]",fuente1
1168,"Pole Vault, Boys (Olympic (non-medal))",,,,,,,,,,boys | medal | pole | vault,,NO,YES,NO,boys | medal | pole | vault,,0,"["""", false, true, [], [], [], [""boys"", ""medal"", ""pole"", ""vault""]]",
1169,"Pole Vault, Men (Olympic (non-medal))",athletics,athletics,men,,,,,,,medal | pole | vault,,NO,YES,NO,medal | pole | vault,,0,"[""men"", false, true, [], [], [], [""medal"", ""pole"", ""vault""]]",fuente1
1170,"880 yards, Boys (Olympic (non-medal))",,,,,,,,,,boys | medal | yards,,NO,YES,NO,boys | medal | yards,,0,"["""", false, true, [], [], [], [""boys"", ""medal"", ""yards""]]",
1171,"Heavyweight, Greco-Roman, Men (Intercalated)",athletics,athletics,men,heavyweight,,,,,,greco | intercalated | roman,,NO,NO,NO,greco | intercalated | roman,heavyweight,0,"[""men"", false, false, [""heavyweight""], [], [], [""greco"", ""intercalated"", ""roman""]]",fuente1
1172,"Middleweight, Greco-Roman, Men (Intercalated)",,,,,,,,,,greco | intercalated | middleweight | roman,,NO,NO,NO,greco | intercalated | middleweight | roman,,0,"["""", false, false, [], [], [], [""greco"", ""intercalated"", ""middleweight"", ""roman""]]",
1173,"3,000 metres Race Walk, Men (Intercalated)",athletics,athletics,men,,,,,,,intercalated | metres | race | walk,,NO,NO,NO,intercalated | metres | race | walk,,0,"[""men"", false, false, [], [], [], [""intercalated"", ""metres"", ""race"", ""walk""]]",fuente1
1174,"Unlimited, One Hand, Men (Intercalated)",athletics,athletics,men,,,,,,,hand | intercalated | one | unlimited,,NO,NO,NO,hand | intercalated | one | unlimited,,0,"[""men"", false, false, [], [], [], [""hand"", ""intercalated"", ""one"", ""unlimited""]]",fuente1
1175,"Sculpturing, Open (Olympic)",,,,,,,,,,open | sculpturing,,NO,NO,NO,open | sculpturing,,0,"["""", false, false, [], [], [], [""open"", ""sculpturing""]]",
1176,"Military Rifle, Kneeling Or Standing, 300 metres, Men (Intercalated)",,,,,,,,,,intercalated | kneeling | metres | military | or | rifle | standing,,NO,NO,NO,intercalated | kneeling | metres | military | or | rifle | standing,,0,"["""", false, false, [], [], [], [""intercalated"", ""kneeling"", ""metres"", ""military"", ""or"", ""rifle"", ""standing""]]",
1177,"100 metres Freestyle, Men (Intercalated)",gymnastics,artistic gymnastics,men,freestyle,,,,,,intercalated | metres,,NO,NO,NO,intercalated | metres,freestyle,0,"[""men"", false, false, [""freestyle""], [], [], [""intercalated"", ""metres""]]",fuente1
1178,"400 metres Freestyle, Men (Intercalated)",,,,freestyle,,,,,,intercalated | metres,,NO,NO,NO,intercalated | metres,freestyle,0,"["""", false, false, [""freestyle""], [], [], [""intercalated"", ""metres""]]",
1179,"1 mile Freestyle, Men (Intercalated)",,,,freestyle,,,,,,intercalated | mile,,NO,NO,NO,intercalated | mile,freestyle,0,"["""", false, false, [""freestyle""], [], [], [""intercalated"", ""mile""]]",
1180,"Heavyweight, Greco-Roman, Men (Intercalated)",tug of war,tug of war,men,heavyweight,,,,,,greco | intercalated | roman,,NO,NO,NO,greco | intercalated | roman,heavyweight,0,"[""men"", false, false, [""heavyweight""], [], [], [""greco"", ""intercalated"", ""roman""]]",fuente1
1181,"Middleweight, Greco-Roman, Men (Intercalated)",,,,,,,,,,greco | intercalated | middleweight | roman,,NO,NO,NO,greco | intercalated | middleweight | roman,,0,"["""", false, false, [], [], [], [""greco"", ""intercalated"", ""middleweight"", ""roman""]]",
1182,"Unlimited, One Hand, Men (Intercalated)",,,,,,,,,,hand | intercalated | one | unlimited,,NO,NO,NO,hand | intercalated | one | unlimited,,0,"["""", false, false, [], [], [], [""hand"", ""intercalated"", ""one"", ""unlimited""]]",
1183,"Unlimited, Two Hands, Men (Intercalated)",tug of war,tug of war,men,,,,,,,hands | intercalated | two | unlimited,,NO,NO,NO,hands | intercalated | two | unlimited,,0,"[""men"", false, false, [], [], [], [""hands"", ""intercalated"", ""two"", ""unlimited""]]",fuente1
1184,Cycling Track (Cycling),,,,,,,,,,cycling | cycling | track,,NO,NO,NO,cycling | cycling | track,,0,"["""", false, false, [], [], [], [""cycling"", ""cycling"", ""track""]]",
1185,"Sprint, Men (Intercalated)",,,,sprint,,,,,,intercalated,,NO,NO,NO,intercalated,sprint,0,"["""", false, false, [""sprint""], [], [], [""intercalated""]]",
1186,"20 kilometres, Men (Intercalated)",,,,,,,,,,intercalated | kilometres,,NO,NO,NO,intercalated | kilometres,,0,"["""", false, false, [], [], [], [""intercalated"", ""kilometres""]]",
1187,"Singles, Women (Intercalated)",,,,singles,,individual,,,,intercalated,singles,NO,NO,NO,intercalated,singles,0,"["""", false, false, [""singles""], [], [], [""intercalated""]]",
1188,Tennis,,,,,,,,,,tennis,,NO,NO,NO,tennis,,0,"["""", false, false, [], [], [], [""tennis""]]",
1189,"Singles, Men (Intercalated)",,,,singles,,individual,,,,intercalated,singles,NO,NO,NO,intercalated,singles,0,"["""", false, false, [""singles""], [], [], [""intercalated""]]",
1190,"Doubles, Men (Intercalated)",,,,doubles,,individual,,,,intercalated,doubles,NO,NO,NO,intercalated,doubles,0,"["""", false, false, [""doubles""], [], [], [""intercalated""]]",
1191,"26th Federal Festival, Society and Association Contests, Non-Simultaneous, Olympic Championships, Individual, Men (Olympic (non-medal))",,,,individual,,individual,,,,26th | and | association | championships | contests | federal | festival | medal | non | simultaneous | society,individual,NO,YES,NO,26th | and | association | championships | contests | federal | festival | medal | non | simultaneous | society,individual,0,"["""", false, true, [""individual""], [], [], [""26th"", ""and"", ""association"", ""championships"", ""contests"", ""federal"", ""festival"", ""medal"", ""non"", ""simultaneous"", ""society""]]",
1192,"Discus Throw, Men (Intercalated)",tug of war,tug of war,men,,,,,,,discus | intercalated | throw,,NO,NO,NO,discus | intercalated | throw,,0,"[""men"", false, false, [], [], [], [""discus"", ""intercalated"", ""throw""]]",fuente1
1193,"Discus Throw, Greek Style, Men (Intercalated)",tug of war,tug of war,men,,,,,,,discus | greek | intercalated | style | throw,,NO,NO,NO,discus | greek | intercalated | style | throw,,0,"[""men"", false, false, [], [], [], [""discus"", ""greek"", ""intercalated"", ""style"", ""throw""]]",fuente1
1194,Wrestling,,,,,,,,,,wrestling,,NO,NO,NO,wrestling,,0,"["""", false, false, [], [], [], [""wrestling""]]",
1195,"Lightweight, Greco-Roman, Men (Intercalated)",,,,lightweight,,,,,,greco | intercalated | roman,,NO,NO,NO,greco | intercalated | roman,lightweight,0,"["""", false, false, [""lightweight""], [], [], [""greco"", ""intercalated"", ""roman""]]",
1196,"6-Man Naval Rowing Boats, Men (Intercalated)",,,,,,,,,,boats | intercalated | man | naval | rowing,,NO,NO,NO,boats | intercalated | man | naval | rowing,,0,"["""", false, false, [], [], [], [""boats"", ""intercalated"", ""man"", ""naval"", ""rowing""]]",
1197,"100 metres, Men (Intercalated)",gymnastics,artistic gymnastics,men,,,,,,,intercalated | metres,,NO,NO,NO,intercalated | metres,,0,"[""men"", false, false, [], [], [], [""intercalated"", ""metres""]]",fuente1
1198,Cycling Track (Cycling),,,,,,,,,,cycling | cycling | track,,NO,NO,NO,cycling | cycling | track,,0,"["""", false, false, [], [], [], [""cycling"", ""cycling"", ""track""]]",
1199,"Tandem Sprint, 2,000 metres, Men (Intercalated)",,,,sprint,,,,,,intercalated | metres | tandem,,NO,NO,NO,intercalated | metres | tandem,sprint,0,"["""", false, false, [""sprint""], [], [], [""intercalated"", ""metres"", ""tandem""]]",
1200,"Coxed Fours, Men (Intercalated)",,,,coxed,,,,,coxed,fours | intercalated,,NO,NO,NO,fours | intercalated,coxed,0,"["""", false, false, [""coxed""], [], [], [""fours"", ""intercalated""]]",
1201,Rowing,,,,,,,,,,rowing,,NO,NO,NO,rowing,,0,"["""", false, false, [], [], [], [""rowing""]]",
1202,"6-Man Naval Rowing Boats, Men (Intercalated)",,,,,,,,,,boats | intercalated | man | naval | rowing,,NO,NO,NO,boats | intercalated | man | naval | rowing,,0,"["""", false, false, [], [], [], [""boats"", ""intercalated"", ""man"", ""naval"", ""rowing""]]",
1203,"100 metres, Men (Intercalated)",,,,,,,,,,intercalated | metres,,NO,NO,NO,intercalated | metres,,0,"["""", false, false, [], [], [], [""intercalated"", ""metres""]]",
1204,Rowing,,,,,,,,,,rowing,,NO,NO,NO,rowing,,0,"["""", false, false, [], [], [], [""rowing""]]",
1205,"Coxed Fours, Men (Intercalated)",,,,coxed,,,,,coxed,fours | intercalated,,NO,NO,NO,fours | intercalated,coxed,0,"["""", false, false, [""coxed""], [], [], [""fours"", ""intercalated""]]",
1206,Shooting,,,,,,,,,,shooting,,NO,NO,NO,shooting,,0,"["""", false, false, [], [], [], [""shooting""]]",
1207,"Free Pistol, 25 metres, Men (Intercalated)",,,,,,,,,,free | intercalated | metres | pistol,,NO,NO,NO,free | intercalated | metres | pistol,,0,"["""", false, false, [], [], [], [""free"", ""intercalated"", ""metres"", ""pistol""]]",
1208,"Free Pistol, 50 metres, Men (Intercalated)",,,,,,,,,,free | intercalated | metres | pistol,,NO,NO,NO,free | intercalated | metres | pistol,,0,"["""", false, false, [], [], [], [""free"", ""intercalated"", ""metres"", ""pistol""]]",
1209,"Military Revolver, 1873-1874 Gras Model, 20 metres, Men (Intercalated)",rowing,rowing,men,,,,,,,gras | intercalated | metres | military | model | revolver,,NO,NO,NO,gras | intercalated | metres | military | model | revolver,,0,"[""men"", false, false, [], [], [], [""gras"", ""intercalated"", ""metres"", ""military"", ""model"", ""revolver""]]",fuente1
1210,"Military Revolver, 20 metres, Men (Intercalated)",rowing,rowing,men,,,,,,,intercalated | metres | military | revolver,,NO,NO,NO,intercalated | metres | military | revolver,,0,"[""men"", false, false, [], [], [], [""intercalated"", ""metres"", ""military"", ""revolver""]]",fuente1
1211,"High Jump, Men (Intercalated)",,,,,,,,,,high | intercalated | jump,,NO,NO,NO,high | intercalated | jump,,0,"["""", false, false, [], [], [], [""high"", ""intercalated"", ""jump""]]",
1212,"Two-Man Teams With Cesta, Men (Olympic)",,,,,,,,,,cesta | man | teams | two | with,,NO,NO,NO,cesta | man | teams | two | with,,0,"["""", false, false, [], [], [], [""cesta"", ""man"", ""teams"", ""two"", ""with""]]",
1213,"Festival for Societies of the Seine, Olympic Competition, Individual, Men (Olympic (non-medal))",,,,individual,,individual,,,,festival | for | medal | of | seine | societies | the,individual,NO,YES,NO,festival | for | medal | of | seine | societies | the,individual,0,"["""", false, true, [""individual""], [], [], [""festival"", ""for"", ""medal"", ""of"", ""seine"", ""societies"", ""the""]]",
1214,"Coxed Fours, Men (Intercalated)",,,,coxed,,,,,coxed,fours | intercalated,,NO,NO,NO,fours | intercalated,coxed,0,"["""", false, false, [""coxed""], [], [], [""fours"", ""intercalated""]]",
1215,Fencing,,,,,,,,,,fencing,,NO,NO,NO,fencing,,0,"["""", false, false, [], [], [], [""fencing""]]",
1216,"Foil, Individual, Men (Olympic)",,,,individual,,individual,,,,foil,individual,NO,NO,NO,foil,individual,0,"["""", false, false, [""individual""], [], [], [""foil""]]",
1217,"Singles, Women (Olympic)",,,,singles,,individual,,,,,singles,NO,NO,NO,,singles,0,"["""", false, false, [""singles""], [], [], []]",
1218,"Slalom, Women (Olympic)",skiing,alpine skiing,women,,,,,,,slalom,,NO,NO,NO,slalom,,0,"[""women"", false, false, [], [], [], [""slalom""]]",fuente1
1219,"5 kilometres, Women (Olympic)",skiing,cross country skiing,women,,,,,,,kilometres,,NO,NO,NO,kilometres,,0,"[""women"", false, false, [], [], [], [""kilometres""]]",fuente1
1220,"10 kilometres, Women (Olympic)",skiing,cross country skiing,women,,,,,,,kilometres,,NO,NO,NO,kilometres,,0,"[""women"", false, false, [], [], [], [""kilometres""]]",fuente1
1221,"20 kilometres, Women (Olympic)",,,,,,,,,,kilometres,,NO,NO,NO,kilometres,,0,"["""", false, false, [], [], [], [""kilometres""]]",
1222,"Singles, Women (Olympic)",,,,singles,,individual,,,,,singles,NO,NO,NO,,singles,0,"["""", false, false, [""singles""], [], [], []]",
1223,"3 × 5 kilometres Relay, Women (Olympic)",skiing,cross country skiing,women,relay,team,,,,,kilometres | x,relay,NO,NO,NO,kilometres | x,relay,0,"[""women"", false, false, [""relay""], [], [], [""kilometres"", ""x""]]",fuente1
1224,"7.5 kilometres Sprint, Women (Olympic)",biathlon,biathlon,women,sprint,,,,,,kilometres,,NO,NO,NO,kilometres,sprint,0,"[""women"", false, false, [""sprint""], [], [], [""kilometres""]]",fuente1
1225,"15 kilometres, Women (Olympic)",,,,,,,,,,kilometres,,NO,NO,NO,kilometres,,0,"["""", false, false, [], [], [], [""kilometres""]]",
1226,"3 × 7.5 kilometres Relay, Women (Olympic)",biathlon,biathlon,women,relay,team,,,,,kilometres | x,relay,NO,NO,NO,kilometres | x,relay,0,"[""women"", false, false, [""relay""], [], [], [""kilometres"", ""x""]]",fuente1
1227,"4 × 7.5 kilometres Relay, Women (Olympic)",biathlon,biathlon,women,relay,team,,,,,kilometres | x,relay,NO,NO,NO,kilometres | x,relay,0,"[""women"", false, false, [""relay""], [], [], [""kilometres"", ""x""]]",fuente1
1228,"1,500 metres, Women (Olympic)",skating,speed skating,women,,,,,,,metres,,NO,NO,NO,metres,,0,"[""women"", false, false, [], [], [], [""metres""]]",fuente1
1229,"Downhill, Women (Olympic)",,,,,,,,,,downhill,,NO,NO,NO,downhill,,0,"["""", false, false, [], [], [], [""downhill""]]",
1230,"Giant Slalom, Women (Olympic)",skiing,alpine skiing,women,,,,,,,giant | slalom,,NO,NO,NO,giant | slalom,,0,"[""women"", false, false, [], [], [], [""giant"", ""slalom""]]",fuente1
1231,"30 kilometres, Women (Olympic)",,,,,,,,,,kilometres,,NO,NO,NO,kilometres,,0,"["""", false, false, [], [], [], [""kilometres""]]",
1232,"5/10 kilometres Pursuit, Women (Olympic)",skiing,cross country skiing,women,pursuit,,,,,,kilometres,,NO,NO,NO,kilometres,pursuit,0,"[""women"", false, false, [""pursuit""], [], [], [""kilometres""]]",fuente1
1233,"4 × 5 kilometres Relay, Women (Olympic)",skiing,cross country skiing,women,relay,team,,,,,kilometres | x,relay,NO,NO,NO,kilometres | x,relay,0,"[""women"", false, false, [""relay""], [], [], [""kilometres"", ""x""]]",fuente1
1234,"15 kilometres, Women (Olympic)",skiing,cross country skiing,women,,,,,,,kilometres,,NO,NO,NO,kilometres,,0,"[""women"", false, false, [], [], [], [""kilometres""]]",fuente1
1235,"5/5 kilometres Pursuit, Women (Olympic)",skiing,cross country skiing,women,pursuit,,,,,,kilometres,,NO,NO,NO,kilometres,pursuit,0,"[""women"", false, false, [""pursuit""], [], [], [""kilometres""]]",fuente1
1236,"1,000 metres, Women (Olympic)",,,,,,,,,,metres,,NO,NO,NO,metres,,0,"["""", false, false, [], [], [], [""metres""]]",
1237,"3,000 metres Relay, Women (Olympic)",skating,short track speed skating,women,relay,team,,,,,metres,relay,NO,NO,NO,metres,relay,0,"[""women"", false, false, [""relay""], [], [], [""metres""]]",fuente1
1238,"10 kilometres Pursuit, Women (Olympic)",biathlon,biathlon,women,pursuit,,,,,,kilometres,,NO,NO,NO,kilometres,pursuit,0,"[""women"", false, false, [""pursuit""], [], [], [""kilometres""]]",fuente1
1239,"4 × 6 kilometres Relay, Women (Olympic)",,,,relay,team,,,,,kilometres | x,relay,NO,NO,NO,kilometres | x,relay,0,"["""", false, false, [""relay""], [], [], [""kilometres"", ""x""]]",
1240,"Ice Dancing, Mixed (Olympic)",skating,figure skating,mixed,mixed,,,,,,dancing | ice,,NO,NO,YES,dancing | ice,mixed,0,"[""mixed"", false, false, [""mixed""], [], [], [""dancing"", ""ice""]]",fuente1
1241,"500 metres, Women (Olympic)",skating,speed skating,women,,,,,,,metres,,NO,NO,NO,metres,,0,"[""women"", false, false, [], [], [], [""metres""]]",fuente1
1242,"Super G, Women (Olympic)",,,,,,,,,,g | super,,NO,NO,NO,g | super,,0,"["""", false, false, [], [], [], [""g"", ""super""]]",
1243,"Combined, Women (Olympic)",,,,combined,,,,,,,,NO,NO,NO,,combined,0,"["""", false, false, [""combined""], [], [], []]",
1244,"5,000 metres, Men (Olympic)",,,,,,,,,,metres,,NO,NO,NO,metres,,0,"["""", false, false, [], [], [], [""metres""]]",
1245,"500 metres, Women (Olympic)",skating,short track speed skating,women,,,,,,,metres,,NO,NO,NO,metres,,0,"[""women"", false, false, [], [], [], [""metres""]]",fuente1
1246,"500 metres, Women (Olympic (non-medal))",skating,short track speed skating,women,,,,,,,medal | metres,,NO,YES,NO,medal | metres,,0,"[""women"", false, true, [], [], [], [""medal"", ""metres""]]",fuente1
1247,"1,000 metres, Women (Olympic (non-medal))",skating,short track speed skating,women,,,,,,,medal | metres,,NO,YES,NO,medal | metres,,0,"[""women"", false, true, [], [], [], [""medal"", ""metres""]]",fuente1
1248,"1,500 metres, Women (Olympic (non-medal))",skating,short track speed skating,women,,,,,,,medal | metres,,NO,YES,NO,medal | metres,,0,"[""women"", false, true, [], [], [], [""medal"", ""metres""]]",fuente1
1249,"3,000 m, Women (Olympic (non-medal))",,,,,,,000 m,,,medal,,NO,YES,NO,medal,,0,"["""", false, true, [], [""000 m""], [], [""medal""]]",
1250,"1,000 metres, Women (Olympic)",skating,short track speed skating,women,,,,,,,metres,,NO,NO,NO,metres,,0,"[""women"", false, false, [], [], [], [""metres""]]",fuente1
1251,"Moguls, Women (Olympic)",skiing,freestyle skiing,women,,,,,,,moguls,,NO,NO,NO,moguls,,0,"[""women"", false, false, [], [], [], [""moguls""]]",fuente1
1252,Cross Country Skiing (Skiing),,,,,,,,,,country | cross | skiing | skiing,,NO,NO,NO,country | cross | skiing | skiing,,0,"["""", false, false, [], [], [], [""country"", ""cross"", ""skiing"", ""skiing""]]",
1253,"5 kilometres, Women (Olympic)",biathlon,biathlon,women,,,,,,,kilometres,,NO,NO,NO,kilometres,,0,"[""women"", false, false, [], [], [], [""kilometres""]]",fuente1
1254,"5/10 kilometres Pursuit, Women (Olympic)",biathlon,biathlon,women,pursuit,,,,,,kilometres,,NO,NO,NO,kilometres,pursuit,0,"[""women"", false, false, [""pursuit""], [], [], [""kilometres""]]",fuente1
1255,"Aerials, Women (Olympic (non-medal))",skiing,freestyle skiing,women,,,,,,,aerials | medal,,NO,YES,NO,aerials | medal,,0,"[""women"", false, true, [], [], [], [""aerials"", ""medal""]]",fuente1
1256,"Aerials, Women (Olympic)",skiing,freestyle skiing,women,,,,,,,aerials,,NO,NO,NO,aerials,,0,"[""women"", false, false, [], [], [], [""aerials""]]",fuente1
1257,"3,000 metres Relay, Women (Olympic (non-medal))",skating,short track speed skating,women,relay,team,,,,,medal | metres,relay,NO,YES,NO,medal | metres,relay,0,"[""women"", false, true, [""relay""], [], [], [""medal"", ""metres""]]",fuente1
1258,"Ballet, Women (Olympic (non-medal))",,,,,,,,,,ballet | medal,,NO,YES,NO,ballet | medal,,0,"["""", false, true, [], [], [], [""ballet"", ""medal""]]",
1259,"12.5 kilometres Mass Start, Women (Olympic)",biathlon,biathlon,women,,,,,,,kilometres | mass | start,,NO,NO,NO,kilometres | mass | start,,0,"[""women"", false, false, [], [], [], [""kilometres"", ""mass"", ""start""]]",fuente1
1260,"Individual, Women (Olympic (non-medal))",,,,individual,,individual,,,,medal,individual,NO,YES,NO,medal,individual,0,"["""", false, true, [""individual""], [], [], [""medal""]]",
1261,"Sprint, Women (Olympic)",skiing,cross country skiing,women,sprint,,,,,,,,NO,NO,NO,,sprint,0,"[""women"", false, false, [""sprint""], [], [], []]",fuente1
1262,"Sprint, Women (Olympic)",biathlon,biathlon,women,sprint,,,,,,,,NO,NO,NO,,sprint,0,"[""women"", false, false, [""sprint""], [], [], []]",fuente1
1263,"Ski Cross, Women (Olympic)",,,,,,,,,,cross | ski,,NO,NO,NO,cross | ski,,0,"["""", false, false, [], [], [], [""cross"", ""ski""]]",
1264,"30 kilometres, Women (Olympic)",,,,,,,,,,kilometres,,NO,NO,NO,kilometres,,0,"["""", false, false, [], [], [], [""kilometres""]]",
1265,"Moguls, Women (Olympic (non-medal))",skiing,freestyle skiing,women,,,,,,,medal | moguls,,NO,YES,NO,medal | moguls,,0,"[""women"", false, true, [], [], [], [""medal"", ""moguls""]]",fuente1
1266,"15 kilometres Skiathlon, Women (Olympic)",skiing,cross country skiing,women,,,,,,,kilometres | skiathlon,,NO,NO,NO,kilometres | skiathlon,,0,"[""women"", false, false, [], [], [], [""kilometres"", ""skiathlon""]]",fuente1
1267,"Ice Dancing, Mixed (Olympic (non-medal))",skating,figure skating,mixed,mixed,,,,,,dancing | ice | medal,,NO,YES,YES,dancing | ice | medal,mixed,0,"[""mixed"", false, true, [""mixed""], [], [], [""dancing"", ""ice"", ""medal""]]",fuente1
1268,"Team Sprint, Women (Olympic)",skiing,cross country skiing,women,sprint,team,,,,,,team,NO,NO,NO,,sprint | team,0,"[""women"", false, false, [""sprint"", ""team""], [], [], []]",fuente1
1269,"Mass Start, Women (Olympic)",,,,,,,,,,mass | start,,NO,NO,NO,mass | start,,0,"["""", false, false, [], [], [], [""mass"", ""start""]]",
1270,"1,500 metres, Women (Olympic)",skating,short track speed skating,women,,,,,,,metres,,NO,NO,NO,metres,,0,"[""women"", false, false, [], [], [], [""metres""]]",fuente1
1271,"4 × 5 kilometres Relay, Women (Olympic)",biathlon,biathlon,women,relay,team,,,,,kilometres | x,relay,NO,NO,NO,kilometres | x,relay,0,"[""women"", false, false, [""relay""], [], [], [""kilometres"", ""x""]]",fuente1
1272,"Singles, Men (Olympic)",,,,singles,,individual,,,,,singles,NO,NO,NO,,singles,0,"["""", false, false, [""singles""], [], [], []]",
1273,"Team, Men (Olympic)",skiing,nordic combined,men,team,team,,,,,,team,NO,NO,NO,,team,0,"[""men"", false, false, [""team""], [], [], []]",fuente1
1274,"10 kilometres Sprint, Men (Olympic)",biathlon,biathlon,men,sprint,,,,,,kilometres,,NO,NO,NO,kilometres,sprint,0,"[""men"", false, false, [""sprint""], [], [], [""kilometres""]]",fuente1
1275,"4 × 7.5 kilometres Relay, Men (Olympic)",,,,relay,team,,,,,kilometres | x,relay,NO,NO,NO,kilometres | x,relay,0,"["""", false, false, [""relay""], [], [], [""kilometres"", ""x""]]",
1276,"Giant Slalom, Men (Olympic)",skiing,alpine skiing,men,,,,,,,giant | slalom,,NO,NO,NO,giant | slalom,,0,"[""men"", false, false, [], [], [], [""giant"", ""slalom""]]",fuente1
1277,"Slalom, Men (Olympic)",skiing,alpine skiing,men,,,,,,,slalom,,NO,NO,NO,slalom,,0,"[""men"", false, false, [], [], [], [""slalom""]]",fuente1
1278,"500 metres, Men (Olympic)",skating,speed skating,men,,,,,,,metres,,NO,NO,NO,metres,,0,"[""men"", false, false, [], [], [], [""metres""]]",fuente1
1279,"1,000 metres, Men (Olympic)",,,,,,,,,,metres,,NO,NO,NO,metres,,0,"["""", false, false, [], [], [], [""metres""]]",
1280,"Downhill, Men (Olympic)",,,,,,,,,,downhill,,NO,NO,NO,downhill,,0,"["""", false, false, [], [], [], [""downhill""]]",
1281,"Super G, Men (Olympic)",,,,,,,,,,g | super,,NO,NO,NO,g | super,,0,"["""", false, false, [], [], [], [""g"", ""super""]]",
1282,"Large Hill, Individual, Men (Olympic)",skiing,ski jumping,men,individual,,individual,,,,hill | large,individual,NO,NO,NO,hill | large,individual,0,"[""men"", false, false, [""individual""], [], [], [""hill"", ""large""]]",fuente1
1283,"1,500 metres, Men (Olympic)",skating,speed skating,men,,,,,,,metres,,NO,NO,NO,metres,,0,"[""men"", false, false, [], [], [], [""metres""]]",fuente1
1284,"Normal Hill, Individual, Men (Olympic)",skiing,ski jumping,men,individual,,individual,,,,hill | normal,individual,NO,NO,NO,hill | normal,individual,0,"[""men"", false, false, [""individual""], [], [], [""hill"", ""normal""]]",fuente1
1285,"Large Hill, Team, Men (Olympic)",,,,team,team,,,,,hill | large,team,NO,NO,NO,hill | large,team,0,"["""", false, false, [""team""], [], [], [""hill"", ""large""]]",
1286,"500 metres, Men (Olympic (non-medal))",skating,short track speed skating,men,,,,,,,medal | metres,,NO,YES,NO,medal | metres,,0,"[""men"", false, true, [], [], [], [""medal"", ""metres""]]",fuente1
1287,"1,000 metres, Men (Olympic (non-medal))",skating,short track speed skating,men,,,,,,,medal | metres,,NO,YES,NO,medal | metres,,0,"[""men"", false, true, [], [], [], [""medal"", ""metres""]]",fuente1
1288,"1,500 metres, Men (Olympic (non-medal))",skating,short track speed skating,men,,,,,,,medal | metres,,NO,YES,NO,medal | metres,,0,"[""men"", false, true, [], [], [], [""medal"", ""metres""]]",fuente1
1289,"5,000 metres Relay, Men (Olympic (non-medal))",skating,short track speed skating,men,relay,team,,,,,medal | metres,relay,NO,YES,NO,medal | metres,relay,0,"[""men"", false, true, [""relay""], [], [], [""medal"", ""metres""]]",fuente1
1290,"3,000 m, Men (Olympic (non-medal))",,,,,,,000 m,,,medal,,NO,YES,NO,medal,,0,"["""", false, true, [], [""000 m""], [], [""medal""]]",
1291,"5,000 metres Relay, Men (Olympic)",skating,short track speed skating,men,relay,team,,,,,metres,relay,NO,NO,NO,metres,relay,0,"[""men"", false, false, [""relay""], [], [], [""metres""]]",fuente1
1292,"10 kilometres, Men (Olympic)",skiing,cross country skiing,men,,,,,,,kilometres,,NO,NO,NO,kilometres,,0,"[""men"", false, false, [], [], [], [""kilometres""]]",fuente1
1293,"10/15 kilometres Pursuit, Men (Olympic)",skiing,cross country skiing,men,pursuit,,,,,,kilometres,,NO,NO,NO,kilometres,pursuit,0,"[""men"", false, false, [""pursuit""], [], [], [""kilometres""]]",fuente1
1294,Curling,,,,,,,,,,curling,,NO,NO,NO,curling,,0,"["""", false, false, [], [], [], [""curling""]]",
1295,"Curling, Men (Olympic)",,,,,,,,,,curling,,NO,NO,NO,curling,,0,"["""", false, false, [], [], [], [""curling""]]",
1296,"Moguls, Men (Olympic)",skiing,freestyle skiing,men,,,,,,,moguls,,NO,NO,NO,moguls,,0,"[""men"", false, false, [], [], [], [""moguls""]]",fuente1
1297,"Doubles, Open (Olympic)",,,,doubles,,individual,,,,open,doubles,NO,NO,NO,open,doubles,0,"["""", false, false, [""doubles""], [], [], [""open""]]",
1298,"10/10 kilometres Pursuit, Men (Olympic)",skiing,cross country skiing,men,pursuit,,,,,,kilometres,,NO,NO,NO,kilometres,pursuit,0,"[""men"", false, false, [""pursuit""], [], [], [""kilometres""]]",fuente1
1299,"Singles, Men (Olympic)",,,,singles,,individual,,,,,singles,NO,NO,NO,,singles,0,"["""", false, false, [""singles""], [], [], []]",
1300,Luge,,,,,,,,,,luge,,NO,NO,NO,luge,,0,"["""", false, false, [], [], [], [""luge""]]",
1301,"Singles, Men (Olympic)",,,,singles,,individual,,,,,singles,NO,NO,NO,,singles,0,"["""", false, false, [""singles""], [], [], []]",
1302,"10 kilometres, Men (Olympic)",biathlon,biathlon,men,,,,,,,kilometres,,NO,NO,NO,kilometres,,0,"[""men"", false, false, [], [], [], [""kilometres""]]",fuente1
1303,"30 kilometres, Men (Olympic)",,,,,,,,,,kilometres,,NO,NO,NO,kilometres,,0,"["""", false, false, [], [], [], [""kilometres""]]",
1304,"10/15 kilometres Pursuit, Men (Olympic)",biathlon,biathlon,men,pursuit,,,,,,kilometres,,NO,NO,NO,kilometres,pursuit,0,"[""men"", false, false, [""pursuit""], [], [], [""kilometres""]]",fuente1
1305,"4 × 10 kilometres Relay, Men (Olympic)",biathlon,biathlon,men,relay,team,,,,,kilometres | x,relay,NO,NO,NO,kilometres | x,relay,0,"[""men"", false, false, [""relay""], [], [], [""kilometres"", ""x""]]",fuente1
1306,"10,000 metres, Men (Olympic)",,,,,,,,,,metres,,NO,NO,NO,metres,,0,"["""", false, false, [], [], [], [""metres""]]",
1307,"Allround, Men (Olympic)",,,,,,,,,,allround,,NO,NO,NO,allround,,0,"["""", false, false, [], [], [], [""allround""]]",
1308,"Sprint, Men (Olympic)",skiing,cross country skiing,men,sprint,,,,,,,,NO,NO,NO,,sprint,0,"[""men"", false, false, [""sprint""], [], [], []]",fuente1
1309,"30 kilometres Skiathlon, Men (Olympic)",skiing,cross country skiing,men,,,,,,,kilometres | skiathlon,,NO,NO,NO,kilometres | skiathlon,,0,"[""men"", false, false, [], [], [], [""kilometres"", ""skiathlon""]]",fuente1
1310,"Team Sprint, Men (Olympic)",skiing,cross country skiing,men,sprint,team,,,,,,team,NO,NO,NO,,sprint | team,0,"[""men"", false, false, [""sprint"", ""team""], [], [], []]",fuente1
1311,"15 kilometres, Men (Olympic)",biathlon,biathlon,men,,,,,,,kilometres,,NO,NO,NO,kilometres,,0,"[""men"", false, false, [], [], [], [""kilometres""]]",fuente1
1312,Military Ski Patrol (Skiing),,,,,,,,,,military | patrol | ski | skiing,,NO,NO,NO,military | patrol | ski | skiing,,0,"["""", false, false, [], [], [], [""military"", ""patrol"", ""ski"", ""skiing""]]",
1313,"Military Ski Patrol, Men (Olympic)",skiing,cross country skiing,men,,,,,,,military | patrol | ski,,NO,NO,NO,military | patrol | ski,,0,"[""men"", false, false, [], [], [], [""military"", ""patrol"", ""ski""]]",fuente1
1314,"Aerials, Men (Olympic (non-medal))",skiing,freestyle skiing,men,,,,,,,aerials | medal,,NO,YES,NO,aerials | medal,,0,"[""men"", false, true, [], [], [], [""aerials"", ""medal""]]",fuente1
1315,"Aerials, Men (Olympic)",skiing,freestyle skiing,men,,,,,,,aerials,,NO,NO,NO,aerials,,0,"[""men"", false, false, [], [], [], [""aerials""]]",fuente1
1316,Ski Jumping (Skiing),,,,,,,,,,jumping | ski | skiing,,NO,NO,NO,jumping | ski | skiing,,0,"["""", false, false, [], [], [], [""jumping"", ""ski"", ""skiing""]]",
1317,"Large Hill, Individual, Men (Olympic)",skiing,alpine skiing,men,individual,,individual,,,,hill | large,individual,NO,NO,NO,hill | large,individual,0,"[""men"", false, false, [""individual""], [], [], [""hill"", ""large""]]",fuente1
1318,"Ice Hockey Exhibition, Men (Olympic (non-medal))",,,,,,,,,,exhibition | hockey | ice | medal,,NO,YES,NO,exhibition | hockey | ice | medal,,0,"["""", false, true, [], [], [], [""exhibition"", ""hockey"", ""ice"", ""medal""]]",
1319,"18 kilometres, Men (Olympic)",,,,,,,,,,kilometres,,NO,NO,NO,kilometres,,0,"["""", false, false, [], [], [], [""kilometres""]]",
1320,Nordic Combined (Skiing),,,,combined,,,,,,nordic | skiing,,NO,NO,NO,nordic | skiing,combined,0,"["""", false, false, [""combined""], [], [], [""nordic"", ""skiing""]]",
1321,"Individual, Men (Olympic)",skiing,alpine skiing,men,individual,,individual,,,,,individual,NO,NO,NO,,individual,0,"[""men"", false, false, [""individual""], [], [], []]",fuente1
1322,Ski Jumping (Skiing),,,,,,,,,,jumping | ski | skiing,,NO,NO,NO,jumping | ski | skiing,,0,"["""", false, false, [], [], [], [""jumping"", ""ski"", ""skiing""]]",
1323,"Large Hill, Individual, Men (Olympic)",skiing,nordic combined,men,individual,,individual,,,,hill | large,individual,NO,NO,NO,hill | large,individual,0,"[""men"", false, false, [""individual""], [], [], [""hill"", ""large""]]",fuente1
1324,"500 metres, Men (Olympic)",skating,short track speed skating,men,,,,,,,metres,,NO,NO,NO,metres,,0,"[""men"", false, false, [], [], [], [""metres""]]",fuente1
1325,"1,000 metres, Men (Olympic)",skating,short track speed skating,men,,,,,,,metres,,NO,NO,NO,metres,,0,"[""men"", false, false, [], [], [], [""metres""]]",fuente1
1326,"Moguls, Men (Olympic (non-medal))",skiing,freestyle skiing,men,,,,,,,medal | moguls,,NO,YES,NO,medal | moguls,,0,"[""men"", false, true, [], [], [], [""medal"", ""moguls""]]",fuente1
1327,Skeleton (Bobsleigh),,,,,,,,,,bobsleigh | skeleton,,NO,NO,NO,bobsleigh | skeleton,,0,"["""", false, false, [], [], [], [""bobsleigh"", ""skeleton""]]",
1328,"Skeleton, Men (Olympic)",,,,,,,,,,skeleton,,NO,NO,NO,skeleton,,0,"["""", false, false, [], [], [], [""skeleton""]]",
1329,Nordic Combined (Skiing),,,,combined,,,,,,nordic | skiing,,NO,NO,NO,nordic | skiing,combined,0,"["""", false, false, [""combined""], [], [], [""nordic"", ""skiing""]]",
1330,"Individual, Men (Olympic)",skiing,military ski patrol,men,individual,,individual,,,,,individual,NO,NO,NO,,individual,0,"[""men"", false, false, [""individual""], [], [], []]",fuente1
1331,Ski Jumping (Skiing),,,,,,,,,,jumping | ski | skiing,,NO,NO,NO,jumping | ski | skiing,,0,"["""", false, false, [], [], [], [""jumping"", ""ski"", ""skiing""]]",
1332,"Large Hill, Individual, Men (Olympic)",skiing,military ski patrol,men,individual,,individual,,,,hill | large,individual,NO,NO,NO,hill | large,individual,0,"[""men"", false, false, [""individual""], [], [], [""hill"", ""large""]]",fuente1
1333,"12.5 kilometres Pursuit, Men (Olympic)",,,,pursuit,,,,,,kilometres,,NO,NO,NO,kilometres,pursuit,0,"["""", false, false, [""pursuit""], [], [], [""kilometres""]]",
1334,"15 kilometres Mass Start, Men (Olympic)",biathlon,biathlon,men,,,,,,,kilometres | mass | start,,NO,NO,NO,kilometres | mass | start,,0,"[""men"", false, false, [], [], [], [""kilometres"", ""mass"", ""start""]]",fuente1
1335,"2 × 6 kilometres and 2 × 7.5 kilometres Relay, Mixed (Olympic)",biathlon,biathlon,mixed,mixed,team,,,,,and | kilometres | kilometres | x | x,relay,NO,NO,YES,and | kilometres | kilometres | x | x,mixed | relay,0,"[""mixed"", false, false, [""mixed"", ""relay""], [], [], [""and"", ""kilometres"", ""kilometres"", ""x"", ""x""]]",fuente1
1336,Cross Country Skiing (Skiing),,,,,,,,,,country | cross | skiing | skiing,,NO,NO,NO,country | cross | skiing | skiing,,0,"["""", false, false, [], [], [], [""country"", ""cross"", ""skiing"", ""skiing""]]",
1337,"18 kilometres, Men (Olympic)",,,,,,,,,,kilometres,,NO,NO,NO,kilometres,,0,"["""", false, false, [], [], [], [""kilometres""]]",
1338,"Team Pursuit (8 laps), Men (Olympic)",,,,pursuit,team,,,,,laps,team,NO,NO,NO,laps,pursuit | team,0,"["""", false, false, [""pursuit"", ""team""], [], [], [""laps""]]",
1339,"1,500 metres, Men (Olympic)",skating,short track speed skating,men,,,,,,,metres,,NO,NO,NO,metres,,0,"[""men"", false, false, [], [], [], [""metres""]]",fuente1
1340,"Special Figures, Men (Olympic)",,,,,,,,,,figures | special,,NO,NO,NO,figures | special,,0,"["""", false, false, [], [], [], [""figures"", ""special""]]",
1341,"Large Hill, Team, Men (Olympic)",skiing,nordic combined,men,team,team,,,,,hill | large,team,NO,NO,NO,hill | large,team,0,"[""men"", false, false, [""team""], [], [], [""hill"", ""large""]]",fuente1
1342,"50 kilometres, Men (Olympic)",,,,,,,,,,kilometres,,NO,NO,NO,kilometres,,0,"["""", false, false, [], [], [], [""kilometres""]]",
1343,Cross Country Skiing (Skiing),,,,,,,,,,country | cross | skiing | skiing,,NO,NO,NO,country | cross | skiing | skiing,,0,"["""", false, false, [], [], [], [""country"", ""cross"", ""skiing"", ""skiing""]]",
1344,"50 kilometres, Men (Olympic)",,,,,,,,,,kilometres,,NO,NO,NO,kilometres,,0,"["""", false, false, [], [], [], [""kilometres""]]",
1345,Ski Jumping (Skiing),,,,,,,,,,jumping | ski | skiing,,NO,NO,NO,jumping | ski | skiing,,0,"["""", false, false, [], [], [], [""jumping"", ""ski"", ""skiing""]]",
1346,"Large Hill, Individual, Men (Olympic)",,,,individual,,individual,,,,hill | large,individual,NO,NO,NO,hill | large,individual,0,"["""", false, false, [""individual""], [], [], [""hill"", ""large""]]",
1347,Military Ski Patrol (Skiing),,,,,,,,,,military | patrol | ski | skiing,,NO,NO,NO,military | patrol | ski | skiing,,0,"["""", false, false, [], [], [], [""military"", ""patrol"", ""ski"", ""skiing""]]",
1348,"Military Ski Patrol, Men (Olympic (non-medal))",,,,,,,,,,medal | military | patrol | ski,,NO,YES,NO,medal | military | patrol | ski,,0,"["""", false, true, [], [], [], [""medal"", ""military"", ""patrol"", ""ski""]]",
1349,"Normal Hill, Individual, Men (Olympic)",skiing,nordic combined,men,individual,,individual,,,,hill | normal,individual,NO,NO,NO,hill | normal,individual,0,"[""men"", false, false, [""individual""], [], [], [""hill"", ""normal""]]",fuente1
1350,Speed Skating (Skating),,,,,,,,,,skating | skating | speed,,NO,NO,NO,skating | skating | speed,,0,"["""", false, false, [], [], [], [""skating"", ""skating"", ""speed""]]",
1351,"500 metres, Men (Olympic)",ice hockey,ice hockey,men,,,,,,,metres,,NO,NO,NO,metres,,0,"[""men"", false, false, [], [], [], [""metres""]]",fuente1
1352,"1,500 metres, Men (Olympic)",ice hockey,ice hockey,men,,,,,,,metres,,NO,NO,NO,metres,,0,"[""men"", false, false, [], [], [], [""metres""]]",fuente1
1353,"5,000 metres, Men (Olympic)",,,,,,,,,,metres,,NO,NO,NO,metres,,0,"["""", false, false, [], [], [], [""metres""]]",
1354,"Allround, Men (Olympic)",,,,,,,,,,allround,,NO,NO,NO,allround,,0,"["""", false, false, [], [], [], [""allround""]]",
1355,Ice Hockey (Ice Hockey),,,,,,,,,,hockey | hockey | ice | ice,,NO,NO,NO,hockey | hockey | ice | ice,,0,"["""", false, false, [], [], [], [""hockey"", ""hockey"", ""ice"", ""ice""]]",
1356,"Ice Hockey, Men (Olympic)",,,,,,,,,,hockey | ice,,NO,NO,NO,hockey | ice,,0,"["""", false, false, [], [], [], [""hockey"", ""ice""]]",
1357,Ice Hockey (Ice Hockey),,,,,,,,,,hockey | hockey | ice | ice,,NO,NO,NO,hockey | hockey | ice | ice,,0,"["""", false, false, [], [], [], [""hockey"", ""hockey"", ""ice"", ""ice""]]",
1358,"Ice Hockey, Men (Olympic)",,,,,,,,,,hockey | ice,,NO,NO,NO,hockey | ice,,0,"["""", false, false, [], [], [], [""hockey"", ""ice""]]",
1359,Bobsleigh (Bobsleigh),,,,,,,,,,bobsleigh | bobsleigh,,NO,NO,NO,bobsleigh | bobsleigh,,0,"["""", false, false, [], [], [], [""bobsleigh"", ""bobsleigh""]]",
1360,"Four, Men (Olympic)",,,,,,,,,,four,,NO,NO,NO,four,,0,"["""", false, false, [], [], [], [""four""]]",
1361,"Team Relay, Mixed (Olympic)",luge,luge,mixed,mixed,team,,,,,,relay | team,NO,NO,YES,,mixed | relay | team,0,"[""mixed"", false, false, [""mixed"", ""relay"", ""team""], [], [], []]",fuente1
1362,Alpine Skiing (Skiing),,,,,,,,,,alpine | skiing | skiing,,NO,NO,NO,alpine | skiing | skiing,,0,"["""", false, false, [], [], [], [""alpine"", ""skiing"", ""skiing""]]",
1363,"Combined, Men (Olympic)",,,,combined,,,,,,,,NO,NO,NO,,combined,0,"["""", false, false, [""combined""], [], [], []]",
1364,"50 kilometres, Men (Olympic)",,,,,,,,,,kilometres,,NO,NO,NO,kilometres,,0,"["""", false, false, [], [], [], [""kilometres""]]",
1365,"Military Ski Patrol, Men (Olympic (non-medal))",skiing,cross country skiing,men,,,,,,,medal | military | patrol | ski,,NO,YES,NO,medal | military | patrol | ski,,0,"[""men"", false, true, [], [], [], [""medal"", ""military"", ""patrol"", ""ski""]]",fuente1
1366,"15 kilometres, Men (Olympic)",,,,,,,,,,kilometres,,NO,NO,NO,kilometres,,0,"["""", false, false, [], [], [], [""kilometres""]]",
1367,"Ballet, Men (Olympic (non-medal))",,,,,,,,,,ballet | medal,,NO,YES,NO,ballet | medal,,0,"["""", false, true, [], [], [], [""ballet"", ""medal""]]",
1368,"Sprint, Men (Olympic)",,,,sprint,,,,,,,,NO,NO,NO,,sprint,0,"["""", false, false, [""sprint""], [], [], []]",
1369,"Normal Hill / 10 km, Individual, Men (Olympic)",skiing,nordic combined,men,individual,,individual,10 km,,,hill | normal,individual,NO,NO,NO,hill | normal,individual,0,"[""men"", false, false, [""individual""], [""10 km""], [], [""hill"", ""normal""]]",fuente1
1370,"Large Hill / 10 km, Individual, Men (Olympic)",skiing,nordic combined,men,individual,,individual,10 km,,,hill | large,individual,NO,NO,NO,hill | large,individual,0,"[""men"", false, false, [""individual""], [""10 km""], [], [""hill"", ""large""]]",fuente1
1371,Cross Country Skiing (Skiing),,,,,,,,,,country | cross | skiing | skiing,,NO,NO,NO,country | cross | skiing | skiing,,0,"["""", false, false, [], [], [], [""country"", ""cross"", ""skiing"", ""skiing""]]",
1372,"50 kilometres, Men (Olympic)",,,,,,,,,,kilometres,,NO,NO,NO,kilometres,,0,"["""", false, false, [], [], [], [""kilometres""]]",
1373,"30 kilometres, Men (Olympic)",,,,,,,,,,kilometres,,NO,NO,NO,kilometres,,0,"["""", false, false, [], [], [], [""kilometres""]]",
1374,"Sculpturing, Medals, Open (Olympic)",,,,,,,,,,medals | open | sculpturing,,NO,NO,NO,medals | open | sculpturing,,0,"["""", false, false, [], [], [], [""medals"", ""open"", ""sculpturing""]]",
1375,"Kayak Singles, 200 metres, Women (Olympic)",,,,singles,,individual,,,,kayak | metres,singles,NO,NO,NO,kayak | metres,singles,0,"["""", false, false, [""singles""], [], [], [""kayak"", ""metres""]]",
1376,"Kayak Singles, 200 metres, Men (Olympic)",,,,singles,,individual,,,,kayak | metres,singles,NO,NO,NO,kayak | metres,singles,0,"["""", false, false, [""singles""], [], [], [""kayak"", ""metres""]]",
1377,"Kayak Doubles, 200 metres, Men (Olympic)",,,,doubles,,individual,,,,kayak | metres,doubles,NO,NO,NO,kayak | metres,doubles,0,"["""", false, false, [""doubles""], [], [], [""kayak"", ""metres""]]",
1378,"Kayak Fours, 500 metres, Men (Olympic)",,,,,,,,,,fours | kayak | metres,,NO,NO,NO,fours | kayak | metres,,0,"["""", false, false, [], [], [], [""fours"", ""kayak"", ""metres""]]",
1379,"Omnium, Women (Olympic)",cycling,cycling track,women,,,,,,,omnium,,NO,NO,NO,omnium,,0,"[""women"", false, false, [], [], [], [""omnium""]]",fuente1
1380,"BMX, Men (Olympic)",,,,,,,,,,bmx,,NO,NO,NO,bmx,,0,"["""", false, false, [], [], [], [""bmx""]]",
1381,"Individual, Men (Olympic)",,,,individual,,individual,,,,,individual,NO,NO,NO,,individual,0,"["""", false, false, [""individual""], [], [], []]",
1382,"Individual, Women (Olympic)",,,,individual,,individual,,,,,individual,NO,NO,NO,,individual,0,"["""", false, false, [""individual""], [], [], []]",
1383,"Team, Men (Olympic)",skiing,cross country skiing,men,team,team,,,,,,team,NO,NO,NO,,team,0,"[""men"", false, false, [""team""], [], [], []]",fuente1
1384,"Lightweight, Freestyle, Women (Olympic)",,,,freestyle,,,,,,,,NO,NO,NO,,freestyle | lightweight,0,"["""", false, false, [""freestyle"", ""lightweight""], [], [], []]",
1385,"Windsurfer, Women (Olympic (non-medal))",sailing,sailing,women,,,,,,,medal | windsurfer,,NO,YES,NO,medal | windsurfer,,0,"[""women"", false, true, [], [], [], [""medal"", ""windsurfer""]]",fuente1
1386,"Trap, Team, Mixed (Olympic)",shooting,shooting,mixed,mixed,team,,,,,trap,team,NO,NO,YES,trap,mixed | team,0,"[""mixed"", false, false, [""mixed"", ""team""], [], [], [""trap""]]",fuente1
1387,"Air Pistol, 10 metres, Team, Mixed (Olympic)",shooting,shooting,mixed,mixed,team,,,,,air | metres | pistol,team,NO,NO,YES,air | metres | pistol,mixed | team,0,"[""mixed"", false, false, [""mixed"", ""team""], [], [], [""air"", ""metres"", ""pistol""]]",fuente1
1388,Marathon Swimming (Aquatics),,,,,,,,,,aquatics | marathon | swimming,,NO,NO,NO,aquatics | marathon | swimming,,0,"["""", false, false, [], [], [], [""aquatics"", ""marathon"", ""swimming""]]",
1389,"10 kilometres Open Water, Women (Olympic)",,,,,,,,,,kilometres | open | water,,NO,NO,NO,kilometres | open | water,,0,"["""", false, false, [], [], [], [""kilometres"", ""open"", ""water""]]",
1390,"10 kilometres Open Water, Women (Olympic)",,,,,,,,,,kilometres | open | water,,NO,NO,NO,kilometres | open | water,,0,"["""", false, false, [], [], [], [""kilometres"", ""open"", ""water""]]",
1391,"10 kilometres Open Water, Men (Olympic)",,,,,,,,,,kilometres | open | water,,NO,NO,NO,kilometres | open | water,,0,"["""", false, false, [], [], [], [""kilometres"", ""open"", ""water""]]",
1392,"10 kilometres Open Water, Men (Olympic)",,,,,,,,,,kilometres | open | water,,NO,NO,NO,kilometres | open | water,,0,"["""", false, false, [], [], [], [""kilometres"", ""open"", ""water""]]",
1393,"Featherweight, Men (Olympic)",,,,,,,,,,featherweight,,NO,NO,NO,featherweight,,0,"["""", false, false, [], [], [], [""featherweight""]]",
1394,"Flyweight, Men (Olympic)",,,,,,,,,,flyweight,,NO,NO,NO,flyweight,,0,"["""", false, false, [], [], [], [""flyweight""]]",
1395,"Flyweight, Women (Olympic)",,,,,,,,,,flyweight,,NO,NO,NO,flyweight,,0,"["""", false, false, [], [], [], [""flyweight""]]",
1396,"Featherweight, Women (Olympic)",,,,,,,,,,featherweight,,NO,NO,NO,featherweight,,0,"["""", false, false, [], [], [], [""featherweight""]]",
1397,"Welterweight, Men (Olympic)",,,,,,,,,,welterweight,,NO,NO,NO,welterweight,,0,"["""", false, false, [], [], [], [""welterweight""]]",
1398,"Finweight, Men (Olympic (non-medal))",,,,,,,,,,finweight | medal,,NO,YES,NO,finweight | medal,,0,"["""", false, true, [], [], [], [""finweight"", ""medal""]]",
1399,"Welterweight, Women (Olympic)",taekwondo,taekwondo,women,,,,,,,welterweight,,NO,NO,NO,welterweight,,0,"[""women"", false, false, [], [], [], [""welterweight""]]",fuente1
1400,"Heavyweight, Men (Olympic)",,,,heavyweight,,,,,,,,NO,NO,NO,,heavyweight,0,"["""", false, false, [""heavyweight""], [], [], []]",
1401,"Heavyweight, Women (Olympic)",taekwondo,taekwondo,women,heavyweight,,,,,,,,NO,NO,NO,,heavyweight,0,"[""women"", false, false, [""heavyweight""], [], [], []]",fuente1
1402,"Lightweight, Women (Olympic (non-medal))",,,,lightweight,,,,,,medal,,NO,YES,NO,medal,lightweight,0,"["""", false, true, [""lightweight""], [], [], [""medal""]]",
1403,"Welterweight, Women (Olympic (non-medal))",taekwondo,taekwondo,women,,,,,,,medal | welterweight,,NO,YES,NO,medal | welterweight,,0,"[""women"", false, true, [], [], [], [""medal"", ""welterweight""]]",fuente1
1404,"Bantamweight, Men (Olympic (non-medal))",,,,,,,,,,bantamweight | medal,,NO,YES,NO,bantamweight | medal,,0,"["""", false, true, [], [], [], [""bantamweight"", ""medal""]]",
1405,"Middleweight, Women (Olympic (non-medal))",,,,,,,,,,medal | middleweight,,NO,YES,NO,medal | middleweight,,0,"["""", false, true, [], [], [], [""medal"", ""middleweight""]]",
1406,"Heavyweight, Women (Olympic (non-medal))",taekwondo,taekwondo,women,heavyweight,,,,,,medal,,NO,YES,NO,medal,heavyweight,0,"[""women"", false, true, [""heavyweight""], [], [], [""medal""]]",fuente1
1407,"Olympic Distance, Men (Olympic)",,,,,,,,,,distance,,NO,NO,NO,distance,,0,"["""", false, false, [], [], [], [""distance""]]",
1408,Athletics,,,,,,,,,,athletics,,NO,NO,NO,athletics,,0,"["""", false, false, [], [], [], [""athletics""]]",
1409,"10,000 metres, Women (Olympic)",,,,,,,,,,metres,,NO,NO,NO,metres,,0,"["""", false, false, [], [], [], [""metres""]]",
1410,"Water Polo, Women (Olympic)",aquatics,water polo,women,,,,,,,,,NO,NO,NO,,,0,"[""women"", false, false, [], [], [], []]",fuente1
1411,"Light-Heavyweight, Women (Olympic)",weightlifting,weightlifting,women,heavyweight,,,,,,light,,NO,NO,NO,light,heavyweight,0,"[""women"", false, false, [""heavyweight""], [], [], [""light""]]",fuente1
1412,"Lightweight, Women (Olympic)",,,,lightweight,,,,,,,,NO,NO,NO,,lightweight,0,"["""", false, false, [""lightweight""], [], [], []]",
1413,"Middleweight, Women (Olympic)",,,,,,,,,,middleweight,,NO,NO,NO,middleweight,,0,"["""", false, false, [], [], [], [""middleweight""]]",
1414,"Super-Heavyweight, Women (Olympic)",weightlifting,weightlifting,women,heavyweight,,,,,,super,,NO,NO,NO,super,heavyweight,0,"[""women"", false, false, [""heavyweight""], [], [], [""super""]]",fuente1
1415,"Featherweight, Women (Olympic)",,,,,,,,,,featherweight,,NO,NO,NO,featherweight,,0,"["""", false, false, [], [], [], [""featherweight""]]",
1416,"Flyweight, Women (Olympic)",,,,,,,,,,flyweight,,NO,NO,NO,flyweight,,0,"["""", false, false, [], [], [], [""flyweight""]]",
1417,Alpine Skiing (Skiing),,,,,,,,,,alpine | skiing | skiing,,NO,NO,NO,alpine | skiing | skiing,,0,"["""", false, false, [], [], [], [""alpine"", ""skiing"", ""skiing""]]",
1418,"Combined, Men (Olympic)",,,,combined,,,,,,,,NO,NO,NO,,combined,0,"["""", false, false, [""combined""], [], [], []]",
1419,Nordic Combined (Skiing),,,,combined,,,,,,nordic | skiing,,NO,NO,NO,nordic | skiing,combined,0,"["""", false, false, [""combined""], [], [], [""nordic"", ""skiing""]]",
1420,"Individual, Men (Olympic)",skiing,ski jumping,men,individual,,individual,,,,,individual,NO,NO,NO,,individual,0,"[""men"", false, false, [""individual""], [], [], []]",fuente1
1421,Football (Football),,,,,,,,,,football | football,,NO,NO,NO,football | football,,0,"["""", false, false, [], [], [], [""football"", ""football""]]",
1422,"Football, Men (Olympic)",,,,,,,,,,football,,NO,NO,NO,football,,0,"["""", false, false, [], [], [], [""football""]]",
1423,"Ski Cross, Men (Olympic)",,,,,,,,,,cross | ski,,NO,NO,NO,cross | ski,,0,"["""", false, false, [], [], [], [""cross"", ""ski""]]",
1424,"10,000 metres, Men (Olympic)",,,,,,,,,,metres,,NO,NO,NO,metres,,0,"["""", false, false, [], [], [], [""metres""]]",
1425,Alpine Skiing (Skiing),,,,,,,,,,alpine | skiing | skiing,,NO,NO,NO,alpine | skiing | skiing,,0,"["""", false, false, [], [], [], [""alpine"", ""skiing"", ""skiing""]]",
1426,"Giant Slalom, Men (Olympic)",,,,,,,,,,giant | slalom,,NO,NO,NO,giant | slalom,,0,"["""", false, false, [], [], [], [""giant"", ""slalom""]]",
1427,"50 kilometres, Men (Olympic)",,,,,,,,,,kilometres,,NO,NO,NO,kilometres,,0,"["""", false, false, [], [], [], [""kilometres""]]",
1428,Skijoring (Skiing),,,,,,,,,,skiing | skijoring,,NO,NO,NO,skiing | skijoring,,0,"["""", false, false, [], [], [], [""skiing"", ""skijoring""]]",
1429,"Ski Joring, Men (Olympic (non-medal))",,,,,,,,,,joring | medal | ski,,NO,YES,NO,joring | medal | ski,,0,"["""", false, true, [], [], [], [""joring"", ""medal"", ""ski""]]",
1430,"Two, Men (Olympic)",,,,,,,,,,two,,NO,NO,NO,two,,0,"["""", false, false, [], [], [], [""two""]]",
1431,"Sprint, Men (Olympic)",biathlon,biathlon,men,sprint,,,,,,,,NO,NO,NO,,sprint,0,"[""men"", false, false, [""sprint""], [], [], []]",fuente1
1432,"Giant Slalom, Men (Olympic)",skiing,snowboard,men,,,,,,,giant | slalom,,NO,NO,NO,giant | slalom,,0,"[""men"", false, false, [], [], [], [""giant"", ""slalom""]]",fuente1
1433,"Parallel Giant Slalom, Men (Olympic)",skiing,snowboard,men,,,,,,,giant | parallel | slalom,,NO,NO,NO,giant | parallel | slalom,,0,"[""men"", false, false, [], [], [], [""giant"", ""parallel"", ""slalom""]]",fuente1
1434,"Giant Slalom, Women (Olympic)",skiing,snowboard,women,,,,,,,giant | slalom,,NO,NO,NO,giant | slalom,,0,"[""women"", false, false, [], [], [], [""giant"", ""slalom""]]",fuente1
1435,"Cross, Men (Olympic)",,,,,,,,,,cross,,NO,NO,NO,cross,,0,"["""", false, false, [], [], [], [""cross""]]",
1436,"Parallel Slalom, Men (Olympic)",skiing,snowboard,men,,,,,,,parallel | slalom,,NO,NO,NO,parallel | slalom,,0,"[""men"", false, false, [], [], [], [""parallel"", ""slalom""]]",fuente1
1437,"Halfpipe, Men (Olympic)",,,,,,,,,,halfpipe,,NO,NO,NO,halfpipe,,0,"["""", false, false, [], [], [], [""halfpipe""]]",
1438,"Halfpipe, Women (Olympic)",,,,,,,,,,halfpipe,,NO,NO,NO,halfpipe,,0,"["""", false, false, [], [], [], [""halfpipe""]]",
1439,"Cross, Women (Olympic)",,,,,,,,,,cross,,NO,NO,NO,cross,,0,"["""", false, false, [], [], [], [""cross""]]",
1440,"Parallel Giant Slalom, Women (Olympic)",skiing,snowboard,women,,,,,,,giant | parallel | slalom,,NO,NO,NO,giant | parallel | slalom,,0,"[""women"", false, false, [], [], [], [""giant"", ""parallel"", ""slalom""]]",fuente1
1441,"Curling, Women (Olympic)",curling,curling,women,,,,,,,,,NO,NO,NO,,,0,"[""women"", false, false, [], [], [], []]",fuente1
1442,"Curling, Women (Olympic (non-medal))",curling,curling,women,,,,,,,medal,,NO,YES,NO,medal,,0,"[""women"", false, true, [], [], [], [""medal""]]",fuente1
1443,"Curling, Men (Olympic)",curling,curling,men,,,,,,,,,NO,NO,NO,,,0,"[""men"", false, false, [], [], [], []]",fuente1
1444,"Curling, Men (Olympic (non-medal))",curling,curling,men,,,,,,,medal,,NO,YES,NO,medal,,0,"[""men"", false, true, [], [], [], [""medal""]]",fuente1
1445,"Ice Hockey, Women (Olympic)",ice hockey,ice hockey,women,,,,,,,,,NO,NO,NO,,,0,"[""women"", false, false, [], [], [], []]",fuente1
1446,"18 foot, Open (Olympic)",,,,,,,,,,foot | open,,NO,NO,NO,foot | open,,0,"["""", false, false, [], [], [], [""foot"", ""open""]]",
1447,"Slopestyle, Women (Olympic)",,,,,,,,,,slopestyle,,NO,NO,NO,slopestyle,,0,"["""", false, false, [], [], [], [""slopestyle""]]",
1448,"10/10 kilometres Pursuit, Men (Olympic)",biathlon,biathlon,men,pursuit,,,,,,kilometres,,NO,NO,NO,kilometres,pursuit,0,"[""men"", false, false, [""pursuit""], [], [], [""kilometres""]]",fuente1
1449,"Team, Mixed (Olympic)",,,,mixed,team,,,,,,team,NO,NO,YES,,mixed | team,0,"["""", false, false, [""mixed"", ""team""], [], [], []]",
1450,"Parallel Slalom, Women (Olympic)",skiing,snowboard,women,,,,,,,parallel | slalom,,NO,NO,NO,parallel | slalom,,0,"[""women"", false, false, [], [], [], [""parallel"", ""slalom""]]",fuente1
1451,"Skeleton, Women (Olympic)",bobsleigh,skeleton,women,,,,,,,,,NO,NO,NO,,,0,"[""women"", false, false, [], [], [], []]",fuente1
1452,"Team, Mixed (Olympic)",,,,mixed,team,,,,,,team,NO,NO,YES,,mixed | team,0,"["""", false, false, [""mixed"", ""team""], [], [], []]",
1453,"Four, Open (Olympic)",,,,,,,,,,four | open,,NO,NO,NO,four | open,,0,"["""", false, false, [], [], [], [""four"", ""open""]]",
1454,"High Jump, Men (Olympic (non-medal))",aquatics,swimming,men,,,,,,,high | jump | medal,,NO,YES,NO,high | jump | medal,,0,"[""men"", false, true, [], [], [], [""high"", ""jump"", ""medal""]]",fuente1
1455,"Standing High Jump, Men (Olympic)",,,,,,,,,,high | jump | standing,,NO,NO,NO,high | jump | standing,,0,"["""", false, false, [], [], [], [""high"", ""jump"", ""standing""]]",
1456,"Pole Vault, Men (Olympic (non-medal))",aquatics,swimming,men,,,,,,,medal | pole | vault,,NO,YES,NO,medal | pole | vault,,0,"[""men"", false, true, [], [], [], [""medal"", ""pole"", ""vault""]]",fuente1
1457,"High Jump, Handicap, Men (Olympic (non-medal))",aquatics,swimming,men,,,,,,,handicap | high | jump | medal,,NO,YES,NO,handicap | high | jump | medal,,0,"[""men"", false, true, [], [], [], [""handicap"", ""high"", ""jump"", ""medal""]]",fuente1
1458,"Pole Vault, Handicap, Men (Olympic (non-medal))",aquatics,swimming,men,,,,,,,handicap | medal | pole | vault,,NO,YES,NO,handicap | medal | pole | vault,,0,"[""men"", false, true, [], [], [], [""handicap"", ""medal"", ""pole"", ""vault""]]",fuente1
1459,"Plunge For Distance, Men (Olympic)",,,,,,,,,,distance | for | plunge,,NO,NO,NO,distance | for | plunge,,0,"["""", false, false, [], [], [], [""distance"", ""for"", ""plunge""]]",
1460,"220 yards, Handicap, Men (Olympic (non-medal))",,,,,,,,,,handicap | medal | yards,,NO,YES,NO,handicap | medal | yards,,0,"["""", false, true, [], [], [], [""handicap"", ""medal"", ""yards""]]",
1461,"1 mile, Handicap, Men (Olympic (non-medal))",,,,,,,,,,handicap | medal | mile,,NO,YES,NO,handicap | medal | mile,,0,"["""", false, true, [], [], [], [""handicap"", ""medal"", ""mile""]]",
1462,"Singles, Men (Olympic)",,,,singles,,individual,,,,,singles,NO,NO,NO,,singles,0,"["""", false, false, [""singles""], [], [], []]",
1463,"Unknown Event, Men (Olympic)",,,,,,,,,,unknown,,NO,NO,NO,unknown,,0,"["""", false, false, [], [], [], [""unknown""]]",
1464,"4 × 100 metres Medley Relay, Mixed (Olympic)",aquatics,swimming,mixed,mixed,team,,,,,medley | metres | x,relay,NO,NO,YES,medley | metres | x,mixed | relay,0,"[""mixed"", false, false, [""mixed"", ""relay""], [], [], [""medley"", ""metres"", ""x""]]",fuente1
1465,"1,500 metres Freestyle, Women (Olympic)",,,,freestyle,,,,,,metres,,NO,NO,NO,metres,freestyle,0,"["""", false, false, [""freestyle""], [], [], [""metres""]]",
1466,"Skiff, Women (Olympic)",sailing,sailing,women,,,,,,,skiff,,NO,NO,NO,skiff,,0,"[""women"", false, false, [], [], [], [""skiff""]]",fuente1
1467,"Skiff, Men (Olympic)",sailing,sailing,men,,,,,,,skiff,,NO,NO,NO,skiff,,0,"[""men"", false, false, [], [], [], [""skiff""]]",fuente1
1468,"Air Rifle, 10 metres, Team, Mixed (Olympic)",shooting,shooting,mixed,mixed,team,,,,,air | metres | rifle,team,NO,NO,YES,air | metres | rifle,mixed | team,0,"[""mixed"", false, false, [""mixed"", ""team""], [], [], [""air"", ""metres"", ""rifle""]]",fuente1
1469,"Canadian Singles, 200 metres, Men (Olympic)",,,,singles,,individual,,,,canadian | metres,singles,NO,NO,NO,canadian | metres,singles,0,"["""", false, false, [""singles""], [], [], [""canadian"", ""metres""]]",
1470,"Sabre, Individual, Women (Olympic)",fencing,fencing,women,individual,,individual,,,,sabre,individual,NO,NO,NO,sabre,individual,0,"[""women"", false, false, [""individual""], [], [], [""sabre""]]",fuente1
1471,"Sabre, Team, Women (Olympic)",fencing,fencing,women,team,team,,,,,sabre,team,NO,NO,NO,sabre,team,0,"[""women"", false, false, [""team""], [], [], [""sabre""]]",fuente1
1472,"Relay, Mixed (Olympic)",triathlon,triathlon,mixed,mixed,team,,,,,,relay,NO,NO,YES,,mixed | relay,0,"[""mixed"", false, false, [""mixed"", ""relay""], [], [], []]",fuente1
1473,"Team Pursuit, Women (Olympic)",cycling,cycling track,women,pursuit,team,,,,,,team,NO,NO,NO,,pursuit | team,0,"[""women"", false, false, [""pursuit"", ""team""], [], [], []]",fuente1
1474,"Keirin, Men (Olympic)",,,,,,,,,,keirin,,NO,NO,NO,keirin,,0,"["""", false, false, [], [], [], [""keirin""]]",
1475,"Doubles, Mixed (Olympic)",table tennis,table tennis,mixed,mixed,,individual,,,,,doubles,NO,NO,YES,,doubles | mixed,0,"[""mixed"", false, false, [""doubles"", ""mixed""], [], [], []]",fuente1
1476,"Flyweight, Freestyle, Women (Olympic)",,,,freestyle,,,,,,flyweight,,NO,NO,NO,flyweight,freestyle,0,"["""", false, false, [""freestyle""], [], [], [""flyweight""]]",
1477,"Featherweight, Freestyle, Women (Olympic)",,,,freestyle,,,,,,featherweight,,NO,NO,NO,featherweight,freestyle,0,"["""", false, false, [""freestyle""], [], [], [""featherweight""]]",
1478,"Middleweight, Freestyle, Women (Olympic)",,,,freestyle,,,,,,middleweight,,NO,NO,NO,middleweight,freestyle,0,"["""", false, false, [""freestyle""], [], [], [""middleweight""]]",
1479,"Mass Start, Men (Olympic)",,,,,,,,,,mass | start,,NO,NO,NO,mass | start,,0,"["""", false, false, [], [], [], [""mass"", ""start""]]",
1480,"Normal Hill, Team, Mixed (Olympic)",skiing,ski jumping,mixed,mixed,team,,,,,hill | normal,team,NO,NO,YES,hill | normal,mixed | team,0,"[""mixed"", false, false, [""mixed"", ""team""], [], [], [""hill"", ""normal""]]",fuente1
1481,"Slopestyle, Men (Olympic)",,,,,,,,,,slopestyle,,NO,NO,NO,slopestyle,,0,"["""", false, false, [], [], [], [""slopestyle""]]",
1482,"2,000 metres Relay, Mixed (Olympic)",,,,mixed,team,,,,,metres,relay,NO,NO,YES,metres,mixed | relay,0,"["""", false, false, [""mixed"", ""relay""], [], [], [""metres""]]",
1483,"Big Air, Women (Olympic)",,,,,,,,,,air | big,,NO,NO,NO,air | big,,0,"["""", false, false, [], [], [], [""air"", ""big""]]",
1484,"Team Cross, Mixed (Olympic)",,,,mixed,team,,,,,cross,team,NO,NO,YES,cross,mixed | team,0,"["""", false, false, [""mixed"", ""team""], [], [], [""cross""]]",
1485,"Individual, Girls (YOG)",,,,individual,,individual,,,,girls,individual,YES,NO,NO,girls,individual,0,"["""", true, false, [""individual""], [], [], [""girls""]]",
1486,"Team, Mixed Youth (YOG)",,,,mixed,team,,,,,,team,YES,NO,YES,,mixed | team,0,"["""", true, false, [""mixed"", ""team""], [], [], []]",
1487,"50 metres Freestyle, Girls (YOG)",,,,freestyle,,,,,,girls | metres,,YES,NO,NO,girls | metres,freestyle,0,"["""", true, false, [""freestyle""], [], [], [""girls"", ""metres""]]",
1488,"4 × 100 metres Freestyle Relay, Mixed Youth (YOG)",,,,mixed,team,,,,,metres | x,relay,YES,NO,YES,metres | x,freestyle | mixed | relay,0,"["""", true, false, [""freestyle"", ""mixed"", ""relay""], [], [], [""metres"", ""x""]]",
1489,"100 metres Freestyle, Girls (YOG)",aquatics,swimming,women,freestyle,,,,,,girls | metres,,YES,NO,NO,girls | metres,freestyle,0,"[""women"", true, false, [""freestyle""], [], [], [""girls"", ""metres""]]",fuente1
1490,"4 × 100 metres Medley Relay, Mixed Youth (YOG)",aquatics,swimming,mixed,mixed,team,,,,,medley | metres | x,relay,YES,NO,YES,medley | metres | x,mixed | relay,0,"[""mixed"", true, false, [""mixed"", ""relay""], [], [], [""medley"", ""metres"", ""x""]]",fuente1
1491,"200 metres Freestyle, Girls (YOG)",,,,freestyle,,,,,,girls | metres,,YES,NO,NO,girls | metres,freestyle,0,"["""", true, false, [""freestyle""], [], [], [""girls"", ""metres""]]",
1492,"4 × 100 metres Freestyle Relay, Girls (YOG)",aquatics,swimming,women,freestyle,team,,,,,girls | metres | x,relay,YES,NO,NO,girls | metres | x,freestyle | relay,0,"[""women"", true, false, [""freestyle"", ""relay""], [], [], [""girls"", ""metres"", ""x""]]",fuente1
1493,"4 × 100 metres Medley Relay, Girls (YOG)",,,,relay,team,,,,,girls | medley | metres | x,relay,YES,NO,NO,girls | medley | metres | x,relay,0,"["""", true, false, [""relay""], [], [], [""girls"", ""medley"", ""metres"", ""x""]]",
1494,"Team, Mixed (Olympic)",judo,judo,mixed,mixed,team,,,,,,team,NO,NO,YES,,mixed | team,0,"[""mixed"", false, false, [""mixed"", ""team""], [], [], []]",fuente1
1495,"BMX, Women (Olympic)",,,,,,,,,,bmx,,NO,NO,NO,bmx,,0,"["""", false, false, [], [], [], [""bmx""]]",
1496,"Team Sprint, Men (Olympic)",cycling,cycling road,men,sprint,team,,,,,,team,NO,NO,NO,,sprint | team,0,"[""men"", false, false, [""sprint"", ""team""], [], [], []]",fuente1
1497,Cycling Mountain Bike (Cycling),,,,,,,,,,bike | cycling | cycling | mountain,,NO,NO,NO,bike | cycling | cycling | mountain,,0,"["""", false, false, [], [], [], [""bike"", ""cycling"", ""cycling"", ""mountain""]]",
1498,"Cross-Country, Men (Olympic)",,,,,,,,,,country | cross,,NO,NO,NO,country | cross,,0,"["""", false, false, [], [], [], [""country"", ""cross""]]",
1499,"4 × 400 metres Relay, Mixed (Olympic)",,,,mixed,team,,,,,metres | x,relay,NO,NO,YES,metres | x,mixed | relay,0,"["""", false, false, [""mixed"", ""relay""], [], [], [""metres"", ""x""]]",
1500,"50 metres Freestyle, Boys (YOG)",,,,freestyle,,,,,,boys | metres,,YES,NO,NO,boys | metres,freestyle,0,"["""", true, false, [""freestyle""], [], [], [""boys"", ""metres""]]",
1501,"100 metres Freestyle, Boys (YOG)",aquatics,swimming,men,freestyle,,,,,,boys | metres,,YES,NO,NO,boys | metres,freestyle,0,"[""men"", true, false, [""freestyle""], [], [], [""boys"", ""metres""]]",fuente1
1502,"200 metres Freestyle, Boys (YOG)",,,,freestyle,,,,,,boys | metres,,YES,NO,NO,boys | metres,freestyle,0,"["""", true, false, [""freestyle""], [], [], [""boys"", ""metres""]]",
1503,"100 metres Backstroke, Boys (YOG)",,,,,,,,,,backstroke | boys | metres,,YES,NO,NO,backstroke | boys | metres,,0,"["""", true, false, [], [], [], [""backstroke"", ""boys"", ""metres""]]",
1504,"200 metres Individual Medley, Boys (YOG)",,,,individual,,individual,,,,boys | medley | metres,individual,YES,NO,NO,boys | medley | metres,individual,0,"["""", true, false, [""individual""], [], [], [""boys"", ""medley"", ""metres""]]",
1505,"50 metres Backstroke, Girls (YOG)",,,,,,,,,,backstroke | girls | metres,,YES,NO,NO,backstroke | girls | metres,,0,"["""", true, false, [], [], [], [""backstroke"", ""girls"", ""metres""]]",
1506,"100 metres Backstroke, Girls (YOG)",,,,,,,,,,backstroke | girls | metres,,YES,NO,NO,backstroke | girls | metres,,0,"["""", true, false, [], [], [], [""backstroke"", ""girls"", ""metres""]]",
1507,"200 metres Breaststroke, Girls (YOG)",,,,,,,,,,breaststroke | girls | metres,,YES,NO,NO,breaststroke | girls | metres,,0,"["""", true, false, [], [], [], [""breaststroke"", ""girls"", ""metres""]]",
1508,"200 metres Individual Medley, Girls (YOG)",,,,individual,,individual,,,,girls | medley | metres,individual,YES,NO,NO,girls | medley | metres,individual,0,"["""", true, false, [""individual""], [], [], [""girls"", ""medley"", ""metres""]]",
1509,"400 metres Freestyle, Girls (YOG)",,,,freestyle,,,,,,girls | metres,,YES,NO,NO,girls | metres,freestyle,0,"["""", true, false, [""freestyle""], [], [], [""girls"", ""metres""]]",
1510,"200 metres Butterfly, Girls (YOG)",,,,,,,,,,butterfly | girls | metres,,YES,NO,NO,butterfly | girls | metres,,0,"["""", true, false, [], [], [], [""butterfly"", ""girls"", ""metres""]]",
1511,"100 metres Butterfly, Boys (YOG)",,,,,,,,,,boys | butterfly | metres,,YES,NO,NO,boys | butterfly | metres,,0,"["""", true, false, [], [], [], [""boys"", ""butterfly"", ""metres""]]",
1512,"200 metres Butterfly, Boys (YOG)",,,,,,,,,,boys | butterfly | metres,,YES,NO,NO,boys | butterfly | metres,,0,"["""", true, false, [], [], [], [""boys"", ""butterfly"", ""metres""]]",
1513,"Springboard, Girls (YOG)",,,,,,,,,,girls | springboard,,YES,NO,NO,girls | springboard,,0,"["""", true, false, [], [], [], [""girls"", ""springboard""]]",
1514,"Platform, Girls (YOG)",,,,,,,,,,girls | platform,,YES,NO,NO,girls | platform,,0,"["""", true, false, [], [], [], [""girls"", ""platform""]]",
1515,"Springboard, Boys (YOG)",,,,,,,,,,boys | springboard,,YES,NO,NO,boys | springboard,,0,"["""", true, false, [], [], [], [""boys"", ""springboard""]]",
1516,"Canadian Singles, Slalom, Women (Olympic)",,,,singles,,individual,,,,canadian | slalom,singles,NO,NO,NO,canadian | slalom,singles,0,"["""", false, false, [""singles""], [], [], [""canadian"", ""slalom""]]",
1517,"50 metres Breaststroke, Girls (YOG)",,,,,,,,,,breaststroke | girls | metres,,YES,NO,NO,breaststroke | girls | metres,,0,"["""", true, false, [], [], [], [""breaststroke"", ""girls"", ""metres""]]",
1518,"100 metres Breaststroke, Girls (YOG)",,,,,,,,,,breaststroke | girls | metres,,YES,NO,NO,breaststroke | girls | metres,,0,"["""", true, false, [], [], [], [""breaststroke"", ""girls"", ""metres""]]",
1519,"100 metres Butterfly, Girls (YOG)",,,,,,,,,,butterfly | girls | metres,,YES,NO,NO,butterfly | girls | metres,,0,"["""", true, false, [], [], [], [""butterfly"", ""girls"", ""metres""]]",
1520,"Light-Heavyweight, Freestyle, Women (Olympic)",wrestling,wrestling freestyle,women,freestyle,,,,,,light,,NO,NO,NO,light,freestyle | heavyweight,0,"[""women"", false, false, [""freestyle"", ""heavyweight""], [], [], [""light""]]",fuente1
1521,"Team Sprint, Women (Olympic)",biathlon,biathlon,women,sprint,team,,,,,,team,NO,NO,NO,,sprint | team,0,"[""women"", false, false, [""sprint"", ""team""], [], [], []]",fuente1
1522,"10 kilometres, Women (Olympic)",biathlon,biathlon,women,,,,,,,kilometres,,NO,NO,NO,kilometres,,0,"[""women"", false, false, [], [], [], [""kilometres""]]",fuente1
1523,"Monobob, Women (Olympic)",,,,,,,,,,monobob,,NO,NO,NO,monobob,,0,"["""", false, false, [], [], [], [""monobob""]]",
1524,"Mixed Doubles, Mixed (Olympic)",,,,mixed,,individual,,,,,doubles,NO,NO,YES,,doubles | mixed | mixed,0,"["""", false, false, [""doubles"", ""mixed"", ""mixed""], [], [], []]",
1525,"Team Aerials, Mixed (Olympic)",,,,mixed,team,,,,,aerials,team,NO,NO,YES,aerials,mixed | team,0,"["""", false, false, [""mixed"", ""team""], [], [], [""aerials""]]",
1526,"Big Air, Men (Olympic)",,,,,,,,,,air | big,,NO,NO,NO,air | big,,0,"["""", false, false, [], [], [], [""air"", ""big""]]",
1527,Short Track Speed Skating (Skating),,,,,,,,,,short | skating | skating | speed | track,,NO,NO,NO,short | skating | skating | speed | track,,0,"["""", false, false, [], [], [], [""short"", ""skating"", ""skating"", ""speed"", ""track""]]",
1528,"3,000 metres Relay, Women (Olympic)",skating,speed skating,women,relay,team,,,,,metres,relay,NO,NO,NO,metres,relay,0,"[""women"", false, false, [""relay""], [], [], [""metres""]]",fuente1
1529,"10,000 metres Race Walk, Boys (YOG)",,,,,,,,,,boys | metres | race | walk,,YES,NO,NO,boys | metres | race | walk,,0,"["""", true, false, [], [], [], [""boys"", ""metres"", ""race"", ""walk""]]",
1530,"Foil, Individual, Girls (YOG)",,,,individual,,individual,,,,foil | girls,individual,YES,NO,NO,foil | girls,individual,0,"["""", true, false, [""individual""], [], [], [""foil"", ""girls""]]",
1531,"Mixed Weapon, Team, Mixed Youth (YOG)",,,,mixed,team,,,,,weapon,team,YES,NO,YES,weapon,mixed | mixed | team,0,"["""", true, false, [""mixed"", ""mixed"", ""team""], [], [], [""weapon""]]",
1532,"100 metres Hurdles, Girls (YOG)",athletics,athletics,women,,,,,,,girls | hurdles | metres,,YES,NO,NO,girls | hurdles | metres,,0,"[""women"", true, false, [], [], [], [""girls"", ""hurdles"", ""metres""]]",fuente1
1533,"Air Rifle, 10 metres, Girls (YOG)",,,,,,,,,,air | girls | metres | rifle,,YES,NO,NO,air | girls | metres | rifle,,0,"["""", true, false, [], [], [], [""air"", ""girls"", ""metres"", ""rifle""]]",
1534,"50 metres Breaststroke, Boys (YOG)",,,,,,,,,,boys | breaststroke | metres,,YES,NO,NO,boys | breaststroke | metres,,0,"["""", true, false, [], [], [], [""boys"", ""breaststroke"", ""metres""]]",
1535,"100 metres Breaststroke, Boys (YOG)",,,,,,,,,,boys | breaststroke | metres,,YES,NO,NO,boys | breaststroke | metres,,0,"["""", true, false, [], [], [], [""boys"", ""breaststroke"", ""metres""]]",
1536,"Long Jump, Girls (YOG)",,,,,,,,,,girls | jump | long,,YES,NO,NO,girls | jump | long,,0,"["""", true, false, [], [], [], [""girls"", ""jump"", ""long""]]",
1537,"200 metres, Boys (YOG)",,,,,,,,,,boys | metres,,YES,NO,NO,boys | metres,,0,"["""", true, false, [], [], [], [""boys"", ""metres""]]",
1538,"Medley Relay, Boys (YOG)",,,,relay,team,,,,,boys | medley,relay,YES,NO,NO,boys | medley,relay,0,"["""", true, false, [""relay""], [], [], [""boys"", ""medley""]]",
1539,"100 metres, Boys (YOG)",,,,,,,,,,boys | metres,,YES,NO,NO,boys | metres,,0,"["""", true, false, [], [], [], [""boys"", ""metres""]]",
1540,"50 metres Butterfly, Girls (YOG)",,,,,,,,,,butterfly | girls | metres,,YES,NO,NO,butterfly | girls | metres,,0,"["""", true, false, [], [], [], [""butterfly"", ""girls"", ""metres""]]",
1541,"Kayak Singles, Head to Head, Girls (YOG)",,,,singles,,individual,,,,girls | head | head | kayak | to,singles,YES,NO,NO,girls | head | head | kayak | to,singles,0,"["""", true, false, [""singles""], [], [], [""girls"", ""head"", ""head"", ""kayak"", ""to""]]",
1542,"Kayak Singles, Obstacle Slalom, Girls (YOG)",,,,singles,,individual,,,,girls | kayak | obstacle | slalom,singles,YES,NO,NO,girls | kayak | obstacle | slalom,singles,0,"["""", true, false, [""singles""], [], [], [""girls"", ""kayak"", ""obstacle"", ""slalom""]]",
1543,"Group, Girls (YOG)",,,,,,,,,,girls | group,,YES,NO,NO,girls | group,,0,"["""", true, false, [], [], [], [""girls"", ""group""]]",
1544,"Singles, Girls (YOG)",,,,singles,,individual,,,,girls,singles,YES,NO,NO,girls,singles,0,"["""", true, false, [""singles""], [], [], [""girls""]]",
1545,"Team, Mixed Youth (YOG)",,,,mixed,team,,,,,,team,YES,NO,YES,,mixed | team,0,"["""", true, false, [""mixed"", ""team""], [], [], []]",
1546,"Lightweight, Women (Olympic)",,,,lightweight,,,,,,,,NO,NO,NO,,lightweight,0,"["""", false, false, [""lightweight""], [], [], []]",
1547,"Flyweight, Women (Olympic)",,,,,,,,,,flyweight,,NO,NO,NO,flyweight,,0,"["""", false, false, [], [], [], [""flyweight""]]",
1548,"Middleweight, Women (Olympic)",,,,,,,,,,middleweight,,NO,NO,NO,middleweight,,0,"["""", false, false, [], [], [], [""middleweight""]]",
1549,"Individual All-Around, Girls (YOG)",,,,individual,,individual,,,,all | around | girls,individual,YES,NO,NO,all | around | girls,individual,0,"["""", true, false, [""individual""], [], [], [""all"", ""around"", ""girls""]]",
1550,"Floor Exercise, Girls (YOG)",,,,,,,,,,exercise | floor | girls,,YES,NO,NO,exercise | floor | girls,,0,"["""", true, false, [], [], [], [""exercise"", ""floor"", ""girls""]]",
1551,"Vault, Girls (YOG)",,,,,,,,,,girls | vault,,YES,NO,NO,girls | vault,,0,"["""", true, false, [], [], [], [""girls"", ""vault""]]",
1552,"Uneven Bars, Girls (YOG)",,,,,,,,,,bars | girls | uneven,,YES,NO,NO,bars | girls | uneven,,0,"["""", true, false, [], [], [], [""bars"", ""girls"", ""uneven""]]",
1553,"Balance Beam, Girls (YOG)",,,,,,,,,,balance | beam | girls,,YES,NO,NO,balance | beam | girls,,0,"["""", true, false, [], [], [], [""balance"", ""beam"", ""girls""]]",
1554,"Singles, Boys (YOG)",,,,singles,,individual,,,,boys,singles,YES,NO,NO,boys,singles,0,"["""", true, false, [""singles""], [], [], [""boys""]]",
1555,"200 metres Breaststroke, Boys (YOG)",,,,,,,,,,boys | breaststroke | metres,,YES,NO,NO,boys | breaststroke | metres,,0,"["""", true, false, [], [], [], [""boys"", ""breaststroke"", ""metres""]]",
1556,"Pole Vault, Girls (YOG)",,,,,,,,,,girls | pole | vault,,YES,NO,NO,girls | pole | vault,,0,"["""", true, false, [], [], [], [""girls"", ""pole"", ""vault""]]",
1557,"200 metres Backstroke, Boys (YOG)",,,,,,,,,,backstroke | boys | metres,,YES,NO,NO,backstroke | boys | metres,,0,"["""", true, false, [], [], [], [""backstroke"", ""boys"", ""metres""]]",
1558,"Lightweight, Boys (YOG)",,,,lightweight,,,,,,boys,,YES,NO,NO,boys,lightweight,0,"["""", true, false, [""lightweight""], [], [], [""boys""]]",
1559,"400 metres Hurdles, Girls (YOG)",athletics,athletics,women,,,,,,,girls | hurdles | metres,,YES,NO,NO,girls | hurdles | metres,,0,"[""women"", true, false, [], [], [], [""girls"", ""hurdles"", ""metres""]]",fuente1
1560,"Team, Mixed Youth (YOG)",,,,mixed,team,,,,,,team,YES,NO,YES,,mixed | team,0,"["""", true, false, [""mixed"", ""team""], [], [], []]",
1561,"≤63 kilograms, Girls (YOG)",,,,,,,,,,girls | kilograms,,YES,NO,NO,girls | kilograms,,0,"["""", true, false, [], [], [], [""girls"", ""kilograms""]]",
1562,"Long Jump, Boys (YOG)",,,,,,,,,,boys | jump | long,,YES,NO,NO,boys | jump | long,,0,"["""", true, false, [], [], [], [""boys"", ""jump"", ""long""]]",
1563,"≤55 kilograms, Girls (YOG)",,,,,,,,,,girls | kilograms,,YES,NO,NO,girls | kilograms,,0,"["""", true, false, [], [], [], [""girls"", ""kilograms""]]",
1564,"Air Rifle, 10 metres, Boys (YOG)",,,,,,,,,,air | boys | metres | rifle,,YES,NO,NO,air | boys | metres | rifle,,0,"["""", true, false, [], [], [], [""air"", ""boys"", ""metres"", ""rifle""]]",
1565,"100 metres, Girls (YOG)",athletics,athletics,women,,,,,,,girls | metres,,YES,NO,NO,girls | metres,,0,"[""women"", true, false, [], [], [], [""girls"", ""metres""]]",fuente1
1566,"Platform, Boys (YOG)",,,,,,,,,,boys | platform,,YES,NO,NO,boys | platform,,0,"["""", true, false, [], [], [], [""boys"", ""platform""]]",
1567,"200 metres Backstroke, Girls (YOG)",,,,,,,,,,backstroke | girls | metres,,YES,NO,NO,backstroke | girls | metres,,0,"["""", true, false, [], [], [], [""backstroke"", ""girls"", ""metres""]]",
1568,"400 metres, Boys (YOG)",athletics,athletics,men,,,,,,,boys | metres,,YES,NO,NO,boys | metres,,0,"[""men"", true, false, [], [], [], [""boys"", ""metres""]]",fuente1
1569,"3,000 metres, Boys (YOG)",,,,,,,,,,boys | metres,,YES,NO,NO,boys | metres,,0,"["""", true, false, [], [], [], [""boys"", ""metres""]]",
1570,"3,000 metres, Girls (YOG)",,,,,,,,,,girls | metres,,YES,NO,NO,girls | metres,,0,"["""", true, false, [], [], [], [""girls"", ""metres""]]",
1571,"Featherweight, Boys (YOG)",,,,,,,,,,boys | featherweight,,YES,NO,NO,boys | featherweight,,0,"["""", true, false, [], [], [], [""boys"", ""featherweight""]]",
1572,"Bantamweight, Boys (YOG)",,,,,,,,,,bantamweight | boys,,YES,NO,NO,bantamweight | boys,,0,"["""", true, false, [], [], [], [""bantamweight"", ""boys""]]",
1573,"Individual, Boys (YOG)",,,,individual,,individual,,,,boys,individual,YES,NO,NO,boys,individual,0,"["""", true, false, [""individual""], [], [], [""boys""]]",
1574,"Pole Vault, Boys (YOG)",,,,,,,,,,boys | pole | vault,,YES,NO,NO,boys | pole | vault,,0,"["""", true, false, [], [], [], [""boys"", ""pole"", ""vault""]]",
1575,"Hockey, Boys (YOG)",,,,,,,,,,boys | hockey,,YES,NO,NO,boys | hockey,,0,"["""", true, false, [], [], [], [""boys"", ""hockey""]]",
1576,"Middleweight, Boys (YOG)",,,,,,,,,,boys | middleweight,,YES,NO,NO,boys | middleweight,,0,"["""", true, false, [], [], [], [""boys"", ""middleweight""]]",
1577,"Featherweight, Girls (YOG)",,,,,,,,,,featherweight | girls,,YES,NO,NO,featherweight | girls,,0,"["""", true, false, [], [], [], [""featherweight"", ""girls""]]",
1578,"400 metres, Girls (YOG)",athletics,athletics,women,,,,,,,girls | metres,,YES,NO,NO,girls | metres,,0,"[""women"", true, false, [], [], [], [""girls"", ""metres""]]",fuente1
1579,"Medley Relay, Girls (YOG)",,,,relay,team,,,,,girls | medley,relay,YES,NO,NO,girls | medley,relay,0,"["""", true, false, [""relay""], [], [], [""girls"", ""medley""]]",
1580,"Air Pistol, 10 metres, Boys (YOG)",,,,,,,,,,air | boys | metres | pistol,,YES,NO,NO,air | boys | metres | pistol,,0,"["""", true, false, [], [], [], [""air"", ""boys"", ""metres"", ""pistol""]]",
1581,"50 metres Butterfly, Boys (YOG)",,,,,,,,,,boys | butterfly | metres,,YES,NO,NO,boys | butterfly | metres,,0,"["""", true, false, [], [], [], [""boys"", ""butterfly"", ""metres""]]",
1582,"800 metres Freestyle, Men (Olympic)",,,,freestyle,,,,,,metres,,NO,NO,NO,metres,freestyle,0,"["""", false, false, [""freestyle""], [], [], [""metres""]]",
1583,"50 metres Backstroke, Boys (YOG)",,,,,,,,,,backstroke | boys | metres,,YES,NO,NO,backstroke | boys | metres,,0,"["""", true, false, [], [], [], [""backstroke"", ""boys"", ""metres""]]",
1584,"1,000 metres, Girls (YOG)",,,,,,,,,,girls | metres,,YES,NO,NO,girls | metres,,0,"["""", true, false, [], [], [], [""girls"", ""metres""]]",
1585,"Light-Heavyweight, Boys (YOG)",boxing,boxing,men,heavyweight,,,,,,boys | light,,YES,NO,NO,boys | light,heavyweight,0,"[""men"", true, false, [""heavyweight""], [], [], [""boys"", ""light""]]",fuente1
1586,"Lightweight, Girls (YOG)",,,,lightweight,,,,,,girls,,YES,NO,NO,girls,lightweight,0,"["""", true, false, [""lightweight""], [], [], [""girls""]]",
1587,"Individual All-Around, Boys (YOG)",,,,individual,,individual,,,,all | around | boys,individual,YES,NO,NO,all | around | boys,individual,0,"["""", true, false, [""individual""], [], [], [""all"", ""around"", ""boys""]]",
1588,"Floor Exercise, Boys (YOG)",,,,,,,,,,boys | exercise | floor,,YES,NO,NO,boys | exercise | floor,,0,"["""", true, false, [], [], [], [""boys"", ""exercise"", ""floor""]]",
1589,"Vault, Boys (YOG)",,,,,,,,,,boys | vault,,YES,NO,NO,boys | vault,,0,"["""", true, false, [], [], [], [""boys"", ""vault""]]",
1590,"Parallel Bars, Boys (YOG)",,,,,,,,,,bars | boys | parallel,,YES,NO,NO,bars | boys | parallel,,0,"["""", true, false, [], [], [], [""bars"", ""boys"", ""parallel""]]",
1591,"Rings, Boys (YOG)",,,,,,,,,,boys | rings,,YES,NO,NO,boys | rings,,0,"["""", true, false, [], [], [], [""boys"", ""rings""]]",
1592,"Pommelled Horse, Boys (YOG)",,,,,,,,,,boys | horse | pommelled,,YES,NO,NO,boys | horse | pommelled,,0,"["""", true, false, [], [], [], [""boys"", ""horse"", ""pommelled""]]",
1593,"400 metres Freestyle, Boys (YOG)",,,,freestyle,,,,,,boys | metres,,YES,NO,NO,boys | metres,freestyle,0,"["""", true, false, [""freestyle""], [], [], [""boys"", ""metres""]]",
1594,"4 × 100 metres Freestyle Relay, Boys (YOG)",aquatics,swimming,men,freestyle,team,,,,,boys | metres | x,relay,YES,NO,NO,boys | metres | x,freestyle | relay,0,"[""men"", true, false, [""freestyle"", ""relay""], [], [], [""boys"", ""metres"", ""x""]]",fuente1
1595,"4 × 100 metres Medley Relay, Boys (YOG)",,,,relay,team,,,,,boys | medley | metres | x,relay,YES,NO,NO,boys | medley | metres | x,relay,0,"["""", true, false, [""relay""], [], [], [""boys"", ""medley"", ""metres"", ""x""]]",
1596,"Individual, Girls (YOG)",,,,individual,,individual,,,,girls,individual,YES,NO,NO,girls,individual,0,"["""", true, false, [""individual""], [], [], [""girls""]]",
1597,"Relay, Mixed Youth (YOG)",,,,mixed,team,,,,,,relay,YES,NO,YES,,mixed | relay,0,"["""", true, false, [""mixed"", ""relay""], [], [], []]",
1598,"Combined Team, Mixed Youth (YOG)",,,,mixed,team,,,,,,team,YES,NO,YES,,combined | mixed | team,0,"["""", true, false, [""combined"", ""mixed"", ""team""], [], [], []]",
1599,"Middleweight, Boys (YOG)",,,,,,,,,,boys | middleweight,,YES,NO,NO,boys | middleweight,,0,"["""", true, false, [], [], [], [""boys"", ""middleweight""]]",
1600,"Madison, Women (Olympic)",cycling,cycling track,women,,,,,,,madison,,NO,NO,NO,madison,,0,"[""women"", false, false, [], [], [], [""madison""]]",fuente1
1601,"Omnium, Men (Olympic)",,,,,,,,,,omnium,,NO,NO,NO,omnium,,0,"["""", false, false, [], [], [], [""omnium""]]",
1602,"Bantamweight, Boys (YOG)",,,,,,,,,,bantamweight | boys,,YES,NO,NO,bantamweight | boys,,0,"["""", true, false, [], [], [], [""bantamweight"", ""boys""]]",
1603,"Single Sculls, Boys (YOG)",,,,single,,,,,,boys | sculls,single,YES,NO,NO,boys | sculls,single,0,"["""", true, false, [""single""], [], [], [""boys"", ""sculls""]]",
1604,"Horizontal Bar, Boys (YOG)",,,,,,,,,,bar | boys | horizontal,,YES,NO,NO,bar | boys | horizontal,,0,"["""", true, false, [], [], [], [""bar"", ""boys"", ""horizontal""]]",
1605,"Javelin Throw, Boys (YOG)",,,,,,,,,,boys | javelin | throw,,YES,NO,NO,boys | javelin | throw,,0,"["""", true, false, [], [], [], [""boys"", ""javelin"", ""throw""]]",
1606,"800 metres Freestyle, Girls (YOG)",,,,freestyle,,,,,,girls | metres,,YES,NO,NO,girls | metres,freestyle,0,"["""", true, false, [""freestyle""], [], [], [""girls"", ""metres""]]",
1607,"≤55 kilograms, Boys (YOG)",,,,,,,,,,boys | kilograms,,YES,NO,NO,boys | kilograms,,0,"["""", true, false, [], [], [], [""boys"", ""kilograms""]]",
1608,"Heavyweight, Boys (YOG)",weightlifting,weightlifting,men,heavyweight,,,,,,boys,,YES,NO,NO,boys,heavyweight,0,"[""men"", true, false, [""heavyweight""], [], [], [""boys""]]",fuente1
1609,"Team, Mixed Youth (YOG)",,,,mixed,team,,,,,,team,YES,NO,YES,,mixed | team,0,"["""", true, false, [""mixed"", ""team""], [], [], []]",
1610,"Flyweight, Boys (YOG)",boxing,boxing,men,,,,,,,boys | flyweight,,YES,NO,NO,boys | flyweight,,0,"[""men"", true, false, [], [], [], [""boys"", ""flyweight""]]",fuente1
1611,"Singles, Girls (YOG)",,,,singles,,individual,,,,girls,singles,YES,NO,NO,girls,singles,0,"["""", true, false, [""singles""], [], [], [""girls""]]",
1612,"Doubles, Girls (YOG)",,,,doubles,,individual,,,,girls,doubles,YES,NO,NO,girls,doubles,0,"["""", true, false, [""doubles""], [], [], [""girls""]]",
1613,"Middleweight, Girls (YOG)",,,,,,,,,,girls | middleweight,,YES,NO,NO,girls | middleweight,,0,"["""", true, false, [], [], [], [""girls"", ""middleweight""]]",
1614,"Individual, Girls (YOG)",,,,individual,,individual,,,,girls,individual,YES,NO,NO,girls,individual,0,"["""", true, false, [""individual""], [], [], [""girls""]]",
1615,"Hockey, Girls (YOG)",,,,,,,,,,girls | hockey,,YES,NO,NO,girls | hockey,,0,"["""", true, false, [], [], [], [""girls"", ""hockey""]]",
1616,"Singles, Girls (YOG)",,,,singles,,individual,,,,girls,singles,YES,NO,NO,girls,singles,0,"["""", true, false, [""singles""], [], [], [""girls""]]",
1617,"1,000 metres, Boys (YOG)",,,,,,,,,,boys | metres,,YES,NO,NO,boys | metres,,0,"["""", true, false, [], [], [], [""boys"", ""metres""]]",
1618,"Air Pistol, 10 metres, Girls (YOG)",,,,,,,,,,air | girls | metres | pistol,,YES,NO,NO,air | girls | metres | pistol,,0,"["""", true, false, [], [], [], [""air"", ""girls"", ""metres"", ""pistol""]]",
1619,"Handball, Girls (YOG)",,,,,,,,,,girls | handball,,YES,NO,NO,girls | handball,,0,"["""", true, false, [], [], [], [""girls"", ""handball""]]",
1620,"3x3 Basketball, Girls (YOG)",,,,,,,,,,3x3 | basketball | girls,,YES,NO,NO,3x3 | basketball | girls,,0,"["""", true, false, [], [], [], [""3x3"", ""basketball"", ""girls""]]",
1621,"Foil, Individual, Boys (YOG)",,,,individual,,individual,,,,boys | foil,individual,YES,NO,NO,boys | foil,individual,0,"["""", true, false, [""individual""], [], [], [""boys"", ""foil""]]",
1622,"Super-Heavyweight, Boys (YOG)",boxing,boxing,men,heavyweight,,,,,,boys | super,,YES,NO,NO,boys | super,heavyweight,0,"[""men"", true, false, [""heavyweight""], [], [], [""boys"", ""super""]]",fuente1
1623,Cycling Road (Cycling),,,,,,,,,,cycling | cycling | road,,NO,NO,NO,cycling | cycling | road,,0,"["""", false, false, [], [], [], [""cycling"", ""cycling"", ""road""]]",
1624,"Road Race, Individual, Women (Olympic)",,,,individual,,individual,,,,race | road,individual,NO,NO,NO,race | road,individual,0,"["""", false, false, [""individual""], [], [], [""race"", ""road""]]",
1625,"Individual Time Trial, Women (Olympic)",,,,individual,,individual,,,,time | trial,individual,NO,NO,NO,time | trial,individual,0,"["""", false, false, [""individual""], [], [], [""time"", ""trial""]]",
1626,"Omnium, Women (Olympic)",,,,,,,,,,omnium,,NO,NO,NO,omnium,,0,"["""", false, false, [], [], [], [""omnium""]]",
1627,"One Person Dinghy, Girls (YOG)",,,,,,,,,,dinghy | girls | one | person,,YES,NO,NO,dinghy | girls | one | person,,0,"["""", true, false, [], [], [], [""dinghy"", ""girls"", ""one"", ""person""]]",
1628,"Welterweight, Boys (YOG)",,,,,,,,,,boys | welterweight,,YES,NO,NO,boys | welterweight,,0,"["""", true, false, [], [], [], [""boys"", ""welterweight""]]",
1629,"Coxless Pairs, Girls (YOG)",,,,coxless,,,,,coxless,girls | pairs,,YES,NO,NO,girls | pairs,coxless,0,"["""", true, false, [""coxless""], [], [], [""girls"", ""pairs""]]",
1630,"Individual, Girls (YOG)",,,,individual,,individual,,,,girls,individual,YES,NO,NO,girls,individual,0,"["""", true, false, [""individual""], [], [], [""girls""]]",
1631,"High Jump, Boys (YOG)",,,,,,,,,,boys | high | jump,,YES,NO,NO,boys | high | jump,,0,"["""", true, false, [], [], [], [""boys"", ""high"", ""jump""]]",
1632,"Super G, Boys (YOG)",,,,,,,,,,boys | g | super,,YES,NO,NO,boys | g | super,,0,"["""", true, false, [], [], [], [""boys"", ""g"", ""super""]]",
1633,"Giant Slalom, Boys (YOG)",skiing,alpine skiing,men,,,,,,,boys | giant | slalom,,YES,NO,NO,boys | giant | slalom,,0,"[""men"", true, false, [], [], [], [""boys"", ""giant"", ""slalom""]]",fuente1
1634,"Slalom, Boys (YOG)",skiing,alpine skiing,men,,,,,,,boys | slalom,,YES,NO,NO,boys | slalom,,0,"[""men"", true, false, [], [], [], [""boys"", ""slalom""]]",fuente1
1635,"Combined, Boys (YOG)",,,,combined,,,,,,boys,,YES,NO,NO,boys,combined,0,"["""", true, false, [""combined""], [], [], [""boys""]]",
1636,"Super G, Girls (YOG)",,,,,,,,,,g | girls | super,,YES,NO,NO,g | girls | super,,0,"["""", true, false, [], [], [], [""g"", ""girls"", ""super""]]",
1637,"Giant Slalom, Girls (YOG)",skiing,alpine skiing,women,,,,,,,giant | girls | slalom,,YES,NO,NO,giant | girls | slalom,,0,"[""women"", true, false, [], [], [], [""giant"", ""girls"", ""slalom""]]",fuente1
1638,"Slalom, Girls (YOG)",skiing,alpine skiing,women,,,,,,,girls | slalom,,YES,NO,NO,girls | slalom,,0,"[""women"", true, false, [], [], [], [""girls"", ""slalom""]]",fuente1
1639,"Combined, Girls (YOG)",,,,combined,,,,,,girls,,YES,NO,NO,girls,combined,0,"["""", true, false, [""combined""], [], [], [""girls""]]",
1640,"Sprint, Girls (YOG)",,,,sprint,,,,,,girls,,YES,NO,NO,girls,sprint,0,"["""", true, false, [""sprint""], [], [], [""girls""]]",
1641,"5 kilometres, Girls (YOG)",,,,,,,,,,girls | kilometres,,YES,NO,NO,girls | kilometres,,0,"["""", true, false, [], [], [], [""girls"", ""kilometres""]]",
1642,"Slopestyle, Women (Olympic)",,,,,,,,,,slopestyle,,NO,NO,NO,slopestyle,,0,"["""", false, false, [], [], [], [""slopestyle""]]",
1643,"Halfpipe, Women (Olympic)",,,,,,,,,,halfpipe,,NO,NO,NO,halfpipe,,0,"["""", false, false, [], [], [], [""halfpipe""]]",
1644,"Slopestyle, Men (Olympic)",,,,,,,,,,slopestyle,,NO,NO,NO,slopestyle,,0,"["""", false, false, [], [], [], [""slopestyle""]]",
1645,"Singles, Boys (YOG)",,,,singles,,individual,,,,boys,singles,YES,NO,NO,boys,singles,0,"["""", true, false, [""singles""], [], [], [""boys""]]",
1646,"Two, Boys (YOG)",,,,,,,,,,boys | two,,YES,NO,NO,boys | two,,0,"["""", true, false, [], [], [], [""boys"", ""two""]]",
1647,"Halfpipe, Men (Olympic)",,,,,,,,,,halfpipe,,NO,NO,NO,halfpipe,,0,"["""", false, false, [], [], [], [""halfpipe""]]",
1648,"Halfpipe, Boys (YOG)",,,,,,,,,,boys | halfpipe,,YES,NO,NO,boys | halfpipe,,0,"["""", true, false, [], [], [], [""boys"", ""halfpipe""]]",
1649,"Slopestyle, Boys (YOG)",,,,,,,,,,boys | slopestyle,,YES,NO,NO,boys | slopestyle,,0,"["""", true, false, [], [], [], [""boys"", ""slopestyle""]]",
1650,"Singles, Girls (YOG)",,,,singles,,individual,,,,girls,singles,YES,NO,NO,girls,singles,0,"["""", true, false, [""singles""], [], [], [""girls""]]",
1651,"Team Relay, Mixed Youth (YOG)",luge,luge,mixed,mixed,team,,,,,,relay | team,YES,NO,YES,,mixed | relay | team,0,"[""mixed"", true, false, [""mixed"", ""relay"", ""team""], [], [], []]",fuente1
1652,"Normal Hill, Individual, Women (Olympic)",,,,individual,,individual,,,,hill | normal,individual,NO,NO,NO,hill | normal,individual,0,"["""", false, false, [""individual""], [], [], [""hill"", ""normal""]]",
1653,"Medium Hill, Individual, Girls (YOG)",,,,individual,,individual,,,,girls | hill | medium,individual,YES,NO,NO,girls | hill | medium,individual,0,"["""", true, false, [""individual""], [], [], [""girls"", ""hill"", ""medium""]]",
1654,"Medium Hill, Team, Mixed Youth (YOG)",,,,mixed,team,,,,,hill | medium,team,YES,NO,YES,hill | medium,mixed | team,0,"["""", true, false, [""mixed"", ""team""], [], [], [""hill"", ""medium""]]",
1655,"Medium Hill, Individual, Boys (YOG)",,,,individual,,individual,,,,boys | hill | medium,individual,YES,NO,NO,boys | hill | medium,individual,0,"["""", true, false, [""individual""], [], [], [""boys"", ""hill"", ""medium""]]",
1656,"Big Air, Women (Olympic)",,,,,,,,,,air | big,,NO,NO,NO,air | big,,0,"["""", false, false, [], [], [], [""air"", ""big""]]",
1657,"6 kilometres Sprint, Girls (YOG)",,,,sprint,,,,,,girls | kilometres,,YES,NO,NO,girls | kilometres,sprint,0,"["""", true, false, [""sprint""], [], [], [""girls"", ""kilometres""]]",
1658,"7.5 kilometres Pursuit, Girls (YOG)",biathlon,biathlon,women,pursuit,,,,,,girls | kilometres,,YES,NO,NO,girls | kilometres,pursuit,0,"[""women"", true, false, [""pursuit""], [], [], [""girls"", ""kilometres""]]",fuente1
1659,"Singles, Girls (YOG)",,,,singles,,individual,,,,girls,singles,YES,NO,NO,girls,singles,0,"["""", true, false, [""singles""], [], [], [""girls""]]",
1660,"Singles, Boys (YOG)",,,,singles,,individual,,,,boys,singles,YES,NO,NO,boys,singles,0,"["""", true, false, [""singles""], [], [], [""boys""]]",
1661,"Medium Hill / 10 km, Individual, Boys (YOG)",,,,individual,,individual,10 km,,,boys | hill | medium,individual,YES,NO,NO,boys | hill | medium,individual,0,"["""", true, false, [""individual""], [""10 km""], [], [""boys"", ""hill"", ""medium""]]",
1662,"Medium Hill, Team, Mixed Youth (YOG)",,,,mixed,team,,,,,hill | medium,team,YES,NO,YES,hill | medium,mixed | team,0,"["""", true, false, [""mixed"", ""team""], [], [], [""hill"", ""medium""]]",
1663,Alpine Skiing (Skiing),,,,,,,,,,alpine | skiing | skiing,,NO,NO,NO,alpine | skiing | skiing,,0,"["""", false, false, [], [], [], [""alpine"", ""skiing"", ""skiing""]]",
1664,"Super G, Women (Olympic)",,,,,,,,,,g | super,,NO,NO,NO,g | super,,0,"["""", false, false, [], [], [], [""g"", ""super""]]",
1665,Snowboarding (Skiing),,,,,,,,,,skiing | snowboarding,,NO,NO,NO,skiing | snowboarding,,0,"["""", false, false, [], [], [], [""skiing"", ""snowboarding""]]",
1666,"Parallel Giant Slalom, Women (Olympic)",skiing,alpine skiing,women,,,,,,,giant | parallel | slalom,,NO,NO,NO,giant | parallel | slalom,,0,"[""women"", false, false, [], [], [], [""giant"", ""parallel"", ""slalom""]]",fuente1
1667,"Big Air, Men (Olympic)",,,,,,,,,,air | big,,NO,NO,NO,air | big,,0,"["""", false, false, [], [], [], [""air"", ""big""]]",
1668,"Halfpipe, Girls (YOG)",,,,,,,,,,girls | halfpipe,,YES,NO,NO,girls | halfpipe,,0,"["""", true, false, [], [], [], [""girls"", ""halfpipe""]]",
1669,"2 × 6 kilometres and 2 × 7.5 kilometres Relay, Mixed Youth (YOG)",biathlon,biathlon,mixed,mixed,team,,,,,and | kilometres | kilometres | x | x,relay,YES,NO,YES,and | kilometres | kilometres | x | x,mixed | relay,0,"[""mixed"", true, false, [""mixed"", ""relay""], [], [], [""and"", ""kilometres"", ""kilometres"", ""x"", ""x""]]",fuente1
1670,Mixed Sports,,,,mixed,,,,,,sports,,NO,NO,YES,sports,mixed,0,"["""", false, false, [""mixed""], [], [], [""sports""]]",
1671,"Cross-Country / Biathlon Relay, Mixed Youth (YOG)",,,,mixed,team,,,,,biathlon | country | cross,relay,YES,NO,YES,biathlon | country | cross,mixed | relay,0,"["""", true, false, [""mixed"", ""relay""], [], [], [""biathlon"", ""country"", ""cross""]]",
1672,"Slopestyle, Boys (YOG)",,,,,,,,,,boys | slopestyle,,YES,NO,NO,boys | slopestyle,,0,"["""", true, false, [], [], [], [""boys"", ""slopestyle""]]",
1673,"Halfpipe, Boys (YOG)",,,,,,,,,,boys | halfpipe,,YES,NO,NO,boys | halfpipe,,0,"["""", true, false, [], [], [], [""boys"", ""halfpipe""]]",
1674,"500 metres, Girls (YOG)",,,,,,,,,,girls | metres,,YES,NO,NO,girls | metres,,0,"["""", true, false, [], [], [], [""girls"", ""metres""]]",
1675,"3,000 metres Relay, Mixed Youth (YOG)",,,,mixed,team,,,,,metres,relay,YES,NO,YES,metres,mixed | relay,0,"["""", true, false, [""mixed"", ""relay""], [], [], [""metres""]]",
1676,"1,000 metres, Girls (YOG)",,,,,,,,,,girls | metres,,YES,NO,NO,girls | metres,,0,"["""", true, false, [], [], [], [""girls"", ""metres""]]",
1677,"Park, Men (Olympic)",roller sports,skateboarding,men,,,,,,,park,,NO,NO,NO,park,,0,"[""men"", false, false, [], [], [], [""park""]]",fuente1
1678,"Team, Mixed Youth (YOG)",,,,mixed,team,,,,,,team,YES,NO,YES,,mixed | team,0,"["""", true, false, [""mixed"", ""team""], [], [], []]",
1679,"Two, Girls (YOG)",,,,,,,,,,girls | two,,YES,NO,NO,girls | two,,0,"["""", true, false, [], [], [], [""girls"", ""two""]]",
1680,"Cross-Country / Biathlon Relay, Mixed Youth (YOG)",,,,mixed,team,,,,,biathlon | country | cross,relay,YES,NO,YES,biathlon | country | cross,mixed | relay,0,"["""", true, false, [""mixed"", ""relay""], [], [], [""biathlon"", ""country"", ""cross""]]",
1681,Cross Country Skiing (Skiing),,,,,,,,,,country | cross | skiing | skiing,,NO,NO,NO,country | cross | skiing | skiing,,0,"["""", false, false, [], [], [], [""country"", ""cross"", ""skiing"", ""skiing""]]",
1682,"Sprint, Boys (YOG)",,,,sprint,,,,,,boys,,YES,NO,NO,boys,sprint,0,"["""", true, false, [""sprint""], [], [], [""boys""]]",
1683,"10 kilometres, Boys (YOG)",,,,,,,,,,boys | kilometres,,YES,NO,NO,boys | kilometres,,0,"["""", true, false, [], [], [], [""boys"", ""kilometres""]]",
1684,"Ice Hockey, Girls (YOG)",ice hockey,ice hockey,women,,,,,,,girls,,YES,NO,NO,girls,,0,"[""women"", true, false, [], [], [], [""girls""]]",fuente1
1685,"7.5 kilometres Sprint, Boys (YOG)",,,,sprint,,,,,,boys | kilometres,,YES,NO,NO,boys | kilometres,sprint,0,"["""", true, false, [""sprint""], [], [], [""boys"", ""kilometres""]]",
1686,"10 kilometres Pursuit, Boys (YOG)",biathlon,biathlon,men,pursuit,,,,,,boys | kilometres,,YES,NO,NO,boys | kilometres,pursuit,0,"[""men"", true, false, [""pursuit""], [], [], [""boys"", ""kilometres""]]",fuente1
1687,"Air Rifle, 10 metres, Team, Mixed Youth (YOG)",shooting,shooting,mixed,mixed,team,,,,,air | metres | rifle,team,YES,NO,YES,air | metres | rifle,mixed | team,0,"[""mixed"", true, false, [""mixed"", ""team""], [], [], [""air"", ""metres"", ""rifle""]]",fuente1
1688,"Heavyweight, Girls (YOG)",weightlifting,weightlifting,women,heavyweight,,,,,,girls,,YES,NO,NO,girls,heavyweight,0,"[""women"", true, false, [""heavyweight""], [], [], [""girls""]]",fuente1
1689,"8 × 100 metres Relay, Mixed Youth (YOG)",,,,mixed,team,,,,,metres | x,relay,YES,NO,YES,metres | x,mixed | relay,0,"["""", true, false, [""mixed"", ""relay""], [], [], [""metres"", ""x""]]",
1690,"Rugby Sevens, Women (Olympic)",rugby,rugby sevens,women,,,,,,,,,NO,NO,NO,,,0,"[""women"", false, false, [], [], [], []]",fuente1
1691,"Sprint, Girls (YOG)",,,,sprint,,,,,,girls,,YES,NO,NO,girls,sprint,0,"["""", true, false, [""sprint""], [], [], [""girls""]]",
1692,"Relay, Mixed Youth (YOG)",,,,mixed,team,,,,,,relay,YES,NO,YES,,mixed | relay,0,"["""", true, false, [""mixed"", ""relay""], [], [], []]",
1693,"200 metres, Girls (YOG)",,,,,,,,,,girls | metres,,YES,NO,NO,girls | metres,,0,"["""", true, false, [], [], [], [""girls"", ""metres""]]",
1694,"Hammer Throw, Girls (YOG)",,,,,,,,,,girls | hammer | throw,,YES,NO,NO,girls | hammer | throw,,0,"["""", true, false, [], [], [], [""girls"", ""hammer"", ""throw""]]",
1695,"2,000 metres Steeplechase, Girls (YOG)",,,,,,,,,,girls | metres | steeplechase,,YES,NO,NO,girls | metres | steeplechase,,0,"["""", true, false, [], [], [], [""girls"", ""metres"", ""steeplechase""]]",
1696,"Featherweight, Women (Olympic)",,,,,,,,,,featherweight,,NO,NO,NO,featherweight,,0,"["""", false, false, [], [], [], [""featherweight""]]",
1697,"≤52 kilograms, Girls (YOG)",,,,,,,,,,girls | kilograms,,YES,NO,NO,girls | kilograms,,0,"["""", true, false, [], [], [], [""girls"", ""kilograms""]]",
1698,"Rugby Sevens, Girls (YOG)",,,,,,,,,,girls | rugby | sevens,,YES,NO,NO,girls | rugby | sevens,,0,"["""", true, false, [], [], [], [""girls"", ""rugby"", ""sevens""]]",
1699,"≤70 kilograms, Freestyle, Girls (YOG)",,,,freestyle,,,,,,girls | kilograms,,YES,NO,NO,girls | kilograms,freestyle,0,"["""", true, false, [""freestyle""], [], [], [""girls"", ""kilograms""]]",
1700,"Hockey 5s, Girls (YOG)",,,,,,,,,,5s | girls | hockey,,YES,NO,NO,5s | girls | hockey,,0,"["""", true, false, [], [], [], [""5s"", ""girls"", ""hockey""]]",
1701,">63 kilograms, Girls (YOG)",,,,,,,,,,girls | kilograms,,YES,NO,NO,girls | kilograms,,0,"["""", true, false, [], [], [], [""girls"", ""kilograms""]]",
1702,"High Jump, Girls (YOG)",,,,,,,,,,girls | high | jump,,YES,NO,NO,girls | high | jump,,0,"["""", true, false, [], [], [], [""girls"", ""high"", ""jump""]]",
1703,"Single Sculls, Girls (YOG)",,,,single,,,,,,girls | sculls,single,YES,NO,NO,girls | sculls,single,0,"["""", true, false, [""single""], [], [], [""girls"", ""sculls""]]",
1704,"1,500 metres, Girls (YOG)",,,,,,,,,,girls | metres,,YES,NO,NO,girls | metres,,0,"["""", true, false, [], [], [], [""girls"", ""metres""]]",
1705,"Air Pistol, 10 metres, Team, Mixed Youth (YOG)",shooting,shooting,mixed,mixed,team,,,,,air | metres | pistol,team,YES,NO,YES,air | metres | pistol,mixed | team,0,"[""mixed"", true, false, [""mixed"", ""team""], [], [], [""air"", ""metres"", ""pistol""]]",fuente1
1706,"≤46 kilograms, Freestyle, Girls (YOG)",,,,freestyle,,,,,,girls | kilograms,,YES,NO,NO,girls | kilograms,freestyle,0,"["""", true, false, [""freestyle""], [], [], [""girls"", ""kilograms""]]",
1707,"Javelin Throw, Girls (YOG)",,,,,,,,,,girls | javelin | throw,,YES,NO,NO,girls | javelin | throw,,0,"["""", true, false, [], [], [], [""girls"", ""javelin"", ""throw""]]",
1708,"Discus Throw, Girls (YOG)",,,,,,,,,,discus | girls | throw,,YES,NO,NO,discus | girls | throw,,0,"["""", true, false, [], [], [], [""discus"", ""girls"", ""throw""]]",
1709,"5,000 metres Race Walk, Girls (YOG)",,,,,,,,,,girls | metres | race | walk,,YES,NO,NO,girls | metres | race | walk,,0,"["""", true, false, [], [], [], [""girls"", ""metres"", ""race"", ""walk""]]",
1710,"Individual, Girls (YOG)",,,,individual,,individual,,,,girls,individual,YES,NO,NO,girls,individual,0,"["""", true, false, [""individual""], [], [], [""girls""]]",
1711,"Team, Mixed Youth (YOG)",,,,mixed,team,,,,,,team,YES,NO,YES,,mixed | team,0,"["""", true, false, [""mixed"", ""team""], [], [], []]",
1712,"Flyweight, Girls (YOG)",,,,,,,,,,flyweight | girls,,YES,NO,NO,flyweight | girls,,0,"["""", true, false, [], [], [], [""flyweight"", ""girls""]]",
1713,"Doubles, Mixed Youth (YOG)",badminton,badminton,mixed,mixed,,individual,,,,,doubles,YES,NO,YES,,doubles | mixed,0,"[""mixed"", true, false, [""doubles"", ""mixed""], [], [], []]",fuente1
1714,"Sabre, Individual, Girls (YOG)",,,,individual,,individual,,,,girls | sabre,individual,YES,NO,NO,girls | sabre,individual,0,"["""", true, false, [""individual""], [], [], [""girls"", ""sabre""]]",
1715,"≤49 kilograms, Girls (YOG)",,,,,,,,,,girls | kilograms,,YES,NO,NO,girls | kilograms,,0,"["""", true, false, [], [], [], [""girls"", ""kilograms""]]",
1716,"Windsurfer, Girls (YOG)",,,,,,,,,,girls | windsurfer,,YES,NO,NO,girls | windsurfer,,0,"["""", true, false, [], [], [], [""girls"", ""windsurfer""]]",
1717,"Doubles, Mixed Youth (YOG)",tennis,tennis,mixed,mixed,,individual,,,,,doubles,YES,NO,YES,,doubles | mixed,0,"[""mixed"", true, false, [""doubles"", ""mixed""], [], [], []]",fuente1
1718,"800 metres, Girls (YOG)",,,,,,,,,,girls | metres,,YES,NO,NO,girls | metres,,0,"["""", true, false, [], [], [], [""girls"", ""metres""]]",
1719,"Super-Heavyweight, Girls (YOG)",weightlifting,weightlifting,women,heavyweight,,,,,,girls | super,,YES,NO,NO,girls | super,heavyweight,0,"[""women"", true, false, [""heavyweight""], [], [], [""girls"", ""super""]]",fuente1
1720,"Triple Jump, Girls (YOG)",,,,,,,,,,girls | jump | triple,,YES,NO,NO,girls | jump | triple,,0,"["""", true, false, [], [], [], [""girls"", ""jump"", ""triple""]]",
1721,"≤44 kilograms, Girls (YOG)",,,,,,,,,,girls | kilograms,,YES,NO,NO,girls | kilograms,,0,"["""", true, false, [], [], [], [""girls"", ""kilograms""]]",
1722,"Middleweight, Girls (YOG)",,,,,,,,,,girls | middleweight,,YES,NO,NO,girls | middleweight,,0,"["""", true, false, [], [], [], [""girls"", ""middleweight""]]",
1723,"Welterweight, Women (Olympic)",,,,,,,,,,welterweight,,NO,NO,NO,welterweight,,0,"["""", false, false, [], [], [], [""welterweight""]]",
1724,"Épée, Individual, Girls (YOG)",,,,individual,,individual,,,,epee | girls,individual,YES,NO,NO,epee | girls,individual,0,"["""", true, false, [""individual""], [], [], [""epee"", ""girls""]]",
1725,"≤78 kilograms, Girls (YOG)",,,,,,,,,,girls | kilograms,,YES,NO,NO,girls | kilograms,,0,"["""", true, false, [], [], [], [""girls"", ""kilograms""]]",
1726,"2,000 metres Steeplechase, Boys (YOG)",,,,,,,,,,boys | metres | steeplechase,,YES,NO,NO,boys | metres | steeplechase,,0,"["""", true, false, [], [], [], [""boys"", ""metres"", ""steeplechase""]]",
1727,"800 metres Freestyle, Boys (YOG)",,,,freestyle,,,,,,boys | metres,,YES,NO,NO,boys | metres,freestyle,0,"["""", true, false, [""freestyle""], [], [], [""boys"", ""metres""]]",
1728,"Rugby Sevens, Men (Olympic)",rugby,rugby sevens,men,,,,,,,,,NO,NO,NO,,,0,"[""men"", false, false, [], [], [], []]",fuente1
1729,"Windsurfer, Boys (YOG)",,,,,,,,,,boys | windsurfer,,YES,NO,NO,boys | windsurfer,,0,"["""", true, false, [], [], [], [""boys"", ""windsurfer""]]",
1730,"Volleyball, Boys (YOG)",,,,,,,,,,boys | volleyball,,YES,NO,NO,boys | volleyball,,0,"["""", true, false, [], [], [], [""boys"", ""volleyball""]]",
1731,"Super-Heavyweight, Boys (YOG)",weightlifting,weightlifting,men,heavyweight,,,,,,boys | super,,YES,NO,NO,boys | super,heavyweight,0,"[""men"", true, false, [""heavyweight""], [], [], [""boys"", ""super""]]",fuente1
1732,"Shot Put, Boys (YOG)",,,,shot,,,,,,boys | put,,YES,NO,NO,boys | put,shot,0,"["""", true, false, [""shot""], [], [], [""boys"", ""put""]]",
1733,"Individual, Boys (YOG)",,,,individual,,individual,,,,boys,individual,YES,NO,NO,boys,individual,0,"["""", true, false, [""individual""], [], [], [""boys""]]",
1734,"Coxless Pairs, Boys (YOG)",,,,coxless,,,,,coxless,boys | pairs,,YES,NO,NO,boys | pairs,coxless,0,"["""", true, false, [""coxless""], [], [], [""boys"", ""pairs""]]",
1735,"Triple Jump, Boys (YOG)",,,,,,,,,,boys | jump | triple,,YES,NO,NO,boys | jump | triple,,0,"["""", true, false, [], [], [], [""boys"", ""jump"", ""triple""]]",
1736,"Light-Flyweight, Boys (YOG)",boxing,boxing,men,,,,,,,boys | flyweight | light,,YES,NO,NO,boys | flyweight | light,,0,"[""men"", true, false, [], [], [], [""boys"", ""flyweight"", ""light""]]",fuente1
1737,"400 metres Hurdles, Boys (YOG)",athletics,athletics,men,,,,,,,boys | hurdles | metres,,YES,NO,NO,boys | hurdles | metres,,0,"[""men"", true, false, [], [], [], [""boys"", ""hurdles"", ""metres""]]",fuente1
1738,"Singles, Boys (YOG)",,,,singles,,individual,,,,boys,singles,YES,NO,NO,boys,singles,0,"["""", true, false, [""singles""], [], [], [""boys""]]",
1739,"Doubles, Boys (YOG)",,,,doubles,,individual,,,,boys,doubles,YES,NO,NO,boys,doubles,0,"["""", true, false, [""doubles""], [], [], [""boys""]]",
1740,"Individual, Open Youth (YOG)",,,,individual,,individual,,,,open,individual,YES,NO,NO,open,individual,0,"["""", true, false, [""individual""], [], [], [""open""]]",
1741,"Team, Open Youth (YOG)",,,,team,team,,,,,open,team,YES,NO,NO,open,team,0,"["""", true, false, [""team""], [], [], [""open""]]",
1742,"≤100 kilograms, Boys (YOG)",,,,,,,,,,boys | kilograms,,YES,NO,NO,boys | kilograms,,0,"["""", true, false, [], [], [], [""boys"", ""kilograms""]]",
1743,"≤55 kilograms, Boys (YOG)",,,,,,,,,,boys | kilograms,,YES,NO,NO,boys | kilograms,,0,"["""", true, false, [], [], [], [""boys"", ""kilograms""]]",
1744,"Singles, Boys (YOG)",,,,singles,,individual,,,,boys,singles,YES,NO,NO,boys,singles,0,"["""", true, false, [""singles""], [], [], [""boys""]]",
1745,"Canoe Singles, Head to Head, Boys (YOG)",,,,singles,,individual,,,,boys | canoe | head | head | to,singles,YES,NO,NO,boys | canoe | head | head | to,singles,0,"["""", true, false, [""singles""], [], [], [""boys"", ""canoe"", ""head"", ""head"", ""to""]]",
1746,"Canoe Singles, Obstacle Slalom, Boys (YOG)",,,,singles,,individual,,,,boys | canoe | obstacle | slalom,singles,YES,NO,NO,boys | canoe | obstacle | slalom,singles,0,"["""", true, false, [""singles""], [], [], [""boys"", ""canoe"", ""obstacle"", ""slalom""]]",
1747,"Épée, Individual, Boys (YOG)",,,,individual,,individual,,,,boys | epee,individual,YES,NO,NO,boys | epee,individual,0,"["""", true, false, [""individual""], [], [], [""boys"", ""epee""]]",
1748,"Lightweight, Boys (YOG)",,,,lightweight,,,,,,boys,,YES,NO,NO,boys,lightweight,0,"["""", true, false, [""lightweight""], [], [], [""boys""]]",
1749,"≤76 kilograms, Freestyle, Boys (YOG)",,,,freestyle,,,,,,boys | kilograms,,YES,NO,NO,boys | kilograms,freestyle,0,"["""", true, false, [""freestyle""], [], [], [""boys"", ""kilograms""]]",
1750,"110 metres Hurdles, Boys (YOG)",,,,,,,,,,boys | hurdles | metres,,YES,NO,NO,boys | hurdles | metres,,0,"["""", true, false, [], [], [], [""boys"", ""hurdles"", ""metres""]]",
1751,"Heavyweight, Boys (YOG)",boxing,boxing,men,heavyweight,,,,,,boys,,YES,NO,NO,boys,heavyweight,0,"[""men"", true, false, [""heavyweight""], [], [], [""boys""]]",fuente1
1752,"≤81 kilograms, Boys (YOG)",,,,,,,,,,boys | kilograms,,YES,NO,NO,boys | kilograms,,0,"["""", true, false, [], [], [], [""boys"", ""kilograms""]]",
1753,"Kayak Singles, Head to Head, Boys (YOG)",,,,singles,,individual,,,,boys | head | head | kayak | to,singles,YES,NO,NO,boys | head | head | kayak | to,singles,0,"["""", true, false, [""singles""], [], [], [""boys"", ""head"", ""head"", ""kayak"", ""to""]]",
1754,"Kayak Singles, Obstacle Slalom, Boys (YOG)",,,,singles,,individual,,,,boys | kayak | obstacle | slalom,singles,YES,NO,NO,boys | kayak | obstacle | slalom,singles,0,"["""", true, false, [""singles""], [], [], [""boys"", ""kayak"", ""obstacle"", ""slalom""]]",
1755,"1,500 metres, Boys (YOG)",,,,,,,,,,boys | metres,,YES,NO,NO,boys | metres,,0,"["""", true, false, [], [], [], [""boys"", ""metres""]]",
1756,"≤85 kilograms, Greco Roman, Boys (YOG)",,,,,,,,,,boys | greco | kilograms | roman,,YES,NO,NO,boys | greco | kilograms | roman,,0,"["""", true, false, [], [], [], [""boys"", ""greco"", ""kilograms"", ""roman""]]",
1757,"One Person Dinghy, Boys (YOG)",,,,,,,,,,boys | dinghy | one | person,,YES,NO,NO,boys | dinghy | one | person,,0,"["""", true, false, [], [], [], [""boys"", ""dinghy"", ""one"", ""person""]]",
1758,"Handball, Boys (YOG)",,,,,,,,,,boys | handball,,YES,NO,NO,boys | handball,,0,"["""", true, false, [], [], [], [""boys"", ""handball""]]",
1759,"Rugby Sevens, Boys (YOG)",,,,,,,,,,boys | rugby | sevens,,YES,NO,NO,boys | rugby | sevens,,0,"["""", true, false, [], [], [], [""boys"", ""rugby"", ""sevens""]]",
1760,"Individual, Boys (YOG)",,,,individual,,individual,,,,boys,individual,YES,NO,NO,boys,individual,0,"["""", true, false, [""individual""], [], [], [""boys""]]",
1761,"≤100 kilograms, Freestyle, Boys (YOG)",,,,freestyle,,,,,,boys | kilograms,,YES,NO,NO,boys | kilograms,freestyle,0,"["""", true, false, [""freestyle""], [], [], [""boys"", ""kilograms""]]",
1762,"≤73 kilograms, Boys (YOG)",,,,,,,,,,boys | kilograms,,YES,NO,NO,boys | kilograms,,0,"["""", true, false, [], [], [], [""boys"", ""kilograms""]]",
1763,"≤66 kilograms, Boys (YOG)",,,,,,,,,,boys | kilograms,,YES,NO,NO,boys | kilograms,,0,"["""", true, false, [], [], [], [""boys"", ""kilograms""]]",
1764,"Discus Throw, Boys (YOG)",,,,,,,,,,boys | discus | throw,,YES,NO,NO,boys | discus | throw,,0,"["""", true, false, [], [], [], [""boys"", ""discus"", ""throw""]]",
1765,"Hammer Throw, Boys (YOG)",,,,,,,,,,boys | hammer | throw,,YES,NO,NO,boys | hammer | throw,,0,"["""", true, false, [], [], [], [""boys"", ""hammer"", ""throw""]]",
1766,"Combined Team, Boys (YOG)",,,,combined,team,,,,,boys,team,YES,NO,NO,boys,combined | team,0,"["""", true, false, [""combined"", ""team""], [], [], [""boys""]]",
1767,"Relay, Mixed Youth (YOG)",,,,mixed,team,,,,,,relay,YES,NO,YES,,mixed | relay,0,"["""", true, false, [""mixed"", ""relay""], [], [], []]",
1768,"Hockey 5s, Boys (YOG)",,,,,,,,,,5s | boys | hockey,,YES,NO,NO,5s | boys | hockey,,0,"["""", true, false, [], [], [], [""5s"", ""boys"", ""hockey""]]",
1769,"≤48 kilograms, Boys (YOG)",,,,,,,,,,boys | kilograms,,YES,NO,NO,boys | kilograms,,0,"["""", true, false, [], [], [], [""boys"", ""kilograms""]]",
1770,"Sabre, Individual, Boys (YOG)",,,,individual,,individual,,,,boys | sabre,individual,YES,NO,NO,boys | sabre,individual,0,"["""", true, false, [""individual""], [], [], [""boys"", ""sabre""]]",
1771,"Individual Time Trial, Men (Olympic)",,,,individual,,individual,,,,time | trial,individual,NO,NO,NO,time | trial,individual,0,"["""", false, false, [""individual""], [], [], [""time"", ""trial""]]",
1772,"Sprint, Boys (YOG)",,,,sprint,,,,,,boys,,YES,NO,NO,boys,sprint,0,"["""", true, false, [""sprint""], [], [], [""boys""]]",
1773,"10 kilometres, Boys (YOG)",,,,,,,,,,boys | kilometres,,YES,NO,NO,boys | kilometres,,0,"["""", true, false, [], [], [], [""boys"", ""kilometres""]]",
1774,"Cross, Boys (YOG)",,,,,,,,,,boys | cross,,YES,NO,NO,boys | cross,,0,"["""", true, false, [], [], [], [""boys"", ""cross""]]",
1775,Freestyle Skiing (Skiing),,,,freestyle,,,,,,skiing | skiing,,NO,NO,NO,skiing | skiing,freestyle,0,"["""", false, false, [""freestyle""], [], [], [""skiing"", ""skiing""]]",
1776,"Ski Cross, Boys (YOG)",,,,,,,,,,boys | cross | ski,,YES,NO,NO,boys | cross | ski,,0,"["""", true, false, [], [], [], [""boys"", ""cross"", ""ski""]]",
1777,"Slopestyle, Girls (YOG)",,,,,,,,,,girls | slopestyle,,YES,NO,NO,girls | slopestyle,,0,"["""", true, false, [], [], [], [""girls"", ""slopestyle""]]",
1778,"Halfpipe, Girls (YOG)",,,,,,,,,,girls | halfpipe,,YES,NO,NO,girls | halfpipe,,0,"["""", true, false, [], [], [], [""girls"", ""halfpipe""]]",
1779,"Team, Mixed Youth (YOG)",,,,mixed,team,,,,,,team,YES,NO,YES,,mixed | team,0,"["""", true, false, [""mixed"", ""team""], [], [], []]",
1780,"Sprint, Girls (YOG)",,,,sprint,,,,,,girls,,YES,NO,NO,girls,sprint,0,"["""", true, false, [""sprint""], [], [], [""girls""]]",
1781,"5 kilometres, Girls (YOG)",,,,,,,,,,girls | kilometres,,YES,NO,NO,girls | kilometres,,0,"["""", true, false, [], [], [], [""girls"", ""kilometres""]]",
1782,"Slopestyle, Girls (YOG)",,,,,,,,,,girls | slopestyle,,YES,NO,NO,girls | slopestyle,,0,"["""", true, false, [], [], [], [""girls"", ""slopestyle""]]",
1783,"Doubles, Open Youth (YOG)",,,,doubles,,individual,,,,open,doubles,YES,NO,NO,open,doubles,0,"["""", true, false, [""doubles""], [], [], [""open""]]",
1784,"Skeleton, Girls (YOG)",,,,,,,,,,girls | skeleton,,YES,NO,NO,girls | skeleton,,0,"["""", true, false, [], [], [], [""girls"", ""skeleton""]]",
1785,"6 and 7.5 kilometres Single Relay, Mixed Youth (YOG)",,,,mixed,team,,,,,and | kilometres,relay | single,YES,NO,YES,and | kilometres,mixed | relay | single,0,"["""", true, false, [""mixed"", ""relay"", ""single""], [], [], [""and"", ""kilometres""]]",
1786,"Ski Cross, Girls (YOG)",,,,,,,,,,cross | girls | ski,,YES,NO,NO,cross | girls | ski,,0,"["""", true, false, [], [], [], [""cross"", ""girls"", ""ski""]]",
1787,"Cross, Girls (YOG)",,,,,,,,,,cross | girls,,YES,NO,NO,cross | girls,,0,"["""", true, false, [], [], [], [""cross"", ""girls""]]",
1788,"Pairs, Mixed Youth (YOG)",,,,mixed,,,,,,pairs,,YES,NO,YES,pairs,mixed,0,"["""", true, false, [""mixed""], [], [], [""pairs""]]",
1789,"500 metres, Girls (YOG)",skating,speed skating,women,,,,,,,girls | metres,,YES,NO,NO,girls | metres,,0,"[""women"", true, false, [], [], [], [""girls"", ""metres""]]",fuente1
1790,"Team Sprint, Mixed Youth (YOG)",,,,mixed,team,,,,,,team,YES,NO,YES,,mixed | sprint | team,0,"["""", true, false, [""mixed"", ""sprint"", ""team""], [], [], []]",
1791,"1,500 metres, Girls (YOG)",skating,speed skating,women,,,,,,,girls | metres,,YES,NO,NO,girls | metres,,0,"[""women"", true, false, [], [], [], [""girls"", ""metres""]]",fuente1
1792,"Mass Start, Girls (YOG)",,,,,,,,,,girls | mass | start,,YES,NO,NO,girls | mass | start,,0,"["""", true, false, [], [], [], [""girls"", ""mass"", ""start""]]",
1793,"500 metres, Boys (YOG)",,,,,,,,,,boys | metres,,YES,NO,NO,boys | metres,,0,"["""", true, false, [], [], [], [""boys"", ""metres""]]",
1794,"1,000 metres, Boys (YOG)",,,,,,,,,,boys | metres,,YES,NO,NO,boys | metres,,0,"["""", true, false, [], [], [], [""boys"", ""metres""]]",
1795,Mixed Sports,,,,mixed,,,,,,sports,,NO,NO,YES,sports,mixed,0,"["""", false, false, [""mixed""], [], [], [""sports""]]",
1796,"Cross-Country Skiing / Ski Jumping / Nordic Combined Team, Mixed Youth (YOG)",,,,mixed,team,,,,,country | cross | jumping | nordic | ski | skiing,team,YES,NO,YES,country | cross | jumping | nordic | ski | skiing,combined | mixed | team,0,"["""", true, false, [""combined"", ""mixed"", ""team""], [], [], [""country"", ""cross"", ""jumping"", ""nordic"", ""ski"", ""skiing""]]",
1797,"Cross-Country Skiing / Ski Jumping / Nordic Combined Team, Mixed Youth (YOG)",,,,mixed,team,,,,,country | cross | jumping | nordic | ski | skiing,team,YES,NO,YES,country | cross | jumping | nordic | ski | skiing,combined | mixed | team,0,"["""", true, false, [""combined"", ""mixed"", ""team""], [], [], [""country"", ""cross"", ""jumping"", ""nordic"", ""ski"", ""skiing""]]",
1798,Ski Jumping (Skiing),,,,,,,,,,jumping | ski | skiing,,NO,NO,NO,jumping | ski | skiing,,0,"["""", false, false, [], [], [], [""jumping"", ""ski"", ""skiing""]]",
1799,"Normal Hill, Team, Mixed Youth (YOG)",,,,mixed,team,,,,,hill | normal,team,YES,NO,YES,hill | normal,mixed | team,0,"["""", true, false, [""mixed"", ""team""], [], [], [""hill"", ""normal""]]",
1800,Nordic Combined (Skiing),,,,combined,,,,,,nordic | skiing,,NO,NO,NO,nordic | skiing,combined,0,"["""", false, false, [""combined""], [], [], [""nordic"", ""skiing""]]",
1801,"Normal Hill / 5 km, Individual, Boys (YOG)",,,,individual,,individual,5 km,,,boys | hill | normal,individual,YES,NO,NO,boys | hill | normal,individual,0,"["""", true, false, [""individual""], [""5 km""], [], [""boys"", ""hill"", ""normal""]]",
1802,"Normal Hill, Individual, Boys (YOG)",skiing,ski jumping,men,individual,,individual,,,,boys | hill | normal,individual,YES,NO,NO,boys | hill | normal,individual,0,"[""men"", true, false, [""individual""], [], [], [""boys"", ""hill"", ""normal""]]",fuente1
1803,"Ice Dancing, Mixed Youth (YOG)",skating,figure skating,mixed,mixed,,,,,,dancing | ice,,YES,NO,YES,dancing | ice,mixed,0,"[""mixed"", true, false, [""mixed""], [], [], [""dancing"", ""ice""]]",fuente1
1804,"Normal Hill, Individual, Boys (YOG)",,,,individual,,individual,,,,boys | hill | normal,individual,YES,NO,NO,boys | hill | normal,individual,0,"["""", true, false, [""individual""], [], [], [""boys"", ""hill"", ""normal""]]",
1805,"Cross, Boys (YOG)",,,,,,,,,,boys | cross,,YES,NO,NO,boys | cross,,0,"["""", true, false, [], [], [], [""boys"", ""cross""]]",
1806,"Freestyle/Snowboard Relay, Mixed Youth (YOG)",,,,mixed,team,,,,,snowboard,relay,YES,NO,YES,snowboard,freestyle | mixed | relay,0,"["""", true, false, [""freestyle"", ""mixed"", ""relay""], [], [], [""snowboard""]]",
1807,Snowboarding (Skiing),,,,,,,,,,skiing | snowboarding,,NO,NO,NO,skiing | snowboarding,,0,"["""", false, false, [], [], [], [""skiing"", ""snowboarding""]]",
1808,"Cross, Girls (YOG)",,,,,,,,,,cross | girls,,YES,NO,NO,cross | girls,,0,"["""", true, false, [], [], [], [""cross"", ""girls""]]",
1809,"3,000 metres, Girls (YOG)",,,,,,,,,,girls | metres,,YES,NO,NO,girls | metres,,0,"["""", true, false, [], [], [], [""girls"", ""metres""]]",
1810,"Doubles, Mixed Youth (YOG)",,,,mixed,,individual,,,,,doubles,YES,NO,YES,,doubles | mixed,0,"["""", true, false, [""doubles"", ""mixed""], [], [], []]",
1811,"Curling, Mixed Youth (YOG)",,,,mixed,,,,,,curling,,YES,NO,YES,curling,mixed,0,"["""", true, false, [""mixed""], [], [], [""curling""]]",
1812,"Normal Hill, Individual, Girls (YOG)",,,,individual,,individual,,,,girls | hill | normal,individual,YES,NO,NO,girls | hill | normal,individual,0,"["""", true, false, [""individual""], [], [], [""girls"", ""hill"", ""normal""]]",
1813,"1,500 metres, Boys (YOG)",skating,speed skating,men,,,,,,,boys | metres,,YES,NO,NO,boys | metres,,0,"[""men"", true, false, [], [], [], [""boys"", ""metres""]]",fuente1
1814,"3,000 metres, Boys (YOG)",,,,,,,,,,boys | metres,,YES,NO,NO,boys | metres,,0,"["""", true, false, [], [], [], [""boys"", ""metres""]]",
1815,"Mass Start, Boys (YOG)",,,,,,,,,,boys | mass | start,,YES,NO,NO,boys | mass | start,,0,"["""", true, false, [], [], [], [""boys"", ""mass"", ""start""]]",
1816,"3,000 metres Relay, Mixed Youth (YOG)",,,,mixed,team,,,,,metres,relay,YES,NO,YES,metres,mixed | relay,0,"["""", true, false, [""mixed"", ""relay""], [], [], [""metres""]]",
1817,"1,000 metres, Girls (YOG)",,,,,,,,,,girls | metres,,YES,NO,NO,girls | metres,,0,"["""", true, false, [], [], [], [""girls"", ""metres""]]",
1818,"500 metres, Boys (YOG)",skating,speed skating,men,,,,,,,boys | metres,,YES,NO,NO,boys | metres,,0,"[""men"", true, false, [], [], [], [""boys"", ""metres""]]",fuente1
1819,"Skills Challenge, Girls (YOG)",,,,,,,,,,challenge | girls | skills,,YES,NO,NO,challenge | girls | skills,,0,"["""", true, false, [], [], [], [""challenge"", ""girls"", ""skills""]]",
1820,"Monobob, Boys (YOG)",,,,,,,,,,boys | monobob,,YES,NO,NO,boys | monobob,,0,"["""", true, false, [], [], [], [""boys"", ""monobob""]]",
1821,Freestyle Skiing (Skiing),,,,freestyle,,,,,,skiing | skiing,,NO,NO,NO,skiing | skiing,freestyle,0,"["""", false, false, [""freestyle""], [], [], [""skiing"", ""skiing""]]",
1822,"Ski Cross, Girls (YOG)",,,,,,,,,,cross | girls | ski,,YES,NO,NO,cross | girls | ski,,0,"["""", true, false, [], [], [], [""cross"", ""girls"", ""ski""]]",
1823,"Big Air, Girls (YOG)",,,,,,,,,,air | big | girls,,YES,NO,NO,air | big | girls,,0,"["""", true, false, [], [], [], [""air"", ""big"", ""girls""]]",
1824,"Skeleton, Boys (YOG)",,,,,,,,,,boys | skeleton,,YES,NO,NO,boys | skeleton,,0,"["""", true, false, [], [], [], [""boys"", ""skeleton""]]",
1825,"Longest time travelled (#2), Handicap, Open (Olympic (non-medal))",,,,,,,,,,handicap | longest | medal | open | time | travelled,,NO,YES,NO,handicap | longest | medal | open | time | travelled,,0,"["""", false, true, [], [], [], [""handicap"", ""longest"", ""medal"", ""open"", ""time"", ""travelled""]]",
1826,"Longest time travelled (#3), Open (Olympic (non-medal))",,,,,,,,,,longest | medal | open | time | travelled,,NO,YES,NO,longest | medal | open | time | travelled,,0,"["""", false, true, [], [], [], [""longest"", ""medal"", ""open"", ""time"", ""travelled""]]",
1827,"Closest landing to target (#3), Combined, Open (Olympic (non-medal))",,,,combined,,,,,,closest | landing | medal | open | target | to,,NO,YES,NO,closest | landing | medal | open | target | to,combined,0,"["""", false, true, [""combined""], [], [], [""closest"", ""landing"", ""medal"", ""open"", ""target"", ""to""]]",
1828,"Closest landing to target (#3), Intermediate stop, Open (Olympic (non-medal))",,,,,,,,,,closest | intermediate | landing | medal | open | stop | target | to,,NO,YES,NO,closest | intermediate | landing | medal | open | stop | target | to,,0,"["""", false, true, [], [], [], [""closest"", ""intermediate"", ""landing"", ""medal"", ""open"", ""stop"", ""target"", ""to""]]",
1829,"Closest landing to target (#3), Final stop, Open (Olympic (non-medal))",,,,final,,,,,,closest | landing | medal | open | stop | target | to,,NO,YES,NO,closest | landing | medal | open | stop | target | to,final,0,"["""", false, true, [""final""], [], [], [""closest"", ""landing"", ""medal"", ""open"", ""stop"", ""target"", ""to""]]",
1830,Equestrian Driving (Equestrian),,,,,,,,,,driving | equestrian | equestrian,,NO,NO,NO,driving | equestrian | equestrian,,0,"["""", false, false, [], [], [], [""driving"", ""equestrian"", ""equestrian""]]",
1831,"Four-In-Hand Competition, Open (Olympic)",,,,,,,,,,four | hand | in | open,,NO,NO,NO,four | hand | in | open,,0,"["""", false, false, [], [], [], [""four"", ""hand"", ""in"", ""open""]]",
1832,Mixed Sports,,,,mixed,,,,,,sports,,NO,NO,YES,sports,mixed,0,"["""", false, false, [""mixed""], [], [], [""sports""]]",
1833,"Freestyle/Snowboard Relay, Mixed Youth (YOG)",,,,mixed,team,,,,,snowboard,relay,YES,NO,YES,snowboard,freestyle | mixed | relay,0,"["""", true, false, [""freestyle"", ""mixed"", ""relay""], [], [], [""snowboard""]]",
1834,"Sprint, Girls (YOG)",,,,sprint,,,,,,girls,,YES,NO,NO,girls,sprint,0,"["""", true, false, [""sprint""], [], [], [""girls""]]",
1835,"Relay, Mixed Youth (YOG)",,,,mixed,team,,,,,,relay,YES,NO,YES,,mixed | relay,0,"["""", true, false, [""mixed"", ""relay""], [], [], []]",
1836,"Individual, Girls (YOG)",,,,individual,,individual,,,,girls,individual,YES,NO,NO,girls,individual,0,"["""", true, false, [""individual""], [], [], [""girls""]]",
1837,"Ski Cross, Boys (YOG)",,,,,,,,,,boys | cross | ski,,YES,NO,NO,boys | cross | ski,,0,"["""", true, false, [], [], [], [""boys"", ""cross"", ""ski""]]",
1838,"Ski Cross, Girls (YOG)",,,,,,,,,,cross | girls | ski,,YES,NO,NO,cross | girls | ski,,0,"["""", true, false, [], [], [], [""cross"", ""girls"", ""ski""]]",
1839,Mixed Sports,,,,mixed,,,,,,sports,,NO,NO,YES,sports,mixed,0,"["""", false, false, [""mixed""], [], [], [""sports""]]",
1840,"Freestyle/Snowboard Relay, Mixed Youth (YOG)",,,,mixed,team,,,,,snowboard,relay,YES,NO,YES,snowboard,freestyle | mixed | relay,0,"["""", true, false, [""freestyle"", ""mixed"", ""relay""], [], [], [""snowboard""]]",
1841,"Monobob, Girls (YOG)",,,,,,,,,,girls | monobob,,YES,NO,NO,girls | monobob,,0,"["""", true, false, [], [], [], [""girls"", ""monobob""]]",
1842,"10 kilometres, Girls (YOG)",,,,,,,,,,girls | kilometres,,YES,NO,NO,girls | kilometres,,0,"["""", true, false, [], [], [], [""girls"", ""kilometres""]]",
1843,"12.5 kilometres, Boys (YOG)",,,,,,,,,,boys | kilometres,,YES,NO,NO,boys | kilometres,,0,"["""", true, false, [], [], [], [""boys"", ""kilometres""]]",
1844,"Sprint, Girls (YOG)",,,,sprint,,,,,,girls,,YES,NO,NO,girls,sprint,0,"["""", true, false, [""sprint""], [], [], [""girls""]]",
1845,"5 kilometres, Girls (YOG)",biathlon,biathlon,women,,,,,,,girls | kilometres,,YES,NO,NO,girls | kilometres,,0,"[""women"", true, false, [], [], [], [""girls"", ""kilometres""]]",fuente1
1846,"Cross, Girls (YOG)",,,,,,,,,,cross | girls,,YES,NO,NO,cross | girls,,0,"["""", true, false, [], [], [], [""cross"", ""girls""]]",
1847,"Sprint, Boys (YOG)",,,,sprint,,,,,,boys,,YES,NO,NO,boys,sprint,0,"["""", true, false, [""sprint""], [], [], [""boys""]]",
1848,"10 kilometres, Boys (YOG)",biathlon,biathlon,men,,,,,,,boys | kilometres,,YES,NO,NO,boys | kilometres,,0,"[""men"", true, false, [], [], [], [""boys"", ""kilometres""]]",fuente1
1849,"Cross, Boys (YOG)",,,,,,,,,,boys | cross,,YES,NO,NO,boys | cross,,0,"["""", true, false, [], [], [], [""boys"", ""cross""]]",
1850,"Big Air, Boys (YOG)",,,,,,,,,,air | big | boys,,YES,NO,NO,air | big | boys,,0,"["""", true, false, [], [], [], [""air"", ""big"", ""boys""]]",
1851,"3-on-3 Ice Hockey, Boys (YOG)",,,,,,,,,,boys | hockey | ice | on,,YES,NO,NO,boys | hockey | ice | on,,0,"["""", true, false, [], [], [], [""boys"", ""hockey"", ""ice"", ""on""]]",
1852,"3-on-3 Ice Hockey, Girls (YOG)",,,,,,,,,,girls | hockey | ice | on,,YES,NO,NO,girls | hockey | ice | on,,0,"["""", true, false, [], [], [], [""girls"", ""hockey"", ""ice"", ""on""]]",
1853,"Ice Hockey, Boys (YOG)",,,,,,,,,,boys | hockey | ice,,YES,NO,NO,boys | hockey | ice,,0,"["""", true, false, [], [], [], [""boys"", ""hockey"", ""ice""]]",
1854,3-on-3 Ice Hockey (Ice Hockey),,,,,,,,,,hockey | hockey | ice | ice | on,,NO,NO,NO,hockey | hockey | ice | ice | on,,0,"["""", false, false, [], [], [], [""hockey"", ""hockey"", ""ice"", ""ice"", ""on""]]",
1855,"3-on-3 Ice Hockey, Girls (YOG)",ice hockey,ice hockey,women,,,,,,,girls | on,,YES,NO,NO,girls | on,,0,"[""women"", true, false, [], [], [], [""girls"", ""on""]]",fuente1
1856,"Doubles, Boys (YOG)",,,,doubles,,individual,,,,boys,doubles,YES,NO,NO,boys,doubles,0,"["""", true, false, [""doubles""], [], [], [""boys""]]",
1857,"Doubles, Girls (YOG)",,,,doubles,,individual,,,,girls,doubles,YES,NO,NO,girls,doubles,0,"["""", true, false, [""doubles""], [], [], [""girls""]]",
1858,"Normal Hill / 6 km, Individual, Boys (YOG)",,,,individual,,individual,6 km,,,boys | hill | normal,individual,YES,NO,NO,boys | hill | normal,individual,0,"["""", true, false, [""individual""], [""6 km""], [], [""boys"", ""hill"", ""normal""]]",
1859,"Normal Hill, Team, Mixed Youth (YOG)",skiing,nordic combined,mixed,mixed,team,,,,,hill | normal,team,YES,NO,YES,hill | normal,mixed | team,0,"[""mixed"", true, false, [""mixed"", ""team""], [], [], [""hill"", ""normal""]]",fuente1
1860,"Normal Hill / 4 km, Individual, Girls (YOG)",,,,individual,,individual,4 km,,,girls | hill | normal,individual,YES,NO,NO,girls | hill | normal,individual,0,"["""", true, false, [""individual""], [""4 km""], [], [""girls"", ""hill"", ""normal""]]",
1861,"Normal Hill, Individual, Girls (YOG)",skiing,ski jumping,women,individual,,individual,,,,girls | hill | normal,individual,YES,NO,NO,girls | hill | normal,individual,0,"[""women"", true, false, [""individual""], [], [], [""girls"", ""hill"", ""normal""]]",fuente1
1862,"Normal Hill, Team, Mixed Youth (YOG)",skiing,ski jumping,mixed,mixed,team,,,,,hill | normal,team,YES,NO,YES,hill | normal,mixed | team,0,"[""mixed"", true, false, [""mixed"", ""team""], [], [], [""hill"", ""normal""]]",fuente1
1863,"Normal Hill / 4 km, Individual, Girls (YOG)",skiing,ski jumping,women,individual,,individual,4 km,,,girls | hill | normal,individual,YES,NO,NO,girls | hill | normal,individual,0,"[""women"", true, false, [""individual""], [""4 km""], [], [""girls"", ""hill"", ""normal""]]",fuente1
1864,Mixed Sports,,,,mixed,,,,,,sports,,NO,NO,YES,sports,mixed,0,"["""", false, false, [""mixed""], [], [], [""sports""]]",
1865,"Cross-Country Skiing / Ski Jumping / Nordic Combined Team, Mixed Youth (YOG)",,,,mixed,team,,,,,country | cross | jumping | nordic | ski | skiing,team,YES,NO,YES,country | cross | jumping | nordic | ski | skiing,combined | mixed | team,0,"["""", true, false, [""combined"", ""mixed"", ""team""], [], [], [""country"", ""cross"", ""jumping"", ""nordic"", ""ski"", ""skiing""]]",
1866,Mixed Sports,,,,mixed,,,,,,sports,,NO,NO,YES,sports,mixed,0,"["""", false, false, [""mixed""], [], [], [""sports""]]",
1867,"Cross-Country Skiing / Ski Jumping / Nordic Combined Team, Mixed Youth (YOG)",,,,mixed,team,,,,,country | cross | jumping | nordic | ski | skiing,team,YES,NO,YES,country | cross | jumping | nordic | ski | skiing,combined | mixed | team,0,"["""", true, false, [""combined"", ""mixed"", ""team""], [], [], [""country"", ""cross"", ""jumping"", ""nordic"", ""ski"", ""skiing""]]",
1868,"Normal Hill / 6 km, Individual, Boys (YOG)",skiing,ski jumping,men,individual,,individual,6 km,,,boys | hill | normal,individual,YES,NO,NO,boys | hill | normal,individual,0,"[""men"", true, false, [""individual""], [""6 km""], [], [""boys"", ""hill"", ""normal""]]",fuente1
1869,Mixed Sports,,,,mixed,,,,,,sports,,NO,NO,YES,sports,mixed,0,"["""", false, false, [""mixed""], [], [], [""sports""]]",
1870,"Freestyle/Snowboard Relay, Mixed Youth (YOG)",,,,mixed,team,,,,,snowboard,relay,YES,NO,YES,snowboard,freestyle | mixed | relay,0,"["""", true, false, [""freestyle"", ""mixed"", ""relay""], [], [], [""snowboard""]]",
1871,"Big Air, Girls (YOG)",,,,,,,,,,air | big | girls,,YES,NO,NO,air | big | girls,,0,"["""", true, false, [], [], [], [""air"", ""big"", ""girls""]]",
1872,"Big Air, Boys (YOG)",,,,,,,,,,air | big | boys,,YES,NO,NO,air | big | boys,,0,"["""", true, false, [], [], [], [""air"", ""big"", ""boys""]]",
1873,"Cross, Girls (YOG)",,,,,,,,,,cross | girls,,YES,NO,NO,cross | girls,,0,"["""", true, false, [], [], [], [""cross"", ""girls""]]",
1874,"Sprint, Boys (YOG)",,,,sprint,,,,,,boys,,YES,NO,NO,boys,sprint,0,"["""", true, false, [""sprint""], [], [], [""boys""]]",
1875,"Individual, Boys (YOG)",,,,individual,,individual,,,,boys,individual,YES,NO,NO,boys,individual,0,"["""", true, false, [""individual""], [], [], [""boys""]]",
1876,"Kumite, >61 kg, Women (Olympic)",,,,,,,,61 kg,,kumite,,NO,NO,NO,kumite,,0,"["""", false, false, [], [], [""61 kg""], [""kumite""]]",
1877,"Shortboard, Men (Olympic)",,,,,,,,,,shortboard,,NO,NO,NO,shortboard,,0,"["""", false, false, [], [], [], [""shortboard""]]",
1878,"Park, Women (Olympic)",cycling,bmx freestyle,women,,,,,,,park,,NO,NO,NO,park,,0,"[""women"", false, false, [], [], [], [""park""]]",fuente1
1879,"Canadian Singles, 200 metres, Women (Olympic)",,,,singles,,individual,,,,canadian | metres,singles,NO,NO,NO,canadian | metres,singles,0,"["""", false, false, [""singles""], [], [], [""canadian"", ""metres""]]",
1880,"Canadian Doubles, 500 metres, Women (Olympic)",,,,doubles,,individual,,,,canadian | metres,doubles,NO,NO,NO,canadian | metres,doubles,0,"["""", false, false, [""doubles""], [], [], [""canadian"", ""metres""]]",
1881,"Combined, Women (Olympic)",sport climbing,sport climbing,women,combined,,,,,,,,NO,NO,NO,,combined,0,"[""women"", false, false, [""combined""], [], [], []]",fuente1
1882,"Street, Women (Olympic)",roller sports,skateboarding,women,,,,,,,street,,NO,NO,NO,street,,0,"[""women"", false, false, [], [], [], [""street""]]",fuente1
1883,"Park, Women (Olympic)",roller sports,skateboarding,women,,,,,,,park,,NO,NO,NO,park,,0,"[""women"", false, false, [], [], [], [""park""]]",fuente1
1884,"Shortboard, Women (Olympic)",,,,,,,,,,shortboard,,NO,NO,NO,shortboard,,0,"["""", false, false, [], [], [], [""shortboard""]]",
1885,"Park, Men (Olympic)",cycling,bmx freestyle,men,,,,,,,park,,NO,NO,NO,park,,0,"[""men"", false, false, [], [], [], [""park""]]",fuente1
1886,"Combined, Men (Olympic)",sport climbing,sport climbing,men,combined,,,,,,,,NO,NO,NO,,combined,0,"[""men"", false, false, [""combined""], [], [], []]",fuente1
1887,"Kumite, ≤75 kg, Men (Olympic)",,,,,,,,75 kg,,kumite,,NO,NO,NO,kumite,,0,"["""", false, false, [], [], [""75 kg""], [""kumite""]]",
1888,"Street, Men (Olympic)",roller sports,skateboarding,men,,,,,,,street,,NO,NO,NO,street,,0,"[""men"", false, false, [], [], [], [""street""]]",fuente1
1889,"Kumite, ≤55 kg, Women (Olympic)",,,,,,,,55 kg,,kumite,,NO,NO,NO,kumite,,0,"["""", false, false, [], [], [""55 kg""], [""kumite""]]",
1890,"Kumite, ≤67 kg, Men (Olympic)",,,,,,,,67 kg,,kumite,,NO,NO,NO,kumite,,0,"["""", false, false, [], [], [""67 kg""], [""kumite""]]",
1891,"3x3 Basketball, Men (Olympic)",,,,,,,,,,3x3 | basketball,,NO,NO,NO,3x3 | basketball,,0,"["""", false, false, [], [], [], [""3x3"", ""basketball""]]",
1892,"3x3 Basketball, Women (Olympic)",,,,,,,,,,3x3 | basketball,,NO,NO,NO,3x3 | basketball,,0,"["""", false, false, [], [], [], [""3x3"", ""basketball""]]",
1893,"Football, Girls (YOG)",,,,,,,,,,football | girls,,YES,NO,NO,football | girls,,0,"["""", true, false, [], [], [], [""football"", ""girls""]]",
1894,"Kata, Men (Olympic)",karate,karate,men,,,,,,,kata,,NO,NO,NO,kata,,0,"[""men"", false, false, [], [], [], [""kata""]]",fuente1
1895,"Kata, Women (Olympic)",karate,karate,women,,,,,,,kata,,NO,NO,NO,kata,,0,"[""women"", false, false, [], [], [], [""kata""]]",fuente1
1896,"Individual, Boys (YOG)",,,,individual,,individual,,,,boys,individual,YES,NO,NO,boys,individual,0,"["""", true, false, [""individual""], [], [], [""boys""]]",
1897,"Road Race, Individual, Men (Olympic)",,,,individual,,individual,,,,race | road,individual,NO,NO,NO,race | road,individual,0,"["""", false, false, [""individual""], [], [], [""race"", ""road""]]",
1898,"Normal Hill, Team, Mixed (Olympic)",skiing,nordic combined,mixed,mixed,team,,,,,hill | normal,team,NO,NO,YES,hill | normal,mixed | team,0,"[""mixed"", false, false, [""mixed"", ""team""], [], [], [""hill"", ""normal""]]",fuente1
1899,"Combined, Boys (YOG)",,,,combined,,,,,,boys,,YES,NO,NO,boys,combined,0,"["""", true, false, [""combined""], [], [], [""boys""]]",
1900,Basketball Men's Basketball,basketball,basketball,men,,,,,,,,,NO,NO,NO,,,1,"[""men"", false, false, [], [], [], []]",fuente2 | fuente3 | fuente4
1901,Judo Men's Extra-Lightweight,judo,judo,men,lightweight,,,,,,extra,,NO,NO,NO,extra,lightweight,0,"[""men"", false, false, [""lightweight""], [], [], [""extra""]]",fuente2 | fuente3 | fuente4
1902,Football Men's Football,football,football,men,,,,,,,,,NO,NO,NO,,,1,"[""men"", false, false, [], [], [], []]",fuente2 | fuente3 | fuente4
1903,Tug-Of-War Men's Tug-Of-War,tug of war,tug of war,men,,,,,,,,,NO,NO,NO,,,3,"[""men"", false, false, [], [], [], []]",fuente2 | fuente3 | fuente4
1904,Speed Skating Women's 500 metres,skating,speed skating,women,,,,,,,metres,,NO,NO,NO,metres,,0,"[""women"", false, false, [], [], [], [""metres""]]",fuente2 | fuente4
1905,"Speed Skating Women's 1,000 metres",,,,,,,,,,metres | skating | speed,,NO,NO,NO,metres | skating | speed,,0,"["""", false, false, [], [], [], [""metres"", ""skating"", ""speed""]]",
1906,Cross Country Skiing Men's 10 kilometres,skiing,cross country skiing,men,,,,,,,kilometres,,NO,NO,NO,kilometres,,0,"[""men"", false, false, [], [], [], [""kilometres""]]",fuente2 | fuente4
1907,Cross Country Skiing Men's 50 kilometres,,,,,,,,,,country | cross | kilometres | skiing,,NO,NO,NO,country | cross | kilometres | skiing,,0,"["""", false, false, [], [], [], [""country"", ""cross"", ""kilometres"", ""skiing""]]",
1908,Cross Country Skiing Men's 10/15 kilometres Pursuit,skiing,cross country skiing,men,pursuit,,,,,,kilometres,,NO,NO,NO,kilometres,pursuit,0,"[""men"", false, false, [""pursuit""], [], [], [""kilometres""]]",fuente2 | fuente4
1909,Cross Country Skiing Men's 4 x 10 kilometres Relay,skiing,cross country skiing,men,relay,team,,,,,kilometres | x,relay,NO,NO,NO,kilometres | x,relay,0,"[""men"", false, false, [""relay""], [], [], [""kilometres"", ""x""]]",fuente2 | fuente4
1910,Cross Country Skiing Men's 30 kilometres,,,,,,,,,,country | cross | kilometres | skiing,,NO,NO,NO,country | cross | kilometres | skiing,,0,"["""", false, false, [], [], [], [""country"", ""cross"", ""kilometres"", ""skiing""]]",
1911,Athletics Women's 100 metres,athletics,athletics,women,,,,,,,metres,,NO,NO,NO,metres,,0,"[""women"", false, false, [], [], [], [""metres""]]",fuente2 | fuente3 | fuente4
1912,Athletics Women's 4 x 100 metres Relay,athletics,athletics,women,relay,team,,,,,metres | x,relay,NO,NO,NO,metres | x,relay,0,"[""women"", false, false, [""relay""], [], [], [""metres"", ""x""]]",fuente2 | fuente3 | fuente4
1913,Ice Hockey Men's Ice Hockey,ice hockey,ice hockey,men,,,,,,,,,NO,NO,NO,,,2,"[""men"", false, false, [], [], [], []]",fuente2 | fuente3 | fuente4
1914,Swimming Men's 400 metres Freestyle,,,,freestyle,,,,,,metres | swimming,,NO,NO,NO,metres | swimming,freestyle,0,"["""", false, false, [""freestyle""], [], [], [""metres"", ""swimming""]]",
1915,Badminton Men's Singles,badminton,badminton,men,singles,,individual,,,,,singles,NO,NO,NO,,singles,0,"[""men"", false, false, [""singles""], [], [], []]",fuente2 | fuente3 | fuente4
1916,Sailing Women's Windsurfer,,,,,,,,,,sailing | windsurfer,,NO,NO,NO,sailing | windsurfer,,0,"["""", false, false, [], [], [], [""sailing"", ""windsurfer""]]",
1917,Biathlon Women's 7.5 kilometres Sprint,,,,sprint,,,,,,biathlon | kilometres,,NO,NO,NO,biathlon | kilometres,sprint,0,"["""", false, false, [""sprint""], [], [], [""biathlon"", ""kilometres""]]",
1918,Swimming Men's 200 metres Breaststroke,,,,,,,,,,breaststroke | metres | swimming,,NO,NO,NO,breaststroke | metres | swimming,,0,"["""", false, false, [], [], [], [""breaststroke"", ""metres"", ""swimming""]]",
1919,Swimming Men's 400 metres Breaststroke,,,,,,,,,,breaststroke | metres | swimming,,NO,NO,NO,breaststroke | metres | swimming,,0,"["""", false, false, [], [], [], [""breaststroke"", ""metres"", ""swimming""]]",
1920,Gymnastics Men's Individual All-Around,gymnastics,artistic gymnastics,men,individual,,individual,,,,all | around,individual,NO,NO,NO,all | around,individual,0,"[""men"", false, false, [""individual""], [], [], [""all"", ""around""]]",fuente2 | fuente3 | fuente4
1921,Gymnastics Men's Team All-Around,gymnastics,artistic gymnastics,men,team,team,,,,,all | around,team,NO,NO,NO,all | around,team,0,"[""men"", false, false, [""team""], [], [], [""all"", ""around""]]",fuente2 | fuente3 | fuente4
1922,Gymnastics Men's Floor Exercise,gymnastics,artistic gymnastics,men,,,,,,,exercise | floor,,NO,NO,NO,exercise | floor,,0,"[""men"", false, false, [], [], [], [""exercise"", ""floor""]]",fuente2 | fuente3 | fuente4
1923,Gymnastics Men's Horse Vault,,,,,,,,,,gymnastics | horse | vault,,NO,NO,NO,gymnastics | horse | vault,,0,"["""", false, false, [], [], [], [""gymnastics"", ""horse"", ""vault""]]",
1924,Gymnastics Men's Parallel Bars,gymnastics,artistic gymnastics,men,,,,,,,bars | parallel,,NO,NO,NO,bars | parallel,,0,"[""men"", false, false, [], [], [], [""bars"", ""parallel""]]",fuente2 | fuente3 | fuente4
1925,Gymnastics Men's Horizontal Bar,gymnastics,artistic gymnastics,men,,,,,,,bar | horizontal,,NO,NO,NO,bar | horizontal,,0,"[""men"", false, false, [], [], [], [""bar"", ""horizontal""]]",fuente2 | fuente3 | fuente4
1926,Gymnastics Men's Rings,,,,,,,,,,gymnastics | rings,,NO,NO,NO,gymnastics | rings,,0,"["""", false, false, [], [], [], [""gymnastics"", ""rings""]]",
1927,Gymnastics Men's Pommelled Horse,,,,,,,,,,gymnastics | horse | pommelled,,NO,NO,NO,gymnastics | horse | pommelled,,0,"["""", false, false, [], [], [], [""gymnastics"", ""horse"", ""pommelled""]]",
1928,Athletics Men's Shot Put,athletics,athletics,men,shot,,,,,,put,,NO,NO,NO,put,shot,0,"[""men"", false, false, [""shot""], [], [], [""put""]]",fuente2 | fuente3 | fuente4
1929,"Art Competitions Mixed Sculpturing, Unknown Event",art competitions,art competitions,mixed,mixed,,,,,,sculpturing | unknown,,NO,NO,YES,sculpturing | unknown,mixed,0,"[""mixed"", false, false, [""mixed""], [], [], [""sculpturing"", ""unknown""]]",fuente2 | fuente3 | fuente4
1930,Alpine Skiing Men's Downhill,,,,,,,,,,alpine | downhill | skiing,,NO,NO,NO,alpine | downhill | skiing,,0,"["""", false, false, [], [], [], [""alpine"", ""downhill"", ""skiing""]]",
1931,Alpine Skiing Men's Super G,,,,,,,,,,alpine | g | skiing | super,,NO,NO,NO,alpine | g | skiing | super,,0,"["""", false, false, [], [], [], [""alpine"", ""g"", ""skiing"", ""super""]]",
1932,Alpine Skiing Men's Giant Slalom,skiing,alpine skiing,men,,,,,,,giant | slalom,,NO,NO,NO,giant | slalom,,0,"[""men"", false, false, [], [], [], [""giant"", ""slalom""]]",fuente2 | fuente4
1933,Alpine Skiing Men's Slalom,skiing,alpine skiing,men,,,,,,,slalom,,NO,NO,NO,slalom,,0,"[""men"", false, false, [], [], [], [""slalom""]]",fuente2 | fuente4
1934,Alpine Skiing Men's Combined,,,,combined,,,,,,alpine | skiing,,NO,NO,NO,alpine | skiing,combined,0,"["""", false, false, [""combined""], [], [], [""alpine"", ""skiing""]]",
1935,Handball Women's Handball,handball,handball,women,,,,,,,,,NO,NO,NO,,,1,"[""women"", false, false, [], [], [], []]",fuente2 | fuente3 | fuente4
1936,Weightlifting Women's Super-Heavyweight,weightlifting,weightlifting,women,heavyweight,,,,,,super,,NO,NO,NO,super,heavyweight,0,"[""women"", false, false, [""heavyweight""], [], [], [""super""]]",fuente2 | fuente3 | fuente4
1937,"Wrestling Men's Light-Heavyweight, Greco-Roman",wrestling,wrestling greco roman,men,heavyweight,,,,,,light,,NO,NO,NO,light,heavyweight,0,"[""men"", false, false, [""heavyweight""], [], [], [""light""]]",fuente2 | fuente3 | fuente4
1938,Speed Skating Men's 500 metres,skating,speed skating,men,,,,,,,metres,,NO,NO,NO,metres,,0,"[""men"", false, false, [], [], [], [""metres""]]",fuente2 | fuente4
1939,"Speed Skating Men's 1,500 metres",skating,speed skating,men,,,,,,,metres,,NO,NO,NO,metres,,0,"[""men"", false, false, [], [], [], [""metres""]]",fuente2 | fuente4
1940,"Gymnastics Men's Team All-Around, Free System",gymnastics,artistic gymnastics,men,team,team,,,,,all | around | free | system,team,NO,NO,NO,all | around | free | system,team,0,"[""men"", false, false, [""team""], [], [], [""all"", ""around"", ""free"", ""system""]]",fuente2 | fuente3 | fuente4
1941,Luge Women's Singles,,,,singles,,individual,,,,luge,singles,NO,NO,NO,luge,singles,0,"["""", false, false, [""singles""], [], [], [""luge""]]",
1942,Water Polo Men's Water Polo,aquatics,water polo,men,,,,,,,polo | water,,NO,NO,NO,polo | water,,2,"[""men"", false, false, [], [], [], [""polo"", ""water""]]",fuente2 | fuente3 | fuente4
1943,Sailing Mixed Three Person Keelboat,,,,mixed,,,,,,keelboat | person | sailing | three,,NO,NO,YES,keelboat | person | sailing | three,mixed,0,"["""", false, false, [""mixed""], [], [], [""keelboat"", ""person"", ""sailing"", ""three""]]",
1944,Hockey Women's Hockey,hockey,hockey,women,,,,,,,,,NO,NO,NO,,,1,"[""women"", false, false, [], [], [], []]",fuente2 | fuente3 | fuente4
1945,Rowing Men's Lightweight Double Sculls,rowing,rowing,men,double,,,,,,sculls,double,NO,NO,NO,sculls,double | lightweight,0,"[""men"", false, false, [""double"", ""lightweight""], [], [], [""sculls""]]",fuente2 | fuente3 | fuente4
1946,Athletics Men's Pole Vault,athletics,athletics,men,,,,,,,pole | vault,,NO,NO,NO,pole | vault,,0,"[""men"", false, false, [], [], [], [""pole"", ""vault""]]",fuente2 | fuente3 | fuente4
1947,Athletics Men's High Jump,athletics,athletics,men,,,,,,,high | jump,,NO,NO,NO,high | jump,,0,"[""men"", false, false, [], [], [], [""high"", ""jump""]]",fuente2 | fuente3 | fuente4
1948,Sailing Men's Two Person Dinghy,,,,,,,,,,dinghy | person | sailing | two,,NO,NO,NO,dinghy | person | sailing | two,,0,"["""", false, false, [], [], [], [""dinghy"", ""person"", ""sailing"", ""two""]]",
1949,"Athletics Men's 1,500 metres",athletics,athletics,men,,,,,,,metres,,NO,NO,NO,metres,,0,"[""men"", false, false, [], [], [], [""metres""]]",fuente2 | fuente3 | fuente4
1950,Bobsleigh Men's Four,bobsleigh,bobsleigh,men,,,,,,,four,,NO,NO,NO,four,,0,"[""men"", false, false, [], [], [], [""four""]]",fuente2 | fuente4
1951,Swimming Men's 100 metres Butterfly,,,,,,,,,,butterfly | metres | swimming,,NO,NO,NO,butterfly | metres | swimming,,0,"["""", false, false, [], [], [], [""butterfly"", ""metres"", ""swimming""]]",
1952,Swimming Men's 200 metres Butterfly,,,,,,,,,,butterfly | metres | swimming,,NO,NO,NO,butterfly | metres | swimming,,0,"["""", false, false, [], [], [], [""butterfly"", ""metres"", ""swimming""]]",
1953,Swimming Men's 4 x 100 metres Medley Relay,,,,relay,team,,,,,medley | metres | swimming | x,relay,NO,NO,NO,medley | metres | swimming | x,relay,0,"["""", false, false, [""relay""], [], [], [""medley"", ""metres"", ""swimming"", ""x""]]",
1954,Football Women's Football,football,football,women,,,,,,,,,NO,NO,NO,,,1,"[""women"", false, false, [], [], [], []]",fuente2 | fuente3
1955,"Fencing Men's Foil, Individual",fencing,fencing,men,individual,,individual,,,,foil,individual,NO,NO,NO,foil,individual,0,"[""men"", false, false, [""individual""], [], [], [""foil""]]",fuente2 | fuente3
1956,"Fencing Men's epee, Individual",fencing,fencing,men,individual,,individual,,,,epee,individual,NO,NO,NO,epee,individual,0,"[""men"", false, false, [""individual""], [], [], [""epee""]]",fuente2 | fuente3
1957,"Fencing Men's epee, Team",fencing,fencing,men,team,team,,,,,epee,team,NO,NO,NO,epee,team,0,"[""men"", false, false, [""team""], [], [], [""epee""]]",fuente2 | fuente3
1958,"Speed Skating Men's 5,000 metres",,,,,,,,,,metres | skating | speed,,NO,NO,NO,metres | skating | speed,,0,"["""", false, false, [], [], [], [""metres"", ""skating"", ""speed""]]",
1959,"Speed Skating Men's 10,000 metres",,,,,,,,,,metres | skating | speed,,NO,NO,NO,metres | skating | speed,,0,"["""", false, false, [], [], [], [""metres"", ""skating"", ""speed""]]",
1960,Sailing Mixed 8 metres,,,,mixed,,,,,,metres | sailing,,NO,NO,YES,metres | sailing,mixed,0,"["""", false, false, [""mixed""], [], [], [""metres"", ""sailing""]]",
1961,"Equestrianism Mixed Jumping, Individual",,,,mixed,,individual,,,,equestrianism | jumping,individual,NO,NO,YES,equestrianism | jumping,individual | mixed,0,"["""", false, false, [""individual"", ""mixed""], [], [], [""equestrianism"", ""jumping""]]",
1962,Cross Country Skiing Men's 15 kilometres,skiing,cross country skiing,men,,,,,,,kilometres,,NO,NO,NO,kilometres,,0,"[""men"", false, false, [], [], [], [""kilometres""]]",fuente2
1963,"Shooting Men's Small-Bore Rifle, Prone, 50 metres",shooting,shooting,men,,,,,,,bore | metres | prone | rifle | small,,NO,NO,NO,bore | metres | prone | rifle | small,,0,"[""men"", false, false, [], [], [], [""bore"", ""metres"", ""prone"", ""rifle"", ""small""]]",fuente2 | fuente3
1964,"Shooting Men's Rapid-Fire Pistol, 25 metres",,,,,,,,,,fire | metres | pistol | rapid | shooting,,NO,NO,NO,fire | metres | pistol | rapid | shooting,,0,"["""", false, false, [], [], [], [""fire"", ""metres"", ""pistol"", ""rapid"", ""shooting""]]",
1965,Shooting Men's Trap,shooting,shooting,men,,,,,,,trap,,NO,NO,NO,trap,,0,"[""men"", false, false, [], [], [], [""trap""]]",fuente2 | fuente3
1966,Athletics Men's 4 x 100 metres Relay,athletics,athletics,men,relay,team,,,,,metres | x,relay,NO,NO,NO,metres | x,relay,0,"[""men"", false, false, [""relay""], [], [], [""metres"", ""x""]]",fuente2 | fuente3
1967,Athletics Men's Long Jump,athletics,athletics,men,,,,,,,jump | long,,NO,NO,NO,jump | long,,0,"[""men"", false, false, [], [], [], [""jump"", ""long""]]",fuente2 | fuente3
1968,Boxing Men's Light-Welterweight,boxing,boxing,men,,,,,,,light | welterweight,,NO,NO,NO,light | welterweight,,0,"[""men"", false, false, [], [], [], [""light"", ""welterweight""]]",fuente2 | fuente3
1969,Athletics Women's Javelin Throw,athletics,athletics,women,,,,,,,javelin | throw,,NO,NO,NO,javelin | throw,,0,"[""women"", false, false, [], [], [], [""javelin"", ""throw""]]",fuente2 | fuente3
1970,"Wrestling Men's Heavyweight, Freestyle",wrestling,wrestling freestyle,men,freestyle,,,,,,,,NO,NO,NO,,freestyle | heavyweight,0,"[""men"", false, false, [""freestyle"", ""heavyweight""], [], [], []]",fuente2 | fuente3
1971,Taekwondo Men's Flyweight,,,,,,,,,,flyweight | taekwondo,,NO,NO,NO,flyweight | taekwondo,,0,"["""", false, false, [], [], [], [""flyweight"", ""taekwondo""]]",
1972,Boxing Men's Heavyweight,boxing,boxing,men,heavyweight,,,,,,,,NO,NO,NO,,heavyweight,0,"[""men"", false, false, [""heavyweight""], [], [], []]",fuente2 | fuente3
1973,"Athletics Men's 5,000 metres",athletics,athletics,men,,,,,,,metres,,NO,NO,NO,metres,,0,"[""men"", false, false, [], [], [], [""metres""]]",fuente2 | fuente3
1974,"Cycling Men's Road Race, Individual",,,,individual,,individual,,,,cycling | race | road,individual,NO,NO,NO,cycling | race | road,individual,0,"["""", false, false, [""individual""], [], [], [""cycling"", ""race"", ""road""]]",
1975,"Cycling Men's Road Race, Team",,,,team,team,,,,,cycling | race | road,team,NO,NO,NO,cycling | race | road,team,0,"["""", false, false, [""team""], [], [], [""cycling"", ""race"", ""road""]]",
1976,Weightlifting Men's Lightweight,,,,lightweight,,,,,,weightlifting,,NO,NO,NO,weightlifting,lightweight,0,"["""", false, false, [""lightweight""], [], [], [""weightlifting""]]",
1977,Weightlifting Men's Middleweight,,,,,,,,,,middleweight | weightlifting,,NO,NO,NO,middleweight | weightlifting,,0,"["""", false, false, [], [], [], [""middleweight"", ""weightlifting""]]",
1978,Rowing Men's Coxless Pairs,,,,coxless,,,,,coxless,pairs | rowing,,NO,NO,NO,pairs | rowing,coxless,0,"["""", false, false, [""coxless""], [], [], [""pairs"", ""rowing""]]",
1979,Judo Men's Half-Middleweight,judo,judo,men,,,,,,,half | middleweight,,NO,NO,NO,half | middleweight,,0,"[""men"", false, false, [], [], [], [""half"", ""middleweight""]]",fuente2 | fuente3
1980,Taekwondo Women's Flyweight,,,,,,,,,,flyweight | taekwondo,,NO,NO,NO,flyweight | taekwondo,,0,"["""", false, false, [], [], [], [""flyweight"", ""taekwondo""]]",
1981,Boxing Men's Flyweight,boxing,boxing,men,,,,,,,flyweight,,NO,NO,NO,flyweight,,0,"[""men"", false, false, [], [], [], [""flyweight""]]",fuente2 | fuente3
1982,Basketball Women's Basketball,basketball,basketball,women,,,,,,,,,NO,NO,NO,,,1,"[""women"", false, false, [], [], [], []]",fuente2 | fuente3
1983,Diving Men's Platform,aquatics,diving,men,,,,,,,platform,,NO,NO,NO,platform,,0,"[""men"", false, false, [], [], [], [""platform""]]",fuente2 | fuente3
1984,"Canoeing Men's Canadian Doubles, 500 metres",,,,doubles,,individual,,,,canadian | canoeing | metres,doubles,NO,NO,NO,canadian | canoeing | metres,doubles,0,"["""", false, false, [""doubles""], [], [], [""canadian"", ""canoeing"", ""metres""]]",
1985,"Canoeing Men's Canadian Doubles, 1,000 metres",,,,doubles,,individual,,,,canadian | canoeing | metres,doubles,NO,NO,NO,canadian | canoeing | metres,doubles,0,"["""", false, false, [""doubles""], [], [], [""canadian"", ""canoeing"", ""metres""]]",
1986,"Canoeing Men's Kayak Fours, 1,000 metres",,,,,,,,,,canoeing | fours | kayak | metres,,NO,NO,NO,canoeing | fours | kayak | metres,,0,"["""", false, false, [], [], [], [""canoeing"", ""fours"", ""kayak"", ""metres""]]",
1987,Handball Men's Handball,handball,handball,men,,,,,,,,,NO,NO,NO,,,1,"[""men"", false, false, [], [], [], []]",fuente2 | fuente3
1988,Rowing Women's Coxless Pairs,,,,coxless,,,,,coxless,pairs | rowing,,NO,NO,NO,pairs | rowing,coxless,0,"["""", false, false, [""coxless""], [], [], [""pairs"", ""rowing""]]",
1989,Boxing Men's Middleweight,boxing,boxing,men,,,,,,,middleweight,,NO,NO,NO,middleweight,,0,"[""men"", false, false, [], [], [], [""middleweight""]]",fuente2 | fuente3
1990,Judo Men's Lightweight,judo,judo,men,lightweight,,,,,,,,NO,NO,NO,,lightweight,0,"[""men"", false, false, [""lightweight""], [], [], []]",fuente2 | fuente3
1991,Boxing Men's Featherweight,,,,,,,,,,boxing | featherweight,,NO,NO,NO,boxing | featherweight,,0,"["""", false, false, [], [], [], [""boxing"", ""featherweight""]]",
1992,Tennis Men's Doubles,tennis,tennis,men,doubles,,individual,,,,,doubles,NO,NO,NO,,doubles,0,"[""men"", false, false, [""doubles""], [], [], []]",fuente2 | fuente3
1993,Shooting Mixed Skeet,,,,mixed,,,,,,shooting | skeet,,NO,NO,YES,shooting | skeet,mixed,0,"["""", false, false, [""mixed""], [], [], [""shooting"", ""skeet""]]",
1994,"Wrestling Men's Featherweight, Freestyle",,,,freestyle,,,,,,featherweight | wrestling,,NO,NO,NO,featherweight | wrestling,freestyle,0,"["""", false, false, [""freestyle""], [], [], [""featherweight"", ""wrestling""]]",
1995,Sailing Mixed Two Person Heavyweight Dinghy,sailing,sailing,mixed,mixed,,,,,,dinghy | person | two,,NO,NO,YES,dinghy | person | two,heavyweight | mixed,0,"[""mixed"", false, false, [""heavyweight"", ""mixed""], [], [], [""dinghy"", ""person"", ""two""]]",fuente2 | fuente3
1996,Athletics Women's Shot Put,athletics,athletics,women,shot,,,,,,put,,NO,NO,NO,put,shot,0,"[""women"", false, false, [""shot""], [], [], [""put""]]",fuente2 | fuente3
1997,Rowing Men's Coxed Eights,,,,coxed,,,,,coxed,eights | rowing,,NO,NO,NO,eights | rowing,coxed,0,"["""", false, false, [""coxed""], [], [], [""eights"", ""rowing""]]",
1998,Cycling Women's Sprint,cycling,cycling track,women,sprint,,,,,,,,NO,NO,NO,,sprint,0,"[""women"", false, false, [""sprint""], [], [], []]",fuente2 | fuente3
1999,Cycling Women's 500 metres Time Trial,,,,,,,,,,cycling | metres | time | trial,,NO,NO,NO,cycling | metres | time | trial,,0,"["""", false, false, [], [], [], [""cycling"", ""metres"", ""time"", ""trial""]]",
2000,Athletics Men's 110 metres Hurdles,,,,,,,,,,athletics | hurdles | metres,,NO,NO,NO,athletics | hurdles | metres,,0,"["""", false, false, [], [], [], [""athletics"", ""hurdles"", ""metres""]]",
2001,Shooting Mixed Trap,,,,mixed,,,,,,shooting | trap,,NO,NO,YES,shooting | trap,mixed,0,"["""", false, false, [""mixed""], [], [], [""shooting"", ""trap""]]",
2002,Athletics Women's Marathon,athletics,athletics,women,,,,,,,marathon,,NO,NO,NO,marathon,,0,"[""women"", false, false, [], [], [], [""marathon""]]",fuente2 | fuente3
2003,Athletics Men's 100 metres,athletics,athletics,men,,,,,,,metres,,NO,NO,NO,metres,,0,"[""men"", false, false, [], [], [], [""metres""]]",fuente2 | fuente3
2004,"Fencing Men's Foil, Team",fencing,fencing,men,team,team,,,,,foil,team,NO,NO,NO,foil,team,0,"[""men"", false, false, [""team""], [], [], [""foil""]]",fuente2 | fuente3
2005,"Fencing Men's Sabre, Team",fencing,fencing,men,team,team,,,,,sabre,team,NO,NO,NO,sabre,team,0,"[""men"", false, false, [""team""], [], [], [""sabre""]]",fuente2 | fuente3
2006,Swimming Men's 100 metres Freestyle,aquatics,swimming,men,freestyle,,,,,,metres,,NO,NO,NO,metres,freestyle,0,"[""men"", false, false, [""freestyle""], [], [], [""metres""]]",fuente2 | fuente3
2007,Swimming Men's 4 x 200 metres Freestyle Relay,aquatics,swimming,men,freestyle,team,,,,,metres | x,relay,NO,NO,NO,metres | x,freestyle | relay,0,"[""men"", false, false, [""freestyle"", ""relay""], [], [], [""metres"", ""x""]]",fuente2 | fuente3
2008,Boxing Men's Lightweight,,,,lightweight,,,,,,boxing,,NO,NO,NO,boxing,lightweight,0,"["""", false, false, [""lightweight""], [], [], [""boxing""]]",
2009,Modern Pentathlon Men's Individual,,,,individual,,individual,,,,modern | pentathlon,individual,NO,NO,NO,modern | pentathlon,individual,0,"["""", false, false, [""individual""], [], [], [""modern"", ""pentathlon""]]",
2010,Boxing Men's Welterweight,boxing,boxing,men,,,,,,,welterweight,,NO,NO,NO,welterweight,,0,"[""men"", false, false, [], [], [], [""welterweight""]]",fuente2 | fuente3
2011,Rowing Men's Quadruple Sculls,rowing,rowing,men,,,,,,,quadruple | sculls,,NO,NO,NO,quadruple | sculls,,0,"[""men"", false, false, [], [], [], [""quadruple"", ""sculls""]]",fuente2 | fuente3
2012,Rowing Men's Double Sculls,rowing,rowing,men,double,,,,,,sculls,double,NO,NO,NO,sculls,double,0,"[""men"", false, false, [""double""], [], [], [""sculls""]]",fuente2 | fuente3
2013,Rowing Men's Coxed Pairs,rowing,rowing,men,coxed,,,,,coxed,pairs,,NO,NO,NO,pairs,coxed,0,"[""men"", false, false, [""coxed""], [], [], [""pairs""]]",fuente2 | fuente3
2014,Athletics Men's 400 metres Hurdles,athletics,athletics,men,,,,,,,hurdles | metres,,NO,NO,NO,hurdles | metres,,0,"[""men"", false, false, [], [], [], [""hurdles"", ""metres""]]",fuente2 | fuente3
2015,Athletics Men's 400 metres,athletics,athletics,men,,,,,,,metres,,NO,NO,NO,metres,,0,"[""men"", false, false, [], [], [], [""metres""]]",fuente2 | fuente3
2016,Athletics Men's Hammer Throw,athletics,athletics,men,,,,,,,hammer | throw,,NO,NO,NO,hammer | throw,,0,"[""men"", false, false, [], [], [], [""hammer"", ""throw""]]",fuente2 | fuente3
2017,Weightlifting Men's Featherweight,,,,,,,,,,featherweight | weightlifting,,NO,NO,NO,featherweight | weightlifting,,0,"["""", false, false, [], [], [], [""featherweight"", ""weightlifting""]]",
2018,Athletics Men's 800 metres,,,,,,,,,,athletics | metres,,NO,NO,NO,athletics | metres,,0,"["""", false, false, [], [], [], [""athletics"", ""metres""]]",
2019,Hockey Men's Hockey,hockey,hockey,men,,,,,,,,,NO,NO,NO,,,1,"[""men"", false, false, [], [], [], []]",fuente2 | fuente3
2020,Alpine Skiing Women's Slalom,skiing,alpine skiing,women,,,,,,,slalom,,NO,NO,NO,slalom,,0,"[""women"", false, false, [], [], [], [""slalom""]]",fuente2
2021,Rowing Women's Single Sculls,rowing,rowing,women,single,,,,,,sculls,single,NO,NO,NO,sculls,single,0,"[""women"", false, false, [""single""], [], [], [""sculls""]]",fuente2 | fuente3
2022,Swimming Men's 50 metres Freestyle,,,,freestyle,,,,,,metres | swimming,,NO,NO,NO,metres | swimming,freestyle,0,"["""", false, false, [""freestyle""], [], [], [""metres"", ""swimming""]]",
2023,Weightlifting Women's Featherweight,,,,,,,,,,featherweight | weightlifting,,NO,NO,NO,featherweight | weightlifting,,0,"["""", false, false, [], [], [], [""featherweight"", ""weightlifting""]]",
2024,Water Polo Women's Water Polo,aquatics,water polo,women,,,,,,,polo | water,,NO,NO,NO,polo | water,,2,"[""women"", false, false, [], [], [], [""polo"", ""water""]]",fuente2 | fuente3
2025,Figure Skating Men's Singles,,,,singles,,individual,,,,figure | skating,singles,NO,NO,NO,figure | skating,singles,0,"["""", false, false, [""singles""], [], [], [""figure"", ""skating""]]",
2026,Weightlifting Men's Heavyweight,weightlifting,weightlifting,men,heavyweight,,,,,,,,NO,NO,NO,,heavyweight,0,"[""men"", false, false, [""heavyweight""], [], [], []]",fuente2 | fuente3
2027,"Equestrianism Mixed Three-Day Event, Individual",,,,mixed,,individual,,,,day | equestrianism | three,individual,NO,NO,YES,day | equestrianism | three,individual | mixed,0,"["""", false, false, [""individual"", ""mixed""], [], [], [""day"", ""equestrianism"", ""three""]]",
2028,"Equestrianism Mixed Three-Day Event, Team",,,,mixed,team,,,,,day | equestrianism | three,team,NO,NO,YES,day | equestrianism | three,mixed | team,0,"["""", false, false, [""mixed"", ""team""], [], [], [""day"", ""equestrianism"", ""three""]]",
2029,Figure Skating Mixed Team,,,,mixed,team,,,,,figure | skating,team,NO,NO,YES,figure | skating,mixed | team,0,"["""", false, false, [""mixed"", ""team""], [], [], [""figure"", ""skating""]]",
2030,Sailing Women's Three Person Keelboat,,,,,,,,,,keelboat | person | sailing | three,,NO,NO,NO,keelboat | person | sailing | three,,0,"["""", false, false, [], [], [], [""keelboat"", ""person"", ""sailing"", ""three""]]",
2031,"Cycling Women's Road Race, Individual",,,,individual,,individual,,,,cycling | race | road,individual,NO,NO,NO,cycling | race | road,individual,0,"["""", false, false, [""individual""], [], [], [""cycling"", ""race"", ""road""]]",
2032,Golf Women's Individual,,,,individual,,individual,,,,golf,individual,NO,NO,NO,golf,individual,0,"["""", false, false, [""individual""], [], [], [""golf""]]",
2033,Softball Women's Softball,baseball softball,softball,women,,,,,,,,,NO,NO,NO,,,1,"[""women"", false, false, [], [], [], []]",fuente2 | fuente3
2034,Archery Women's Individual,archery,archery,women,individual,,individual,,,,,individual,NO,NO,NO,,individual,0,"[""women"", false, false, [""individual""], [], [], []]",fuente2 | fuente3
2035,"Wrestling Men's Heavyweight, Greco-Roman",wrestling,wrestling greco roman,men,heavyweight,,,,,,,,NO,NO,NO,,heavyweight,0,"[""men"", false, false, [""heavyweight""], [], [], []]",fuente2 | fuente3
2036,Volleyball Men's Volleyball,volleyball,volleyball,men,,,,,,,,,NO,NO,NO,,,1,"[""men"", false, false, [], [], [], []]",fuente2 | fuente3
2037,Taekwondo Women's Heavyweight,,,,heavyweight,,,,,,taekwondo,,NO,NO,NO,taekwondo,heavyweight,0,"["""", false, false, [""heavyweight""], [], [], [""taekwondo""]]",
2038,Synchronized Swimming Women's Duet,,,,,,,,,,duet | swimming | synchronized,,NO,NO,NO,duet | swimming | synchronized,,0,"["""", false, false, [], [], [], [""duet"", ""swimming"", ""synchronized""]]",
2039,Synchronized Swimming Women's Team,,,,team,team,,,,,swimming | synchronized,team,NO,NO,NO,swimming | synchronized,team,0,"["""", false, false, [""team""], [], [], [""swimming"", ""synchronized""]]",
2040,Taekwondo Women's Featherweight,,,,,,,,,,featherweight | taekwondo,,NO,NO,NO,featherweight | taekwondo,,0,"["""", false, false, [], [], [], [""featherweight"", ""taekwondo""]]",
2041,Athletics Men's Marathon,athletics,athletics,men,,,,,,,marathon,,NO,NO,NO,marathon,,0,"[""men"", false, false, [], [], [], [""marathon""]]",fuente2 | fuente3
2042,Athletics Men's 4 x 400 metres Relay,athletics,athletics,men,relay,team,,,,,metres | x,relay,NO,NO,NO,metres | x,relay,0,"[""men"", false, false, [""relay""], [], [], [""metres"", ""x""]]",fuente2 | fuente3
2043,"Athletics Men's 10,000 metres",,,,,,,,,,athletics | metres,,NO,NO,NO,athletics | metres,,0,"["""", false, false, [], [], [], [""athletics"", ""metres""]]",
2044,"Athletics Women's 3,000 metres",athletics,athletics,women,,,,,,,metres,,NO,NO,NO,metres,,0,"[""women"", false, false, [], [], [], [""metres""]]",fuente2 | fuente3
2045,Diving Women's Platform,aquatics,diving,women,,,,,,,platform,,NO,NO,NO,platform,,0,"[""women"", false, false, [], [], [], [""platform""]]",fuente2 | fuente3
2046,"Shooting Men's Air Rifle, 10 metres",,,,,,,,,,air | metres | rifle | shooting,,NO,NO,NO,air | metres | rifle | shooting,,0,"["""", false, false, [], [], [], [""air"", ""metres"", ""rifle"", ""shooting""]]",
2047,Athletics Men's 200 metres,athletics,athletics,men,,,,,,,metres,,NO,NO,NO,metres,,0,"[""men"", false, false, [], [], [], [""metres""]]",fuente2 | fuente3
2048,Weightlifting Men's Flyweight,,,,,,,,,,flyweight | weightlifting,,NO,NO,NO,flyweight | weightlifting,,0,"["""", false, false, [], [], [], [""flyweight"", ""weightlifting""]]",
2049,Swimming Men's 100 metres Backstroke,,,,,,,,,,backstroke | metres | swimming,,NO,NO,NO,backstroke | metres | swimming,,0,"["""", false, false, [], [], [], [""backstroke"", ""metres"", ""swimming""]]",
2050,Weightlifting Men's Light-Heavyweight,weightlifting,weightlifting,men,heavyweight,,,,,,light,,NO,NO,NO,light,heavyweight,0,"[""men"", false, false, [""heavyweight""], [], [], [""light""]]",fuente2 | fuente3
2051,"Wrestling Men's Lightweight, Greco-Roman",,,,lightweight,,,,,,greco | roman | wrestling,,NO,NO,NO,greco | roman | wrestling,lightweight,0,"["""", false, false, [""lightweight""], [], [], [""greco"", ""roman"", ""wrestling""]]",
2052,"Fencing Men's Sabre, Individual",fencing,fencing,men,individual,,individual,,,,sabre,individual,NO,NO,NO,sabre,individual,0,"[""men"", false, false, [""individual""], [], [], [""sabre""]]",fuente2 | fuente3
2053,"Wrestling Men's Super-Heavyweight, Greco-Roman",wrestling,wrestling greco roman,men,heavyweight,,,,,,super,,NO,NO,NO,super,heavyweight,0,"[""men"", false, false, [""heavyweight""], [], [], [""super""]]",fuente2 | fuente3
2054,"Shooting Men's Free Pistol, 50 metres",shooting,shooting,men,,,,,,,free | metres | pistol,,NO,NO,NO,free | metres | pistol,,0,"[""men"", false, false, [], [], [], [""free"", ""metres"", ""pistol""]]",fuente2 | fuente3
2055,"Shooting Men's Air Pistol, 10 metres",,,,,,,,,,air | metres | pistol | shooting,,NO,NO,NO,air | metres | pistol | shooting,,0,"["""", false, false, [], [], [], [""air"", ""metres"", ""pistol"", ""shooting""]]",
2056,Rowing Men's Coxless Fours,rowing,rowing,men,coxless,,,,,coxless,fours,,NO,NO,NO,fours,coxless,0,"[""men"", false, false, [""coxless""], [], [], [""fours""]]",fuente2 | fuente3
2057,Boxing Men's Light-Flyweight,boxing,boxing,men,,,,,,,flyweight | light,,NO,NO,NO,flyweight | light,,0,"[""men"", false, false, [], [], [], [""flyweight"", ""light""]]",fuente2 | fuente3
2058,Boxing Men's Super-Heavyweight,boxing,boxing,men,heavyweight,,,,,,super,,NO,NO,NO,super,heavyweight,0,"[""men"", false, false, [""heavyweight""], [], [], [""super""]]",fuente2 | fuente3
2059,"Wrestling Men's Flyweight, Greco-Roman",wrestling,wrestling greco roman,men,,,,,,,flyweight,,NO,NO,NO,flyweight,,0,"[""men"", false, false, [], [], [], [""flyweight""]]",fuente2 | fuente3
2060,"Shooting Women's Air Rifle, 10 metres",,,,,,,,,,air | metres | rifle | shooting,,NO,NO,NO,air | metres | rifle | shooting,,0,"["""", false, false, [], [], [], [""air"", ""metres"", ""rifle"", ""shooting""]]",
2061,Weightlifting Men's Middle-Heavyweight,weightlifting,weightlifting,men,heavyweight,,,,,,middle,,NO,NO,NO,middle,heavyweight,0,"[""men"", false, false, [""heavyweight""], [], [], [""middle""]]",fuente2 | fuente3
2062,Athletics Men's Javelin Throw,athletics,athletics,men,,,,,,,javelin | throw,,NO,NO,NO,javelin | throw,,0,"[""men"", false, false, [], [], [], [""javelin"", ""throw""]]",fuente2 | fuente3
2063,Volleyball Women's Volleyball,volleyball,volleyball,women,,,,,,,,,NO,NO,NO,,,1,"[""women"", false, false, [], [], [], []]",fuente2 | fuente3
2064,"Wrestling Men's Welterweight, Greco-Roman",,,,,,,,,,greco | roman | welterweight | wrestling,,NO,NO,NO,greco | roman | welterweight | wrestling,,0,"["""", false, false, [], [], [], [""greco"", ""roman"", ""welterweight"", ""wrestling""]]",
2065,"Wrestling Men's Middleweight, Greco-Roman",wrestling,wrestling greco roman,men,,,,,,,middleweight,,NO,NO,NO,middleweight,,0,"[""men"", false, false, [], [], [], [""middleweight""]]",fuente2 | fuente3
2066,"Athletics Men's 3,000 metres Steeplechase",,,,,,,,,,athletics | metres | steeplechase,,NO,NO,NO,athletics | metres | steeplechase,,0,"["""", false, false, [], [], [], [""athletics"", ""metres"", ""steeplechase""]]",
2067,"Wrestling Men's Middleweight, Freestyle",,,,freestyle,,,,,,middleweight | wrestling,,NO,NO,NO,middleweight | wrestling,freestyle,0,"["""", false, false, [""freestyle""], [], [], [""middleweight"", ""wrestling""]]",
2068,Swimming Women's 100 metres Backstroke,,,,,,,,,,backstroke | metres | swimming,,NO,NO,NO,backstroke | metres | swimming,,0,"["""", false, false, [], [], [], [""backstroke"", ""metres"", ""swimming""]]",
2069,Swimming Women's 200 metres Backstroke,,,,,,,,,,backstroke | metres | swimming,,NO,NO,NO,backstroke | metres | swimming,,0,"["""", false, false, [], [], [], [""backstroke"", ""metres"", ""swimming""]]",
2070,Swimming Women's 4 x 100 metres Medley Relay,,,,relay,team,,,,,medley | metres | swimming | x,relay,NO,NO,NO,medley | metres | swimming | x,relay,0,"["""", false, false, [""relay""], [], [], [""medley"", ""metres"", ""swimming"", ""x""]]",
2071,"Wrestling Men's Light-Heavyweight, Freestyle",wrestling,wrestling freestyle,men,freestyle,,,,,,light,,NO,NO,NO,light,freestyle | heavyweight,0,"[""men"", false, false, [""freestyle"", ""heavyweight""], [], [], [""light""]]",fuente2 | fuente3
2072,Modern Pentathlon Men's Team,,,,team,team,,,,,modern | pentathlon,team,NO,NO,NO,modern | pentathlon,team,0,"["""", false, false, [""team""], [], [], [""modern"", ""pentathlon""]]",
2073,Boxing Men's Bantamweight,,,,,,,,,,bantamweight | boxing,,NO,NO,NO,bantamweight | boxing,,0,"["""", false, false, [], [], [], [""bantamweight"", ""boxing""]]",
2074,Athletics Women's 200 metres,,,,,,,,,,athletics | metres,,NO,NO,NO,athletics | metres,,0,"["""", false, false, [], [], [], [""athletics"", ""metres""]]",
2075,Table Tennis Women's Singles,,,,singles,,individual,,,,table | tennis,singles,NO,NO,NO,table | tennis,singles,0,"["""", false, false, [""singles""], [], [], [""table"", ""tennis""]]",
2076,Table Tennis Women's Doubles,,,,doubles,,individual,,,,table | tennis,doubles,NO,NO,NO,table | tennis,doubles,0,"["""", false, false, [""doubles""], [], [], [""table"", ""tennis""]]",
2077,Shooting Men's Skeet,,,,,,,,,,shooting | skeet,,NO,NO,NO,shooting | skeet,,0,"["""", false, false, [], [], [], [""shooting"", ""skeet""]]",
2078,Swimming Women's 50 metres Freestyle,,,,freestyle,,,,,,metres | swimming,,NO,NO,NO,metres | swimming,freestyle,0,"["""", false, false, [""freestyle""], [], [], [""metres"", ""swimming""]]",
2079,"Shooting Men's Small-Bore Rifle, Three Positions, 50 metres",shooting,shooting,men,,,,,,,bore | metres | positions | rifle | small | three,,NO,NO,NO,bore | metres | positions | rifle | small | three,,0,"[""men"", false, false, [], [], [], [""bore"", ""metres"", ""positions"", ""rifle"", ""small"", ""three""]]",fuente2 | fuente3
2080,Athletics Men's Triple Jump,athletics,athletics,men,,,,,,,jump | triple,,NO,NO,NO,jump | triple,,0,"[""men"", false, false, [], [], [], [""jump"", ""triple""]]",fuente2 | fuente3
2081,Weightlifting Women's Lightweight,,,,lightweight,,,,,,weightlifting,,NO,NO,NO,weightlifting,lightweight,0,"["""", false, false, [""lightweight""], [], [], [""weightlifting""]]",
2082,Athletics Women's Long Jump,athletics,athletics,women,,,,,,,jump | long,,NO,NO,NO,jump | long,,0,"[""women"", false, false, [], [], [], [""jump"", ""long""]]",fuente2 | fuente3
2083,"Fencing Women's epee, Individual",fencing,fencing,women,individual,,individual,,,,epee,individual,NO,NO,NO,epee,individual,0,"[""women"", false, false, [""individual""], [], [], [""epee""]]",fuente2 | fuente3
2084,Swimming Men's 200 metres Freestyle,aquatics,swimming,men,freestyle,,,,,,metres,,NO,NO,NO,metres,freestyle,0,"[""men"", false, false, [""freestyle""], [], [], [""metres""]]",fuente2 | fuente3
2085,Swimming Men's 4 x 100 metres Freestyle Relay,aquatics,swimming,men,freestyle,team,,,,,metres | x,relay,NO,NO,NO,metres | x,freestyle | relay,0,"[""men"", false, false, [""freestyle"", ""relay""], [], [], [""metres"", ""x""]]",fuente2 | fuente3
2086,Swimming Men's 200 metres Backstroke,,,,,,,,,,backstroke | metres | swimming,,NO,NO,NO,backstroke | metres | swimming,,0,"["""", false, false, [], [], [], [""backstroke"", ""metres"", ""swimming""]]",
2087,Swimming Men's 200 metres Individual Medley,,,,individual,,individual,,,,medley | metres | swimming,individual,NO,NO,NO,medley | metres | swimming,individual,0,"["""", false, false, [""individual""], [], [], [""medley"", ""metres"", ""swimming""]]",
2088,Swimming Men's 400 metres Individual Medley,,,,individual,,individual,,,,medley | metres | swimming,individual,NO,NO,NO,medley | metres | swimming,individual,0,"["""", false, false, [""individual""], [], [], [""medley"", ""metres"", ""swimming""]]",
2089,Badminton Women's Singles,badminton,badminton,women,singles,,individual,,,,,singles,NO,NO,NO,,singles,0,"[""women"", false, false, [""singles""], [], [], []]",fuente2 | fuente3
2090,Boxing Men's Light-Middleweight,boxing,boxing,men,,,,,,,light | middleweight,,NO,NO,NO,light | middleweight,,0,"[""men"", false, false, [], [], [], [""light"", ""middleweight""]]",fuente2 | fuente3
2091,Tennis Men's Singles,tennis,tennis,men,singles,,individual,,,,,singles,NO,NO,NO,,singles,0,"[""men"", false, false, [""singles""], [], [], []]",fuente2 | fuente3
2092,"Wrestling Men's Bantamweight, Freestyle",,,,freestyle,,,,,,bantamweight | wrestling,,NO,NO,NO,bantamweight | wrestling,freestyle,0,"["""", false, false, [""freestyle""], [], [], [""bantamweight"", ""wrestling""]]",
2093,"Wrestling Men's Flyweight, Freestyle",wrestling,wrestling freestyle,men,freestyle,,,,,,flyweight,,NO,NO,NO,flyweight,freestyle,0,"[""men"", false, false, [""freestyle""], [], [], [""flyweight""]]",fuente2 | fuente3
2094,"Athletics Women's 5,000 metres",,,,,,,,,,athletics | metres,,NO,NO,NO,athletics | metres,,0,"["""", false, false, [], [], [], [""athletics"", ""metres""]]",
2095,Weightlifting Women's Light-Heavyweight,weightlifting,weightlifting,women,heavyweight,,,,,,light,,NO,NO,NO,light,heavyweight,0,"[""women"", false, false, [""heavyweight""], [], [], [""light""]]",fuente2 | fuente3
2096,Weightlifting Women's Heavyweight,weightlifting,weightlifting,women,heavyweight,,,,,,,,NO,NO,NO,,heavyweight,0,"[""women"", false, false, [""heavyweight""], [], [], []]",fuente2 | fuente3
2097,Athletics Men's Discus Throw,athletics,athletics,men,,,,,,,discus | throw,,NO,NO,NO,discus | throw,,0,"[""men"", false, false, [], [], [], [""discus"", ""throw""]]",fuente2 | fuente3
2098,Taekwondo Men's Featherweight,,,,,,,,,,featherweight | taekwondo,,NO,NO,NO,featherweight | taekwondo,,0,"["""", false, false, [], [], [], [""featherweight"", ""taekwondo""]]",
2099,Taekwondo Men's Welterweight,,,,,,,,,,taekwondo | welterweight,,NO,NO,NO,taekwondo | welterweight,,0,"["""", false, false, [], [], [], [""taekwondo"", ""welterweight""]]",
2100,Judo Men's Heavyweight,judo,judo,men,heavyweight,,,,,,,,NO,NO,NO,,heavyweight,0,"[""men"", false, false, [""heavyweight""], [], [], []]",fuente2 | fuente3
2101,Cycling Men's Sprint,cycling,cycling track,men,sprint,,,,,,,,NO,NO,NO,,sprint,0,"[""men"", false, false, [""sprint""], [], [], []]",fuente2 | fuente3
2102,Bobsleigh Men's Two,,,,,,,,,,bobsleigh | two,,NO,NO,NO,bobsleigh | two,,0,"["""", false, false, [], [], [], [""bobsleigh"", ""two""]]",
2103,"Wrestling Men's Lightweight, Freestyle",,,,freestyle,,,,,,wrestling,,NO,NO,NO,wrestling,freestyle | lightweight,0,"["""", false, false, [""freestyle"", ""lightweight""], [], [], [""wrestling""]]",
2104,Nordic Combined Men's Team,,,,combined,team,,,,,nordic,team,NO,NO,NO,nordic,combined | team,0,"["""", false, false, [""combined"", ""team""], [], [], [""nordic""]]",
2105,Nordic Combined Men's Individual,skiing,nordic combined,men,combined,,individual,,,,,individual,NO,NO,NO,,combined | individual,0,"[""men"", false, false, [""combined"", ""individual""], [], [], []]",fuente2
2106,Baseball Men's Baseball,baseball softball,baseball,men,,,,,,,,,NO,NO,NO,,,1,"[""men"", false, false, [], [], [], []]",fuente2 | fuente3
2107,Rowing Men's Coxed Fours,rowing,rowing,men,coxed,,,,,coxed,fours,,NO,NO,NO,fours,coxed,0,"[""men"", false, false, [""coxed""], [], [], [""fours""]]",fuente2 | fuente3
2108,Cycling Men's 100 kilometres Team Time Trial,,,,team,team,,,,,cycling | kilometres | time | trial,team,NO,NO,NO,cycling | kilometres | time | trial,team,0,"["""", false, false, [""team""], [], [], [""cycling"", ""kilometres"", ""time"", ""trial""]]",
2109,Rhythmic Gymnastics Women's Group,,,,,,,,,,group | gymnastics | rhythmic,,NO,NO,NO,group | gymnastics | rhythmic,,0,"["""", false, false, [], [], [], [""group"", ""gymnastics"", ""rhythmic""]]",
2110,"Art Competitions Mixed Architecture, Designs For Town Planning",art competitions,art competitions,mixed,mixed,,,,,,architecture | designs | for | planning | town,,NO,NO,YES,architecture | designs | for | planning | town,mixed,0,"[""mixed"", false, false, [""mixed""], [], [], [""architecture"", ""designs"", ""for"", ""planning"", ""town""]]",fuente2 | fuente3
2111,"Art Competitions Mixed Architecture, Architectural Designs",art competitions,art competitions,mixed,mixed,,,,,,architectural | architecture | designs,,NO,NO,YES,architectural | architecture | designs,mixed,0,"[""mixed"", false, false, [""mixed""], [], [], [""architectural"", ""architecture"", ""designs""]]",fuente2 | fuente3
2112,Gymnastics Women's Individual All-Around,,,,individual,,individual,,,,all | around | gymnastics,individual,NO,NO,NO,all | around | gymnastics,individual,0,"["""", false, false, [""individual""], [], [], [""all"", ""around"", ""gymnastics""]]",
2113,Gymnastics Women's Team All-Around,,,,team,team,,,,,all | around | gymnastics,team,NO,NO,NO,all | around | gymnastics,team,0,"["""", false, false, [""team""], [], [], [""all"", ""around"", ""gymnastics""]]",
2114,Gymnastics Women's Floor Exercise,gymnastics,artistic gymnastics,women,,,,,,,exercise | floor,,NO,NO,NO,exercise | floor,,0,"[""women"", false, false, [], [], [], [""exercise"", ""floor""]]",fuente2 | fuente3
2115,Gymnastics Women's Horse Vault,,,,,,,,,,gymnastics | horse | vault,,NO,NO,NO,gymnastics | horse | vault,,0,"["""", false, false, [], [], [], [""gymnastics"", ""horse"", ""vault""]]",
2116,Gymnastics Women's Uneven Bars,gymnastics,artistic gymnastics,women,,,,,,,bars | uneven,,NO,NO,NO,bars | uneven,,0,"[""women"", false, false, [], [], [], [""bars"", ""uneven""]]",fuente2 | fuente3
2117,Gymnastics Women's Balance Beam,gymnastics,artistic gymnastics,women,,,,,,,balance | beam,,NO,NO,NO,balance | beam,,0,"[""women"", false, false, [], [], [], [""balance"", ""beam""]]",fuente2 | fuente3
2118,Diving Women's Springboard,aquatics,diving,women,,,,,,,springboard,,NO,NO,NO,springboard,,0,"[""women"", false, false, [], [], [], [""springboard""]]",fuente2 | fuente3
2119,Diving Women's Synchronized Springboard,aquatics,diving,women,,,,,,,springboard | synchronized,,NO,NO,NO,springboard | synchronized,,0,"[""women"", false, false, [], [], [], [""springboard"", ""synchronized""]]",fuente2 | fuente3
2120,"Athletics Women's 10,000 metres",,,,,,,,,,athletics | metres,,NO,NO,NO,athletics | metres,,0,"["""", false, false, [], [], [], [""athletics"", ""metres""]]",
2121,Sailing Mixed 7 metres,,,,mixed,,,,,,metres | sailing,,NO,NO,YES,metres | sailing,mixed,0,"["""", false, false, [""mixed""], [], [], [""metres"", ""sailing""]]",
2122,Judo Women's Half-Middleweight,judo,judo,women,,,,,,,half | middleweight,,NO,NO,NO,half | middleweight,,0,"[""women"", false, false, [], [], [], [""half"", ""middleweight""]]",fuente2 | fuente3
2123,Athletics Men's Decathlon,athletics,athletics,men,,,,,,,decathlon,,NO,NO,NO,decathlon,,0,"[""men"", false, false, [], [], [], [""decathlon""]]",fuente2 | fuente3
2124,Biathlon Men's 10 kilometres Sprint,,,,sprint,,,,,,biathlon | kilometres,,NO,NO,NO,biathlon | kilometres,sprint,0,"["""", false, false, [""sprint""], [], [], [""biathlon"", ""kilometres""]]",
2125,Biathlon Men's 20 kilometres,,,,,,,,,,biathlon | kilometres,,NO,NO,NO,biathlon | kilometres,,0,"["""", false, false, [], [], [], [""biathlon"", ""kilometres""]]",
2126,Biathlon Men's 4 x 7.5 kilometres Relay,,,,relay,team,,,,,biathlon | kilometres | x,relay,NO,NO,NO,biathlon | kilometres | x,relay,0,"["""", false, false, [""relay""], [], [], [""biathlon"", ""kilometres"", ""x""]]",
2127,Freestyle Skiing Men's Moguls,,,,freestyle,,,,,,moguls | skiing,,NO,NO,NO,moguls | skiing,freestyle,0,"["""", false, false, [""freestyle""], [], [], [""moguls"", ""skiing""]]",
2128,"Wrestling Men's Middleweight A, Greco-Roman",wrestling,wrestling greco roman,men,,,,,,,a | middleweight,,NO,NO,NO,a | middleweight,,0,"[""men"", false, false, [], [], [], [""a"", ""middleweight""]]",fuente2 | fuente3
2129,Athletics Women's Discus Throw,athletics,athletics,women,,,,,,,discus | throw,,NO,NO,NO,discus | throw,,0,"[""women"", false, false, [], [], [], [""discus"", ""throw""]]",fuente2 | fuente3
2130,Swimming Women's 4 x 100 metres Freestyle Relay,aquatics,swimming,women,freestyle,team,,,,,metres | x,relay,NO,NO,NO,metres | x,freestyle | relay,0,"[""women"", false, false, [""freestyle"", ""relay""], [], [], [""metres"", ""x""]]",fuente2 | fuente3
2131,"Athletics Women's 1,500 metres",,,,,,,,,,athletics | metres,,NO,NO,NO,athletics | metres,,0,"["""", false, false, [], [], [], [""athletics"", ""metres""]]",
2132,"Shooting Women's Air Pistol, 10 metres",,,,,,,,,,air | metres | pistol | shooting,,NO,NO,NO,air | metres | pistol | shooting,,0,"["""", false, false, [], [], [], [""air"", ""metres"", ""pistol"", ""shooting""]]",
2133,"Shooting Women's Sporting Pistol, 25 metres",,,,,,,,,,metres | pistol | shooting | sporting,,NO,NO,NO,metres | pistol | shooting | sporting,,0,"["""", false, false, [], [], [], [""metres"", ""pistol"", ""shooting"", ""sporting""]]",
2134,"Canoeing Men's Kayak Doubles, 500 metres",,,,doubles,,individual,,,,canoeing | kayak | metres,doubles,NO,NO,NO,canoeing | kayak | metres,doubles,0,"["""", false, false, [""doubles""], [], [], [""canoeing"", ""kayak"", ""metres""]]",
2135,"Canoeing Men's Kayak Singles, 500 metres",,,,singles,,individual,,,,canoeing | kayak | metres,singles,NO,NO,NO,canoeing | kayak | metres,singles,0,"["""", false, false, [""singles""], [], [], [""canoeing"", ""kayak"", ""metres""]]",
2136,"Canoeing Men's Kayak Singles, 1,000 metres",,,,singles,,individual,,,,canoeing | kayak | metres,singles,NO,NO,NO,canoeing | kayak | metres,singles,0,"["""", false, false, [""singles""], [], [], [""canoeing"", ""kayak"", ""metres""]]",
2137,"Shooting Men's Running Target, 50 metres",,,,,,,,,,metres | running | shooting | target,,NO,NO,NO,metres | running | shooting | target,,0,"["""", false, false, [], [], [], [""metres"", ""running"", ""shooting"", ""target""]]",
2138,Judo Women's Half-Heavyweight,judo,judo,women,heavyweight,,,,,,half,,NO,NO,NO,half,heavyweight,0,"[""women"", false, false, [""heavyweight""], [], [], [""half""]]",fuente2 | fuente3
2139,Athletics Women's Pole Vault,athletics,athletics,women,,,,,,,pole | vault,,NO,NO,NO,pole | vault,,0,"[""women"", false, false, [], [], [], [""pole"", ""vault""]]",fuente2 | fuente3
2140,Rugby Sevens Women's Rugby Sevens,rugby,rugby sevens,women,,,,,,,sevens,,NO,NO,NO,sevens,,2,"[""women"", false, false, [], [], [], [""sevens""]]",fuente2 | fuente3
2141,Table Tennis Men's Team,,,,team,team,,,,,table | tennis,team,NO,NO,NO,table | tennis,team,0,"["""", false, false, [""team""], [], [], [""table"", ""tennis""]]",
2142,Figure Skating Mixed Pairs,,,,mixed,,,,,,figure | pairs | skating,,NO,NO,YES,figure | pairs | skating,mixed,0,"["""", false, false, [""mixed""], [], [], [""figure"", ""pairs"", ""skating""]]",
2143,Freestyle Skiing Men's Aerials,,,,freestyle,,,,,,aerials | skiing,,NO,NO,NO,aerials | skiing,freestyle,0,"["""", false, false, [""freestyle""], [], [], [""aerials"", ""skiing""]]",
2144,Rowing Women's Coxed Eights,,,,coxed,,,,,coxed,eights | rowing,,NO,NO,NO,eights | rowing,coxed,0,"["""", false, false, [""coxed""], [], [], [""eights"", ""rowing""]]",
2145,Athletics Women's 4 x 400 metres Relay,athletics,athletics,women,relay,team,,,,,metres | x,relay,NO,NO,NO,metres | x,relay,0,"[""women"", false, false, [""relay""], [], [], [""metres"", ""x""]]",fuente2 | fuente3
2146,Alpine Skiing Women's Giant Slalom,skiing,alpine skiing,women,,,,,,,giant | slalom,,NO,NO,NO,giant | slalom,,0,"[""women"", false, false, [], [], [], [""giant"", ""slalom""]]",fuente2
2147,Alpine Skiing Women's Super G,,,,,,,,,,alpine | g | skiing | super,,NO,NO,NO,alpine | g | skiing | super,,0,"["""", false, false, [], [], [], [""alpine"", ""g"", ""skiing"", ""super""]]",
2148,Cross Country Skiing Women's 5 kilometres,skiing,cross country skiing,women,,,,,,,kilometres,,NO,NO,NO,kilometres,,0,"[""women"", false, false, [], [], [], [""kilometres""]]",fuente2
2149,Cross Country Skiing Women's 10 kilometres,skiing,cross country skiing,women,,,,,,,kilometres,,NO,NO,NO,kilometres,,0,"[""women"", false, false, [], [], [], [""kilometres""]]",fuente2
2150,Cross Country Skiing Women's 20 kilometres,,,,,,,,,,country | cross | kilometres | skiing,,NO,NO,NO,country | cross | kilometres | skiing,,0,"["""", false, false, [], [], [], [""country"", ""cross"", ""kilometres"", ""skiing""]]",
2151,"Cycling Men's 1,000 metres Time Trial",,,,,,,,,,cycling | metres | time | trial,,NO,NO,NO,cycling | metres | time | trial,,0,"["""", false, false, [], [], [], [""cycling"", ""metres"", ""time"", ""trial""]]",
2152,"Cycling Men's Individual Pursuit, 4,000 metres",,,,individual,,individual,,,,cycling | metres,individual,NO,NO,NO,cycling | metres,individual | pursuit,0,"["""", false, false, [""individual"", ""pursuit""], [], [], [""cycling"", ""metres""]]",
2153,"Wrestling Men's Welterweight, Freestyle",,,,freestyle,,,,,,welterweight | wrestling,,NO,NO,NO,welterweight | wrestling,freestyle,0,"["""", false, false, [""freestyle""], [], [], [""welterweight"", ""wrestling""]]",
2154,"Wrestling Men's Bantamweight, Greco-Roman",,,,,,,,,,bantamweight | greco | roman | wrestling,,NO,NO,NO,bantamweight | greco | roman | wrestling,,0,"["""", false, false, [], [], [], [""bantamweight"", ""greco"", ""roman"", ""wrestling""]]",
2155,Rowing Women's Lightweight Double Sculls,rowing,rowing,women,double,,,,,,sculls,double,NO,NO,NO,sculls,double | lightweight,0,"[""women"", false, false, [""double"", ""lightweight""], [], [], [""sculls""]]",fuente2 | fuente3
2156,Athletics Women's 800 metres,,,,,,,,,,athletics | metres,,NO,NO,NO,athletics | metres,,0,"["""", false, false, [], [], [], [""athletics"", ""metres""]]",
2157,Rowing Women's Coxed Quadruple Sculls,rowing,rowing,women,coxed,,,,,coxed,quadruple | sculls,,NO,NO,NO,quadruple | sculls,coxed,0,"[""women"", false, false, [""coxed""], [], [], [""quadruple"", ""sculls""]]",fuente2 | fuente3
2158,Biathlon Men's 12.5 kilometres Pursuit,,,,pursuit,,,,,,biathlon | kilometres,,NO,NO,NO,biathlon | kilometres,pursuit,0,"["""", false, false, [""pursuit""], [], [], [""biathlon"", ""kilometres""]]",
2159,Biathlon Mixed 2 x 6 kilometres and 2 x 7.5 kilometres Relay,biathlon,biathlon,mixed,mixed,team,,,,,and | kilometres | kilometres | x | x,relay,NO,NO,YES,and | kilometres | kilometres | x | x,mixed | relay,0,"[""mixed"", false, false, [""mixed"", ""relay""], [], [], [""and"", ""kilometres"", ""kilometres"", ""x"", ""x""]]",fuente2
2160,Rhythmic Gymnastics Women's Individual,,,,individual,,individual,,,,gymnastics | rhythmic,individual,NO,NO,NO,gymnastics | rhythmic,individual,0,"["""", false, false, [""individual""], [], [], [""gymnastics"", ""rhythmic""]]",
2161,"Canoeing Men's Kayak Singles, Slalom",,,,singles,,individual,,,,canoeing | kayak | slalom,singles,NO,NO,NO,canoeing | kayak | slalom,singles,0,"["""", false, false, [""singles""], [], [], [""canoeing"", ""kayak"", ""slalom""]]",
2162,Archery Men's Individual,archery,archery,men,individual,,individual,,,,,individual,NO,NO,NO,,individual,0,"[""men"", false, false, [""individual""], [], [], []]",fuente2 | fuente3
2163,Archery Men's Team,archery,archery,men,team,team,,,,,,team,NO,NO,NO,,team,0,"[""men"", false, false, [""team""], [], [], []]",fuente2 | fuente3
2164,"Speed Skating Women's 1,500 metres",skating,speed skating,women,,,,,,,metres,,NO,NO,NO,metres,,0,"[""women"", false, false, [], [], [], [""metres""]]",fuente2
2165,Speed Skating Women's Team Pursuit (6 laps),,,,pursuit,team,,,,,laps | skating | speed,team,NO,NO,NO,laps | skating | speed,pursuit | team,0,"["""", false, false, [""pursuit"", ""team""], [], [], [""laps"", ""skating"", ""speed""]]",
2166,Cross Country Skiing Men's Sprint,skiing,cross country skiing,men,sprint,,,,,,,,NO,NO,NO,,sprint,0,"[""men"", false, false, [""sprint""], [], [], []]",fuente2
2167,Athletics Women's 400 metres,athletics,athletics,women,,,,,,,metres,,NO,NO,NO,metres,,0,"[""women"", false, false, [], [], [], [""metres""]]",fuente2 | fuente3
2168,Figure Skating Women's Singles,,,,singles,,individual,,,,figure | skating,singles,NO,NO,NO,figure | skating,singles,0,"["""", false, false, [""singles""], [], [], [""figure"", ""skating""]]",
2169,"Speed Skating Men's 1,000 metres",,,,,,,,,,metres | skating | speed,,NO,NO,NO,metres | skating | speed,,0,"["""", false, false, [], [], [], [""metres"", ""skating"", ""speed""]]",
2170,Trampolining Men's Individual,,,,individual,,individual,,,,trampolining,individual,NO,NO,NO,trampolining,individual,0,"["""", false, false, [""individual""], [], [], [""trampolining""]]",
2171,Beach Volleyball Men's Beach Volleyball,volleyball,beach volleyball,men,,,,,,,beach,,NO,NO,NO,beach,,2,"[""men"", false, false, [], [], [], [""beach""]]",fuente2 | fuente3
2172,"Cycling Women's Mountainbike, Cross-Country",,,,,,,,,,country | cross | cycling | mountainbike,,NO,NO,NO,country | cross | cycling | mountainbike,,0,"["""", false, false, [], [], [], [""country"", ""cross"", ""cycling"", ""mountainbike""]]",
2173,"Athletics Men's Javelin Throw, Both Hands",athletics,athletics,men,,,,,,,both | hands | javelin | throw,,NO,NO,NO,both | hands | javelin | throw,,0,"[""men"", false, false, [], [], [], [""both"", ""hands"", ""javelin"", ""throw""]]",fuente2 | fuente3
2174,Triathlon Women's Olympic Distance,,,,,,,,,,distance | triathlon,,NO,NO,NO,distance | triathlon,,0,"["""", false, false, [], [], [], [""distance"", ""triathlon""]]",
2175,Gymnastics Women's Team Portable Apparatus,,,,team,team,,,,,apparatus | gymnastics | portable,team,NO,NO,NO,apparatus | gymnastics | portable,team,0,"["""", false, false, [""team""], [], [], [""apparatus"", ""gymnastics"", ""portable""]]",
2176,"Cycling Men's Mountainbike, Cross-Country",,,,,,,,,,country | cross | cycling | mountainbike,,NO,NO,NO,country | cross | cycling | mountainbike,,0,"["""", false, false, [], [], [], [""country"", ""cross"", ""cycling"", ""mountainbike""]]",
2177,Athletics Women's 400 metres Hurdles,athletics,athletics,women,,,,,,,hurdles | metres,,NO,NO,NO,hurdles | metres,,0,"[""women"", false, false, [], [], [], [""hurdles"", ""metres""]]",fuente2 | fuente3
2178,Diving Men's Springboard,aquatics,diving,men,,,,,,,springboard,,NO,NO,NO,springboard,,0,"[""men"", false, false, [], [], [], [""springboard""]]",fuente2 | fuente3
2179,"Wrestling Men's Featherweight, Greco-Roman",,,,,,,,,,featherweight | greco | roman | wrestling,,NO,NO,NO,featherweight | greco | roman | wrestling,,0,"["""", false, false, [], [], [], [""featherweight"", ""greco"", ""roman"", ""wrestling""]]",
2180,Table Tennis Men's Singles,,,,singles,,individual,,,,table | tennis,singles,NO,NO,NO,table | tennis,singles,0,"["""", false, false, [""singles""], [], [], [""table"", ""tennis""]]",
2181,Art Competitions Mixed Painting,art competitions,art competitions,mixed,mixed,,,,,,painting,,NO,NO,YES,painting,mixed,0,"[""mixed"", false, false, [""mixed""], [], [], [""painting""]]",fuente2 | fuente3
2182,Cross Country Skiing Women's 3 x 5 kilometres Relay,skiing,cross country skiing,women,relay,team,,,,,kilometres | x,relay,NO,NO,NO,kilometres | x,relay,0,"[""women"", false, false, [""relay""], [], [], [""kilometres"", ""x""]]",fuente2
2183,Judo Men's Open Class,,,,,,,,,,class | judo | open,,NO,NO,NO,class | judo | open,,0,"["""", false, false, [], [], [], [""class"", ""judo"", ""open""]]",
2184,Rowing Women's Quadruple Sculls,rowing,rowing,women,,,,,,,quadruple | sculls,,NO,NO,NO,quadruple | sculls,,0,"[""women"", false, false, [], [], [], [""quadruple"", ""sculls""]]",fuente2 | fuente3
2185,"Gymnastics Men's Team All-Around, Swedish System",gymnastics,artistic gymnastics,men,team,team,,,,,all | around | swedish | system,team,NO,NO,NO,all | around | swedish | system,team,0,"[""men"", false, false, [""team""], [], [], [""all"", ""around"", ""swedish"", ""system""]]",fuente2 | fuente3
2186,Nordic Combined Men's Sprint,,,,combined,,,,,,nordic,,NO,NO,NO,nordic,combined | sprint,0,"["""", false, false, [""combined"", ""sprint""], [], [], [""nordic""]]",
2187,Athletics Women's Pentathlon,,,,,,,,,,athletics | pentathlon,,NO,NO,NO,athletics | pentathlon,,0,"["""", false, false, [], [], [], [""athletics"", ""pentathlon""]]",
2188,"Art Competitions Mixed Painting, Unknown Event",art competitions,art competitions,mixed,mixed,,,,,,painting | unknown,,NO,NO,YES,painting | unknown,mixed,0,"[""mixed"", false, false, [""mixed""], [], [], [""painting"", ""unknown""]]",fuente2 | fuente3
2189,"Cycling Men's Team Pursuit, 4,000 metres",,,,pursuit,team,,,,,cycling | metres,team,NO,NO,NO,cycling | metres,pursuit | team,0,"["""", false, false, [""pursuit"", ""team""], [], [], [""cycling"", ""metres""]]",
2190,Weightlifting Women's Middleweight,,,,,,,,,,middleweight | weightlifting,,NO,NO,NO,middleweight | weightlifting,,0,"["""", false, false, [], [], [], [""middleweight"", ""weightlifting""]]",
2191,"Swimming Men's 1,500 metres Freestyle",aquatics,swimming,men,freestyle,,,,,,metres,,NO,NO,NO,metres,freestyle,0,"[""men"", false, false, [""freestyle""], [], [], [""metres""]]",fuente2 | fuente3
2192,"Wrestling Women's Light-Heavyweight, Freestyle",wrestling,wrestling freestyle,women,freestyle,,,,,,light,,NO,NO,NO,light,freestyle | heavyweight,0,"[""women"", false, false, [""freestyle"", ""heavyweight""], [], [], [""light""]]",fuente2 | fuente3
2193,Swimming Women's 100 metres Freestyle,aquatics,swimming,women,freestyle,,,,,,metres,,NO,NO,NO,metres,freestyle,0,"[""women"", false, false, [""freestyle""], [], [], [""metres""]]",fuente2 | fuente3
2194,"Equestrianism Men's Jumping, Individual",,,,individual,,individual,,,,equestrianism | jumping,individual,NO,NO,NO,equestrianism | jumping,individual,0,"["""", false, false, [""individual""], [], [], [""equestrianism"", ""jumping""]]",
2195,"Equestrianism Men's Jumping, Team",,,,team,team,,,,,equestrianism | jumping,team,NO,NO,NO,equestrianism | jumping,team,0,"["""", false, false, [""team""], [], [], [""equestrianism"", ""jumping""]]",
2196,"Equestrianism Men's Three-Day Event, Individual",,,,individual,,individual,,,,day | equestrianism | three,individual,NO,NO,NO,day | equestrianism | three,individual,0,"["""", false, false, [""individual""], [], [], [""day"", ""equestrianism"", ""three""]]",
2197,"Equestrianism Men's Three-Day Event, Team",,,,team,team,,,,,day | equestrianism | three,team,NO,NO,NO,day | equestrianism | three,team,0,"["""", false, false, [""team""], [], [], [""day"", ""equestrianism"", ""three""]]",
2198,Alpine Skiing Women's Combined,,,,combined,,,,,,alpine | skiing,,NO,NO,NO,alpine | skiing,combined,0,"["""", false, false, [""combined""], [], [], [""alpine"", ""skiing""]]",
2199,Athletics Women's High Jump,athletics,athletics,women,,,,,,,high | jump,,NO,NO,NO,high | jump,,0,"[""women"", false, false, [], [], [], [""high"", ""jump""]]",fuente2 | fuente3
2200,"Ski Jumping Men's Normal Hill, Individual",,,,individual,,individual,,,,hill | jumping | normal | ski,individual,NO,NO,NO,hill | jumping | normal | ski,individual,0,"["""", false, false, [""individual""], [], [], [""hill"", ""jumping"", ""normal"", ""ski""]]",
2201,"Canoeing Women's Kayak Fours, 500 metres",,,,,,,,,,canoeing | fours | kayak | metres,,NO,NO,NO,canoeing | fours | kayak | metres,,0,"["""", false, false, [], [], [], [""canoeing"", ""fours"", ""kayak"", ""metres""]]",
2202,Ice Hockey Women's Ice Hockey,ice hockey,ice hockey,women,,,,,,,,,NO,NO,NO,,,2,"[""women"", false, false, [], [], [], []]",fuente2
2203,Sailing Men's One Person Dinghy,sailing,sailing,men,,,,,,,dinghy | one | person,,NO,NO,NO,dinghy | one | person,,0,"[""men"", false, false, [], [], [], [""dinghy"", ""one"", ""person""]]",fuente2 | fuente3
2204,Trampolining Women's Individual,,,,individual,,individual,,,,trampolining,individual,NO,NO,NO,trampolining,individual,0,"["""", false, false, [""individual""], [], [], [""trampolining""]]",
2205,Curling Men's Curling,curling,curling,men,,,,,,,,,NO,NO,NO,,,1,"[""men"", false, false, [], [], [], []]",fuente2
2206,Art Competitions Mixed Literature,art competitions,art competitions,mixed,mixed,,,,,,literature,,NO,NO,YES,literature,mixed,0,"[""mixed"", false, false, [""mixed""], [], [], [""literature""]]",fuente2 | fuente3
2207,Judo Men's Middleweight,judo,judo,men,,,,,,,middleweight,,NO,NO,NO,middleweight,,0,"[""men"", false, false, [], [], [], [""middleweight""]]",fuente2 | fuente3
2208,Biathlon Women's 15 kilometres,,,,,,,,,,biathlon | kilometres,,NO,NO,NO,biathlon | kilometres,,0,"["""", false, false, [], [], [], [""biathlon"", ""kilometres""]]",
2209,Biathlon Women's 3 x 7.5 kilometres Relay,,,,relay,team,,,,,biathlon | kilometres | x,relay,NO,NO,NO,biathlon | kilometres | x,relay,0,"["""", false, false, [""relay""], [], [], [""biathlon"", ""kilometres"", ""x""]]",
2210,Biathlon Women's 4 x 7.5 kilometres Relay,,,,relay,team,,,,,biathlon | kilometres | x,relay,NO,NO,NO,biathlon | kilometres | x,relay,0,"["""", false, false, [""relay""], [], [], [""biathlon"", ""kilometres"", ""x""]]",
2211,Judo Men's Half-Lightweight,judo,judo,men,lightweight,,,,,,half,,NO,NO,NO,half,lightweight,0,"[""men"", false, false, [""lightweight""], [], [], [""half""]]",fuente2 | fuente3
2212,"Fencing Women's Foil, Team",fencing,fencing,women,team,team,,,,,foil,team,NO,NO,NO,foil,team,0,"[""women"", false, false, [""team""], [], [], [""foil""]]",fuente2 | fuente3
2213,Swimming Women's 200 metres Butterfly,,,,,,,,,,butterfly | metres | swimming,,NO,NO,NO,butterfly | metres | swimming,,0,"["""", false, false, [], [], [], [""butterfly"", ""metres"", ""swimming""]]",
2214,Swimming Women's 400 metres Individual Medley,,,,individual,,individual,,,,medley | metres | swimming,individual,NO,NO,NO,medley | metres | swimming,individual,0,"["""", false, false, [""individual""], [], [], [""medley"", ""metres"", ""swimming""]]",
2215,Golf Men's Individual,,,,individual,,individual,,,,golf,individual,NO,NO,NO,golf,individual,0,"["""", false, false, [""individual""], [], [], [""golf""]]",
2216,Athletics Men's Standing High Jump,athletics,athletics,men,,,,,,,high | jump | standing,,NO,NO,NO,high | jump | standing,,0,"[""men"", false, false, [], [], [], [""high"", ""jump"", ""standing""]]",fuente2 | fuente3
2217,Athletics Men's Standing Long Jump,athletics,athletics,men,,,,,,,jump | long | standing,,NO,NO,NO,jump | long | standing,,0,"[""men"", false, false, [], [], [], [""jump"", ""long"", ""standing""]]",fuente2 | fuente3
2218,Athletics Men's 20 kilometres Walk,,,,,,,,,,athletics | kilometres | walk,,NO,NO,NO,athletics | kilometres | walk,,0,"["""", false, false, [], [], [], [""athletics"", ""kilometres"", ""walk""]]",
2219,Swimming Men's 220 yard Freestyle,,,,freestyle,,,,,,swimming | yard,,NO,NO,NO,swimming | yard,freestyle,0,"["""", false, false, [""freestyle""], [], [], [""swimming"", ""yard""]]",
2220,Swimming Men's 880 yard Freestyle,,,,freestyle,,,,,,swimming | yard,,NO,NO,NO,swimming | yard,freestyle,0,"["""", false, false, [""freestyle""], [], [], [""swimming"", ""yard""]]",
2221,Swimming Men's One Mile Freestyle,,,,freestyle,,,,,,mile | one | swimming,,NO,NO,NO,mile | one | swimming,freestyle,0,"["""", false, false, [""freestyle""], [], [], [""mile"", ""one"", ""swimming""]]",
2222,Swimming Men's 4 x 50 Yard Freestyle Relay,aquatics,swimming,men,freestyle,team,,,,,x | yard,relay,NO,NO,NO,x | yard,freestyle | relay,0,"[""men"", false, false, [""freestyle"", ""relay""], [], [], [""x"", ""yard""]]",fuente2 | fuente3
2223,Swimming Men's Plunge For Distance,,,,,,,,,,distance | for | plunge | swimming,,NO,NO,NO,distance | for | plunge | swimming,,0,"["""", false, false, [], [], [], [""distance"", ""for"", ""plunge"", ""swimming""]]",
2224,"Shooting Men's Free Rifle, Three Positions, 300 metres",shooting,shooting,men,,,,,,,free | metres | positions | rifle | three,,NO,NO,NO,free | metres | positions | rifle | three,,0,"[""men"", false, false, [], [], [], [""free"", ""metres"", ""positions"", ""rifle"", ""three""]]",fuente2 | fuente3
2225,"Shooting Men's Military Rifle, Three Positions, 300 metres",shooting,shooting,men,,,,,,,metres | military | positions | rifle | three,,NO,NO,NO,metres | military | positions | rifle | three,,0,"[""men"", false, false, [], [], [], [""metres"", ""military"", ""positions"", ""rifle"", ""three""]]",fuente2 | fuente3
2226,"Shooting Men's Military Rifle, Any Position, 600 metres",shooting,shooting,men,,,,,,,any | metres | military | position | rifle,,NO,NO,NO,any | metres | military | position | rifle,,0,"[""men"", false, false, [], [], [], [""any"", ""metres"", ""military"", ""position"", ""rifle""]]",fuente2 | fuente3
2227,"Shooting Men's Military Rifle, 200, 400, 500 and 600 metres, Team",shooting,shooting,men,team,team,,,,,and | metres | military | rifle,team,NO,NO,NO,and | metres | military | rifle,team,0,"[""men"", false, false, [""team""], [], [], [""and"", ""metres"", ""military"", ""rifle""]]",fuente2 | fuente3
2228,"Shooting Men's Military Rifle, Prone, 300 metres",shooting,shooting,men,,,,,,,metres | military | prone | rifle,,NO,NO,NO,metres | military | prone | rifle,,0,"[""men"", false, false, [], [], [], [""metres"", ""military"", ""prone"", ""rifle""]]",fuente2 | fuente3
2229,Judo Men's Half-Heavyweight,judo,judo,men,heavyweight,,,,,,half,,NO,NO,NO,half,heavyweight,0,"[""men"", false, false, [""heavyweight""], [], [], [""half""]]",fuente2 | fuente3
2230,Archery Women's Team,archery,archery,women,team,team,,,,,,team,NO,NO,NO,,team,0,"[""women"", false, false, [""team""], [], [], []]",fuente2 | fuente3
2231,Athletics Men's 50 kilometres Walk,,,,,,,,,,athletics | kilometres | walk,,NO,NO,NO,athletics | kilometres | walk,,0,"["""", false, false, [], [], [], [""athletics"", ""kilometres"", ""walk""]]",
2232,Rowing Women's Double Sculls,rowing,rowing,women,double,,,,,,sculls,double,NO,NO,NO,sculls,double,0,"[""women"", false, false, [""double""], [], [], [""sculls""]]",fuente2 | fuente3
2233,Sailing Mixed 6 metres,sailing,sailing,mixed,mixed,,,,,,metres,,NO,NO,YES,metres,mixed,0,"[""mixed"", false, false, [""mixed""], [], [], [""metres""]]",fuente2 | fuente3
2234,Boxing Men's Light-Heavyweight,boxing,boxing,men,heavyweight,,,,,,light,,NO,NO,NO,light,heavyweight,0,"[""men"", false, false, [""heavyweight""], [], [], [""light""]]",fuente2 | fuente3
2235,Boxing Women's Flyweight,,,,,,,,,,boxing | flyweight,,NO,NO,NO,boxing | flyweight,,0,"["""", false, false, [], [], [], [""boxing"", ""flyweight""]]",
2236,Athletics Women's 100 metres Hurdles,athletics,athletics,women,,,,,,,hurdles | metres,,NO,NO,NO,hurdles | metres,,0,"[""women"", false, false, [], [], [], [""hurdles"", ""metres""]]",fuente2 | fuente3
2237,"Athletics Men's Discus Throw, Greek Style",athletics,athletics,men,,,,,,,discus | greek | style | throw,,NO,NO,NO,discus | greek | style | throw,,0,"[""men"", false, false, [], [], [], [""discus"", ""greek"", ""style"", ""throw""]]",fuente2 | fuente3
2238,Curling Women's Curling,curling,curling,women,,,,,,,,,NO,NO,NO,,,1,"[""women"", false, false, [], [], [], []]",fuente2
2239,Sailing Mixed One Person Dinghy,,,,mixed,,,,,,dinghy | one | person | sailing,,NO,NO,YES,dinghy | one | person | sailing,mixed,0,"["""", false, false, [""mixed""], [], [], [""dinghy"", ""one"", ""person"", ""sailing""]]",
2240,"Wrestling Women's Heavyweight, Freestyle",wrestling,wrestling freestyle,women,freestyle,,,,,,,,NO,NO,NO,,freestyle | heavyweight,0,"[""women"", false, false, [""freestyle"", ""heavyweight""], [], [], []]",fuente2 | fuente3
2241,Badminton Mixed Doubles,badminton,badminton,mixed,mixed,,individual,,,,,doubles,NO,NO,YES,,doubles | mixed,0,"[""mixed"", false, false, [""doubles"", ""mixed""], [], [], []]",fuente2 | fuente3
2242,"Fencing Women's Foil, Individual",fencing,fencing,women,individual,,individual,,,,foil,individual,NO,NO,NO,foil,individual,0,"[""women"", false, false, [""individual""], [], [], [""foil""]]",fuente2 | fuente3
2243,Sailing Mixed Two Person Keelboat,,,,mixed,,,,,,keelboat | person | sailing | two,,NO,NO,YES,keelboat | person | sailing | two,mixed,0,"["""", false, false, [""mixed""], [], [], [""keelboat"", ""person"", ""sailing"", ""two""]]",
2244,"Shooting Men's Military Rifle, 300 metres and 600 metres, Prone, Team",shooting,shooting,men,team,team,,,,,and | metres | metres | military | prone | rifle,team,NO,NO,NO,and | metres | metres | military | prone | rifle,team,0,"[""men"", false, false, [""team""], [], [], [""and"", ""metres"", ""metres"", ""military"", ""prone"", ""rifle""]]",fuente2 | fuente3
2245,Table Tennis Men's Doubles,,,,doubles,,individual,,,,table | tennis,doubles,NO,NO,NO,table | tennis,doubles,0,"["""", false, false, [""doubles""], [], [], [""table"", ""tennis""]]",
2246,"Wrestling Men's Light-Flyweight, Freestyle",wrestling,wrestling freestyle,men,freestyle,,,,,,flyweight | light,,NO,NO,NO,flyweight | light,freestyle,0,"[""men"", false, false, [""freestyle""], [], [], [""flyweight"", ""light""]]",fuente2 | fuente3
2247,"Wrestling Women's Featherweight, Freestyle",,,,freestyle,,,,,,featherweight | wrestling,,NO,NO,NO,featherweight | wrestling,freestyle,0,"["""", false, false, [""freestyle""], [], [], [""featherweight"", ""wrestling""]]",
2248,Swimming Women's 200 metres Freestyle,aquatics,swimming,women,freestyle,,,,,,metres,,NO,NO,NO,metres,freestyle,0,"[""women"", false, false, [""freestyle""], [], [], [""metres""]]",fuente2 | fuente3
2249,Swimming Women's 400 metres Freestyle,,,,freestyle,,,,,,metres | swimming,,NO,NO,NO,metres | swimming,freestyle,0,"["""", false, false, [""freestyle""], [], [], [""metres"", ""swimming""]]",
2250,Swimming Women's 200 metres Individual Medley,,,,individual,,individual,,,,medley | metres | swimming,individual,NO,NO,NO,medley | metres | swimming,individual,0,"["""", false, false, [""individual""], [], [], [""medley"", ""metres"", ""swimming""]]",
2251,Sailing Men's Windsurfer,,,,,,,,,,sailing | windsurfer,,NO,NO,NO,sailing | windsurfer,,0,"["""", false, false, [], [], [], [""sailing"", ""windsurfer""]]",
2252,Freestyle Skiing Men's Slopestyle,,,,freestyle,,,,,,skiing | slopestyle,,NO,NO,NO,skiing | slopestyle,freestyle,0,"["""", false, false, [""freestyle""], [], [], [""skiing"", ""slopestyle""]]",
2253,"Shooting Men's Running Target, Single Shot",shooting,shooting,men,shot,,,,,,running | target,single,NO,NO,NO,running | target,shot | single,0,"[""men"", false, false, [""shot"", ""single""], [], [], [""running"", ""target""]]",fuente2 | fuente3
2254,"Shooting Men's Running Target, Double Shot",shooting,shooting,men,double,,,,,,running | target,double,NO,NO,NO,running | target,double | shot,0,"[""men"", false, false, [""double"", ""shot""], [], [], [""running"", ""target""]]",fuente2 | fuente3
2255,Rugby Sevens Men's Rugby Sevens,rugby,rugby sevens,men,,,,,,,sevens,,NO,NO,NO,sevens,,2,"[""men"", false, false, [], [], [], [""sevens""]]",fuente2 | fuente3
2256,"Wrestling Women's Lightweight, Freestyle",,,,freestyle,,,,,,wrestling,,NO,NO,NO,wrestling,freestyle | lightweight,0,"["""", false, false, [""freestyle"", ""lightweight""], [], [], [""wrestling""]]",
2257,Modern Pentathlon Women's Individual,,,,individual,,individual,,,,modern | pentathlon,individual,NO,NO,NO,modern | pentathlon,individual,0,"["""", false, false, [""individual""], [], [], [""modern"", ""pentathlon""]]",
2258,"Canoeing Men's Canadian Doubles, Slalom",,,,doubles,,individual,,,,canadian | canoeing | slalom,doubles,NO,NO,NO,canadian | canoeing | slalom,doubles,0,"["""", false, false, [""doubles""], [], [], [""canadian"", ""canoeing"", ""slalom""]]",
2259,Judo Women's Half-Lightweight,judo,judo,women,lightweight,,,,,,half,,NO,NO,NO,half,lightweight,0,"[""women"", false, false, [""lightweight""], [], [], [""half""]]",fuente2 | fuente3
2260,Diving Women's Plain High,,,,,,,,,,diving | high | plain,,NO,NO,NO,diving | high | plain,,0,"["""", false, false, [], [], [], [""diving"", ""high"", ""plain""]]",
2261,"Equestrianism Men's Dressage, Individual",,,,individual,,individual,,,,dressage | equestrianism,individual,NO,NO,NO,dressage | equestrianism,individual,0,"["""", false, false, [""individual""], [], [], [""dressage"", ""equestrianism""]]",
2262,"Equestrianism Men's Dressage, Team",,,,team,team,,,,,dressage | equestrianism,team,NO,NO,NO,dressage | equestrianism,team,0,"["""", false, false, [""team""], [], [], [""dressage"", ""equestrianism""]]",
2263,"Tennis Women's Singles, Covered Courts",tennis,tennis,women,singles,,individual,,,,courts | covered,singles,NO,NO,NO,courts | covered,singles,0,"[""women"", false, false, [""singles""], [], [], [""courts"", ""covered""]]",fuente2 | fuente3
2264,Diving Men's Plain High,,,,,,,,,,diving | high | plain,,NO,NO,NO,diving | high | plain,,0,"["""", false, false, [], [], [], [""diving"", ""high"", ""plain""]]",
2265,"Shooting Mixed Small-Bore Rifle, Three Positions, 50 metres",,,,mixed,,,,,,bore | metres | positions | rifle | shooting | small | three,,NO,NO,YES,bore | metres | positions | rifle | shooting | small | three,mixed,0,"["""", false, false, [""mixed""], [], [], [""bore"", ""metres"", ""positions"", ""rifle"", ""shooting"", ""small"", ""three""]]",
2266,"Shooting Mixed Small-Bore Rifle, Prone, 50 metres",,,,mixed,,,,,,bore | metres | prone | rifle | shooting | small,,NO,NO,YES,bore | metres | prone | rifle | shooting | small,mixed,0,"["""", false, false, [""mixed""], [], [], [""bore"", ""metres"", ""prone"", ""rifle"", ""shooting"", ""small""]]",
2267,Swimming Women's 800 metres Freestyle,,,,freestyle,,,,,,metres | swimming,,NO,NO,NO,metres | swimming,freestyle,0,"["""", false, false, [""freestyle""], [], [], [""metres"", ""swimming""]]",
2268,Sailing Women's Two Person Dinghy,,,,,,,,,,dinghy | person | sailing | two,,NO,NO,NO,dinghy | person | sailing | two,,0,"["""", false, false, [], [], [], [""dinghy"", ""person"", ""sailing"", ""two""]]",
2269,Alpine Skiing Women's Downhill,,,,,,,,,,alpine | downhill | skiing,,NO,NO,NO,alpine | downhill | skiing,,0,"["""", false, false, [], [], [], [""alpine"", ""downhill"", ""skiing""]]",
2270,"Shooting Men's Free Pistol, 50 metres, Team",shooting,shooting,men,team,team,,,,,free | metres | pistol,team,NO,NO,NO,free | metres | pistol,team,0,"[""men"", false, false, [""team""], [], [], [""free"", ""metres"", ""pistol""]]",fuente2 | fuente3
2271,"Shooting Men's Free Rifle, Three Positions, 300 metres, Team",shooting,shooting,men,team,team,,,,,free | metres | positions | rifle | three,team,NO,NO,NO,free | metres | positions | rifle | three,team,0,"[""men"", false, false, [""team""], [], [], [""free"", ""metres"", ""positions"", ""rifle"", ""three""]]",fuente2 | fuente3
2272,"Shooting Men's Military Rifle, Prone, 300 metres, Team",shooting,shooting,men,team,team,,,,,metres | military | prone | rifle,team,NO,NO,NO,metres | military | prone | rifle,team,0,"[""men"", false, false, [""team""], [], [], [""metres"", ""military"", ""prone"", ""rifle""]]",fuente2 | fuente3
2273,"Shooting Men's Military Rifle, Prone, 600 metres, Team",shooting,shooting,men,team,team,,,,,metres | military | prone | rifle,team,NO,NO,NO,metres | military | prone | rifle,team,0,"[""men"", false, false, [""team""], [], [], [""metres"", ""military"", ""prone"", ""rifle""]]",fuente2 | fuente3
2274,"Shooting Men's Military Rifle, Standing, 300 metres, Team",shooting,shooting,men,team,team,,,,,metres | military | rifle | standing,team,NO,NO,NO,metres | military | rifle | standing,team,0,"[""men"", false, false, [""team""], [], [], [""metres"", ""military"", ""rifle"", ""standing""]]",fuente2 | fuente3
2275,"Shooting Men's Free Rifle, Prone, 600 metres",,,,,,,,,,free | metres | prone | rifle | shooting,,NO,NO,NO,free | metres | prone | rifle | shooting,,0,"["""", false, false, [], [], [], [""free"", ""metres"", ""prone"", ""rifle"", ""shooting""]]",
2276,"Shooting Men's Free Rifle, 400, 600 and 800 metres, Team",shooting,shooting,men,team,team,,,,,and | free | metres | rifle,team,NO,NO,NO,and | free | metres | rifle,team,0,"[""men"", false, false, [""team""], [], [], [""and"", ""free"", ""metres"", ""rifle""]]",fuente2 | fuente3
2277,Rowing Men's Single Sculls,rowing,rowing,men,single,,,,,,sculls,single,NO,NO,NO,sculls,single,0,"[""men"", false, false, [""single""], [], [], [""sculls""]]",fuente2 | fuente3
2278,"Cycling Men's Tandem Sprint, 2,000 metres",,,,sprint,,,,,,cycling | metres | tandem,,NO,NO,NO,cycling | metres | tandem,sprint,0,"["""", false, false, [""sprint""], [], [], [""cycling"", ""metres"", ""tandem""]]",
2279,Freestyle Skiing Women's Halfpipe,,,,freestyle,,,,,,halfpipe | skiing,,NO,NO,NO,halfpipe | skiing,freestyle,0,"["""", false, false, [""freestyle""], [], [], [""halfpipe"", ""skiing""]]",
2280,Athletics Women's Heptathlon,athletics,athletics,women,,,,,,,heptathlon,,NO,NO,NO,heptathlon,,0,"[""women"", false, false, [], [], [], [""heptathlon""]]",fuente2 | fuente3
2281,Cycling Men's Points Race,,,,,,,,,,cycling | points | race,,NO,NO,NO,cycling | points | race,,0,"["""", false, false, [], [], [], [""cycling"", ""points"", ""race""]]",
2282,Synchronized Swimming Women's Solo,,,,,,,,,,solo | swimming | synchronized,,NO,NO,NO,solo | swimming | synchronized,,0,"["""", false, false, [], [], [], [""solo"", ""swimming"", ""synchronized""]]",
2283,"Equestrianism Mixed Dressage, Individual",,,,mixed,,individual,,,,dressage | equestrianism,individual,NO,NO,YES,dressage | equestrianism,individual | mixed,0,"["""", false, false, [""individual"", ""mixed""], [], [], [""dressage"", ""equestrianism""]]",
2284,"Equestrianism Mixed Dressage, Team",,,,mixed,team,,,,,dressage | equestrianism,team,NO,NO,YES,dressage | equestrianism,mixed | team,0,"["""", false, false, [""mixed"", ""team""], [], [], [""dressage"", ""equestrianism""]]",
2285,Cross Country Skiing Men's 18 kilometres,,,,,,,,,,country | cross | kilometres | skiing,,NO,NO,NO,country | cross | kilometres | skiing,,0,"["""", false, false, [], [], [], [""country"", ""cross"", ""kilometres"", ""skiing""]]",
2286,Swimming Men's 100 metres Breaststroke,,,,,,,,,,breaststroke | metres | swimming,,NO,NO,NO,breaststroke | metres | swimming,,0,"["""", false, false, [], [], [], [""breaststroke"", ""metres"", ""swimming""]]",
2287,Figure Skating Mixed Ice Dancing,,,,mixed,,,,,,dancing | figure | ice | skating,,NO,NO,YES,dancing | figure | ice | skating,mixed,0,"["""", false, false, [""mixed""], [], [], [""dancing"", ""figure"", ""ice"", ""skating""]]",
2288,"Shooting Mixed Free Pistol, 50 metres",,,,mixed,,,,,,free | metres | pistol | shooting,,NO,NO,YES,free | metres | pistol | shooting,mixed,0,"["""", false, false, [""mixed""], [], [], [""free"", ""metres"", ""pistol"", ""shooting""]]",
2289,Sailing Women's Skiff,sailing,sailing,women,,,,,,,skiff,,NO,NO,NO,skiff,,0,"[""women"", false, false, [], [], [], [""skiff""]]",fuente2 | fuente3
2290,"Canoeing Men's Kayak Doubles, 10,000 metres",,,,doubles,,individual,,,,canoeing | kayak | metres,doubles,NO,NO,NO,canoeing | kayak | metres,doubles,0,"["""", false, false, [""doubles""], [], [], [""canoeing"", ""kayak"", ""metres""]]",
2291,Triathlon Men's Olympic Distance,,,,,,,,,,distance | triathlon,,NO,NO,NO,distance | triathlon,,0,"["""", false, false, [], [], [], [""distance"", ""triathlon""]]",
2292,Sailing Women's One Person Dinghy,,,,,,,,,,dinghy | one | person | sailing,,NO,NO,NO,dinghy | one | person | sailing,,0,"["""", false, false, [], [], [], [""dinghy"", ""one"", ""person"", ""sailing""]]",
2293,Cross Country Skiing Women's 30 kilometres,,,,,,,,,,country | cross | kilometres | skiing,,NO,NO,NO,country | cross | kilometres | skiing,,0,"["""", false, false, [], [], [], [""country"", ""cross"", ""kilometres"", ""skiing""]]",
2294,Cross Country Skiing Women's 15 km Skiathlon,,,,,,,15 km,,,country | cross | skiathlon | skiing,,NO,NO,NO,country | cross | skiathlon | skiing,,0,"["""", false, false, [], [""15 km""], [], [""country"", ""cross"", ""skiathlon"", ""skiing""]]",
2295,Rowing Men's 17-Man Naval Rowing Boats,,,,,,,,,,boats | man | naval | rowing | rowing,,NO,NO,NO,boats | man | naval | rowing | rowing,,0,"["""", false, false, [], [], [], [""boats"", ""man"", ""naval"", ""rowing"", ""rowing""]]",
2296,Beach Volleyball Women's Beach Volleyball,volleyball,beach volleyball,women,,,,,,,beach,,NO,NO,NO,beach,,2,"[""women"", false, false, [], [], [], [""beach""]]",fuente2 | fuente3
2297,Weightlifting Men's Super-Heavyweight,weightlifting,weightlifting,men,heavyweight,,,,,,super,,NO,NO,NO,super,heavyweight,0,"[""men"", false, false, [""heavyweight""], [], [], [""super""]]",fuente2 | fuente3
2298,Rowing Men's Lightweight Coxless Fours,rowing,rowing,men,coxless,,,,,coxless,fours,,NO,NO,NO,fours,coxless | lightweight,0,"[""men"", false, false, [""coxless"", ""lightweight""], [], [], [""fours""]]",fuente2 | fuente3
2299,"Wrestling Men's Light-Flyweight, Greco-Roman",wrestling,wrestling greco roman,men,,,,,,,flyweight | light,,NO,NO,NO,flyweight | light,,0,"[""men"", false, false, [], [], [], [""flyweight"", ""light""]]",fuente2 | fuente3
2300,"Canoeing Men's Canadian Singles, 1,000 metres",,,,singles,,individual,,,,canadian | canoeing | metres,singles,NO,NO,NO,canadian | canoeing | metres,singles,0,"["""", false, false, [""singles""], [], [], [""canadian"", ""canoeing"", ""metres""]]",
2301,Sailing Mixed 5.5 metres,sailing,sailing,mixed,mixed,,,,,,metres,,NO,NO,YES,metres,mixed,0,"[""mixed"", false, false, [""mixed""], [], [], [""metres""]]",fuente2 | fuente3
2302,"Equestrianism Mixed Jumping, Team",,,,mixed,team,,,,,equestrianism | jumping,team,NO,NO,YES,equestrianism | jumping,mixed | team,0,"["""", false, false, [""mixed"", ""team""], [], [], [""equestrianism"", ""jumping""]]",
2303,Diving Men's Synchronized Platform,aquatics,diving,men,,,,,,,platform | synchronized,,NO,NO,NO,platform | synchronized,,0,"[""men"", false, false, [], [], [], [""platform"", ""synchronized""]]",fuente2 | fuente3
2304,Snowboarding Men's Halfpipe,,,,,,,,,,halfpipe | snowboarding,,NO,NO,NO,halfpipe | snowboarding,,0,"["""", false, false, [], [], [], [""halfpipe"", ""snowboarding""]]",
2305,"Canoeing Women's Kayak Singles, Slalom",,,,singles,,individual,,,,canoeing | kayak | slalom,singles,NO,NO,NO,canoeing | kayak | slalom,singles,0,"["""", false, false, [""singles""], [], [], [""canoeing"", ""kayak"", ""slalom""]]",
2306,Weightlifting Women's Flyweight,,,,,,,,,,flyweight | weightlifting,,NO,NO,NO,flyweight | weightlifting,,0,"["""", false, false, [], [], [], [""flyweight"", ""weightlifting""]]",
2307,Swimming Women's 100 metres Breaststroke,,,,,,,,,,breaststroke | metres | swimming,,NO,NO,NO,breaststroke | metres | swimming,,0,"["""", false, false, [], [], [], [""breaststroke"", ""metres"", ""swimming""]]",
2308,Swimming Women's 200 metres Breaststroke,,,,,,,,,,breaststroke | metres | swimming,,NO,NO,NO,breaststroke | metres | swimming,,0,"["""", false, false, [], [], [], [""breaststroke"", ""metres"", ""swimming""]]",
2309,"Wrestling Men's Middleweight B, Greco-Roman",wrestling,wrestling greco roman,men,,,,,,,b | middleweight,,NO,NO,NO,b | middleweight,,0,"[""men"", false, false, [], [], [], [""b"", ""middleweight""]]",fuente2 | fuente3
2310,Athletics Men's Stone Throw,,,,,,,,,,athletics | stone | throw,,NO,NO,NO,athletics | stone | throw,,0,"["""", false, false, [], [], [], [""athletics"", ""stone"", ""throw""]]",
2311,"Athletics Men's Javelin Throw, Freestyle",athletics,athletics,men,freestyle,,,,,,javelin | throw,,NO,NO,NO,javelin | throw,freestyle,0,"[""men"", false, false, [""freestyle""], [], [], [""javelin"", ""throw""]]",fuente2 | fuente3
2312,Athletics Men's Pentathlon (Ancient),athletics,athletics,men,,,,,,,ancient | pentathlon,,NO,NO,NO,ancient | pentathlon,,0,"[""men"", false, false, [], [], [], [""ancient"", ""pentathlon""]]",fuente2 | fuente3
2313,"Shooting Women's Small-Bore Rifle, Three Positions, 50 metres",shooting,shooting,women,,,,,,,bore | metres | positions | rifle | small | three,,NO,NO,NO,bore | metres | positions | rifle | small | three,,0,"[""women"", false, false, [], [], [], [""bore"", ""metres"", ""positions"", ""rifle"", ""small"", ""three""]]",fuente2 | fuente3
2314,Swimming Women's 100 metres Butterfly,,,,,,,,,,butterfly | metres | swimming,,NO,NO,NO,butterfly | metres | swimming,,0,"["""", false, false, [], [], [], [""butterfly"", ""metres"", ""swimming""]]",
2315,Weightlifting Men's Heavyweight I,weightlifting,weightlifting,men,heavyweight,,,,,,i,,NO,NO,NO,i,heavyweight,0,"[""men"", false, false, [""heavyweight""], [], [], [""i""]]",fuente2 | fuente3
2316,"Athletics Women's 3,000 metres Steeplechase",athletics,athletics,women,,,,,,,metres | steeplechase,,NO,NO,NO,metres | steeplechase,,0,"[""women"", false, false, [], [], [], [""metres"", ""steeplechase""]]",fuente2 | fuente3
2317,"Athletics Men's Shot Put, Both Hands",athletics,athletics,men,shot,,,,,,both | hands | put,,NO,NO,NO,both | hands | put,shot,0,"[""men"", false, false, [""shot""], [], [], [""both"", ""hands"", ""put""]]",fuente2 | fuente3
2318,"Ski Jumping Men's Large Hill, Individual",,,,individual,,individual,,,,hill | jumping | large | ski,individual,NO,NO,NO,hill | jumping | large | ski,individual,0,"["""", false, false, [""individual""], [], [], [""hill"", ""jumping"", ""large"", ""ski""]]",
2319,"Ski Jumping Men's Large Hill, Team",,,,team,team,,,,,hill | jumping | large | ski,team,NO,NO,NO,hill | jumping | large | ski,team,0,"["""", false, false, [""team""], [], [], [""hill"", ""jumping"", ""large"", ""ski""]]",
2320,Shooting Women's Trap,shooting,shooting,women,,,,,,,trap,,NO,NO,NO,trap,,0,"[""women"", false, false, [], [], [], [""trap""]]",fuente2 | fuente3
2321,Badminton Men's Doubles,badminton,badminton,men,doubles,,individual,,,,,doubles,NO,NO,NO,,doubles,0,"[""men"", false, false, [""doubles""], [], [], []]",fuente2 | fuente3
2322,Swimming Women's 4 x 200 metres Freestyle Relay,aquatics,swimming,women,freestyle,team,,,,,metres | x,relay,NO,NO,NO,metres | x,freestyle | relay,0,"[""women"", false, false, [""freestyle"", ""relay""], [], [], [""metres"", ""x""]]",fuente2 | fuente3
2323,Athletics Men's 10 kilometres Walk,,,,,,,,,,athletics | kilometres | walk,,NO,NO,NO,athletics | kilometres | walk,,0,"["""", false, false, [], [], [], [""athletics"", ""kilometres"", ""walk""]]",
2324,Athletics Women's 20 kilometres Walk,,,,,,,,,,athletics | kilometres | walk,,NO,NO,NO,athletics | kilometres | walk,,0,"["""", false, false, [], [], [], [""athletics"", ""kilometres"", ""walk""]]",
2325,Athletics Women's 80 metres Hurdles,,,,,,,,,,athletics | hurdles | metres,,NO,NO,NO,athletics | hurdles | metres,,0,"["""", false, false, [], [], [], [""athletics"", ""hurdles"", ""metres""]]",
2326,Sailing Men's One Person Heavyweight Dinghy,sailing,sailing,men,heavyweight,,,,,,dinghy | one | person,,NO,NO,NO,dinghy | one | person,heavyweight,0,"[""men"", false, false, [""heavyweight""], [], [], [""dinghy"", ""one"", ""person""]]",fuente2 | fuente3
2327,Freestyle Skiing Women's Aerials,,,,freestyle,,,,,,aerials | skiing,,NO,NO,NO,aerials | skiing,freestyle,0,"["""", false, false, [""freestyle""], [], [], [""aerials"", ""skiing""]]",
2328,"Art Competitions Mixed Painting, Paintings",art competitions,art competitions,mixed,mixed,,,,,,painting | paintings,,NO,NO,YES,painting | paintings,mixed,0,"[""mixed"", false, false, [""mixed""], [], [], [""painting"", ""paintings""]]",fuente2 | fuente3
2329,"Tennis Mixed Doubles, Covered Courts",tennis,tennis,mixed,mixed,,individual,,,,courts | covered,doubles,NO,NO,YES,courts | covered,doubles | mixed,0,"[""mixed"", false, false, [""doubles"", ""mixed""], [], [], [""courts"", ""covered""]]",fuente2 | fuente3
2330,Cycling Men's Madison,cycling,cycling track,men,,,,,,,madison,,NO,NO,NO,madison,,0,"[""men"", false, false, [], [], [], [""madison""]]",fuente2 | fuente3
2331,"Art Competitions Mixed Sculpturing, Statues",art competitions,art competitions,mixed,mixed,,,,,,sculpturing | statues,,NO,NO,YES,sculpturing | statues,mixed,0,"[""mixed"", false, false, [""mixed""], [], [], [""sculpturing"", ""statues""]]",fuente2 | fuente3
2332,Rugby Men's Rugby,rugby,rugby,men,,,,,,,,,NO,NO,NO,,,1,"[""men"", false, false, [], [], [], []]",fuente2 | fuente3
2333,Weightlifting Men's Heavyweight II,weightlifting,weightlifting,men,heavyweight,,,,,,ii,,NO,NO,NO,ii,heavyweight,0,"[""men"", false, false, [""heavyweight""], [], [], [""ii""]]",fuente2 | fuente3
2334,"Canoeing Women's Kayak Doubles, 500 metres",,,,doubles,,individual,,,,canoeing | kayak | metres,doubles,NO,NO,NO,canoeing | kayak | metres,doubles,0,"["""", false, false, [""doubles""], [], [], [""canoeing"", ""kayak"", ""metres""]]",
2335,"Short Track Speed Skating Men's 5,000 metres Relay",,,,relay,team,,,,,metres | short | skating | speed | track,relay,NO,NO,NO,metres | short | skating | speed | track,relay,0,"["""", false, false, [""relay""], [], [], [""metres"", ""short"", ""skating"", ""speed"", ""track""]]",
2336,Cycling Men's Individual Time Trial,cycling,cycling road,men,individual,,individual,,,,time | trial,individual,NO,NO,NO,time | trial,individual,0,"[""men"", false, false, [""individual""], [], [], [""time"", ""trial""]]",fuente2 | fuente3
2337,Judo Women's Heavyweight,judo,judo,women,heavyweight,,,,,,,,NO,NO,NO,,heavyweight,0,"[""women"", false, false, [""heavyweight""], [], [], []]",fuente2 | fuente3
2338,"Canoeing Men's Kayak Doubles, 1,000 metres",,,,doubles,,individual,,,,canoeing | kayak | metres,doubles,NO,NO,NO,canoeing | kayak | metres,doubles,0,"["""", false, false, [""doubles""], [], [], [""canoeing"", ""kayak"", ""metres""]]",
2339,"Gymnastics Men's Individual All-Around, 5 Events",gymnastics,artistic gymnastics,men,individual,,individual,,,,all | around,individual,NO,NO,NO,all | around,individual,0,"[""men"", false, false, [""individual""], [], [], [""all"", ""around""]]",fuente2 | fuente3
2340,"Wrestling Men's Super-Heavyweight, Freestyle",wrestling,wrestling freestyle,men,freestyle,,,,,,super,,NO,NO,NO,super,freestyle | heavyweight,0,"[""men"", false, false, [""freestyle"", ""heavyweight""], [], [], [""super""]]",fuente2 | fuente3
2341,Biathlon Women's 10 kilometres Pursuit,,,,pursuit,,,,,,biathlon | kilometres,,NO,NO,NO,biathlon | kilometres,pursuit,0,"["""", false, false, [""pursuit""], [], [], [""biathlon"", ""kilometres""]]",
2342,Biathlon Women's 12.5 kilometres Mass Start,,,,,,,,,,biathlon | kilometres | mass | start,,NO,NO,NO,biathlon | kilometres | mass | start,,0,"["""", false, false, [], [], [], [""biathlon"", ""kilometres"", ""mass"", ""start""]]",
2343,Biathlon Women's 4 x 6 kilometres Relay,,,,relay,team,,,,,biathlon | kilometres | x,relay,NO,NO,NO,biathlon | kilometres | x,relay,0,"["""", false, false, [""relay""], [], [], [""biathlon"", ""kilometres"", ""x""]]",
2344,"Fencing Women's Sabre, Team",fencing,fencing,women,team,team,,,,,sabre,team,NO,NO,NO,sabre,team,0,"[""women"", false, false, [""team""], [], [], [""sabre""]]",fuente2 | fuente3
2345,Shooting Men's Double Trap,shooting,shooting,men,double,,,,,,trap,double,NO,NO,NO,trap,double,0,"[""men"", false, false, [""double""], [], [], [""trap""]]",fuente2 | fuente3
2346,Weightlifting Men's Bantamweight,,,,,,,,,,bantamweight | weightlifting,,NO,NO,NO,bantamweight | weightlifting,,0,"["""", false, false, [], [], [], [""bantamweight"", ""weightlifting""]]",
2347,Taekwondo Men's Heavyweight,,,,heavyweight,,,,,,taekwondo,,NO,NO,NO,taekwondo,heavyweight,0,"["""", false, false, [""heavyweight""], [], [], [""taekwondo""]]",
2348,Sailing Mixed Windsurfer,,,,mixed,,,,,,sailing | windsurfer,,NO,NO,YES,sailing | windsurfer,mixed,0,"["""", false, false, [""mixed""], [], [], [""sailing"", ""windsurfer""]]",
2349,Taekwondo Women's Welterweight,,,,,,,,,,taekwondo | welterweight,,NO,NO,NO,taekwondo | welterweight,,0,"["""", false, false, [], [], [], [""taekwondo"", ""welterweight""]]",
2350,"Shooting Mixed Free Rifle, Three Positions, 300 metres",,,,mixed,,,,,,free | metres | positions | rifle | shooting | three,,NO,NO,YES,free | metres | positions | rifle | shooting | three,mixed,0,"["""", false, false, [""mixed""], [], [], [""free"", ""metres"", ""positions"", ""rifle"", ""shooting"", ""three""]]",
2351,Skeleton Men's Skeleton,bobsleigh,skeleton,men,,,,,,,skeleton,,NO,NO,NO,skeleton,,1,"[""men"", false, false, [], [], [], [""skeleton""]]",fuente2
2352,Cycling Men's 50 kilometres,,,,,,,,,,cycling | kilometres,,NO,NO,NO,cycling | kilometres,,0,"["""", false, false, [], [], [], [""cycling"", ""kilometres""]]",
2353,"Shooting Mixed Rapid-Fire Pistol, 25 metres",,,,mixed,,,,,,fire | metres | pistol | rapid | shooting,,NO,NO,YES,fire | metres | pistol | rapid | shooting,mixed,0,"["""", false, false, [""mixed""], [], [], [""fire"", ""metres"", ""pistol"", ""rapid"", ""shooting""]]",
2354,Cycling Men's 333 metres Time Trial,,,,,,,,,,cycling | metres | time | trial,,NO,NO,NO,cycling | metres | time | trial,,0,"["""", false, false, [], [], [], [""cycling"", ""metres"", ""time"", ""trial""]]",
2355,Cycling Men's 20 kilometres,,,,,,,,,,cycling | kilometres,,NO,NO,NO,cycling | kilometres,,0,"["""", false, false, [], [], [], [""cycling"", ""kilometres""]]",
2356,"Canoeing Men's Kayak Singles, 10,000 metres",,,,singles,,individual,,,,canoeing | kayak | metres,singles,NO,NO,NO,canoeing | kayak | metres,singles,0,"["""", false, false, [""singles""], [], [], [""canoeing"", ""kayak"", ""metres""]]",
2357,Sailing Mixed Open,,,,mixed,,,,,,open | sailing,,NO,NO,YES,open | sailing,mixed,0,"["""", false, false, [""mixed""], [], [], [""open"", ""sailing""]]",
2358,Sailing Mixed 1-2 Ton,,,,mixed,,,,,,sailing | ton,,NO,NO,YES,sailing | ton,mixed,0,"["""", false, false, [""mixed""], [], [], [""sailing"", ""ton""]]",
2359,"Canoeing Men's Canadian Singles, Slalom",,,,singles,,individual,,,,canadian | canoeing | slalom,singles,NO,NO,NO,canadian | canoeing | slalom,singles,0,"["""", false, false, [""singles""], [], [], [""canadian"", ""canoeing"", ""slalom""]]",
2360,Luge Men's Singles,,,,singles,,individual,,,,luge,singles,NO,NO,NO,luge,singles,0,"["""", false, false, [""singles""], [], [], [""luge""]]",
2361,Luge Mixed (Men)'s Doubles,,,,mixed,,individual,,,,luge,doubles,NO,NO,YES,luge,doubles | mixed,0,"["""", false, false, [""doubles"", ""mixed""], [], [], [""luge""]]",
2362,Sailing Mixed Multihull,sailing,sailing,mixed,mixed,,,,,,multihull,,NO,NO,YES,multihull,mixed,0,"[""mixed"", false, false, [""mixed""], [], [], [""multihull""]]",fuente2 | fuente3
2363,Badminton Women's Doubles,badminton,badminton,women,doubles,,individual,,,,,doubles,NO,NO,NO,,doubles,0,"[""women"", false, false, [""doubles""], [], [], []]",fuente2 | fuente3
2364,"Speed Skating Women's 3,000 metres",,,,,,,,,,metres | skating | speed,,NO,NO,NO,metres | skating | speed,,0,"["""", false, false, [], [], [], [""metres"", ""skating"", ""speed""]]",
2365,Cross Country Skiing Women's 5/10 kilometres Pursuit,skiing,cross country skiing,women,pursuit,,,,,,kilometres,,NO,NO,NO,kilometres,pursuit,0,"[""women"", false, false, [""pursuit""], [], [], [""kilometres""]]",fuente2
2366,Cross Country Skiing Women's 4 x 5 kilometres Relay,skiing,cross country skiing,women,relay,team,,,,,kilometres | x,relay,NO,NO,NO,kilometres | x,relay,0,"[""women"", false, false, [""relay""], [], [], [""kilometres"", ""x""]]",fuente2
2367,Cross Country Skiing Women's 15 kilometres,,,,,,,,,,country | cross | kilometres | skiing,,NO,NO,NO,country | cross | kilometres | skiing,,0,"["""", false, false, [], [], [], [""country"", ""cross"", ""kilometres"", ""skiing""]]",
2368,Cross Country Skiing Women's 5/5 kilometres Pursuit,skiing,cross country skiing,women,pursuit,,,,,,kilometres,,NO,NO,NO,kilometres,pursuit,0,"[""women"", false, false, [""pursuit""], [], [], [""kilometres""]]",fuente2
2369,Diving Women's Synchronized Platform,aquatics,diving,women,,,,,,,platform | synchronized,,NO,NO,NO,platform | synchronized,,0,"[""women"", false, false, [], [], [], [""platform"", ""synchronized""]]",fuente2 | fuente3
2370,Athletics Women's Triple Jump,athletics,athletics,women,,,,,,,jump | triple,,NO,NO,NO,jump | triple,,0,"[""women"", false, false, [], [], [], [""jump"", ""triple""]]",fuente2 | fuente3
2371,Skeleton Women's Skeleton,bobsleigh,skeleton,women,,,,,,,skeleton,,NO,NO,NO,skeleton,,1,"[""women"", false, false, [], [], [], [""skeleton""]]",fuente2
2372,Bobsleigh Men's Four/Five,bobsleigh,bobsleigh,men,,,,,,,five | four,,NO,NO,NO,five | four,,0,"[""men"", false, false, [], [], [], [""five"", ""four""]]",fuente2
2373,"Art Competitions Mixed Painting, Drawings And Water Colors",,,,mixed,,,,,,and | art | colors | drawings | painting | water,,NO,NO,YES,and | art | colors | drawings | painting | water,mixed,0,"["""", false, false, [""mixed""], [], [], [""and"", ""art"", ""colors"", ""drawings"", ""painting"", ""water""]]",
2374,"Shooting Men's Dueling Pistol, 30 metres",shooting,shooting,men,,,,,,,dueling | metres | pistol,,NO,NO,NO,dueling | metres | pistol,,0,"[""men"", false, false, [], [], [], [""dueling"", ""metres"", ""pistol""]]",fuente2 | fuente3
2375,Boxing Women's Lightweight,,,,lightweight,,,,,,boxing,,NO,NO,NO,boxing,lightweight,0,"["""", false, false, [""lightweight""], [], [], [""boxing""]]",
2376,Cycling Women's BMX,,,,,,,,,,bmx | cycling,,NO,NO,NO,bmx | cycling,,0,"["""", false, false, [], [], [], [""bmx"", ""cycling""]]",
2377,"Canoeing Men's Kayak Doubles, 200 metres",,,,doubles,,individual,,,,canoeing | kayak | metres,doubles,NO,NO,NO,canoeing | kayak | metres,doubles,0,"["""", false, false, [""doubles""], [], [], [""canoeing"", ""kayak"", ""metres""]]",
2378,"Fencing Men's Sabre, Masters, Individual",fencing,fencing,men,individual,,individual,,,,masters | sabre,individual,NO,NO,NO,masters | sabre,individual,0,"[""men"", false, false, [""individual""], [], [], [""masters"", ""sabre""]]",fuente2 | fuente3
2379,Lacrosse Men's Lacrosse,lacrosse,lacrosse,men,,,,,,,,,NO,NO,NO,,,1,"[""men"", false, false, [], [], [], []]",fuente2 | fuente3
2380,"Canoeing Women's Kayak Singles, 500 metres",,,,singles,,individual,,,,canoeing | kayak | metres,singles,NO,NO,NO,canoeing | kayak | metres,singles,0,"["""", false, false, [""singles""], [], [], [""canoeing"", ""kayak"", ""metres""]]",
2381,Athletics Women's 10 kilometres Walk,,,,,,,,,,athletics | kilometres | walk,,NO,NO,NO,athletics | kilometres | walk,,0,"["""", false, false, [], [], [], [""athletics"", ""kilometres"", ""walk""]]",
2382,Sailing Mixed 12 metres,,,,mixed,,,,,,metres | sailing,,NO,NO,YES,metres | sailing,mixed,0,"["""", false, false, [""mixed""], [], [], [""metres"", ""sailing""]]",
2383,Judo Women's Extra-Lightweight,judo,judo,women,lightweight,,,,,,extra,,NO,NO,NO,extra,lightweight,0,"[""women"", false, false, [""lightweight""], [], [], [""extra""]]",fuente2 | fuente3
2384,Diving Men's Synchronized Springboard,aquatics,diving,men,,,,,,,springboard | synchronized,,NO,NO,NO,springboard | synchronized,,0,"[""men"", false, false, [], [], [], [""springboard"", ""synchronized""]]",fuente2 | fuente3
2385,"Rowing Men's Coxed Fours, Outriggers",rowing,rowing,men,coxed,,,,,coxed,fours | outriggers,,NO,NO,NO,fours | outriggers,coxed,0,"[""men"", false, false, [""coxed""], [], [], [""fours"", ""outriggers""]]",fuente2 | fuente3
2386,Gymnastics Men's Rope Climbing,,,,,,,,,,climbing | gymnastics | rope,,NO,NO,NO,climbing | gymnastics | rope,,0,"["""", false, false, [], [], [], [""climbing"", ""gymnastics"", ""rope""]]",
2387,Sailing Mixed Two Person Dinghy,sailing,sailing,mixed,mixed,,,,,,dinghy | person | two,,NO,NO,YES,dinghy | person | two,mixed,0,"[""mixed"", false, false, [""mixed""], [], [], [""dinghy"", ""person"", ""two""]]",fuente2 | fuente3
2388,"Art Competitions Mixed Architecture, Unknown Event",art competitions,art competitions,mixed,mixed,,,,,,architecture | unknown,,NO,NO,YES,architecture | unknown,mixed,0,"[""mixed"", false, false, [""mixed""], [], [], [""architecture"", ""unknown""]]",fuente2 | fuente3
2389,"Archery Men's Target Archery, 28 metres, Team",archery,archery,men,team,team,,,,,metres | target,team,NO,NO,NO,metres | target,team,1,"[""men"", false, false, [""team""], [], [], [""metres"", ""target""]]",fuente2 | fuente3
2390,"Archery Men's Target Archery, 33 metres, Team",archery,archery,men,team,team,,,,,metres | target,team,NO,NO,NO,metres | target,team,1,"[""men"", false, false, [""team""], [], [], [""metres"", ""target""]]",fuente2 | fuente3
2391,"Archery Men's Target Archery, 50 metres, Team",archery,archery,men,team,team,,,,,metres | target,team,NO,NO,NO,metres | target,team,1,"[""men"", false, false, [""team""], [], [], [""metres"", ""target""]]",fuente2 | fuente3
2392,"Short Track Speed Skating Women's 3,000 metres Relay",,,,relay,team,,,,,metres | short | skating | speed | track,relay,NO,NO,NO,metres | short | skating | speed | track,relay,0,"["""", false, false, [""relay""], [], [], [""metres"", ""short"", ""skating"", ""speed"", ""track""]]",
2393,Freestyle Skiing Women's Moguls,,,,freestyle,,,,,,moguls | skiing,,NO,NO,NO,moguls | skiing,freestyle,0,"["""", false, false, [""freestyle""], [], [], [""moguls"", ""skiing""]]",
2394,Short Track Speed Skating Men's 500 metres,skating,short track speed skating,men,,,,,,,metres,,NO,NO,NO,metres,,0,"[""men"", false, false, [], [], [], [""metres""]]",fuente2
2395,"Shooting Men's Running Target, 10 metres",,,,,,,,,,metres | running | shooting | target,,NO,NO,NO,metres | running | shooting | target,,0,"["""", false, false, [], [], [], [""metres"", ""running"", ""shooting"", ""target""]]",
2396,Polo Men's Polo,polo,polo,men,,,,,,,,,NO,NO,NO,,,1,"[""men"", false, false, [], [], [], []]",fuente2 | fuente3
2397,"Rowing Men's Coxed Fours, Inriggers",rowing,rowing,men,coxed,,,,,coxed,fours | inriggers,,NO,NO,NO,fours | inriggers,coxed,0,"[""men"", false, false, [""coxed""], [], [], [""fours"", ""inriggers""]]",fuente2 | fuente3
2398,Cycling Men's BMX,,,,,,,,,,bmx | cycling,,NO,NO,NO,bmx | cycling,,0,"["""", false, false, [], [], [], [""bmx"", ""cycling""]]",
2399,Art Competitions Mixed Sculpturing,art competitions,art competitions,mixed,mixed,,,,,,sculpturing,,NO,NO,YES,sculpturing,mixed,0,"[""mixed"", false, false, [""mixed""], [], [], [""sculpturing""]]",fuente2 | fuente3
2400,"Athletics Men's Cross-Country, Individual",,,,individual,,individual,,,,athletics | country | cross,individual,NO,NO,NO,athletics | country | cross,individual,0,"["""", false, false, [""individual""], [], [], [""athletics"", ""country"", ""cross""]]",
2401,"Athletics Men's Cross-Country, Team",,,,team,team,,,,,athletics | country | cross,team,NO,NO,NO,athletics | country | cross,team,0,"["""", false, false, [""team""], [], [], [""athletics"", ""country"", ""cross""]]",
2402,Sailing Mixed 40 metres,,,,mixed,,,,,,metres | sailing,,NO,NO,YES,metres | sailing,mixed,0,"["""", false, false, [""mixed""], [], [], [""metres"", ""sailing""]]",
2403,Cross Country Skiing Men's 10/10 kilometres Pursuit,skiing,cross country skiing,men,pursuit,,,,,,kilometres,,NO,NO,NO,kilometres,pursuit,0,"[""men"", false, false, [""pursuit""], [], [], [""kilometres""]]",fuente2
2404,"Ski Jumping Women's Normal Hill, Individual",,,,individual,,individual,,,,hill | jumping | normal | ski,individual,NO,NO,NO,hill | jumping | normal | ski,individual,0,"["""", false, false, [""individual""], [], [], [""hill"", ""jumping"", ""normal"", ""ski""]]",
2405,"Short Track Speed Skating Men's 1,000 metres",,,,,,,,,,metres | short | skating | speed | track,,NO,NO,NO,metres | short | skating | speed | track,,0,"["""", false, false, [], [], [], [""metres"", ""short"", ""skating"", ""speed"", ""track""]]",
2406,"Short Track Speed Skating Men's 1,500 metres",skating,short track speed skating,men,,,,,,,metres,,NO,NO,NO,metres,,0,"[""men"", false, false, [], [], [], [""metres""]]",fuente2
2407,Gymnastics Men's Club Swinging,,,,,,,,,,club | gymnastics | swinging,,NO,NO,NO,club | gymnastics | swinging,,0,"["""", false, false, [], [], [], [""club"", ""gymnastics"", ""swinging""]]",
2408,Tennis Women's Singles,tennis,tennis,women,singles,,individual,,,,,singles,NO,NO,NO,,singles,0,"[""women"", false, false, [""singles""], [], [], []]",fuente2 | fuente3
2409,Tennis Mixed Doubles,tennis,tennis,mixed,mixed,,individual,,,,,doubles,NO,NO,YES,,doubles | mixed,0,"[""mixed"", false, false, [""doubles"", ""mixed""], [], [], []]",fuente2 | fuente3
2410,Tennis Women's Doubles,tennis,tennis,women,doubles,,individual,,,,,doubles,NO,NO,NO,,doubles,0,"[""women"", false, false, [""doubles""], [], [], []]",fuente2 | fuente3
2411,Judo Women's Middleweight,judo,judo,women,,,,,,,middleweight,,NO,NO,NO,middleweight,,0,"[""women"", false, false, [], [], [], [""middleweight""]]",fuente2 | fuente3
2412,Judo Women's Lightweight,judo,judo,women,lightweight,,,,,,,,NO,NO,NO,,lightweight,0,"[""women"", false, false, [""lightweight""], [], [], []]",fuente2 | fuente3
2413,Cross Country Skiing Men's Team Sprint,skiing,cross country skiing,men,sprint,team,,,,,,team,NO,NO,NO,,sprint | team,0,"[""men"", false, false, [""sprint"", ""team""], [], [], []]",fuente2
2414,Snowboarding Women's Halfpipe,,,,,,,,,,halfpipe | snowboarding,,NO,NO,NO,halfpipe | snowboarding,,0,"["""", false, false, [], [], [], [""halfpipe"", ""snowboarding""]]",
2415,"Canoeing Women's Kayak Singles, 200 metres",,,,singles,,individual,,,,canoeing | kayak | metres,singles,NO,NO,NO,canoeing | kayak | metres,singles,0,"["""", false, false, [""singles""], [], [], [""canoeing"", ""kayak"", ""metres""]]",
2416,Canoeing Men's Kayak Relay 4 x 500 metres,,,,relay,team,,,,,canoeing | kayak | metres | x,relay,NO,NO,NO,canoeing | kayak | metres | x,relay,0,"["""", false, false, [""relay""], [], [], [""canoeing"", ""kayak"", ""metres"", ""x""]]",
2417,"Athletics Men's 3,000 metres, Team",,,,team,team,,,,,athletics | metres,team,NO,NO,NO,athletics | metres,team,0,"["""", false, false, [""team""], [], [], [""athletics"", ""metres""]]",
2418,Cross Country Skiing Women's Sprint,skiing,cross country skiing,women,sprint,,,,,,,,NO,NO,NO,,sprint,0,"[""women"", false, false, [""sprint""], [], [], []]",fuente2
2419,"Shooting Men's Small-Bore Rifle, Prone, 50 and 100 yards",shooting,shooting,men,,,,,,,and | bore | prone | rifle | small | yards,,NO,NO,NO,and | bore | prone | rifle | small | yards,,0,"[""men"", false, false, [], [], [], [""and"", ""bore"", ""prone"", ""rifle"", ""small"", ""yards""]]",fuente2 | fuente3
2420,"Shooting Men's Small-Bore Rifle, 50 and 100 yards, Team",shooting,shooting,men,team,team,,,,,and | bore | rifle | small | yards,team,NO,NO,NO,and | bore | rifle | small | yards,team,0,"[""men"", false, false, [""team""], [], [], [""and"", ""bore"", ""rifle"", ""small"", ""yards""]]",fuente2 | fuente3
2421,"Shooting Men's Small-Bore Rifle, Disappearing Target, 25 yards",shooting,shooting,men,,,,,,,bore | disappearing | rifle | small | target | yards,,NO,NO,NO,bore | disappearing | rifle | small | target | yards,,0,"[""men"", false, false, [], [], [], [""bore"", ""disappearing"", ""rifle"", ""small"", ""target"", ""yards""]]",fuente2 | fuente3
2422,"Shooting Men's Small-Bore Rifle, Moving Target, 25 yards",shooting,shooting,men,,,,,,,bore | moving | rifle | small | target | yards,,NO,NO,NO,bore | moving | rifle | small | target | yards,,0,"[""men"", false, false, [], [], [], [""bore"", ""moving"", ""rifle"", ""small"", ""target"", ""yards""]]",fuente2 | fuente3
2423,"Shooting Men's Military Pistol, Team",,,,team,team,,,,,military | pistol | shooting,team,NO,NO,NO,military | pistol | shooting,team,0,"["""", false, false, [""team""], [], [], [""military"", ""pistol"", ""shooting""]]",
2424,Rowing Women's Coxed Fours,,,,coxed,,,,,coxed,fours | rowing,,NO,NO,NO,fours | rowing,coxed,0,"["""", false, false, [""coxed""], [], [], [""fours"", ""rowing""]]",
2425,"Weightlifting Men's Unlimited, One Hand",,,,,,,,,,hand | one | unlimited | weightlifting,,NO,NO,NO,hand | one | unlimited | weightlifting,,0,"["""", false, false, [], [], [], [""hand"", ""one"", ""unlimited"", ""weightlifting""]]",
2426,"Canoeing Men's Canadian Singles, 500 metres",,,,singles,,individual,,,,canadian | canoeing | metres,singles,NO,NO,NO,canadian | canoeing | metres,singles,0,"["""", false, false, [""singles""], [], [], [""canadian"", ""canoeing"", ""metres""]]",
2427,"Fencing Men's Foil, Masters, Individual",fencing,fencing,men,individual,,individual,,,,foil | masters,individual,NO,NO,NO,foil | masters,individual,0,"[""men"", false, false, [""individual""], [], [], [""foil"", ""masters""]]",fuente2 | fuente3
2428,"Fencing Men's epee, Masters, Individual",fencing,fencing,men,individual,,individual,,,,epee | masters,individual,NO,NO,NO,epee | masters,individual,0,"[""men"", false, false, [""individual""], [], [], [""epee"", ""masters""]]",fuente2 | fuente3
2429,"Gymnastics Men's Individual All-Around, Field Sports",gymnastics,artistic gymnastics,men,individual,,individual,,,,all | around | field | sports,individual,NO,NO,NO,all | around | field | sports,individual,0,"[""men"", false, false, [""individual""], [], [], [""all"", ""around"", ""field"", ""sports""]]",fuente2 | fuente3
2430,"Gymnastics Men's Individual All-Around, Apparatus Work",gymnastics,artistic gymnastics,men,individual,,individual,,,,all | apparatus | around | work,individual,NO,NO,NO,all | apparatus | around | work,individual,0,"[""men"", false, false, [""individual""], [], [], [""all"", ""apparatus"", ""around"", ""work""]]",fuente2 | fuente3
2431,"Art Competitions Mixed Music, Compositions For Solo Or Chorus",,,,mixed,,,,,,art | chorus | compositions | for | music | or | solo,,NO,NO,YES,art | chorus | compositions | for | music | or | solo,mixed,0,"["""", false, false, [""mixed""], [], [], [""art"", ""chorus"", ""compositions"", ""for"", ""music"", ""or"", ""solo""]]",
2432,"Fencing Women's epee, Team",fencing,fencing,women,team,team,,,,,epee,team,NO,NO,NO,epee,team,0,"[""women"", false, false, [""team""], [], [], [""epee""]]",fuente2 | fuente3
2433,"Swimming Men's 4,000 metres Freestyle",,,,freestyle,,,,,,metres | swimming,,NO,NO,NO,metres | swimming,freestyle,0,"["""", false, false, [""freestyle""], [], [], [""metres"", ""swimming""]]",
2434,Swimming Men's Underwater Swimming,aquatics,swimming,men,,,,,,,swimming | underwater,,NO,NO,NO,swimming | underwater,,1,"[""men"", false, false, [], [], [], [""swimming"", ""underwater""]]",fuente2 | fuente3
2435,Sailing Mixed Skiff,,,,mixed,,,,,,sailing | skiff,,NO,NO,YES,sailing | skiff,mixed,0,"["""", false, false, [""mixed""], [], [], [""sailing"", ""skiff""]]",
2436,"Shooting Men's Military Rifle, 200/500/600/800/900/1,000 Yards, Team",shooting,shooting,men,team,team,,,,,military | rifle | yards,team,NO,NO,NO,military | rifle | yards,team,0,"[""men"", false, false, [""team""], [], [], [""military"", ""rifle"", ""yards""]]",fuente2 | fuente3
2437,"Shooting Men's Running Target, Single And Double Shot",shooting,shooting,men,double,,,,,,and | running | target,double | single,NO,NO,NO,and | running | target,double | shot | single,0,"[""men"", false, false, [""double"", ""shot"", ""single""], [], [], [""and"", ""running"", ""target""]]",fuente2 | fuente3
2438,"Shooting Men's Small-Bore Rifle, Any Position, 50 metres",shooting,shooting,men,,,,,,,any | bore | metres | position | rifle | small,,NO,NO,NO,any | bore | metres | position | rifle | small,,0,"[""men"", false, false, [], [], [], [""any"", ""bore"", ""metres"", ""position"", ""rifle"", ""small""]]",fuente2 | fuente3
2439,"Shooting Men's Small-Bore Rifle, Disappearing Target, 25 metres",shooting,shooting,men,,,,,,,bore | disappearing | metres | rifle | small | target,,NO,NO,NO,bore | disappearing | metres | rifle | small | target,,0,"[""men"", false, false, [], [], [], [""bore"", ""disappearing"", ""metres"", ""rifle"", ""small"", ""target""]]",fuente2 | fuente3
2440,Swimming Women's 10 kilometres Open Water,,,,,,,,,,kilometres | open | swimming | water,,NO,NO,NO,kilometres | open | swimming | water,,0,"["""", false, false, [], [], [], [""kilometres"", ""open"", ""swimming"", ""water""]]",
2441,Snowboarding Women's Slopestyle,,,,,,,,,,slopestyle | snowboarding,,NO,NO,NO,slopestyle | snowboarding,,0,"["""", false, false, [], [], [], [""slopestyle"", ""snowboarding""]]",
2442,Snowboarding Men's Giant Slalom,skiing,snowboard,men,,,,,,,giant | slalom | snowboarding,,NO,NO,NO,giant | slalom | snowboarding,,0,"[""men"", false, false, [], [], [], [""giant"", ""slalom"", ""snowboarding""]]",fuente2
2443,Snowboarding Men's Parallel Giant Slalom,skiing,snowboard,men,,,,,,,giant | parallel | slalom | snowboarding,,NO,NO,NO,giant | parallel | slalom | snowboarding,,0,"[""men"", false, false, [], [], [], [""giant"", ""parallel"", ""slalom"", ""snowboarding""]]",fuente2
2444,Snowboarding Men's Boardercross,,,,,,,,,,boardercross | snowboarding,,NO,NO,NO,boardercross | snowboarding,,0,"["""", false, false, [], [], [], [""boardercross"", ""snowboarding""]]",
2445,Snowboarding Men's Parallel Slalom,skiing,snowboard,men,,,,,,,parallel | slalom | snowboarding,,NO,NO,NO,parallel | slalom | snowboarding,,0,"[""men"", false, false, [], [], [], [""parallel"", ""slalom"", ""snowboarding""]]",fuente2
2446,"Cycling Men's Team Pursuit, 1,980 yards",,,,pursuit,team,,,,,cycling | yards,team,NO,NO,NO,cycling | yards,pursuit | team,0,"["""", false, false, [""pursuit"", ""team""], [], [], [""cycling"", ""yards""]]",
2447,"Cycling Men's 5,000 metres",,,,,,,,,,cycling | metres,,NO,NO,NO,cycling | metres,,0,"["""", false, false, [], [], [], [""cycling"", ""metres""]]",
2448,Cycling Men's 100 kilometres,,,,,,,,,,cycling | kilometres,,NO,NO,NO,cycling | kilometres,,0,"["""", false, false, [], [], [], [""cycling"", ""kilometres""]]",
2449,Cricket Men's Cricket,cricket,cricket,men,,,,,,,,,NO,NO,NO,,,1,"[""men"", false, false, [], [], [], []]",fuente2 | fuente3
2450,"Canoeing Men's Canadian Singles, 10,000 metres",,,,singles,,individual,,,,canadian | canoeing | metres,singles,NO,NO,NO,canadian | canoeing | metres,singles,0,"["""", false, false, [""singles""], [], [], [""canadian"", ""canoeing"", ""metres""]]",
2451,Cross Country Skiing Women's Team Sprint,skiing,cross country skiing,women,sprint,team,,,,,,team,NO,NO,NO,,sprint | team,0,"[""women"", false, false, [""sprint"", ""team""], [], [], []]",fuente2
2452,Boxing Women's Middleweight,,,,,,,,,,boxing | middleweight,,NO,NO,NO,boxing | middleweight,,0,"["""", false, false, [], [], [], [""boxing"", ""middleweight""]]",
2453,Sailing Men's Skiff,sailing,sailing,men,,,,,,,skiff,,NO,NO,NO,skiff,,0,"[""men"", false, false, [], [], [], [""skiff""]]",fuente2 | fuente3
2454,Athletics Men's Pentathlon,athletics,athletics,men,,,,,,,pentathlon,,NO,NO,NO,pentathlon,,0,"[""men"", false, false, [], [], [], [""pentathlon""]]",fuente2 | fuente3
2455,"Swimming Men's 1,200 metres Freestyle",aquatics,swimming,men,freestyle,,,,,,metres,,NO,NO,NO,metres,freestyle,0,"[""men"", false, false, [""freestyle""], [], [], [""metres""]]",fuente2 | fuente3
2456,Shooting Women's Skeet,,,,,,,,,,shooting | skeet,,NO,NO,NO,shooting | skeet,,0,"["""", false, false, [], [], [], [""shooting"", ""skeet""]]",
2457,Biathlon Men's 15 kilometres Mass Start,,,,,,,,,,biathlon | kilometres | mass | start,,NO,NO,NO,biathlon | kilometres | mass | start,,0,"["""", false, false, [], [], [], [""biathlon"", ""kilometres"", ""mass"", ""start""]]",
2458,Cross Country Skiing Men's 30 km Skiathlon,,,,,,,30 km,,,country | cross | skiathlon | skiing,,NO,NO,NO,country | cross | skiathlon | skiing,,0,"["""", false, false, [], [""30 km""], [], [""country"", ""cross"", ""skiathlon"", ""skiing""]]",
2459,Cycling Men's 1/4 mile,cycling,cycling track,men,,,,,,,mile,,NO,NO,NO,mile,,0,"[""men"", false, false, [], [], [], [""mile""]]",fuente2 | fuente3
2460,Cycling Men's 1/2 mile,cycling,cycling track,men,,,,,,,mile,,NO,NO,NO,mile,,0,"[""men"", false, false, [], [], [], [""mile""]]",fuente2 | fuente3
2461,Cycling Men's 5 mile,,,,,,,,,,cycling | mile,,NO,NO,NO,cycling | mile,,0,"["""", false, false, [], [], [], [""cycling"", ""mile""]]",
2462,Cycling Men's 25 mile,,,,,,,,,,cycling | mile,,NO,NO,NO,cycling | mile,,0,"["""", false, false, [], [], [], [""cycling"", ""mile""]]",
2463,"Shooting Men's Small-Bore Rifle, Standing, 50 metres",shooting,shooting,men,,,,,,,bore | metres | rifle | small | standing,,NO,NO,NO,bore | metres | rifle | small | standing,,0,"[""men"", false, false, [], [], [], [""bore"", ""metres"", ""rifle"", ""small"", ""standing""]]",fuente2 | fuente3
2464,"Shooting Men's Small Bore-Rifle, Standing, 50 metres, Team",shooting,shooting,men,team,team,,,,,bore | metres | rifle | small | standing,team,NO,NO,NO,bore | metres | rifle | small | standing,team,0,"[""men"", false, false, [""team""], [], [], [""bore"", ""metres"", ""rifle"", ""small"", ""standing""]]",fuente2 | fuente3
2465,Speed Skating Men's Team Pursuit (8 laps),,,,pursuit,team,,,,,laps | skating | speed,team,NO,NO,NO,laps | skating | speed,pursuit | team,0,"["""", false, false, [""pursuit"", ""team""], [], [], [""laps"", ""skating"", ""speed""]]",
2466,"Shooting Men's Free Rifle, 1,000 Yards",,,,,,,,,,free | rifle | shooting | yards,,NO,NO,NO,free | rifle | shooting | yards,,0,"["""", false, false, [], [], [], [""free"", ""rifle"", ""shooting"", ""yards""]]",
2467,Cycling Women's Team Pursuit,cycling,cycling track,women,pursuit,team,,,,,,team,NO,NO,NO,,pursuit | team,0,"[""women"", false, false, [""pursuit"", ""team""], [], [], []]",fuente2 | fuente3
2468,"Speed Skating Women's 5,000 metres",,,,,,,,,,metres | skating | speed,,NO,NO,NO,metres | skating | speed,,0,"["""", false, false, [], [], [], [""metres"", ""skating"", ""speed""]]",
2469,"Athletics Men's 3,000 metres Walk",,,,,,,,,,athletics | metres | walk,,NO,NO,NO,athletics | metres | walk,,0,"["""", false, false, [], [], [], [""athletics"", ""metres"", ""walk""]]",
2470,Snowboarding Women's Boardercross,,,,,,,,,,boardercross | snowboarding,,NO,NO,NO,boardercross | snowboarding,,0,"["""", false, false, [], [], [], [""boardercross"", ""snowboarding""]]",
2471,"Shooting Mixed Running Target, 50 metres",,,,mixed,,,,,,metres | running | shooting | target,,NO,NO,YES,metres | running | shooting | target,mixed,0,"["""", false, false, [""mixed""], [], [], [""metres"", ""running"", ""shooting"", ""target""]]",
2472,Luge Mixed Team Relay,,,,mixed,team,,,,,luge,relay | team,NO,NO,YES,luge,mixed | relay | team,0,"["""", false, false, [""mixed"", ""relay"", ""team""], [], [], [""luge""]]",
2473,Cycling Women's Individual Time Trial,cycling,cycling road,women,individual,,individual,,,,time | trial,individual,NO,NO,NO,time | trial,individual,0,"[""women"", false, false, [""individual""], [], [], [""time"", ""trial""]]",fuente2 | fuente3
2474,"Fencing Women's Sabre, Individual",fencing,fencing,women,individual,,individual,,,,sabre,individual,NO,NO,NO,sabre,individual,0,"[""women"", false, false, [""individual""], [], [], [""sabre""]]",fuente2 | fuente3
2475,"Fencing Men's Sabre, Individual, Three Hits",fencing,fencing,men,individual,,individual,,,,hits | sabre | three,individual,NO,NO,NO,hits | sabre | three,individual,0,"[""men"", false, false, [""individual""], [], [], [""hits"", ""sabre"", ""three""]]",fuente2 | fuente3
2476,Archery Women's Double National Round,,,,double,,,,,,archery | national | round,double,NO,NO,NO,archery | national | round,double,0,"["""", false, false, [""double""], [], [], [""archery"", ""national"", ""round""]]",
2477,Cycling Men's Omnium,cycling,cycling track,men,,,,,,,omnium,,NO,NO,NO,omnium,,0,"[""men"", false, false, [], [], [], [""omnium""]]",fuente2 | fuente3
2478,Equestrianism Mixed Hacks And Hunter Combined,,,,mixed,,,,,,and | equestrianism | hacks | hunter,,NO,NO,YES,and | equestrianism | hacks | hunter,combined | mixed,0,"["""", false, false, [""combined"", ""mixed""], [], [], [""and"", ""equestrianism"", ""hacks"", ""hunter""]]",
2479,Sailing Mixed 10 metres,,,,mixed,,,,,,metres | sailing,,NO,NO,YES,metres | sailing,mixed,0,"["""", false, false, [""mixed""], [], [], [""metres"", ""sailing""]]",
2480,"Shooting Men's Trap, Team",shooting,shooting,men,team,team,,,,,trap,team,NO,NO,NO,trap,team,0,"[""men"", false, false, [""team""], [], [], [""trap""]]",fuente2 | fuente3
2481,"Cycling Women's Individual Pursuit, 3,000 metres",,,,individual,,individual,,,,cycling | metres,individual,NO,NO,NO,cycling | metres,individual | pursuit,0,"["""", false, false, [""individual"", ""pursuit""], [], [], [""cycling"", ""metres""]]",
2482,Cycling Women's Points Race,,,,,,,,,,cycling | points | race,,NO,NO,NO,cycling | points | race,,0,"["""", false, false, [], [], [], [""cycling"", ""points"", ""race""]]",
2483,Sailing Men's Two Person Keelboat,,,,,,,,,,keelboat | person | sailing | two,,NO,NO,NO,keelboat | person | sailing | two,,0,"["""", false, false, [], [], [], [""keelboat"", ""person"", ""sailing"", ""two""]]",
2484,Cycling Men's Keirin,cycling,cycling track,men,,,,,,,keirin,,NO,NO,NO,keirin,,0,"[""men"", false, false, [], [], [], [""keirin""]]",fuente2 | fuente3
2485,Cycling Men's Team Sprint,cycling,cycling track,men,sprint,team,,,,,,team,NO,NO,NO,,sprint | team,0,"[""men"", false, false, [""sprint"", ""team""], [], [], []]",fuente2 | fuente3
2486,Athletics Men's 5 mile,,,,,,,,,,athletics | mile,,NO,NO,NO,athletics | mile,,0,"["""", false, false, [], [], [], [""athletics"", ""mile""]]",
2487,"Shooting Men's Running Target, Single Shot, Team",shooting,shooting,men,shot,team,,,,,running | target,single | team,NO,NO,NO,running | target,shot | single | team,0,"[""men"", false, false, [""shot"", ""single"", ""team""], [], [], [""running"", ""target""]]",fuente2 | fuente3
2488,Bobsleigh Women's Two,,,,,,,,,,bobsleigh | two,,NO,NO,NO,bobsleigh | two,,0,"["""", false, false, [], [], [], [""bobsleigh"", ""two""]]",
2489,Racquets Men's Singles,,,,singles,,individual,,,,racquets,singles,NO,NO,NO,racquets,singles,0,"["""", false, false, [""singles""], [], [], [""racquets""]]",
2490,Racquets Men's Doubles,,,,doubles,,individual,,,,racquets,doubles,NO,NO,NO,racquets,doubles,0,"["""", false, false, [""doubles""], [], [], [""racquets""]]",
2491,"Art Competitions Mixed Literature, Lyric Works",art competitions,art competitions,mixed,mixed,,,,,,literature | lyric | works,,NO,NO,YES,literature | lyric | works,mixed,0,"[""mixed"", false, false, [""mixed""], [], [], [""literature"", ""lyric"", ""works""]]",fuente2 | fuente3
2492,Motorboating Mixed A-Class (Open),,,,mixed,,,,,,a | class | motorboating | open,,NO,NO,YES,a | class | motorboating | open,mixed,0,"["""", false, false, [""mixed""], [], [], [""a"", ""class"", ""motorboating"", ""open""]]",
2493,Archery Men's Continental Style,,,,,,,,,,archery | continental | style,,NO,NO,NO,archery | continental | style,,0,"["""", false, false, [], [], [], [""archery"", ""continental"", ""style""]]",
2494,Military Ski Patrol Men's Military Ski Patrol,skiing,military ski patrol,men,,,,,,,military | patrol | ski,,NO,NO,NO,military | patrol | ski,,3,"[""men"", false, false, [], [], [], [""military"", ""patrol"", ""ski""]]",fuente2
2495,"Art Competitions Mixed Painting, Graphic Arts",art competitions,art competitions,mixed,mixed,,,,,,arts | graphic | painting,,NO,NO,YES,arts | graphic | painting,mixed,0,"[""mixed"", false, false, [""mixed""], [], [], [""arts"", ""graphic"", ""painting""]]",fuente2 | fuente3
2496,"Wrestling Women's Flyweight, Freestyle",,,,freestyle,,,,,,flyweight | wrestling,,NO,NO,NO,flyweight | wrestling,freestyle,0,"["""", false, false, [""freestyle""], [], [], [""flyweight"", ""wrestling""]]",
2497,"Art Competitions Mixed Literature, Unknown Event",art competitions,art competitions,mixed,mixed,,,,,,literature | unknown,,NO,NO,YES,literature | unknown,mixed,0,"[""mixed"", false, false, [""mixed""], [], [], [""literature"", ""unknown""]]",fuente2 | fuente3
2498,Sailing Mixed 0.5-1 Ton,sailing,sailing,mixed,mixed,,,,,,ton,,NO,NO,YES,ton,mixed,0,"[""mixed"", false, false, [""mixed""], [], [], [""ton""]]",fuente2 | fuente3
2499,"Art Competitions Mixed Painting, Applied Arts",art competitions,art competitions,mixed,mixed,,,,,,applied | arts | painting,,NO,NO,YES,applied | arts | painting,mixed,0,"[""mixed"", false, false, [""mixed""], [], [], [""applied"", ""arts"", ""painting""]]",fuente2 | fuente3
2500,"Croquet Mixed Singles, One Ball",,,,mixed,,individual,,,,ball | croquet | one,singles,NO,NO,YES,ball | croquet | one,mixed | singles,0,"["""", false, false, [""mixed"", ""singles""], [], [], [""ball"", ""croquet"", ""one""]]",
2501,Croquet Mixed Doubles,,,,mixed,,individual,,,,croquet,doubles,NO,NO,YES,croquet,doubles | mixed,0,"["""", false, false, [""doubles"", ""mixed""], [], [], [""croquet""]]",
2502,"Shooting Men's Running Target, Double Shot, Team",shooting,shooting,men,double,team,,,,,running | target,double | team,NO,NO,NO,running | target,double | shot | team,0,"[""men"", false, false, [""double"", ""shot"", ""team""], [], [], [""running"", ""target""]]",fuente2 | fuente3
2503,"Shooting Men's Free Pistol, 50 yards",shooting,shooting,men,,,,,,,free | pistol | yards,,NO,NO,NO,free | pistol | yards,,0,"[""men"", false, false, [], [], [], [""free"", ""pistol"", ""yards""]]",fuente2 | fuente3
2504,"Shooting Men's Free Pistol, 50 yards, Team",shooting,shooting,men,team,team,,,,,free | pistol | yards,team,NO,NO,NO,free | pistol | yards,team,0,"[""men"", false, false, [""team""], [], [], [""free"", ""pistol"", ""yards""]]",fuente2 | fuente3
2505,"Fencing Men's epee, Masters and Amateurs, Individual",fencing,fencing,men,individual,,individual,,,,amateurs | and | epee | masters,individual,NO,NO,NO,amateurs | and | epee | masters,individual,0,"[""men"", false, false, [""individual""], [], [], [""amateurs"", ""and"", ""epee"", ""masters""]]",fuente2 | fuente3
2506,Swimming Men's 10 kilometres Open Water,,,,,,,,,,kilometres | open | swimming | water,,NO,NO,NO,kilometres | open | swimming | water,,0,"["""", false, false, [], [], [], [""kilometres"", ""open"", ""swimming"", ""water""]]",
2507,"Art Competitions Mixed Music, Compositions For Orchestra",,,,mixed,,,,,,art | compositions | for | music | orchestra,,NO,NO,YES,art | compositions | for | music | orchestra,mixed,0,"["""", false, false, [""mixed""], [], [], [""art"", ""compositions"", ""for"", ""music"", ""orchestra""]]",
2508,Archery Men's Double York Round,,,,double,,,,,,archery | round | york,double,NO,NO,NO,archery | round | york,double,0,"["""", false, false, [""double""], [], [], [""archery"", ""round"", ""york""]]",
2509,"Wrestling Women's Middleweight, Freestyle",,,,freestyle,,,,,,middleweight | wrestling,,NO,NO,NO,middleweight | wrestling,freestyle,0,"["""", false, false, [""freestyle""], [], [], [""middleweight"", ""wrestling""]]",
2510,"Equestrianism Men's Vaulting, Individual",,,,individual,,individual,,,,equestrianism | vaulting,individual,NO,NO,NO,equestrianism | vaulting,individual,0,"["""", false, false, [""individual""], [], [], [""equestrianism"", ""vaulting""]]",
2511,Swimming Men's 4 x 250 metres Freestyle Relay,,,,freestyle,team,,,,,metres | swimming | x,relay,NO,NO,NO,metres | swimming | x,freestyle | relay,0,"["""", false, false, [""freestyle"", ""relay""], [], [], [""metres"", ""swimming"", ""x""]]",
2512,Freestyle Skiing Women's Slopestyle,,,,freestyle,,,,,,skiing | slopestyle,,NO,NO,NO,skiing | slopestyle,freestyle,0,"["""", false, false, [""freestyle""], [], [], [""skiing"", ""slopestyle""]]",
2513,Table Tennis Women's Team,,,,team,team,,,,,table | tennis,team,NO,NO,NO,table | tennis,team,0,"["""", false, false, [""team""], [], [], [""table"", ""tennis""]]",
2514,Athletics Women's Hammer Throw,athletics,athletics,women,,,,,,,hammer | throw,,NO,NO,NO,hammer | throw,,0,"[""women"", false, false, [], [], [], [""hammer"", ""throw""]]",fuente2 | fuente3
2515,"Canoeing Men's Kayak Singles, 200 metres",,,,singles,,individual,,,,canoeing | kayak | metres,singles,NO,NO,NO,canoeing | kayak | metres,singles,0,"["""", false, false, [""singles""], [], [], [""canoeing"", ""kayak"", ""metres""]]",
2516,Short Track Speed Skating Women's 500 metres,skating,short track speed skating,women,,,,,,,metres,,NO,NO,NO,metres,,0,"[""women"", false, false, [], [], [], [""metres""]]",fuente2
2517,Shooting Women's Double Trap,shooting,shooting,women,double,,,,,,trap,double,NO,NO,NO,trap,double,0,"[""women"", false, false, [""double""], [], [], [""trap""]]",fuente2 | fuente3
2518,Rowing Men's 6-Man Naval Rowing Boats,,,,,,,,,,boats | man | naval | rowing | rowing,,NO,NO,NO,boats | man | naval | rowing | rowing,,0,"["""", false, false, [], [], [], [""boats"", ""man"", ""naval"", ""rowing"", ""rowing""]]",
2519,Art Competitions Mixed Music,art competitions,art competitions,mixed,mixed,,,,,,music,,NO,NO,YES,music,mixed,0,"[""mixed"", false, false, [""mixed""], [], [], [""music""]]",fuente2 | fuente3
2520,"Shooting Men's Free Rifle, Kneeling, 300 metres",,,,,,,,,,free | kneeling | metres | rifle | shooting,,NO,NO,NO,free | kneeling | metres | rifle | shooting,,0,"["""", false, false, [], [], [], [""free"", ""kneeling"", ""metres"", ""rifle"", ""shooting""]]",
2521,"Shooting Men's Free Rifle, Prone, 300 metres",,,,,,,,,,free | metres | prone | rifle | shooting,,NO,NO,NO,free | metres | prone | rifle | shooting,,0,"["""", false, false, [], [], [], [""free"", ""metres"", ""prone"", ""rifle"", ""shooting""]]",
2522,"Shooting Men's Free Rifle, Standing, 300 metres",,,,,,,,,,free | metres | rifle | shooting | standing,,NO,NO,NO,free | metres | rifle | shooting | standing,,0,"["""", false, false, [], [], [], [""free"", ""metres"", ""rifle"", ""shooting"", ""standing""]]",
2523,"Short Track Speed Skating Women's 1,000 metres",,,,,,,,,,metres | short | skating | speed | track,,NO,NO,NO,metres | short | skating | speed | track,,0,"["""", false, false, [], [], [], [""metres"", ""short"", ""skating"", ""speed"", ""track""]]",
2524,"Athletics Men's 3,200 metres Steeplechase",athletics,athletics,men,,,,,,,metres | steeplechase,,NO,NO,NO,metres | steeplechase,,0,"[""men"", false, false, [], [], [], [""metres"", ""steeplechase""]]",fuente2 | fuente3
2525,Rowing Women's Coxless Fours,,,,coxless,,,,,coxless,fours | rowing,,NO,NO,NO,fours | rowing,coxless,0,"["""", false, false, [""coxless""], [], [], [""fours"", ""rowing""]]",
2526,Freestyle Skiing Women's Ski Cross,,,,freestyle,,,,,,cross | ski | skiing,,NO,NO,NO,cross | ski | skiing,freestyle,0,"["""", false, false, [""freestyle""], [], [], [""cross"", ""ski"", ""skiing""]]",
2527,Freestyle Skiing Men's Ski Cross,,,,freestyle,,,,,,cross | ski | skiing,,NO,NO,NO,cross | ski | skiing,freestyle,0,"["""", false, false, [""freestyle""], [], [], [""cross"", ""ski"", ""skiing""]]",
2528,"Tennis Men's Doubles, Covered Courts",tennis,tennis,men,doubles,,individual,,,,courts | covered,doubles,NO,NO,NO,courts | covered,doubles,0,"[""men"", false, false, [""doubles""], [], [], [""courts"", ""covered""]]",fuente2 | fuente3
2529,"Tennis Men's Singles, Covered Courts",tennis,tennis,men,singles,,individual,,,,courts | covered,singles,NO,NO,NO,courts | covered,singles,0,"[""men"", false, false, [""singles""], [], [], [""courts"", ""covered""]]",fuente2 | fuente3
2530,Cycling Men's 25 kilometres,,,,,,,,,,cycling | kilometres,,NO,NO,NO,cycling | kilometres,,0,"["""", false, false, [], [], [], [""cycling"", ""kilometres""]]",
2531,"Nordic Combined Men's Normal Hill / 10 km, Individual",skiing,nordic combined,men,combined,,individual,10 km,,,hill | normal,individual,NO,NO,NO,hill | normal,combined | individual,0,"[""men"", false, false, [""combined"", ""individual""], [""10 km""], [], [""hill"", ""normal""]]",fuente2
2532,"Nordic Combined Men's Large Hill / 10 km, Individual",skiing,nordic combined,men,combined,,individual,10 km,,,hill | large,individual,NO,NO,NO,hill | large,combined | individual,0,"[""men"", false, false, [""combined"", ""individual""], [""10 km""], [], [""hill"", ""large""]]",fuente2
2533,"Shooting Men's Military Rifle, 200 metres",shooting,shooting,men,,,,,,,metres | military | rifle,,NO,NO,NO,metres | military | rifle,,0,"[""men"", false, false, [], [], [], [""metres"", ""military"", ""rifle""]]",fuente2 | fuente3
2534,"Short Track Speed Skating Women's 1,500 metres",skating,short track speed skating,women,,,,,,,metres,,NO,NO,NO,metres,,0,"[""women"", false, false, [], [], [], [""metres""]]",fuente2
2535,Athletics Men's Standing Triple Jump,athletics,athletics,men,,,,,,,jump | standing | triple,,NO,NO,NO,jump | standing | triple,,0,"[""men"", false, false, [], [], [], [""jump"", ""standing"", ""triple""]]",fuente2 | fuente3
2536,Rowing Men's Coxed Pairs (1 kilometres),rowing,rowing,men,coxed,,,,,coxed,kilometres | pairs,,NO,NO,NO,kilometres | pairs,coxed,0,"[""men"", false, false, [""coxed""], [], [], [""kilometres"", ""pairs""]]",fuente2 | fuente3
2537,"Shooting Men's Military Pistol, 30 metres",,,,,,,,,,metres | military | pistol | shooting,,NO,NO,NO,metres | military | pistol | shooting,,0,"["""", false, false, [], [], [], [""metres"", ""military"", ""pistol"", ""shooting""]]",
2538,Cycling Women's Keirin,cycling,cycling track,women,,,,,,,keirin,,NO,NO,NO,keirin,,0,"[""women"", false, false, [], [], [], [""keirin""]]",fuente2 | fuente3
2539,"Archery Men's Au Cordon Dore, 50 metres",,,,,,,,,,archery | au | cordon | dore | metres,,NO,NO,NO,archery | au | cordon | dore | metres,,0,"["""", false, false, [], [], [], [""archery"", ""au"", ""cordon"", ""dore"", ""metres""]]",
2540,Swimming Women's 300 metres Freestyle,,,,freestyle,,,,,,metres | swimming,,NO,NO,NO,metres | swimming,freestyle,0,"["""", false, false, [""freestyle""], [], [], [""metres"", ""swimming""]]",
2541,Snowboarding Women's Giant Slalom,skiing,snowboard,women,,,,,,,giant | slalom | snowboarding,,NO,NO,NO,giant | slalom | snowboarding,,0,"[""women"", false, false, [], [], [], [""giant"", ""slalom"", ""snowboarding""]]",fuente2
2542,"Canoeing Men's Canadian Singles, 200 metres",,,,singles,,individual,,,,canadian | canoeing | metres,singles,NO,NO,NO,canadian | canoeing | metres,singles,0,"["""", false, false, [""singles""], [], [], [""canadian"", ""canoeing"", ""metres""]]",
2543,Sailing Mixed 30 metres,,,,mixed,,,,,,metres | sailing,,NO,NO,YES,metres | sailing,mixed,0,"["""", false, false, [""mixed""], [], [], [""metres"", ""sailing""]]",
2544,"Athletics Men's 4,000 metres Steeplechase",,,,,,,,,,athletics | metres | steeplechase,,NO,NO,NO,athletics | metres | steeplechase,,0,"["""", false, false, [], [], [], [""athletics"", ""metres"", ""steeplechase""]]",
2545,"Athletics Men's 5,000 metres, Team",athletics,athletics,men,team,team,,,,,metres,team,NO,NO,NO,metres,team,0,"[""men"", false, false, [""team""], [], [], [""metres""]]",fuente2 | fuente3
2546,Snowboarding Men's Slopestyle,,,,,,,,,,slopestyle | snowboarding,,NO,NO,NO,slopestyle | snowboarding,,0,"["""", false, false, [], [], [], [""slopestyle"", ""snowboarding""]]",
2547,Rowing Men's Coxed Pairs (1 mile),rowing,rowing,men,coxed,,,,,coxed,mile | pairs,,NO,NO,NO,mile | pairs,coxed,0,"[""men"", false, false, [""coxed""], [], [], [""mile"", ""pairs""]]",fuente2 | fuente3
2548,Art Competitions Mixed Unknown Event,art competitions,art competitions,mixed,mixed,,,,,,unknown,,NO,NO,YES,unknown,mixed,0,"[""mixed"", false, false, [""mixed""], [], [], [""unknown""]]",fuente2 | fuente3
2549,Cycling Women's Omnium,cycling,cycling track,women,,,,,,,omnium,,NO,NO,NO,omnium,,0,"[""women"", false, false, [], [], [], [""omnium""]]",fuente2 | fuente3
2550,Freestyle Skiing Men's Halfpipe,,,,freestyle,,,,,,halfpipe | skiing,,NO,NO,NO,halfpipe | skiing,freestyle,0,"["""", false, false, [""freestyle""], [], [], [""halfpipe"", ""skiing""]]",
2551,Swimming Men's 200 metres Obstacle Course,,,,,,,,,,course | metres | obstacle | swimming,,NO,NO,NO,course | metres | obstacle | swimming,,0,"["""", false, false, [], [], [], [""course"", ""metres"", ""obstacle"", ""swimming""]]",
2552,Swimming Men's 200 metres Team Swimming,aquatics,swimming,men,team,team,,,,,metres | swimming,team,NO,NO,NO,metres | swimming,team,1,"[""men"", false, false, [""team""], [], [], [""metres"", ""swimming""]]",fuente2 | fuente3
2553,Sailing Mixed 12 foot,,,,mixed,,,,,,foot | sailing,,NO,NO,YES,foot | sailing,mixed,0,"["""", false, false, [""mixed""], [], [], [""foot"", ""sailing""]]",
2554,"Art Competitions Mixed Music, Instrumental And Chamber",,,,mixed,,,,,,and | art | chamber | instrumental | music,,NO,NO,YES,and | art | chamber | instrumental | music,mixed,0,"["""", false, false, [""mixed""], [], [], [""and"", ""art"", ""chamber"", ""instrumental"", ""music""]]",
2555,"Art Competitions Mixed Music, Vocals",art competitions,art competitions,mixed,mixed,,,,,,music | vocals,,NO,NO,YES,music | vocals,mixed,0,"[""mixed"", false, false, [""mixed""], [], [], [""music"", ""vocals""]]",fuente2 | fuente3
2556,"Art Competitions Mixed Literature, Dramatic Works",art competitions,art competitions,mixed,mixed,,,,,,dramatic | literature | works,,NO,NO,YES,dramatic | literature | works,mixed,0,"[""mixed"", false, false, [""mixed""], [], [], [""dramatic"", ""literature"", ""works""]]",fuente2 | fuente3
2557,Jeu De Paume Men's Singles,,,,singles,,individual,,,,de | jeu | paume,singles,NO,NO,NO,de | jeu | paume,singles,0,"["""", false, false, [""singles""], [], [], [""de"", ""jeu"", ""paume""]]",
2558,Sailing Mixed 10-20 Ton,sailing,sailing,mixed,mixed,,,,,,ton,,NO,NO,YES,ton,mixed,0,"[""mixed"", false, false, [""mixed""], [], [], [""ton""]]",fuente2 | fuente3
2559,Cycling Men's 1/3 mile,cycling,cycling track,men,,,,,,,mile,,NO,NO,NO,mile,,0,"[""men"", false, false, [], [], [], [""mile""]]",fuente2 | fuente3
2560,Cycling Men's 1 mile,cycling,cycling track,men,,,,,,,mile,,NO,NO,NO,mile,,0,"[""men"", false, false, [], [], [], [""mile""]]",fuente2 | fuente3
2561,Cycling Men's 2 mile,cycling,cycling track,men,,,,,,,mile,,NO,NO,NO,mile,,0,"[""men"", false, false, [], [], [], [""mile""]]",fuente2 | fuente3
2562,"Art Competitions Mixed Sculpturing, Medals And Plaques",art competitions,art competitions,mixed,mixed,,,,,,and | medals | plaques | sculpturing,,NO,NO,YES,and | medals | plaques | sculpturing,mixed,0,"[""mixed"", false, false, [""mixed""], [], [], [""and"", ""medals"", ""plaques"", ""sculpturing""]]",fuente2 | fuente3
2563,"Athletics Men's 1,600 metres Medley Relay",,,,relay,team,,,,,athletics | medley | metres,relay,NO,NO,NO,athletics | medley | metres,relay,0,"["""", false, false, [""relay""], [], [], [""athletics"", ""medley"", ""metres""]]",
2564,"Croquet Mixed Singles, Two Balls",,,,mixed,,individual,,,,balls | croquet | two,singles,NO,NO,YES,balls | croquet | two,mixed | singles,0,"["""", false, false, [""mixed"", ""singles""], [], [], [""balls"", ""croquet"", ""two""]]",
2565,"Canoeing Men's Folding Kayak Doubles, 10 kilometres",,,,doubles,,individual,,,,canoeing | folding | kayak | kilometres,doubles,NO,NO,NO,canoeing | folding | kayak | kilometres,doubles,0,"["""", false, false, [""doubles""], [], [], [""canoeing"", ""folding"", ""kayak"", ""kilometres""]]",
2566,Athletics Men's 60 metres,,,,,,,,,,athletics | metres,,NO,NO,NO,athletics | metres,,0,"["""", false, false, [], [], [], [""athletics"", ""metres""]]",
2567,Snowboarding Women's Parallel Giant Slalom,skiing,snowboard,women,,,,,,,giant | parallel | slalom | snowboarding,,NO,NO,NO,giant | parallel | slalom | snowboarding,,0,"[""women"", false, false, [], [], [], [""giant"", ""parallel"", ""slalom"", ""snowboarding""]]",fuente2
2568,Sailing Mixed 2-3 Ton,,,,mixed,,,,,,sailing | ton,,NO,NO,YES,sailing | ton,mixed,0,"["""", false, false, [""mixed""], [], [], [""sailing"", ""ton""]]",
2569,Speed Skating Men's Allround,,,,,,,,,,allround | skating | speed,,NO,NO,NO,allround | skating | speed,,0,"["""", false, false, [], [], [], [""allround"", ""skating"", ""speed""]]",
2570,"Shooting Men's Military Rifle, Prone, 600 metres",shooting,shooting,men,,,,,,,metres | military | prone | rifle,,NO,NO,NO,metres | military | prone | rifle,,0,"[""men"", false, false, [], [], [], [""metres"", ""military"", ""prone"", ""rifle""]]",fuente2 | fuente3
2571,"Canoeing Men's Canadian Doubles, 10,000 metres",,,,doubles,,individual,,,,canadian | canoeing | metres,doubles,NO,NO,NO,canadian | canoeing | metres,doubles,0,"["""", false, false, [""doubles""], [], [], [""canadian"", ""canoeing"", ""metres""]]",
2572,Snowboarding Women's Parallel Slalom,skiing,snowboard,women,,,,,,,parallel | slalom | snowboarding,,NO,NO,NO,parallel | slalom | snowboarding,,0,"[""women"", false, false, [], [], [], [""parallel"", ""slalom"", ""snowboarding""]]",fuente2
2573,"Shooting Men's Dueling Pistol, 30 metres, Team",shooting,shooting,men,team,team,,,,,dueling | metres | pistol,team,NO,NO,NO,dueling | metres | pistol,team,0,"[""men"", false, false, [""team""], [], [], [""dueling"", ""metres"", ""pistol""]]",fuente2 | fuente3
2574,"Gymnastics Men's Parallel Bars, Teams",gymnastics,artistic gymnastics,men,,,,,,,bars | parallel | teams,,NO,NO,NO,bars | parallel | teams,,0,"[""men"", false, false, [], [], [], [""bars"", ""parallel"", ""teams""]]",fuente2 | fuente3
2575,"Gymnastics Men's Horizontal Bar, Teams",gymnastics,artistic gymnastics,men,,,,,,,bar | horizontal | teams,,NO,NO,NO,bar | horizontal | teams,,0,"[""men"", false, false, [], [], [], [""bar"", ""horizontal"", ""teams""]]",fuente2 | fuente3
2576,"Shooting Men's Small-Bore Rifle, Disappearing Target, 25 metres, Team",shooting,shooting,men,team,team,,,,,bore | disappearing | metres | rifle | small | target,team,NO,NO,NO,bore | disappearing | metres | rifle | small | target,team,0,"[""men"", false, false, [""team""], [], [], [""bore"", ""disappearing"", ""metres"", ""rifle"", ""small"", ""target""]]",fuente2 | fuente3
2577,"Art Competitions Mixed Sculpturing, Medals And Reliefs",art competitions,art competitions,mixed,mixed,,,,,,and | medals | reliefs | sculpturing,,NO,NO,YES,and | medals | reliefs | sculpturing,mixed,0,"[""mixed"", false, false, [""mixed""], [], [], [""and"", ""medals"", ""reliefs"", ""sculpturing""]]",fuente2 | fuente3
2578,"Athletics Men's 1,500 metres Walk",athletics,athletics,men,,,,,,,metres | walk,,NO,NO,NO,metres | walk,,0,"[""men"", false, false, [], [], [], [""metres"", ""walk""]]",fuente2 | fuente3
2579,"Athletics Men's 3 mile, Team",,,,team,team,,,,,athletics | mile,team,NO,NO,NO,athletics | mile,team,0,"["""", false, false, [""team""], [], [], [""athletics"", ""mile""]]",
2580,"Art Competitions Mixed Sculpturing, Medals",art competitions,art competitions,mixed,mixed,,,,,,medals | sculpturing,,NO,NO,YES,medals | sculpturing,mixed,0,"[""mixed"", false, false, [""mixed""], [], [], [""medals"", ""sculpturing""]]",fuente2 | fuente3
2581,"Shooting Men's Military Rifle, Kneeling Or Standing, 300 metres",shooting,shooting,men,,,,,,,kneeling | metres | military | or | rifle | standing,,NO,NO,NO,kneeling | metres | military | or | rifle | standing,,0,"[""men"", false, false, [], [], [], [""kneeling"", ""metres"", ""military"", ""or"", ""rifle"", ""standing""]]",fuente2 | fuente3
2582,"Equestrianism Men's Vaulting, Team",,,,team,team,,,,,equestrianism | vaulting,team,NO,NO,NO,equestrianism | vaulting,team,0,"["""", false, false, [""team""], [], [], [""equestrianism"", ""vaulting""]]",
2583,"Shooting Men's Free Rifle, Any Position, 300 metres",,,,,,,,,,any | free | metres | position | rifle | shooting,,NO,NO,NO,any | free | metres | position | rifle | shooting,,0,"["""", false, false, [], [], [], [""any"", ""free"", ""metres"", ""position"", ""rifle"", ""shooting""]]",
2584,"Shooting Men's Military Rifle, 1873-1874 Gras Model, Kneeling Or Standing, 200 metres",,,,,,,,,,gras | kneeling | metres | military | model | or | rifle | shooting | standing,,NO,NO,NO,gras | kneeling | metres | military | model | or | rifle | shooting | standing,,0,"["""", false, false, [], [], [], [""gras"", ""kneeling"", ""metres"", ""military"", ""model"", ""or"", ""rifle"", ""shooting"", ""standing""]]",
2585,Swimming Men's 100 Yard Backstroke,,,,,,,,,,backstroke | swimming | yard,,NO,NO,NO,backstroke | swimming | yard,,0,"["""", false, false, [], [], [], [""backstroke"", ""swimming"", ""yard""]]",
2586,Swimming Men's 440 Yard Breaststroke,,,,,,,,,,breaststroke | swimming | yard,,NO,NO,NO,breaststroke | swimming | yard,,0,"["""", false, false, [], [], [], [""breaststroke"", ""swimming"", ""yard""]]",
2587,"Art Competitions Mixed Literature, Epic Works",art competitions,art competitions,mixed,mixed,,,,,,epic | literature | works,,NO,NO,YES,epic | literature | works,mixed,0,"[""mixed"", false, false, [""mixed""], [], [], [""epic"", ""literature"", ""works""]]",fuente2 | fuente3
2588,Art Competitions Mixed Architecture,art competitions,art competitions,mixed,mixed,,,,,,architecture,,NO,NO,YES,architecture,mixed,0,"[""mixed"", false, false, [""mixed""], [], [], [""architecture""]]",fuente2 | fuente3
2589,"Athletics Men's 3,500 metres Walk",,,,,,,,,,athletics | metres | walk,,NO,NO,NO,athletics | metres | walk,,0,"["""", false, false, [], [], [], [""athletics"", ""metres"", ""walk""]]",
2590,Roque Men's Singles,,,,singles,,individual,,,,roque,singles,NO,NO,NO,roque,singles,0,"["""", false, false, [""singles""], [], [], [""roque""]]",
2591,Gymnastics Men's Side Horse,,,,,,,,,,gymnastics | horse | side,,NO,NO,NO,gymnastics | horse | side,,0,"["""", false, false, [], [], [], [""gymnastics"", ""horse"", ""side""]]",
2592,Alpinism Mixed Alpinism,,,,mixed,,,,,,alpinism | alpinism,,NO,NO,YES,alpinism | alpinism,mixed,0,"["""", false, false, [""mixed""], [], [], [""alpinism"", ""alpinism""]]",
2593,Archery Men's Double American Round,,,,double,,,,,,american | archery | round,double,NO,NO,NO,american | archery | round,double,0,"["""", false, false, [""double""], [], [], [""american"", ""archery"", ""round""]]",
2594,Archery Men's Team Round,archery,archery,men,team,team,,,,,round,team,NO,NO,NO,round,team,0,"[""men"", false, false, [""team""], [], [], [""round""]]",fuente2 | fuente3
2595,"Archery Men's Target Archery, 33 metres, Individual",archery,archery,men,individual,,individual,,,,metres | target,individual,NO,NO,NO,metres | target,individual,1,"[""men"", false, false, [""individual""], [], [], [""metres"", ""target""]]",fuente2 | fuente3
2596,"Archery Men's Target Archery, 50 metres, Individual",archery,archery,men,individual,,individual,,,,metres | target,individual,NO,NO,NO,metres | target,individual,1,"[""men"", false, false, [""individual""], [], [], [""metres"", ""target""]]",fuente2 | fuente3
2597,"Swimming Men's 1,000 metres Freestyle",,,,freestyle,,,,,,metres | swimming,,NO,NO,NO,metres | swimming,freestyle,0,"["""", false, false, [""freestyle""], [], [], [""metres"", ""swimming""]]",
2598,Athletics Men's 10 mile Walk,,,,,,,,,,athletics | mile | walk,,NO,NO,NO,athletics | mile | walk,,0,"["""", false, false, [], [], [], [""athletics"", ""mile"", ""walk""]]",
2599,"Athletics Men's Discus Throw, Both Hands",athletics,athletics,men,,,,,,,both | discus | hands | throw,,NO,NO,NO,both | discus | hands | throw,,0,"[""men"", false, false, [], [], [], [""both"", ""discus"", ""hands"", ""throw""]]",fuente2 | fuente3
2600,Golf Men's Team,,,,team,team,,,,,golf,team,NO,NO,NO,golf,team,0,"["""", false, false, [""team""], [], [], [""golf""]]",
2601,Sailing Mixed 0-0.5 Ton,sailing,sailing,mixed,mixed,,,,,,ton,,NO,NO,YES,ton,mixed,0,"[""mixed"", false, false, [""mixed""], [], [], [""ton""]]",fuente2 | fuente3
2602,Sailing Mixed 20+ Ton,sailing,sailing,mixed,mixed,,,,,,ton,,NO,NO,YES,ton,mixed,0,"[""mixed"", false, false, [""mixed""], [], [], [""ton""]]",fuente2 | fuente3
2603,Cycling Women's Team Sprint,cycling,cycling track,women,sprint,team,,,,,,team,NO,NO,NO,,sprint | team,0,"[""women"", false, false, [""sprint"", ""team""], [], [], []]",fuente2 | fuente3
2604,"Weightlifting Men's Unlimited, Two Hands",,,,,,,,,,hands | two | unlimited | weightlifting,,NO,NO,NO,hands | two | unlimited | weightlifting,,0,"["""", false, false, [], [], [], [""hands"", ""two"", ""unlimited"", ""weightlifting""]]",
2605,"Shooting Men's Free Pistol, 25 metres",,,,,,,,,,free | metres | pistol | shooting,,NO,NO,NO,free | metres | pistol | shooting,,0,"["""", false, false, [], [], [], [""free"", ""metres"", ""pistol"", ""shooting""]]",
2606,"Shooting Men's Military Revolver, 1873-1874 Gras Model, 20 metres",shooting,shooting,men,,,,,,,gras | metres | military | model | revolver,,NO,NO,NO,gras | metres | military | model | revolver,,0,"[""men"", false, false, [], [], [], [""gras"", ""metres"", ""military"", ""model"", ""revolver""]]",fuente2 | fuente3
2607,"Shooting Men's Military Revolver, 20 metres",shooting,shooting,men,,,,,,,metres | military | revolver,,NO,NO,NO,metres | military | revolver,,0,"[""men"", false, false, [], [], [], [""metres"", ""military"", ""revolver""]]",fuente2 | fuente3
2608,Shooting Men's Dueling Pistol Au Vise 20 metres,,,,,,,,,,au | dueling | metres | pistol | shooting | vise,,NO,NO,NO,au | dueling | metres | pistol | shooting | vise,,0,"["""", false, false, [], [], [], [""au"", ""dueling"", ""metres"", ""pistol"", ""shooting"", ""vise""]]",
2609,"Shooting Men's Dueling Pistol Au Commandement, 25 metres",,,,,,,,,,au | commandement | dueling | metres | pistol | shooting,,NO,NO,NO,au | commandement | dueling | metres | pistol | shooting,,0,"["""", false, false, [], [], [], [""au"", ""commandement"", ""dueling"", ""metres"", ""pistol"", ""shooting""]]",
2610,"Shooting Men's Small-Bore Rifle, Prone, 50 metres, Team",shooting,shooting,men,team,team,,,,,bore | metres | prone | rifle | small,team,NO,NO,NO,bore | metres | prone | rifle | small,team,0,"[""men"", false, false, [""team""], [], [], [""bore"", ""metres"", ""prone"", ""rifle"", ""small""]]",fuente2 | fuente3
2611,Sailing Mixed 6.5 metres,sailing,sailing,mixed,mixed,,,,,,metres,,NO,NO,YES,metres,mixed,0,"[""mixed"", false, false, [""mixed""], [], [], [""metres""]]",fuente2 | fuente3
2612,Athletics Men's 200 metres Hurdles,athletics,athletics,men,,,,,,,hurdles | metres,,NO,NO,NO,hurdles | metres,,0,"[""men"", false, false, [], [], [], [""hurdles"", ""metres""]]",fuente2 | fuente3
2613,Athletics Men's 56-pound Weight Throw,,,,,,,,,,athletics | pound | throw | weight,,NO,NO,NO,athletics | pound | throw | weight,,0,"["""", false, false, [], [], [], [""athletics"", ""pound"", ""throw"", ""weight""]]",
2614,Equestrianism Mixed Four-In-Hand Competition,,,,mixed,,,,,,equestrianism | four | hand | in,,NO,NO,YES,equestrianism | four | hand | in,mixed,0,"["""", false, false, [""mixed""], [], [], [""equestrianism"", ""four"", ""hand"", ""in""]]",
2615,"Athletics Men's 2,500 metres Steeplechase",,,,,,,,,,athletics | metres | steeplechase,,NO,NO,NO,athletics | metres | steeplechase,,0,"["""", false, false, [], [], [], [""athletics"", ""metres"", ""steeplechase""]]",
2616,"Art Competitions Mixed Music, Unknown Event",art competitions,art competitions,mixed,mixed,,,,,,music | unknown,,NO,NO,YES,music | unknown,mixed,0,"[""mixed"", false, false, [""mixed""], [], [], [""music"", ""unknown""]]",fuente2 | fuente3
2617,Athletics Men's All-Around Championship,,,,,,,,,,all | around | athletics | championship,,NO,NO,NO,all | around | athletics | championship,,0,"["""", false, false, [], [], [], [""all"", ""around"", ""athletics"", ""championship""]]",
2618,"Archery Men's Pole Archery, Small Birds, Individual",archery,archery,men,individual,,individual,,,,birds | pole | small,individual,NO,NO,NO,birds | pole | small,individual,1,"[""men"", false, false, [""individual""], [], [], [""birds"", ""pole"", ""small""]]",fuente2 | fuente3
2619,"Archery Men's Pole Archery, Large Birds, Individual",archery,archery,men,individual,,individual,,,,birds | large | pole,individual,NO,NO,NO,birds | large | pole,individual,1,"[""men"", false, false, [""individual""], [], [], [""birds"", ""large"", ""pole""]]",fuente2 | fuente3
2620,"Archery Men's Pole Archery, Small Birds, Team",archery,archery,men,team,team,,,,,birds | pole | small,team,NO,NO,NO,birds | pole | small,team,1,"[""men"", false, false, [""team""], [], [], [""birds"", ""pole"", ""small""]]",fuente2 | fuente3
2621,"Archery Men's Pole Archery, Large Birds, Team",archery,archery,men,team,team,,,,,birds | large | pole,team,NO,NO,NO,birds | large | pole,team,1,"[""men"", false, false, [""team""], [], [], [""birds"", ""large"", ""pole""]]",fuente2 | fuente3
2622,"Athletics Men's 2,590 metres Steeplechase",,,,,,,,,,athletics | metres | steeplechase,,NO,NO,NO,athletics | metres | steeplechase,,0,"["""", false, false, [], [], [], [""athletics"", ""metres"", ""steeplechase""]]",
2623,Archery Women's Double Columbia Round,,,,double,,,,,,archery | columbia | round,double,NO,NO,NO,archery | columbia | round,double,0,"["""", false, false, [""double""], [], [], [""archery"", ""columbia"", ""round""]]",
2624,"Athletics Men's 4 mile, Team",,,,team,team,,,,,athletics | mile,team,NO,NO,NO,athletics | mile,team,0,"["""", false, false, [""team""], [], [], [""athletics"", ""mile""]]",
2625,Figure Skating Men's Special Figures,,,,,,,,,,figure | figures | skating | special,,NO,NO,NO,figure | figures | skating | special,,0,"["""", false, false, [], [], [], [""figure"", ""figures"", ""skating"", ""special""]]",
2626,"Shooting Men's Military Rifle, Standing, 300 metres",shooting,shooting,men,,,,,,,metres | military | rifle | standing,,NO,NO,NO,metres | military | rifle | standing,,0,"[""men"", false, false, [], [], [], [""metres"", ""military"", ""rifle"", ""standing""]]",fuente2 | fuente3
2627,Swimming Men's 50 yard Freestyle,aquatics,swimming,men,freestyle,,,,,,yard,,NO,NO,NO,yard,freestyle,0,"[""men"", false, false, [""freestyle""], [], [], [""yard""]]",fuente2 | fuente3
2628,Swimming Men's 100 yard Freestyle,,,,freestyle,,,,,,swimming | yard,,NO,NO,NO,swimming | yard,freestyle,0,"["""", false, false, [""freestyle""], [], [], [""swimming"", ""yard""]]",
2629,Swimming Men's 440 yard Freestyle,,,,freestyle,,,,,,swimming | yard,,NO,NO,NO,swimming | yard,freestyle,0,"["""", false, false, [""freestyle""], [], [], [""swimming"", ""yard""]]",
2630,Basque Pelota Men's Two-Man Teams With Cesta,,,,,,,,,,basque | cesta | man | pelota | teams | two | with,,NO,NO,NO,basque | cesta | man | pelota | teams | two | with,,0,"["""", false, false, [], [], [], [""basque"", ""cesta"", ""man"", ""pelota"", ""teams"", ""two"", ""with""]]",
2631,"Shooting Men's Trap, Single Shot, 16 metres",,,,shot,,,,,,metres | shooting | trap,single,NO,NO,NO,metres | shooting | trap,shot | single,0,"["""", false, false, [""shot"", ""single""], [], [], [""metres"", ""shooting"", ""trap""]]",
2632,"Shooting Men's Trap, Double Shot, 14 metres",,,,double,,,,,,metres | shooting | trap,double,NO,NO,NO,metres | shooting | trap,double | shot,0,"["""", false, false, [""double"", ""shot""], [], [], [""metres"", ""shooting"", ""trap""]]",
2633,Equestrianism Mixed Long Jump,,,,mixed,,,,,,equestrianism | jump | long,,NO,NO,YES,equestrianism | jump | long,mixed,0,"["""", false, false, [""mixed""], [], [], [""equestrianism"", ""jump"", ""long""]]",
2634,"Canoeing Men's Folding Kayak Singles, 10 kilometres",,,,singles,,individual,,,,canoeing | folding | kayak | kilometres,singles,NO,NO,NO,canoeing | folding | kayak | kilometres,singles,0,"["""", false, false, [""singles""], [], [], [""canoeing"", ""folding"", ""kayak"", ""kilometres""]]",
2635,"Shooting Men's Free Pistol, 30 metres",,,,,,,,,,free | metres | pistol | shooting,,NO,NO,NO,free | metres | pistol | shooting,,0,"["""", false, false, [], [], [], [""free"", ""metres"", ""pistol"", ""shooting""]]",
2636,"Shooting Men's Military Pistol, 25 metres",,,,,,,,,,metres | military | pistol | shooting,,NO,NO,NO,metres | military | pistol | shooting,,0,"["""", false, false, [], [], [], [""metres"", ""military"", ""pistol"", ""shooting""]]",
2637,Swimming Men's 100 metres Freestyle For Sailors,aquatics,swimming,men,freestyle,,,,,,for | metres | sailors,,NO,NO,NO,for | metres | sailors,freestyle,0,"[""men"", false, false, [""freestyle""], [], [], [""for"", ""metres"", ""sailors""]]",fuente2 | fuente3
2638,Archery Men's Sur La Perche a La Herse,,,,,,,,,,a | archery | herse | la | la | perche | sur,,NO,NO,NO,a | archery | herse | la | la | perche | sur,,0,"["""", false, false, [], [], [], [""a"", ""archery"", ""herse"", ""la"", ""la"", ""perche"", ""sur""]]",
2639,Sailing Mixed 3-10 Ton,,,,mixed,,,,,,sailing | ton,,NO,NO,YES,sailing | ton,mixed,0,"["""", false, false, [""mixed""], [], [], [""sailing"", ""ton""]]",
2640,"Gymnastics Men's Individual All-Around, 4 Events",gymnastics,artistic gymnastics,men,individual,,individual,,,,all | around,individual,NO,NO,NO,all | around,individual,0,"[""men"", false, false, [""individual""], [], [], [""all"", ""around""]]",fuente2 | fuente3
2641,"Wrestling Men's Unlimited Class, Greco-Roman",,,,,,,,,,class | greco | roman | unlimited | wrestling,,NO,NO,NO,class | greco | roman | unlimited | wrestling,,0,"["""", false, false, [], [], [], [""class"", ""greco"", ""roman"", ""unlimited"", ""wrestling""]]",
2642,Motorboating Mixed B-Class (Under 60 Feet),,,,mixed,,,,,,b | class | feet | motorboating | under,,NO,NO,YES,b | class | feet | motorboating | under,mixed,0,"["""", false, false, [""mixed""], [], [], [""b"", ""class"", ""feet"", ""motorboating"", ""under""]]",
2643,Motorboating Mixed C-Class,,,,mixed,,,,,,c | class | motorboating,,NO,NO,YES,c | class | motorboating,mixed,0,"["""", false, false, [""mixed""], [], [], [""c"", ""class"", ""motorboating""]]",
2644,"Cycling Men's 10,000 metres",,,,,,,,,,cycling | metres,,NO,NO,NO,cycling | metres,,0,"["""", false, false, [], [], [], [""cycling"", ""metres""]]",
2645,"Art Competitions Mixed Sculpturing, Reliefs",art competitions,art competitions,mixed,mixed,,,,,,reliefs | sculpturing,,NO,NO,YES,reliefs | sculpturing,mixed,0,"[""mixed"", false, false, [""mixed""], [], [], [""reliefs"", ""sculpturing""]]",fuente2 | fuente3
2646,"Shooting Men's Muzzle-Loading Pistol, 25 metres",,,,,,,,,,loading | metres | muzzle | pistol | shooting,,NO,NO,NO,loading | metres | muzzle | pistol | shooting,,0,"["""", false, false, [], [], [], [""loading"", ""metres"", ""muzzle"", ""pistol"", ""shooting""]]",
2647,Equestrianism Mixed High Jump,,,,mixed,,,,,,equestrianism | high | jump,,NO,NO,YES,equestrianism | high | jump,mixed,0,"["""", false, false, [""mixed""], [], [], [""equestrianism"", ""high"", ""jump""]]",
2648,Archery Men's Sur La Perche a La Pyramide,,,,,,,,,,a | archery | la | la | perche | pyramide | sur,,NO,NO,NO,a | archery | la | la | perche | pyramide | sur,,0,"["""", false, false, [], [], [], [""a"", ""archery"", ""la"", ""la"", ""perche"", ""pyramide"", ""sur""]]",
2649,"Fencing Men's Single Sticks, Individual",,,,individual,,individual,,,,fencing | sticks,individual | single,NO,NO,NO,fencing | sticks,individual | single,0,"["""", false, false, [""individual"", ""single""], [], [], [""fencing"", ""sticks""]]",
2650,Gymnastics Men's Tumbling,,,,,,,,,,gymnastics | tumbling,,NO,NO,NO,gymnastics | tumbling,,0,"["""", false, false, [], [], [], [""gymnastics"", ""tumbling""]]",
2651,Shooting Men's Unknown Event,,,,,,,,,,shooting | unknown,,NO,NO,NO,shooting | unknown,,0,"["""", false, false, [], [], [], [""shooting"", ""unknown""]]",
2652,Sailing Mixed 18 foot,,,,mixed,,,,,,foot | sailing,,NO,NO,YES,foot | sailing,mixed,0,"["""", false, false, [""mixed""], [], [], [""foot"", ""sailing""]]",
2653,Archery Men's Unknown Event,,,,,,,,,,archery | unknown,,NO,NO,NO,archery | unknown,,0,"["""", false, false, [], [], [], [""archery"", ""unknown""]]",
2654,"Archery Men's Au Chapelet, 50 metres",,,,,,,,,,archery | au | chapelet | metres,,NO,NO,NO,archery | au | chapelet | metres,,0,"["""", false, false, [], [], [], [""archery"", ""au"", ""chapelet"", ""metres""]]",
2655,Archery Men's Championnat Du Monde,,,,,,,,,,archery | championnat | du | monde,,NO,NO,NO,archery | championnat | du | monde,,0,"["""", false, false, [], [], [], [""archery"", ""championnat"", ""du"", ""monde""]]",
2656,Archery Women's Team Round,archery,archery,women,team,team,,,,,round,team,NO,NO,NO,round,team,0,"[""women"", false, false, [""team""], [], [], [""round""]]",fuente2 | fuente3
2657,"Wrestling Men's All-Around, Greco-Roman",,,,,,,,,,all | around | greco | roman | wrestling,,NO,NO,NO,all | around | greco | roman | wrestling,,0,"["""", false, false, [], [], [], [""all"", ""around"", ""greco"", ""roman"", ""wrestling""]]",
2658,Cycling Men's 12-Hours Race,,,,,,,,,,cycling | hours | race,,NO,NO,NO,cycling | hours | race,,0,"["""", false, false, [], [], [], [""cycling"", ""hours"", ""race""]]",
2659,Swimming Men's 500 metres Freestyle,aquatics,swimming,men,freestyle,,,,,,metres,,NO,NO,NO,metres,freestyle,0,"[""men"", false, false, [""freestyle""], [], [], [""metres""]]",fuente2 | fuente3
2660,Weightlifting Men's All-Around Dumbbell Contest,,,,,,,,,,all | around | contest | dumbbell | weightlifting,,NO,NO,NO,all | around | contest | dumbbell | weightlifting,,0,"["""", false, false, [], [], [], [""all"", ""around"", ""contest"", ""dumbbell"", ""weightlifting""]]",
2661,"Archery Men's Au Chapelet, 33 metres",,,,,,,,,,archery | au | chapelet | metres,,NO,NO,NO,archery | au | chapelet | metres,,0,"["""", false, false, [], [], [], [""archery"", ""au"", ""chapelet"", ""metres""]]",
2662,"Archery Men's Au Cordon Dore, 33 metres",,,,,,,,,,archery | au | cordon | dore | metres,,NO,NO,NO,archery | au | cordon | dore | metres,,0,"["""", false, false, [], [], [], [""archery"", ""au"", ""cordon"", ""dore"", ""metres""]]",
2663,"Archery Men's Target Archery, 28 metres, Individual",archery,archery,men,individual,,individual,,,,metres | target,individual,NO,NO,NO,metres | target,individual,1,"[""men"", false, false, [""individual""], [], [], [""metres"", ""target""]]",fuente2 | fuente3
2664,Aeronautics Mixed Aeronautics,,,,mixed,,,,,,aeronautics | aeronautics,,NO,NO,YES,aeronautics | aeronautics,mixed,0,"["""", false, false, [""mixed""], [], [], [""aeronautics"", ""aeronautics""]]",
2665,Women's Road Race,,,,,,,,,,race | road,,NO,NO,NO,race | road,,0,"["""", false, false, [], [], [], [""race"", ""road""]]",
2666,Women's Individual Time Trial,cycling,cycling road,women,individual,,individual,,,,time | trial,individual,NO,NO,NO,time | trial,individual,0,"[""women"", false, false, [""individual""], [], [], [""time"", ""trial""]]",fuente3
2667,Men's All-Around,,,,,,,,,,all | around,,NO,NO,NO,all | around,,0,"["""", false, false, [], [], [], [""all"", ""around""]]",
2668,Men's Floor Exercise,gymnastics,artistic gymnastics,men,,,,,,,exercise | floor,,NO,NO,NO,exercise | floor,,0,"[""men"", false, false, [], [], [], [""exercise"", ""floor""]]",fuente3
2669,Men's Pommel Horse,,,,,,,,,,horse | pommel,,NO,NO,NO,horse | pommel,,0,"["""", false, false, [], [], [], [""horse"", ""pommel""]]",
2670,Men's Rings,gymnastics,artistic gymnastics,men,,,,,,,rings,,NO,NO,NO,rings,,0,"[""men"", false, false, [], [], [], [""rings""]]",fuente3
2671,Men's Vault,,,,,,,,,,vault,,NO,NO,NO,vault,,0,"["""", false, false, [], [], [], [""vault""]]",
2672,Men's Parallel Bars,gymnastics,artistic gymnastics,men,,,,,,,bars | parallel,,NO,NO,NO,bars | parallel,,0,"[""men"", false, false, [], [], [], [""bars"", ""parallel""]]",fuente3
2673,Men's Horizontal Bar,gymnastics,artistic gymnastics,men,,,,,,,bar | horizontal,,NO,NO,NO,bar | horizontal,,0,"[""men"", false, false, [], [], [], [""bar"", ""horizontal""]]",fuente3
2674,Men's Team,,,,team,team,,,,,,team,NO,NO,NO,,team,0,"["""", false, false, [""team""], [], [], []]",
2675,Men's Pair Team,rowing,rowing,men,team,team,,,,,pair,team,NO,NO,NO,pair,team,0,"[""men"", false, false, [""team""], [], [], [""pair""]]",fuente3
2676,Men Team,,,,team,team,,,,,,team,NO,NO,NO,,team,0,"["""", false, false, [""team""], [], [], []]",
2677,Women Team,,,,team,team,,,,,,team,NO,NO,NO,,team,0,"["""", false, false, [""team""], [], [], []]",
2678,Men Team,,,,team,team,,,,,,team,NO,NO,NO,,team,0,"["""", false, false, [""team""], [], [], []]",
2679,Lightweight Men's Double Sculls Team,rowing,rowing,men,double,team,,,,,sculls,double | team,NO,NO,NO,sculls,double | lightweight | team,0,"[""men"", false, false, [""double"", ""lightweight"", ""team""], [], [], [""sculls""]]",fuente3
2680,Men's 100m Breaststroke,,,,,,,100m,,,100m | breaststroke,,NO,NO,NO,100m | breaststroke,,0,"["""", false, false, [], [""100m""], [], [""100m"", ""breaststroke""]]",
2681,Women's Kumite +61kg,,,,,,,,61kg,,61kg | kumite,,NO,NO,NO,61kg | kumite,,0,"["""", false, false, [], [], [""61kg""], [""61kg"", ""kumite""]]",
2682,Men's Greco-Roman 87kg,,,,,,,,87kg,,87kg | greco | roman,,NO,NO,NO,87kg | greco | roman,,0,"["""", false, false, [], [], [""87kg""], [""87kg"", ""greco"", ""roman""]]",
2683,Women Team,,,,team,team,,,,,,team,NO,NO,NO,,team,0,"["""", false, false, [""team""], [], [], []]",
2684,Group All-Around Team,,,,team,team,,,,,all | around | group,team,NO,NO,NO,all | around | group,team,0,"["""", false, false, [""team""], [], [], [""all"", ""around"", ""group""]]",
2685,Softball Team,,,,team,team,,,,,softball,team,NO,NO,NO,softball,team,0,"["""", false, false, [""team""], [], [], [""softball""]]",
2686,Men's 800m,,,,,,,800m,,,800m,,NO,NO,NO,800m,,0,"["""", false, false, [], [""800m""], [], [""800m""]]",
2687,Men -73 kg,,,,,,,,73 kg,,,,NO,NO,NO,,,0,"["""", false, false, [], [], [""73 kg""], []]",
2688,10m Air Pistol Women,,,,,,,10m,,,10m | air | pistol,,NO,NO,NO,10m | air | pistol,,0,"["""", false, false, [], [""10m""], [], [""10m"", ""air"", ""pistol""]]",
2689,10m Air Pistol Mixed Team,,,,mixed,team,,10m,,,10m | air | pistol,team,NO,NO,YES,10m | air | pistol,mixed | team,0,"["""", false, false, [""mixed"", ""team""], [""10m""], [], [""10m"", ""air"", ""pistol""]]",
2690,10m Air Pistol Men,,,,,,,10m,,,10m | air | pistol,,NO,NO,NO,10m | air | pistol,,0,"["""", false, false, [], [""10m""], [], [""10m"", ""air"", ""pistol""]]",
2691,Men -81 kg,,,,,,,,81 kg,,,,NO,NO,NO,,,0,"["""", false, false, [], [], [""81 kg""], []]",
2692,Men's Kumite -75kg,,,,,,,,75kg,,75kg | kumite,,NO,NO,NO,75kg | kumite,,0,"["""", false, false, [], [], [""75kg""], [""75kg"", ""kumite""]]",
2693,Women's Team,table tennis,table tennis,women,team,team,,,,,,team,NO,NO,NO,,team,0,"[""women"", false, false, [""team""], [], [], []]",fuente3
2694,Men -66 kg,,,,,,,,66 kg,,,,NO,NO,NO,,,0,"["""", false, false, [], [], [""66 kg""], []]",
2695,Men's Freestyle 125kg,,,,freestyle,,,,125kg,,125kg,,NO,NO,NO,125kg,freestyle,0,"["""", false, false, [""freestyle""], [], [""125kg""], [""125kg""]]",
2696,Men's Javelin Throw,athletics,athletics,men,,,,,,,javelin | throw,,NO,NO,NO,javelin | throw,,0,"[""men"", false, false, [], [], [], [""javelin"", ""throw""]]",fuente3
2697,Men Team,,,,team,team,,,,,,team,NO,NO,NO,,team,0,"["""", false, false, [""team""], [], [], []]",
2698,Women -49kg,,,,,,,,49kg,,49kg,,NO,NO,NO,49kg,,0,"["""", false, false, [], [], [""49kg""], [""49kg""]]",
2699,Men's 3000m Steeplechase,,,,,,,3000m,,,3000m | steeplechase,,NO,NO,NO,3000m | steeplechase,,0,"["""", false, false, [], [""3000m""], [], [""3000m"", ""steeplechase""]]",
2700,Men's Marathon,athletics,athletics,men,,,,,,,marathon,,NO,NO,NO,marathon,,0,"[""men"", false, false, [], [], [], [""marathon""]]",fuente3
2701,Women's All-Around,,,,,,,,,,all | around,,NO,NO,NO,all | around,,0,"["""", false, false, [], [], [], [""all"", ""around""]]",
2702,Women's Vault,,,,,,,,,,vault,,NO,NO,NO,vault,,0,"["""", false, false, [], [], [], [""vault""]]",
2703,Women's Uneven Bars,gymnastics,artistic gymnastics,women,,,,,,,bars | uneven,,NO,NO,NO,bars | uneven,,0,"[""women"", false, false, [], [], [], [""bars"", ""uneven""]]",fuente3
2704,Women's Balance Beam,gymnastics,artistic gymnastics,women,,,,,,,balance | beam,,NO,NO,NO,balance | beam,,0,"[""women"", false, false, [], [], [], [""balance"", ""beam""]]",fuente3
2705,Women's Floor Exercise,gymnastics,artistic gymnastics,women,,,,,,,exercise | floor,,NO,NO,NO,exercise | floor,,0,"[""women"", false, false, [], [], [], [""exercise"", ""floor""]]",fuente3
2706,Women's Épée Individual,fencing,fencing,women,individual,,individual,,,,epee,individual,NO,NO,NO,epee,individual,0,"[""women"", false, false, [""individual""], [], [], [""epee""]]",fuente3
2707,Women's Singles,badminton,badminton,women,singles,,individual,,,,,singles,NO,NO,NO,,singles,0,"[""women"", false, false, [""singles""], [], [], []]",fuente3
2708,Men's Heavy (81-91kg),,,,,,,,91kg,,91kg | heavy,,NO,NO,NO,91kg | heavy,,0,"["""", false, false, [], [], [""91kg""], [""91kg"", ""heavy""]]",
2709,Men's Freestyle 57kg,,,,freestyle,,,,57kg,,57kg,,NO,NO,NO,57kg,freestyle,0,"["""", false, false, [""freestyle""], [], [""57kg""], [""57kg""]]",
2710,Men's Greco-Roman 130kg,,,,,,,,130kg,,130kg | greco | roman,,NO,NO,NO,130kg | greco | roman,,0,"["""", false, false, [], [], [""130kg""], [""130kg"", ""greco"", ""roman""]]",
2711,Men's 73kg,,,,,,,,73kg,,73kg,,NO,NO,NO,73kg,,0,"["""", false, false, [], [], [""73kg""], [""73kg""]]",
2712,Men's Super Heavy (+91kg),,,,,,,,91kg,,91kg | heavy | super,,NO,NO,NO,91kg | heavy | super,,0,"["""", false, false, [], [], [""91kg""], [""91kg"", ""heavy"", ""super""]]",
2713,Men's Individual,archery,archery,men,individual,,individual,,,,,individual,NO,NO,NO,,individual,0,"[""men"", false, false, [""individual""], [], [], []]",fuente3
2714,Men's Team,archery,archery,men,team,team,,,,,,team,NO,NO,NO,,team,0,"[""men"", false, false, [""team""], [], [], []]",fuente3
2715,Men's Light (57-63kg),,,,,,,,63kg,,63kg | light,,NO,NO,NO,63kg | light,,0,"["""", false, false, [], [], [""63kg""], [""63kg"", ""light""]]",
2716,Men's Freestyle 74kg,,,,freestyle,,,,74kg,,74kg,,NO,NO,NO,74kg,freestyle,0,"["""", false, false, [""freestyle""], [], [""74kg""], [""74kg""]]",
2717,Mixed Team,judo,judo,mixed,mixed,team,,,,,,team,NO,NO,YES,,mixed | team,0,"[""mixed"", false, false, [""mixed"", ""team""], [], [], []]",fuente3
2718,Men's 400m Hurdles,,,,,,,400m,,,400m | hurdles,,NO,NO,NO,400m | hurdles,,0,"["""", false, false, [], [""400m""], [], [""400m"", ""hurdles""]]",
2719,Women -52 kg,,,,,,,,52 kg,,,,NO,NO,NO,,,0,"["""", false, false, [], [], [""52 kg""], []]",
2720,Women's 3000m Steeplechase,,,,,,,3000m,,,3000m | steeplechase,,NO,NO,NO,3000m | steeplechase,,0,"["""", false, false, [], [""3000m""], [], [""3000m"", ""steeplechase""]]",
2721,Men's Sabre Individual,fencing,fencing,men,individual,,individual,,,,sabre,individual,NO,NO,NO,sabre,individual,0,"[""men"", false, false, [""individual""], [], [], [""sabre""]]",fuente3
2722,Men's Sabre Team,fencing,fencing,men,team,team,,,,,sabre,team,NO,NO,NO,sabre,team,0,"[""men"", false, false, [""team""], [], [], [""sabre""]]",fuente3
2723,Women's 3m Springboard,aquatics,diving,women,,,,3m,,,3m | springboard,,NO,NO,NO,3m | springboard,,0,"[""women"", false, false, [], [""3m""], [], [""3m"", ""springboard""]]",fuente3
2724,Women's Synchronised 3m Springboard Team,aquatics,diving,women,team,team,,3m,,,3m | springboard | synchronised,team,NO,NO,NO,3m | springboard | synchronised,team,0,"[""women"", false, false, [""team""], [""3m""], [], [""3m"", ""springboard"", ""synchronised""]]",fuente3
2725,Men's Singles,badminton,badminton,men,singles,,individual,,,,,singles,NO,NO,NO,,singles,0,"[""men"", false, false, [""singles""], [], [], []]",fuente3
2726,Men's 100m Freestyle,aquatics,swimming,men,freestyle,,,100m,,,100m,,NO,NO,NO,100m,freestyle,0,"[""men"", false, false, [""freestyle""], [""100m""], [], [""100m""]]",fuente3
2727,Men Team,,,,team,team,,,,,,team,NO,NO,NO,,team,0,"["""", false, false, [""team""], [], [], []]",
2728,Women's Skiff - 49er  Team,sailing,sailing,women,team,team,,,,,49er | skiff,team,NO,NO,NO,49er | skiff,team,0,"[""women"", false, false, [""team""], [], [], [""49er"", ""skiff""]]",fuente3
2729,Men's 5000m,,,,,,,5000m,,,5000m,,NO,NO,NO,5000m,,0,"["""", false, false, [], [""5000m""], [], [""5000m""]]",
2730,Women's 100m,athletics,athletics,women,,,,100m,,,100m,,NO,NO,NO,100m,,0,"[""women"", false, false, [], [""100m""], [], [""100m""]]",fuente3
2731,Men's Foil Individual,fencing,fencing,men,individual,,individual,,,,foil,individual,NO,NO,NO,foil,individual,0,"[""men"", false, false, [""individual""], [], [], [""foil""]]",fuente3
2732,Men's Foil Team,fencing,fencing,men,team,team,,,,,foil,team,NO,NO,NO,foil,team,0,"[""men"", false, false, [""team""], [], [], [""foil""]]",fuente3
2733,Women's 76kg,,,,,,,,76kg,,76kg,,NO,NO,NO,76kg,,0,"["""", false, false, [], [], [""76kg""], [""76kg""]]",
2734,Men Team,,,,team,team,,,,,,team,NO,NO,NO,,team,0,"["""", false, false, [""team""], [], [], []]",
2735,Women's 400m,athletics,athletics,women,,,,400m,,,400m,,NO,NO,NO,400m,,0,"[""women"", false, false, [], [""400m""], [], [""400m""]]",fuente3
2736,Men's Shot Put,athletics,athletics,men,shot,,,,,,put,,NO,NO,NO,put,shot,0,"[""men"", false, false, [""shot""], [], [], [""put""]]",fuente3
2737,Men,,,,,,,,,,,,NO,NO,NO,,,0,"["""", false, false, [], [], [], []]",
2738,Men's 10km,,,,,,,10km,,,10km,,NO,NO,NO,10km,,0,"["""", false, false, [], [""10km""], [], [""10km""]]",
2739,Women's Single Sculls,rowing,rowing,women,single,,,,,,sculls,single,NO,NO,NO,sculls,single,0,"[""women"", false, false, [""single""], [], [], [""sculls""]]",fuente3
2740,Men's 1500m Freestyle,,,,freestyle,,,1500m,,,1500m,,NO,NO,NO,1500m,freestyle,0,"["""", false, false, [""freestyle""], [""1500m""], [], [""1500m""]]",
2741,Men's 4 x 400m Relay Team,athletics,athletics,men,relay,team,,400m,,,400m | x,relay | team,NO,NO,NO,400m | x,relay | team,0,"[""men"", false, false, [""relay"", ""team""], [""400m""], [], [""400m"", ""x""]]",fuente3
2742,4 x 400m Relay Mixed Team,athletics,athletics,mixed,mixed,team,,400m,,,400m | x,relay | team,NO,NO,YES,400m | x,mixed | relay | team,0,"[""mixed"", false, false, [""mixed"", ""relay"", ""team""], [""400m""], [], [""400m"", ""x""]]",fuente3
2743,Mixed 4 x 100m Medley Relay Team,aquatics,swimming,mixed,mixed,team,,100m,,,100m | medley | x,relay | team,NO,NO,YES,100m | medley | x,mixed | relay | team,0,"[""mixed"", false, false, [""mixed"", ""relay"", ""team""], [""100m""], [], [""100m"", ""medley"", ""x""]]",fuente3
2744,Men -68kg,,,,,,,,68kg,,68kg,,NO,NO,NO,68kg,,0,"["""", false, false, [], [], [""68kg""], [""68kg""]]",
2745,Men's Singles,table tennis,table tennis,men,singles,,individual,,,,,singles,NO,NO,NO,,singles,0,"[""men"", false, false, [""singles""], [], [], []]",fuente3
2746,Mixed Doubles Team,table tennis,table tennis,mixed,mixed,team,individual,,,,,doubles | team,NO,NO,YES,,doubles | mixed | team,0,"[""mixed"", false, false, [""doubles"", ""mixed"", ""team""], [], [], []]",fuente3
2747,Skeet Men,shooting,shooting,men,,,,,,,skeet,,NO,NO,NO,skeet,,0,"[""men"", false, false, [], [], [], [""skeet""]]",fuente3
2748,Men's Greco-Roman 97kg,,,,,,,,97kg,,97kg | greco | roman,,NO,NO,NO,97kg | greco | roman,,0,"["""", false, false, [], [], [""97kg""], [""97kg"", ""greco"", ""roman""]]",
2749,Men's 4 x 100m Freestyle Relay Team,aquatics,swimming,men,freestyle,team,,100m,,,100m | x,relay | team,NO,NO,NO,100m | x,freestyle | relay | team,0,"[""men"", false, false, [""freestyle"", ""relay"", ""team""], [""100m""], [], [""100m"", ""x""]]",fuente3
2750,Women's Individual,,,,individual,,individual,,,,,individual,NO,NO,NO,,individual,0,"["""", false, false, [""individual""], [], [], []]",
2751,Women +67kg,,,,,,,,67kg,,67kg,,NO,NO,NO,67kg,,0,"["""", false, false, [], [], [""67kg""], [""67kg""]]",
2752,Women's Individual,archery,archery,women,individual,,individual,,,,,individual,NO,NO,NO,,individual,0,"[""women"", false, false, [""individual""], [], [], []]",fuente3
2753,Mixed Team,archery,archery,mixed,mixed,team,,,,,,team,NO,NO,YES,,mixed | team,0,"[""mixed"", false, false, [""mixed"", ""team""], [], [], []]",fuente3
2754,Men's 800m Freestyle,,,,freestyle,,,800m,,,800m,,NO,NO,NO,800m,freestyle,0,"["""", false, false, [""freestyle""], [""800m""], [], [""800m""]]",
2755,Women Team,,,,team,team,,,,,,team,NO,NO,NO,,team,0,"["""", false, false, [""team""], [], [], []]",
2756,Men's Kayak,canoeing,canoe slalom,men,,,,,,,kayak,,NO,NO,NO,kayak,,0,"[""men"", false, false, [], [], [], [""kayak""]]",fuente3
2757,Men Team,,,,team,team,,,,,,team,NO,NO,NO,,team,0,"["""", false, false, [""team""], [], [], []]",
2758,Men's Eight Team,rowing,rowing,men,team,team,,,,,eight,team,NO,NO,NO,eight,team,0,"[""men"", false, false, [""team""], [], [], [""eight""]]",fuente3
2759,Women's 4 x 100m Relay Team,athletics,athletics,women,relay,team,,100m,,,100m | x,relay | team,NO,NO,NO,100m | x,relay | team,0,"[""women"", false, false, [""relay"", ""team""], [""100m""], [], [""100m"", ""x""]]",fuente3
2760,Women -57kg,,,,,,,,57kg,,57kg,,NO,NO,NO,57kg,,0,"["""", false, false, [], [], [""57kg""], [""57kg""]]",
2761,Women's 100m Breaststroke,,,,,,,100m,,,100m | breaststroke,,NO,NO,NO,100m | breaststroke,,0,"["""", false, false, [], [""100m""], [], [""100m"", ""breaststroke""]]",
2762,Women's Shot Put,athletics,athletics,women,shot,,,,,,put,,NO,NO,NO,put,shot,0,"[""women"", false, false, [""shot""], [], [], [""put""]]",fuente3
2763,Men's 96kg,,,,,,,,96kg,,96kg,,NO,NO,NO,96kg,,0,"["""", false, false, [], [], [""96kg""], [""96kg""]]",
2764,Women's Freestyle 76kg,,,,freestyle,,,,76kg,,76kg,,NO,NO,NO,76kg,freestyle,0,"["""", false, false, [""freestyle""], [], [""76kg""], [""76kg""]]",
2765,Men's 100m,,,,,,,100m,,,100m,,NO,NO,NO,100m,,0,"["""", false, false, [], [""100m""], [], [""100m""]]",
2766,Women's Freestyle 57kg,,,,freestyle,,,,57kg,,57kg,,NO,NO,NO,57kg,freestyle,0,"["""", false, false, [""freestyle""], [], [""57kg""], [""57kg""]]",
2767,Women's Freestyle 62kg,,,,freestyle,,,,62kg,,62kg,,NO,NO,NO,62kg,freestyle,0,"["""", false, false, [""freestyle""], [], [""62kg""], [""62kg""]]",
2768,Individual All-Around,,,,individual,,individual,,,,all | around,individual,NO,NO,NO,all | around,individual,0,"["""", false, false, [""individual""], [], [], [""all"", ""around""]]",
2769,Women +78 kg,,,,,,,,78 kg,,,,NO,NO,NO,,,0,"["""", false, false, [], [], [""78 kg""], []]",
2770,Women,,,,,,,,,,,,NO,NO,NO,,,0,"["""", false, false, [], [], [], []]",
2771,Men's Canoe Single 1000m,,,,single,,,1000m,,,1000m | canoe,single,NO,NO,NO,1000m | canoe,single,0,"["""", false, false, [""single""], [""1000m""], [], [""1000m"", ""canoe""]]",
2772,Men's Canoe Double 1000m Team,,,,double,team,,1000m,,,1000m | canoe,double | team,NO,NO,NO,1000m | canoe,double | team,0,"["""", false, false, [""double"", ""team""], [""1000m""], [], [""1000m"", ""canoe""]]",
2773,Men's Double Sculls Team,rowing,rowing,men,double,team,,,,,sculls,double | team,NO,NO,NO,sculls,double | team,0,"[""men"", false, false, [""double"", ""team""], [], [], [""sculls""]]",fuente3
2774,Women's Quadruple Sculls Team,rowing,rowing,women,team,team,,,,,quadruple | sculls,team,NO,NO,NO,quadruple | sculls,team,0,"[""women"", false, false, [""team""], [], [], [""quadruple"", ""sculls""]]",fuente3
2775,Men's Two Person Dinghy - 470 Team,,,,team,team,,,,,dinghy | person | two,team,NO,NO,NO,dinghy | person | two,team,0,"["""", false, false, [""team""], [], [], [""dinghy"", ""person"", ""two""]]",
2776,Women's 1500m,,,,,,,1500m,,,1500m,,NO,NO,NO,1500m,,0,"["""", false, false, [], [""1500m""], [], [""1500m""]]",
2777,Men's 400m,,,,,,,400m,,,400m,,NO,NO,NO,400m,,0,"["""", false, false, [], [""400m""], [], [""400m""]]",
2778,Women,,,,,,,,,,,,NO,NO,NO,,,0,"["""", false, false, [], [], [], []]",
2779,Women's 50m Freestyle,,,,freestyle,,,50m,,,50m,,NO,NO,NO,50m,freestyle,0,"["""", false, false, [""freestyle""], [""50m""], [], [""50m""]]",
2780,Women -63 kg,,,,,,,,63 kg,,,,NO,NO,NO,,,0,"["""", false, false, [], [], [""63 kg""], []]",
2781,Men Team,,,,team,team,,,,,,team,NO,NO,NO,,team,0,"["""", false, false, [""team""], [], [], []]",
2782,Men's Kayak Single 1000m,,,,single,,,1000m,,,1000m | kayak,single,NO,NO,NO,1000m | kayak,single,0,"["""", false, false, [""single""], [""1000m""], [], [""1000m"", ""kayak""]]",
2783,Men's Triple Jump,athletics,athletics,men,,,,,,,jump | triple,,NO,NO,NO,jump | triple,,0,"[""men"", false, false, [], [], [], [""jump"", ""triple""]]",fuente3
2784,Men's Freestyle 86kg,,,,freestyle,,,,86kg,,86kg,,NO,NO,NO,86kg,freestyle,0,"["""", false, false, [""freestyle""], [], [""86kg""], [""86kg""]]",
2785,Men Team,,,,team,team,,,,,,team,NO,NO,NO,,team,0,"["""", false, false, [""team""], [], [], []]",
2786,Men's 50km Race Walk,,,,,,,50km,,,50km | race | walk,,NO,NO,NO,50km | race | walk,,0,"["""", false, false, [], [""50km""], [], [""50km"", ""race"", ""walk""]]",
2787,Women's Heptathlon,athletics,athletics,women,,,,,,,heptathlon,,NO,NO,NO,heptathlon,,0,"[""women"", false, false, [], [], [], [""heptathlon""]]",fuente3
2788,Women's 10m Platform,aquatics,diving,women,,,,10m,,,10m | platform,,NO,NO,NO,10m | platform,,0,"[""women"", false, false, [], [""10m""], [], [""10m"", ""platform""]]",fuente3
2789,Women's Synchronised 10m Platform Team,aquatics,diving,women,team,team,,10m,,,10m | platform | synchronised,team,NO,NO,NO,10m | platform | synchronised,team,0,"[""women"", false, false, [""team""], [""10m""], [], [""10m"", ""platform"", ""synchronised""]]",fuente3
2790,Men's Welter (63-69kg),,,,,,,,69kg,,69kg | welter,,NO,NO,NO,69kg | welter,,0,"["""", false, false, [], [], [""69kg""], [""69kg"", ""welter""]]",
2791,Men's 100m Butterfly,,,,,,,100m,,,100m | butterfly,,NO,NO,NO,100m | butterfly,,0,"["""", false, false, [], [""100m""], [], [""100m"", ""butterfly""]]",
2792,Women's Freestyle 68kg,,,,freestyle,,,,68kg,,68kg,,NO,NO,NO,68kg,freestyle,0,"["""", false, false, [""freestyle""], [], [""68kg""], [""68kg""]]",
2793,"Men's 10,000m",,,,,,,000m,,,000m,,NO,NO,NO,000m,,0,"["""", false, false, [], [""000m""], [], [""000m""]]",
2794,Women's Kayak Single 200m,,,,single,,,200m,,,200m | kayak,single,NO,NO,NO,200m | kayak,single,0,"["""", false, false, [""single""], [""200m""], [], [""200m"", ""kayak""]]",
2795,Women's Kayak Single 500m,,,,single,,,500m,,,500m | kayak,single,NO,NO,NO,500m | kayak,single,0,"["""", false, false, [""single""], [""500m""], [], [""500m"", ""kayak""]]",
2796,Men's Doubles Team,badminton,badminton,men,doubles,team,individual,,,,,doubles | team,NO,NO,NO,,doubles | team,0,"[""men"", false, false, [""doubles"", ""team""], [], [], []]",fuente3
2797,Women,,,,,,,,,,,,NO,NO,NO,,,0,"["""", false, false, [], [], [], []]",
2798,Women's 4 x 100m Freestyle Relay Team,aquatics,swimming,women,freestyle,team,,100m,,,100m | x,relay | team,NO,NO,NO,100m | x,freestyle | relay | team,0,"[""women"", false, false, [""freestyle"", ""relay"", ""team""], [""100m""], [], [""100m"", ""x""]]",fuente3
2799,Women's Pair Team,rowing,rowing,women,team,team,,,,,pair,team,NO,NO,NO,pair,team,0,"[""women"", false, false, [""team""], [], [], [""pair""]]",fuente3
2800,Men's Greco-Roman 60kg,,,,,,,,60kg,,60kg | greco | roman,,NO,NO,NO,60kg | greco | roman,,0,"["""", false, false, [], [], [""60kg""], [""60kg"", ""greco"", ""roman""]]",
2801,Women's 49kg,,,,,,,,49kg,,49kg,,NO,NO,NO,49kg,,0,"["""", false, false, [], [], [""49kg""], [""49kg""]]",
2802,Men's Greco-Roman 77kg,,,,,,,,77kg,,77kg | greco | roman,,NO,NO,NO,77kg | greco | roman,,0,"["""", false, false, [], [], [""77kg""], [""77kg"", ""greco"", ""roman""]]",
2803,Women Team,,,,team,team,,,,,,team,NO,NO,NO,,team,0,"["""", false, false, [""team""], [], [], []]",
2804,Men's 4 x 100m Relay Team,athletics,athletics,men,relay,team,,100m,,,100m | x,relay | team,NO,NO,NO,100m | x,relay | team,0,"[""men"", false, false, [""relay"", ""team""], [""100m""], [], [""100m"", ""x""]]",fuente3
2805,10m Air Rifle Men,,,,,,,10m,,,10m | air | rifle,,NO,NO,NO,10m | air | rifle,,0,"["""", false, false, [], [""10m""], [], [""10m"", ""air"", ""rifle""]]",
2806,50m Rifle 3 Positions Men,,,,,,,50m,,,50m | positions | rifle,,NO,NO,NO,50m | positions | rifle,,0,"["""", false, false, [], [""50m""], [], [""50m"", ""positions"", ""rifle""]]",
2807,Women's Team,,,,team,team,,,,,,team,NO,NO,NO,,team,0,"["""", false, false, [""team""], [], [], []]",
2808,Women's Freestyle 53kg,,,,freestyle,,,,53kg,,53kg,,NO,NO,NO,53kg,freestyle,0,"["""", false, false, [""freestyle""], [], [""53kg""], [""53kg""]]",
2809,25m Rapid Fire Pistol Men,,,,,,,25m,,,25m | fire | pistol | rapid,,NO,NO,NO,25m | fire | pistol | rapid,,0,"["""", false, false, [], [""25m""], [], [""25m"", ""fire"", ""pistol"", ""rapid""]]",
2810,Men's High Jump,athletics,athletics,men,,,,,,,high | jump,,NO,NO,NO,high | jump,,0,"[""men"", false, false, [], [], [], [""high"", ""jump""]]",fuente3
2811,Women Team,,,,team,team,,,,,,team,NO,NO,NO,,team,0,"["""", false, false, [""team""], [], [], []]",
2812,Women's Welter (64-69kg),,,,,,,,69kg,,69kg | welter,,NO,NO,NO,69kg | welter,,0,"["""", false, false, [], [], [""69kg""], [""69kg"", ""welter""]]",
2813,Men -60 kg,,,,,,,,60 kg,,,,NO,NO,NO,,,0,"["""", false, false, [], [], [""60 kg""], []]",
2814,Women's +87kg,,,,,,,,87kg,,87kg,,NO,NO,NO,87kg,,0,"["""", false, false, [], [], [""87kg""], [""87kg""]]",
2815,Men's Freestyle 65kg,,,,freestyle,,,,65kg,,65kg,,NO,NO,NO,65kg,freestyle,0,"["""", false, false, [""freestyle""], [], [""65kg""], [""65kg""]]",
2816,Men's Kayak Single 200m,,,,single,,,200m,,,200m | kayak,single,NO,NO,NO,200m | kayak,single,0,"["""", false, false, [""single""], [""200m""], [], [""200m"", ""kayak""]]",
2817,Jumping Team,,,,team,team,,,,,jumping,team,NO,NO,NO,jumping,team,0,"["""", false, false, [""team""], [], [], [""jumping""]]",
2818,Jumping Individual,,,,individual,,individual,,,,jumping,individual,NO,NO,NO,jumping,individual,0,"["""", false, false, [""individual""], [], [], [""jumping""]]",
2819,Trap Men,shooting,shooting,men,,,,,,,trap,,NO,NO,NO,trap,,0,"[""men"", false, false, [], [], [], [""trap""]]",fuente3
2820,Men's Single Sculls,rowing,rowing,men,single,,,,,,sculls,single,NO,NO,NO,sculls,single,0,"[""men"", false, false, [""single""], [], [], [""sculls""]]",fuente3
2821,Men's Greco-Roman 67kg,,,,,,,,67kg,,67kg | greco | roman,,NO,NO,NO,67kg | greco | roman,,0,"["""", false, false, [], [], [""67kg""], [""67kg"", ""greco"", ""roman""]]",
2822,Men's Fly (48-52kg),,,,,,,,52kg,,52kg | fly,,NO,NO,NO,52kg | fly,,0,"["""", false, false, [], [], [""52kg""], [""52kg"", ""fly""]]",
2823,Men's Individual,,,,individual,,individual,,,,,individual,NO,NO,NO,,individual,0,"["""", false, false, [""individual""], [], [], []]",
2824,Mixed Relay Team,triathlon,triathlon,mixed,mixed,team,,,,,,relay | team,NO,NO,YES,,mixed | relay | team,0,"[""mixed"", false, false, [""mixed"", ""relay"", ""team""], [], [], []]",fuente3
2825,Men +80kg,,,,,,,,80kg,,80kg,,NO,NO,NO,80kg,,0,"["""", false, false, [], [], [""80kg""], [""80kg""]]",
2826,Women Team,,,,team,team,,,,,,team,NO,NO,NO,,team,0,"["""", false, false, [""team""], [], [], []]",
2827,Mixed Multihull - Nacra 17 Foiling Team,,,,mixed,team,,,,,foiling | multihull | nacra,team,NO,NO,YES,foiling | multihull | nacra,mixed | team,0,"["""", false, false, [""mixed"", ""team""], [], [], [""foiling"", ""multihull"", ""nacra""]]",
2828,Women -57 kg,,,,,,,,57 kg,,,,NO,NO,NO,,,0,"["""", false, false, [], [], [""57 kg""], []]",
2829,Women's Eight Team,rowing,rowing,women,team,team,,,,,eight,team,NO,NO,NO,eight,team,0,"[""women"", false, false, [""team""], [], [], [""eight""]]",fuente3
2830,Women's Singles,tennis,tennis,women,singles,,individual,,,,,singles,NO,NO,NO,,singles,0,"[""women"", false, false, [""singles""], [], [], []]",fuente3
2831,Team,,,,team,team,,,,,,team,NO,NO,NO,,team,0,"["""", false, false, [""team""], [], [], []]",
2832,Women's 59kg,,,,,,,,59kg,,59kg,,NO,NO,NO,59kg,,0,"["""", false, false, [], [], [""59kg""], [""59kg""]]",
2833,Women's 800m,,,,,,,800m,,,800m,,NO,NO,NO,800m,,0,"["""", false, false, [], [""800m""], [], [""800m""]]",
2834,Duet Team,,,,team,team,,,,,duet,team,NO,NO,NO,duet,team,0,"["""", false, false, [""team""], [], [], [""duet""]]",
2835,Women's Light (57-60kg),boxing,boxing,women,,,,,60kg,,60kg | light,,NO,NO,NO,60kg | light,,0,"[""women"", false, false, [], [], [""60kg""], [""60kg"", ""light""]]",fuente3
2836,Men's Light Heavy (75-81kg),,,,,,,,81kg,,81kg | heavy | light,,NO,NO,NO,81kg | heavy | light,,0,"["""", false, false, [], [], [""81kg""], [""81kg"", ""heavy"", ""light""]]",
2837,Eventing Team,,,,team,team,,,,,eventing,team,NO,NO,NO,eventing,team,0,"["""", false, false, [""team""], [], [], [""eventing""]]",
2838,Eventing Individual,,,,individual,,individual,,,,eventing,individual,NO,NO,NO,eventing,individual,0,"["""", false, false, [""individual""], [], [], [""eventing""]]",
2839,Women's Feather (54-57kg),,,,,,,,57kg,,57kg | feather,,NO,NO,NO,57kg | feather,,0,"["""", false, false, [], [], [""57kg""], [""57kg"", ""feather""]]",
2840,Trap Women,shooting,shooting,women,,,,,,,trap,,NO,NO,NO,trap,,0,"[""women"", false, false, [], [], [], [""trap""]]",fuente3
2841,Trap Mixed Team,shooting,shooting,mixed,mixed,team,,,,,trap,team,NO,NO,YES,trap,mixed | team,0,"[""mixed"", false, false, [""mixed"", ""team""], [], [], [""trap""]]",fuente3
2842,Men's Feather (52-57kg),,,,,,,,57kg,,57kg | feather,,NO,NO,NO,57kg | feather,,0,"["""", false, false, [], [], [""57kg""], [""57kg"", ""feather""]]",
2843,Men's 110m Hurdles,,,,,,,110m,,,110m | hurdles,,NO,NO,NO,110m | hurdles,,0,"["""", false, false, [], [""110m""], [], [""110m"", ""hurdles""]]",
2844,Men's 81kg,,,,,,,,81kg,,81kg,,NO,NO,NO,81kg,,0,"["""", false, false, [], [], [""81kg""], [""81kg""]]",
2845,Baseball Team,,,,team,team,,,,,baseball,team,NO,NO,NO,baseball,team,0,"["""", false, false, [""team""], [], [], [""baseball""]]",
2846,Men's 200m Breaststroke,,,,,,,200m,,,200m | breaststroke,,NO,NO,NO,200m | breaststroke,,0,"["""", false, false, [], [""200m""], [], [""200m"", ""breaststroke""]]",
2847,Women's Discus Throw,athletics,athletics,women,,,,,,,discus | throw,,NO,NO,NO,discus | throw,,0,"[""women"", false, false, [], [], [], [""discus"", ""throw""]]",fuente3
2848,Women's 4 x 400m Relay Team,athletics,athletics,women,relay,team,,400m,,,400m | x,relay | team,NO,NO,NO,400m | x,relay | team,0,"[""women"", false, false, [""relay"", ""team""], [""400m""], [], [""400m"", ""x""]]",fuente3
2849,Men's Kumite -67kg,,,,,,,,67kg,,67kg | kumite,,NO,NO,NO,67kg | kumite,,0,"["""", false, false, [], [], [""67kg""], [""67kg"", ""kumite""]]",
2850,Men's Road Race,,,,,,,,,,race | road,,NO,NO,NO,race | road,,0,"["""", false, false, [], [], [], [""race"", ""road""]]",
2851,Men's Individual Time Trial,cycling,cycling road,men,individual,,individual,,,,time | trial,individual,NO,NO,NO,time | trial,individual,0,"[""men"", false, false, [""individual""], [], [], [""time"", ""trial""]]",fuente3
2852,Women's 4 x 200m Freestyle Relay Team,aquatics,swimming,women,freestyle,team,,200m,,,200m | x,relay | team,NO,NO,NO,200m | x,freestyle | relay | team,0,"[""women"", false, false, [""freestyle"", ""relay"", ""team""], [""200m""], [], [""200m"", ""x""]]",fuente3
2853,Men's Kata,karate,karate,men,,,,,,,kata,,NO,NO,NO,kata,,0,"[""men"", false, false, [], [], [], [""kata""]]",fuente3
2854,Women's 100m Butterfly,,,,,,,100m,,,100m | butterfly,,NO,NO,NO,100m | butterfly,,0,"["""", false, false, [], [""100m""], [], [""100m"", ""butterfly""]]",
2855,Men's 61kg,,,,,,,,61kg,,61kg,,NO,NO,NO,61kg,,0,"["""", false, false, [], [], [""61kg""], [""61kg""]]",
2856,Lightweight Women's Double Sculls Team,rowing,rowing,women,double,team,,,,,sculls,double | team,NO,NO,NO,sculls,double | lightweight | team,0,"[""women"", false, false, [""double"", ""lightweight"", ""team""], [], [], [""sculls""]]",fuente3
2857,Women -48 kg,,,,,,,,48 kg,,,,NO,NO,NO,,,0,"["""", false, false, [], [], [""48 kg""], []]",
2858,Men's 400m Freestyle,,,,freestyle,,,400m,,,400m,,NO,NO,NO,400m,freestyle,0,"["""", false, false, [""freestyle""], [""400m""], [], [""400m""]]",
2859,Men's 200m Freestyle,aquatics,swimming,men,freestyle,,,200m,,,200m,,NO,NO,NO,200m,freestyle,0,"[""men"", false, false, [""freestyle""], [""200m""], [], [""200m""]]",fuente3
2860,Women's Team Pursuit Team,cycling,cycling track,women,pursuit,team,,,,,,team | team,NO,NO,NO,,pursuit | team | team,0,"[""women"", false, false, [""pursuit"", ""team"", ""team""], [], [], []]",fuente3
2861,Men's Middle (69-75kg),,,,,,,,75kg,,75kg | middle,,NO,NO,NO,75kg | middle,,0,"["""", false, false, [], [], [""75kg""], [""75kg"", ""middle""]]",
2862,Men's 200m,,,,,,,200m,,,200m,,NO,NO,NO,200m,,0,"["""", false, false, [], [""200m""], [], [""200m""]]",
2863,Men's Skiff - 49er Team,,,,team,team,,,,,49er | skiff,team,NO,NO,NO,49er | skiff,team,0,"["""", false, false, [""team""], [], [], [""49er"", ""skiff""]]",
2864,Women's 100m Hurdles,athletics,athletics,women,,,,100m,,,100m | hurdles,,NO,NO,NO,100m | hurdles,,0,"[""women"", false, false, [], [""100m""], [], [""100m"", ""hurdles""]]",fuente3
2865,Women's Team,archery,archery,women,team,team,,,,,,team,NO,NO,NO,,team,0,"[""women"", false, false, [""team""], [], [], []]",fuente3
2866,Women's Marathon,athletics,athletics,women,,,,,,,marathon,,NO,NO,NO,marathon,,0,"[""women"", false, false, [], [], [], [""marathon""]]",fuente3
2867,Women's Kata,karate,karate,women,,,,,,,kata,,NO,NO,NO,kata,,0,"[""women"", false, false, [], [], [], [""kata""]]",fuente3
2868,Men -90 kg,,,,,,,,90 kg,,,,NO,NO,NO,,,0,"["""", false, false, [], [], [""90 kg""], []]",
2869,Men's Hammer Throw,athletics,athletics,men,,,,,,,hammer | throw,,NO,NO,NO,hammer | throw,,0,"[""men"", false, false, [], [], [], [""hammer"", ""throw""]]",fuente3
2870,Skeet Women,shooting,shooting,women,,,,,,,skeet,,NO,NO,NO,skeet,,0,"[""women"", false, false, [], [], [], [""skeet""]]",fuente3
2871,Men's Individual Stroke Play,,,,individual,,individual,,,,play | stroke,individual,NO,NO,NO,play | stroke,individual,0,"["""", false, false, [""individual""], [], [], [""play"", ""stroke""]]",
2872,Women's Hammer Throw,athletics,athletics,women,,,,,,,hammer | throw,,NO,NO,NO,hammer | throw,,0,"[""women"", false, false, [], [], [], [""hammer"", ""throw""]]",fuente3
2873,Men's Park,roller sports,skateboarding,men,,,,,,,park,,NO,NO,NO,park,,0,"[""men"", false, false, [], [], [], [""park""]]",fuente3
2874,Women's 100m Freestyle,aquatics,swimming,women,freestyle,,,100m,,,100m,,NO,NO,NO,100m,freestyle,0,"[""women"", false, false, [""freestyle""], [""100m""], [], [""100m""]]",fuente3
2875,Women's 200m Freestyle,aquatics,swimming,women,freestyle,,,200m,,,200m,,NO,NO,NO,200m,freestyle,0,"[""women"", false, false, [""freestyle""], [""200m""], [], [""200m""]]",fuente3
2876,Women's 4 x 100m Medley Relay Team,aquatics,swimming,women,relay,team,,100m,,,100m | medley | x,relay | team,NO,NO,NO,100m | medley | x,relay | team,0,"[""women"", false, false, [""relay"", ""team""], [""100m""], [], [""100m"", ""medley"", ""x""]]",fuente3
2877,Women's 10km,,,,,,,10km,,,10km,,NO,NO,NO,10km,,0,"["""", false, false, [], [""10km""], [], [""10km""]]",
2878,4 x 400m Relay Mixed,athletics,athletics,mixed,mixed,team,,400m,,,400m | x,relay,NO,NO,YES,400m | x,mixed | relay,0,"[""mixed"", false, false, [""mixed"", ""relay""], [""400m""], [], [""400m"", ""x""]]",fuente3
2879,Women's 20km Race Walk,,,,,,,20km,,,20km | race | walk,,NO,NO,NO,20km | race | walk,,0,"["""", false, false, [], [""20km""], [], [""20km"", ""race"", ""walk""]]",
2880,Men,,,,,,,,,,,,NO,NO,NO,,,0,"["""", false, false, [], [], [], []]",
2881,Women's 200m Individual Medley,,,,individual,,individual,200m,,,200m | medley,individual,NO,NO,NO,200m | medley,individual,0,"["""", false, false, [""individual""], [""200m""], [], [""200m"", ""medley""]]",
2882,Women's 64kg,,,,,,,,64kg,,64kg,,NO,NO,NO,64kg,,0,"["""", false, false, [], [], [""64kg""], [""64kg""]]",
2883,"Women's 10,000m",,,,,,,000m,,,000m,,NO,NO,NO,000m,,0,"["""", false, false, [], [""000m""], [], [""000m""]]",
2884,Men,,,,,,,,,,,,NO,NO,NO,,,0,"["""", false, false, [], [], [], []]",
2885,Men's 1500m,,,,,,,1500m,,,1500m,,NO,NO,NO,1500m,,0,"["""", false, false, [], [""1500m""], [], [""1500m""]]",
2886,Women's Canoe Single 200m,,,,single,,,200m,,,200m | canoe,single,NO,NO,NO,200m | canoe,single,0,"["""", false, false, [""single""], [""200m""], [], [""200m"", ""canoe""]]",
2887,Women's Canoe Double 500m Team,canoeing,canoe sprint,women,double,team,,500m,,,500m,double | team,NO,NO,NO,500m,double | team,0,"[""women"", false, false, [""double"", ""team""], [""500m""], [], [""500m""]]",fuente3
2888,Women's Javelin Throw,athletics,athletics,women,,,,,,,javelin | throw,,NO,NO,NO,javelin | throw,,0,"[""women"", false, false, [], [], [], [""javelin"", ""throw""]]",fuente3
2889,Men's 50m Freestyle,,,,freestyle,,,50m,,,50m,,NO,NO,NO,50m,freestyle,0,"["""", false, false, [""freestyle""], [""50m""], [], [""50m""]]",
2890,Men's 200m Individual Medley,,,,individual,,individual,200m,,,200m | medley,individual,NO,NO,NO,200m | medley,individual,0,"["""", false, false, [""individual""], [""200m""], [], [""200m"", ""medley""]]",
2891,Men's 4 x 100m Medley Relay Team,aquatics,swimming,men,relay,team,,100m,,,100m | medley | x,relay | team,NO,NO,NO,100m | medley | x,relay | team,0,"[""men"", false, false, [""relay"", ""team""], [""100m""], [], [""100m"", ""medley"", ""x""]]",fuente3
2892,Women Team,,,,team,team,,,,,,team,NO,NO,NO,,team,0,"["""", false, false, [""team""], [], [], []]",
2893,Women's Sprint,cycling,cycling track,women,sprint,,,,,,,,NO,NO,NO,,sprint,0,"[""women"", false, false, [""sprint""], [], [], []]",fuente3
2894,Women's Keirin,cycling,cycling track,women,,,,,,,keirin,,NO,NO,NO,keirin,,0,"[""women"", false, false, [], [], [], [""keirin""]]",fuente3
2895,Men's 67kg,,,,,,,,67kg,,67kg,,NO,NO,NO,67kg,,0,"["""", false, false, [], [], [""67kg""], [""67kg""]]",
2896,Women's One Person Dinghy - Laser Radial,,,,,,,,,,dinghy | laser | one | person | radial,,NO,NO,NO,dinghy | laser | one | person | radial,,0,"["""", false, false, [], [], [], [""dinghy"", ""laser"", ""one"", ""person"", ""radial""]]",
2897,Men's Singles,tennis,tennis,men,singles,,individual,,,,,singles,NO,NO,NO,,singles,0,"[""men"", false, false, [""singles""], [], [], []]",fuente3
2898,Men's Doubles Team,tennis,tennis,men,doubles,team,individual,,,,,doubles | team,NO,NO,NO,,doubles | team,0,"[""men"", false, false, [""doubles"", ""team""], [], [], []]",fuente3
2899,Women's Four Team,rowing,rowing,women,team,team,,,,,four,team,NO,NO,NO,four,team,0,"[""women"", false, false, [""team""], [], [], [""four""]]",fuente3
2900,Men's Kayak Double 1000m Team,,,,double,team,,1000m,,,1000m | kayak,double | team,NO,NO,NO,1000m | kayak,double | team,0,"["""", false, false, [""double"", ""team""], [""1000m""], [], [""1000m"", ""kayak""]]",
2901,Men's Kayak Four 500m Team,canoeing,canoe sprint,men,team,team,,500m,,,500m | four | kayak,team,NO,NO,NO,500m | four | kayak,team,0,"[""men"", false, false, [""team""], [""500m""], [], [""500m"", ""four"", ""kayak""]]",fuente3
2902,Men's Quadruple Sculls Team,rowing,rowing,men,team,team,,,,,quadruple | sculls,team,NO,NO,NO,quadruple | sculls,team,0,"[""men"", false, false, [""team""], [], [], [""quadruple"", ""sculls""]]",fuente3
2903,Women's Team Sprint Team,cycling,cycling track,women,sprint,team,,,,,,team | team,NO,NO,NO,,sprint | team | team,0,"[""women"", false, false, [""sprint"", ""team"", ""team""], [], [], []]",fuente3
2904,Women's Double Sculls Team,rowing,rowing,women,double,team,,,,,sculls,double | team,NO,NO,NO,sculls,double | team,0,"[""women"", false, false, [""double"", ""team""], [], [], [""sculls""]]",fuente3
2905,Women's Sabre Individual,fencing,fencing,women,individual,,individual,,,,sabre,individual,NO,NO,NO,sabre,individual,0,"[""women"", false, false, [""individual""], [], [], [""sabre""]]",fuente3
2906,Women's Sabre Team,fencing,fencing,women,team,team,,,,,sabre,team,NO,NO,NO,sabre,team,0,"[""women"", false, false, [""team""], [], [], [""sabre""]]",fuente3
2907,Men's Street,roller sports,skateboarding,men,,,,,,,street,,NO,NO,NO,street,,0,"[""men"", false, false, [], [], [], [""street""]]",fuente3
2908,Women's Doubles Team,tennis,tennis,women,doubles,team,individual,,,,,doubles | team,NO,NO,NO,,doubles | team,0,"[""women"", false, false, [""doubles"", ""team""], [], [], []]",fuente3
2909,Men's Team,table tennis,table tennis,men,team,team,,,,,,team,NO,NO,NO,,team,0,"[""men"", false, false, [""team""], [], [], []]",fuente3
2910,Men's 4 x 200m Freestyle Relay Team,aquatics,swimming,men,freestyle,team,,200m,,,200m | x,relay | team,NO,NO,NO,200m | x,freestyle | relay | team,0,"[""men"", false, false, [""freestyle"", ""relay"", ""team""], [""200m""], [], [""200m"", ""x""]]",fuente3
2911,Women -70 kg,,,,,,,,70 kg,,,,NO,NO,NO,,,0,"["""", false, false, [], [], [""70 kg""], []]",
2912,Women's Long Jump,athletics,athletics,women,,,,,,,jump | long,,NO,NO,NO,jump | long,,0,"[""women"", false, false, [], [], [], [""jump"", ""long""]]",fuente3
2913,Men's One Person Dinghy - Laser,,,,,,,,,,dinghy | laser | one | person,,NO,NO,NO,dinghy | laser | one | person,,0,"["""", false, false, [], [], [], [""dinghy"", ""laser"", ""one"", ""person""]]",
2914,Women's Individual,modern pentathlon,modern pentathlon,women,individual,,individual,,,,,individual,NO,NO,NO,,individual,0,"[""women"", false, false, [""individual""], [], [], []]",fuente3
2915,Women's Omnium,cycling,cycling track,women,,,,,,,omnium,,NO,NO,NO,omnium,,0,"[""women"", false, false, [], [], [], [""omnium""]]",fuente3
2916,Women's Madison Team,cycling,cycling track,women,team,team,,,,,madison,team,NO,NO,NO,madison,team,0,"[""women"", false, false, [""team""], [], [], [""madison""]]",fuente3
2917,Women's 100m Backstroke,,,,,,,100m,,,100m | backstroke,,NO,NO,NO,100m | backstroke,,0,"["""", false, false, [], [""100m""], [], [""100m"", ""backstroke""]]",
2918,Men's 3m Springboard,aquatics,diving,men,,,,3m,,,3m | springboard,,NO,NO,NO,3m | springboard,,0,"[""men"", false, false, [], [""3m""], [], [""3m"", ""springboard""]]",fuente3
2919,Men's 20km Race Walk,,,,,,,20km,,,20km | race | walk,,NO,NO,NO,20km | race | walk,,0,"["""", false, false, [], [""20km""], [], [""20km"", ""race"", ""walk""]]",
2920,Women's Kayak Double 500m Team,canoeing,canoe sprint,women,double,team,,500m,,,500m | kayak,double | team,NO,NO,NO,500m | kayak,double | team,0,"[""women"", false, false, [""double"", ""team""], [""500m""], [], [""500m"", ""kayak""]]",fuente3
2921,Women's Two Person Dinghy - 470 Team,,,,team,team,,,,,dinghy | person | two,team,NO,NO,NO,dinghy | person | two,team,0,"["""", false, false, [""team""], [], [], [""dinghy"", ""person"", ""two""]]",
2922,Men's 10m Platform,aquatics,diving,men,,,,10m,,,10m | platform,,NO,NO,NO,10m | platform,,0,"[""men"", false, false, [], [""10m""], [], [""10m"", ""platform""]]",fuente3
2923,Women's Park,roller sports,skateboarding,women,,,,,,,park,,NO,NO,NO,park,,0,"[""women"", false, false, [], [], [], [""park""]]",fuente3
2924,Men's 100m Backstroke,,,,,,,100m,,,100m | backstroke,,NO,NO,NO,100m | backstroke,,0,"["""", false, false, [], [""100m""], [], [""100m"", ""backstroke""]]",
2925,Men's 400m Individual Medley,,,,individual,,individual,400m,,,400m | medley,individual,NO,NO,NO,400m | medley,individual,0,"["""", false, false, [""individual""], [""400m""], [], [""400m"", ""medley""]]",
2926,10m Air Rifle Women,,,,,,,10m,,,10m | air | rifle,,NO,NO,NO,10m | air | rifle,,0,"["""", false, false, [], [""10m""], [], [""10m"", ""air"", ""rifle""]]",
2927,50m Rifle 3 Positions Women,,,,,,,50m,,,50m | positions | rifle,,NO,NO,NO,50m | positions | rifle,,0,"["""", false, false, [], [""50m""], [], [""50m"", ""positions"", ""rifle""]]",
2928,10m Air Rifle Mixed Team,,,,mixed,team,,10m,,,10m | air | rifle,team,NO,NO,YES,10m | air | rifle,mixed | team,0,"["""", false, false, [""mixed"", ""team""], [""10m""], [], [""10m"", ""air"", ""rifle""]]",
2929,Women Team,,,,team,team,,,,,,team,NO,NO,NO,,team,0,"["""", false, false, [""team""], [], [], []]",
2930,Men -58kg,,,,,,,,58kg,,58kg,,NO,NO,NO,58kg,,0,"["""", false, false, [], [], [""58kg""], [""58kg""]]",
2931,25m Pistol Women,,,,,,,25m,,,25m | pistol,,NO,NO,NO,25m | pistol,,0,"["""", false, false, [], [""25m""], [], [""25m"", ""pistol""]]",
2932,Men's +109kg,,,,,,,,109kg,,109kg,,NO,NO,NO,109kg,,0,"["""", false, false, [], [], [""109kg""], [""109kg""]]",
2933,Women's Individual Stroke Play,,,,individual,,individual,,,,play | stroke,individual,NO,NO,NO,play | stroke,individual,0,"["""", false, false, [""individual""], [], [], [""play"", ""stroke""]]",
2934,Men's Windsurfer - RS:X,,,,,,,,,,rs | windsurfer | x,,NO,NO,NO,rs | windsurfer | x,,0,"["""", false, false, [], [], [], [""rs"", ""windsurfer"", ""x""]]",
2935,Women's 4 x 100m Relay,athletics,athletics,women,relay,team,,100m,,,100m | x,relay,NO,NO,NO,100m | x,relay,0,"[""women"", false, false, [""relay""], [""100m""], [], [""100m"", ""x""]]",fuente3
2936,Men's 200m Backstroke,,,,,,,200m,,,200m | backstroke,,NO,NO,NO,200m | backstroke,,0,"["""", false, false, [], [""200m""], [], [""200m"", ""backstroke""]]",
2937,Mixed Doubles Team,tennis,tennis,mixed,mixed,team,individual,,,,,doubles | team,NO,NO,YES,,doubles | mixed | team,0,"[""mixed"", false, false, [""doubles"", ""mixed"", ""team""], [], [], []]",fuente3
2938,Men's Cross-country,cycling,mountain bike,men,,,,,,,country | cross,,NO,NO,NO,country | cross,,0,"[""men"", false, false, [], [], [], [""country"", ""cross""]]",fuente3
2939,Women's 200m Butterfly,,,,,,,200m,,,200m | butterfly,,NO,NO,NO,200m | butterfly,,0,"["""", false, false, [], [""200m""], [], [""200m"", ""butterfly""]]",
2940,Men's Sprint,cycling,cycling track,men,sprint,,,,,,,,NO,NO,NO,,sprint,0,"[""men"", false, false, [""sprint""], [], [], []]",fuente3
2941,Men's Keirin,cycling,cycling track,men,,,,,,,keirin,,NO,NO,NO,keirin,,0,"[""men"", false, false, [], [], [], [""keirin""]]",fuente3
2942,Dressage Team,,,,team,team,,,,,dressage,team,NO,NO,NO,dressage,team,0,"["""", false, false, [""team""], [], [], [""dressage""]]",
2943,Dressage Individual,,,,individual,,individual,,,,dressage,individual,NO,NO,NO,dressage,individual,0,"["""", false, false, [""individual""], [], [], [""dressage""]]",
2944,Women's 200m,,,,,,,200m,,,200m,,NO,NO,NO,200m,,0,"["""", false, false, [], [""200m""], [], [""200m""]]",
2945,Women's Foil Individual,fencing,fencing,women,individual,,individual,,,,foil,individual,NO,NO,NO,foil,individual,0,"[""women"", false, false, [""individual""], [], [], [""foil""]]",fuente3
2946,Women's Foil Team,fencing,fencing,women,team,team,,,,,foil,team,NO,NO,NO,foil,team,0,"[""women"", false, false, [""team""], [], [], [""foil""]]",fuente3
2947,Women's 1500m Freestyle,,,,freestyle,,,1500m,,,1500m,,NO,NO,NO,1500m,freestyle,0,"["""", false, false, [""freestyle""], [""1500m""], [], [""1500m""]]",
2948,Men's 200m Butterfly,,,,,,,200m,,,200m | butterfly,,NO,NO,NO,200m | butterfly,,0,"["""", false, false, [], [""200m""], [], [""200m"", ""butterfly""]]",
2949,Women's 200m Backstroke,,,,,,,200m,,,200m | backstroke,,NO,NO,NO,200m | backstroke,,0,"["""", false, false, [], [""200m""], [], [""200m"", ""backstroke""]]",
2950,Women's Kumite -55kg,,,,,,,,55kg,,55kg | kumite,,NO,NO,NO,55kg | kumite,,0,"["""", false, false, [], [], [""55kg""], [""55kg"", ""kumite""]]",
2951,Men's Discus Throw,athletics,athletics,men,,,,,,,discus | throw,,NO,NO,NO,discus | throw,,0,"[""men"", false, false, [], [], [], [""discus"", ""throw""]]",fuente3
2952,Women's Singles,table tennis,table tennis,women,singles,,individual,,,,,singles,NO,NO,NO,,singles,0,"[""women"", false, false, [""singles""], [], [], []]",fuente3
2953,Men's Synchronised 10m Platform Team,aquatics,diving,men,team,team,,10m,,,10m | platform | synchronised,team,NO,NO,NO,10m | platform | synchronised,team,0,"[""men"", false, false, [""team""], [""10m""], [], [""10m"", ""platform"", ""synchronised""]]",fuente3
2954,Women's 400m Individual Medley,,,,individual,,individual,400m,,,400m | medley,individual,NO,NO,NO,400m | medley,individual,0,"["""", false, false, [""individual""], [""400m""], [], [""400m"", ""medley""]]",
2955,Men's Épée Individual,fencing,fencing,men,individual,,individual,,,,epee,individual,NO,NO,NO,epee,individual,0,"[""men"", false, false, [""individual""], [], [], [""epee""]]",fuente3
2956,Men's Épée Team,fencing,fencing,men,team,team,,,,,epee,team,NO,NO,NO,epee,team,0,"[""men"", false, false, [""team""], [], [], [""epee""]]",fuente3
2957,Women's Madison,cycling,cycling track,women,,,,,,,madison,,NO,NO,NO,madison,,0,"[""women"", false, false, [], [], [], [""madison""]]",fuente3
2958,Men +100 kg,,,,,,,,100 kg,,,,NO,NO,NO,,,0,"["""", false, false, [], [], [""100 kg""], []]",
2959,Men's Decathlon,athletics,athletics,men,,,,,,,decathlon,,NO,NO,NO,decathlon,,0,"[""men"", false, false, [], [], [], [""decathlon""]]",fuente3
2960,Women's 5000m,,,,,,,5000m,,,5000m,,NO,NO,NO,5000m,,0,"["""", false, false, [], [""5000m""], [], [""5000m""]]",
2961,Women's Cross-country,cycling,mountain bike,women,,,,,,,country | cross,,NO,NO,NO,country | cross,,0,"[""women"", false, false, [], [], [], [""country"", ""cross""]]",fuente3
2962,Women Team,,,,team,team,,,,,,team,NO,NO,NO,,team,0,"["""", false, false, [""team""], [], [], []]",
2963,Women's Windsurfer - RS:X,,,,,,,,,,rs | windsurfer | x,,NO,NO,NO,rs | windsurfer | x,,0,"["""", false, false, [], [], [], [""rs"", ""windsurfer"", ""x""]]",
2964,Women's 400m Hurdles,athletics,athletics,women,,,,400m,,,400m | hurdles,,NO,NO,NO,400m | hurdles,,0,"[""women"", false, false, [], [""400m""], [], [""400m"", ""hurdles""]]",fuente3
2965,Women's 200m Breaststroke,,,,,,,200m,,,200m | breaststroke,,NO,NO,NO,200m | breaststroke,,0,"["""", false, false, [], [""200m""], [], [""200m"", ""breaststroke""]]",
2966,Men Team,,,,team,team,,,,,,team,NO,NO,NO,,team,0,"["""", false, false, [""team""], [], [], []]",
2967,Men's Individual,modern pentathlon,modern pentathlon,men,individual,,individual,,,,,individual,NO,NO,NO,,individual,0,"[""men"", false, false, [""individual""], [], [], []]",fuente3
2968,Women's Épée Team,fencing,fencing,women,team,team,,,,,epee,team,NO,NO,NO,epee,team,0,"[""women"", false, false, [""team""], [], [], [""epee""]]",fuente3
2969,Women's 800m Freestyle,,,,freestyle,,,800m,,,800m,,NO,NO,NO,800m,freestyle,0,"["""", false, false, [""freestyle""], [""800m""], [], [""800m""]]",
2970,Women's Park,cycling,bmx freestyle,women,,,,,,,park,,NO,NO,NO,park,,0,"[""women"", false, false, [], [], [], [""park""]]",fuente3
2971,Women's Pole Vault,athletics,athletics,women,,,,,,,pole | vault,,NO,NO,NO,pole | vault,,0,"[""women"", false, false, [], [], [], [""pole"", ""vault""]]",fuente3
2972,Women's Street,roller sports,skateboarding,women,,,,,,,street,,NO,NO,NO,street,,0,"[""women"", false, false, [], [], [], [""street""]]",fuente3
2973,Men's Canoe,canoeing,canoe slalom,men,,,,,,,,,NO,NO,NO,,,0,"[""men"", false, false, [], [], [], []]",fuente3
2974,Men's Four Team,rowing,rowing,men,team,team,,,,,four,team,NO,NO,NO,four,team,0,"[""men"", false, false, [""team""], [], [], [""four""]]",fuente3
2975,Men's One Person Dinghy (Heavyweight) - Finn,,,,heavyweight,,,,,,dinghy | finn | one | person,,NO,NO,NO,dinghy | finn | one | person,heavyweight,0,"["""", false, false, [""heavyweight""], [], [], [""dinghy"", ""finn"", ""one"", ""person""]]",
2976,Men's Team Pursuit Team,cycling,cycling track,men,pursuit,team,,,,,,team | team,NO,NO,NO,,pursuit | team | team,0,"[""men"", false, false, [""pursuit"", ""team"", ""team""], [], [], []]",fuente3
2977,Men's Madison Team,cycling,cycling track,men,team,team,,,,,madison,team,NO,NO,NO,madison,team,0,"[""men"", false, false, [""team""], [], [], [""madison""]]",fuente3
2978,Women's Canoe,canoeing,canoe slalom,women,,,,,,,,,NO,NO,NO,,,0,"[""women"", false, false, [], [], [], []]",fuente3
2979,Men's Long Jump,athletics,athletics,men,,,,,,,jump | long,,NO,NO,NO,jump | long,,0,"[""men"", false, false, [], [], [], [""jump"", ""long""]]",fuente3
2980,Men's Team Sprint Team,cycling,cycling track,men,sprint,team,,,,,,team | team,NO,NO,NO,,sprint | team | team,0,"[""men"", false, false, [""sprint"", ""team"", ""team""], [], [], []]",fuente3
2981,Women's Doubles Team,badminton,badminton,women,doubles,team,individual,,,,,doubles | team,NO,NO,NO,,doubles | team,0,"[""women"", false, false, [""doubles"", ""team""], [], [], []]",fuente3
2982,Men's Pole Vault,athletics,athletics,men,,,,,,,pole | vault,,NO,NO,NO,pole | vault,,0,"[""men"", false, false, [], [], [], [""pole"", ""vault""]]",fuente3
2983,Women's 400m Freestyle,,,,freestyle,,,400m,,,400m,,NO,NO,NO,400m,freestyle,0,"["""", false, false, [""freestyle""], [""400m""], [], [""400m""]]",
2984,Women's Kayak Four 500m Team,canoeing,canoe sprint,women,team,team,,500m,,,500m | four | kayak,team,NO,NO,NO,500m | four | kayak,team,0,"[""women"", false, false, [""team""], [""500m""], [], [""500m"", ""four"", ""kayak""]]",fuente3
2985,Mixed Doubles Team,badminton,badminton,mixed,mixed,team,individual,,,,,doubles | team,NO,NO,YES,,doubles | mixed | team,0,"[""mixed"", false, false, [""doubles"", ""mixed"", ""team""], [], [], []]",fuente3
2986,Women's High Jump,athletics,athletics,women,,,,,,,high | jump,,NO,NO,NO,high | jump,,0,"[""women"", false, false, [], [], [], [""high"", ""jump""]]",fuente3
2987,Women's Fly (48-51kg),,,,,,,,51kg,,51kg | fly,,NO,NO,NO,51kg | fly,,0,"["""", false, false, [], [], [""51kg""], [""51kg"", ""fly""]]",
2988,Women's Kayak,canoeing,canoe slalom,women,,,,,,,kayak,,NO,NO,NO,kayak,,0,"[""women"", false, false, [], [], [], [""kayak""]]",fuente3
2989,Men's Park,cycling,bmx freestyle,men,,,,,,,park,,NO,NO,NO,park,,0,"[""men"", false, false, [], [], [], [""park""]]",fuente3
2990,Women's Middle (69-75kg),,,,,,,,75kg,,75kg | middle,,NO,NO,NO,75kg | middle,,0,"["""", false, false, [], [], [""75kg""], [""75kg"", ""middle""]]",
2991,Men's Synchronised 3m Springboard Team,aquatics,diving,men,team,team,,3m,,,3m | springboard | synchronised,team,NO,NO,NO,3m | springboard | synchronised,team,0,"[""men"", false, false, [""team""], [""3m""], [], [""3m"", ""springboard"", ""synchronised""]]",fuente3
2992,Women's Combined,sport climbing,sport climbing,women,combined,,,,,,,,NO,NO,NO,,combined,0,"[""women"", false, false, [""combined""], [], [], []]",fuente3
2993,Women's 55kg,,,,,,,,55kg,,55kg,,NO,NO,NO,55kg,,0,"["""", false, false, [], [], [""55kg""], [""55kg""]]",
2994,Men's Combined,sport climbing,sport climbing,men,combined,,,,,,,,NO,NO,NO,,combined,0,"[""men"", false, false, [""combined""], [], [], []]",fuente3
2995,Men's 4 x 400m Relay,athletics,athletics,men,relay,team,,400m,,,400m | x,relay,NO,NO,NO,400m | x,relay,0,"[""men"", false, false, [""relay""], [""400m""], [], [""400m"", ""x""]]",fuente3
2996,Men's Omnium,cycling,cycling track,men,,,,,,,omnium,,NO,NO,NO,omnium,,0,"[""men"", false, false, [], [], [], [""omnium""]]",fuente3
2997,Men's Freestyle 97kg,,,,freestyle,,,,97kg,,97kg,,NO,NO,NO,97kg,freestyle,0,"["""", false, false, [""freestyle""], [], [""97kg""], [""97kg""]]",
2998,Women's Freestyle 50kg,,,,freestyle,,,,50kg,,50kg,,NO,NO,NO,50kg,freestyle,0,"["""", false, false, [""freestyle""], [], [""50kg""], [""50kg""]]",
2999,Women's Triple Jump,athletics,athletics,women,,,,,,,jump | triple,,NO,NO,NO,jump | triple,,0,"[""women"", false, false, [], [], [], [""jump"", ""triple""]]",fuente3
3000,Men's 4 x 100m Relay,athletics,athletics,men,relay,team,,100m,,,100m | x,relay,NO,NO,NO,100m | x,relay,0,"[""men"", false, false, [""relay""], [""100m""], [], [""100m"", ""x""]]",fuente3
3001,Women's 4 x 400m Relay,athletics,athletics,women,relay,team,,400m,,,400m | x,relay,NO,NO,NO,400m | x,relay,0,"[""women"", false, false, [""relay""], [""400m""], [], [""400m"", ""x""]]",fuente3
3002,Marathon Race Walk Relay Mixed,,,,mixed,team,,,,,marathon | race | walk,relay,NO,NO,YES,marathon | race | walk,mixed | relay,0,"["""", false, false, [""mixed"", ""relay""], [], [], [""marathon"", ""race"", ""walk""]]",
3003,Duet,,,,,,,,,,duet,,NO,NO,NO,duet,,0,"["""", false, false, [], [], [], [""duet""]]",
3004,Men's +102kg,,,,,,,,102kg,,102kg,,NO,NO,NO,102kg,,0,"["""", false, false, [], [], [""102kg""], [""102kg""]]",
3005,Men's Kayak Single,canoeing,canoe slalom,men,single,,,,,,kayak,single,NO,NO,NO,kayak,single,0,"[""men"", false, false, [""single""], [], [], [""kayak""]]",fuente3
3006,Men's Kayak Cross,canoeing,canoe slalom,men,,,,,,,cross | kayak,,NO,NO,NO,cross | kayak,,0,"[""men"", false, false, [], [], [], [""cross"", ""kayak""]]",fuente3
3007,Men's 63.5kg,,,,,,,,5kg,,5kg,,NO,NO,NO,5kg,,0,"["""", false, false, [], [], [""5kg""], [""5kg""]]",
3008,Men's 71kg,,,,,,,,71kg,,71kg,,NO,NO,NO,71kg,,0,"["""", false, false, [], [], [""71kg""], [""71kg""]]",
3009,Women's Dinghy,,,,,,,,,,dinghy,,NO,NO,NO,dinghy,,0,"["""", false, false, [], [], [], [""dinghy""]]",
3010,Women's Windsurfing,,,,,,,,,,windsurfing,,NO,NO,NO,windsurfing,,0,"["""", false, false, [], [], [], [""windsurfing""]]",
3011,Lightweight Men's Double Sculls,rowing,rowing,men,double,,,,,,sculls,double,NO,NO,NO,sculls,double | lightweight,0,"[""men"", false, false, [""double"", ""lightweight""], [], [], [""sculls""]]",fuente3
3012,Women,,,,,,,,,,,,NO,NO,NO,,,0,"["""", false, false, [], [], [], []]",
3013,Men's Synchronised 10m Platform,aquatics,diving,men,,,,10m,,,10m | platform | synchronised,,NO,NO,NO,10m | platform | synchronised,,0,"[""men"", false, false, [], [""10m""], [], [""10m"", ""platform"", ""synchronised""]]",fuente3
3014,Women's Synchronised 10m Platform,aquatics,diving,women,,,,10m,,,10m | platform | synchronised,,NO,NO,NO,10m | platform | synchronised,,0,"[""women"", false, false, [], [""10m""], [], [""10m"", ""platform"", ""synchronised""]]",fuente3
3015,Men's Synchronised 3m Springboard,aquatics,diving,men,,,,3m,,,3m | springboard | synchronised,,NO,NO,NO,3m | springboard | synchronised,,0,"[""men"", false, false, [], [""3m""], [], [""3m"", ""springboard"", ""synchronised""]]",fuente3
3016,Group All-Around,,,,,,,,,,all | around | group,,NO,NO,NO,all | around | group,,0,"["""", false, false, [], [], [], [""all"", ""around"", ""group""]]",
3017,Women's Kayak Single,canoeing,canoe slalom,women,single,,,,,,kayak,single,NO,NO,NO,kayak,single,0,"[""women"", false, false, [""single""], [], [], [""kayak""]]",fuente3
3018,Women's Kayak Cross,canoeing,canoe slalom,women,,,,,,,cross | kayak,,NO,NO,NO,cross | kayak,,0,"[""women"", false, false, [], [], [], [""cross"", ""kayak""]]",fuente3
3019,Women's Kayak Double 500m,canoeing,canoe sprint,women,double,,,500m,,,500m | kayak,double,NO,NO,NO,500m | kayak,double,0,"[""women"", false, false, [""double""], [""500m""], [], [""500m"", ""kayak""]]",fuente3
3020,Women's 60kg,boxing,boxing,women,,,,,60kg,,60kg,,NO,NO,NO,60kg,,0,"[""women"", false, false, [], [], [""60kg""], [""60kg""]]",fuente3
3021,Women's 57kg,,,,,,,,57kg,,57kg,,NO,NO,NO,57kg,,0,"["""", false, false, [], [], [""57kg""], [""57kg""]]",
3022,Men's Kite,,,,,,,,,,kite,,NO,NO,NO,kite,,0,"["""", false, false, [], [], [], [""kite""]]",
3023,Men,,,,,,,,,,,,NO,NO,NO,,,0,"["""", false, false, [], [], [], []]",
3024,Men's Dinghy,,,,,,,,,,dinghy,,NO,NO,NO,dinghy,,0,"["""", false, false, [], [], [], [""dinghy""]]",
3025,Women's 4 x 100m Medley Relay,aquatics,swimming,women,relay,team,,100m,,,100m | medley | x,relay,NO,NO,NO,100m | medley | x,relay,0,"[""women"", false, false, [""relay""], [""100m""], [], [""100m"", ""medley"", ""x""]]",fuente3
3026,Men's Speed,,,,,,,,,,speed,,NO,NO,NO,speed,,0,"["""", false, false, [], [], [], [""speed""]]",
3027,Mixed Doubles,badminton,badminton,mixed,mixed,,individual,,,,,doubles,NO,NO,YES,,doubles | mixed,0,"[""mixed"", false, false, [""doubles"", ""mixed""], [], [], []]",fuente3
3028,Men's 89kg,,,,,,,,89kg,,89kg,,NO,NO,NO,89kg,,0,"["""", false, false, [], [], [""89kg""], [""89kg""]]",
3029,Mixed Multihull,sailing,sailing,mixed,mixed,,,,,,multihull,,NO,NO,YES,multihull,mixed,0,"[""mixed"", false, false, [""mixed""], [], [], [""multihull""]]",fuente3
3030,Men's Windsurfing,,,,,,,,,,windsurfing,,NO,NO,NO,windsurfing,,0,"["""", false, false, [], [], [], [""windsurfing""]]",
3031,Women's Kite,,,,,,,,,,kite,,NO,NO,NO,kite,,0,"["""", false, false, [], [], [], [""kite""]]",
3032,Skeet Mixed Team,,,,mixed,team,,,,,skeet,team,NO,NO,YES,skeet,mixed | team,0,"["""", false, false, [""mixed"", ""team""], [], [], [""skeet""]]",
3033,Women,,,,,,,,,,,,NO,NO,NO,,,0,"["""", false, false, [], [], [], []]",
3034,Men,,,,,,,,,,,,NO,NO,NO,,,0,"["""", false, false, [], [], [], []]",
3035,Lightweight Women's Double Sculls,rowing,rowing,women,double,,,,,,sculls,double,NO,NO,NO,sculls,double | lightweight,0,"[""women"", false, false, [""double"", ""lightweight""], [], [], [""sculls""]]",fuente3
3036,Men,,,,,,,,,,,,NO,NO,NO,,,0,"["""", false, false, [], [], [], []]",
3037,Men's Doubles,badminton,badminton,men,doubles,,individual,,,,,doubles,NO,NO,NO,,doubles,0,"[""men"", false, false, [""doubles""], [], [], []]",fuente3
3038,Women's Doubles,badminton,badminton,women,doubles,,individual,,,,,doubles,NO,NO,NO,,doubles,0,"[""women"", false, false, [""doubles""], [], [], []]",fuente3
3039,Men,,,,,,,,,,,,NO,NO,NO,,,0,"["""", false, false, [], [], [], []]",
3040,Women's 66kg,,,,,,,,66kg,,66kg,,NO,NO,NO,66kg,,0,"["""", false, false, [], [], [""66kg""], [""66kg""]]",
3041,Women's 4 x 100m Freestyle Relay,aquatics,swimming,women,freestyle,team,,100m,,,100m | x,relay,NO,NO,NO,100m | x,freestyle | relay,0,"[""women"", false, false, [""freestyle"", ""relay""], [""100m""], [], [""100m"", ""x""]]",fuente3
3042,Relay Only Athlete,,,,relay,team,,,,,athlete | only,relay,NO,NO,NO,athlete | only,relay,0,"["""", false, false, [""relay""], [], [], [""athlete"", ""only""]]",
3043,Men's 4 x 100m Medley Relay,aquatics,swimming,men,relay,team,,100m,,,100m | medley | x,relay,NO,NO,NO,100m | medley | x,relay,0,"[""men"", false, false, [""relay""], [""100m""], [], [""100m"", ""medley"", ""x""]]",fuente3
3044,Women's Team Pursuit,cycling,cycling track,women,pursuit,team,,,,,,team,NO,NO,NO,,pursuit | team,0,"[""women"", false, false, [""pursuit"", ""team""], [], [], []]",fuente3
3045,Women's Pair,rowing,rowing,women,,,,,,,pair,,NO,NO,NO,pair,,0,"[""women"", false, false, [], [], [], [""pair""]]",fuente3
3046,Women's Four,rowing,rowing,women,,,,,,,four,,NO,NO,NO,four,,0,"[""women"", false, false, [], [], [], [""four""]]",fuente3
3047,Men,,,,,,,,,,,,NO,NO,NO,,,0,"["""", false, false, [], [], [], []]",
3048,Men's +92kg,,,,,,,,92kg,,92kg,,NO,NO,NO,92kg,,0,"["""", false, false, [], [], [""92kg""], [""92kg""]]",
3049,Women's 50kg,,,,,,,,50kg,,50kg,,NO,NO,NO,50kg,,0,"["""", false, false, [], [], [""50kg""], [""50kg""]]",
3050,Women's 54kg,,,,,,,,54kg,,54kg,,NO,NO,NO,54kg,,0,"["""", false, false, [], [], [""54kg""], [""54kg""]]",
3051,Men's 57kg,,,,,,,,57kg,,57kg,,NO,NO,NO,57kg,,0,"["""", false, false, [], [], [""57kg""], [""57kg""]]",
3052,Mixed Doubles,table tennis,table tennis,mixed,mixed,,individual,,,,,doubles,NO,NO,YES,,doubles | mixed,0,"[""mixed"", false, false, [""doubles"", ""mixed""], [], [], []]",fuente3
3053,Men's Canoe Double 500m,,,,double,,,500m,,,500m | canoe,double,NO,NO,NO,500m | canoe,double,0,"["""", false, false, [""double""], [""500m""], [], [""500m"", ""canoe""]]",
3054,Men's Doubles,tennis,tennis,men,doubles,,individual,,,,,doubles,NO,NO,NO,,doubles,0,"[""men"", false, false, [""doubles""], [], [], []]",fuente3
3055,B-Boys,,,,,,,,,,b | boys,,NO,NO,NO,b | boys,,0,"["""", false, false, [], [], [], [""b"", ""boys""]]",
3056,B-Girls,,,,,,,,,,b | girls,,NO,NO,NO,b | girls,,0,"["""", false, false, [], [], [], [""b"", ""girls""]]",
3057,Women's 81kg,,,,,,,,81kg,,81kg,,NO,NO,NO,81kg,,0,"["""", false, false, [], [], [""81kg""], [""81kg""]]",
3058,Women's 75kg,,,,,,,,75kg,,75kg,,NO,NO,NO,75kg,,0,"["""", false, false, [], [], [""75kg""], [""75kg""]]",
3059,Women,,,,,,,,,,,,NO,NO,NO,,,0,"["""", false, false, [], [], [], []]",
3060,Men's Skiff,sailing,sailing,men,,,,,,,skiff,,NO,NO,NO,skiff,,0,"[""men"", false, false, [], [], [], [""skiff""]]",fuente3
3061,Men's Double Sculls,rowing,rowing,men,double,,,,,,sculls,double,NO,NO,NO,sculls,double,0,"[""men"", false, false, [""double""], [], [], [""sculls""]]",fuente3
3062,Men's Pair,rowing,rowing,men,,,,,,,pair,,NO,NO,NO,pair,,0,"[""men"", false, false, [], [], [], [""pair""]]",fuente3
3063,Women's Double Sculls,rowing,rowing,women,double,,,,,,sculls,double,NO,NO,NO,sculls,double,0,"[""women"", false, false, [""double""], [], [], [""sculls""]]",fuente3
3064,Women's 71kg,,,,,,,,71kg,,71kg,,NO,NO,NO,71kg,,0,"["""", false, false, [], [], [""71kg""], [""71kg""]]",
3065,Men's Boulder & Lead,,,,,,,,,,boulder | lead,,NO,NO,NO,boulder | lead,,0,"["""", false, false, [], [], [], [""boulder"", ""lead""]]",
3066,Women's Boulder & Lead,,,,,,,,,,boulder | lead,,NO,NO,NO,boulder | lead,,0,"["""", false, false, [], [], [], [""boulder"", ""lead""]]",
3067,Men's Canoe Single,canoeing,canoe slalom,men,single,,,,,,,single,NO,NO,NO,,single,0,"[""men"", false, false, [""single""], [], [], []]",fuente3
3068,Women,,,,,,,,,,,,NO,NO,NO,,,0,"["""", false, false, [], [], [], []]",
3069,Men's Quadruple Sculls,rowing,rowing,men,,,,,,,quadruple | sculls,,NO,NO,NO,quadruple | sculls,,0,"[""men"", false, false, [], [], [], [""quadruple"", ""sculls""]]",fuente3
3070,Men's Four,rowing,rowing,men,,,,,,,four,,NO,NO,NO,four,,0,"[""men"", false, false, [], [], [], [""four""]]",fuente3
3071,Men's Eight,rowing,rowing,men,,,,,,,eight,,NO,NO,NO,eight,,0,"[""men"", false, false, [], [], [], [""eight""]]",fuente3
3072,Women's Eight,rowing,rowing,women,,,,,,,eight,,NO,NO,NO,eight,,0,"[""women"", false, false, [], [], [], [""eight""]]",fuente3
3073,Men,,,,,,,,,,,,NO,NO,NO,,,0,"["""", false, false, [], [], [], []]",
3074,Women,,,,,,,,,,,,NO,NO,NO,,,0,"["""", false, false, [], [], [], []]",
3075,Women's Doubles,tennis,tennis,women,doubles,,individual,,,,,doubles,NO,NO,NO,,doubles,0,"[""women"", false, false, [""doubles""], [], [], []]",fuente3
3076,Men's 51kg,,,,,,,,51kg,,51kg,,NO,NO,NO,51kg,,0,"["""", false, false, [], [], [""51kg""], [""51kg""]]",
3077,Women's Canoe Double 500m,canoeing,canoe sprint,women,double,,,500m,,,500m,double,NO,NO,NO,500m,double,0,"[""women"", false, false, [""double""], [""500m""], [], [""500m""]]",fuente3
3078,Women's Quadruple Sculls,rowing,rowing,women,,,,,,,quadruple | sculls,,NO,NO,NO,quadruple | sculls,,0,"[""women"", false, false, [], [], [], [""quadruple"", ""sculls""]]",fuente3
3079,Women's Canoe Single,canoeing,canoe slalom,women,single,,,,,,,single,NO,NO,NO,,single,0,"[""women"", false, false, [""single""], [], [], []]",fuente3
3080,Women's Team Sprint,cycling,cycling track,women,sprint,team,,,,,,team,NO,NO,NO,,sprint | team,0,"[""women"", false, false, [""sprint"", ""team""], [], [], []]",fuente3
3081,Women's Speed,,,,,,,,,,speed,,NO,NO,NO,speed,,0,"["""", false, false, [], [], [], [""speed""]]",
3082,Women,,,,,,,,,,,,NO,NO,NO,,,0,"["""", false, false, [], [], [], []]",
3083,Mixed Doubles,tennis,tennis,mixed,mixed,,individual,,,,,doubles,NO,NO,YES,,doubles | mixed,0,"[""mixed"", false, false, [""doubles"", ""mixed""], [], [], []]",fuente3
3084,Men's 80kg,,,,,,,,80kg,,80kg,,NO,NO,NO,80kg,,0,"["""", false, false, [], [], [""80kg""], [""80kg""]]",
3085,Men,,,,,,,,,,,,NO,NO,NO,,,0,"["""", false, false, [], [], [], []]",
3086,Mixed Dinghy,,,,mixed,,,,,,dinghy,,NO,NO,YES,dinghy,mixed,0,"["""", false, false, [""mixed""], [], [], [""dinghy""]]",
3087,Women's Skiff,sailing,sailing,women,,,,,,,skiff,,NO,NO,NO,skiff,,0,"[""women"", false, false, [], [], [], [""skiff""]]",fuente3
3088,Men,,,,,,,,,,,,NO,NO,NO,,,0,"["""", false, false, [], [], [], []]",
3089,Men,,,,,,,,,,,,NO,NO,NO,,,0,"["""", false, false, [], [], [], []]",
3090,Men's Madison,cycling,cycling track,men,,,,,,,madison,,NO,NO,NO,madison,,0,"[""men"", false, false, [], [], [], [""madison""]]",fuente3
3091,Women's Kayak Four 500m,canoeing,canoe sprint,women,,,,500m,,,500m | four | kayak,,NO,NO,NO,500m | four | kayak,,0,"[""women"", false, false, [], [""500m""], [], [""500m"", ""four"", ""kayak""]]",fuente3
3092,Men's Kayak Four 500m,canoeing,canoe sprint,men,,,,500m,,,500m | four | kayak,,NO,NO,NO,500m | four | kayak,,0,"[""men"", false, false, [], [""500m""], [], [""500m"", ""four"", ""kayak""]]",fuente3
3093,Men,,,,,,,,,,,,NO,NO,NO,,,0,"["""", false, false, [], [], [], []]",
3094,Men's Kayak Double 500m,,,,double,,,500m,,,500m | kayak,double,NO,NO,NO,500m | kayak,double,0,"["""", false, false, [""double""], [""500m""], [], [""500m"", ""kayak""]]",
3095,Women,,,,,,,,,,,,NO,NO,NO,,,0,"["""", false, false, [], [], [], []]",
3096,Men's 4 x 100m Freestyle Relay,aquatics,swimming,men,freestyle,team,,100m,,,100m | x,relay,NO,NO,NO,100m | x,freestyle | relay,0,"[""men"", false, false, [""freestyle"", ""relay""], [""100m""], [], [""100m"", ""x""]]",fuente3
3097,Mixed 4 x 100m Medley Relay,aquatics,swimming,mixed,mixed,team,,100m,,,100m | medley | x,relay,NO,NO,YES,100m | medley | x,mixed | relay,0,"[""mixed"", false, false, [""mixed"", ""relay""], [""100m""], [], [""100m"", ""medley"", ""x""]]",fuente3
3098,Women,,,,,,,,,,,,NO,NO,NO,,,0,"["""", false, false, [], [], [], []]",
3099,Men's Team Pursuit,cycling,cycling track,men,pursuit,team,,,,,,team,NO,NO,NO,,pursuit | team,0,"[""men"", false, false, [""pursuit"", ""team""], [], [], []]",fuente3
3100,Women,,,,,,,,,,,,NO,NO,NO,,,0,"["""", false, false, [], [], [], []]",
3101,Women's 4 x 200m Freestyle Relay,aquatics,swimming,women,freestyle,team,,200m,,,200m | x,relay,NO,NO,NO,200m | x,freestyle | relay,0,"[""women"", false, false, [""freestyle"", ""relay""], [""200m""], [], [""200m"", ""x""]]",fuente3
3102,Men's Team Sprint,cycling,cycling track,men,sprint,team,,,,,,team,NO,NO,NO,,sprint | team,0,"[""men"", false, false, [""sprint"", ""team""], [], [], []]",fuente3
3103,Men's 4 x 200m Freestyle Relay,aquatics,swimming,men,freestyle,team,,200m,,,200m | x,relay,NO,NO,NO,200m | x,freestyle | relay,0,"[""men"", false, false, [""freestyle"", ""relay""], [""200m""], [], [""200m"", ""x""]]",fuente3
3104,Women's Synchronised 3m Springboard,aquatics,diving,women,,,,3m,,,3m | springboard | synchronised,,NO,NO,NO,3m | springboard | synchronised,,0,"[""women"", false, false, [], [""3m""], [], [""3m"", ""springboard"", ""synchronised""]]",fuente3
3105,Women,,,,,,,,,,,,NO,NO,NO,,,0,"["""", false, false, [], [], [], []]",
3106,Mixed Relay,triathlon,triathlon,mixed,mixed,team,,,,,,relay,NO,NO,YES,,mixed | relay,0,"[""mixed"", false, false, [""mixed"", ""relay""], [], [], []]",fuente3
