id_atleta,nombre,nombre_completo,nombre_usado,nombre_original,otros_nombres,apodos,orden_nombre,sexo,fecha_nacimiento,ciudad_nacimiento,region_nacimiento,id_pais_nacimiento,id_pais_nacionalidad,fecha_fallecimiento,ciudad_fallecimiento,region_fallecimiento,id_pais_fallecimiento,altura_cm,peso_kg,roles,afiliaciones,titulos,latitud,longitud
38466,Edgar Morales,Edgar Morales de la Rosa,Edgar•Morales,,,,,Male,1949-08-08,Ciudad de México (Mexico City),Ciudad de México,171,,,,,,177,77,Competed in Olympic Games,,,19.4326296,-99.1331785
45644,Michael Mason,Michael T. Mason,Michael•Mason,,,,,Male,1974-03-18,Delaware,Ohio,268,,,,,,185,81,Competed in Olympic Games,"Etobicoke Swim Club, Etobicoke, Toronto (CAN)",,40.2317686,-82.9651045
47782,Tünde Szabó,Tünde Szabó,Tünde•Szabó,,,,,Female,1974-05-31,Nyíregyháza,Szabolcs-Szatmár-Bereg,118,,,,,,175,60,Competed in Olympic Games,"Nyíregyházi Vasutas SC, Nyíregyháza (HUN)",,47.9557802,21.7167982
65848,Érika Olivera,Érika Alejandra Olivera de la Fuente,Érika•Olivera,,,,,Female,1976-01-04,Quinta Normal,Santiago Metropolitan,55,,,,,,165,55,Competed in Olympic Games • Other,St. Francés,,-33.440368,-70.6802912
66301,Lázaro Martínez,Lázaro Martínez Despaigne,Lázaro•Martínez,,,,,Male,1962-11-11,La Lisa,Ciudad de La Habana,67,,,,,,183,77,Competed in Olympic Games,,,,
66702,Jesús Ángel García,Jesús Ángel García Bragado,Jesús Ángel•García,,,,,Male,1969-10-17,Madrid,Madrid,87,,,,,,172,64,Competed in Olympic Games • Other,"Valencia C.F. / Canal de Isabel II / Centre Atletic Laietana [Mataro, ESP]",,44.750147,-75.130874
68532,Tom Farrell,"Thomas Stanley ""Tom"" Farrell",Tom•Farrell,,,,,Male,1932-09-23,Liverpool,England,98,,,,,,175,70,Competed in Olympic Games,"Liverpool Harriers, Liverpool (GBR)",,53.4071991,-2.99168
72514,Jeļena Čelnova-Prokopčuka,Jeļena Čelnova-Prokopčuka,Jeļena•Čelnova-Prokopčuka,,,,,Female,1976-09-21,Rīga,Rīga,162,,,,,,168,52,Competed in Olympic Games,"Arkādija, Rīga (LAT)",,,
74163,Karol Hoffmann,Karol Hoffmann,Karol•Hoffmann,,,,,Male,1913-08-10,Orliczko,Wielkopolskie,207,,1971-02-28,Poznań,Wielkopolskie,207,173,75,Competed in Olympic Games,"Warta Poznań, Poznań (POL)",,,
75011,Kim Collins,Kim Collins,Kim•Collins,,,,,Male,1976-04-05,Ogees,Saint Peter Basseterre,10,,,,,,180,77,Competed in Olympic Games • Non-starter • Other,"TCU Horned Frogs, Fort Worth (USA) / adidas, Herzogenaurach (GER)",,,
82645,Christine Amertil,Christine Amertil (-Ling),Christine•Amertil,,,,,Female,1979-08-18,Nassau,New Providence,2,,,,,,168,54,Competed in Olympic Games,"Southeastern Louisiana University, USA / Doyle Management",,,
82646,Chris Brown,"Christopher Deon ""Chris"" Brown",Chris•Brown,,,Fireman,,Male,1978-10-15,Eleuthera,Acklins,2,,,,,,178,75,Competed in Olympic Games • Other,"Norfolk State Spartans, Norfolk (USA) / adidas, Herzogenaurach (GER)",,,
82661,Veerle Dejaeghere,Veerle Dejaeghere,Veerle•Dejaeghere,,,,,Female,1973-08-01,Izegem,West-Vlaanderen,34,,,,,,159,46,Competed in Olympic Games,"FLAC, Roeselare (BEL)",,,
82687,Ivan Tsikhan,Ivan Ryhoravich Tsikhan,Ivan•Tsikhan,Iван Рыгоравіч•Ці́хан,"Ivan Grigoryevich Tikhon, Іван Григорьевич Тихон",,,Male,1976-07-24,Glovsevichi,Hrodna,42,,,,,,186,110,Competed in Olympic Games • Other,"Dynamo Hrodna, Hrodna (BLR)",,,
82727,Diane Nukuri-Johnson,Diane Nukuri-Johnson,Diane•Nukuri-Johnson,,,,,Female,1984-12-01,Kigozi,Bujumbura Rural,33,,,,,,183,59,Competed in Olympic Games • Other,,,,
82808,Blanka Vlašić,Blanka Vlašić,Blanka•Vlašić,,,,,Female,1983-11-08,Split,Splitsko-dalmatinska županija,116,,,,,,193,71,Competed in Olympic Games,"ASK Split, Split (CRO)",,,
82814,Frank Casañas,Yennifer Frank Casañas Hernández,Frank•Casañas,,,,,Male,1978-10-18,Habana del Este,Ciudad de La Habana,67,,,,,,187,117,Competed in Olympic Games,"Puma Chapín Jerez, Jerez de la Frontera (ESP)",,,
86105,Nebiat Habtemariam,Nebiat Habtemariam Measho,Nebiat•Habtemariam,,,,,Female,1978-12-29,Adi-Kinzinab,Debub,86,,,,,,159,40,Competed in Olympic Games • Other,,,,
86132,Concepción Montaner,Concepción Montaner Coll,Concepción•Montaner,,,Conchi,,Female,1981-01-14,La Eliana,Valencia,87,,,,,,170,59,Competed in Olympic Games,Valencia Terra i Mar / L'Eliana Llanera / Playas de Castellon [Spain],,,
86209,Mélina Robert-Michon,Mélina Robert-Michon,Mélina•Robert-Michon,,,,,Female,1979-07-18,Voiron,Isère,94,,,,,,180,85,Competed in Olympic Games,CS Bourgoin-Jallieu/Entente ASPTT Lyon ASU Bron,,,
86249,Jo Pavey,"Joanne Marie ""Jo"" Pavey (Davis-)",Jo•Pavey,,,,,Female,1973-09-20,Honiton,England,98,,,,,,163,50,Competed in Olympic Games,"Bristol & West AC, Bristol (GBR) / Exeter Harriers, Exeter (GBR)",,,
86323,Zoltán Kővágó,Zoltán Kővágó,Zoltán•Kővágó,,,,,Male,1979-04-10,Szolnok,Jász-Nagykun-Szolnok,118,,,,,,204,132,Competed in Olympic Games,Szolnoki MÁV-Ideál SE/Budapesti Honvéd SE,,,
86364,Robbie Heffernan,"Robert ""Robbie"" Heffernan",Robbie•Heffernan,,,,,Male,1978-02-28,Cork,Cork,128,,,,,,171,58,Competed in Olympic Games,"Togher Athletic Club, Cork",,,
86405,Fabrizio Donato,Fabrizio Donato,Fabrizio•Donato,,,,,Male,1976-08-14,Latina,Latina,133,,,,,,189,83,Competed in Olympic Games,"G.S. Fiamme Gialle, Roma (ITA)",,,
86428,Veronica Campbell-Brown,Veronica Angella Campbell-Brown,Veronica•Campbell-Brown,,,,,Female,1982-05-15,Clarks Town,Trelawny,134,,,,,,168,58,Competed in Olympic Games • Other,"adidas, Herzogenaurach (GER)",,,
87464,Vivian Cheruiyot,Vivian Jepkemoi Cheruiyot,Vivian•Cheruiyot,,,Kadogo,,Female,1983-09-11,Keiyo District,Elgeyo-Marakwet,138,,,,,,153,40,Competed in Olympic Games,"Kenya Police, (KEN)",,,
87473,Bernard Lagat,Bernard Kipchirchir Lagat,Bernard•Lagat,,,Kip,,Male,1974-12-12,Kapsabet,Nandi,138,,,,,,173,58,Competed in Olympic Games,"Washington State Cougars, Pullman (USA) / Nike, Beaverton (USA)",,,
87581,María Guadalupe Sánchez,María Guadalupe Sánchez Gómez,María Guadalupe•Sánchez,,,,,Female,1971-01-03,Ciudad de México (Mexico City),Ciudad de México,171,,,,,,169,53,Competed in Olympic Games,,,,
87592,Ion Emilianov,Ion Emilianov,Ion•Emilianov,,Ivan Emilianov,,,Male,1977-02-19,Chișinău,Chișinău,167,,,,,,202,165,Competed in Olympic Games,Olimpia,,,
87696,Rui Silva,Rui Manuel Monteiro da Silva,Rui•Silva,,,,,Male,1977-08-03,Santarém,Distrito de Santarém,211,,,,,,175,65,Competed in Olympic Games,"Sporting CP, Lisboa (POR)",,,
88436,Meb Keflezighi,"Mebrahtom R. ""Meb"" Keflezighi",Meb•Keflezighi,,,,,Male,1975-05-05,Asmara,Maekel,86,,,,,,166,56,Competed in Olympic Games,"Nike, Beaverton (USA)",,,
88496,Olivera Jevtić,Olivera Jevtić,Olivera•Jevtić,Оливера•Јевтић,,,,Female,1977-07-24,Užice,Zlatibor,231,231,,,,,174,51,Competed in Olympic Games,"Mladost-Niskogradnja, Užice",,,
92790,Mohammed Ahmed,Mohammed Abdul Elah Ahmed,Mohammed•Ahmed,محمد عبد الإله•أحمد,,,,Male,1976-10-25,,,,,,,,,170,61,Competed in Olympic Games,,,,
100127,Gao Yang,Gao Yang,Gao•Yang,高•杨,,,Oriental,Female,1980-11-01,?,Jilin,57,,,,,,165,62,Competed in Olympic Games,"Jiefangjun, Heilongjiang",,,
100872,Chirine Njeim,Chirine Njeim,Chirine•Njeim,شيرين•نجيم,,,,Female,1984-10-04,Beirut,Beirut,147,,,,,,168,60,Competed in Olympic Games • Other,"Faraya Mzaar Ski Club, Faraya Mzaar (LBN)",,,
102867,Tomasz Majewski,Tomasz Majewski,Tomasz•Majewski,,,,,Male,1981-08-30,Nasielsk,Mazowieckie,207,,,,,,204,142,Competed in Olympic Games • Other,"AZS Warszawa, Warszawa (POL)",,,
102870,Cleopatra Borel-Brown,Cleopatra Ayesha Borel-Brown,Cleopatra•Borel-Brown,,,,,Female,1979-03-10,Plaisance,Rio Claro-Mayaro,259,,,,,,172,89,Competed in Olympic Games • Other,"UMBC Retrievers, Catonsville (USA)",,,
102883,Valerie Adams-Vili,Valerie Kasanita Adams-Vili (-Price),Valerie•Adams-Vili,,,,,Female,1984-10-06,Rotorua,Bay of Plenty,197,,,,,,193,120,Competed in Olympic Games,"Counties Manukau / Pakuranga Athletic Club [Auckland, NZL]",Dame,,
103917,LaVerne Jones,LaVerne Janet Jones-Ferrette,LaVerne•Jones,,,,,Female,1981-09-16,Frederiksted,St. Croix,16,,,,,,173,68,Competed in Olympic Games • Other,"Oklahoma Sooners, Norman (USA) / adidas, Herzogenaurach (GER)",,,
103925,Ivet Lalova-Collio,Ivet Miroslavova Lalova-Collio,Ivet•Lalova-Collio,Ивет Мирославова•Лалова-Колио,,,,Female,1984-05-18,Sofia,Sofia Grad,38,,,,,,168,56,Competed in Olympic Games • Other,"Levski Sofia, Sofia (BUL)",,,
103935,Nataliya Fokina-Semenova,Nataliya Viktorivna Fokina-Semenova,Nataliya•Fokina-Semenova,Наталія Вікторівна•Фокіна-Семенова,,,,Female,1982-07-07,Horlivka,Donetsk,265,,,,,,178,75,Competed in Olympic Games,"Dynamo Horlivka, Horlivka (UKR)",,,
103941,Seema Antil-Punia,Seema Antil-Punia,Seema•Antil-Punia,,,,,Female,1983-07-27,Sonepet,Haryana,126,,,,,,182,92,Competed in Olympic Games,Haryana,,,
103947,Dragana Tomašević,Dragana Tomašević,Dragana•Tomašević,Драгана•Томашевић,,,,Female,1982-06-04,Sremska Mitrovica,Srem,231,231,,,,,175,80,Competed in Olympic Games,"Sirmijum, Sremska Mitrovica",,,
103968,Lucia Hrivnák Klocová,Lucia Hrivnák Klocová,Lucia•Hrivnák Klocová,,,,,Female,1983-11-20,Martin,Žilina,238,,,,,,172,58,Competed in Olympic Games,"Slávia Bratislava, Bratislava (SVK)",,,
103976,Tirunesh Dibaba,Tirunesh Dibaba Keneni,Tirunesh•Dibaba,,,Baby Faced Destroyer,,Female,1985-10-01,Bekoji,Oromiya,89,,,,,,166,50,Competed in Olympic Games • Other,Corrections Police / Mizuno Track Club,,,
103987,Souad Aït Salem,Souad Aït Salem (-Mahour-Bacha),Souad•Aït Salem,سعاد•آيت سالم مهور باشا,,,,Female,1979-01-06,Mecheria,Naama,77,,,,,,158,50,Competed in Olympic Games,"JS Douanes, Al-Jaza'ir (ALG)",,,
103999,Shalane Flanagan,Shalane Flanagan (-Edwards),Shalane•Flanagan,,,,,Female,1981-07-08,Boulder,Colorado,268,,,,,,166,47,Competed in Olympic Games,"Nike, Beaverton (USA)",,,
104003,Krisztina Papp,Krisztina Papp,Krisztina•Papp,,,,,Female,1982-12-17,Eger,Heves,118,,,,,,173,53,Competed in Olympic Games,"Újpesti TE, Budapest (HUN)",,,
104006,Inés Melchor,Santa Inés Melchor Huiza,Inés•Melchor,,,,,Female,1986-08-30,Acobambilla,Huancavelica,203,,,,,,152,45,Competed in Olympic Games • Other,,,,
104039,Novlene Williams-Mills,Novlene Hilaire Williams-Mills,Novlene•Williams-Mills,,,,,Female,1982-04-26,?,Saint Ann,134,,,,,,168,57,Competed in Olympic Games,"Florida Gators, Gainesville (USA) / adidas, Herzogenaurach (GER)",,,
104047,Christine Ohuruogu,Christine Ijeoma Chika Ohuruogu,Christine•Ohuruogu,,,The Big O,,Female,1984-05-17,Newham,England,98,,,,,,172,70,Competed in Olympic Games,"Newham and Essex Beagles, London (GBR)",,,
104049,Geisa Coutinho,Geisa Aparecida Muniz Coutinho,Geisa•Coutinho,,,,,Female,1980-06-01,Araruama,Rio de Janeiro,46,,,,,,161,55,Competed in Olympic Games,"Ulbra, Canoas (BRA)",,,
104065,Vanessa Boslak,Vanessa Boslak,Vanessa•Boslak,,,,,Female,1982-06-11,Lesquin,Nord,94,,,,,,170,57,Competed in Olympic Games,"ASPTT Lille, Lille (FRA) / Lagardère Paris Racing, Paris (FRA) / Lille Métropole Athlétisme, Lille (FRA)",,,
104278,Allyson Felix,Allyson Michelle Felix (-Ferguson),Allyson•Felix,,,"Shug, Chicken Legs",,Female,1985-11-18,Los Angeles,California,268,,,,,,168,56,Competed in Olympic Games,"adidas, Herzogenaurach (GER)",,,
104292,Angela Whyte,Angela Patricia Whyte,Angela•Whyte,,,,,Female,1980-05-22,Edmonton,Alberta,52,,,,,,170,62,Competed in Olympic Games,Edmonton Olympic Club,,,
104296,Susanna Kallur,Susanna Elisabeth Kallur,Susanna•Kallur,,,Sanna,,Female,1981-02-16,Huntington,New York,268,,,,,,170,62,Competed in Olympic Games,"Falu IK, Falun (SWE)",,,
104298,Maíla Machado,Maíla de Paula Machado,Maíla•Machado,,,,,Female,1981-01-22,Limeira,São Paulo,46,,,,,,167,67,Competed in Olympic Games,"Clube de Atletismo BM&F, São Caetano do Sul (BRA)",,,
104306,Reïna-Flor Okori,Reïna-Flor Okori,Reïna-Flor•Okori,,,,,Female,1980-05-02,Libreville,Estuaire,97,,,,,,163,56,Competed in Olympic Games • Non-starter • Other,Doubs Sud Athlétisme,,,
104325,Jenny Dahlgren,"Jennifer ""Jenny"" Dahlgren Fitzner",Jenny•Dahlgren,,,,,Female,1984-04-21,Buenos Aires,Ciudad Autónoma de Buenos Aires,26,,,,,,180,110,Competed in Olympic Games,"Ferro Carril Oeste, Buenos Aires (ARG) / Georgia Tech Yellow Jackets, Atlanta (USA)",,,
104329,Zhang Wenxiu,Zhang Wenxiu,Zhang•Wenxiu,張•文秀,,,Oriental,Female,1986-03-22,Dalian,Liaoning,57,,,,,,183,105,Competed in Olympic Games,"People's Liberation Army, (CHN)",,,
104330,Betty Heidler,Betty Heidler,Betty•Heidler,,,,,Female,1983-10-14,Ost-Berlin (East Berlin),Berlin,72,,,,,,175,85,Competed in Olympic Games,"LG Eintracht Frankfurt, Frankfurt am Main (GER)",,,
104348,Elisa Rigaudo,Elisa Rigaudo (-Carletto),Elisa•Rigaudo,,,,,Female,1980-06-17,Cuneo,Cuneo,133,,,,,,168,53,Competed in Olympic Games,Fiamme Gialle Castelporziano,,,
104356,Inês Henriques,Inês Pereira Henriques,Inês•Henriques,,,,,Female,1980-05-01,Santarém,Distrito de Santarém,211,,,,,,156,45,Competed in Olympic Games,"Clube Natação Rio Maior, Rio Maior (POR)",,,
104363,Daniela Cîrlan,Elena Daniela Cîrlan,Daniela•Cîrlan,,,,,Female,1980-09-18,Sibiu,Sibiu,218,,,,,,164,47,Competed in Olympic Games,CSM Sibiu / CSM Zalau [Romania],,,
104426,Luvsanlkhündeviin Otgonbayar,Luvsanlkhündeviin Otgonbayar,Luvsanlkhündeviin•Otgonbayar,Лувсанлхүндэвийн•Отгонбаяр,,,Oriental,Female,1982-07-13,?,Ömnögovi,180,,,,,,153,47,Competed in Olympic Games,,,,
104429,Monika Drybulska-Stefanowicz,Monika Mariola Drybulska-Stefanowicz,Monika•Drybulska-Stefanowicz,,,,,Female,1980-05-15,Wągrowiec,Wielkopolskie,207,,,,,,160,46,Competed in Olympic Games,"Olimpia Poznań, Poznań (POL) / Grunwald Poznań, Poznań (POL)",,,
104445,Justin Gatlin,Justin Alexander Gatlin,Justin•Gatlin,,,,,Male,1982-02-10,Brooklyn,"New York, New York",268,,,,,,186,80,Competed in Olympic Games,"Nike, Beaverton (USA)",,,
104455,Jaysuma Saidy Ndure,Jaysuma Saidy Ndure,Jaysuma•Saidy Ndure,,,Jays,,Male,1984-01-01,Bakau,Western,5,,,,,,191,73,Competed in Olympic Games • Other,"IL i BUL, Oslo (NOR)",,,
104464,Asafa Powell,Asafa Kehine Powell,Asafa•Powell,,,,,Male,1982-11-23,Linstead,Saint Catherine,134,,,,,,191,93,Competed in Olympic Games,"MVP Track & Field Club, Kingston (JAM)",,,
104468,Churandy Martina,Churandy Thomas Martina,Churandy•Martina,,,,,Male,1984-07-03,Willemstad,Curaçao,,,,,,,180,76,Competed in Olympic Games • Other,"Nike, Beaverton (USA)",,,
104473,Daniel Bailey,Daniel Everton Bailey,Daniel•Bailey,,,Bakka,,Male,1986-09-09,St. John's,Saint John,1,,,,,,179,68,Competed in Olympic Games • Other,"Antigua Track Club / Racers Track Club [Kingston, JAM]",,,
104480,Wilfried Bingangoye,Wilfried Bingangoye,Wilfried•Bingangoye,,,,,Male,1985-03-25,Omoye,Ogooué-Ivindo,97,,,,,,172,80,Competed in Olympic Games • Other,"ECLA, Albi (FRA)",,,
104492,Usain Bolt,Usain St. Leo Bolt,Usain•Bolt,,,Lightning Bolt,,Male,1986-08-21,Sherwood Content,Trelawny,134,,,,,,196,95,Competed in Olympic Games • Other,"Racers Track Club, Kingston (JAM)",,,
104510,João Vieira,João Paulo Garcia Vieira,João•Vieira,,,,,Male,1976-02-20,Portimão,Distrito de Faro,211,,,,,,175,60,Competed in Olympic Games • Non-starter,"Clube Natação Rio Maior, Rio Maior (POR) / Sporting CP, Lisboa (POR)",,,
104513,José Alessandro Bagio,José Alessandro Bernardo Bagio,José Alessandro•Bagio,,,,,Male,1981-04-16,Orleans,Santa Catarina,46,,,,,,172,63,Competed in Olympic Games,FM Timbó / Associacao Atletismo de Blumenau [Brazil],,,
104514,Takayuki Tanii,Takayuki Tanii,Takayuki•Tanii,谷井•孝行,,,,Male,1983-02-14,Namerikawa,Toyama,136,,,,,,167,57,Competed in Olympic Games,Nihon University / Sagawa / Japan Self-Defense Forces [JSDF] [Japan],,,
104516,Rolando Saquipay,Jaime Rolando Saquipay Pañi,Rolando•Saquipay,,,,,Male,1979-07-21,Narancay,Azuay,83,,,,,,165,61,Competed in Olympic Games,Federación Deportiva del Azuay,,,
104520,Ivan Trotski,Ivan Antonavich Trotski,Ivan•Trotski,Iван Антонавіч•Троцкі,"Ivan Antonovich Trotsky, Иван Антонович Троцкий",,,Male,1976-05-27,Voranava,Hrodna,42,,,,,,172,62,Competed in Olympic Games,"VS Minsk oblast, (BLR)",,,
104521,Luis Fernando López,Luis Fernando López Erazo,Luis Fernando•López,,,,,Male,1979-06-03,Pasto,Nariño,62,,,,,,166,60,Competed in Olympic Games,FFA,,,
104523,John Nunn,John Hamilton Nunn,John•Nunn,,,,,Male,1978-02-03,Durango,Colorado,268,,,,,,188,78,Competed in Olympic Games,"US Army, (USA)",,,
104525,Matej Tóth,Matej Tóth,Matej•Tóth,,,,,Male,1983-02-10,Nitra,Nitra,238,,,,,,185,73,Competed in Olympic Games,"Dukla Banská Bystrica, Banská Bystrica (SVK)",,,
104530,Predrag Filipović,Predrag Filipović,Predrag•Filipović,Предраг•Филиповић,,,,Male,1978-10-05,Leskovac,Jablanica,231,231,,,,,182,72,Competed in Olympic Games,"Crna Trava, Vlasotince / AK Vlasotince [Serbia]",,,
104531,Han Yucheng,Han Yucheng,Han•Yucheng,韓•玉成,,,Oriental,Male,1978-12-16,Fuxin,Liaoning,57,,,,,,178,55,Competed in Olympic Games,"?, Liaoning, (CHN)",,,
104532,Park Chil-Seong,Park Chil-Seong,Park•Chil-Seong,박•칠성,Park Chil-Sung,,Oriental,Male,1982-07-08,?,Jeollanam,143,,,,,,173,67,Competed in Olympic Games,Samsung Electronics Athletic Club [Republic of Korea],,,
104535,Eşref Apak,Eşref Apak,Eşref•Apak,,,,,Male,1982-01-03,Kalecik,Ankara,261,,,,,,184,120,Competed in Olympic Games,"Fenerbahçe SK, İstanbul (TUR) / Enka Spor Kulubü, İstanbul (TUR)",,,
104538,Dilshod Nazarov,Dilshod Nazarov,Dilshod•Nazarov,Дилшод•Назаров,,,,Male,1982-05-06,Dushanbe,Nohijahoi Tobei Çumhuri,251,,,,,,187,120,Competed in Olympic Games • Other,,,,
104539,Krisztián Pars,Krisztián Pars,Krisztián•Pars,,,,,Male,1982-02-18,Körmend,Vas,118,,,,,,188,116,Competed in Olympic Games • Other,Dobó Sportegyesület,,,
104544,David Söderberg,David Immanuel Söderberg,David•Söderberg,,,,,Male,1979-08-11,Vöyri,"Vöyri-Maksamaa, Pohjanmaa",92,,,,,,185,96,Competed in Olympic Games,"IF VOM, Vöyri, Vöyri-Maksamaa (FIN)",,,
104552,Leevan Sands,Leevan Sands,Leevan•Sands,,,"Skelly, Superman",,Male,1981-08-16,Nassau,New Providence,2,,,,,,191,82,Competed in Olympic Games • Other,"Auburn Tigers, Auburn, Alabama (USA) / Mizuno Track Club, Osaka (JPN)",,,
104557,Roman Valiyev,Roman Gazizovich Valiyev,Roman•Valiyev,Роман Газизович•Валиев,,,,Male,1984-03-27,Orenburg,Orenburg,219,,,,,,190,76,Competed in Olympic Games,"Specialised Higher Sports School [Pavlodar, KAZ]",,,
104559,Marian Oprea,Marian Oprea,Marian•Oprea,,,,,Male,1982-06-06,Pitești,Argeș,218,,,,,,191,85,Competed in Olympic Games • Other,"Rapid București, București (ROU) / CSM Arad, Arad (ROU)",,,
104569,Khotso Mokoena,Godfrey Khotso Mokoena,Khotso•Mokoena,,,,,Male,1985-03-06,Heidelberg,Gauteng,280,,,,,,190,76,Competed in Olympic Games,Tuks / Mizuno Track Club,,,
104572,Vladimir Letnicov,Vladimir Letnicov,Vladimir•Letnicov,,,,,Male,1981-10-07,Chișinău,Chișinău,167,,,,,,178,70,Competed in Olympic Games,,,,
104576,Nelson Évora,Nelson Évora,Nelson•Évora,,,,,Male,1984-04-20,Abidjan,Abidjan,58,,,,,,182,72,Competed in Olympic Games • Other,"SL Benfica, Lisboa (POR) / FC Barcelona, Barcelona (ESP)",,,
104585,Nick Willis,"Nicholas Ian ""Nick"" Willis",Nick•Willis,,,,,Male,1983-04-25,Lower Hutt,Wellington,197,,,,,,183,68,Competed in Olympic Games • Other,"Athletics Wellington / Reebok / Lower Hutt Athletic Club [Lower Hutt, NZL]",,,
104605,Kyriakos Ioannou,Kyriakos Ioannou,Kyriakos•Ioannou,Κυριάκος•Ιωάννου,,,,Male,1984-07-26,Lemesos (Limassol),Lemesos,70,,,,,,196,74,Competed in Olympic Games,"GS Olympia, Lemesos (CYP)",,,
104617,Jaroslav Bába,Jaroslav Bába,Jaroslav•Bába,,,,,Male,1984-09-02,Karviná,Moravskoslezský kraj,71,,,,,,199,86,Competed in Olympic Games,"SSK Vítkovice, Vítkovice, Ostrava (CZE)",,,
104634,Andrés Silva,Andrés Bayron Silva Lemos,Andrés•Silva,,,,,Male,1986-03-27,Tres Cruces,Tacuarembó,267,,,,,,178,78,Competed in Olympic Games,Campus de Maldonado [Uruguay],,,
104670,Zersenay Tadese,Zersenay Tadese Habtesilase,Zersenay•Tadese,ዘርኢሰናይ•ታደሰ,,,,Male,1982-02-08,Adi Bari,Debub,86,,,,,,160,54,Competed in Olympic Games • Other,"CA Adidas, Madrid (ESP)",,,
104674,Fabiano Naasi,Fabiano Joseph Naasi,Fabiano•Naasi,,,,,Male,1985-12-24,Babati,Manyara,263,,,,,,160,50,Competed in Olympic Games • Other,Iraqw,,,
104688,Gerd Kanter,Gerd Kanter,Gerd•Kanter,,,,,Male,1979-05-06,Tallinn,Harjumaa,88,,,,,,196,125,Competed in Olympic Games • Other,"SK Altius, Pärnu (EST)",,,
104695,Vikas Gowda,Vikas Shive Gowda,Vikas•Gowda,,,,,Male,1983-07-05,Mysore,Karnataka,126,,,,,,190,110,Competed in Olympic Games,"North Carolina Tar Heels, Chapel Hill (USA)",,,
104701,Lois Maikel Martínez,Lois Maikel Martínez González,Lois Maikel•Martínez,,,,,Male,1981-06-03,Boyeros,Ciudad de La Habana,67,,,,,,187,120,Competed in Olympic Games,CA Playas de Castellon [Spain],,,
104704,Ezekiel Kemboi,Ezekiel Kemboi Cheboi,Ezekiel•Kemboi,,,,,Male,1982-05-25,Matira,Elgeyo-Marakwet,138,,,,,,167,52,Competed in Olympic Games,"Kenya Police, (KEN)",,,
104711,Brimin Kipruto,Brimin Kiprop (Firmin-) Kipruto,Brimin•Kipruto,,,,,Male,1985-07-31,Korkitony,Elgeyo-Marakwet,138,,,,,,175,55,Competed in Olympic Games,,,,
104762,Kurt Couto,Kurt Leonel da Rocha Couto,Kurt•Couto,,,,,Male,1985-05-14,Maputo,Maputo,182,,,,,,180,74,Competed in Olympic Games • Other,,,,
105429,Christina Obergföll,Christina Obergföll,Christina•Obergföll,,,,,Female,1981-08-22,Lahr/Schwarzwald,Baden-Württemberg,72,,,,,,175,79,Competed in Olympic Games,"LG Offenburg, Offenburg (GER)",,,
105432,Barbora Špotáková,Barbora Špotáková,Barbora•Špotáková,,,,,Female,1981-06-30,Jablonec nad Nisou,Liberecký kraj,71,,,,,,182,80,Competed in Olympic Games • Other,"ASC Dukla, Praha (CZE)",,,
105450,Sunette Viljoen,Sunette Stella Viljoen,Sunette•Viljoen,,,,,Female,1983-10-06,Johannesburg,Gauteng,280,,,,,,170,72,Competed in Olympic Games,CN,,,
105488,Denisa Ščerbová-Rosolová,Denisa Ščerbová-Rosolová,Denisa•Ščerbová-Rosolová,,,,,Female,1986-08-21,Karviná,Moravskoslezský kraj,71,,,,,,175,63,Competed in Olympic Games,"SSK Vítkovice, Vítkovice, Ostrava (CZE)",,,
105496,Keila Costa,Keila da Silva da Costa,Keila•Costa,,,,,Female,1983-02-06,Abreu e Lima,Pernambuco,46,,,,,,170,63,Competed in Olympic Games,"Olympikus, Santos Dumont (PE) / BM&F Bovespa [Sao Paulo, BRA]",,,
105503,Daichi Sawano,Daichi Sawano,Daichi•Sawano,澤野•大地,,,,Male,1980-09-16,Nishiyodogawa,Osaka,136,,,,,,183,74,Competed in Olympic Games,Nishi AC / Fujitsu Track and Field Team [Japan],,,
105533,Eliud Kipchoge,Eliud Kipchoge,Eliud•Kipchoge,,,,,Male,1984-11-05,Kapsisiywa,Nandi,138,,,,,,167,57,Competed in Olympic Games,NN Running Team (NED),,,
105542,Carles Castillejo,Carles Castillejo Salvador,Carles•Castillejo,,,,,Male,1978-08-18,Barcelona,Barcelona,87,,,,,,165,61,Competed in Olympic Games,F.C. Barcelona/C.A. Adidas,,,
105591,Byron Piedra,Byron Efrén Piedra Avilés,Byron•Piedra,,,,,Male,1982-08-19,Cuenca,Azuay,83,,,,,,176,62,Competed in Olympic Games,Federación Deportiva del Azuay,,,
106001,Tero Pitkämäki,Tero Kristian Pitkämäki,Tero•Pitkämäki,,,,,Male,1982-12-19,Ilmajoki,Etelä-Pohjanmaa,92,,,,,,195,94,Competed in Olympic Games • Other,"Nurmon Urheilijat, Nurmo, Seinäjoki (FIN)",,,
106007,Stuart Farquhar,Stuart James Farquhar,Stuart•Farquhar,,,,,Male,1982-03-15,Te Aroha,Waikato,197,,,,,,187,98,Competed in Olympic Games,"Hamilton City Hawks, Hamilton (NZL)",,,
106012,Ruth Beitía,Ruth Beitía Vila,Ruth•Beitía,,,,,Female,1979-04-01,Santander,Cantabria,87,,,,,,191,72,Competed in Olympic Games,"CA Valencia Terra i Mar, Valencia (ESP)",,,
106016,Chaunté Howard-Lowe,Chaunté LaTasha Howard-Lowe,Chaunté•Howard-Lowe,,,,,Female,1984-01-12,Templeton,California,268,,,,,,176,59,Competed in Olympic Games,"Georgia Tech Yellow Jackets, Atlanta (USA) / Nike, Beaverton (USA)",,,
106026,Caterine Ibargüen,Caterine Ibargüen Mena,Caterine•Ibargüen,,,,,Female,1984-02-12,Apartadó,Antioquia,62,,,,,,185,70,Competed in Olympic Games • Other,Antioquia,,,
106053,Kelly-Ann Baptiste,Kelly-Ann Kaylene Baptiste,Kelly-Ann•Baptiste,,,,,Female,1986-10-14,Scarborough,Tobago,259,,,,,,167,54,Competed in Olympic Games • Other,"LSU Tigers, Baton Rouge (USA)",,,
106305,Mário José dos Santos Júnior,Mário José dos Santos Júnior,Mário José•dos Santos Júnior,,,,,Male,1979-09-10,Cubatão,São Paulo,46,,,,,,171,60,Competed in Olympic Games,"Clube de A / BM&F Bovespa [Sao Paulo, BRA]",,,
106651,Kayoko Fukushi,Kayoko Fukushi,Kayoko•Fukushi,福士•加代子,,,,Female,1982-03-25,Itayanagi,Aomori,136,,,,,,160,47,Competed in Olympic Games,"Wacoal [Kyoto, JPN]",,,
107140,José Amado García,José Amado García Gabriel,José Amado•García,,,,,Male,1977-09-13,San Jerónimo,Baja Verapaz,109,,,,,,177,59,Competed in Olympic Games,,,,
107160,Bat-Ochiryn Ser-Od,Bat-Ochiryn Ser-Od,Bat-Ochiryn•Ser-Od,Бат-Очирын•Сэр-Од,,Ziggy,Oriental,Male,1981-10-07,?,Govi-Altai,180,,,,,,169,61,Competed in Olympic Games • Other,"Morpeth Harriers, Morpeth (GBR)",,,
107170,Anuradha Cooray,Anuradha Indrajith Cooray,Anuradha•Cooray,,,,,Male,1978-03-24,Divulapitiya,"Gampaha, Basnahira",155,,,,,,178,58,Competed in Olympic Games • Other,"Vale of Aylesbury Athletics Club, Aylesbury (GBR)",,,
108382,Kafétien Gomis,Kafétien Antoine Gomis,Kafétien•Gomis,,,,,Male,1980-03-23,Saint-Quentin,Aisne,94,,,,,,185,70,Competed in Olympic Games,"ASPTT Lille, Lille (FRA)",,,
109230,Eva Nývltová-Vrabcová,Eva Nývltová-Vrabcová,Eva•Nývltová-Vrabcová,,,,,Female,1986-02-06,Trutnov,Královéhradecký kraj,71,,,,,,162,48,Competed in Olympic Games,"PSK Olymp Praha, Praha (CZE) / SKP Jablonec, Jablonec nad Nisou (CZE)",,,
112385,Thiago Silva,Thiago Emiliano da Silva de Souza,Thiago•Silva,,,,,Male,1984-09-22,Rio de Janeiro,Rio de Janeiro,46,,,,,,183,72,Competed in Olympic Games,"Fluminense, Rio de Janeiro (BRA) / AC Milan, Milano (ITA)",,,
113081,Györgyi Zsivóczky-Farkas,Györgyi Zsivóczky-Farkas,Györgyi•Zsivóczky-Farkas,,,,,Female,1985-02-13,Budapest,Budapest,118,,,,,,170,60,Competed in Olympic Games,"BHSE, Budapest (HUN)",,,
113085,Yuliya Tarasova,Yuliya Aleksandrovna Tarasova,Yuliya•Tarasova,Юлия Александровна•Тарасова,,,,Female,1986-03-13,Toshkent,Toshkent Shahri,269,,,,,,174,66,Competed in Olympic Games,"Central Military Sports Club [Tashkent, UZB]",,,
113090,Jennifer Oeser,Jennifer Oeser,Jennifer•Oeser,,,,,Female,1983-11-29,Brunsbüttel,Schleswig-Holstein,72,,,,,,175,68,Competed in Olympic Games,"Bayer 04 Leverkusen, Leverkusen (GER)",,,
113094,Antoinette Nana Djimou,Antoinette Nana Djimou Ida,Antoinette•Nana Djimou,,,,,Female,1985-08-02,Douala,Littoral,59,,,,,,174,69,Competed in Olympic Games,"CA Montreuil, Montreuil-sous-Bois (FRA)",,,
113099,Hanna Melnychenko-Kasianova,Hanna Anatoliïvna Melnychenko-Kasianova (-Frullani),Hanna•Melnychenko-Kasianova,Ганна Анатоліївна•Мельниченко-Касьянова (-Фруллані),,,,Female,1983-04-24,Tbilisi,Tbilisi,99,,,,,,178,67,Competed in Olympic Games,"Kolos Kremenchuk / Zaporozhstal [Zaporozhye, UKR]",,,
113113,Kenia Sinclair,Kenia Marsha Sinclair,Kenia•Sinclair,,,,,Female,1980-07-14,?,Saint Catherine,134,,,,,,170,58,Competed in Olympic Games • Non-starter,"Nike, Beaverton (USA)",,,
113125,Eglė Balčiūnaitė,Eglė Balčiūnaitė,Eglė•Balčiūnaitė,,,,,Female,1988-10-31,Šiauliai,Šiauliai,160,,,,,,176,63,Competed in Olympic Games,Gyvena Šiauliuose,,,
113130,Dani Samuels-Stevens,"Daniele ""Dani"" Samuels-Stevens",Dani•Samuels-Stevens,,,,,Female,1988-05-26,Fairfield,New South Wales,30,,,,,,182,82,Competed in Olympic Games,Westfields Athletics Club,,,
113137,Zinaida Sendriūtė,Zinaida Sendriūtė,Zinaida•Sendriūtė,,,,,Female,1984-12-20,Skuodas,Klaipėda,160,,,,,,188,95,Competed in Olympic Games,"LSU, Kaunas (LTU)",,,
113140,Bárbara Comba,Bárbara Rocío Comba,Bárbara•Comba,,,,,Female,1987-07-14,Río Tercero,Córdoba,26,,,,,,180,100,Competed in Olympic Games,"Escuela Municipal de Atletismo, Río Tercero / COR",,,
113141,Żaneta Glanc,Żaneta Glanc,Żaneta•Glanc,,,,,Female,1983-03-11,Poznań,Wielkopolskie,207,,,,,,186,95,Competed in Olympic Games,"AZS Poznań, Poznań (POL)",,,
113143,Habiba Ghribi,Habiba Al-Ghribi-Boudra,Habiba•Ghribi,حبيبة•الغريبي بودرة,,,,Female,1984-04-09,Kairouan,Kairouan,260,,,,,,174,51,Competed in Olympic Games,"FAVO, Franconville, Val-d'Oise (FRA)",,,
113147,Fionnuala Britton-McCormack,Fionnuala Britton-McCormack,Fionnuala•Britton-McCormack,,,,,Female,1984-09-24,Wicklow,Wicklow,128,,,,,,159,46,Competed in Olympic Games,"Slí Chualann, Wicklow (IRL) / Kilcoole AC (IRL)",,,
113150,Victoria Mitchell,Victoria Mitchell,Victoria•Mitchell,,,,,Female,1982-04-25,Albury,New South Wales,30,,,,,,164,47,Competed in Olympic Games,"Eureka Athletics Club / Athletics East [Sydney, NSW, AUS]",,,
113157,Jenny Barringer-Simpson,"Jennifer Mae ""Jenny"" Barringer-Simpson",Jenny•Barringer-Simpson,,,,,Female,1986-08-23,Webster City,Iowa,268,,,,,,166,53,Competed in Olympic Games,"Colorado Buffaloes, Boulder (USA)",,,
113158,Jéssica Augusto,Jéssica de Barros Augusto,Jéssica•Augusto,,,,,Female,1981-11-08,Paris,Paris,94,,,,,,162,44,Competed in Olympic Games,"Maratona CP, Oeiras (POR) / Sporting CP, Lisboa (POR)",,,
113159,Ancuța Bobocel,Ancuța Bobocel,Ancuța•Bobocel,,,,,Female,1987-10-03,Drobeta-Turnu Severin,Mehedinți,218,,,,,,167,49,Competed in Olympic Games,CSA Turnu Severin / CS Dinamo Bucuresti / CS Universitatea Craiova [Romania],,,
113160,Sofia Assefa,Sofia Assefa Abebe,Sofia•Assefa,,,,,Female,1987-11-14,Addis Ababa,Addis Ababa,89,,,,,,167,52,Competed in Olympic Games,,,,
113177,Sara Moreira,Sara Isabel Fonseca Moreira,Sara•Moreira,,,,,Female,1985-10-17,Santo Tirso,Distrito do Porto,211,,,,,,168,50,Competed in Olympic Games,"Maratona CP, Oeiras (POR) / Sporting CP, Lisboa (POR)",,,
113178,Katarzyna Kowalska,Katarzyna Kowalska,Katarzyna•Kowalska,,,,,Female,1985-04-07,Lipno,Kujawsko-Pomorskie,207,,,,,,178,55,Competed in Olympic Games,LKS Vectra Włocławek,,,
113185,Olga Rypakova,Olga Sergeyevna Rypakova (Alekseyeva-),Olga•Rypakova,Ольга Сергеевна•Рыпакова (Алексеева-),,,,Female,1984-11-30,Oskemen,Shyrgys Qazaqstan,137,,,,,,183,62,Competed in Olympic Games • Other,Central Army Sports Club [CSKA] (KAZ) / Altay Athletics Club (KAZ),,,
113193,Olha Saladukha,Olha Valeriïvna Saladukha (-Kostiuk),Olha•Saladukha,Ольга Валеріївна•Саладуха (-Костюк),,,,Female,1983-06-04,Donetsk,Donetsk,265,,,,,,176,57,Competed in Olympic Games,Kolos-Dynamo Donetsk,,,
113200,Irina Litvinenko-Ektova,Irina Andreyevna Litvinenko-Ektova,Irina•Litvinenko-Ektova,Ирина Андреевна•Литвиненко-Эктова,,,,Female,1987-01-08,Petropavl,Soltustyk Qazaqstan,137,,,,,,173,61,Competed in Olympic Games,,,,
113201,Dana Velďáková,Dana Velďáková,Dana•Velďáková,,,,,Female,1981-06-03,Rožňava,Košice,238,,,,,,179,61,Competed in Olympic Games,"Akademik TU, Košice (SVK)",,,
113223,Hamza Alić,Hamza Alić,Hamza•Alić,,,,,Male,1979-01-20,Srebrenica,Vlasenica,41,,,,,,186,130,Competed in Olympic Games,AK Zenica,,,
113228,Germán Lauro,Germán Luján Lauro,Germán•Lauro,,,,,Male,1984-04-02,Trenque Lauquen,Provincia de Buenos Aires,26,,,,,,186,127,Competed in Olympic Games,"Ferro Carril Oeste, Buenos Aires (ARG)",,,
113229,Asmir Kolašinac,Asmir Kolašinac,Asmir•Kolašinac,Асмир•Колашинац,,,,Male,1984-10-15,Skopje,Skopje,174,,,,,,187,140,Competed in Olympic Games,"Partizan Beograd, Beograd (SRB)",,,
113233,Georgi Ivanov,Georgi Stoyanov Ivanov,Georgi•Ivanov,Георги Стоянов•Иванов,,,,Male,1985-03-13,Sliven,Sliven,38,,,,,,188,138,Competed in Olympic Games,"ASKLA Sliven (BUL) / AK Pavel Pavlov, Vratsa (BUL)",,,
113244,Jurgen Themen,Jurgen Themen,Jurgen•Themen,,,,,Male,1985-10-26,Paramaribo,Paramaribo,237,,,,,,172,75,Competed in Olympic Games • Other,"Riccardi Milano / Adams State University [Alamosa, CO, USA]",,,
113251,Richard Thompson,Richard Thompson,Richard•Thompson,,,Torpedo,,Male,1985-06-07,Cascade,,259,,,,,,188,80,Competed in Olympic Games • Other,"LSU Tigers, Baton Rouge (USA) / HSI, Irvine (USA)",,,
113257,Holder da Silva,Holder Ocante da Silva,Holder•da Silva,,,,,Male,1988-01-12,Bissau,Bissau,104,,,,,,182,80,Competed in Olympic Games,"SL Benfica, Lisboa (POR)",,,
113259,Tyson Gay,Tyson Lashane Gay,Tyson•Gay,,,,,Male,1982-08-09,Lexington,Kentucky,268,,,,,,181,80,Competed in Olympic Games,"adidas, Herzogenaurach (GER)",,,
113284,Rolando Palacios,Rolando Cruz Palacios Castillo,Rolando•Palacios,,,,,Male,1987-05-03,Sambo Creek,Atlántida,114,,,,,,180,89,Competed in Olympic Games • Other,FeDex de Honduras,,,
113292,Yevhen Vynohradov,Yevhen Valeriyovych Vynohradov,Yevhen•Vynohradov,Євген Валерійович•Виноградов,,,,Male,1984-04-30,Vasylkiv,Kyiv,265,,,,,,195,105,Competed in Olympic Games,ZS Kyivska oblast,,,
113298,Lukáš Melich,Lukáš Melich,Lukáš•Melich,,,,,Male,1980-09-16,Jilemnice,Liberecký kraj,71,,,,,,186,110,Competed in Olympic Games,"ASC Dukla, Praha (CZE)",,,
113300,Marco Lingua,Marco Lingua,Marco•Lingua,,,,,Male,1978-06-04,Chivasso,Torino,133,,,,,,177,116,Competed in Olympic Games,"G.S. Fiamme Gialle, Roma (ITA)",,,
113303,Amanmyrat Hommadow,Amanmyrat Hommadow,Amanmyrat•Hommadow,,,,,Male,1989-01-28,Tejen,Ahal,252,,,,,,190,117,Competed in Olympic Games,,,,
113308,Taylor Milne,Taylor Milne,Taylor•Milne,,,,,Male,1981-09-14,Callander,Ontario,52,,,,,,165,60,Competed in Olympic Games,"Speed River TFC, Guelph (CAN)",,,
113309,Asbel Kiprop,Asbel Kipruto Kiprop,Asbel•Kiprop,,,,,Male,1989-06-30,Eldoret,Uasin Gishu,138,,,,,,190,63,Competed in Olympic Games,"Kenya Police, (KEN)",,,
113310,Nate Brannen,"Nathan ""Nate"" Brannen",Nate•Brannen,,,,,Male,1982-09-08,Cambridge,Ontario,52,,,,,,174,58,Competed in Olympic Games,"Tri-City Track Club, Waterloo (CAN) / Capital City Runners, Tallahassee (USA)",,,
113321,Abdalaati Iguider,Reda Abdalaati Iguider,Abdalaati•Iguider,عبد العاطي•إيغيدير,,,,Male,1987-03-25,Errachidia,Drâa-Tafilalet,165,,,,,,173,57,Competed in Olympic Games,,,,
113325,Tiidrek Nurme,Tiidrek Nurme,Tiidrek•Nurme,,,,,Male,1985-11-18,Kuressaare,Saaremaa,88,,,,,,184,70,Competed in Olympic Games,"TÜ ASK, Tartu (EST)",,,
113336,Jeff Riseley,"Jeffrey ""Jeff"" Riseley",Jeff•Riseley,,,,,Male,1986-11-11,Dandenong,Victoria,30,,,,,,192,74,Competed in Olympic Games,Knox Athletics Club,,,
113339,Mahau Suguimati,Mahau Camargo Suguimati,Mahau•Suguimati,,,,,Male,1984-11-13,São Miguel do Araguaia,Goiás,46,,,,,,184,78,Competed in Olympic Games,Atlético Clube Paranavaí / Gremio Barueri [Brazil],,,
113345,L. J. van Zyl,"Louis Jacobus ""L. J."" van Zyl",L. J.•van Zyl,,,,,Male,1985-07-20,Bloemfontein,Free State,280,,,,,,182,79,Competed in Olympic Games,"TuksSport, Pretoria (RSA)",,,
113346,Javier Culson,Javier Culson Pérez,Javier•Culson,,,,,Male,1984-07-25,Ponce,Puerto Rico,209,,,,,,200,82,Competed in Olympic Games • Other,,,,
113349,Kerron Clement,Kerron Stephon Clement,Kerron•Clement,,,,,Male,1985-10-31,Port of Spain,Port of Spain,259,,,,,,188,86,Competed in Olympic Games,"Nike, Beaverton (USA)",,,
113352,Jared Tallent,Jared Tallent,Jared•Tallent,,,,,Male,1984-10-17,Ballarat,Victoria,30,,,,,,178,58,Competed in Olympic Games,Ballarat YCW Harriers / Enfield Harriers [Australia],,,
113357,Koichiro Morioka,Koichiro Morioka,Koichiro•Morioka,森岡•紘一朗,,,,Male,1985-04-02,Isahaya,Nagasaki,136,,,,,,185,69,Competed in Olympic Games,Fujitsu,,,
113359,Erik Tysse,Erik Tysse,Erik•Tysse,,,,,Male,1980-12-04,Bergen,Vestland,194,,,,,,190,70,Competed in Olympic Games,"IL Norna-Salhus, Bergen (NOR)",,,
113360,Kim Hyeon-Seop,Kim Hyeon-Seop,Kim•Hyeon-Seop,김•현섭,Kim Hyun-Sub,,Oriental,Male,1985-05-31,Sokcho,Gangwon,143,,,,,,175,53,Competed in Olympic Games,Samsung Electronics Athletic Club,,,
113362,Dzianis Simanovich,Dzianis Vasilievich Simanovich,Dzianis•Simanovich,Дзяніс Васілевіч•Сімановіч,"Denis Vasilyevich Simanovich, Денис Васильевич Симанович",,,Male,1987-04-20,Chișinău,Chișinău,167,,,,,,178,64,Competed in Olympic Games,,,,
113363,Rafał Augustyn,Rafał Augustyn,Rafał•Augustyn,,,,,Male,1984-05-14,Dębica,Podkarpackie,207,,,,,,180,82,Competed in Olympic Games,"AZS AWF Kraków, Kraków (POL)",,,
113365,James Rendón,James Aurelio Rendón Villegas,James•Rendón,,,,,Male,1985-04-07,Fresno,Tolima,62,,,,,,170,64,Competed in Olympic Games,,,,
113366,Hassanine Sbai,Hassanine Al-Sbai,Hassanine•Sbai,حسنين•السباعي,,,,Male,1984-01-21,Tajerouine,Kef,260,,,,,,176,60,Competed in Olympic Games,,,,
113367,Marius Žiūkas,Marius Žiūkas,Marius•Žiūkas,,,,,Male,1985-06-29,Birštonas,Kaunas,160,,,,,,185,72,Competed in Olympic Games,,,,
113370,Andrés Chocho,Cristian Andrés Chocho León,Andrés•Chocho,,,,,Male,1983-11-04,Cuenca,Azuay,83,,,,,,170,66,Competed in Olympic Games • Other,Federación Deportiva del Azuay,,,
113372,Juan Manuel Cano,Juan Manuel Cano Ceres,Juan Manuel•Cano,,,,,Male,1987-12-12,San Miguel de Tucumán,Tucumán,26,,,,,,168,60,Competed in Olympic Games,Universidad Nacional de La Matanza,,,
113374,Sérgio Vieira,Sérgio Miguel Garcia Vieira,Sérgio•Vieira,,,,,Male,1976-02-20,Portimão,Distrito de Faro,211,,,,,,174,60,Competed in Olympic Games,"Clube Natação Rio Maior, Rio Maior (POR) / SL Benfica, Lisboa (POR)",,,
113375,Jakub Jelonek,Jakub Bogdan Jelonek,Jakub•Jelonek,,,,,Male,1985-07-07,Częstochowa,Śląskie,207,,,,,,185,67,Competed in Olympic Games,"AZS AWF Kraków, Kraków (POL)",,,
113378,Chris Erickson,"Christopher ""Chris"" Erickson",Chris•Erickson,,,,,Male,1981-12-01,Melbourne,Victoria,30,,,,,,175,60,Competed in Olympic Games,"Athletics Essendon, Melbourne (AUS)",,,
113390,Mahiedine Mekhissi-Benabbad,Mahiedine Mekhissi-Benabbad,Mahiedine•Mekhissi-Benabbad,,,,,Male,1985-03-15,Reims (Rheims),Marne,94,,,,,,190,75,Competed in Olympic Games,"EFS Reims, Reims (FRA)",,,
113398,Benjamin Kiplagat,Benjamin Kiplagat,Benjamin•Kiplagat,,,,,Male,1989-03-04,Magoro,Eastern,264,,,,,,186,65,Competed in Olympic Games,Standard,,,
113400,Hamid Ezzine,Hamid Ezzine,Hamid•Ezzine,حميد•الزين,,,,Male,1983-10-05,Aït Ali,,165,,,,,,174,62,Competed in Olympic Games,"FATH Union Sports [Rabat, MAR]",,,
113405,Halil Akkaş,Halil Akkaş,Halil•Akkaş,,,,,Male,1983-07-01,Kütahya,Kütahya,261,,,,,,175,58,Competed in Olympic Games,"Fenerbahçe SK, İstanbul (TUR)",,,
113407,Piotr Małachowski,Piotr Małachowski,Piotr•Małachowski,,,,,Male,1983-06-07,Żuromin,Mazowieckie,207,,,,,,193,130,Competed in Olympic Games,"Śląsk Wrocław, Wrocław (POL)",,,
113409,Robert Harting,Robert Harting,Robert•Harting,,,,,Male,1984-10-18,Cottbus,Brandenburg,72,,,,,,201,126,Competed in Olympic Games,"SC Charlottenburg, Berlin (GER)",,,
113412,Oleksiy Semenov,Oleksiy Serhiyovych Semenov,Oleksiy•Semenov,Олексій Сергійович•Семенов,,,,Male,1982-06-27,Chișinău,Chișinău,167,,,,,,198,120,Competed in Olympic Games,"Dynamo Donetsk, Donetsk (UKR)",,,
113413,Jorge Fernández,Jorge Yadián Fernández Hernández,Jorge•Fernández,,,,,Male,1987-10-02,Matanzas,Matanzas,67,,,,,,190,100,Competed in Olympic Games,,,,
113415,Benn Harradine,Benn Harradine,Benn•Harradine,,,Big Benn,,Male,1982-10-14,Newcastle,New South Wales,30,,,,,,198,115,Competed in Olympic Games,Hunter Track and Field Club / Maroochy Athletics Club [Australia],,,
113416,Sultan Mubarak Al-Dawoodi,Sultan Mubarak M. Al-Dawoodi,Sultan Mubarak•Al-Dawoodi,سلطان مبارك•الداودي,,,,Male,1985-03-16,Bisha,Asir,222,,,,,,192,86,Competed in Olympic Games • Other,,,,
113418,Ehsan Haddadi,Ehsan Haddadi,Ehsan•Haddadi,احسان•حدادی,,,,Male,1985-01-20,Tehran,Tehran,129,,,,,,192,120,Competed in Olympic Games,,,,
113432,Tahesia Harrigan-Scott,Tahesia Gaynell Harrigan-Scott,Tahesia•Harrigan-Scott,,,,,Female,1982-02-15,Charlotte Amalie,St. Thomas,16,,,,,,158,56,Competed in Olympic Games • Other,,,,
113444,Semoy Hackett,Semoy Kee-Ann Hackett,Semoy•Hackett,,,,,Female,1988-11-27,Lambeau,Siparia,259,,,,,,173,61,Competed in Olympic Games • Non-starter,"Zenith Tobago, (TTO)",,,
113448,Chisato Fukushima,Chisato Fukushima,Chisato•Fukushima,福島•千里,,,,Female,1988-06-27,Makubetsu,Hokkaido,136,,,,,,165,52,Competed in Olympic Games,Hokkaido High Tech AC,,,
113450,Shelly-Ann Fraser-Pryce,Shelly-Ann Fraser-Pryce,Shelly-Ann•Fraser-Pryce,,,Pocket Rocket,,Female,1986-12-27,Waterhouse,Kingston,134,,,,,,160,57,Competed in Olympic Games • Other,"MVP Track & Field Club, Kingston (JAM)",,,
113451,Ruddy Zang-Milama,Perennes Paulette Ruddy Zang-Milama,Ruddy•Zang-Milama,,,,,Female,1987-06-06,Port-Gentil,Ogooué-Maritime,97,,,,,,156,53,Competed in Olympic Games • Other,"AS Aix-les-Bains, Aix-les-Bains (FRA)",,,
113470,Nataliya Pohrebniak,Nataliya Olehivna Pohrebniak,Nataliya•Pohrebniak,Наталія Олегівна•Погребняк,,,,Female,1988-02-19,Kup'iansk,Kharkiv,265,,,,,,171,63,Competed in Olympic Games,"Dynamo Kharkiv, Kharkiv (UKR)",,,
113476,Ezinne Okparaebo,Ezinne Okparaebo,Ezinne•Okparaebo,,,,,Female,1988-03-03,Owerri,Imo,191,,,,,,164,56,Competed in Olympic Games,"IL i BUL, Oslo (NOR)",,,
113483,Christina Schwanitz,Christina Schwanitz,Christina•Schwanitz,,,,,Female,1985-12-24,Dresden,Sachsen,72,,,,,,180,115,Competed in Olympic Games,"SV Neckarsulm, Neckarsulm (GER) / LV 90 Thum, Thum (GER)",,,
113490,Natalia Ducó,Natalia Ducó Soler,Natalia•Ducó,,,,,Female,1989-01-31,San Felipe,Valparaíso,55,,,,,,177,100,Competed in Olympic Games,,,,
113491,Gong Lijiao,Gong Lijiao,Gong•Lijiao,巩•立姣,,,Oriental,Female,1989-01-24,Luquan,Hebei,57,,,,,,175,105,Competed in Olympic Games,"Hebei Provincial Athletics Team, (CHN)",,,
113493,Michelle Carter,Michelle Denee Carter (-Elder),Michelle•Carter,,,,,Female,1985-10-12,Grand Prairie,Texas,268,,,,,,176,136,Competed in Olympic Games,"NYAC, New York (USA)",,,
113502,Yarisley Silva,Yarisley Silva Rodríguez,Yarisley•Silva,,,,,Female,1987-06-01,Pinar del Río,Pinar del Río,67,,,,,,161,61,Competed in Olympic Games,,,,
113504,Li Ling,Li Ling,Li•Ling,李•玲,,,Oriental,Female,1989-07-06,Puyang,Henan,57,,,,,,185,63,Competed in Olympic Games,"?, Zhejiang, (CHN)",,,
113507,Jenn Stuczynski-Suhr,"Jennifer ""Jenn"" Stuczynski-Suhr",Jenn•Stuczynski-Suhr,,,,,Female,1982-02-05,Fredonia,New York,268,,,,,,183,66,Competed in Olympic Games,"adidas, Herzogenaurach (GER)",,,
113508,Fabiana Mürer,Fabiana de Almeida Mürer,Fabiana•Mürer,,,,,Female,1981-03-16,Campinas,São Paulo,46,,,,,,172,58,Competed in Olympic Games,"Associação Profissionalizante BM&F, São Caetano do Sul (BRA)",,,
113511,Alana Boyd,Alana Boyd,Alana•Boyd,,,,,Female,1984-05-10,Melbourne,Victoria,30,,,,,,171,59,Competed in Olympic Games,"University of Queensland, Brisbane (AUS) / Maroochy Athletics Club, Sippy Downs (AUS)",,,
113514,Nicole Büchler,Nicole Büchler,Nicole•Büchler,,,,,Female,1983-12-17,Biel/Bienne,Bern,54,,,,,,162,54,Competed in Olympic Games,"STB, Bern (SUI)",,,
113516,Nikol Kyriakopoulou,"Nikoleta ""Nikol"" Kyriakopoulou",Nikol•Kyriakopoulou,"Νικολέτα ""Νικολ""•Κυριακοπούλου",,,,Female,1986-03-21,Athina (Athens),Attiki,106,,,,,,167,57,Competed in Olympic Games • Non-starter,"E.A.R. Rethimniakos, Crete / AGES Kameiros 2009",,,
113520,Libania Grenot,Libania Grenot Martínez (-Scafetti),Libania•Grenot,,,Panterita,,Female,1983-07-12,Santiago de Cuba,Santiago de Cuba,67,,,,,,175,60,Competed in Olympic Games,"Cus Cagliari / GA Fiamme Gialle [Rome, ITA]",,,
113521,Carline Muir,Carline Muir,Carline•Muir,,,,,Female,1987-10-01,Spanish Town,Saint Catherine,134,,,,,,170,65,Competed in Olympic Games,Legacy Athletics,,,
113540,Kineke Alexander,Kineke Alicia Alexander,Kineke•Alexander,,,,,Female,1986-02-21,Kingstown,Saint George,11,,,,,,178,65,Competed in Olympic Games • Other,"Iowa Hawkeyes, Iowa City (USA)",,,
113542,Tsholofelo Thipe,Tsholofelo Thipe (Selemela-),Tsholofelo•Thipe,,,,,Female,1986-12-09,Rustenburg,North West,280,,,,,,153,55,Competed in Olympic Games,Platinum Athletics Club / Royal Bafokeng Athletics [South Africa],,,
113554,Kim Kum-Ok,Kim Kum-Ok,Kim•Kum-Ok,,,,Oriental,Female,1988-12-09,Pyeongyang,Pyeongyang,210,,,,,,161,48,Competed in Olympic Games,,,,
113556,Anna Incerti,Anna Carmela Incerti (-Scaini),Anna•Incerti,,,,,Female,1980-01-19,Palermo,Palermo,133,,,,,,168,44,Competed in Olympic Games,"G.S. Fiamme Azzurre, (ITA)",,,
113560,Madaí Pérez,Madaí Pérez Carrillo,Madaí•Pérez,,,,,Female,1980-02-02,Tlaxcala,Tlaxcala,171,,,,,,158,46,Competed in Olympic Games,,,,
113561,Christelle Daunay,Christelle Daunay,Christelle•Daunay,,,,,Female,1974-12-05,Le Mans,Sarthe,94,,,,,,162,43,Competed in Olympic Games,SCO Ste Marguerite Marseille / Entente Sarthe Athletisme [France],,,
113563,Beata Naigambo,Beata Nandjala Naigambo,Beata•Naigambo,,,,,Female,1980-03-11,Oilagati,Ohangwena,188,,,,,,167,48,Competed in Olympic Games,Namibian Police Force [Namibia],,,
113568,Lisa Weightman,Lisa Jane Weightman,Lisa•Weightman,,,,,Female,1979-01-16,Melbourne,Victoria,30,,,,,,157,44,Competed in Olympic Games,"Preston AC, Preston (AUS)",,,
113570,Rasa Drazdauskaitė,Rasa Drazdauskaitė,Rasa•Drazdauskaitė,,,,,Female,1981-03-20,Šiauliai,Šiauliai,160,,,,,,173,58,Competed in Olympic Games,Kaunas Marathon [Lithuania],,,
113572,Helalia Johannes,Helalia Lukeiko Johannes,Helalia•Johannes,,,,,Female,1980-08-13,Oshali,Oshana,188,,,,,,165,46,Competed in Olympic Games,Namibian Defence Force [Namibia],,,
113573,Lucia Kimani,Lucia Mwahiki Kimani-Marčetić,Lucia•Kimani,,,,,Female,1981-06-21,Kajiado,Kajiado,138,,,,,,166,48,Competed in Olympic Games,"Athletic Club Borac, Banja Luka",,,
113578,Marily dos Santos,Marily dos Santos,Marily•dos Santos,,,,,Female,1978-02-05,Joaquim Gomes,Alagoas,46,,,,,,158,46,Competed in Olympic Games,Ferbasa / Veteranos de Bahia [Brazil],,,
113581,Alessandra Aguilar,Alessandra Aguilar Morán,Alessandra•Aguilar,,,,,Female,1978-07-01,Lugo,Lugo,87,,,,,,165,50,Competed in Olympic Games,"FC Barcelona, Barcelona (ESP)",,,
113585,Yuliya Arkhipova-Andreyeva,Yuliya Vladimirovna Arkhipova-Andreyeva,Yuliya•Arkhipova-Andreyeva,Юлия Владимировна•Архипова-Андреева,,,,Female,1984-03-07,Bishkek,Bishkek,139,,,,,,168,51,Competed in Olympic Games,,,,
113599,Katsiaryna Paplauskaya,Katsiaryna Viktarauna Paplauskaya,Katsiaryna•Paplauskaya,Кацярына Віктараўна•Паплаўская,"Yekaterina Viktorovna Poplavskaya, Екатерина Викторовна Поплавская",,,Female,1987-05-07,Homel,Homel,42,,,,,,169,61,Competed in Olympic Games,,,,
113615,Anastasiya Pilipenko,Anastasiya Olegovna Pilipenko (Vinogradova-),Anastasiya•Pilipenko,Анастасия Олеговна•Пилипенко (Виноградова-),,,,Female,1986-09-13,Almaty,Almaty,137,,,,,,174,55,Competed in Olympic Games,"Specialised Higher Sports School [Almaty, KAZ]",,,
113622,Satomi Kubokura,Satomi Kubokura,Satomi•Kubokura,久保倉•里美,,,,Female,1982-04-27,Asahikawa,Hokkaido,136,,,,,,160,52,Competed in Olympic Games,Niigata Albirex Running Club [Japan],,,
113624,Nickiesha Wilson,Nickiesha Cecelia Wilson,Nickiesha•Wilson,,,,,Female,1986-07-28,Kingston,Kingston,134,,,,,,174,66,Competed in Olympic Games,"LSU Tigers, Baton Rouge (USA)",,,
113631,Zuzana Hejnová,Zuzana Hejnová,Zuzana•Hejnová,,,,,Female,1986-12-19,Liberec,Liberecký kraj,71,,,,,,173,63,Competed in Olympic Games,"USK Praha, Praha (CZE)",,,
113642,Donald Thomas,Donald Alexander Thomas,Donald•Thomas,,,,,Male,1984-07-01,Freeport,City of Freeport,2,,,,,,191,81,Competed in Olympic Games • Other,,,,
113643,Majed Ghazal,Majed Al-Din Tarad Ghazal Al-Din,Majed•Ghazal,ماجد الدين طراد•غزال الدين,,,,Male,1987-04-21,Dimashq (Damascus),Dimashq,244,,,,,,205,72,Competed in Olympic Games • Other,,,,
113648,Kostas Baniotis,"Konstantinos ""Kostas"" Baniotis",Kostas•Baniotis,"Κωνσταντίνος ""Κώστας""•Μπανιώτης",,,,Male,1986-11-06,Komotini (Komotene),Anatoliki Makedonia kai Thraki,106,,,,,,201,80,Competed in Olympic Games,Olimpiada Komotini Proponitis,,,
113654,Mike Mason,"Michael Robert Christian ""Mike"" Mason",Mike•Mason,,,,,Male,1986-09-30,New Westminster,British Columbia,52,,,,,,186,67,Competed in Olympic Games,"Valley Royals TFC, Abbotsford (CAN)",,,
113670,Galen Rupp,Galen Rupp,Galen•Rupp,,,,,Male,1986-05-08,Portland,Oregon,268,,,,,,181,61,Competed in Olympic Games,"Oregon Ducks, Eugene (USA)",,,
113686,Eric Gillis,Eric Gillis,Eric•Gillis,,,,,Male,1980-03-08,Antigonish,Nova Scotia,52,,,,,,172,58,Competed in Olympic Games,"Speed River TFC, Guelph (CAN)",,,
113687,Rui Pedro Silva,Rui Pedro Sá Alves da Silva,Rui Pedro•Silva,,,,,Male,1981-05-06,Trofa,Distrito do Porto,211,,,,,,173,60,Competed in Olympic Games,"Maratona CP, Oeiras (POR) / SL Benfica, Lisboa (POR)",,,
113688,Cuthbert Nyasango,Cuthbert Nyasango,Cuthbert•Nyasango,,,,,Male,1982-09-17,Nyanga,Manicaland,282,,,,,,163,56,Competed in Olympic Games • Other,Harmony Gold Running Club,,,
113691,William Collazo,William Collazo Gutiérrez,William•Collazo,,,,,Male,1986-08-31,La Habana (Havana),Ciudad de La Habana,67,,,,,,172,71,Competed in Olympic Games,,,,
113692,Kévin Borlée,Kévin Borlée,Kévin•Borlée,,,,,Male,1988-02-22,Woluwe-Saint-Lambert,Région de Bruxelles-Capitale,34,,,,,,180,67,Competed in Olympic Games,"White Star Athletic, Bruxelles (BEL) / Olympic Essenbeek-Halle, Halle (BEL)",,,
113699,Nery Brenes,Nery Antonio Brenes Cárdenas,Nery•Brenes,,,,,Male,1985-09-25,Limón,Limón,65,,,,,,175,70,Competed in Olympic Games • Other,,,,
113707,Yuzo Kanemaru,Yuzo Kanemaru,Yuzo•Kanemaru,金丸•祐三,,,,Male,1987-09-18,Takatsuki,Osaka,136,,,,,,178,75,Competed in Olympic Games,"Hosei University, Tokyo (JPN)",,,
113708,LaShawn Merritt,LaShawn Merritt,LaShawn•Merritt,,,,,Male,1986-06-27,Portsmouth,Virginia,268,,,,,,191,86,Competed in Olympic Games,"Nike, Beaverton (USA)",,,
113710,Jonathan Borlée,Jonathan Borlée,Jonathan•Borlée,,,Jo,,Male,1988-02-22,Woluwe-Saint-Lambert,Région de Bruxelles-Capitale,34,,,,,,180,69,Competed in Olympic Games,"White Star Athletic, Bruxelles (BEL) / Olympic Essenbeek-Halle, Halle (BEL)",,,
113715,Michael Mathieu,Michael Walter Mathieu,Michael•Mathieu,,,,,Male,1984-06-24,Freeport,City of Freeport,2,,,,,,178,76,Competed in Olympic Games,"adidas, Herzogenaurach (GER)",,,
113727,Kim Deok-Hyeon,Kim Deok-Hyeon,Kim•Deok-Hyeon,김•덕현,,,Oriental,Male,1985-12-08,Gwangju,Gwangju,143,,,,,,180,71,Competed in Olympic Games,Gwangju Metropolitan City [Republic of Korea],,,
113729,Dzmitry Platnitski,Dzmitry Anatolyevich Platnitski,Dzmitry•Platnitski,Дзмітрый Анатолевіч•Платніцкі,"Dmitry Anatolyevich Plotnitsky, Дмитрий Анатольевич Плотницкий",,,Male,1988-08-26,Brest,Brest,42,,,,,,191,83,Competed in Olympic Games,"RTsFVS Brest, Brest (BLR)",,,
113739,Renjith Maheshwary,Renjith Maheshwary,Renjith•Maheshwary,,,,,Male,1986-01-30,Kottayam,Kerala,126,,,,,,184,79,Competed in Olympic Games,Indian Railways [India],,,
113742,Solomon Bockarie-Bayoh,Solomon Bockarie-Bayoh,Solomon•Bockarie-Bayoh,,,,,Male,1987-05-18,Makeni,Northern,227,,,,,,171,72,Competed in Olympic Games • Non-starter • Other,ARV Illion,,,
113749,Bruno de Barros,Bruno Lins Tenório de Barros,Bruno•de Barros,,,,,Male,1987-01-07,Maceió,Alagoas,46,,,,,,182,85,Competed in Olympic Games,CT Piauí,,,
113752,Rondel Sorrillo,Rondel Kelvin Sorrillo,Rondel•Sorrillo,,,,,Male,1986-01-24,La Brea,Siparia,259,,,,,,178,62,Competed in Olympic Games,"Palo Seco, (TTO) / Kentucky Wildcats, Lexington (USA)",,,
113756,Ihor Bodrov,Ihor Valeriyovych Bodrov,Ihor•Bodrov,Ігор Валерійович•Бодров,,,,Male,1987-07-09,Kharkiv,Kharkiv,265,,,,,,184,77,Competed in Olympic Games,"Dynamo Kharkiv, Kharkiv (UKR)",,,
113764,Ramil Guliyev,Ramil Guliyev,Ramil•Guliyev,,Ramil Eldar oğlu Quliyev,,,Male,1990-05-29,Bakı,Bakı,32,,,,,,186,80,Competed in Olympic Games,Fenerbahçe Athletics,,,
113765,Jamial Rolle,Jamial St. John Rolle,Jamial•Rolle,,,,,Male,1980-04-16,Nassau,New Providence,2,,,,,,174,70,Competed in Olympic Games,Doyle Management,,,
113772,Zhang Peimeng,Zhang Peimeng,Zhang•Peimeng,张•培萌,,,Oriental,Male,1987-03-13,Beijing,Beijing,57,,,,,,186,78,Competed in Olympic Games,"Beijing Municipal Athletics Team, Beijing (CHN)",,,
113780,Mikel Thomas,Mikel Kevon Thomas,Mikel•Thomas,,,,,Male,1987-11-23,Port of Spain,Port of Spain,259,,,,,,186,79,Competed in Olympic Games,"Kentucky Wildcats, Lexington (USA)",,,
113782,Petr Svoboda,Petr Svoboda,Petr•Svoboda,,,,,Male,1984-10-10,Třebíč,Vysočina,71,,,,,,195,90,Competed in Olympic Games,"PSK Olymp Praha, Praha (CZE)",,,
113783,Ronald Forbes,Ronald Joseph Forbes,Ronald•Forbes,,,,,Male,1985-04-05,George Town,Cayman Islands,69,,,,,,191,93,Competed in Olympic Games • Other,"FIU Golden Panthers, Miami (USA)",,,
113793,Kostas Douvalidis,"Konstantinos Alexandros ""Kostas"" Douvalidis-Ricks",Kostas•Douvalidis,"Κωνσταντίνος ""Κώστας""•Δουβαλίδης",,,,Male,1987-03-10,Drama,Anatoliki Makedonia kai Thraki,106,,,,,,181,78,Competed in Olympic Games,A. O. Dramas Proponitis (GRE) / SC El. Venizelos (GRE),,,
113798,Martina Danišová-Hrašnová,Martina Danišová-Hrašnová,Martina•Danišová-Hrašnová,,,,,Female,1983-03-21,Bratislava,Bratislava,238,,,,,,177,80,Competed in Olympic Games,VSC Dukla Banska Bystrica [Slovakia],,,
113799,Anita Włodarczyk,Anita Włodarczyk,Anita•Włodarczyk,,,,,Female,1985-08-08,Rawicz,Wielkopolskie,207,,,,,,178,95,Competed in Olympic Games,"AZS Poznań, Poznań (POL)",,,
113803,Iryna Novozhylova,Iryna Oleksandrivna Novozhylova,Iryna•Novozhylova,Ірина Олександрівна•Новожилова,,,,Female,1986-01-07,Shostka,Sumy,265,,,,,,175,90,Competed in Olympic Games,Kolos Symska oblast,,,
113807,Wang Zheng,Wang Zheng,Wang•Zheng,王•峥,,,Oriental,Female,1987-12-14,Xi'an,Shaanxi,57,,,,,,175,105,Competed in Olympic Games,"?, Shaanxi, (CHN)",,,
113810,Zalina Marghieva-Petrivskaya,Zalina Marghieva-Petrivskaya,Zalina•Marghieva-Petrivskaya,,"Zalina Soslanovna Marghieva-Petrivskaya, Залина Сослановна Маргиева-Петривская",,,Female,1988-02-05,Vladikavkaz,Respublika Severnaya Osetiya-Alaniya,219,,,,,,174,80,Competed in Olympic Games • Other,,,,
113818,Amber Campbell,Amber Campbell,Amber•Campbell,,,,,Female,1981-06-05,Cincinnati,Ohio,268,,,,,,171,90,Competed in Olympic Games,Mjolnir Throwers Club [United States of America],,,
113820,Kathrin Klaas,Kathrin Klaas,Kathrin•Klaas,,,,,Female,1984-02-06,Haiger,Hessen,72,,,,,,168,72,Competed in Olympic Games,"LG Eintracht Frankfurt, Frankfurt am Main (GER)",,,
113824,Marina Marghiev-Nicișenco,Marina Marghiev-Nicișenco,Marina•Marghiev-Nicișenco,,"Marina Soslanovna Marghieva-Nicișenco, Марина Сослановна Маргиева-Ничисенко",,,Female,1986-06-28,Vladikavkaz,Respublika Severnaya Osetiya-Alaniya,219,,,,,,186,82,Competed in Olympic Games,,,,
113831,Sinta Ozoliņa-Kovala,Sinta Ozoliņa-Kovala (-Sprudzane),Sinta•Ozoliņa-Kovala,,,,,Female,1988-02-26,Rīga,Rīga,162,,,,,,186,77,Competed in Olympic Games,OC Ventspils [Latvia],,,
113839,Martinka Ratej,"Martina ""Martinka"" Ratej",Martinka•Ratej,,,,,Female,1981-11-02,Loče,Slovenske Konjice,239,,,,,,178,80,Competed in Olympic Games,"AK Šentjur, Šentjur pri Celju (SLO)",,,
113841,Kara Patterson-Winger,Kara Estelle Patterson-Winger,Kara•Patterson-Winger,,,,,Female,1986-04-10,Seattle,Washington,268,,,,,,183,83,Competed in Olympic Games,"Purdue Boilermakers, West Lafayette (USA)",,,
113857,Ásdís Hjálmsdóttir,Ásdís Hjálmsdóttir,Ásdís•Hjálmsdóttir,,,Crazy Daisy,,Female,1985-10-28,Reykjavík,Höfuðborgarsvæði,131,,,,,,178,70,Competed in Olympic Games • Other,Ármann,,,
113866,Karin Melis,Karin Melis (Mey-),Karin•Melis,,,,,Female,1983-05-31,Pretoria,Gauteng,280,,,,,,171,55,Competed in Olympic Games,"Fenerbahçe SK, İstanbul (TUR)",,,
113868,Volha Siarheyenka-Sudarava,Volha Aliaksandrauna Siarheyenka-Sudarava,Volha•Siarheyenka-Sudarava,Вольга Аляксандраўна•Сяргеенка-Сударава,"Olga Aleksandrovna Sergeyenko-Sudareva, Ольга Александровна Сергеенко-Сударева",,,Female,1984-02-22,Homel,Homel,42,,,,,,176,61,Competed in Olympic Games,,,,
113872,Jana Velďáková,Jana Velďáková,Jana•Velďáková,,,,,Female,1981-06-03,Rožňava,Košice,238,,,,,,178,60,Competed in Olympic Games,"Akademik TU, Košice (SVK)",,,
113873,Brittney Reese,Brittney Davon Reese,Brittney•Reese,,,,,Female,1986-09-09,Inglewood,California,268,,,,,,173,61,Competed in Olympic Games,"Nike, Beaverton (USA)",,,
113874,Blessing Okagbare,Blessing Oghnewresem Okagbare (-Ighoteguonor),Blessing•Okagbare,,,,,Female,1988-10-09,Sapele,Delta,191,,,,,,181,71,Competed in Olympic Games,"UTEP Miners, El Paso (USA) / Delta State Sports Council, Asaba (NGR)",,,
113878,Ksenija Balta,Ksenija Balta,Ksenija•Balta,,,,,Female,1986-11-01,Minsk,Minsk,42,,,,,,169,51,Competed in Olympic Games,"KJK TIPP, Keila (EST)",,,
113880,Ivana Španović,Ivana Španović (-Vuleta),Ivana•Španović,Ивана•Шпановић (-Вулета),,,,Female,1990-05-10,Zrenjanin,Srednji Banat,231,,,,,,176,65,Competed in Olympic Games,"AK Vojvodina, Novi Sad (SRB)",,,
113882,Marestella Torres,Marestella Torres (-Sunang),Marestella•Torres,,,,,Female,1981-02-20,San José,Occidental Mindoro,204,,,,,,157,54,Competed in Olympic Games,,,,
113887,Mariely Sánchez,Mariely Sánchez Hichez,Mariely•Sánchez,,,,,Female,1988-12-30,Santo Domingo,Distrito Nacional,76,,,,,,168,52,Competed in Olympic Games,"Fuerza Aérea Dominicana, (DOM)",,,
113889,Eleni Artymata,Eleni Artymata,Eleni•Artymata,Ελένη•Αρτυματά,,,,Female,1986-05-16,Paralimni,Ammokhostos,70,,,,,,177,62,Competed in Olympic Games,,,,
113890,Sabina Veit,Sabina Veit,Sabina•Veit,,,,,Female,1985-12-02,Maribor,Maribor,239,,,,,,167,59,Competed in Olympic Games,"AK Poljane, Maribor (SLO)",,,
113895,Sheniqua Ferguson,Sheniqua Monique Ferguson,Sheniqua•Ferguson,,,Q,,Female,1989-11-24,Nassau,New Providence,2,,,,,,171,57,Competed in Olympic Games,"Southwest Mississippi Community College, Summit, Mississippi (USA)",,,
113912,Celma Bonfim,Celma da Graça Soares Bonfim,Celma•Bonfim,,,,,Female,1977-12-23,?,,236,,,,,,165,58,Competed in Olympic Games • Other,,,,
113919,Siham Hilali,Siham Al-Hilali,Siham•Hilali,سهام•الهلالي,,,,Female,1986-05-02,Oued Zem,Béni Mellal-Khénifra,165,,,,,,160,48,Competed in Olympic Games,"Institut national d'athlétisme, Rabat (MAR)",,,
113921,Stephanie Twell,Stephanie April Twell,Stephanie•Twell,,,Steph,,Female,1989-08-17,Colchester,England,98,,,,,,168,57,Competed in Olympic Games,"Aldershot, Farnham & District AC, Farnborough (GBR)",,,
113927,Gelete Burka,Gelete Burka Bati,Gelete•Burka,,,,,Female,1986-01-23,Kofele,Oromiya,89,,,,,,160,43,Competed in Olympic Games,Corrections Police,,,
113932,Shannon Rowbury,Shannon Nicole Rowbury (-Solares),Shannon•Rowbury,,,,,Female,1984-09-19,San Francisco,California,268,,,,,,166,52,Competed in Olympic Games,"Nike, Beaverton (USA)",,,
113939,Olivia Borlée,Olivia Borlée,Olivia•Borlée,,,,,Female,1986-04-10,Woluwe-Saint-Lambert,Région de Bruxelles-Capitale,34,,,,,,172,57,Competed in Olympic Games • Other,"White Star Athletic, Bruxelles (BEL)",,,
113943,Rosângela Santos,Rosângela Cristina Oliveira Santos,Rosângela•Santos,,,,,Female,1990-12-20,Washington,District of Columbia,268,,,,,,166,64,Competed in Olympic Games,"Fluminense, Rio de Janeiro (BRA)",,,
113944,Agnes Osazuwa,Agnes Osazuwa (-Olatunji),Agnes•Osazuwa,,,,,Female,1989-06-26,Benin City,Edo,191,,,,,,162,65,Competed in Olympic Games,"Olabisi Onabanjo University, Ago Iwoye (NGR) / NCSDC, Abuja (NGR)",,,
113975,Natasha Hastings,Natasha Monique Hastings,Natasha•Hastings,,,,,Female,1986-07-23,Brooklyn,"New York, New York",268,,,,,,173,68,Competed in Olympic Games,"Nike, Beaverton (USA)",,,
113980,Phara Anacharsis,Phara Anacharsis,Phara•Anacharsis,,,,,Female,1983-12-17,Fort-de-France,Martinique,94,,,,,,177,58,Competed in Olympic Games,"Lagardère Paris Racing, Paris (FRA) / Stade sottevillais 76, Sotteville-lès-Rouen (FRA)",,,
114000,Jozef Repčík,Jozef Repčík,Jozef•Repčík,,,,,Male,1986-08-03,Myjava,Trenčín,238,,,,,,190,72,Competed in Olympic Games,"AK Spartak Dubnica, Dubnica nad Váhom (SVK)",,,
114002,Michael Rimmer,Michael John Rimmer,Michael•Rimmer,,,,,Male,1986-02-03,Southport,England,98,,,,,,182,66,Competed in Olympic Games,"Liverpool Pembroke & Sefton H&AC, Liverpool (GBR)",,,
114016,Jakub Holuša,Jakub Holuša,Jakub•Holuša,,,,,Male,1988-02-20,Opava,Moravskoslezský kraj,71,,,,,,183,72,Competed in Olympic Games,"TJ Sokol Opava, Opava (CZE)",,,
114018,Kléberson Davide,Kléberson Davide Krasucki,Kléberson•Davide,,,,,Male,1985-07-20,Conchal,São Paulo,46,,,,,,175,69,Competed in Olympic Games • Non-starter,"Associação Profissionalizante BM&F, São Caetano do Sul (BRA)",,,
114025,Marcin Lewandowski,Marcin Przemysław Lewandowski,Marcin•Lewandowski,,,,,Male,1987-06-13,Szczecin,Zachodniopomorskie,207,,,,,,179,64,Competed in Olympic Games,"UKL Ósemka, Police (POL)",,,
114040,Jesús España,Jesús España Cobo,Jesús•España,,,,,Male,1978-08-21,Valdemoro,Madrid,87,,,,,,168,59,Competed in Olympic Games,"C.A. Valdemoro / New Balance Team [Madrid, ESP]",,,
114042,Mo Farah,"Mohamed Muktar Jama ""Mo"" Farah",Mo•Farah,,"محمد فرح, Hussein Abdi Kahin",,,Male,1983-03-23,?,,230,,,,,,175,58,Competed in Olympic Games,"Newham and Essex Beagles, London (GBR)",Sir,,
114050,Moukheld Al-Outaibi,Moukheld Mahil F. Al-Outaibi,Moukheld•Al-Outaibi,مخلد ماهل•العتيبي,,,,Male,1976-06-20,Taif,Makkah,222,,,,,,163,60,Competed in Olympic Games,,,,
114055,Leonid Andreyev,Leonid Vladimirovich Andreyev,Leonid•Andreyev,Леонид Владимирович•Андреев,,,,Male,1983-10-06,Toshkent,Toshkent Shahri,269,,,,,,198,93,Competed in Olympic Games • Non-starter,,,,
114056,Raphael Holzdeppe,Raphael Marcel Holzdeppe,Raphael•Holzdeppe,,,,,Male,1989-09-28,Kaiserslautern,Rheinland-Pfalz,72,,,,,,183,78,Competed in Olympic Games,"LAZ Zweibrücken, Zweibrücken (GER)",,,
114057,Jan Kudlička,Jan Kudlička,Jan•Kudlička,,,,,Male,1988-04-29,Opava,Moravskoslezský kraj,71,,,,,,184,82,Competed in Olympic Games,"ASC Dukla, Praha (CZE)",,,
114062,Germán Chiaraviglio,Germán Pablo Chiaraviglio Ermácora,Germán•Chiaraviglio,,,,,Male,1987-04-16,Santa Fe,Santa Fe,26,,,,,,195,84,Competed in Olympic Games • Non-starter,Velocidad y Resistencia,,,
114071,Leonel Suárez,Leonel Suárez Fajardo,Leonel•Suárez,,,,,Male,1987-09-01,Santiago de Cuba,Santiago de Cuba,67,,,,,,181,68,Competed in Olympic Games,,,,
114076,Yordanis García,Yordanis García Barrisonte,Yordanis•García,,,,,Male,1988-11-21,San Juan y Martínez,Pinar del Río,67,,,,,,195,84,Competed in Olympic Games,,,,
114083,Oleksiy Kasianov,Oleksiy Serhiyovych Kasianov,Oleksiy•Kasianov,Олексій Сергійович•Касьянов,,,,Male,1985-08-26,Stakhanov,Luhansk,265,,,,,,191,88,Competed in Olympic Games,"Spartak Zaporizhzhia, Zaporizhzhia (UKR)",,,
114086,Arthur Abele,Arthur Abele,Arthur•Abele,,,,,Male,1986-07-30,Mutlangen,Baden-Württemberg,72,,,,,,184,85,Competed in Olympic Games,"SSV Ulm 1846, Ulm (GER)",,,
114107,Babur Shakirdzhanov,Babur Shakirdzhanov,Babur•Shakirdzhanov,Бабур•Шакирджанов,,,,Male,1990-12-05,Toshkent,Toshkent Shahri,269,,,,,,195,105,Competed in Olympic Games,,,,
114111,Vítězslav Veselý,Vítězslav Veselý,Vítězslav•Veselý,,,,,Male,1983-02-27,Hodonín,Jihomoravský kraj,71,,,,,,186,93,Competed in Olympic Games,"ASC Dukla, Praha (CZE)",,,
114124,Horacio Nava,Horacio Nava Reza,Horacio•Nava,,,,,Male,1982-01-20,Chihuahua,Chihuahua,171,,,,,,181,65,Competed in Olympic Games,,,,
114125,Rafał Fedaczyński,Rafał Fedaczyński,Rafał•Fedaczyński,,,,,Male,1980-12-03,Hrubieszów,Lubelskie,207,,,,,,168,58,Competed in Olympic Games,"AZS AWF Katowice, Katowice (POL)",,,
114127,Jarkko Kinnunen,Jarkko Juhani Kinnunen,Jarkko•Kinnunen,,,,,Male,1984-01-19,Jalasjärvi,Etelä-Pohjanmaa,92,,,,,,188,69,Competed in Olympic Games,"Jalasjärven Jalas, Jalasjärvi (FIN)",,,
114131,Marco De Luca,Marco De Luca,Marco•De Luca,,,,,Male,1981-05-12,Roma,Roma,133,,,,,,188,70,Competed in Olympic Games,"G.S. Fiamme Gialle, Roma (ITA)",,,
114134,Serhiy Budza,Serhiy Volodymyrovych Budza,Serhiy•Budza,Сергій Володимирович•Будза,,,,Male,1984-12-06,Subotivka,Vinnytsia,265,,,,,,180,75,Competed in Olympic Games,Spartak Bila Tserkva,,,
114136,Nenad Filipović,Nenad Filipović,Nenad•Filipović,Ненад•Филиповић,,,,Male,1978-10-05,Leskovac,Jablanica,231,,,,,,182,74,Competed in Olympic Games,"AK Železničar, Niš (SRB)",,,
114137,Tadas Šuškevičius,Tadas Šuškevičius,Tadas•Šuškevičius,,,,,Male,1985-05-22,Vilnius,Vilnius,160,,,,,,177,64,Competed in Olympic Games,,,,
114146,Artur Brzozowski,Artur Brzozowski,Artur•Brzozowski,,,,,Male,1985-03-29,Nisko,Podkarpackie,207,,,,,,174,67,Competed in Olympic Games,Znicz Biłgoraj / AZS-AWF Katowice [Poland],,,
114149,Yohann Diniz,Yohann Diniz,Yohann•Diniz,,,,,Male,1978-01-01,Épernay,Marne,94,,,,,,185,66,Competed in Olympic Games,"EFS Reims, Reims (FRA)",,,
114162,Ruggero Pertile,Ruggero Pertile,Ruggero•Pertile,,,,,Male,1974-08-08,Camposampiero,Padova,133,,,,,,165,55,Competed in Olympic Games,Assindustria Padova,,,
114174,Henryk Szost,Henryk Józef Szost,Henryk•Szost,,,,,Male,1982-01-20,Krynica-Zdrój,Małopolskie,207,,,,,,186,70,Competed in Olympic Games,"Grunwald Poznań, Poznań (POL)",,,
114199,Marílson dos Santos,Marílson Gomes dos Santos,Marílson•dos Santos,,,,,Male,1977-08-06,Brasília,Distrito Federal,46,,,,,,174,58,Competed in Olympic Games,"BM&F Bovespa [Sao Paulo, BRA]",,,
114204,Oleksandr Sitkovskyi,Oleksandr Vasylovych Sitkovskyi,Oleksandr•Sitkovskyi,Олександр Васильович•Сітковський,,,,Male,1978-06-09,Dnipro,Dnipropetrovsk,265,,,,,,184,68,Competed in Olympic Games,"Dynamo Donetsk, Donetsk (UKR)",,,
114207,Keston Bledman,Keston Bledman,Keston•Bledman,,,,,Male,1988-03-08,San Fernando,San Fernando,259,,,,,,180,88,Competed in Olympic Games,Simplex Athletic Club [Trinidad and Tobago],,,
114240,Teddy Atine-Venel,Teddy H. Atine-Venel,Teddy•Atine-Venel,,,,,Male,1985-03-16,Orsay,Essonne,94,,,,,,184,77,Competed in Olympic Games,"Lagardère Paris Racing, Paris (FRA)",,,
114246,Martyn Rooney,Martyn Joseph Rooney,Martyn•Rooney,,,,,Male,1987-04-03,Croydon,England,98,,,,,,198,81,Competed in Olympic Games,"Croydon Harriers, Croydon (GBR)",,,
114260,Emmanuel Callender,Emmanuel Earl Callender,Emmanuel•Callender,,,,,Male,1984-05-10,Arouca,Tunapuna-Piarco,259,,,,,,189,86,Competed in Olympic Games,"Swept Track Club [Kingston, JAM]",,,
115555,Fabrice Lapierre,Fabrice Lapierre,Fabrice•Lapierre,,,,,Male,1983-10-17,Réduit,Moka,184,,,,,,179,69,Competed in Olympic Games,Westfields Athletics Club [AUS] / Altis [USA],,,
115556,Tyrone Smith,Tyrone Mark Eugene Smith,Tyrone•Smith,,,Sticks,,Male,1984-08-07,Paget,Paget,44,,,,,,183,74,Competed in Olympic Games • Other,,,,
115569,Greg Rutherford,"Gregory James ""Greg"" Rutherford",Greg•Rutherford,,,The Ginger Wizard,,Male,1986-11-17,Milton Keynes,England,98,,,,,,188,92,Competed in Olympic Games,"Milton Keynes AC, Milton Keynes (GBR)",,,
115584,Doreen Amata,Eyawomano Doreen Amata,Doreen•Amata,,,,,Female,1988-05-06,Lagos,Lagos,191,,,,,,191,63,Competed in Olympic Games • Other,"Lagos State University, Lagos (NGR) / ?, Ogun State, (NGR)",,,
115585,Svetlana Radzivil,Svetlana Mikhaylovna Radzivil,Svetlana•Radzivil,Светлана Михайловна•Радзивил,,,,Female,1987-01-17,Toshkent,Toshkent Shahri,269,,,,,,186,61,Competed in Olympic Games,,,,
115596,Nadiya Dusanova,Nadiya Dusanova,Nadiya•Dusanova,Надия•Дусанова,,,,Female,1987-11-17,Toshkent,Toshkent Shahri,269,,,,,,174,56,Competed in Olympic Games,"Central Army Sports Club [Tashkent, UZB]",,,
115597,Levern Spencer,Levern Donaline Spencer,Levern•Spencer,,,,,Female,1984-06-23,Castries,Castries,150,,,,,,179,48,Competed in Olympic Games • Other,,,,
115599,Liu Hong,Liu Hong,Liu•Hong,刘•虹,,,Oriental,Female,1987-05-12,Anfu County,Jiangxi,57,,,,,,160,50,Competed in Olympic Games,"?, Guangdong, (CHN)",,,
115600,Beatriz Pascual,Beatriz Pascual Rodríguez,Beatriz•Pascual,,,,,Female,1982-05-09,Barcelona,Barcelona,87,,,,,,163,53,Competed in Olympic Games,"CA Valencia Terra i Mar, Valencia (ESP)",,,
115601,Ana Cabecinha,Ana Isabel Vermelhudo Cabecinha,Ana•Cabecinha,,,,,Female,1984-04-29,Santiago Maior,"Beja, Distrito de Beja",211,,,,,,166,48,Competed in Olympic Games,"Oriental Pechão, Olhão (POR)",,,
115613,Nadiya Prokopuk-Borovska,Nadiya Ivanivna Prokopuk-Borovska,Nadiya•Prokopuk-Borovska,Надія Іванівна•Прокопук-Боровська,,,,Female,1981-02-25,Zhorany,Volyn,265,,,,,,163,50,Competed in Olympic Games,"Spartak Lutsk, Lutsk (UKR)",,,
118350,Olivier Irabaruta,Olivier Irabaruta,Olivier•Irabaruta,,,,,Male,1990-08-25,Muramvya,Muramvya,33,,,,,,170,62,Competed in Olympic Games • Other,"Atletica Casone Noceto (ITA) / US Quercia Trentingrana, Rovereto (ITA)",,,
118356,Miguel Almachi,Miguel Ángel Almachi Condo,Miguel•Almachi,,,,,Male,1985-05-02,Quito,Pichincha,83,,,,,,165,55,Competed in Olympic Games,,,,
118357,Álvaro Martín,Álvaro Rafael Martín Uriol,Álvaro•Martín,,,,,Male,1994-06-18,Llerena,Badajoz,87,,,,,,179,63,Competed in Olympic Games • Competed in Youth Olympic Games,Playas de Castellon [Spain],,,
118370,Éider Arévalo,Éider Orlando Arévalo Truque,Éider•Arévalo,,,,,Male,1993-03-09,Bogotá,Bogotá,62,,,,,,165,60,Competed in Olympic Games • Competed in Youth Olympic Games • Other,,,,
118382,Lorène Bazolo,Lorène Dorcas Bazolo,Lorène•Bazolo,,,,,Female,1983-05-04,Brazzaville,Brazzaville,9,,,,,,170,63,Competed in Olympic Games • Other,"Sporting CP, Lisboa (POR)",,,
118392,Mohamed Mohamed,Mohamed Hassan Mohamed,Mohamed•Mohamed,محمد حسن•محمد,,,,Male,1993-08-23,Mogadishu,Banaadir,230,,,,,,,,Competed in Olympic Games,,,,
118410,Flor Ruiz,Flor Denis Ruiz Hurtado,Flor•Ruiz,,,,,Female,1991-01-29,Pradera,Valle del Cauca,62,,,,,,172,67,Competed in Olympic Games,,,,
118437,Ghfran Mouhamad,Ghfran Al-Mouhamad,Ghfran•Mouhamad,غفران•المحمد,,,,Female,1989-06-06,Halab (Aleppo),Halab,244,,,,,,168,60,Competed in Olympic Games • Other,,,,
118444,Francine Niyonsaba,Francine Niyonsaba,Francine•Niyonsaba,,,,,Female,1993-05-05,Nkanda Bweru,Ruyigi,33,,,,,,166,60,Competed in Olympic Games,"Oregon Track Club [Eugene, OR, USA]",,,
118448,Özlem Kaya,Özlem Kaya,Özlem•Kaya,,,,,Female,1990-04-20,Göle,Ardahan,261,,,,,,165,47,Competed in Olympic Games,"Üsküdar BSK, Üsküdar (TUR)",,,
118451,Ivona Dadic,Ivona Dadic,Ivona•Dadic,,,,,Female,1993-12-29,Wels,Oberösterreich,31,,,,,,179,65,Competed in Olympic Games • Competed in Youth Olympic Games,"PSV Wels, Wels (AUT)",,,
118458,Wesley Vázquez,Wesley Joel Vázquez Vázquez,Wesley•Vázquez,,,,,Male,1994-03-27,Bayamón,Puerto Rico,209,,,,,,192,77,Competed in Olympic Games,,,,
118460,Chen Chieh,Chen Chieh,Chen•Chieh,陳•傑,,,Oriental,Male,1992-05-08,Taichung City,Taichung,12,,,,,,182,73,Competed in Olympic Games,"Chinese Taipei Track &amp; Field Association, Chinese Taipei",,,
118475,Adam Gemili,Adam Ahmed R. Gemili,Adam•Gemili,,,,,Male,1993-10-06,Southwark,England,98,,,,,,178,75,Competed in Olympic Games,"Blackheath & Bromley Harriers AC, Hayes (GBR)",,,
118478,Moh Ahmed,"Mohammed ""Moh"" Ahmed",Moh•Ahmed,,,,,Male,1991-01-05,Mogadishu,Banaadir,230,,,,,,182,56,Competed in Olympic Games,"Wisconsin Badgers, Madison (USA)",,,
118479,Melissa Bishop-Nriagu,Melissa Corrine Bishop-Nriagu,Melissa•Bishop-Nriagu,,,,,Female,1988-08-05,Ottawa,Ontario,52,,,,,,173,56,Competed in Olympic Games,"Ottawa Lions, Ottawa (CAN)",,,
118489,Akihiko Nakamura,Akihiko Nakamura,Akihiko•Nakamura,中村•明彦,,,,Male,1990-10-23,Nagoya,Aichi,136,,,,,,180,73,Competed in Olympic Games,Suzuki Hamamatsu AC [Japan],,,
118491,Seito Yamamoto,Seito Yamamoto,Seito•Yamamoto,山本•聖途,,,,Male,1992-03-11,Okazaki,Aichi,136,,,,,,181,70,Competed in Olympic Games,Toyota Motor Corporation [Japan],,,
118493,Xie Zhenye,Xie Zhenye,Xie•Zhenye,谢•震业,,,Oriental,Male,1993-08-17,Anji,Zhejiang,57,,,,,,184,78,Competed in Olympic Games • Competed in Youth Olympic Games,Zhejiang Province [People's Republic of China],,,
118498,Justyna Święty-Ersetic,Justyna Święty-Ersetic,Justyna•Święty-Ersetic,,,,,Female,1992-12-03,Racibórz,Śląskie,207,,,,,,165,57,Competed in Olympic Games,"AZS AWF Katowice, Katowice (POL)",,,
118509,Lucas Jakubczyk,Lucas Jakubczyk,Lucas•Jakubczyk,,,,,Male,1985-04-28,Plauen im Vogtland,Sachsen,72,,,,,,183,77,Competed in Olympic Games,"SC Charlottenburg, Berlin (GER)",,,
118522,Maria Belimpasaki,Maria Belimpasaki,Maria•Belimpasaki,Μαρία•Μπελιμπασάκη,,,,Female,1991-06-19,Agios Nikolaos,Kriti,106,,,,,,175,64,Competed in Olympic Games,Sitian AO [Greece],,,
118526,Sarah Attar,Sarah Amer Attar,Sarah•Attar,سارة عامر•عطار,,,,Female,1992-08-27,Escondido,California,268,,,,,,165,52,Competed in Olympic Games,"Pepperdine Waves, Malibu (USA)",,,
118565,Mohammad Arzandeh,Mohammad Arzandeh,Mohammad•Arzandeh,محمد•ارزنده,,,,Male,1987-10-30,Borujen,Chaharmahal-o-Bakhtiyari,129,,,,,,180,77,Competed in Olympic Games,"Naft, Tehran (IRI)",,,
118839,Sandra Eriksson,Sandra Elisabeth Eriksson,Sandra•Eriksson,,,,,Female,1989-06-04,Jepua,"Uusikaarlepyy, Pohjanmaa",92,,,,,,163,47,Competed in Olympic Games,"IF Nykarlebynejden, Uusikaarlepyy (FIN)",,,
118842,Ari Mannio,Ari Pekka Mannio,Ari•Mannio,,,,,Male,1987-07-23,Lehtimäki,"Alajärvi, Etelä-Pohjanmaa",92,,,,,,185,100,Competed in Olympic Games,"Lehtimäen Jyske, Lehtimäki, Alajärvi (FIN)",,,
118843,Minna Nikkanen,Minna Marianne Nikkanen,Minna•Nikkanen,,,,,Female,1988-04-09,Somero,Varsinais-Suomi,92,,,,,,169,54,Competed in Olympic Games,"Someron Esa, Somero (FIN)",,,
118844,Antti Ruuskanen,Antti Hermanni Ruuskanen,Antti•Ruuskanen,,,,,Male,1984-02-21,Pielavesi,Pohjois-Savo,92,,,,,,189,86,Competed in Olympic Games • Other,"Pielaveden Sampo, Pielavesi (FIN)",,,
118846,Sanni Utriainen,Sanni Marja Anniina Utriainen,Sanni•Utriainen,,,,,Female,1991-02-05,Nokia,Pirkanmaa,92,,,,,,169,72,Competed in Olympic Games,"Nokian Urheilijat, Nokia (FIN)",,,
118892,Angelica Bengtsson,Angelica Therese Bengtsson,Angelica•Bengtsson,,,,,Female,1993-07-08,Väckelsång,Kronoberg,240,,,,,,163,52,Competed in Olympic Games • Competed in Youth Olympic Games • Other,"Hässelby SK, Hässelby, Stockholm (SWE)",,,
118895,Michel Tornéus,Michel Tresor Tornéus Komesha,Michel•Tornéus,,,,,Male,1986-05-26,Norsborg,"Botkyrka, Stockholm",240,,,,,,184,73,Competed in Olympic Games,"Hammarby IF, Södermalm, Stockholm (SWE)",,,
118902,BJ Lawrence,"Brijesh Sharmari ""BJ"" Lawrence",BJ•Lawrence,,,,,Male,1989-12-27,Basseterre,Saint George Basseterre,10,,,,,,180,93,Competed in Olympic Games,"Doane College Tigers, Crete (USA)",,,
118948,Yohan Blake,Yohan Blake,Yohan•Blake,,,The Beast,,Male,1989-12-26,?,Saint James,134,,,,,,180,80,Competed in Olympic Games,"Racers Track Club, Kingston (JAM)",,,
118949,Damar Forbes,Damar Hopeton Forbes,Damar•Forbes,,,Airbornes Forbes,,Male,1990-09-11,?,Saint Ann,134,,,,,,188,80,Competed in Olympic Games,"LSU Tigers, Baton Rouge (USA)",,,
118953,Kirani James,Kirani James,Kirani•James,,,,,Male,1992-09-01,Gouyave,Saint John,107,,,,,,180,66,Competed in Olympic Games • Other,"University of Alabama, Tuscaloosa (USA)",,,
118957,Andrew Riley,Andrew Riley,Andrew•Riley,,,,,Male,1988-09-06,?,Saint Thomas,134,,,,,,185,82,Competed in Olympic Games,"University of Illinois Fighting Illini, Champaign, IL, USA",,,
118962,Kimmie Williams,"Kimberly ""Kimmie"" Williams",Kimmie•Williams,,,,,Female,1988-11-03,?,Saint Thomas,134,,,,,,178,62,Competed in Olympic Games,,,,
119033,Ryota Yamagata,Ryota Yamagata,Ryota•Yamagata,山縣•亮太,,,,Male,1992-06-10,Hiroshima,Hiroshima,136,,,,,,177,70,Competed in Olympic Games,"Keio University, Yokohama (JPN) / Seiko (JPN)",,,
119034,Shota Iizuka,Shota Iizuka,Shota•Iizuka,飯塚•翔太,,,,Male,1991-06-25,Omaezaki,Shizuoka,136,,,,,,185,80,Competed in Olympic Games,"Chuo University, Tokyo (JPN) / Mizuno Track Club, Osaka (JPN)",,,
119036,Ahmad Hazer,Ahmad Hazer,Ahmad•Hazer,احمد•حازر,,,,Male,1989-09-04,Beirut,Beirut,147,,,,,,188,80,Competed in Olympic Games,"Al-Ansar SC, Beirut (LBN)",,,
119040,Kei Takase,Kei Takase,Kei•Takase,髙瀬•慧,,,,Male,1988-11-25,Shizuoka,Shizuoka,136,,,,,,180,67,Competed in Olympic Games,"Fujitsu Track and Field Team, Japan",,,
119078,Keisuke Ushiro,Keisuke Ushiro,Keisuke•Ushiro,右代•啓祐,,,,Male,1986-07-24,Ebetsu,Hokkaido,136,,,,,,196,95,Competed in Olympic Games • Other,"Suzuki Hamamatsu Athlete Club, Hamamatsu, JPN",,,
119087,Isamu Fujisawa,Isamu Fujisawa,Isamu•Fujisawa,藤澤•勇,,,,Male,1987-10-12,Nakano,Tokyo,136,,,,,,165,54,Competed in Olympic Games,"Alsok, Japan",,,
119106,Isaac Makwala,Isaac Makwala,Isaac•Makwala,,,,,Male,1985-09-24,Tutume,Central,50,,,,,,185,78,Competed in Olympic Games • Other,Francistown Athletics Club [Botswana],,,
119133,Leslie Copeland,Leslie Arthur Copeland,Leslie•Copeland,,,,,Male,1988-04-23,Tavua,Ba,93,,,,,,183,102,Competed in Olympic Games • Other,,,,
119139,Yuki Ebihara,Yuki Ebihara,Yuki•Ebihara,海老原•有希,,,,Female,1985-10-28,Kaminokawa,Tochigi,136,,,,,,164,68,Competed in Olympic Games,"Suzuki Hamamatsu Athlete Club, Hamamatsu, JPN",,,
119152,Sandeep Kumar,Sandeep Kumar,Sandeep•Kumar,,,,,Male,1988-08-12,,,,,,,,,183,72,Competed in Olympic Games,,,,
119170,Slađana Perunović,Slađana Perunović (-Pejović-),Slađana•Perunović,Слађана•Перуновић (-Пејовић-),,,,Female,1984-03-26,Nikšić,Nikšić,179,,,,,,170,58,Competed in Olympic Games,"AK Niksic [Niksic, MNE]",,,
119171,Danijel Furtula,Danijel Furtula,Danijel•Furtula,Данијел•Фуртула,,,,Male,1992-07-31,Mojkovac,Mojkovac,179,,,,,,193,118,Competed in Olympic Games,"AK Niksic [Niksic, MNE]",,,
119193,Laenly Phoutthavong,Laenly Phoutthavong,Laenly•Phoutthavong,,,,,Female,1996-06-04,Vientiane,Vientiane,146,,,,,,169,55,Competed in Olympic Games,Vientiane Athletics Club [Lao People's Democratic Republic],,,
119212,Rodman Teltull,Rodman Teltull,Rodman•Teltull,,,,,Male,1994-01-29,Koror,Koror,205,,,,,,170,64,Competed in Olympic Games • Competed in Youth Olympic Games • Other,,,,
119248,Rosa Chacha,Rosa Alva Chacha Chacha,Rosa•Chacha,,,,,Female,1982-12-08,Ambato,Tungurahua,83,,,,,,155,48,Competed in Olympic Games,Team Herbalife,,,
119252,Paola Pérez,Paola Viviana Pérez Saquipay,Paola•Pérez,,,,,Female,1989-12-21,Cuenca,Azuay,83,,,,,,145,43,Competed in Olympic Games,"Escuela de Marcha Juan Chocho, Cuenca, ECU",,,
119253,Mauricio Arteaga,Mauricio José Arteaga Sánchez,Mauricio•Arteaga,,,,,Male,1988-08-08,Cuenca,Azuay,83,,,,,,177,68,Competed in Olympic Games,,,,
119288,Luguelín Santos,Luguelín Miguel Santos Aquino,Luguelín•Santos,,,,,Male,1992-11-12,Bayaguana,Monte Plata,76,,,,,,173,58,Competed in Olympic Games • Competed in Youth Olympic Games • Other,Interamerican University of Puerto Rico [Puerto Rico],,,
119291,Eunice Sum,Eunice Jepkoech Sum,Eunice•Sum,,,,,Female,1988-04-10,Burnt Forest,Uasin Gishu,138,,,,,,170,54,Competed in Olympic Games,Kenya Police (KEN),,,
119301,Amanuel Mesel,Amanuel Mesel Tikue,Amanuel•Mesel,,,,,Male,1990-12-29,Asmara,Maekel,86,,,,,,177,59,Competed in Olympic Games,,,,
119305,Ben Youssef Meïté,Ben Youssef Meïté,Ben Youssef•Meïté,,,,,Male,1986-11-11,Séguéla,Woroba,58,,,,,,180,75,Competed in Olympic Games • Other,Sherbrooke University [Canada],,,
119306,Murielle Ahouré,Murielle Ahouré (-Demps),Murielle•Ahouré,,,,,Female,1987-08-23,Abidjan,Abidjan,58,,,,,,165,58,Competed in Olympic Games • Other,,,,
119311,Abrar Osman Adem,Abrar Osman Adem,Abrar Osman•Adem,,,,,Male,1994-01-01,Adi Shumakele,Debub,86,,,,,,168,58,Competed in Olympic Games • Competed in Youth Olympic Games,,,,
119333,Mumin Gala,Mumin Booqora Gala,Mumin•Gala,مؤمن•جالا,,,,Male,1986-09-06,Djibouti,Djibouti,73,,,,,,185,70,Competed in Olympic Games,"Newham and Essex Beagles, London (GBR)",,,
119346,Winston George,Winston Oudkerk George,Winston•George,,,,,Male,1987-05-19,Georgetown,Demerara-Mahaica,111,,,,,,167,66,Competed in Olympic Games • Other,Police Progressive Youth Club [Guyana],,,
119353,Jacob Araptany,Jacob Araptany,Jacob•Araptany,,,,,Male,1992-02-11,Kaproron,Eastern,264,,,,,,168,58,Competed in Olympic Games,Kibuuka Memorial,,,
119354,Stephen Kiprotich,Stephen Kiprotich,Stephen•Kiprotich,,,,,Male,1989-02-27,Kapchorwa,Eastern,264,,,,,,172,56,Competed in Olympic Games,Prisons,,,
119360,Tonje Angelsen,Tonje Angelsen,Tonje•Angelsen,,,,,Female,1990-01-17,Trondheim,Trøndelag,194,,,,,,179,62,Competed in Olympic Games,"Trondheim Friidrett, Trondheim (NOR) / IK Tjalve, Oslo (NOR)",,,
119399,Maryna Arzamasava,Maryna Aliaksandrauna Arzamasava (Katovich-),Maryna•Arzamasava,Марына Аляксандраўна•Арзамасава (Катовіч-),"Marina Aleksandrovna Arzamasova (Katovich-), Марина Александровна Арзамасова (Катович-)",,,Female,1987-12-17,Minsk,Minsk,42,,,,,,173,58,Competed in Olympic Games,"Armed Forces, Belarus",,,
119409,Nastassia Yatsevich,Nastassia Aliaksandrauna Yatsevich,Nastassia•Yatsevich,Настасься Аляксандраўна•Яцэвіч,"Anastasiya Aleksandrovna Yatsevich, Анастасия Александровна Яцевич",,,Female,1985-01-18,Omsk,Omsk,219,,,,,,158,48,Competed in Olympic Games,"FK Dinamo Minsk, Minsk (BLR)",,,
119410,Nastassia Staravoitava-Ivanova,Nastassia Mikalayeuna Staravoitava-Ivanova,Nastassia•Staravoitava-Ivanova,Настасься Мікалаеўна•Старавойтава-Іванова,"Anastasiya Nikolayevna Starovoytova-Ivanova, Анастасия Николаевна Старовойтова-Иванова",,,Female,1982-11-04,Zhodzina,Minsk Voblast,42,,,,,,162,50,Competed in Olympic Games,,,,
119416,Stsiapan Rahautsou,Stsiapan Valerievich Rahautsou,Stsiapan•Rahautsou,Сцяпан Валер'евіч•Рагаўцоў,"Stepan Valeryevich Rogovtsov, Степан Валерьевич Роговцов",,,Male,1986-05-29,Antonava Buda,Mahilyow,42,,,,,,174,58,Competed in Olympic Games,,,,
119443,Alina Talay,Alina Henadzeuna Talay,Alina•Talay,Аліна Генадзеўна•Талай,"Alina Gennadyevna Talay, Алина Геннадьевна Талай",,,Female,1989-05-14,Orsha,Vitebsk,42,,,,,,164,57,Competed in Olympic Games,,,,
119462,Ana Šimić,Ana Šimić,Ana•Šimić,,,,,Female,1990-05-05,Gradačac,Tuzlanski kanton,41,,,,,,178,58,Competed in Olympic Games,"AK Agram [Zagreb, CRO]",,,
119463,Maoulida Daroueche,Maoulida Daroueche,Maoulida•Daroueche,ماويلدا•داروشي,,,,Male,1990-02-07,Iconi,Grande Comore,63,,,,,,177,60,Competed in Olympic Games • Other,"AC Salonais, Salon-de-Provence (FRA)",,,
119466,Ivan Horvat,Ivan Horvat,Ivan•Horvat,,,,,Male,1993-08-17,Osijek,Osječko-baranjska županija,116,,,,,,183,73,Competed in Olympic Games • Competed in Youth Olympic Games • Other,"AK Slavonija, Osijek (CRO)",,,
119473,Sandra Perković,Sandra Perković,Sandra•Perković,,,,,Female,1990-06-21,Zagreb,Grad Zagreb,116,,,,,,183,85,Competed in Olympic Games • Other,"AK Dinamo Zrinjevac, Zagreb (CRO) / Mladost, Zagreb (CRO)",,,
119477,Natalia Romero,Natalia del Carmen Romero Jaramillo,Natalia•Romero,,,,,Female,1980-02-26,Talagante,Santiago Metropolitan,55,,,,,,163,57,Competed in Olympic Games,,,,
119478,José Carlos Herrera,José Carlos Herrera Vargas,José Carlos•Herrera,,,,,Male,1986-02-05,Monterrey,Nuevo León,171,,,,,,187,81,Competed in Olympic Games,,,,
119496,Serghei Marghiev,Serghei Marghiev,Serghei•Marghiev,,,,,Male,1992-11-06,Chișinău,Chișinău,167,,,,,,195,97,Competed in Olympic Games,,,,
119501,Marisol Romero,Marisol Guadalupe Romero Rosales,Marisol•Romero,,,,,Female,1983-01-26,Ciudad de México (Mexico City),Ciudad de México,171,,,,,,155,46,Competed in Olympic Games,,,,
119503,Tori Pena,"Victoria Shannon ""Tori"" Pena",Tori•Pena,,,,,Female,1987-07-30,Los Alamitos,California,268,,,,,,167,58,Competed in Olympic Games,"Finn Valley AC, Stranorlar (IRL)",,,
119531,Omar Zepeda,Omar Zepeda de Léon,Omar•Zepeda,,,,,Male,1977-06-08,Toluca,México,171,,,,,,175,70,Competed in Olympic Games,,,,
119532,José Leyver Ojeda,José Leyver Ojeda Blas,José Leyver•Ojeda,,,,,Male,1985-11-12,Nanchital de Lázaro Cárdenas,Veracruz,171,,,,,,164,60,Competed in Olympic Games,"Guanajuato, Mexico",,,
119533,Ever Palma,Ever Jair Palma Olivares,Ever•Palma,,,,,Male,1992-03-18,Zitácuaro,Michoacán,171,,,,,,166,62,Competed in Olympic Games,"CNAR, Mexico",,,
119536,Karen Gallardo,Karen Pamela Gallardo Pinto,Karen•Gallardo,,,,,Female,1984-03-06,Copiapó,Atacama,55,,,,,,175,96,Competed in Olympic Games,,,,
119545,Ramon Gittens,Ramon Gittens,Ramon•Gittens,,,,,Male,1987-07-20,Bridgetown,Saint Michael,47,,,,,,180,79,Competed in Olympic Games • Other,,,,
119549,Afa Ismail,Afa Ismail,Afa•Ismail,,,,,Female,1993-11-01,Malé,Malé,169,,,,,,157,45,Competed in Olympic Games • Other,,,,
119579,Roman Prodius,Roman Prodius,Roman•Prodius,,,,,Male,1981-04-12,Cimișlia,Cimișlia,167,,,,,,182,70,Competed in Olympic Games,Universitatea de Stat de Educatie Fizica si Sport [USEFS] [Republic of Moldova],,,
119596,Amina Bakhit,Amina Barsham Bakhit,Amina•Bakhit,أمينة•برشم بخيت,,,,Female,1990-11-14,Al-Ubayyid (El-Obeid),Shamal Kurdufan,223,,,,,,175,59,Competed in Olympic Games,,,,
119600,Henrik Ingebrigtsen,Henrik Børkja Ingebrigtsen,Henrik•Ingebrigtsen,,,,,Male,1991-02-24,Stavanger,Rogaland,194,,,,,,180,69,Competed in Olympic Games,"Sandnes IL, Sandnes (NOR)",,,
119601,Kurt Felix,Kurt Anthony Felix,Kurt•Felix,,,,,Male,1988-07-04,St. George's,Saint George,107,,,,,,182,76,Competed in Olympic Games,"Boise State Broncos, Boise (USA)",,,
119610,Cristina Bujin,Cristina Ioana Bujin,Cristina•Bujin,,,,,Female,1988-04-12,Constanța,Constanța,218,,,,,,172,56,Competed in Olympic Games,CS Farul Constanta [ROU] / CSA Steaua Bucuresti [ROU],,,
119611,Marius Ionescu,Marius Viorel Ionescu,Marius•Ionescu,,,,,Male,1984-12-18,Craiova,Dolj,218,,,,,,170,55,Competed in Olympic Games,CSM Ploiesti [ROU] / CSM Craiova [ROU] / Altrincham & District Athletic Club [ENG],,,
119627,Bianca Răzor,Bianca Denisa Răzor,Bianca•Răzor,,,,,Female,1994-08-08,Cluj-Napoca,Cluj,218,,,,,,170,59,Competed in Olympic Games • Competed in Youth Olympic Games,"Sports Cluj, Cluj-Napoca, ROU / CSA Steaua Bucuresti [Romania]",,,
119639,Sudha Singh,Sudha Singh,Sudha•Singh,,,,,Female,1986-06-25,Raebareli,Uttar Pradesh,126,,,,,,158,45,Competed in Olympic Games,"Indian Railways [Central], India",,,
119640,Tintu Luka,Tintu Luka,Tintu•Luka,,,,,Female,1989-04-26,Iritty,Kerala,126,,,,,,163,50,Competed in Olympic Games,"Usha School of Athletics, Calicut, IND",,,
119643,Gurmeet Singh,Gurmeet Singh,Gurmeet•Singh,,,,,Male,1985-07-01,?,"Udham Singh Nadar District, Uttarakhand",126,,,,,,172,60,Competed in Olympic Games,"SAI Bangalore, Bangalore, IND",,,
119644,Yerko Araya,Yerko Ignacio Araya Cortés,Yerko•Araya,,,,,Male,1986-02-14,Antofagasta,Antofagasta,55,,,,,,178,64,Competed in Olympic Games,Club Atletico Trotamundos de Arica [Chile],,,
119655,Claudia Ștef,Claudia Nicoleta Ștef (Iovan-),Claudia•Ștef,,,,,Female,1978-02-25,Craiova,Dolj,218,,,,,,170,58,Competed in Olympic Games,CSM Craiova [ROU] / CSU Resita [ROU],,,
119661,Marthe Koala,Christiane Marthe Yasmine Koala,Marthe•Koala,,,,,Female,1994-03-08,Bobo-Dioulasso,Hauts-Bassins,36,,,,,,177,69,Competed in Olympic Games,,,,
119716,Edward Araya,Edward Ignacio Araya Cortés,Edward•Araya,,,,,Male,1986-02-14,Antofagasta,Antofagasta,55,,,,,,176,62,Competed in Olympic Games,"Club Atletismo Trotamundos, Arica (CHI)",,,
119718,Jason Rogers,Jason Alston Rogers,Jason•Rogers,,,,,Male,1991-08-31,Sandy Point,Saint Anne Sandy Point,10,,,,,,173,69,Competed in Olympic Games • Other,Fast Twitch,,,
119720,Antoine Adams,Antoine Xavier Adams,Antoine•Adams,,,,,Male,1988-08-31,Basseterre,Saint George Basseterre,10,,,,,,180,79,Competed in Olympic Games • Other,"Elite Performance Track Club [Houston, TX, USA]",,,
119761,Radoslava Mavrodieva,Radoslava Yankova Mavrodieva,Radoslava•Mavrodieva,Радослава Янкова•Мавродиева,,,,Female,1987-03-13,Sliven,Sliven,38,,,,,,176,94,Competed in Olympic Games,ASKLA Sliven [Bulgaria],,,
119771,Silviya Danekova,Silviya Georgieva Danekova,Silviya•Danekova,Силвия Георгиева•Дънекова,,,,Female,1983-02-07,Kotel,Sliven,38,,,,,,165,50,Competed in Olympic Games • Non-starter,"Novi Pazar (BUL) / Europul, Burgas (BUL)",,,
119783,Jidou El-Moctar,Jidou Ould Khaye El-Moctar,Jidou•El-Moctar,جيدو•ولد خاي المختار,,,,Male,1985-07-08,Nouakchott,Nouakchott,183,,,,,,171,72,Competed in Olympic Games • Other,,,,
119845,Muhammad Halim,Muhammad Taqi Abdul Halim,Muhammad•Halim,,,,,Male,1986-10-26,Christiansted,St. Croix,16,,,,,,191,82,Competed in Olympic Games,,,,
119872,Karoline Bjerkeli Grøvdal,Karoline Bjerkeli Grøvdal,Karoline Bjerkeli•Grøvdal,,,,,Female,1990-06-14,Ålesund,Møre og Romsdal,194,,,,,,167,52,Competed in Olympic Games,"SK Vidar, Oslo (NOR)",,,
119900,Donald Sanford,Donald Eugene Blair-Sanford,Donald•Sanford,דונלד•סנפורד,,,,Male,1987-02-05,Inglewood,California,268,,,,,,196,81,Competed in Olympic Games,"Maccabi Tel-Aviv, Tel Aviv (ISR)",,,
119904,Amor Ben Yahia,Amor Ben Yahia,Amor•Ben Yahia,عمر•بن يحي,,,,Male,1985-07-01,Kebili,Kebili,260,,,,,,175,63,Competed in Olympic Games,,,,
119906,Wissem Hosni,Wissem Hosni,Wissem•Hosni,وسام•حسني,,,,Male,1985-03-08,Bou Salem,Jendouba,260,,,,,,175,57,Competed in Olympic Games,"Club Sportif de la Garde Nationale, Tunis (TUN)",,,
119959,Lydia Rotich,Lydia Chebet Rotich,Lydia•Rotich,,,,,Female,1988-08-08,Keiyo District,Elgeyo-Marakwet,138,,,,,,157,45,Competed in Olympic Games,"Kenya Police, Kenya",,,
119968,Zsófia Erdélyi,Zsófia Erdélyi,Zsófia•Erdélyi,,,,,Female,1987-12-10,Budapest,Budapest,118,,,,,,164,53,Competed in Olympic Games,"Újpesti TE, Budapest (HUN)",,,
119985,Hayle İbrahimov,Hayle İbrahimov,Hayle•İbrahimov,,Haile Desta Hagos,,,Male,1990-01-18,Mek'ele,Tigray,89,,,,,,171,58,Competed in Olympic Games,,,,
120033,Iga Baumgart-Witan,Iga Baumgart-Witan,Iga•Baumgart-Witan,,,,,Female,1989-04-11,Bydgoszcz,Kujawsko-Pomorskie,207,,,,,,178,58,Competed in Olympic Games,"BKS Bydgoszcz, Bydgoszcz (POL)",,,
120035,Anita Márton,Anita Márton,Anita•Márton,,,,,Female,1989-01-15,Szeged,Csongrád,118,,,,,,172,95,Competed in Olympic Games,"Békéscsabai AC, Békéscsaba (HUN)",,,
120108,Paulina Buziak,Paulina Buziak,Paulina•Buziak,,,,,Female,1986-12-16,Mielec,Podkarpackie,207,,,,,,170,48,Competed in Olympic Games,"OTG Sokol Mielec, Mielec, POL",,,
120117,Agnieszka Dygacz,Agnieszka Dygacz,Agnieszka•Dygacz,,,,,Female,1985-07-18,Chorzów,Śląskie,207,,,,,,160,47,Competed in Olympic Games,"AZS AWF Katowice, Katowice (POL)",,,
120119,Paweł Fajdek,Paweł Fajdek,Paweł•Fajdek,,,,,Male,1989-06-04,Świebodzice,Dolnośląskie,207,,,,,,186,126,Competed in Olympic Games,"KS Agros, Zamość (POL)",,,
120120,Joanna Fiodorow,Joanna Fiodorow,Joanna•Fiodorow,,,,,Female,1989-03-04,Augustów,Podlaskie,207,,,,,,169,94,Competed in Olympic Games,"AZS Poznań, Poznań (POL)",,,
120133,Anna Kiełbasińska,Anna Katarzyna Kiełbasińska,Anna•Kiełbasińska,,,,,Female,1990-06-26,Warszawa (Warsaw),Mazowieckie,207,,,,,,170,59,Competed in Olympic Games,"AZS Warszawa, Warszawa (POL)",,,
120139,Adam Kszczot,Adam Kszczot,Adam•Kszczot,,,,,Male,1989-09-02,Opoczno,Łódzkie,207,,,,,,178,68,Competed in Olympic Games,"RKS Łódź, Łódź (POL)",,,
120140,Gloria Asumnu,Gloria Asumnu,Gloria•Asumnu,,,,,Female,1985-05-22,Houston,Texas,268,,,,,,168,64,Competed in Olympic Games,,,,
120142,Ogho-Oghene Egwero,Ogho-Oghene Omano Egwero,Ogho-Oghene•Egwero,,,,,Male,1988-11-26,Egbo,Enugu,191,,,,,,171,72,Competed in Olympic Games,"Delta State Sports Council, Asaba (NGR)",,,
120158,Łukasz Nowak,Łukasz Nowak,Łukasz•Nowak,,,,,Male,1988-12-18,Poznań,Wielkopolskie,207,,,,,,194,76,Competed in Olympic Games,"AZS Poznań, Poznań (POL)",,,
120159,Andreas Bube,Andreas Hjartbro Bube,Andreas•Bube,,,,,Male,1987-07-13,Gladsaxe,Hovedstaden,75,,,,,,178,65,Competed in Olympic Games,"Bagsværd AC, Bagsværd, Gladsaxe (DEN)",,,
120171,Alberth Bravo,Alberth Idel Bravo Morales,Alberth•Bravo,,,,,Male,1987-08-29,Maracaibo,Zulia,271,,,,,,199,88,Competed in Olympic Games,,,,
120173,José Gregorio Peña,José Gregorio Peña Trejo,José Gregorio•Peña,,,,,Male,1987-01-12,San Cristóbal,Táchira,271,,,,,,160,52,Competed in Olympic Games,,,,
120200,Jeffrey Julmis,Jeffrey Michael Julmis,Jeffrey•Julmis,,,,,Male,1987-09-30,Fort Lauderdale,Florida,268,,,,,,185,79,Competed in Olympic Games • Other,"Kansas State Wildcats, Manhattan (USA)",,,
120224,Nataliya Asanova,Nataliya Asanova,Nataliya•Asanova,Наталья•Асанова,,,,Female,1989-11-29,?,Andijon,269,,,,,,177,58,Competed in Olympic Games,,,,
120228,Michał Pietrzak,Michał Pietrzak,Michał•Pietrzak,,,,,Male,1989-04-03,Łęczyca,Łódzkie,207,,,,,,185,80,Competed in Olympic Games,"AZS AWF Katowice, Katowice (POL)",,,
120230,Marika Popowicz-Drapała,Marika Popowicz-Drapała,Marika•Popowicz-Drapała,,,,,Female,1988-04-28,Gniezno,Wielkopolskie,207,,,,,,164,55,Competed in Olympic Games,"Zawisza Bydgoszcz, Bydgoszcz (POL)",,,
120234,Ivan Zaytsev,Ivan Viktorovich Zaytsev,Ivan•Zaytsev,Иван Викторович•Зайцев,,,,Male,1988-11-07,Toshkent,Toshkent Shahri,269,,,,,,192,95,Competed in Olympic Games,,,,
120238,Sukhrob Khodzhayev,Sukhrob Khodzhayev,Sukhrob•Khodzhayev,Сухроб•Ходжаев,,,,Male,1993-05-21,Farkhor,Khatlon,251,,,,,,185,120,Competed in Olympic Games,,,,
120249,Matylda Szlęzak-Kowal,Matylda Szlęzak-Kowal,Matylda•Szlęzak-Kowal,,,,,Female,1989-01-11,Rzeszów,Podkarpackie,207,,,,,,170,51,Competed in Olympic Games,"AZS AWF Kraków, Kraków (POL)",,,
120256,Agnieszka Szwarnóg,Agnieszka Szwarnóg,Agnieszka•Szwarnóg,,,,,Female,1986-12-28,Myślenice,Małopolskie,207,,,,,,165,51,Competed in Olympic Games,"AZS AWF Kraków, Kraków (POL)",,,
120260,Robert Urbanek,Robert Urbanek,Robert•Urbanek,,,,,Male,1987-04-29,Łęczyca,Łódzkie,207,,,,,,200,122,Competed in Olympic Games,"MKLA Łęczyca, Łęczyca (POL)",,,
120262,Paweł Wojciechowski,Paweł Wojciechowski,Paweł•Wojciechowski,,,,,Male,1989-06-06,Bydgoszcz,Kujawsko-Pomorskie,207,,,,,,190,85,Competed in Olympic Games,"Zawisza Bydgoszcz, Bydgoszcz (POL)",,,
120263,Patrycja Wyciszkiewicz,Patrycja Wyciszkiewicz (-Zawadzka),Patrycja•Wyciszkiewicz,,,,,Female,1994-01-08,Śrem,Wielkopolskie,207,,,,,,173,58,Competed in Olympic Games,"Olimpia Poznań, Poznań (POL)",,,
120299,Mihail Dudaš,Mihail Dudaš,Mihail•Dudaš,Михаил•Дудаш,,,,Male,1989-11-01,Novi Sad,Južna Bačka,231,,,,,,184,85,Competed in Olympic Games,"AK Vojvodina [Novi Sad, SRB]",,,
120348,Tosin Oke,"Oluwatosin Bamidele ""Tosin"" Oke",Tosin•Oke,,,,,Male,1980-10-01,London,England,98,,,,,,179,78,Competed in Olympic Games,"Cambridge Harriers, Bexleyheath (GBR)",,,
120349,Omolara Omotosho,Omolara Omotosho,Omolara•Omotosho,,,,,Female,1993-05-25,Akure,Ondo,191,,,,,,152,50,Competed in Olympic Games,,,,
120413,Apostolos Parellis,Apostolos Parellis,Apostolos•Parellis,Απόστολος•Παρέλλης,,,,Male,1985-07-24,Lemesos (Limassol),Lemesos,70,,,,,,186,110,Competed in Olympic Games,Pancyprian Gymnastic Association [Cyprus],,,
120454,Neringa Aidietytė,Neringa Aidietytė,Neringa•Aidietytė,,,,,Female,1983-06-05,Vilnius,Vilnius,160,,,,,,177,60,Competed in Olympic Games,,,,
120477,Diana Lobačevskė,Diana Lobačevskė (Maciusonyté-),Diana•Lobačevskė,,,,,Female,1980-08-07,Vilnius,Vilnius,160,,,,,,174,57,Competed in Olympic Games,,,,
120482,Airinė Palšytė,Airinė Palšytė,Airinė•Palšytė,,,,,Female,1992-07-13,Kaunas,Kaunas,160,,,,,,187,63,Competed in Olympic Games,,,,
120485,Pat Taea,"Patricia Nooroa ""Pat"" Taea",Pat•Taea,,,,,Female,1993-05-25,?,Rarotonga,3,,,,,,170,67,Competed in Olympic Games,Fairweather Track Squad [AUS],,,
120499,Déborah Rodríguez,Déborah Lizeth Rodríguez Guelmo,Déborah•Rodríguez,,,,,Female,1992-12-02,Montevideo,Montevideo,267,,,,,,175,61,Competed in Olympic Games • Other,Campus de Maldonado [Uruguay],,,
120524,Brigita Virbalytė-Dimšienė,Brigita Virbalytė-Dimšienė,Brigita•Virbalytė-Dimšienė,,,,,Female,1985-02-01,Alytus,Alytus,160,,,,,,163,48,Competed in Olympic Games,,,,
120570,Arturo Ramírez,Arturo José Ramírez Álvarez,Arturo•Ramírez,,,,,Male,1991-04-19,San Juan de los Morros,Guárico,271,,,,,,170,65,Competed in Olympic Games,,,,
120571,Omar Longart,Omar José Longart Rondón,Omar•Longart,,,,,Male,1991-05-18,El Tigre,Anzoátegui,271,,,,,,172,69,Competed in Olympic Games,,,,
120575,Nguse Tesfaldet,Nguse Tesfaldet Amlosom,Nguse•Tesfaldet,,,,,Male,1986-11-10,Asmara,Maekel,86,,,,,,180,56,Competed in Olympic Games,,,,
120578,Wang Zhen,Wang Zhen,Wang•Zhen,王•镇,,,Oriental,Male,1991-08-24,?,Heilongjiang,57,,,,,,180,62,Competed in Olympic Games,"Heilongjaing Province, China",,,
120579,Chen Ding,Chen Ding,Chen•Ding,陈•定,,,Oriental,Male,1992-08-05,Dali,Yunnan,57,,,,,,175,62,Competed in Olympic Games,"Guangdong Province Athletic Team, Guangdong, CHN",,,
120581,Cai Zelin,Cai Zelin,Cai•Zelin,蔡•泽林,,,Oriental,Male,1991-04-11,Dali,Yunnan,57,,,,,,175,55,Competed in Olympic Games,"Yunnan Provincial Athletics Team, (CHN)",,,
120582,Dong Guojian,Dong Guojian,Dong•Guojian,董•国建,,,Oriental,Male,1987-03-16,Dali,Yunnan,57,,,,,,170,55,Competed in Olympic Games,Yunnan Province [People's Republic of China],,,
120584,Xie Wenjun,Xie Wenjun,Xie•Wenjun,谢•文骏,,,Oriental,Male,1990-07-11,Shanghai,Shanghai,57,,,,,,190,87,Competed in Olympic Games,"Shanghai Sports, Shanghai, CHN",,,
120587,Zhang Guowei,Zhang Guowei,Zhang•Guowei,张•国伟,,,Oriental,Male,1991-06-04,Binzhou,Shandong,57,,,,,,202,77,Competed in Olympic Games,"Weihai Sports Academy, Weihai, CHN",,,
120591,Dong Bin,Dong Bin,Dong•Bin,董•斌,,,Oriental,Male,1988-11-22,Hengyang,Hunan,57,,,,,,180,74,Competed in Olympic Games,"Hunan Province Sports Institute, Hunan, CHN",,,
120594,Su Bingtian,Su Bingtian,Su•Bingtian,苏•炳添,,,Oriental,Male,1989-08-29,Chaozhou,Guangdong,57,,,,,,173,70,Competed in Olympic Games,"Guangdong Province Athletic Team, Guangdong, CHN",,,
120596,Qieyang Shijie,Qieyang Shijie,Qieyang•Shijie,切阳•什姐,,Little Tibetan Mastiff,Oriental,Female,1990-11-11,Haiyan County,Qinghai,57,,,,,,160,45,Competed in Olympic Games,Qinghai Province [People's Republic of China],,,
120597,Lu Xiuzhi,Lu Xiuzhi,Lu•Xiuzhi,吕•秀芝,,,Oriental,Female,1993-10-26,Chuzhou,Anhui,57,,,,,,160,45,Competed in Olympic Games,"Anhui Province Athletic Team, China",,,
120601,Li Lingwei,Li Lingwei,Li•Lingwei,李•玲蔚,,,Oriental,Female,1989-01-26,Binzhou,Shandong,57,,,,,,174,72,Competed in Olympic Games,Shandong Province [People's Republic of China],,,
120602,Wei Yongli,Wei Yongli,Wei•Yongli,韦•永丽,,,Oriental,Female,1991-10-11,Baise,Guangxi,57,,,,,,168,58,Competed in Olympic Games,"Guangxi Athletic Team, China",,,
120616,Mykyta Nesterenko,Mykyta Vasylovych Nesterenko,Mykyta•Nesterenko,Микита Васильович•Нестеренко,,,,Male,1991-04-15,Dnipro,Dnipropetrovsk,265,,,,,,208,120,Competed in Olympic Games,,,,
120617,Hanna Knyazyeva-Minenko,Hanna Knyazyeva-Minenko,Hanna•Knyazyeva-Minenko,חנה•קנייזבה-מיננקו,"Hanna Viktorivna Kniazieva-Minenko, Ганна Вікторівна Князєва-Міненко",Anya,,Female,1989-09-25,Pereiaslav-Khmelnytskyi,Kyiv,265,,,,,,179,62,Competed in Olympic Games • Other,Maccabi Tel Aviv,,,
120618,Şeref Osmanoğlu,Şeref Osmanoğlu,Şeref•Osmanoğlu,,"Sheryf Usman El-Sheryf, Шериф Усман Ель-Шериф",,,Male,1989-01-02,Simferopol,Krym,265,,,,,,183,75,Competed in Olympic Games,"Enka SK [Istanbul, TUR]",,,
120619,Andriy Protsenko,Andriy Oleksiyovych Protsenko,Andriy•Protsenko,Андрій Олексійович•Проценко,,,,Male,1988-05-20,Kherson,Kherson,265,,,,,,194,80,Competed in Olympic Games,,,,
120620,Bohdan Bondarenko,Bohdan Viktorovych Bondarenko,Bohdan•Bondarenko,Богдан Вікторович•Бондаренко,,,,Male,1989-08-30,Kharkiv,Kharkiv,265,,,,,,198,77,Competed in Olympic Games,"Dynamo Kharkiv, Kharkiv (UKR)",,,
120622,Nataliya Lupu,Nataliya Oleksiïvna Lupu,Nataliya•Lupu,Наталія Олексіївна•Лупу,,,,Female,1987-11-04,Marshyntsi,Chernivtsi,265,,,,,,175,60,Competed in Olympic Games,Heshko Sports Club [UKR] / Kolos [UKR] / Dynamo [UKR],,,
120626,Ruslan Dmytrenko,Ruslan Hryhorovych Dmytrenko,Ruslan•Dmytrenko,Руслан Григорович•Дмитренко,,,,Male,1986-03-22,Kuchakiv,Kyiv Oblast,265,,,,,,180,67,Competed in Olympic Games,,,,
120630,Alina Lohvynenko,Alina Viktorivna Lohvynenko,Alina•Lohvynenko,Аліна Вікторівна•Логвиненко,,,,Female,1990-07-18,Artemivsk,Donetsk,265,,,,,,180,67,Competed in Olympic Games,"Spartak [Donetsk, UKR]",,,
120734,Soufiyan Bouqantar,Soufiyan Bouqantar,Soufiyan•Bouqantar,سفيان•بوقنطار,,,,Male,1993-08-30,Khemisset,Rabat-Salé-Kénitra,165,,,,,,173,54,Competed in Olympic Games,"CM Khemisset, Khemisset (MAR)",,,
120741,Reid Coolsaet,Reid Coolsaet,Reid•Coolsaet,,,,,Male,1979-07-29,Hamilton,Ontario,52,,,,,,173,62,Competed in Olympic Games,"Speed River TFC, Guelph (CAN)",,,
120742,Derek Drouin,Derek Drouin,Derek•Drouin,,,,,Male,1990-03-06,Sarnia,Ontario,52,,,,,,196,83,Competed in Olympic Games,"Indiana Hoosiers, Bloomington (USA)",,,
120744,Phylicia George,Phylicia George,Phylicia•George,,,PG,,Female,1987-11-16,Toronto,Ontario,52,,,,,,178,65,Competed in Olympic Games,"Project Athletics Track & Field Program, Toronto (CAN) / Flying Angels, Toronto (CAN)",,,
120745,Liz Gleadle,"Elizabeth ""Liz"" Gleadle",Liz•Gleadle,,,,,Female,1988-12-05,Vancouver,British Columbia,52,,,,,,185,79,Competed in Olympic Games,"Chinook TFC, Lethbridge (CAN)",,,
120746,Iñaki Gómez,Iñaki Gómez Goroztieta,Iñaki•Gómez,,,,,Male,1988-01-16,Ciudad de México (Mexico City),Ciudad de México,171,,,,,,172,60,Competed in Olympic Games,"Racewalk West, Vancouver (CAN)",,,
120751,Nicole Sifuentes,Nicole Sifuentes (Edwards-),Nicole•Sifuentes,,,,,Female,1986-06-30,Winnipeg,Manitoba,52,,,,,,177,55,Competed in Olympic Games,"unattached, (MIX)",,,
120754,Heather Steacy,Heather Steacy,Heather•Steacy,,,,,Female,1988-04-14,Saskatoon,Saskatchewan,52,,,,,,175,80,Competed in Olympic Games,"Chinook TFC, Lethbridge (CAN)",,,
120755,Hilary Stellingwerff,Hilary Stellingwerff (Edmondson-),Hilary•Stellingwerff,,,,,Female,1981-08-07,Sarnia,Ontario,52,,,,,,160,47,Competed in Olympic Games,"Speed River TFC, Guelph (CAN)",,,
120756,Brianne Theisen-Eaton,Brianne Lee Theisen-Eaton,Brianne•Theisen-Eaton,,,,,Female,1988-12-18,Humboldt,Saskatchewan,52,,,,,,175,64,Competed in Olympic Games,"Oregon Track Club Elite [Eugene, OR, USA]",,,
120777,Gerald Phiri,Gerald Phiri,Gerald•Phiri,,,,,Male,1988-10-06,Mufulira,Copperbelt,281,,,,,,178,79,Competed in Olympic Games • Other,Pure Athletics [United States of America],,,
120780,Damian Warner,Damian David George Warner,Damian•Warner,,,,,Male,1989-11-04,London,Ontario,52,,,,,,185,83,Competed in Olympic Games,"Montcalm Cougars, London (CAN)",,,
120781,Taoufik Makhloufi,Taoufik Makhloufi,Taoufik•Makhloufi,توفيق•مخلوفي,,,,Male,1988-04-29,Souk Ahras,Souk Ahras,77,,,,,,170,67,Competed in Olympic Games • Other,"GS Pétroliers, Al-Jaza'ir (ALG)",,,
120877,Reza Ghasemi,Reza Ghasemi,Reza•Ghasemi,رضا•قاسمی,,,,Male,1987-07-24,Isfahan,Isfahan,129,,,,,,182,69,Competed in Olympic Games,"Naft, Tehran (IRI)",,,
120879,Kaveh Mousavi,Kaveh Sadegh Mousavi,Kaveh•Mousavi,کاوه•موسوی,,,,Male,1985-05-27,Tabriz,Azarbaijan Sharqi,129,,,,,,203,120,Competed in Olympic Games,,,,
120880,Leyla Rajabi,Leyla Rajabi,Leyla•Rajabi,لیلا•رجبی,Tatsiana Ilyushchanka,,,Female,1983-04-18,Vitebsk,Vitebsk,42,,,,,,187,100,Competed in Olympic Games,Mojaberat-e Bushehr [Islamic Republic of Iran],,,
120906,Rachid Kisri,Rachid Kisri,Rachid•Kisri,رشيد•كيسري,,,,Male,1975-08-02,Khouribga,Béni Mellal-Khénifra,165,,,,,,179,60,Competed in Olympic Games,,,,
120908,Hicham Al-Siguéni,Hicham Al-Siguéni,Hicham•Al-Siguéni,هشام•السغيني,,,,Male,1993-01-30,Beni Mellal,Béni Mellal-Khénifra,165,,,,,,172,61,Competed in Olympic Games • Competed in Youth Olympic Games,"CHBA, Casablanca (MAR)",,,
120914,Aziz Ouhadi,Aziz Ouhadi,Aziz•Ouhadi,عزيز•أوحادي,,,,Male,1984-07-24,Sidi Kacem,Rabat-Salé-Kénitra,165,,,,,,168,72,Competed in Olympic Games,"FAR Rabat, Rabat (MAR)",,,
120921,Malika Akkaoui,Malika Al-Akkaoui,Malika•Akkaoui,مليكة•العقاوي,,,,Female,1987-12-25,Zaida,Drâa-Tafilalet,165,,,,,,160,49,Competed in Olympic Games,,,,
120925,Marius Cocioran,Marius Iulian Cocioran,Marius•Cocioran,,,,,Male,1983-07-10,Reșița,Caraș-Severin,218,,,,,,173,64,Competed in Olympic Games,CSU Resita [Romania],,,
120926,Hayat Lambarki,Hayat Lambarki,Hayat•Lambarki,حياة•لمباركي,,,,Female,1988-05-18,Salé,Rabat-Salé-Kénitra,165,,,,,,172,57,Competed in Olympic Games,,,,
120931,Salima El Ouali Alami,Salima El Ouali Al-Alami,Salima El Ouali•Alami,سليمة والي•العلمي,,,,Female,1983-12-29,Karia Ba Mohamed,Fès-Meknès,165,,,,,,179,58,Competed in Olympic Games,"FAR Rabat, Rabat (MAR)",,,
120937,Kim Amb,Kim Oscar Amb,Kim•Amb,,,,,Male,1990-07-31,Solna,Stockholm,240,,,,,,180,87,Competed in Olympic Games,"Bålsta IK, Bålsta, Håbo (SWE)",,,
121164,Braian Toledo,Braian Ezequiel Toledo,Braian•Toledo,,,,,Male,1993-09-08,Marcos Paz,Provincia de Buenos Aires,26,,2020-02-27,Marcos Paz,Provincia de Buenos Aires,26,187,100,Competed in Olympic Games • Competed in Youth Olympic Games • Other,"Cefema, Marcos Paz, ARG",,,
121170,Gustavo Cuesta,Gustavo Cuesta Rosario,Gustavo•Cuesta,,,,,Male,1988-11-14,San Pedro de Macorís,San Pedro de Macorís,76,,,,,,183,80,Competed in Olympic Games,Policia Nacional [Dominican Republic],,,
121191,Érick Barrondo,Érick Bernabé Barrondo García,Érick•Barrondo,,,,,Male,1991-06-14,San Cristóbal,Alta Verapaz,109,,,,,,178,60,Competed in Olympic Games • Other,,,,
121204,Sara Slott Petersen,Sara Slott-Bruun Petersen,Sara•Slott Petersen,,,,,Female,1987-04-09,Nykøbing Falster,"Guldborgsund, Sjælland",75,,,,,,171,57,Competed in Olympic Games • Other,"Århus 1900, Århus (DEN)",,,
121215,Jess Draskau-Petersson,"Jessica Margaret Aida ""Jess"" Draskau-Petersson",Jess•Draskau-Petersson,,,,,Female,1977-09-08,Gentofte,Hovedstaden,75,,,,,,170,62,Competed in Olympic Games,"Aarhus 1900, Århus, DEN",,,
121223,Érika Abril,Érika Abril Suárez,Érika•Abril,,,,,Female,1978-03-29,San José de Pare,Boyacá,62,,,,,,164,52,Competed in Olympic Games,Atletas de Oro,,,
121236,Brigith Merlano,Brigith María Merlano Pájaro,Brigith•Merlano,,,,,Female,1982-04-29,Barranquilla,Atlántico,62,,,,,,174,65,Competed in Olympic Games,,,,
121245,Eliecith Palacios,Eliecith Palacios Santos,Eliecith•Palacios,,,,,Female,1987-09-15,Carepa,Antioquia,62,,,,,,170,64,Competed in Olympic Games,,,,
121268,Rafith Rodríguez,Rafith Rodríguez Lleneres,Rafith•Rodríguez,,,,,Male,1989-06-01,El Bagre,Antioquia,62,,,,,,190,75,Competed in Olympic Games,,,,
121269,Jaime Quiyuch,Jaime Daniel Quiyuch Castañeda,Jaime•Quiyuch,,,,,Male,1988-04-24,Ciudad de Guatemala (Guatemala City),Guatemala,109,,,,,,178,63,Competed in Olympic Games,,,,
121272,Mirna Ortiz,Mirna Sucely Ortiz Flores,Mirna•Ortiz,,,,,Female,1987-02-28,Ciudad de Guatemala (Guatemala City),Guatemala,109,,,,,,158,42,Competed in Olympic Games,,,,
121274,Mayra Herrera,Mayra Carolina Herrera Pérez,Mayra•Herrera,,,,,Female,1988-12-20,Ciudad de Guatemala (Guatemala City),Guatemala,109,,,,,,163,54,Competed in Olympic Games,,,,
121284,Wirimai Juwawo,Wirimai Juwawo,Wirimai•Juwawo,,,,,Male,1980-11-07,Rusape,Manicaland,282,,,,,,172,63,Competed in Olympic Games,"Shabanie Mine Athletics Club, Zvishavane (ZIM)",,,
121294,Rose Almanza,Rose Mary Almanza Blanco,Rose•Almanza,,,,,Female,1992-07-13,Camagüey,Camagüey,67,,,,,,165,53,Competed in Olympic Games,,,,
121297,Denia Caballero,Denia Caballero Ponce,Denia•Caballero,,,,,Female,1990-01-13,Caibarién,Villa Clara,67,,,,,,175,70,Competed in Olympic Games,,,,
121298,Roberto Skyers,Roberto Skyers Pérez,Roberto•Skyers,,,,,Male,1991-11-12,Minas,Camagüey,67,,,,,,183,83,Competed in Olympic Games,,,,
121389,Rasmus Mägi,Rasmus Mägi,Rasmus•Mägi,,,,,Male,1992-05-04,Tartu,Tartumaa,88,,,,,,187,77,Competed in Olympic Games,"TÜ ASK, Tartu (EST)",,,
121391,Risto Mätas,Risto Mätas,Risto•Mätas,,,,,Male,1984-04-30,Tartu,Tartumaa,88,,,,,,189,94,Competed in Olympic Games,"Audentese SK [Tallinn, EST]",,,
121426,Grit Šadeiko,Grit Šadeiko,Grit•Šadeiko,,,,,Female,1989-07-29,Tallinn,Harjumaa,88,,,,,,172,59,Competed in Olympic Games,"TÜ ASK, Tartu (EST)",,,
121442,Adriana da Silva,Adriana Aparecida da Silva,Adriana•da Silva,,,,,Female,1981-07-22,Cruzeiro,São Paulo,46,,,,,,166,52,Competed in Olympic Games,"EC Pinheiros [Sao Paulo, BRA]",,,
121445,Franciela Krasucki,Franciela das Graças Krasucki Davide,Franciela•Krasucki,,,,,Female,1988-04-26,Valinhos,São Paulo,46,,,,,,168,63,Competed in Olympic Games,"Pinheiros, Brazil",,,
121448,Jailma Lima,Jailma Sales de Lima,Jailma•Lima,,,,,Female,1986-12-31,Taperoá,Paraíba,46,,,,,,174,65,Competed in Olympic Games • Non-starter,"Clube de Atletismo BM&F, São Caetano do Sul (BRA)",,,
121449,Joelma Sousa,Joelma das Neves Sousa,Joelma•Sousa,,,,,Female,1984-07-13,Timon,Maranhão,46,,,,,,172,49,Competed in Olympic Games,"EC Pinheiros [Sao Paulo, BRA]",,,
121450,Luiz Alberto Araújo,Luiz Alberto Cardoso de Araújo,Luiz Alberto•Araújo,,,,,Male,1987-06-27,Artur Nogueira,São Paulo,46,,,,,,188,88,Competed in Olympic Games,Clube Atletismo BM&amp;F Bovespa,,,
121452,Paulo Roberto de Paula,Paulo Roberto de Almeida Paula,Paulo Roberto•de Paula,,,,,Male,1979-07-08,Pacaembu,São Paulo,46,,,,,,170,55,Competed in Olympic Games,"Cruzeiro Sport Club , Cruzeiro, BRA / Luasa/Caixa [Brazil]",,,
121458,Stephen Mokoka,Stephen Mokoka,Stephen•Mokoka,,,,,Male,1985-01-31,Mahikeng,North West,280,,,,,,157,52,Competed in Olympic Games,"Transnet Athletic Club, Durban (RSA)",,,
121459,María Peralta,María de los Ángeles Peralta,María•Peralta,,,,,Female,1977-11-30,Mar del Plata,Provincia de Buenos Aires,26,,,,,,167,49,Competed in Olympic Games,,,,
121491,Sharolyn Scott,Sharolyn Shantell Scott Norman,Sharolyn•Scott,,,,,Female,1983-10-27,Limón,Limón,65,,,,,,168,63,Competed in Olympic Games,,,,
121509,Roberto Janet,Roberto Janet Durruty,Roberto•Janet,,,,,Male,1986-08-29,Santiago de Cuba,Santiago de Cuba,67,,,,,,187,106,Competed in Olympic Games,,,,
121540,Maureen Jelagat Maiyo,Maureen Jelagat Maiyo,Maureen Jelagat•Maiyo,,,,,Female,1985-05-28,Kapsowar,Elgeyo-Marakwet,138,,,,,,167,58,Competed in Olympic Games,"Central Province, Kenya",,,
121543,Nijel Amos,Nijel Carlos Amilfitano Amos,Nijel•Amos,,,Zoro,,Male,1994-03-15,Marobela,Central,50,,,,,,179,60,Competed in Olympic Games • Other,"Oregon Track Club Elite, Eugene (USA)",,,
121571,David Rudisha,David Lekuta Rudisha,David•Rudisha,,,,,Male,1988-12-17,Kilgoris,Narok,138,,,,,,190,76,Competed in Olympic Games • Other,,,,
121652,Hiwot Ayalew,Hiwot Ayalew Yeder,Hiwot•Ayalew,አያሌው•ህይወት,,,,Female,1990-03-06,Gojam,Amhara,89,,,,,,173,53,Competed in Olympic Games,"Commercial Bank , Ethiopia",,,
121673,Zigismunds Sirmais,Zigismunds Sirmais,Zigismunds•Sirmais,,,,,Male,1992-05-06,Rīga,Rīga,162,,,,,,190,95,Competed in Olympic Games,"Arcadia Sports School [Riga, LAT]",,,
121674,Madara Palameika,Madara Palameika,Madara•Palameika,,,,,Female,1987-06-18,Talsi,Talsu novads,162,,,,,,184,76,Competed in Olympic Games,"Talsi District SS, Talsi, LAT / OC Ventspils [Latvia]",,,
121676,Laura Ikauniece-Admidiņa,Laura Ikauniece-Admidiņa,Laura•Ikauniece-Admidiņa,,,,,Female,1992-05-31,Ventspils,Ventspils,162,,,,,,179,63,Competed in Olympic Games,,,,
121678,Arnis Rumbenieks,Arnis Rumbenieks,Arnis•Rumbenieks,,,,,Male,1988-04-04,Valmiera,Valmiera,162,,,,,,175,63,Competed in Olympic Games,Valmerian Athletic Club,,,
121698,Lauren Boden-Wells,Lauren Boden-Wells,Lauren•Boden-Wells,,,,,Female,1988-08-03,Canberra,Australian Capital Territory,30,,,,,,178,66,Competed in Olympic Games,"North Canberra Athletics/ACTAS, Canberra, ACT, AUS",,,
121699,Melissa Breen,Melissa Breen,Melissa•Breen,,,,,Female,1990-09-17,Canberra,Australian Capital Territory,30,,,,,,174,65,Competed in Olympic Games,"Woden Harriers, Canberra, ACT, AUS / Athletics ACT [Canberra, ACT, AUS]",,,
121700,Zoe Buckman,Zoe Buckman,Zoe•Buckman,,,,,Female,1988-12-21,Grafton,New South Wales,30,,,,,,168,50,Competed in Olympic Games,"Victoria Institute of Sport, Melbourne, VIC, AUS / Melbourne Track Club [Australia]",,,
121703,Henry Frayne,Henry Max Frayne,Henry•Frayne,,,FrayneTrain,,Male,1990-04-14,Adelaide,South Australia,30,,,,,,188,83,Competed in Olympic Games,"Old Melbournians Athletic Club, Melbourne, VIC, AUS / Mayne Harriers [Australia]",,,
121704,Ryan Gregson,Ryan Gregson,Ryan•Gregson,,,,,Male,1990-04-26,Mount Warrigal,New South Wales,30,,,,,,184,73,Competed in Olympic Games,"Kembla Joggers / NSWIS, Australia / Melbourne Track Club [Australia]",,,
121706,Regan Lamble,Regan Lamble,Regan•Lamble,,,,,Female,1991-10-14,Box Hill,Victoria,30,,,,,,174,55,Competed in Olympic Games,"Nunawading, Australia / Melbourne University Athletics Club [Australia]",,,
121709,David McNeill,David McNeill,David•McNeill,,,,,Male,1986-10-06,East Melbourne,Victoria,30,,,,,,175,53,Competed in Olympic Games,"Old Xaverians Athletics Club [Melbourne, AUS] / Melbourne Track Club [AUS]",,,
121710,Kim Mickle,"Kimberley ""Kim"" Mickle",Kim•Mickle,,,,,Female,1984-12-28,Subiaco,Western Australia,30,,,,,,168,70,Competed in Olympic Games,"Mandurah Rockingham Athletics Club, Mandurah (AUS)",,,
121711,Kathryn Mitchell,Kathryn Mitchell,Kathryn•Mitchell,,,,,Female,1982-07-10,Hamilton,Victoria,30,,,,,,168,72,Competed in Olympic Games,"Eureka AC/VIS, Australia",,,
121714,Michael Shelley,Michael Shelley,Michael•Shelley,,,,,Male,1983-10-10,Southport,Queensland,30,,,,,,183,60,Competed in Olympic Games,Queensland Academy of Sport [Australia],,,
121716,Ben St. Lawrence,"Benjamin ""Ben"" St. Lawrence",Ben•St. Lawrence,,,"Saint, Benny, Benson",,Male,1981-11-07,Penrith,New South Wales,30,,,,,,180,85,Competed in Olympic Games,"St George District Athletics Club, Sydney, NSW, AUS / Melbourne Track Club",,,
121720,Eloise Wellings,Eloise Wellings (Poppett-),Eloise•Wellings,,,,,Female,1982-11-09,White Plains,New York,268,,,,,,172,52,Competed in Olympic Games,Sutherland Athletics Club [Australia],,,
121824,Etenesh Diro,Etenesh Diro Neda,Etenesh•Diro,ዲሮ•እቴነሽ,,,,Female,1991-05-10,Jeldu,Oromiya,89,,,,,,168,49,Competed in Olympic Games,,,,
121837,Caster Semenya,Mokgadi Caster Semenya,Caster•Semenya,,,,,Female,1991-01-07,Ga-Masehlong,Limpopo,280,,,,,,178,70,Competed in Olympic Games • Other,"TuksSport, Pretoria (RSA)",,,
121844,Claudette Mukasakindi,Claudette Mukasakindi,Claudette•Mukasakindi,,,,,Female,1982-12-25,Nyarugenge,Kigali,220,,,,,,160,50,Competed in Olympic Games • Other,"APR Athletics Club [Kigali, RWA]",,,
121845,Dejen Gebremeskel,Dejen Gebremeskel,Dejen•Gebremeskel,ደጀን•ገብረመስቀል,,,,Male,1989-11-24,Adigrat,Tigray,89,,,,,,180,58,Competed in Olympic Games,,,,
121855,Genzebe Dibaba,Genzebe Dibaba Keneni,Genzebe•Dibaba,ዲባባ•ገንዘቤ,,,,Female,1991-02-08,Bekoji,Oromiya,89,,,,,,168,52,Competed in Olympic Games,,,,
121866,Benjamín Enzema,Manuel Benjamín Enzema Owo,Benjamín•Enzema,,,,,Male,1989-03-25,Akoga,Centro Sur,105,,,,,,170,63,Competed in Olympic Games • Other,,,,
121876,Hagos Gebrhiwet,Hagos Gebrhiwet Berhe,Hagos•Gebrhiwet,ሓጎስ•ገብረሂወት,,,,Male,1994-05-11,Ts'a'ida Imba,Tigray,89,,,,,,171,56,Competed in Olympic Games,,,,
121922,Brendan Boyce,Brendan Boyce,Brendan•Boyce,,,,,Male,1986-10-08,Letterkenny,Donegal,128,,,,,,183,76,Competed in Olympic Games,"Letterkenny AC, Letterkenny (IRL) / Finn Valley AC (IRL)",,,
121933,Crystal Emmanuel,Crystal Carly-Kristen Emmanuel,Crystal•Emmanuel,,,,,Female,1991-11-27,Scarborough,"Toronto, Ontario",52,,,,,,170,59,Competed in Olympic Games,"Flying Angels, Toronto (CAN)",,,
121934,Nikkita Holder,Nikkita Holder,Nikkita•Holder,,,,,Female,1987-05-07,East York,"Toronto, Ontario",52,,,,,,170,59,Competed in Olympic Games,"Project Athletics Track & Field Program, Toronto (CAN)",,,
121942,Gladys Tejeda,Gladys Lucy Tejeda Pucuharanga,Gladys•Tejeda,,,,,Female,1985-09-30,Santa Fe de Jauja,Junín,203,,,,,,156,47,Competed in Olympic Games • Other,,,,
121966,Isiah Koech,Isiah Kiplangat Koech,Isiah•Koech,,,,,Male,1993-12-19,Keringet,Nakuru,138,,,,,,172,65,Competed in Olympic Games,Kenya Police [Kenya],,,
121968,Hellen Obiri,Hellen Onsando Obiri,Hellen•Obiri,,,,,Female,1989-12-13,Kisii,Kisii,138,,,,,,160,50,Competed in Olympic Games,Laikipia Air Base,,,
121978,Geisa Arcanjo,Geisa Rafaela Arcanjo,Geisa•Arcanjo,,,,,Female,1991-09-19,São Roque,São Paulo,46,,,,,,180,92,Competed in Olympic Games,"Centro Nacional de Treinamento do Sesi Gravatas / EC Pinheiros [Sao Paulo, BRA]",,,
121979,Caio Bonfim,Caio Oliveira de Sena Bonfim,Caio•Bonfim,,,,,Male,1991-03-19,Sobradinho,Distrito Federal,46,,,,,,174,60,Competed in Olympic Games,CASO - DF,,,
121994,Mare Dibaba,Mare Dibaba Hurssa (-Ibrahimova-),Mare•Dibaba,ዲባባ•ማሬ,,,,Female,1989-10-20,Shoa,,89,,,,,,156,45,Competed in Olympic Games,,,,
122008,Daniel Vargas,Daniel de Jesús Vargas Sánchez,Daniel•Vargas,,,,,Male,1984-03-06,León,Guanajuato,171,,,,,,162,53,Competed in Olympic Games,,,,
122019,Holly Bleasdale-Bradshaw,Holly Bethan Bleasdale-Bradshaw,Holly•Bleasdale-Bradshaw,,,,,Female,1991-11-02,Preston,England,98,,,,,,175,67,Competed in Olympic Games,"Blackburn Harriers, Blackburn (GBR)",,,
122022,Eilidh Child-Doyle,Eilidh Child-Doyle,Eilidh•Child-Doyle,,,,,Female,1987-02-20,Perth,Scotland,98,,,,,,170,60,Competed in Olympic Games,"Pitreavie AAC, Dunfermline (GBR)",,,
122024,James Dasaolu,Oyeyemi Olugbenga Olatokunbo James Dasaolu,James•Dasaolu,,,,,Male,1987-09-05,Croydon,England,98,,,,,,187,88,Competed in Olympic Games,"Croydon Harriers, Croydon (GBR)",,,
122025,James Ellington,James Lee Ellington,James•Ellington,,,,,Male,1985-09-06,Lewisham,England,98,,,,,,179,81,Competed in Olympic Games,"Newham and Essex Beagles, London (GBR)",,,
122027,Jessica Ennis-Hill,Jessica Phyllis Ennis-Hill,Jessica•Ennis-Hill,,,,,Female,1986-01-28,Sheffield,England,98,,,,,,165,57,Competed in Olympic Games,"City of Sheffield AC, Sheffield (GBR)",Dame,,
122028,Robbie Grabarz,"Robert Karl ""Robbie"" Grabarz",Robbie•Grabarz,,,,,Male,1987-10-03,Enfield,England,98,,,,,,191,81,Competed in Olympic Games,"Newham and Essex Beagles, London (GBR)",,,
122032,Sophie Hitchon,Sophie Hitchon,Sophie•Hitchon,,,,,Female,1991-07-11,Burnley,England,98,,,,,,170,75,Competed in Olympic Games,"Blackburn Harriers, Blackburn (GBR)",,,
122033,Nigel Levine,Nigel Levine,Nigel•Levine,,,,,Male,1989-04-30,San Fernando,San Fernando,259,,,,,,176,72,Competed in Olympic Games,"Windsor Slough Eton & Hounslow AC, Windsor (GBR)",,,
122035,Eilish McColgan,Eilish McColgan,Eilish•McColgan,,,,,Female,1990-11-25,Dundee,Scotland,98,,,,,,176,53,Competed in Olympic Games,"Dundee Hawks, Dundee (GBR)",,,
122041,Andy Pozzi,"Andrew William ""Andy"" Pozzi",Andy•Pozzi,,,,,Male,1992-05-15,Leamington Spa,England,98,,,,,,190,84,Competed in Olympic Games,"Stratford upon Avon AC, Stratford-upon-Avon (GBR)",,,
122042,Shara Proctor,Shara Nerissa Proctor,Shara•Proctor,,,,,Female,1988-09-16,Christiansted,St. Croix,16,,,,,,173,60,Competed in Olympic Games,"Birchfield Harriers, Birmingham (GBR)",,,
122044,Lynsey Sharp,Lynsey Sharp,Lynsey•Sharp,,,,,Female,1990-07-11,Dumfries,Scotland,98,,,,,,174,58,Competed in Olympic Games,"Edinburgh AC, Edinburgh (GBR)",,,
122047,Danny Talbot,"Daniel Peter ""Danny"" Talbot",Danny•Talbot,,,,,Male,1991-05-01,Salisbury,England,98,,,,,,184,73,Competed in Olympic Games,"Birchfield Harriers, Birmingham (GBR)",,,
122049,Laura Weightman,Laura Elizabeth Weightman,Laura•Weightman,,,,,Female,1991-07-01,Alnwick,England,98,,,,,,172,56,Competed in Olympic Games,"Morpeth Harriers, Morpeth (GBR)",,,
122073,Lidiane Lopes,Lidiane Lopes,Lidiane•Lopes,,,,,Female,1994-09-01,Espargos,Sal,64,,,,,,178,70,Competed in Olympic Games,"Stade Sottevillais 76 [Rouen, FRA]",,,
122101,Andressa Morais,Andressa Oliveira de Morais,Andressa•Morais,,,,,Female,1990-12-21,João Pessoa,Paraíba,46,,,,,,178,97,Competed in Olympic Games,"EC Pinheiros [Sao Paulo, BRA]",,,
122167,Toea Wisil,Toea Wisil,Toea•Wisil,,,,,Female,1988-01-01,Banz,Western Highlands,206,,,,,,168,63,Competed in Olympic Games • Other,,,,
122177,Mohammed Aman,Mohammed Aman Geleto,Mohammed•Aman,አማን•መሀመድ,,,,Male,1994-01-10,Asella,Oromiya,89,,,,,,165,58,Competed in Olympic Games • Competed in Youth Olympic Games,,,,
122179,Mekonnen Gebremedhin,Mekonnen Gebremedhin Woldegeorgis,Mekonnen•Gebremedhin,ገብረ•መኮንን,,,,Male,1988-10-11,Addis Ababa,Addis Ababa,89,,,,,,181,61,Competed in Olympic Games,,,,
122184,Dawit Wolde,Dawit Wolde Arega,Dawit•Wolde,ወልዴ•ዳዊት,,,,Male,1991-05-19,Debre Zeit,Oromiya,89,,,,,,180,64,Competed in Olympic Games,"Commercial Bank, Ethiopia",,,
122233,Nazar Kovalenko,Nazar Viktorovych Kovalenko,Nazar•Kovalenko,Назар Вікторович•Коваленко,,,,Male,1987-02-09,Kysliak,Vinnytsia,265,,,,,,177,68,Competed in Olympic Games,"Centre of Olympic Training, Kiev, UKR",,,
122236,Olesia Povkh,Olesia Ivanivna Povkh,Olesia•Povkh,Олеся Іванівна•Повх,,,,Female,1987-10-18,Dnipro,Dnipropetrovsk,265,,,,,,167,63,Competed in Olympic Games,,,,
122237,Mariya Riemien,Mariya Vitaliïvna Riemien,Mariya•Riemien,Марія Віталіївна•Рємєнь,,,,Female,1987-08-02,Makiïvka,Donetsk,265,,,,,,171,61,Competed in Olympic Games,,,,
122238,Hanna Titimets,Hanna Serhiïvna Titimets,Hanna•Titimets,Ганна Сергіївна•Тітімець,,,,Female,1989-03-05,Pavlohrad,Dnipropetrovsk,265,,,,,,173,63,Competed in Olympic Games,,,,
122239,Khrystyna Stuy,Khrystyna Petrivna Stuy,Khrystyna•Stuy,Христина Петрівна•Стуй,,,,Female,1988-02-03,Ivano-Frankivsk,Ivano-Frankivsk,265,,,,,,168,60,Competed in Olympic Games • Non-starter,,,,
122257,Marzia Caravelli,Marzia Caravelli,Marzia•Caravelli,,,,,Female,1981-10-23,Pordenone,Pordenone,133,,,,,,177,62,Competed in Olympic Games,"CUS Cagliari, Cagliari (ITA)",,,
122279,Kemar Hyman,Kemar Dwain Hyman,Kemar•Hyman,,,,,Male,1989-10-11,George Town,Cayman Islands,69,,,,,,178,74,Competed in Olympic Games • Other,"Florida State Seminoles, Tallahassee (USA)",,,
122311,Orlando Ortega,Orlando Ortega Alejo,Orlando•Ortega,,,,,Male,1991-07-29,Artemisa,Artemisa,67,,,,,,182,77,Competed in Olympic Games • Non-starter,CAVA-Ontinyent [Spain],,,
122312,Yaimé Pérez,Yaimé Pérez Téllez,Yaimé•Pérez,,,,,Female,1991-05-29,Santiago de Cuba,Santiago de Cuba,67,,,,,,175,74,Competed in Olympic Games • Other,,,,
122313,Dailín Belmonte,Dailín Belmonte Torres,Dailín•Belmonte,,,,,Female,1985-10-15,Santiago de Cuba,Santiago de Cuba,67,,,,,,158,52,Competed in Olympic Games,,,,
122340,Yuri Floriani,Yuri Floriani,Yuri•Floriani,,,,,Male,1981-12-25,Trento,Trento,133,,,,,,180,64,Competed in Olympic Games,"G.S. Fiamme Gialle, Roma (ITA)",,,
122343,Eleonora Giorgi,Eleonora Anna Giorgi,Eleonora•Giorgi,,,,,Female,1989-09-14,Milano,Milano,133,,,,,,162,52,Competed in Olympic Games,"Fiamme Azzurre, Italy",,,
122346,Byeon Yeong-Jun,Byeon Yeong-Jun,Byeon•Yeong-Jun,변•영준,Byun Young-Jun,,Oriental,Male,1984-03-20,Ulsan,Ulsan,143,,,,,,175,59,Competed in Olympic Games,"Daegu City Hall, Daegu, KOR / Changwon City Hall [Republic of Korea]",,,
122352,Gloria Hooper,Gloria Hooper,Gloria•Hooper,,,,,Female,1992-03-03,Villafranca di Verona,Verona,133,,,,,,174,63,Competed in Olympic Games,"G.S. Forestale, Roma (ITA)",,,
122360,Davide Manenti,Davide Manenti,Davide•Manenti,,,,,Male,1989-04-16,Torino,Torino,133,,,,,,177,80,Competed in Olympic Games • Non-starter,"CS Aeronautica Militare, Italy",,,
122362,Daniele Meucci,Daniele Meucci,Daniele•Meucci,,,,,Male,1985-10-07,Pisa,Pisa,133,,,,,,178,64,Competed in Olympic Games,"CS Esercito, Roma (ITA)",,,
122365,Maria Enrica Spacca,Maria Enrica Spacca,Maria Enrica•Spacca,,,,,Female,1986-03-20,L'Aquila,L'Aquila,133,,,,,,164,55,Competed in Olympic Games,"G.S. Forestale, Roma (ITA)",,,
122367,Valeria Straneo,Valeria Straneo (-Esposito),Valeria•Straneo,,,,,Female,1976-04-05,Alessandria,Alessandria,133,,,,,,165,45,Competed in Olympic Games,"SBV Runner Team 99, Turin, ITA",,,
122369,Im Gyeong-Hui,Im Gyeong-Hui,Im•Gyeong-Hui,임•경희,Lim Kyung-Hee,,Oriental,Female,1982-11-16,Ansan,Gyeonggi,143,,,,,,163,43,Competed in Olympic Games,"Suwon City Hall, Suwon, KOR / Gumi City Hall [Republic of Korea]",,,
122370,Jeon Yeong-Eun,Jeon Yeong-Eun,Jeon•Yeong-Eun,전•영은,,,Oriental,Female,1988-05-24,Daejeon,Daejeon,143,,,,,,158,43,Competed in Olympic Games,"Bucheon City Hall, Pucheon, KOR",,,
122383,Aldemir Gomes da Silva Júnior,Aldemir Gomes da Silva Júnior,Aldemir•Gomes da Silva Júnior,,,,,Male,1992-06-08,Niterói,Rio de Janeiro,46,,,,,,193,80,Competed in Olympic Games,Vasco da Gama,,,
122518,Amy Sène,Amy Sène,Amy•Sène,,,,,Female,1986-04-06,Lorient,Morbihan,94,,,,,,175,80,Competed in Olympic Games,Stade Rennais Athletisme [France],,,
122530,Eric Alejandro,Eric Javier Alejandro,Eric•Alejandro,,,,,Male,1986-04-15,Burlington,New Jersey,268,,,,,,180,81,Competed in Olympic Games,"Eastern Michigan Eagles, Ypsilanti (USA)",,,
122539,Beverly Ramos,Beverly Sue Ramos Morales,Beverly•Ramos,,,,,Female,1987-08-24,San Juan,Puerto Rico,209,,,,,,168,52,Competed in Olympic Games,,,,
122541,Mamadou Kassé Hanne,Mamadou Kassé Hanne,Mamadou Kassé•Hanne,,,,,Male,1986-10-10,Pikine,Dakar,224,,,,,,189,79,Competed in Olympic Games,Montpellier Athletic Méditerranée Métropole,,,
122546,Sibusiso Matsenjwa,Sibusiso Bruno Matsenjwa,Sibusiso•Matsenjwa,,,SwaziBolt,,Male,1988-05-02,Siteki,Lubombo,241,,,,,,180,82,Competed in Olympic Games • Other,Royal Swaziland Police [Swaziland],,,
122570,Aikaterini Stefanidi,Aikaterini Stefanidi (-Krier),Aikaterini•Stefanidi,Αικατερίνη•Στεφανίδη,Ekaterini Stefanidi,,,Female,1990-02-04,Kalogria,Peloponnesos,106,,,,,,173,59,Competed in Olympic Games • Other,"Stanford Cardinal, Stanford (USA) / Filothei SC (GRE)",,,
122572,Sofia Yfantidou,Sofia Yfantidou,Sofia•Yfantidou,Σοφία•Υφαντίδου,,,,Female,1985-01-10,Veroia,Kentriki Makedonia,106,,,,,,162,54,Competed in Olympic Games,,,,
122574,Likourgos Tsakonas,Likourgos-Stefanos Tsakonas,Likourgos•Tsakonas,Λυκούργος•Τσάκωνας,,,,Male,1990-03-08,Sparta,Peloponnesos,106,,,,,,185,80,Competed in Olympic Games,Eleftherios Venizelos [Greece],,,
122577,Alexandros Papamichail,Alexandros Papamichail,Alexandros•Papamichail,Αλέξανδρος•Παπαμιχαήλ,,,,Male,1988-09-18,Karditsa,Thessalia,106,,,,,,178,63,Competed in Olympic Games,SC Mykonos (GRE),,,
122578,Kostas Filippidis,"Konstantinos ""Kostas"" Filippidis",Kostas•Filippidis,"Κωνσταντίνος ""Κώστας""•Φιλιππίδης",,,,Male,1986-11-26,Athina (Athens),Attiki,106,,,,,,187,74,Competed in Olympic Games,"Panellinios GS, Athina (GRE)",,,
122633,Raúl Pacheco,Raúl Manuel Pacheco Mendoza,Raúl•Pacheco,,,,,Male,1979-04-26,Santa Fe de Jauja,Junín,203,,,,,,167,55,Competed in Olympic Games,,,,
122678,Mutaz Essa Barshim,Mutaz Essa Barshim,Mutaz Essa•Barshim,معتز عيسى•برشم,,,,Male,1991-06-24,Ad-Dawhah (Doha),Ad-Dawhah,217,,,,,,190,65,Competed in Olympic Games,"Team Aspire, Doha, QAT",,,
122679,Musaeb Abdulrahman Balla,Musaeb Abdulrahman Balla,Musaeb Abdulrahman•Balla,مصعب عبد الرحمن•بلة,,,,Male,1989-03-19,Khartoum,Al-Khartum,223,,,,,,176,60,Competed in Olympic Games • Non-starter,,,,
122692,Mimi Belete,Mimi Belete Gebregeiorges,Mimi•Belete,ميمي•بيليتي غيبريغيورغيس,,,,Female,1988-06-09,Addis Ababa,Addis Ababa,89,,,,,,169,56,Competed in Olympic Games,,,,
122693,Shitaye Eshete,Shitaye Eshete Habtegebrel,Shitaye•Eshete,شيتايا•ايشيت هابتيجبريل,,,,Female,1990-05-21,?,,89,,,,,,164,51,Competed in Olympic Games,,,,
122699,Mosito Lehata,Mosito Bahlakoana Stephen Lehata,Mosito•Lehata,,,,,Male,1989-04-08,Ha Moima,"Makhoarane, Maseru",158,,,,,,177,69,Competed in Olympic Games • Other,High Performance Training Centre [Mauritius],,,
122803,Hamada Mohamed,Hamada Mohamed Mohamed Ahmad,Hamada•Mohamed,حماده محمد•محمد احمد,,,,Male,1992-10-22,Qina,Qina,84,,,,,,175,65,Competed in Olympic Games,,,,
122912,Liemarvin Bonevacia,Liemarvin Bonevacia,Liemarvin•Bonevacia,,,,,Male,1989-04-05,Willemstad,Curaçao,,,,,,,185,74,Competed in Olympic Games,Rotterdam Atletiek [Netherlands],,,
122969,Katarína Berešová,Katarína Berešová,Katarína•Berešová,,,,,Female,1987-10-10,Trebišov,Košice,238,,,,,,162,49,Competed in Olympic Games,"TJ Obal-Servis [Kosice, SVK]",,,
122970,Mária Czaková,Mária Katerinka Czaková,Mária•Czaková,,,,,Female,1988-10-02,Nitra,Nitra,238,,,,,,166,56,Competed in Olympic Games,VSC Dukla Banska Bystrica [Slovakia],,,
122981,Anton Kučmín,Anton Kučmín,Anton•Kučmín,,,,,Male,1984-06-07,Ilava,Trenčín,238,,,,,,180,64,Competed in Olympic Games,VSC Dukla Banska Bystrica [Slovakia],,,
122984,Marcel Lomnický,Marcel Lomnický,Marcel•Lomnický,,,,,Male,1987-07-06,Nitra,Nitra,238,,,,,,177,106,Competed in Olympic Games,"Virginia Tech Hokies, Blacksburg (USA)",,,
122993,Barakat Al-Harthi,Barakat Mubarak Al-Harthi,Barakat•Al-Harthi,بركات مبارك•الحارثي,,,,Male,1988-06-15,Ibra,Ash-Sharqiyah,199,,,,,,173,67,Competed in Olympic Games,,,,
123019,Kemal Mešić,Kemal Mešić,Kemal•Mešić,,,,,Male,1985-08-04,Rogatica,Sarajevo-Romanija,41,,,,,,196,120,Competed in Olympic Games • Other,"AK Sarajevo, Sarajevo (BIH) / Florida Gators, Gainesville (USA)",,,
123051,Petr Frydrych,Petr Frydrych,Petr•Frydrych,,,,,Male,1988-01-13,Klatovy,Plzeňský kraj,71,,,,,,200,100,Competed in Olympic Games,"ASC Dukla, Praha (CZE)",,,
123057,Pavel Maslák,Pavel Maslák,Pavel•Maslák,,,,,Male,1991-02-21,Havířov,Moravskoslezský kraj,71,,,,,,176,66,Competed in Olympic Games,"ASC Dukla, Praha (CZE)",,,
123065,Jakub Vadlejch,Jakub Vadlejch,Jakub•Vadlejch,,,,,Male,1990-10-10,Praha (Prague),Hlavní město Praha,71,,,,,,191,93,Competed in Olympic Games,"ASC Dukla, Praha (CZE)",,,
123102,Eliška Klučinová,Eliška Klučinová,Eliška•Klučinová,,,,,Female,1988-04-14,Praha (Prague),Hlavní město Praha,71,,,,,,178,70,Competed in Olympic Games,USK Praha [Czech Republic],,,
123110,Jiřina Ptáčníková,"Jiřina Ptáčníková (-Svobodová-, -Kudličková)",Jiřina•Ptáčníková,,,,,Female,1986-05-20,Plzeň,Plzeňský kraj,71,,,,,,173,68,Competed in Olympic Games,"PSK Olymp , Prague, CZE / USK Praha [Czech Republic]",,,
123111,Kateřina Šafránková,Kateřina Šafránková,Kateřina•Šafránková,,,,,Female,1989-06-08,Kolín,Středočeský kraj,71,,,,,,193,103,Competed in Olympic Games,TJ Sokol Kolin [Czech Republic],,,
123116,Agnese Pastare,Agnese Pastare,Agnese•Pastare,,,,,Female,1988-10-27,Rīga,Rīga,162,,,,,,179,68,Competed in Olympic Games,,,,
123172,Brice Etès,Brice Pascal Guy Etès,Brice•Etès,,,,,Male,1984-04-11,Monaco,Monaco,166,,,,,,185,73,Competed in Olympic Games • Other,"AS Monaco, Monaco (MON)",,,
123185,Augusto Soares,Augusto Ramos Soares,Augusto•Soares,,,,,Male,1986-08-22,Baucau,Baucau,254,,,,,,165,58,Competed in Olympic Games • Non-starter • Other,,,,
123187,Bekir Karayel,Bekir Karayel,Bekir•Karayel,,,,,Male,1982-05-10,Çorum,Çorum,261,,,,,,170,62,Competed in Olympic Games,"İstanbul BB, İstanbul (TUR)",,,
123193,Trevor Barry,Trevor George Barry,Trevor•Barry,,,,,Male,1983-06-14,Nassau,New Providence,2,,,,,,190,77,Competed in Olympic Games,,,,
123195,Shaunae Miller-Uibo,Shaunae Miller-Uibo,Shaunae•Miller-Uibo,,,Too Kaute,,Female,1994-04-15,Nassau,New Providence,2,,,,,,185,69,Competed in Olympic Games • Other,"St. Augustine's Falcons, Raleigh (USA) / adidas, Herzogenaurach (GER)",,,
123196,Demetrius Pinder,Demetrius Rashad Pinder,Demetrius•Pinder,,,,,Male,1989-02-13,Freeport,City of Freeport,2,,,,,,178,70,Competed in Olympic Games,"Texas A&M Aggies, College Station (USA)",,,
123197,Bianca Stuart,Bianca Stuart,Bianca•Stuart,,,,,Female,1988-05-17,Nassau,New Providence,2,,,,,,,,Competed in Olympic Games,,,,
123258,İlham Özbilen,İlham Tanui Özbilen,İlham•Özbilen,,William Tanui Biwott,,,Male,1990-03-05,Keiyo District,Elgeyo-Marakwet,138,,,,,,177,60,Competed in Olympic Games,"Enka Spor Kulubü, İstanbul (TUR)",,,
123298,Polat Arıkan,Polat Kemboi Arıkan,Polat•Arıkan,,Paul Kipkosgei Kemboi,,,Male,1990-12-12,Cheptiret,Uasin Gishu,138,,,,,,175,59,Competed in Olympic Games,"Enka Spor Kulubü, İstanbul (TUR)",,,
123300,Sultan Haydar,Sultan Haydar,Sultan•Haydar,,Chaltu Girma Meshesha,,,Female,1987-05-23,?,,89,,,,,,170,55,Competed in Olympic Games,"Enka Spor Kulubü, İstanbul (TUR)",,,
123301,Tarık Akdağ,Tarık Langat Akdağ,Tarık•Akdağ,,Patrick Kipkirui Langat,,,Male,1988-06-16,?,Nandi,138,,,,,,176,60,Competed in Olympic Games,"Enka Spor Kulubü, İstanbul (TUR)",,,
123304,Tuğçe Şahutoğlu,Tuğçe Şahutoğlu,Tuğçe•Şahutoğlu,,,,,Female,1988-05-01,Mersin,Mersin,261,,,,,,180,120,Competed in Olympic Games,"Fenerbahçe SK, İstanbul (TUR)",,,
123306,Kıvılcım Kaya,Kıvılcım Kaya Salman,Kıvılcım•Kaya,,,,,Female,1992-03-27,Ankara,Ankara,261,,,,,,166,85,Competed in Olympic Games,"Enka Spor Kulubü, İstanbul (TUR)",,,
123335,Alonso Edward,Alonso Reno Edward Henry,Alonso•Edward,,,,,Male,1989-12-08,Panamá (Panama City),Panamá,202,,,,,,181,76,Competed in Olympic Games • Other,,,,
123365,Daisurami Bonne,Daisurami Bonne Rousseaux,Daisurami•Bonne,,Daisuramis Bonne,,,Female,1988-03-09,Guantánamo,Guantánamo,67,,,,,,171,60,Competed in Olympic Games • Non-starter,,,,
123405,Cao Shuo,Cao Shuo,Cao•Shuo,曹•硕,,,Oriental,Male,1991-10-08,Baoding,Hebei,57,,,,,,180,77,Competed in Olympic Games,"Heibei Sports, Hebei, CHN",,,
123421,Methkal Abu Drais,Methkal Marouf Abu Drais,Methkal•Abu Drais,مثقال معروف•أبو ضريس,,,,Male,1983-12-29,Al-Ardah,Balqa,135,,,,,,168,67,Competed in Olympic Games,,,,
123425,Nadine Broersen,Nadine Martina Broersen,Nadine•Broersen,,,,,Female,1990-04-29,Hoorn,Noord-Holland,193,,,,,,171,62,Competed in Olympic Games,"Sprint, Breda (NED)",,,
123427,Giovanni Codrington,Giovanni Orlando Codrington,Giovanni•Codrington,,,,,Male,1988-07-17,Paramaribo,Paramaribo,237,,,,,,177,84,Competed in Olympic Games,"Groningen Atletiek, Groningen (NED)",,,
123431,Jamile Samuel,Jamile Sara Samuel,Jamile•Samuel,,,,,Female,1992-04-24,Amsterdam,Noord-Holland,193,,,,,,168,59,Competed in Olympic Games • Non-starter,"Phanos, Amsterdam (NED)",,,
123432,Dafne Schippers,Dafne Schippers,Dafne•Schippers,,,,,Female,1992-06-15,Utrecht,Utrecht,193,,,,,,179,70,Competed in Olympic Games,"Hellas, Utrecht (NED)",,,
123433,Eelco Sintnicolaas,Eelco Peter Sintnicolaas,Eelco•Sintnicolaas,,,,,Male,1987-04-07,Dordrecht,Zuid-Holland,193,,,,,,186,80,Competed in Olympic Games,"AV'34, Apeldoorn (NED)",,,
123530,Matthias Bühler,Matthias Bühler,Matthias•Bühler,,,,,Male,1986-09-02,Lahr/Schwarzwald,Baden-Württemberg,72,,,,,,189,78,Competed in Olympic Games,"LG Offenburg, Offenburg (GER)",,,
123531,Alyn Camara,Alyn Camara,Alyn•Camara,,,,,Male,1989-03-31,Bergisch Gladbach,Nordrhein-Westfalen,72,,,,,,196,84,Competed in Olympic Games,"Bayer 04 Leverkusen, Leverkusen (GER)",,,
123534,Julia Fischer,Julia Fischer (-Harting),Julia•Fischer,,,Jule,,Female,1990-04-01,Berlin,Berlin,72,,,,,,192,98,Competed in Olympic Games,"SC Charlottenburg, Berlin (GER)",,,
123535,Rico Freimuth,Rico Freimuth,Rico•Freimuth,,,,,Male,1988-03-14,Potsdam,Brandenburg,72,,,,,,196,95,Competed in Olympic Games,"Hallesche Leichtathletik-Freunde, Halle (Saale) (GER)",,,
123540,Alexander John,Alexander John,Alexander•John,,,,,Male,1986-05-03,Zeulenroda,Thüringen,72,,,,,,185,84,Competed in Olympic Games,"LAZ Leipzig, Leipzig (GER)",,,
123542,Fabienne Kohlmann,Fabienne Kohlmann,Fabienne•Kohlmann,,,,,Female,1989-11-06,Würzburg,Bayern,72,,,,,,170,57,Competed in Olympic Games,"LG Karlstadt-Gambach-Lohr, Karlstadt (GER)",,,
123543,Gesa Felicitas Krause,Gesa Felicitas Krause,Gesa Felicitas•Krause,,,,,Female,1992-08-03,Ehringshausen,Hessen,72,,,,,,167,51,Competed in Olympic Games,"LG Eintracht Frankfurt, Frankfurt am Main (GER)",,,
123568,Tina Šutej,Tina Šutej,Tina•Šutej,,,,,Female,1988-11-07,Ljubljana,Ljubljana,239,,,,,,173,58,Competed in Olympic Games,"AD Mass [Ljubljana, SLO]",,,
123578,Betlhem Desalegn Belayneh,Betlhem Desalegn Belayneh,Betlhem•Desalegn Belayneh,بيتليم•ديسالجين بلينا,,Betty,,Female,1991-11-13,Addis Ababa,Addis Ababa,89,,,,,,160,55,Competed in Olympic Games • Non-starter,,,,
123590,Christopher Linke,Christopher Linke,Christopher•Linke,,,,,Male,1988-10-24,Potsdam,Brandenburg,72,,,,,,191,66,Competed in Olympic Games,"SC Potsdam, Potsdam (GER)",,,
123591,Tatjana Pinto,Tatjana Lofamakanda Pinto,Tatjana•Pinto,,,,,Female,1992-07-02,Münster,Nordrhein-Westfalen,72,,,,,,170,56,Competed in Olympic Games,"LG Ratio Münster, Münster (GER)",,,
123595,Nadine Müller,Nadine Müller,Nadine•Müller,,,,,Female,1985-11-21,Leipzig,Sachsen,72,,,,,,193,94,Competed in Olympic Games,"Hallesche Leichtathletik-Freunde, Halle (Saale) (GER)",,,
123600,Julian Reus,Julian Reus,Julian•Reus,,,,,Male,1988-04-29,Hanau,Hessen,72,,,,,,176,76,Competed in Olympic Games,"TV Wattenscheid, Wattenscheid, Bochum (GER)",,,
123601,Cindy Roleder,Cindy Roleder,Cindy•Roleder,,,,,Female,1989-08-21,Chemnitz,Sachsen,72,,,,,,178,70,Competed in Olympic Games,"LAZ Leipzig, Leipzig (GER)",,,
123605,Linda Stahl,Linda Stahl,Linda•Stahl,,,,,Female,1985-10-02,Steinheim (Westfalen),Nordrhein-Westfalen,72,,,,,,176,79,Competed in Olympic Games,"Bayer 04 Leverkusen, Leverkusen (GER)",,,
123606,David Storl,David Storl,David•Storl,,,,,Male,1990-07-27,Rochlitz,Sachsen,72,,,,,,198,117,Competed in Olympic Games,"LAC Chemnitz, Chemnitz (GER)",,,
123607,Martina Strutz,Martina Strutz,Martina•Strutz,,,,,Female,1981-11-04,Schwerin,Mecklenburg-Vorpommern,72,,,,,,159,58,Competed in Olympic Games,"Hagenower SV, Hagenow (GER)",,,
123608,Sosthene Moguenara,Sosthene Taroum Moguenara,Sosthene•Moguenara,,,,,Female,1989-10-17,Sarh,Moyen-Chari,246,,,,,,180,65,Competed in Olympic Games,"TV Wattenscheid, Wattenscheid, Bochum (GER)",,,
123615,Phumlile Ndzinisa,Phumlile Ndzinisa,Phumlile•Ndzinisa,,,,,Female,1992-08-21,Lobamba,Hhohho,241,,,,,,170,57,Competed in Olympic Games • Other,,,,
123622,Andrea Mayr,Andrea Mayr,Andrea•Mayr,,,,,Female,1979-10-15,Wels,Oberösterreich,31,,,,,,174,53,Competed in Olympic Games,"SV Schwechat, Schwechat (AUT)",,,
123623,Beate Schrott,Beate Schrott,Beate•Schrott,,,Bea,,Female,1988-04-15,Sankt Pölten,Niederösterreich,31,,,,,,177,71,Competed in Olympic Games • Other,"Union St. Pölten, Sankt Pölten (AUT)",,,
123702,Dimitri Bascou,Dimitri David Bascou,Dimitri•Bascou,,,,,Male,1987-07-20,Schœlcher,Martinique,94,,,,,,181,80,Competed in Olympic Games,"Racing Club de France, Paris (FRA)",,,
123705,Pierre-Ambroise Bosse,Pierre-Ambroise Bosse,Pierre-Ambroise•Bosse,,,,,Male,1992-05-11,Nantes,Loire-Atlantique,94,,,,,,185,68,Competed in Olympic Games,"UA Gujan-Mestras, Gujan-Mestras (FRA)",,,
123706,Florian Carvalho,Florian Carvalho,Florian•Carvalho,,,,,Male,1989-03-09,Fontainebleau,Seine-et-Marne,94,,,,,,183,70,Competed in Olympic Games,"US Nemours Saint-Pierre, Saint-Pierre-les-Nemours (FRA)",,,
123707,Benjamin Compaoré,Benjamin Compaoré,Benjamin•Compaoré,,,,,Male,1987-08-05,Bar-le-Duc,Meuse,94,,,,,,189,83,Competed in Olympic Games,"ASPTT Strasbourg, Strasbourg (FRA) / Strasbourg Agglomération Athlétisme, Strasbourg (FRA)",,,
123711,Marie Gayot,Marie Gayot,Marie•Gayot,,,,,Female,1989-12-18,Reims (Rheims),Marne,94,,,,,,171,58,Competed in Olympic Games,"Amiens UC, Amiens (FRA)",,,
123712,Floria Gueï,Floria Gueï,Floria•Gueï,,,,,Female,1990-05-02,Nantes,Loire-Atlantique,94,,,,,,166,53,Competed in Olympic Games,"Lille Métropole Athlétisme, Lille (FRA)",,,
123716,Yoann Kowal,Yoann Kowal,Yoann•Kowal,,,,,Male,1987-05-28,Nogent-le-Rotrou,Eure-et-Loir,94,,,,,,172,58,Competed in Olympic Games,"E Perigueux Sarlat Trelissac, Perigueux, FRA",,,
123717,Renaud Lavillenie,Renaud Lavillenie,Renaud•Lavillenie,,,,,Male,1986-09-18,Barbezieux-Saint-Hilaire,Charente,94,,,,,,177,71,Competed in Olympic Games,"Clermont Athlétisme Auvergne, Aubière (FRA)",,,
123718,Christophe Lemaitre,Christophe Alexandre Christian Lemaitre,Christophe•Lemaitre,,,,,Male,1990-06-11,Annecy,Haute-Savoie,94,,,,,,190,74,Competed in Olympic Games,"AS Aix-les-Bains, Aix-les-Bains (FRA)",,,
123723,Kévin Mayer,Kévin Mayer,Kévin•Mayer,,,Kéké la braise,,Male,1992-02-10,Argenteuil,Val-d'Oise,94,,,,,,186,77,Competed in Olympic Games,"EA Tain Tournon, Tournon-sur-Rhône (FRA)",,,
123727,Jimmy Vicaut,Jimmy Vicaut,Jimmy•Vicaut,,,,,Male,1992-02-27,Paris,Paris,94,,,,,,188,83,Competed in Olympic Games,"CA Montreuil 93 [Paris, FRA]",,,
123734,Michelle-Lee Ahye,Michelle-Lee Raquel Ahye,Michelle-Lee•Ahye,,,Star Girl Ahye,,Female,1992-04-10,Port of Spain,Port of Spain,259,,,,,,160,64,Competed in Olympic Games,"Concorde Athletics Club, Trinidad & Tobago / Rebirth Athletic Club [Trinidad and Tobago]",,,
123736,Janeil Bellille,Janeil Bellille,Janeil•Bellille,,,,,Female,1989-06-18,San Fernando,San Fernando,259,,,,,,163,59,Competed in Olympic Games,"South Plains College Texans, Levelland, Texas (USA)",,,
123738,Jehue Gordon,Jehue Augustus Gordon,Jehue•Gordon,,,,,Male,1991-12-15,Port of Spain,Port of Spain,259,,,,,,188,81,Competed in Olympic Games,"Memphis Pioneers Sports Club, Port of Spain, TRI",,,
123739,Lalonde Gordon,Lalonde Keida Gordon,Lalonde•Gordon,,,,,Male,1988-11-25,Lowlands,Tobago,259,,,,,,179,83,Competed in Olympic Games,"Zenith Velocity AC, New York (USA)",,,
123740,Deon Lendore,Deon Kristofer Lendore,Deon•Lendore,,,,,Male,1992-10-28,Mount Hope,Tunapuna-Piarco,259,,2022-01-10,Cameron,Texas,268,179,75,Competed in Olympic Games,"Texas A&M Aggies, College Station (USA)",,,
123742,Jarrin Solomon,Jarrin Solomon,Jarrin•Solomon,,,,,Male,1986-01-11,Albuquerque,New Mexico,268,,,,,,165,73,Competed in Olympic Games,Memphis Pioneers [Trinidad and Tobago],,,
123743,Keshorn Walcott,Keshorn Walcott,Keshorn•Walcott,,,,,Male,1993-04-02,Toco,Sangre Grande,259,,,,,,183,90,Competed in Olympic Games • Other,Rebirth Athletic Club [Trinidad and Tobago],,,
123744,Maria Eleonor Tavares,Maria Eleonor Ribeiro Tavares,Maria Eleonor•Tavares,,,,,Female,1985-09-24,Paris,Paris,94,,,,,,165,55,Competed in Olympic Games,"Sporting CP, Lisboa (POR)",,,
123747,Dulce Félix,Ana Dulce Ferreira Félix,Dulce•Félix,,,,,Female,1982-10-23,Guimarães,Distrito de Braga,211,,,,,,166,53,Competed in Olympic Games,"Maratona CP, Oeiras (POR) / SL Benfica, Lisboa (POR)",,,
123758,Patrícia Mamona,Patrícia Mbengani Bravo Mamona,Patrícia•Mamona,,,,,Female,1988-11-21,Lisboa,Distrito de Lisboa,211,,,,,,167,60,Competed in Olympic Games,"Sporting CP, Lisboa (POR)",,,
123787,Pedro Isidro,Pedro Miguel Piriquito Isidro,Pedro•Isidro,,,,,Male,1985-07-17,Azambuja,Distrito de Lisboa,211,,,,,,175,58,Competed in Olympic Games,"SL Benfica, Lisboa (POR)",,,
123788,Aauri Bokesa,Aauri Lorena Bokesa Abia,Aauri•Bokesa,,,,,Female,1988-12-14,Madrid,Madrid,87,,,,,,180,62,Competed in Olympic Games,"CD Nike Running [Madrid, ESP]",,,
123789,David Bustos,David Bustos González,David•Bustos,,,,,Male,1990-08-25,Palma de Mallorca,Islas Baleares,87,,,,,,182,64,Competed in Olympic Games,"CD Nike Running [Madrid, ESP]",,,
123793,Javier Cienfuegos,Javier Cienfuegos Pinilla,Javier•Cienfuegos,,,,,Male,1990-07-15,Montijo,Badajoz,87,,,,,,187,110,Competed in Olympic Games,"CA Playas de Castellon, Spain",,,
123796,Miguel Ángel López,Miguel Ángel López Nicolás,Miguel Ángel•López,,,,,Male,1988-07-03,Murcia,Murcia,87,,,,,,181,70,Competed in Olympic Games,"UCAM Athleo Cieza, Murcia, ESP",,,
123797,Kevin López,Kevin López Yerga,Kevin•López,,,,,Male,1990-06-12,Sevilla (Seville),Sevilla,87,,,,,,171,56,Competed in Olympic Games,"CD Nike Running [Madrid, ESP]",,,
123800,Diana Martín,Diana Martín Giménez,Diana•Martín,,,,,Female,1981-04-01,Madrid,Madrid,87,,,,,,163,50,Competed in Olympic Games,"Valencia Terra i Mar, Spain",,,
123801,Abdelaziz Merzougui,Abdelaziz Merzougui Noureddine,Abdelaziz•Merzougui,,,,,Male,1991-08-30,Guelmim,Guelmim-Oued Noun,165,,,,,,175,67,Competed in Olympic Games,FC Barcelona,,,
123807,Patricia Sarrapio,Patricia Sarrapio Martín,Patricia•Sarrapio,,,,,Female,1982-11-16,Madrid,Madrid,87,,,,,,165,56,Competed in Olympic Games,"Valencia Terra i Mar, Valencia, ESP / Playas de Castellon [Spain]",,,
123809,Borja Vivas,Borja Vivas Jiménez,Borja•Vivas,,,,,Male,1984-05-26,Málaga,Málaga,87,,,,,,204,139,Competed in Olympic Games,"CA Malaga, Spain",,,
123815,Balázs Baji,Balázs Baji,Balázs•Baji,,,,,Male,1989-06-09,Békéscsaba,Békes,118,,,,,,192,85,Competed in Olympic Games,"Békéscsabai AC, Békéscsaba (HUN)",,,
123816,Anthonique Strachan,Anthonique Strachan,Anthonique•Strachan,,,,,Female,1993-08-22,Nassau,New Providence,2,,,,,,168,57,Competed in Olympic Games,"Auburn Elite (USA) / Maximising Velocity and Power Track and Field Club [MVP], Kingston (JAM)",,,
123817,Máté Helebrandt,Máté Helebrandt,Máté•Helebrandt,,,,,Male,1989-01-12,Nyíregyháza,Szabolcs-Szatmár-Bereg,118,,,,,,174,59,Competed in Olympic Games,Nyíregyházi Sportcentrum,,,
123819,Viktória Madarász,Viktória Madarász,Viktória•Madarász,,,,,Female,1985-05-12,Budapest,Budapest,118,,,,,,158,44,Competed in Olympic Games,"Békéscsabai AC, Békéscsaba (HUN)",,,
123821,Aaron Brown,Aaron Brown,Aaron•Brown,,,,,Male,1992-05-27,Toronto,Ontario,52,,,,,,198,79,Competed in Olympic Games,"USC Trojans, Los Angeles (USA)",,,
123825,Kemar Bailey-Cole,Kemar Bailey-Cole,Kemar•Bailey-Cole,,,,,Male,1992-01-10,Spanish Town,Saint Catherine,134,,,,,,193,84,Competed in Olympic Games,"Racers Track Club, Kingston (JAM)",,,
123841,Sean Furey,Sean Patrick Furey,Sean•Furey,,,,,Male,1982-08-31,Greenville,North Carolina,268,,,,,,188,90,Competed in Olympic Games,,,,
123860,Lu Huihui,Lu Huihui,Lu•Huihui,吕•会会,,,Oriental,Female,1989-06-26,Huwan,Henan,57,,,,,,171,70,Competed in Olympic Games,,,,
123892,Lissa Labiche,Lissa Mary Audrey Labiche,Lissa•Labiche,,,,,Female,1993-02-18,Victoria,,243,,,,,,172,55,Competed in Olympic Games • Other,,,,
123932,Quentin Rew,Quentin Rew,Quentin•Rew,,,,,Male,1984-07-16,Wellington,Wellington,197,,,,,,174,60,Competed in Olympic Games,"Wellington Harrier Athletics Club, Wellington, NZL",,,
123933,Lucy Van Dalen-Oliver,Lucy Van Dalen-Oliver,Lucy•Van Dalen-Oliver,,,,,Female,1988-11-18,Wellington,Wellington,197,,,,,,168,53,Competed in Olympic Games,"North Harbour Bays Athletics [Auckland, NZL]",,,
123943,Jess Trengove,"Jessica ""Jess"" Trengove",Jess•Trengove,,,,,Female,1987-08-15,North Adelaide,South Australia,30,,,,,,166,52,Competed in Olympic Games,"Hills District Athletics Club, Baulkham Hills (AUS)",,,
124027,Eliane Saholinirina,Marie Eliane Saholinirina,Eliane•Saholinirina,,,,,Female,1982-03-20,Betsihaka,Diana,168,,,,,,154,46,Competed in Olympic Games • Other,Stade Sottevillais 76 [France],,,
124045,Katarina Johnson-Thompson,Katarina Mary Johnson-Thompson,Katarina•Johnson-Thompson,,,KJT,,Female,1993-01-09,Liverpool,England,98,,,,,,183,68,Competed in Olympic Games,"Liverpool Harriers, Liverpool (GBR)",,,
124102,Mujinga Kambundji,Mujinga Elodie Kambundji,Mujinga•Kambundji,,,,,Female,1992-06-17,Bern,Bern,54,,,,,,168,65,Competed in Olympic Games • Other,"ST Bern, Bern (SUI)",,,
124103,Maja Neuenschwander,Maja Doris Neuenschwander,Maja•Neuenschwander,,,,,Female,1980-02-13,Bern,Bern,54,,,,,,168,53,Competed in Olympic Games,"ST Bern, Bern (SUI)",,,
124106,Ellen Sprunger,Ellen Sprunger,Ellen•Sprunger,,,,,Female,1986-08-05,Nyon,Vaud,54,,,,,,172,62,Competed in Olympic Games,"COVA Nyon, Nyon (SUI)",,,
124107,Lea Sprunger,Lea Sprunger,Lea•Sprunger,,,,,Female,1990-03-05,Nyon,Vaud,54,,,,,,183,69,Competed in Olympic Games,"COVA Nyon, Nyon (SUI)",,,
124118,Lisa Ryzih,"Elizaveta Vladimirova ""Lisa"" Ryzih (-Urban)",Lisa•Ryzih,,,,,Female,1988-09-27,Omsk,Omsk,219,,,,,,179,62,Competed in Olympic Games,"ABC Ludwigshafen, Ludwigshafen (GER)",,,
124127,Vera Barbosa,Vera Lúcia Mendes Barbosa,Vera•Barbosa,,,,,Female,1989-01-13,Vila Franca de Xira,Distrito de Lisboa,211,,,,,,168,58,Competed in Olympic Games,"Sporting CP, Lisboa (POR)",,,
124129,Ali Kamé,Ali Kamé,Ali•Kamé,,,,,Male,1984-05-21,Namakia,Boeny,168,,,,,,185,84,Competed in Olympic Games,,,,
124149,Anne Zagré,Anne Zagré,Anne•Zagré,,,,,Female,1990-03-13,Uccle,Région de Bruxelles-Capitale,34,,,,,,176,68,Competed in Olympic Games,Royal Excelsior Sports Club de Bruxelles [RESC] [Belgium],,,
124151,Michael Bultheel,Michael Bultheel,Michael•Bultheel,,,,,Male,1986-06-30,Ieper (Ypres),West-Vlaanderen,34,,,,,,189,81,Competed in Olympic Games,Flanders Atletiek Club [Belgium],,,
124200,Olga Bludova-Safronova,Olga Yevgenyevna Bludova-Safronova,Olga•Bludova-Safronova,Ольга Евгеньевна•Блудова-Сафронова,,,,Female,1991-11-05,Almaty,Almaty,137,,,,,,171,62,Competed in Olympic Games,"Altay Athletics Club, Oskemen (KAZ)",,,
124201,Viktoriya Zyabkina,Viktoriya Viktorovna Zyabkina (-An),Viktoriya•Zyabkina,Виктория Викторовна•Зябкина,,,,Female,1992-09-04,Almaty,Almaty,137,,,,,,174,62,Competed in Olympic Games,,,,
124208,Georgy Sheyko,Georgy Nikolayevich Sheyko,Georgy•Sheyko,Георгий Николаевич•Шейко,,,,Male,1989-08-24,Oral,Batys Qazaqstan,137,,,,,,184,68,Competed in Olympic Games,,,,
124224,Margarita Mukashova,Margarita Yevgenyevna Mukashova (Matsko-),Margarita•Mukashova,Маргарита Евгеньевна•Мукашёва (Мацко-),,,,Female,1986-01-04,Novopokrovka,Soltustyk Qazaqstan,137,,,,,,165,50,Competed in Olympic Games,,,,
124231,Amy Hastings-Cragg,Amy Elizabeth Hastings-Cragg,Amy•Hastings-Cragg,,,,,Female,1984-01-21,Long Beach,California,268,,,,,,163,45,Competed in Olympic Games,"Mammoth Track Club, Mammoth Lakes (USA)",,,
124241,Tianna Madison-Bartoletta,Tianna Madison-Bartoletta,Tianna•Madison-Bartoletta,,,,,Female,1985-08-30,Elyria,Ohio,268,,,,,,168,58,Competed in Olympic Games,,,,
124243,"Matthew Centrowitz, Jr.","Matthew Gerald Centrowitz, Jr.","Matthew•Centrowitz, Jr.",,,,,Male,1989-10-18,Beltsville,Maryland,268,,,,,,176,65,Competed in Olympic Games,"Nike Oregon Project [Portland, OR, USA]",,,
124251,Evan Jager,Evan Reese Jager,Evan•Jager,,,,,Male,1989-03-08,Algonquin,Illinois,268,,,,,,188,65,Competed in Olympic Games,"Oregon Track Club, Eugene (USA)",,,
124256,Francena McCorory,Francena Lynette McCorory,Francena•McCorory,,,,,Female,1988-10-20,Los Angeles,California,268,,,,,,171,68,Competed in Olympic Games,"adidas, Herzogenaurach (GER)",,,
124291,Maria Michta-Coffey,Maria Lynn Michta-Coffey,Maria•Michta-Coffey,,,,,Female,1986-06-23,Stony Brook,New York,268,,,,,,166,49,Competed in Olympic Games,Walk USA [United States of America],,,
124295,Molly Huddle,Molly Huddle (-Benninger),Molly•Huddle,,,,,Female,1984-08-31,Elmira,New York,268,,,,,,166,48,Competed in Olympic Games,,,,
124305,Christian Taylor,Christian Taylor,Christian•Taylor,,,,,Male,1990-06-18,Uniondale,New York,268,,,,,,188,81,Competed in Olympic Games,,,,
124336,Kibwé Johnson,Kibwé Rasheid Johnson,Kibwé•Johnson,,,,,Male,1981-07-17,San Francisco,California,268,,,,,,188,102,Competed in Olympic Games,"NYAC, New York (USA)",,,
124348,Erik Kynard,"Erik Kynard, Jr.",Erik•Kynard,,,,,Male,1991-02-03,Toledo,Ohio,268,,,,,,194,89,Competed in Olympic Games,"Kansas State Wildcats, Manhattan (USA)",,,
124363,Des Davila-Linden,"Desiree Nicole ""Des"" Davila-Linden",Des•Davila-Linden,,,,,Female,1983-07-26,San Diego,California,268,,,,,,155,43,Competed in Olympic Games,Hansons-Brooks Original Distance Project [United States of America],,,
124365,Janay DeLoach,"Cynthia ""Janay"" DeLoach (-Soukup)",Janay•DeLoach,,,,,Female,1985-10-12,Panama City,Florida,268,,,,,,166,58,Competed in Olympic Games,"Colorado State Rams, Fort Collins (USA) / NYAC, New York (USA)",,,
124375,Ashton Eaton,Ashton James Eaton,Ashton•Eaton,,,,,Male,1988-01-21,Portland,Oregon,268,,,,,,186,81,Competed in Olympic Games,,,,
124447,Jeff Porter,"Jeffrey Issack ""Jeff"" Porter",Jeff•Porter,,,,,Male,1985-11-27,Summit,New Jersey,268,,,,,,183,86,Competed in Olympic Games,"Nike, Beaverton (USA)",,,
124477,Cyrus Hostetler,Cyrus Dean Hostetler,Cyrus•Hostetler,,,,,Male,1986-08-08,Newberg,Oregon,268,,,,,,188,95,Competed in Olympic Games,"Oregon Track Club, Eugene (USA)",,,
124480,Emma Coburn,Emma Jane Coburn (-Bosshard),Emma•Coburn,,,,,Female,1990-10-19,Boulder,Colorado,268,,,,,,173,54,Competed in Olympic Games,"Colorado Buffaloes, Boulder (USA)",,,
124495,Will Claye,"William Bundu ""Will"" Claye",Will•Claye,,,,,Male,1991-06-13,Tucson,Arizona,268,,,,,,181,72,Competed in Olympic Games,"Florida Gators, Gainesville (USA)",,,
124498,Michael Tinsley,Michael DeLorean Tinsley,Michael•Tinsley,,,,,Male,1984-04-21,Little Rock,Arkansas,268,,,,,,186,74,Competed in Olympic Games,,,,
124508,Sandra Lemos,Sandra Milena Lemos Rivas,Sandra•Lemos,,,,,Female,1989-01-01,Pradera,Valle del Cauca,62,,,,,,170,100,Competed in Olympic Games,Club las Dinamicas [Colombia],,,
124571,Elisabeth Mandaba,Elisabeth Victoire Mandaba,Elisabeth•Mandaba,,,,,Female,1989-06-07,Bangui,Bangui,51,,,,,,163,53,Competed in Olympic Games,,,,
124577,Willem Coertzen,Willem Coertzen,Willem•Coertzen,,,,,Male,1982-12-30,Nigel,Gauteng,280,,,,,,186,79,Competed in Olympic Games,,,,
124578,Irvette van Blerk-van Zyl,Irvette van Blerk-van Zyl,Irvette•van Blerk-van Zyl,,,,,Female,1987-07-05,Sandton,Gauteng,280,,,,,,169,53,Competed in Olympic Games • Non-starter,Nedbank Running Club [South Africa],,,
124579,Lusapho April,Lusapho Lesly April,Lusapho•April,,,,,Male,1982-05-24,Uitenhage,Eastern Cape,280,,,,,,172,50,Competed in Olympic Games,"Border Athletics [East London, RSA]",,,
124580,Marc Mundell,Marc Flynn Mundell,Marc•Mundell,,,,,Male,1983-07-07,Pietermaritzburg,KwaZulu-Natal,280,,,,,,189,77,Competed in Olympic Games,Athletics Gauteng North [AGN] [South Africa],,,
124591,Tiffany Porter,Tiffany Adaez Porter (Ofili-),Tiffany•Porter,,,,,Female,1987-11-13,Ypsilanti,Michigan,268,,,,,,175,70,Competed in Olympic Games,"Woodford Green with Essex Ladies, Woodford (GBR)",,,
124608,Kim Hye-Song,Kim Hye-Song,Kim•Hye-Song,,,,Oriental,Female,1984-12-02,?,Hamgyeongnam,210,,,,,,163,51,Competed in Olympic Games,,,,
124634,Anyika Onuora,"Nwanyika Jenete C. ""Anyika"" Onuora",Anyika•Onuora,,,,,Female,1984-10-28,Liverpool,England,98,,,,,,178,76,Competed in Olympic Games • Non-starter,"Liverpool Harriers, Liverpool (GBR)",,,
124642,Jack Green,Jack Peter Green,Jack•Green,,,,,Male,1991-10-06,Maidstone,England,98,,,,,,193,78,Competed in Olympic Games,"Kent AC, London (GBR)",,,
124653,Sandra Arenas,Sandra Lorena Arenas Campuzano,Sandra•Arenas,,,,,Female,1993-09-17,Pereira,Risaralda,62,,,,,,160,50,Competed in Olympic Games,,,,
124685,Julius Yego,Julius Kiplagat Yego,Julius•Yego,,,,,Male,1989-01-04,Cheptonon,Nandi,138,,,,,,175,94,Competed in Olympic Games,Kuortane Olympic Training Centre [Finland],,,
124688,Tony McQuay,Tony McQuay,Tony•McQuay,,,,,Male,1990-04-16,West Palm Beach,Florida,268,,,,,,181,72,Competed in Olympic Games,"Florida Gators, Gainesville (USA)",,,
124700,Yelyzaveta Bryzhina,Yelyzaveta Viktorivna Bryzhina,Yelyzaveta•Bryzhina,Єлизавета Вікторівна•Бризгіна,,,,Female,1989-11-28,Luhansk,Luhansk,265,,,,,,173,63,Competed in Olympic Games,,,,
124703,Anna Skydan,Anna Skydan,Anna•Skydan,,"Hanna Oleksandrivna Skydan, Ганна Олександрівна Скидан",,,Female,1992-05-14,Krasnyi Luch,Luhansk,265,,,,,,183,101,Competed in Olympic Games,,,,
124705,Hanna Hatsko-Fedusova,Hanna Volodymyrivna Hatsko-Fedusova,Hanna•Hatsko-Fedusova,Ганна Володимирівна•Гацько-Федусова,,,,Female,1990-10-03,Zaporizhzhia,Zaporizhzhia,265,,,,,,175,75,Competed in Olympic Games,,,,
124708,Ihor Hlavan,Ihor Kostiantynovych Hlavan,Ihor•Hlavan,Ігор Костянтинович•Главан,,,,Male,1990-09-25,Nazarivka,Kirovohrad,265,,,,,,168,61,Competed in Olympic Games,,,,
124713,Yolymar Pineda,Yolymar Elizabeth Pineda Medina ԁе Gómez,Yolymar•Pineda,,,,,Female,1985-11-14,?,Laikipia,138,,,,,,165,53,Competed in Olympic Games,,,,
124714,Rosa Rodríguez,Rosa Andreína Rodríguez Pargas,Rosa•Rodríguez,,,,,Female,1986-07-02,Acarigua,Portuguesa,271,,,,,,178,88,Competed in Olympic Games,,,,
124715,Nercely Soto,Nercely Desire Soto Soto,Nercely•Soto,,,,,Female,1990-08-23,Maracaibo,Zulia,271,,,,,,169,55,Competed in Olympic Games,,,,
124737,Andrei Churyla,Andrei Viktaravich Churyla,Andrei•Churyla,Андрэй Віктаравіч•Чурыла,"Andrey Viktorovich Churilo, Андрей Викторович Чурило",,,Male,1993-05-19,Baranovichi,Brest,42,,,,,,189,74,Competed in Olympic Games • Competed in Youth Olympic Games,,,,
124738,Bedan Karoki Muchiri,Bedan Karoki Muchiri,Bedan Karoki•Muchiri,,,,,Male,1990-08-21,Nyahururu,Laikipia,138,,,,,,170,54,Competed in Olympic Games,Team DeNA [Japan],,,
124740,Alphas Leken Kishoyian,Alphas Leken Kishoyian,Alphas Leken•Kishoyian,,,,,Male,1994-10-12,Narok,Narok,138,,,,,,167,59,Competed in Olympic Games • Competed in Youth Olympic Games,,,,
124744,Mareks Ārents,Mareks Ārents,Mareks•Ārents,,,,,Male,1986-08-06,Rīga,Rīga,162,,,,,,190,85,Competed in Olympic Games,,,,
124747,Anaso Jobodwana,Anaso Jobodwana,Anaso•Jobodwana,,,,,Male,1992-07-30,Aberdeen,Eastern Cape,280,,,,,,187,71,Competed in Olympic Games,"Jackson State Tigers, Jackson (USA)",,,
124748,Dom King,"Dominick Steven ""Dom"" King",Dom•King,,,,,Male,1983-05-30,Colchester,England,98,,,,,,178,69,Competed in Olympic Games,"Colchester Harriers AC, Colchester (GBR)",,,
124754,Donn Cabral,"Donald ""Donn"" Cabral",Donn•Cabral,,,,,Male,1989-12-12,Glastonbury,Connecticut,268,,,,,,178,68,Competed in Olympic Games,"Princeton Tigers, Princeton (USA)",,,
124763,Faith Kipyegon,Faith Chepngetich Kipyegon,Faith•Kipyegon,,Faith Kibiegon,,,Female,1994-01-10,Bomet,Bomet,138,,,,,,157,43,Competed in Olympic Games,,,,
124764,Boniface Tumuti,Boniface Mucheru Tumuti,Boniface•Tumuti,,,,,Male,1992-05-02,?,Laikipia,138,,,,,,175,72,Competed in Olympic Games,Kenya Defence Forces [Kenya],,,
124767,Kim Conley,"Kimberley Frances ""Kim"" Conley",Kim•Conley,,,,,Female,1986-03-14,Slough,England,98,,,,,,161,49,Competed in Olympic Games,"SRA Elite / NorCal Distance Project [Sacramento, CA, USA]",,,
124775,Brittany Borman,Brittany Borman,Brittany•Borman,,,,,Female,1989-07-01,Festus,Missouri,268,,,,,,183,77,Competed in Olympic Games,"Oklahoma Sooners, Norman (USA)",,,
124779,Vitaliy Butrym,Vitaliy Mykolaiovych Butrym,Vitaliy•Butrym,Віталій Миколайович•Бутрим,,,,Male,1991-01-10,Boromlia,Sumy,265,,,,,,180,75,Competed in Olympic Games,,,,
124780,Serhiy Smelyk,Serhiy Volodymyrovych Smelyk,Serhiy•Smelyk,Сергій Володимирович•Смелик,,,,Male,1987-04-19,Krasnodon,Luhansk,265,,,,,,178,72,Competed in Olympic Games,,,,
124783,Olha Zemliak,Olha Mykolaïvna Zemliak,Olha•Zemliak,Ольга Миколаївна•Земляк,,,,Female,1990-01-16,Rivne,Rivne,265,,,,,,165,57,Competed in Olympic Games,,,,
124786,Genevieve LaCaze-Gregson,Genevieve LaCaze-Gregson,Genevieve•LaCaze-Gregson,,,,,Female,1989-08-04,Benowa,"Gold Coast, Queensland",30,,,,,,164,53,Competed in Olympic Games,Glenhuntly Athletics Club [AUS] / Melbourne Track Club [AUS],,,
124788,Uhunoma Osazuwa,Uhunoma Naomi-Pauline Osazuwa,Uhunoma•Osazuwa,,,,,Female,1987-11-23,Oakland,California,268,,,,,,175,65,Competed in Olympic Games,"Double Pillar Athletics [Las Vegas, NV, USA]",,,
124794,Roxroy Cato,Roxroy Cato,Roxroy•Cato,,,,,Male,1988-01-05,?,Saint Mary,134,,,,,,183,76,Competed in Olympic Games,"Lincoln Blue Tigers, Jefferson City (USA)",,,
124795,Christine Day,Christine Day,Christine•Day,,,,,Female,1986-08-23,?,Saint Mary,134,,,,,,168,51,Competed in Olympic Games,"MVP Track & Field Club, Kingston (JAM)",,,
124798,Rusheen McDonald,Rusheen Darian McDonald,Rusheen•McDonald,,,,,Male,1992-08-17,Mandeville,Manchester,134,,,,,,175,81,Competed in Olympic Games • Non-starter,"MVP Track & Field Club, Kingston (JAM)",,,
124801,Shermaine Williams,Shermaine Williams,Shermaine•Williams,,,,,Female,1990-02-04,Kingston,Kingston,134,,,,,,176,65,Competed in Olympic Games,,,,
124848,Aman Wote,Aman Wote Fete,Aman•Wote,,,,,Male,1984-04-18,Kabete,,89,,,,,,183,68,Competed in Olympic Games • Non-starter,,,,
124850,Lawrence Clarke,Charles Lawrence Somerset Clarke,Lawrence•Clarke,,,,,Male,1990-03-12,Westminster,England,98,,,,,,187,77,Competed in Olympic Games,"Windsor Slough Eton & Hounslow AC, Windsor (GBR)",7th Baronet Clarke of Dunham Lodge,,
124852,Guor Marial,Guor Marial (-Mading Miaker),Guor•Marial,,,,,Male,1984-04-15,Panrieng,Unity,233,233,,,,,180,60,Competed in Olympic Games • Other,,,,
124853,Tsepo Ramonene,Tsepo Ramonene-Mathibelle,Tsepo•Ramonene,,,,,Male,1991-06-30,Mapeleng,,158,,,,,,171,54,Competed in Olympic Games,,,,
126489,Kamia Yousufi,Kamia Yousufi,Kamia•Yousufi,,,,,Female,1996-05-20,Kandahar,Kandahar,19,,,,,,165,55,Competed in Olympic Games • Other,,,,
126490,Luiza Gega,Luiza Gega,Luiza•Gega,,,,,Female,1988-11-05,Dibër,Dibër,22,,,,,,159,45,Competed in Olympic Games • Other,Tirana (ALB),,,
126493,Amina Bettiche,Amina Bettiche,Amina•Bettiche,أمينة•بطيش,,,,Female,1987-12-14,?,,77,,,,,,165,55,Competed in Olympic Games,"GS Pétroliers, Al-Jaza'ir (ALG) / Metz Métropole, Metz (FRA)",,,
126494,Kenza Dahmani,Kenza Tifahi Dahmani,Kenza•Dahmani,كنزة•تفاحي دحماني,,,,Female,1980-11-18,Al-Jaza'ir (Algiers),Al-Jaza'ir,77,,,,,,164,54,Competed in Olympic Games,NC Bordj Bou Arreridj / CSCS,,,
126501,Liliana Neto,Liliana Estefania Neto,Liliana•Neto,,,,,Female,1997-01-29,Luanda,Luanda,21,,,,,,166,57,Competed in Olympic Games,"Benfica, POR",,,
126509,Priscilla Frederick,Priscilla Eve Frederick (-Loomis),Priscilla•Frederick,,,Diva,,Female,1989-02-14,New York,New York,268,,,,,,178,68,Competed in Olympic Games,"NYAC, New York (USA)",,,
126511,Belén Casetta,Belén Adaluz Casetta,Belén•Casetta,,,,,Female,1994-09-26,Mar del Plata,Provincia de Buenos Aires,26,,,,,,163,52,Competed in Olympic Games • Competed in Youth Olympic Games,Athleta Nike,,,
126512,Rosa Godoy,Rosa Liliana Godoy,Rosa•Godoy,,,Rousys,,Female,1982-03-19,Río Cuarto,Córdoba,26,,,,,,160,47,Competed in Olympic Games,BEPA,,,
126513,Viviana Chávez,Viviana Micaela Chávez,Viviana•Chávez,,,Vivi,,Female,1987-05-28,San Juan,San Juan,26,,,,,,164,52,Competed in Olympic Games,"FILA / Mid. Tenn. State, USA",,,
126563,Amaliya Sharoyan,Amaliya Sharoyan,Amaliya•Sharoyan,Ամալիյա•Շարոյանը,,,,Female,1988-06-19,Yerevan,Yerevan,27,,,,,,170,56,Competed in Olympic Games,,,,
126564,Diana Khubeseryan,Diana Khubeseryan,Diana•Khubeseryan,Դիանա•Խուբեսերյան,,Gazanik,,Female,1994-05-05,Yerevan,Yerevan,27,,,,,,170,60,Competed in Olympic Games • Competed in Youth Olympic Games,,,,
126565,Gayane Chiloyan,Gayane Chiloyan,Gayane•Chiloyan,Գայանե•Չիլոյան,,,,Female,2000-09-27,Yerevan,Yerevan,27,,,,,,164,54,Competed in Olympic Games,,,,
126566,Lilit Harutyunyan,Lilit Harutyunyan,Lilit•Harutyunyan,Լիլիթ•Հարությունյան,,,,Female,1993-04-04,Gyumri,Shirak,27,,,,,,164,55,Competed in Olympic Games,,,,
126573,Jordan Mageo,Jordan Mageo,Jordan•Mageo,,,,,Female,1997-01-06,Thousand Oaks,California,268,,,,,,172,68,Competed in Olympic Games,,,,
126575,Annie Rubie-Renshaw,"Anneliese ""Annie"" Rubie-Renshaw",Annie•Rubie-Renshaw,,,,,Female,1992-04-22,Canberra,Australian Capital Territory,30,,,,,,171,58,Competed in Olympic Games,Sydney University Athletics Club,,,
126576,Brooke Stratton,Brooke Stratton (-Buschkuehl),Brooke•Stratton,,,"Brookey, Stratts",,Female,1993-07-12,Box Hill,Victoria,30,,,,,,168,58,Competed in Olympic Games,Nunawading Athletics Club,,,
126577,Caitlin Sargent,Caitlin Sargent-Jones,Caitlin•Sargent,,,,,Female,1992-06-14,Brisbane,Queensland,30,,,,,,171,60,Competed in Olympic Games,University of Queensland Athletics Club,,,
126578,Chelsea Jaensch,Chelsea Jaensch,Chelsea•Jaensch,,,Oscar,,Female,1985-01-06,Elizabeth Vale,South Australia,30,,,,,,163,56,Competed in Olympic Games,"QEII Track Club, Nathan",,,
126579,Eleanor Patterson,Eleanor Patterson,Eleanor•Patterson,,,Floss,,Female,1996-05-22,Leongatha,Victoria,30,,,,,,182,65,Competed in Olympic Games,"South Coast Athletics, Leongatha",,,
126580,Ella Nelson,Ella Nelson,Ella•Nelson,,,El,,Female,1994-05-10,Hurstville,New South Wales,30,,,,,,169,58,Competed in Olympic Games,Sydney University Athletics Club,,,
126581,Jenny Blundell,"Jennifer ""Jenny"" Blundell",Jenny•Blundell,,,,,Female,1994-05-09,Sydney,New South Wales,30,,,,,,163,49,Competed in Olympic Games • Competed in Youth Olympic Games,Sydney University Athletics Club,,,
126582,Jessica Thornton,"Jessica ""Jess"" Thornton",Jessica•Thornton,,,"Jess, Jessca, JRKET",,Female,1998-04-12,Randwick,New South Wales,30,,,,,,170,59,Competed in Olympic Games • Competed in Youth Olympic Games,Illawong & Districts Athletic Club,,,
126583,Kelsey-Lee Roberts-Barber,Kelsey-Lee Roberts-Barber,Kelsey-Lee•Roberts-Barber,,,,,Female,1991-09-20,East London,Eastern Cape,280,,,,,,175,70,Competed in Olympic Games,South Canberra Tuggeranong Athletics Club,,,
126584,Linden Hall,Linden Hall,Linden•Hall,,,"Lins, Lindy",,Female,1991-06-20,Sunbury,Victoria,30,,,,,,167,51,Competed in Olympic Games,"Athletics Essendon, Melbourne (AUS)",,,
126585,Madeline Hills,Madeline Hills (Heiner-),Madeline•Hills,,,Maddie,,Female,1987-05-15,Shellharbour,New South Wales,30,,,,,,174,53,Competed in Olympic Games,"Kembla Joggers, Wollongong",,,
126586,Shelly Jenneke,"Michelle ""Shelly"" Jenneke",Shelly•Jenneke,,,Jumpin' Jenneke,,Female,1993-06-23,Kenthurst,New South Wales,30,,,,,,172,67,Competed in Olympic Games • Competed in Youth Olympic Games,Sydney University Athletics Club,,,
126587,Milly Clark,Milly Clark,Milly•Clark,,,,,Female,1989-03-01,Launceston,Tasmania,30,,,,,,,,Competed in Olympic Games,Sydney University Athletics Club,,,
126588,Morgan Mitchell,Morgan Mitchell,Morgan•Mitchell,,,Morgz,,Female,1994-10-03,Carlton,Victoria,30,,,,,,177,63,Competed in Olympic Games,Western Athletics,,,
126589,Rachel Tallent,Rachel Tallent,Rachel•Tallent,,,,,Female,1993-02-20,Ballarat,Victoria,30,,,,,,167,54,Competed in Olympic Games,Ballarat YCW Harriers,,,
126590,Selma Kajan,Selma Kajan,Selma•Kajan,,,Selm,,Female,1991-07-30,Paddington,New South Wales,30,,,,,,169,52,Competed in Olympic Games,Randwick Botany HarrIers / Melbourne Track Club,,,
126591,Tanya Holliday,Tanya Holliday,Tanya•Holliday,,,,,Female,1988-09-21,Bedford Park,South Australia,30,,,,,,167,52,Competed in Olympic Games,"Flinders Athletics Club, Bedford Park",,,
126715,Jennifer Wenth,Jennifer Wenth,Jennifer•Wenth,,,"Jenni, Jen",,Female,1991-07-24,Wien (Vienna),Wien,31,,,,,,166,47,Competed in Olympic Games,"SV Schwechat, Schwechat (AUT)",,,
126737,Carmiesha Cox,Carmiesha Cox,Carmiesha•Cox,,,,,Female,1995-05-16,Nassau,New Providence,2,,,,,,168,61,Competed in Olympic Games,"Purdue Boilermakers, West Lafayette, USA",,,
126738,Lanece Clarke,Lanece Clarke,Lanece•Clarke,,,,,Female,1987-11-04,Nassau,New Providence,2,,,,,,170,52,Competed in Olympic Games,"McKendree University, USA",,,
126739,Pedrya Seymour,Pedrya Seymour,Pedrya•Seymour,,,Drya,,Female,1995-05-29,Nassau,New Providence,2,,,,,,165,75,Competed in Olympic Games,"University of Illinois, USA",,,
126740,TyNia Gaither,TyNia Gaither,TyNia•Gaither,,,,,Female,1993-03-16,Freeport,City of Freeport,2,,,,,,158,50,Competed in Olympic Games • Competed in Youth Olympic Games,,,,
126744,Shirin Akter,Shirin Akter,Shirin•Akter,,,,,Female,1994-10-12,Satkhira,Khulna,37,,,,,,159,50,Competed in Olympic Games,Bangladesh Navy,,,
126746,Akela Jones,Akela Jones,Akela•Jones,,,,,Female,1995-04-22,Bridgetown,Saint Michael,47,,,,,,186,77,Competed in Olympic Games • Other,"Kansas State University Wildcats, USA",,,
126747,Kierre Beckles,Kierre Beckles,Kierre•Beckles,,,,,Female,1990-05-21,Bridgetown,Saint Michael,47,,,,,,169,54,Competed in Olympic Games,,,,
126748,Tia-Adana Belle,Tia-Adana Djena Belle,Tia-Adana•Belle,,,"Smurfette, Blue",,Female,1996-06-15,Ellerton,Saint George,47,,,,,,178,59,Competed in Olympic Games,"Saint Augustine's University, Raleigh (USA) / GW Express, Raleigh (USA) / Puma",,,
126751,Axelle Dauwens,Axelle Dauwens,Axelle•Dauwens,,,,,Female,1990-12-01,Knokke,West-Vlaanderen,34,,,,,,171,62,Competed in Olympic Games,AC Meetjesland,,,
126752,Cynthia Bolingo,Cynthia Maduengele Bolingo Mbongo,Cynthia•Bolingo,,,,,Female,1993-01-12,Uccle,Région de Bruxelles-Capitale,34,,,,,,165,53,Competed in Olympic Games • Non-starter,Cercle Athletique du Brabant Wallon,,,
126753,Els Rens,Els Rens,Els•Rens,,,,,Female,1983-02-19,Houtvenne,Antwerpen,34,,,,,,160,51,Competed in Olympic Games,AC Lyra,,,
126754,Louise Carton,Louise Carton,Louise•Carton,,,,,Female,1994-04-16,Oostende (Ostend),West-Vlaanderen,34,,,,,,172,57,Competed in Olympic Games,AC Meetjesland,,,
126755,Manuela Soccol,Manuela Soccol,Manuela•Soccol,,,,,Female,1988-06-16,Genk,Limburg,34,,,,,,157,42,Competed in Olympic Games,Atletiekclub De Demer,,,
126756,Nafi Thiam,"Nafissatou ""Nafi"" Thiam",Nafi•Thiam,,,,,Female,1994-08-19,Bruxelles (Brussels),Région de Bruxelles-Capitale,34,,,,,,184,69,Competed in Olympic Games • Other,Royal Football Club Liege Athletisme [RFCL] (BEL),,,
126757,Renée Eykens,Renée Eykens,Renée•Eykens,,,,,Female,1996-06-08,Brasschaat,Antwerpen,34,,,,,,170,54,Competed in Olympic Games,AC Kapellen,,,
126772,Noélie Yarigo,Noélie Yarigo,Noélie•Yarigo,,,"The Gazelle of Materi, The Cheetah, The Warrior",,Female,1985-12-26,Matéri,Atakora,35,,,,,,168,56,Competed in Olympic Games,"ECCAS / Running 41, Blois (FRA)",,,
126782,Katy Sealy,Katy Louise Sealy,Katy•Sealy,,,,,Female,1990-10-15,Portsmouth,England,98,,,,,,172,61,Competed in Olympic Games,"Ipswich Harriers Athletics Club, GBR",,,
126783,Alena Abramchuk,Alena Vasilieuna Abramchuk (Kapets-),Alena•Abramchuk,Алена Васільеўна•Абрамчук (Капец-),"Yelena Vasilyevna Abramchuk (Kopets-), Елена Васильевна Абрамчук (Копец-)",Lena,,Female,1988-02-14,Davyd-Haradok,Brest,42,,,,,,182,95,Competed in Olympic Games,Dinamo Brestskaya,,,
126784,Alena Navahrodskaya-Sobaleva,Alena Aliaksandrauna Navahrodskaya-Sobaleva,Alena•Navahrodskaya-Sobaleva,Алена Аляксандраўна•Навагродская-Собалева,"Yelena Aleksandrovna Novogrodskaya-Soboleva, Елена Александровна Новогродская-Соболева",,,Female,1993-05-11,Lososna,Hrodna,42,,,,,,178,87,Competed in Olympic Games • Competed in Youth Olympic Games,Grodno Region,,,
126785,Alena Dubitskaya,Alena Viktarauna Dubitskaya (Hryshko-),Alena•Dubitskaya,Алена Віктараўна•Дубіцкая (Грышко-),"Alyona Viktorovna Dubitskaya (Grishko-), Алёна Викторовна Дубицкая (Гришко-)",,,Female,1990-01-25,Bastuny,Hrodna,42,,,,,,180,76,Competed in Olympic Games,Grodno Region (BLR) / Dynamo (BLR),,,
126786,Anastasiya Puzakova,Anastasiya Siarheyeuna Puzakova,Anastasiya•Puzakova,Анастасія Сяргееўна•Пузакова,"Anastasiya Sergeyevna Puzakova, Анастасия Сергеевна Пузакова",,,Female,1993-12-12,Asipovichy,Mahilyow,42,,,,,,161,45,Competed in Olympic Games • Competed in Youth Olympic Games,,,,
126787,Hanna Malyshchyk,Hanna Aliaksandrauna Malyshchyk (Zinchuk-),Hanna•Malyshchyk,Ганна Аляксандраўна•Малышчык (Зінчук-),"Anna Aleksandrovna Malyshchik (Zinchuk-), Анна Александровна Малыщик (Зинчук-)",Anya,,Female,1994-02-04,Drahichyn,Brest,42,,,,,,175,90,Competed in Olympic Games,"Dynamo, Brest (BLR)",,,
126788,Iryna Vaskouskaya,Iryna Leanidauna Vaskouskaya,Iryna•Vaskouskaya,Ірына Леанідаўна•Васькоўская,"Irina Leonidovna Vaskovskaya, Ирина Леонидовна Васьковская",,,Female,1991-04-02,Barysaw,Minsk Voblast,42,,,,,,179,65,Competed in Olympic Games,Minsk Region,,,
126789,Iryna Yakaltsevich-Zhuk,Iryna Henadzeuna Yakaltsevich-Zhuk,Iryna•Yakaltsevich-Zhuk,Ірына Генадзеўна•Якалцэвіч-Жук,"Irina Gennadyevna Yakoltsevich-Zhuk, Ирина Геннадьевна Яколцевич-Жук",,,Female,1993-01-26,Hrodna,Hrodna,42,,,,,,166,60,Competed in Olympic Games • Competed in Youth Olympic Games,Grodno Region,,,
126790,Katsiaryna Belanovich,Katsiaryna Uladzimirauna Belanovich (Artsiukh-),Katsiaryna•Belanovich,Кацярына Уладзіміраўна•Белановіч (Арцюх-),"Yekaterina Vladimirovna Belanovich (Artyukh-), Екатерина Владимировна Беланович (Артюх-)",Katya,,Female,1991-10-14,Baranovichi,Brest,42,,,,,,173,64,Competed in Olympic Games,Dinamo Brestskaya,,,
126791,Maryna Damantsevich,Maryna Frantsauna Damantsevich,Maryna•Damantsevich,Марына Францаўна•Даманцэвіч,"Marina Frantsevna Domantsevich, Марина Францевна Доманцевич",,,Female,1984-02-10,Dzerawnaya,Minsk Voblast,42,,,,,,162,51,Competed in Olympic Games,,,,
126792,Natallia Viatkina,Natallia Aliaksandrauna Viatkina,Natallia•Viatkina,Наталля Аляксандраўна•Вяткіна,"Nataliya Aleksandrovna Vyatkina, Наталья Александровна Вяткина",,,Female,1987-02-10,Gorki-10,Moskva Oblast,219,,,,,,176,58,Competed in Olympic Games,Minsk,,,
126793,Tatsiana Khaladovich,Tatsiana Uladzimirauna Khaladovich,Tatsiana•Khaladovich,Тацяна Уладзіміраўна•Халадовіч,"Tatyana Vladimirovna Kholodovich, Татьяна Владимировна Холодович","Katyusha, Tanya",,Female,1991-06-21,Pinsk,Brest,42,,,,,,181,83,Competed in Olympic Games,Dynamo (BLR),,,
126794,Tatsiana Korzh,Tatsiana Aliaksandrauna Korzh (-Boreysha),Tatsiana•Korzh,Тацяна Аляксандраўна•Корж (-Бореыша),"Tatyana Aleksandrovna Korzh (-Boreysha), Татьяна Александровна Корж (-Борейша)",,,Female,1993-03-17,Starobin,Minsk Voblast,42,,,,,,175,75,Competed in Olympic Games,Minsk,,,
126795,Volha Mazuronak,Volha Siarheyeuna Mazuronak (Malevich-),Volha•Mazuronak,Вольга Сяргееўна•Мазуронак (Малевіч-),"Olga Sergeyevna Mazuryonok (Malevich-), Ольга Сергеевна Мазурёнок (Малевич-)",Olya,,Female,1989-04-14,Quaraghandy,Quaraghandy,137,,,,,,165,49,Competed in Olympic Games,Minsk Region,,,
126796,Yuliya Karol,Yuliya Uladzimirauna Karol,Yuliya•Karol,Юлія Уладзіміраўна•Кароль,"Yuliya Vladimirovna Korol, Юлия Владимировна Король",,,Female,1991-06-26,Slonim,Hrodna,42,,,,,,162,57,Competed in Olympic Games,Grodno,,,
126797,Yuliya Leantsiuk,Yuliya Siarheyeuna Leantsiuk,Yuliya•Leantsiuk,Юлія Сяргееўна•Леанцюк,"Yuliya Sergeyevna Leontyuk, Юлия Сергеевна Леонтюк",,,Female,1984-01-31,Pinsk,Brest,42,,,,,,180,80,Competed in Olympic Games,Brest,,,
126821,Ángela Castro,Ángela Melania Castro Chirivechz,Ángela•Castro,,,Anghy,,Female,1993-02-21,La Paz,La Paz,45,,,,,,160,54,Competed in Olympic Games • Other,La Paz,,,
126822,Rosmery Quispe,Rosmery Quispe Guarachi,Rosmery•Quispe,,,,,Female,1983-08-20,La Paz,La Paz,45,,,,,,159,50,Competed in Olympic Games,Club Spikes Entel,,,
126823,Stefany Coronado,Stefany Mildred Coronado Gemio,Stefany•Coronado,,,,,Female,1996-09-16,La Paz,La Paz,45,,,,,,173,54,Competed in Olympic Games,La Paz,,,
126824,Wendy Cornejo,Wendy Gabriela Cornejo Aliaga,Wendy•Cornejo,,,,,Female,1993-01-07,La Paz,La Paz,45,,,,,,162,54,Competed in Olympic Games,La Paz,,,
126826,Christine Botlogetswe,Christine Ayanda Botlogetswe,Christine•Botlogetswe,,,"Size 10, Big Size",,Female,1995-10-01,Rakops,Central,50,,,,,,170,65,Competed in Olympic Games,,,,
126827,Lydia Jele,Lydia Casey Jele (Mashila-),Lydia•Jele,,,,,Female,1990-06-22,Gaborone,Gaborone,50,,,,,,172,54,Competed in Olympic Games,,,,
126832,Bruna Farias,Bruna Jéssica Oliveira Farias,Bruna•Farias,,,,,Female,1992-05-19,Maceió,Alagoas,46,,,,,,156,51,Competed in Olympic Games,Pinheiros,,,
126833,Cisiane Dutra Lopes,Cisiane Dutra Lopes,Cisiane•Dutra Lopes,,,,,Female,1983-02-17,Jaboatão dos Guararapes,Pernambuco,46,,,,,,159,49,Competed in Olympic Games,"Santos Dumont, PE",,,
126834,Eliane Martins,Eliane Martins,Eliane•Martins,,,Lia,,Female,1986-05-26,Joinville,Santa Catarina,46,,,,,,160,49,Competed in Olympic Games,"EC Pinheiros, São Paulo (BRA)",,,
126835,Érica Sena,Érica Rocha de Sena,Érica•Sena,,,,,Female,1985-05-03,Camaragibe,Pernambuco,46,,,,,,168,55,Competed in Olympic Games,Orcampi Unimed,,,
126836,Fabiana Morães,Fabiana dos Santos Morães,Fabiana•Morães,,,Faby,,Female,1986-06-05,Rio de Janeiro,Rio de Janeiro,46,,,,,,170,55,Competed in Olympic Games,Pinheiros,,,
126837,Fernanda Borges,Fernanda Raquel Borges Martins,Fernanda•Borges,,,,,Female,1988-07-26,Santa Cruz do Sul,Rio Grande do Sul,46,,,,,,175,85,Competed in Olympic Games,BM&F Bovespa,,,
126838,Flávia de Lima,Flávia Maria de Lima,Flávia•de Lima,,,,,Female,1993-07-01,Rio Negro,Paraná,46,,,,,,176,65,Competed in Olympic Games,ASA-São Bernardo Caixa,,,
126839,Graciete Santana,Graciete Moreira Carneiro Santana,Graciete•Santana,,,,,Female,1980-10-12,Serra Preta,Bahia,46,,2021-09-16,,,,155,43,Competed in Olympic Games,Cruzeiro Caixa,,,
126840,Joana Costa,Joana Ribeiro Costa,Joana•Costa,,,,,Female,1981-05-15,São Paulo,São Paulo,46,,,,,,173,60,Competed in Olympic Games,Pinheiros,,,
126841,Juliana Santos,Juliana Paula Gomes dos Santos (de Azevedo-),Juliana•Santos,,,,,Female,1983-07-12,Cubatão,São Paulo,46,,,,,,165,50,Competed in Olympic Games,BM&F Bovespa,,,
126842,Kauiza Venâncio,Kauiza Moreira Venâncio,Kauiza•Venâncio,,,,,Female,1987-06-11,Curitiba,Paraná,46,,,,,,164,58,Competed in Olympic Games,Pinheiros,,,
126843,Leticia Cherpe,Leticia Cherpe de Souza,Leticia•Cherpe,,,Leti,,Female,1996-05-06,São Paulo,São Paulo,46,,,,,,165,49,Competed in Olympic Games,BM&F Bovespa,,,
126844,Núbia Soares,Núbia Aparecida Soares,Núbia•Soares,,,,,Female,1996-03-26,Lagoa da Prata,Minas Gerais,46,,,,,,176,52,Competed in Olympic Games,BM&F Bovespa,,,
126845,Tatiele de Carvalho,Tatiele Roberta de Carvalho,Tatiele•de Carvalho,,,,,Female,1989-11-22,Poços de Caldas,Minas Gerais,46,,,,,,156,50,Competed in Olympic Games,Orcampi Unimed,,,
126846,Vanessa Chefer,Vanessa Chefer Spínola,Vanessa•Chefer,,,,,Female,1990-03-05,São Paulo,São Paulo,46,,,,,,178,68,Competed in Olympic Games,"EC Pinheiros, São Paulo (BRA)",,,
126847,Vitória Rosa,Vitória Cristina Silva Rosa,Vitória•Rosa,,,Barbie Negra,,Female,1996-01-12,Rio de Janeiro,Rio de Janeiro,46,,,,,,170,60,Competed in Olympic Games,EMFCA,,,
126956,Edidiong Odiong,Edidiong Ofonime Odiong,Edidiong•Odiong,إديديونغ أوفينيم•أوديونغ,,,,Female,1997-03-13,?,,191,,,,,,167,58,Competed in Olympic Games,,,,
126957,Eunice Kirwa,Eunice Jepkirui Kirwa,Eunice•Kirwa,يونيس جيبكيروي•كيروا,,,,Female,1984-05-20,?,,138,,,,,,155,49,Competed in Olympic Games,,,,
126958,Hajar Al-Khaldi,Hajar Saeed Saad Sowaid Al-Khaldi,Hajar•Al-Khaldi,هاجر•الخالدي,,,,Female,1995-03-17,,,,,,,,,160,45,Competed in Olympic Games,,,,
126959,Iman Essa,Iman Essa Jasim,Iman•Essa,إيمان•عيسى جاسم,Endurance Essien Udoh,,,Female,1997-07-09,?,,191,,,,,,,,Competed in Olympic Games,,,,
126960,Kemi Adekoya,"Oluwakemi Mujidat ""Kemi"" Adekoya",Kemi•Adekoya,أولوواكيمي•أديكويا,,,,Female,1993-01-16,Lagos,Lagos,191,,,,,,166,63,Competed in Olympic Games,,,,
126961,Rose Chelimo,Rose Chelimo,Rose•Chelimo,روز•تشيلمو,,,,Female,1989-07-12,?,,138,,,,,,153,43,Competed in Olympic Games,,,,
126962,Ruth Jebet,Ruth Jebet,Ruth•Jebet,روث•جيبيت,,,,Female,1996-11-17,Kosirai,Nandi,138,,,,,,162,51,Competed in Olympic Games,,,,
126963,Salwa Eid Naser,Salwa Eid Naser,Salwa•Eid Naser,سلوى•عيد ناصر,Ebelechukwu Agbapuonwu,,,Female,1998-05-23,?,,191,,,,,,168,54,Competed in Olympic Games • Competed in Youth Olympic Games,,,,
126964,Tigist Gashaw,Tigist Gashaw Belay,Tigist•Gashaw,تيغيست•غاشو,,,,Female,1996-12-25,?,,89,,,,,,,,Competed in Olympic Games,,,,
126965,Tigest Getent,Tigest Getent Mekonen,Tigest•Getent,تيجيست•جيتينت,,,,Female,1997-07-07,Dembecha,Amhara,89,,,,,,171,70,Competed in Olympic Games,,,,
126967,Maizurah Abdul,Maizurah Abdul Rahim,Maizurah•Abdul,,,,,Female,1999-04-15,?,,48,,,,,,147,50,Competed in Olympic Games • Other,Skim KB,,,
126968,Gabriela Petrova,Gabriela Petrova,Gabriela•Petrova,Габриела•Петрова,,"Dji Dji, Gabby",,Female,1992-06-29,Haskovo,Haskovo,38,,,,,,167,58,Competed in Olympic Games,SKLA Lokomotiv Plovdiv,,,
126969,Militsa Mircheva,Militsa Mircheva,Militsa•Mircheva,Милица•Мирчева,,,,Female,1994-05-24,Dobrich,Dobrich,38,,,,,,165,50,Competed in Olympic Games,Atlet Mezdra,,,
126970,Mirela Demireva,Mirela Krasimirova Demireva,Mirela•Demireva,Мирела Красимирова•Демирева,,,,Female,1989-09-28,Sofia,Sofia Grad,38,,,,,,180,58,Competed in Olympic Games,"ARV Ilion, Zoetermeer, NED",,,
126982,Nary Ly,Nary Ly,Nary•Ly,,,,,Female,1972-06-06,Phnom Penh,Phnom Penh,140,,,,,,160,55,Competed in Olympic Games,,,,
126986,Alicia Brown,Alicia Brown,Alicia•Brown,,,,,Female,1990-01-21,Ottawa,Ontario,52,,,,,,165,57,Competed in Olympic Games,"Varsity Blues, Toronto (CAN)",,,
126987,Alysha Newman,Alysha Eveline Newman,Alysha•Newman,,,,,Female,1994-06-29,London,Ontario,52,,,,,,175,63,Competed in Olympic Games,University of Miami,,,
126988,Alyxandria Treasure,Alyxandria Treasure,Alyxandria•Treasure,,,Alyx,,Female,1992-05-15,Prince George,British Columbia,52,,,,,,155,68,Competed in Olympic Games,Kansas State University,,,
126989,Andrea Seccafien,Andrea Seccafien,Andrea•Seccafien,,,,,Female,1990-08-27,Guelph,Ontario,52,,,,,,152,69,Competed in Olympic Games,"Guelph Gryphons, Guelph (CAN)",,,
126990,Anicka Newell,Anicka Newell,Anicka•Newell,,,,,Female,1993-08-05,Denton,Texas,268,,,,,,175,64,Competed in Olympic Games,Texas State University,,,
126991,Brittany Crew,Brittany Ann Nicole Crew,Brittany•Crew,,,The Tank,,Female,1994-03-06,Toronto,Ontario,52,,,,,,178,112,Competed in Olympic Games,"York Lions, Toronto (CAN)",,,
126992,Chanice Chase-Taylor,Chanice Chase-Taylor,Chanice•Chase-Taylor,,,CC,,Female,1993-08-06,Toronto,Ontario,52,,,,,,173,61,Competed in Olympic Games,Louisiana State University,,,
126993,Christabel Nettey,Christabel Saak Nettey,Christabel•Nettey,,,,,Female,1991-06-02,Brampton,Ontario,52,,,,,,162,57,Competed in Olympic Games,"Arizona State Sun Devils, Phoenix (USA)",,,
126994,Farah Jacques,Farah Jacques,Farah•Jacques,,,,,Female,1990-02-08,Montréal,Québec,52,,,,,,174,59,Competed in Olympic Games,Université du Québec en Outaouais,,,
126995,Gabriela DeBues-Stafford,Gabriela Maria DeBues-Stafford,Gabriela•DeBues-Stafford,,,G,,Female,1995-09-13,London,Ontario,52,,,,,,165,53,Competed in Olympic Games,"Varsity Blues, Toronto (CAN)",,,
126996,Geneviève Lalonde,Geneviève Lyn Lalonde,Geneviève•Lalonde,,,Gen,,Female,1991-09-05,Victoria,British Columbia,52,,,,,,170,58,Competed in Olympic Games,"Guelph Gryphons, Guelph (CAN)",,,
126997,Kelsie Ahbe,Kelsie Elizabet Ahbe,Kelsie•Ahbe,,,,,Female,1991-07-06,Akron,Ohio,268,,,,,,170,63,Competed in Olympic Games,Indiana University,,,
126998,Kendra Clarke,Kendra Clarke,Kendra•Clarke,,,"KC, Kenji, Bubbles",,Female,1996-11-16,Edmonton,Alberta,52,,,,,,167,56,Competed in Olympic Games,Johnson C. Smith University,,,
126999,Khamica Bingham,Khamica Bingham,Khamica•Bingham,,,"Meeks, Mica",,Female,1994-06-15,North York,"Toronto, Ontario",52,,,,,,160,61,Competed in Olympic Games,"York Lions, Toronto (CAN)",,,
127000,Krista DuChene,Krista DuChene,Krista•DuChene,,,Marathon Mom,,Female,1977-01-09,Strathroy,Ontario,52,,,,,,167,54,Competed in Olympic Games,,,,
127001,Lanni Marchant,Lanni Marchant,Lanni•Marchant,,,,,Female,1984-04-11,London,Ontario,52,,,,,,155,48,Competed in Olympic Games,London Western Track and Field Club,,,
127002,Maria Bernard,Maria Bernard (-Galea),Maria•Bernard,,,Mea,,Female,1993-04-06,Calgary,Alberta,52,,,,,,165,53,Competed in Olympic Games,University of Calgary Athletics Club,,,
127003,Natasha Wodak,Natasha Michelle Wodak (-Fraser-),Natasha•Wodak,,,Tash,,Female,1981-12-17,Surrey,British Columbia,52,,,,,,160,47,Competed in Olympic Games,"BC Endurance Project, Vancouver (CAN)",,,
127004,Noelle Montcalm,Noelle Montcalm,Noelle•Montcalm,,,"Nono, Ichiro, Nellie",,Female,1988-04-03,Windsor,Ontario,52,,,,,,168,53,Competed in Olympic Games,University of Windsor Athletics Club,,,
127005,Sage Watson,Sage Heather Watson,Sage•Watson,,,,,Female,1994-06-20,Medicine Hat,Alberta,52,,,,,,180,57,Competed in Olympic Games,"Arizona Wildcats, Tucson (USA)",,,
127006,Taryn Suttie,Taryn Suttie,Taryn•Suttie,,,,,Female,1990-12-07,Saskatoon,Saskatchewan,52,,,,,,183,103,Competed in Olympic Games,,,,
127107,Cecilia Bouele,Marcelle Cecilia Bouele Bondo,Cecilia•Bouele,,,,,Female,1993-01-07,Brazzaville,Brazzaville,9,,,,,,166,60,Competed in Olympic Games,,,,
127109,Bibiro Ali Taher,Bibiro Ali Taher,Bibiro•Ali Taher,,,,,Female,1988-04-24,,,,,,,,,160,44,Competed in Olympic Games • Other,,,,
127110,Isidora Jiménez,Isidora Andrea Jiménez Ibacache,Isidora•Jiménez,,,Isi,,Female,1993-08-10,Concepción,Biobío,55,,,,,,170,56,Competed in Olympic Games,,,,
127120,Feng Bin,Feng Bin,Feng•Bin,冯•彬,,,Oriental,Female,1994-04-03,Penglai,Shandong,57,,,,,,184,95,Competed in Olympic Games,Shandong Province / People's Liberation Army,,,
127121,Yue Chao,Yue Chao,Yue•Chao,岳•超,,,Oriental,Female,1991-01-05,Yangzhou,Jiangsu,57,,,,,,165,50,Competed in Olympic Games,Jiangsu Province,,,
127122,Wang Chunyu,Wang Chunyu,Wang•Chunyu,王•春雨,,The Iron Lady,Oriental,Female,1995-01-17,Suzhou,Jiangsu,57,,,,,,175,55,Competed in Olympic Games,Anhui Province,,,
127123,Bian Ka,Bian Ka,Bian•Ka,卞•卡,,,Oriental,Female,1993-01-05,Lianyungang,Jiangsu,57,,,,,,182,115,Competed in Olympic Games,People's Liberation Army,,,
127124,Ge Manqi,Ge Manqi,Ge•Manqi,葛•曼棋,,,Oriental,Female,1997-10-13,Sanming,Fujian,57,,,,,,162,52,Competed in Olympic Games,Fujian Province,,,
127125,Ren Mengqian,Ren Mengqian,Ren•Mengqian,任•梦茜,,,Oriental,Female,1993-10-04,Jinhua,Zhejiang,57,,,,,,175,66,Competed in Olympic Games,Zhejiang Province,,,
127126,Yuan Qiqi,Yuan Qiqi,Yuan•Qiqi,袁•琦琦,,,Oriental,Female,1995-10-26,Zhangjiangang,Hebei,57,,,,,,155,50,Competed in Olympic Games,Jiangsu Province,,,
127127,Hua Shaoqing,Hua Shaoqing,Hua•Shaoqing,华•绍青,,,Oriental,Female,1994-02-12,Handan,Hebei,57,,,,,,165,50,Competed in Olympic Games,Hebei Province,,,
127128,Liu Shiying,Liu Shiying,Liu•Shiying,刘•诗颖,,,Oriental,Female,1993-09-24,Yantai,Shandong,57,,,,,,179,76,Competed in Olympic Games,Shandong Province,,,
127129,Wu Shuijiao,Wu Shuijiao,Wu•Shuijiao,吴•水娇,,,Oriental,Female,1991-06-19,Xinyi,Guangdong,57,,,,,,161,53,Competed in Olympic Games,Guangdong Province,,,
127130,Liu Tingting,Liu Tingting,Liu•Tingting,刘•婷婷,,,Oriental,Female,1990-01-29,,,,,,,,,178,77,Competed in Olympic Games,Liaoning Province,,,
127131,Liang Xiaojing,Liang Xiaojing,Liang•Xiaojing,梁•小静,,,Oriental,Female,1997-04-07,Zhaoqing,Guangdong,57,,,,,,156,48,Competed in Olympic Games • Competed in Youth Olympic Games,Guangdong Province,,,
127132,Su Xinyue,Su Xinyue,Su•Xinyue,苏•欣悦,,,Oriental,Female,1991-11-08,Qinhuangdao,Hebei,57,,,,,,178,94,Competed in Olympic Games,Hebei Province,,,
127133,Zhang Xinyan,Zhang Xinyan,Zhang•Xinyan,张•新艳,,,Oriental,Female,1994-02-09,Dingxi,Gansu,57,,,,,,170,55,Competed in Olympic Games,Gansu Province,,,
127134,Chen Yang,Chen Yang,Chen•Yang,陈•扬,,,Oriental,Female,1991-07-10,?,,57,,,,,,180,97,Competed in Olympic Games,Hebei Province,,,
127287,Marie-Josée Ta Lou,Gonezie Marie-Josée Dominique Ta Lou,Marie-Josée•Ta Lou,,,,,Female,1988-11-18,Bouaflé,Sassandra-Marahoué,58,,,,,,159,50,Competed in Olympic Games • Other,"Stade Francais, Paris, FRA",,,
127292,Auriol Dongmo,Auriol Sally Dongmo Mekemnang,Auriol•Dongmo,,,,,Female,1990-08-03,Ngaoundéré,Adamawa,59,,,,,,183,98,Competed in Olympic Games,"Sporting CP, Lisboa (POR)",,,
127293,Joëlle Mbumi Nkouindjin,Joëlle Sandrine Mbumi Nkouindjin,Joëlle•Mbumi Nkouindjin,,,,,Female,1986-05-25,Yaoundé,Centre,59,,,,,,170,63,Competed in Olympic Games,,,,
127308,Béatrice Alice Kamuchanga,Béatrice Alice Kamuchanga,Béatrice Alice•Kamuchanga,,,,,Female,1997-11-20,,,,,,,,,,,Competed in Olympic Games,,,,
127313,Angie Orjuela,Angie Rocío Orjuela Soche,Angie•Orjuela,,,,,Female,1989-05-09,Bogotá,Bogotá,62,,,,,,158,46,Competed in Olympic Games,Porvenir Bogota,,,
127314,Evelis Aguilar,Evelis Jazmín Aguilar Torres,Evelis•Aguilar,,,,,Female,1993-01-03,Chigorodó,Antioquia,62,,,,,,173,64,Competed in Olympic Games,Bogotá,,,
127315,Evelyn Rivera,Evelyn Rivera Banquett,Evelyn•Rivera,,,,,Female,1997-12-03,Turbo,Antioquia,62,,,,,,157,54,Competed in Olympic Games • Competed in Youth Olympic Games,Antioquia,,,
127316,Kellys Arias,Kellys Yesenia Arias Figueroa,Kellys•Arias,,,,,Female,1989-07-03,Maicao,La Guajira,62,,,,,,150,47,Competed in Olympic Games,Porvenir,,,
127317,Muriel Coneo,Muriel Coneo Paredes,Muriel•Coneo,,,,,Female,1987-03-15,Cartagena de Indias,Bolívar,62,,,,,,160,50,Competed in Olympic Games,Porvenir Medellin,,,
127318,Sandra Galvis,Sandra Viviana Galvis Gómez,Sandra•Galvis,,,,,Female,1986-06-28,Chía,Cundinamarca,62,,,,,,160,46,Competed in Olympic Games,Cund.,,,
127319,Yeseida Carrillo,Yeseida Isaid Carrillo Torres,Yeseida•Carrillo,,,Yessi,,Female,1993-10-22,Chía,Cundinamarca,62,,,,,,168,52,Competed in Olympic Games,Cund.,,,
127320,Yosiry Urrutia,Yosiry Urrutia Chaverra,Yosiry•Urrutia,,,,,Female,1986-06-26,Apartadó,Antioquia,62,,,,,,176,65,Competed in Olympic Games,Antioquia,,,
127350,Denika Kassim,Denika Kassim,Denika•Kassim,دينيكا•قاسم,,,,Female,1997-08-08,Moroni,Grande Comore,63,,,,,,157,45,Competed in Olympic Games,"Dreux Athletic Club Athletisme, FRA",,,
127356,Andrea Ivančević,Andrea Ivančević,Andrea•Ivančević,,,,,Female,1984-08-21,Zagreb,Grad Zagreb,116,,,,,,168,62,Competed in Olympic Games,"AK Zagreb, Zagreb (CRO)",,,
127357,Marija Vrajić,Marija Vrajić (-Trošić),Marija•Vrajić,,,,,Female,1976-09-23,Osijek,Osječko-baranjska županija,116,,,,,,169,51,Competed in Olympic Games,"AK Maksimir, Zagreb (CRO)",,,
127358,Matea Matošević,Matea Matošević Hačić,Matea•Matošević,,,,,Female,1989-03-14,Zagreb,Grad Zagreb,116,,,,,,173,52,Competed in Olympic Games,"AK Agram, Zagreb (CRO)",,,
127359,Sara Kolak,Sara Kolak,Sara•Kolak,,,,,Female,1995-06-22,Ludbreg,Varaždinska županija,116,,,,,,170,74,Competed in Olympic Games,"AK Kvarner, Rijeka (CRO)",,,
127368,Arialis Gandulla,Arialis Josefa Gandulla Martínez,Arialis•Gandulla,,,,,Female,1995-06-22,Cienfuegos,Cienfuegos,67,,,,,,170,75,Competed in Olympic Games,,,,
127369,Gilda Casanova,Gilda Isabelis Casanova Aguilera,Gilda•Casanova,,,,,Female,1995-12-19,Nueva Gerona,Isla de la Juventud,67,,,,,,165,54,Competed in Olympic Games,,,,
127370,Liadagmis Povea,Liadagmis Povea Rodríguez,Liadagmis•Povea,,,,,Female,1996-02-06,San Juan y Martínez,Pinar del Río,67,,,,,,166,52,Competed in Olympic Games,Pinar del Rio,,,
127371,Lisneidy Veitía,Lisneidy Inés Veitía Córdova,Lisneidy•Veitía,,,,,Female,1994-04-29,,,,,,,,,168,58,Competed in Olympic Games • Competed in Youth Olympic Games,,,,
127372,Roxana Gómez,Roxana Gómez Calderón,Roxana•Gómez,,,,,Female,1999-01-07,Cienfuegos,Cienfuegos,67,,,,,,169,49,Competed in Olympic Games,,,,
127373,Sahily Diago,Sahily Diago Mesa,Sahily•Diago,,,,,Female,1995-08-26,Carlos Rojas,Matanzas,67,,,,,,169,49,Competed in Olympic Games,,,,
127374,Saily Viart,Saily Viart Despaigne,Saily•Viart,,,,,Female,1995-09-10,Ciego de Ávila,Ciego de Ávila,67,,,,,,170,94,Competed in Olympic Games,,,,
127375,Yaniuvis López,Yaniuvis López Sago,Yaniuvis•López,,,,,Female,1986-02-01,Santiago de Cuba,Santiago de Cuba,67,,,,,,180,71,Competed in Olympic Games,,,,
127376,Yirisleydi Ford,Yirisleydi Lisbet Ford Carnonell,Yirisleydi•Ford,,,,,Female,1991-08-18,Sancti Spíritus,Sancti Spíritus,67,,,,,,168,66,Competed in Olympic Games,,,,
127377,Yorgelis Rodríguez,Yorgelis Rodríguez García,Yorgelis•Rodríguez,,,,,Female,1995-01-25,Guantánamo,Guantánamo,67,,,,,,173,62,Competed in Olympic Games,,,,
127378,Yulenmis Aguilar,Yulenmis Aguilar Martínez,Yulenmis•Aguilar,,,,,Female,1996-08-03,Guisa,Granma,67,,,,,,165,66,Competed in Olympic Games,,,,
127379,Zurian Hechavarría,Zurian Hechavarría Martén,Zurian•Hechavarría,,,,,Female,1995-08-10,Santiago de Cuba,Santiago de Cuba,67,,,,,,164,58,Competed in Olympic Games,,,,
127389,Ramona Papaioannou,Anna Ramona Papaioannou,Ramona•Papaioannou,Άννα Ραμώνα•Παπαϊωάννου,,,,Female,1989-06-15,Horlargos,Attiki,106,,,,,,172,60,Competed in Olympic Games,"AEK Athens, GRE",,,
127390,Leontia Kallenou,Leontia Kallenou,Leontia•Kallenou,Λεοντία•Καλλένου,,,,Female,1994-10-05,Dali,Lefkosia,70,,,,,,180,64,Competed in Olympic Games • Competed in Youth Olympic Games • Other,"University of Georgia Bulldogs, USA",,,
127393,Anežka Drahotová,Anežka Drahotová,Anežka•Drahotová,,,,,Female,1995-07-22,Rumburk,Ústecký kraj,71,,,,,,180,57,Competed in Olympic Games,"USK Praha, Praha (CZE)",,,
127394,Kateřina Cachová,Kateřina Cachová,Kateřina•Cachová,,,Katchule,,Female,1990-02-26,Ostrava,Moravskoslezský kraj,71,,,,,,171,63,Competed in Olympic Games,Univerzitní sportovní klub Praha,,,
127395,Michaela Hrubá,Michaela Hrubá,Michaela•Hrubá,,,,,Female,1998-02-21,Bořitov,Moravskoslezský kraj,71,,,,,,188,75,Competed in Olympic Games • Competed in Youth Olympic Games,JAC Brno,,,
127396,Romana Maláčová,Romana Maláčová,Romana•Maláčová,,,,,Female,1987-05-15,Brno,Jihomoravský kraj,71,,,,,,164,56,Competed in Olympic Games,"USK Praha, Praha (CZE)",,,
127408,Anne Baumeister,Anne Sofie Holm Baumeister (Jørgensen-),Anne•Baumeister,,,,,Female,1987-12-29,Rønne,"Bornholm, Hovedstaden",75,,,,,,168,54,Competed in Olympic Games,Idrætsklubben Viking Rønne,,,
127409,Anna-Emilie Møller,Anna-Emilie Møller,Anna-Emilie•Møller,,,,,Female,1997-07-28,København (Copenhagen),Hovedstaden,75,,,,,,166,52,Competed in Olympic Games,Blovstrød Løverne,,,
127410,Stina Troest,Stina Troest,Stina•Troest,,,,,Female,1994-01-17,København (Copenhagen),Hovedstaden,75,,,,,,170,59,Competed in Olympic Games • Competed in Youth Olympic Games,Amager AC,,,
127432,Kadra Mohamed,Kadra Mohamed Dembil,Kadra•Mohamed,كادرا•محمد ديمبيل,,,,Female,1997-04-22,Ali Sabieh,Ali Sabieh,73,,,,,,155,55,Competed in Olympic Games • Competed in Youth Olympic Games,"Republican Guard, Djibouti (DJI)",,,
127433,Thea LaFond,Thea Noeliva LaFond,Thea•LaFond,,,,,Female,1994-04-05,Roseau,Saint George,74,,,,,,173,65,Competed in Olympic Games • Other,,,,
127435,Ana José,Ana Lucía José Tima,Ana•José,,,,,Female,1989-10-10,La Romana,La Romana,76,,,,,,168,56,Competed in Olympic Games,Ejercito,,,
127438,Ángela Tenorio,Ángela Gabriela Tenorio Micolta,Ángela•Tenorio,,,La Gacela,,Female,1996-01-27,Nueva Loja,Sucumbíos,83,,,,,,166,55,Competed in Olympic Games,,,,
127439,Magaly Bonilla,Magaly Beatriz Bonilla Solís,Magaly•Bonilla,,,,,Female,1992-02-08,Ambato,Tungurahua,83,,,,,,152,54,Competed in Olympic Games,,,,
127440,María Elena Calle,María Elena Calle Galarza,María Elena•Calle,,,,,Female,1975-07-25,Cuenca,Azuay,83,,,,,,162,54,Competed in Olympic Games,,,,
127441,Maritza Guamán,Maritza Jeaneth Guamán Maza,Maritza•Guamán,,,,,Female,1988-01-15,Loja,Loja,83,,,,,,155,47,Competed in Olympic Games,,,,
127442,Marizol Landázuri,Narcisa Marizol Landázuri Benítez,Marizol•Landázuri,,,La Pantera,,Female,1991-06-13,Esmeraldas,Esmeraldas,83,,,,,,165,52,Competed in Olympic Games,Guayas,,,
127443,Silvia Paredes,Silvia Alexandra Paredes Yucailla,Silvia•Paredes,,,Alexa,,Female,1983-01-23,Pelileo,Tungurahua,83,,,,,,164,57,Competed in Olympic Games,,,,
127447,Fatma El-Sharnouby,Fatma Nagib El-Sharnouby,Fatma•El-Sharnouby,فاطمة نجيب•الشرنوبي,,,,Female,1997-11-18,,,,,,,,,,,Competed in Olympic Games • Competed in Youth Olympic Games,,,,
127476,Yesenia Miranda,Yesenia Ivania Miranda,Yesenia•Miranda,,,,,Female,1994-03-26,San Salvador,San Salvador,228,,,,,,159,49,Competed in Olympic Games,,,,
127480,María Azucena Díaz,María Azucena Díaz Calvo,María Azucena•Díaz,,,,,Female,1982-12-19,Madrid,Madrid,87,,,,,,163,55,Competed in Olympic Games,Club Bilbao Atletismo Santutxu,,,
127481,Caridad Jerez,Caridad Jerez Castellanos,Caridad•Jerez,,,Cari,,Female,1991-01-23,Palma de Mallorca,Islas Baleares,87,,,,,,170,58,Competed in Olympic Games,FC Barcelona,,,
127482,Estela García,Estela de Covadonga García Villalta,Estela•García,,,,,Female,1989-03-20,Villanueva y Geltrú,Barcelona,87,,,,,,170,56,Competed in Olympic Games,Valencia CA,,,
127483,Esther Guerrero,Esther Guerrero Puigdevall,Esther•Guerrero,,,,,Female,1990-02-07,Banyoles,Gerona,87,,,,,,168,60,Competed in Olympic Games,New Balance Team,,,
127484,Estela Navascués,Estela Navascués Parra,Estela•Navascués,,,,,Female,1981-02-03,Tudela,Navarra,87,,,,,,163,50,Competed in Olympic Games,New Balance Team,,,
127485,Juliet Itoya,Juliet Itoya Ebhomhenye,Juliet•Itoya,,,,,Female,1986-08-17,Benin City,Edo,191,,,,,,169,58,Competed in Olympic Games,AD Marathon,,,
127486,Julia Takács,Julia Takács Nyerges,Julia•Takács,,,July,,Female,1989-06-29,Budapest,Budapest,118,,,,,,171,53,Competed in Olympic Games,Playas de Castellon,,,
127487,María del Mar Jover,María del Mar Jover Pérez,María del Mar•Jover,,,Marieta,,Female,1988-04-21,Alicante,Alicante,87,,,,,,167,61,Competed in Olympic Games,Valencia CA,,,
127488,Raquel González,Raquel González Campos,Raquel•González,,,,,Female,1989-11-16,Mataró,Barcelona,87,,,,,,168,58,Competed in Olympic Games,FC Barcelona,,,
127489,Sabina Asenjo,Sabina Asenjo Álvarez,Sabina•Asenjo,,,,,Female,1986-08-03,Ponferrada,León,87,,,,,,178,90,Competed in Olympic Games,FC Barcelona,,,
127490,Trihas Gebre,Trihas Gebre Aunoon,Trihas•Gebre,,,,,Female,1990-04-29,Wukro,Tigray,89,,,,,,162,49,Competed in Olympic Games,Club Bilbao Atletismo Santutxu,,,
127557,Leila Luik,Leila Luik,Leila•Luik,,,,,Female,1985-10-14,Tartu,Tartumaa,88,,,,,,165,48,Competed in Olympic Games,"TÜ ASK, Tartu (EST)",,,
127558,Liina Laasma,Liina Laasma,Liina•Laasma,,,,,Female,1992-01-13,Tõstamaa,Pärnumaa,88,,,,,,174,67,Competed in Olympic Games,SK Saarde,,,
127559,Liina Luik,Liina Luik,Liina•Luik,,,,,Female,1985-10-14,Tartu,Tartumaa,88,,,,,,164,48,Competed in Olympic Games,"TÜ ASK, Tartu (EST)",,,
127560,Lily Luik,Lily Luik,Lily•Luik,,,,,Female,1985-10-14,Tartu,Tartumaa,88,,,,,,163,48,Competed in Olympic Games,"TÜ ASK, Tartu (EST)",,,
127570,Ababel Yeshaneh,Ababel Yeshaneh Birhane,Ababel•Yeshaneh,,,,,Female,1991-07-22,,,,,,,,,165,54,Competed in Olympic Games,Hussein Shibo,,,
127571,Almaz Ayana,Almaz Ayana Eba,Almaz•Ayana,,,,,Female,1991-11-21,?,Benishangul-Gumuz,89,,,,,,166,47,Competed in Olympic Games • Other,,,,
127572,Askale Tiksa,Askale Tiksa Benti,Askale•Tiksa,,,,,Female,1994-04-24,,,,,,,,,165,52,Competed in Olympic Games,,,,
127573,Besu Sado,Besu Sado Beko,Besu•Sado,,,,,Female,1996-01-12,,,,,,,,,172,56,Competed in Olympic Games,,,,
127574,Dawit Seyaum,Dawit Seyaum Biratu,Dawit•Seyaum,,,,,Female,1996-07-27,Fiche,Oromiya,89,,,,,,161,49,Competed in Olympic Games,,,,
127575,Gudaf Tsegay,Gudaf Tsegay Desta,Gudaf•Tsegay,,,,,Female,1997-06-23,,,,,,,,,163,50,Competed in Olympic Games,,,,
127576,Habitam Alemu,Habitam Alemu Bayih,Habitam•Alemu,,,,,Female,1997-07-09,?,,89,,,,,,171,52,Competed in Olympic Games,,,,
127577,Senbere Teferi,Senbere Teferi Sora,Senbere•Teferi,,,,,Female,1995-05-03,,,,,,,,,168,52,Competed in Olympic Games,,,,
127578,Tigst Assefa,Tigst Assefa Tessema,Tigst•Assefa,,,,,Female,1994-03-28,Addis Ababa,Addis Ababa,89,,,,,,168,53,Competed in Olympic Games,,,,
127579,Tigist Tufa,Tigist Tufa,Tigist•Tufa,,,,,Female,1987-01-26,,,,,,,,,,,Competed in Olympic Games,,,,
127580,Tirfi Tsegaye,Tirfi Tsegaye Beyene,Tirfi•Tsegaye,,,,,Female,1984-11-25,Bekoji,Oromiya,89,,,,,,162,52,Competed in Olympic Games,,,,
127581,Yehualeye Beletew,Yehualeye Beletew Mitiku,Yehualeye•Beletew,,,,,Female,1998-07-31,,,,,,,,,165,52,Competed in Olympic Games,,,,
127583,Sisilia Seavula,Sisilia Anisa Levu Seavula,Sisilia•Seavula,,,Titi,,Female,1995-11-15,Suva,Rewa,93,,,,,,,,Competed in Olympic Games,"Southwestern Spartans [Sylva, NC, USA]",,,
127598,Anne-Mari Hyryläinen,Anne-Mari Hyryläinen (Koskinen-),Anne-Mari•Hyryläinen,,,,,Female,1978-08-15,Tampere,Pirkanmaa,92,,,,,,168,50,Competed in Olympic Games,Helsingin Jyry,,,
127599,Kristiina Mäkelä,Meri Kristiina Mäkelä,Kristiina•Mäkelä,,,,,Female,1992-11-20,Orimattila,Päijät-Häme,92,,,,,,185,68,Competed in Olympic Games,Orimattilan Jymy,,,
127600,Linda Sandblom,Linda Maria Sandblom,Linda•Sandblom,,,,,Female,1989-10-18,Tammisaari,"Raasepori, Uusimaa",92,,,,,,176,62,Competed in Olympic Games,"HIK Friidrott, Hanko",,,
127601,Nooralotta Neziri,Nooralotta Maria Neziri,Nooralotta•Neziri,,,NoLo,,Female,1992-11-09,Turku,Varsinais-Suomi,92,,,,,,173,63,Competed in Olympic Games,Turun Urheiluliitto,,,
127602,Wilma Murto,Wilma Anna Helena Murto,Wilma•Murto,,,,,Female,1998-06-11,Kuusjoki,"Salo, Varsinais-Suomi",92,,,,,,181,68,Competed in Olympic Games,Salon Vilpas,,,
127615,Alexandra Tavernier,Alexandra Tavernier,Alexandra•Tavernier,,,,,Female,1993-12-13,Annecy,Haute-Savoie,94,,,,,,170,82,Competed in Olympic Games,Annecy Haute-Savoie Athlétisme,,,
127616,Brigitte Ntiamoah,Brigitte Ntiamoah,Brigitte•Ntiamoah,,,,,Female,1994-03-05,Mulhouse,Haut-Rhin,94,,,,,,172,66,Competed in Olympic Games,Entente Grand Mulhouse Athlé,,,
127617,Céline Distel-Bonnet,Céline Distel-Bonnet,Céline•Distel-Bonnet,,,,,Female,1987-05-25,Strasbourg,Bas-Rhin,94,,,,,,170,69,Competed in Olympic Games,Strasbourg Agglomération Athlétisme ALSACE NORD ATHL,,,
127618,Cindy Billaud,Cindy Billaud,Cindy•Billaud,,,,,Female,1986-03-11,Nogent-sur-Marne,Val-de-Marne,94,,,,,,167,59,Competed in Olympic Games,SCO Sainte-Marguerite Marseille,,,
127619,Émilie Menuet,Émilie Menuet,Émilie•Menuet,,,,,Female,1991-09-27,Blois,Loir-et-Cher,94,,,,,,155,44,Competed in Olympic Games,AJ Blois-Onzain,,,
127620,Floriane Gnafoua,Floriane Gnafoua,Floriane•Gnafoua,,,Flo,,Female,1996-01-30,Saint-Cloud,Hauts-de-Seine,94,,,,,,158,60,Competed in Olympic Games,Athlé 91,,,
127621,Jeanine Assani Issouf,Jeanine Assani Issouf,Jeanine•Assani Issouf,,,,,Female,1992-08-17,Marseille (Marseilles),Bouches-du-Rhône,94,,,,,,170,53,Competed in Olympic Games,Limoges Athlé,,,
127622,Jennifer Galais,Jennifer Galais,Jennifer•Galais,,,Jenni,,Female,1992-03-07,Lyon,Rhône,94,,,,,,169,59,Competed in Olympic Games,Décines Meyzieu Athlétisme,,,
127623,Justine Fedronic,Justine Fedronic,Justine•Fedronic,,,,,Female,1991-05-11,Heidelberg,Baden-Württemberg,72,,,,,,168,54,Competed in Olympic Games,Entente Franconville Césame Val d'Oise,,,
127624,Mathilde Andraud,Mathilde Andraud,Mathilde•Andraud,,,,,Female,1989-04-28,Montpellier,Hérault,94,,,,,,173,70,Competed in Olympic Games,Nice Côte d’Azur Athlétisme,,,
127625,Pauline Pousse,Pauline Pousse,Pauline•Pousse,,,,,Female,1987-09-17,Longjumeau,Essonne,94,,,,,,184,64,Competed in Olympic Games,Athlé 91,,,
127626,Rénelle Lamote,Rénelle Lamote,Rénelle•Lamote,,,,,Female,1993-12-26,Coulommiers,Seine-et-Marne,94,,,,,,165,59,Competed in Olympic Games,Athlé Sud 77,,,
127627,Sandra Gomis,Sandra Gomis,Sandra•Gomis,,,,,Female,1983-11-21,Saint-Nazaire,Loire-Atlantique,94,,,,,,165,53,Competed in Olympic Games,Athletic Clubs du Littoral,,,
127628,Stella Akakpo,Stella Akakpo,Stella•Akakpo,,,,,Female,1994-02-28,Villepinte,Seine-Saint-Denis,94,,,,,,166,60,Competed in Olympic Games,Amiens UC,,,
127722,Lerissa Henry,Lerissa Henry,Lerissa•Henry,,,,,Female,1997-08-18,Kolonia,Pohnpei,96,,,,,,153,57,Competed in Olympic Games,Pohnpei Island Central School,,,
127725,Gina Bass,Gina Bass,Gina•Bass,,,,,Female,1995-05-03,Toubacouta,Fatick,224,,,,,,,,Competed in Olympic Games • Other,"Jarraf Athletics Club, SEN",,,
127726,Alyson Dixon,Alyson Dixon,Alyson•Dixon,,,Aly,,Female,1978-09-24,Sunderland,England,98,,,,,,155,43,Competed in Olympic Games,"University of Sunderland, Sunderland (GBR) / Sunderland Strollers, Sunderland (GBR)",,,
127727,Asha Philip,Asha Solette Philip,Asha•Philip,,,,,Female,1990-10-25,Leyton,England,98,,,,,,164,67,Competed in Olympic Games,"Newham and Essex Beagles, London (GBR)",,,
127728,Beth Potter,"Elizabeth ""Beth"" Potter",Beth•Potter,,,,,Female,1991-12-27,Glasgow,Scotland,98,,,,,,170,51,Competed in Olympic Games,"Shaftesbury Barnet Harriers, London (GBR) / St Mary's University, Twickenham (GBR)",,,
127729,Cindy Ofili,"Cynthia Nonyelum ""Cindy"" Ofili (-Sember)",Cindy•Ofili,,,,,Female,1994-08-05,Ypsilanti,Michigan,268,,,,,,178,68,Competed in Olympic Games,"Michigan Wolverines, Ann Arbor (USA) / Woodford Green with Essex Ladies, Woodford (GBR)",,,
127730,Daryll Neita,Daryll Saskia Neita,Daryll•Neita,,,,,Female,1996-08-29,London,England,98,,,,,,172,61,Competed in Olympic Games,"Shaftesbury Barnet Harriers, London (GBR) / Oaklands College, St. Albans (GBR)",,,
127731,Desiree Henry,Desiree Latifah N. Henry,Desiree•Henry,,,,,Female,1995-08-26,Enfield,England,98,,,,,,171,64,Competed in Olympic Games,"Enfield and Haringey AC, London (GBR)",,,
127732,Dina Asher-Smith,"Geraldina Rachel ""Dina"" Asher-Smith",Dina•Asher-Smith,,,Dasher,,Female,1995-12-04,Orpington,England,98,,,,,,164,55,Competed in Olympic Games,"Blackheath & Bromley Harriers AC, Hayes (GBR)",,,
127733,Emily Diamond,Emily Jane Diamond,Emily•Diamond,,,,,Female,1991-06-11,Bristol,England,98,,,,,,173,58,Competed in Olympic Games,"Bristol & West AC, Bristol (GBR) / Loughborough University, Loughborough (GBR)",,,
127734,Jade Lally,Jade Louise Lally (-Nicholls-),Jade•Lally,,,,,Female,1987-03-30,Tooting,England,98,,,,,,182,88,Competed in Olympic Games,"Shaftesbury Barnet Harriers, London (GBR)",,,
127735,Jazmin Sawyers,Jazmin Jayne Sawyers,Jazmin•Sawyers,,,,,Female,1994-05-21,Stoke-on-Trent,England,98,,,,,,160,61,Competed in Olympic Games • Competed in Youth Olympic Games,"Stoke AC, Stoke-on-Trent (GBR)",,,
127736,Jess Andrews,"Jessica ""Jess"" Andrews (-Martin)",Jess•Andrews,,,,,Female,1992-10-01,Shanklin,England,98,,,,,,168,52,Competed in Olympic Games,"Aldershot, Farnham & District AC, Farnborough (GBR) / AA Palamós, Palamós (ESP)",,,
127737,Jodie Williams,Jodie Alicia Williams,Jodie•Williams,,,Moneylegs,,Female,1993-09-28,Welwyn Garden City,England,98,,,,,,174,60,Competed in Olympic Games,"Herts Phoenix AC , Ware (GBR)",,,
127738,Kelly Massey,Kelly Lorraine Massey,Kelly•Massey,,,,,Female,1985-01-11,Coventry,England,98,,,,,,178,57,Competed in Olympic Games,"Liverpool John Moores University, Liverpool (GBR) / Sale Harriers, Manchester (GBR)",,,
127739,Laura Muir,Laura Muir,Laura•Muir,,,,,Female,1993-05-09,Milnathort,Scotland,98,,,,,,161,49,Competed in Olympic Games,"Dundee Hawks, Dundee (GBR) / University of Glasgow, Glasgow (GBR)",,,
127740,Laura Whittle,Laura Whittle (Kenney-),Laura•Whittle,,,,,Female,1985-06-27,Blackpool,England,98,,,,,,175,69,Competed in Olympic Games,Royal Sutton Coldfield/Loughborough Students,,,
127741,Lennie Waite,"Eleanor ""Lennie"" Waite",Lennie•Waite,,,,,Female,1986-02-04,Paisley,Scotland,98,,,,,,172,59,Competed in Olympic Games,"East Kilbride AC, East Kilbride (GBR)",,,
127742,Lorraine Ugen,Lorraine Efe Ugen,Lorraine•Ugen,,,Lorri,,Female,1991-08-22,Southwark,England,98,,,,,,179,65,Competed in Olympic Games,"Thames Valley Harriers, London (GBR)",,,
127743,Morgan Lake,Morgan Alexandra Lake,Morgan•Lake,,,,,Female,1997-05-12,Reading,England,98,,,,,,180,68,Competed in Olympic Games,"Windsor Slough Eton & Hounslow AC, Windsor (GBR)",,,
127744,Seren Bundy-Davies,Seren Bundy-Davies,Seren•Bundy-Davies,,,,,Female,1994-12-30,Manchester,England,98,,,,,,175,63,Competed in Olympic Games,"Trafford AC, Manchester (GBR)",,,
127745,Shelayna Oskan-Clarke,Shelayna Elicia Oskan-Clarke (Gumbs-),Shelayna•Oskan-Clarke,,,,,Female,1990-01-20,London,England,98,,,,,,172,64,Competed in Olympic Games,"Windsor Slough Eton & Hounslow AC, Windsor (GBR) / Brunel University London, London (GBR)",,,
127746,Sonia Samuels,Sonia Samuels,Sonia•Samuels,,,,,Female,1979-05-16,Wallsend,England,98,,,,,,162,47,Competed in Olympic Games,"Sale Harriers, Manchester (GBR)",,,
127812,Jessica Inchude,Jessica Inchude,Jessica•Inchude,,,,,Female,1996-03-25,Lisboa,Distrito de Lisboa,211,,,,,,175,81,Competed in Olympic Games,Sporting Clube de Portugal. POR,,,
127815,Valentina Liashenko,Valentina Liashenko (Khomitska-),Valentina•Liashenko,ვალენტინა•ლიაშენკო,,,,Female,1981-01-30,Kyiv,Kyiv,265,,,,,,176,63,Competed in Olympic Games,,,,
127820,Alex Wester,"Alexandra Valerie ""Alex"" Wester",Alex•Wester,,,,,Female,1994-03-21,Bakau,Western,5,,,,,,180,64,Competed in Olympic Games,"ASV Köln, Köln (GER)",,,
127821,Anja Scherl,Anja Scherl,Anja•Scherl,,,,,Female,1986-04-12,Amberg,Bayern,72,,,,,,160,48,Competed in Olympic Games,"LG Regensburg, Regensburg (GER)",,,
127822,Anna Hahner,Anna Hahner,Anna•Hahner,,,,,Female,1989-11-20,Hünfeld,Hessen,72,,,,,,165,48,Competed in Olympic Games,run2sky,,,
127823,Annika Roloff,Annika Roloff,Annika•Roloff,,,Anni,,Female,1991-03-10,Holzminden,Niedersachsen,72,,,,,,166,58,Competed in Olympic Games,"MTV 49 Holzminden, Holzminden (GER)",,,
127824,Carolin Schäfer,Carolin Schäfer,Carolin•Schäfer,,,,,Female,1991-12-05,Bad Wildungen,Hessen,72,,,,,,178,65,Competed in Olympic Games,"TV Friedrichstein, Bad Wildungen (GER)",,,
127825,Charlene Woitha,Charlene Woitha,Charlene•Woitha,,,Charly,,Female,1993-08-21,Berlin,Berlin,72,,,,,,178,77,Competed in Olympic Games,"SC Charlottenburg, Berlin (GER)",,,
127826,Christina Hering,Christina Hering,Christina•Hering,,,,,Female,1994-10-09,München (Munich),Bayern,72,,,,,,185,63,Competed in Olympic Games,"LG Stadtwerke München, München (GER)",,,
127827,Christin Hussong,Christin Hussong,Christin•Hussong,,,,,Female,1994-03-17,Zweibrücken,Rheinland-Pfalz,72,,,,,,186,84,Competed in Olympic Games • Competed in Youth Olympic Games,"LAZ Zweibrücken, Zweibrücken (GER)",,,
127828,Claudia Rath,Claudia Rath (-Salman),Claudia•Rath,,,,,Female,1986-04-25,Hadamar,Hessen,72,,,,,,175,65,Competed in Olympic Games,"LG Eintracht Frankfurt, Frankfurt am Main (GER)",,,
127829,Diana Sujew,Diana Sujew (-Breiding),Diana•Sujew,,,,,Female,1990-11-02,Rīga,Rīga,162,,,,,,166,53,Competed in Olympic Games,"LG Eintracht Frankfurt, Frankfurt am Main (GER)",,,
127830,Friederike Möhlenkamp,Friederike Möhlenkamp,Friederike•Möhlenkamp,,,,,Female,1992-11-19,Greven,Nordrhein-Westfalen,72,,,,,,176,63,Competed in Olympic Games,"LT DSHS Köln, Köln (GER)",,,
127831,Gina Lückenkemper,Gina Lückenkemper,Gina•Lückenkemper,,,,,Female,1996-11-21,Hamm,Nordrhein-Westfalen,72,,,,,,170,56,Competed in Olympic Games,"LG Olympia Dortmund, Dortmund (GER)",,,
127832,Jackie Baumann,Jackie Baumann,Jackie•Baumann,,,,,Female,1995-08-24,Ulm,Baden-Württemberg,72,,,,,,173,58,Competed in Olympic Games,"LAV Tübingen, Tübingen (GER)",,,
127833,Jenny Elbe,Jenny Elbe,Jenny•Elbe,,,,,Female,1990-04-18,Chemnitz,Sachsen,72,,,,,,180,64,Competed in Olympic Games,"Dresdner SC, Dresden (GER)",,,
127834,Konstanze Klosterhalfen,Konstanze Klosterhalfen,Konstanze•Klosterhalfen,,,Koko,,Female,1997-02-18,Königswinter,Nordrhein-Westfalen,72,,,,,,174,48,Competed in Olympic Games • Competed in Youth Olympic Games,"Bayer 04 Leverkusen, Leverkusen (GER)",,,
127835,Kristin Gierisch,Kristin Gierisch,Kristin•Gierisch,,,,,Female,1990-08-20,Zwickau,Sachsen,72,,,,,,178,61,Competed in Olympic Games,"LAC Chemnitz, Chemnitz (GER)",,,
127836,Lara Hoffmann,Lara Hoffmann,Lara•Hoffmann,,,,,Female,1991-03-25,Siegen,Nordrhein-Westfalen,72,,,,,,173,68,Competed in Olympic Games,"LT DSHS Köln, Köln (GER)",,,
127837,Laura Müller,Laura Marie Müller,Laura•Müller,,,,,Female,1995-12-11,Dudweiler,"Saarbrücken, Saarland",72,,,,,,172,58,Competed in Olympic Games,"LC Rehlingen, Rehlingen-Siersburg (GER)",,,
127838,Lena Urbaniak,Lena Urbaniak,Lena•Urbaniak,,,,,Female,1992-10-31,Schwäbisch Gmünd,Baden-Württemberg,72,,,,,,174,92,Competed in Olympic Games,"LG Filstal, Geislingen an der Steige (GER)",,,
127839,Lisa Hahner,Lisa Hahner,Lisa•Hahner,,,,,Female,1989-11-20,Hünfeld,Hessen,72,,,,,,167,50,Competed in Olympic Games,run2sky,,,
127840,Lisa Mayer,Lisa Mayer,Lisa•Mayer,,,,,Female,1996-05-02,Gießen,Hessen,72,,,,,,171,57,Competed in Olympic Games • Non-starter,LG Langgöns/Oberkleen,,,
127841,Malaika Mihambo,Malaika Mihambo,Malaika•Mihambo,,,Mali,,Female,1994-02-03,Heidelberg,Baden-Württemberg,72,,,,,,170,55,Competed in Olympic Games,"LG Kurpfalz, Schwetzingen (GER)",,,
127842,Marie-Laurence Jungfleisch,Marie-Laurence Jungfleisch,Marie-Laurence•Jungfleisch,,,,,Female,1990-10-07,Paris,Paris,94,,,,,,182,68,Competed in Olympic Games,"VfB Stuttgart, Stuttgart (GER)",,,
127843,Maya Rehberg,Maya Rehberg,Maya•Rehberg,,,,,Female,1994-04-28,Bad Segeberg,Schleswig-Holstein,72,,,,,,170,58,Competed in Olympic Games,"TSV Kronshagen, Kronshagen (GER)",,,
127844,Nadine Gonska,Nadine Gonska,Nadine•Gonska,,,,,Female,1990-01-23,Duisburg,Nordrhein-Westfalen,72,,,,,,168,58,Competed in Olympic Games,"MTG Mannheim, Mannheim (GER)",,,
127845,Nadine Hildebrand,Nadine Hildebrand,Nadine•Hildebrand,,,,,Female,1987-09-20,Stuttgart,Baden-Württemberg,72,,,,,,159,55,Competed in Olympic Games,"VfL Sindelfingen, Sindelfingen (GER)",,,
127846,Pamela Dutkiewicz,Pamela Dutkiewicz (-Emmerich),Pamela•Dutkiewicz,,,,,Female,1991-09-28,Kassel,Hessen,72,,,,,,170,61,Competed in Olympic Games,"TV Wattenscheid, Wattenscheid, Bochum (GER)",,,
127847,Rebekka Haase,Rebekka Haase,Rebekka•Haase,,,,,Female,1993-01-02,Zschopau,Sachsen,72,,,,,,170,58,Competed in Olympic Games • Competed in Youth Olympic Games,"LV 90 Erzgebirge, Gelenau/Erzgeb. (GER)",,,
127848,Ruth Spelmeyer-Preuß,Ruth Sophia Spelmeyer-Preuß,Ruth•Spelmeyer-Preuß,,,,,Female,1990-09-19,Göttingen,Niedersachsen,72,,,,,,173,59,Competed in Olympic Games,"VfL Oldenburg, Oldenburg (GER)",,,
127849,Sanaa Koubaa,Sanaa Koubaa,Sanaa•Koubaa,,,,,Female,1985-01-06,Langenfeld,Nordrhein-Westfalen,72,,,,,,170,56,Competed in Olympic Games,"Bayer 04 Leverkusen, Leverkusen (GER)",,,
127850,Sara Gambetta,Sara Mabel Gambetta,Sara•Gambetta,,,,,Female,1993-02-18,Lauterbach,Hessen,72,,,,,,184,89,Competed in Olympic Games,"SC DHfK, Leipzig (GER)",,,
127851,Shanice Craft,Shanice Craft,Shanice•Craft,,,,,Female,1993-05-15,Mannheim,Baden-Württemberg,72,,,,,,185,93,Competed in Olympic Games • Competed in Youth Olympic Games,"MTG Mannheim, Mannheim (GER)",,,
127946,Beatrice Gyaman,Beatrice Gyaman,Beatrice•Gyaman,,,,,Female,1987-02-17,Accra,Greater Accra,100,,,,,,162,53,Competed in Olympic Games,Ghana National Fire Service,,,
127947,Flings Owusu-Agyapong,Flings Joyner Owusu-Agyapong,Flings•Owusu-Agyapong,,,,,Female,1988-10-16,Kumasi,Western,100,,,,,,165,58,Competed in Olympic Games • Other,,,,
127948,Gemma Acheampong,Gemma Acheampong,Gemma•Acheampong,,,,,Female,1993-02-13,Waterbury,Connecticut,268,,,,,,163,54,Competed in Olympic Games,"Boston University, USA",,,
127949,Janet Amponsah,Janet Amponsah,Janet•Amponsah,,,,,Female,1993-04-12,Kumasi,Western,100,,,,,,171,52,Competed in Olympic Games,"Middle Tennessee Blue Raiders, Murfreesboro (USA)",,,
127952,Alexi Pappas,"Alexia ""Alexi"" Pappas (-Teicher)",Alexi•Pappas,Αλεξία•Παππά,,,,Female,1990-03-28,Alameda,California,268,,,,,,165,,Competed in Olympic Games,"Oregon Track Club Elite, USA",,,
127953,Antigoni Ntrismpioti,Antigoni Ntrismpioti,Antigoni•Ntrismpioti,Αντιγόνη•Ντρισμπιώτη,,,,Female,1984-03-21,Karditsa,Thessalia,106,,,,,,161,50,Competed in Olympic Games,Fokianos Karditsa (GRE) / Alexandros Makedonias SC ((GRE),,,
127954,Chaido Alexouli,Chaido Alexouli,Chaido•Alexouli,Χάιδω•Αλεξούλη,,,,Female,1991-03-29,Larisa,Thessalia,106,,,,,,180,60,Competed in Olympic Games,,,,
127955,Chrysoula Anagnostopoulou,Chrysoula Anagnostopoulou,Chrysoula•Anagnostopoulou,Χρυσούλα•Αναγνωστοπούλου,,Kristy,,Female,1991-08-27,Larisa,Thessalia,106,,,,,,175,85,Competed in Olympic Games,SC Ilioupoli (GRE),,,
127956,Eirini Vasileiou,Eirini Vasileiou,Eirini•Vasileiou,Ειρήνη•Βασιλείου,,,,Female,1990-03-18,Iraklio,Kriti,106,,,,,,169,58,Competed in Olympic Games,"S.A. Mesogeion ""O Palineus""",,,
127957,Elisavet Pesiridou,Elisavet Pesiridou,Elisavet•Pesiridou,Ελισάβετ•Πεσιρίδου,,,,Female,1992-02-12,Athina (Athens),Attiki,106,,,,,,175,58,Competed in Olympic Games,GA Kifissia (GRE) / Kallistos SC (GRE),,,
127958,Ourania Rempouli,Ourania Rempouli,Ourania•Rempouli,Ουρανία•Ρεμπούλη,Ourania Rebouli,,,Female,1989-05-16,Leros,Notio Aigaio,106,,,,,,164,49,Competed in Olympic Games,GA Leros Youth,,,
127959,Panagiota Tsinopoulou,Panagiota Tsinopoulou,Panagiota•Tsinopoulou,Παναγιώτα•Τσινοπούλου,,,,Female,1990-10-16,Karditsa,Thessalia,106,,,,,,165,54,Competed in Olympic Games,SC “Velos” Palaio Faliro (GRE),,,
127960,Panagiota Vlachaki,Panagiota Vlachaki,Panagiota•Vlachaki,Παναγιώτα•Βλαχάκη,,Yota,,Female,1991-04-03,Athina (Athens),Attiki,106,,,,,,167,50,Competed in Olympic Games,GAS Ilissos,,,
127961,Paraskevi Papachristou,Paraskevi Papachristou,Paraskevi•Papachristou,Παρασκευή•Παπαχρήστου,,"Voula, Βούλα",,Female,1989-04-17,Athina (Athens),Attiki,106,,,,,,170,53,Competed in Olympic Games,"AEK, Athina (GRE) / A. O. Kallistos, Marousi, Athina (GRE)",,,
127962,Sofia Riga,Sofia Riga,Sofia•Riga,Σοφία•Ρήγα,,,,Female,1988-07-18,Patra,Dutiki Ellada,106,,,,,,154,46,Competed in Olympic Games,Eleftherios Venizelos,,,
127974,Kanika Beckles,Kanika Alana Beckles,Kanika•Beckles,,,,,Female,1991-10-03,Saint Joseph,San Juan-Laventille,259,,,,,,166,60,Competed in Olympic Games • Non-starter,,,,
127976,Maritza Poncio,Maritza Rafaela Poncio Tzul,Maritza•Poncio,,,,,Female,1994-12-03,?,Totonicapán,109,,,,,,158,41,Competed in Olympic Games,,,,
127979,Makoura Keita,Makoura Keita,Makoura•Keita,,,,,Female,1994-11-01,Fria,Kindia,102,,,,,,175,71,Competed in Olympic Games,,,,
127982,Regine Tugade,Regine Kate Tugade (-Wilson),Regine•Tugade,,,,,Female,1998-01-28,Hagåtña,Guam,110,,,,,,165,50,Competed in Olympic Games • Other,Guam Central Athletics,,,
127983,Aliyah Abrams,Aliyah Abrams,Aliyah•Abrams,,,Double A,,Female,1997-04-03,Brooklyn,"New York, New York",268,,,,,,163,53,Competed in Olympic Games,"South Carolina Gamecocks, USA",,,
127984,Brenessa Thompson,Brenessa Thompson,Brenessa•Thompson,,,,,Female,1996-07-22,Port of Spain,Port of Spain,259,,,,,,163,62,Competed in Olympic Games,"Texas A&M Aggies, College Station (USA)",,,
127986,Mulern Jean,Mulern Jean,Mulern•Jean,,,Meme,,Female,1992-09-25,Pompano Beach,Florida,268,,,,,,,,Competed in Olympic Games,Florida State Seminoles,,,
127989,Christy Yiu,"Kit-Ching ""Christy"" Yiu",Christy•Yiu,潔貞•姚,,,,Female,1988-02-20,Hong Kong,Hong Kong,113,,,,,,155,45,Competed in Olympic Games,,,,
128002,Barbara Kovács,Barbara Kovács (-Oláh),Barbara•Kovács,,,,,Female,1993-07-26,Békéscsaba,Békes,118,,,,,,167,52,Competed in Olympic Games,Kopp Békéscsabai Atlétikai Club,,,
128003,Barbara Szabó,Barbara Szabó,Barbara•Szabó,,,,,Female,1990-02-17,Budapest,Budapest,118,,,,,,173,57,Competed in Olympic Games,"Ujpesti TE, Budapest",,,
128004,Rita Récsei,Rita Récsei,Rita•Récsei,,,,,Female,1996-01-30,Pécs,Baranya,118,,,,,,168,54,Competed in Olympic Games,Budapest Honved Sports Association,,,
128006,Xénia Krizsán,Xénia Krizsán,Xénia•Krizsán,,,,,Female,1993-01-13,Budapest,Budapest,118,,,,,,172,63,Competed in Olympic Games,MTK Budapest,,,
128028,Maria Natalia Londa,Maria Natalia Londa,Maria Natalia•Londa,,,,,Female,1990-10-29,Denpasar,Bali,123,,,,,,163,57,Competed in Olympic Games • Other,,,,
128037,Anilda Thomas,Anilda Thomas,Anilda•Thomas,,,,,Female,1993-05-06,Kothamangalam,Kerala,126,,,,,,,,Competed in Olympic Games,,,,
128038,Dutee Chand,Dutee Chand,Dutee•Chand,,,Nano,,Female,1996-02-03,Gopalpur,Orissa,126,,,,,,160,50,Competed in Olympic Games,,,,
128039,O. P. Jaisha,"Orchatteri Puthiya Veetil ""O. P."" Jaisha",O. P.•Jaisha,,,,,Female,1983-05-23,Changanassery,Kerala,126,,,,,,154,43,Competed in Olympic Games,,,,
128040,Kavita Tungar,Kavita Maheshkumar Tungar (Raut-),Kavita•Tungar,,,,,Female,1985-05-05,Sawarpada,"Nashik, Maharashtra",126,,,,,,157,45,Competed in Olympic Games,,,,
128041,Khushbir Kaur,Khushbir Kaur,Khushbir•Kaur,,,Khushi,,Female,1993-07-09,Rasulpur Kalan,"Amritsar, Punjab",126,,,,,,155,49,Competed in Olympic Games • Competed in Youth Olympic Games,Oil and Natural Gas Corporation,,,
128042,Lalita Babar,Lalita Shivaji Babar,Lalita•Babar,,,,,Female,1989-06-02,Satara District,Maharashtra,126,,,,,,166,50,Competed in Olympic Games,"Central Railways, Mumbai",,,
128043,Nirmala Sheoran,Nirmala Sheoran,Nirmala•Sheoran,,,,,Female,1995-07-15,Bhiwani,Haryana,126,,,,,,,,Competed in Olympic Games,,,,
128044,M. R. Povamma,"Machettira Raju ""M. R."" Povamma",M. R.•Povamma,,,,,Female,1990-06-05,Gonikoppal,"Kodagu, Karnataka",126,,,,,,175,59,Competed in Olympic Games • Non-starter,,,,
128045,Sapna Punia,Sapna Punia,Sapna•Punia,,,,,Female,1988-01-02,Jaipur,Rajasthan,126,,,,,,,,Competed in Olympic Games,,,,
128046,Srabani Nanda,Srabani Nanda,Srabani•Nanda,,,,,Female,1991-05-07,Phulbani,"Kandhamal, Orissa",126,,,,,,164,54,Competed in Olympic Games,East Coast Railway athletic team,,,
128080,Breege Connolly,Breege Connolly,Breege•Connolly,,,,,Female,1978-02-01,Kinlough,Leitrim,128,,,,,,163,54,Competed in Olympic Games,"North Belfast Harriers, Belfast (GBR)",,,
128081,Ciara Everard,Ciara Everard,Ciara•Everard,,,,,Female,1990-07-10,Kilkenny,Kilkenny,128,,,,,,169,54,Competed in Olympic Games,University College Dublin AC,,,
128082,Ciara Mageean,Ciara Mageean,Ciara•Mageean,,,,,Female,1992-03-12,Portaferry,Northern Ireland,98,,,,,,170,55,Competed in Olympic Games,City of Lisburn AC (IRL),,,
128083,Kerry O'Flaherty,Kerry O'Flaherty,Kerry•O'Flaherty,,,Kezza,,Female,1981-07-15,Newtownards,Northern Ireland,98,,,,,,167,53,Competed in Olympic Games,"Newcastle & District AC, Northern Ireland",,,
128084,Lizzie Lee,"Elizabeth ""Lizzie"" Lee",Lizzie•Lee,,,,,Female,1980-05-22,Cork,Cork,128,,,,,,165,51,Competed in Olympic Games,"Leevale Athletic Club, Cork",,,
128085,Michelle Finn,Michelle Finn,Michelle•Finn,,,,,Female,1989-12-16,Castlemagner,Cork,128,,,,,,152,51,Competed in Olympic Games,Leevale Athletic Club / University of Limerick Athletics Club,,,
128086,Sara Treacy,Sara Louise Treacy,Sara•Treacy,,,,,Female,1989-06-22,Moynalvey,Meath,128,,,,,,168,58,Competed in Olympic Games,"Dunboyne AC / Run-Fast Birmingham, GBR",,,
128098,Aníta Hinriksdóttir,Aníta Hinriksdóttir,Aníta•Hinriksdóttir,,,,,Female,1996-01-13,Reykjavík,Höfuðborgarsvæði,131,,,,,,172,49,Competed in Olympic Games,Íþróttafélag Reykjavíkur,,,
128100,Lonah Chemtai,Lonah Korlima Chemtai (-Salpeter),Lonah•Chemtai,לונה•צ'מטאי קורלימה,,,,Female,1988-12-12,Kitale,Trans-Nzoia,138,,,,,,165,52,Competed in Olympic Games,"Maccabi Tel-Aviv, Tel Aviv (ISR)",,,
128101,Maor Tiyouri,Maor Tiyouri,Maor•Tiyouri,מאור•טיורי,,,,Female,1990-08-13,Kfar Saba,HaMerkaz,132,,,,,,148,44,Competed in Olympic Games,"Boulder Track Club, USA",,,
128123,Alessia Trost,Alessia Trost,Alessia•Trost,,,Ale,,Female,1993-03-08,Pordenone,Pordenone,133,,,,,,188,68,Competed in Olympic Games • Competed in Youth Olympic Games,Gruppi Sportivi Fiamme Gialle,,,
128124,Antonella Palmisano,Antonella Palmisano (-Dessi),Antonella•Palmisano,,,Nelli,,Female,1991-08-06,Mottola,Taranto,133,,,,,,165,45,Competed in Olympic Games,"G.S. Fiamme Gialle, Roma (ITA)",,,
128125,Ayomide Folorunso,Ayomide Temilade Oluwatoyosi Folorunso,Ayomide•Folorunso,,,Ayo,,Female,1996-10-17,Abeokuta,Ogun,191,,,,,,170,55,Competed in Olympic Games • Non-starter,Gruppo Sportivo Fiamme Oro,,,
128126,Catherine Bertone,Catherine Olga Marguerite Bertone (-Beltrami),Catherine•Bertone,,,,,Female,1972-05-06,Bursa,Bursa,261,,,,,,160,45,Competed in Olympic Games,Atletica ASD Sandro Calvesi,,,
128127,Dariya Derkach,Dariya Derkach,Dariya•Derkach,,,,,Female,1993-03-27,Vinnytsia,Vinnytsia,265,,,,,,170,50,Competed in Olympic Games,"Aeronautica Militare, Bracciano (ITA)",,,
128128,Desiree Rossit,Desiree Rossit,Desiree•Rossit,,,Desy,,Female,1994-03-19,Udine,Udine,133,,,,,,181,53,Competed in Olympic Games,"G.S. Fiamme Oro, Roma (ITA)",,,
128129,Maria Benedicta Chigbolu,Maria Benedicta Chigbolu (-Galvan),Maria Benedicta•Chigbolu,,,,,Female,1989-07-27,Roma,Roma,133,,,,,,172,55,Competed in Olympic Games,"CS Esercito, Roma (ITA)",,,
128130,Margherita Magnani,Margherita Magnani,Margherita•Magnani,,,,,Female,1987-02-26,Cesena,Forlì-Cesena,133,,,,,,161,45,Competed in Olympic Games,"G.S. Fiamme Gialle, Roma (ITA)",,,
128131,Sonia Malavisi,Sonia Malavisi,Sonia•Malavisi,,,,,Female,1994-10-31,Roma,Roma,133,,,,,,172,65,Competed in Olympic Games,"G.S. Fiamme Gialle, Roma (ITA)",,,
128132,Veronica Inglese,Veronica Inglese,Veronica•Inglese,,,,,Female,1990-11-22,Barletta,Barletta-Andria-Trani,133,,,,,,160,43,Competed in Olympic Games,"CS Esercito, Roma (ITA)",,,
128133,Yadisleidy Pedroso,Yadisleidy Pedroso González (-Matrone),Yadisleidy•Pedroso,,,Yadis,,Female,1987-01-28,La Habana (Havana),Ciudad de La Habana,67,,,,,,168,50,Competed in Olympic Games,Centro Sportivo dell'Aeronautica Militare,,,
128134,Yuneysi Santiusti,Yuneysi Santiusti Caballero,Yuneysi•Santiusti,,,,,Female,1984-12-24,La Habana (Havana),Ciudad de La Habana,67,,,,,,163,48,Competed in Olympic Games,ACSI Italia Atletica,,,
128200,Ashley Kelly,Ashley Kelly,Ashley•Kelly,,,,,Female,1991-03-25,New York,New York,268,,,,,,173,75,Competed in Olympic Games • Other,,,,
128202,Aisha Praught,Aisha Praught (-Leer),Aisha•Praught,,,,,Female,1989-12-14,Moline,Illinois,268,,,,,,162,50,Competed in Olympic Games,"Oregon Track Club, USA",,,
128203,Anneisha McLaughlin-Whilby,Anneisha McLaughlin-Whilby,Anneisha•McLaughlin-Whilby,,,Dime Piece,,Female,1986-01-06,?,Manchester,134,,,,,,170,65,Competed in Olympic Games,"Sprint Tech Track Club, Spanish Town",,,
128204,Chrisann Gordon,Chris-Ann Gordon (-Powell),Chrisann•Gordon,,,,,Female,1994-09-18,?,Middlesex County,134,,,,,,168,65,Competed in Olympic Games,"University of Texas, Austin, USA",,,
128205,Daina Levy,Daina Levy,Daina•Levy,,,,,Female,1993-05-27,Mississauga,Ontario,52,,,,,,165,98,Competed in Olympic Games,,,,
128206,Danniel Thomas-Dodd,Danniel Thomas-Dodd,Danniel•Thomas-Dodd,,,,,Female,1992-11-11,?,Westmoreland,134,,,,,,165,89,Competed in Olympic Games,"Kent State Golden Flashes, Kent, Ohio (USA)",,,
128207,Elaine Thompson-Herah,Elaine Sandra-Lee Thompson-Herah,Elaine•Thompson-Herah,,,,,Female,1992-06-28,Banana Ground,Manchester,134,,,,,,167,57,Competed in Olympic Games,"MVP Track & Field Club, Kingston (JAM)",,,
128208,Kellion Knibb,Kellion Knibb,Kellion•Knibb,,,"Kelli, Kelz",,Female,1993-12-25,?,Saint Catherine,134,,,,,,183,86,Competed in Olympic Games,"Florida State Seminoles, USA",,,
128209,Leah Nugent,Leah Nugent,Leah•Nugent,,,,,Female,1992-11-23,Abington,Massachusetts,268,,,,,,173,66,Competed in Olympic Games,"University of Kentucky, USA",,,
128210,Megan Simmonds-Tapper,Megan Krystin Simmonds-Tapper,Megan•Simmonds-Tapper,,,,,Female,1994-03-18,Content Gap,Saint Andrew,134,,,,,,157,49,Competed in Olympic Games • Competed in Youth Olympic Games,"University of Technology, Kingston",,,
128211,Natoya Goule-Toppin,Natoya Viola Goule-Toppin,Natoya•Goule-Toppin,,,Princess Toya,,Female,1991-03-30,?,Manchester,134,,,,,,152,57,Competed in Olympic Games,"Clemson University, USA",,,
128212,Ristananna Tracey,Ristananna Tracey,Ristananna•Tracey,,,Rista,,Female,1992-05-09,Kingston,Kingston,134,,,,,,178,68,Competed in Olympic Games,"Sprint Tech Track Club, Spanish Town",,,
128213,Shashalee Forbes,Shashalee Nordi Forbes,Shashalee•Forbes,,,,,Female,1996-05-10,?,Middlesex County,134,,,,,,160,55,Competed in Olympic Games,"Sprint Tech Track Club, Spanish Town",,,
128214,Shadae Lawrence,Shadae Lawrence,Shadae•Lawrence,,,,,Female,1995-12-31,?,Saint Catherine,134,,,,,,173,84,Competed in Olympic Games,Kansas State University Wildcats,,,
128215,Shanieka Thomas-Ricketts,Shanieka Jodian Thomas-Ricketts,Shanieka•Thomas-Ricketts,,,,,Female,1992-02-02,Content Gap,Saint Andrew,134,,,,,,180,64,Competed in Olympic Games,"San Diego State Aztecs, San Diego (USA)",,,
128216,Shericka Jackson,Shericka Jackson,Shericka•Jackson,,,,,Female,1994-07-16,?,Saint Ann,134,,,,,,173,61,Competed in Olympic Games • Competed in Youth Olympic Games,"MVP Track & Field Club, Kingston (JAM)",,,
128217,Simoya Campbell,Simoya Kadine Campbell,Simoya•Campbell,,,Sim,,Female,1994-03-01,?,,134,,,,,,167,54,Competed in Olympic Games,"MVP Track Club, Kingston",,,
128218,Simone Facey,Simone Facey,Simone•Facey,,,,,Female,1985-05-07,?,Manchester,134,,,,,,162,53,Competed in Olympic Games,,,,
128219,Stephenie McPherson,Stephenie Ann McPherson,Stephenie•McPherson,,,,,Female,1988-11-25,Georges Plain,Westmoreland,134,,,,,,173,57,Competed in Olympic Games,"MVP Track & Field Club, Kingston (JAM)",,,
128220,Tarasue Barnett,Tarasue Barnett,Tarasue•Barnett,,,,,Female,1993-10-09,Clarendon Park,Clarendon,134,,,,,,178,81,Competed in Olympic Games,"Grand Canyon University, Phoenix, USA",,,
128223,Anju Takamizawa,Anju Takamizawa,Anju•Takamizawa,高見澤•安珠,,,,Female,1996-03-06,Kiho,Mie,136,,,,,,165,51,Competed in Olympic Games,Matsuyama University,,,
128224,Ayuko Suzuki,Ayuko Suzuki,Ayuko•Suzuki,鈴木•亜由子,,Ayu-chan,,Female,1991-10-08,Toyohashi,Aichi,136,,,,,,154,38,Competed in Olympic Games,Japan Post Holdings,,,
128225,Hanami Sekine,Hanami Sekine,Hanami•Sekine,関根•花観,,Hana-chan,,Female,1996-02-26,Machida,Tokyo,136,,,,,,156,43,Competed in Olympic Games,Japan Post Holdings,,,
128226,Konomi Kai,Konomi Kai,Konomi•Kai,甲斐好•美,,,,Female,1993-07-10,Kawagoe,Mie,136,,,,,,153,51,Competed in Olympic Games,VOLVER,,,
128227,Kumiko Okada,Kumiko Okada,Kumiko•Okada,岡田•久美子,,,,Female,1991-10-17,Ageo,Saitama,136,,,,,,158,47,Competed in Olympic Games,Bic Camera,,,
128228,Mai Ito,Mai Ito,Mai•Ito,伊藤•舞,,,,Female,1984-05-23,Nara,Nara,136,,,,,,156,41,Competed in Olympic Games,"Otsuka, Naruto",,,
128229,Misaki Onishi,Misaki Onishi,Misaki•Onishi,尾西•美咲,,,,Female,1985-02-24,Ise,Mie,136,,,,,,164,45,Competed in Olympic Games,Sekisui Chemical Co,,,
128230,Miyuki Uehara,Miyuki Uehara,Miyuki•Uehara,上原•美幸,,,,Female,1995-11-22,Kagoshima,Kagoshima,136,,,,,,154,39,Competed in Olympic Games,Dai-ichi Life,,,
128231,Tomomi Tanaka,Tomomi Tanaka,Tomomi•Tanaka,田中•智美,,,,Female,1988-01-25,Narita,Chiba,136,,,,,,154,39,Competed in Olympic Games,Dai-ichi Life,,,
128232,Yuka Takashima,Yuka Takashima,Yuka•Takashima,高島•由香,,,,Female,1988-05-12,Hofu,Yamaguchi,136,,,,,,153,39,Competed in Olympic Games,Shiseido (JPN),,,
128334,Aleksandra Romanova,Aleksandra Valeryevna Romanova (Kuzina-),Aleksandra•Romanova,Александра Валерьевна•Романова (Кузина-),,,,Female,1990-12-26,Shakhtinsk,Quaraghandy,137,,,,,,168,58,Competed in Olympic Games,,,,
128335,Anastasiya Kudinova,Anastasiya Valeryevna Kudinova,Anastasiya•Kudinova,Анастасия Валерьевна•Кудинова,,,,Female,1988-02-27,Zyryanovsk,Shyrgys Qazaqstan,137,,,,,,176,60,Competed in Olympic Games,,,,
128336,Diana Aydosova,Diana Aydosova,Diana•Aydosova,Диана•Айдосова,,,,Female,1995-09-05,Almaty,Almaty,137,,,,,,158,50,Competed in Olympic Games,,,,
128337,Elina Mikhina,Elina Dmitriyevna Mikhina,Elina•Mikhina,Элина Дмитриевна•Михина,,,,Female,1994-07-16,Ridder,Shyrgys Qazaqstan,137,,,,,,170,55,Competed in Olympic Games • Competed in Youth Olympic Games,,,,
128338,Gulzhanat Zhanatbek,Gulzhanat Zhanatbek,Gulzhanat•Zhanatbek,Гульжанат•Жанатбек,,,,Female,1991-11-30,Taldykorgan,Almaty Oblysy,137,,,,,,170,55,Competed in Olympic Games,,,,
128339,Irina Smolnikova,Irina Smolnikova (Podkorytova-),Irina•Smolnikova,Ирина•Смольникова (Подкорытова-),,,,Female,1980-07-21,Serebryansk,Shyrgys Qazaqstan,137,,,,,,163,55,Competed in Olympic Games,,,,
128340,Mariya Telushkina,Mariya Telushkina (-Zolotko),Mariya•Telushkina,Мария•Телушкина,,,,Female,1994-04-03,Almaty,Almaty,137,,,,,,178,90,Competed in Olympic Games,,,,
128341,Polina Repina,Polina Viktorovna Repina,Polina•Repina,Полина Викторовна•Репина,,,,Female,1990-06-29,,,,,,,,,170,50,Competed in Olympic Games,,,,
128342,Rima Kashafutdinova,Rima Kashafutdinova,Rima•Kashafutdinova,Рима•Кашафутдинова,,,,Female,1995-07-24,Satbayev,Quaraghandy,137,,,,,,160,48,Competed in Olympic Games,,,,
128343,Yekaterina Ektova,Yekaterina Aleksandrovna Ektova,Yekaterina•Ektova,Екатерина Александровна•Эктова,,,,Female,1992-08-30,Petropavl,Soltustyk Qazaqstan,137,,,,,,170,59,Competed in Olympic Games,,,,
128344,Yuliya Rakhmanova,Yuliya Rakhmanova,Yuliya•Rakhmanova,Юлия•Рахманова,,,,Female,1991-10-25,Almaty,Almaty,137,,,,,,177,69,Competed in Olympic Games,,,,
128366,Alice Aprot,Alice Aprot Nawowuna,Alice•Aprot,,,Turkana Express,,Female,1994-01-02,Nyahururu,Laikipia,138,,,,,,152,54,Competed in Olympic Games,,,,
128367,Beatrice Chepkoech,Beatrice Chepkoech Sitonik,Beatrice•Chepkoech,,,,,Female,1991-07-06,Kabarnet,Baringo,138,,,,,,170,54,Competed in Olympic Games,NN Running Team (NED),,,
128368,Betsy Saina,Betsy Saina,Betsy•Saina,,,,,Female,1988-06-30,?,,138,,,,,,168,47,Competed in Olympic Games,"Bowerman Track Club, USA",,,
128369,Grace Wanjiru,Grace Wanjiru Njue,Grace•Wanjiru,,,,,Female,1979-01-10,Embu,Embu,138,,,,,,162,43,Competed in Olympic Games,,,,
128370,Helah Kiprop,Helah Kiprop Jelagat,Helah•Kiprop,,,,,Female,1985-04-07,,,,,,,,,160,50,Competed in Olympic Games,,,,
128371,Hyvin Kiyeng,Hyvin Kiyeng Jepkemoi,Hyvin•Kiyeng,,,,,Female,1992-01-13,,,,,,,,,162,42,Competed in Olympic Games,Kenya Police,,,
128372,Jemima Sumgong,Jemima Jelagat Sumgong,Jemima•Sumgong,,,,,Female,1984-12-21,,,,,,,,,160,45,Competed in Olympic Games,Kenyan Armed Forces,,,
128373,Margaret Wambui,Margaret Nyairera Wambui,Margaret•Wambui,,,,,Female,1995-09-15,Nyeri,Nyeri,138,,,,,,,66,Competed in Olympic Games,,,,
128374,Mercy Cherono,Mercy Cherono Koech,Mercy•Cherono,,,,,Female,1991-05-07,Kipajit,Bomet,138,,,,,,,51,Competed in Olympic Games • Other,Kenya Police,,,
128375,Nancy Chepkwemoi,Nancy Chepkwemoi,Nancy•Chepkwemoi,,,,,Female,1993-10-08,?,,138,,,,,,,47,Competed in Olympic Games,,,,
128376,Viola Lagat,Viola Cheptoo Lagat,Viola•Lagat,,,,,Female,1989-03-01,Kapsabet,Nandi,138,,,,,,165,,Competed in Olympic Games,,,,
128377,Visiline Jepkesho,Visiline Jepkesho,Visiline•Jepkesho,,,,,Female,1989-12-30,?,Trans-Nzoia,138,,,,,,160,43,Competed in Olympic Games,Kenya Prisons,,,
128378,Winny Chebet,Winny Chebet,Winny•Chebet,,,Silver girl,,Female,1990-12-20,Kericho,Kericho,138,,,,,,152,48,Competed in Olympic Games,"Rongai Athletics Club, Nairobi (KEN)",,,
128392,Darya Maslova,Darya Maslova,Darya•Maslova,,,Dasha,,Female,1995-05-06,Karakol,Issyk-Kul,139,,,,,,165,44,Competed in Olympic Games,,,,
128393,Mariya Korobitskaya,Mariya Korobitskaya,Mariya•Korobitskaya,,,,,Female,1990-05-10,Bishkek,Bishkek,139,,,,,,155,55,Competed in Olympic Games,"Centre of Olympic Preparation (SOP), Bishkek (KGZ)",,,
128394,Viktoriia Poliudina,Viktoriia Poliudina,Viktoriia•Poliudina,,,PO,,Female,1989-06-29,Karakol,Issyk-Kul,139,,,,,,165,55,Competed in Olympic Games,,,,
128396,Karitaake Tewaaki,Karitaake Tewaaki,Karitaake•Tewaaki,,,,,Female,1997-12-01,,,,,,,,,155,52,Competed in Olympic Games,,,,
128399,Lee Da-Seul,Lee Da-Seul,Lee•Da-Seul,이•다슬,,,Oriental,Female,1996-11-08,Suwon,Gyeonggi,143,,,,,,159,47,Competed in Olympic Games,,,,
128400,An Seul-Gi,An Seul-Gi,An•Seul-Gi,안•슬기,An Seul-Ki,,Oriental,Female,1992-05-29,,,,,,,,,161,46,Competed in Olympic Games,,,,
128452,Vijona Kryeziu,Vijona Kryeziu,Vijona•Kryeziu,,,,,Female,1997-10-08,?,,278,,,,,,167,51,Competed in Olympic Games • Other,,,,
128456,Kariman Abuljadayel,Kariman Abuljadayel,Kariman•Abuljadayel,كاريمان•أبو الجدايل,,,,Female,1994-05-11,Ar-Riyad,Ar-Riyad,222,,,,,,180,70,Competed in Olympic Games,,,,
128459,Ariana Hilborna,Ariana Kira Hilborna (Zvērs-),Ariana•Hilborna,,,,,Female,1980-09-19,Greendale,Wisconsin,268,,,,,,167,52,Competed in Olympic Games,"Sonoran Distance Project, USA",,,
128460,Gunta Latiševa-Čudare,Gunta Latiševa-Čudare (-Vaičule),Gunta•Latiševa-Čudare,,,,,Female,1995-03-09,Rēzekne,Rēzekne,162,,,,,,178,68,Competed in Olympic Games,"University of Latvia, Riga",,,
128461,Ilona Marhele,Ilona Marhele,Ilona•Marhele,,,,,Female,1986-04-05,Alūksne,Alūksnes novads,162,,,,,,164,50,Competed in Olympic Games,VSK Noskrien,,,
128467,Mariam Kromah,Mariam Kromah,Mariam•Kromah,,,,,Female,1994-01-01,?,,148,,,,,,,,Competed in Olympic Games,"Southern Miss Golden Eagles, Hattiesburg, USA",,,
128468,Jeannelle Scheper,Jeannelle Anna M. Scheper,Jeannelle•Scheper,,,,,Female,1994-11-21,Kingston,Kingston,134,,,,,,177,60,Competed in Olympic Games • Other,"Survivors Track Club, Castries",,,
128470,Tsepang Sello,Tsepang Gladys Sello,Tsepang•Sello,,,,,Female,1997-02-23,Maseru,Maseru,158,,,,,,,,Competed in Olympic Games • Competed in Youth Olympic Games,,,,
128473,Vaida Žūsinaitė,Vaida Žūsinaitė,Vaida•Žūsinaitė,,,,,Female,1988-01-13,Alytus,Alytus,160,,,,,,167,50,Competed in Olympic Games,Vilniaus Baltai,,,
128474,Živilė Vaiciukevičiūtė,Živilė Vaiciukevičiūtė,Živilė•Vaiciukevičiūtė,,,Ziva,,Female,1996-04-03,Pabradė,Vilnius,160,,,,,,164,54,Competed in Olympic Games,"Pabrades Race Walking Club (PSEK), Vilnius",,,
128480,Charline Mathias,Charline Kyra Claude Mathias,Charline•Mathias,,,,,Female,1992-05-23,Luxembourg,Luxembourg,161,,,,,,173,60,Competed in Olympic Games,"CSL / Lille Metropole Athletisme, FRA",,,
128485,Fadwa Sidi Madane,Fadwa Sidi Madane,Fadwa•Sidi Madane,فدوي•سيدي مدان,,,,Female,1994-11-20,Midelt,Drâa-Tafilalet,165,,,,,,175,76,Competed in Olympic Games,"Athletic Club de Rabat, Rabat (MAR)",,,
128486,Kawtar Boulaid,Kawtar Boulaid,Kawtar•Boulaid,كوثر•بولعيد,,,,Female,1989-10-10,Fès (Fez),Fès-Meknès,165,,,,,,159,45,Competed in Olympic Games,"Club Chabab Hay Hassani, Agadir (MAR)",,,
128487,Rababe Arafi,Rababe Arafi,Rababe•Arafi,رباب•عرافي,,,,Female,1991-01-12,Khouribga,Béni Mellal-Khénifra,165,,,,,,167,52,Competed in Olympic Games,"Olympique de Khouribga, Khouribga (MAR)",,,
128498,Zaidatul Husniah Zulkifli,Zaidatul Husniah Binti Zulkifli,Zaidatul Husniah•Zulkifli,,,,,Female,1993-08-20,Alor Setar,Kedah,186,,,,,,156,40,Competed in Olympic Games,,,,
128506,Tereza Master,Tereza Master,Tereza•Master,,,,,Female,1988-09-21,Mulanje,Mulanje,185,,,,,,149,45,Competed in Olympic Games,Sapitwa Athletics,,,
128509,Dimitriana Surdu-Bezede,Dimitriana Surdu-Bezede,Dimitriana•Surdu-Bezede,,,,,Female,1994-04-12,Chișinău,Chișinău,167,,,,,,174,93,Competed in Olympic Games,,,,
128510,Lilia Fisikovici,Lilia Fisikovici (Tozlovanu-),Lilia•Fisikovici,,,,,Female,1989-03-29,Tiraspol,Transnistria,167,,,,,,170,52,Competed in Olympic Games,,,,
128511,Natalia Artic-Stratulat,Natalia Artic-Stratulat,Natalia•Artic-Stratulat,,,,,Female,1987-07-24,Chișinău,Chișinău,167,,,,,,178,83,Competed in Olympic Games,Free International University of Moldova,,,
128514,Alejandra Ortega,Alejandra Ortega Solís,Alejandra•Ortega,,,Alee,,Female,1994-07-08,Ciudad de México (Mexico City),Ciudad de México,171,,,,,,164,57,Competed in Olympic Games,,,,
128515,Brenda Flores,Brenda Eunice Flores Muñoz,Brenda•Flores,,,,,Female,1991-09-04,Ciudad Neza,México,171,,,,,,163,50,Competed in Olympic Games,,,,
128516,María Guadalupe González,María Guadalupe González Romero,María Guadalupe•González,,,Lupita,,Female,1989-01-09,Tlalnepantla de Baz,México,171,,,,,,162,47,Competed in Olympic Games,,,,
128517,Margarita Hernández,Margarita Hernández Flores,Margarita•Hernández,,,,,Female,1985-12-03,Toluca de Lerdo,México,171,,,,,,150,44,Competed in Olympic Games,"Mexico State Autonomous University (UAEM), Toluca de Lerdo",,,
128518,Yvonne Treviño,Yvonne Alejandra Treviño Hayek,Yvonne•Treviño,,,,,Female,1989-03-08,Monterrey,Nuevo León,171,,,,,,170,63,Competed in Olympic Games,Nuevo Leon,,,
128539,Bayartsogtyn Mönkhzayaa,Bayartsogtyn Mönkhzayaa,Bayartsogtyn•Mönkhzayaa,Баярцогтын•Мөнхзаяа,,,Oriental,Female,1993-10-10,?,Dornod,180,,,,,,160,43,Competed in Olympic Games,,,,
128548,Mariana Cress,Mariana Cress,Mariana•Cress,,,Mari,,Female,1998-08-12,Minneapolis,Minnesota,268,,,,,,159,52,Competed in Olympic Games,"Robbinsdale Cooper High Schoo, USA",,,
128551,Drita Islami,Drita Islami,Drita•Islami,,,,,Female,1996-08-01,Saraj,Skopje,174,,,,,,166,56,Competed in Olympic Games,,,,
128555,Djénébou Danté,Djénébou Danté,Djénébou•Danté,,,,,Female,1989-08-07,Bamako,Bamako,175,,,,,,176,73,Competed in Olympic Games • Other,,,,
128556,Charlotte Wingfield,Charlotte Wingfield,Charlotte•Wingfield,,,,,Female,1994-11-30,Edgware,England,98,,,,,,173,69,Competed in Olympic Games • Other,"Cardiff AAC, GBR / St. Patrick's Athletics Club",,,
128565,Aurelie Alcindor,Marie Aurelie Carinne Alcindor,Aurelie•Alcindor,,,,,Female,1994-03-20,Saint Pierre,Moka,184,,,,,,169,47,Competed in Olympic Games,,,,
128568,Houleye Ba,Houleye Ba,Houleye•Ba,هولي•با,,,,Female,1992-07-17,?,,183,,,,,,170,55,Competed in Olympic Games • Other,,,,
128570,Myint Swe Li,Myint Swe Li,Myint•Swe Li,,,,Oriental,Female,1993-06-24,,,,,,,,,168,55,Competed in Olympic Games • Competed in Youth Olympic Games,Police Force,,,
128572,Alina Armas,Alina Armas,Alina•Armas,,,,,Female,1983-12-10,Ondangwa,Oshana,188,,,,,,166,53,Competed in Olympic Games,Namibian Defence Force,,,
128576,Andrea Deelstra,Andrea Deelstra,Andrea•Deelstra,,,,,Female,1985-03-06,Tzummarum,"Franekeradeel, Friesland",193,,,,,,164,46,Competed in Olympic Games,AV Heerenveen,,,
128577,Anouk Vetter,Anouk Vetter,Anouk•Vetter,,,,,Female,1993-02-04,Ede,Gelderland,193,,,,,,173,65,Competed in Olympic Games,"AV Sprint, Breda",,,
128578,Femke Pluim,Femke Pluim,Femke•Pluim,,,,,Female,1994-05-10,Gouda,Zuid-Holland,193,,,,,,180,61,Competed in Olympic Games,"AAV '36, Alphen aan den Rijn",,,
128579,Jip Vastenburg,Jip Vastenburg,Jip•Vastenburg,,,,,Female,1994-03-21,Loosdrecht,Utrecht,193,,,,,,181,59,Competed in Olympic Games,"AV'34, Apeldoorn",,,
128580,Laura de Witte,Laura de Witte,Laura•de Witte,,,,,Female,1995-08-07,Leek,Groningen,193,,,,,,173,61,Competed in Olympic Games,"AV Trias, Heiloo",,,
128581,Lisanne de Witte,Lisanne de Witte,Lisanne•de Witte,,,,,Female,1992-09-10,Vlaardingen,Zuid-Holland,193,,,,,,175,60,Competed in Olympic Games,"AV Trias, Heiloo",,,
128582,Madiea Ghafoor,Madiea Ghafoor,Madiea•Ghafoor,,,,,Female,1992-09-09,Amsterdam,Noord-Holland,193,,,,,,169,55,Competed in Olympic Games,"Team Terol Rozenstruik, Amsterdam",,,
128583,Maureen Koster,Maureen Koster,Maureen•Koster,,,,,Female,1992-07-03,Gouda,Zuid-Holland,193,,,,,,176,57,Competed in Olympic Games,"Phanos, Amsterdam",,,
128584,Melissa Boekelman,Melissa Boekelman,Melissa•Boekelman,,,,,Female,1989-05-11,Dordrecht,Zuid-Holland,193,,,,,,176,87,Competed in Olympic Games,"Prins Hendrik, Vught",,,
128585,Nadine Visser,Nadine Visser,Nadine•Visser,,,,,Female,1995-02-09,Hoorn,Noord-Holland,193,,,,,,175,60,Competed in Olympic Games,Streker Atletiek Vereniging,,,
128586,Naomi Sedney,Naomi Sedney,Naomi•Sedney,,,,,Female,1994-12-17,Zoetermeer,Zuid-Holland,193,,,,,,170,65,Competed in Olympic Games,"ARV Ilion, Zoetermeer",,,
128587,Nicky van Leuveren,Nicky van Leuveren,Nicky•van Leuveren,,,,,Female,1990-05-20,Amsterdam,Noord-Holland,193,,,,,,175,58,Competed in Olympic Games,"Phanos, Amsterdam",,,
128588,Sifan Hassan,Sifan Hassan,Sifan•Hassan,,,,,Female,1993-01-01,Adama,Oromiya,89,,,,,,170,49,Competed in Olympic Games,Eindhoven Atletiek,,,
128589,Susan Kuijken,Susan Kuijken (-Krumins),Susan•Kuijken,,,Suus,,Female,1986-07-08,Nijmegen,Gelderland,193,,,,,,172,54,Competed in Olympic Games,"Team Zevenheuvelen, Nijmegen",,,
128590,Tessa van Schagen,Tessa Johanna van Schagen,Tessa•van Schagen,,,,,Female,1994-02-02,Leiden,Zuid-Holland,193,,,,,,168,64,Competed in Olympic Games,Leiden Atletiek,,,
128667,Saraswati Bhattarai,Saraswati Bhattarai,Saraswati•Bhattarai,,,,,Female,1994-03-08,,,,,,,,,163,46,Competed in Olympic Games • Other,Tribhuvan Army Club,,,
128671,Amaka Ogoegbunam,Amaka Ogoegbunam,Amaka•Ogoegbunam,,,,,Female,1990-03-03,Onitsha,Anambra,191,,,,,,164,61,Competed in Olympic Games,,,,
128672,Chinwe Okoro,Chinwe Okoro,Chinwe•Okoro,,,,,Female,1989-06-20,?,,268,,,,,,178,102,Competed in Olympic Games,,,,
128673,Ese Brume,Ese Brume,Ese•Brume,,,,,Female,1996-01-20,Ughelli,Delta,191,,,,,,167,58,Competed in Olympic Games,"HIT Athletics, Benin City",,,
128674,Jennifer Madu,Jennifer Madu,Jennifer•Madu,,,,,Female,1994-09-23,Garland,Texas,268,,,,,,168,65,Competed in Olympic Games,"Texas A&M Aggies, College Station (USA)",,,
128675,Margaret Bamgbose,Margaret Bamgbose,Margaret•Bamgbose,,,,,Female,1993-10-19,Evanston,Illinois,268,,,,,,171,63,Competed in Olympic Games,"Notre Dame Fighting Irish, South Bend (USA)",,,
128676,Nikki Okwelogu,"Nwanneka Mariauchenna ""Nikki"" Okwelogu",Nikki•Okwelogu,,,,,Female,1995-05-05,Lagos,Lagos,191,,,,,,173,100,Competed in Olympic Games,"Harvard Crimson, Cambridge, USA",,,
128677,Tobi Amusan,"Oluwatobiloba Ayomide ""Tobi"" Amusan",Tobi•Amusan,,,,,Female,1997-04-23,Ijebu Ode,Ogun,191,,,,,,,55,Competed in Olympic Games,"UTEP Miners, El Paso (USA)",,,
128678,Patience Okon George,Patience Okon George,Patience Okon•George,,,,,Female,1991-11-25,Calabar,Cross River,191,,,,,,169,63,Competed in Olympic Games,Cross River state,,,
128685,Mariama Mamoudou Ittatou,Mariama Mamoudou Ittatou,Mariama•Mamoudou Ittatou,,,,,Female,1997-07-23,Kabey Fo,Niamey,190,,,,,,169,64,Competed in Olympic Games • Competed in Youth Olympic Games,,,,
128687,Amalie Iuel,Amalie Hammild Iuel,Amalie•Iuel,,,,,Female,1994-04-17,Aalborg,Nordjylland,75,,,,,,178,61,Competed in Olympic Games,"IL Tyrving, Bærum (NOR) / IK Tjalve, Oslo (NOR)",,,
128688,Hedda Hynne,Hedda Hynne,Hedda•Hynne,,,,,Female,1990-03-13,Porsgrunn,Vestfold og Telemark,194,,,,,,173,,Competed in Olympic Games,"Strindheim IL, Trondheim (NOR) / IK Tjalve, Oslo (NOR)",,,
128689,Ingeborg Løvnes,Ingeborg Løvnes,Ingeborg•Løvnes,,,,,Female,1992-09-05,Lørenskog,Viken,194,,,,,,165,52,Competed in Olympic Games,"SK Vidar, Oslo (NOR)",,,
128690,Isabelle Pedersen,Isabelle Sandstedt Pedersen,Isabelle•Pedersen,,,"Bella, Issi",,Female,1992-01-27,Bergen,Vestland,194,,,,,,170,61,Competed in Olympic Games,"BUL, Oslo (NOR)",,,
128707,Alana Barber,Alana Barber,Alana•Barber,,,,,Female,1987-07-08,Auckland,Auckland,197,,,,,,163,52,Competed in Olympic Games,Auckland City Athletic Club,,,
128708,Angie Petty,"Angela Kate ""Angie"" Petty (Smit-)",Angie•Petty,,,,,Female,1991-08-16,Christchurch,Canterbury,197,,,,,,168,57,Competed in Olympic Games,"University of Canterbury Athletic Club, Christchurch",,,
128709,Eliza McCartney,Eliza McCartney,Eliza•McCartney,,,,,Female,1996-12-11,Auckland,Auckland,197,,,,,,179,66,Competed in Olympic Games,North Harbour Bays Club,,,
128710,Nikki Hamblin,Nikki Jayne Hamblin,Nikki•Hamblin,,,,,Female,1988-05-20,Dorchester,England,98,,,,,,165,52,Competed in Olympic Games,"Cambridge Athletic and Harrier Club, Cambridge (NZL)",,,
128769,Mazoon Al-Alawi,Mazoon Khalfan Saleh Al-Alawi,Mazoon•Al-Alawi,مزون خلفان صالح•العلوي,,,,Female,1997-11-14,,,,,,,,,182,,Competed in Olympic Games • Competed in Youth Olympic Games • Other,,,,
128771,Najma Parveen,Najma Parveen,Najma•Parveen,,,,,Female,1990-12-20,Faisalabad,Punjab,201,,,,,,,,Competed in Olympic Games,WAPDA,,,
128774,Yvette Lewis,Yvette Lewis,Yvette•Lewis,,,,,Female,1985-03-16,?,,72,,,,,,175,75,Competed in Olympic Games,,,,
128779,Carmen Martínez,Carmen Patricia Martínez Aguilera,Carmen•Martínez,,,,,Female,1982-12-26,Asunción,Asunción,212,,,,,,160,55,Competed in Olympic Games • Other,Paraguay Marathon Club,,,
128781,Jessica Hancco,Jessica Hancco Merma,Jessica•Hancco,,,,,Female,1995-09-10,Espinar,Cusco,203,,,,,,153,44,Competed in Olympic Games,,,,
128782,Jovana de la Cruz,Jovana de la Cruz Capani,Jovana•de la Cruz,,,Jova,,Female,1992-07-12,Huancayo,Junín,203,,,,,,161,53,Competed in Olympic Games,,,,
128783,Kimberly García,Gabriela Kimberly García León,Kimberly•García,,,,,Female,1993-10-19,Lima,Lima,203,,,,,,164,51,Competed in Olympic Games • Competed in Youth Olympic Games • Other,,,,
128789,Mary Tabal,Mary Joy Reyes Tabal,Mary•Tabal,,,,,Female,1989-07-13,Guba,"Cebu City, Cebu City",204,,,,,,149,45,Competed in Olympic Games,,,,
128792,Mayada Al-Sayed,Mayada Al-Sayed,Mayada•Al-Sayed,ميادة•الصياد,,,,Female,1992-10-26,Berlin,Berlin,72,,,,,,160,58,Competed in Olympic Games • Other,"Fortuna Marzahn, Berlin, GER",,,
128798,Angelika Cichocka,Angelika Cichocka,Angelika•Cichocka,,,Angie,,Female,1988-03-15,Kartuzy,Pomorskie,207,,,,,,170,56,Competed in Olympic Games,"SKLA Sopot, Sopot (POL)",,,
128799,Anna Jagaciak,Anna Jagaciak-Michalska,Anna•Jagaciak,,,,,Female,1990-02-10,Zielona Góra,Lubuskie,207,,,,,,177,59,Competed in Olympic Games,OŚ AZS Poznań,,,
128800,Danuta Urbanik,Danuta Urbanik,Danuta•Urbanik,,,,,Female,1989-12-24,Stalowa Wola,Podkarpackie,207,,,,,,167,49,Competed in Olympic Games,KKS Victoria Stalowa Wola,,,
128801,Emilia Ankiewicz,Emilia Ankiewicz,Emilia•Ankiewicz,,,,,Female,1990-11-22,Elbląg,Warmińsko-Mazurskie,207,,,,,,178,64,Competed in Olympic Games,"AZS Warszawa, Warszawa (POL)",,,
128802,Ewa Swoboda,Ewa Nikola Swoboda,Ewa•Swoboda,,,,,Female,1997-07-26,Żory,Śląskie,207,,,,,,167,60,Competed in Olympic Games • Competed in Youth Olympic Games,UKS Czwórka Żory,,,
128803,Iwona Lewandowska,Iwona Lewandowska (-Bernardelli),Iwona•Lewandowska,,,Iwica,,Female,1985-02-19,Lipno,Kujawsko-Pomorskie,207,,,,,,161,43,Competed in Olympic Games,LKS Vectra Włocławek,,,
128804,Joanna Jóźwik,Joanna Jóźwik,Joanna•Jóźwik,,,,,Female,1991-01-30,Wałbrzych,Dolnośląskie,207,,,,,,169,53,Competed in Olympic Games,"AZS Warszawa, Warszawa (POL)",,,
128805,Joanna Linkiewicz,Joanna Linkiewicz,Joanna•Linkiewicz,,,,,Female,1990-05-02,Wrocław,Dolnośląskie,207,,,,,,168,55,Competed in Olympic Games,"AZS AWF Wrocław, Wrocław (POL)",,,
128806,Kamila Lićwinko,Kamila Lićwinko (Stepaniuk-),Kamila•Lićwinko,,,,,Female,1986-03-22,Bielsk Podlaski,Podlaskie,207,,,,,,184,66,Competed in Olympic Games,KS Podlasie Białystok,,,
128807,Karolina Kołeczek,Karolina Kołeczek,Karolina•Kołeczek,,,,,Female,1993-01-15,Sandomierz,Świętokrzyskie,207,,,,,,168,53,Competed in Olympic Games • Competed in Youth Olympic Games,MUKS Wisła Junior Sandomierz,,,
128808,Klaudia Konopko,Klaudia Konopko,Klaudia•Konopko,,,,,Female,1992-02-21,Białystok,Podlaskie,207,,,,,,170,57,Competed in Olympic Games,UKS 19 Bojary Białystok,,,
128809,Małgorzata Hołub-Kowalik,Małgorzata Hołub-Kowalik,Małgorzata•Hołub-Kowalik,,,,,Female,1992-10-30,Koszalin,Zachodniopomorskie,207,,,,,,168,57,Competed in Olympic Games,,,,
128810,Malwina Kopron,Malwina Kopron,Malwina•Kopron,,,,,Female,1994-11-16,Puławy,Lubelskie,207,,,,,,167,73,Competed in Olympic Games,"AZS Poznań, Poznań (POL)",,,
128811,Maria Andrejczyk,Maria Magdalena Andrejczyk,Maria•Andrejczyk,,,Majka,,Female,1996-03-09,Suwałki,Podlaskie,207,,,,,,174,77,Competed in Olympic Games,LUKS Hańcza Suwałki,,,
128812,Paulina Guba,Paulina Guba,Paulina•Guba,,,,,Female,1991-05-14,Otwock,Mazowieckie,207,,,,,,183,104,Competed in Olympic Games,OKS Start Otwock,,,
128813,Sofia Ennaoui,Sofia Ennaoui,Sofia•Ennaoui,,,,,Female,1995-08-30,Ben Guerir,Marrakesh-Safi,165,,,,,,158,42,Competed in Olympic Games,MKL Szczecin,,,
128848,Carla Salomé Rocha,Carla Salomé da Silva Pinheiro da Rocha,Carla Salomé•Rocha,,,,,Female,1990-04-25,Guimarães,Distrito de Braga,211,,,,,,154,45,Competed in Olympic Games,"SL Benfica, Lisboa (POR) / Sporting CP, Lisboa (POR)",,,
128849,Cátia Azevedo,Cátia Isabel da Silva Azevedo,Cátia•Azevedo,,,,,Female,1994-03-09,,,,,,,,,170,57,Competed in Olympic Games,"Sporting CP, Lisboa (POR)",,,
128850,Daniela Cardoso,Daniela Bruno Stoffel Cardoso,Daniela•Cardoso,,,,,Female,1991-12-15,Cascais,Distrito de Lisboa,211,,,,,,157,47,Competed in Olympic Games,"Leiria Marcha, Leiria (POR)",,,
128851,Marta Onofre,Marta Chinita Soares Onofre,Marta•Onofre,,,,,Female,1991-01-28,Lisboa,Distrito de Lisboa,211,,,,,,170,64,Competed in Olympic Games,"Sporting CP, Lisboa (POR)",,,
128852,Marta Pen Freitas,Marta Filipa Pen Oliveira Freitas,Marta•Pen Freitas,,,,,Female,1993-07-31,Lisboa,Distrito de Lisboa,211,,,,,,153,43,Competed in Olympic Games,"SL Benfica, Lisboa (POR) / Mississippi State Bulldogs, Starkville (USA)",,,
128853,Susana Costa,Susana Cristina Saíde da Costa,Susana•Costa,,,,,Female,1984-09-22,Setúbal,Distrito de Setúbal,211,,,,,,178,63,Competed in Olympic Games,"SL Benfica, Lisboa (POR)",,,
128862,Kim Hye-Gyong,Kim Hye-Gyong,Kim•Hye-Gyong,,,,Oriental,Female,1993-03-09,Sariwon,Hwanghaenam,210,,,,,,153,42,Competed in Olympic Games,Pyongyang City Sports Club,,,
128873,Alysbeth Félix,Alysbeth Félix Boyer,Alysbeth•Félix,,,,,Female,1993-03-07,San Juan,Puerto Rico,209,,,,,,170,57,Competed in Olympic Games,,,,
128874,Celiangelí Morales,Celiangelí Morales Meléndez,Celiangelí•Morales,,,,,Female,1985-11-02,York,Pennsylvania,268,,,,,,165,63,Competed in Olympic Games,,,,
128875,Diamara Planell,Diamara Planell Cruz,Diamara•Planell,,,,,Female,1993-02-16,Bayamón,Puerto Rico,209,,,,,,180,67,Competed in Olympic Games,"Washington Huskies, USA",,,
128876,Grace Claxton,Grace Juliette Claxton Joseph,Grace•Claxton,,,,,Female,1993-08-19,San Juan,Puerto Rico,209,,,,,,,,Competed in Olympic Games,"University at Albany, USA",,,
128877,Jasmine Camacho-Quinn,Jasmine Camacho-Quinn,Jasmine•Camacho-Quinn,,,,,Female,1996-08-21,North Charleston,South Carolina,268,,,,,,180,73,Competed in Olympic Games,"Kentucky Wildcats, Lexington (USA)",,,
128896,Dalal Al-Harith,Dalal Masfir Al-Harith,Dalal•Al-Harith,دلال مسفر•الحارث,,,,Female,1999-11-28,,,,,,,,,160,55,Competed in Olympic Games,,,,
128897,Anjelina Nadai Lohalith,Anjelina Nadai Lohalith,Anjelina Nadai•Lohalith,,,,,Female,1995-01-01,?,,233,,,,,,163,50,Competed in Olympic Games,"Tegla Loroupe Foundation, KEN",,,
128898,Rose Nathike,Rose Nathike Lokonyen,Rose•Nathike,,,,,Female,1995-02-24,?,,233,,,,,,157,50,Competed in Olympic Games • Other,"Tegla Loroupe Foundation, KEN",,,
128901,Adelina Pastor,Adelina Dorina Pastor,Adelina•Pastor,,,,,Female,1993-05-05,Zalău,Sălaj,218,,,,,,168,53,Competed in Olympic Games,CAM Timișoara,,,
128902,Alina Rotaru-Kottmann,Alina Rotaru-Kottmann,Alina•Rotaru-Kottmann,,,,,Female,1993-06-05,București (Bucharest),București,218,,,,,,175,57,Competed in Olympic Games • Competed in Youth Olympic Games • Other,CSA Steaua Bucuresti (ROU) / VfB Stuttgart (GER),,,
128903,Anamaria Ioniță,Anamaria Ioniță,Anamaria•Ioniță,,,,,Female,1988-07-07,Brăila,Brăila,218,,,,,,175,60,Competed in Olympic Games,CSU Pitești,,,
128904,Ana Rodean,Ana Veronica Rodean,Ana•Rodean,,,,,Female,1984-06-23,Alba Iulia,Alba,218,,,,,,170,55,Competed in Olympic Games,CS Universitatea Reșița,,,
128905,Andreea Arsine,Andreea Arsine,Andreea•Arsine,,,Deea,,Female,1988-09-14,Botoșani,Botoșani,218,,,,,,159,55,Competed in Olympic Games,CSU Galați,,,
128906,Andrea Miklós,Andrea Miklós,Andrea•Miklós,,,,,Female,1999-04-17,Cluj-Napoca,Cluj,218,,,,,,165,51,Competed in Olympic Games,CSM Cluj,,,
128907,Claudia Bobocea,Claudia Mihaela Bobocea,Claudia•Bobocea,,,,,Female,1992-06-11,București (Bucharest),București,218,,,,,,176,53,Competed in Olympic Games,"Steaua București, București (ROU) / Sporting CP, Lisboa (POR)",,,
128908,Elena Panțuroiu,Elena Andreea Panțuroiu (-Taloș),Elena•Panțuroiu,,,,,Female,1995-02-24,Câmpulung,Argeș,218,,,,,,170,57,Competed in Olympic Games,CSM Onești,,,
128909,Florina Pierdevară,Florina Pierdevară (-Ștefana),Florina•Pierdevară,,,,,Female,1990-03-29,Craiova,Dolj,218,,,,,,172,53,Competed in Olympic Games,CSA Steaua,,,
128910,Paula Todoran,Paula Claudia Todoran,Paula•Todoran,,,,,Female,1985-06-09,Zalău,Sălaj,218,,,,,,164,48,Competed in Olympic Games,CSM Zalău,,,
128940,Alyssa Conley,Alyssa Conley,Alyssa•Conley,,,"Lyssa, Lilltjie, Speedy, Speedstar",,Female,1991-04-27,Johannesburg,Gauteng,280,,,,,,176,63,Competed in Olympic Games,Central Gauteng Athletics,,,
128941,Anél Oosthuizen,Anél Oosthuizen,Anél•Oosthuizen,,,,,Female,1995-04-22,George,Western Cape,280,,,,,,167,55,Competed in Olympic Games,Central Gauteng Athletics,,,
128942,Carina Horn,Carina Horn,Carina•Horn,,,,,Female,1989-03-09,,,,,,,,,168,62,Competed in Olympic Games,"TuksSport, Pretoria (RSA)",,,
128943,Christine Kalmer,Christine Kalmer,Christine•Kalmer,,,Chris,,Female,1986-02-10,Roodepoort,Gauteng,280,,,,,,172,55,Competed in Olympic Games,KPMG Running Club,,,
128944,Dinah Phalula,Dinah Lebo Phalula,Dinah•Phalula,,,,,Female,1983-12-09,Soweto,Gauteng,280,,,,,,165,46,Competed in Olympic Games,Boxer Athletics Club / Central Gauteng Athletics,,,
128945,Dominique Scott-Efurd,Dominique Scott-Efurd,Dominique•Scott-Efurd,,,Dom,,Female,1992-06-24,Cape Town,Western Cape,280,,,,,,165,52,Competed in Olympic Games,"Arkansas Razorbacks, USA / Western Province Athletics",,,
128946,Justine Palframan,Justine Palframan,Justine•Palframan,,,,,Female,1993-11-04,Pietermaritzburg,KwaZulu-Natal,280,,,,,,171,59,Competed in Olympic Games,"Maties Athletics Club, Stennenbosch",,,
128947,Lynique Prinsloo,Lynique Prinsloo (-Beneke),Lynique•Prinsloo,,,,,Female,1991-03-30,Springs,Gauteng,280,,,,,,169,60,Competed in Olympic Games,University of Johannesburg Athletics Club,,,
128948,Wenda Nel,Wenda Nel (Theron-),Wenda•Nel,,,,,Female,1988-07-30,Worcester,Western Cape,280,,,,,,165,57,Competed in Olympic Games,"TuksSport, Pretoria (RSA)",,,
128966,Darya Klishina,Darya Igorevna Klishina,Darya•Klishina,Дарья Игоревна•Клишина,,,,Female,1991-01-15,Tver,Tver,219,,,,,,180,57,Competed in Olympic Games,"CSKA Moskva, Moskva (RUS)",,,
129049,Salome Nyirarukundo,Salome Nyirarukundo,Salome•Nyirarukundo,,,,,Female,1997-12-20,Kivumu Sector,"Rutsiro District, Ouest",220,,,,,,,,Competed in Olympic Games,"APR Athletics Club, Kigali",,,
129068,Neo Jie Shi,Neo Jie Shi,Neo•Jie Shi,,,,Oriental,Female,1985-05-20,Singapore,Singapore,225,,,,,,168,50,Competed in Olympic Games,Safra Jurong Running Club,,,
129080,Tameka Williams,Tameka Williams,Tameka•Williams,,,,,Female,1989-08-31,Basseterre,Saint George Basseterre,10,,,,,,165,59,Competed in Olympic Games,,,,
129081,Hafsatu Kamara,Hafsatu Kamara,Hafsatu•Kamara,,,,,Female,1991-12-07,Alexandria,Virginia,268,,,,,,163,,Competed in Olympic Games • Other,,,,
129083,Daneja Grandovec,Daneja Grandovec,Daneja•Grandovec,,,,,Female,1984-07-02,Maribor,Maribor,239,,,,,,175,58,Competed in Olympic Games,AD Stajerska Maribor,,,
129084,Maja Mihalinec,Maja Mihalinec (-Zidar),Maja•Mihalinec,,,,,Female,1989-12-17,Mozirje,Mozirje,239,,,,,,175,65,Competed in Olympic Games,AK Velenje,,,
129085,Maruša Černjul,Maruša Černjul,Maruša•Černjul,,,,,Female,1992-06-30,Celje,Celje,239,,,,,,177,56,Competed in Olympic Games,"Nebraska Cornhuskers, USA",,,
129094,Sharon Firisua,Sharon Kikini Firisua,Sharon•Firisua,,,,,Female,1993-12-15,Auki,Malaita,226,,,,,,,,Competed in Olympic Games • Other,"Glenhuntly Athletic Club, Melbourne, AUS",,,
129095,Maryan Muse,Maryan Nuh Muse,Maryan•Muse,مريان نوح•موسي,,,,Female,1997-01-01,,,,,,,,,,,Competed in Olympic Games • Competed in Youth Olympic Games,,,,
129096,Amela Terzić,Amela Terzić (-Ljajic),Amela•Terzić,Амела•Терзић,,,,Female,1993-01-02,Priboj,Zlatibor,231,,,,,,169,54,Competed in Olympic Games,AK Novi Pazar,,,
129097,Tamara Salaški,Tamara Salaški (Marković-),Tamara•Salaški,Тамара•Салашки,,,,Female,1988-10-16,Valjevo,Kolubara,231,,,,,,165,54,Competed in Olympic Games,"Crvena Zvezda, Beograd",,,
129121,Niluka Geethani Rajasekara,Bogaha Kotuwe Gedara Niluka Geethani Rajasekara,Niluka Geethani•Rajasekara,,,,,Female,1982-03-17,Maha Nuvara (Kandy),Madhyama,155,,,,,,155,42,Competed in Olympic Games,Sri Lanka Army,,,
129123,Margret Hassan,Margret Rumat Hassan,Margret•Hassan,,,,,Female,1997-08-12,Wau,Western Bahr el Ghazal,233,,,,,,160,55,Competed in Olympic Games • Competed in Youth Olympic Games,,,,
129125,Ajla del Ponte,Ajla del Ponte,Ajla•del Ponte,,,,,Female,1996-07-15,Locarno,Ticino,54,,,,,,168,56,Competed in Olympic Games,US Ascona,,,
129126,Angelica Moser,Angelica Moser,Angelica•Moser,,,Angi,,Female,1997-10-09,Plano,Texas,268,,,,,,169,65,Competed in Olympic Games • Competed in Youth Olympic Games • Other,LC Zürich,,,
129127,Clélia Rard-Reuse,Clélia Rard-Reuse,Clélia•Rard-Reuse,,,,,Female,1988-08-01,Riddes,Valais,54,,,,,,170,56,Competed in Olympic Games,CABV Martigny,,,
129128,Fabienne Schlumpf,Fabienne Schlumpf,Fabienne•Schlumpf,,,,,Female,1990-11-17,Wetzikon,Zürich,54,,,,,,183,62,Competed in Olympic Games,TG Hütten,,,
129129,Petra Fontanive,Petra Fontanive,Petra•Fontanive,,,,,Female,1988-10-10,Zürich,Zürich,54,,,,,,170,60,Competed in Olympic Games,LAC TV Unterstrass Zürich,,,
129130,Salomé Kora,Salomé Kpayero Kora Joseph,Salomé•Kora,,,,,Female,1994-06-08,Sankt Gallen,Sankt Gallen,54,,,,,,173,66,Competed in Olympic Games,"LC Brühl, Sankt Gallen (SUI)",,,
129131,Sarah Atcho,Sarah Atcho,Sarah•Atcho,,,,,Female,1995-06-01,Lausanne,Vaud,54,,,,,,180,63,Competed in Olympic Games,"Lausanne-Sports, Lausanne (SUI)",,,
129132,Selina Büchel,Selina Christina Büchel (-Rutz),Selina•Büchel,,,,,Female,1991-07-26,Flawil,Sankt Gallen,54,,,,,,167,57,Competed in Olympic Games,KTV Bütschwil,,,
129154,Sunayna Wahi,Sunayna Wahi,Sunayna•Wahi,,,,,Female,1990-08-14,Paramaribo,Paramaribo,237,,,,,,,,Competed in Olympic Games,,,,
129157,Iveta Putalová,Iveta Putalová,Iveta•Putalová,,,,,Female,1988-03-24,Bratislava,Bratislava,238,,,,,,173,60,Competed in Olympic Games,BK HNTN Bratislava,,,
129158,Mária Gáliková,Mária Gáliková,Mária•Gáliková,,,,,Female,1980-08-21,Nová Baňa,Banská Bystrica,238,,,,,,161,50,Competed in Olympic Games,VSC Dukla Banska Bystrica,,,
129164,Meraf Bahta,Meraf Bahta Ogbagaber,Meraf•Bahta,,,,,Female,1989-06-24,Deki Shehaye,Gash-Barka,86,,,,,,176,52,Competed in Olympic Games,"Hälle IF, Ljungskile, Uddevalla (SWE)",,,
129165,Charlotta Fougberg,Charlotta Emma Katarina Fougberg,Charlotta•Fougberg,,,,,Female,1985-06-19,Lerum,Västra Götaland,240,,,,,,165,51,Competed in Olympic Games,"Ullevi FK, Göteborg (SWE)",,,
129166,Erika Kinsey,Erika Anna Kristina Kinsey (Wiklund-),Erika•Kinsey,,,,,Female,1988-03-10,Östersund,Jämtland,240,,,,,,185,68,Competed in Olympic Games,"Trångsvikens IF, Östersund",,,
129167,Khaddi Sagnia,"Khadijatou Victoria ""Khaddi"" Sagnia",Khaddi•Sagnia,,,,,Female,1994-04-20,Helsingborg,Skåne,240,,,,,,173,64,Competed in Olympic Games • Competed in Youth Olympic Games,"Ullevi FK, Göteborg (SWE)",,,
129168,Lovisa Lindh,Lovisa Tora Yvonne Lindh,Lovisa•Lindh,,,,,Female,1991-07-09,Kungälv,Västra Götaland,240,,,,,,169,57,Competed in Olympic Games,"Ullevi FK, Göteborg",,,
129169,Michaela Meijer,Sara Michaela Meijer,Michaela•Meijer,,,,,Female,1993-07-30,Göteborg (Gothenburg),Västra Götaland,240,,,,,,172,60,Competed in Olympic Games,"Örgryte IS, Göteborg",,,
129170,Sarah Lahti,Sarah Maria Lahti (-van der Wielen),Sarah•Lahti,,,,,Female,1995-02-18,Klippan,Skåne,240,,,,,,177,57,Competed in Olympic Games,"Hässelby SK, Hässelby, Stockholm (SWE)",,,
129171,Sofie Skoog,Sofie Natalie Skoog,Sofie•Skoog,,,,,Female,1990-06-07,Ekshärad,"Hagfors, Värmland",240,,,,,,180,74,Competed in Olympic Games,IF Göta Karlstad,,,
129211,Sara Ramadhani,Sara Ramadhani Makera,Sara•Ramadhani,,,,,Female,1987-12-30,Arusha,Arusha,263,,,,,,,45,Competed in Olympic Games,,,,
129213,Taina Halasima,Taina Halasima,Taina•Halasima,,,,,Female,1997-12-11,Feletoa,Vava'u,256,,,,,,163,65,Competed in Olympic Games,,,,
129215,Jane Vongvorachoti,Jane Vongvorachoti,Jane•Vongvorachoti,เจน•วงษ์วรโชติ,,,,Female,1984-01-07,New York,New York,268,,,,,,166,53,Competed in Olympic Games,"Henwood's Hounds Racing Team, USA",,,
129216,Natthaya Thanaronnawat,Natthaya Thanaronnawat,Natthaya•Thanaronnawat,ณัฐธยาน์•ธนรณวัฒน์,,Fon,,Female,1979-06-12,Lamphun,Lamphun,250,,,,,,158,47,Competed in Olympic Games,,,,
129217,Subenrat Insaeng,Subenrat Insaeng,Subenrat•Insaeng,สุเบญรัตน์•อินแสง,,Kob,,Female,1994-02-10,Surat Thani,Surat Thani,250,,,,,,182,82,Competed in Olympic Games • Competed in Youth Olympic Games,,,,
129234,Kristina Pronzhenko,Kristina Pronzhenko,Kristina•Pronzhenko,,,,,Female,1988-12-10,Buston,Sughd,251,,,,,,172,60,Competed in Olympic Games,,,,
129236,Ýelena Rýabowa,Ýelena Rýabowa,Ýelena•Rýabowa,,,,,Female,1990-11-03,Aşgabat,Ashgabat,252,,,,,,170,56,Competed in Olympic Games,,,,
129241,Nelia Martins,Nelia Martins,Nelia•Martins,,,,,Female,1998-07-09,,,,,,,,,150,,Competed in Olympic Games • Competed in Youth Olympic Games • Other,,,,
129243,Prenam Pesse,Prenam Pesse,Prenam•Pesse,,,,,Female,1997-12-31,,,,,,,,,,,Competed in Olympic Games,,,,
129246,Hsieh Chien-Ho,Hsieh Chien-Ho,Hsieh•Chien-Ho,謝•千鶴,,,Oriental,Female,1987-11-25,?,,12,,,,,,164,48,Competed in Olympic Games,,,,
129247,Chen Yu-Hsuan,Chen Yu-Hsuan,Chen•Yu-Hsuan,陳•宇璿,,,Oriental,Female,1993-01-16,,,,,,,,,157,50,Competed in Olympic Games,,,,
129262,Khalifa St. Fort,Khalifa St. Fort,Khalifa•St. Fort,,,,,Female,1998-02-13,Miami,Florida,268,,,,,,165,50,Competed in Olympic Games,,,,
129263,Reyare Thomas,Reyare Mary Thomas,Reyare•Thomas,,,,,Female,1987-11-23,Mount Hope,Tunapuna-Piarco,259,,,,,,175,59,Competed in Olympic Games,"Abilene Christian Wildcats, USA",,,
129264,Sparkle McKnight,Sparkle McKnight,Sparkle•McKnight,,,,,Female,1991-12-21,Chaguanas,Chaguanas,259,,,,,,158,55,Competed in Olympic Games • Non-starter,"Maximising Velocity and Power Track Club, Kingston, JAM",,,
129267,Chahinez Nasri,Chahinez Nasri,Chahinez•Nasri,شاهيناز•ناصري,,,,Female,1996-06-03,,,,,,,,,168,51,Competed in Olympic Games,"CA Balma Athlètisme, Balma (FRA)",,,
129279,Emel Dereli,Emel Dereli,Emel•Dereli,,,,,Female,1996-02-25,Yenice,Karabük,261,,,,,,181,110,Competed in Olympic Games,"Enka SK, Istanbul",,,
129280,Esma Aydemir,Esma Aydemir Apak,Esma•Aydemir,,,,,Female,1992-01-01,Karakeçili,Kırıkkale,261,,,,,,160,48,Competed in Olympic Games,"Bursa BBSK, Bursa (TUR)",,,
129281,Meryem Akdağ,Meryem (Mirriam Jepchirchir-) Akdağ (Mayo-),Meryem•Akdağ,,,,,Female,1992-08-05,?,,138,,,,,,171,51,Competed in Olympic Games,"Enka SK, Istanbul",,,
129282,Meryem Erdoğan,"Meryem (Mariam-) Erdoğan (Tanga-, Hana Dingo-)",Meryem•Erdoğan,,,,,Female,1990-04-24,?,,89,,,,,,172,55,Competed in Olympic Games,"Kasımpaşa SK, Istanbul",,,
129283,Tuğba Güvenç,Tuğba Güvenç,Tuğba•Güvenç,,,,,Female,1994-07-09,İstanbul,İstanbul,261,,,,,,173,52,Competed in Olympic Games,"Enka SK, Istanbul",,,
129284,Yasemin Can,Yasemin Can,Yasemin•Can,,Vivian Jemutai,,,Female,1996-12-11,Eldoret,Uasin Gishu,138,,,,,,166,49,Competed in Olympic Games,"Enka Spor Kulubü, İstanbul (TUR)",,,
129309,Alia Saeed,Alia Saeed Mohammed,Alia•Saeed,علياء•سعيد محمد,Medina Kadir,,,Female,1991-05-18,?,,89,,,,,,158,54,Competed in Olympic Games,,,,
129312,Halimah Nakaayi,Halimah Nakaayi,Halimah•Nakaayi,,,,,Female,1994-10-16,Seeta,"Mukono, Central",264,,,,,,,,Competed in Olympic Games • Competed in Youth Olympic Games • Other,,,,
129313,Juliet Chekwel,Juliet Chekwel,Juliet•Chekwel,,,,,Female,1990-05-25,Kapchorwa,Eastern,264,,,,,,,,Competed in Olympic Games,,,,
129314,Nyakisi Adero,Nyakisi Adero,Nyakisi•Adero,,,,,Female,1986-07-02,,,,,,,,,,,Competed in Olympic Games,Prisons,,,
129315,Peruth Chemutai,Peruth Chemutai,Peruth•Chemutai,,,,,Female,1999-07-10,Kapchorwa,Eastern,264,,,,,,,,Competed in Olympic Games,Uganda Police Club,,,
129316,Stella Chesang,Stella Chesang,Stella•Chesang,,,,,Female,1996-12-01,Namoryo,Eastern,264,,,,,,,,Competed in Olympic Games,,,,
129317,Winnie Nanyondo,Winnie Nanyondo,Winnie•Nanyondo,,,,,Female,1993-08-23,Mulago,Central,264,,,,,,,,Competed in Olympic Games,,,,
129320,Alina Fodorova,Alina Yanivna Fodorova,Alina•Fodorova,Аліна Янівна•Фьодорова,,,,Female,1989-07-31,Kniazhychi,Kyiv Oblast,265,,,,,,175,70,Competed in Olympic Games,,,,
129321,Anna Kornuta,Anna Mykolaïvna Kornuta,Anna•Kornuta,Анна Миколаївна•Корнута,,,,Female,1988-11-10,Zaporizhzhia,Zaporizhzhia,265,,,,,,170,55,Competed in Olympic Games,Dynamo,,,
129322,Anna Lunova,Anna Volodymyrivna Lunova (Yermakova-),Anna•Lunova,Анна Володимирівна•Луньова (Єрмакова-),,,,Female,1991-10-01,Merefa,Kharkiv,265,,,,,,176,60,Competed in Olympic Games,Dynamo,,,
129323,Hanna Plotitsyna,Hanna Oleksandrivna Plotitsyna,Hanna•Plotitsyna,Ганна Олександрівна•Плотіцина,,,,Female,1987-01-01,Sumy,Sumy,265,,,,,,182,73,Competed in Olympic Games,,,,
129324,Halyna Obleshchuk,Halyna Yaroslavivna Obleshchuk,Halyna•Obleshchuk,Галина Ярославівна•Облещук,,,,Female,1989-02-23,Ivano-Frankivsk,Ivano-Frankivsk,265,,,,,,177,94,Competed in Olympic Games,,,,
129325,Inna Kashyna,Inna Oleksandrivna Kashyna,Inna•Kashyna,Інна Олександрівна•Кашина,,,,Female,1991-09-27,Sumy,Sumy,265,,,,,,162,48,Competed in Olympic Games,Sumy School of Supreme Sports Skill,,,
129326,Iryna Herashchenko,Iryna Ihorivna Herashchenko,Iryna•Herashchenko,Ірина Ігорівна•Геращенко,,,,Female,1995-03-10,Kyiv,Kyiv,265,,,,,,181,61,Competed in Olympic Games,Armed Forces / Kiev Specialised Youth Sports School of Olympic Reserve No.16,,,
129327,Iryna Klymets,Iryna Volodymyrivna Klymets,Iryna•Klymets,Ірина Володимирівна•Климець,,Ira,,Female,1994-10-04,Chetvertnia,Volyn,265,,,,,,168,78,Competed in Olympic Games,Lutsk Regional Youth Sports School / Lutsk School of Supreme Sports Skill,,,
129328,Yuliya Olishevska,Yuliya Anatoliïvna Olishevska (Shpihernyuk-),Yuliya•Olishevska,Юлія Анатоліївна•Олішевська (Шпігернюк-),,,,Female,1989-02-02,Berdychiv,Zhytomyr,265,,,,,,167,58,Competed in Olympic Games,,,,
129329,Kateryna Derun,Kateryna Oleksandrivna Derun,Kateryna•Derun,Катерина Олександрівна•Дерун,,,,Female,1993-09-24,Shpykiv,Vinnytsia,265,,,,,,167,75,Competed in Olympic Games • Competed in Youth Olympic Games,Kiev Regional School of Supreme Sports Skill,,,
129330,Maryna Bekh-Romanchuk,Maryna Oleksandrivna Bekh-Romanchuk,Maryna•Bekh-Romanchuk,Марина Олександрівна•Бех-Романчук,,,,Female,1995-07-18,Khmelnytskyi,Khmelnytskyi,265,,,,,,174,62,Competed in Olympic Games,,,,
129331,Maryna Kylypko,Maryna V'iacheslavivna Kylypko,Maryna•Kylypko,Марина В'ячеславівна•Килипко,,,,Female,1995-11-10,Kharkiv,Kharkiv,265,,,,,,164,58,Competed in Olympic Games,,,,
129332,Mariya Shatalova,Mariya Yuriïvna Shatalova,Mariya•Shatalova,Марія Юріївна•Шаталова,,,,Female,1989-03-01,Kerch,Krym,265,,,,,,169,56,Competed in Olympic Games,Central Sports Club of the Armed Forces,,,
129333,Nataliya Lehonkova,Nataliya Serhiïvna Lehonkova,Nataliya•Lehonkova,Наталія Сергіївна•Легонькова,,,,Female,1982-12-27,?,,137,,,,,,161,48,Competed in Olympic Games,Armed Forces,,,
129334,Nataliya Pryshchepa,Nataliya Oleksandrivna Pryshchepa (-Krol),Nataliya•Pryshchepa,Наталія Олександрівна•Прищепа,,,,Female,1994-09-11,Rivne,Rivne,265,,,,,,163,48,Competed in Olympic Games,Rivne Running Club,,,
129335,Nataliya Strohova,Nataliya Yevhenivna Strohova,Nataliya•Strohova,Наталія Євгенівна•Строгова,,,,Female,1992-12-26,Neryungri,Respublika Sakha,219,,,,,,169,65,Competed in Olympic Games,Dynamo Luhansk,,,
129336,Nataliya Zolotukhina,Nataliya Olehivna Zolotukhina,Nataliya•Zolotukhina,Наталія Олегівна•Золотухіна,,,,Female,1985-01-04,Kharkiv,Kharkiv,265,,,,,,180,87,Competed in Olympic Games,,,,
129337,Oksana Okunieva,Oksana Hryhorivna Okunieva,Oksana•Okunieva,Оксана Григорівна•Окунєва,,,,Female,1990-03-14,Mykolaïv,Mykolaïv,265,,,,,,175,63,Competed in Olympic Games,Spartak,,,
129338,Oksana Shkurat,Oksana Yuriïvna Shkurat,Oksana•Shkurat,Оксана Юріївна•Шкурат,,,,Female,1993-07-30,Sumy,Sumy,265,,,,,,170,53,Competed in Olympic Games,,,,
129339,Olena Kolesnichenko,Olena Dmytrivna Kolesnichenko,Olena•Kolesnichenko,Олена Дмитрівна•Колесніченко,,,,Female,1993-06-03,Rivne,Rivne,265,,,,,,172,57,Competed in Olympic Games • Competed in Youth Olympic Games,Rivne Running Club,,,
129340,Olena Yanovska,Olena Oleksandrivna Yanovska,Olena•Yanovska,Олена Олександрівна•Яновська,,,,Female,1990-02-15,Lutsk,Volyn,265,,,,,,171,62,Competed in Olympic Games,Vinnytsia,,,
129341,Olha Holodna,Olha Anatoliïvna Holodna,Olha•Holodna,Ольга Анатоліївна•Голодна,,,,Female,1991-11-14,Mryn,Chernihiv,265,,,,,,183,96,Competed in Olympic Games,,,,
129342,Olha Bibik,Olha Anatoliïvna Bibik,Olha•Bibik,Ольга Анатоліївна•Бібік,,,,Female,1990-02-05,Chernihiv,Chernihiv,265,,,,,,178,64,Competed in Olympic Games,Dynamo-Spartak,,,
129343,Olha Kotovska,Olha Yevstafiïvna Kotovska,Olha•Kotovska,Ольга Євстафіївна•Котовська,,,,Female,1983-12-05,Rivne,Rivne,265,,,,,,167,50,Competed in Olympic Games,Ukraina,,,
129344,Olha Liakhova,Olha Oleksandrivna Liakhova,Olha•Liakhova,Ольга Олександрівна•Ляхова,,,,Female,1992-03-18,Rubizhne,Luhansk,265,,,,,,174,60,Competed in Olympic Games,"Fenerbahce SK, Istanbul, TUR",,,
129345,Ruslana Tsykhotska,Ruslana Petrivna Tsykhotska,Ruslana•Tsykhotska,Руслана Петрівна•Цихоцька,,,,Female,1986-03-23,Magdagachi,Amur,219,,,,,,165,56,Competed in Olympic Games,Armed Forces / Chernivtsi School of Supreme Sports Skill,,,
129346,Svitlana Stanko,Svitlana Oleksandrivna Stanko (Klymenko-),Svitlana•Stanko,Світлана Олександрівна•Станко (Клименко-),,,,Female,1976-05-13,Rivne,Rivne,265,,,,,,168,47,Competed in Olympic Games,,,,
129347,Tetiana Melnyk,Tetiana Yuriïvna Melnyk,Tetiana•Melnyk,Тетяна Юріївна•Мельник,,,,Female,1995-04-02,Kropyvnytskyi,Kirovohrad,265,,,,,,185,63,Competed in Olympic Games,,,,
129348,Valentyna Myronchuk,Valentyna Oleksandrivna Myronchuk (-Naiavka),Valentyna•Myronchuk,Валентина Олександрівна•Мирончук (-Наявка),,,,Female,1994-08-10,Liubeshiv,Volyn,265,,,,,,167,55,Competed in Olympic Games,,,,
129349,Viktoriya Tkachuk,Viktoriya Viktorivna Tkachuk,Viktoriya•Tkachuk,Вікторія Вікторівна•Ткачук,,,,Female,1994-11-08,Netishyn,Khmelnytskyi,265,,,,,,178,67,Competed in Olympic Games,Donetsk Regional School of Supreme Sports Skill,,,
129350,Yuliya Levchenko,Yuliya Andriïvna Levchenko,Yuliya•Levchenko,Юлія Андріївна•Левченко,,,,Female,1997-11-28,Kyiv,Kyiv,265,,,,,,179,59,Competed in Olympic Games • Competed in Youth Olympic Games,,,,
129397,Abbey D'Agostino,"Abigail ""Abbey"" D'Agostino (-Cooper)",Abbey•D'Agostino,,,,,Female,1992-05-25,Boston,Massachusetts,268,,,,,,160,50,Competed in Olympic Games,New Balance Boston,,,
129398,Ajeé Wilson,Ajeé Leneé Wilson,Ajeé•Wilson,,,,,Female,1994-05-08,Philadelphia,Pennsylvania,268,,,,,,173,61,Competed in Olympic Games,Juventus Track Club,,,
129399,Lexi Weeks,"Alexis ""Lexi"" Weeks (-Jacobus)",Lexi•Weeks,,,,,Female,1996-11-20,Jacksonville,Arkansas,268,,,,,,168,59,Competed in Olympic Games,University of Arkansas,,,
129400,Andrea Geubelle,Andrea Geubelle,Andrea•Geubelle,,,,,Female,1991-06-26,Lakewood,Washington,268,,,,,,163,58,Competed in Olympic Games,,,,
129401,Ashley Spencer,Ashley Spencer,Ashley•Spencer,,,,,Female,1993-06-08,Indianapolis,Indiana,268,,,,,,178,59,Competed in Olympic Games,"Nike, Beaverton (USA)",,,
129402,Barbara Nwaba,Barbara Udoezi Nwaba (-Fitzsimons),Barbara•Nwaba,,,,,Female,1989-01-18,Los Angeles,California,268,,,,,,175,66,Competed in Olympic Games,Santa Barbara Track Club,,,
129403,Brenda Martinez,Brenda Martinez,Brenda•Martinez,,,,,Female,1987-09-08,Upland,California,268,,,,,,170,56,Competed in Olympic Games,Big Bear Track Club,,,
129404,Brianna Rollins,Brianna Rollins (-McNeal),Brianna•Rollins,,,Brirollin,,Female,1991-08-18,Miami,Florida,268,,,,,,165,59,Competed in Olympic Games,"Nike, Beaverton (USA)",,,
129405,Christina Epps,Christina Epps,Christina•Epps,,,,,Female,1991-06-20,Bronx,New York,268,,,,,,175,66,Competed in Olympic Games,"adidas, Herzogenaurach (GER)",,,
129406,Chrishuna Williams,Chrishuna Williams,Chrishuna•Williams,,,,,Female,1993-03-31,Bossier City,Louisiana,268,,,,,,160,55,Competed in Olympic Games,"Nike, Beaverton (USA)",,,
129407,Colleen Quigley,Colleen Quigley,Colleen•Quigley,,,,,Female,1992-11-20,St. Louis,Missouri,268,,,,,,175,61,Competed in Olympic Games,"Nike, Beaverton (USA)",,,
129408,Courtney Frerichs,Courtney Rose Frerichs (-Humphreys),Courtney•Frerichs,,,,,Female,1993-01-18,Barrington,Illinois,268,,,,,,170,54,Competed in Olympic Games,"Nike, Beaverton (USA)",,,
129409,Courtney Okolo,Courtney Okolo,Courtney•Okolo,,,,,Female,1994-03-15,Dallas,Texas,268,,,,,,173,59,Competed in Olympic Games,University of Texas,,,
129410,Dalilah Muhammad,Dalilah Muhammad,Dalilah•Muhammad,,,,,Female,1990-02-07,Jamaica,"New York, New York",268,,,,,,173,55,Competed in Olympic Games,"Nike, Beaverton (USA)",,,
129411,DeAnna Price,DeAnna Marie Price,DeAnna•Price,,,,,Female,1993-06-08,St. Charles,Missouri,268,,,,,,173,100,Competed in Olympic Games,Southern Illinois University,,,
129412,Deajah Stevens,Deajah Stevens,Deajah•Stevens,,,,,Female,1995-05-19,Baltimore,Maryland,268,,,,,,175,65,Competed in Olympic Games,University of Oregon,,,
129413,Emily Infeld,Emily Infeld,Emily•Infeld,,,,,Female,1990-03-21,University Heights,Ohio,268,,,,,,163,50,Competed in Olympic Games,"Nike, Beaverton (USA)",,,
129414,English Gardner,English Gardner,English•Gardner,,,"Eazy, Mighty Might",,Female,1992-04-22,Philadelphia,Pennsylvania,268,,,,,,168,55,Competed in Olympic Games,"Nike, Beaverton (USA)",,,
129415,Felisha Johnson,Felisha Johnson,Felisha•Johnson,,,,,Female,1989-07-24,Indianapolis,Indiana,268,,,,,,185,127,Competed in Olympic Games,"Nike, Beaverton (USA)",,,
129416,Gwen Berry,"Gwendolyn Denise ""Gwen"" Berry",Gwen•Berry,,,,,Female,1989-06-29,Centerville,Illinois,268,,,,,,175,89,Competed in Olympic Games,"NYAC, New York (USA)",,,
129417,Heather Miller-Koch,Heather Miller-Koch,Heather•Miller-Koch,,,,,Female,1987-03-30,Madison,Wisconsin,268,,,,,,175,64,Competed in Olympic Games,Central Park Track Club,,,
129418,Inika McPherson,Inika McPherson,Inika•McPherson,,,,,Female,1986-09-29,Galveston,Texas,268,,,,,,165,52,Competed in Olympic Games,,,,
129419,Jenna Prandini,Jenna Elizabeth Prandini,Jenna•Prandini,,,,,Female,1992-11-20,Fresno,California,268,,,,,,173,60,Competed in Olympic Games,Puma,,,
129420,Kate Grace,Kate Grace,Kate•Grace,,,,,Female,1988-10-24,Los Angeles,California,268,,,,,,173,55,Competed in Olympic Games,"NorCal Distance Project, Sacramento",,,
129421,Kelsey Card,Kelsey Card,Kelsey•Card,,,,,Female,1992-08-20,Springfield,Illinois,268,,,,,,178,116,Competed in Olympic Games,"Wisconsin Badgers, Madison (USA)",,,
129422,Kendell Williams,Kendell Alliya-Jelani Williams,Kendell•Williams,,,,,Female,1995-06-14,Arlington,Virginia,268,,,,,,178,67,Competed in Olympic Games,University of Georgia / Nike,,,
129423,Keturah Orji,Keturah Amarachukwu Orji (-Smith),Keturah•Orji,,,,,Female,1996-03-05,Hoboken,New Jersey,268,,,,,,165,61,Competed in Olympic Games,University of Georgia,,,
129424,Kristi Castlin,Kristi Castlin,Kristi•Castlin,,,,,Female,1988-07-07,Atlanta,Georgia,268,,,,,,170,60,Competed in Olympic Games,,,,
129425,Maggie Malone,Maggie Malone,Maggie•Malone,,,,,Female,1993-12-30,College Station,Texas,268,,,,,,173,77,Competed in Olympic Games,"Texas A&M Aggies, College Station (USA)",,,
129426,Marielle Hall,Marielle Hall,Marielle•Hall,,,,,Female,1992-01-28,Philadelphia,Pennsylvania,268,,,,,,160,51,Competed in Olympic Games,"Nike, Beaverton (USA)",,,
129427,Miranda Melville,Miranda Melville,Miranda•Melville,,,,,Female,1989-03-20,Rochester,New York,268,,,,,,157,50,Competed in Olympic Games,"NYAC, New York (USA)",,,
129428,Morolake Akinosun,Morolake Akinosun,Morolake•Akinosun,,,,,Female,1994-05-17,Lagos,Lagos,191,,,,,,163,61,Competed in Olympic Games,"Texas Longhorns, Austin (USA)",,,
129429,Nia Ali,Nia Sifaatihii Ali,Nia•Ali,,,,,Female,1988-10-23,Philadelphia,Pennsylvania,268,,,,,,170,65,Competed in Olympic Games,"Nike, Beaverton (USA)",,,
129430,Phyllis Francis,Phyllis Chanez Francis,Phyllis•Francis,,,Philly,,Female,1992-05-04,New York,New York,268,,,,,,180,72,Competed in Olympic Games,"Nike, Beaverton (USA)",,,
129431,Raven Saunders,Raven Saunders,Raven•Saunders,,,Hulk,,Female,1996-05-15,Charleston,South Carolina,268,,,,,,165,109,Competed in Olympic Games,University of Mississippi,,,
129432,Sandi Morris,Sandi Lynn Morris (-Smith),Sandi•Morris,,,,,Female,1992-07-08,Downers Grove,Illinois,268,,,,,,173,62,Competed in Olympic Games,"Nike, Beaverton (USA)",,,
129433,Shelby Houlihan,Shelby Christine Prince Houlihan,Shelby•Houlihan,,,,,Female,1993-02-08,Sioux City,Iowa,268,,,,,,160,54,Competed in Olympic Games,"Nike, Beaverton (USA)",,,
129434,Shelbi Vaughan,Shelbi Vaughan,Shelbi•Vaughan,,,"The Hammer, Throw Princess",,Female,1994-08-24,Weatherford,Texas,268,,,,,,183,127,Competed in Olympic Games,"Texas A&M Aggies, College Station (USA)",,,
129435,Sydney McLaughlin,Sydney Michelle McLaughlin (-Levrone),Sydney•McLaughlin,,,,,Female,1999-08-07,New Brunswick,New Jersey,268,,,,,,175,60,Competed in Olympic Games,"Union Catholic Regional High School, Schotch Plains",,,
129436,Taylor Ellis-Watson,Taylor Ellis-Watson (-Washington),Taylor•Ellis-Watson,,,,,Female,1993-05-06,Philadelphia,Pennsylvania,268,,,,,,183,65,Competed in Olympic Games,"adidas, Herzogenaurach (GER)",,,
129437,Tori Bowie,"Frentorish ""Tori"" Bowie",Tori•Bowie,,,,,Female,1990-08-27,Jackson,Mississippi,268,,2023-04-23,Winter Garden,Florida,268,175,58,Competed in Olympic Games,"adidas, Herzogenaurach (GER)",,,
129438,Vashti Cunningham,Vashti Maureen Cunningham,Vashti•Cunningham,,,Ti-Ti,,Female,1998-01-18,Las Vegas,Nevada,268,,,,,,185,56,Competed in Olympic Games,"Nike, Beaverton (USA)",,,
129439,Whitney Ashley,Whitney Jordan Ashley,Whitney•Ashley,,,,,Female,1989-02-18,Riverside,California,268,,,,,,178,91,Competed in Olympic Games,"Nike, Beaverton (USA)",,,
129577,Yekaterina Tunguskova,Yekaterina Tunguskova,Yekaterina•Tunguskova,Екатерина•Тунгускова,,,,Female,1988-05-10,Quqon (Kokand),Fargona,269,,,,,,,,Competed in Olympic Games,,,,
129578,Yekaterina Voronina,Yekaterina Voronina,Yekaterina•Voronina,Екатерина•Воронина,,,,Female,1992-02-16,Toshkent,Toshkent Shahri,269,,,,,,173,65,Competed in Olympic Games,,,,
129579,Marina Khmelevskaya,Marina Khmelevskaya,Marina•Khmelevskaya,Марина•Хмелевская,,,,Female,1990-07-30,Fargona,Fargona,269,,,,,,165,60,Competed in Olympic Games,,,,
129580,Nigina Sharipova,Nigina Sharipova,Nigina•Sharipova,Нигина•Шарипова,,,,Female,1995-08-10,Buxoro (Bukhara),Buxoro,269,,,,,,,,Competed in Olympic Games,"College of Olympic Reserve, Bukhara",,,
129581,Sitora Khamidova,Sitora Khamidova,Sitora•Khamidova,Ситора•Хамидова,,,,Female,1989-05-12,Termez,Surxondaryo,269,,,,,,164,50,Competed in Olympic Games,,,,
129582,Valentina Kibalnikova,Valentina Kibalnikova,Valentina•Kibalnikova,Валентина•Кибальникова,,,,Female,1990-10-16,Toshkent,Toshkent Shahri,269,,,,,,174,56,Competed in Olympic Games,,,,
129593,Ahymará Espinoza,Ahymará del Carmen Espinoza Echenique,Ahymará•Espinoza,,,,,Female,1985-05-28,San José de Rio Chico,Miranda,271,,,,,,170,80,Competed in Olympic Games,,,,
129594,Yulimar Rojas,Yulimar del Valle Rojas Rodríguez,Yulimar•Rojas,,,,,Female,1995-10-21,Puerto La Cruz,Anzoátegui,271,,,,,,192,72,Competed in Olympic Games,FC Barcelona (ESP),,,
129608,Nguyễn Thị Huyền,Nguyễn Thị Huyền,Nguyễn•Thị Huyền,,,,Oriental,Female,1993-05-19,?,,14,,,,,,158,45,Competed in Olympic Games,,,,
129618,Kabange Mupopo,Kabange Mupopo,Kabange•Mupopo,,,"Kay, Kalaba",,Female,1992-09-21,Lusaka,Lusaka,281,,,,,,170,62,Competed in Olympic Games,,,,
129619,Rutendo Nyahora,Rutendo Joan Nyahora,Rutendo•Nyahora,,,,,Female,1988-11-11,Harare,Harare,282,,,,,,155,45,Competed in Olympic Games,Nedbank Running Club,,,
129638,Abdul Wahab Zahiri,Abdul Wahab Zahiri,Abdul Wahab•Zahiri,,,,,Male,1992-05-27,?,"Nangarhar, Nangarhar",19,,,,,,175,68,Competed in Olympic Games,,,,
129640,Izmir Smajlaj,Izmir Smajlaj,Izmir•Smajlaj,,,,,Male,1993-03-29,Shkodër,Shkodër,22,,,,,,195,86,Competed in Olympic Games,"Vllaznia, Shkodër (ALB)",,,
129641,Abdelmalik Lahoulou,Abdelmalik Lahoulou,Abdelmalik•Lahoulou,عبد المالك•لحولو,,Malek,,Male,1992-05-07,Jijel,Jijel,77,,,,,,177,72,Competed in Olympic Games,"GS Pétroliers, Al-Jaza'ir (ALG)",,,
129642,Ali Massaoudi,Ali Massaoudi,Ali•Massaoudi,علي•مسعودي,,,,Male,1995-10-13,,,,,,,,,178,63,Competed in Olympic Games,"Necira Nounou, Al-Jaza'ir (ALG)",,,
129643,Amine Belferar,Mohammed El-Amine Belferar,Amine•Belferar,أمين•بلفرار,,,,Male,1991-02-16,El Attaf,Aïn Defla,77,,,,,,175,65,Competed in Olympic Games,,,,
129644,Bilal Tabti,Bilal Tabti,Bilal•Tabti,بلال•ثابتي,,,,Male,1993-06-07,Jijel,Jijel,77,,,,,,175,62,Competed in Olympic Games • Competed in Youth Olympic Games,"GS Pétroliers, Al-Jaza'ir (ALG) / Amiens UC, Amiens (FRA)",,,
129645,El-Hadi Laameche,El-Hadi Laameche,El-Hadi•Laameche,الهادي•لعمش,,,,Male,1990-03-05,Chlef,Chlef,77,,,,,,165,60,Competed in Olympic Games,"CREPESM, Al-Jaza'ir (ALG)",,,
129646,Hakim Sadi,Hakim Sadi,Hakim•Sadi,حكيم•سعدي,,,,Male,1992-11-14,,,,,,,,,176,56,Competed in Olympic Games,"Necira Nounou, Al-Jaza'ir (ALG)",,,
129647,Hicham Bouchicha,Hicham Bouchicha,Hicham•Bouchicha,هشام•بوشيشة,,,,Male,1989-05-19,Jijel,Jijel,77,,,,,,182,64,Competed in Olympic Games,Centre de Regroupement et de Preparation des Equipes Nationales Militaires [CRPESM] (ALG),,,
129648,Larbi Bourrada,Larbi Bourrada,Larbi•Bourrada,العربي•بورعدة,,,,Male,1988-05-10,Ouled Hedadj,"Reghaia, Boumerdès",77,,,,,,188,88,Competed in Olympic Games • Other,,,,
129649,Miloud Rahmouni,Miloud Rahmouni,Miloud•Rahmouni,ميلود•رحماني,,,,Male,1982-12-30,,,,,,,,,178,62,Competed in Olympic Games,,,,
129650,Salim Keddar,Salim Keddar,Salim•Keddar,سليم•قدار,,,,Male,1993-11-23,Aïn Defla,Aïn Defla,77,,,,,,176,65,Competed in Olympic Games,"Association Sportive de la Protection Civile, Medea (ALG)",,,
129651,Yassine Hethat,Yassine Hethat,Yassine•Hethat,ياسين•حتحات,,,,Male,1991-08-30,Mascara,Mascara,77,,,,,,175,65,Competed in Olympic Games,Centre for Military Sports Teams,,,
129686,Pol Moya,Pol Moya Betriu,Pol•Moya,,,,,Male,1996-12-09,Seo de Urgel,Lérida,87,,,,,,178,62,Competed in Olympic Games • Other,Club Atletisme Valls d'Andorra,,,
129688,Hermenegildo Leite,Hermenegildo Leite,Hermenegildo•Leite,,,Gildo,,Male,2000-05-17,Luanda,Luanda,21,,,,,,171,63,Competed in Olympic Games,,,,
129694,Cejhae Greene,Cejhae Colin Greene,Cejhae•Greene,,,,,Male,1995-10-06,St. John's,Saint John,1,,,,,,174,72,Competed in Olympic Games • Other,"Athens Elite, USA",,,
129695,Chavaughn Walsh,Chavaughn Camarley Walsh,Chavaughn•Walsh,,,Hungry,,Male,1987-12-29,St. John's,Saint John,1,,,,,,180,66,Competed in Olympic Games,,,,
129696,Jared Jarvis,Jared Jarvis,Jared•Jarvis,,,Shark,,Male,1994-08-29,St. John's,Saint John,1,,,,,,,75,Competed in Olympic Games,,,,
129697,Tahir Walsh,Tahir Jelani Walsh,Tahir•Walsh,,,,,Male,1994-02-24,St. John's,Saint John,1,,,,,,182,91,Competed in Olympic Games • Competed in Youth Olympic Games • Other,,,,
129699,Federico Bruno,Federico Bruno,Federico•Bruno,,,,,Male,1993-06-18,Concordia,Entre Ríos,26,,,,,,185,66,Competed in Olympic Games • Competed in Youth Olympic Games,Asociacion Atletica FCMax,,,
129700,Luis Molina,Luis Ariel Molina,Luis•Molina,,,,,Male,1988-03-07,Chascomús,Provincia de Buenos Aires,26,,,,,,172,57,Competed in Olympic Games,Garmin,,,
129701,Mariano Mastromarino,Mariano Nicolás Mastromarino,Mariano•Mastromarino,,,,,Male,1982-09-15,Mar del Plata,Provincia de Buenos Aires,26,,,,,,169,56,Competed in Olympic Games,BA,,,
129786,Levon Aghasyan,Levon Aghasyan,Levon•Aghasyan,Լեւոն•Աղասյանը,,,,Male,1995-01-19,Kapan,Syunik,27,,,,,,193,75,Competed in Olympic Games,,,,
129806,Isaac Silafau,Isaac Phillipjunio Silafau,Isaac•Silafau,,,Mighty,,Male,1990-10-05,San Francisco,California,268,,,,,,175,68,Competed in Olympic Games,,,,
129811,Alex Hartmann,"Alexander ""Alex"" Hartmann",Alex•Hartmann,,,,,Male,1993-03-07,Elizabeth Vale,South Australia,30,,,,,,198,91,Competed in Olympic Games,Maroochy Athletics Club,,,
129812,Brandon Starc,Brandon Starc,Brandon•Starc,,,,,Male,1993-11-24,Baulkham Hills,New South Wales,30,,,,,,188,71,Competed in Olympic Games • Competed in Youth Olympic Games,,,,
129813,Brendon Reading,Brendon Reading,Brendon•Reading,,,Brenda,,Male,1989-01-26,Canberra,Australian Capital Territory,30,,,,,,183,62,Competed in Olympic Games,North Canberra-Gungahlin Athletics Club,,,
129814,Brett Robinson,Brett Robinson,Brett•Robinson,,,,,Male,1991-05-08,Florey,Australian Capital Territory,30,,,,,,176,60,Competed in Olympic Games,Melbourne Track Club,,,
129815,Damien Birkinhead,Damien Birkinhead,Damien•Birkinhead,,,"Damo, the Corio Colossus",,Male,1993-04-08,Whittington,Victoria,30,,,,,,190,140,Competed in Olympic Games • Competed in Youth Olympic Games,Corio Athletics Club,,,
129816,Dane Bird-Smith,Dane Alex Bird-Smith,Dane•Bird-Smith,,,Danish,,Male,1992-07-15,Kippa-Ring,Queensland,30,,,,,,187,72,Competed in Olympic Games,Queensland Racewalking Club,,,
129817,Hamish Peacock,Hamish Peacock,Hamish•Peacock,,,The Tassie Titan,,Male,1990-10-15,Hobart,Tasmania,30,,,,,,185,98,Competed in Olympic Games,University of Tasmania Athletics Club,,,
129818,Joel Baden,Joel Baden,Joel•Baden,,,,,Male,1996-02-01,Geelong,Victoria,30,,,,,,190,70,Competed in Olympic Games,Melbourne University Athletics Club,,,
129819,Josh Robinson,"Joshua ""Josh"" Robinson",Josh•Robinson,,,Chop,,Male,1985-10-04,Brisbane,Queensland,30,,,,,,187,92,Competed in Olympic Games,University of Queensland,,,
129820,Kurtis Marschall,Kurtis Marschall,Kurtis•Marschall,,,,,Male,1997-04-25,North Adelaide,South Australia,30,,,,,,187,78,Competed in Olympic Games,Western Districts Athletics Club,,,
129821,Liam Adams,Liam Adams,Liam•Adams,,,Sledgehammer,,Male,1986-09-04,Melbourne,Victoria,30,,,,,,178,64,Competed in Olympic Games,"Athletics Essendon, Melbourne (AUS)",,,
129822,Luke Mathews,Luke Mathews,Luke•Mathews,,,Lukey,,Male,1995-06-21,Williamstown,Victoria,30,,,,,,183,70,Competed in Olympic Games,Melbourne Track Club,,,
129823,Matthew Denny,Matthew Denny,Matthew•Denny,,,"Matt, Matty",,Male,1996-06-02,Toowoomba,Queensland,30,,,,,,195,118,Competed in Olympic Games,Queensland Academy of Sport,,,
129824,Patrick Tiernan,Patrick Tiernan,Patrick•Tiernan,,,,,Male,1994-09-11,Toowoomba,Queensland,30,,,,,,183,83,Competed in Olympic Games,"Villanova Wildcats, USA",,,
129825,Peter Bol,"Nagmeldin ""Peter"" Bol",Peter•Bol,,,,,Male,1994-02-22,Khartoum,Al-Khartum,223,,,,,,177,63,Competed in Olympic Games,Curtin University (AUS) / Victorian Institute of Sport [VIS] (AUS),,,
129826,Rhydian Cowley,Rhydian Cowley,Rhydian•Cowley,,,,,Male,1991-01-04,Glen Waverley,Victoria,30,,,,,,181,65,Competed in Olympic Games,Glenhuntly Athletics Club,,,
129827,Sam McEntee,Sam McEntee,Sam•McEntee,,,,,Male,1992-02-03,East Melbourne,Victoria,30,,,,,,191,67,Competed in Olympic Games,Melbourne Track Club,,,
129828,Scott Westcott,Scott Westcott,Scott•Westcott,,,Westy,,Male,1975-09-25,Parkes,New South Wales,30,,,,,,179,64,Competed in Olympic Games,Lake Macquarie AC,,,
129933,Lukas Weißhaidinger,Lukas Weißhaidinger,Lukas•Weißhaidinger,,,,,Male,1992-02-20,Schärding,Oberösterreich,31,,,,,,197,130,Competed in Olympic Games,"OTB-OO Leichtathletik, Linz",,,
129956,Evans Kiplagat,Evans Chebet Kiplagat Barkowet,Evans•Kiplagat,,,,,Male,1988-03-05,?,,138,,,,,,170,60,Competed in Olympic Games,,,,
129957,Nazim Babayev,Nazim Tahir oğlu Babayev,Nazim•Babayev,,,Niko,,Male,1997-10-08,Bakı,Bakı,32,,,,,,187,74,Competed in Olympic Games • Competed in Youth Olympic Games,"Neftci IK, Bakı",,,
129981,Adrian Griffith,Adrian Griffith,Adrian•Griffith,,,,,Male,1984-11-11,Nassau,New Providence,2,,,,,,178,75,Competed in Olympic Games,"Dickinson State University, USA",,,
129982,Alonzo Russell,"Alonzo Russell, III",Alonzo•Russell,,,AJ,,Male,1992-02-08,Freeport,City of Freeport,2,,,,,,174,68,Competed in Olympic Games,"Florida State Seminoles, USA",,,
129983,Jamal Wilson,Jamal Wilson,Jamal•Wilson,,,"Mally, High Flyer",,Male,1988-09-01,Nassau,New Providence,2,,,,,,,,Competed in Olympic Games,RC Athletics (BAH),,,
129984,Jeffery Gibson,Jeffery Gibson,Jeffery•Gibson,,,,,Male,1990-08-15,Freeport,City of Freeport,2,,,,,,,,Competed in Olympic Games,,,,
129985,Latario Collie-Minns,Latario Collie-Minns,Latario•Collie-Minns,,,,,Male,1994-03-10,Nassau,New Providence,2,,,,,,173,64,Competed in Olympic Games • Competed in Youth Olympic Games,"Texas A&M Aggies, College Station (USA)",,,
129986,Shavez Hart,Shavez Hart,Shavez•Hart,,,Sparky,,Male,1992-09-06,Coopers Town,North Abaco,2,,2022-09-02,Mount Hope,North Abaco,2,,,Competed in Olympic Games,,,,
129987,Steven Gardiner,Steven Gardiner,Steven•Gardiner,,,"Speedy Stevie, Stevie",,Male,1995-09-12,?,Moore's Island,2,,,,,,193,94,Competed in Olympic Games,adidas,,,
129988,Stephen Newbold,Stephen Newbold,Stephen•Newbold,,,Dirty,,Male,1994-08-05,?,Cat Island,2,,,,,,191,82,Competed in Olympic Games • Competed in Youth Olympic Games,"Florida State Seminoles, USA",,,
129989,Teray Smith,Teray Smith,Teray•Smith,,,,,Male,1994-09-28,Freeport,City of Freeport,2,,,,,,188,,Competed in Olympic Games,"Auburn Tigers, USA",,,
129991,Masbah Ahmmed,Masbah Ahmmed,Masbah•Ahmmed,,,,,Male,1995-03-11,Bagerhat,Khulna,37,,,,,,,,Competed in Olympic Games,Bangladesh Navy,,,
129994,"Burkheart Ellis, Jr.",Burkheart Ellis Jr.,"Burkheart•Ellis, Jr.",,,BJ,,Male,1992-09-18,Speightstown,Saint Peter,47,,,,,,191,85,Competed in Olympic Games,"Saint Augustine's University Falcons, USA",,,
129995,Levi Cadogan,Levi Asher Cadogan,Levi•Cadogan,,,The Young Eagle,,Male,1995-11-08,Bridgetown,Saint Michael,47,,,,,,181,78,Competed in Olympic Games,Quantum Leap Athletics Programme,,,
129999,Abraham Niyonkuru,Abraham Niyonkuru,Abraham•Niyonkuru,,,,,Male,1989-12-26,Mwaro,Mwaro,33,,,,,,162,52,Competed in Olympic Games,,,,
130000,Antoine Gakeme,Antoine Gakeme,Antoine•Gakeme,,,,,Male,1991-12-24,Musongati,Rutana,33,,,,,,169,60,Competed in Olympic Games,"Playas de Castellón, ESP",,,
130001,Célestin Nihorimbere,Pierre-Célestin Nihorimbere,Célestin•Nihorimbere,,,,,Male,1993-01-11,Bururi,Bururi,33,,,,,,167,55,Competed in Olympic Games,"Athletic Prato, ITA",,,
130004,Bashir Abdi,Bashir Abdi,Bashir•Abdi,,,,,Male,1989-02-10,Mogadishu,Banaadir,230,,,,,,176,56,Competed in Olympic Games,Topsporthal Vlaanderen (BEL) / NN Running Team (NED),,,
130005,Dylan Borlée,Dylan Borlée,Dylan•Borlée,,,,,Male,1992-09-20,Woluwe-Saint-Lambert,Région de Bruxelles-Capitale,34,,,,,,190,78,Competed in Olympic Games,"Olympic Essenbeek-Halle, Halle (BEL) / White Star Athletic, Bruxelles (BEL)",,,
130006,Florent Caelen,Florent Caelen,Florent•Caelen,,,,,Male,1989-03-01,Soumagne,Liège,34,,,,,,175,54,Competed in Olympic Games,FC Luik,,,
130007,Jeroen D'hoedt,Jeroen D'hoedt,Jeroen•D'hoedt,,,,,Male,1990-01-10,Halle,Vlaams Brabant,34,,,,,,183,63,Competed in Olympic Games,Olympic Essenbeek Halle,,,
130008,Julien Watrin,Julien Watrin,Julien•Watrin,,,,,Male,1992-06-27,Virton,Luxembourg,34,,,,,,185,74,Competed in Olympic Games,AC Dampicourt,,,
130009,Koen Naert,Koen Naert,Koen•Naert,,,,,Male,1989-09-03,Roeselare,West-Vlaanderen,34,,,,,,182,66,Competed in Olympic Games,Royal Excelsior Sports Club de Bruxelles [RESC] (BEL),,,
130010,Philip Milanov,Philip Milanov,Philip•Milanov,,,Low Tension,,Male,1991-07-06,Brugge (Bruges),West-Vlaanderen,34,,,,,,198,110,Competed in Olympic Games,Topsport Vlaanderen,,,
130011,Pieter-Jan Hannes,Pieter-Jan Hannes,Pieter-Jan•Hannes,,,PJ,,Male,1992-10-30,Mortsel,Antwerpen,34,,,,,,186,72,Competed in Olympic Games,Topsport Vlaanderen,,,
130012,Thomas Van der Plaetsen,Thomas Van der Plaetsen,Thomas•Van der Plaetsen,,,,,Male,1990-12-24,Gent (Ghent),Oost-Vlaanderen,34,,,,,,186,81,Competed in Olympic Games,,,,
130013,Willem Van Schuerbeeck,Willem Van Schuerbeeck,Willem•Van Schuerbeeck,,,,,Male,1984-10-24,Merchtem,Vlaams Brabant,34,,,,,,179,60,Competed in Olympic Games,"V. A. C., Vilvoorde (BEL)",,,
130044,Didier Kiki,Didier Kiki,Didier•Kiki,,,,,Male,1995-11-30,Porto-Novo,Ouémé,35,,,,,,185,84,Competed in Olympic Games,,,,
130048,Tre Houston,"Harold ""Tre"" Houston",Tre•Houston,,,Rocketman,,Male,1990-03-23,Charleston,South Carolina,268,,,,,,178,79,Competed in Olympic Games,"Next Level Athletics, USA",,,
130051,Amel Tuka,Amel Tuka,Amel•Tuka,,,Tato,,Male,1991-01-09,Kakanj,Zeničko-dobojski kanton,41,,,,,,187,77,Competed in Olympic Games • Other,AK Zenica,,,
130052,Mesud Pezer,Mesud Pezer,Mesud•Pezer,,,,,Male,1994-08-27,Zenica,Zeničko-dobojski kanton,41,,,,,,196,120,Competed in Olympic Games,AK Zenica,,,
130056,Brandon Jones,Brandon Terrel Jones,Brandon•Jones,,,,,Male,1987-07-19,Norfolk,Virginia,268,,,,,,199,86,Competed in Olympic Games • Other,,,,
130058,Aliaksandr Liakhovich,Aliaksandr Piatrovich Liakhovich,Aliaksandr•Liakhovich,Аляксандр Пятровіч•Ляховіч,"Aleksandr Petrovich Lyakhovich, Александр Петрович Ляхович",Sasha,,Male,1989-07-04,Varniany,Hrodna,42,,,,,,172,65,Competed in Olympic Games,,,,
130059,Artsiom Bandarenka,Artsiom Yurievich Bandarenka,Artsiom•Bandarenka,Арцём Юр'евіч•Бандарэнка,"Artyom Yuryevich Bondarenko, Артём Юрьевич Бондаренко",,,Male,1991-06-19,Rahachow,Homel,42,,,,,,187,78,Competed in Olympic Games,Dinamo,,,
130060,Dzmitry Nabokau,Dzmitry Siarheyevich Nabokau,Dzmitry•Nabokau,Дзмітрый Сяргеевіч•Набокаў,"Dmitry Sergeyevich Nabokov, Дмитрий Сергеевич Набоков",,,Male,1996-01-20,Byalynichy,Mahilyow,42,,,,,,186,69,Competed in Olympic Games,,,,
130061,Kanstantsin Barycheuski,Kanstantsin Iharavich Barycheuski,Kanstantsin•Barycheuski,Канстанцін Ігаравіч•Барычэўскі,"Konstantin Igorevich Borichevsky, Константин Игоревич Боричевский",,,Male,1990-05-29,Brest,Brest,42,,,,,,191,87,Competed in Olympic Games,,,,
130062,Maksim Niestsiarenka,Maksim Siarheyevich Niestsiarenka,Maksim•Niestsiarenka,Максім Сяргеевіч•Несцярэнка,"Maksim Sergeyevich Nesterenko, Максим Сергеевич Нестеренко",Max,,Male,1992-09-01,Mahilyow,Mahilyow,42,,,,,,193,82,Competed in Olympic Games,,,,
130063,Paval Bareysha,Paval Hienadzevich Bareysha,Paval•Bareysha,Павал Генадзьевіч•Барейша,"Pavel Gennadyevich Boreysha, Павел Геннадьевич Борейша",,,Male,1991-02-16,Hrodna,Hrodna,42,,,,,,193,120,Competed in Olympic Games,Dinamo,,,
130064,Siarhei Kalamoyets,Siarhei Viktaravich Kalamoyets,Siarhei•Kalamoyets,Сяргей Віктаравіч•Каламоец,"Sergey Viktorovich Kolomoyets, Сергей Викторович Коломоец",,,Male,1989-08-11,Hrodna,Hrodna,42,,,,,,192,115,Competed in Olympic Games,Vitebsk State Technological University,,,
130065,Uladzislau Pramau,Uladzislau Dzmitriyevich Pramau,Uladzislau•Pramau,Уладзіслаў Дзмітрыевіч•Прамаў,"Vladislav Dmitriyevich Pryamov, Владислав Дмитриевич Прямов",,,Male,1984-08-03,Homel,Homel,42,,,,,,177,66,Competed in Olympic Games,,,,
130086,Marco Antonio Rodríguez,Marco Antonio Rodríguez Pardo,Marco Antonio•Rodríguez,,,,,Male,1994-01-24,Ciudad de México (Mexico City),Ciudad de México,171,,,,,,180,66,Competed in Olympic Games,LP,,,
130087,Ronal Quispe,Ronal Rey Quispe Misme,Ronal•Quispe,,,,,Male,1989-03-05,Achacachi,La Paz,45,,,,,,164,57,Competed in Olympic Games,LP,,,
130091,Baboloki Thebe,Baboloki Tirelo Thebe,Baboloki•Thebe,,,,,Male,1997-03-18,Ramonaka,Kgatleng,50,,,,,,,64,Competed in Olympic Games • Competed in Youth Olympic Games,,,,
130092,Boitumelo Masilo,Boitumelo Masilo,Boitumelo•Masilo,,,Samachana,,Male,1995-08-05,Selebi-Phikwe,Central,50,,,,,,,,Competed in Olympic Games,,,,
130093,Leaname Maotoanong,Gaone Leaname Maotoanong,Leaname•Maotoanong,,,Lux,,Male,1991-05-07,Shoshong,Central,50,,,,,,170,70,Competed in Olympic Games,SSKB,,,
130094,Karabo Sibanda,Karabo Sibanda,Karabo•Sibanda,,,Scara,,Male,1998-07-02,Shashe-Mooke,Central,50,,,,,,185,70,Competed in Olympic Games • Competed in Youth Olympic Games,,,,
130095,Onkabetse Nkobolo,Onkabetse Tolly Nkobolo,Onkabetse•Nkobolo,,,Tolly,,Male,1993-07-22,Moroka,North East,50,,,,,,184,70,Competed in Olympic Games,"Playas de Castellon, ESP",,,
130100,Alexander Russo,Alexander Russo,Alexander•Russo,,,,,Male,1994-07-26,São Paulo,São Paulo,46,,,,,,173,61,Competed in Olympic Games,BM&F Bovespa,,,
130101,Altobeli Silva,Altobeli Santos da Silva,Altobeli•Silva,,,,,Male,1990-12-03,Catanduva,São Paulo,46,,,,,,181,60,Competed in Olympic Games,ASA-São Bernardo Caixa,,,
130102,Augusto Dutra,Augusto Dutra da Silva de Oliveira,Augusto•Dutra,,,,,Male,1990-07-16,Marília,São Paulo,46,,,,,,180,70,Competed in Olympic Games,BM&F Bovespa,,,
130103,Darlan Romani,Darlan Romani,Darlan•Romani,,,,,Male,1991-04-09,Concórdia,Santa Catarina,46,,,,,,187,90,Competed in Olympic Games,BM&F Bovespa,,,
130104,Éder Souza,Éder Antônio de Souza,Éder•Souza,,,,,Male,1986-10-15,Araraquara,São Paulo,46,,,,,,189,89,Competed in Olympic Games,Orcampi Unimed,,,
130105,Hederson Estefani,Hederson Alves Estefani,Hederson•Estefani,,,,,Male,1991-09-11,Curitiba,Paraná,46,,,,,,183,65,Competed in Olympic Games,Pinheiros,,,
130106,Higor Alves,Higor Silva Alves,Higor•Alves,,,,,Male,1994-02-23,Carapicuíba,São Paulo,46,,,,,,183,64,Competed in Olympic Games,Grêmio Barueri,,,
130107,Hugo Balduíno,Hugo Balduíno de Sousa,Hugo•Balduíno,,,,,Male,1987-03-05,Uberlândia,Minas Gerais,46,,,,,,187,74,Competed in Olympic Games,BM&F Bovespa,,,
130108,João Vítor de Oliveira,João Vítor de Oliveira,João Vítor•de Oliveira,,,,,Male,1992-05-15,Marília,São Paulo,46,,,,,,190,87,Competed in Olympic Games,EC Pinheiros,,,
130109,Jonathan Riekmann,Jonathan Riekmann,Jonathan•Riekmann,,,,,Male,1987-08-20,Blumenau,Santa Catarina,46,,,,,,192,74,Competed in Olympic Games,AABLU,,,
130110,Jorge Vides,Jorge Henrique da Costa Vides,Jorge•Vides,,,,,Male,1992-11-24,São João de Meriti,Rio de Janeiro,46,,,,,,171,54,Competed in Olympic Games,Basil Foods/ILF,,,
130111,Júlio César Oliveira,Júlio César Miranda de Oliveira,Júlio César•Oliveira,,,,,Male,1986-02-04,Paranavaí,Paraná,46,,,,,,185,95,Competed in Olympic Games,BM&F Bovespa,,,
130112,Lutimar Paes,Lutimar Abreu Paes,Lutimar•Paes,,,,,Male,1988-12-14,Cruz Alta,Rio Grande do Sul,46,,,,,,184,77,Competed in Olympic Games,BM&F Bovespa,,,
130113,Márcio Teles,Márcio Soares Teles,Márcio•Teles,,,,,Male,1994-01-27,Paracambi,Rio de Janeiro,46,,,,,,180,68,Competed in Olympic Games,Orcampi Unimed,,,
130114,Moacir Zimmermann,Moacir Zimmermann,Moacir•Zimmermann,,,,,Male,1983-12-30,Foz do Iguaçu,Paraná,46,,,,,,184,70,Competed in Olympic Games,AABLU,,,
130115,Pedro Burmann,Pedro Luiz Burmann de Oliveira,Pedro•Burmann,,,,,Male,1992-02-17,Porto Alegre do Norte,Mato Grosso,46,,,,,,180,83,Competed in Olympic Games,"SOGIPA, Porto Alegre (BRA)",,,
130116,Peterson dos Santos,Peterson dos Santos,Peterson•dos Santos,,,,,Male,1991-03-31,Caieiras,São Paulo,46,,,,,,181,70,Competed in Olympic Games,Pinheiros,,,
130117,Ricardo Mário,Ricardo Mário de Souza,Ricardo•Mário,,,,,Male,1994-09-21,São José,Santa Catarina,46,,,,,,175,70,Competed in Olympic Games,BM&F Bovespa,,,
130118,Solonei da Silva,Solonei Rocha da Silva,Solonei•da Silva,,,,,Male,1982-04-18,Penápolis,São Paulo,46,,,,,,172,65,Competed in Olympic Games,Orcampi Unimed,,,
130119,Talles Silva,Talles Frederico Sousa Silva,Talles•Silva,,,,,Male,1991-08-20,São Goncalo do Rio Abaixo,Minas Gerais,46,,,,,,190,78,Competed in Olympic Games,Pinheiros,,,
130120,Thiago André,Thiago do Rosario André,Thiago•André,,,,,Male,1995-08-04,Belford Roxo,Rio de Janeiro,46,,,,,,163,52,Competed in Olympic Games,BM&F Bovespa,,,
130121,Thiago Braz,Thiago Braz da Silva,Thiago•Braz,,,,,Male,1993-12-16,Marília,São Paulo,46,,,,,,183,75,Competed in Olympic Games • Competed in Youth Olympic Games,Orcampi Unimed,,,
130122,Vítor Hugo dos Santos,Vítor Hugo Silva Mourão dos Santos,Vítor Hugo•dos Santos,,,,,Male,1996-02-01,Rio de Janeiro,Rio de Janeiro,46,,,,,,185,74,Competed in Olympic Games,BM&F Bovespa,,,
130123,Wagner Domingos,Wagner José Alberto Carvalho Domingos,Wagner•Domingos,,,,,Male,1983-03-26,Recife,Pernambuco,46,,,,,,187,100,Competed in Olympic Games,"Clube de Atletismo BM&F, São Caetano do Sul (BRA)",,,
130277,Abubakar Abbas,Abubakar Abbas Abbas,Abubakar•Abbas,أبو بكر عباس•عباس,,,,Male,1996-05-17,Kano,Kano,191,,,,,,175,66,Competed in Olympic Games,,,,
130278,Abraham Cheroben,Abraham Naibei Cheroben,Abraham•Cheroben,أبراهام•شيروبين,,,,Male,1992-10-11,?,,138,,,,,,176,60,Competed in Olympic Games,,,,
130279,Abraham Rotich,Abraham Kipchirchir Rotich,Abraham•Rotich,ابراهام كيبتشيرتشير•روتيتش,,,,Male,1993-09-26,?,,138,,,,,,183,65,Competed in Olympic Games,,,,
130280,Albert Rop,Albert Kibichii Rop,Albert•Rop,ألبرت كيبيتشيي•روب,,,,Male,1992-07-17,Kapsabet,Nandi,138,,,,,,177,63,Competed in Olympic Games,,,,
130281,Alemu Bekele,Alemu Bekele Gebre,Alemu•Bekele,أليمو•بيكيلي,,,,Male,1990-03-23,Lemu,Oromiya,89,,,,,,162,59,Competed in Olympic Games • Other,,,,
130282,Ali Khamis,Ali Khamis Abbas Ali Khamis,Ali•Khamis,علي خميس•عباس علي خميس,,,,Male,1995-06-30,?,,48,,,,,,182,70,Competed in Olympic Games,,,,
130283,Andrew Fisher,Andrew Fisher,Andrew•Fisher,أندرو•فيشر,,,,Male,1991-12-15,?,,134,,,,,,,,Competed in Olympic Games,"MVP Track & Field Club, Kingston (JAM)",,,
130284,Benson Seurei,Benson Kiplagat Seurei,Benson•Seurei,بنسون كيبلاغات•سيوري,,,,Male,1984-03-27,Burnt Forest,Uasin Gishu,138,,,,,,175,60,Competed in Olympic Games,,,,
130285,Birhanu Balew,Birhanu Yemataw Balew,Birhanu•Balew,بيرهانو•بالو,,,,Male,1996-02-27,?,,89,,,,,,170,59,Competed in Olympic Games,,,,
130286,El Hassan El-Abbassi,El Hassan El-Abbassi,El Hassan•El-Abbassi,الحسن•العباسي,,,,Male,1984-04-13,?,,165,,,,,,171,61,Competed in Olympic Games,,,,
130287,Hassan Chani,Hassan Chani,Hassan•Chani,حسن•شاني,Hassan Amir,,,Male,1988-05-05,?,,165,,,,,,170,60,Competed in Olympic Games,,,,
130288,Isaac Korir,Isaac Korir Madareng Kedikou,Isaac•Korir,إسحاق•كورير,,,,Male,1990-08-26,Kapenguria,West Pokot,138,,,,,,188,59,Competed in Olympic Games,,,,
130289,John Kibet Koech,John Kibet Koech,John Kibet•Koech,جون كيبيت•كويش,,,,Male,1995-08-23,Kericho,Kericho,138,,,,,,168,53,Competed in Olympic Games,,,,
130290,Kemarley Brown,Ashani Kemarley Brown,Kemarley•Brown,كيمارلي•براون,,,,Male,1992-07-20,?,Saint Elizabeth,134,,,,,,182,85,Competed in Olympic Games,,,,
130291,Nelson Kipkosgei Cherotich,Nelson Kipkosgei Cherotich,Nelson Kipkosgei•Cherotich,نيلسون•شيروتيتش,,,,Male,1993-03-09,?,,138,,,,,,170,60,Competed in Olympic Games,,,,
130292,Salem Eid Yaqoob,Yaqoob Salem Eid Yaqoob,Salem Eid•Yaqoob,يعقوب سالم عيد•يعقوب,,,,Male,1996-03-01,?,,191,,,,,,175,65,Competed in Olympic Games,,,,
130293,Zouhair Aouad,Zouhair Aouad,Zouhair•Aouad,زهير•عواد,,,,Male,1989-04-07,,,,,,,,,175,69,Competed in Olympic Games,,,,
130297,Mohamed Fakhri Ismail,Mohamed Fakhri Ismail,Mohamed Fakhri•Ismail,,,,,Male,1991-03-06,Bandar Seri Begawan,Brunei-Muara,48,,,,,,160,62,Competed in Olympic Games • Other,Brunei Muara,,,
130299,Georgi Tsonov,Georgi Stoykov Tsonov,Georgi•Tsonov,Георги Стойков•Цонов,,,,Male,1993-05-02,Sliven,Sliven,38,,,,,,176,70,Competed in Olympic Games • Competed in Youth Olympic Games,Botev Plovdid,,,
130300,Mitko Tsenov,Mitko Tsenov,Mitko•Tsenov,Митко•Ценов,,,,Male,1993-06-13,Mezdra,Vratsa,38,,,,,,185,65,Competed in Olympic Games,Atlet Mezdra,,,
130301,Rumen Dimitrov,Rumen Dimitrov,Rumen•Dimitrov,Румен•Димитров,,,,Male,1986-09-19,Plovdiv,Plovdiv,38,,,,,,175,77,Competed in Olympic Games,SKLA Lokomotiv Plovdiv,,,
130302,Tihomir Ivanov,Tihomir Ivaylov Ivanov,Tihomir•Ivanov,Тихомир Ивайлов•Иванов,,Tisho,,Male,1994-07-11,Pleven,Pleven,38,,,,,,196,76,Competed in Olympic Games,"Sviloza Svichov (BUL) / SKLA Beroe, Stara Zagora (BUL)",,,
130322,Hugues Zango,Hugues Fabrice Zango,Hugues•Zango,,,,,Male,1993-06-25,Ouagadougou,Centre,36,,,,,,180,78,Competed in Olympic Games • Other,"Artois Athletisme, FRA",,,
130325,Francky-Edgard Mbotto,Francky-Edgard Mbotto,Francky-Edgard•Mbotto,,,,,Male,1997-09-02,Bangui,Bangui,51,,,,,,181,68,Competed in Olympic Games • Other,,,,
130326,Kuniaki Takizaki,Kuniaki Takizaki,Kuniaki•Takizaki,,"Neko Hiroshi, 猫 ひろ",,,Male,1977-08-08,Ichihara,Chiba,136,,,,,,151,55,Competed in Olympic Games,,,,
130328,Akeem Haynes,Akeem Haynes,Akeem•Haynes,,,,,Male,1992-03-11,Savanna-La-Mar,Westmoreland,134,,,,,,170,73,Competed in Olympic Games,"Altis, Phoenix, USA",,,
130329,Andre De Grasse,Andre De Grasse,Andre•De Grasse,,,Tip,,Male,1994-11-10,Scarborough,"Toronto, Ontario",52,,,,,,176,70,Competed in Olympic Games,Puma,,,
130330,Anthony Romanini,Anthony Romanini,Anthony•Romanini,,,Tony Romo,,Male,1991-09-15,Hamilton,Ontario,52,,,,,,180,74,Competed in Olympic Games,Speed River Track and Field Club,,,
130331,Ben Thorne,"Benjamin Gary ""Ben"" Thorne",Ben•Thorne,,,,,Male,1993-03-19,Kitimat,British Columbia,52,,,,,,180,57,Competed in Olympic Games,"Race Walk West, Vancouver",,,
130332,Bolade Ajomale,"Mobolade Abimbola ""Bolade"" Ajomale",Bolade•Ajomale,,,,,Male,1995-08-31,Camden,England,98,,,,,,180,62,Competed in Olympic Games • Non-starter,"Academy of Art University Urban Knights, San Francisco, USA",,,
130333,Brandon McBride,Brandon Bernard McBride,Brandon•McBride,,,Junebug,,Male,1994-06-15,Windsor,Ontario,52,,,,,,193,74,Competed in Olympic Games,Windsor Legion Track and Field Club,,,
130334,Brendon Rodney,Brendon Justin Rodney,Brendon•Rodney,,,Buckky,,Male,1992-04-09,Etobicoke,"Toronto, Ontario",52,,,,,,195,80,Competed in Olympic Games,"LIU Brooklyn Blackbirds, USA",,,
130335,Charles Philibert-Thiboutot,Charles Philibert-Thiboutot,Charles•Philibert-Thiboutot,,,"Chuck, CPT",,Male,1990-12-31,Québec City,Québec,52,,,,,,182,63,Competed in Olympic Games,,,,
130336,Chris Winter,"Christopher ""Chris"" Winter",Chris•Winter,,,,,Male,1986-07-22,North Vancouver,British Columbia,52,,,,,,188,75,Competed in Olympic Games,Speed River Track and Field Club,,,
130337,Evan Dunfee,Evan Forsyth Dunfee,Evan•Dunfee,,,,,Male,1990-09-28,Richmond,British Columbia,52,,,,,,182,70,Competed in Olympic Games,"Race Walk West, Vancouver",,,
130338,Johnathan Cabral,Johnathan Knight Cabral,Johnathan•Cabral,,,John,,Male,1992-12-31,Northridge,California,268,,,,,,190,84,Competed in Olympic Games,,,,
130339,Luc Bruchet,"Lucas ""Luc"" Bruchet",Luc•Bruchet,,,,,Male,1991-02-23,Vancouver,British Columbia,52,,,,,,183,69,Competed in Olympic Games,"BC Endurance Project, Vancouver (CAN)",,,
130340,Mathieu Bilodeau,Mathieu Bilodeau,Mathieu•Bilodeau,,,,,Male,1983-11-27,Québec City,Québec,52,,,,,,185,74,Competed in Olympic Games,,,,
130341,Matt Hughes,"Matthew ""Matt"" Hughes",Matt•Hughes,,,,,Male,1989-08-03,Toronto,Ontario,52,,,,,,180,66,Competed in Olympic Games,"Bowerman Track Club, Portland, USA",,,
130342,Sekou Kaba,Sekou Mohamed Kaba,Sekou•Kaba,,,,,Male,1990-08-25,Conakry,Conakry,102,,,,,,188,88,Competed in Olympic Games,Ottawa Lions Track and Field Club,,,
130343,Shawn Barber,"Shawnacy Campbell ""Shawn"" Barber",Shawn•Barber,,,,,Male,1994-05-27,Las Cruces,New Mexico,268,,,,,,187,82,Competed in Olympic Games,"University of Akron, USA",,,
130344,Tim Nedow,"Timothy ""Tim"" Nedow",Tim•Nedow,,,,,Male,1990-10-16,Brockville,Ontario,52,,,,,,195,140,Competed in Olympic Games,"Ottawa Lions, Ottawa (CAN)",,,
130419,Franck Elemba,Franck Dannique Elemba Owaka,Franck•Elemba,,,Le gladiateur,,Male,1990-07-21,Brazzaville,Brazzaville,9,,,,,,198,130,Competed in Olympic Games • Other,"Entente Franconville Césame, Saint-Gratien, Val-d'Oise (FRA)",,,
130424,Bachir Mahamat,Bachir Ahmat Mahamat,Bachir•Mahamat,,,,,Male,1996-12-01,N'Djamena,N'Djamena,246,,,,,,186,59,Competed in Olympic Games • Other,,,,
130426,Daniel Estrada,Daniel Alexis Estrada Coz,Daniel•Estrada,,,,,Male,1990-02-27,Calama,Antofagasta,55,,,,,,173,61,Competed in Olympic Games,,,,
130427,Enzo Yáñez,Enzo Diego Yáñez Jhonson,Enzo•Yáñez,,,,,Male,1985-09-13,Valdivia,Los Ríos,55,,,,,,174,63,Competed in Olympic Games,,,,
130428,Víctor Aravena,Víctor Aníbal Aravena Pincheira,Víctor•Aravena,,,Vitoco,,Male,1990-02-05,Coronel,Biobío,55,,,,,,167,55,Competed in Olympic Games,,,,
130447,Huang Bokai,Huang Bokai,Huang•Bokai,黄•博凯,,,Oriental,Male,1996-09-26,Shaowu,Fujian,57,,,,,,190,78,Competed in Olympic Games,Guangdong Province,,,
130448,Huang Changzhou,Huang Changzhou,Huang•Changzhou,黄•常洲,,,Oriental,Male,1994-08-20,Deyang,Sichuan,57,,,,,,186,73,Competed in Olympic Games,"Sichuan Provincial Athletics Team, (CHN)",,,
130449,Xue Changrui,Xue Changrui,Xue•Changrui,薛•长锐,,,Oriental,Male,1991-05-31,Jinan,Shandong,57,,,,,,188,75,Competed in Olympic Games,Shandong Province,,,
130450,Duo Bujie,Duo Bujie,Duo•Bujie,多•布杰,,,Oriental,Male,1994-02-16,Dagze,Tibet,57,,,,,,175,55,Competed in Olympic Games,Tibet,,,
130451,Yao Jie,Yao Jie,Yao•Jie,捷•姚,,,Oriental,Male,1990-09-21,,,,,,,,,188,85,Competed in Olympic Games,,,,
130452,Zhu Renxue,Zhu Renxue,Zhu•Renxue,朱•仁学,,,Oriental,Male,1991-04-06,Qujing,Yunnan,57,,,,,,170,50,Competed in Olympic Games,Yunnan Province,,,
130453,Yu Wei,Yu Wei,Yu•Wei,于•伟,,,Oriental,Male,1987-09-11,,,,,,,,,180,55,Competed in Olympic Games,Shandong Province,,,
130454,Xu Xiaolong,Xu Xiaolong,Xu•Xiaolong,徐•小龙,,,Oriental,Male,1992-12-20,Chongqing,Chongqing,57,,,,,,185,70,Competed in Olympic Games,Chongqing Athletics Team,,,
130455,Gao Xinglong,Gao Xinglong,Gao•Xinglong,高•兴龙,,,Oriental,Male,1994-03-12,Jiamusi,Heilongjiang,57,,,,,,182,63,Competed in Olympic Games,Heilongjiang Province,,,
130456,Tang Xingqiang,Tang Xingqiang,Tang•Xingqiang,汤•星强,,,Oriental,Male,1995-08-11,Ningde,Fujian,57,,,,,,170,61,Competed in Olympic Games,Fujian Province,,,
130457,Wang Yu,Wang Yu,Wang•Yu,王•宇,,,Oriental,Male,1991-08-18,Zhuhai,Guangdong,57,,,,,,190,65,Competed in Olympic Games,Beijing Athletics Team,,,
130458,Wang Zhendong,Wang Zhendong,Wang•Zhendong,王•振东,,,Oriental,Male,1991-01-11,Xuzhou,Jiangsu,57,,,,,,180,55,Competed in Olympic Games,Jiangsu Province,,,
130541,Wilfried Koffi,Hua Wilfried Serge Koffi,Wilfried•Koffi,,,,,Male,1987-10-12,,,,,,,,,186,88,Competed in Olympic Games,"Altis, Phoenix, USA",,,
130547,Kamongwa Salukombo Makorobondo,Kamongwa Salukombo Makorobondo,Kamongwa Salukombo•Makorobondo,,,Dee,,Male,1988-08-13,Kirotshe,Nord-Kivu,60,,,,,,,,Competed in Olympic Games,,,,
130549,Alex Beddoes,Alex Beddoes,Alex•Beddoes,,,,,Male,1995-07-09,Rotorua,Bay of Plenty,197,,,,,,181,74,Competed in Olympic Games • Other,"Wesley Harrier, Auckland, NZL",,,
130554,Andrés Ruiz,Andrés Mauricio Ruiz Malaver,Andrés•Ruiz,,,Mono,,Male,1988-07-16,Bogotá,Bogotá,62,,,,,,164,64,Competed in Olympic Games,Meta,,,
130555,Anthony Zambrano,Anthony José Zambrano de la Cruz,Anthony•Zambrano,,,,,Male,1998-01-17,Maicao,La Guajira,62,,,,,,184,72,Competed in Olympic Games,Atlantico,,,
130556,Bernardo Baloyes,Bernardo Baloyes Navas,Bernardo•Baloyes,,,Puro pan,,Male,1994-01-06,San Bernardo del Viento,Córdoba,62,,,,,,168,66,Competed in Olympic Games • Non-starter,Antioquia,,,
130557,Carlos Lemos,Carlos Andrés Lemos Romaña,Carlos•Lemos,,,,,Male,1988-06-03,Vigía del Fuerte,Antioquia,62,,,,,,183,76,Competed in Olympic Games,FF-AA,,,
130558,Diego Colorado,Diego Alberto Colorado Agudelo,Diego•Colorado,,,,,Male,1973-08-31,Jardin,Antioquia,62,,,,,,171,57,Competed in Olympic Games,"Equipo Porvenir, Medellín (COL)",,,
130559,Diego Palomeque,Diego Armando Palomeque Echevarría,Diego•Palomeque,,,,,Male,1993-12-05,Apartadó,Antioquia,62,,,,,,176,67,Competed in Olympic Games,FF-AA,,,
130560,Gerard Giraldo,Gerard Nicolás Giraldo Villa,Gerard•Giraldo,,,La Flecha,,Male,1989-03-21,Armenia,Quindío,62,,,,,,174,60,Competed in Olympic Games,"Porvenir, Medellin",,,
130561,Jhon Murillo,Jhon Fredy Murillo Murillo,Jhon•Murillo,,,,,Male,1984-07-13,Apartadó,Antioquia,62,,,,,,183,84,Competed in Olympic Games,Bolivar,,,
130562,Jhon Perlaza,Jhon Alejandro Perlaza Zapata,Jhon•Perlaza,,,,,Male,1994-08-26,Cali,Valle del Cauca,62,,,,,,180,62,Competed in Olympic Games,Valle,,,
130563,Jorge Armando Ruiz,Jorge Armando Ruiz Fajardo,Jorge Armando•Ruiz,,,,,Male,1989-05-17,Barbosa,Santander,62,,,,,,168,58,Competed in Olympic Games,FF-AA,,,
130564,José Leonardo Montaña,José Leonardo Montaña Arévalo,José Leonardo•Montaña,,,,,Male,1992-03-21,Bogotá,Bogotá,62,,,,,,174,65,Competed in Olympic Games,Bogota,,,
130565,Esteban Soto,Manuel Esteban Soto Ruiz,Esteban•Soto,,,,,Male,1994-01-28,Pitalito,Huila,62,,,,,,170,62,Competed in Olympic Games,Bogota,,,
130566,Mauricio Ortega,Mauricio Alexander Ortega Girón,Mauricio•Ortega,,,Minga,,Male,1994-08-04,Apartadó,Antioquia,62,,,,,,180,90,Competed in Olympic Games,Antioquia,,,
130567,Yeison Rivas,Yeison Javier Rivas Rivas,Yeison•Rivas,,,,,Male,1987-09-24,Carepa,Antioquia,62,,,,,,173,66,Competed in Olympic Games,Antioquia,,,
130608,Jordin Andrade,Jordin Andrade,Jordin•Andrade,,,,,Male,1992-05-05,Seattle,Washington,268,,,,,,183,77,Competed in Olympic Games • Other,"Boise State University, USA",,,
130610,Roberto Sawyers,Roberto Sawyers Furtado,Roberto•Sawyers,,,Tito,,Male,1986-10-17,San José,San José,65,,,,,,182,111,Competed in Olympic Games,,,,
130613,Filip Mihaljević,Filip Mihaljević,Filip•Mihaljević,,,,,Male,1994-07-31,Livno,Kanton 10,41,,,,,,201,115,Competed in Olympic Games,"ASK Split, Split (CRO) / Virginia Cavaliers, Charlottesville (USA)",,,
130614,Stipe Žunić,Stipe Žunić,Stipe•Žunić,,,,,Male,1990-12-13,Zadar,Zadarska županija,116,,,,,,193,134,Competed in Olympic Games,,,,
130647,Adrián Chacón,Adrián Chacón Muñoz,Adrián•Chacón,,,,,Male,1988-12-10,,,,,,,,,187,90,Competed in Olympic Games,,,,
130648,César Ruiz,César Yuniel Ruiz Speck,César•Ruiz,,,,,Male,1995-01-18,,,,,,,,,184,77,Competed in Olympic Games,,,,
130649,Ernesto Revé,Ernesto Revé Serrano,Ernesto•Revé,,,,,Male,1992-02-26,Guantánamo,Guantánamo,67,,,,,,182,79,Competed in Olympic Games,,,,
130650,Jhoanis Portilla,Jhoanis Carlos Portilla Cardenas,Jhoanis•Portilla,,,,,Male,1990-07-24,,,,,,,,,182,76,Competed in Olympic Games,,,,
130651,José Luis Gaspar,José Luis Gaspar Hernández,José Luis•Gaspar,,,,,Male,1995-08-25,Camagüey,Camagüey,67,,,,,,188,72,Competed in Olympic Games,,,,
130653,Maykel Massó,Maykel Demetrio Massó Bavastro,Maykel•Massó,,,,,Male,1999-05-08,Santiago de Cuba,Santiago de Cuba,67,,,,,,174,61,Competed in Olympic Games,"EPEF Sports School, Havana",,,
130654,Osmaidel Pellicier,Osmaidel Pellicier Lescay,Osmaidel•Pellicier,,,,,Male,1992-03-30,Santiago de Cuba,Santiago de Cuba,67,,,,,,188,88,Competed in Olympic Games,,,,
130655,Reynier Mena,Reynier Mena Berenguer,Reynier•Mena,,,,,Male,1996-11-21,La Habana (Havana),Ciudad de La Habana,67,,,,,,174,79,Competed in Olympic Games,,,,
130656,Richer Pérez,Richer Pérez Cobas,Richer•Pérez,,,,,Male,1986-02-20,,,,,,,,,163,58,Competed in Olympic Games,,,,
130657,Yaniel Carrero,Yaniel Carrero Zambrano,Yaniel•Carrero,,,,,Male,1995-08-17,Trinidad,Sancti Spíritus,67,,,,,,174,74,Competed in Olympic Games,,,,
130658,Yoandys Lescay,Yoandys Alberto Lescay Pardo,Yoandys•Lescay,,,,,Male,1994-01-05,Las Tunas,Las Tunas,67,,,,,,181,77,Competed in Olympic Games,,,,
130659,Yordan O'Farril,Yordan Luis O'Farril Olivera,Yordan•O'Farril,,,,,Male,1993-02-09,Santa Cruz del Sur,Camagüey,67,,,,,,183,72,Competed in Olympic Games • Competed in Youth Olympic Games,,,,
130702,Dimitrios Chondrokoukis,Dimitrios Chondrokoukis,Dimitrios•Chondrokoukis,Δημήτρης•Χονδροκούκης,,,,Male,1988-01-26,Marousi,"Athina, Attiki",106,,,,,,194,74,Competed in Olympic Games,,,,
130703,Milan Trajkovic,Milan Trajkovic,Milan•Trajkovic,Μίλαν•Τραΐκοβιτς,Милан Трајковић,,,Male,1992-03-17,Surdulica,Pčinja,231,,,,,,187,82,Competed in Olympic Games • Other,"GS Olympia, Limassol",,,
130707,Lukáš Gdula,Lukáš Gdula,Lukáš•Gdula,,,,,Male,1991-12-06,Hrochův Týnec,Pardubický kraj,71,,,,,,178,65,Competed in Olympic Games,Hvezda SKP Pardubice,,,
130708,Michal Balner,Michal Balner,Michal•Balner,,,,,Male,1982-09-12,Opava,Moravskoslezský kraj,71,,,,,,191,80,Competed in Olympic Games,"ASC Dukla, Praha (CZE)",,,
130709,Radek Juška,Radek Juška,Radek•Juška,,,,,Male,1993-03-08,Starovičky,Jihomoravský kraj,71,,,,,,194,84,Competed in Olympic Games,"PSK Olymp Praha, Praha (CZE)",,,
130710,Tomáš Staněk,Tomáš Staněk,Tomáš•Staněk,,,Bejček,,Male,1991-06-13,Praha (Prague),Hlavní město Praha,71,,,,,,190,125,Competed in Olympic Games,"ASC Dukla, Praha (CZE)",,,
130730,Abdi Ulad,Abdi Hakin Achkel Ulad,Abdi•Ulad,,,,,Male,1991-06-14,Kismayo,Lower Juba,230,,,,,,175,57,Competed in Olympic Games,Hvidovre AM,,,
130731,Ole Hesselbjerg,Ole Hesselbjerg,Ole•Hesselbjerg,,,Historiske Hesselbjerg,,Male,1990-04-23,Charlottenlund,"Gentofte, Hovedstaden",75,,,,,,185,67,Competed in Olympic Games,"IF Sparta, København (DEN)",,,
130774,Abdi Waiss Mouhyadin,Abdi Waiss Mouhyadin,Abdi Waiss•Mouhyadin,عبدي وايس•محي الدين,,,,Male,1996-07-03,Djibouti,Djibouti,73,,,,,,160,60,Competed in Olympic Games • Other,,,,
130775,Ayanleh Souleiman,Hassan Ayanleh Souleiman,Ayanleh•Souleiman,أيانله•سليمان,,,,Male,1992-12-03,Djibouti,Djibouti,73,,,,,,190,55,Competed in Olympic Games,"Djiboutian Police Club, Djibouti (DJI)",,,
130776,Mohamed Ismail Ibrahim,Mohamed Ismail Ibrahim,Mohamed•Ismail Ibrahim,محمد•إسماعيل إبراهيم,Abdi Fatah,,,Male,1997-01-01,,,,,,,,,170,63,Competed in Olympic Games • Competed in Youth Olympic Games • Other,,,,
130779,Yordanys Durañona,Yordanys Durañona García,Yordanys•Durañona,,,,,Male,1988-06-16,La Habana (Havana),Ciudad de La Habana,67,,,,,,185,83,Competed in Olympic Games • Other,,,,
130780,Luis Charles,Luis Enrique Charles,Luis•Charles,,,,,Male,1998-12-03,Santo Domingo,Distrito Nacional,76,,,,,,183,65,Competed in Olympic Games,,,,
130781,Mayovanex de Óleo,Mayovanex de Óleo Mendéz,Mayovanex•de Óleo,,,,,Male,1993-05-26,Santa Cruz de Barahona,Barahona,76,,,,,,171,61,Competed in Olympic Games,Ejercito,,,
130782,Stanly del Carmen,Stanly José del Carmen Cruz,Stanly•del Carmen,,,,,Male,1995-09-20,Santo Domingo,Distrito Nacional,76,,,,,,163,62,Competed in Olympic Games,"JLR Track Club, PUR",,,
130783,Yancarlos Martínez,Yancarlos Martínez Martínez,Yancarlos•Martínez,,,,,Male,1992-08-08,San Cristóbal,San Cristóbal,76,,,,,,171,60,Competed in Olympic Games,Sabaku Athletics,,,
130784,Yon Soriano,Yon Manuel Soriano,Yon•Soriano,,,,,Male,1987-01-02,Guaymate,La Romana,76,,,,,,170,68,Competed in Olympic Games • Non-starter,Ejercito,,,
130785,Youndry Andújar,Youndry Andújar de la Cruz,Youndry•Andújar,,Yohandris Andújar,,,Male,1990-07-05,San Pedro de Macorís,San Pedro de Macorís,76,,,,,,171,60,Competed in Olympic Games,Fuerza Aerea,,,
130796,Brian Pintado,Brian Daniel Pintado Álvarez,Brian•Pintado,,,,,Male,1995-07-29,Cuenca,Azuay,83,,,,,,168,57,Competed in Olympic Games,,,,
130797,Claudio Villanueva,Claudio Paulino Villanueva Flores,Claudio•Villanueva,,,,,Male,1988-08-03,Cuenca,Azuay,83,,,,,,175,68,Competed in Olympic Games,,,,
130798,Segundo Jami,Segundo Oswaldo Jami Jami,Segundo•Jami,,,,,Male,1986-05-12,Guaytacama,"Latacunga, Cotopaxi",83,,,,,,165,54,Competed in Olympic Games,,,,
130807,Anas Beshr,Anas Abdulsalam Abdulaziz Beshr,Anas•Beshr,أنس عبدالسلام عبدالعزيز•بشر,,,,Male,1993-07-19,,,,,,,,,,,Competed in Olympic Games,"Tala'ea El-Gaish SC, Al-Qahira (EGY)",,,
130808,Hassan Mohamed Mahmoud,Hassan Mohamed Mahmoud Abdulgawad,Hassan Mohamed•Mahmoud,حسن محمد•محمود عبدالجواد,,,,Male,1984-02-10,,,,,,,,,,,Competed in Olympic Games,,,,
130868,Ghirmay Ghebreslassie,Ghirmay Ghebreslassie,Ghirmay•Ghebreslassie,,,,,Male,1995-11-14,Kisadeka,Debub,86,,,,,,,,Competed in Olympic Games,,,,
130869,Goitom Kifle,Goitom Kifle,Goitom•Kifle,,,,,Male,1993-12-03,,,,,,,,,,,Competed in Olympic Games,,,,
130870,Hiskel Tewelde,Hiskel Tewelde,Hiskel•Tewelde,,,,,Male,1986-09-15,,,,,,,,,,,Competed in Olympic Games,,,,
130871,Tewelde Estifanos,Tewelde Estifanos Hidru,Tewelde•Estifanos,,,,,Male,1981-11-02,,,,,,,,,,,Competed in Olympic Games,,,,
130872,Yemane Haileselassie,Yemane Haileselassie,Yemane•Haileselassie,,,,,Male,1998-02-21,,,,,,,,,,,Competed in Olympic Games,,,,
130873,Luis López,Luis Alfonso López Menjivar,Luis•López,,,,,Male,1994-01-18,San José Guayabal,Cuscatlán,228,,,,,,162,54,Competed in Olympic Games,,,,
130880,Adel Mechaal,Adel Mechaal Mechaal,Adel•Mechaal,,,,,Male,1990-12-05,El Jebha,Tanger-Tetouan-Al Hoceima,165,,,,,,182,71,Competed in Olympic Games,New Balance Team,,,
130881,Álvaro de Arriba,Álvaro de Arriba López,Álvaro•de Arriba,,,,,Male,1994-06-02,Salamanca,Salamanca,87,,,,,,177,69,Competed in Olympic Games,"CA Fent Camí, Mislata (ESP)",,,
130882,Antonio Abadía,Antonio Abadía Beci,Antonio•Abadía,,,,,Male,1990-07-02,Zaragoza (Saragossa),Zaragoza,87,,,,,,170,65,Competed in Olympic Games,CD Nike Running,,,
130883,Bruno Hortelano,Bruno Dominix Hortelano Roig,Bruno•Hortelano,,,,,Male,1991-09-18,Wollongong,New South Wales,30,,,,,,180,70,Competed in Olympic Games,"Club de Atletismo en Castellón, Castellón de la Plana (ESP)",,,
130884,Carlos Tobalina,Carlos Tobalina Aspirez,Carlos•Tobalina,,,,,Male,1985-08-02,Castro Urdiales,Cantabria,87,,,,,,188,120,Competed in Olympic Games,FC Barcelona,,,
130885,Daniel Andújar,Daniel Andújar Ponce,Daniel•Andújar,,,,,Male,1994-05-14,San Vicente del Raspeig,Alicante,87,,,,,,182,78,Competed in Olympic Games,"Club de Atletismo en Castellón, Castellón de la Plana (ESP)",,,
130886,Fernando Carro,Fernando Carro Morillo,Fernando•Carro,,,,,Male,1992-04-01,Madrid,Madrid,87,,,,,,170,60,Competed in Olympic Games,New Balance Team,,,
130887,Francisco Arcilla,Francisco Arcilla Aller,Francisco•Arcilla,,,,,Male,1984-01-14,León,León,87,,,,,,171,58,Competed in Olympic Games,Playas de Castellon,,,
130888,Illias Fifa,"Iliasn ""Illias"" Fifa Temesmani",Illias•Fifa,,,,,Male,1989-05-16,Tanjah (Tangier),Tanger-Tetouan-Al Hoceima,165,,,,,,173,68,Competed in Olympic Games,FC Barcelona,,,
130889,Jean Marie Okutu,Jean Marie Okutu Kouletio,Jean Marie•Okutu,,,,,Male,1988-12-17,Cotonou,Littoral,35,,,,,,178,70,Competed in Olympic Games,FC Barcelona,,,
130890,José Ignacio Díaz,José Ignacio Díaz Velázquez,José Ignacio•Díaz,,,,,Male,1979-11-22,Madrid,Madrid,87,,,,,,168,67,Competed in Olympic Games,FC Barcelona,,,
130891,Pablo Torrijos,Pablo Torrijos Navarro,Pablo•Torrijos,,,,,Male,1992-05-12,Castellón de la Plana,Castellón,87,,,,,,185,76,Competed in Olympic Games,Playas de Castellon,,,
130892,Sebastián Martos,Sebastián Martos Roa,Sebastián•Martos,,,,,Male,1989-06-20,Jaén,Jaén,87,,,,,,178,63,Competed in Olympic Games,Nike Running,,,
130893,Sergio Fernández,Sergio Fernández Roda,Sergio•Fernández,,,,,Male,1993-04-01,Pamplona,Navarra,87,,,,,,186,78,Competed in Olympic Games,Pamplona At.,,,
130894,Yidiel Contreras,Yidiel Islay Contreras García,Yidiel•Contreras,,,,,Male,1992-11-27,Cienfuegos,Cienfuegos,67,,,,,,180,74,Competed in Olympic Games,Playas de Castellon,,,
130974,Jaak-Heinrich Jagor,Jaak-Heinrich Jagor,Jaak-Heinrich•Jagor,,,Jack,,Male,1990-05-11,Pärnu,Pärnumaa,88,,,,,,190,80,Competed in Olympic Games,Tartu SS Kalev,,,
130975,Karl Robert Saluri,Karl Robert Saluri,Karl Robert•Saluri,,,,,Male,1993-08-06,Rapla,Raplamaa,88,,,,,,178,75,Competed in Olympic Games,"University of Georgia, USA",,,
130976,Magnus Kirt,Magnus Kirt,Magnus•Kirt,,,Southpaw,,Male,1990-04-10,Tõrva,Valgamaa,88,,,,,,192,90,Competed in Olympic Games,Tallinna TU SK,,,
130977,Maicel Uibo,Maicel Uibo,Maicel•Uibo,,,,,Male,1992-12-27,Põlva,Põlvamaa,88,,,,,,188,84,Competed in Olympic Games,"University of Georgia, USA",,,
130978,Martin Kupper,Martin Kupper,Martin•Kupper,,,,,Male,1989-05-31,Tallinn,Harjumaa,88,,,,,,198,119,Competed in Olympic Games,"Audentese SK, Tallinn",,,
130979,Roman Fosti,Roman Fosti,Roman•Fosti,,,Romka,,Male,1983-06-06,Pärnu,Pärnumaa,88,,,,,,181,70,Competed in Olympic Games,Stamina SK,,,
130980,Tanel Laanmäe,Tanel Laanmäe,Tanel•Laanmäe,,,,,Male,1989-09-29,Valga,Valgamaa,88,,,,,,183,95,Competed in Olympic Games,SK Viraaz,,,
130985,Abadi Hadis,Abadi Hadis Embaye,Abadi•Hadis,,,,,Male,1997-11-06,Addis Ababa,Addis Ababa,89,,2020-02-05,Mek'ele,Tigray,89,170,63,Competed in Olympic Games,,,,
130986,Chala Beyo,Chala Beyo Techo,Chala•Beyo,,,,,Male,1996-01-18,,,,,,,,,176,58,Competed in Olympic Games,,,,
130987,Feyisa Lilesa,Feyisa Lilesa,Feyisa•Lilesa,,,,,Male,1990-02-01,Jeldu,Oromiya,89,,,,,,175,67,Competed in Olympic Games,,,,
130988,Hailemariyam Amare,Hailemariyam Amare Tegen,Hailemariyam•Amare,,,,,Male,1997-02-22,,,,,,,,,175,64,Competed in Olympic Games,,,,
130989,Lemi Berhanu,Lemi Berhanu Hayle,Lemi•Berhanu,,,,,Male,1994-09-13,,,,,,,,,168,53,Competed in Olympic Games,,,,
130990,Muktar Edris,Muktar Edris Awel,Muktar•Edris,,,,,Male,1994-01-14,Silt'e Zone,"Southern Nations, Nationalities, and Peoples Region",89,,,,,,171,60,Competed in Olympic Games,,,,
130991,Tafese Seboka,Tafese Seboka,Tafese•Seboka,,,,,Male,1993-09-29,,,,,,,,,177,66,Competed in Olympic Games,,,,
130992,Tamirat Tola,Tamirat Tola Abera,Tamirat•Tola,,,,,Male,1991-08-11,,,,,,,,,181,59,Competed in Olympic Games,Oromiya Police Club,,,
130993,Tesfaye Abera,Tesfaye Abera Dibaba,Tesfaye•Abera,,,,,Male,1992-03-31,,,,,,,,,192,68,Competed in Olympic Games,,,,
130994,Yigrem Demelash,Yigrem Demelash,Yigrem•Demelash,,,,,Male,1994-01-26,,,,,,,,,167,48,Competed in Olympic Games,,,,
131028,Aku Partanen,"Veli-Matti ""Aku"" Partanen",Aku•Partanen,,,,,Male,1991-10-28,Lappeenranta,Etelä-Karjala,92,,,,,,180,55,Competed in Olympic Games,Lappeenrannan Urheilu-Miehet,,,
131029,Aleksi Ojala,Aleksi Mikael Ojala,Aleksi•Ojala,,,,,Male,1992-12-09,Urjala,Pirkanmaa,92,,,,,,180,62,Competed in Olympic Games,Turun Weikot,,,
131030,Oskari Mörö,Santtu Oskari Mörö,Oskari•Mörö,,,"Osku, Morko",,Male,1993-01-31,Lohja,Uusimaa,92,,,,,,181,71,Competed in Olympic Games • Competed in Youth Olympic Games,Esbo IF,,,
131043,Bastien Auzeil,Bastien Auzeil,Bastien•Auzeil,,,,,Male,1989-10-22,Pont-de-Beauvoisin,Isère,94,,,,,,195,89,Competed in Olympic Games,Entente Athlétique Grenoble,,,
131044,Harold Correa,Harold Correa,Harold•Correa,,,,,Male,1988-06-26,Epinay-sur-Seine,Seine-Saint-Denis,94,,,,,,190,81,Competed in Olympic Games,Entente Franconville Césame Val d'Oise,,,
131045,Kévin Campion,Kévin Campion,Kévin•Campion,,,,,Male,1988-05-23,Vénissieux,Rhône,94,,,,,,183,63,Competed in Olympic Games,AFA Feyzin-Vénissieux,,,
131046,Kévin Ménaldo,Kévin Ménaldo,Kévin•Ménaldo,,,,,Male,1992-07-12,Bordeaux,Gironde,94,,,,,,176,66,Competed in Olympic Games,Entente Franconville Césame Val d'Oise,,,
131047,Mame-Ibra Anne,Mame-Ibra Anne,Mame-Ibra•Anne,,,,,Male,1989-11-07,Colombes,Hauts-de-Seine,94,,,,,,184,80,Competed in Olympic Games • Non-starter,US Ivry,,,
131048,Marvin René,Marvin René,Marvin•René,,,,,Male,1995-04-11,Cayenne,Guyane,94,,,,,,177,60,Competed in Olympic Games • Non-starter,SCO Sainte-Marguerite Marseille,,,
131049,Mickaël-Méba Zézé,Mickaël-Méba Zézé,Mickaël-Méba•Zézé,,,,,Male,1994-05-19,Saint-Aubin-les-Elbeuf,Seine-Maritime,94,,,,,,175,66,Competed in Olympic Games,Val-de-Reuil AC,,,
131050,Pascal Martinot-Lagarde,Pascal Martinot-Lagarde,Pascal•Martinot-Lagarde,,,PML,,Male,1991-09-22,Saint-Maur-des-Fossés,Val-de-Marne,94,,,,,,189,85,Competed in Olympic Games,ES Montgeron,,,
131051,Stanley Joseph,Stanley Joseph,Stanley•Joseph,,,,,Male,1991-10-24,Orléans,Loiret,94,,,,,,181,66,Competed in Olympic Games,EC Orléans Cercle Jules Ferry,,,
131052,Stuart Dutamby,Stuart Dutamby,Stuart•Dutamby,,,,,Male,1994-04-24,Saint-Germain-en-Laye,Yvelines,94,,,,,,176,74,Competed in Olympic Games,Lille Métropole Athlétisme,,,
131053,Thomas Jordier,Thomas Jordier,Thomas•Jordier,,,,,Male,1994-08-12,Noisy-le-Sec,Seine-Saint-Denis,94,,,,,,170,65,Competed in Olympic Games,Tremblay AC Athlétisme,,,
131054,Wilhem Belocian,Wilhem Belocian,Wilhem•Belocian,,,,,Male,1995-06-22,Les Abymes,Guadeloupe,94,,,,,,178,78,Competed in Olympic Games,Stade lamentinois,,,
131186,Kitson Kapiriel,Kitson Kapiriel,Kitson•Kapiriel,,,,,Male,1993-12-10,,,,,,,,,153,70,Competed in Olympic Games,,,,
131190,Adama Jammeh,Adama Jammeh,Adama•Jammeh,,,,,Male,1993-06-10,Sitanunku,"Niumi, North Bank",5,,,,,,,,Competed in Olympic Games,"Jaraaf Athletics Club, Dakar, SEN",,,
131194,Andy Butchart,"Andrew ""Andy"" Butchart",Andy•Butchart,,,,,Male,1991-10-14,Dunblane,Scotland,98,,,,,,175,64,Competed in Olympic Games,"Central Athletic Club, Stirling (GBR)",,,
131195,Andy Vernon,"Andrew James ""Andy"" Vernon",Andy•Vernon,,,,,Male,1986-01-07,Fareham,England,98,,,,,,182,71,Competed in Olympic Games,"Aldershot, Farnham & District AC, Farnborough (GBR)",,,
131196,Callum Hawkins,Callum Hawkins,Callum•Hawkins,,,,,Male,1992-06-22,Elderslie,Scotland,98,,,,,,179,62,Competed in Olympic Games,"Kilbarchan AAC, Kilbarchan (GBR)",,,
131197,Charlie Grice,"Charles Maxwell Da'vall ""Charlie"" Grice-Cardew",Charlie•Grice,,,,,Male,1993-11-07,Brighton,England,98,,,,,,182,70,Competed in Olympic Games • Competed in Youth Olympic Games,"Brighton Phoenix, Brighton (GBR)",,,
131198,Chijindu Ujah,Chijindu Andre E. O. Ujah,Chijindu•Ujah,,,"CJ, Chinji",,Male,1994-03-05,Enfield,England,98,,,,,,182,81,Competed in Olympic Games,"Enfield and Haringey AC, London (GBR) / Middlesex University, Hendon (GBR)",,,
131199,Chris Baker,"Christopher Edwin ""Chris"" Baker",Chris•Baker,,,,,Male,1991-02-02,Norwich,England,98,,,,,,194,80,Competed in Olympic Games,"Sale Harriers, Manchester (GBR)",,,
131200,Chris Bennett,"Christopher ""Chris"" Bennett",Chris•Bennett,,,,,Male,1989-12-17,Glasgow,Scotland,98,,,,,,188,115,Competed in Olympic Games,"Shaftesbury Barnet Harriers, London (GBR) / Shettleston Harriers, Glasgow (GBR)",,,
131201,Chris O'Hare,"Christopher ""Chris"" O'Hare",Chris•O'Hare,,,,,Male,1990-11-23,West Linton,Scotland,98,,,,,,178,63,Competed in Olympic Games,"Edinburgh AC, Edinburgh (GBR)",,,
131202,Delano Williams,Delano Livingston Williams,Delano•Williams,,,,,Male,1993-12-23,Grand Turk Island,Turks and Caicos Islands,,,,,,,180,73,Competed in Olympic Games,"Enfield and Haringey AC, London (GBR) / Racers Track Club, Kingston (JAM)",,,
131203,Derek Hawkins,Derek Hawkins,Derek•Hawkins,,,,,Male,1989-04-29,Paisley,Scotland,98,,,,,,180,68,Competed in Olympic Games,"Kilbarchan AAC, Kilbarchan (GBR)",,,
131204,Elliot Giles,Elliot Levi Giles,Elliot•Giles,,,,,Male,1994-05-26,Birmingham,England,98,,,,,,183,77,Competed in Olympic Games,"Birchfield Harriers, Birmingham (GBR)",,,
131205,Harry Aikines-Aryeetey,Harry Leslie Aikines-Aryeetey,Harry•Aikines-Aryeetey,,,"Ha2, Black Brutus, Fridge, Haribo, Hazbo",,Male,1988-08-29,Carshalton,England,98,,,,,,180,87,Competed in Olympic Games • Non-starter,"Sutton & District AC, Sutton (GBR)",,,
131206,Luke Cutts,Luke Arron Cutts,Luke•Cutts,,,,,Male,1988-02-13,Thurrock,England,98,,,,,,188,82,Competed in Olympic Games,"City of Sheffield and Dearne AC, Sheffield (GBR)",,,
131207,Mark Dry,Mark William Dry,Mark•Dry,,,,,Male,1987-10-11,Milton Keynes,England,98,,,,,,184,113,Competed in Olympic Games,"Woodford Green with Essex Ladies, Woodford (GBR)",,,
131208,Matt Hudson-Smith,"Matthew Lloyd ""Matt"" Hudson-Smith",Matt•Hudson-Smith,,,MHS,,Male,1994-10-26,Wolverhampton,England,98,,,,,,194,78,Competed in Olympic Games,"Birchfield Harriers, Birmingham (GBR)",,,
131209,Nethaneel Mitchell-Blake,Nethaneel Joseph Mitchell-Blake,Nethaneel•Mitchell-Blake,,,British,,Male,1994-04-02,Newham,England,98,,,,,,187,86,Competed in Olympic Games,"Newham and Essex Beagles, London (GBR) / LSU Tigers, Baton Rouge (USA)",,,
131210,Nick Miller,"Nicholas ""Nick"" Miller",Nick•Miller,,,,,Male,1993-05-01,Carlisle,England,98,,,,,,188,112,Competed in Olympic Games,"Border Harriers, Carlisle (GBR) / Oklahoma State Cowboys, Stillwater (USA)",,,
131211,Richard Kilty,Richard Kilty,Richard•Kilty,,,The Teeside Tornado,,Male,1989-09-02,Stockton-on-Tees,England,98,,,,,,184,79,Competed in Olympic Games,"Gateshead Harriers, Gateshead (GBR)",,,
131212,Rob Mullett,"Robert William ""Rob"" Mullett",Rob•Mullett,,,,,Male,1987-07-31,Brighton,England,98,,,,,,178,64,Competed in Olympic Games,"Lewes AC, Lewes (GBR)",,,
131213,Ross Millington,Ross Arthur Millington,Ross•Millington,,,,,Male,1989-09-19,Stockport,England,98,,,,,,173,58,Competed in Olympic Games,"Stockport Harriers, Stockport (GBR)",,,
131214,Sebastian Rodger,Sebastian William Gregory Rodger,Sebastian•Rodger,,,Seb,,Male,1991-06-29,Brighton,England,98,,,,,,180,68,Competed in Olympic Games,"Shaftesbury Barnet Harriers, London (GBR)",,,
131215,Tom Bosworth,"Thomas Stewart ""Tom"" Bosworth",Tom•Bosworth,,,,,Male,1990-01-17,Sevenoaks,England,98,,,,,,178,54,Competed in Olympic Games,"Tonbridge AC, Tonbridge (GBR)",,,
131217,Tsegai Tewelde,Tsegai Tewelde,Tsegai•Tewelde,,,,,Male,1989-12-08,?,,86,,,,,,172,56,Competed in Olympic Games,Shettleston/Glasgow City,,,
131307,Bachana Khorava,Bachana Khorava,Bachana•Khorava,ბაჩანა•ხორავა,,,,Male,1993-03-15,Chkhorotsqu,Samegrelo-Zemo Svaneti,99,,,,,,171,67,Competed in Olympic Games,,,,
131308,Benik Abramyan,Benik Abramyan,Benik•Abramyan,ბენიკ•აბრამიანი,,Beno,,Male,1985-07-31,,,,,,,,,186,115,Competed in Olympic Games,,,,
131309,Daviti Kharazishvili,Daviti Kharazishvili,Daviti•Kharazishvili,დავით•ხარაზიშვილი,,,,Male,1992-04-24,Tbilisi,Tbilisi,99,,,,,,171,68,Competed in Olympic Games,,,,
131310,Lasha Torgvaidze-Gulelauri,Lasha Torgvaidze-Gulelauri,Lasha•Torgvaidze-Gulelauri,ლაშა•თორღვაიძე,,,,Male,1993-05-26,Akhmeta,Kakheti,99,,,,,,184,73,Competed in Olympic Games,,,,
131330,Aleixo-Platini Menga,Aleixo-Platini Menga,Aleixo-Platini•Menga,,,Mengaman,,Male,1987-09-29,Luanda,Luanda,21,,,,,,182,82,Competed in Olympic Games,"Bayer 04 Leverkusen, Leverkusen (GER)",,,
131331,Carl Dohmann,Carl Dohmann,Carl•Dohmann,,,,,Male,1990-05-18,Hannover,Niedersachsen,72,,,,,,183,62,Competed in Olympic Games,SCL-Heel Baden-Baden,,,
131332,Christoph Harting,Christoph Harting,Christoph•Harting,,,,,Male,1990-04-10,Cottbus,Brandenburg,72,,,,,,207,120,Competed in Olympic Games,"SC Charlottenburg, Berlin (GER)",,,
131333,Daniel Jasinski,Daniel Jasinski,Daniel•Jasinski,,,,,Male,1989-08-05,Bochum,Nordrhein-Westfalen,72,,,,,,207,120,Competed in Olympic Games,"TV Wattenscheid, Wattenscheid, Bochum (GER)",,,
131334,Eike Onnen,Eike Onnen,Eike•Onnen,,,,,Male,1982-08-03,Hannover,Niedersachsen,72,,,,,,197,92,Competed in Olympic Games,"Hannover 96, Hannover (GER)",,,
131335,Fabian Heinle,Fabian Heinle,Fabian•Heinle,,,,,Male,1994-05-14,Böblingen,Baden-Württemberg,72,,,,,,187,72,Competed in Olympic Games,"VfB Stuttgart, Stuttgart (GER)",,,
131336,Florian Orth,Florian Orth,Florian•Orth,,,,,Male,1989-07-24,Schwalmstadt,Hessen,72,,,,,,181,63,Competed in Olympic Games,"LG Regensburg, Regensburg (GER)",,,
131337,Gregor Traber,Gregor Traber,Gregor•Traber,,,,,Male,1992-12-02,Tettnang,Baden-Württemberg,72,,,,,,190,80,Competed in Olympic Games,"VfB Stuttgart, Stuttgart (GER)",,,
131338,Hagen Pohle,Hagen Pohle,Hagen•Pohle,,,,,Male,1992-03-05,Frankfurt (Oder),Brandenburg,72,,,,,,178,64,Competed in Olympic Games,"SC Potsdam, Potsdam (GER)",,,
131339,Homiyu Tesfaye,Homiyu Tesfaye Heyi,Homiyu•Tesfaye,,,,,Male,1993-06-23,Bishoftu,Oromiya,89,,,,,,184,64,Competed in Olympic Games,"LG Eintracht Frankfurt, Frankfurt am Main (GER)",,,
131340,Johannes Vetter,Johannes Vetter,Johannes•Vetter,,,Jojo,,Male,1993-03-26,Dresden,Sachsen,72,,,,,,188,103,Competed in Olympic Games,"LG Offenburg, Offenburg (GER)",,,
131341,Julian Flügel,Julian Flügel,Julian•Flügel,,,,,Male,1986-04-18,Fulda,Hessen,72,,,,,,183,64,Competed in Olympic Games,Asics Team Memmert,,,
131342,Julian Weber,Julian Weber,Julian•Weber,,,,,Male,1994-08-29,Mainz,Rheinland-Pfalz,72,,,,,,191,98,Competed in Olympic Games,"USC Mainz, Mainz (GER)",,,
131343,Karsten Dilla,Karsten Dilla,Karsten•Dilla,,,,,Male,1989-07-17,Düsseldorf,Nordrhein-Westfalen,72,,,,,,188,82,Competed in Olympic Games,"Bayer 04 Leverkusen, Leverkusen (GER)",,,
131344,Mateusz Przybylko,Mateusz Przybylko,Mateusz•Przybylko,,,,,Male,1992-03-09,Bielefeld,Nordrhein-Westfalen,72,,,,,,195,78,Competed in Olympic Games,"Bayer 04 Leverkusen, Leverkusen (GER)",,,
131345,Max Heß,Max Heß,Max•Heß,,,,,Male,1996-07-13,Chemnitz,Sachsen,72,,,,,,185,80,Competed in Olympic Games,"LAC Chemnitz, Chemnitz (GER)",,,
131346,Nils Brembach,Nils Brembach,Nils•Brembach,,,,,Male,1993-02-23,Berlin,Berlin,72,,,,,,184,70,Competed in Olympic Games,"SC Potsdam, Potsdam (GER)",,,
131347,Philipp Pflieger,Philipp Pflieger,Philipp•Pflieger,,,,,Male,1987-07-16,Sindelfingen,Baden-Württemberg,72,,,,,,188,70,Competed in Olympic Games,"LG Regensburg, Regensburg (GER)",,,
131348,Richard Ringer,Richard Ringer,Richard•Ringer,,,,,Male,1989-02-27,Überlingen,Baden-Württemberg,72,,,,,,182,62,Competed in Olympic Games,"VfB Friedrichshafen, Friedrichshafen (GER)",,,
131349,Robin Erewa,Robin Erewa,Robin•Erewa,,,,,Male,1991-06-24,Oberhausen,Nordrhein-Westfalen,72,,,,,,184,80,Competed in Olympic Games,"TV Wattenscheid, Wattenscheid, Bochum (GER)",,,
131350,Robert Hering,Robert Hering,Robert•Hering,,,,,Male,1990-06-14,Gera,Thüringen,72,,,,,,180,78,Competed in Olympic Games,"SC DHfK, Leipzig (GER)",,,
131351,Sven Knipphals,Sven Knipphals,Sven•Knipphals,,,"Knippi, Knippschild, Der Schnellste Wolf",,Male,1985-09-20,Hannover,Niedersachsen,72,,,,,,189,88,Competed in Olympic Games,"VfL Wolfsburg, Wolfsburg (GER)",,,
131352,Thomas Röhler,Thomas Röhler,Thomas•Röhler,,,,,Male,1991-09-30,Jena,Thüringen,72,,,,,,192,92,Competed in Olympic Games,Leichtathletik Club Jena,,,
131353,Tobias Dahm,Tobias Dahm,Tobias•Dahm,,,,,Male,1987-05-23,Böblingen,Baden-Württemberg,72,,,,,,205,124,Competed in Olympic Games,"VfL Sindelfingen, Sindelfingen (GER)",,,
131354,Tobias Scherbarth,Tobias Scherbarth,Tobias•Scherbarth,,,,,Male,1985-08-17,Leipzig,Sachsen,72,,,,,,195,87,Competed in Olympic Games,"Bayer 04 Leverkusen, Leverkusen (GER)",,,
131467,Alex Amankwa,Alex Amankwa,Alex•Amankwa,,,,,Male,1992-03-02,Accra,Greater Accra,100,,,,,,,,Competed in Olympic Games,"University of Alabama, USA",,,
131468,Emmanuel Dasor,Emmanuel Kwame Dasor,Emmanuel•Dasor,,,,,Male,1995-09-14,Accra,Greater Accra,100,,,,,,,,Competed in Olympic Games,"Western Kentucky Hilltoppers, USA",,,
131469,John Ampomah,John Ampomah,John•Ampomah,,,,,Male,1990-07-11,Konongo,Ashanti,100,,,,,,191,100,Competed in Olympic Games,"Middle Tennessee Blue Raiders, Murfreesboro (USA)",,,
131470,Sean Safo-Antwi,Sean Nana A. K. Safo-Antwi,Sean•Safo-Antwi,,,,,Male,1990-10-31,Islington,England,98,,,,,,171,69,Competed in Olympic Games,"Enfield and Haringey Athletic Club, GBR",,,
131474,Christoforos Merousis,Christoforos Merousis,Christoforos•Merousis,Χριστόφορος•Μερούσης,,,,Male,1982-03-22,Chios,Voreio Aigaio,106,,,,,,178,72,Competed in Olympic Games,,,,
131475,Michailis Anastasakis,Michailis Anastasakis,Michailis•Anastasakis,Μιχάλης•Αναστασάκης,,,,Male,1994-12-03,Chania,Kriti,106,,,,,,183,92,Competed in Olympic Games,SC El. Venizelos (GRE),,,
131476,Michailis Kalomoiris,Michailis Kalomoiris,Michailis•Kalomoiris,Μιχάλης•Καλομοίρης,,,,Male,1986-10-09,Athina (Athens),Attiki,106,,,,,,181,65,Competed in Olympic Games,IA Apollo,,,
131477,Miltiadis Tentoglou,Miltiadis Tentoglou,Miltiadis•Tentoglou,Μιλτιάδης•Τεντόγλου,,"Miltos, Bounce Man",,Male,1998-03-18,,,,,,,,,185,75,Competed in Olympic Games,SC Kifissias (GRE),,,
131478,Nikolas Skarvelis,Nikolas Skarvelis,Nikolas•Skarvelis,Νικόλας•Σκαρβέλης,,Nick,,Male,1993-02-02,Santa Barbara,California,268,,,,,,186,125,Competed in Olympic Games,,,,
131502,Bralon Taplin,Bralon Terrol Taplin,Bralon•Taplin,,,Shazam,,Male,1992-05-08,Miami,Florida,268,,,,,,180,75,Competed in Olympic Games,"Texas A&M Aggies, College Station (USA)",,,
131504,Carlos Trujillo,Juan Carlos Trujillo,Carlos•Trujillo,,,TR,,Male,1985-07-17,Los Angeles,California,268,,,,,,175,58,Competed in Olympic Games,"Front Range Racers, USA",,,
131505,José María Raymundo,José María Raymundo Cox,José María•Raymundo,,,,,Male,1993-09-01,Santa Cruz del Quiché,El Quiché,109,,,,,,156,49,Competed in Olympic Games,,,,
131506,Mario Alfonso Bran,Mario Alfonso Bran Granillo,Mario Alfonso•Bran,,,,,Male,1989-10-17,Ciudad de Guatemala (Guatemala City),Guatemala,109,,,,,,168,64,Competed in Olympic Games,,,,
131513,Mohamed Lamine Dansoko,Mohamed Lamine Dansoko,Mohamed Lamine•Dansoko,,,,,Male,1998-03-15,Conakry,Conakry,102,,,,,,161,78,Competed in Olympic Games,,,,
131515,Josh Ilustre,"Joshua ""Josh"" Ilustre",Josh•Ilustre,,,,,Male,1994-01-23,Tamuning,Guam,110,,,,,,178,70,Competed in Olympic Games,Guam Central Athletics,,,
131517,Troy Doris,Troy Doris,Troy•Doris,,,,,Male,1989-04-12,Chicago,Illinois,268,,,,,,172,74,Competed in Olympic Games • Other,,,,
131519,Darrell Wesh,Darrell Wesh,Darrell•Wesh,,,,,Male,1992-01-21,Virginia Beach,Virginia,268,,,,,,183,73,Competed in Olympic Games,"Virginia Tech Hokies, USA",,,
131525,Chan Ming Tai,Chan Ming Tai,Chan•Ming Tai,陳•銘泰,,Theophilus,Oriental,Male,1995-01-30,Hong Kong,Hong Kong,113,,,,,,175,66,Competed in Olympic Games,Hong Kong University,,,
131554,Bence Venyercsán,Bence Barnabás Venyercsán,Bence•Venyercsán,,,,,Male,1996-01-08,Székesfehérvár,Fejér,118,,,,,,173,56,Competed in Olympic Games,Budapesti Honved SE,,,
131555,Gábor Józsa,Gábor Józsa,Gábor•Józsa,,,,,Male,1983-08-18,Budapest,Budapest,118,,,,,,170,58,Competed in Olympic Games,"MAC, Budapest (HUN)",,,
131556,Gáspár Csere,Gáspár Csere,Gáspár•Csere,,,,,Male,1991-08-12,Budapest,Budapest,118,,,,,,172,54,Competed in Olympic Games,Budapesti Egyetemi AC,,,
131557,Miklós Srp,Miklós Srp,Miklós•Srp,,,,,Male,1993-03-06,Pécs,Baranya,118,,,,,,200,82,Competed in Olympic Games,Pécsi Futó Club/ BHSE,,,
131558,Sándor Rácz,Sándor Rácz,Sándor•Rácz,,,,,Male,1986-09-14,Debrecen,Hajdú-Bihar,118,,,,,,178,69,Competed in Olympic Games,Debreceni Sportiskola/UTE,,,
131600,Sudirman Hadi,Sudirman Hadi,Sudirman•Hadi,,,,,Male,1996-03-09,Pemenang,Nusa Tenggara Barat,123,,,,,,171,76,Competed in Olympic Games,,,,
131608,Ankit Sharma,Ankit Sharma,Ankit•Sharma,,,,,Male,1992-07-20,Pinahat,Uttar Pradesh,126,,,,,,177,75,Competed in Olympic Games,,,,
131609,Arokia Rajiv,Soundarajan Arokia Rajiv,Arokia•Rajiv,,,,,Male,1991-05-22,Tiruchirappalli,Tamil Nadu,126,,,,,,175,65,Competed in Olympic Games,,,,
131610,Ayyasamy Dharun,Ayyasamy Dharun,Ayyasamy•Dharun,,,,,Male,1996-12-31,Chinneripalayam,Tripura,126,,,,,,177,64,Competed in Olympic Games,,,,
131611,Ganapathi Krishnan,Ganapathi Krishnan,Ganapathi•Krishnan,,,Krish,,Male,1989-06-29,Konegoundanur,"Krishnagiri, Tamil Nadu",126,,,,,,,,Competed in Olympic Games,,,,
131612,Thonakal Gopi,Thonakal Gopi,Thonakal•Gopi,थोनाकल•गोपी,,,,Male,1988-05-24,Wayanad District,Kerala,126,,,,,,166,56,Competed in Olympic Games,,,,
131613,Jinson Johnson,Jinson Johnson,Jinson•Johnson,,,,,Male,1991-03-15,Chakkittapara,Kerala,126,,,,,,183,70,Competed in Olympic Games,,,,
131614,Kheta Ram,Kheta Ram,Kheta•Ram,,,,,Male,1986-09-20,Barmer,Rajasthan,126,,,,,,169,53,Competed in Olympic Games,"Army Sports Institute, Pune",,,
131615,Kunhu Muhammed Puthanpurakkal,Kunhu Muhammed Puthanpurakkal,Kunhu Muhammed•Puthanpurakkal,,,,,Male,1987-03-05,Mannarkkad,Kerala,126,,,,,,170,72,Competed in Olympic Games,,,,
131616,Manish Singh,Manish Singh Rawat,Manish•Singh,,,,,Male,1991-05-05,Chamoli,Uttarakhand,126,,,,,,174,65,Competed in Olympic Games,,,,
131617,Mohammad Anas Yahiya,Mohammad Anas Yahiya,Mohammad Anas•Yahiya,,,,,Male,1994-09-17,Nilamel,Kerala,126,,,,,,177,69,Competed in Olympic Games,Style Sports Academy Nilamel,,,
131618,Nitendra Singh Rawat,Nitendra Singh Rawat,Nitendra•Singh Rawat,,,Nitin,,Male,1986-09-29,Garur,Uttarakhand,126,,,,,,172,58,Competed in Olympic Games,,,,
131649,Hamid Reza Zooravand,Hamid Reza Zooravand,Hamid Reza•Zooravand,حمیدرضا•زورآوند,,,,Male,1990-01-13,Hamadan,Hamadan,129,,,,,,176,66,Competed in Olympic Games,,,,
131650,Hassan Taftian,Hassan Taftian,Hassan•Taftian,حسن•تفتیان,,,,Male,1993-05-04,Torbat-e Heydarieh,Khorasan Razavi,129,,,,,,187,68,Competed in Olympic Games,,,,
131651,Mahmoud Samimi,Mahmoud Samimi,Mahmoud•Samimi,محمود•صمیمی,,,,Male,1988-09-18,Shalamzar,Chaharmahal-o-Bakhtiyari,129,,,,,,186,90,Competed in Olympic Games,,,,
131652,Mohammad Jaafar Moradi,Mohammad Jaafar Moradi,Mohammad Jaafar•Moradi,محمدجعفر•مرادی,,,,Male,1990-04-10,Gilan-e Gharb,Kermanshah,129,,,,,,169,62,Competed in Olympic Games,,,,
131653,Pezhman Ghalehnoei,Pezhman Ghalehnoei,Pezhman•Ghalehnoei,پژمان•قلعه‌نوعی,,,,Male,1992-01-29,Kordkuy,Golestan,129,,,,,,190,96,Competed in Olympic Games,,,,
131683,Alex Wright,Alex Wright,Alex•Wright,,,,,Male,1990-12-19,London,England,98,,,,,,175,62,Competed in Olympic Games,Leevale AC (IRL),,,
131684,Kevin Seaward,Kevin Seaward,Kevin•Seaward,,,,,Male,1983-10-03,Belfast,Northern Ireland,98,,,,,,175,59,Competed in Olympic Games,"St Malachy's AC, Belfast",,,
131685,Mark English,Mark English,Mark•English,,,,,Male,1993-03-18,Letterkenny,Donegal,128,,,,,,187,76,Competed in Olympic Games • Competed in Youth Olympic Games,University College Dublin AC (IRL) / Finn Valley AC (IRL),,,
131686,Mick Clohisey,Mick Clohisey,Mick•Clohisey,,,,,Male,1986-01-13,Dublin,Dublin,128,,,,,,180,64,Competed in Olympic Games,Raheny Shamrock AC,,,
131687,Paul Pollock,Paul Pollock,Paul•Pollock,,,,,Male,1986-06-25,Holywood,Northern Ireland,98,,,,,,177,57,Competed in Olympic Games,"Annadale Striders Athletics Club, Belfast",,,
131688,Thomas Barr,Thomas Barr,Thomas•Barr,,,,,Male,1992-07-24,Waterford,Waterford,128,,,,,,183,73,Competed in Olympic Games,"Ferrybank A.C., Ferrybank, Waterford (IRL)",,,
131741,Guðni Guðnason,Guðni Valur Guðnason,Guðni•Guðnason,,,,,Male,1995-10-11,,,,,,,,,199,120,Competed in Olympic Games,Íþróttafélag Reykjavíkur,,,
131742,Ageze Guadie,Ageze Guadie,Ageze•Guadie,גואדה•אגזה,,,,Male,1989-09-11,?,,89,,,,,,175,56,Competed in Olympic Games,,,,
131743,Dmitry Kroyter,Dmitry Kroyter,Dmitry•Kroyter,קרויטר•דמיטרי,Дмитрий Кройтер,,,Male,1993-02-18,Neryungri,Respublika Sakha,219,,,,,,189,73,Competed in Olympic Games • Competed in Youth Olympic Games,"Maccabi Tel-Aviv, Tel Aviv (ISR)",,,
131744,Maru Teferi,Maru Abinet Teferi,Maru•Teferi,טפרי•מארו,,,,Male,1992-08-17,?,,89,,,,,,164,52,Competed in Olympic Games,,,,
131745,Tasama Moogas,Tasama Moogas,Tasama•Moogas,מוגס•טסמה,,,,Male,1988-02-02,?,,89,,,,,,165,52,Competed in Olympic Games,,,,
131756,Eddie Lovett,Eddie Jermoni Lovett,Eddie•Lovett,,,"E.J., Ed",,Male,1992-06-25,Miami,Florida,268,,,,,,180,73,Competed in Olympic Games,Florida Gators,,,
131760,Eseosa Desalu,Eseosa Fostine Desalu,Eseosa•Desalu,,,Fausto,,Male,1994-02-19,Casalmaggiore,Cremona,133,,,,,,180,67,Competed in Olympic Games,"G.S. Fiamme Gialle, Roma (ITA)",,,
131761,Giordano Benedetti,Giordano Benedetti,Giordano•Benedetti,,,,,Male,1989-05-22,Trento,Trento,133,,,,,,189,67,Competed in Olympic Games,"G.S. Fiamme Gialle, Roma (ITA)",,,
131762,Matteo Galvan,Matteo Galvan,Matteo•Galvan,,,,,Male,1988-08-24,Vicenza,Vicenza,133,,,,,,183,73,Competed in Olympic Games • Non-starter,"G.S. Fiamme Gialle, Roma (ITA)",,,
131763,Matteo Giupponi,Matteo Giupponi,Matteo•Giupponi,,,,,Male,1988-10-08,Bergamo,Bergamo,133,,,,,,185,61,Competed in Olympic Games,"C. S. Carabinieri, (ITA)",,,
131764,Silvano Chesani,Silvano Chesani,Silvano•Chesani,,,,,Male,1988-07-17,Trento,Trento,133,,,,,,190,75,Competed in Olympic Games,Gruppo Sportivo Fiamme Oro,,,
131765,Stefano La Rosa,Stefano La Rosa,Stefano•La Rosa,,,,,Male,1985-09-28,Grosseto,Grosseto,133,,,,,,166,55,Competed in Olympic Games,"C. S. Carabinieri, (ITA)",,,
131766,Teodorico Caporaso,Teodorico Caporaso,Teodorico•Caporaso,,,Teo,,Male,1987-09-14,Benevento,Benevento,133,,,,,,166,60,Competed in Olympic Games,A.S.D. Enterprise Sport & Service,,,
131844,Eldred Henry,Eldred Cornelius Henry,Eldred•Henry,,,,,Male,1994-09-18,Road Town,"Tortola, British Virgin Islands",15,,,,,,,95,Competed in Olympic Games,"Central Ariziona College, USA",,,
131845,Annsert Whyte,Annsert Whyte,Annsert•Whyte,,,Whytes,,Male,1987-04-10,Kingston,Kingston,134,,,,,,188,86,Competed in Olympic Games,"Racers Track Club, Kingston (JAM)",,,
131846,Aubrey Smith,Aubrey Smith,Aubrey•Smith,,,,,Male,1988-06-30,Kingston,Kingston,134,,,,,,180,75,Competed in Olympic Games,,,,
131847,Clive Pullen,Clive Pullen,Clive•Pullen,,,,,Male,1994-10-18,Kingston,Kingston,134,,,,,,183,83,Competed in Olympic Games,"Arkansas Razorbacks, Fayetteville (USA)",,,
131848,Deuce Carter,Deuce Carter,Deuce•Carter,,,,,Male,1990-09-28,Kingston,Kingston,134,,,,,,183,82,Competed in Olympic Games,Coleman Track Club,,,
131849,Fedrick Dacres,Fedrick Andray Dacres,Fedrick•Dacres,,,,,Male,1994-02-28,Kingston,Kingston,134,,,,,,191,104,Competed in Olympic Games • Competed in Youth Olympic Games,GT Management,,,
131850,Fitzroy Dunkley,Fitzroy Junior Dunkley,Fitzroy•Dunkley,,,,,Male,1993-05-20,?,Cornwall County,134,,,,,,195,79,Competed in Olympic Games,,,,
131851,Jaheel Hyde,Jaheel Hyde,Jaheel•Hyde,,,,,Male,1997-02-02,Kingston,Kingston,134,,,,,,180,74,Competed in Olympic Games • Competed in Youth Olympic Games • Other,Cameron Blazers / Adidas,,,
131852,Javon Francis,Javon Demar Francis,Javon•Francis,,,Donkey Man,,Male,1994-12-14,Kingston,Kingston,134,,,,,,183,68,Competed in Olympic Games • Other,AKAN Track Club,,,
131853,Jevaughn Minzie,Jevaughn Oshan Minzie,Jevaughn•Minzie,,,,,Male,1995-07-20,?,Saint Catherine,134,,,,,,178,85,Competed in Olympic Games,"Racers Track Club, Kingston (JAM)",,,
131854,Kemoy Campbell,Kemoy Campbell,Kemoy•Campbell,,,,,Male,1991-01-14,Mandeville,Manchester,134,,,,,,168,57,Competed in Olympic Games,New Balance,,,
131855,Nathon Allen,Nathon Allen,Nathon•Allen,,,Kawayne,,Male,1995-10-28,Bethany,Saint Ann,134,,,,,,178,,Competed in Olympic Games,,,,
131856,Nickel Ashmeade,Nickel Ashmeade,Nickel•Ashmeade,,,,,Male,1990-04-07,Ocho Rios,Saint Ann,134,,,,,,183,77,Competed in Olympic Games,Pure Athletics,,,
131857,O'Dayne Richards,O'Dayne Valent Richards,O'Dayne•Richards,,,Fred,,Male,1988-12-14,?,Saint Andrew,134,,,,,,177,120,Competed in Olympic Games,"MVP Track & Field Club, Kingston (JAM)",,,
131858,Omar McLeod,Omar McLeod,Omar•McLeod,,,Mr Silk,,Male,1994-04-25,Kingston,Kingston,134,,,,,,180,,Competed in Olympic Games,Nike,,,
131859,Peter Matthews,Peter Matthews,Peter•Matthews,,,Leedro,,Male,1989-11-13,Kingston,Kingston,134,,,,,,188,84,Competed in Olympic Games,"Racers Track Club, Kingston (JAM)",,,
131868,Aska Cambridge,"Asuka Antonio ""Aska"" Cambridge",Aska•Cambridge,ケンブリッジ•飛鳥,,,,Male,1993-05-31,Montego Bay,Saint James,134,,,,,,179,74,Competed in Olympic Games,Dome orporation,,,
131869,Daigo Hasegawa,Daigo Hasegawa,Daigo•Hasegawa,長谷川•大悟,,,,Male,1990-02-27,Yokohama,Kanagawa,136,,,,,,173,58,Competed in Olympic Games,Hitachi ICT,,,
131870,Daisuke Matsunaga,Daisuke Matsunaga,Daisuke•Matsunaga,松永•大介,,,,Male,1995-03-24,Yokohama,Kanagawa,136,,,,,,174,60,Competed in Olympic Games,"Toyo University, Tokyo",,,
131871,Eiki Takahashi,Eiki Takahashi,Eiki•Takahashi,高橋•英輝,,,,Male,1992-11-19,Hanamaki,Iwate,136,,,,,,176,58,Competed in Olympic Games,Fujitsu,,,
131872,Hirooki Arai,Hirooki Arai,Hirooki•Arai,荒井•広宙,,,,Male,1988-05-18,Nagano,Nagano,136,,,,,,180,62,Competed in Olympic Games,Japan Self-Defense Forces,,,
131873,Hiroki Ogita,Hiroki Ogita,Hiroki•Ogita,荻田•大樹,,,,Male,1987-12-30,?,Kagawa,136,,,,,,186,78,Competed in Olympic Games,Mizuno Track Club,,,
131874,Hisanori Kitajima,Hisanori Kitajima,Hisanori•Kitajima,北島•寿典,,,,Male,1984-10-16,Maebashi,Gunma,136,,,,,,171,55,Competed in Olympic Games,Yaskawa Electronic Corporation,,,
131875,Julian Walsh,Julian Jrummi Walsh,Julian•Walsh,ウォルシュ•ジュリアン ジャミイ,,,,Male,1996-09-18,Kingston,Kingston,134,,,,,,175,75,Competed in Olympic Games,"Toyo University, Tokyo (JPN) / Fujitsu (JPN)",,,
131876,Keisuke Nozawa,Keisuke Nozawa,Keisuke•Nozawa,野澤•啓佑,,,,Male,1991-06-07,Yamanashi,Yamanashi,136,,,,,,175,62,Competed in Olympic Games,Mizuno Track Club,,,
131877,Kenji Fujimitsu,Kenji Fujimitsu,Kenji•Fujimitsu,藤光•謙司,,,,Male,1986-05-01,Urawa,Saitama,136,,,,,,182,69,Competed in Olympic Games,Zenrin,,,
131878,Kohei Yamashita,Kohei Yamashita,Kohei•Yamashita,山下•航平,,,,Male,1994-09-06,Fukushima,Fukushima,136,,,,,,179,69,Competed in Olympic Games,University of Tsukuba,,,
131879,Kota Murayama,Kota Murayama,Kota•Murayama,村山•紘太,,,,Male,1993-02-23,?,Miyagi,136,,,,,,174,52,Competed in Olympic Games,Asahi Kasei,,,
131880,Nobuya Kato,Nobuya Kato,Nobuya•Kato,加藤•修也,,,,Male,1995-04-16,Iwata,Shizuoka,136,,,,,,185,67,Competed in Olympic Games,"Waseda University, Tokyo (JPN)",,,
131881,Ryohei Arai,Ryohei Arai,Ryohei•Arai,新井•涼平,,,,Male,1991-06-23,Nagatoro,Saitama,136,,,,,,183,96,Competed in Olympic Games,Suzuki Hamatsu AC,,,
131882,Satoru Sasaki,Satoru Sasaki,Satoru•Sasaki,佐々•木悟,,,,Male,1985-10-16,Daisen,Akita,136,,,,,,171,56,Competed in Olympic Games,Asahi Kasei,,,
131883,Sho Kawamoto,Sho Kawamoto,Sho•Kawamoto,川元•奨,,,,Male,1993-03-01,Saku,Nagano,136,,,,,,175,68,Competed in Olympic Games,Suzuki Hamatsu AC,,,
131884,Suehiro Ishikawa,Suehiro Ishikawa,Suehiro•Ishikawa,石川•末廣,,,,Male,1979-09-27,Suzuka,Mie,136,,,,,,169,56,Competed in Olympic Games,Honda,,,
131885,Suguru Osako,Suguru Osako,Suguru•Osako,大迫•傑,,,,Male,1991-05-23,Machida,Tokyo,136,,,,,,170,53,Competed in Olympic Games,"Waseda University, Tokyo (JPN)",,,
131886,Takashi Eto,Takashi Eto,Takashi•Eto,衛藤•昂,,,,Male,1991-02-05,Suzuka,Mie,136,,,,,,183,67,Competed in Olympic Games,"AGF, Suzuka",,,
131887,Takamasa Kitagawa,Takamasa Kitagawa,Takamasa•Kitagawa,北川•貴理,,,,Male,1996-09-05,Tsurugashima,Saitama,136,,,,,,177,67,Competed in Olympic Games,"Juntendo University, Tokyo",,,
131888,Tomoya Tamura,Tomoya Tamura,Tomoya•Tamura,田村•朋也,,,,Male,1992-08-20,Toyoake,Aichi,136,,,,,,178,68,Competed in Olympic Games,Sumitomo Electric Industries,,,
131889,Wataru Yazawa,Wataru Yazawa,Wataru•Yazawa,矢澤•航,,,,Male,1991-07-02,Yokohama,Kanagawa,136,,,,,,178,62,Competed in Olympic Games,Descente Track Club,,,
131890,Yoshihide Kiryu,Yoshihide Kiryu,Yoshihide•Kiryu,桐生•祥秀,,,,Male,1995-12-15,Hikone,Shiga,136,,,,,,175,68,Competed in Olympic Games,"Toyo University, Tokyo",,,
131891,Yuki Matsushita,Yuki Matsushita,Yuki•Matsushita,松下•祐樹,,,,Male,1991-09-09,Odawara,Kanagawa,136,,,,,,176,65,Competed in Olympic Games,Mizuno Track Club,,,
131892,Yuta Shitara,Yuta Shitara,Yuta•Shitara,設楽•悠太,,,,Male,1991-12-18,?,Saitama,136,,,,,,167,48,Competed in Olympic Games,Honda,,,
131994,Dmitry Koblov,Dmitry Koblov,Dmitry•Koblov,Дмитрий•Коблов,,,,Male,1992-11-30,Shymkent,Ongutsik Qazaqstan,137,,,,,,183,82,Competed in Olympic Games,,,,
131995,Ivan Ivanov,Ivan Ivanov,Ivan•Ivanov,Иван•Иванов,,Vanya,,Male,1992-01-03,Ushtobe,Almaty Oblysy,137,,,,,,202,144,Competed in Olympic Games,Dinamo,,,
131996,Mikhail Krasilov,Mikhail Krasilov,Mikhail•Krasilov,Михаил•Красилов,,,,Male,1990-03-05,Almaty,Almaty,137,,,,,,183,70,Competed in Olympic Games,CSKA,,,
131997,Yevgeny Labutov,Yevgeny Labutov,Yevgeny•Labutov,Евгений•Лабутов,,,,Male,1984-11-17,Almaty,Almaty,137,,,,,,194,120,Competed in Olympic Games,,,,
132030,Alexander Sampao,Alexander Lerionka Sampao,Alexander•Sampao,,,Alex,,Male,1996-12-31,Kajiado,Kajiado,138,,,,,,,67,Competed in Olympic Games,,,,
132031,Alfred Kipketer,Alfred Kipketer,Alfred•Kipketer,,,,,Male,1996-12-28,Kapsabet,Nandi,138,,,,,,167,60,Competed in Olympic Games,,,,
132032,Caleb Ndiku,Caleb Mwangangi Ndiku,Caleb•Ndiku,,,,,Male,1992-10-09,Machakos,Machakos,138,,,,,,167,65,Competed in Olympic Games,National Police Service,,,
132033,Carvin Nkanata,Carvin Nkanata,Carvin•Nkanata,,,,,Male,1991-05-06,Summerville,South Carolina,268,,,,,,,72,Competed in Olympic Games,,,,
132034,Charles Mneria,Charles Yosei Mneria,Charles•Mneria,,,,,Male,1996-02-10,,,,,,,,,167,55,Competed in Olympic Games,"Toyota Boshoku, JPN",,,
132035,Conseslus Kipruto,Conseslus Kipruto,Conseslus•Kipruto,,,,,Male,1994-12-08,Eldoret,Uasin Gishu,138,,,,,,167,58,Competed in Olympic Games,,,,
132036,Elijah Manangoi,Elijah Motonei Manangoi,Elijah•Manangoi,,,,,Male,1993-01-05,Narok,Narok,138,,,,,,182,64,Competed in Olympic Games,National Police Service,,,
132037,Ferguson Rotich,Ferguson Cheruiyot (Simon-) Rotich,Ferguson•Rotich,,,,,Male,1989-11-30,Kericho,Kericho,138,,,,,,185,74,Competed in Olympic Games,,,,
132038,Geoffrey Kamworor,Geoffrey Kipsang Kamworor,Geoffrey•Kamworor,,,,,Male,1992-11-22,Eldoret,Uasin Gishu,138,,,,,,172,58,Competed in Olympic Games,Kenya Police,,,
132039,Aron Koech,Aron Kipchumba Koech,Aron•Koech,,,,,Male,1990-01-27,Simat,Uasin Gishu,138,,,,,,190,76,Competed in Olympic Games,Kenya Police,,,
132040,Nicholas Bett,Nicholas Kiplagat Bett,Nicholas•Bett,,,,,Male,1990-01-27,Simat,Uasin Gishu,138,,2018-08-08,Lessos,Nandi,138,190,75,Competed in Olympic Games,Kenya Police,,,
132041,Paul Tanui,Paul Kipngetich Tanui,Paul•Tanui,,,,,Male,1990-12-22,Nakuru,Nakuru,138,,,,,,168,47,Competed in Olympic Games,"Team Kyudenko, JPN",,,
132042,Raymond Kibet,Raymond Kibet,Raymond•Kibet,,,,,Male,1996-02-04,,,,,,,,,185,64,Competed in Olympic Games,Central Rift AK,,,
132043,Ronald Kwemoi,Ronald Chebolei Kwemoi,Ronald•Kwemoi,,,,,Male,1995-09-19,?,Bungoma,138,,,,,,172,58,Competed in Olympic Games,,,,
132044,Samuel Gathimba,Samuel Kireri Gathimba,Samuel•Gathimba,,,Speedy,,Male,1987-10-26,Nyeri,Nyeri,138,,,,,,165,57,Competed in Olympic Games,,,,
132045,Simon Wachira,Simon Wachira,Simon•Wachira,,,,,Male,1984-05-06,Nyeri,Nyeri,138,,,,,,170,65,Competed in Olympic Games,,,,
132046,Stanley Biwott,Stanley Kipleting Biwott,Stanley•Biwott,,,,,Male,1986-04-21,?,Baringo,138,,,,,,152,61,Competed in Olympic Games,,,,
132047,Wesley Korir,Wesley Kipchumba Korir,Wesley•Korir,,,,,Male,1982-11-15,Kitale,Trans-Nzoia,138,,,,,,177,54,Competed in Olympic Games,,,,
132065,Ilya Tyapkin,Ilya Tyapkin,Ilya•Tyapkin,Илья•Тяпкин,,,,Male,1991-08-02,Kara-Balta,Chuy,139,,,,,,160,65,Competed in Olympic Games,,,,
132073,John Ruuka,John Ruuka,John•Ruuka,,,,,Male,1995-08-13,,,,,,,,,164,64,Competed in Olympic Games,,,,
132077,Choi Byeong-Gwang,Choi Byeong-Gwang,Choi•Byeong-Gwang,최•병광,Choe Byeong-Kwang,,Oriental,Male,1991-04-07,Seoul,Seoul,143,,,,,,185,73,Competed in Olympic Games,Samsung Electronics Athletic Club,,,
132078,Sim Jong-Seop,Sim Jong-Seop,Sim•Jong-Seop,심•종섭,Shim Jung-Sub,,Oriental,Male,1991-02-21,,,,,,,,,168,58,Competed in Olympic Games,,,,
132079,Kim Guk-Yeong,Kim Guk-Yeong,Kim•Guk-Yeong,김•국영,Kim Kuk-Young,,Oriental,Male,1991-04-19,Anyang,Gyeonggi,143,,,,,,176,73,Competed in Olympic Games,Gwangju Metropolitan City Hall,,,
132080,Son Myeong-Jun,Son Myeong-Jun,Son•Myeong-Jun,손•명준,,,Oriental,Male,1994-01-17,,,,,,,,,181,62,Competed in Olympic Games,Samsung Electronics Athletic Club,,,
132081,Wu Sang-Hyeok,Wu Sang-Hyeok,Wu•Sang-Hyeok,우•상혁,Woo Sang-Hyeok,,Oriental,Male,1996-04-23,,,,,,,,,187,70,Competed in Olympic Games,Seocheon Count,,,
132082,Yun Seung-Hyeon,Yun Seung-Hyeon,Yun•Seung-Hyeon,윤•승현,Yun Seung-Hyun,,Oriental,Male,1994-06-01,Daegu,Daegu,143,,,,,,193,75,Competed in Olympic Games,"Korea National Sport University, Seoul (KOR)",,,
132146,Musa Hajdari,Musa Hajdari,Musa•Hajdari,,,,,Male,1987-10-11,Kamenica,Gjilan,278,,,,,,187,74,Competed in Olympic Games,Klubi Atletikes Rogana,,,
132149,Abdullah Abkar Mohammed,Abdullah Abkar Mohammed,Abdullah Abkar•Mohammed,عبد الله أبكر•محمد,,,,Male,1997-01-01,,,,,,,,,172,73,Competed in Olympic Games,,,,
132150,Tariq Ahmed Al-Amri,Tariq Ahmed Al-Amri,Tariq Ahmed•Al-Amri,طارق أحمد•العمري,,,,Male,1990-12-23,Ar-Riyad,Ar-Riyad,222,,,,,,165,49,Competed in Olympic Games,,,,
132154,Xaysa Anousone,Xaysa Anousone,Xaysa•Anousone,,,,,Male,1994-03-20,Vientiane,Vientiane,146,,,,,,178,71,Competed in Olympic Games • Other,Vientiane Athletics Club,,,
132158,Pauls Pujāts,Pauls Pujāts,Pauls•Pujāts,,,,,Male,1991-08-06,Rīga,Rīga,162,,,,,,187,83,Competed in Olympic Games,,,,
132159,Rolands Štrobinders,Rolands Štrobinders,Rolands•Štrobinders,,,,,Male,1992-04-14,Talsi,Talsu novads,162,,,,,,190,103,Competed in Olympic Games,OC Ventspils,,,
132166,Mohamed Hrezi,Mohamed Fuad Hrezi,Mohamed•Hrezi,محمد فؤاد•حريزي,,,,Male,1991-10-28,Naugatuck,Connecticut,268,,,,,,,,Competed in Olympic Games • Other,"Hansons-Brooks Original Distance Project, Rochester Hills (USA)",,,
132171,Emmanuel Matadi,Emmanuel Matadi,Emmanuel•Matadi,,,,,Male,1991-04-15,Monrovia,Montserrado,148,,,,,,,,Competed in Olympic Games • Other,"Mankato Mavericks, USA",,,
132172,Jahvid Best,Jahvid Andre Best,Jahvid•Best,,,,,Male,1989-01-30,Vallejo,California,268,,,,,,178,90,Competed in Olympic Games,,,,
132174,Lebenya Nkoka,Lebenya Nkoka,Lebenya•Nkoka,,,,,Male,1982-10-19,,,,,,,,,,,Competed in Olympic Games,Mr Price Athletic Club,,,
132175,Namakoe Nkhasi,Namakoe Nkhasi,Namakoe•Nkhasi,,,,,Male,1993-01-10,,,,,,,,,,,Competed in Olympic Games,,,,
132183,Andrius Gudžius,Andrius Gudžius,Andrius•Gudžius,,,,,Male,1991-02-14,Kaunas,Kaunas,160,,,,,,200,130,Competed in Olympic Games,,,,
132184,Artur Mastianica,"Arturas ""Artur"" Mastianica",Artur•Mastianica,,,,,Male,1992-07-30,Vilnius,Vilnius,160,,,,,,187,73,Competed in Olympic Games,Pabradės sportinio ėjimo klubas,,,
132185,Marius Šavelskis,Marius Šavelskis,Marius•Šavelskis,,,,,Male,1994-07-30,Druskininkai,Alytus,160,,,,,,179,70,Competed in Olympic Games • Competed in Youth Olympic Games,"SM Viltis, Druskininkų SC",,,
132186,Remigijus Kančys,Remigijus Kančys,Remigijus•Kančys,,,,,Male,1987-07-17,Prienai,Kaunas,160,,,,,,173,62,Competed in Olympic Games,Kauno maratono klubas,,,
132187,Valdas Dopolskas,Valdas Dopolskas,Valdas•Dopolskas,,,,,Male,1992-04-30,Vilnius,Vilnius,160,,,,,,183,69,Competed in Olympic Games,Vilniaus Baltai,,,
132213,Charles Grethen,Charles Grethen,Charles•Grethen,,,,,Male,1992-06-02,Tuntange,"Mersch, Luxembourg",161,,,,,,180,65,Competed in Olympic Games,"University of Georgia, USA / CSL Luxembourg",,,
132215,Abdelati El-Guesse,Abdelati El-Guesse,Abdelati•El-Guesse,عبد العاطي•الغيسي,,,,Male,1993-02-27,,,,,,,,,187,64,Competed in Olympic Games,"Kawkab Marrakech, Marrakech (MAR)",,,
132216,Abdelmajid El-Hissouf,Abdelmajid El-Hissouf,Abdelmajid•El-Hissouf,عبد المجيد•الهيسوف,,,,Male,1992-09-23,Beni Mellal,Béni Mellal-Khénifra,165,,,,,,170,56,Competed in Olympic Games,"CHBA, Casablanca (MAR)",,,
132217,Brahim Kaazouzi,Brahim Al-Kaazouzi,Brahim•Kaazouzi,إبراهيم•الكعزوزي,,,,Male,1990-06-15,Kasba Tadla,Béni Mellal-Khénifra,165,,,,,,179,62,Competed in Olympic Games,"Assounboula Athletic, Kasba Tadla (MAR)",,,
132218,Fouad El-Kaam,Fouad El-Kaam,Fouad•El-Kaam,فؤاد•الكعام,,,,Male,1988-05-27,Khouribga,Béni Mellal-Khénifra,165,,,,,,188,70,Competed in Olympic Games,"Association Sportive Ouled Abdoune, Khouribga (MAR)",,,
132219,Mostafa Smaili,"Mostafa Al-Ismaili ""Smaili""",Mostafa•Smaili,مصطفى•الاسماعيلي,,,,Male,1997-01-09,Ifrane,Fès-Meknès,165,,,,,,174,63,Competed in Olympic Games • Competed in Youth Olympic Games,"Athlétic Jeunes Bastia, Bastia (FRA)",,,
132220,Soufiane El-Bakkali,Soufiane El-Bakkali,Soufiane•El-Bakkali,سفيان•البقالي,,,,Male,1996-01-07,Fès (Fez),Fès-Meknès,165,,,,,,188,62,Competed in Olympic Games • Other,"Fès Country Club, Fès (MAR)",,,
132221,Younés Es-Salhi,Younés Es-Salhi,Younés•Es-Salhi,يونس•الصالحي,,,,Male,1993-02-20,,,,,,,,,180,64,Competed in Olympic Games,,,,
132235,Nauraj Singh Randhawa,Nauraj Singh Randhawa,Nauraj•Singh Randhawa,,,,,Male,1992-01-27,Johor Bahru,Johor,186,,,,,,193,70,Competed in Olympic Games,,,,
132246,Kefasi Chitsala,Kefasi Chitsala,Kefasi•Chitsala,,,,,Male,1994-06-24,Lilongwe,Lilongwe,185,,,,,,170,63,Competed in Olympic Games • Other,,,,
132255,Hassan Saaid,Hassan Saaid,Hassan•Saaid,,,The Maldivian Thunderbolt,,Male,1992-03-04,Gaafaru,,169,,,,,,157,60,Competed in Olympic Games,Dhivehi Sifainge Club,,,
132258,Alberto Álvarez,Alberto Álvarez Muñoz,Alberto•Álvarez,,,,,Male,1991-03-08,Cancún,Quintana Roo,171,,,,,,191,78,Competed in Olympic Games,Nuevo Leon State,,,
132259,Diego del Real,Diego Alan del Real Galindo,Diego•del Real,,,,,Male,1994-03-06,Monterrey,Nuevo León,171,,,,,,188,112,Competed in Olympic Games • Competed in Youth Olympic Games,Puro D Club y Casa Morelos,,,
132260,Edgar Rivera,Edgar Alejandro Rivera Morales,Edgar•Rivera,,,,,Male,1991-02-13,Agua Prieta,Sonora,171,,,,,,191,80,Competed in Olympic Games,,,,
132261,Julio César Salazar,Julio César Salazar Enríquez,Julio César•Salazar,,,,,Male,1993-07-08,Chihuahua,Chihuahua,171,,,,,,176,60,Competed in Olympic Games,Ejercito,,,
132262,Pedro Gómez,Pedro Daniel Gómez Cruz,Pedro•Gómez,,,,,Male,1990-12-31,Ciudad de México (Mexico City),Ciudad de México,171,,,,,,178,70,Competed in Olympic Games,Sonora / SEDENA,,,
132263,Ricardo Ramos,Ricardo Ramos Vargas,Ricardo•Ramos,,,,,Male,1985-12-05,Tepeji del Río de Ocampo,Hidalgo,171,,,,,,172,56,Competed in Olympic Games,Hidalgo / SEDENA,,,
132297,Ricardo Vargas,Ricardo David Vargas Jacobo,Ricardo•Vargas,,,,,Male,1997-11-21,Cuernavaca,Morelos,171,,,,,,180,79,Competed in Olympic Games • Competed in Youth Olympic Games,,,,
132319,Tseveenravdangiin Byambajav,Tseveenravdangiin Byambajav,Tseveenravdangiin•Byambajav,Цэвээнравдангийн•Бямбажав,,,Oriental,Male,1990-07-07,Ulaangom,Uvs,180,,,,,,169,58,Competed in Olympic Games,"Aldar Sports Committee, Ulaanbaatar (MGL)",,,
132320,Dambadarjaagiin Gantulga,Dambadarjaagiin Gantulga,Dambadarjaagiin•Gantulga,Дамбадаржаагийн•Гантулга,,,Oriental,Male,1989-02-03,Ulaanbaatar,Ulaanbaatar,180,,,,,,170,58,Competed in Olympic Games,,,,
132337,Richson Simeon,Richson Simeon,Richson•Simeon,,,,,Male,1997-10-05,Costa Mesa,California,268,,,,,,155,78,Competed in Olympic Games,"Sacramento City College Track and Field, USA",,,
132338,Riste Pandev,Riste Pandev,Riste•Pandev,,,,,Male,1994-01-25,Novo Konjarevo,Strumica,174,,,,,,178,67,Competed in Olympic Games,"LG Bern, SUI",,,
132339,Mamadou Chérif Dia,Mamadou Chérif Dia,Mamadou Chérif•Dia,,,,,Male,1984-10-16,Kayes,Kayes,175,,,,,,180,70,Competed in Olympic Games,,,,
132343,Luke Bezzina,Luke Bezzina,Luke•Bezzina,,,,,Male,1995-05-07,,,,,,,,,,,Competed in Olympic Games,"St. Patrick's AC, St. Andrew's (MLT)",,,
132354,David Carver,David Carver,David•Carver,,,,,Male,1987-09-05,?,,184,,,,,,183,68,Competed in Olympic Games,"Melbourne Athletic Club, AUS",,,
132355,Jonathan Drack,Jean Patrick Jonathan Drack,Jonathan•Drack,,,,,Male,1988-11-06,Beau Bassin-Rose Hill,Plaines Wilhems,184,,,,,,184,73,Competed in Olympic Games • Other,"Balma Athletics Club, FRA",,,
132359,San Naing,San Naing,San•Naing,,,,Oriental,Male,1991-03-05,,,,,,,,,170,57,Competed in Olympic Games,,,,
132363,Mynhardt Kauanivi,Mynhardt Mbeumuna Kauanivi,Mynhardt•Kauanivi,,,,,Male,1984-03-03,Okahandja,Otjozondjupa,188,,,,,,178,59,Competed in Olympic Games,"Nampol Khomas Athletics Club, Windhoek",,,
132366,Erick Rodríguez,Erick Antonio Rodríguez Lezcano,Erick•Rodríguez,,,,,Male,1990-06-01,Jinotega,Jinotega,192,,,,,,173,59,Competed in Olympic Games • Other,,,,
132371,Abdi Nageeye,Abdi Nageeye,Abdi•Nageeye,,,Appie,,Male,1989-03-02,Mogadishu,Banaadir,230,,,,,,165,54,Competed in Olympic Games,"AV Cifla,Nijmegen",,,
132372,Fabian Florant,Fabian Florant,Fabian•Florant,,,,,Male,1983-02-01,Mahaut,Saint Paul,74,,,,,,180,74,Competed in Olympic Games,Haag Atletiek,,,
132373,Hensley Paulina,Hensley Paulina,Hensley•Paulina,,,,,Male,1993-06-26,Willemstad,Curaçao,,,,,,,182,77,Competed in Olympic Games • Non-starter • Other,Rotterdam Atletiek,,,
132374,Pieter Braun,Pieter Braun,Pieter•Braun,,,,,Male,1993-01-21,Terheijden,Noord-Brabant,193,,,,,,186,83,Competed in Olympic Games,AV Sprint,,,
132424,Hari Kumar Rimal,Hari Kumar Rimal,Hari Kumar•Rimal,,,,,Male,1987-06-13,?,,195,,,,,,166,59,Competed in Olympic Games,Nepal Army Club,,,
132426,Seye Ogunlewe,"Adeseye Akinola ""Seye"" Ogunlewe",Seye•Ogunlewe,,,,,Male,1991-08-30,Lagos,Lagos,191,,,,,,189,84,Competed in Olympic Games,,,,
132427,Antwon Hicks,Antwon Toritseju Hicks,Antwon•Hicks,,,,,Male,1983-03-12,Hot Springs,Virginia,268,,,,,,188,80,Competed in Olympic Games,,,,
132428,Divine Oduduru,Ejowvokoghene Divine Oduduru,Divine•Oduduru,,,,,Male,1996-10-07,Ughelli,Delta,191,,,,,,,70,Competed in Olympic Games,NSCDC,,,
132429,Miles Ukaoma,Miles Ukaoma,Miles•Ukaoma,,,,,Male,1992-07-21,Maize,Kansas,268,,,,,,186,84,Competed in Olympic Games,,,,
132430,Olu Olamigoke,"Olumide ""Olu"" Olamigoke",Olu•Olamigoke,,,,,Male,1990-09-19,Arlington,Virginia,268,,,,,,175,72,Competed in Olympic Games,"Indiana Hoosiers, USA",,,
132431,Orukpe Eraiyokan,Orukpe Eraiyokan,Orukpe•Eraiyokan,,,Paparazzi,,Male,1993-12-20,Uromi,Edo,191,,,,,,180,73,Competed in Olympic Games,,,,
132432,Stephen Mozia,Stephen Ogochukwu Mozia,Stephen•Mozia,,,,,Male,1993-08-16,Hackensack,New Jersey,268,,,,,,191,124,Competed in Olympic Games,"Garden State Track Club, North Brunswick, USA",,,
132433,Tega Odele,Tega Peter Odele,Tega•Odele,,,,,Male,1995-12-06,?,Delta,191,,,,,,188,80,Competed in Olympic Games,,,,
132464,Djibo Idrissa Ousseini,Djibo Idrissa Ousseini,Djibo Idrissa•Ousseini,,,,,Male,1998-12-28,,,,,,,,,178,72,Competed in Olympic Games,,,,
132468,Filip Ingebrigtsen,Filip Mangen Ingebrigtsen,Filip•Ingebrigtsen,,,,,Male,1993-04-20,Stavanger,Rogaland,194,,,,,,189,,Competed in Olympic Games,"Sandnes IL, Sandnes (NOR)",,,
132469,Håvard Haukenes,Håvard Haukenes,Håvard•Haukenes,,,,,Male,1990-04-22,Bergen,Vestland,194,,,,,,180,68,Competed in Olympic Games,IL Gular (NOR) / IL i BUL (NOR),,,
132470,Karsten Warholm,Karsten Warholm,Karsten•Warholm,,,,,Male,1996-02-28,Ulsteinvik,"Ulstein, Møre og Romsdal",194,,,,,,187,78,Competed in Olympic Games,Dimna IL,,,
132471,Sondre Nordstad Moen,Sondre Nordstad Moen,Sondre Nordstad•Moen,,,,,Male,1991-01-12,Trondheim,Trøndelag,194,,,,,,178,62,Competed in Olympic Games,"SK Vidar, Oslo (NOR) / IL i Ros (NOR)",,,
132472,Sven Martin Skagestad,Sven Martin Skagestad,Sven Martin•Skagestad,,,,,Male,1995-01-13,Bergen,Vestland,194,,,,,,201,114,Competed in Olympic Games,IL Norna-Salhus,,,
132482,Hamish Carson,Hamish Carson,Hamish•Carson,,,,,Male,1988-11-01,Paremata,Wellington,197,,,,,,181,66,Competed in Olympic Games,Wellington Scottish Harriers,,,
132483,Jacko Gill,"Jackson ""Jacko"" Gill",Jacko•Gill,,,,,Male,1994-12-20,Takapuna,Auckland,197,,,,,,189,118,Competed in Olympic Games • Competed in Youth Olympic Games • Other,Takapuna Athletics Club,,,
132484,Julian Matthews,Julian Francis Matthews,Julian•Matthews,,,,,Male,1988-07-21,Nelson,Nelson,197,,,,,,184,73,Competed in Olympic Games,"The Very Nice Track Club, USA",,,
132485,Tom Walsh,"Tomas ""Tom"" Walsh",Tom•Walsh,,,,,Male,1992-03-01,Timaru,Canterbury,197,,,,,,185,120,Competed in Olympic Games,South Canterbury Amateur Athletics Club,,,
132486,Zane Robertson,Zane Robertson,Zane•Robertson,,,Running Elvis,,Male,1989-11-14,Waikato,"Hamilton, Waikato",197,,,,,,185,62,Competed in Olympic Games,"Hamilton City Hawks, Hamilton (NZL)",,,
132544,Mehboob Ali,Mehboob Ali,Mehboob•Ali,,,,,Male,1990-04-10,Kasur,Punjab,201,,,,,,173,83,Competed in Olympic Games,Army,,,
132548,Jorge Castelblanco,Jorge Enrique Castelblanco,Jorge•Castelblanco,,,,,Male,1987-09-23,?,Chiriquí,202,,,,,,169,58,Competed in Olympic Games,Club Corredores del Istmo,,,
132550,Derlys Ayala,Derlys Ramón Ayala Sánchez,Derlys•Ayala,,,,,Male,1990-01-07,Ciudad del Este,Alto Paraná,212,,,,,,178,75,Competed in Olympic Games,,,,
132554,Arturo Chávez,Arturo Chávez Korfiatis,Arturo•Chávez,,,,,Male,1990-01-12,Santiago,Santiago Metropolitan,55,,,,,,190,76,Competed in Olympic Games,,,,
132555,Cristhian Pacheco,Cristhian Simeón Pacheco Mendoza,Cristhian•Pacheco,,,,,Male,1993-05-26,Huancayo,Junín,203,,,,,,162,50,Competed in Olympic Games,,,,
132556,David Torrence,David Scott Torrence,David•Torrence,,,,,Male,1985-11-26,Ginowan,Okinawa,136,,2017-08-28,Scottsdale,Arizona,268,190,65,Competed in Olympic Games • Other,"Hoka One One, USA",,,
132557,Luis Campos,Luis Henry Campos Cruz,Luis•Campos,,,,,Male,1995-10-11,Cusco,Cusco,203,,,,,,166,61,Competed in Olympic Games,,,,
132558,Luis Ostos,Luis Fernando Ostos Cruz,Luis•Ostos,,,,,Male,1992-08-09,Uchiza,San Martín,203,,,,,,160,50,Competed in Olympic Games,,,,
132559,Paolo Yurivilca,Paolo César Yurivilca Calderón,Paolo•Yurivilca,,,,,Male,1996-04-23,Huancayo,Junín,203,,,,,,169,62,Competed in Olympic Games,,,,
132560,Pavel Chihuán,Pavel Chihuán Camayo,Pavel•Chihuán,,,,,Male,1986-01-19,Huancayo,Junín,203,,,,,,170,70,Competed in Olympic Games,,,,
132561,Raúl Machacuay,Raúl César Machacuay Huamán,Raúl•Machacuay,,,,,Male,1983-02-18,Huancayo,Junín,203,,,,,,165,57,Competed in Olympic Games,,,,
132568,Eric Cray,Eric Shauwn Brazas Cray,Eric•Cray,,,,,Male,1988-11-06,Olongapo,Zambales,204,,,,,,176,70,Competed in Olympic Games,,,,
132573,Mohammed Abukhousa,Mohammed Abukhousa,Mohammed•Abukhousa,محمد•أبو خوصة,,,,Male,1992-12-30,Ghazza (Gaza),Ghazza,8,,,,,,170,67,Competed in Olympic Games,,,,
132577,Theo Piniau,Theo Piniau,Theo•Piniau,,,,,Male,1993-06-08,Kokopo,East New Britain,206,,,,,,172,59,Competed in Olympic Games,Team East New Britain,,,
132581,Adrian Błocki,Adrian Błocki,Adrian•Błocki,,,,,Male,1990-04-11,Szczecin,Zachodniopomorskie,207,,,,,,174,62,Competed in Olympic Games,"AZS AWF Katowice, Katowice (POL)",,,
132582,Artur Kozłowski,Artur Kozłowski,Artur•Kozłowski,,,,,Male,1985-01-19,Sieradz,Łódzkie,207,,,,,,169,54,Competed in Olympic Games,MULKS MOS Sieradz,,,
132583,Damian Czykier,Damian Czykier,Damian•Czykier,,,,,Male,1992-08-10,Warszawa (Warsaw),Mazowieckie,207,,,,,,191,78,Competed in Olympic Games,KS Podlasie Białystok,,,
132584,Jakub Krzewina,Jakub Krzewina,Jakub•Krzewina,,,,,Male,1989-10-10,Inowrocław,Kujawsko-Pomorskie,207,,,,,,182,79,Competed in Olympic Games,"Śląsk Wrocław, Wrocław (POL)",,,
132586,Karol Zalewski,Karol Zalewski,Karol•Zalewski,,,,,Male,1993-08-07,Reszel,Warmińsko-Mazurskie,207,,,,,,189,96,Competed in Olympic Games,KS AZS UWM Olsztyn,,,
132587,Konrad Bukowiecki,Konrad Bukowiecki,Konrad•Bukowiecki,,,,,Male,1997-03-17,Szczytno,Warmińsko-Mazurskie,207,,,,,,191,138,Competed in Olympic Games • Competed in Youth Olympic Games,Gwardia Szczytno,,,
132588,Krystian Zalewski,Krystian Zalewski,Krystian•Zalewski,,,,,Male,1989-04-11,Drawsko,Pomorskie,207,,,,,,185,68,Competed in Olympic Games,UKS Barnim Goleniów,,,
132589,Łukasz Grzeszczuk,Łukasz Grzeszczuk,Łukasz•Grzeszczuk,,,,,Male,1990-03-03,Warszawa (Warsaw),Mazowieckie,207,,,,,,190,90,Competed in Olympic Games,KS Warszawianka,,,
132590,Łukasz Krawczuk,Łukasz Krawczuk,Łukasz•Krawczuk,,,,,Male,1989-06-15,Kłodzko,Dolnośląskie,207,,,,,,184,75,Competed in Olympic Games,"Śląsk Wrocław, Wrocław (POL)",,,
132591,Marcin Krukowski,Marcin Krukowski,Marcin•Krukowski,,,,,Male,1992-06-14,Warszawa (Warsaw),Mazowieckie,207,,,,,,185,96,Competed in Olympic Games,KS Warszawianka,,,
132592,Michał Haratyk,Michał Haratyk,Michał•Haratyk,,,,,Male,1992-04-10,Cieszyn,Śląskie,207,,,,,,194,135,Competed in Olympic Games,KS AZS AWF Kraków,,,
132593,Patryk Dobek,Patryk Dobek,Patryk•Dobek,,,,,Male,1994-02-13,Kościerzyna,Pomorskie,207,,,,,,187,75,Competed in Olympic Games,"SKLA Sopot, Sopot (POL)",,,
132594,Paweł Wiesiołek,Paweł Wiesiołek,Paweł•Wiesiołek,,,,,Male,1991-08-13,Wyszków,Mazowieckie,207,,,,,,190,90,Competed in Olympic Games,KS Warszawianka,,,
132595,Piotr Lisek,Piotr Lisek,Piotr•Lisek,,,,,Male,1992-08-16,Duszniki-Zdrój,Dolnośląskie,207,,,,,,194,92,Competed in Olympic Games,OSOT Szczecin,,,
132596,Rafał Omelko,Rafał Omelko,Rafał•Omelko,,,,,Male,1989-01-16,Wrocław,Dolnośląskie,207,,,,,,195,75,Competed in Olympic Games,AZS-AWF Wrocław,,,
132597,Robert Sobera,Robert Sobera,Robert•Sobera,,,,,Male,1991-01-19,Wrocław,Dolnośląskie,207,,,,,,191,86,Competed in Olympic Games,KS AZS AWF Wrocław,,,
132598,Sylwester Bednarek,Sylwester Bednarek,Sylwester•Bednarek,,,,,Male,1989-04-28,Łódź,Łódzkie,207,,,,,,194,78,Competed in Olympic Games,"RKS Łódź, Łódź (POL)",,,
132599,Wojciech Nowicki,Wojciech Nowicki,Wojciech•Nowicki,,,,,Male,1989-02-22,Białystok,Podlaskie,207,,,,,,196,128,Competed in Olympic Games,KS Podlasie Białystok,,,
132600,Wojciech Theiner,Wojciech Theiner,Wojciech•Theiner,,,,,Male,1986-06-25,Ruda Śląska,Śląskie,207,,,,,,187,74,Competed in Olympic Games,AZS KU Politechniki Opolskiej Opole,,,
132601,Yared Shegumo,Yared Neda Shegumo,Yared•Shegumo,,,,,Male,1983-01-10,Addis Ababa,Addis Ababa,89,,,,,,178,62,Competed in Olympic Games,AZS-AWF Warszawa,,,
132663,Miguel Carvalho,Miguel Ângelo Henriques Carvalho,Miguel•Carvalho,,,,,Male,1994-09-02,Rio Maior,Distrito de Santarém,211,,,,,,185,72,Competed in Olympic Games,"SL Benfica, Lisboa (POR)",,,
132664,Ricardo Ribas,Ricardo Domingos Pires Ribas,Ricardo•Ribas,,,,,Male,1977-10-08,Hamburg,Hamburg,72,,,,,,179,69,Competed in Olympic Games,"SL Benfica, Lisboa (POR)",,,
132665,Tsanko Arnaudov,Tsanko Rosenov Arnaudov,Tsanko•Arnaudov,,,,,Male,1992-03-14,Gotse Delchev,Blagoevgrad,38,,,,,,198,155,Competed in Olympic Games,"SL Benfica, Lisboa (POR)",,,
132702,Pak Chol,Pak Chol,Pak•Chol,박•철,,,Oriental,Male,1990-11-08,,,,,,,,,165,53,Competed in Olympic Games,Sajabong,,,
132708,Andrés Arroyo,Andrés Gabriel Arroyo Dominicci,Andrés•Arroyo,,,,,Male,1995-06-07,Bayamón,Puerto Rico,209,,,,,,177,64,Competed in Olympic Games,"Florida Gators, Gainesville (USA)",,,
132709,David Adley Smith,"David Adley Smith Sánchez, II",David Adley•Smith,,,,,Male,1992-05-02,?,,268,,,,,,192,82,Competed in Olympic Games,,,,
132710,Luis Castro,Luis Joël Castro Rivera,Luis•Castro,,,,,Male,1991-01-29,Carolina,Puerto Rico,209,,,,,,198,73,Competed in Olympic Games,,,,
132714,Abdalelah Haroun,Abdalelah Haroun Hassan,Abdalelah•Haroun,عبد الإله•هارون,,Aboody,,Male,1997-01-01,Al-Soki,Sennar,223,,2021-06-26,Ad-Dawhah (Doha),Ad-Dawhah,217,185,80,Competed in Olympic Games,,,,
132715,Abubaker Haydar,Abubaker Haydar Abdalla,Abubaker•Haydar,ابو بكر•حيدر,,,,Male,1996-08-28,Khartoum,Al-Khartum,223,,,,,,180,60,Competed in Olympic Games,,,,
132716,Ahmed Bader,Ahmed Bader Magour,Ahmed•Bader,أحمد•بدير,,,,Male,1996-03-03,,,,,,,,,190,90,Competed in Olympic Games,"Aspire Academy, Ad-Dawhah (QAT)",,,
132717,Ashraf El-Seify,Ashraf Amgad El-Seify,Ashraf•El-Seify,أشرف أمجد•الصيفي,,,,Male,1995-02-20,?,,84,,,,,,185,105,Competed in Olympic Games,"Aspire Academy, Ad-Dawhah (QAT)",,,
132718,Femi Ogunode,Femi Seun Ogunode,Femi•Ogunode,فيمي•أوغونودي,,,,Male,1991-05-15,Ondo,Ondo,191,,,,,,175,72,Competed in Olympic Games,,,,
132743,James Nyang Chiengjiek,James Nyang Chiengjiek,James Nyang•Chiengjiek,,,,,Male,1992-03-02,Bentiu,Unity,233,,,,,,179,59,Competed in Olympic Games,"Tegla Loroupe Foundation, KEN",,,
132744,Paulo Amotun,Paulo Amotun Lokoro,Paulo•Amotun,,,,,Male,1992-01-01,?,,233,,,,,,170,61,Competed in Olympic Games,"Tegla Loroupe Foundation, KEN",,,
132745,Yiech Pur Biel,Yiech Pur Biel,Yiech Pur•Biel,,,,,Male,1995-01-01,Nasir,Upper Nile,233,,,,,,178,62,Competed in Olympic Games • Administrator,"Tegla Loroupe Foundation, KEN",,,
132746,Yonas Kinde,Yonas Kinde,Yonas•Kinde,,,,,Male,1980-05-07,?,,89,,,,,,172,57,Competed in Olympic Games,"National School for Education and Sports, LUX",,,
132749,Andrei Gag,Andrei Marius Gag,Andrei•Gag,,,,,Male,1991-04-27,Chișineu Criș,Arad,218,,,,,,191,89,Competed in Olympic Games,CSU Suceava,,,
132750,Narcis Mihăilă,Narcis Ștefan Mihăilă,Narcis•Mihăilă,,,,,Male,1987-08-04,Reșița,Caraș-Severin,218,,,,,,183,73,Competed in Olympic Games,CS Universitatea Reșița,,,
132751,Nicolae Soare,Nicolae Alexandru Soare,Nicolae•Soare,,,,,Male,1991-09-20,Buzău,Buzău,218,,,,,,168,59,Competed in Olympic Games,CS Știința Bacău,,,
132768,Akani Simbine,Akani Simbine,Akani•Simbine,,,,,Male,1993-09-21,Kempton Park,Gauteng,280,,,,,,176,74,Competed in Olympic Games,Tuks/HPC,,,
132769,Antonio Alkana,Antonio Alkana,Antonio•Alkana,,,,,Male,1990-04-12,Cape Town,Western Cape,280,,,,,,183,76,Competed in Olympic Games,Bellville Athletic Club,,,
132770,Clarence Munyai,Clarence Munyai,Clarence•Munyai,,,Clarry,,Male,1998-02-20,Johannesburg,Gauteng,280,,,,,,170,65,Competed in Olympic Games,"TuksSport, Pretoria (RSA)",,,
132771,Elroy Gelant,Elroy Gelant,Elroy•Gelant,,,Roy,,Male,1986-08-25,George,Western Cape,280,,,,,,175,61,Competed in Olympic Games,Boxer Athletics Club,,,
132772,Henricho Bruintjies,Henricho Bruintjies,Henricho•Bruintjies,,,The Blitz from Klapmuts,,Male,1993-07-16,Paarl,Western Cape,280,,,,,,179,72,Competed in Olympic Games,,,,
132773,Le Roux Hamman,Le Roux Hamman,Le Roux•Hamman,,,,,Male,1992-01-06,Johannesburg,Gauteng,280,,,,,,185,70,Competed in Olympic Games,"TuksSport, Pretoria (RSA)",,,
132774,Lebogang Shange,Lebogang Shange,Lebogang•Shange,,,Ma-Thousand,,Male,1990-08-01,Orange Farm,Gauteng,280,,,,,,160,56,Competed in Olympic Games,"Central Gauteng Athletics, Germiston",,,
132775,Lindsay Hanekom,Lindsay Hanekom,Lindsay•Hanekom,,,Lindzor,,Male,1993-05-15,Cape Town,Western Cape,280,,,,,,178,66,Competed in Olympic Games,"TuksSport, Pretoria (RSA)",,,
132776,Lungile Gongqa,Lungile Gongqa,Lungile•Gongqa,,,,,Male,1979-02-22,,,,,,,,,162,53,Competed in Olympic Games,Nedbank Running Club,,,
132777,Luvo Manyonga,Luvo Manyonga,Luvo•Manyonga,,,,,Male,1991-01-08,Mbekweni,"Paarl, Western Cape",280,,,,,,,,Competed in Olympic Games,"TuksSport, Pretoria (RSA)",,,
132778,Reinhardt van Rensburg,Reinhardt van Rensburg,Reinhardt•van Rensburg,,,Rynie,,Male,1992-03-23,Kroonstad,Free State,280,,,,,,185,73,Competed in Olympic Games,UFS Kovsies Athletics,,,
132779,Rocco van Rooyen,Rocco van Rooyen,Rocco•van Rooyen,,,,,Male,1992-12-23,Bellville,Western Cape,280,,,,,,190,98,Competed in Olympic Games,Bellville Athletics Club,,,
132780,Ruswahl Samaai,Ruswahl Samaai,Ruswahl•Samaai,,,Rush,,Male,1991-09-25,Paarl,Western Cape,280,,,,,,185,75,Competed in Olympic Games,University of Johannesburg,,,
132781,Sibusiso Nzima,Sibusiso Nzima,Sibusiso•Nzima,,,,,Male,1986-11-23,Westonaria,Gauteng,280,,,,,,164,57,Competed in Olympic Games,Nedbank Running Club,,,
132782,Stefan Brits,Stefan Brits,Stefan•Brits,,,,,Male,1992-01-19,Cape Town,Western Cape,280,,,,,,183,72,Competed in Olympic Games,"Florida State Seminoles, USA",,,
132783,Jacob Rozani,Thamsanqa Jacob Rozani,Jacob•Rozani,,,,,Male,1988-01-24,,,,,,,,,,,Competed in Olympic Games,Royal Bafokeng Athletics,,,
132784,Gift Leotlela,Tlotliso Gift Leotlela,Gift•Leotlela,,,,,Male,1998-05-12,Phuthaditjhaba,Free State,280,,,,,,178,74,Competed in Olympic Games,"TuksSport, Pretoria (RSA)",,,
132785,Wayne Snyman,Wayne Snyman,Wayne•Snyman,,,Ween,,Male,1985-03-08,Welkom,Free State,280,,,,,,177,65,Competed in Olympic Games,"TuksSport, Pretoria (RSA)",,,
132786,Wayde van Niekerk,Wayde van Niekerk,Wayde•van Niekerk,,,,,Male,1992-07-15,Cape Town,Western Cape,280,,,,,,183,70,Competed in Olympic Games • Other,,,,
132922,Ambroise Uwiragiye,Ambroise Uwiragiye,Ambroise•Uwiragiye,,,Uwi,,Male,1980-12-31,?,,220,,,,,,,,Competed in Olympic Games,"Team Distance Runners, NED",,,
132925,Alex Rose,"Alexander ""Alex"" Rose",Alex•Rose,,,,,Male,1991-11-17,West Branch,Michigan,268,,,,,,,,Competed in Olympic Games • Other,,,,
132926,Jeremy Dodson,Jeremy Dodson,Jeremy•Dodson,,,,,Male,1987-08-30,Denver,Colorado,268,,,,,,180,72,Competed in Olympic Games,"ALTIS, USA",,,
132930,Amadou N'Diaye,Amadou N'Diaye,Amadou•N'Diaye,,,,,Male,1992-12-06,Joal-Fadiouth,Thiès,224,,,,,,180,80,Competed in Olympic Games,,,,
132934,Ned Azemia,Ned Justeen Azemia,Ned•Azemia,,,,,Male,1997-08-21,,,,,,,,,177,65,Competed in Olympic Games,"Port Glaud Shooting Star, Victoria",,,
132939,Timothee Yap,"Jin Wei ""Timothee"" Yap",Timothee•Yap,,,,,Male,1994-11-05,Singapore,Singapore,225,,,,,,178,66,Competed in Olympic Games,,,,
132943,Allistar Clarke,Allistar Clarke,Allistar•Clarke,,,,,Male,1990-10-03,Basseterre,Saint George Basseterre,10,,,,,,187,71,Competed in Olympic Games,,,,
132944,Ishmail Kamara,Ishmail Dudu Kamara,Ishmail•Kamara,,,,,Male,1997-02-14,Makeni,Northern,227,,,,,,,,Competed in Olympic Games,,,,
132946,Anton Kosmač,Anton Kosmač,Anton•Kosmač,,,Tone,,Male,1976-12-14,Hotavlje,Gorenja vas-Poljane,239,,,,,,183,66,Competed in Olympic Games,AK Velenje,,,
132947,Luka Janežič,Luka Janežič,Luka•Janežič,,,,,Male,1995-11-14,Ljubljana,Ljubljana,239,,,,,,192,80,Competed in Olympic Games,AD Kladivar Celje,,,
132948,Robert Renner,Robert Renner,Robert•Renner,,,Robi,,Male,1994-03-08,Celje,Celje,239,,,,,,182,75,Competed in Olympic Games,AD Kladivar Celje,,,
132949,Žan Rudolf,Žan Rudolf,Žan•Rudolf,,,Rudi,,Male,1993-05-09,Ljubljana,Ljubljana,239,,,,,,184,64,Competed in Olympic Games • Competed in Youth Olympic Games,"AD MASS, Ljubljana",,,
132969,Eugenio Rossi,Eugenio Rossi,Eugenio•Rossi,,,,,Male,1992-03-06,?,,229,,,,,,192,75,Competed in Olympic Games,"l'Atletica Biotekna Marcon, ITA",,,
132971,Rosefelo Siosi,Rosefelo Siosi,Rosefelo•Siosi,,,Rossi,,Male,1996-08-23,Auki,Malaita,226,,,,,,,,Competed in Olympic Games • Other,"Glenhuntly Athletic Club, Melbourne, AUS",,,
132972,Anđelko Rističević,Anđelko Rističević,Anđelko•Rističević,Анђелко•Ристичевић,,,,Male,1985-12-23,Beograd (Belgrade),Beograd,231,,,,,,191,78,Competed in Olympic Games,AK Partizan Beograd,,,
132973,Milan Ristić,Milan Ristić,Milan•Ristić,Милан•Ристић,,,,Male,1991-08-08,Beograd (Belgrade),Beograd,231,,,,,,188,83,Competed in Olympic Games,"AK Crvena Zvezda, Belgrade",,,
132974,Vladimir Savanović,Vladimir Savanović,Vladimir•Savanović,Владимир•Савановић,,,,Male,1985-06-12,Leskovac,Jablanica,231,,,,,,180,70,Competed in Olympic Games,AK Partizan Beograd,,,
133001,Sumeda Ranasinghe,R. M. Sumeda Ranasinghe,Sumeda•Ranasinghe,,,,,Male,1991-02-10,,,,,,,,,182,82,Competed in Olympic Games,Sri Lanka Air Force,,,
133005,Santino Kenyi,Santino Kenyi,Santino•Kenyi,,,,,Male,1993-08-14,Juba,Central Equatoria,233,,,,,,180,75,Competed in Olympic Games,,,,
133006,Romário Leitão,Romário Martins Leitão,Romário•Leitão,,,,,Male,1997-01-16,Amadora,Distrito de Lisboa,211,,,,,,175,56,Competed in Olympic Games,,,,
133008,Abdalla Yousif,Abdalla Yousif,Abdalla•Yousif,عبدالله•يوسف,,,,Male,1996-09-28,,,,,,,,,177,65,Competed in Olympic Games • Other,,,,
133009,Ahmed Ali,Mohamed Ahmed Al-Fatih Ali,Ahmed•Ali,محمد أحمد الفاتح•علي,,,,Male,1993-11-15,Houston,Texas,268,,,,,,173,75,Competed in Olympic Games,"University of Alabama, Tuscaloosa (USA)",,,
133012,Christian Kreienbühl,Christian Kreienbühl,Christian•Kreienbühl,,,,,Male,1981-06-06,Rüti,Zürich,54,,,,,,186,68,Competed in Olympic Games,TV Oerlikon,,,
133013,Kariem Hussein,Kariem Hussein,Kariem•Hussein,,,,,Male,1989-01-04,Münsterlingen,Thurgau,54,,,,,,191,77,Competed in Olympic Games • Non-starter,"LC Zürich, Zürich (SUI)",,,
133014,Tadesse Abraham,Tadesse Abraham,Tadesse•Abraham,,,,,Male,1982-08-12,Asmara,Maekel,86,,,,,,178,61,Competed in Olympic Games,LC Uster,,,
133055,Dušan Majdán,Dušan Majdán,Dušan•Majdán,,,,,Male,1987-09-08,Hnúšťa,Banská Bystrica,238,,,,,,180,67,Competed in Olympic Games,VSC Dukla Banska Bystrica,,,
133056,Martin Kučera,Martin Kučera,Martin•Kučera,,,Kucho,,Male,1990-05-10,Bratislava,Bratislava,238,,,,,,193,74,Competed in Olympic Games,BK HNTN Bratislava,,,
133057,Martin Tišťan,Martin Tišťan,Martin•Tišťan,,,,,Male,1992-11-12,Banská Bystrica,Banská Bystrica,238,,,,,,173,65,Competed in Olympic Games,VSC Dukla Banska Bystrica,,,
133058,Matúš Bubeník,Matúš Bubeník,Matúš•Bubeník,,,,,Male,1989-11-14,Hodonín,Jihomoravský kraj,71,,,,,,197,78,Competed in Olympic Games,VSC Dukla Banska Bystrica,,,
133073,Axel Härstedt,Karl Axel Härstedt,Axel•Härstedt,,,,,Male,1987-02-28,Täby,Stockholm,240,,,,,,197,135,Competed in Olympic Games,Malmö AI,,,
133074,Daniel Ståhl,Daniel Arvid Paavali Ståhl,Daniel•Ståhl,,,,,Male,1992-08-27,Solna,Stockholm,240,,,,,,200,155,Competed in Olympic Games,Spårvägens FK,,,
133075,Perseus Karlström,Philip Enrique Perseus Karlström,Perseus•Karlström,,,Percy,,Male,1990-05-02,Öja,"Växjö, Kronoberg",240,,,,,,184,73,Competed in Olympic Games,Eskilstuna FIF,,,
133113,Alphonce Felix Simbu,Alphonce Felix Simbu,Alphonce Felix•Simbu,,,,,Male,1992-02-14,Singida,Singida,263,,,,,,,55,Competed in Olympic Games • Other,,,,
133114,Saidi Juma Makula,Saidi Juma Makula,Saidi Juma•Makula,,,,,Male,1994-08-01,Singida,Singida,263,,,,,,,54,Competed in Olympic Games,,,,
133118,Siueni Filimone,Siueni Filimone,Siueni•Filimone,,,,,Male,1994-08-19,Hihifo,Ha'apai,256,,,,,,173,69,Competed in Olympic Games • Other,,,,
133120,Boonthung Srisung,Boonthung Srisung,Boonthung•Srisung,บุญถึง•ศรีสังข์,,Tay,,Male,1981-05-30,Buriram,Buri Ram,250,,,,,,171,59,Competed in Olympic Games • Other,,,,
133144,Fabrice Dabla,Kokoutse Fabrice Dabla,Fabrice•Dabla,,,,,Male,1992-11-20,Lomé,Maritime,249,,,,,,,,Competed in Olympic Games,,,,
133149,Ho Chin-Ping,Ho Chin-Ping,Ho•Chin-Ping,何•盡平,,,Oriental,Male,1983-10-23,Kinmen County,Taiwan,12,,,,,,173,60,Competed in Olympic Games,Kinmen Count,,,
133150,Hsiang Chun-Hsien,Hsiang Chun-Hsien,Hsiang•Chun-Hsien,向•俊賢,,,Oriental,Male,1993-09-04,Liouguei District,Kaohsiung,12,,,,,,186,70,Competed in Olympic Games • Competed in Youth Olympic Games,,,,
133151,Huang Shih-Feng,Huang Shih-Feng,Huang•Shih-Feng,黃•士峰,,,Oriental,Male,1992-03-02,Kaohsiung City,Kaohsiung,12,,,,,,178,88,Competed in Olympic Games,,,,
133164,Kyle Greaux,Kyle Vernie Peter Greaux,Kyle•Greaux,,,,,Male,1988-04-26,Toco,Sangre Grande,259,,,,,,,,Competed in Olympic Games,"Abilene Wildcats, USA",,,
133165,Machel Cedenio,Machel Cedenio,Machel•Cedenio,,,Vulcan,,Male,1995-09-06,Point Fortin,Point Fortin,259,,,,,,183,70,Competed in Olympic Games,Simplex Athletic Club,,,
133169,Atef Saad,Atef Saad,Atef•Saad,عاطف•سعد,,,,Male,1988-03-20,Gafsa,Gafsa,260,,,,,,176,57,Competed in Olympic Games,,,,
133170,Mohamed Sghaier,Mohamed Al-Sghaier,Mohamed•Sghaier,محمد•الصغير,,,,Male,1988-07-18,Susa (Sousse),Susa,260,,,,,,185,79,Competed in Olympic Games,,,,
133191,Ali Kaya,Ali Kaya,Ali•Kaya,,Stanley Kiprotich Mukche,,,Male,1994-04-20,Eldoret,Uasin Gishu,138,,,,,,175,54,Competed in Olympic Games,Enka Spor Kulübü,,,
133192,Aras Kaya,Aras (Amos-) Kaya (Kibitok-),Aras•Kaya,,,,,Male,1994-04-04,?,,138,,,,,,181,60,Competed in Olympic Games,Enka Spor Kulübü,,,
133193,Emre Zafer Barnes,Emre Zafer (Winston-) Barnes,Emre Zafer•Barnes,,,,,Male,1988-11-07,?,,134,,,,,,178,73,Competed in Olympic Games,Enka Spor Kulübü,,,
133194,Ercan Muslu,Ercan Muslu,Ercan•Muslu,,,,,Male,1988-12-01,Gümüşhane,Gümüşhane,261,,,,,,160,52,Competed in Olympic Games,Saydes Spor Kulübü,,,
133195,Ersin Tacir,Ersin Tacir,Ersin•Tacir,,,,,Male,1985-04-01,Özalp,Van,261,,,,,,170,71,Competed in Olympic Games,PTT Spor Kulübü,,,
133196,İzzet Safer,İzzet Safer,İzzet•Safer,,,,,Male,1990-07-10,Mersin,Mersin,261,,,,,,178,74,Competed in Olympic Games,Enka Spor Kulübü,,,
133197,Jak Ali Harvey,Jak Ali (Jacques Montgomery-) Harvey,Jak Ali•Harvey,,,,,Male,1989-05-04,Hanover,Manchester,134,,,,,,183,73,Competed in Olympic Games,Enka Spor Kulübü,,,
133198,Kaan Kigen Özbilen,Kaan Kigen (Mike Kipruto-) Özbilen (Kigen-),Kaan Kigen•Özbilen,,,,,Male,1986-01-15,?,,138,,,,,,178,57,Competed in Olympic Games,,,,
133199,Mert Atlı,Mert Atlı,Mert•Atlı,,,,,Male,1993-07-23,Balıkesir,Balıkesir,261,,,,,,191,70,Competed in Olympic Games,Ayvalık Atletizm SK,,,
133200,Yasmani Copello,Yasmani Copello Escobar,Yasmani•Copello,,,,,Male,1987-04-15,La Habana (Havana),Ciudad de La Habana,67,,,,,,191,85,Competed in Olympic Games • Non-starter,"Fenerbahçe SK, İstanbul (TUR)",,,
133220,Etimoni Timuani,Etimoni Timuani,Etimoni•Timuani,,,,,Male,1991-10-14,Funafuti,Funafuti,262,,,,,,184,72,Competed in Olympic Games • Other,"Nanumea, Funafuti",,,
133221,Saud Al-Zaabi,Saud Al-Zaabi,Saud•Al-Zaabi,سعود•الزعابي,,,,Male,1988-08-07,,,,,,,,,,,Competed in Olympic Games • Other,"Abu Dhabi Police Club, Abu Dhabi (UAE)",,,
133227,Jackson Kiprop,Jackson Kiprop,Jackson•Kiprop,,,,,Male,1986-10-20,,,,,,,,,,,Competed in Olympic Games,,,,
133228,Jacob Kiplimo,Jacob Kiplimo,Jacob•Kiplimo,,,,,Male,2000-11-14,Kween District,Eastern,264,,,,,,,,Competed in Olympic Games,"ASD Athletic Prato, ITA",,,
133229,Joshua Cheptegei,Joshua Kiprui Cheptegei,Joshua•Cheptegei,,,,,Male,1996-09-12,Kapchorwa,Eastern,264,,,,,,,,Competed in Olympic Games,,,,
133230,Moses Kurong,Moses Martin Kurong,Moses•Kurong,,,,,Male,1994-07-07,,,,,,,,,,,Competed in Olympic Games,Uganda Police Force,,,
133231,Munyo Solomon Mutai,Munyo Solomon Mutai,Munyo Solomon•Mutai,,,,,Male,1992-10-22,Bukwo,"Kapchorwa, Eastern",264,,,,,,,,Competed in Olympic Games,,,,
133232,Phillip Tarus,Phillip Kipyego Tarus,Phillip•Tarus,,,,,Male,1995-01-01,Bukwo,"Kapchorwa, Eastern",264,,,,,,,,Competed in Olympic Games,Prisons Athletics Club,,,
133233,Ronald Musagala,Ronald Musagala,Ronald•Musagala,,,,,Male,1992-12-16,Iganga,"Busoga, Eastern",264,,,,,,,,Competed in Olympic Games,,,,
133234,Timothy Toroitich,Timothy Toroitich,Timothy•Toroitich,,,,,Male,1991-10-10,Bukwo,"Kapchorwa, Eastern",264,,,,,,,,Competed in Olympic Games,Elgon,,,
133236,Dmytro Kosynskyi,Dmytro Volodymyrovych Kosynskyi,Dmytro•Kosynskyi,Дмитро Володимирович•Косинський,,,,Male,1989-03-31,Malyn,Zhytomyr,265,,,,,,198,105,Competed in Olympic Games,Kiev School of Supreme Sports Skill,,,
133237,Dmytro Yakovenko,Dmytro Valeriyovych Yakovenko,Dmytro•Yakovenko,Дмитро Валерійович•Яковенко,,,,Male,1992-09-17,Ananyiv,Odesa,265,,,,,,192,70,Competed in Olympic Games,Spartak,,,
133238,Ihor Olefirenko,Ihor Oleksiyovych Olefirenko,Ihor•Olefirenko,Ігор Олексійович•Олефіренко,,,,Male,1990-03-14,Bila Tserkva,Kyiv Oblast,265,,,,,,186,70,Competed in Olympic Games,,,,
133239,Ihor Russ,Ihor Pavlovych Russ,Ihor•Russ,Ігор Павлович•Русс,,,,Male,1988-09-08,Zhytomyr,Zhytomyr,265,,,,,,174,62,Competed in Olympic Games,Kiev School of Supreme Sports Skill,,,
133240,Ivan Banzeruk,Ivan Mykolaiovych Banzeruk,Ivan•Banzeruk,Іван Миколайович•Банзерук,,,,Male,1990-02-09,Lutsk,Volyn,265,,,,,,180,70,Competed in Olympic Games,Dinamo,,,
133279,Emiliano Lasa,Emiliano Lasa Sánchez,Emiliano•Lasa,,,,,Male,1990-01-25,Montevideo,Montevideo,267,,,,,,180,75,Competed in Olympic Games • Other,"Defensor Sporting, Montevideo (URU) / CA Penarol, Montevideo (URU)",,,
133280,Andrés Zamora,Ernesto Andrés Zamora,Andrés•Zamora,,,,,Male,1983-04-13,Montevideo,Montevideo,267,,,,,,180,63,Competed in Olympic Games,,,,
133281,Martín Cuestas,Martín Esteban Cuestas Cardozo,Martín•Cuestas,,,"Urraca, Peluca",,Male,1986-12-08,Montevideo,Montevideo,267,,,,,,182,62,Competed in Olympic Games,Team Cuestas-Manana,,,
133282,Nicolás Cuestas,Ronal Nicolás Cuestas Cardozo,Nicolás•Cuestas,,,,,Male,1986-12-08,Montevideo,Montevideo,267,,,,,,180,63,Competed in Olympic Games,Team Cuestas-Manana,,,
133290,Ameer Webb,Ameer Kenneth Webb,Ameer•Webb,,,,,Male,1991-03-19,Harbor City,California,268,,,,,,180,82,Competed in Olympic Games,"Nike, Beaverton (USA)",,,
133291,Andrew Evans,Andrew Evans,Andrew•Evans,,,,,Male,1991-01-25,Kalamazoo,Michigan,268,,,,,,198,114,Competed in Olympic Games,,,,
133292,Arman Hall,Arman Hall,Arman•Hall,,,Gino,,Male,1994-02-12,Miami,Florida,268,,,,,,183,75,Competed in Olympic Games,University of Florida,,,
133293,Ben Blankenship,"Benjamin Floyd ""Ben"" Blankenship",Ben•Blankenship,,,,,Male,1988-12-15,Minneapolis,Minnesota,268,,,,,,178,64,Competed in Olympic Games,"Oregon Track Club, Eugene (USA)",,,
133294,Boris Berian,Boris Alexander Berian,Boris•Berian,,,Boris Gump,,Male,1992-12-19,Colorado Springs,Colorado,268,,,,,,183,70,Competed in Olympic Games,New Balance,,,
133295,Brad Adkins,"Bradley Don ""Brad"" Adkins",Brad•Adkins,,,,,Male,1993-12-30,Lubbock,Texas,268,,,,,,188,80,Competed in Olympic Games,"Texas Tech Red Raiders, Lubbock (USA)",,,
133296,Byron Robinson,Byron Robinson,Byron•Robinson,,,,,Male,1995-05-10,Richmond,Virginia,268,,,,,,175,75,Competed in Olympic Games,"Texas Longhorns, Austin (USA)",,,
133297,Cale Simmons,Cale Simmons,Cale•Simmons,,,"Cale-Rob, Twin, Thundercat, Blazer, Turbo, Twig, Skeletor, King Cale",,Male,1991-02-05,Oklahoma City,Oklahoma,268,,,,,,183,66,Competed in Olympic Games,US Air Force,,,
133298,Charles Jock,Charles Jock,Charles•Jock,,,,,Male,1989-11-23,Addis Ababa,Addis Ababa,89,,,,,,191,75,Competed in Olympic Games,"Nike, Beaverton (USA)",,,
133299,Chris Benard,"Christopher Anthony ""Chris"" Benard",Chris•Benard,,,,,Male,1990-04-09,Tustin,California,268,,,,,,191,84,Competed in Olympic Games,Chula Vista Elite [United States of America],,,
133300,Christian Coleman,Christian Coleman,Christian•Coleman,,,,,Male,1996-03-06,Atlanta,Georgia,268,,,,,,175,72,Competed in Olympic Games,University of Tennessee,,,
133301,Clayton Murphy,Clayton J. Murphy,Clayton•Murphy,,,,,Male,1995-02-26,Greenville,Ohio,268,,,,,,180,68,Competed in Olympic Games,University of Akron,,,
133302,Conor McCullough,Conor McCullough,Conor•McCullough,,,,,Male,1991-01-31,Woodland Hills,California,268,,,,,,196,107,Competed in Olympic Games,,,,
133303,Darrell Hill,Darrell Hill,Darrell•Hill,,,The Governor,,Male,1993-08-17,Darby,Pennsylvania,268,,,,,,191,145,Competed in Olympic Games,,,,
133304,David Verburg,David Verburg,David•Verburg,,,,,Male,1991-05-14,Gainesville,Florida,268,,,,,,173,70,Competed in Olympic Games,"adidas, Herzogenaurach (GER)",,,
133305,Devon Allen,Devon Christopher Allen,Devon•Allen,,,Dev,,Male,1994-12-12,Phoenix,Arizona,268,,,,,,185,84,Competed in Olympic Games,"Oregon Ducks, Eugene (USA)",,,
133306,Gil Roberts,Gil Roberts,Gil•Roberts,,,,,Male,1989-03-15,Oklahoma City,Oklahoma,268,,,,,,188,82,Competed in Olympic Games,"Nike, Beaverton (USA)",,,
133307,Hassan Mead,Hassan Mead,Hassan•Mead,,,,,Male,1991-06-28,Borama,Awdal,230,,,,,,188,66,Competed in Olympic Games,Oregon Track Club,,,
133308,Hillary Bor,Hillary Bor,Hillary•Bor,,,,,Male,1989-11-22,Eldoret,Uasin Gishu,138,,,,,,168,52,Competed in Olympic Games,US Army World Class Athlete Program,,,
133309,Jarrion Lawson,Jarrion Lawson,Jarrion•Lawson,,,,,Male,1994-05-06,Texarkana,Texas,268,,,,,,188,78,Competed in Olympic Games,ASICS,,,
133310,Jared Ward,Jared Ward,Jared•Ward,,,,,Male,1988-09-09,Layton,Utah,268,,,,,,178,66,Competed in Olympic Games,,,,
133311,Jeff Henderson,"Jeffrey Todd ""Jeff"" Henderson",Jeff•Henderson,,,,,Male,1989-02-19,McAlmont,Arkansas,268,,,,,,183,86,Competed in Olympic Games,adidas,,,
133312,Jeremy Taiwo,Jeremy Taiwo,Jeremy•Taiwo,,,,,Male,1990-01-15,Seattle,Washington,268,,,,,,193,91,Competed in Olympic Games,Brooks Beasts Track Club,,,
133313,Joe Kovacs,"Joseph Mathias ""Joe"" Kovacs",Joe•Kovacs,,,,,Male,1989-06-28,Bethlehem,Pennsylvania,268,,,,,,183,134,Competed in Olympic Games,"Nike, Beaverton (USA)",,,
133314,Kyle Clemons,Kyle Clemons,Kyle•Clemons,,,,,Male,1990-12-27,Jonesboro,Arkansas,268,,,,,,180,74,Competed in Olympic Games,"adidas, Herzogenaurach (GER)",,,
133315,Leonard Essau Korir,Leonard Essau Korir,Leonard Essau•Korir,,,Lenny,,Male,1986-12-10,Iten,Elgeyo-Marakwet,138,,,,,,170,59,Competed in Olympic Games,US Army World Class Athlete Program,,,
133316,Logan Cunningham,Logan Perry Cunningham,Logan•Cunningham,,,,,Male,1991-05-30,Nacogdoches,Texas,268,,,,,,175,73,Competed in Olympic Games,,,,
133317,Marvin Bracy-Williams,"Marvin Bracy-Williams, Jr.",Marvin•Bracy-Williams,,,,,Male,1993-12-15,Orlando,Florida,268,,,,,,175,78,Competed in Olympic Games,"adidas, Herzogenaurach (GER)",,,
133318,Mason Finley,Mason Finley,Mason•Finley,,,,,Male,1990-10-07,Kansas City,Missouri,268,,,,,,203,158,Competed in Olympic Games,,,,
133319,Mike Rodgers,"Michael ""Mike"" Rodgers",Mike•Rodgers,,,,,Male,1985-04-24,St. Louis,Missouri,268,,,,,,175,81,Competed in Olympic Games,"Nike, Beaverton (USA)",,,
133320,Mike Hartfield,"Michael ""Mike"" Hartfield",Mike•Hartfield,,,Flight,,Male,1990-03-29,Hartford,Connecticut,268,,,,,,191,77,Competed in Olympic Games,"adidas, Herzogenaurach (GER)",,,
133321,Paul Chelimo,Paul Kipkemoi Chelimo,Paul•Chelimo,,,,,Male,1990-10-27,Iten,Elgeyo-Marakwet,138,,,,,,175,57,Competed in Olympic Games,US Army World Class Athlete Program,,,
133322,Ricky Robertson,Ricky Robertson,Ricky•Robertson,,,RJ,,Male,1990-09-19,Mount Holly,New Jersey,268,,,,,,180,75,Competed in Olympic Games,,,,
133323,Robby Andrews,"Robert Adrian ""Robby"" Andrews",Robby•Andrews,,,,,Male,1991-03-29,Staten Island,New York,268,,,,,,178,66,Competed in Olympic Games,"adidas, Herzogenaurach (GER)",,,
133324,Ronnie Ash,Ronnie Ash,Ronnie•Ash,,,,,Male,1988-07-02,Passaic,New Jersey,268,,,,,,188,95,Competed in Olympic Games,"adidas, Herzogenaurach (GER)",,,
133325,Rudy Winkler,Rudy Winkler,Rudy•Winkler,,,,,Male,1994-12-06,Albany,New York,268,,,,,,188,109,Competed in Olympic Games,Cornell University,,,
133326,Ryan Crouser,Ryan Crouser,Ryan•Crouser,,,,,Male,1992-12-18,Portland,Oregon,268,,,,,,201,125,Competed in Olympic Games,"Nike, Beaverton (USA)",,,
133327,Sam Crouser,"Samuel ""Sam"" Crouser",Sam•Crouser,,,,,Male,1991-12-31,Gresham,Oregon,268,,,,,,198,105,Competed in Olympic Games,,,,
133328,Sam Kendricks,"Samuel Hathorn ""Sam"" Kendricks",Sam•Kendricks,,,,,Male,1992-09-07,Oceanside,California,268,,,,,,185,80,Competed in Olympic Games,"Nike, Beaverton (USA)",,,
133329,Shadrack Kipchirchir,Shadrack Kipchirchir,Shadrack•Kipchirchir,,,,,Male,1989-02-22,Eldoret,Uasin Gishu,138,,,,,,173,54,Competed in Olympic Games,US Army World Class Athlete Program,,,
133330,Tavis Bailey,Tavis Bailey,Tavis•Bailey,,,,,Male,1992-01-06,Poughkeepsie,New York,268,,,,,,191,125,Competed in Olympic Games,,,,
133331,Trayvon Bromell,Trayvon Jaquez Bromell,Trayvon•Bromell,,,,,Male,1995-07-10,St. Petersburg,Florida,268,,,,,,175,70,Competed in Olympic Games,New Balance,,,
133332,Zach Ziemek,"Zachery ""Zach"" Ziemek",Zach•Ziemek,,,Double Z,,Male,1993-02-23,Elmhurst,Illinois,268,,,,,,193,89,Competed in Olympic Games,University of Wisconsin,,,
133468,Andrey Petrov,Andrey Petrov,Andrey•Petrov,Андрей•Петров,,,,Male,1986-10-13,,,,,,,,,169,62,Competed in Olympic Games,,,,
133469,Ruslan Kurbanov,Ruslan Kurbanov,Ruslan•Kurbanov,Руслан•Курбанов,,,,Male,1993-02-10,Samarqand,Samarqand,269,,,,,,183,65,Competed in Olympic Games • Competed in Youth Olympic Games,,,,
133500,Freddy Mezones,Freddy Alberto Mezones Bolívar,Freddy•Mezones,,,,,Male,1987-09-24,Caracas,Distrito Capital,271,,,,,,170,68,Competed in Olympic Games,,,,
133501,Luis Orta,Luis Alberto Orta Millán,Luis•Orta,,,,,Male,1989-01-15,Caracas,Distrito Capital,271,,,,,,160,50,Competed in Olympic Games,,,,
133502,Richard Vargas,Richard Egrey Vargas Carrillo,Richard•Vargas,,,,,Male,1994-12-28,San Cristóbal,Táchira,271,,,,,,175,58,Competed in Olympic Games,,,,
133503,Yerenman Salazar,Yerenman Asdrúbal Salazar Guzmán,Yerenman•Salazar,,,,,Male,1978-10-24,Puerto Cabello,Carabobo,271,,,,,,165,52,Competed in Olympic Games,,,,
133537,Nguyễn Thành Ngưng,Nguyễn Thành Ngưng,Nguyễn•Thành Ngưng,,,,Oriental,Male,1992-04-08,Đà Nẵng,Đà Nẵng,14,,,,,,165,56,Competed in Olympic Games,TTVN,,,
133543,Brandon Valentine-Parris,Brandon Valentine-Parris,Brandon•Valentine-Parris,,,Ghost,,Male,1995-04-17,Kingstown,Saint George,11,,,,,,173,55,Competed in Olympic Games,"Claflin University, Orangeburg, USA",,,
133545,Mohammed Rageh,Mohammed Rageh,Mohammed•Rageh,محمد•راجح,,,,Male,1998-01-01,,,,,,,,,169,64,Competed in Olympic Games,,,,
133547,Jordan Chipangama,Jordan Chipangama,Jordan•Chipangama,,,,,Male,1988-11-12,Lusaka,Lusaka,281,,,,,,173,53,Competed in Olympic Games,"Team Run Flagstaff , Flagstaff (USA)",,,
133552,Gabriel Mvumvure,Gabriel Mvumvure,Gabriel•Mvumvure,,,Goofy,,Male,1988-02-23,Harare,Harare,282,,,,,,170,70,Competed in Olympic Games,"Louisiana State University Tigers, USA",,,
133553,Pardon Ndhlovu,Pardon Ndhlovu,Pardon•Ndhlovu,,,,,Male,1987-08-23,Harare,Harare,282,,,,,,158,54,Competed in Olympic Games,,,,
133554,Tatenda Tsumba,Tatenda Tsumba,Tatenda•Tsumba,,,Bampa,,Male,1991-11-12,Harare,Harare,282,,,,,,175,73,Competed in Olympic Games,BYU Cougars,,,
133585,Cedric Dubler,Cedric Dubler,Cedric•Dubler,,,,,Male,1995-01-13,Brisbane,Queensland,30,,,,,,191,,Competed in Olympic Games,"QUT Athletics Club, Brisbane (AUS)",,,
133586,Dominik Distelberger,Dominik Distelberger,Dominik•Distelberger,,,,,Male,1990-03-16,Scheibbs,Niederösterreich,31,,,,,,186,81,Competed in Olympic Games,UVB Purgstall,,,
133587,Adam Helcelet,Adam Sebastian Helcelet,Adam•Helcelet,,,,,Male,1991-10-27,Turnov,Liberecký kraj,71,,,,,,191,92,Competed in Olympic Games,"PSK Olymp Praha, Praha (CZE)",,,
133588,Jiří Sýkora,Jiří Sýkora,Jiří•Sýkora,,,,,Male,1995-01-20,Třebíč,Vysočina,71,,,,,,190,91,Competed in Olympic Games,"PSK Olymp Praha, Praha (CZE)",,,
133589,Pau Tonnesen,Pau Gaspar Tonnesen Ricart,Pau•Tonnesen,,,,,Male,1992-10-24,Tempe,Arizona,268,,,,,,185,77,Competed in Olympic Games,"University of Arizona, USA",,,
133590,Kaur Kivistik,Kaur Kivistik,Kaur•Kivistik,,,,,Male,1991-04-29,Tartu,Tartumaa,88,,,,,,192,76,Competed in Olympic Games,Tartu SS Kalev,,,
133591,Kai Kazmirek,Kai Kazmirek,Kai•Kazmirek,,,,,Male,1991-01-28,Torgau,Sachsen,72,,,,,,190,88,Competed in Olympic Games,"LG Rhein-Wied, Neuwied (GER)",,,
133592,Lindon Toussaint-Victor,Lindon Kellon Toussaint-Victor,Lindon•Toussaint-Victor,,,,,Male,1993-02-28,St. George's,Saint George,107,,,,,,,,Competed in Olympic Games • Competed in Youth Olympic Games • Other,"Texas A&M Aggies, College Station (USA)",,,
133593,Abdoullah Bamoussa,Abdoullah Bamoussa,Abdoullah•Bamoussa,,,,,Male,1986-06-08,Oulad Berhil,Souss-Massa,165,,,,,,170,59,Competed in Olympic Games,Atletica Brugnera Friulintagli,,,
133594,Kazuya Shiojiri,Kazuya Shiojiri,Kazuya•Shiojiri,塩尻•和也,,,,Male,1996-11-08,Isesakim,Gunma,136,,,,,,170,53,Competed in Olympic Games,Juntendo University (JPN),,,
133595,Janieve Russell,Janieve Russell,Janieve•Russell,,,,,Female,1993-11-14,?,Manchester,134,,,,,,175,64,Competed in Olympic Games • Competed in Youth Olympic Games,,,,
133674,Erin Teschuk,Erin Teschuk,Erin•Teschuk,,,,,Female,1994-10-25,Winnipeg,Manitoba,52,,,,,,163,52,Competed in Olympic Games,,,,
133675,Jessica O'Connell,Jessica Marie O'Connell,Jessica•O'Connell,,,,,Female,1989-02-10,Calgary,Alberta,52,,,,,,158,48,Competed in Olympic Games,University of Calgary Athletics Club [Canada],,,
133676,Li Xiaohong,Li Xiaohong,Li•Xiaohong,李•小红,,,Oriental,Female,1995-01-08,Changle,Fujian,57,,,,,,162,48,Competed in Olympic Games,Fujian Province [People's Republic of China],,,
133677,Wang Jianan,Wang Jianan,Wang•Jianan,王•嘉男,,,Oriental,Male,1996-08-27,Shenyang,Liaoning,57,,,,,,185,72,Competed in Olympic Games,Jiangsu Province [People's Republic of China],,,
133678,Manpreet Kaur,Manpreet Kaur,Manpreet•Kaur,,,,,Female,1996-03-05,Patiala,Punjab,126,,,,,,170,89,Competed in Olympic Games,Indian Railways [India],,,
133679,Christania Williams,Christania Williams,Christania•Williams,,,,,Female,1994-10-17,?,Saint Mary,134,,,,,,165,63,Competed in Olympic Games,"MVP Track & Field Club, Kingston (JAM)",,,
133680,Lee Jeong-Eun,Lee Jeong-Eun,Lee•Jeong-Eun,이•정은,,,Oriental,Female,1994-09-13,,,,,,,,,153,40,Competed in Olympic Games,Pucheon City Hall [Republic of Korea],,,
133683,Aron Kifle,Aron Kifle Teklu,Aron•Kifle,,,,,Male,1998-02-20,,,,,,,,,,,Competed in Olympic Games,,,,
145960,Mayada Al-Sayad,,,,,,,Female,,,,,,,,,,,,,,,,
146075,Khaido Alexouli,,,,,,,Female,,,,,,,,,,180,60,,,,,
146298,Alex Amankwah,,,,,,,Male,,,,,,,,,,,,,,,,
146357,Paulo Amotun Lokoro,,,,,,,Male,,,,,,,,,,170,61,,,,,
146366,An Seul-Ki,,,,,,,Female,,,,,,,,,,161,46,,,,,
146370,Khrysoula Anagnostopoulou,,,,,,,Female,,,,,,,,,,175,85,,,,,
146376,Mikhailis Anastasakis,,,,,,,Male,,,,,,,,,,183,92,,,,,
146712,ider Orlando Arvalo Truque,,,,,,,Male,,,,,,,,,,165,60,,,,,
146802,Andrs Arroyo,,,,,,,Male,,,,,,,,,,177,64,,,,,
146844,Marina Aleksandrovna Arzamasova (Katovich-),,,,,,,Female,,,,,,,,,,173,58,,,,,
146894,Tigist Assefa,,,,,,,Female,,,,,,,,,,168,53,,,,,
147324,Egl Balinait,,,,,,,Female,,,,,,,,,,176,63,,,,,
148188,Katarna Bereov,,,,,,,Female,,,,,,,,,,162,49,,,,,
148489,Yiech Pur Biel,,,,,,,Male,,,,,,,,,,178,62,,,,,
149017,Artyom Yuryevich Bondarenko,,,,,,,Male,,,,,,,,,,187,78,,,,,
149101,Pavel Gennadyevich Boreysha,,,,,,,Male,,,,,,,,,,193,120,,,,,
149118,Konstantin Igorevich Borichevsky,,,,,,,Male,,,,,,,,,,191,87,,,,,
150113,Kateina Cachov,,,,,,,Female,,,,,,,,,,171,63,,,,,
150803,Marua ernjul,,,,,,,Female,,,,,,,,,,177,56,,,,,
150851,Adrin Chacn Muoz,,,,,,,Male,,,,,,,,,,187,90,,,,,
151087,James Nyang Chiengjiek,,,,,,,Male,,,,,,,,,,179,59,,,,,
151272,Andrey Viktorovich Churilo,,,,,,,Male,,,,,,,,,,189,74,,,,,
152111,Mria Czakov,,,,,,,Female,,,,,,,,,,166,56,,,,,
152352,Djnbou Dant,,,,,,,Female,,,,,,,,,,176,73,,,,,
152767,Mayobanex de leo,,,,,,,Male,,,,,,,,,,171,61,,,,,
153554,Marina Frantsevna Domantsevich,,,,,,,Female,,,,,,,,,,162,51,,,,,
153796,Aneka Drahotov,,,,,,,Female,,,,,,,,,,180,57,,,,,
154549,Zsfia Erdlyi,,,,,,,Female,,,,,,,,,,164,53,,,,,
154659,Jess Espaa Cobo,,,,,,,Male,,,,,,,,,,168,59,,,,,
156004,Mria Glikov,,,,,,,Female,,,,,,,,,,161,50,,,,,
157428,Natoya Goule,,,,,,,Female,,,,,,,,,,152,57,,,,,
158072,Tuba Gven,,,,,,,Female,,,,,,,,,,173,52,,,,,
158707,Ahmad Hazer,,,,,,,Male,,,,,,,,,,188,80,,,,,
158981,Jos Hernndez,,,,,,,Male,,,,,,,,,,181,79,,,,,
159177,Anta Hinriksdttir,,,,,,,Female,,,,,,,,,,172,49,,,,,
159195,sds Hjlmsdttir,,,,,,,Female,,,,,,,,,,178,70,,,,,
160964,Ana Lucia Jos Tima,,,,,,,Female,,,,,,,,,,168,56,,,,,
161017,Gbor Jzsa,,,,,,,Male,,,,,,,,,,170,58,,,,,
161887,Tatyana Vladimirovna Kholodovich,,,,,,,Female,,,,,,,,,,181,83,,,,,
162061,Kim Kuk-Young,,,,,,,Male,,,,,,,,,,176,73,,,,,
162147,Yonas Kinde,,,,,,,Male,,,,,,,,,,172,57,,,,,
162365,Elika Kluinov,,,,,,,Female,,,,,,,,,,178,70,,,,,
162630,Sergey Viktorovich Kolomoyets,,,,,,,Male,,,,,,,,,,192,115,,,,,
163317,Xnia Krizsn,,,,,,,Female,,,,,,,,,,172,63,,,,,
163995,Narcisa Marisol Landzuri Bentez,,,,,,,Female,,,,,,,,,,165,52,,,,,
164532,Romrio Martins Leito,,,,,,,Male,,,,,,,,,,175,56,,,,,
165147,Anjelina Nadai Lohalith,,,,,,,Female,,,,,,,,,,163,50,,,,,
165162,Rose Nathike Lokonyen,,,,,,,Female,,,,,,,,,,157,50,,,,,
165320,Lus Alfonso Lpez Menjivar,,,,,,,Male,,,,,,,,,,162,54,,,,,
165727,Aleksandr Petrovich Lyakhovich,,,,,,,Male,,,,,,,,,,172,65,,,,,
165862,Viktria Madarsz,,,,,,,Female,,,,,,,,,,158,44,,,,,
166003,Duan Majdn,,,,,,,Male,,,,,,,,,,180,67,,,,,
166168,Anna Aleksandrovna Malyshchik (Zinchuk-),,,,,,,Female,,,,,,,,,,175,90,,,,,
166602,lvaro Martn Uriol,,,,,,,Male,,,,,,,,,,179,63,,,,,
166750,Lzaro Martnez Santrayu,,,,,,,Male,,,,,,,,,,192,83,,,,,
167134,Olga Sergeyevna Mazuryonok,,,,,,,Female,,,,,,,,,,165,49,,,,,
169020,Dmitry Sergeyevich Nabokov,,,,,,,Male,,,,,,,,,,186,69,,,,,
169454,Nguyn Thnh Ngng,,,,,,,Male,,,,,,,,,,165,56,,,,,
169461,Nguyn Th Huyn,,,,,,,Female,,,,,,,,,,158,45,,,,,
169677,Chirine Njeim,,,,,,,Female,,,,,,,,,,168,60,,,,,
170533,eref Osmanolu,,,,,,,Male,,,,,,,,,,183,75,,,,,
170678,lham Tanui zbilen,,,,,,,Male,,,,,,,,,,177,60,,,,,
170897,Airin Palyt,,,,,,,Female,,,,,,,,,,187,63,,,,,
172323,Dmitry Anatolyevich Plotnitsky,,,,,,,Male,,,,,,,,,,191,83,,,,,
172536,Yekatarina Viktorovna Poplavskaya,,,,,,,Female,,,,,,,,,,169,61,,,,,
172882,Vladislav Dmitriyevich Pryamov,,,,,,,Male,,,,,,,,,,177,66,,,,,
172913,Jiina Ptnkov (-Svobodov-),,,,,,,Female,,,,,,,,,,173,68,,,,,
173140,Sndor Rcz,,,,,,,Male,,,,,,,,,,178,69,,,,,
174074,Dborah Lizeth Rodrguez Guelmo,,,,,,,Female,,,,,,,,,,175,61,,,,,
174228,Stepan Valeryevich Rogovtsov,,,,,,,Male,,,,,,,,,,174,58,,,,,
174689,Andrs Ruz Malaver,,,,,,,Male,,,,,,,,,,164,64,,,,,
174694,Csar Yuniel Ruz Speck,,,,,,,Male,,,,,,,,,,184,77,,,,,
174809,elena Rabowa,,,,,,,Female,,,,,,,,,,170,56,,,,,
174948,Kateina afrnkov,,,,,,,Female,,,,,,,,,,193,103,,,,,
174985,Tue ahutolu,,,,,,,Female,,,,,,,,,,180,120,,,,,
176242,Amy Sne,,,,,,,Female,,,,,,,,,,175,80,,,,,
176475,Shim Jung-Sub,,,,,,,Male,,,,,,,,,,168,58,,,,,
176702,Ana imi,,,,,,,Female,,,,,,,,,,178,58,,,,,
177266,Yelena Soboleva (Novogrodskaya-),,,,,,,Female,,,,,,,,,,178,87,,,,,
177767,Mikls Srp,,,,,,,Male,,,,,,,,,,200,82,,,,,
177832,Tom Stank,,,,,,,Male,,,,,,,,,,190,125,,,,,
178644,Ji Skora,,,,,,,Male,,,,,,,,,,190,91,,,,,
178983,Jlia Takcs Nyerges,,,,,,,Female,,,,,,,,,,171,53,,,,,
180532,ivil Vaiciukeviit,,,,,,,Female,,,,,,,,,,164,54,,,,,
180943,Irina Leonidovna Vaskovskaya,,,,,,,Female,,,,,,,,,,179,65,,,,,
181260,Lindon Victor,,,,,,,Male,,,,,,,,,,,,,,,,
181696,Eva Vrabcov-Nvltov,,,,,,,Female,,,,,,,,,,162,48,,,,,
181776,Nataliya Aleksandrovna Vyatkina,,,,,,,Female,,,,,,,,,,176,58,,,,,
182561,Irina Gennadyevnya Yakoltsevich (-Zhuk),,,,,,,Female,,,,,,,,,,166,60,,,,,
182678,"Yiu Kit-Ching ""Christy""",,,,,,,Female,,,,,,,,,,155,45,,,,,
183409,Antonio Beci,,,,,,,Male,,,,,,,,,,,,,,,,
183652,Maizurah Rahim,,,,,,,Female,,,,,,,,,,,,,,,,
183819,Tesfaye Dibaba,,,,,,,Male,,,,,,,,,,,,,,,,
183961,Yelena (kopets-),,,,,,,Female,,,,,,,,,,,,,,,,
184003,rika Surez,,,,,,,Female,,,,,,,,,,,,,,,,
184371,Oluwakemi Adekoya,,,,,,,Female,,,,,,,,,,,,,,,,
184433,Bradley Adkins,,,,,,,Male,,,,,,,,,,,,,,,,
184541,Andrew Butchart,,,,,,,Male,,,,,,,,,,,,,,,,
184761,Evelis Torres,,,,,,,Female,,,,,,,,,,,,,,,,
184793,Yulenmis Martnez,,,,,,,Female,,,,,,,,,,,,,,,,
185128,Mobolade Ajomale,,,,,,,Male,,,,,,,,,,,,,,,,
185161,Meryem (mayo-),,,,,,,Female,,,,,,,,,,,,,,,,
185335,Tariq Al-amri,,,,,,,Male,,,,,,,,,,,,,,,,
186245,Bibiro Taher,,,,,,,Female,,,,,,,,,,,,,,,,
186753,Alberto Muoz,,,,,,,Male,,,,,,,,,,,,,,,,
186997,Hailemariyam Tegen,,,,,,,Male,,,,,,,,,,,,,,,,
187002,Nauraj Singh,,,,,,,Male,,,,,,,,,,,,,,,,
187246,Paulo Lokoro,,,,,,,Male,,,,,,,,,,,,,,,,
187296,Oluwatobiloba Amusan,,,,,,,Female,,,,,,,,,,,,,,,,
187846,Thiago Andr,,,,,,,Male,,,,,,,,,,,,,,,,
187936,Jessica (-martin),,,,,,,Female,,,,,,,,,,,,,,,,
187939,Robert Andrews,,,,,,,Male,,,,,,,,,,,,,,,,
188048,Daniel Ponce,,,,,,,Male,,,,,,,,,,,,,,,,
188049,Youndry Cruz,,,,,,,Male,,,,,,,,,,,,,,,,
188633,Alice Nawowuna,,,,,,,Female,,,,,,,,,,,,,,,,
188783,Vctor Pincheira,,,,,,,Male,,,,,,,,,,,,,,,,
188863,Francisco Aller,,,,,,,Male,,,,,,,,,,,,,,,,
188944,ider Truque,,,,,,,Male,,,,,,,,,,,,,,,,
188991,Kellys Figueroa,,,,,,,Female,,,,,,,,,,,,,,,,
189498,Marina (katovich-),,,,,,,Female,,,,,,,,,,,,,,,,
189568,Sabina Lvarez,,,,,,,Female,,,,,,,,,,,,,,,,
189711,Jeanine Issouf,,,,,,,Female,,,,,,,,,,,,,,,,
190294,Derlis Snchez,,,,,,,Male,,,,,,,,,,,,,,,,
190461,Ctia Azevedo,,,,,,,Female,,,,,,,,,,,,,,,,
190878,Ahmed Magour,,,,,,,Male,,,,,,,,,,,,,,,,
190980,Jos Baggio,,,,,,,Male,,,,,,,,,,,,,,,,
191030,Meraf Ogbagaber,,,,,,,Female,,,,,,,,,,,,,,,,
191215,Christopher Baker,,,,,,,Male,,,,,,,,,,,,,,,,
191463,Hugo Sousa,,,,,,,Male,,,,,,,,,,,,,,,,
191664,Bernardo Navas,,,,,,,Male,,,,,,,,,,,,,,,,
192091,Shawnacy Barber,,,,,,,Male,,,,,,,,,,,,,,,,
192333,Emre Barnes,,,,,,,Male,,,,,,,,,,,,,,,,
194083,Yekaterina (artyukh-),,,,,,,Female,,,,,,,,,,,,,,,,
194311,Dailn Torres,,,,,,,Female,,,,,,,,,,,,,,,,
196022,Yiech Biel,,,,,,,Male,,,,,,,,,,,,,,,,
197859,Artyom Bondarenko,,,,,,,Male,,,,,,,,,,,,,,,,
198226,Pavel Boreysha,,,,,,,Male,,,,,,,,,,,,,,,,
198298,Konstantin Borichevsky,,,,,,,Male,,,,,,,,,,,,,,,,
198851,Marcelle Bondo,,,,,,,Female,,,,,,,,,,,,,,,,
202640,Mara Galarza,,,,,,,Female,,,,,,,,,,,,,,,,
203018,Lus Cruz,,,,,,,Male,,,,,,,,,,,,,,,,
204175,Yennifer Hernndez,,,,,,,Male,,,,,,,,,,,,,,,,
204506,ngela Chirivechz,,,,,,,Female,,,,,,,,,,,,,,,,
204541,Lus Rivera,,,,,,,Male,,,,,,,,,,,,,,,,
205126,Adrin Muoz,,,,,,,Male,,,,,,,,,,,,,,,,
206227,Germn Ermcora,,,,,,,Male,,,,,,,,,,,,,,,,
206274,James Chiengjiek,,,,,,,Male,,,,,,,,,,,,,,,,
206467,Cristian Len,,,,,,,Male,,,,,,,,,,,,,,,,
206882,Andrey Churilo,,,,,,,Male,,,,,,,,,,,,,,,,
207126,Elena Crlan,,,,,,,Female,,,,,,,,,,,,,,,,
211896,lvaro Lpez,,,,,,,Male,,,,,,,,,,,,,,,,
212975,Mayobanex Leo,,,,,,,Male,,,,,,,,,,,,,,,,
212994,Joo Oliveira,,,,,,,Male,,,,,,,,,,,,,,,,
214193,Cynthia (-soukup),,,,,,,Female,,,,,,,,,,,,,,,,
215172,Jos Velzquez,,,,,,,Male,,,,,,,,,,,,,,,,
216197,Marina Domantsevich,,,,,,,Female,,,,,,,,,,,,,,,,
216646,Mrio Jnior,,,,,,,Male,,,,,,,,,,,,,,,,
217341,Alyona (grishko-),,,,,,,Female,,,,,,,,,,,,,,,,
218837,Mara Prez,,,,,,,Female,,,,,,,,,,,,,,,,
219801,Manuel Owo,,,,,,,Male,,,,,,,,,,,,,,,,
220302,Jess Cobo,,,,,,,Male,,,,,,,,,,,,,,,,
221822,Ana Flix,,,,,,,Female,,,,,,,,,,,,,,,,
226977,Tigest Belay,,,,,,,Female,,,,,,,,,,,,,,,,
229303,Iaki Goroztieta,,,,,,,Male,,,,,,,,,,,,,,,,
229728,Mara Romero,,,,,,,Female,,,,,,,,,,,,,,,,
234558,Karl Hrstedt,,,,,,,Male,,,,,,,,,,,,,,,,
236581,Jos Vargas,,,,,,,Male,,,,,,,,,,,,,,,,
242667,Michelle Jenneke,,,,,,,Female,,,,,,,,,,,,,,,,
244355,Ana Tima,,,,,,,Female,,,,,,,,,,,,,,,,
245893,Philip Karlstrm,,,,,,,Male,,,,,,,,,,,,,,,,
246374,Ali (mukche-),,,,,,,Male,,,,,,,,,,,,,,,,
247599,Tatyana Kholodovich,,,,,,,Female,,,,,,,,,,,,,,,,
250460,Sergey Kolomoyets,,,,,,,Male,,,,,,,,,,,,,,,,
250987,Leonard Korir,,,,,,,Male,,,,,,,,,,,,,,,,
254550,Narcisa Bentez,,,,,,,Female,,,,,,,,,,,,,,,,
256510,Elizabeth Lee,,,,,,,Female,,,,,,,,,,,,,,,,
256997,Romrio Leito,,,,,,,Male,,,,,,,,,,,,,,,,
260027,Anjelina Lohalith,,,,,,,Female,,,,,,,,,,,,,,,,
260061,Rose Lokonyen,,,,,,,Female,,,,,,,,,,,,,,,,
260463,Lus Menjivar,,,,,,,Male,,,,,,,,,,,,,,,,
261092,Ricardo Souza,,,,,,,Male,,,,,,,,,,,,,,,,
261723,Aleksandr Lyakhovich,,,,,,,Male,,,,,,,,,,,,,,,,
262074,Ral Huamn,,,,,,,Male,,,,,,,,,,,,,,,,
263036,Meri Mkel,,,,,,,Female,,,,,,,,,,,,,,,,
263459,Anna (zinchuk-),,,,,,,Female,,,,,,,,,,,,,,,,
264896,lvaro Uriol,,,,,,,Male,,,,,,,,,,,,,,,,
265256,Lzaro Santrayu,,,,,,,Male,,,,,,,,,,,,,,,,
265446,Sebastin Roa,,,,,,,Male,,,,,,,,,,,,,,,,
266644,Olga Mazuryonok,,,,,,,Female,,,,,,,,,,,,,,,,
267955,Ben Mit,,,,,,,Male,,,,,,,,,,,,,,,,
268035,Santa Huiza,,,,,,,Female,,,,,,,,,,,,,,,,
268669,Brigitte Pjaro,,,,,,,Female,,,,,,,,,,,,,,,,
268777,Abdel Noureddine,,,,,,,Male,,,,,,,,,,,,,,,,
271369,Jos Arevalo,,,,,,,Male,,,,,,,,,,,,,,,,
272397,Santtu Mr,,,,,,,Male,,,,,,,,,,,,,,,,
272897,Pol Betriu,,,,,,,Male,,,,,,,,,,,,,,,,
274212,Dmitry Nabokov,,,,,,,Male,,,,,,,,,,,,,,,,
275460,Neo Shi,,,,,,,Female,,,,,,,,,,,,,,,,
275945,Nguyn Ngng,,,,,,,Male,,,,,,,,,,,,,,,,
275958,Nguyn Huyn,,,,,,,Female,,,,,,,,,,,,,,,,
278573,Jos Blas,,,,,,,Male,,,,,,,,,,,,,,,,
278963,rika Fuente,,,,,,,Female,,,,,,,,,,,,,,,,
279855,Lus Milln,,,,,,,Male,,,,,,,,,,,,,,,,
280712,lham Zbilen,,,,,,,Male,,,,,,,,,,,,,,,,
280824,Ral Mendoza,,,,,,,Male,,,,,,,,,,,,,,,,
282208,Veli-Matti Partanen,,,,,,,Male,,,,,,,,,,,,,,,,
282682,Joanne (davis-),,,,,,,Female,,,,,,,,,,,,,,,,
283430,Jos Trejo,,,,,,,Male,,,,,,,,,,,,,,,,
284942,Angela (smit-),,,,,,,Female,,,,,,,,,,,,,,,,
286328,Dmitry Plotnitsky,,,,,,,Male,,,,,,,,,,,,,,,,
287061,Yekatarina Poplavskaya,,,,,,,Female,,,,,,,,,,,,,,,,
288250,Vladislav Pryamov,,,,,,,Male,,,,,,,,,,,,,,,,
288298,Jiina (-svobodov-),,,,,,,Female,,,,,,,,,,,,,,,,
292218,Evelin Blanquet,,,,,,,Female,,,,,,,,,,,,,,,,
292957,Dborah Guelmo,,,,,,,Female,,,,,,,,,,,,,,,,
293360,Stepan Rogovtsov,,,,,,,Male,,,,,,,,,,,,,,,,
294956,Andrs Malaver,,,,,,,Male,,,,,,,,,,,,,,,,
294960,Csar Speck,,,,,,,Male,,,,,,,,,,,,,,,,
296878,Mara Magaa,,,,,,,Female,,,,,,,,,,,,,,,,
297332,Yusneysi Caballero,,,,,,,Female,,,,,,,,,,,,,,,,
297451,Jaime Pai,,,,,,,Male,,,,,,,,,,,,,,,,
304380,Yelena (novogrodskaya-),,,,,,,Female,,,,,,,,,,,,,,,,
305042,Manuel Ruz,,,,,,,Male,,,,,,,,,,,,,,,,
310025,Jlia Nyerges,,,,,,,Female,,,,,,,,,,,,,,,,
311312,ngela Micolta,,,,,,,Female,,,,,,,,,,,,,,,,
311902,Nafissatou Thiam,,,,,,,Female,,,,,,,,,,,,,,,,
313561,Pau Ricart,,,,,,,Male,,,,,,,,,,,,,,,,
318860,Irina Vaskovskaya,,,,,,,Female,,,,,,,,,,,,,,,,
321428,Nataliya Vyatkina,,,,,,,Female,,,,,,,,,,,,,,,,
326306,Irina (-zhuk),,,,,,,Female,,,,,,,,,,,,,,,,
326702,Jin Yap,,,,,,,Male,,,,,,,,,,,,,,,,
327058,"Yiu ""christy""",,,,,,,Female,,,,,,,,,,,,,,,,
328967,Zachery Ziemek,,,,,,,Male,,,,,,,,,,,,,,,,
