id_participacion,id_atleta,id_edicion,id_evento,id_noc,id_pais_nacionalidad,equipo,nombre_competencia,edad,altura_cm_registrada,peso_kg_registrado,posicion,empatado,estado_resultado,medalla
233819,107140,54,96,87,,,José Amado García,,,,117,0,,
264270,121191,54,1021,87,,Guatemala,Érick Barrondo,25,178,60,50,0,,
264413,121269,54,1022,87,,,Jaime Quiyuch,,,,,0,DQ,
264420,121272,54,936,87,,,Mirna Ortiz,,,,30,0,,
264424,121274,54,936,87,,,Mayra Herrera,,,,,0,DQ,
278825,127976,54,936,87,,,Maritza Poncio,,,,52,0,,
284995,131504,54,96,87,,,Carlos Trujillo,,,,67,0,,
284996,131505,54,1021,87,,,José María Raymundo,,,,56,0,,
284997,131506,54,1022,87,,Guatemala,Mario Alfonso Bran,26,168,64,41,0,,
498422,127976,54,2324,87,,Guatemala,,21,158,41,,,,
550851,131504,54,2041,87,,Guatemala,,31,175,58,,,,
138492,65848,54,1029,42,,,Érika Olivera,,,,105,0,,
140240,66702,54,1022,67,,,Jesús Ángel García,,,,20,0,,
152735,72514,54,1029,118,,,Jeļena Prokopčuka,,,,12,0,,
158001,75011,54,43,186,,Saint Kitts and Nevis,Kim Collins,40,180,77,6,0,,
158002,75011,54,400,186,,Saint Kitts and Nevis,Kim Collins,,,,7,0,,
176472,82645,54,340,17,,The Bahamas,Christine Amertil,,,,6,0,,
176481,82646,54,44,17,,,Chris Brown,,,,4,0,,
176482,82646,54,476,17,,The Bahamas,Chris Brown,,,,3,0,,Bronze
176512,82661,54,1029,21,,,Veerle Dejaeghere,,,,47,0,,
176559,82687,54,395,27,,,Ivan Tsikhan,,,,2,0,,Silver
176635,82727,54,1028,20,,,Diane Nukuri-Johnson,,,,13,0,,
176780,82808,54,1024,53,,,Blanka Vlašić,,,,3,0,,Bronze
176801,82814,54,393,67,,,Frank Casañas,,,,25,0,,
185241,86105,54,1029,65,,,Nebiat Habtemariam,,,,80,0,,
185294,86132,54,927,67,,,Concepción Montaner,,,,24,0,,
185428,86209,54,1026,73,,,Mélina Robert-Michon,,,,2,0,,Silver
185514,86249,54,1028,78,,,Jo Pavey,,,,15,0,,
185642,86323,54,393,94,,,Zoltán Kővágó,,,,7,0,,
185714,86364,54,1022,99,,Ireland,Robbie Heffernan,38,171,58,6,0,,
185780,86405,54,50,104,,,Fabrizio Donato,,,,17,0,,
185831,86428,54,1014,106,,,Veronica Campbell-Brown,,,,3,0,,
185832,86428,54,928,106,,Jamaica,Veronica Campbell-Brown,,,,2,0,,Silver
188418,87464,54,1033,110,,,Vivian Cheruiyot,,,,1,0,,Gold
188419,87464,54,1028,110,,,Vivian Cheruiyot,,,,2,0,,Silver
188434,87473,54,1020,223,,,Bernard Lagat,,,,5,0,,
188636,87592,54,383,133,,,Ion Emilianov,,,,32,0,,
190326,88436,54,96,223,,,Meb Keflezighi,,,,33,0,,
190431,88496,54,1029,192,,,Olivera Jevtić,,,,,0,DNF,
220747,100872,54,1029,120,,,Chirine Njeim,,,,109,0,,
224955,102867,54,383,167,,,Tomasz Majewski,,,,6,0,,
224962,102870,54,1030,212,,,Cleopatra Borel,,,,7,0,,
224986,102883,54,1030,157,,,Valerie Adams,,,,2,0,,Silver
226872,103917,54,1014,103,,,LaVerne Jones,,,,6,0,,
226895,103925,54,1025,34,,,Ivet Lalova-Collio,,,,3,0,,
226896,103925,54,1014,34,,,Ivet Lalova-Collio,,,,8,0,,
226922,103935,54,1026,219,,,Nataliya Semenova,,,,15,0,,
226936,103941,54,1026,96,,,Seema Antil,,,,20,0,,
226949,103947,54,1026,192,,,Dragana Tomašević,,,,19,0,,
226983,103968,54,1015,199,,,Lucia Hrivnák Klocová,,,,4,0,,
226998,103976,54,1028,69,,,Tirunesh Dibaba,,,,3,0,,Bronze
227020,103987,54,1029,5,,,Souad Aït Salem,,,,,0,DNF,
227046,103999,54,1029,223,,,Shalane Flanagan,,,,6,0,,
227054,104003,54,1029,94,,,Krisztina Papp,,,,65,0,,
227060,104006,54,1029,162,,,Inés Melchor,,,,,0,DNF,
227131,104039,54,340,106,,Jamaica,Novlene Williams-Mills,,,,2,0,,Silver
227160,104047,54,339,78,,,Christine Ohuruogu,,,,4,0,,
227161,104047,54,340,78,,Great Britain,Christine Ohuruogu,,,,3,0,,Bronze
227169,104049,54,339,31,,,Geisa Coutinho,,,,4,0,,
227170,104049,54,340,31,,Brazil,Geisa Coutinho,,,,7,0,,
227195,104065,54,496,73,,,Vanessa Boslak,,,,28,0,,
227633,104278,54,339,223,,,Allyson Felix,,,,2,0,,Silver
227634,104278,54,928,223,,United States,Allyson Felix,,,,1,0,,Gold
227635,104278,54,340,223,,United States,Allyson Felix,,,,1,0,,Gold
227660,104292,54,1027,38,,,Angela Whyte,,,,6,0,,
227666,104296,54,1027,200,,,Susanna Kallur,,,,5,0,,
227671,104298,54,1027,31,,,Maíla Machado,,,,5,0,,
227691,104306,54,1027,82,,,Reïna-Flor Okori,,,,,0,DNS,
227722,104325,54,1032,10,,,Jenny Dahlgren,,,,27,0,,
227731,104329,54,1032,43,,,Zhang Wenxiu,,,,2,0,,Silver
227735,104330,54,1032,83,,,Betty Heidler,,,,4,0,,
227766,104348,54,936,104,,,Elisa Rigaudo,,,,11,0,,
227781,104356,54,936,168,,,Inês Henriques,,,,12,0,,
227789,104363,54,1029,175,,,Daniela Cîrlan,,,,,0,DNF,
227878,104426,54,1029,136,,,Luvsanlkhündeviin Otgonbayar,,,,85,0,,
227886,104429,54,1029,167,,,Monika Stefanowicz,,,,23,0,,
227909,104445,54,43,223,,United States,Justin Gatlin,34,186,80,2,0,,Silver
227910,104445,54,467,223,,,Justin Gatlin,,,,3,0,,
227911,104445,54,400,223,,United States,Justin Gatlin,,,,2,0,,
227937,104455,54,467,155,,,Jaysuma Saidy Ndure,,,,7,1,,
227958,104464,54,400,106,,Jamaica,Asafa Powell,,,,1,0,,Gold
227970,104468,54,43,150,,Netherlands,Churandy Martina,32,180,76,5,0,,
227971,104468,54,467,150,,,Churandy Martina,,,,5,0,,
227984,104473,54,43,8,,Antigua and Barbuda,Daniel Bailey,29,179,68,3,0,,
228003,104480,54,43,76,,Gabon,Wilfried Bingangoye,31,172,80,5,0,,
228035,104492,54,43,106,,Jamaica,Usain Bolt,29,196,95,1,0,,Gold
228036,104492,54,467,106,,,Usain Bolt,,,,1,0,,Gold
228037,104492,54,400,106,,Jamaica,Usain Bolt,,,,1,0,,Gold
228084,104510,54,1021,168,,,João Vieira,,,,31,0,,
228085,104510,54,1022,168,,,João Vieira,,,,,0,DNF,
228091,104513,54,1021,31,,,José Alessandro Bagio,,,,,0,DNF,
228097,104514,54,1022,108,,Japan,Takayuki Tanii,33,167,57,14,0,,
228104,104516,54,1022,62,,,Rolando Saquipay,,,,34,0,,
228113,104520,54,1022,27,,,Ivan Trotski,,,,,0,DNF,
228117,104521,54,1021,48,,,Luis Fernando López,,,,29,0,,
228121,104523,54,1022,223,,United States,John Nunn,38,188,78,43,0,,
228126,104525,54,1022,199,,,Matej Tóth,,,,1,0,,Gold
228135,104530,54,1022,192,,,Predrag Filipović,,,,49,0,,
228138,104531,54,1022,43,,China,Han Yucheng,37,178,55,47,0,,
228143,104532,54,1022,113,,South Korea,Park Chil-Seong,34,173,67,,0,DQ,
228155,104535,54,395,214,,,Eşref Apak,,,,24,1,,
228164,104538,54,395,207,,,Dilshod Nazarov,,,,1,0,,Gold
228168,104539,54,395,94,,,Krisztián Pars,,,,7,0,,
228178,104544,54,395,72,,,David Söderberg,,,,8,0,,
228194,104552,54,50,17,,,Leevan Sands,,,,18,0,,
228203,104557,54,50,109,,,Roman Valiyev,,,,1,0,,
228208,104559,54,50,175,,,Marian Oprea,,,,1,0,,
228230,104569,54,50,176,,,Khotso Mokoena,,,,21,0,,
228236,104572,54,50,133,,,Vladimir Letnicov,,,,38,0,,
228242,104576,54,50,168,,,Nelson Évora,,,,6,0,,
228258,104585,54,95,157,,,Nick Willis,,,,3,0,,Bronze
228289,104605,54,47,56,,,Kyriakos Ioannou,,,,7,1,,
228305,104617,54,47,57,,,Jaroslav Bába,,,,14,0,,
228335,104634,54,1013,222,,,Andrés Silva,,,,6,0,,
228407,104670,54,1023,65,,,Zersenay Tadese,,,,8,0,,
228416,104674,54,96,203,,,Fabiano Naasi,,,,111,0,,
228438,104688,54,393,68,,,Gerd Kanter,,,,5,0,,
228453,104695,54,393,96,,,Vikas Gowda,,,,28,0,,
228463,104701,54,393,67,,,Lois Maikel Martínez,,,,27,0,,
228472,104704,54,1019,110,,,Ezekiel Kemboi,,,,2,0,,
228486,104711,54,1019,110,,,Brimin Kipruto,,,,6,0,,
228559,104762,54,1013,143,,,Kurt Couto,,,,6,0,,
229708,105429,54,1017,83,,,Christina Obergföll,,,,8,0,,
229715,105432,54,1017,57,,,Barbora Špotáková,,,,3,0,,Bronze
229747,105450,54,1017,176,,,Sunette Viljoen,,,,2,0,,Silver
229814,105488,54,1035,57,,,Denisa Rosolová,,,,8,0,,
229825,105496,54,927,31,,,Keila Costa,,,,38,0,,
229826,105496,54,153,31,,,Keila Costa,,,,24,0,,
229835,105503,54,48,108,,,Daichi Sawano,,,,7,1,,
229887,105533,54,96,110,,,Eliud Kipchoge,,,,1,0,,Gold
229902,105542,54,96,67,,,Carles Castillejo,,,,49,0,,
229983,105591,54,96,62,,,Byron Piedra,,,,18,0,,
230876,106001,54,398,72,,,Tero Pitkämäki,,,,21,0,,
230889,106007,54,398,157,,,Stuart Farquhar,,,,29,0,,
230900,106012,54,1024,67,,,Ruth Beitía,,,,1,0,,Gold
230907,106016,54,1024,223,,,Chaunté Lowe,,,,4,0,,
230928,106026,54,153,48,,,Caterine Ibargüen,,,,1,0,,Gold
230981,106053,54,1025,212,,,Kelly-Ann Baptiste,,,,3,0,,
230982,106053,54,928,212,,Trinidad and Tobago,Kelly-Ann Baptiste,,,,5,0,,
232384,106305,54,1022,31,,,Mário José dos Santos Júnior,,,,,0,DNF,
233019,106651,54,1029,108,,,Kayoko Fukushi,,,,14,0,,
233847,107160,54,96,136,,,Bat-Ochiryn Ser-Od,,,,91,0,,
233862,107170,54,96,193,,,Anuradha Cooray,,,,34,0,,
235762,108382,54,49,73,,,Kafétien Gomis,,,,8,0,,
238969,109230,54,1029,57,,,Eva Vrabcová,,,,26,0,,
246216,113081,54,1018,94,,,Györgyi Zsivóczky-Farkas,,,,8,0,,
246224,113085,54,927,224,,,Yuliya Tarasova,,,,29,0,,
246232,113090,54,1018,83,,,Jennifer Oeser,,,,9,0,,
246240,113094,54,1018,73,,,Antoinette Nana Djimou,,,,11,0,,
246250,113099,54,1018,219,,,Hanna Kasianova,,,,25,0,,
246272,113113,54,1015,106,,,Kenia Sinclair,,,,7,0,,
246291,113125,54,1015,126,,,Eglė Balčiūnaitė,,,,6,0,,
246299,113130,54,1026,14,,,Dani Samuels,,,,4,0,,
246313,113137,54,1026,126,,,Zinaida Sendriūtė,,,,10,0,,
246318,113140,54,1026,10,,,Bárbara Comba,,,,27,0,,
246321,113141,54,1026,167,,,Żaneta Glanc,,,,17,0,,
246326,113143,54,1083,213,,,Habiba Ghribi,,,,12,0,,
246333,113147,54,1029,99,,,Fionnuala McCormack,,,,20,0,,
246339,113150,54,1083,14,,,Victoria Mitchell,,,,10,0,,
246350,113157,54,1016,223,,,Jenny Simpson,,,,3,0,,Bronze
246354,113158,54,1029,168,,,Jéssica Augusto,,,,,0,DNF,
246357,113159,54,1083,175,,,Ancuța Bobocel,,,,13,0,,
246360,113160,54,1083,69,,,Sofia Assefa,,,,5,0,,
246383,113177,54,1029,168,,,Sara Moreira,,,,,0,DNF,
246387,113178,54,1029,167,,,Katarzyna Kowalska,,,,,0,DNF,
246402,113185,54,153,109,,,Olga Rypakova,,,,3,0,,Bronze
246414,113193,54,153,219,,,Olha Saladukha,,,,18,0,,
246425,113200,54,153,109,,,Irina Ektova,,,,33,0,,
246429,113201,54,153,199,,,Dana Velďáková,,,,17,0,,
246459,113223,54,383,25,,,Hamza Alić,,,,26,0,,
246470,113228,54,383,10,,,Germán Lauro,,,,19,0,,
246473,113229,54,383,192,,,Asmir Kolašinac,,,,15,0,,
246482,113233,54,383,34,,,Georgi Ivanov,,,,25,0,,
246501,113244,54,43,198,,Suriname,Jurgen Themen,30,172,75,8,0,,
246518,113251,54,43,212,,Trinidad and Tobago,Richard Thompson,31,188,80,6,0,,
246519,113251,54,400,212,,Trinidad and Tobago,Richard Thompson,,,,2,0,,
246529,113257,54,43,79,,Guinea Bissau,Holder da Silva,28,182,80,4,0,,
246535,113259,54,400,223,,United States,Tyson Gay,,,,2,0,,
246580,113284,54,467,93,,,Rolando Palacios,,,,7,0,,
246592,113292,54,395,219,,,Yevhen Vynohradov,,,,11,0,,
246603,113298,54,395,57,,,Lukáš Melich,,,,15,0,,
246606,113300,54,395,104,,,Marco Lingua,,,,1,0,,
246611,113303,54,395,208,,,Amanmyrat Hommadow,,,,30,0,,
246619,113308,54,1019,38,,,Taylor Milne,,,,9,0,,
246622,113309,54,95,110,,,Asbel Kiprop,,,,6,0,,
246625,113310,54,95,38,,,Nate Brannen,,,,10,0,,
246642,113321,54,95,130,,,Abdalaati Iguider,,,,5,0,,
246650,113325,54,96,68,,,Tiidrek Nurme,,,,63,0,,
246666,113336,54,45,14,,,Jeff Riseley,,,,4,0,,
246671,113339,54,1013,31,,,Mahau Suguimati,,,,8,0,,
246682,113345,54,1013,176,,,L. J. van Zyl,,,,5,0,,
246685,113346,54,1013,170,,,Javier Culson,,,,3,0,,
246691,113349,54,1013,223,,,Kerron Clement,,,,1,0,,Gold
246699,113352,54,1022,14,,Australia,Jared Tallent,31,178,58,2,0,,Silver
246708,113357,54,1022,108,,Japan,Koichiro Morioka,31,185,69,27,0,,
246714,113359,54,1021,155,,Norway,Erik Tysse,35,190,70,48,0,,
246717,113360,54,1021,113,,South Korea,Kim Hyeon-Seop,31,175,53,17,0,,
246718,113360,54,1022,113,,South Korea,Kim Hyeon-Seop,31,175,53,,0,DNF,
246722,113362,54,1021,27,,,Dzianis Simanovich,,,,,0,DNF,
246725,113363,54,1022,167,,,Rafał Augustyn,,,,22,0,,
246730,113365,54,1022,48,,,James Rendón,,,,,0,DQ,
246733,113366,54,1021,213,,Tunisia,Hassanine Sbai,32,176,60,36,0,,
246736,113367,54,1021,126,,,Marius Žiūkas,,,,26,0,,
246742,113370,54,1021,62,,,Andrés Chocho,,,,,0,DQ,
246743,113370,54,1022,62,,,Andrés Chocho,,,,,0,DQ,
246748,113372,54,1021,10,,Argentina,Juan Manuel Cano,28,168,60,51,0,,
246751,113374,54,1021,168,,,Sérgio Vieira,,,,53,0,,
246753,113375,54,1021,167,,Poland,Jakub Jelonek,31,185,67,19,0,,
246758,113378,54,1022,14,,Australia,Chris Erickson,34,175,60,10,0,,
246775,113390,54,1019,73,,,Mahiedine Mekhissi-Benabbad,,,,3,0,,Bronze
246788,113398,54,1019,218,,,Benjamin Kiplagat,,,,6,0,,
246792,113400,54,1019,130,,,Hamid Ezzine,,,,2,0,,
246800,113405,54,1019,214,,,Halil Akkaş,,,,7,0,,
246804,113407,54,393,167,,,Piotr Małachowski,,,,2,0,,Silver
246810,113409,54,393,83,,,Robert Harting,,,,15,0,,
246814,113412,54,393,219,,,Oleksiy Semenov,,,,32,0,,
246817,113413,54,393,55,,,Jorge Fernández,,,,22,0,,
246821,113415,54,393,14,,,Benn Harradine,,,,20,0,,
246824,113416,54,393,115,,,Sultan Mubarak Al-Dawoodi,,,,33,0,,
246829,113418,54,393,98,,,Ehsan Haddadi,,,,24,0,,
246853,113432,54,1025,105,,,Tahesia Harrigan-Scott,,,,6,0,,
246875,113444,54,1025,212,,,Semoy Hackett,,,,5,0,,
246876,113444,54,1014,212,,,Semoy Hackett,,,,6,0,,
246877,113444,54,928,212,,Trinidad and Tobago,Semoy Hackett,,,,5,0,,
246886,113448,54,1014,108,,,Chisato Fukushima,,,,5,0,,
246893,113450,54,1025,106,,,Shelly-Ann Fraser-Pryce,,,,3,0,,Bronze
246894,113450,54,928,106,,Jamaica,Shelly-Ann Fraser-Pryce,,,,2,0,,Silver
246900,113451,54,1025,76,,,Ruddy Zang-Milama,,,,7,0,,
246934,113470,54,1025,219,,,Nataliya Pohrebniak,,,,7,0,,
246935,113470,54,1014,219,,,Nataliya Pohrebniak,,,,5,0,,
246936,113470,54,928,219,,Ukraine,Nataliya Pohrebniak,,,,,0,,
246951,113476,54,1025,155,,,Ezinne Okparaebo,,,,4,0,,
246960,113483,54,1030,83,,,Christina Schwanitz,,,,6,0,,
246973,113490,54,1030,42,,,Natalia Ducó,,,,10,0,,
246976,113491,54,1030,43,,,Gong Lijiao,,,,4,0,,
246981,113493,54,1030,223,,,Michelle Carter,,,,1,0,,Gold
246993,113502,54,496,55,,,Yarisley Silva,,,,7,1,,
246999,113504,54,496,43,,,Li Ling,,,,16,0,,
247005,113507,54,496,223,,,Jenn Suhr,,,,7,1,,
247008,113508,54,496,31,,,Fabiana Mürer,,,,1,0,,
247014,113511,54,496,14,,,Alana Boyd,,,,4,0,,
247019,113514,54,496,197,,,Nicole Büchler,,,,6,0,,
247023,113516,54,496,85,,,Nikol Kyriakopoulou,,,,,0,DNS,
247037,113520,54,339,104,,,Libania Grenot,,,,7,0,,
247038,113520,54,340,104,,Italy,Libania Grenot,,,,5,0,,
247040,113521,54,339,38,,,Carline Muir,,,,5,0,,
247041,113521,54,340,38,,Canada,Carline Muir,,,,4,0,,
247080,113540,54,339,228,,,Kineke Alexander,,,,7,0,,
247083,113542,54,339,176,,,Tsholofelo Thipe,,,,3,0,,
247102,113554,54,1029,169,,,Kim Kum-Ok,,,,49,0,,
247106,113556,54,1029,104,,,Anna Incerti,,,,,0,DNF,
247111,113560,54,1029,135,,,Madaí Pérez,,,,32,0,,
247113,113561,54,1029,73,,,Christelle Daunay,,,,,0,DNF,
247117,113563,54,1029,147,,,Beata Naigambo,,,,41,0,,
247126,113568,54,1029,14,,,Lisa Weightman,,,,31,0,,
247131,113570,54,1029,126,,,Rasa Drazdauskaitė,,,,37,0,,
247135,113572,54,1029,147,,,Helalia Johannes,,,,56,0,,
247139,113573,54,1029,25,,,Lucia Kimani,,,,116,0,,
247146,113578,54,1029,31,,,Marily dos Santos,,,,78,0,,
247152,113581,54,1029,67,,,Alessandra Aguilar,,,,,0,DNF,
247158,113585,54,1029,111,,,Yuliya Andreyeva,,,,59,0,,
247177,113599,54,1027,27,,,Katsiaryna Paplauskaya,,,,7,0,,
247204,113615,54,1027,109,,,Anastasiya Pilipenko,,,,8,0,,
247214,113622,54,1035,108,,,Satomi Kubokura,,,,5,0,,
247218,113624,54,1027,106,,,Nickiesha Wilson,,,,7,0,,
247231,113631,54,1035,57,,,Zuzana Hejnová,,,,4,0,,
247246,113642,54,47,17,,,Donald Thomas,,,,7,1,,
247250,113643,54,47,202,,,Majed Ghazal,,,,7,1,,
247258,113648,54,47,85,,,Kostas Baniotis,,,,34,0,,
247267,113654,54,47,38,,,Mike Mason,,,,18,1,,
247294,113670,54,1023,223,,,Galen Rupp,,,,5,0,,
247295,113670,54,96,223,,,Galen Rupp,,,,3,0,,Bronze
247322,113686,54,96,38,,,Eric Gillis,,,,10,0,,
247325,113687,54,96,168,,,Rui Pedro Silva,,,,122,0,,
247328,113688,54,96,236,,,Cuthbert Nyasango,,,,58,0,,
247335,113691,54,476,55,,Cuba,William Collazo,,,,6,0,,
247340,113692,54,44,21,,,Kévin Borlée,,,,5,0,,
247341,113692,54,476,21,,Belgium,Kévin Borlée,,,,4,0,,
247357,113699,54,467,52,,,Nery Brenes,,,,6,0,,
247358,113699,54,44,52,,,Nery Brenes,,,,6,0,,
247373,113707,54,44,108,,,Yuzo Kanemaru,,,,8,0,,
247377,113708,54,467,223,,,LaShawn Merritt,,,,6,0,,
247378,113708,54,44,223,,,LaShawn Merritt,,,,3,0,,Bronze
247379,113708,54,476,223,,United States,LaShawn Merritt,,,,1,0,,Gold
247385,113710,54,467,21,,,Jonathan Borlée,,,,5,0,,
247386,113710,54,44,21,,,Jonathan Borlée,,,,4,0,,
247387,113710,54,476,21,,Belgium,Jonathan Borlée,,,,4,0,,
247400,113715,54,476,17,,The Bahamas,Michael Mathieu,,,,3,0,,Bronze
247421,113727,54,49,113,,,Kim Deok-Hyeon,,,,14,0,,
247422,113727,54,50,113,,,Kim Deok-Hyeon,,,,27,0,,
247426,113729,54,50,27,,,Dzmitry Platnitski,,,,19,0,,
247439,113739,54,50,96,,,Renjith Maheshwary,,,,30,0,,
247443,113742,54,43,150,,Netherlands,Solomon Bayoh,29,171,72,5,1,,
247444,113742,54,467,150,,,Solomon Bayoh,,,,3,0,,
247445,113742,54,400,150,,Netherlands,Solomon Bayoh,,,,8,0,,
247462,113749,54,467,31,,,Bruno de Barros,,,,6,0,,
247463,113749,54,400,31,,Brazil,Bruno de Barros,,,,6,0,,
247470,113752,54,43,212,,,Rondel Sorrillo,,,,3,0,,
247471,113752,54,467,212,,,Rondel Sorrillo,,,,5,0,,
247472,113752,54,400,212,,Trinidad and Tobago,Rondel Sorrillo,,,,2,0,,
247477,113756,54,467,219,,,Ihor Bodrov,,,,7,0,,
247491,113764,54,467,214,,,Ramil Guliyev,,,,8,0,,
247492,113764,54,400,214,,Turkey,Ramil Guliyev,,,,4,0,,
247496,113765,54,43,17,,Bahamas,Jamial Rolle,36,174,70,8,0,,
247510,113772,54,43,43,,China,Zhang Peimeng,29,186,78,7,0,,
247511,113772,54,400,43,,People's Republic of China,Zhang Peimeng,,,,4,0,,
247523,113780,54,46,212,,,Mikel Thomas,,,,7,0,,
247527,113782,54,46,57,,,Petr Svoboda,,,,8,0,,
247530,113783,54,46,39,,,Ronald Forbes,,,,6,0,,
247547,113793,54,46,85,,,Kostas Douvalidis,,,,5,0,,
247556,113798,54,1032,199,,,Martina Hrašnová,,,,19,0,,
247560,113799,54,1032,167,,,Anita Włodarczyk,,,,1,0,,Gold
247570,113803,54,1032,219,,,Iryna Novozhylova,,,,22,0,,
247576,113807,54,1032,43,,,Wang Zheng,,,,2,0,,
247583,113810,54,1032,133,,,Zalina Marghieva,,,,5,0,,
247598,113818,54,1032,223,,,Amber Campbell,,,,6,0,,
247602,113820,54,1032,83,,,Kathrin Klaas,,,,18,0,,
247608,113824,54,1032,133,,,Marina Nicișenco,,,,24,0,,
247619,113831,54,1017,118,,,Sinta Ozoliņa-Kovala,,,,14,0,,
247631,113839,54,1017,188,,,Martinka Ratej,,,,18,0,,
247635,113841,54,1017,223,,,Kara Winger,,,,13,0,,
247657,113857,54,1017,101,,,Ásdís Hjálmsdóttir,,,,30,0,,
247670,113866,54,927,214,,,Karin Melis,,,,14,0,,
247674,113868,54,1083,27,,,Volha Sudarava,,,,10,0,,
247675,113868,54,927,27,,,Volha Sudarava,,,,26,0,,
247681,113872,54,927,199,,,Jana Velďáková,,,,15,0,,
247684,113873,54,927,223,,,Brittney Reese,,,,2,0,,Silver
247690,113874,54,1025,153,,,Blessing Okagbare,,,,3,0,,
247691,113874,54,1014,153,,,Blessing Okagbare,,,,5,0,,
247692,113874,54,928,153,,Nigeria,Blessing Okagbare,,,,7,0,,
247699,113878,54,927,68,,,Ksenija Balta,,,,6,0,,
247704,113880,54,927,192,,,Ivana Španović,,,,3,0,,Bronze
247709,113882,54,927,163,,,Marestella Torres,,,,28,0,,
247722,113887,54,1014,61,,,Mariely Sánchez,,,,7,0,,
247726,113889,54,1014,56,,,Eleni Artymata,,,,5,0,,
247729,113890,54,1014,188,,,Sabina Veit,,,,7,0,,
247740,113895,54,1014,17,,,Sheniqua Ferguson,,,,8,0,,
247766,113912,54,1016,195,,,Celma Bonfim,,,,14,0,,
247776,113919,54,1016,130,,,Siham Hilali,,,,9,0,,
247780,113921,54,1033,78,,,Stephanie Twell,,,,8,0,,
247791,113927,54,1028,69,,,Gelete Burka,,,,8,0,,
247799,113932,54,1016,223,,,Shannon Rowbury,,,,4,0,,
247810,113939,54,1014,21,,,Olivia Borlée,,,,7,0,,
247818,113943,54,1025,31,,,Rosângela Santos,,,,5,0,,
247819,113943,54,928,31,,Brazil,Rosângela Santos,,,,2,0,,
247823,113944,54,928,153,,Nigeria,Agnes Osazuwa,,,,7,0,,
247865,113975,54,339,223,,,Natasha Hastings,,,,4,0,,
247866,113975,54,340,223,,United States,Natasha Hastings,,,,1,0,,Gold
247874,113980,54,1035,73,,,Phara Anacharsis,,,,5,0,,
247875,113980,54,340,73,,France,Phara Anacharsis,,,,4,0,,
247899,114000,54,45,199,,,Jozef Repčík,,,,6,0,,
247903,114002,54,45,78,,,Michael Rimmer,,,,8,0,,
247923,114016,54,95,57,,,Jakub Holuša,,,,9,0,,
247927,114018,54,45,31,,,Kléberson Davide,,,,6,0,,
247938,114025,54,45,167,,,Marcin Lewandowski,,,,6,0,,
247964,114040,54,96,67,,,Jesús España,,,,65,0,,
247969,114042,54,1020,78,,,Mo Farah,,,,1,0,,Gold
247970,114042,54,1023,78,,,Mo Farah,,,,1,0,,Gold
247982,114050,54,1020,115,,,Moukheld Al-Outaibi,,,,,0,DQ,
247989,114055,54,157,224,,,Leonid Andreyev,,,,,0,DNF,
247992,114056,54,48,83,,,Raphael Holzdeppe,,,,26,0,,
247995,114057,54,48,57,,,Jan Kudlička,,,,4,1,,
248004,114062,54,48,10,,,Germán Chiaraviglio,,,,11,0,,
248021,114071,54,157,55,,,Leonel Suárez,,,,6,0,,
248028,114076,54,157,55,,,Yordanis García,,,,18,0,,
248039,114083,54,157,219,,,Oleksiy Kasianov,,,,,0,DNF,
248044,114086,54,157,83,,,Arthur Abele,,,,15,0,,
248072,114107,54,398,224,,,Babur Shakirdzhanov,,,,1,0,,
248079,114111,54,398,57,,,Vítězslav Veselý,,,,7,0,,
248098,114124,54,1022,135,,Mexico,Horacio Nava,34,181,65,13,0,,
248102,114125,54,1022,167,,,Rafał Fedaczyński,,,,24,0,,
248107,114127,54,1022,72,,Finland,Jarkko Kinnunen,32,188,69,23,0,,
248116,114131,54,1022,104,,Italy,Marco De Luca,35,188,70,21,0,,
248123,114134,54,1022,219,,Ukraine,Serhiy Budza,31,180,75,18,0,,
248127,114136,54,1022,192,,,Nenad Filipović,,,,46,0,,
248130,114137,54,1022,126,,,Tadas Šuškevičius,,,,33,0,,
248141,114146,54,1021,167,,Poland,Artur Brzozowski,31,174,67,47,0,,
248147,114149,54,1022,73,,France,Yohann Diniz,38,185,66,8,0,,
248168,114162,54,96,104,,,Ruggero Pertile,,,,38,0,,
248184,114174,54,96,167,,,Henryk Szost,,,,,0,DNF,
248214,114199,54,96,31,,,Marílson dos Santos,,,,59,0,,
248221,114204,54,96,219,,,Oleksandr Sitkovskyi,,,,20,0,,
248228,114207,54,43,212,,Trinidad and Tobago,Keston Bledman,28,180,88,5,0,,
248229,114207,54,400,212,,Trinidad and Tobago,Keston Bledman,,,,2,0,,
248273,114240,54,476,73,,France,Teddy Atine-Venel,,,,5,0,,
248284,114246,54,44,78,,,Martyn Rooney,,,,5,0,,
248285,114246,54,476,78,,Great Britain,Martyn Rooney,,,,2,0,,
248304,114260,54,400,212,,Trinidad and Tobago,Emmanuel Callender,,,,2,0,,
251101,115555,54,49,14,,,Fabrice Lapierre,,,,10,0,,
251104,115556,54,49,23,,,Tyrone Smith,,,,16,0,,
251120,115569,54,49,78,,,Greg Rutherford,,,,3,0,,Bronze
251142,115584,54,1024,153,,,Doreen Amata,,,,27,0,,
251145,115585,54,1024,224,,,Svetlana Radzivil,,,,13,1,,
251165,115596,54,1024,224,,,Nadiya Dusanova,,,,20,0,,
251168,115597,54,1024,122,,,Levern Spencer,,,,6,0,,
251174,115599,54,936,43,,,Liu Hong,,,,1,0,,Gold
251178,115600,54,936,67,,,Beatriz Pascual,,,,8,0,,
251181,115601,54,936,168,,,Ana Cabecinha,,,,6,0,,
251200,115613,54,936,219,,,Nadiya Borovska,,,,19,0,,
258778,118350,54,1020,20,,,Olivier Irabaruta,,,,17,0,,
258779,118350,54,1023,20,,,Olivier Irabaruta,,,,27,0,,
258795,118356,54,96,62,,,Miguel Almachi,,,,84,0,,
258798,118357,54,1021,67,,,Álvaro Martín,,,,22,0,,
258821,118370,54,1021,48,,,Éider Arévalo,,,,15,0,,
258837,118382,54,1025,168,,,Lorène Bazolo,,,,4,0,,
258838,118382,54,1014,168,,,Lorène Bazolo,,,,4,0,,
258875,118410,54,1017,48,,,Flor Ruiz,,,,9,0,,
258908,118437,54,1035,202,,,Ghfran Mouhamad,,,,8,0,,
258922,118444,54,1015,20,,,Francine Niyonsaba,,,,2,0,,Silver
258933,118448,54,1083,214,,,Özlem Kaya,,,,9,0,,
258942,118451,54,1018,15,,,Ivona Dadic,,,,21,0,,
258952,118458,54,45,170,,,Wesley Vázquez,,,,5,0,,
258957,118460,54,1013,211,,,Chen Chieh,,,,7,0,,
258977,118475,54,467,78,,,Adam Gemili,,,,4,0,,
258978,118475,54,400,78,,Great Britain,Adam Gemili,,,,5,0,,
258984,118478,54,1020,38,,,Moh Ahmed,,,,4,0,,
258985,118478,54,1023,38,,,Moh Ahmed,,,,32,0,,
258989,118479,54,1015,38,,,Melissa Bishop-Nriagu,,,,4,0,,
259005,118489,54,157,108,,,Akihiko Nakamura,,,,22,0,,
259008,118491,54,48,108,,,Seito Yamamoto,,,,1,0,,
259014,118493,54,43,43,,China,Xie Zhenye,22,184,78,7,0,,
259015,118493,54,400,43,,People's Republic of China,Xie Zhenye,,,,4,0,,
259024,118498,54,339,167,,,Justyna Święty,,,,5,0,,
259025,118498,54,340,167,,Poland,Justyna Święty,,,,6,0,,
259040,118509,54,43,83,,Germany,Lucas Jakubczyk,31,183,77,5,0,,
259041,118509,54,400,83,,Germany,Lucas Jakubczyk,,,,6,0,,
259059,118522,54,1014,85,,,Maria Belimpasaki,,,,4,0,,
259064,118526,54,1029,115,,,Sarah Attar,,,,132,0,,
259116,118565,54,49,98,,,Mohammad Arzandeh,,,,29,0,,
259690,118839,54,1083,72,,,Sandra Eriksson,,,,15,0,,
259695,118842,54,398,72,,,Ari Mannio,,,,27,0,,
259697,118843,54,496,72,,,Minna Nikkanen,,,,13,0,,
259699,118844,54,398,72,,,Antti Ruuskanen,,,,6,0,,
259702,118846,54,1017,72,,,Sanni Utriainen,,,,31,0,,
259819,118892,54,496,200,,,Angelica Bengtsson,,,,14,1,,
259825,118895,54,49,200,,,Michel Tornéus,,,,26,0,,
259851,118902,54,43,186,,Saint Kitts and Nevis,BJ Lawrence,26,180,93,8,0,,
259926,118948,54,43,106,,Jamaica,Yohan Blake,26,180,80,4,0,,
259927,118948,54,467,106,,,Yohan Blake,,,,6,0,,
259928,118948,54,400,106,,Jamaica,Yohan Blake,,,,1,0,,Gold
259932,118949,54,49,106,,,Damar Forbes,,,,12,0,,
259937,118953,54,44,86,,,Kirani James,,,,2,0,,Silver
259944,118957,54,46,106,,,Andrew Riley,,,,4,0,,
259950,118962,54,153,106,,,Kimmie Williams,,,,7,0,,
260070,119033,54,43,108,,Japan,Ryota Yamagata,24,177,70,5,0,,
260071,119033,54,400,108,,Japan,Ryota Yamagata,,,,2,0,,Silver
260076,119034,54,467,108,,,Shota Iizuka,,,,4,0,,
260077,119034,54,400,108,,Japan,Shota Iizuka,,,,2,0,,Silver
260083,119036,54,46,120,,,Ahmad Hazer,,,,7,0,,
260091,119040,54,467,108,,,Kei Takase,,,,6,0,,
260156,119078,54,157,108,,,Keisuke Ushiro,,,,20,0,,
260171,119087,54,1021,108,,Japan,Isamu Fujisawa,28,165,54,21,0,,
260214,119106,54,44,30,,,Isaac Makwala,,,,8,0,,
260215,119106,54,476,30,,Botswana,Isaac Makwala,,,,5,0,,
260287,119133,54,398,71,,,Leslie Copeland,,,,32,0,,
260298,119139,54,1017,108,,,Yuki Ebihara,,,,21,0,,
260339,119170,54,1029,141,,,Slađana Perunović,,,,,0,DNF,
260341,119171,54,393,141,,,Danijel Furtula,,,,1,0,,
260376,119193,54,1025,117,,,Laenly Phoutthavong,,,,7,0,,
260431,119212,54,43,165,,Palau,Rodman Teltull,22,170,64,8,0,,
260498,119248,54,1029,62,,,Rosa Chacha,,,,100,0,,
260504,119252,54,936,62,,,Paola Pérez,,,,24,0,,
260507,119253,54,1021,62,,,Mauricio Arteaga,,,,,0,DQ,
260594,119288,54,44,61,,,Luguelín Santos,,,,4,0,,
260595,119288,54,476,61,,Dominican Republic,Luguelín Santos,,,,5,0,,
260600,119291,54,1015,110,,,Eunice Sum,,,,7,0,,
260621,119301,54,96,65,,,Amanuel Mesel,,,,21,0,,
260627,119305,54,43,44,,,Ben Youssef Meïté,,,,6,0,,
260630,119306,54,1025,44,,,Murielle Ahouré,,,,4,0,,
260631,119306,54,1014,44,,,Murielle Ahouré,,,,4,0,,
260641,119311,54,1020,65,,,Abrar Osman Adem,,,,10,0,,
260673,119333,54,96,59,,,Mumin Gala,,,,12,0,,
260703,119346,54,44,90,,,Winston George,,,,5,0,,
260717,119353,54,1019,218,,,Jacob Araptany,,,,2,0,,
260719,119354,54,96,218,,,Stephen Kiprotich,,,,14,0,,
260729,119360,54,1024,155,,,Tonje Angelsen,,,,32,1,,
260798,119399,54,1015,27,,,Maryna Arzamasava,,,,7,0,,
260818,119409,54,936,27,,,Nastassia Yatsevich,,,,17,0,,
260820,119410,54,1029,27,,,Nastassia Ivanova,,,,,0,DNF,
260827,119416,54,96,27,,,Stsiapan Rahautsou,,,,68,0,,
260870,119443,54,1027,27,,,Alina Talay,,,,8,0,,
260904,119462,54,1024,53,,,Ana Šimić,,,,22,1,,
260907,119463,54,1013,49,,,Maoulida Daroueche,,,,8,0,,
260912,119466,54,48,53,,,Ivan Horvat,,,,27,0,,
260933,119473,54,1026,53,,,Sandra Perković,,,,1,0,,Gold
260944,119477,54,1029,42,,,Natalia Romero,,,,123,0,,
260946,119478,54,467,135,,,José Carlos Herrera,,,,8,0,,
260974,119496,54,395,133,,,Serghei Marghiev,,,,10,0,,
260992,119501,54,1028,135,,,Marisol Romero,,,,35,0,,
260995,119503,54,496,99,,,Tori Pena,,,,27,0,,
261038,119531,54,1022,135,,,Omar Zepeda,,,,16,0,,
261040,119532,54,1022,135,,,José Leyver Ojeda,,,,25,0,,
261043,119533,54,1021,135,,Mexico,Ever Palma,24,166,62,14,0,,
261047,119536,54,1026,42,,,Karen Gallardo,,,,18,0,,
261059,119545,54,43,19,,Barbados,Ramon Gittens,29,180,79,4,0,,
261060,119545,54,467,19,,,Ramon Gittens,,,,3,0,,
261071,119549,54,1014,134,,,Afa Ismail,,,,8,0,,
261119,119579,54,96,133,,,Roman Prodius,,,,104,0,,
261142,119596,54,1015,196,,,Amina Bakhit,,,,6,0,,
261148,119600,54,95,155,,,Henrik Ingebrigtsen,,,,11,0,,
261150,119601,54,157,86,,,Kurt Felix,,,,9,0,,
261165,119610,54,153,175,,,Cristina Bujin,,,,30,0,,
261167,119611,54,96,175,,,Marius Ionescu,,,,37,0,,
261201,119627,54,339,175,,,Bianca Răzor,,,,6,0,,
261202,119627,54,340,175,,Romania,Bianca Răzor,,,,6,0,,
261228,119639,54,1083,96,,,Sudha Singh,,,,9,0,,
261230,119640,54,1015,96,,,Tintu Luka,,,,6,0,,
261231,119640,54,340,96,,India,Tintu Luka,,,,,0,,
261235,119643,54,1021,96,,India,Gurmeet Singh,31,172,60,,0,DQ,
261237,119644,54,1021,42,,,Yerko Araya,,,,25,0,,
261253,119655,54,936,175,,,Claudia Ștef,,,,57,0,,
261265,119661,54,1027,35,,,Marthe Koala,,,,8,0,,
261386,119716,54,1022,42,,,Edward Araya,,,,,0,DQ,
261390,119718,54,400,186,,Saint Kitts and Nevis,Jason Rogers,,,,7,0,,
261396,119720,54,43,186,,Saint Kitts and Nevis,Antoine Adams,27,180,79,8,0,,
261397,119720,54,467,186,,,Antoine Adams,,,,5,0,,
261398,119720,54,400,186,,Saint Kitts and Nevis,Antoine Adams,,,,7,0,,
261490,119761,54,1030,34,,,Radoslava Mavrodieva,,,,21,0,,
261506,119771,54,1083,34,,,Silviya Danekova,,,,,0,DNS,
261526,119783,54,43,145,,Mauritania,Jidou El-Moctar,31,171,72,6,0,,
261743,119845,54,50,103,,,Muhammad Halim,,,,1,0,,
261797,119872,54,1033,155,,,Karoline Bjerkeli Grøvdal,,,,7,0,,
261798,119872,54,1028,155,,,Karoline Bjerkeli Grøvdal,,,,9,0,,
261886,119900,54,44,102,,,Donald Sanford,,,,5,0,,
261892,119904,54,1019,213,,,Amor Ben Yahia,,,,2,0,,
261895,119906,54,96,213,,,Wissem Hosni,,,,,0,DNF,
261972,119959,54,1083,110,,,Lydia Rotich,,,,13,0,,
261992,119968,54,1029,94,,,Zsófia Erdélyi,,,,52,0,,
262026,119985,54,1020,16,,,Hayle İbrahimov,,,,7,0,,
262097,120033,54,340,167,,Poland,Iga Baumgart,,,,6,0,,
262103,120035,54,1030,94,,,Anita Márton,,,,3,0,,Bronze
262242,120108,54,936,167,,,Paulina Buziak,,,,28,0,,
262255,120117,54,936,167,,,Agnieszka Dygacz,,,,,0,DNF,
262259,120119,54,395,167,,,Paweł Fajdek,,,,17,0,,
262262,120120,54,1032,167,,,Joanna Fiodorow,,,,9,0,,
262280,120133,54,1014,167,,,Anna Kiełbasińska,,,,4,0,,
262281,120133,54,928,167,,Poland,Anna Kiełbasińska,,,,6,0,,
262295,120139,54,45,167,,,Adam Kszczot,,,,3,0,,
262299,120140,54,1025,153,,,Gloria Asumnu,,,,5,0,,
262300,120140,54,928,153,,Nigeria,Gloria Asumnu,,,,7,0,,
262304,120142,54,43,153,,,Ogho-Oghene Egwero,,,,6,0,,
262328,120158,54,1021,167,,,Łukasz Nowak,,,,,0,DQ,
262330,120159,54,45,58,,,Andreas Bube,,,,7,0,,
262352,120171,54,44,226,,,Alberth Bravo,,,,6,0,,
262353,120171,54,476,226,,Venezuela,Alberth Bravo,,,,6,0,,
262357,120173,54,1019,226,,,José Gregorio Peña,,,,9,0,,
262403,120200,54,46,91,,,Jeffrey Julmis,,,,1,0,,
262443,120224,54,1035,224,,,Nataliya Asanova,,,,8,0,,
262450,120228,54,476,167,,Poland,Michał Pietrzak,,,,7,0,,
262453,120230,54,1025,167,,,Marika Popowicz-Drapała,,,,6,0,,
262454,120230,54,928,167,,Poland,Marika Popowicz-Drapała,,,,6,0,,
262461,120234,54,398,224,,,Ivan Zaytsev,,,,26,0,,
262466,120238,54,395,224,,,Sukhrob Khodzhayev,,,,23,0,,
262503,120249,54,1083,167,,,Matylda Kowal,,,,8,0,,
262512,120256,54,936,167,,,Agnieszka Szwarnóg,,,,44,0,,
262519,120260,54,393,167,,,Robert Urbanek,,,,17,0,,
262523,120262,54,48,167,,,Paweł Wojciechowski,,,,16,1,,
262526,120263,54,339,167,,,Patrycja Wyciszkiewicz,,,,7,0,,
262527,120263,54,340,167,,Poland,Patrycja Wyciszkiewicz,,,,6,0,,
262572,120299,54,157,192,,,Mihail Dudaš,,,,,0,DNF,
262676,120348,54,50,153,,,Tosin Oke,,,,23,0,,
262679,120349,54,339,153,,,Omolara Omotosho,,,,5,0,,
262826,120413,54,393,56,,,Apostolos Parellis,,,,8,0,,
262934,120454,54,936,126,,,Neringa Aidietytė,,,,,0,DNF,
262979,120477,54,1029,126,,,Diana Lobačevskė,,,,17,0,,
262987,120482,54,1024,126,,,Airinė Palšytė,,,,13,1,,
262993,120485,54,1025,47,,,Pat Taea,,,,7,0,,
263024,120499,54,1015,222,,,Déborah Rodríguez,,,,6,0,,
263076,120524,54,936,126,,,Brigita Virbalytė-Dimšienė,,,,29,0,,
263176,120570,54,476,226,,Venezuela,Arturo Ramírez,,,,6,0,,
263178,120571,54,476,226,,Venezuela,Omar Longart,,,,6,0,,
263187,120575,54,1023,65,,,Nguse Tesfaldet,,,,9,0,,
263194,120578,54,1021,43,,,Wang Zhen,,,,1,0,,Gold
263196,120579,54,1021,43,,China,Chen Ding,23,175,62,39,0,,
263199,120581,54,1021,43,,China,Cai Zelin,25,175,55,2,0,,Silver
263202,120582,54,96,43,,,Dong Guojian,,,,29,0,,
263206,120584,54,46,43,,,Xie Wenjun,,,,7,0,,
263211,120587,54,47,43,,,Zhang Guowei,,,,25,1,,
263216,120591,54,50,43,,,Dong Bin,,,,3,0,,Bronze
263221,120594,54,43,43,,China,Su Bingtian,26,173,70,4,0,,
263222,120594,54,400,43,,People's Republic of China,Su Bingtian,,,,4,0,,
263228,120596,54,936,43,,,Qieyang Shijie,,,,5,0,,
263231,120597,54,936,43,,,Lu Xiuzhi,,,,3,0,,Bronze
263236,120601,54,1017,43,,,Li Lingwei,,,,15,0,,
263238,120602,54,1025,43,,,Wei Yongli,,,,5,0,,
263239,120602,54,928,43,,People's Republic of China,Wei Yongli,,,,4,0,,
263264,120616,54,393,219,,,Mykyta Nesterenko,,,,23,0,,
263267,120617,54,153,102,,,Hanna Knyazyeva-Minenko,,,,5,0,,
263270,120618,54,50,214,,,Şeref Osmanoğlu,,,,1,0,,
263272,120619,54,47,219,,,Andriy Protsenko,,,,4,1,,
263275,120620,54,47,219,,,Bohdan Bondarenko,,,,3,0,,Bronze
263278,120622,54,1015,219,,,Nataliya Lupu,,,,,0,DQ,
263286,120626,54,1021,219,,Ukraine,Ruslan Dmytrenko,30,180,67,16,0,,
263293,120630,54,340,219,,Ukraine,Alina Lohvynenko,,,,,0,,
263460,120734,54,1020,130,,,Soufiyan Bouqantar,,,,18,0,,
263476,120741,54,96,38,,,Reid Coolsaet,,,,23,0,,
263478,120742,54,47,38,,,Derek Drouin,,,,1,0,,Gold
263481,120744,54,1027,38,,,Phylicia George,,,,8,0,,
263482,120744,54,928,38,,Canada,Phylicia George,,,,6,0,,
263485,120745,54,1017,38,,,Liz Gleadle,,,,16,0,,
263488,120746,54,1021,38,,,Iñaki Gómez,,,,12,0,,
263494,120751,54,1016,38,,,Nicole Sifuentes,,,,7,0,,
263499,120754,54,1032,38,,,Heather Steacy,,,,23,0,,
263501,120755,54,1016,38,,,Hilary Stellingwerff,,,,7,0,,
263503,120756,54,1018,38,,,Brianne Theisen-Eaton,,,,3,0,,Bronze
263543,120777,54,43,235,,Zambia,Gerald Phiri,27,178,79,4,0,,
263549,120780,54,157,38,,,Damian Warner,,,,3,0,,Bronze
263553,120781,54,45,5,,,Taoufik Makhloufi,,,,2,0,,Silver
263554,120781,54,95,5,,,Taoufik Makhloufi,,,,2,0,,Silver
263728,120877,54,43,98,,Iran,Reza Ghasemi,29,182,69,7,0,,
263731,120879,54,395,98,,,Kaveh Mousavi,,,,29,0,,
263733,120880,54,1030,98,,,Leyla Rajabi,,,,32,0,,
263772,120906,54,96,130,,,Rachid Kisri,,,,72,0,,
263776,120908,54,1019,130,,,Hicham Al-Siguéni,,,,7,0,,
263785,120914,54,43,130,,Morocco,Aziz Ouhadi,32,168,72,6,0,,
263793,120921,54,1015,130,,,Malika Akkaoui,,,,4,0,,
263794,120921,54,1016,130,,,Malika Akkaoui,,,,8,0,,
263801,120925,54,1022,175,,Romania,Marius Cocioran,33,173,64,,0,DNF,
263804,120926,54,1035,130,,,Hayat Lambarki,,,,7,0,,
263813,120931,54,1083,130,,,Salima El Ouali Alami,,,,10,0,,
263825,120937,54,398,200,,,Kim Amb,,,,17,0,,
264213,121164,54,398,10,,,Braian Toledo,,,,10,0,,
264221,121170,54,44,61,,,Gustavo Cuesta,,,,7,0,,
264222,121170,54,476,61,,Dominican Republic,Gustavo Cuesta,,,,5,0,,
264294,121204,54,1035,58,,,Sara Slott Petersen,,,,2,0,,Silver
264317,121215,54,1029,58,,,Jess Draskau-Petersson,,,,40,0,,
264334,121223,54,1029,48,,,Érika Abril,,,,73,0,,
264354,121236,54,1027,48,,,Brigith Merlano,,,,5,0,,
264372,121245,54,1025,48,,,Eliecith Palacios,,,,5,0,,
264411,121268,54,45,48,,,Rafith Rodríguez,,,,5,0,,
264441,121284,54,96,236,,,Wirimai Juwawo,,,,,0,DNF,
264457,121294,54,1015,55,,,Rose Almanza,,,,3,0,,
264463,121297,54,1026,55,,,Denia Caballero,,,,3,0,,Bronze
264466,121298,54,467,55,,,Roberto Skyers,,,,8,0,,
264467,121298,54,400,55,,Cuba,Roberto Skyers,,,,7,0,,
264613,121389,54,1013,68,,,Rasmus Mägi,,,,6,0,,
264617,121391,54,398,68,,,Risto Mätas,,,,22,0,,
264676,121426,54,1018,68,,,Grit Šadeiko,,,,,0,DNF,
264696,121442,54,1029,31,,,Adriana da Silva,,,,69,0,,
264703,121445,54,1025,31,,,Franciela Krasucki,,,,7,0,,
264704,121445,54,928,31,,Brazil,Franciela Krasucki,,,,2,0,,
264710,121448,54,339,31,,,Jailma Lima,,,,6,0,,
264711,121448,54,340,31,,Brazil,Jailma Lima,,,,7,0,,
264714,121449,54,340,31,,Brazil,Joelma Sousa,,,,7,0,,
264716,121450,54,157,31,,,Luiz Alberto Araújo,,,,10,0,,
264721,121452,54,96,31,,,Paulo Roberto de Paula,,,,15,0,,
264730,121458,54,1023,176,,,Stephen Mokoka,,,,18,0,,
264733,121459,54,1029,10,,,María Peralta,,,,,0,DNF,
264788,121491,54,1035,52,,,Sharolyn Scott,,,,7,0,,
264828,121509,54,395,55,,,Roberto Janet,,,,14,0,,
264889,121540,54,1035,110,,,Maureen Jelagat Maiyo,,,,8,0,,
264894,121543,54,45,30,,,Nijel Amos,,,,7,0,,
264936,121571,54,45,110,,,David Rudisha,,,,1,0,,Gold
265091,121652,54,1083,69,,,Hiwot Ayalew,,,,7,0,,
265171,121673,54,398,118,,,Zigismunds Sirmais,,,,14,0,,
265173,121674,54,1017,118,,,Madara Palameika,,,,10,0,,
265177,121676,54,1018,118,,,Laura Ikauniece-Admidiņa,,,,4,0,,
265181,121678,54,1022,118,,Latvia,Arnis Rumbenieks,28,175,63,37,0,,
265216,121698,54,1035,14,,,Laura Wells,,,,7,0,,
265218,121699,54,1025,14,,,Melissa Breen,,,,7,0,,
265220,121700,54,1016,14,,,Zoe Buckman,,,,9,0,,
265226,121703,54,49,14,,,Henry Frayne,,,,7,0,,
265229,121704,54,95,14,,,Ryan Gregson,,,,9,0,,
265232,121706,54,936,14,,,Regan Lamble,,,,9,0,,
265236,121709,54,1023,14,,,David McNeill,,,,16,0,,
265239,121710,54,1017,14,,,Kim Mickle,,,,22,0,,
265241,121711,54,1017,14,,,Kathryn Mitchell,,,,6,0,,
265246,121714,54,96,14,,,Michael Shelley,,,,47,0,,
265251,121716,54,1023,14,,,Ben St. Lawrence,,,,28,0,,
265257,121720,54,1033,14,,,Eloise Wellings,,,,9,0,,
265258,121720,54,1028,14,,,Eloise Wellings,,,,10,0,,
265457,121824,54,1083,69,,,Etenesh Diro,,,,15,0,,
265474,121837,54,1015,176,,,Caster Semenya,,,,1,0,,Gold
265484,121844,54,1029,178,,,Claudette Mukasakindi,,,,126,0,,
265486,121845,54,1020,69,,,Dejen Gebremeskel,,,,12,0,,
265500,121855,54,1016,69,,,Genzebe Dibaba,,,,2,0,,Silver
265518,121866,54,45,82,,,Benjamín Enzema,,,,8,0,,
265540,121876,54,1020,69,,,Hagos Gebrhiwet,,,,3,0,,Bronze
265619,121922,54,1022,99,,Ireland,Brendan Boyce,29,183,76,19,0,,
265642,121933,54,1025,38,,,Crystal Emmanuel,,,,4,0,,
265643,121933,54,1014,38,,,Crystal Emmanuel,,,,8,0,,
265644,121933,54,928,38,,Canada,Crystal Emmanuel,,,,6,0,,
265648,121934,54,1027,38,,,Nikkita Holder,,,,3,0,,
265660,121942,54,1029,162,,,Gladys Tejeda,,,,15,0,,
265699,121966,54,1020,110,,,Isiah Koech,,,,12,0,,
265702,121968,54,1033,110,,,Hellen Obiri,,,,2,0,,Silver
265731,121978,54,1030,31,,,Geisa Arcanjo,,,,9,0,,
265734,121979,54,1021,31,,Brazil,Caio Bonfim,25,174,60,4,0,,
265735,121979,54,1022,31,,Brazil,Caio Bonfim,25,174,60,9,0,,
265756,121994,54,1029,69,,,Mare Dibaba,,,,3,0,,Bronze
265791,122008,54,96,135,,,Daniel Vargas,,,,54,0,,
265811,122019,54,496,78,,,Holly Bradshaw,,,,5,0,,
265818,122022,54,1035,78,,,Eilidh Doyle,,,,8,0,,
265819,122022,54,340,78,,Great Britain,Eilidh Doyle,,,,3,0,,Bronze
265823,122024,54,43,78,,Great Britain,James Dasaolu,28,187,88,6,0,,
265825,122025,54,43,78,,Great Britain,James Ellington,30,179,81,5,0,,
265826,122025,54,400,78,,Great Britain,James Ellington,,,,5,0,,
265830,122027,54,1018,78,,,Jessica Ennis-Hill,,,,2,0,,Silver
265832,122028,54,47,78,,,Robbie Grabarz,,,,4,1,,
265838,122032,54,1032,78,,,Sophie Hitchon,,,,3,0,,Bronze
265841,122033,54,476,78,,Great Britain,Nigel Levine,,,,2,0,,
265844,122035,54,1033,78,,,Eilish McColgan,,,,13,0,,
265853,122041,54,46,78,,,Andy Pozzi,,,,5,0,,
265856,122042,54,927,78,,,Shara Proctor,,,,21,0,,
265860,122044,54,1015,78,,,Lynsey Sharp,,,,6,0,,
265864,122047,54,467,78,,,Danny Talbot,,,,3,0,,
265868,122049,54,1016,78,,,Laura Weightman,,,,11,0,,
265894,122073,54,1025,51,,,Lidiane Lopes,,,,4,0,,
265937,122101,54,1026,31,,,Andressa Morais,,,,21,0,,
266039,122167,54,1025,166,,,Toea Wisil,,,,4,0,,
266055,122177,54,45,69,,,Mohammed Aman,,,,8,0,,
266058,122179,54,95,69,,,Mekonnen Gebremedhin,,,,6,0,,
266078,122184,54,95,69,,,Dawit Wolde,,,,10,0,,
266191,122233,54,1021,219,,Ukraine,Nazar Kovalenko,29,177,68,40,0,,
266196,122236,54,1025,219,,,Olesia Povkh,,,,,0,DQ,
266197,122236,54,928,219,,Ukraine,Olesia Povkh,,,,,0,DQ,
266200,122237,54,928,219,,Ukraine,Mariya Riemien,,,,,0,,
266202,122238,54,1035,219,,,Hanna Titimets,,,,4,0,,
266206,122239,54,1025,219,,,Khrystyna Stuy,,,,7,0,,
266243,122257,54,1035,104,,,Marzia Caravelli,,,,6,0,,
266276,122279,54,43,39,,Cayman Islands,Kemar Hyman,26,178,74,7,0,,
266350,122311,54,46,67,,,Orlando Ortega,,,,2,0,,Silver
266353,122312,54,1026,55,,,Yaimé Pérez,,,,2,0,,
266356,122313,54,1029,55,,,Dailín Belmonte,,,,102,0,,
266404,122340,54,1019,104,,,Yuri Floriani,,,,10,0,,
266408,122343,54,936,104,,,Eleonora Giorgi,,,,,0,DQ,
266413,122346,54,1021,113,,South Korea,Byeon Yeong-Jun,32,175,59,61,0,,
266421,122352,54,1014,104,,,Gloria Hooper,,,,6,0,,
266435,122360,54,467,104,,,Davide Manenti,,,,4,0,,
266440,122362,54,96,104,,,Daniele Meucci,,,,,0,DNF,
266444,122365,54,340,104,,Italy,Maria Enrica Spacca,,,,5,0,,
266447,122367,54,1029,104,,,Valeria Straneo,,,,13,0,,
266451,122369,54,1029,113,,,Im Gyeong-Hui,,,,70,0,,
266453,122370,54,936,113,,,Jeon Yeong-Eun,,,,39,0,,
266469,122383,54,467,31,,,Aldemir Gomes da Silva Júnior,,,,7,0,,
266704,122518,54,1032,182,,,Amy Sène,,,,25,0,,
266725,122530,54,1013,170,,,Eric Alejandro,,,,7,0,,
266737,122539,54,1029,170,,,Beverly Ramos,,,,71,0,,
266740,122541,54,476,73,,France,Mamadou Kassé Hanne,,,,5,0,,
266746,122546,54,467,201,,,Sibusiso Matsenjwa,,,,6,0,,
266788,122570,54,496,85,,,Aikaterini Stefanidi,,,,1,0,,Gold
266792,122572,54,1018,85,,,Sofia Yfantidou,,,,27,0,,
266795,122574,54,467,85,,,Likourgos Tsakonas,,,,7,0,,
266800,122577,54,1021,85,,,Alexandros Papamichail,,,,20,0,,
266801,122577,54,1022,85,,,Alexandros Papamichail,,,,28,0,,
266804,122578,54,48,85,,,Kostas Filippidis,,,,7,1,,
266887,122633,54,96,162,,,Raúl Pacheco,,,,66,0,,
266974,122678,54,47,171,,,Mutaz Essa Barshim,,,,2,0,,Silver
266977,122679,54,45,171,,,Musaeb Abdulrahman Balla,,,,,0,DNS,
266998,122692,54,1033,32,,,Mimi Belete,,,,10,0,,
267001,122693,54,1029,32,,,Shitaye Eshete,,,,,0,DNF,
267011,122699,54,43,123,,Lesotho,Mosito Lehata,27,177,69,4,0,,
267012,122699,54,467,123,,,Mosito Lehata,,,,7,0,,
267231,122803,54,45,63,,,Hamada Mohamed,,,,8,0,,
267432,122912,54,44,150,,,Liemarvin Bonevacia,,,,7,0,,
267433,122912,54,400,150,,Netherlands,Liemarvin Bonevacia,,,,8,0,,
267547,122969,54,1029,199,,,Katarína Berešová,,,,107,0,,
267549,122970,54,936,199,,,Mária Czaková,,,,48,0,,
267572,122981,54,1021,199,,,Anton Kučmín,,,,32,0,,
267583,122984,54,395,199,,,Marcel Lomnický,,,,5,0,,
267601,122993,54,43,158,,Oman,Barakat Al-Harthi,28,173,67,3,0,,
267638,123019,54,383,25,,,Kemal Mešić,,,,30,0,,
267693,123051,54,398,57,,,Petr Frydrych,,,,12,0,,
267707,123057,54,44,57,,,Pavel Maslák,,,,3,0,,
267728,123065,54,398,57,,,Jakub Vadlejch,,,,8,0,,
267787,123102,54,1018,57,,,Eliška Klučinová,,,,22,0,,
267800,123110,54,496,57,,,Jiřina Ptáčníková,,,,19,1,,
267802,123111,54,1032,57,,,Kateřina Šafránková,,,,17,0,,
267809,123116,54,936,118,,,Agnese Pastare,,,,53,0,,
267916,123172,54,45,142,,,Brice Etès,,,,8,0,,
267938,123185,54,95,209,,,Augusto Soares,,,,12,0,,
267941,123187,54,96,214,,,Bekir Karayel,,,,125,0,,
267949,123193,54,47,17,,,Trevor Barry,,,,11,0,,
267952,123195,54,339,17,,,Shaunae Miller,,,,1,0,,Gold
267957,123196,54,467,17,,,Demetrius Pinder,,,,1,0,,
267959,123197,54,927,17,,,Bianca Stuart,,,,16,0,,
268052,123258,54,95,214,,,İlham Özbilen,,,,13,0,,
268152,123298,54,1023,214,,,Polat Arıkan,,,,13,0,,
268156,123300,54,1029,214,,,Sultan Haydar,,,,111,0,,
268158,123301,54,1019,214,,,Tarık Akdağ,,,,3,0,,
268164,123304,54,1032,214,,,Tuğçe Şahutoğlu,,,,21,0,,
268168,123306,54,1032,214,,,Kıvılcım Kaya,,,,26,0,,
268249,123335,54,467,160,,,Alonso Edward,,,,7,0,,
268322,123365,54,340,55,,Cuba,Daisurami Bonne,,,,7,0,,
268381,123405,54,50,43,,,Cao Shuo,,,,4,0,,
268410,123421,54,96,107,,,Methkal Abu Drais,,,,139,0,,
268416,123425,54,1018,150,,,Nadine Broersen,,,,13,0,,
268420,123427,54,400,150,,Netherlands,Giovanni Codrington,,,,8,0,,
268425,123431,54,1014,150,,,Jamile Samuel,,,,3,0,,
268426,123431,54,928,150,,Netherlands,Jamile Samuel,,,,5,0,,
268431,123432,54,1025,150,,,Dafne Schippers,,,,5,0,,
268432,123432,54,1014,150,,,Dafne Schippers,,,,2,0,,Silver
268433,123432,54,928,150,,Netherlands,Dafne Schippers,,,,5,0,,
268437,123433,54,157,150,,,Eelco Sintnicolaas,,,,,0,DNF,
268632,123530,54,46,83,,,Matthias Bühler,,,,4,0,,
268634,123531,54,49,83,,,Alyn Camara,,,,30,0,,
268638,123534,54,1026,83,,,Julia Fischer,,,,9,0,,
268640,123535,54,157,83,,,Rico Freimuth,,,,,0,DNF,
268646,123540,54,46,83,,,Alexander John,,,,5,0,,
268649,123542,54,1015,83,,,Fabienne Kohlmann,,,,7,0,,
268651,123543,54,1083,83,,,Gesa Felicitas Krause,,,,6,0,,
268698,123568,54,496,188,,,Tina Šutej,,,,11,0,,
268722,123578,54,1016,216,,,Betlhem Desalegn Belayneh,,,,,0,DNS,
268739,123590,54,1021,83,,Germany,Christopher Linke,27,191,66,5,0,,
268743,123591,54,1025,83,,,Tatjana Pinto,,,,7,0,,
268744,123591,54,928,83,,Germany,Tatjana Pinto,,,,4,0,,
268751,123595,54,1026,83,,,Nadine Müller,,,,6,0,,
268757,123600,54,43,83,,Germany,Julian Reus,28,176,76,7,0,,
268758,123600,54,467,83,,,Julian Reus,,,,3,0,,
268759,123600,54,400,83,,Germany,Julian Reus,,,,6,0,,
268762,123601,54,1027,83,,,Cindy Roleder,,,,5,0,,
268767,123605,54,1017,83,,,Linda Stahl,,,,11,0,,
268769,123606,54,383,83,,,David Storl,,,,7,0,,
268771,123607,54,496,83,,,Martina Strutz,,,,9,0,,
268773,123608,54,927,83,,,Sosthene Moguenara,,,,10,0,,
268782,123615,54,1025,201,,,Phumlile Ndzinisa,,,,5,0,,
268791,123622,54,1029,15,,,Andrea Mayr,,,,64,0,,
268793,123623,54,1027,15,,,Beate Schrott,,,,8,0,,
269016,123702,54,46,73,,,Dimitri Bascou,,,,3,0,,Bronze
269021,123705,54,45,73,,,Pierre-Ambroise Bosse,,,,4,0,,
269024,123706,54,95,73,,,Florian Carvalho,,,,10,0,,
269026,123707,54,50,73,,,Benjamin Compaoré,,,,10,0,,
269032,123711,54,340,73,,France,Marie Gayot,,,,4,0,,
269034,123712,54,339,73,,,Floria Gueï,,,,4,0,,
269035,123712,54,340,73,,France,Floria Gueï,,,,4,0,,
269042,123716,54,1019,73,,,Yoann Kowal,,,,5,0,,
269044,123717,54,48,73,,,Renaud Lavillenie,,,,2,0,,Silver
269048,123718,54,43,73,,,Christophe Lemaitre,,,,3,0,,
269049,123718,54,467,73,,,Christophe Lemaitre,,,,3,0,,Bronze
269057,123723,54,157,73,,,Kévin Mayer,,,,2,0,,Silver
269065,123727,54,43,73,,France,Jimmy Vicaut,24,188,83,7,0,,
269066,123727,54,400,73,,France,Jimmy Vicaut,,,,5,0,,
269083,123734,54,1025,212,,,Michelle-Lee Ahye,,,,6,0,,
269084,123734,54,1014,212,,,Michelle-Lee Ahye,,,,6,0,,
269085,123734,54,928,212,,Trinidad and Tobago,Michelle-Lee Ahye,,,,5,0,,
269090,123736,54,1035,212,,,Janeil Bellille,,,,6,0,,
269093,123738,54,1013,212,,,Jehue Gordon,,,,8,0,,
269096,123739,54,44,212,,,Lalonde Gordon,,,,8,0,,
269097,123739,54,476,212,,Trinidad and Tobago,Lalonde Gordon,,,,1,0,,
269100,123740,54,44,212,,,Deon Lendore,,,,6,0,,
269101,123740,54,476,212,,Trinidad and Tobago,Deon Lendore,,,,1,0,,
269108,123742,54,476,212,,Trinidad and Tobago,Jarrin Solomon,,,,1,0,,
269110,123743,54,398,212,,,Keshorn Walcott,,,,3,0,,Bronze
269113,123744,54,496,168,,,Maria Eleonor Tavares,,,,29,1,,
269124,123747,54,1029,168,,,Dulce Félix,,,,16,0,,
269141,123758,54,153,168,,,Patrícia Mamona,,,,6,0,,
269199,123787,54,1022,168,,Portugal,Pedro Isidro,31,175,58,32,0,,
269201,123788,54,339,67,,,Aauri Bokesa,,,,5,0,,
269205,123789,54,95,67,,,David Bustos,,,,7,0,,
269211,123793,54,395,67,,,Javier Cienfuegos,,,,27,0,,
269216,123796,54,1021,67,,,Miguel Ángel López,,,,11,0,,
269217,123796,54,1022,67,,,Miguel Ángel López,,,,,0,DNF,
269220,123797,54,45,67,,,Kevin López,,,,8,0,,
269224,123800,54,1083,67,,,Diana Martín,,,,12,0,,
269226,123801,54,1019,67,,,Abdelaziz Merzougui,,,,15,0,,
269233,123807,54,153,67,,,Patricia Sarrapio,,,,32,0,,
269236,123809,54,383,67,,,Borja Vivas,,,,14,0,,
269245,123815,54,46,94,,,Balázs Baji,,,,4,0,,
269248,123816,54,1014,17,,,Anthonique Strachan,,,,3,0,,
269249,123816,54,340,17,,The Bahamas,Anthonique Strachan,,,,6,0,,
269253,123817,54,1021,94,,,Máté Helebrandt,,,,28,0,,
269257,123819,54,936,94,,,Viktória Madarász,,,,25,0,,
269263,123821,54,43,38,,Canada,Aaron Brown,24,198,79,3,0,,
269264,123821,54,467,38,,,Aaron Brown,,,,7,0,,
269265,123821,54,400,38,,Canada,Aaron Brown,,,,3,0,,Bronze
269276,123825,54,400,106,,Jamaica,Kemar Bailey-Cole,,,,1,0,,Gold
269309,123841,54,398,223,,,Sean Furey,,,,35,0,,
269345,123860,54,1017,43,,,Lu Huihui,,,,7,0,,
269403,123892,54,1024,183,,,Lissa Labiche,,,,29,1,,
269470,123932,54,1021,157,,New Zealand,Quentin Rew,32,174,60,,0,DQ,
269471,123932,54,1022,157,,New Zealand,Quentin Rew,32,174,60,12,0,,
269474,123933,54,1033,157,,,Lucy Oliver,,,,14,0,,
269503,123943,54,1029,14,,,Jess Trengove,,,,22,0,,
269678,124027,54,1083,128,,,Eliane Saholinirina,,,,11,0,,
269702,124045,54,1018,78,,,Katarina Johnson-Thompson,,,,6,0,,
269825,124102,54,1025,197,,,Mujinga Kambundji,,,,6,0,,
269826,124102,54,1014,197,,,Mujinga Kambundji,,,,6,0,,
269831,124103,54,1029,197,,,Maja Neuenschwander,,,,29,0,,
269836,124106,54,928,197,,Switzerland,Ellen Sprunger,,,,5,0,,
269839,124107,54,1035,197,,,Lea Sprunger,,,,5,0,,
269862,124118,54,496,83,,,Lisa Ryzih,,,,10,0,,
269880,124127,54,1035,168,,,Vera Barbosa,,,,6,0,,
269883,124129,54,46,128,,,Ali Kamé,,,,7,0,,
269934,124149,54,1027,21,,,Anne Zagré,,,,3,0,,
269939,124151,54,1013,21,,,Michael Bultheel,,,,5,0,,
270022,124200,54,1025,109,,,Olga Safronova,,,,5,0,,
270023,124200,54,1014,109,,,Olga Safronova,,,,4,0,,
270024,124200,54,928,109,,Kazakhstan,Olga Safronova,,,,2,0,,
270027,124201,54,1025,109,,,Viktoriya Zyabkina,,,,5,0,,
270028,124201,54,1014,109,,,Viktoriya Zyabkina,,,,7,0,,
270029,124201,54,928,109,,Kazakhstan,Viktoriya Zyabkina,,,,2,0,,
270037,124208,54,1021,109,,Kazakhstan,Georgy Sheyko,26,184,68,34,0,,
270061,124224,54,1015,109,,,Margarita Mukashova,,,,5,0,,
270071,124231,54,1029,223,,,Amy Cragg,,,,9,0,,
270097,124241,54,1025,223,,,Tianna Bartoletta,,,,4,0,,
270098,124241,54,928,223,,United States,Tianna Bartoletta,,,,1,0,,Gold
270099,124241,54,927,223,,,Tianna Bartoletta,,,,1,0,,Gold
270103,124243,54,95,223,,,"Matthew Centrowitz, Jr.",,,,1,0,,Gold
270119,124251,54,1019,223,,,Evan Jager,,,,2,0,,Silver
270136,124256,54,340,223,,United States,Francena McCorory,,,,1,0,,Gold
270205,124291,54,936,223,,,Maria Michta-Coffey,,,,22,0,,
270229,124295,54,1028,223,,,Molly Huddle,,,,6,0,,
270248,124305,54,50,223,,,Christian Taylor,,,,1,0,,Gold
270306,124336,54,395,223,,,Kibwé Johnson,,,,1,0,,
270326,124348,54,47,223,,,Erik Kynard,,,,6,0,,
270374,124363,54,1029,223,,,Des Linden,,,,7,0,,
270378,124365,54,927,223,,,Janay DeLoach,,,,13,0,,
270405,124375,54,157,223,,,Ashton Eaton,,,,1,0,,Gold
270539,124447,54,46,223,,,Jeff Porter,,,,3,0,,
270596,124477,54,398,223,,,Cyrus Hostetler,,,,20,0,,
270601,124480,54,1083,223,,,Emma Coburn,,,,3,0,,Bronze
270622,124495,54,50,223,,,Will Claye,,,,2,0,,Silver
270628,124498,54,1013,223,,,Michael Tinsley,,,,6,0,,
270648,124508,54,1030,48,,,Sandra Lemos,,,,31,0,,
270768,124571,54,1015,36,,,Elisabeth Mandaba,,,,8,0,,
270778,124577,54,157,176,,,Willem Coertzen,,,,,0,DNF,
270780,124578,54,1029,176,,,Irvette van Zyl,,,,,0,DNS,
270783,124579,54,96,176,,,Lusapho April,,,,24,0,,
270785,124580,54,1022,176,,South Africa,Marc Mundell,33,189,77,38,0,,
270804,124591,54,1027,78,,,Tiffany Porter,,,,7,0,,
270862,124634,54,340,78,,Great Britain,Anyika Onuora,,,,3,0,,Bronze
270878,124642,54,1013,78,,,Jack Green,,,,8,0,,
270894,124653,54,936,48,,,Sandra Arenas,,,,32,0,,
270944,124685,54,398,110,,,Julius Yego,,,,2,0,,Silver
270957,124688,54,476,223,,United States,Tony McQuay,,,,1,0,,Gold
270981,124700,54,1014,219,,,Yelyzaveta Bryzhina,,,,5,0,,
270982,124700,54,928,219,,Ukraine,Yelyzaveta Bryzhina,,,,,0,,
270986,124703,54,1032,16,,,Anna Skydan,,,,13,0,,
270990,124705,54,1017,219,,,Hanna Hatsko-Fedusova,,,,19,0,,
270994,124708,54,1021,219,,,Ihor Hlavan,,,,35,0,,
270995,124708,54,1022,219,,,Ihor Hlavan,,,,,0,DNF,
271001,124713,54,1029,226,,,Yolymar Pineda,,,,93,0,,
271003,124714,54,1032,226,,,Rosa Rodríguez,,,,10,0,,
271006,124715,54,1014,226,,,Nercely Soto,,,,7,0,,
271030,124737,54,47,27,,,Andrei Churyla,,,,30,1,,
271032,124738,54,1023,110,,,Bedan Karoki Muchiri,,,,7,0,,
271039,124740,54,44,110,,,Alphas Leken Kishoyian,,,,5,0,,
271044,124744,54,48,118,,,Mareks Ārents,,,,16,1,,
271048,124747,54,467,176,,,Anaso Jobodwana,,,,4,0,,
271051,124748,54,1022,78,,Great Britain,Dom King,33,178,69,,0,DQ,
271061,124754,54,1019,223,,,Donn Cabral,,,,8,0,,
271072,124763,54,1016,110,,,Faith Kipyegon,,,,1,0,,Gold
271076,124764,54,1013,110,,,Boniface Tumuti,,,,2,0,,Silver
271080,124767,54,1033,223,,,Kim Conley,,,,12,0,,
271089,124775,54,1017,223,,,Brittany Borman,,,,27,0,,
271094,124779,54,44,219,,,Vitaliy Butrym,,,,4,0,,
271096,124780,54,467,219,,,Serhiy Smelyk,,,,4,0,,
271102,124783,54,339,219,,,Olha Zemliak,,,,,0,DQ,
271103,124783,54,340,219,,Ukraine,Olha Zemliak,,,,,0,DQ,
271107,124786,54,1033,14,,,Genevieve LaCaze,,,,12,0,,
271108,124786,54,1083,14,,,Genevieve LaCaze,,,,9,0,,
271112,124788,54,1018,153,,,Uhunoma Osazuwa,,,,28,0,,
271120,124794,54,1013,106,,,Roxroy Cato,,,,3,0,,
271123,124795,54,339,106,,,Christine Day,,,,4,0,,
271124,124795,54,340,106,,Jamaica,Christine Day,,,,2,0,,Silver
271129,124798,54,44,106,,,Rusheen McDonald,,,,6,0,,
271130,124798,54,476,106,,Jamaica,Rusheen McDonald,,,,2,0,,Silver
271135,124801,54,1027,106,,,Shermaine Williams,,,,5,0,,
271232,124848,54,95,69,,,Aman Wote,,,,,0,DNS,
271235,124850,54,46,78,,,Lawrence Clarke,,,,6,0,,
271239,124852,54,96,194,,,Guor Marial,,,,81,0,,
271241,124853,54,96,123,,,Tsepo Mathibelle,,,,,0,DNF,
276096,126489,54,1025,1,,,Kamia Yousufi,,,,8,0,,
276098,126490,54,1083,4,,,Luiza Gega,,,,16,0,,
276103,126493,54,1083,5,,,Amina Bettiche,,,,18,0,,
276104,126494,54,1029,5,,,Kenza Dahmani,,,,50,0,,
276114,126501,54,1025,7,,,Liliana Neto,,,,7,0,,
276126,126509,54,1024,8,,,Priscilla Frederick,,,,28,0,,
276132,126511,54,1083,10,,,Belén Casetta,,,,16,0,,
276134,126512,54,1029,10,,,Rosa Godoy,,,,110,0,,
276135,126513,54,1029,10,,,Viviana Chávez,,,,125,0,,
276211,126563,54,927,11,,,Amaliya Sharoyan,,,,35,0,,
276213,126564,54,1014,11,,,Diana Khubeseryan,,,,7,0,,
276214,126565,54,1014,11,,,Gayane Chiloyan,,,,8,0,,
276215,126566,54,1035,11,,,Lilit Harutyunyan,,,,8,0,,
276228,126573,54,1025,13,,,Jordan Mageo,,,,6,0,,
276234,126575,54,339,14,,,Annie Rubie,,,,6,0,,
276235,126575,54,340,14,,Australia,Annie Rubie,,,,7,0,,
276237,126576,54,927,14,,,Brooke Stratton,,,,7,0,,
276239,126577,54,340,14,,Australia,Caitlin Sargent,,,,7,0,,
276240,126578,54,927,14,,,Chelsea Jaensch,,,,17,0,,
276241,126579,54,1024,14,,,Eleanor Patterson,,,,22,1,,
276243,126580,54,1014,14,,,Ella Nelson,,,,3,0,,
276246,126581,54,1016,14,,,Jenny Blundell,,,,11,0,,
276250,126582,54,340,14,,Australia,Jessica Thornton,,,,7,0,,
276251,126583,54,1017,14,,,Kelsey-Lee Roberts,,,,28,0,,
276253,126584,54,1016,14,,,Linden Hall,,,,8,0,,
276255,126585,54,1033,14,,,Madeline Hills,,,,10,0,,
276256,126585,54,1083,14,,,Madeline Hills,,,,7,0,,
276259,126586,54,1027,14,,,Shelly Jenneke,,,,6,0,,
276260,126587,54,1029,14,,,Milly Clark,,,,18,0,,
276261,126588,54,339,14,,,Morgan Mitchell,,,,8,0,,
276262,126588,54,340,14,,Australia,Morgan Mitchell,,,,7,0,,
276264,126589,54,936,14,,,Rachel Tallent,,,,40,0,,
276265,126590,54,1015,14,,,Selma Kajan,,,,7,0,,
276266,126591,54,936,14,,,Tanya Holliday,,,,26,0,,
276523,126715,54,1033,15,,,Jennifer Wenth,,,,16,0,,
276566,126737,54,340,17,,The Bahamas,Carmiesha Cox,,,,6,0,,
276567,126738,54,340,17,,The Bahamas,Lanece Clarke,,,,6,0,,
276568,126739,54,1027,17,,,Pedrya Seymour,,,,6,0,,
276572,126740,54,1025,17,,,TyNia Gaither,,,,5,0,,
276573,126740,54,1014,17,,,TyNia Gaither,,,,8,0,,
276584,126744,54,1025,18,,,Shirin Akter,,,,5,0,,
276588,126746,54,1024,19,,,Akela Jones,,,,31,0,,
276589,126746,54,1018,19,,,Akela Jones,,,,20,0,,
276590,126747,54,1027,19,,,Kierre Beckles,,,,6,0,,
276591,126748,54,1035,19,,,Tia-Adana Belle,,,,4,0,,
276595,126751,54,1035,21,,,Axelle Dauwens,,,,7,0,,
276596,126752,54,1014,21,,,Cynthia Bolingo,,,,8,0,,
276599,126753,54,1029,21,,,Els Rens,,,,84,0,,
276600,126754,54,1033,21,,,Louise Carton,,,,11,0,,
276601,126755,54,1029,21,,,Manuela Soccol,,,,74,0,,
276602,126756,54,1024,21,,,Nafi Thiam,,,,,0,DNS,
276603,126756,54,1018,21,,,Nafi Thiam,,,,1,0,,Gold
276605,126757,54,1015,21,,,Renée Eykens,,,,5,0,,
276648,126772,54,1015,22,,,Noélie Yarigo,,,,5,0,,
276664,126782,54,1027,26,,,Katy Sealy,,,,7,0,,
276665,126783,54,1030,27,,,Alena Abramchuk,,,,11,0,,
276667,126784,54,1032,27,,,Alena Navahrodskaya-Sobaleva,,,,20,0,,
276668,126785,54,1030,27,,,Alena Dubitskaya,,,,8,0,,
276671,126786,54,1083,27,,,Anastasiya Puzakova,,,,17,0,,
276672,126787,54,1032,27,,,Hanna Malyshchyk,,,,7,0,,
276674,126788,54,153,27,,,Iryna Vaskouskaya,,,,31,0,,
276676,126789,54,496,27,,,Iryna Yakaltsevich,,,,34,0,,
276678,126790,54,1035,27,,,Katsiaryna Belanovich,,,,6,0,,
276679,126791,54,1029,27,,,Maryna Damantsevich,,,,45,0,,
276680,126792,54,153,27,,,Natallia Viatkina,,,,35,0,,
276681,126793,54,1017,27,,,Tatsiana Khaladovich,,,,5,0,,
276683,126794,54,1017,27,,,Tatsiana Korzh,,,,26,0,,
276684,126795,54,1029,27,,,Volha Mazuronak,,,,5,0,,
276686,126796,54,1015,27,,,Yuliya Karol,,,,5,0,,
276687,126797,54,1030,27,,,Yuliya Leantsiuk,,,,17,0,,
276718,126821,54,936,29,,,Ángela Castro,,,,18,0,,
276720,126822,54,1029,29,,,Rosmery Quispe,,,,117,0,,
276721,126823,54,936,29,,,Stefany Coronado,,,,43,0,,
276722,126824,54,936,29,,,Wendy Cornejo,,,,31,0,,
276724,126826,54,339,30,,,Christine Botlogetswe,,,,4,0,,
276726,126827,54,339,30,,,Lydia Jele,,,,4,0,,
276738,126832,54,928,31,,Brazil,Bruna Farias,,,,2,0,,
276740,126833,54,936,31,,,Cisiane Dutra Lopes,,,,49,0,,
276741,126834,54,927,31,,,Eliane Martins,,,,23,0,,
276743,126835,54,936,31,,,Érica Sena,,,,7,0,,
276745,126836,54,1027,31,,,Fabiana Morães,,,,5,0,,
276746,126837,54,1026,31,,,Fernanda Borges,,,,31,0,,
276748,126838,54,1015,31,,,Flávia de Lima,,,,8,0,,
276749,126839,54,1029,31,,,Graciete Santana,,,,128,0,,
276750,126840,54,496,31,,,Joana Costa,,,,29,1,,
276751,126841,54,1083,31,,,Juliana Santos,,,,15,0,,
276752,126842,54,1014,31,,,Kauiza Venâncio,,,,3,0,,
276753,126842,54,928,31,,Brazil,Kauiza Venâncio,,,,2,0,,
276754,126843,54,340,31,,Brazil,Leticia Cherpe,,,,7,0,,
276755,126844,54,153,31,,,Núbia Soares,,,,23,0,,
276757,126845,54,1028,31,,,Tatiele de Carvalho,,,,31,0,,
276758,126846,54,1018,31,,,Vanessa Chefer,,,,23,0,,
276759,126847,54,1014,31,,,Vitória Rosa,,,,7,0,,
276954,126956,54,1014,32,,,Edidiong Odiong,,,,6,0,,
276955,126957,54,1029,32,,,Eunice Kirwa,,,,2,0,,Silver
276956,126958,54,1025,32,,,Hajar Al-Khaldi,,,,6,0,,
276957,126959,54,1025,32,,,Iman Essa,,,,7,0,,
276958,126960,54,339,32,,,Kemi Adekoya,,,,3,0,,
276959,126961,54,1029,32,,,Rose Chelimo,,,,8,0,,
276960,126962,54,1083,32,,,Ruth Jebet,,,,1,0,,Gold
276963,126963,54,339,32,,,Salwa Eid Naser,,,,3,0,,
276964,126964,54,1016,32,,,Tigist Gashaw,,,,11,0,,
276965,126965,54,1083,32,,,Tigest Getent,,,,12,0,,
276967,126967,54,1014,33,,,Maizurah Abdul,,,,8,0,,
276968,126968,54,153,34,,,Gabriela Petrova,,,,22,0,,
276970,126969,54,1029,34,,,Militsa Mircheva,,,,108,0,,
276971,126970,54,1024,34,,,Mirela Demireva,,,,2,0,,Silver
276992,126982,54,1029,37,,,Nary Ly,,,,133,0,,
276996,126986,54,339,38,,,Alicia Brown,,,,5,0,,
276997,126986,54,340,38,,Canada,Alicia Brown,,,,4,0,,
276999,126987,54,496,38,,,Alysha Newman,,,,17,1,,
277001,126988,54,1024,38,,,Alyxandria Treasure,,,,17,0,,
277002,126989,54,1033,38,,,Andrea Seccafien,,,,11,0,,
277005,126990,54,496,38,,,Anicka Newell,,,,29,1,,
277007,126991,54,1030,38,,,Brittany Crew,,,,18,0,,
277009,126992,54,1035,38,,,Chanice Chase-Taylor,,,,8,0,,
277010,126993,54,927,38,,,Christabel Nettey,,,,20,0,,
277012,126994,54,928,38,,Canada,Farah Jacques,,,,6,0,,
277013,126995,54,1016,38,,,Gabriela Stafford,,,,9,0,,
277015,126996,54,1083,38,,,Geneviève Lalonde,,,,16,0,,
277017,126997,54,496,38,,,Kelsie Ahbe,,,,12,0,,
277018,126998,54,339,38,,,Kendra Clarke,,,,6,0,,
277019,126999,54,1025,38,,,Khamica Bingham,,,,3,0,,
277020,126999,54,928,38,,Canada,Khamica Bingham,,,,6,0,,
277022,127000,54,1029,38,,,Krista DuChene,,,,35,0,,
277023,127001,54,1028,38,,,Lanni Marchant,,,,25,0,,
277024,127001,54,1029,38,,,Lanni Marchant,,,,24,0,,
277025,127002,54,1083,38,,,Maria Bernard,,,,13,0,,
277026,127003,54,1028,38,,,Natasha Wodak,,,,22,0,,
277028,127004,54,1035,38,,,Noelle Montcalm,,,,6,0,,
277029,127004,54,340,38,,Canada,Noelle Montcalm,,,,4,0,,
277031,127005,54,1035,38,,,Sage Watson,,,,4,0,,
277032,127005,54,340,38,,Canada,Sage Watson,,,,4,0,,
277035,127006,54,1030,38,,,Taryn Suttie,,,,28,0,,
277272,127107,54,1025,40,,,Cecilia Bouele,,,,8,0,,
277275,127109,54,1033,41,,,Bibiro Ali Taher,,,,2,0,,
277276,127110,54,1014,42,,,Isidora Jiménez,,,,5,0,,
277293,127120,54,1026,43,,,Feng Bin,,,,8,0,,
277295,127121,54,1029,43,,,Yue Chao,,,,53,0,,
277296,127122,54,1015,43,,,Wang Chunyu,,,,8,0,,
277298,127123,54,1030,43,,,Bian Ka,,,,16,0,,
277299,127124,54,928,43,,People's Republic of China,Ge Manqi,,,,4,0,,
277302,127125,54,496,43,,,Ren Mengqian,,,,1,0,,
277303,127126,54,1025,43,,,Yuan Qiqi,,,,6,0,,
277304,127126,54,928,43,,People's Republic of China,Yuan Qiqi,,,,4,0,,
277305,127127,54,1029,43,,,Hua Shaoqing,,,,79,0,,
277306,127128,54,1017,43,,,Liu Shiying,,,,23,0,,
277308,127129,54,1027,43,,,Wu Shuijiao,,,,4,0,,
277309,127130,54,1032,43,,,Liu Tingting,,,,16,0,,
277312,127131,54,928,43,,People's Republic of China,Liang Xiaojing,,,,4,0,,
277315,127132,54,1026,43,,,Su Xinyue,,,,5,0,,
277317,127133,54,1083,43,,,Zhang Xinyan,,,,5,0,,
277318,127134,54,1026,43,,,Chen Yang,,,,7,0,,
277320,100127,54,1030,43,,,Gao Yang,,,,33,0,,
277600,127287,54,1025,44,,,Marie-Josée Ta Lou,,,,4,0,,
277601,127287,54,1014,44,,,Marie-Josée Ta Lou,,,,4,0,,
277610,127292,54,1030,45,,,Auriol Dongmo,,,,12,0,,
277612,127293,54,153,45,,,Joëlle Mbumi Nkouindjin,,,,36,0,,
277629,127308,54,1033,46,,,Béatrice Alice Kamuchanga,,,,16,0,,
277636,127313,54,1029,48,,,Angie Orjuela,,,,43,0,,
277638,127314,54,1018,48,,,Evelis Aguilar,,,,15,0,,
277642,127315,54,1025,48,,,Evelyn Rivera,,,,6,0,,
277643,127316,54,1029,48,,,Kellys Arias,,,,,0,DNF,
277644,127317,54,1016,48,,,Muriel Coneo,,,,10,0,,
277645,127318,54,936,48,,,Sandra Galvis,,,,,0,DNF,
277647,127319,54,936,48,,,Yeseida Carrillo,,,,38,0,,
277648,127320,54,153,48,,,Yosiry Urrutia,,,,20,0,,
277693,127350,54,1025,49,,,Denika Kassim,,,,5,0,,
277699,127356,54,1027,53,,,Andrea Ivančević,,,,6,0,,
277700,127357,54,1029,53,,,Marija Vrajić,,,,119,0,,
277701,127358,54,1029,53,,,Matea Matošević,,,,104,0,,
277702,127359,54,1017,53,,,Sara Kolak,,,,1,0,,Gold
277723,127368,54,1014,55,,,Arialis Gandulla,,,,6,0,,
277724,127369,54,340,55,,Cuba,Gilda Casanova,,,,7,0,,
277725,127370,54,153,55,,,Liadagmis Povea,,,,25,0,,
277728,127371,54,1015,55,,,Lisneidy Veitía,,,,4,0,,
277729,127371,54,340,55,,Cuba,Lisneidy Veitía,,,,7,0,,
277731,127372,54,340,55,,Cuba,Roxana Gómez,,,,7,0,,
277734,127373,54,1015,55,,,Sahily Diago,,,,3,0,,
277736,127374,54,1030,55,,,Saily Viart,,,,26,0,,
277737,127375,54,1030,55,,,Yaniuvis López,,,,22,0,,
277738,127376,54,1032,55,,,Yirisleydi Ford,,,,32,0,,
277739,127377,54,1018,55,,,Yorgelis Rodríguez,,,,7,0,,
277741,127378,54,1017,55,,,Yulenmis Aguilar,,,,29,0,,
277742,127379,54,1035,55,,,Zurian Hechavarría,,,,7,0,,
277769,127389,54,1025,56,,,Ramona Papaioannou,,,,6,0,,
277770,127389,54,1014,56,,,Ramona Papaioannou,,,,4,0,,
277772,127390,54,1024,56,,,Leontia Kallenou,,,,32,1,,
277777,127393,54,936,57,,,Anežka Drahotová,,,,10,0,,
277778,127394,54,1018,57,,,Kateřina Cachová,,,,24,0,,
277781,127395,54,1024,57,,,Michaela Hrubá,,,,18,0,,
277782,127396,54,496,57,,,Romana Maláčová,,,,24,1,,
277817,127408,54,1029,58,,,Anne Baumeister,,,,55,0,,
277818,127409,54,1083,58,,,Anna-Emilie Møller,,,,6,0,,
277821,127410,54,1035,58,,,Stina Troest,,,,4,0,,
277865,127432,54,1016,59,,,Kadra Mohamed,,,,12,0,,
277866,127433,54,153,60,,,Thea LaFond,,,,37,0,,
277869,127435,54,153,61,,,Ana José,,,,27,0,,
277875,127438,54,1025,62,,,Ángela Tenorio,,,,5,0,,
277876,127438,54,1014,62,,,Ángela Tenorio,,,,7,0,,
277879,127439,54,936,62,,,Magaly Bonilla,,,,27,0,,
277880,127440,54,1029,62,,,María Elena Calle,,,,99,0,,
277881,127441,54,936,62,,,Maritza Guamán,,,,36,0,,
277882,127442,54,1025,62,,,Marizol Landázuri,,,,6,0,,
277884,127443,54,1029,62,,,Silvia Paredes,,,,95,0,,
277893,127447,54,1015,63,,,Fatma El-Sharnouby,,,,8,0,,
277944,127476,54,936,66,,,Yesenia Miranda,,,,,0,DNF,
277950,127480,54,1029,67,,,María Azucena Díaz,,,,34,0,,
277951,127481,54,1027,67,,,Caridad Jerez,,,,6,0,,
277952,127482,54,1014,67,,,Estela García,,,,6,0,,
277953,127483,54,1015,67,,,Esther Guerrero,,,,3,0,,
277955,127484,54,1029,67,,,Estela Navascués,,,,,0,DNF,
277956,127485,54,927,67,,,Juliet Itoya,,,,22,0,,
277957,127486,54,936,67,,,Julia Takács,,,,33,0,,
277958,127487,54,927,67,,,María del Mar Jover,,,,36,0,,
277959,127488,54,936,67,,,Raquel González,,,,20,0,,
277961,127489,54,1026,67,,,Sabina Asenjo,,,,23,0,,
277962,127490,54,1028,67,,,Trihas Gebre,,,,29,0,,
278086,127557,54,1029,68,,,Leila Luik,,,,114,0,,
278087,127558,54,1017,68,,,Liina Laasma,,,,20,0,,
278088,127559,54,1029,68,,,Liina Luik,,,,,0,DNF,
278089,127560,54,1029,68,,,Lily Luik,,,,97,0,,
278109,127570,54,1033,69,,,Ababel Yeshaneh,,,,14,0,,
278110,127571,54,1033,69,,,Almaz Ayana,,,,3,0,,Bronze
278111,127571,54,1028,69,,,Almaz Ayana,,,,1,0,,Gold
278112,127572,54,936,69,,,Askale Tiksa,,,,61,0,,
278113,127573,54,1016,69,,,Besu Sado,,,,9,0,,
278114,127574,54,1016,69,,,Dawit Seyaum,,,,8,0,,
278115,127575,54,1015,69,,,Gudaf Tsegay,,,,4,0,,
278117,127576,54,1015,69,,,Habitam Alemu,,,,6,0,,
278119,127577,54,1033,69,,,Senbere Teferi,,,,5,0,,
278121,127578,54,1015,69,,,Tigst Assefa,,,,4,0,,
278122,127579,54,1029,69,,,Tigist Tufa,,,,,0,DNF,
278123,127580,54,1029,69,,,Tirfi Tsegaye,,,,4,0,,
278124,127581,54,936,69,,,Yehualeye Beletew,,,,,0,DQ,
278127,127583,54,1025,71,,,Sisilia Seavula,,,,8,0,,
278147,127598,54,1029,72,,,Anne-Mari Hyryläinen,,,,51,0,,
278148,127599,54,153,72,,,Kristiina Mäkelä,,,,12,0,,
278150,127600,54,1024,72,,,Linda Sandblom,,,,26,0,,
278151,127601,54,1027,72,,,Nooralotta Neziri,,,,6,0,,
278152,127602,54,496,72,,,Wilma Murto,,,,24,1,,
278172,127615,54,1032,73,,,Alexandra Tavernier,,,,11,0,,
278174,127616,54,340,73,,France,Brigitte Ntiamoah,,,,4,0,,
278176,127617,54,928,73,,France,Céline Distel-Bonnet,,,,4,0,,
278177,127618,54,1027,73,,,Cindy Billaud,,,,6,0,,
278178,127619,54,936,73,,,Émilie Menuet,,,,13,0,,
278179,127620,54,928,73,,France,Floriane Gnafoua,,,,4,0,,
278180,127621,54,153,73,,,Jeanine Assani Issouf,,,,19,0,,
278181,127622,54,928,73,,France,Jennifer Galais,,,,4,0,,
278182,127623,54,1015,73,,,Justine Fedronic,,,,5,0,,
278183,127624,54,1017,73,,,Mathilde Andraud,,,,24,0,,
278184,127625,54,1026,73,,,Pauline Pousse,,,,13,0,,
278185,127626,54,1015,73,,,Rénelle Lamote,,,,5,0,,
278187,127627,54,1027,73,,,Sandra Gomis,,,,7,0,,
278188,127628,54,928,73,,France,Stella Akakpo,,,,4,0,,
278369,127722,54,1025,75,,,Lerissa Henry,,,,8,0,,
278373,127725,54,1014,77,,,Gina Bass,,,,5,0,,
278376,127726,54,1029,78,,,Alyson Dixon,,,,28,0,,
278377,127727,54,1025,78,,,Asha Philip,,,,8,0,,
278378,127727,54,928,78,,Great Britain,Asha Philip,,,,3,0,,Bronze
278381,127728,54,1028,78,,,Beth Potter,,,,34,0,,
278382,127729,54,1027,78,,,Cindy Ofili,,,,4,0,,
278384,127730,54,1025,78,,,Daryll Neita,,,,4,0,,
278385,127730,54,928,78,,Great Britain,Daryll Neita,,,,3,0,,Bronze
278388,127731,54,1025,78,,,Desiree Henry,,,,4,0,,
278389,127731,54,928,78,,Great Britain,Desiree Henry,,,,3,0,,Bronze
278390,127732,54,1014,78,,,Dina Asher-Smith,,,,5,0,,
278391,127732,54,928,78,,Great Britain,Dina Asher-Smith,,,,3,0,,Bronze
278394,127733,54,339,78,,,Emily Diamond,,,,6,0,,
278395,127733,54,340,78,,Great Britain,Emily Diamond,,,,3,0,,Bronze
278398,127734,54,1026,78,,,Jade Lally,,,,28,0,,
278400,127735,54,927,78,,,Jazmin Sawyers,,,,8,0,,
278402,127736,54,1028,78,,,Jess Andrews,,,,16,0,,
278403,127737,54,1014,78,,,Jodie Williams,,,,8,0,,
278406,127738,54,340,78,,Great Britain,Kelly Massey,,,,3,0,,Bronze
278407,127739,54,1016,78,,,Laura Muir,,,,7,0,,
278409,127740,54,1033,78,,,Laura Whittle,,,,10,0,,
278410,127741,54,1083,78,,,Lennie Waite,,,,17,0,,
278411,127742,54,927,78,,,Lorraine Ugen,,,,11,0,,
278413,127743,54,1024,78,,,Morgan Lake,,,,10,1,,
278415,127744,54,339,78,,,Seren Bundy-Davies,,,,6,0,,
278416,127745,54,1015,78,,,Shelayna Oskan-Clarke,,,,5,0,,
278417,127746,54,1029,78,,,Sonia Samuels,,,,30,0,,
278543,127812,54,1030,79,,,Jessica Inchude,,,,36,0,,
278547,127815,54,1024,81,,,Valentina Liashenko,,,,32,1,,
278555,127820,54,927,83,,,Alex Wester,,,,34,0,,
278556,127821,54,1029,83,,,Anja Scherl,,,,44,0,,
278557,127822,54,1029,83,,,Anna Hahner,,,,81,0,,
278558,127823,54,496,83,,,Annika Roloff,,,,21,1,,
278559,127824,54,1018,83,,,Carolin Schäfer,,,,5,0,,
278561,127825,54,1032,83,,,Charlene Woitha,,,,29,0,,
278562,127826,54,1015,83,,,Christina Hering,,,,7,0,,
278565,127827,54,1017,83,,,Christin Hussong,,,,12,0,,
278567,127828,54,1018,83,,,Claudia Rath,,,,14,0,,
278568,127829,54,1016,83,,,Diana Sujew,,,,9,0,,
278569,127830,54,340,83,,Germany,Friederike Möhlenkamp,,,,5,0,,
278570,127831,54,1014,83,,,Gina Lückenkemper,,,,5,0,,
278571,127831,54,928,83,,Germany,Gina Lückenkemper,,,,4,0,,
278573,127832,54,1035,83,,,Jackie Baumann,,,,6,0,,
278574,127833,54,153,83,,,Jenny Elbe,,,,13,0,,
278577,127834,54,1016,83,,,Konstanze Klosterhalfen,,,,10,0,,
278579,127835,54,153,83,,,Kristin Gierisch,,,,11,0,,
278581,127836,54,340,83,,Germany,Lara Hoffmann,,,,5,0,,
278582,127837,54,340,83,,Germany,Laura Müller,,,,5,0,,
278584,127838,54,1030,83,,,Lena Urbaniak,,,,30,0,,
278585,127839,54,1029,83,,,Lisa Hahner,,,,82,0,,
278586,127840,54,1014,83,,,Lisa Mayer,,,,7,0,,
278587,127840,54,928,83,,Germany,Lisa Mayer,,,,4,0,,
278589,127841,54,927,83,,,Malaika Mihambo,,,,4,0,,
278591,127842,54,1024,83,,,Marie-Laurence Jungfleisch,,,,7,1,,
278593,127843,54,1083,83,,,Maya Rehberg,,,,15,0,,
278594,127844,54,1014,83,,,Nadine Gonska,,,,4,0,,
278597,127845,54,1027,83,,,Nadine Hildebrand,,,,4,0,,
278598,127846,54,1027,83,,,Pamela Dutkiewicz,,,,4,0,,
278600,127847,54,1025,83,,,Rebekka Haase,,,,5,0,,
278601,127847,54,928,83,,Germany,Rebekka Haase,,,,4,0,,
278603,127848,54,339,83,,,Ruth Spelmeyer,,,,5,0,,
278604,127848,54,340,83,,Germany,Ruth Spelmeyer,,,,5,0,,
278607,127849,54,1083,83,,,Sanaa Koubaa,,,,9,0,,
278608,127850,54,1030,83,,,Sara Gambetta,,,,20,0,,
278611,127851,54,1026,83,,,Shanice Craft,,,,11,0,,
278776,127946,54,928,84,,Ghana,Beatrice Gyaman,,,,7,0,,
278777,127947,54,1025,84,,,Flings Owusu-Agyapong,,,,4,0,,
278778,127947,54,928,84,,Ghana,Flings Owusu-Agyapong,,,,7,0,,
278779,127948,54,928,84,,Ghana,Gemma Acheampong,,,,7,0,,
278780,127949,54,1014,84,,,Janet Amponsah,,,,6,0,,
278781,127949,54,928,84,,Ghana,Janet Amponsah,,,,7,0,,
278784,127952,54,1028,85,,,Alexi Pappas,,,,17,0,,
278785,127953,54,936,85,,,Antigoni Ntrismpioti,,,,15,0,,
278787,127954,54,927,85,,,Chaido Alexouli,,,,32,0,,
278788,127955,54,1026,85,,,Chrysoula Anagnostopoulou,,,,26,0,,
278790,127956,54,339,85,,,Eirini Vasileiou,,,,7,0,,
278792,127957,54,1027,85,,,Elisavet Pesiridou,,,,7,0,,
278794,127958,54,1029,85,,,Ourania Rempouli,,,,88,0,,
278795,127959,54,936,85,,,Panagiota Tsinopoulou,,,,47,0,,
278797,127960,54,1029,85,,,Panagiota Vlachaki,,,,118,0,,
278798,127961,54,153,85,,,Paraskevi Papachristou,,,,8,0,,
278800,127962,54,1029,85,,,Sofia Riga,,,,103,0,,
278823,127974,54,339,86,,,Kanika Beckles,,,,5,0,,
278833,127979,54,1025,88,,,Makoura Keita,,,,4,0,,
278836,127982,54,1025,89,,,Regine Tugade,,,,3,0,,
278838,127983,54,339,90,,,Aliyah Abrams,,,,5,0,,
278840,127984,54,1025,90,,,Brenessa Thompson,,,,7,0,,
278841,127984,54,1014,90,,,Brenessa Thompson,,,,7,0,,
278843,127986,54,1027,91,,,Mulern Jean,,,,1,0,,
278847,127989,54,1029,92,,,Christy Yiu,,,,39,0,,
278892,128002,54,936,94,,,Barbara Kovács,,,,58,0,,
278894,128003,54,1024,94,,,Barbara Szabó,,,,32,1,,
278895,128004,54,936,94,,,Rita Récsei,,,,59,0,,
278896,47782,54,1029,94,,,Tünde Szabó,,,,83,0,,
278897,128006,54,1018,94,,,Xénia Krizsán,,,,16,0,,
278964,128028,54,927,95,,,Maria Natalia Londa,,,,25,0,,
278975,128037,54,340,96,,India,Anilda Thomas,,,,,0,,
278976,128038,54,1025,96,,,Dutee Chand,,,,6,0,,
278979,128039,54,1029,96,,,O. P. Jaisha,,,,89,0,,
278980,128040,54,1029,96,,,Kavita Tungar,,,,120,0,,
278982,128041,54,936,96,,,Khushbir Kaur,,,,54,0,,
278983,128042,54,1083,96,,,Lalita Babar,,,,10,0,,
278984,128043,54,339,96,,,Nirmala Sheoran,,,,,0,DQ,
278985,128043,54,340,96,,India,Nirmala Sheoran,,,,,0,DQ,
278986,128044,54,340,96,,India,M. R. Povamma,,,,,0,,
278987,128045,54,936,96,,,Sapna Punia,,,,,0,DNF,
278988,128046,54,1014,96,,,Srabani Nanda,,,,6,0,,
279054,128080,54,1029,99,,,Breege Connolly,,,,76,0,,
279055,128081,54,1015,99,,,Ciara Everard,,,,8,0,,
279056,128082,54,1016,99,,,Ciara Mageean,,,,11,0,,
279058,128083,54,1083,99,,,Kerry O'Flaherty,,,,14,0,,
279059,128084,54,1029,99,,,Lizzie Lee,,,,57,0,,
279060,128085,54,1083,99,,,Michelle Finn,,,,11,0,,
279062,128086,54,1083,99,,,Sara Treacy,,,,17,0,,
279083,128098,54,1015,101,,,Aníta Hinriksdóttir,,,,6,0,,
279088,128100,54,1029,102,,,Lonah Chemtai,,,,,0,DNF,
279090,128101,54,1029,102,,,Maor Tiyouri,,,,90,0,,
279132,128123,54,1024,104,,,Alessia Trost,,,,5,0,,
279134,128124,54,936,104,,,Antonella Palmisano,,,,4,0,,
279136,128125,54,1035,104,,,Ayomide Folorunso,,,,7,0,,
279137,128125,54,340,104,,Italy,Ayomide Folorunso,,,,5,0,,
279139,128126,54,1029,104,,,Catherine Bertone,,,,25,0,,
279140,128127,54,153,104,,,Dariya Derkach,,,,28,0,,
279142,128128,54,1024,104,,,Desiree Rossit,,,,16,0,,
279143,128129,54,339,104,,,Maria Benedicta Chigbolu,,,,3,0,,
279144,128129,54,340,104,,Italy,Maria Benedicta Chigbolu,,,,5,0,,
279146,128130,54,1016,104,,,Margherita Magnani,,,,11,0,,
279147,128131,54,496,104,,,Sonia Malavisi,,,,21,1,,
279148,128132,54,1028,104,,,Veronica Inglese,,,,30,0,,
279149,128133,54,1035,104,,,Yadisleidy Pedroso,,,,5,0,,
279151,128134,54,1015,104,,,Yuneysi Santiusti,,,,7,0,,
279280,128200,54,1014,105,,,Ashley Kelly,,,,5,0,,
279285,128202,54,1083,106,,,Aisha Praught,,,,14,0,,
279287,128203,54,340,106,,Jamaica,Anneisha McLaughlin-Whilby,,,,2,0,,Silver
279288,128204,54,340,106,,Jamaica,Chrisann Gordon,,,,2,0,,Silver
279289,128205,54,1032,106,,,Daina Levy,,,,30,0,,
279290,128206,54,1030,106,,,Danniel Thomas,,,,25,0,,
279292,128207,54,1025,106,,,Elaine Thompson,,,,1,0,,Gold
279293,128207,54,1014,106,,,Elaine Thompson,,,,1,0,,Gold
279294,128207,54,928,106,,Jamaica,Elaine Thompson,,,,2,0,,Silver
279298,128208,54,1026,106,,,Kellion Knibb,,,,1,0,,
279299,128209,54,1035,106,,,Leah Nugent,,,,6,0,,
279302,128210,54,1027,106,,,Megan Simmonds,,,,5,0,,
279304,128211,54,1015,106,,,Natoya Goule,,,,3,0,,
279306,128212,54,1035,106,,,Ristananna Tracey,,,,5,0,,
279307,128213,54,928,106,,Jamaica,Shashalee Forbes,,,,2,0,,Silver
279308,128214,54,1026,106,,,Shadae Lawrence,,,,22,0,,
279310,128215,54,153,106,,,Shanieka Thomas,,,,14,0,,
279313,128216,54,339,106,,,Shericka Jackson,,,,3,0,,Bronze
279314,128216,54,340,106,,Jamaica,Shericka Jackson,,,,2,0,,Silver
279319,128217,54,1015,106,,,Simoya Campbell,,,,7,0,,
279320,128218,54,1014,106,,,Simone Facey,,,,3,0,,
279321,128218,54,928,106,,Jamaica,Simone Facey,,,,2,0,,Silver
279322,128219,54,339,106,,,Stephenie McPherson,,,,6,0,,
279323,128219,54,340,106,,Jamaica,Stephenie McPherson,,,,2,0,,Silver
279326,128220,54,1026,106,,,Tarasue Barnett,,,,16,0,,
279333,128223,54,1083,108,,,Anju Takamizawa,,,,17,0,,
279334,128224,54,1033,108,,,Ayuko Suzuki,,,,12,0,,
279336,128225,54,1028,108,,,Hanami Sekine,,,,20,0,,
279337,128226,54,927,108,,,Konomi Kai,,,,37,0,,
279338,128227,54,936,108,,,Kumiko Okada,,,,16,0,,
279340,128228,54,1029,108,,,Mai Ito,,,,46,0,,
279341,128229,54,1033,108,,,Misaki Onishi,,,,9,0,,
279342,128230,54,1033,108,,,Miyuki Uehara,,,,15,0,,
279343,128231,54,1029,108,,,Tomomi Tanaka,,,,19,0,,
279344,128232,54,1028,108,,,Yuka Takashima,,,,18,0,,
279546,128334,54,1035,109,,,Aleksandra Romanova,,,,8,0,,
279547,128335,54,339,109,,,Anastasiya Kudinova,,,,,0,DQ,
279548,128336,54,936,109,,,Diana Aydosova,,,,62,0,,
279551,128337,54,339,109,,,Elina Mikhina,,,,6,0,,
279552,128338,54,1029,109,,,Gulzhanat Zhanatbek,,,,,0,DNF,
279553,128339,54,1029,109,,,Irina Smolnikova,,,,122,0,,
279554,128340,54,1026,109,,,Mariya Telushkina,,,,32,0,,
279555,128341,54,936,109,,,Polina Repina,,,,,0,DQ,
279556,128342,54,1025,109,,,Rima Kashafutdinova,,,,7,0,,
279557,128342,54,928,109,,Kazakhstan,Rima Kashafutdinova,,,,2,0,,
279558,128343,54,153,109,,,Yekaterina Ektova,,,,29,0,,
279559,128344,54,928,109,,Kazakhstan,Yuliya Rakhmanova,,,,2,0,,
279592,128366,54,1028,110,,,Alice Aprot,,,,4,0,,
279593,128367,54,1083,110,,,Beatrice Chepkoech,,,,4,0,,
279595,128368,54,1028,110,,,Betsy Saina,,,,5,0,,
279596,128369,54,936,110,,,Grace Wanjiru,,,,42,0,,
279597,128370,54,1029,110,,,Helah Kiprop,,,,,0,DNF,
279598,128371,54,1083,110,,,Hyvin Kiyeng,,,,2,0,,Silver
279600,128372,54,1029,110,,,Jemima Sumgong,,,,1,0,,Gold
279601,128373,54,1015,110,,,Margaret Wambui,,,,3,0,,Bronze
279602,128374,54,1033,110,,,Mercy Cherono,,,,4,0,,
279603,128375,54,1016,110,,,Nancy Chepkwemoi,,,,11,0,,
279604,128376,54,1016,110,,,Viola Lagat,,,,6,0,,
279605,128377,54,1029,110,,,Visiline Jepkesho,,,,86,0,,
279606,128378,54,1015,110,,,Winny Chebet,,,,6,0,,
279624,128392,54,1028,111,,,Darya Maslova,,,,19,0,,
279626,128393,54,1029,111,,,Mariya Korobitskaya,,,,94,0,,
279627,128394,54,1029,111,,,Viktoriia Poliudina,,,,62,0,,
279629,128396,54,1025,112,,,Karitaake Tewaaki,,,,8,0,,
279634,128399,54,936,113,,,Lee Da-Seul,,,,,0,DQ,
279635,128400,54,1029,113,,,An Seul-Gi,,,,42,0,,
279731,128452,54,339,114,,,Vijona Kryeziu,,,,7,0,,
279736,128456,54,1025,115,,,Kariman Abuljadayel,,,,7,0,,
279740,128459,54,1029,118,,,Ariana Hilborna,,,,106,0,,
279741,128460,54,339,118,,,Gunta Latiševa-Čudare,,,,5,0,,
279742,128461,54,1029,118,,,Ilona Marhele,,,,61,0,,
279755,128467,54,339,121,,,Mariam Kromah,,,,5,0,,
279756,128468,54,1024,122,,,Jeannelle Scheper,,,,25,0,,
279762,128470,54,1015,123,,,Tsepang Sello,,,,8,0,,
279766,128473,54,1029,126,,,Vaida Žūsinaitė,,,,38,0,,
279767,128474,54,936,126,,,Živilė Vaiciukevičiūtė,,,,56,0,,
279774,128480,54,1015,127,,,Charline Mathias,,,,8,0,,
279784,128485,54,1083,130,,,Fadwa Sidi Madane,,,,11,0,,
279785,128486,54,1029,130,,,Kawtar Boulaid,,,,,0,DNF,
279786,128487,54,1015,130,,,Rababe Arafi,,,,2,0,,
279787,128487,54,1016,130,,,Rababe Arafi,,,,12,0,,
279802,128498,54,1025,131,,,Zaidatul Husniah Zulkifli,,,,8,0,,
279817,128506,54,1029,132,,,Tereza Master,,,,98,0,,
279824,128509,54,1030,133,,,Dimitriana Surdu,,,,35,0,,
279826,128510,54,1029,133,,,Lilia Fisikovici,,,,27,0,,
279828,128511,54,1026,133,,,Natalia Artic-Stratulat,,,,30,0,,
279834,128514,54,936,135,,,Alejandra Ortega,,,,41,0,,
279835,128515,54,1028,135,,,Brenda Flores,,,,32,0,,
279836,128516,54,936,135,,,María Guadalupe González,,,,2,0,,Silver
279837,128517,54,1029,135,,,Margarita Hernández,,,,48,0,,
279838,128518,54,927,135,,,Yvonne Treviño,,,,30,0,,
279878,128539,54,1029,136,,,Bayartsogtyn Mönkhzayaa,,,,72,0,,
279891,128548,54,1025,137,,,Mariana Cress,,,,6,0,,
279895,128551,54,1035,138,,,Drita Islami,,,,7,0,,
279899,128555,54,339,139,,,Djénébou Danté,,,,4,0,,
279901,128556,54,1025,140,,,Charlotte Wingfield,,,,8,0,,
279918,128565,54,1014,144,,,Aurelie Alcindor,,,,7,0,,
279923,128568,54,1015,145,,,Houleye Ba,,,,8,0,,
279927,128570,54,1015,146,,,Myint Swe Li,,,,7,0,,
279929,128572,54,1029,147,,,Alina Armas,,,,75,0,,
279935,128576,54,1029,150,,,Andrea Deelstra,,,,60,0,,
279937,128577,54,1018,150,,,Anouk Vetter,,,,10,0,,
279939,128578,54,496,150,,,Femke Pluim,,,,29,1,,
279940,128579,54,1028,150,,,Jip Vastenburg,,,,28,0,,
279941,128580,54,340,150,,Netherlands,Laura de Witte,,,,5,0,,
279944,128581,54,340,150,,Netherlands,Lisanne de Witte,,,,5,0,,
279948,128582,54,340,150,,Netherlands,Madiea Ghafoor,,,,5,0,,
279949,128583,54,1016,150,,,Maureen Koster,,,,8,0,,
279950,128584,54,1030,150,,,Melissa Boekelman,,,,15,0,,
279951,128585,54,1027,150,,,Nadine Visser,,,,4,0,,
279952,128585,54,1018,150,,,Nadine Visser,,,,19,0,,
279955,128586,54,928,150,,Netherlands,Naomi Sedney,,,,5,0,,
279957,128587,54,340,150,,Netherlands,Nicky van Leuveren,,,,5,0,,
279958,128588,54,1015,150,,,Sifan Hassan,,,,5,0,,
279959,128588,54,1016,150,,,Sifan Hassan,,,,5,0,,
279963,128589,54,1033,150,,,Susan Kuijken,,,,8,0,,
279964,128589,54,1028,150,,,Susan Kuijken,,,,14,0,,
279966,128590,54,1014,150,,,Tessa van Schagen,,,,4,0,,
279967,128590,54,928,150,,Netherlands,Tessa van Schagen,,,,5,0,,
280130,128667,54,1016,151,,,Saraswati Bhattarai,,,,13,0,,
280135,128671,54,1035,153,,,Amaka Ogoegbunam,,,,4,0,,
280136,128672,54,1026,153,,,Chinwe Okoro,,,,14,0,,
280137,128673,54,927,153,,,Ese Brume,,,,5,0,,
280140,128674,54,1025,153,,,Jennifer Madu,,,,4,0,,
280141,128674,54,928,153,,Nigeria,Jennifer Madu,,,,7,0,,
280142,128675,54,339,153,,,Margaret Bamgbose,,,,6,0,,
280143,128676,54,1030,153,,,Nikki Okwelogu,,,,29,0,,
280144,128677,54,1027,153,,,Tobi Amusan,,,,3,0,,
280147,128678,54,339,153,,,Patience Okon George,,,,8,0,,
280161,128685,54,339,154,,,Mariama Mamoudou Ittatou,,,,6,0,,
280164,128687,54,1035,155,,,Amalie Iuel,,,,6,0,,
280166,128688,54,1015,155,,,Hedda Hynne,,,,5,0,,
280168,128689,54,1083,155,,,Ingeborg Løvnes,,,,13,0,,
280169,128690,54,1027,155,,,Isabelle Pedersen,,,,3,0,,
280192,128707,54,936,157,,,Alana Barber,,,,35,0,,
280193,128708,54,1015,157,,,Angie Petty,,,,4,0,,
280194,128709,54,496,157,,,Eliza McCartney,,,,3,0,,Bronze
280195,128710,54,1016,157,,,Nikki Hamblin,,,,13,0,,
280196,128710,54,1033,157,,,Nikki Hamblin,,,,17,0,,
280300,128769,54,1025,158,,,Mazoon Al-Alawi,,,,8,0,,
280303,128771,54,1014,159,,,Najma Parveen,,,,8,0,,
280307,128774,54,1027,160,,,Yvette Lewis,,,,8,0,,
280317,128779,54,1029,161,,,Carmen Martínez,,,,115,0,,
280319,128781,54,936,162,,,Jessica Hancco,,,,51,0,,
280320,128782,54,1029,162,,,Jovana de la Cruz,,,,36,0,,
280323,128783,54,936,162,,,Kimberly García,,,,14,0,,
280338,128789,54,1029,163,,,Mary Tabal,,,,124,0,,
280341,128792,54,1029,164,,,Mayada Al-Sayed,,,,67,0,,
280350,128798,54,1015,167,,,Angelika Cichocka,,,,8,0,,
280351,128798,54,1016,167,,,Angelika Cichocka,,,,12,0,,
280352,128799,54,153,167,,,Anna Jagaciak,,,,10,0,,
280353,128800,54,1016,167,,,Danuta Urbanik,,,,10,0,,
280354,128801,54,1035,167,,,Emilia Ankiewicz,,,,7,0,,
280357,128802,54,1025,167,,,Ewa Swoboda,,,,7,0,,
280358,128802,54,928,167,,Poland,Ewa Swoboda,,,,6,0,,
280359,128803,54,1029,167,,,Iwona Lewandowska,,,,21,0,,
280360,128804,54,1015,167,,,Joanna Jóźwik,,,,5,0,,
280362,128805,54,1035,167,,,Joanna Linkiewicz,,,,3,0,,
280364,128806,54,1024,167,,,Kamila Lićwinko,,,,9,0,,
280367,128807,54,1027,167,,,Karolina Kołeczek,,,,6,0,,
280368,128808,54,928,167,,Poland,Klaudia Konopko,,,,6,0,,
280369,128809,54,339,167,,,Małgorzata Hołub,,,,7,0,,
280370,128809,54,340,167,,Poland,Małgorzata Hołub,,,,6,0,,
280373,128810,54,1032,167,,,Malwina Kopron,,,,15,0,,
280375,128811,54,1017,167,,,Maria Andrejczyk,,,,4,0,,
280377,128812,54,1030,167,,,Paulina Guba,,,,13,0,,
280379,128813,54,1016,167,,,Sofia Ennaoui,,,,10,0,,
280440,128848,54,1028,168,,,Carla Salomé Rocha,,,,26,0,,
280442,128849,54,339,168,,,Cátia Azevedo,,,,4,0,,
280444,128850,54,936,168,,,Daniela Cardoso,,,,37,0,,
280445,128851,54,496,168,,,Marta Onofre,,,,24,1,,
280446,128852,54,1016,168,,,Marta Pen Freitas,,,,12,0,,
280448,128853,54,153,168,,,Susana Costa,,,,9,0,,
280472,128862,54,1029,169,,,Kim Hye-Gyong,,,,11,0,,
280473,124608,54,1029,169,,,Kim Hye-Song,,,,10,0,,
280488,128873,54,1018,170,,,Alysbeth Félix,,,,26,0,,
280489,128874,54,1014,170,,,Celiangelí Morales,,,,5,0,,
280490,128875,54,496,170,,,Diamara Planell,,,,29,1,,
280491,128876,54,1035,170,,,Grace Claxton,,,,5,0,,
280492,128877,54,1027,170,,,Jasmine Camacho-Quinn,,,,2,0,,
280522,128896,54,339,171,,,Dalal Al-Harith,,,,7,0,,
280523,128897,54,1016,64,,,Anjelina Nadai Lohalith,,,,14,0,,
280525,128898,54,1015,64,,,Rose Nathike,,,,7,0,,
280531,128901,54,340,175,,Romania,Adelina Pastor,,,,6,0,,
280533,128902,54,927,175,,,Alina Rotaru-Kottmann,,,,18,0,,
280535,128903,54,340,175,,Romania,Anamaria Ioniță,,,,6,0,,
280536,128904,54,936,175,,,Ana Rodean,,,,50,0,,
280537,128905,54,936,175,,,Andreea Arsine,,,,45,0,,
280538,128906,54,340,175,,Romania,Andrea Miklós,,,,6,0,,
280539,128907,54,1015,175,,,Claudia Bobocea,,,,6,0,,
280541,128908,54,153,175,,,Elena Panțuroiu,,,,16,0,,
280542,128909,54,1015,175,,,Florina Pierdevară,,,,7,0,,
280543,128909,54,1016,175,,,Florina Pierdevară,,,,12,0,,
280544,128910,54,1029,175,,,Paula Todoran,,,,101,0,,
280594,128940,54,1025,176,,,Alyssa Conley,,,,6,0,,
280595,128940,54,1014,176,,,Alyssa Conley,,,,4,0,,
280596,128941,54,936,176,,,Anél Oosthuizen,,,,63,0,,
280597,128942,54,1025,176,,,Carina Horn,,,,6,0,,
280598,128943,54,1029,176,,,Christine Kalmer,,,,96,0,,
280599,128944,54,1029,176,,,Dinah Phalula,,,,63,0,,
280600,128945,54,1028,176,,,Dominique Scott-Efurd,,,,21,0,,
280603,128946,54,1014,176,,,Justine Palframan,,,,5,0,,
280604,128946,54,339,176,,,Justine Palframan,,,,7,0,,
280605,128947,54,927,176,,,Lynique Prinsloo,,,,33,0,,
280606,128948,54,1035,176,,,Wenda Nel,,,,6,0,,
280634,128966,54,927,177,,,Darya Klishina,,,,9,0,,
280813,129049,54,1028,178,,,Salome Nyirarukundo,,,,27,0,,
280835,129068,54,1029,184,,,Neo Jie Shi,,,,131,0,,
280855,129080,54,1014,186,,,Tameka Williams,,,,6,0,,
280856,129081,54,1025,187,,,Hafsatu Kamara,,,,8,0,,
280858,129083,54,1029,188,,,Daneja Grandovec,,,,,0,DNF,
280859,129084,54,1014,188,,,Maja Mihalinec,,,,6,0,,
280862,129085,54,1024,188,,,Maruša Černjul,,,,21,0,,
280882,129094,54,1033,190,,,Sharon Firisua,,,,15,0,,
280886,129095,54,339,191,,,Maryan Muse,,,,8,0,,
280887,129096,54,1015,192,,,Amela Terzić,,,,7,0,,
280888,129096,54,1016,192,,,Amela Terzić,,,,10,0,,
280889,129097,54,339,192,,,Tamara Salaški,,,,2,0,,
280943,129121,54,1029,193,,,Niluka Geethani Rajasekara,,,,129,0,,
280947,129123,54,1014,194,,,Margret Hassan,,,,8,0,,
280950,129125,54,928,197,,Switzerland,Ajla del Ponte,,,,5,0,,
280955,129126,54,496,197,,,Angelica Moser,,,,23,0,,
280957,129127,54,1027,197,,,Clélia Rard-Reuse,,,,5,0,,
280958,129128,54,1083,197,,,Fabienne Schlumpf,,,,18,0,,
280960,129129,54,1035,197,,,Petra Fontanive,,,,6,0,,
280961,129130,54,928,197,,Switzerland,Salomé Kora,,,,5,0,,
280964,129131,54,928,197,,Switzerland,Sarah Atcho,,,,5,0,,
280965,129132,54,1015,197,,,Selina Büchel,,,,3,0,,
281012,129154,54,1025,198,,,Sunayna Wahi,,,,8,0,,
281015,129157,54,339,199,,,Iveta Putalová,,,,4,0,,
281016,129158,54,936,199,,,Mária Gáliková,,,,55,0,,
281031,129164,54,1016,200,,,Meraf Bahta,,,,6,0,,
281033,129165,54,1083,200,,,Charlotta Fougberg,,,,8,0,,
281034,129166,54,1024,200,,,Erika Kinsey,,,,29,1,,
281037,129167,54,927,200,,,Khaddi Sagnia,,,,27,0,,
281039,129168,54,1015,200,,,Lovisa Lindh,,,,4,0,,
281040,129169,54,496,200,,,Michaela Meijer,,,,17,1,,
281042,129170,54,1028,200,,,Sarah Lahti,,,,12,0,,
281044,129171,54,1024,200,,,Sofie Skoog,,,,7,1,,
281122,129211,54,1029,203,,,Sara Ramadhani,,,,121,0,,
281126,129213,54,1025,205,,,Taina Halasima,,,,6,0,,
281128,129215,54,1029,206,,,Jane Vongvorachoti,,,,91,0,,
281129,129216,54,1029,206,,,Natthaya Thanaronnawat,,,,130,0,,
281131,129217,54,1026,206,,,Subenrat Insaeng,,,,24,0,,
281161,129234,54,1014,207,,,Kristina Pronzhenko,,,,8,0,,
281166,129236,54,1014,208,,,Ýelena Rýabowa,,,,8,0,,
281175,129241,54,1016,209,,,Nelia Martins,,,,13,0,,
281177,129243,54,1025,210,,,Prenam Pesse,,,,4,0,,
281183,129246,54,1029,211,,,Hsieh Chien-Ho,,,,113,0,,
281184,129247,54,1029,211,,,Chen Yu-Hsuan,,,,127,0,,
281212,129262,54,928,212,,Trinidad and Tobago,Khalifa St. Fort,,,,5,0,,
281214,129263,54,1014,212,,,Reyare Thomas,,,,5,0,,
281215,129264,54,1035,212,,,Sparkle McKnight,,,,5,0,,
281223,129267,54,936,213,,,Chahinez Nasri,,,,60,0,,
281247,129279,54,1030,214,,,Emel Dereli,,,,24,0,,
281249,129280,54,1029,214,,,Esma Aydemir,,,,58,0,,
281250,129281,54,1083,214,,,Meryem Akdağ,,,,14,0,,
281251,129282,54,1029,214,,,Meryem Erdoğan,,,,112,0,,
281253,129283,54,1083,214,,,Tuğba Güvenç,,,,14,0,,
281254,129284,54,1033,214,,,Yasemin Can,,,,6,0,,
281255,129284,54,1028,214,,,Yasemin Can,,,,7,0,,
281303,129309,54,1028,216,,,Alia Saeed,,,,23,0,,
281307,129312,54,1015,218,,,Halimah Nakaayi,,,,6,0,,
281309,129313,54,1033,218,,,Juliet Chekwel,,,,9,0,,
281310,129313,54,1028,218,,,Juliet Chekwel,,,,,0,DNF,
281312,129314,54,1029,218,,,Nyakisi Adero,,,,68,0,,
281313,129315,54,1083,218,,,Peruth Chemutai,,,,7,0,,
281315,129316,54,1033,218,,,Stella Chesang,,,,13,0,,
281316,129317,54,1015,218,,,Winnie Nanyondo,,,,5,0,,
281328,129320,54,1018,219,,,Alina Fodorova,,,,,0,DQ,
281329,129321,54,927,219,,,Anna Kornuta,,,,19,0,,
281330,129322,54,927,219,,,Anna Lunova,,,,31,0,,
281331,129323,54,1027,219,,,Hanna Plotitsyna,,,,7,0,,
281332,129324,54,1030,219,,,Halyna Obleshchuk,,,,34,0,,
281333,129325,54,936,219,,,Inna Kashyna,,,,21,0,,
281334,129326,54,1024,219,,,Iryna Herashchenko,,,,10,1,,
281336,129327,54,1032,219,,,Iryna Klymets,,,,28,0,,
281338,129328,54,339,219,,,Yuliya Olishevska,,,,,0,DQ,
281340,129329,54,1017,219,,,Kateryna Derun,,,,17,0,,
281341,129330,54,927,219,,,Maryna Bekh,,,,2,0,,
281343,129331,54,496,219,,,Maryna Kylypko,,,,14,1,,
281345,129332,54,1083,219,,,Mariya Shatalova,,,,6,0,,
281346,129333,54,1029,219,,,Nataliya Lehonkova,,,,87,0,,
281347,129334,54,1015,219,,,Nataliya Pryshchepa,,,,4,0,,
281348,129335,54,1014,219,,,Nataliya Strohova,,,,7,0,,
281349,129336,54,1032,219,,,Nataliya Zolotukhina,,,,31,0,,
281350,129337,54,1024,219,,,Oksana Okunieva,,,,22,1,,
281351,129338,54,1027,219,,,Oksana Shkurat,,,,7,0,,
281353,129339,54,1035,219,,,Olena Kolesnichenko,,,,8,0,,
281354,129340,54,1027,219,,,Olena Yanovska,,,,7,0,,
281355,129341,54,1030,219,,,Olha Holodna,,,,27,0,,
281357,129342,54,339,219,,,Olha Bibik,,,,5,0,,
281358,129342,54,340,219,,Ukraine,Olha Bibik,,,,,0,,
281359,129343,54,1029,219,,,Olha Kotovska,,,,33,0,,
281360,129344,54,1015,219,,,Olha Liakhova,,,,6,0,,
281361,129345,54,153,219,,,Ruslana Tsykhotska,,,,26,0,,
281362,129346,54,1029,219,,,Svitlana Stanko,,,,66,0,,
281363,129347,54,340,219,,Ukraine,Tetiana Melnyk,,,,,0,,
281366,129348,54,936,219,,,Valentyna Myronchuk,,,,46,0,,
281367,129349,54,1035,219,,,Viktoriya Tkachuk,,,,8,0,,
281372,129350,54,1024,219,,,Yuliya Levchenko,,,,19,0,,
281463,129397,54,1033,223,,,Abbey D'Agostino,,,,2,0,,
281464,129398,54,1015,223,,,Ajeé Wilson,,,,3,0,,
281466,129399,54,496,223,,,Lexi Weeks,,,,19,1,,
281467,129400,54,153,223,,,Andrea Geubelle,,,,21,0,,
281468,129401,54,1035,223,,,Ashley Spencer,,,,3,0,,Bronze
281469,129402,54,1018,223,,,Barbara Nwaba,,,,12,0,,
281470,129403,54,1016,223,,,Brenda Martinez,,,,12,0,,
281471,129404,54,1027,223,,,Brianna Rollins,,,,1,0,,Gold
281472,129405,54,153,223,,,Christina Epps,,,,15,0,,
281473,129406,54,1015,223,,,Chrishuna Williams,,,,6,0,,
281474,129407,54,1083,223,,,Colleen Quigley,,,,8,0,,
281475,129408,54,1083,223,,,Courtney Frerichs,,,,11,0,,
281477,129409,54,340,223,,United States,Courtney Okolo,,,,1,0,,Gold
281478,129410,54,1035,223,,,Dalilah Muhammad,,,,1,0,,Gold
281481,129411,54,1032,223,,,DeAnna Price,,,,8,0,,
281483,129412,54,1014,223,,,Deajah Stevens,,,,7,0,,
281484,129413,54,1028,223,,,Emily Infeld,,,,11,0,,
281485,129414,54,1025,223,,,English Gardner,,,,7,0,,
281486,129414,54,928,223,,United States,English Gardner,,,,1,0,,Gold
281488,129415,54,1030,223,,,Felisha Johnson,,,,14,0,,
281489,129416,54,1032,223,,,Gwen Berry,,,,14,0,,
281491,129417,54,1018,223,,,Heather Miller-Koch,,,,18,0,,
281492,129418,54,1024,223,,,Inika McPherson,,,,10,1,,
281493,129419,54,1014,223,,,Jenna Prandini,,,,4,0,,
281497,129420,54,1015,223,,,Kate Grace,,,,8,0,,
281498,129421,54,1026,223,,,Kelsey Card,,,,25,0,,
281500,129422,54,1018,223,,,Kendell Williams,,,,17,0,,
281502,129423,54,153,223,,,Keturah Orji,,,,4,0,,
281504,129424,54,1027,223,,,Kristi Castlin,,,,3,0,,Bronze
281505,129425,54,1017,223,,,Maggie Malone,,,,25,0,,
281507,129426,54,1028,223,,,Marielle Hall,,,,33,0,,
281508,129427,54,936,223,,,Miranda Melville,,,,34,0,,
281509,129428,54,928,223,,United States,Morolake Akinosun,,,,1,0,,Gold
281510,129429,54,1027,223,,,Nia Ali,,,,2,0,,Silver
281511,129430,54,339,223,,,Phyllis Francis,,,,5,0,,
281512,129430,54,340,223,,United States,Phyllis Francis,,,,1,0,,Gold
281513,129431,54,1030,223,,,Raven Saunders,,,,5,0,,
281515,129432,54,496,223,,,Sandi Morris,,,,2,0,,Silver
281517,129433,54,1033,223,,,Shelby Houlihan,,,,11,0,,
281518,129434,54,1026,223,,,Shelbi Vaughan,,,,29,0,,
281519,129435,54,1035,223,,,Sydney McLaughlin,,,,5,0,,
281522,129436,54,340,223,,United States,Taylor Ellis-Watson,,,,1,0,,Gold
281523,129437,54,1025,223,,,Tori Bowie,,,,2,0,,Silver
281524,129437,54,1014,223,,,Tori Bowie,,,,3,0,,Bronze
281525,129437,54,928,223,,United States,Tori Bowie,,,,1,0,,Gold
281526,129438,54,1024,223,,,Vashti Cunningham,,,,13,1,,
281528,129439,54,1026,223,,,Whitney Ashley,,,,1,0,,
281771,129577,54,1028,224,,,Yekaterina Tunguskova,,,,,0,DNF,
281772,129578,54,1018,224,,,Yekaterina Voronina,,,,,0,DNF,
281774,129579,54,1029,224,,,Marina Khmelevskaya,,,,77,0,,
281775,129580,54,1025,224,,,Nigina Sharipova,,,,5,0,,
281776,129580,54,1014,224,,,Nigina Sharipova,,,,6,0,,
281777,129581,54,1028,224,,,Sitora Khamidova,,,,24,0,,
281778,129581,54,1029,224,,,Sitora Khamidova,,,,54,0,,
281779,129582,54,1027,224,,,Valentina Kibalnikova,,,,6,0,,
281795,129593,54,1030,226,,,Ahymará Espinoza,,,,19,0,,
281797,129594,54,153,226,,,Yulimar Rojas,,,,2,0,,Silver
281820,129608,54,339,227,,,Nguyễn Thị Huyền,,,,6,0,,
281821,129608,54,1035,227,,,Nguyễn Thị Huyền,,,,7,0,,
281833,129618,54,339,235,,,Kabange Mupopo,,,,7,0,,
281834,129619,54,1029,236,,,Rutendo Nyahora,,,,92,0,,
281853,129638,54,43,1,,Afghanistan,Abdul Wahab Zahiri,24,175,68,7,0,,
281855,129640,54,49,4,,,Izmir Smajlaj,,,,21,0,,
281857,129641,54,1013,5,,,Abdelmalik Lahoulou,,,,4,0,,
281859,129642,54,1019,5,,,Ali Massaoudi,,,,1,0,,
281860,129643,54,45,5,,,Amine Belferar,,,,7,0,,
281862,129644,54,1019,5,,,Bilal Tabti,,,,11,0,,
281863,129645,54,96,5,,,El-Hadi Laameche,,,,,0,DNF,
281864,129646,54,96,5,,,Hakim Sadi,,,,103,0,,
281865,129647,54,1019,5,,,Hicham Bouchicha,,,,8,0,,
281867,129648,54,157,5,,,Larbi Bourrada,,,,5,0,,
281868,129649,54,1013,5,,,Miloud Rahmouni,,,,5,0,,
281869,129650,54,95,5,,,Salim Keddar,,,,11,0,,
281870,129651,54,45,5,,,Yassine Hethat,,,,3,0,,
281920,129686,54,45,6,,,Pol Moya,,,,6,0,,
281925,129688,54,43,7,,Angola,Hermenegildo Leite,16,171,63,7,0,,
281933,129694,54,43,8,,Antigua and Barbuda,Cejhae Greene,20,174,72,7,0,,
281934,129694,54,400,8,,Antigua and Barbuda,Cejhae Greene,,,,6,0,,
281936,129695,54,400,8,,Antigua and Barbuda,Chavaughn Walsh,,,,6,0,,
281937,129696,54,400,8,,Antigua and Barbuda,Jared Jarvis,,,,6,0,,
281939,129697,54,400,8,,Antigua and Barbuda,Tahir Walsh,,,,6,0,,
281944,129699,54,96,10,,,Federico Bruno,,,,136,0,,
281945,129700,54,96,10,,,Luis Molina,,,,88,0,,
281946,129701,54,96,10,,,Mariano Mastromarino,,,,53,0,,
282064,129786,54,50,11,,,Levon Aghasyan,,,,36,0,,
282096,129806,54,43,13,,American Samoa,Isaac Silafau,25,175,68,5,0,,
282106,129811,54,467,14,,,Alex Hartmann,,,,5,0,,
282108,129812,54,47,14,,,Brandon Starc,,,,15,0,,
282110,129813,54,1022,14,,Australia,Brendon Reading,27,183,62,40,0,,
282111,129814,54,1020,14,,,Brett Robinson,,,,14,0,,
282114,129815,54,383,14,,,Damien Birkinhead,,,,10,0,,
282115,129816,54,1021,14,,Australia,Dane Bird-Smith,24,187,72,3,0,,Bronze
282116,129817,54,398,14,,,Hamish Peacock,,,,25,0,,
282117,129818,54,47,14,,,Joel Baden,,,,41,1,,
282118,129819,54,398,14,,,Josh Robinson,,,,13,0,,
282119,129820,54,48,14,,,Kurtis Marschall,,,,15,0,,
282121,129821,54,96,14,,,Liam Adams,,,,31,0,,
282123,129822,54,45,14,,,Luke Mathews,,,,7,0,,
282124,129822,54,95,14,,,Luke Mathews,,,,12,0,,
282125,129823,54,393,14,,,Matthew Denny,,,,19,0,,
282127,129824,54,1020,14,,,Patrick Tiernan,,,,13,0,,
282130,129825,54,45,14,,,Peter Bol,,,,6,0,,
282132,129826,54,1021,14,,Australia,Rhydian Cowley,25,181,65,33,0,,
282134,129827,54,1020,14,,,Sam McEntee,,,,18,0,,
282135,129828,54,96,14,,,Scott Westcott,,,,80,0,,
282330,129933,54,393,15,,,Lukas Weißhaidinger,,,,6,0,,
282370,129956,54,96,16,,,Evans Kiplagat,,,,28,0,,
282373,129957,54,50,16,,,Nazim Babayev,,,,25,0,,
282423,129981,54,43,17,,Bahamas,Adrian Griffith,31,178,75,8,0,,
282424,129982,54,44,17,,,Alonzo Russell,,,,3,0,,
282425,129982,54,476,17,,The Bahamas,Alonzo Russell,,,,3,0,,Bronze
282427,129983,54,47,17,,,Jamal Wilson,,,,25,1,,
282429,129984,54,1013,17,,,Jeffery Gibson,,,,7,0,,
282431,129985,54,50,17,,,Latario Collie-Minns,,,,1,0,,
282432,129986,54,43,17,,Bahamas,Shavez Hart,23,,,5,0,,
282433,129986,54,467,17,,,Shavez Hart,,,,7,0,,
282434,129987,54,44,17,,,Steven Gardiner,,,,5,0,,
282435,129987,54,476,17,,The Bahamas,Steven Gardiner,,,,3,0,,Bronze
282438,129988,54,476,17,,The Bahamas,Stephen Newbold,,,,3,0,,Bronze
282439,129989,54,467,17,,,Teray Smith,,,,6,0,,
282443,129991,54,43,18,,Bangladesh,Masbah Ahmmed,21,,,4,0,,
282447,129994,54,467,19,,,"Burkheart Ellis, Jr.",,,,4,0,,
282448,129995,54,467,19,,,Levi Cadogan,,,,7,0,,
282456,129999,54,96,20,,,Abraham Niyonkuru,,,,,0,DNF,
282457,130000,54,45,20,,,Antoine Gakeme,,,,6,0,,
282458,130001,54,96,20,,,Célestin Nihorimbere,,,,114,0,,
282461,130004,54,1020,21,,,Bashir Abdi,,,,16,0,,
282462,130004,54,1023,21,,,Bashir Abdi,,,,20,0,,
282464,130005,54,476,21,,Belgium,Dylan Borlée,,,,4,0,,
282467,130006,54,96,21,,,Florent Caelen,,,,44,0,,
282468,130007,54,1019,21,,,Jeroen D'hoedt,,,,13,0,,
282469,130008,54,476,21,,Belgium,Julien Watrin,,,,4,0,,
282470,130009,54,96,21,,,Koen Naert,,,,22,0,,
282472,130010,54,393,21,,,Philip Milanov,,,,9,0,,
282473,130011,54,95,21,,,Pieter-Jan Hannes,,,,12,0,,
282474,130012,54,157,21,,,Thomas Van der Plaetsen,,,,8,0,,
282476,130013,54,96,21,,,Willem Van Schuerbeeck,,,,56,0,,
282530,130044,54,467,22,,,Didier Kiki,,,,7,0,,
282536,130048,54,467,23,,,Tre Houston,,,,6,0,,
282539,130051,54,45,25,,,Amel Tuka,,,,4,0,,
282541,130052,54,383,25,,,Mesud Pezer,,,,24,0,,
282548,130056,54,467,26,,,Brandon Jones,,,,8,0,,
282550,130058,54,1021,27,,,Aliaksandr Liakhovich,,,,43,0,,
282552,130059,54,50,27,,,Artsiom Bandarenka,,,,37,0,,
282553,130060,54,47,27,,,Dzmitry Nabokau,,,,43,1,,
282555,130061,54,49,27,,,Kanstantsin Barycheuski,,,,23,0,,
282556,130062,54,50,27,,,Maksim Niestsiarenka,,,,20,0,,
282557,130063,54,395,27,,,Paval Bareysha,,,,13,0,,
282558,130064,54,395,27,,,Siarhei Kalamoyets,,,,9,0,,
282559,130065,54,96,27,,,Uladzislau Pramau,,,,82,0,,
282592,130086,54,1021,29,,,Marco Antonio Rodríguez,,,,45,0,,
282593,130087,54,1022,29,,,Ronal Quispe,,,,30,0,,
282601,130091,54,44,30,,,Baboloki Thebe,,,,2,0,,
282603,130092,54,45,30,,,Boitumelo Masilo,,,,6,0,,
282604,130093,54,476,30,,Botswana,Leaname Maotoanong,,,,5,0,,
282607,130094,54,44,30,,,Karabo Sibanda,,,,5,0,,
282608,130094,54,476,30,,Botswana,Karabo Sibanda,,,,5,0,,
282609,130095,54,476,30,,Botswana,Onkabetse Nkobolo,,,,5,0,,
282622,130100,54,476,31,,Brazil,Alexander Russo,,,,8,0,,
282623,130101,54,1019,31,,,Altobeli Silva,,,,9,0,,
282625,130102,54,48,31,,,Augusto Dutra,,,,22,1,,
282627,130103,54,383,31,,,Darlan Romani,,,,5,0,,
282629,130104,54,46,31,,,Éder Souza,,,,3,0,,
282630,130105,54,44,31,,,Hederson Estefani,,,,7,0,,
282631,130106,54,49,31,,,Higor Alves,,,,28,0,,
282632,130107,54,476,31,,Brazil,Hugo Balduíno,,,,8,0,,
282633,130108,54,46,31,,,João Vítor de Oliveira,,,,9,0,,
282634,130109,54,1022,31,,Brazil,Jonathan Riekmann,28,192,74,29,0,,
282635,130110,54,467,31,,,Jorge Vides,,,,3,0,,
282636,130110,54,400,31,,Brazil,Jorge Vides,,,,6,0,,
282639,130111,54,398,31,,,Júlio César Oliveira,,,,16,0,,
282640,130112,54,45,31,,,Lutimar Paes,,,,7,0,,
282641,130113,54,1013,31,,,Márcio Teles,,,,6,0,,
282643,130114,54,1021,31,,Brazil,Moacir Zimmermann,32,184,70,63,0,,
282644,130115,54,476,31,,Brazil,Pedro Burmann,,,,8,0,,
282646,130116,54,476,31,,Brazil,Peterson dos Santos,,,,8,0,,
282647,130117,54,400,31,,Brazil,Ricardo Mário,,,,6,0,,
282648,130118,54,96,31,,,Solonei da Silva,,,,77,0,,
282649,130119,54,47,31,,,Talles Silva,,,,35,1,,
282650,130120,54,95,31,,,Thiago André,,,,11,0,,
282654,130121,54,48,31,,,Thiago Braz,,,,1,0,,Gold
282656,130122,54,43,31,,,Vítor Hugo dos Santos,,,,5,1,,
282657,130122,54,400,31,,Brazil,Vítor Hugo dos Santos,,,,6,0,,
282658,130123,54,395,31,,,Wagner Domingos,,,,12,0,,
282914,130277,54,44,32,,,Abubakar Abbas,,,,6,0,,
282915,130278,54,1023,32,,,Abraham Cheroben,,,,10,0,,
282916,130279,54,45,32,,,Abraham Rotich,,,,1,0,,
282917,130280,54,1020,32,,,Albert Rop,,,,7,0,,
282918,130281,54,96,32,,,Alemu Bekele,,,,,0,DNF,
282920,130282,54,44,32,,,Ali Khamis,,,,6,0,,
282921,130283,54,43,32,,Bahrain,Andrew Fisher,24,,,2,0,,
282922,130284,54,95,32,,,Benson Seurei,,,,8,0,,
282923,130285,54,1020,32,,,Birhanu Balew,,,,9,0,,
282925,130286,54,1023,32,,,El Hassan El-Abbassi,,,,26,0,,
282927,130287,54,1023,32,,,Hassan Chani,,,,,0,DNF,
282928,130288,54,96,32,,,Isaac Korir,,,,,0,DNF,
282929,130289,54,1019,32,,,John Kibet Koech,,,,6,0,,
282931,130290,54,43,32,,Bahrain,Kemarley Brown,24,182,85,5,0,,
282932,130291,54,1019,32,,,Nelson Kipkosgei Cherotich,,,,9,0,,
282933,130292,54,467,32,,,Salem Eid Yaqoob,,,,5,0,,
282934,130293,54,1020,32,,,Zouhair Aouad,,,,2,0,,
282938,130297,54,43,33,,Brunei,Mohamed Fakhri Ismail,25,160,62,9,0,,
282941,130299,54,50,34,,,Georgi Tsonov,,,,39,0,,
282942,130300,54,1019,34,,,Mitko Tsenov,,,,14,0,,
282943,130301,54,50,34,,,Rumen Dimitrov,,,,26,0,,
282944,130302,54,47,34,,,Tihomir Ivanov,,,,10,0,,
282971,130322,54,50,35,,,Hugues Zango,,,,34,0,,
282975,130325,54,45,36,,,Francky-Edgard Mbotto,,,,7,0,,
282977,130326,54,96,37,,,Kuniaki Takizaki,,,,138,0,,
282979,130328,54,43,38,,Canada,Akeem Haynes,24,170,73,6,0,,
282980,130328,54,400,38,,Canada,Akeem Haynes,,,,3,0,,Bronze
282981,130329,54,43,38,,Canada,Andre De Grasse,21,176,70,3,0,,Bronze
282982,130329,54,467,38,,,Andre De Grasse,,,,2,0,,Silver
282983,130329,54,400,38,,Canada,Andre De Grasse,,,,3,0,,Bronze
282987,130330,54,45,38,,,Anthony Romanini,,,,6,0,,
282988,130331,54,1021,38,,Canada,Ben Thorne,23,180,57,27,0,,
282989,130332,54,400,38,,Canada,Bolade Ajomale,,,,3,0,,Bronze
282991,130333,54,45,38,,,Brandon McBride,,,,6,0,,
282993,130334,54,467,38,,,Brendon Rodney,,,,3,0,,
282994,130334,54,400,38,,Canada,Brendon Rodney,,,,3,0,,Bronze
282997,130335,54,95,38,,,Charles Philibert-Thiboutot,,,,8,0,,
282998,130336,54,1019,38,,,Chris Winter,,,,10,0,,
282999,130337,54,1021,38,,Canada,Evan Dunfee,25,182,70,10,0,,
283000,130337,54,1022,38,,Canada,Evan Dunfee,25,182,70,4,0,,
283002,130338,54,46,38,,,Johnathan Cabral,,,,6,0,,
283003,130339,54,1020,38,,,Luc Bruchet,,,,19,0,,
283005,130340,54,1022,38,,Canada,Mathieu Bilodeau,32,185,74,,0,DNF,
283007,130341,54,1019,38,,,Matt Hughes,,,,10,0,,
283009,130342,54,46,38,,,Sekou Kaba,,,,8,0,,
283010,130343,54,48,38,,,Shawn Barber,,,,10,0,,
283011,130344,54,383,38,,,Tim Nedow,,,,16,0,,
283149,130419,54,383,40,,,Franck Elemba,,,,4,0,,
283154,130424,54,44,41,,,Bachir Mahamat,,,,7,0,,
283157,130426,54,96,42,,,Daniel Estrada,,,,97,0,,
283158,130427,54,96,42,,,Enzo Yáñez,,,,107,0,,
283159,130428,54,96,42,,,Víctor Aravena,,,,42,0,,
283185,130447,54,48,43,,,Huang Bokai,,,,16,1,,
283187,130448,54,49,43,,,Huang Changzhou,,,,11,0,,
283189,130449,54,48,43,,,Xue Changrui,,,,6,0,,
283190,130450,54,96,43,,,Duo Bujie,,,,90,0,,
283191,130451,54,48,43,,,Yao Jie,,,,14,0,,
283192,130452,54,96,43,,,Zhu Renxue,,,,95,0,,
283193,130453,54,1022,43,,China,Yu Wei,28,180,55,5,0,,
283194,130454,54,50,43,,,Xu Xiaolong,,,,11,0,,
283195,130455,54,49,43,,,Gao Xinglong,,,,1,0,,
283197,130456,54,400,43,,People's Republic of China,Tang Xingqiang,,,,4,0,,
283199,130457,54,47,43,,,Wang Yu,,,,32,0,,
283201,130458,54,1022,43,,China,Wang Zhendong,25,180,55,11,0,,
283366,130541,54,43,44,,Cote d'Ivoire,Wilfried Koffi,28,186,88,7,0,,
283367,130541,54,467,44,,,Wilfried Koffi,,,,4,0,,
283375,130547,54,96,46,,,Kamongwa Salukombo Makorobondo,,,,112,0,,
283377,130549,54,45,47,,,Alex Beddoes,,,,9,0,,
283385,130554,54,96,48,,,Andrés Ruiz,,,,78,0,,
283386,130555,54,476,48,,Colombia,Anthony Zambrano,,,,6,0,,
283389,130556,54,467,48,,,Bernardo Baloyes,,,,8,0,,
283391,130557,54,476,48,,Colombia,Carlos Lemos,,,,6,0,,
283392,130558,54,96,48,,,Diego Colorado,,,,124,0,,
283393,130559,54,44,48,,,Diego Palomeque,,,,6,0,,
283394,130559,54,476,48,,Colombia,Diego Palomeque,,,,6,0,,
283396,130560,54,96,48,,,Gerard Giraldo,,,,87,0,,
283397,130561,54,50,48,,,Jhon Murillo,,,,5,0,,
283398,130562,54,476,48,,Colombia,Jhon Perlaza,,,,6,0,,
283401,130563,54,1022,48,,,Jorge Armando Ruiz,,,,17,0,,
283403,130564,54,1022,48,,,José Leonardo Montaña,,,,,0,DNF,
283405,130565,54,1021,48,,,Esteban Soto,,,,9,0,,
283407,130566,54,393,48,,,Mauricio Ortega,,,,18,0,,
283409,130567,54,46,48,,,Yeison Rivas,,,,2,0,,
283472,130608,54,1013,51,,,Jordin Andrade,,,,6,0,,
283475,130610,54,395,52,,,Roberto Sawyers,,,,24,1,,
283478,130613,54,383,53,,,Filip Mihaljević,,,,21,0,,
283480,130614,54,383,53,,,Stipe Žunić,,,,11,0,,
283518,130647,54,476,55,,Cuba,Adrián Chacón,,,,6,0,,
283519,130648,54,400,55,,Cuba,César Ruiz,,,,7,0,,
283520,130649,54,50,55,,,Ernesto Revé,,,,14,0,,
283521,130650,54,46,55,,,Jhoanis Portilla,,,,6,0,,
283522,130651,54,1013,55,,,José Luis Gaspar,,,,7,0,,
283523,66301,54,50,55,,,Lázaro Martínez,,,,8,0,,
283524,130653,54,49,55,,,Maykel Massó,,,,15,0,,
283526,130654,54,476,55,,Cuba,Osmaidel Pellicier,,,,6,0,,
283527,130655,54,467,55,,,Reynier Mena,,,,4,0,,
283528,130655,54,400,55,,Cuba,Reynier Mena,,,,7,0,,
283529,130656,54,96,55,,,Richer Pérez,,,,46,0,,
283530,130657,54,400,55,,Cuba,Yaniel Carrero,,,,7,0,,
283531,130658,54,44,55,,,Yoandys Lescay,,,,6,0,,
283532,130658,54,476,55,,Cuba,Yoandys Lescay,,,,6,0,,
283534,130659,54,46,55,,,Yordan O'Farril,,,,7,0,,
283610,130702,54,47,56,,,Dimitrios Chondrokoukis,,,,12,0,,
283611,130703,54,46,56,,,Milan Trajkovic,,,,7,0,,
283628,130707,54,1022,57,,,Lukáš Gdula,,,,,0,DQ,
283630,130708,54,48,57,,,Michal Balner,,,,7,1,,
283631,130709,54,49,57,,,Radek Juška,,,,13,0,,
283632,130710,54,383,57,,,Tomáš Staněk,,,,20,0,,
283681,130730,54,96,58,,,Abdi Ulad,,,,35,0,,
283683,130731,54,1019,58,,,Ole Hesselbjerg,,,,11,0,,
283744,130774,54,95,59,,,Abdi Waiss Mouhyadin,,,,2,0,,
283745,130775,54,45,59,,,Ayanleh Souleiman,,,,4,0,,
283746,130775,54,95,59,,,Ayanleh Souleiman,,,,4,0,,
283751,130776,54,1019,59,,,Mohamed Ismail Ibrahim,,,,12,0,,
283754,130779,54,50,60,,,Yordanys Durañona,,,,1,0,,
283755,130780,54,476,61,,Dominican Republic,Luis Charles,,,,5,0,,
283756,130781,54,400,61,,Dominican Republic,Mayovanex de Óleo,,,,1,0,,
283757,130782,54,467,61,,,Stanly del Carmen,,,,6,0,,
283758,130782,54,400,61,,Dominican Republic,Stanly del Carmen,,,,1,0,,
283759,130783,54,467,61,,,Yancarlos Martínez,,,,7,0,,
283760,130783,54,400,61,,Dominican Republic,Yancarlos Martínez,,,,1,0,,
283763,130784,54,476,61,,Dominican Republic,Yon Soriano,,,,5,0,,
283764,130785,54,400,61,,Dominican Republic,Youndry Andújar,,,,1,0,,
283778,130796,54,1021,62,,,Brian Pintado,,,,37,0,,
283780,130797,54,1022,62,,,Claudio Villanueva,,,,45,0,,
283782,130798,54,96,62,,,Segundo Jami,,,,123,0,,
283794,130807,54,44,63,,,Anas Beshr,,,,2,0,,
283795,130808,54,395,63,,,Hassan Mohamed Mahmoud,,,,26,0,,
283893,130868,54,96,65,,,Ghirmay Ghebreslassie,,,,4,0,,
283894,130869,54,1023,65,,,Goitom Kifle,,,,24,0,,
283896,130870,54,1020,65,,,Hiskel Tewelde,,,,15,0,,
283897,130871,54,96,65,,,Tewelde Estifanos,,,,60,0,,
283898,130872,54,1019,65,,,Yemane Haileselassie,,,,11,0,,
283900,130873,54,1022,66,,,Luis López,,,,,0,DQ,
283918,130880,54,95,67,,,Adel Mechaal,,,,9,0,,
283919,130880,54,1020,67,,,Adel Mechaal,,,,17,0,,
283921,130881,54,45,67,,,Álvaro de Arriba,,,,4,0,,
283922,130882,54,1020,67,,,Antonio Abadía,,,,22,0,,
283923,130883,54,467,67,,,Bruno Hortelano,,,,4,0,,
283924,130884,54,383,67,,,Carlos Tobalina,,,,17,0,,
283925,130885,54,45,67,,,Daniel Andújar,,,,4,0,,
283926,130886,54,1019,67,,,Fernando Carro,,,,13,0,,
283928,130887,54,1021,67,,Spain,Francisco Arcilla,32,171,58,55,0,,
283929,130888,54,1020,67,,,Illias Fifa,,,,9,0,,
283930,130889,54,49,67,,,Jean Marie Okutu,,,,20,0,,
283931,130890,54,1022,67,,,José Ignacio Díaz,,,,,0,DNF,
283932,130891,54,50,67,,,Pablo Torrijos,,,,31,0,,
283934,130892,54,1019,67,,,Sebastián Martos,,,,5,0,,
283936,130893,54,1013,67,,,Sergio Fernández,,,,3,0,,
283938,130894,54,46,67,,,Yidiel Contreras,,,,6,0,,
284082,130974,54,1013,68,,,Jaak-Heinrich Jagor,,,,4,0,,
284083,130975,54,157,68,,,Karl Robert Saluri,,,,23,0,,
284084,130976,54,398,68,,,Magnus Kirt,,,,23,0,,
284085,130977,54,157,68,,,Maicel Uibo,,,,24,0,,
284087,130978,54,393,68,,,Martin Kupper,,,,4,0,,
284088,130979,54,96,68,,,Roman Fosti,,,,61,0,,
284090,130980,54,398,68,,,Tanel Laanmäe,,,,18,0,,
284099,130985,54,1023,69,,,Abadi Hadis,,,,15,0,,
284100,130986,54,1019,69,,,Chala Beyo,,,,7,0,,
284101,130987,54,96,69,,,Feyisa Lilesa,,,,2,0,,Silver
284102,130988,54,1019,69,,,Hailemariyam Amare,,,,8,0,,
284103,130989,54,96,69,,,Lemi Berhanu,,,,13,0,,
284104,130990,54,1020,69,,,Muktar Edris,,,,2,0,,
284105,130991,54,1019,69,,,Tafese Seboka,,,,3,0,,
284106,130992,54,1023,69,,,Tamirat Tola,,,,3,0,,Bronze
284107,130993,54,96,69,,,Tesfaye Abera,,,,,0,DNF,
284108,130994,54,1023,69,,,Yigrem Demelash,,,,4,0,,
284148,131028,54,1022,72,,Finland,Aku Partanen,24,180,55,,0,DNF,
284150,131029,54,1022,72,,Finland,Aleksi Ojala,23,180,62,,0,DQ,
284153,131030,54,1013,72,,,Oskari Mörö,,,,7,0,,
284178,131043,54,157,73,,,Bastien Auzeil,,,,13,0,,
284179,131044,54,50,73,,,Harold Correa,,,,13,0,,
284180,131045,54,1021,73,,,Kévin Campion,,,,49,0,,
284182,131046,54,48,73,,,Kévin Ménaldo,,,,16,1,,
284183,131047,54,476,73,,France,Mame-Ibra Anne,,,,5,0,,
284185,131048,54,400,73,,France,Marvin René,,,,5,0,,
284187,131049,54,400,73,,France,Mickaël-Méba Zézé,,,,5,0,,
284189,131050,54,46,73,,,Pascal Martinot-Lagarde,,,,4,0,,
284191,131051,54,48,73,,,Stanley Joseph,,,,16,1,,
284192,131052,54,400,73,,France,Stuart Dutamby,,,,5,0,,
284193,131053,54,476,73,,France,Thomas Jordier,,,,5,0,,
284195,131054,54,46,73,,,Wilhem Belocian,,,,4,0,,
284429,131186,54,43,75,,Federated States of Micronesia,Kitson Kapiriel,22,153,70,5,0,,
284434,131190,54,467,77,,,Adama Jammeh,,,,5,0,,
284442,131194,54,1020,78,,,Andy Butchart,,,,6,0,,
284444,131195,54,1023,78,,,Andy Vernon,,,,25,0,,
284445,131196,54,96,78,,,Callum Hawkins,,,,9,0,,
284448,131197,54,95,78,,,Charlie Grice,,,,12,0,,
284449,131198,54,43,78,,Great Britain,Chijindu Ujah,22,182,81,4,0,,
284450,131198,54,400,78,,Great Britain,Chijindu Ujah,,,,5,0,,
284453,131199,54,47,78,,,Chris Baker,,,,16,0,,
284454,131200,54,395,78,,,Chris Bennett,,,,19,0,,
284455,131201,54,95,78,,,Chris O'Hare,,,,10,0,,
284456,131202,54,476,78,,Great Britain,Delano Williams,,,,2,0,,
284457,131203,54,96,78,,,Derek Hawkins,,,,113,0,,
284458,131204,54,45,78,,,Elliot Giles,,,,7,0,,
284461,131205,54,400,78,,Great Britain,Harry Aikines-Aryeetey,,,,5,0,,
284462,131206,54,48,78,,,Luke Cutts,,,,22,1,,
284463,131207,54,395,78,,,Mark Dry,,,,21,0,,
284464,131208,54,44,78,,,Matt Hudson-Smith,,,,8,0,,
284465,131208,54,476,78,,Great Britain,Matt Hudson-Smith,,,,2,0,,
284466,131209,54,467,78,,,Nethaneel Mitchell-Blake,,,,5,0,,
284469,131210,54,395,78,,,Nick Miller,,,,22,0,,
284471,131211,54,400,78,,Great Britain,Richard Kilty,,,,5,0,,
284473,131212,54,1019,78,,,Rob Mullett,,,,12,0,,
284474,131213,54,1023,78,,,Ross Millington,,,,31,0,,
284475,131214,54,1013,78,,,Sebastian Rodger,,,,6,0,,
284476,131215,54,1021,78,,Great Britain,Tom Bosworth,26,178,54,6,0,,
284478,68532,54,1020,78,,,Tom Farrell,,,,20,0,,
284479,131217,54,96,78,,,Tsegai Tewelde,,,,,0,DNF,
284643,131307,54,49,81,,,Bachana Khorava,,,,19,0,,
284645,131308,54,383,81,,,Benik Abramyan,,,,31,0,,
284646,131309,54,96,81,,,Daviti Kharazishvili,,,,71,0,,
284647,131310,54,50,81,,,Lasha Torgvaidze-Gulelauri,,,,1,0,,
284677,131330,54,467,83,,,Aleixo-Platini Menga,,,,5,0,,
284678,131331,54,1022,83,,Germany,Carl Dohmann,26,183,62,,0,DNF,
284680,131332,54,393,83,,,Christoph Harting,,,,1,0,,Gold
284681,131333,54,393,83,,,Daniel Jasinski,,,,3,0,,Bronze
284683,131334,54,47,83,,,Eike Onnen,,,,24,0,,
284684,131335,54,49,83,,,Fabian Heinle,,,,18,0,,
284686,131336,54,1020,83,,,Florian Orth,,,,14,0,,
284687,131337,54,46,83,,,Gregor Traber,,,,5,0,,
284689,131338,54,1021,83,,Germany,Hagen Pohle,24,178,64,18,0,,
284690,131338,54,1022,83,,Germany,Hagen Pohle,24,178,64,,0,DNF,
284691,131339,54,95,83,,,Homiyu Tesfaye,,,,7,0,,
284692,131340,54,398,83,,,Johannes Vetter,,,,4,0,,
284694,131341,54,96,83,,,Julian Flügel,,,,70,0,,
284695,131342,54,398,83,,,Julian Weber,,,,9,0,,
284697,131343,54,48,83,,,Karsten Dilla,,,,28,1,,
284698,131344,54,47,83,,,Mateusz Przybylko,,,,28,0,,
284700,131345,54,50,83,,,Max Heß,,,,15,0,,
284702,131346,54,1021,83,,Germany,Nils Brembach,23,184,70,38,0,,
284704,131347,54,96,83,,,Philipp Pflieger,,,,55,0,,
284705,131348,54,1020,83,,,Richard Ringer,,,,20,0,,
284707,131349,54,467,83,,,Robin Erewa,,,,5,0,,
284708,131350,54,400,83,,Germany,Robert Hering,,,,6,0,,
284709,131351,54,400,83,,Germany,Sven Knipphals,,,,6,0,,
284710,131352,54,398,83,,,Thomas Röhler,,,,1,0,,Gold
284711,131353,54,383,83,,,Tobias Dahm,,,,22,0,,
284712,131354,54,48,83,,,Tobias Scherbarth,,,,25,0,,
284928,131467,54,45,84,,,Alex Amankwa,,,,7,0,,
284929,131468,54,467,84,,,Emmanuel Dasor,,,,6,0,,
284930,131469,54,398,84,,,John Ampomah,,,,19,0,,
284931,131470,54,43,84,,Ghana,Sean Safo-Antwi,25,171,69,6,0,,
284940,131474,54,96,85,,,Christoforos Merousis,,,,115,0,,
284941,131475,54,395,85,,,Michailis Anastasakis,,,,20,0,,
284943,131476,54,96,85,,,Michailis Kalomoiris,,,,131,0,,
284944,131477,54,49,85,,,Miltiadis Tentoglou,,,,27,0,,
284946,131478,54,383,85,,,Nikolas Skarvelis,,,,27,0,,
284993,131502,54,44,86,,,Bralon Taplin,,,,7,0,,
285007,131513,54,43,88,,Guinea,Mohamed Lamine Dansoko,18,161,78,6,0,,
285009,131515,54,45,89,,,Josh Ilustre,,,,4,0,,
285011,131517,54,50,90,,,Troy Doris,,,,7,0,,
285015,131519,54,43,91,,Haiti,Darrell Wesh,24,183,73,8,0,,
285021,131525,54,49,92,,,Chan Ming Tai,,,,17,0,,
285061,131554,54,1022,94,,,Bence Venyercsán,,,,44,0,,
285063,131555,54,96,94,,,Gábor Józsa,,,,86,0,,
285064,131556,54,96,94,,,Gáspár Csere,,,,108,0,,
285065,131557,54,1022,94,,,Miklós Srp,,,,,0,DQ,
285066,131558,54,1022,94,,,Sándor Rácz,,,,,0,DNF,
285155,131600,54,43,95,,Indonesia,Sudirman Hadi,20,171,76,9,0,,
285168,131608,54,49,96,,,Ankit Sharma,,,,24,0,,
285169,131609,54,476,96,,India,Arokia Rajiv,,,,2,0,,
285172,131610,54,476,96,,India,Ayyasamy Dharun,,,,2,0,,
285173,131611,54,1021,96,,India,Ganapathi Krishnan,27,,,,0,DQ,
285174,131612,54,96,96,,,Thonakal Gopi,,,,25,0,,
285175,131613,54,45,96,,,Jinson Johnson,,,,5,0,,
285176,131614,54,96,96,,,Kheta Ram,,,,26,0,,
285177,131615,54,476,96,,India,Kunhu Muhammed Puthanpurakkal,,,,2,0,,
285178,131616,54,1021,96,,India,Manish Singh,25,174,65,13,0,,
285179,131617,54,44,96,,,Mohammad Anas Yahiya,,,,6,0,,
285180,131617,54,476,96,,India,Mohammad Anas Yahiya,,,,2,0,,
285183,131618,54,96,96,,,Nitendra Singh Rawat,,,,83,0,,
285184,119152,54,1022,96,,,Sandeep Kumar,,,,35,0,,
285226,131649,54,1021,98,,Iran,Hamid Reza Zooravand,26,176,66,54,0,,
285227,131650,54,43,98,,Iran,Hassan Taftian,23,187,68,8,0,,
285229,131651,54,393,98,,,Mahmoud Samimi,,,,30,0,,
285230,131652,54,96,98,,,Mohammad Jaafar Moradi,,,,128,0,,
285231,131653,54,395,98,,,Pezhman Ghalehnoei,,,,28,0,,
285276,131683,54,1021,99,,Ireland,Alex Wright,25,175,62,46,0,,
285277,131683,54,1022,99,,Ireland,Alex Wright,25,175,62,,0,DNF,
285279,131684,54,96,99,,,Kevin Seaward,,,,64,0,,
285282,131685,54,45,99,,,Mark English,,,,5,0,,
285284,131686,54,96,99,,,Mick Clohisey,,,,102,0,,
285285,131687,54,96,99,,,Paul Pollock,,,,32,0,,
285287,131688,54,1013,99,,,Thomas Barr,,,,4,0,,
285353,131741,54,393,101,,,Guðni Guðnason,,,,21,0,,
285355,131742,54,96,102,,,Ageze Guadie,,,,121,0,,
285357,131743,54,47,102,,,Dmitry Kroyter,,,,41,1,,
285358,131744,54,96,102,,,Maru Teferi,,,,73,0,,
285360,131745,54,96,102,,,Tasama Moogas,,,,120,0,,
285377,131756,54,46,103,,,Eddie Lovett,,,,8,0,,
285383,131760,54,467,104,,,Eseosa Desalu,,,,5,0,,
285386,131761,54,45,104,,,Giordano Benedetti,,,,6,0,,
285387,131762,54,467,104,,,Matteo Galvan,,,,8,0,,
285388,131762,54,44,104,,,Matteo Galvan,,,,4,0,,
285390,131763,54,1021,104,,Italy,Matteo Giupponi,27,185,61,8,0,,
285391,131763,54,1022,104,,Italy,Matteo Giupponi,27,185,61,,0,DNF,
285392,131764,54,47,104,,,Silvano Chesani,,,,33,0,,
285393,131765,54,96,104,,,Stefano La Rosa,,,,57,0,,
285394,131766,54,1022,104,,Italy,Teodorico Caporaso,28,166,60,,0,DQ,
285551,131844,54,383,105,,,Eldred Henry,,,,34,0,,
285552,131845,54,1013,106,,,Annsert Whyte,,,,5,0,,
285553,131846,54,49,106,,,Aubrey Smith,,,,1,0,,
285554,131847,54,50,106,,,Clive Pullen,,,,33,0,,
285555,131848,54,46,106,,,Deuce Carter,,,,6,0,,
285557,131849,54,393,106,,,Fedrick Dacres,,,,34,0,,
285559,131850,54,44,106,,,Fitzroy Dunkley,,,,4,0,,
285560,131850,54,476,106,,Jamaica,Fitzroy Dunkley,,,,2,0,,Silver
285563,131851,54,1013,106,,,Jaheel Hyde,,,,5,0,,
285566,131852,54,44,106,,,Javon Francis,,,,5,0,,
285567,131852,54,476,106,,Jamaica,Javon Francis,,,,2,0,,Silver
285568,131853,54,400,106,,Jamaica,Jevaughn Minzie,,,,1,0,,Gold
285570,131854,54,1020,106,,,Kemoy Campbell,,,,10,0,,
285571,131855,54,476,106,,Jamaica,Nathon Allen,,,,2,0,,Silver
285574,131856,54,43,106,,Jamaica,Nickel Ashmeade,26,183,77,5,0,,
285575,131856,54,467,106,,,Nickel Ashmeade,,,,4,0,,
285576,131856,54,400,106,,Jamaica,Nickel Ashmeade,,,,1,0,,Gold
285577,131857,54,383,106,,,O'Dayne Richards,,,,8,0,,
285578,131858,54,46,106,,,Omar McLeod,,,,1,0,,Gold
285579,131859,54,476,106,,Jamaica,Peter Matthews,,,,2,0,,Silver
285596,131868,54,43,108,,Japan,Aska Cambridge,23,179,74,7,0,,
285597,131868,54,400,108,,Japan,Aska Cambridge,,,,2,0,,Silver
285598,131869,54,50,108,,,Daigo Hasegawa,,,,29,0,,
285599,131870,54,1021,108,,Japan,Daisuke Matsunaga,21,174,60,7,0,,
285600,131871,54,1021,108,,Japan,Eiki Takahashi,23,176,58,42,0,,
285602,131872,54,1022,108,,Japan,Hirooki Arai,28,180,62,3,0,,Bronze
285603,131873,54,48,108,,,Hiroki Ogita,,,,21,0,,
285604,131874,54,96,108,,,Hisanori Kitajima,,,,93,0,,
285605,131875,54,44,108,,,Julian Walsh,,,,6,0,,
285606,131875,54,476,108,,Japan,Julian Walsh,,,,7,0,,
285609,131876,54,1013,108,,,Keisuke Nozawa,,,,6,0,,
285610,131877,54,467,108,,,Kenji Fujimitsu,,,,6,0,,
285611,131878,54,50,108,,,Kohei Yamashita,,,,35,0,,
285612,131879,54,1020,108,,,Kota Murayama,,,,21,0,,
285613,131879,54,1023,108,,,Kota Murayama,,,,30,0,,
285614,131880,54,476,108,,Japan,Nobuya Kato,,,,7,0,,
285615,131881,54,398,108,,,Ryohei Arai,,,,11,0,,
285616,131882,54,96,108,,,Satoru Sasaki,,,,16,0,,
285617,131883,54,45,108,,,Sho Kawamoto,,,,4,0,,
285618,131884,54,96,108,,,Suehiro Ishikawa,,,,36,0,,
285619,131885,54,1020,108,,,Suguru Osako,,,,16,0,,
285620,131885,54,1023,108,,,Suguru Osako,,,,17,0,,
285622,131886,54,47,108,,,Takashi Eto,,,,35,1,,
285624,131887,54,476,108,,Japan,Takamasa Kitagawa,,,,7,0,,
285625,131888,54,476,108,,Japan,Tomoya Tamura,,,,7,0,,
285626,131889,54,46,108,,,Wataru Yazawa,,,,3,0,,
285627,131890,54,43,108,,Japan,Yoshihide Kiryu,20,175,68,4,0,,
285628,131890,54,400,108,,Japan,Yoshihide Kiryu,,,,2,0,,Silver
285630,131891,54,1013,108,,,Yuki Matsushita,,,,4,0,,
285631,131892,54,1023,108,,,Yuta Shitara,,,,29,0,,
285805,131994,54,1013,109,,,Dmitry Koblov,,,,6,0,,
285806,131995,54,383,109,,,Ivan Ivanov,,,,33,0,,
285807,131996,54,96,109,,,Mikhail Krasilov,,,,100,0,,
285808,131997,54,393,109,,,Yevgeny Labutov,,,,31,0,,
285864,132030,54,44,110,,,Alexander Sampao,,,,7,0,,
285865,132031,54,45,110,,,Alfred Kipketer,,,,7,0,,
285866,132032,54,1020,110,,,Caleb Ndiku,,,,6,0,,
285867,132033,54,467,110,,,Carvin Nkanata,,,,8,0,,
285868,132034,54,1020,110,,,Charles Mneria,,,,12,0,,
285869,132035,54,1019,110,,,Conseslus Kipruto,,,,1,0,,Gold
285870,132036,54,95,110,,,Elijah Manangoi,,,,2,0,,
285871,132037,54,45,110,,,Ferguson Rotich,,,,5,0,,
285873,132038,54,1023,110,,,Geoffrey Kamworor,,,,11,0,,
285874,132039,54,1013,110,,,Aron Koech,,,,7,0,,
285875,132040,54,1013,110,,,Nicholas Bett,,,,5,0,,
285876,132041,54,1023,110,,,Paul Tanui,,,,2,0,,Silver
285877,132042,54,44,110,,,Raymond Kibet,,,,5,0,,
285878,132043,54,95,110,,,Ronald Kwemoi,,,,13,0,,
285879,132044,54,1021,110,,Kenya,Samuel Gathimba,28,165,57,,0,DNF,
285880,132045,54,1021,110,,Kenya,Simon Wachira,32,170,65,,0,DNF,
285881,132046,54,96,110,,,Stanley Biwott,,,,,0,DNF,
285882,132047,54,96,110,,,Wesley Korir,,,,,0,DNF,
285904,132065,54,96,111,,,Ilya Tyapkin,,,,85,0,,
285918,132073,54,43,112,,Kiribati,John Ruuka,20,164,64,6,0,,
285927,132077,54,1021,113,,,Choi Byeong-Gwang,,,,57,0,,
285929,132078,54,96,113,,,Sim Jong-Seop,,,,137,0,,
285931,132079,54,43,113,,,Kim Guk-Yeong,,,,7,0,,
285932,132080,54,96,113,,,Son Myeong-Jun,,,,130,0,,
285933,132081,54,47,113,,,Wu Sang-Hyeok,,,,22,0,,
285935,132082,54,47,113,,,Yun Seung-Hyeon,,,,43,1,,
286060,132146,54,45,114,,,Musa Hajdari,,,,7,0,,
286064,132149,54,43,115,,Saudi Arabia,Abdullah Abkar Mohammed,19,172,73,5,0,,
286065,132150,54,1020,115,,,Tariq Ahmed Al-Amri,,,,21,0,,
286072,132154,54,46,117,,,Xaysa Anousone,,,,7,0,,
286078,132158,54,48,118,,,Pauls Pujāts,,,,2,0,,
286079,132159,54,398,118,,,Rolands Štrobinders,,,,28,0,,
286091,132166,54,96,119,,,Mohamed Hrezi,,,,76,0,,
286097,132171,54,43,121,,Liberia,Emmanuel Matadi,25,,,6,0,,
286098,132171,54,467,121,,,Emmanuel Matadi,,,,5,0,,
286101,132172,54,43,122,,Saint Lucia,Jahvid Best,27,178,90,7,0,,
286103,132174,54,96,123,,,Lebenya Nkoka,,,,94,0,,
286104,132175,54,1020,123,,,Namakoe Nkhasi,,,,15,0,,
286115,132183,54,393,126,,,Andrius Gudžius,,,,12,0,,
286117,132184,54,1022,126,,Lithuania,Artur Mastianica,24,187,73,,0,DNF,
286120,132185,54,1021,126,,,Marius Šavelskis,,,,59,0,,
286121,132186,54,96,126,,,Remigijus Kančys,,,,74,0,,
286122,132187,54,96,126,,,Valdas Dopolskas,,,,110,0,,
286181,132213,54,45,127,,,Charles Grethen,,,,5,0,,
286184,132215,54,45,130,,,Abdelati El-Guesse,,,,6,0,,
286186,132216,54,96,130,,,Abdelmajid El-Hissouf,,,,,0,DQ,
286187,132217,54,95,130,,,Brahim Kaazouzi,,,,13,0,,
286188,132218,54,95,130,,,Fouad El-Kaam,,,,9,0,,
286190,132219,54,45,130,,,Mostafa Smaili,,,,5,0,,
286192,132220,54,1019,130,,,Soufiane El-Bakkali,,,,4,0,,
286195,132221,54,1020,130,,,Younés Es-Salhi,,,,14,0,,
286214,132235,54,47,131,,,Nauraj Singh Randhawa,,,,18,1,,
286237,132246,54,1020,132,,,Kefasi Chitsala,,,,23,0,,
286255,132255,54,43,134,,Maldives,Hassan Saaid,24,157,60,8,0,,
286259,132258,54,50,135,,,Alberto Álvarez,,,,9,0,,
286261,132259,54,395,135,,,Diego del Real,,,,4,0,,
286263,132260,54,47,135,,,Edgar Rivera,,,,35,1,,
286265,132261,54,1021,135,,,Julio César Salazar,,,,52,0,,
286266,132262,54,1021,135,,,Pedro Gómez,,,,23,0,,
286267,132263,54,96,135,,,Ricardo Ramos,,,,119,0,,
286336,132319,54,96,136,,,Tseveenravdangiin Byambajav,,,,129,0,,
286338,132320,54,96,136,,,Dambadarjaagiin Gantulga,,,,106,0,,
286364,132337,54,43,137,,Marshall Islands,Richson Simeon,18,155,78,8,0,,
286365,132338,54,43,138,,Macedonia,Riste Pandev,22,178,67,9,0,,
286366,132339,54,50,139,,,Mamadou Chérif Dia,,,,24,0,,
286372,132343,54,43,140,,Malta,Luke Bezzina,21,,,3,0,,
286393,132354,54,96,144,,,David Carver,,,,101,0,,
286394,132355,54,50,144,,,Jonathan Drack,,,,28,0,,
286399,132359,54,1020,146,,,San Naing,,,,24,0,,
286405,132363,54,96,147,,,Mynhardt Kauanivi,,,,69,0,,
286409,132366,54,95,149,,,Erick Rodríguez,,,,15,0,,
286419,132371,54,96,150,,,Abdi Nageeye,,,,11,0,,
286421,132372,54,50,150,,,Fabian Florant,,,,22,0,,
286423,132373,54,400,150,,Netherlands,Hensley Paulina,,,,8,0,,
286425,132374,54,157,150,,,Pieter Braun,,,,,0,DNF,
286537,132424,54,1020,151,,,Hari Kumar Rimal,,,,22,0,,
286539,132426,54,43,153,,Nigeria,Seye Ogunlewe,24,189,84,4,0,,
286540,132427,54,46,153,,,Antwon Hicks,,,,7,0,,
286541,132428,54,467,153,,,Divine Oduduru,,,,7,0,,
286544,132429,54,1013,153,,,Miles Ukaoma,,,,5,0,,
286545,132430,54,50,153,,,Olu Olamigoke,,,,32,0,,
286546,132431,54,44,153,,,Orukpe Eraiyokan,,,,7,0,,
286547,132432,54,383,153,,,Stephen Mozia,,,,28,0,,
286548,132433,54,467,153,,,Tega Odele,,,,8,0,,
286579,132464,54,44,154,,,Djibo Idrissa Ousseini,,,,8,0,,
286584,132468,54,95,155,,,Filip Ingebrigtsen,,,,2,0,,
286586,132469,54,1022,155,,,Håvard Haukenes,,,,7,0,,
286588,132470,54,1013,155,,,Karsten Warholm,,,,4,0,,
286590,132471,54,96,155,,,Sondre Nordstad Moen,,,,19,0,,
286592,132472,54,393,155,,,Sven Martin Skagestad,,,,13,0,,
286621,132482,54,95,157,,,Hamish Carson,,,,8,0,,
286623,132483,54,383,157,,,Jacko Gill,,,,9,0,,
286625,132484,54,95,157,,,Julian Matthews,,,,9,0,,
286626,132485,54,383,157,,,Tom Walsh,,,,3,0,,Bronze
286628,132486,54,1023,157,,,Zane Robertson,,,,12,0,,
286736,132544,54,44,159,,,Mehboob Ali,,,,6,0,,
286743,132548,54,96,160,,,Jorge Castelblanco,,,,134,0,,
286747,132550,54,96,161,,,Derlys Ayala,,,,135,0,,
286753,132554,54,47,162,,,Arturo Chávez,,,,29,0,,
286754,132555,54,96,162,,,Cristhian Pacheco,,,,52,0,,
286756,132556,54,1020,162,,,David Torrence,,,,15,0,,
286757,132557,54,1022,162,,,Luis Campos,,,,,0,DNF,
286759,132558,54,1023,162,,,Luis Ostos,,,,21,0,,
286760,132559,54,1021,162,,,Paolo Yurivilca,,,,41,0,,
286761,132560,54,1022,162,,,Pavel Chihuán,,,,48,0,,
286762,132561,54,96,162,,,Raúl Machacuay,,,,45,0,,
286774,132568,54,1013,163,,,Eric Cray,,,,7,0,,
286779,132573,54,43,164,,Palestine,Mohammed Abukhousa,23,170,67,9,0,,
286784,132577,54,467,166,,,Theo Piniau,,,,8,0,,
286789,132581,54,1022,167,,,Adrian Błocki,,,,15,0,,
286790,132582,54,96,167,,,Artur Kozłowski,,,,39,0,,
286791,132583,54,46,167,,,Damian Czykier,,,,3,0,,
286793,132584,54,476,167,,Poland,Jakub Krzewina,,,,7,0,,
286796,74163,54,50,167,,,Karol Hoffmann,,,,12,0,,
286797,132586,54,467,167,,,Karol Zalewski,,,,5,0,,
286803,132587,54,383,167,,,Konrad Bukowiecki,,,,2,0,,
286805,132588,54,1019,167,,,Krystian Zalewski,,,,10,0,,
286806,132589,54,398,167,,,Łukasz Grzeszczuk,,,,31,0,,
286807,132590,54,476,167,,Poland,Łukasz Krawczuk,,,,7,0,,
286808,132591,54,398,167,,,Marcin Krukowski,,,,15,0,,
286810,132592,54,383,167,,,Michał Haratyk,,,,18,0,,
286812,132593,54,1013,167,,,Patryk Dobek,,,,8,0,,
286814,132594,54,157,167,,,Paweł Wiesiołek,,,,21,0,,
286816,132595,54,48,167,,,Piotr Lisek,,,,4,1,,
286818,132596,54,44,167,,,Rafał Omelko,,,,7,0,,
286819,132596,54,476,167,,Poland,Rafał Omelko,,,,7,0,,
286820,132597,54,48,167,,,Robert Sobera,,,,13,0,,
286822,132598,54,47,167,,,Sylwester Bednarek,,,,30,1,,
286823,132599,54,395,167,,,Wojciech Nowicki,,,,3,0,,Bronze
286825,132600,54,47,167,,,Wojciech Theiner,,,,25,1,,
286826,132601,54,96,167,,,Yared Shegumo,,,,127,0,,
286919,132663,54,1022,168,,Portugal,Miguel Carvalho,21,185,72,36,0,,
286920,132664,54,96,168,,,Ricardo Ribas,,,,133,0,,
286921,132665,54,383,168,,,Tsanko Arnaudov,,,,29,0,,
286975,132702,54,96,169,,,Pak Chol,,,,27,0,,
286982,132708,54,45,170,,,Andrés Arroyo,,,,7,0,,
286984,132709,54,47,170,,,David Adley Smith,,,,23,0,,
286985,132710,54,47,170,,,Luis Castro,,,,13,0,,
286993,132714,54,44,171,,,Abdalelah Haroun,,,,7,0,,
286994,132715,54,45,171,,,Abubaker Haydar,,,,5,0,,
286996,132716,54,398,171,,,Ahmed Bader,,,,30,0,,
286997,132717,54,395,171,,,Ashraf El-Seify,,,,6,0,,
286999,132718,54,43,171,,Qatar,Femi Ogunode,25,175,72,5,0,,
287000,132718,54,467,171,,,Femi Ogunode,,,,4,0,,
287033,132743,54,44,64,,,James Nyang Chiengjiek,,,,8,0,,
287035,132744,54,95,64,,,Paulo Amotun,,,,11,0,,
287037,132745,54,45,64,,,Yiech Pur Biel,,,,8,0,,
287038,132746,54,96,64,,,Yonas Kinde,,,,89,0,,
287044,132749,54,383,175,,,Andrei Gag,,,,13,0,,
287045,132750,54,1022,175,,,Narcis Mihăilă,,,,31,0,,
287046,132751,54,96,175,,,Nicolae Soare,,,,126,0,,
287089,132768,54,43,176,,South Africa,Akani Simbine,22,176,74,5,0,,
287092,132769,54,46,176,,,Antonio Alkana,,,,7,0,,
287094,132770,54,467,176,,,Clarence Munyai,,,,3,0,,
287097,132771,54,1020,176,,,Elroy Gelant,,,,13,0,,
287099,132772,54,43,176,,South Africa,Henricho Bruintjies,23,179,72,6,0,,
287100,132773,54,1013,176,,,Le Roux Hamman,,,,7,0,,
287101,132774,54,1021,176,,South Africa,Lebogang Shange,26,160,56,44,0,,
287102,132775,54,1013,176,,,Lindsay Hanekom,,,,7,0,,
287103,132776,54,96,176,,,Lungile Gongqa,,,,,0,DNF,
287104,132777,54,49,176,,,Luvo Manyonga,,,,2,0,,Silver
287105,132778,54,45,176,,,Reinhardt van Rensburg,,,,5,0,,
287106,132779,54,398,176,,,Rocco van Rooyen,,,,24,0,,
287108,132780,54,49,176,,,Ruswahl Samaai,,,,9,0,,
287110,132781,54,96,176,,,Sibusiso Nzima,,,,96,0,,
287111,132782,54,49,176,,,Stefan Brits,,,,22,0,,
287112,132783,54,45,176,,,Jacob Rozani,,,,5,0,,
287113,132784,54,467,176,,,Gift Leotlela,,,,4,0,,
287116,132785,54,1021,176,,South Africa,Wayne Snyman,31,177,65,58,0,,
287118,132786,54,44,176,,,Wayde van Niekerk,,,,1,0,,Gold
287402,132922,54,96,178,,,Ambroise Uwiragiye,,,,98,0,,
287406,132925,54,393,180,,,Alex Rose,,,,29,0,,
287408,132926,54,467,180,,,Jeremy Dodson,,,,5,0,,
287412,132930,54,1013,182,,,Amadou N'Diaye,,,,6,0,,
287417,132934,54,1013,183,,,Ned Azemia,,,,8,0,,
287426,132939,54,43,184,,Singapore,Timothee Yap,21,178,66,9,0,,
287430,132943,54,400,186,,Saint Kitts and Nevis,Allistar Clarke,,,,7,0,,
287431,132944,54,43,187,,Sierra Leone,Ishmail Kamara,19,,,4,0,,
287433,132946,54,96,188,,,Anton Kosmač,,,,116,0,,
287434,132947,54,44,188,,,Luka Janežič,,,,4,0,,
287436,132948,54,48,188,,,Robert Renner,,,,22,1,,
287438,132949,54,45,188,,,Žan Rudolf,,,,5,0,,
287468,132969,54,47,189,,,Eugenio Rossi,,,,35,1,,
287470,132971,54,1020,190,,,Rosefelo Siosi,,,,24,0,,
287471,132972,54,96,192,,,Anđelko Rističević,,,,118,0,,
287472,132973,54,46,192,,,Milan Ristić,,,,6,0,,
287473,132974,54,1022,192,,,Vladimir Savanović,,,,42,0,,
287514,133001,54,398,193,,,Sumeda Ranasinghe,,,,36,0,,
287522,133005,54,95,194,,,Santino Kenyi,,,,12,0,,
287523,133006,54,1020,195,,,Romário Leitão,,,,25,0,,
287527,133008,54,1019,196,,,Abdalla Yousif,,,,14,0,,
287528,133009,54,467,196,,,Ahmed Ali,,,,7,1,,
287531,133012,54,96,197,,,Christian Kreienbühl,,,,75,0,,
287533,133013,54,1013,197,,,Kariem Hussein,,,,5,0,,
287534,133014,54,96,197,,,Tadesse Abraham,,,,7,0,,
287663,133055,54,1022,199,,,Dušan Majdán,,,,26,0,,
287664,133056,54,1013,199,,,Martin Kučera,,,,7,0,,
287665,133057,54,1022,199,,,Martin Tišťan,,,,,0,DQ,
287666,133058,54,47,199,,,Matúš Bubeník,,,,35,1,,
287694,133073,54,393,200,,,Axel Härstedt,,,,10,0,,
287695,133074,54,393,200,,,Daniel Ståhl,,,,14,0,,
287697,133075,54,1021,200,,,Perseus Karlström,,,,,0,DNF,
287749,133113,54,96,203,,,Alphonce Felix Simbu,,,,5,0,,
287751,133114,54,96,203,,,Saidi Juma Makula,,,,43,0,,
287755,133118,54,43,205,,Tonga,Siueni Filimone,21,173,69,2,0,,
287759,133120,54,96,206,,,Boonthung Srisung,,,,132,0,,
287795,133144,54,467,210,,,Fabrice Dabla,,,,7,0,,
287806,133149,54,96,211,,,Ho Chin-Ping,,,,99,0,,
287808,133150,54,47,211,,,Hsiang Chun-Hsien,,,,35,1,,
287809,133151,54,398,211,,,Huang Shih-Feng,,,,33,0,,
287834,133164,54,467,212,,,Kyle Greaux,,,,4,0,,
287836,133165,54,44,212,,,Machel Cedenio,,,,4,0,,
287837,133165,54,476,212,,Trinidad and Tobago,Machel Cedenio,,,,1,0,,
287850,133169,54,96,213,,,Atef Saad,,,,62,0,,
287851,133170,54,1013,213,,,Mohamed Sghaier,,,,5,0,,
287883,133191,54,1020,214,,,Ali Kaya,,,,19,0,,
287884,133191,54,1023,214,,,Ali Kaya,,,,,0,DNF,
287885,133192,54,1019,214,,,Aras Kaya,,,,8,0,,
287886,133193,54,400,214,,Turkey,Emre Zafer Barnes,,,,4,0,,
287889,133194,54,96,214,,,Ercan Muslu,,,,51,0,,
287890,133195,54,1021,214,,Turkey,Ersin Tacir,31,170,71,30,0,,
287891,133196,54,400,214,,Turkey,İzzet Safer,,,,4,0,,
287892,133197,54,43,214,,Turkey,Jak Ali Harvey,27,183,73,4,0,,
287893,133197,54,467,214,,,Jak Ali Harvey,,,,6,0,,
287894,133197,54,400,214,,Turkey,Jak Ali Harvey,,,,4,0,,
287897,133198,54,96,214,,,Kaan Kigen Özbilen,,,,17,0,,
287898,133199,54,1021,214,,,Mert Atlı,,,,62,0,,
287900,133200,54,1013,214,,,Yasmani Copello,,,,3,0,,Bronze
287935,133220,54,43,215,,Tuvalu,Etimoni Timuani,24,184,72,7,0,,
287936,133221,54,95,216,,,Saud Al-Zaabi,,,,13,0,,
287944,133227,54,96,218,,,Jackson Kiprop,,,,79,0,,
287945,133228,54,1020,218,,,Jacob Kiplimo,,,,11,0,,
287948,133229,54,1020,218,,,Joshua Cheptegei,,,,8,0,,
287949,133229,54,1023,218,,,Joshua Cheptegei,,,,6,0,,
287952,133230,54,1023,218,,,Moses Kurong,,,,22,0,,
287953,133231,54,96,218,,,Munyo Solomon Mutai,,,,8,0,,
287954,133232,54,1020,218,,,Phillip Tarus,,,,11,0,,
287955,133233,54,95,218,,,Ronald Musagala,,,,11,0,,
287957,133234,54,1023,218,,,Timothy Toroitich,,,,23,0,,
287959,133236,54,398,219,,,Dmytro Kosynskyi,,,,5,0,,
287960,133237,54,47,219,,,Dmytro Yakovenko,,,,20,0,,
287961,133238,54,96,219,,,Ihor Olefirenko,,,,30,0,,
287962,133239,54,96,219,,,Ihor Russ,,,,48,0,,
287963,133240,54,1022,219,,,Ivan Banzeruk,,,,39,0,,
288045,133279,54,49,222,,,Emiliano Lasa,,,,6,0,,
288047,133280,54,96,222,,,Andrés Zamora,,,,50,0,,
288048,133281,54,96,222,,,Martín Cuestas,,,,109,0,,
288049,133282,54,96,222,,,Nicolás Cuestas,,,,40,0,,
288059,133290,54,467,223,,,Ameer Webb,,,,6,0,,
288060,133291,54,393,223,,,Andrew Evans,,,,16,0,,
288061,133292,54,476,223,,United States,Arman Hall,,,,1,0,,Gold
288062,133293,54,95,223,,,Ben Blankenship,,,,8,0,,
288063,133294,54,45,223,,,Boris Berian,,,,8,0,,
288064,133295,54,47,223,,,Brad Adkins,,,,21,0,,
288065,133296,54,1013,223,,,Byron Robinson,,,,3,0,,
288066,133297,54,48,223,,,Cale Simmons,,,,28,1,,
288067,133298,54,45,223,,,Charles Jock,,,,6,0,,
288068,133299,54,50,223,,,Chris Benard,,,,16,0,,
288070,133300,54,400,223,,United States,Christian Coleman,,,,2,0,,
288071,133301,54,45,223,,,Clayton Murphy,,,,3,0,,Bronze
288073,133302,54,395,223,,,Conor McCullough,,,,16,0,,
288074,133303,54,383,223,,,Darrell Hill,,,,23,0,,
288075,133304,54,44,223,,,David Verburg,,,,5,0,,
288076,133304,54,476,223,,United States,David Verburg,,,,1,0,,Gold
288077,133305,54,46,223,,,Devon Allen,,,,5,0,,
288079,133306,54,44,223,,,Gil Roberts,,,,4,0,,
288080,133306,54,476,223,,United States,Gil Roberts,,,,1,0,,Gold
288081,133307,54,1020,223,,,Hassan Mead,,,,11,0,,
288082,133308,54,1019,223,,,Hillary Bor,,,,7,0,,
288084,133309,54,400,223,,United States,Jarrion Lawson,,,,2,0,,
288085,133309,54,49,223,,,Jarrion Lawson,,,,4,0,,
288086,133310,54,96,223,,,Jared Ward,,,,6,0,,
288087,133311,54,49,223,,,Jeff Henderson,,,,1,0,,Gold
288088,133312,54,157,223,,,Jeremy Taiwo,,,,11,0,,
288089,133313,54,383,223,,,Joe Kovacs,,,,2,0,,Silver
288091,133314,54,476,223,,United States,Kyle Clemons,,,,1,0,,Gold
288092,133315,54,1023,223,,,Leonard Essau Korir,,,,14,0,,
288093,133316,54,48,223,,,Logan Cunningham,,,,28,1,,
288094,133317,54,43,223,,,Marvin Bracy-Williams,,,,6,0,,
288095,133318,54,393,223,,,Mason Finley,,,,11,0,,
288097,133319,54,400,223,,United States,Mike Rodgers,,,,2,0,,
288098,133320,54,49,223,,,Mike Hartfield,,,,25,0,,
288099,133321,54,1020,223,,,Paul Chelimo,,,,2,0,,Silver
288101,133322,54,47,223,,,Ricky Robertson,,,,17,0,,
288102,133323,54,95,223,,,Robby Andrews,,,,2,0,,
288103,133324,54,46,223,,,Ronnie Ash,,,,3,0,,
288104,133325,54,395,223,,,Rudy Winkler,,,,18,0,,
288106,133326,54,383,223,,,Ryan Crouser,,,,1,0,,Gold
288108,133327,54,398,223,,,Sam Crouser,,,,34,0,,
288109,133328,54,48,223,,,Sam Kendricks,,,,3,0,,Bronze
288110,133329,54,1023,223,,,Shadrack Kipchirchir,,,,19,0,,
288111,133330,54,393,223,,,Tavis Bailey,,,,26,0,,
288112,133331,54,43,223,,United States,Trayvon Bromell,21,175,70,8,0,,
288113,133331,54,400,223,,United States,Trayvon Bromell,,,,2,0,,
288116,133332,54,157,223,,,Zach Ziemek,,,,7,0,,
288359,133468,54,96,224,,,Andrey Petrov,,,,,0,DNF,
288361,133469,54,50,224,,,Ruslan Kurbanov,,,,1,0,,
288403,133500,54,476,226,,Venezuela,Freddy Mezones,,,,6,0,,
288404,133501,54,96,226,,,Luis Orta,,,,105,0,,
288405,133502,54,1021,226,,Venezuela,Richard Vargas,21,175,58,24,0,,
288406,133503,54,1022,226,,,Yerenman Salazar,,,,,0,DNF,
288451,133537,54,1021,227,,,Nguyễn Thành Ngưng,,,,60,0,,
288462,133543,54,44,228,,,Brandon Valentine-Parris,,,,6,0,,
288464,133545,54,95,232,,,Mohammed Rageh,,,,14,0,,
288466,133547,54,96,235,,,Jordan Chipangama,,,,92,0,,
288474,133552,54,43,236,,Zimbabwe,Gabriel Mvumvure,28,170,70,7,0,,
288475,133553,54,96,236,,,Pardon Ndhlovu,,,,41,0,,
288476,133554,54,467,236,,,Tatenda Tsumba,,,,6,0,,
288528,133585,54,157,14,,,Cedric Dubler,,,,14,0,,
288530,133586,54,157,15,,,Dominik Distelberger,,,,19,0,,
288531,133587,54,157,57,,,Adam Helcelet,,,,12,0,,
288533,133588,54,157,57,,,Jiří Sýkora,,,,25,0,,
288535,133589,54,157,67,,,Pau Tonnesen,,,,17,0,,
288536,133590,54,1019,68,,,Kaur Kivistik,,,,13,0,,
288537,133591,54,157,83,,,Kai Kazmirek,,,,4,0,,
288540,133592,54,157,86,,,Lindon Victor,,,,16,0,,
288542,133593,54,1019,104,,,Abdoullah Bamoussa,,,,12,0,,
288543,133594,54,1019,108,,,Kazuya Shiojiri,,,,11,0,,
288545,133595,54,1035,106,,,Janieve Russell,,,,7,0,,
288669,133674,54,1083,38,,,Erin Teschuk,,,,16,0,,
288670,133675,54,1033,38,,,Jessica O'Connell,,,,13,0,,
288671,133676,54,153,43,,,Li Xiaohong,,,,34,0,,
288672,133677,54,49,43,,,Wang Jianan,,,,5,0,,
288674,133678,54,1030,96,,,Manpreet Kaur,,,,23,0,,
288675,133679,54,1025,106,,,Christania Williams,,,,8,0,,
288676,133679,54,928,106,,Jamaica,Christania Williams,,,,2,0,,Silver
288677,133680,54,936,113,,,Lee Jeong-Eun,,,,,0,DQ,
288678,87581,54,936,135,,,María Guadalupe Sánchez,,,,23,0,,Silver
288679,118392,54,1020,191,,,Mohamed Mohamed,,,,23,0,,
288680,133683,54,1020,65,,,Aron Kifle,,,,8,0,,
310763,92790,54,1020,38,,Canada,,25,182,56,,,,
310764,92790,54,1023,38,,Canada,,25,182,56,,,,
311987,145960,54,1029,164,,Palestine,,23,,,,,,
312842,146075,54,927,85,,Greece,,25,180,60,,,,
314095,146298,54,45,84,,Ghana,,24,,,,,,
314525,146357,54,95,174,,Refugee Olympic Athletes,,24,170,61,,,,
314669,146366,54,1029,113,,South Korea,,24,161,46,,,,
314716,146370,54,1026,85,,Greece,,24,175,85,,,,
314747,146376,54,395,85,,Greece,,21,183,92,,,,
317356,146712,54,1021,48,,Colombia,,23,165,60,,,,
317937,146802,54,45,170,,Puerto Rico,,21,177,64,,,,
318206,146844,54,1015,27,,Belarus,,28,173,58,,,,
318622,146894,54,1015,69,,Ethiopia,,19,168,53,,,,
321484,147324,54,1015,126,,Lithuania,,27,176,63,,,,
327805,148188,54,1029,199,,Slovakia,,28,162,49,,,,
329701,148489,54,45,174,,Refugee Olympic Athletes,,21,178,62,,,,
333241,149017,54,50,27,,Belarus,,25,187,78,,,,
333890,149101,54,395,27,,Belarus,,25,193,120,,,,
334000,149118,54,49,27,,Belarus,,26,191,87,,,,
341474,150113,54,1018,57,,Czech Republic,,26,171,63,,,,
345858,150803,54,1024,188,,Slovenia,,24,177,56,,,,
346076,150851,54,476,55,,Cuba,,27,187,90,,,,
348310,151087,54,44,174,,Refugee Olympic Athletes,,24,179,59,,,,
349678,151272,54,47,27,,Belarus,,23,189,74,,,,
355591,152111,54,936,199,,Slovakia,,27,166,56,,,,
356029,87696,54,96,168,,Portugal,,35,173,60,,,,
357177,152352,54,339,139,,Mali,,26,176,73,,,,
359569,152767,54,400,61,,Dominican Republic,,23,171,61,,,,
365006,153554,54,1029,27,,Belarus,,32,162,51,,,,
366376,153796,54,936,57,,Czech Republic,,21,180,57,,,,
372027,154549,54,1029,94,,Hungary,,28,164,53,,,,
372765,154659,54,96,67,,Spain,,37,168,59,,,,
382852,156004,54,936,199,,Slovakia,,35,161,50,,,,
390627,157428,54,1015,106,,Jamaica,,25,152,57,,,,
395008,158072,54,1083,214,,Turkey,,22,173,52,,,,
400302,158707,54,46,124,,Lebanon,,26,188,80,,,,
403918,159177,54,1015,101,,Iceland,,20,172,49,,,,
404240,159195,54,1017,101,,Iceland,,30,178,70,,,,
418240,160964,54,153,61,,Dominican Republic,,26,168,56,,,,
418501,161017,54,96,94,,Hungary,,32,170,58,,,,
424844,161887,54,1017,27,,Belarus,,25,181,83,,,,
426404,162061,54,43,113,,South Korea,,25,176,73,,,,
427015,162147,54,96,174,,Refugee Olympic Athletes,,36,172,57,,,,
428995,162365,54,1018,57,,Czech Republic,,28,178,70,,,,
430836,162630,54,395,27,,Belarus,,26,192,115,,,,
434904,163317,54,1018,94,,Hungary,,23,172,63,,,,
439260,163995,54,1025,62,,Ecuador,,25,165,52,,,,
443760,164532,54,1020,195,,Sao Tome and Principe,,19,175,56,,,,
449158,165147,54,1016,174,,Refugee Olympic Athletes,,23,163,50,,,,
449242,165162,54,1015,174,,Refugee Olympic Athletes,,21,157,50,,,,
449832,165320,54,1022,66,,El Salvador,,22,162,54,,,,
452105,165727,54,1021,27,,Belarus,,27,172,65,,,,
453265,165862,54,936,94,,Hungary,,31,158,44,,,,
454404,166003,54,1022,199,,Slovakia,,28,180,67,,,,
455377,166168,54,1032,27,,Belarus,,22,175,90,,,,
457934,166602,54,1021,67,,Spain,,22,179,63,,,,
458432,166750,54,50,55,,Cuba,,18,192,83,,,,
461104,167134,54,1029,27,,Belarus,,27,165,49,,,,
474481,169020,54,47,27,,Belarus,,20,186,69,,,,
477870,169454,54,1021,227,,Vietnam,,24,165,56,,,,
477883,169461,54,339,227,,Vietnam,,23,158,45,,,,
477884,169461,54,1035,227,,Vietnam,,23,158,45,,,,
479694,169677,54,1029,124,,Lebanon,,31,168,60,,,,
485891,170533,54,50,214,,Turkey,,27,183,75,,,,
486938,170678,54,95,214,,Turkey,,26,177,60,,,,
488119,170897,54,1024,126,,Lithuania,,24,187,63,,,,
497358,172323,54,50,27,,Belarus,,27,191,83,,,,
498734,172536,54,1027,27,,Belarus,,29,169,61,,,,
501061,172882,54,96,27,,Belarus,,32,177,66,,,,
501173,172913,54,496,57,,Czech Republic,,30,173,68,,,,
502598,173140,54,1022,94,,Hungary,,29,178,69,,,,
509736,174074,54,1015,222,,Uruguay,,23,175,61,,,,
510282,174228,54,96,27,,Belarus,,30,174,58,,,,
513118,174689,54,96,48,,Colombia,,28,164,64,,,,
513137,174694,54,400,55,,Cuba,,21,184,77,,,,
513902,174809,54,1014,208,,Turkmenistan,,25,170,56,,,,
514873,174948,54,1032,57,,Czech Republic,,27,193,103,,,,
515024,174985,54,1032,214,,Turkey,,28,180,120,,,,
523490,176242,54,1032,182,,Senegal,,30,175,80,,,,
525657,176475,54,96,113,,South Korea,,25,168,58,,,,
527456,176702,54,1024,53,,Croatia,,26,178,58,,,,
531364,177266,54,1032,27,,Belarus,,23,178,87,,,,
534076,177767,54,1022,94,,Hungary,,23,200,82,,,,
534567,177832,54,383,57,,Czech Republic,,25,190,125,,,,
540757,178644,54,157,57,,Czech Republic,,21,190,91,,,,
542148,178983,54,936,67,,Spain,,27,171,53,,,,
554257,180532,54,936,126,,Lithuania,,20,164,54,,,,
557506,180943,54,153,27,,Belarus,,25,179,65,,,,
559301,181260,54,157,86,,Grenada,,23,,,,,,
561857,181696,54,1029,57,,Czech Republic,,30,162,48,,,,
562137,181776,54,153,27,,Belarus,,29,176,58,,,,
571096,182561,54,496,27,,Belarus,,23,166,60,,,,
572727,182678,54,1029,92,,Hong Kong,,28,155,45,,,,
578083,183409,54,1020,67,,Spain,,,,,,,,
578416,183652,54,1014,33,,Brunei,,,,,,,,
578627,183819,54,96,69,,Ethiopia,,,,,,,,
578816,183961,54,1030,27,,Belarus,,,,,,,,
578867,184003,54,1029,48,,Colombia,,,,,,,,
579371,184371,54,339,32,,Bahrain,,,,,,,,
579466,184433,54,47,223,,United States,,,,,,,,
579920,184761,54,1018,48,,Colombia,,,,,,,,
579958,184793,54,1017,55,,Cuba,,,,,,,,
580407,185128,54,400,38,,Canada,,,,,,,,Bronze
580466,185161,54,1083,214,,Turkey,,,,,,,,
580739,185335,54,1020,115,,Saudi Arabia,,,,,,,,
582146,186245,54,1033,41,,Chad,,,,,,,,
582822,186753,54,50,135,,Mexico,,,,,,,,
583099,186997,54,1019,69,,Ethiopia,,,,,,,,
583106,187002,54,47,131,,Malaysia,,,,,,,,
583435,187246,54,95,174,,Refugee Olympic Athletes,,,,,,,,
583517,187296,54,1027,153,,Nigeria,,,,,,,,
584245,187846,54,95,31,,Brazil,,,,,,,,
584347,187936,54,1028,78,,Great Britain,,,,,,,,
584353,187939,54,95,223,,United States,,,,,,,,
584511,188048,54,45,67,,Spain,,,,,,,,
584512,188049,54,400,61,,Dominican Republic,,,,,,,,
585241,188633,54,1028,110,,Kenya,,,,,,,,
585449,188783,54,96,42,,Chile,,,,,,,,
585539,188863,54,1021,67,,Spain,,,,,,,,
585645,188944,54,1021,48,,Colombia,,,,,,,,
585701,188991,54,1029,48,,Colombia,,,,,,,,
586363,189498,54,1015,27,,Belarus,,,,,,,,
586463,189568,54,1026,67,,Spain,,,,,,,,
586692,189711,54,153,73,,France,,,,,,,,
587499,190294,54,96,161,,Paraguay,,,,,,,,
587707,190461,54,339,168,,Portugal,,,,,,,,
588265,190878,54,398,171,,Qatar,,,,,,,,
588433,190980,54,1021,31,,Brazil,,,,,,,,
588519,191030,54,1016,200,,Sweden,,,,,,,,
588759,191215,54,47,78,,Great Britain,,,,,,,,
589104,191463,54,476,31,,Brazil,,,,,,,,
589369,191664,54,467,48,,Colombia,,,,,,,,
589973,192091,54,48,38,,Canada,,,,,,,,
590290,192333,54,400,214,,Turkey,,,,,,,,
592872,194083,54,1035,27,,Belarus,,,,,,,,
593206,194311,54,1029,55,,Cuba,,,,,,,,
595728,196022,54,45,174,,Refugee Olympic Athletes,,,,,,,,
598535,197859,54,50,27,,Belarus,,,,,,,,
599087,198226,54,395,27,,Belarus,,,,,,,,
599187,198298,54,49,27,,Belarus,,,,,,,,
600034,198851,54,1025,40,,Congo (Brazzaville),,,,,,,,
601350,112385,54,48,31,,Brazil,,,,,,,,Gold
604792,184541,54,1020,78,,Great Britain,,,,,,,,
605697,202640,54,1029,62,,Ecuador,,,,,,,,
606246,203018,54,1022,162,,Peru,,,,,,,,
607855,204175,54,393,67,,Spain,,,,,,,,
608292,204506,54,936,29,,Bolivia,,,,,,,,
608334,204541,54,47,170,,Puerto Rico,,,,,,,,
609212,205126,54,476,55,,Cuba,,,,,,,,
611015,206227,54,48,10,,Argentina,,,,,,,,
611094,206274,54,44,174,,Refugee Olympic Athletes,,,,,,,,
611449,206467,54,1021,62,,Ecuador,,,,,,,,
611450,206467,54,1022,62,,Ecuador,,,,,,,,
612182,206882,54,47,27,,Belarus,,,,,,,,
612551,207126,54,1029,175,,Romania,,,,,,,,
619495,211896,54,45,67,,Spain,,,,,,,,
620583,212975,54,400,61,,Dominican Republic,,,,,,,,
620608,212994,54,46,31,,Brazil,,,,,,,,
622063,214193,54,927,223,,United States,,,,,,,,
623470,215172,54,1022,67,,Spain,,,,,,,,
625052,216197,54,1029,27,,Belarus,,,,,,,,
625694,216646,54,1022,31,,Brazil,,,,,,,,
626745,217341,54,1030,27,,Belarus,,,,,,,,
630501,219801,54,45,82,,Equatorial Guinea,,,,,,,,
631223,220302,54,96,67,,Spain,,,,,,,,
633486,221822,54,1029,168,,Portugal,,,,,,,,
640862,226977,54,1016,32,,Bahrain,,,,,,,,
640881,158981,54,1013,55,,Cuba,,,,,,,,
644525,229303,54,1021,38,,Canada,,,,,,,,
645040,229728,54,936,135,,Mexico,,,,,,,,Silver
652387,234558,54,393,200,,Sweden,,,,,,,,
655414,236581,54,467,135,,Mexico,,,,,,,,
665079,242667,54,1027,14,,Australia,,,,,,,,
667653,244355,54,153,61,,Dominican Republic,,,,,,,,
667823,218837,54,927,67,,Spain,,,,,,,,
670242,245893,54,1021,200,,Sweden,,,,,,,,
671071,246374,54,1020,214,,Turkey,,,,,,,,
671072,246374,54,1023,214,,Turkey,,,,,,,,
672945,247599,54,1017,27,,Belarus,,,,,,,,
677602,250460,54,395,27,,Belarus,,,,,,,,
678449,250987,54,1023,223,,United States,,,,,,,,
684076,254550,54,1025,62,,Ecuador,,,,,,,,
686920,256510,54,1029,99,,Ireland,,,,,,,,
687683,256997,54,1020,195,,Sao Tome and Principe,,,,,,,,
692132,260027,54,1016,174,,Refugee Olympic Athletes,,,,,,,,
692192,260061,54,1015,174,,Refugee Olympic Athletes,,,,,,,,
692705,260463,54,1022,66,,El Salvador,,,,,,,,
694579,261723,54,1021,27,,Belarus,,,,,,,,
695133,262074,54,96,162,,Peru,,,,,,,,
696599,263036,54,153,72,,Finland,,,,,,,,
697220,263459,54,1032,27,,Belarus,,,,,,,,
698760,261092,54,400,31,,Brazil,,,,,,,,
699387,264896,54,1021,67,,Spain,,,,,,,,
699822,265256,54,50,55,,Cuba,,,,,,,,
700077,265446,54,1019,67,,Spain,,,,,,,,
700417,45644,54,47,38,,Canada,,,,,,,,
701983,266644,54,1029,27,,Belarus,,,,,,,,
703929,267955,54,43,44,,Cote d'Ivoire,,,,,,,,
704047,268035,54,1029,162,,Peru,,,,,,,,
704926,268669,54,1027,48,,Colombia,,,,,,,,
705083,268777,54,1019,67,,Spain,,,,,,,,
709066,271369,54,1022,48,,Colombia,,,,,,,,
710438,272397,54,1013,72,,Finland,,,,,,,,
711212,272897,54,45,6,,Andorra,,,,,,,,
713269,274212,54,47,27,,Belarus,,,,,,,,
715356,275460,54,1029,184,,Singapore,,,,,,,,
716056,275945,54,1021,227,,Vietnam,,,,,,,,
716069,275958,54,339,227,,Vietnam,,,,,,,,
716070,275958,54,1035,227,,Vietnam,,,,,,,,
720118,278573,54,1022,135,,Mexico,,,,,,,,
720752,278963,54,1029,42,,Chile,,,,,,,,
722040,279855,54,96,226,,Venezuela,,,,,,,,
722602,203018,54,1023,162,,Peru,,,,,,,,
723292,280712,54,95,214,,Turkey,,,,,,,,
723473,280824,54,96,162,,Peru,,,,,,,,
725690,282208,54,1022,72,,Finland,,,,,,,,
726425,282682,54,1028,78,,Great Britain,,,,,,,,
727503,283430,54,1019,226,,Venezuela,,,,,,,,
729652,284942,54,1015,157,,New Zealand,,,,,,,,
731729,286328,54,50,27,,Belarus,,,,,,,,
732838,287061,54,1027,27,,Belarus,,,,,,,,
734664,288250,54,96,27,,Belarus,,,,,,,,
734742,288298,54,496,57,,Czech Republic,,,,,,,,
736965,132297,54,96,135,,Mexico,,,,,,,,
740630,38466,54,47,135,,Mexico,,,,,,,,
740633,292218,54,1025,48,,Colombia,,,,,,,,
741667,292957,54,1015,222,,Uruguay,,,,,,,,
742151,293360,54,96,27,,Belarus,,,,,,,,
744409,294956,54,96,48,,Colombia,,,,,,,,
744416,294960,54,400,55,,Cuba,,,,,,,,
747283,296878,54,936,135,,Mexico,,,,,,,,
747925,297332,54,1015,104,,Italy,,,,,,,,
748110,297451,54,1022,62,,Ecuador,,,,,,,,
758861,304380,54,1032,27,,Belarus,,,,,,,,
759911,305042,54,1021,48,,Colombia,,,,,,,,
767419,310025,54,936,67,,Spain,,,,,,,,
769452,311312,54,1025,62,,Ecuador,,,,,,,,
769453,311312,54,1014,62,,Ecuador,,,,,,,,
770283,311902,54,1018,21,,Belgium,,,,,,,,Gold
772767,313561,54,157,67,,Spain,,,,,,,,
780091,318860,54,153,27,,Belarus,,,,,,,,
783772,321428,54,153,27,,Belarus,,,,,,,,
791134,326306,54,496,27,,Belarus,,,,,,,,
791867,326702,54,43,184,,Singapore,,,,,,,,
792463,327058,54,1029,92,,Hong Kong,,,,,,,,
795616,328967,54,157,223,,United States,,,,,,,,
