id_atleta,nombre,nombre_completo,nombre_usado,nombre_original,otros_nombres,apodos,orden_nombre,sexo,fecha_nacimiento,ciudad_nacimiento,region_nacimiento,id_pais_nacimiento,id_pais_nacionalidad,fecha_fallecimiento,ciudad_fallecimiento,region_fallecimiento,id_pais_fallecimiento,altura_cm,peso_kg,roles,afiliaciones,titulos,latitud,longitud
173,Aristidis Akratopoulos,Aristidis Akratopoulos,Aristidis•Akratopoulos,Αριστίδης•Ακρατόπουλοσ,,,,Male,,,,,,,,,,,,Competed in Olympic Games,"Panellinios GS, Athina (GRE)",,40.4194843,-3.7076302
250,Antonius Ariantho,Antonius Budi Ariantho,Antonius•Ariantho,,,,,Male,1971-10-03,Pekalongan,Jawa Tengah,123,,,,,,170,66,Competed in Olympic Games,"PB Djarum, Kudus (INA)",,-7.0418471,109.6198874814006
297,David Anear,David John Anear,David•Anear,,,,,Male,1948-03-26,Lowestoft,England,98,,,,,,175,80,Competed in Olympic Games,,,52.4766308,1.7537638
313,Alphonse Allaert,"Alphonsius Gustaaf ""Alphonse"" Allaert",Alphonse•Allaert,,,,,Male,1872-10-27,Sint-Michiels,West-Vlaanderen,34,,,,,,,,Competed in Olympic Games,"?, Schaerbeek (BEL)",,51.18087935,3.2078641093492006
644,Erich Amplatz,Erich Amplatz,Erich•Amplatz,,,,,Male,1960-02-06,Judenburg,Steiermark,31,,,,,,185,84,Competed in Olympic Games,SG Wolkersdorf/Langenlois,,47.1694082,14.6601079
801,Alessia Arisi,Alessia Arisi,Alessia•Arisi,,,,,Female,1971-12-10,Parma,Parma,133,,,,,,165,60,Competed in Olympic Games,"Union Sportive Bicentre, Paris",,44.8013678,10.3280833
881,Bang Su-Hyeon,Bang Su-Hyeon,Bang•Su-Hyeon,방•수현,Bang Soo-Hyun,,Oriental,Female,1972-09-13,,,,,,,,,,,Competed in Olympic Games,Oriri Cosmetics Company (KOR),,40.4194843,-3.7076302
1014,Fatai Adeyemo,Fatai Adeyemo,Fatai•Adeyemo,,,,,Male,,,,,,,,,,,,Competed in Olympic Games,,,40.4194843,-3.7076302
1015,Kayode Akinsanya,Kayode Akinsanya,Kayode•Akinsanya,,,,,Male,1976-06-09,,,,,,,,,,,Competed in Olympic Games,,,40.4194843,-3.7076302
1129,Jeffrey Alleyne,Jeffrey O. Alleyne,Jeffrey•Alleyne,,,,,Male,1938-06-25,Bridgetown,Saint Michael,47,,,,,,,71,Competed in Olympic Games,,,13.0977832,-59.6184184
1227,Troy Amos-Ross,Troy Amos-Ross,Troy•Amos-Ross,,,The Boss,,Male,1975-07-17,Georgetown,Demerara-Mahaica,111,,,,,,180,81,Competed in Olympic Games,"Jamestown Boxing Club, Brampton (CAN)",,6.8137426,-58.1624465
1247,Ricardo Araneda,Ricardo Aníbal Araneda Avilés,Ricardo•Araneda,,,,,Male,1971-01-03,Valdivia,Los Ríos,55,,,,,,186,75,Competed in Olympic Games,,,-39.8141262,-73.2459859
1281,Bai Chongguang,Bai Chongguang,Bai•Chongguang,白•崇光,,,Oriental,Male,1970-08-15,Harbin,Heilongjiang,57,,,,,,184,83,Competed in Olympic Games,,,45.7593633,126.6276177
1480,Omar Ajete,Omar Ajete Iglesias,Omar•Ajete,,,,,Male,1965-01-31,San Juan y Martínez,Pinar del Río,67,,,,,,175,93,Competed in Olympic Games,"Pinar del Río, Pinar del Río (CUB)",,22.2818984,-83.8379053
1552,Marco Barboni,Marco Barboni,Marco•Barboni,,,,,Male,1967-10-12,Nettuno,Roma,133,,,,,,182,82,Competed in Olympic Games,"Nettuno BC, Nettuno (ITA)",,41.4575382,12.661425
2010,Loedmila Arzjannikova,Loedmila Arzjannikova,Loedmila•Arzjannikova,,"Liudmyla Leonidova Arzhannikova, Людмила Леонідова Аржаннікова, Lyudmila Leonidova Arzhannikova, Людмила Леонидова Аржанникова",,,Female,1958-03-15,Kam'ianske,Dnipropetrovsk,265,265,,,,,168,62,Competed in Olympic Games,"Dynamo Nova Kakhovka, Nova Kakhovka (UKR)",,40.4194843,-3.7076302
2099,Bair Badyonov,Bair Dorzhiyevich Badyonov,Bair•Badyonov,Баир Доржиевич•Бадёнов,,Budenniy,,Male,1976-06-28,Zugalay,Zabaykalsky Kray,219,,,,,,178,75,Competed in Olympic Games,"RTsSP Chita, Chita (RUS)",,,
2364,Jørgen Arenholt,Jørgen Arenholt,Jørgen•Arenholt,,,,,Male,1876-12-14,København (Copenhagen),Hovedstaden,75,,1953-07-27,København (Copenhagen),Hovedstaden,75,,,Competed in Olympic Games,"KB, København (DEN)",,55.6867243,12.5700724
2390,Blanca Alejo,Blanca Iris Alejo Tejeda,Blanca•Alejo,,,,,Female,1962-03-16,Santo Domingo,Distrito Nacional,76,,,,,,152,45,Competed in Olympic Games,,,18.4801972,-69.942111
2410,José Manuel Alonso,José Manuel Alonso de Areyzaga,José Manuel•Alonso,,,,,Male,1895-11-12,San Sebastián,Guipúzcoa,87,,1984-10-11,Madrid,Madrid,87,175,66,Competed in Olympic Games,"San Sebastián Recreation Club, San Sebastián (ESP)",,43.3224219,-1.9838889
2454,Pierre Albarran,Pierre Henri Maurice Albarran,Pierre•Albarran,,,,,Male,1893-05-18,Chaville,Hauts-de-Seine,94,,1960-02-24,Paris XVIe,Paris,94,,,Competed in Olympic Games,,,48.8086915,2.1883487
2483,Otilia Bădescu,Otilia Bădescu,Otilia•Bădescu,,,,,Female,1970-10-31,București (Bucharest),București,218,,,,,,160,58,Competed in Olympic Games,"Montpellier TT, Montpellier (FRA)",,44.43564445,26.10092625223488
2530,Aleksandr Alenitsyn,Aleksandr Apollonovich Alenitsyn,Aleksandr•Alenitsyn,Александр Аполлонович•Аленицын,,,,Male,1884-11-29,St. Petersburg,St. Petersburg,219,,1922-10-05,Moskva (Moscow),Moskva,219,,,Competed in Olympic Games,"Krestovsky Lawn Tennis Club, St. Petersburg (RUS)",,40.4194843,-3.7076302
2596,Jan-Eric Antonsson,Jan-Eric Antonsson,Jan-Eric•Antonsson,,,,,Male,1961-09-09,Karlskrona,Blekinge,240,,,,,,183,84,Competed in Olympic Games,"BK Carlskrona, Karlskrona (SWE)",,56.1621073,15.5866422
2597,Mikael Appelgren,Kent Mikael Appelgren,Mikael•Appelgren,,,Äpplet,,Male,1961-10-15,Stockholm,Stockholm,240,,,,,,178,65,Competed in Olympic Games,"Ängby SK, Vällingby, Stockholm (SWE)",,44.4833009,-92.2621214
3148,Johnny Balentina,"Randolph Benito ""Johnny"" Balentina",Johnny•Balentina,,,,,Male,1971-08-08,Willemstad,Curaçao,,,,,,,186,82,Competed in Olympic Games,"Alles Door Oefening, Den Haag (ADO)/Neptunus, Rotterdam/Kinheim, Haarlem",,12.1129885,-68.8854843
3295,Juan Aguilar,Juan Aguilar,Juan•Aguilar,,,Mendoza,,Male,1943-05-15,Mendoza,Mendoza,26,,2015-01-16,Mendoza,Mendoza,26,174,75,Competed in Olympic Games,,,-32.8894155,-68.8446177
3296,Abel Almaraz,Abel César Almaraz,Abel•Almaraz,,,,,Male,1941-11-23,Buenos Aires,Ciudad Autónoma de Buenos Aires,26,,2021-05-23,,,,152,54,Competed in Olympic Games,,,-34.6073387,-58.4432852
3527,Bernd Anders,Bernd Anders,Bernd•Anders,,,,,Male,1942-09-30,Berlin,Berlin,72,,,,,,189,90,Competed in Olympic Games,"Berliner TSC, Berlin (GER)",,52.5103817,13.4349112
3529,Jochen Bachfeld,Jochen Bachfeld,Jochen•Bachfeld,,,,,Male,1952-12-17,Sülte,"Sülstorf, Mecklenburg-Vorpommern",72,,,,,,172,54,Competed in Olympic Games,"Schweriner SC, Schwerin (GER)",,40.4194843,-3.7076302
3668,Prince Amartey,Prince Amartey,Prince•Amartey,,,,,Male,1944-06-25,Ho,Volta,100,,2022-09-23,Ho,Volta,100,177,75,Competed in Olympic Games,,,6.6126598,0.4688932
3670,Alfred Ankamah,Alfred Addo Ankamah,Alfred•Ankamah,,,The Torpedo,,Male,1967-01-31,Accra,Greater Accra,100,,,,,,165,65,Competed in Olympic Games,,,5.5571096,-0.2012376
3740,Charles Amos,Charles Amos,Charles•Amos,,,,,Male,1945-03-14,?,,111,,,,,,173,76,Competed in Olympic Games,,,40.4194843,-3.7076302
3765,Imre Bácskai,Imre Bácskai,Imre•Bácskai,,,,,Male,1961-06-21,Budapest,Budapest,118,,,,,,168,67,Competed in Olympic Games,"BHSE, Budapest (HUN)",,47.47844135,19.057715351946257
3766,Tibor Badari,Tibor Badari,Tibor•Badari,,,,,Male,1948-08-17,Mátészalka,Szabolcs-Szatmár-Bereg,118,,2014-10-09,Budapest,Budapest,118,169,57,Competed in Olympic Games,"BHSE, Budapest (HUN)",,47.9539113,22.3208477
3889,Nasser Aghaie,Nasser Aghaie,Nasser•Aghaie,ناصر•آقایی,Nick Aghai,,,Male,1944-01-20,Tehran,Tehran,129,,2009-12-27,Tehran,Tehran,129,160,51,Competed in Olympic Games,,,35.6892523,51.3896004
4019,Khalid Al-Karkhi,Khalid Al-Karkhi,Khalid•Al-Karkhi,خالد•الكرخي,,,,Male,1940-08-15,Baghdad,Baghdad,130,,,,,,165,63,Competed in Olympic Games,,,30.665833,33.7227779
4277,David Attan,David Attan,David•Attan,,,,,Male,1948-12-15,,,,,,,,,191,71,Competed in Olympic Games,,,40.4194843,-3.7076302
4752,Fatai Ayinla-Adekunle,Fatai Ayinla-Adekunle,Fatai•Ayinla-Adekunle,,,,,Male,1939-05-06,Ibadan,Oyo,191,,2016-10-12,,,,179,94,Competed in Olympic Games,,,7.3786064,3.8969928
4927,Rodolfo Arpon,Rodolfo Arpon,Rodolfo•Arpon,,,,,Male,1944-04-10,?,Leyte,204,,,,,,167,60,Competed in Olympic Games,,,40.4194843,-3.7076302
5395,Alessandra,Alessandra dos Santos de Oliveira,•Alessandra,,,,,Female,1973-12-02,São Paulo,São Paulo,46,,,,,,200,85,Competed in Olympic Games,"Reyer Venezia, ITA",,-23.5506507,-46.6333824
5545,Youssef Abbas,Youssef Mohamed Abbas,Youssef•Abbas,يوسف محمد•عباس,,,,Male,1920-12-02,Abu Za'bal,Qalyubiyah,84,,1956-10-28,Mediterranean Sea,,7,,,Competed in Olympic Games • Non-starter,"Al-Ahly, Al-Qahira (EGY)",,40.4194843,-3.7076302
5605,Roger Antoine,Roger Pierre Marie Antoine,Roger•Antoine,,,,,Male,1929-06-28,Bamako,Bamako,175,,2003-08-11,Saclay,Essonne,94,187,82,Competed in Olympic Games,CSL Armees/Billancourt/Stade Français,,12.61326555,-7.984739136241295
5610,Franjo Arapović,Franjo Arapović,Franjo•Arapović,,Фрањо Араповић,,,Male,1965-06-02,Slipćić,"Mostar, Hercegovačko-neretvanski kanton",41,116,,,,,211,120,Competed in Olympic Games,"KK Cibona, Zagreb (CRO)",,40.4194843,-3.7076302
5618,Jay Arnette,Jay Joseph Hoyland Arnette,Jay•Arnette,,,,,Male,1938-12-19,Austin,Texas,268,,,,,,188,79,Competed in Olympic Games,"Texas Longhorns, Austin (USA)",,30.2711286,-97.7436995
5624,Alain Attalah,Alain Pierre Joseph Attalah,Alain•Attalah,الان بيير جوزيف•عطا االله,,,,Male,1964-10-15,Al-Iskanderiya (Alexandria),Al-Iskanderiya,84,,,,,,188,88,Competed in Olympic Games,,,,
5626,Eulalio Ávila,Eulalio Ávila Sáenz,Eulalio•Ávila,,,,,Male,1941-09-08,Ciudad Juárez,Chihuahua,171,,,,,,198,87,Competed in Olympic Games,,,31.7372575,-106.485655
5628,Antonio Ayala,Antonio Ayala Arias,Antonio•Ayala,,,,,Male,1947-02-02,?,Michoacán,171,,,,,,200,95,Competed in Olympic Games,,,40.4194843,-3.7076302
5637,Georges Baert,Georges Baert,Georges•Baert,,,,,Male,1926-06-04,Ledeberg,Oost-Vlaanderen,34,,2017-10-05,Gent (Ghent),Oost-Vlaanderen,34,,,Competed in Olympic Games,"Gent Hawks, Gent (BEL)",,51.0372053,3.7414088
5648,Christian Baltzer,Christian Baltzer,Christian•Baltzer,,,,,Male,1936-07-05,Mulhouse,Haut-Rhin,94,,,,,,192,89,Competed in Olympic Games,"FC Mulhouse, Mulhouse (FRA) / AS Mulhouse, Mulhouse (FRA)",,47.7467233,7.3389937
5656,Charles Barkley,Charles Wade Barkley,Charles•Barkley,,,"Chuck, Sir Charles",,Male,1963-02-20,Leeds,Alabama,268,,,,,,198,114,Competed in Olympic Games,"Phoenix Suns, Phoenix (USA)",,33.5439212,-86.5427551
5941,Adilson,Adilson de Freitas Nascimento,•Adilson,,,,,Male,1951-12-03,São Paulo,São Paulo,46,,2009-02-03,Campinas,São Paulo,46,195,88,Competed in Olympic Games,SE Palmeiras,,-23.5506507,-46.6333824
6789,Amaury,Amaury Antônio Pasos,•Amaury,,,,,Male,1935-12-11,São Paulo,São Paulo,46,,,,,,190,90,Competed in Olympic Games,"CR Tietê, São Paulo (BRA) / EC Sírio, São Paulo (BRA)",,-23.5506507,-46.6333824
7580,Jorge Silva,Jorge Luiz de Melo Silva,Jorge•Silva,,,,,Male,1966-06-19,Recife,Pernambuco,46,,,,,,176,71,Competed in Olympic Games,"São Paulo FC, São Paulo (BRA)",,-8.0584933,-34.8848193
7585,Stefan Aleksandrov,Stefan Aleksandrov,Stefan•Aleksandrov,Стефан•Александров,,,,Male,1946-11-04,Plovdiv,Plovdiv,38,,,,,,160,50,Competed in Olympic Games,,,42.1418541,24.7499297
7587,Tsacho Andreykovski,Tsacho Andreykovski,Tsacho•Andreykovski,Цачо•Андрейковски,,,,Male,1954-10-10,Lovech,Lovech,38,,,,,,166,54,Competed in Olympic Games,,,43.1349971,24.715431
7588,Angel Angelov,Angel Angelov,Angel•Angelov,Ангел•Ангелов,,,,Male,1948-07-10,Sofia,Sofia Grad,38,,,,,,170,63,Competed in Olympic Games,"Slavia Sofia, Sofia (BUL)",,42.6977028,23.3217359
7772,Roberto Andino,Roberto Andino,Roberto•Andino,,,,,Male,1956-10-04,,,,,,,,,183,60,Competed in Olympic Games,,,40.4194843,-3.7076302
7846,Valentin Barbu,Valentin Barbu,Valentin•Barbu,,,,,Male,1969-05-15,,,,,,,,,165,48,Competed in Olympic Games,,,40.4194843,-3.7076302
8094,Nils Althin,Nils Olof Östen Althin,Nils•Althin,,,The Terrible Swede,,Male,1905-05-12,Malmö,Skåne,240,,1978-05-19,Los Angeles,California,268,,,Competed in Olympic Games,"IK Sparta, Malmö (SWE)",,55.6052931,13.0001566
8161,Khadour Adnan,Khadour Adnan,Khadour•Adnan,خضور•عدنان,,,,Male,1971-03-01,,,,,,,,,173,81,Competed in Olympic Games,,,40.4194843,-3.7076302
8760,Mukhammad Kadyr Abdullayev,Mukhammad Kadyr Abdullayev,Mukhammad Kadyr•Abdullayev,Мухаммадкадыр•Абдуллаев,Muhammad Qodir Abdullayev,,,Male,1973-11-15,Andijon,Andijon,269,,,,,,169,63,Competed in Olympic Games • Other,,,40.7833471,72.3506746
8858,Wabanko Banko,Wabanko Banko,Wabanko•Banko,,,,,Male,1960-07-13,,,,,,,,,,,Competed in Olympic Games,,,40.4194843,-3.7076302
9194,Denis Barré,Denis Barré,Denis•Barré,,,,,Male,1948-02-04,Lachine,Québec,52,,,,,,180,71,Competed in Olympic Games,,,45.435114,-73.6837987
9195,Jean Barré,Jean Barré,Jean•Barré,,,,,Male,1945-01-03,Verdun,Québec,52,,,,,,178,71,Competed in Olympic Games,,,45.459078,-73.5731774
9301,Koutoua Abia,Koutoua Francis Abia,Koutoua•Abia,,,,,Male,1965-08-13,,,,,,,,,180,80,Competed in Olympic Games,,,40.4194843,-3.7076302
9302,Adogon,Adogon,•Adogon,,,,,Male,,,,,,,,,,,,Competed in Olympic Games,,,40.4194843,-3.7076302
9371,Jørgen Andersen,Jørgen Wrønding Andersen,Jørgen•Andersen,,,,,Male,1941-11-05,København (Copenhagen),Hovedstaden,75,,,,,,170,75,Competed in Olympic Games,"Sundby Kajakklub, København (DEN)",,55.6867243,12.5700724
9539,Philippe Aubertin,Philippe Aubertin,Philippe•Aubertin,,,,,Male,1969-04-23,Nancy,Meurthe-et-Moselle,94,,,,,,185,77,Competed in Olympic Games,"ASPTT Dijon, Dijon (FRA)",,48.6937223,6.1834097
9740,Angelika Bahmann,Angelika Bahmann,Angelika•Bahmann,,,,,Female,1952-04-01,Plauen im Vogtland,Sachsen,72,,,,,,165,69,Competed in Olympic Games,"SC DHfK, Leipzig (GER)",,,
9964,Klára Bánfalvi-Fried,Klára Bánfalvi-Fried,Klára•Bánfalvi-Fried,,,,,Female,1931-05-09,Budapest,Budapest,118,,2009-07-15,Wien (Vienna),Wien,31,172,76,Competed in Olympic Games,"Elektromos SE, Budapest (HUN) / Újpesti TE, Budapest (HUN)",,47.47844135,19.057715351946257
9981,Attila Ábrahám,Attila Ábrahám,Attila•Ábrahám,,,Gida,,Male,1967-04-29,Kapuvár,Győr-Moson-Sopron,118,,,,,,192,88,Competed in Olympic Games,"BHSE, Budapest (HUN)",,47.5936871,17.0274744
10260,Roberto Altamirano,Roberto Altamirano Sánchez,Roberto•Altamirano,,,,,Male,1944-11-25,,,,,2011-05-12,,,,175,80,Competed in Olympic Games,,,40.4194843,-3.7076302
10335,Steinar Amundsen,Steinar Amundsen,Steinar•Amundsen,,,,,Male,1945-07-04,Bærum,Viken,194,,2022-06-16,Røyken,Viken,194,195,88,Competed in Olympic Games,"Bærum KK, Bærum (NOR)",,59.9289639,10.499710818578327
10514,Mircea Anastasescu,Mircea Anastasescu,Mircea•Anastasescu,,,,,Male,1931-03-18,București (Bucharest),București,218,,1987-01-01,,,,178,75,Competed in Olympic Games,,,44.43564445,26.10092625223488
10622,Peter Ammann,Peter Ammann,Peter•Ammann,,,,,Male,1957-02-05,,,,,,,,,175,73,Competed in Olympic Games,"KC Rapperswil-Jona, Rapperswil (SUI)",,40.4194843,-3.7076302
10623,Othmar Bach,Othmar Bach,Othmar•Bach,,,,,Male,1914-09-14,,,,,,,,,,,Competed in Olympic Games,"FK Dietikon, Dietikon (SUI)",,40.4194843,-3.7076302
10675,Agneta Andersson,Agneta Monica Andersson,Agneta•Andersson,,,,,Female,1961-04-25,Karlskoga,Örebro,240,,2023-10-08,Örebro,Örebro,240,172,68,Competed in Olympic Games • Other,"Bofors KK, Karlskoga (SWE)",,59.3291667,14.5176911
10694,Lars Andersson,Lars Ivar Andersson,Lars•Andersson,,,Snickar-Lasse,,Male,1948-11-22,Stjärnsund,"Hedemora, Dalarna",240,,,,,,182,82,Competed in Olympic Games,"Hofors Kanotklubb, Hofors (SWE)",,40.4194843,-3.7076302
10861,Hanna Balabanova,Hanna Serhiïvna Balabanova (Nepitaieva-),Hanna•Balabanova,Ганна Сергіївна•Балабанова (Непитаєва-),,,,Female,1969-12-10,Vinnytsia,Vinnytsia,265,,,,,,178,72,Competed in Olympic Games,"Sports Club Flot, Kherson/Dynamo, Spartak Vinnytsya",,49.2320162,28.467975
11120,Vladimir Alimdyanov,Vladimir Alimdyanov,Vladimir•Alimdyanov,Владимир•Алимдянов,,,,Male,1973-07-07,,,,,,,,,187,88,Competed in Olympic Games,,,40.4194843,-3.7076302
11165,Toshiro Akamatsu,Toshiro Akamatsu,Toshiro•Akamatsu,赤松•敏郎,,,,Male,1941-08-28,,,,,,,,,162,56,Competed in Olympic Games,,,40.4194843,-3.7076302
11166,Yasuhiro Ando,Yasuhiro Ando,Yasuhiro•Ando,安藤•康洋,,,,Male,1969-12-13,?,Miyagi,136,,,,,,175,68,Competed in Olympic Games,,,40.4194843,-3.7076302
11198,Monica Bachmann-Weier,Monica Bachmann-Weier,Monica•Bachmann-Weier,,,,,Female,1942-04-17,Sankt Gallen,Sankt Gallen,54,,,,,,168,57,Competed in Olympic Games,"VEP, Elgg (SUI)",,47.6915996,14.6175748
11381,HRH Princess Anne,"Anne Elizabeth Alice Louise Mountbatten-Windsor (-Phillips, -Laurence)",HRH Princess•Anne,,,,,Female,1950-08-15,Westminster,England,98,,,,,,167,57,Competed in Olympic Games • Administrator,,HRH The Princess Royal,51.5004439,-0.1265398
11454,Otto Mønsted Acthon,Otto Mønsted Acthon,Otto Mønsted•Acthon,,,,,Male,1917-12-21,København (Copenhagen),Hovedstaden,75,,1980-08-13,Odder,Midtjylland,75,,,Competed in Olympic Games,,,55.6867243,12.5700724
11456,Nils Adlercreutz,Nils August Domingo Adlercreutz,Nils•Adlercreutz,,,,,Male,1866-07-08,Brunneby,"Motala, Östergötland",240,,1955-09-27,Stockholm,Stockholm,240,,,Competed in Olympic Games,"K1 IF, Stockholm (SWE)",,40.4194843,-3.7076302
11462,Ramzy Al-Duhami,Ramzy Hamad Al-Duhami,Ramzy•Al-Duhami,رمزي حامد•الدهامي,,,,Male,1972-01-05,Ar-Riyad,Ar-Riyad,222,,,,,,162,70,Competed in Olympic Games,,,24.638916,46.7160104
11464,Justo Albarracín,Justo Carlos Albarracín,Justo•Albarracín,,,,,Male,1951-05-18,,,,,,,,,176,73,Competed in Olympic Games,,,40.4194843,-3.7076302
11468,Carlos Alfonso,Carlos Alfonso,Carlos•Alfonso,,,,,Male,1945-06-17,,,,,,,,,176,74,Competed in Olympic Games,,,40.4194843,-3.7076302
11470,Derek Allhusen,Derek Swithin Allhusen,Derek•Allhusen,,,,,Male,1914-01-09,Chelsea,England,98,,2000-04-24,Norwich,England,98,180,71,Competed in Olympic Games • Competed in Olympic Games (non-medal events),"British Army, (GBR)",,51.4875167,-0.1687007
11472,Carlos Alberto Alvarado,Carlos Alberto Alvarado,Carlos Alberto•Alvarado,,,,,Male,1945-04-02,,,,,,,,,174,63,Competed in Olympic Games,,,40.4194843,-3.7076302
11474,Luis Antonio Álvarez,Luis Antonio Álvarez Cervera,Luis Antonio•Álvarez,,,,,Male,1947-07-23,Madrid,Madrid,87,,,,,,181,78,Competed in Olympic Games,"Club de Campo, Madrid (ESP)",,44.750147,-75.130874
11478,Alessandro Alvisi,Alessandro Alvisi,Alessandro•Alvisi,,,Sandrino,,Male,1887-02-12,Vicenza,Vicenza,133,,1951-05-09,Napoli,Napoli,133,,,Competed in Olympic Games,,,45.5488306,11.5478825
11480,Bartolo Ambrosione,Bartolo Ambrosione,Bartolo•Ambrosione,,,,,Male,1959-05-22,Brescia,Brescia,133,,,,,,182,75,Competed in Olympic Games,,,45.5398022,10.2200214
11484,An Deok-Gi,An Deok-Gi,An•Deok-Gi,안•덕기,An Duk-Kee,,Oriental,Male,1940-01-03,,,,,,,,,173,58,Competed in Olympic Games,,,40.4194843,-3.7076302
11492,Paolo Angioni,Paolo Angioni,Paolo•Angioni,,,,,Male,1938-01-22,Cagliari,Cagliari,133,,,,,,177,64,Competed in Olympic Games,"CEPIM Passo Corese, Rieti (ITA)",,39.2171994,9.113311
11497,Michał Antoniewicz,Michał Antoniewicz (-Woysym),Michał•Antoniewicz,,,,,Male,1897-07-07,Kraków (Cracow),Małopolskie,207,,1989-12-01,Austin,Texas,268,,,Competed in Olympic Games,,,50.047136,19.8896389
11502,Alessandro Argenton,Alessandro Argenton,Alessandro•Argenton,,,,,Male,1937-02-11,Cividale del Friuli,Udine,133,,,,,,172,63,Competed in Olympic Games,,,46.0936233,13.4303277
11508,Johan Asker,Johan Claus Abraham Asker,Johan•Asker,,,,,Male,1915-04-22,St. Petersburg,St. Petersburg,219,,2000-12-14,Svedala,Skåne,240,,,Competed in Olympic Games,"Malmö RK, Malmö (SWE)",,40.4194843,-3.7076302
11511,Evaristo Ávalos,Evaristo Ávalos Galindo,Evaristo•Ávalos,,,,,Male,1933-12-24,Naranjo,Durango,171,,,,,,166,62,Competed in Olympic Games,,,24.0277171,-104.6034345
11517,Marian Babirecki,Marian Babirecki,Marian•Babirecki,,,,,Male,1933-01-18,Gnidava,Ternopil,265,,1980-06-05,off La Habana (Havana),Ciudad de La Habana,67,172,72,Competed in Olympic Games,LZS Cwał,,49.8441164,25.8270429
11521,Kamal Bahamdan,Kamal Bahamdan,Kamal•Bahamdan,كمال•باحمدان,,,,Male,1970-02-12,Ar-Riyad,Ar-Riyad,222,,,,,,172,69,Competed in Olympic Games,,,24.638916,46.7160104
11522,Lev Baklyshkin,Lev Pavlovich Baklyshkin,Lev•Baklyshkin,Лев Павлович•Баклышкин,,,,Male,1933-09-24,Filino,Moskva,219,219,2011-07-28,Moskva (Moscow),Moskva,219,174,72,Competed in Olympic Games,"CSKA Moskva, Moskva (RUS)",,55.924443,37.367869
11523,Klaus Balkenhol,"Nikolaus ""Klaus"" Balkenhol",Klaus•Balkenhol,,,,,Male,1939-12-06,Velen,Nordrhein-Westfalen,72,,,,,,178,83,Competed in Olympic Games,"Polizei SV Düsseldorf, Düsseldorf (GER)",,51.8957136,6.9839073
11527,David Bárcena,David Roberto Bárcena Ríos,David•Bárcena,,,,,Male,1941-12-26,Celaya,Guanajuato,171,,2017-02-22,Delicias,Chihuahua,171,173,73,Competed in Olympic Games • Other,,,20.521788,-100.8140458
11531,David B. Barker,David Boston Barker,David B.•Barker,,,,,Male,1943-04-12,,,,,,,,,175,70,Competed in Olympic Games,,,40.4194843,-3.7076302
11545,Alfred Badu,Alfred Louis Badu,Alfred•Badu,,,,,Male,,,,,,,,,,,,Competed in Olympic Games,,,40.4194843,-3.7076302
12984,Caroline Alexander,Caroline Sarah J. Alexander,Caroline•Alexander,,,,,Female,1968-03-03,Millom,England,98,,,,,,170,51,Competed in Olympic Games,Team Specialized,,54.2106855,-3.2719019
13220,Craig Adair,Craig Robert Adair,Craig•Adair,,,,,Male,1963-01-31,Christchurch,Canterbury,197,,,,,,187,81,Competed in Olympic Games,,,-43.530955,172.6364343
13221,Pierre Adam,Pierre Louis Eugène Adam,Pierre•Adam,,,,,Male,1924-04-24,Paris Ve,Paris,94,,2012-09-24,Gerde,Hautes-Pyrénées,94,,,Competed in Olympic Games,"AC Boulogne-Billancourt, Boulogne-Billancourt (FRA)",,48.8459728,2.3443504
13222,Anders Adamson,Per Anders Adamson,Anders•Adamson,,,Adam,,Male,1957-07-26,Örebro,Örebro,240,,,,,,177,68,Competed in Olympic Games,"Örebrocyklisterna, Örebro (SWE)",,59.2747287,15.2151181
13229,Jean Aerts,Jean Aerts,Jean•Aerts,,,"Hoge Piet, De brummel van de fiets",,Male,1907-09-08,Laeken,Région de Bruxelles-Capitale,34,,1992-06-15,Brugge (Bruges),West-Vlaanderen,34,,,Competed in Olympic Games,,,50.883392,4.3487134
13248,Ahmed Al-Saleh,Ahmed Issa Al-Saleh,Ahmed•Al-Saleh,أحمد عيسى•الصالح,,,,Male,1966-01-01,,,,,,,,,,,Competed in Olympic Games,,,40.4194843,-3.7076302
13261,Carlos Alcántara,Carlos Saúl Alcántara,Carlos•Alcántara,,,,,Male,1948-08-21,Montevideo,Montevideo,267,,,,,,,,Competed in Olympic Games,"Club Atlético Policial, (URU)",,-34.9058916,-56.1913095
13262,Rolf Aldag,Rolf Aldag,Rolf•Aldag,,,,,Male,1968-08-25,Beckum,Nordrhein-Westfalen,72,,,,,,190,75,Competed in Olympic Games,"Team T-Mobile, Bonn (GER)",,51.7555148,8.041135
13264,Albert Alden,Cyril Albert Alden,Albert•Alden,,,,,Male,1887-11-06,Bermondsey,England,98,,1965-06-25,Shipdham,England,98,,,Competed in Olympic Games,"Kentish Wheelers, London (GBR)",,51.4970125,-0.063268
13267,Tilahun Alemayehu,Tilahun Alemayehu,Tilahun•Alemayehu,,,,,Male,1962-07-10,Addis Ababa,Addis Ababa,89,,,,,,174,61,Competed in Olympic Games,,,9.0358287,38.7524127
13269,Marcelo Alexandre,Marcelo Óscar Alexandre,Marcelo•Alexandre,,,,,Male,1963-01-22,Buenos Aires,Ciudad Autónoma de Buenos Aires,26,,,,,,193,90,Competed in Olympic Games,,,-34.6073387,-58.4432852
13278,Livingstone Alleyne,Livingstone Alleyne,Livingstone•Alleyne,,,,,Male,1971-02-18,Pie Corner,Saint Lucy,47,,,,,,183,72,Competed in Olympic Games,,,13.3069969,-59.5844074
13279,John Allis,John Cotton Allis,John•Allis,,,,,Male,1942-05-31,Boston,Massachusetts,268,,,,,,174,67,Competed in Olympic Games,Century Road Club,,42.3554334,-71.060511
13289,Gilson Alvaristo,Gilson Alvaristo,Gilson•Alvaristo,,,,,Male,1956-04-27,São Paulo,São Paulo,46,,2016-03-28,Jundiaí,São Paulo,46,170,66,Competed in Olympic Games,,,-23.5506507,-46.6333824
13302,Klaus Ampler,Klaus Ampler,Klaus•Ampler,,,,,Male,1940-11-15,Malbork,Pomorskie,207,,2016-05-06,Leipzig,Sachsen,72,174,75,Competed in Olympic Games,"SC DHfK, Leipzig (GER)",,54.0287383,19.03939638538356
13311,Henry Brask Andersen,Henry Anders Peter Brask Andersen,Henry Brask•Andersen,,,,,Male,1896-06-23,København (Copenhagen),Hovedstaden,75,,1970-11-26,Gentofte,Hovedstaden,75,,,Competed in Olympic Games,"DBC, København (DEN)",,55.6867243,12.5700724
13320,Stig Andersson,Stig Viktor Andersson,Stig•Andersson,,,Kocken,,Male,1924-11-10,Lindberg,"Varberg, Halland",240,,2015-07-11,Varberg,Halland,240,,,Competed in Olympic Games,"CK Wano, Varberg (SWE)",,40.4194843,-3.7076302
13328,Walt Andrews,"Walter Emanuel ""Walt"" Andrews",Walt•Andrews,,,,,Male,1881-02-08,?,Michigan,268,,1954-03-12,St. Petersburg,Florida,268,,,Competed in Olympic Games,"Royal Canadian Bicycle Club, Toronto (CAN)",,40.4194843,-3.7076302
13329,Jon Andrews,Jon David Andrews,Jon•Andrews,,,,,Male,1967-04-26,Christchurch,Canterbury,197,,,,,,176,76,Competed in Olympic Games,,,-43.530955,172.6364343
13330,Arthur Andrews,Arthur Fleming Andrews,Arthur•Andrews,,,,,Male,1876-09-01,Muncie,Indiana,268,,1930-03-20,Long Beach,California,268,,,Competed in Olympic Games,,,40.1936892,-85.3865271
13332,René Andring,René Andring,René•Andring,,,,,Male,1939-09-11,Bertrange,Luxembourg,161,,,,,,183,70,Competed in Olympic Games,,,49.6106029,6.0501598
13346,Camillo Arduino,Camillo Vittorio Leone Arduino,Camillo•Arduino,,,,,Male,1896-03-22,Torino,Torino,133,,1988-07-23,Torino,Torino,133,,,Competed in Olympic Games,"SS La Torino, Torino (ITA)",,52.4760367,13.439671
13347,Gregorio Aldo Arencibia,Gregorio Aldo Arencibia Guerra,Gregorio Aldo•Arencibia,,,El bufalo,,Male,1947-03-12,La Habana (Havana),Ciudad de La Habana,67,,,,,,183,82,Competed in Olympic Games,,,,
13348,Anésio Argenton,Anésio Argenton,Anésio•Argenton,,,,,Male,1931-03-14,Boa Esperança do Sul,São Paulo,46,,2011-10-03,Araraquara,São Paulo,46,181,,Competed in Olympic Games,,,-21.9930206,-48.3917372
13350,Juan Arias,Juan Carlos Arias Acosta,Juan•Arias,,,Machete,,Male,1964-12-03,Pereira,Risaralda,62,,,,,,175,68,Competed in Olympic Games,,,4.8143159,-75.6946778
13353,Lance Armstrong,Lance Edward Armstrong (Gunderson-),Lance•Armstrong,,,The Boss,,Male,1971-09-18,Dallas,Texas,268,,,,,,178,75,Competed in Olympic Games,"Motorola, (USA) / US Postal, (USA)",,-23.6475414,-46.5101132
13356,Marcelo Arriagada,Marcelo Arriagada Quinchel,Marcelo•Arriagada,,,,,Male,1973-08-22,Curicó,Maule,55,,,,,,166,56,Competed in Olympic Games,,,-34.985368,-71.2393705
13366,Georgios Aspiotis,Georgios Aspiotis,Georgios•Aspiotis,Γεώργιος•Ασπιοτισ,,,,Male,,,,,,,,,,,,Competed in Olympic Games,Kerkyra,,40.4194843,-3.7076302
13368,Borislav Asenov,Borislav Asenov,Borislav•Asenov,Борислав•Асенов,,,,Male,1959-06-16,Karapelit,Dobrich,38,,,,,,186,80,Competed in Olympic Games,,,43.64827,27.56729
13370,Deogracias Asuncion,Deogracias Asuncion,Deogracias•Asuncion,,,,,Male,1956-05-01,,,,,,,,,163,54,Competed in Olympic Games,,,40.4194843,-3.7076302
13373,Winston Attong,Winston Attong,Winston•Attong,,,,,Male,1947-03-19,,,,,,,,,162,68,Competed in Olympic Games,,,40.4194843,-3.7076302
13376,Lauri Aus,Lauri Aus,Lauri•Aus,,,,,Male,1970-11-04,Tartu,Tartumaa,88,,2003-07-20,Matjama,Tartumaa,88,179,75,Competed in Olympic Games,Centrum / Mutuelle de Seine at Marne (FRA) / AG2r Prévoyance (FRA),,58.3801207,26.72245
13379,Alain Ayissi,Alain Ayissi,Alain•Ayissi,,,,,Male,1962-04-15,,,,,,,,,,,Competed in Olympic Games,,,40.4194843,-3.7076302
13381,Gabriel Aynat,Gabriel Aynat Ferragut,Gabriel•Aynat,,,,,Male,1972-01-12,Manacor,"Mallorca, Islas Baleares",87,,,,,,179,73,Competed in Olympic Games,,,40.4194843,-3.7076302
13391,Dirk Baert,Dirk Baert,Dirk•Baert,,,,,Male,1949-02-14,Zwevegem,West-Vlaanderen,34,,,,,,174,72,Competed in Olympic Games,,,50.78285655,3.375586376478683
13404,Linas Balčiūnas,Linas Balčiūnas,Linas•Balčiūnas,,,,,Male,1978-02-14,Jonava,Kaunas,160,,,,,,197,95,Competed in Olympic Games,"Sidabrine Strele, Klaipeda",,55.0737086,24.2756961
13417,Alan Bannister,Alan Bannister,Alan•Bannister,,,,,Male,1922-11-03,Manchester,England,98,,2007-05-18,Manchester,England,98,,,Competed in Olympic Games,"Manchester Wheelers, Manchester (GBR)",,53.4794892,-2.2451148
13420,András Baranyecz,András Baranyecz,András•Baranyecz,,,,,Male,1946-02-23,Budapest,Budapest,118,,2010-01-05,Budapest,Budapest,118,180,72,Competed in Olympic Games,"Vasas, Budapest (HUN)",,47.47844135,19.057715351946257
13422,Cândido Barbosa,Cândido Joaquim Venda Moreira Barbosa,Cândido•Barbosa,,,,,Male,1974-12-31,Rebordosa,"Paredes, Distrito do Porto",211,,,,,,172,72,Competed in Olympic Games,"LA Alumínios–LA Sport, / Liberty Seguros, Bombarral (POR)",,40.4194843,-3.7076302
13423,Edward Barcik,Edward Barcik,Edward•Barcik,,,,,Male,1950-05-31,Prusice,Dolnośląskie,207,,,,,,178,72,Competed in Olympic Games,"LZS Zieloni, Tułowice, Opolskie (POL)",,51.3707663,16.9626816
13425,Gregorio Bare,Gregorio Amadeo Bare Rossario,Gregorio•Bare,,,El Toro,,Male,1973-03-19,Colonia,Colonia,267,,,,,,180,82,Competed in Olympic Games,,,-34.4698592,-57.8433679
13429,Bernd Barleben,Bernd Barleben,Bernd•Barleben,,,,,Male,1940-01-01,Berlin,Berlin,72,,,,,,183,79,Competed in Olympic Games,"SC Einheit Berlin, Ost-Berlin (GER)",,52.5103817,13.4349112
15025,Aristidis Konstantinidis,Aristidis Konstantinidis,Aristidis•Konstantinidis,Αριστίδης•Κωνσταντινίδης,,,,Male,,,,,,,,,,,,Competed in Olympic Games • Competed in Intercalated Games,Podilakiti Etairia Athinon,,40.4194843,-3.7076302
16762,Mohamed Touati,Mohamed Touati,Mohamed•Touati,محمد•تواتي,,,,Male,1939-01-17,Tunis,Tunis,260,,,,,,168,65,Competed in Olympic Games,,,48.8712458,2.3782194
17379,Robert Andrew,Robert Andrew,Robert•Andrew,,,,,Male,1942-05-10,,,,,,,,,188,74,Competed in Olympic Games,Cricketeers WA,,40.4194843,-3.7076302
17630,Sara Ballantyne,Sara Ballantyne,Sara•Ballantyne,,,,,Female,1964-11-20,Victoria,British Columbia,52,,,,,,160,56,Competed in Olympic Games,Oak Bay Ladies,,48.4283182,-123.364953
18024,Alfred Annan,Alfred Heacock Annan,Alfred•Annan,,,,,Male,1874-10-01,Webster Groves,Missouri,268,,1931-01-28,St. Louis,Missouri,268,,,Competed in Olympic Games,"Algonquin Country Club, St. Louis (USA)",,38.592339,-90.3564329
18301,Sonia Barrio,Sonia Barrio Gutiérrez,Sonia•Barrio,,,,,Female,1969-12-13,Madrid,Madrid,87,,,,,,164,56,Competed in Olympic Games,"SPV 51, Madrid (ESP)",,44.750147,-75.130874
18328,Francisco Amat,Francisco Amat Fontanals,Francisco•Amat,,Francesc Amat i Fontanals,,,Male,1943-03-21,Terrassa,Barcelona,87,,,,,,182,73,Competed in Olympic Games,"Club Egara, Terrassa (ESP)",,41.5629623,2.0100492
18588,Paul Barber,Paul Jason Barber,Paul•Barber,,,,,Male,1955-05-21,Peterborough,England,98,,,,,,189,85,Competed in Olympic Games,"Slough Hockey Club, Slough (GBR)",,52.5725769,-0.2427336
19013,Richard Allen,Richard James Allen,Richard•Allen,,,,,Male,1902-06-04,Nagpur,Maharashtra,126,,1969-01-01,Bengaluru (Bangalore),Karnataka,126,172,,Competed in Olympic Games,"Port Commissioners, Calcutta",,21.1498134,79.0820556
19216,Tadatoshi Abe,Tadatoshi Abe,Tadatoshi•Abe,安倍•忠俊,,,,Male,1931-12-24,?,Osaka,136,,,,,,170,60,Competed in Olympic Games,,,40.4194843,-3.7076302
19269,Krishnan Kumar Aggarwal,Krishnan Kumar Aggarwal,Krishnan Kumar•Aggarwal,,,,,Male,1939-01-25,,,,,,,,,167,55,Competed in Olympic Games,,,40.4194843,-3.7076302
19572,Willemien Aardenburg,Willemien Aardenburg,Willemien•Aardenburg,,,,,Female,1966-08-30,Laren,Noord-Holland,193,,,,,,,,Competed in Olympic Games,Hockeyclub Amsterdam,,52.24253135,5.216243996233833
19748,Ernest Barnes,Ernest Barnes,Ernest•Barnes,,,,,Male,1937-04-20,Christchurch,Canterbury,197,,,,,,175,75,Competed in Olympic Games,,,-43.530955,172.6364343
19883,Manzoor Hussain Atif,Manzoor Hussain Atif,Manzoor Hussain•Atif,منظور حسین•عاطف,,,,Male,1928-09-04,Gujrat,Punjab,201,,2008-12-08,Islamabad,Islamabad,201,187,73,Competed in Olympic Games • Coach • Other,,,32.5686782,74.071481
19884,Masood Ahmed,Masood Mirza Ahmed,Masood•Ahmed,,,,,Male,1918-01-01,Amritsar,Punjab,126,,,,,,,,Competed in Olympic Games,"Brothers Club, Lahore (PAK)",,31.6343083,74.8736788
19912,Riaz Ahmed,Riaz Ahmed,Riaz•Ahmed,ریاض•احمد,,,,Male,1941-09-11,Rawalpindi,Punjab,201,,,,,,150,70,Competed in Olympic Games,,,33.5914237,73.0535122
19958,Leszek Andrzejczak,Leszek Andrzejczak,Leszek•Andrzejczak,,,,,Male,1959-05-15,Poznań,Wielkopolskie,207,,,,,,176,74,Competed in Olympic Games,Pocztowca Poznań,,52.4082663,16.9335199
20008,Murray Anderson,Murray Anderson,Murray•Anderson,,,,,Male,1968-09-17,Cape Town,Western Cape,280,,,,,,,,Competed in Olympic Games,,,-33.928992,18.417396
20146,Leyla Akhmerova,Leyla Begnyazovna Akhmerova,Leyla•Akhmerova,Лейла Бегнязовна•Ахмерова,,,,Female,1957-05-01,,,,269,,,,,160,52,Competed in Olympic Games,"Spartak Andijon, Andijon (UZB)",,40.4194843,-3.7076302
20163,Vladimir Antakov,Vladimir Ilyich Antakov,Vladimir•Antakov,Владимир Ильич•Антаков,,,,Male,1957-07-13,Polevskoy,Sverdlovsk,219,219,2011-08-16,,,,180,80,Competed in Olympic Games,"SKA Sverdlovsk, Yekaterinburg (RUS)",,56.442108,60.165859
20383,Jenny Addams,Jenny Marie Beatrice Addams,Jenny•Addams,,,,,Female,1909-02-15,Bruxelles (Brussels),Région de Bruxelles-Capitale,34,,1990-01-01,,,,,,Competed in Olympic Games,"CREB, Bruxelles (BEL)",,50.8465573,4.351697
20471,Valérie Barlois-Mevel-Leroux,Valérie Gisele Angele Barlois-Mevel-Leroux,Valérie•Barlois-Mevel-Leroux,,,,,Female,1969-05-28,Melun,Seine-et-Marne,94,,,,,,165,53,Competed in Olympic Games,Chantilly,,48.539927,2.6608169
20618,Jhila Al-Masi,Jhila Al-Masi,Jhila•Al-Masi,ژیلا•الماسی,,,,Female,1954-07-15,,,,,,,,,157,45,Competed in Olympic Games,,,40.4194843,-3.7076302
20622,Shirley Armstrong,Shirley Armstrong (-Duffy),Shirley•Armstrong,,,,,Female,1930-08-14,?,Antrim,98,,2018-12-21,Roscommon,Roscommon,128,167,52,Competed in Olympic Games,,,40.4194843,-3.7076302
20659,Yuko Arai,Yuko Arai,Yuko•Arai,新井•祐子,,,,Female,1973-09-20,Gifu,Gifu,136,,,,,,160,52,Competed in Olympic Games,,,35.4094858,136.7569769
20706,Adriana Admiraal-Meijerink,Adriana Johanna Jacoba Admiraal-Meijerink,Adriana•Admiraal-Meijerink,,,,,Female,1893-06-13,Haarlem,Noord-Holland,193,,1992-05-05,Heemskerk,Noord-Holland,193,,,Competed in Olympic Games,,,52.3885317,4.6388048
20841,Sheila Armstrong,Dorothy Sheila Armstrong,Sheila•Armstrong,,,,,Female,1949-11-26,Upland,California,268,,2010-05-18,Los Angeles,California,268,170,77,Competed in Olympic Games,"Salle Santelli, New York (USA)",,34.09751,-117.6483876
21069,Roger Achten,Roger Achten,Roger•Achten,,,,,Male,1927-12-20,Herzele,Oost-Vlaanderen,34,,2004-04-10,Hasselt,Limburg,34,171,62,Competed in Olympic Games,,,50.86999175,3.898856383085506
21072,Paul Anspach,Paul Eugène Albert Anspach,Paul•Anspach,,,,,Male,1882-04-01,Bruxelles (Brussels),Région de Bruxelles-Capitale,34,,1981-08-28,Forest,Région de Bruxelles-Capitale,34,,,Competed in Olympic Games • Non-starter • Referee • Administrator,"CREB, Bruxelles (BEL)",,50.8465573,4.351697
21235,Roland Asselin,Roland George Arthur Asselin,Roland•Asselin,,,,,Male,1917-05-18,Montréal,Québec,52,,2003-12-07,New York,New York,268,,,Competed in Olympic Games,"?, Montréal (CAN)",,45.5031824,-73.5698065
21236,Peter Bakonyi,Peter Bakonyi,Peter•Bakonyi,,,,,Male,1933-07-10,Budapest,Budapest,118,,1997-08-26,Vancouver,British Columbia,52,180,78,Competed in Olympic Games • Referee,"?, Vancouver (CAN)",,47.47844135,19.057715351946257
21238,Jean-Marie Banos,Jean-Marie Banos,Jean-Marie•Banos,,,,,Male,1962-02-10,Lavelanet,Ariège,94,,,,,,182,83,Competed in Olympic Games,Chibougamau/Dynamiques de Brebeuf/Montréal,,42.9332121,1.8487179
21239,Jean-Paul Banos,Jean-Paul Banos,Jean-Paul•Banos,,,,,Male,1961-01-27,Lavelanet,Ariège,94,,,,,,182,75,Competed in Olympic Games,Chibougamau/Dynamiques de Brebeuf/Montréal,,42.9332121,1.8487179
21451,Osman Abdel Hafeez,Osman Abdel Hafeez,Osman•Abdel Hafeez,عثمان•عبد الحفيظ,,,,Male,1917-03-30,Shibin El Kom,Al-Minufiyya,84,,1958-08-14,Atlantic Ocean,,7,,,Competed in Olympic Games,"Cercle Royal d’Escrime, Al-Qahira (EGY)",,30.5545106,31.0097923
21454,Mahmoud Abdin,Mahmoud Ahmed Abdin,Mahmoud•Abdin,محمود أحمد•عابدين,,,,Male,1906-10-04,,,,,1954-06-04,Al-Qahira (Cairo),Al-Qahira,84,,,Competed in Olympic Games,"Cercle Royal d’Escrime, Al-Qahira (EGY)",,40.4194843,-3.7076302
21558,Gaston Achille,Gaston Achille,Gaston•Achille,,,,,Male,1876-05-22,Paris IXe,Paris,94,,1911-08-10,Saint-Germain-en-Laye,Yvelines,94,,,Competed in Olympic Games,Salle Georges-Alfred Cotis,,48.876019,2.339962
21560,Gaston Alibert,Gaston Jules Louis Antoine Alibert,Gaston•Alibert,,,,,Male,1878-02-22,Paris IXe,Paris,94,,1917-12-26,Paris IXe,Paris,94,,,Competed in Olympic Games,"Salle Baudry, Paris (FRA)",,48.876019,2.339962
21568,Élie Aufort,Élie Aufort,Élie•Aufort,,,,,Male,1855-10-18,Bussy,Cher,94,,,,,,,,Competed in Olympic Games,,,46.9063069,2.6233511
21569,Albert Ayat,Albert Jean Louis Ayat,Albert•Ayat,,,,,Male,1875-03-07,Paris Ve,Paris,94,,1935-12-02,Courbevoie,Hauts-de-Seine,94,,,Competed in Olympic Games,"CEA, Paris (FRA)",,48.8459728,2.3443504
21927,Edgar Amphlett,Edgar Montague Amphlett,Edgar•Amphlett,,,La Fleche,,Male,1867-09-01,Dorchester,England,98,,1931-01-09,Chelsea,England,98,,,Competed in Olympic Games • Non-starter • Referee,"Gravé's School, South Kensington (GBR) / McPherson's School of Arms, London (GBR)",,50.7132064,-2.4371229
22390,Houshmand Almasi,Houshmand Almasi,Houshmand•Almasi,هوشمند•الماسی,,,,Male,1928-03-30,,,,,2016-12-17,Genève (Geneva),Genève,54,178,78,Competed in Olympic Games,,,40.4194843,-3.7076302
22391,Sarkis Assatourian,Sarkis Assatourian,Sarkis•Assatourian,سركیس•آسادوریان‎,,,,Male,1948-05-22,,,,,,,,,176,64,Competed in Olympic Games,,,40.4194843,-3.7076302
22431,Renato Anselmi,Renato Anselmi,Renato•Anselmi,,,,,Male,1891-10-26,Marigliano,Napoli,133,,1973-10-03,Genova (Genoa),Genova,133,165,,Competed in Olympic Games • Referee,"CS Torino, Torino (ITA)",,40.9249138,14.4568673
22437,Guido Balzarini,Guido Balzarini,Guido•Balzarini,,,,,Male,1874-10-21,Castel di Lago,"Arrone, Terni",133,,1935-04-18,Roma,Roma,133,,,Competed in Olympic Games,,,40.4194843,-3.7076302
22591,Toshiaki Araki,Toshiaki Araki,Toshiaki•Araki,荒木•敏明,,,,Male,1942-05-31,Utashinai,Hokkaido,136,,,,,,175,67,Competed in Olympic Games,,,43.5213549,142.0345999
22663,Mohamed Ahmed Abu Ali,Mohamed Ahmed Abu Ali,Mohamed Ahmed•Abu Ali,محمد أحمد•أبو علي,,,,Male,1964-10-01,,,,,,,,,,,Competed in Olympic Games,,,40.4194843,-3.7076302
22664,Sami Al-Baker,Sami Al-Baker,Sami•Al-Baker,سامي•البيكر,,,,Male,1971-09-04,,,,,,,,,,,Competed in Olympic Games,,,40.4194843,-3.7076302
22667,Rashid Fahd Al-Rasheed,Rashid Fahd Al-Rasheed,Rashid Fahd•Al-Rasheed,راشد فهد•الرشيد,,,,Male,1965-01-01,,,,,,,,,,,Competed in Olympic Games,,,40.4194843,-3.7076302
22671,Ahmed Al-Ahmed,Ahmed Sa'd Mas'ud Al-Ahmed,Ahmed•Al-Ahmed,احمد سعد مسعود•الاحمد,,,,Male,1962-07-11,,,,,,,,,177,70,Competed in Olympic Games,,,40.4194843,-3.7076302
22675,Mohamed Al-Hamar,Mohamed Al-Hamar,Mohamed•Al-Hamar,محمد•الحمر,,,,Male,1971-09-04,,,,,,,,,175,70,Competed in Olympic Games,,,40.4194843,-3.7076302
22676,Faisal Al-Harshani,Faisal Al-Harshani,Faisal•Al-Harshani,فيصل•الهرشانى,,,,Male,1966-01-11,,,,,,,,,167,65,Competed in Olympic Games,,,40.4194843,-3.7076302
22678,Osama Al-Khurafi,Osama Nassir Al-Khurafi,Osama•Al-Khurafi,اسامة ناصر•الخرافي,,,,Male,1963-04-24,,,,,,,,,180,75,Competed in Olympic Games,,,40.4194843,-3.7076302
22684,Mohamed Al-Thuwani,Mohamed Fahad Al-Thuwani,Mohamed•Al-Thuwani,محمد فهد•الثويني,,,,Male,1963-02-22,,,,,,,,,173,70,Competed in Olympic Games,,,40.4194843,-3.7076302
22686,Jamal Ameen,Jamal Hussayn Ameen,Jamal•Ameen,جمال حسين•امين,,,,Male,,,,,,,,,,,,Competed in Olympic Games,,,40.4194843,-3.7076302
22736,Héctor Abaúnza,Héctor Abaúnza,Héctor•Abaúnza,,,,,Male,1938-09-06,Ciudad de México (Mexico City),Ciudad de México,171,,,,,,169,75,Competed in Olympic Games,,,19.4326296,-99.1331785
22864,Lars Aas,Lars Thorlaksøn Aas,Lars•Aas,,,,,Male,1879-02-26,Oslo,Oslo,194,,1964-02-24,Oslo,Oslo,194,,,Competed in Olympic Games,"Oslo Fekteklub, Oslo (NOR)",,59.97239745,10.775729194051896
22883,Bohdan Andrzejewski,Bohdan Andrzejewski,Bohdan•Andrzejewski,,,,,Male,1942-01-15,Kielce,Świętokrzyskie,207,,,,,,186,72,Competed in Olympic Games,"Legia Warszawa, Warszawa (POL)",,50.85402845,20.60991568734511
22977,Augusto Barreto,Augusto Cassiano Neves de Mascarenhas de Andrade Barreto,Augusto•Barreto,,,,,Male,1923-01-27,Lisboa,Distrito de Lisboa,211,,2017-01-03,Lisboa,Distrito de Lisboa,211,,,Competed in Olympic Games,,,38.7077507,-9.1365919
22980,José Bandeira,José da Silva Bandeira,José•Bandeira,,,,,Male,1961-10-13,Oeiras,Distrito de Lisboa,211,,,,,,182,69,Competed in Olympic Games,"Ateneu Comercial de Lisboa, Lisboa (POR)",,38.6925777,-9.3123076
23100,Boris Arsenyev,Boris Nikolayevich Arsenyev,Boris•Arsenyev,Борис Николаевич•Арсеньев,,,,Male,1888-03-07,,,,,,,,,,,Competed in Olympic Games,,,40.4194843,-3.7076302
23134,Karl Bach,Karl Helmut Bach,Karl•Bach,,,,,Male,1920-10-21,Neunkirchen,Saarland,72,,1993-10-01,Homburg,Saarland,72,,,Competed in Olympic Games,"TuS 1860 Neunkirchen, Neunkirchen (GER)",,49.34987,7.1841564
23142,Jules Amez-Droz,Jules Amez-Droz,Jules•Amez-Droz,,,,,Male,1921-06-30,Zürich,Zürich,54,,2012-01-01,,,,,,Competed in Olympic Games,"UOV, Zürich (SUI)",,47.3744489,8.5410422
23143,Constantin Antoniades,Constantin Antoniades,Constantin•Antoniades,,,,,Male,1891-07-24,İzmir,İzmir,261,,1975-01-01,,,,,,Competed in Olympic Games • Referee,"SEG, Genève (SUI)",,38.4237433,27.1428019
23145,Walter Bar,Walter Bar,Walter•Bar,,,,,Male,1938-07-05,,,,,,,,,182,68,Competed in Olympic Games,,,40.4194843,-3.7076302
23294,Thomas Åkerberg,Thomas Carl Torsten Åkerberg,Thomas•Åkerberg,,,,,Male,1959-05-28,Stockholm,Stockholm,240,,,,,,180,70,Competed in Olympic Games,"Ängby FK, Ekerö (SWE)",,44.4833009,-92.2621214
23343,Ali Annabi,Ali Annabi,Ali•Annabi,علي•عنابي,,,,Male,1939-11-06,Berlin,Berlin,72,,,,,,184,70,Competed in Olympic Games,,,52.5103817,13.4349112
23347,Orhan Adaş,Orhan Adaş,Orhan•Adaş,,,,,Male,1916-03-15,,,,,1984-01-01,,,,,,Competed in Olympic Games • Non-starter,,,40.4194843,-3.7076302
23351,Nihat Balkan,Nihat Balkan,Nihat•Balkan,,,,,Male,1921-01-01,İstanbul,İstanbul,261,,2013-01-01,,,,,,Competed in Olympic Games,,,41.006381,28.9758715
23352,Vural Balcan,Vural Balcan,Vural•Balcan,,,,,Male,,,,,,2013-01-01,,,,,,Competed in Olympic Games,,,40.4194843,-3.7076302
23356,Fuat Balkan,Salih Fuat Balkan,Fuat•Balkan,,,,,Male,1887-08-28,İstanbul,İstanbul,261,,1970-05-28,,,,,,Competed in Olympic Games,Beşiktaş Jimnastik Kulübü,,41.006381,28.9758715
23370,Aleksandr Abushakhmetov,Aleksandr Veniaminovich Abushakhmetov,Aleksandr•Abushakhmetov,Александр Вениаминович•Абушахметов,,,,Male,1954-07-21,Bishkek,Bishkek,139,219,1996-06-10,Moskva (Moscow),Moskva,219,189,81,Competed in Olympic Games,"VS Moskva, Moskva (RUS)",,42.868594,74.6043881
23371,Andrey Alshan,Andrey Igorevich Alshan,Andrey•Alshan,Андрей Игоревич•Альшан,,,,Male,1960-03-18,Bakı,Bakı,32,219,,,,,181,78,Competed in Olympic Games,"Dynamo Khimki, Khimki (RUS)",,40.3810541,49.8502185
23373,Nugzar Asatiani,Nugzar Asatiani,Nugzar•Asatiani,ნუგზარ•ასათიანი,"Nugzar Platonovich Asatiani, Нугзар Платонович Асатиани",,,Male,1937-07-16,Dgnorisi,Imereti,99,99,1992-04-02,Tbilisi,Tbilisi,99,171,71,Competed in Olympic Games,"Dynamo Tbilisi, Tbilisi (GEO)",,,
23465,Ervin Acel,Ervin Starhemberg Acel,Ervin•Acel,,,,,Male,1888-12-18,Kisvárda,Szabolcs-Szatmár-Bereg,118,,1958-02-24,Poughkeepsie,New York,268,,,Competed in Olympic Games,"NYAC, New York (USA)",,48.2257593,22.0784247
23468,Larry Anastasi,"Lawrence Joseph ""Larry"" Anastasi",Larry•Anastasi,,,,,Male,1934-09-06,Philadelphia,Pennsylvania,268,,,,,,185,77,Competed in Olympic Games,"Salle Csiszar, Philadelphia (USA)",,39.9527237,-75.1635262
23471,Albie Axelrod,"Albert ""Albie"" Axelrod",Albie•Axelrod,,,,,Male,1921-02-12,Bronx,New York,268,,2004-02-24,Bronx,New York,268,183,86,Competed in Olympic Games • Referee,"Fencers Club, New York (USA)",,40.8466508,-73.8785937
24146,Garry Ayre,Garry Ayre,Garry•Ayre,,,,,Male,1953-10-12,Vancouver,British Columbia,52,,,,,,180,77,Competed in Olympic Games,"New Westminster Blues, New Westminster (CAN)",,49.2608724,-123.113952
24429,Bernhard Andersen,Bernhard Vilhelm Andersen,Bernhard•Andersen,,,,,Male,1892-02-05,København (Copenhagen),Hovedstaden,75,,1958-09-09,København (Copenhagen),Hovedstaden,75,,,Competed in Olympic Games,"BK Frem, København (DEN)",,55.6867243,12.5700724
24790,Jouko Alila,Jouko Antero Alila,Jouko•Alila,,,,,Male,1950-11-18,Muhos,Pohjois-Pohjanmaa,92,,,,,,176,76,Competed in Olympic Games,"KTP Kotka, Kotka (FIN)",,64.8063089,25.9953642
24791,Veikko Asikainen,Veikko Uljas Asikainen,Veikko•Asikainen,,,,,Male,1918-04-18,Turku,Varsinais-Suomi,92,,2002-06-14,Turku,Varsinais-Suomi,92,,,Competed in Olympic Games,"FC Haka, Valkeakoski (FIN)",,60.4517531,22.2670522
25318,Simon Addo,Simon Addo,Simon•Addo,,,,,Male,1974-12-11,,,,,,,,,180,79,Competed in Olympic Games,"Ashantigold SC, Obuasi (GHA) / Great Mariners FC, Tema (GHA)",,40.4194843,-3.7076302
25452,Pierre Bangoura,Pierre Bangoura,Pierre•Bangoura,,,,,Male,1938-01-01,Conakry,Conakry,102,,2016-08-07,,,,176,64,Competed in Olympic Games,,,9.5170602,-13.6998434
25789,Raffaele Ametrano,Raffaele Ametrano,Raffaele•Ametrano,,,,,Male,1973-02-15,Castellammare di Stabia,Napoli,133,,,,,,170,68,Competed in Olympic Games,"Udinese Calcio, Udine (ITA)",,40.6943046,14.4804813
25790,Francesco Antonioli,Francesco Antonioli,Francesco•Antonioli,,,,,Male,1969-09-14,Monza,Monza e Brianza,133,,,,,,187,82,Competed in Olympic Games,"AC Milan, Milano (ITA)",,45.5834418,9.2735257
25795,Gastone Baldi,Gastone Mario Luigi Baldi,Gastone•Baldi,,,,,Male,1901-05-14,Bologna,Bologna,133,,1971-06-18,Bologna,Bologna,133,178,69,Competed in Olympic Games,"Bologna FC 1909, Bologna (ITA)",,44.4938203,11.3426327
26106,Hussein Al-Sadiq,Hussein Al-Sadiq,Hussein•Al-Sadiq,حسين•الصادق,,,,Male,1973-10-15,,,,,,,,,183,80,Competed in Olympic Games,"Al-Qadisiya, Al-Khobar (KSA)",,40.4194843,-3.7076302
26118,Fawaz Al-Ahmad,Fawaz Al-Ahmad,Fawaz•Al-Ahmad,فواز•الاحمد,,,,Male,1969-11-09,,,,,,,,,,,Competed in Olympic Games,"Kazma, Madinat al-Kuwait (KUW)",,40.4194843,-3.7076302
26131,Jasem Al-Huwaidi,Jasem Al-Huwaidi,Jasem•Al-Huwaidi,جاسم•الهويدي,,,,Male,1972-10-28,Madinat al-Kuwait (Kuwait City),Al-Asimah,144,,,,,,,,Competed in Olympic Games,"Al-Salmiya, Al-Salmiya (KUW)",,,
26133,Hussain Al-Khodari,Hussain Al-Khodari,Hussain•Al-Khodari,حسين•الخضري,,,,Male,1972-02-07,,,,,,,,,,,Competed in Olympic Games • Non-starter,"Al-Salmiya, Al-Salmiya (KUW)",,40.4194843,-3.7076302
26135,Falah Al-Majidi,Falah Al-Majidi,Falah•Al-Majidi,فلاح•المجيدي,,,,Male,1970-11-13,,,,,,,,,,,Competed in Olympic Games,"Al-Jahra, Al-Jahra (KUW)",,40.4194843,-3.7076302
26138,Hamoud Al-Shammari,Hamoud Fallitah Al-Shammari,Hamoud•Al-Shammari,حمود•فليطح الشمري,,,,Male,1960-09-26,,,,,,,,,178,68,Competed in Olympic Games,"Kazma, Madinat al-Kuwait (KUW)",,40.4194843,-3.7076302
26233,Mustapha Achab,Mustapha Achab,Mustapha•Achab,مصطفى•عشاب,,,,Male,1969-09-29,Casablanca,Casablanca-Settat,165,,,,,,,,Competed in Olympic Games,"Wydad de Casablanca, Casablanca (MAR)",,33.5945144,-7.6200284
26239,Driss Bamoos,Driss Bamoos,Driss•Bamoos,دريس•باموس,,,,Male,1942-12-15,Berrechid,Casablanca-Settat,165,,2015-04-16,Rabat,Rabat-Salé-Kénitra,165,168,67,Competed in Olympic Games,"FAR Rabat, Rabat (MAR)",,33.2676746,-7.5811465
26532,Tunde Bamidele,Tunde Bamidele,Tunde•Bamidele,,,Rock of Gibraltar,,Male,1953-05-13,?,Oyo,191,,1997-01-01,Akure,Ondo,191,200,,Competed in Olympic Games,"Shooting Stars, Ibadan (NGR)",,40.4194843,-3.7076302
26718,Marek Bajor,Marek Antoni Bajor,Marek•Bajor,,,,,Male,1970-01-10,Kolbuszowa,Podkarpackie,207,,,,,,183,77,Competed in Olympic Games,"Widzew Łódź, Łódź (POL)",,50.2433277,21.7754563
26999,Sven Andersson,Sven Tommy Andersson,Sven•Andersson,,,,,Male,1963-10-06,Strömstad,Västra Götaland,240,,,,,,193,90,Competed in Olympic Games,"Örgryte IS, Göteborg (SWE)",,58.9377567,11.1736096
27003,Jonas Axeldahl,Jonas Mikael Axeldahl,Jonas•Axeldahl,,,,,Male,1970-09-02,Holm,"Halmstad, Halland",240,,,,,,176,74,Competed in Olympic Games,"Malmö FF, Malmö (SWE)",,40.4194843,-3.7076302
27203,Kasem Baikam,Kasem Baikam,Kasem•Baikam,กษม•ใบคำ,,,,Male,1932-01-01,,,,,,,,,,,Competed in Olympic Games,"Royal Thai Air Force, (THA)",,40.4194843,-3.7076302
27449,Pedro Arispe,Pedro Arispe,Pedro•Arispe,,,El Indio,,Male,1900-09-30,Montevideo,Montevideo,267,,1960-05-04,Montevideo,Montevideo,267,,,Competed in Olympic Games,"Rampla Juniors, Montevideo (URU)",,-34.9058916,-56.1913095
27838,Monique Allen,Monique Marie Allen,Monique•Allen,,,,,Female,1971-11-10,,,,,,,,,157,46,Competed in Olympic Games,Manly Warringah Gym Club / Australian Institute of Sport,,40.4194843,-3.7076302
27984,Lise Arsenault-Goertz,Lise Isabelle Arsenault-Goertz,Lise•Arsenault-Goertz,,,,,Female,1954-12-14,Cartierville,Québec,52,,,,,,162,49,Competed in Olympic Games,"York Lions, Toronto (CAN)",,45.5324151,-73.7069741
28081,Marta Artigas,Marta Artigas y Masdeu,Marta•Artigas,,Marta Artigas i Masnen,,,Female,1968-06-11,Sitges,Barcelona,87,,,,,,160,32,Competed in Olympic Games,PS Vilanova,,41.2366707,1.8228136
28214,Barbara Alred,Barbara Alred (-Collins),Barbara•Alred,,,,,Female,1953-10-31,Bradford,England,98,,1995-01-01,Leeds,England,98,157,52,Competed in Olympic Games,"Saltaire Gym Club, Bradford (GBR)",,53.7944229,-1.7519186
28469,Angela Alberti,Angela Alberti,Angela•Alberti,,,,,Female,1949-02-04,Covo,Bergamo,133,,,,,,163,55,Competed in Olympic Games,"Ginnastica Cantoni, Cantoni (ITA)",,45.5003219,9.7701068
28470,Bianca Ambrosetti,Bianca Ambrosetti,Bianca•Ambrosetti,,,,,Female,1914-03-01,Pavia,Pavia,133,,1933-03-27,Pavia,Pavia,133,,,Competed in Olympic Games,"Società Ginnastica Pavese, Pavia (ITA)",,45.1860043,9.1546375
28542,Ginko Abukawa-Chiba,Ginko Abukawa-Chiba,Ginko•Abukawa-Chiba,虻川-千葉•吟子,,,,Female,1938-02-25,?,Akita,136,,,,,,148,46,Competed in Olympic Games,,,40.4194843,-3.7076302
28619,Hilda Amezaga,Hilda Amezaga Harfuch,Hilda•Amezaga,,,,,Female,1954-04-30,,,,,,,,,155,47,Competed in Olympic Games,,,40.4194843,-3.7076302
28714,Małgorzata Barlak-Kamasińska,Małgorzata Barlak-Kamasińska,Małgorzata•Barlak-Kamasińska,,,,,Female,1952-07-07,Katowice,Śląskie,207,,,,,,160,54,Competed in Olympic Games,MKS Pałac Katowice,,50.2137321,19.00588775660632
28760,An Myong-Hwa,An Myong-Hwa,An•Myong-Hwa,,,,Oriental,Female,1974-11-13,,,,,,,,,,,Competed in Olympic Games,,,40.4194843,-3.7076302
28775,Lavinia Agache,Lavinia Agache (-Carney),Lavinia•Agache,,,,,Female,1968-02-11,Căiuți,Bacău,218,,,,,,148,40,Competed in Olympic Games,"Liceul Sportiv Deva, Deva (ROU)",,46.1839594,26.9274485
28777,Teofila Băiașu,Teofila Băiașu (Dașchievici-),Teofila•Băiașu,,,,,Female,1927-07-25,,,,,,,,,,,Competed in Olympic Games,,,40.4194843,-3.7076302
28866,Lena Adler,Lena Kristina Adler,Lena•Adler,,,,,Female,1941-10-24,Göteborg (Gothenburg),Västra Götaland,240,,2023-05-19,Kullavik,"Kungsbacka, Halland",240,162,56,Competed in Olympic Games,"GT Vikingarna, Lidingö (SWE)",,57.7072326,11.9670171
28867,Lena Adomat,Lena Annika Adomat,Lena•Adomat,,,Addo,,Female,1964-06-22,Västerås,Västmanland,240,,,,,,162,56,Competed in Olympic Games,"Västerås GF, Västerås (SWE)",,59.6110992,16.5463679
28962,Polina Astakhova,Polina Grigoryevna Astakhova,Polina•Astakhova,Полина Григорьевна•Астахова,"Polina Hryhorivna Astakhova, Поліна Григорівна Астахова",,,Female,1936-10-30,Zaporizhzhia,Zaporizhzhia,265,265,2005-08-05,Kyiv,Kyiv,265,166,56,Competed in Olympic Games,"Shakhtar Donetsk, Donetsk (UKR) / Avangard Kyiv, Kyiv (UKR) / CSKA Kyiv, Kyiv (UKR)",,47.8507859,35.1182867
29254,Georgi Adamov,Georgi Mirchev Adamov,Georgi•Adamov,Георги Мирчев•Адамов,,,,Male,1939-06-03,Sofia,Sofia Grad,38,,,,,,173,64,Competed in Olympic Games,,,42.6977028,23.3217359
29257,Ognyan Bangiev,Ognyan Bangiev,Ognyan•Bangiev,Огнян•Бангиев,,,,Male,1956-06-15,,,,,,,,,169,63,Competed in Olympic Games,,,40.4194843,-3.7076302
29258,Todor Bachvarov,Todor G. Bachvarov,Todor•Bachvarov,Тодор Г.•Бъчваров,,,,Male,1936-01-08,Yambol,Yambol,38,,,,,,167,60,Competed in Olympic Games,,,42.483935,26.5105553
29360,Miguel Arroyo,Miguel Arroyo Pérez,Miguel•Arroyo,,,,,Male,1962-06-17,,,,,,,,,165,54,Competed in Olympic Games,,,40.4194843,-3.7076302
29389,Axel Andersen,Axel Sigurd Andersen,Axel•Andersen,,,,,Male,1891-12-20,København (Copenhagen),Hovedstaden,75,,1931-05-15,København (Copenhagen),Hovedstaden,75,,,Competed in Olympic Games,"FGS, Frederiksberg",,55.6867243,12.5700724
29509,Ismail Abdallah,Ismail Abdallah,Ismail•Abdallah,اسماعيل•عبد الله,,,,Male,1933-01-01,Al-Qahira (Cairo),Al-Qahira,84,,,,,,,,Competed in Olympic Games,,,29.9562423,31.2602849
29513,Ahmed Allam,Ahmed Issam Allam,Ahmed•Allam,أحمد عصام•علام,,,,Male,1931-09-13,Al-Qahira (Cairo),Al-Qahira,84,,,,,,,,Competed in Olympic Games,"YMMA, Al-Qahira (EGY)",,29.9562423,31.2602849
29641,Alphonse Anger,Alphonse Eugène Anger,Alphonse•Anger,,,,,Male,1915-08-20,Pfastatt,Haut-Rhin,94,,1999-10-22,Mulhouse,Haut-Rhin,94,,,Competed in Olympic Games,"Société de Gymnastique En Avant, Paris (FRA)",,47.7697441,7.3025075
29642,Jean Aubry,Jean Robert Raymond Aubry,Jean•Aubry,,,,,Male,1913-03-18,Chartres,Eure-et-Loir,94,,1995-12-22,Le Coudray,Eure-et-Loir,94,,,Competed in Olympic Games,,,48.4438601,1.4881434
29643,Thiérry Aymes,Thiérry Aymes,Thiérry•Aymes,,,,,Male,1973-10-15,Ollioules,Var,94,,,,,,165,63,Competed in Olympic Games,"OAJLP, Antibes (FRA)",,43.1397205,5.8483538
29644,Raymond Badin,Raymond Maurice Badin,Raymond•Badin,,,,,Male,1928-03-19,Mâcon,Saône-et-Loire,94,,2000-03-01,Lyon,Rhône,94,164,,Competed in Olympic Games,"?, Mâcon (FRA)",,46.3036683,4.8322266
29646,Laurent Barbiéri,Laurent Barbiéri,Laurent•Barbiéri,,,,,Male,1960-10-30,,,,,,,,,167,64,Competed in Olympic Games,Condom,,40.4194843,-3.7076302
29830,Eddie Arnold,"Edward Randal ""Eddie"" Arnold",Eddie•Arnold,,,,,Male,1949-11-20,,,,,2001-01-01,?,Hertfordshire,98,169,69,Competed in Olympic Games,Leeds Athletic Institute,,40.4194843,-3.7076302
29831,Edmund Aspinall,Edmund Aspinall,Edmund•Aspinall,,,,,Male,1886-04-12,Bolton,England,98,,1975-05-10,Bolton,England,98,,,Competed in Olympic Games,"Bolton Lads & Girls Club, Bolton (GBR)",,53.5782863,-2.4300367
30004,Helmut Bantz,Helmut Bantz,Helmut•Bantz,,,,,Male,1921-09-14,Speyer,Rheinland-Pfalz,72,,2004-10-03,Pulheim,Nordrhein-Westfalen,72,,,Competed in Olympic Games,"LTV Wuppertal, Wuppertal (GER) / KT 43, Köln (GER)",,49.3165553,8.433615
30120,István Aranyos,István Aranyos,István•Aranyos,,,,,Male,1942-04-25,Budapest,Budapest,118,,2022-09-22,Budapest,Budapest,118,169,63,Competed in Olympic Games,"BHSE, Budapest (HUN)",,47.47844135,19.057715351946257
30121,Imre Bánrévi,Imre Bánrévi,Imre•Bánrévi,,,,,Male,1954-11-14,Budapest,Budapest,118,,,,,,169,60,Competed in Olympic Games,"BHSE, Budapest (HUN)",,47.47844135,19.057715351946257
30219,Alfredo Accorsi,Alfredo Accorsi,Alfredo•Accorsi,,,,,Male,1881-02-02,Ferrara,Ferrara,133,,1951-10-05,Ferrara,Ferrara,133,,,Competed in Olympic Games,"Palestra Ginnastica Ferrara, Ferrara (ITA)",,44.8372737,11.6186451
30223,Rocco Amboni,Rocco Roberto Amboni,Rocco•Amboni,,,,,Male,1959-10-12,Treviolo,Bergamo,133,,,,,,167,62,Competed in Olympic Games,"G.S. VV.FF. ""Brunetti"", Roma (ITA)",,45.6715427,9.6117418
30227,Egidio Armelloni,Egidio Luigi Secondo Armelloni,Egidio•Armelloni,,,Fofò,,Male,1909-07-22,Soresina,Cremona,133,,1997-05-04,Milano,Milano,133,,,Competed in Olympic Games,"Pro Patria Milano, Milano (ITA)",,45.2871222,9.8570508
30341,Nobuyuki Aihara,Nobuyuki Aihara,Nobuyuki•Aihara,相原•信行,,,,Male,1934-12-16,Takasaki,Gunma,136,,2013-07-16,Takasaki,Gunma,136,154,53,Competed in Olympic Games,,,36.3220984,139.0032758
30342,Yutaka Aihara,Yutaka Aihara,Yutaka•Aihara,相原•豊,,,,Male,1970-12-18,?,Gunma,136,,,,,,156,55,Competed in Olympic Games,,,40.4194843,-3.7076302
30343,Hikoroku Arimoto,Hikoroku Arimoto,Hikoroku•Arimoto,有本•彦六,,,,Male,1915-10-11,,,,,1945-01-01,East China Sea,,7,,,Competed in Olympic Games,"Nippon Taiiku Daigaku, Setagaya (JPN)",,40.4194843,-3.7076302
30483,Francisco José Álvarez,Francisco José Álvarez Lezama,Francisco José•Álvarez,,,,,Male,1908-05-05,Tacuba,Ciudad de México,171,,1987-01-01,,,,171,,Competed in Olympic Games,,,19.4589733,-99.1879615
30661,José Filipe Abreu,José Filipe Abreu,José Filipe•Abreu,,,,,Male,1948-03-28,Lisboa,Distrito de Lisboa,211,,,,,,159,64,Competed in Olympic Games,"Lisboa Ginásio Clube, Lisboa (POR)",,38.7077507,-9.1365919
30687,Ion Albert,Ion Albert,Ion•Albert,,János Albert,,,Male,1910-06-02,Cluj-Napoca,Cluj,218,,1990-01-01,Cluj-Napoca,Cluj,218,,,Competed in Olympic Games,,,46.769379,23.5899542
30688,Eugen Balint,Eugen Balint,Eugen•Balint,,Jenő Bálint,,,Male,1927-03-05,Ineu,Arad,218,,,,,,,,Competed in Olympic Games,"Dinamo București, București (ROU) / CS Astra Arad, Arad (ROU)",,46.4259913,21.8416915
30689,Zoltan Balogh,Zoltan Balogh,Zoltan•Balogh,,Zoltán Balogh,,,Male,1930-08-03,Chișineu Criș,Arad,218,,,,,,,,Competed in Olympic Games,,,46.5242228,21.5179314
30757,Walter Bach,Walter Bach,Walter•Bach,,,,,Male,1909-12-10,,,,,,,,,,,Competed in Olympic Games,"TV Alte Sektion Zürich, Zürich (SUI)",,40.4194843,-3.7076302
30758,Albert Bachmann,Albert Bachmann,Albert•Bachmann,,,,,Male,1906-11-08,,,,,1990-01-01,,,,,,Competed in Olympic Games,"?, Luzern (SUI)",,40.4194843,-3.7076302
30915,Rudolf Babiak,Rudolf Babiak,Rudolf•Babiak,,,,,Male,1956-04-12,Banská Bystrica,Banská Bystrica,238,238,2020-07-16,Banská Bystrica,Banská Bystrica,238,157,53,Competed in Olympic Games,,,48.73709685,19.14672412771092
31000,Nikolay Andrianov,Nikolay Yefimovich Andrianov,Nikolay•Andrianov,Николай Ефимович•Андрианов,,,,Male,1952-10-14,Vladimir,Vladimir,219,219,2011-03-21,Vladimir,Vladimir,219,166,60,Competed in Olympic Games,"Burevestnik Vladimir, Vladimir (RUS)",,44.838755,23.566361216371245
31001,Vladimir Artyomov,Vladimir Nikolayevich Artyomov,Vladimir•Artyomov,Владимир Николаевич•Артёмов,,,,Male,1964-11-07,Vladimir,Vladimir,219,219,,,,,167,63,Competed in Olympic Games,"Burevestnik Vladimir, Vladimir (RUS)",,44.838755,23.566361216371245
31002,Albert Azaryan,Albert Azaryan,Albert•Azaryan,Ալբէրտ•Ազարյան,"Albert Vagharshakovich Azaryan, Альберт Вагаршакович Азарян",King of the Rings,,Male,1929-03-11,Gəncə,Gəncə,32,27,2023-09-05,Yerevan,Yerevan,27,174,72,Competed in Olympic Games • Other,"Spartak Yerevan, Yerevan (ARM)",,40.7142801,46.3670789
31003,Eduard Azaryan,Eduard Azaryan,Eduard•Azaryan,Էդուարդ•Ազարյան,"Eduard Albertovich Azaryan, Эдуард Альбертович Азарян",,,Male,1958-04-11,Yerevan,Yerevan,27,27,,,,,175,68,Competed in Olympic Games,"SKA Yerevan, Yerevan (ARM)",,40.1553963,44.5077993
31041,Kanati Allen,James Kanati Allen,Kanati•Allen,,,,,Male,1947-01-25,Los Angeles,California,268,,2011-12-31,Los Angeles,California,268,173,64,Competed in Olympic Games,"UCLA Bruins, Los Angeles (USA)",,34.0536909,-118.242766
31044,Marshall Avener,Marshall Scott Avener,Marshall•Avener,,,,,Male,1950-12-10,Brooklyn,"New York, New York",268,,,,,,170,55,Competed in Olympic Games,,,40.4194843,-3.7076302
31045,Mihai Bagiu,Mihai Florin Bagiu,Mihai•Bagiu,,,,,Male,1971-04-10,Timișoara,Timiș,218,,,,,,,,Competed in Olympic Games,Gold Cup Gymnastics,,45.7538355,21.2257474
31046,Larry Banner,"Lawrence Shyres ""Larry"" Banner",Larry•Banner,,,,,Male,1936-06-06,Van Nuys,California,268,,2013-11-28,Modesto,California,268,180,69,Competed in Olympic Games,"Los Angeles Turners, Los Angeles (USA)",,34.1866193,-118.4486675
31047,Ron Barak,"Ronald S. ""Ron"" Barak",Ron•Barak,,,,,Male,1943-06-07,Los Angeles,California,268,,,,,,170,64,Competed in Olympic Games,"Los Angeles Turners, Los Angeles (USA)",,34.0536909,-118.242766
31248,Damir Anić,Damir Anić,Damir•Anić,,Дамир Анић,,,Male,1944-07-24,Zagreb,Grad Zagreb,116,116,1992-12-12,Zagreb,Grad Zagreb,116,169,64,Competed in Olympic Games,,,45.84264135,15.962231476593626
31249,Edvard Antonijevič,Edvard Antonijevič,Edvard•Antonijevič,,"Edvard Antosiewicz, Едвард Антосијевич, Edward Antosiewicz",,,Male,1902-12-24,Ljubljana,Ljubljana,239,239,1960-01-04,Hot Springs,Arkansas,268,,,Competed in Olympic Games,,,46.0582538,14.5105343
31296,Omar Azzeb,Omar Azzeb,Omar•Azzeb,عمر•عزب,,,,Male,1960-07-07,,,,,,,,,182,85,Competed in Olympic Games,MPA Algiers,,40.4194843,-3.7076302
31345,Hamada Bakir El-Nakib,Hamada Mohamed Mahmud Mohamed Bakir El-Nakib,Hamada•Bakir El-Nakib,حمادة محمد محمود محمد•بكير النقيب,,,,Male,1974-04-06,Al-Iskanderiya (Alexandria),Al-Iskanderiya,84,,,,,,192,92,Competed in Olympic Games,"El-Olympi, Al-Iskanderiya (EGY)",,,
31401,Jesús Gómez,Jesús Gómez Camúñez,Jesús•Gómez,,,,,Male,1965-04-17,Málaga,Málaga,87,,,,,,190,88,Competed in Olympic Games,"Atlético de Madrid, Madrid (ESP)",,36.7213028,-4.4216366
31752,Camilla Andersen,Camilla Røseler Andersen,Camilla•Andersen,,,,,Female,1973-07-05,Gentofte,Hovedstaden,75,,,,,,169,65,Competed in Olympic Games,"Bækkelagets SK, Oslo (NOR)",,55.7459656,12.5510249
31766,Arne Andersen,Arne Andersen,Arne•Andersen,,,,,Male,1944-02-07,København (Copenhagen),Hovedstaden,75,,,,,,185,82,Competed in Olympic Games,"Efterslægten, København",,55.6867243,12.5700724
31810,Willy Bandholz,Willy Bandholz,Willy•Bandholz,,,,,Male,1912-07-28,Schenefeld (Kreis Steinburg),Schleswig-Holstein,72,,1999-01-29,Rimini,Rimini,133,,,Competed in Olympic Games,"Oberalster VfW, Hamburg (GER)",,54.0484989,9.4703368
32002,Þorbergur Aðalsteinsson,Þorbergur Aðalsteinsson,Þorbergur•Aðalsteinsson,,,,,Male,1956-05-16,,,,,,,,,190,90,Competed in Olympic Games • Coach,,,40.4194843,-3.7076302
32150,Baek Sang-Seo,Baek Sang-Seo,Baek•Sang-Seo,백•상서,Paek Sang-Suh,,Oriental,Male,1960-06-04,,,,,,,,,,,Competed in Olympic Games,,,40.4194843,-3.7076302
32186,Jasem Al-Deyab,Jasem Muhammad Al-Deyab,Jasem•Al-Deyab,جاسم محمد•الزياب,,,,Male,,,,,,,,,,160,86,Competed in Olympic Games,"Al-Arabi, Madinat al-Kuwait (KUW)",,40.4194843,-3.7076302
32198,Mohamed Al-Qassar,Mohamed Abdullatif Al-Qassar,Mohamed•Al-Qassar,محمد عبداللطيف•القصار,,,,Male,,,,,,,,,,175,74,Competed in Olympic Games,"Al-Qadsia, Madinat al-Kuwait (KUW)",,40.4194843,-3.7076302
32201,Bandar Al-Shammari,Bandar Al-Shammari,Bandar•Al-Shammari,بندر•الشمري,,,,Male,1969-12-06,,,,,,,,,,,Competed in Olympic Games,,,40.4194843,-3.7076302
32209,Justina Anyiam,Justina Anyiam,Justina•Anyiam,,,,,Female,1972-12-25,,,,,,,,,,,Competed in Olympic Games,,,40.4194843,-3.7076302
32445,Robert Andersson,Robert Andersson,Robert•Andersson,,,,,Male,1969-11-24,Ystad,Skåne,240,,,,,,191,83,Competed in Olympic Games,"LUGI, Lund (SWE) / TSV Bayer Dormagen, Dormagen (GER)",,55.4295203,13.8201171
32573,Habib Ammar,Habib Ammar,Habib•Ammar,حبيب•عمار,,,,Male,1946-11-15,,,,,,,,,184,84,Competed in Olympic Games,,,40.4194843,-3.7076302
32710,Richard Abrahamson,Richard Neal Abrahamson,Richard•Abrahamson,,,,,Male,1947-10-21,McMinnville,Oregon,268,,,,,,190,88,Competed in Olympic Games,"US Army, (USA)",,45.2100367,-123.194463
32865,Catherine Arnaud,Catherine Marie-Jeanne Arnaud,Catherine•Arnaud,,,,,Female,1963-02-05,Bordeaux,Gironde,94,,,,,,156,62,Competed in Olympic Games • Competed in Olympic Games (non-medal events),USOJA,,44.841225,-0.5800364
32867,Sandy Bacher,"Sandra Atsuko ""Sandy"" Bacher",Sandy•Bacher,,,,,Female,1968-05-28,Long Island,New York,268,,,,,,165,69,Competed in Olympic Games,"San José State Spartans, San José (USA)",,40.85149705,-73.0994258107431
33120,Salim Abanoz,Salim Abanoz,Salim•Abanoz,,,,,Male,1969-08-01,,,,,,,,,,,Competed in Olympic Games,,,40.4194843,-3.7076302
33127,Neil Adams,Adrian Neil Adams,Neil•Adams,,,,,Male,1958-09-27,Rugby,England,98,,,,,,178,78,Competed in Olympic Games,The Budokwai,,52.3726682,-1.2620038
33131,Lars Adolfsson,Lars Olof Melker Adolfsson,Lars•Adolfsson,,,,,Male,1965-12-20,Rydboholm,Västra Götaland,240,,,,,,183,81,Competed in Olympic Games,"Borås JK, Borås (SWE)",,57.6565573,12.8880531
33133,Eduard Aellig,Eduard Aellig,Eduard•Aellig,,,,,Male,1948-01-11,,,,,,,,,181,93,Competed in Olympic Games,,,40.4194843,-3.7076302
33138,Markku Airio,Markku Erkki Airio,Markku•Airio,,,Make,,Male,1952-04-25,Helsinki,Uusimaa,92,,,,,,188,100,Competed in Olympic Games,"Chikara, Helsinki",,60.1674881,24.9427473
33142,Ahmed Al-Shiekh,Ahmed Yahya Al-Shiekh,Ahmed•Al-Shiekh,أحمد يحيى•الشيخ,,,,Male,1964-05-11,,,,,,,,,,,Competed in Olympic Games,,,40.4194843,-3.7076302
33144,Kamal Al-Athari,Kamal Ibrahim Al-Athari,Kamal•Al-Athari,كمال ابراهيم•الأثري,,,,Male,1959-07-18,,,,,,,,,176,63,Competed in Olympic Games,,,40.4194843,-3.7076302
33147,Marc Alexandre,Marc Robert Alexandre,Marc•Alexandre,,,,,Male,1959-10-30,Paris,Paris,94,,,,,,170,73,Competed in Olympic Games,"USO judo, Orléans (FRA)",,14.7430134,-91.1573255
33157,Adel Al-Najadah,Adel Al-Najadah,Adel•Al-Najadah,عادل•النجادة,,,,Male,1966-03-09,,,,,,,,,173,71,Competed in Olympic Games,,,40.4194843,-3.7076302
33160,Saleh Al-Sharrah,Saleh Al-Sharrah,Saleh•Al-Sharrah,صالح•الشراح,,,,Male,1973-02-01,,,,,,,,,,,Competed in Olympic Games,,,40.4194843,-3.7076302
33164,An Byeong-Geun,An Byeong-Geun,An•Byeong-Geun,안•병근,An Byung-Keun,,Oriental,Male,1962-02-23,,,,,,,,,172,78,Competed in Olympic Games,,,40.4194843,-3.7076302
33173,Ao Tegen,Ao Tegen,Ao•Tegen,敖•特根,,,Oriental,Male,1975-07-12,,,,,,,,,181,90,Competed in Olympic Games,,,40.4194843,-3.7076302
33188,Isaac Azcuy,Isaac Azcuy Oliva,Isaac•Azcuy,,,,,Male,1953-06-03,Pinar del Río,Pinar del Río,67,,,,,,178,80,Competed in Olympic Games,,,22.4167422,-83.7002582
33206,Badmaanyambuugiin Bat-Erdene,Badmaanyambuugiin Bat-Erdene,Badmaanyambuugiin•Bat-Erdene,Бадмаанямбуугийн•Бат-Эрдэнэ,,,Oriental,Male,1964-06-07,Ömnödelger sum,Khentii,180,,,,,,192,120,Competed in Olympic Games • Other,,,,
34425,Mohamed Abou El-Souad,Mohamed Rjaya Ahmad 'Abbas Abou El-Souad,Mohamed•Abou El-Souad,محمد رجائى احمد عباس•ابو السعود,,,,Male,1968-11-05,,,,,,,,,180,76,Competed in Olympic Games,,,40.4194843,-3.7076302
34426,Moustafa Adam,Moustafa Isma'il Moustafa Adam,Moustafa•Adam,مصطفى إسماعيل مصطفى•آدم,,,,Male,1968-10-31,,,,,,,,,173,71,Competed in Olympic Games,,,40.4194843,-3.7076302
34427,Samy Awad,Samy Awad,Samy•Awad,سامي•عوض,,,,Male,1960-09-07,,,,,,,,,175,75,Competed in Olympic Games,,,40.4194843,-3.7076302
34676,Heriberto Anguiano,Heriberto Anguiano de la Fuente,Heriberto•Anguiano,,,,,Male,1910-11-02,Sayula,Jalisco,171,,,,,,170,,Competed in Olympic Games,,,19.8571638,-103.60889569436723
34870,George Bare,George Huston Bare,George•Bare,,,,,Male,1899-01-05,Sardinia,Ohio,268,,1981-05-26,Tacoma,Washington,268,180,,Competed in Olympic Games,"US Army, (USA)",,39.0078448,-83.8085377
34917,Alberto Anderson,Alberto Anderson,Alberto•Anderson,,,,,Male,1900-01-01,,,,,,,,,,,Competed in Olympic Games,,,40.4194843,-3.7076302
34919,Walter Balunek,Walter Daniel Balunek,Walter•Balunek,,,,,Male,1972-07-02,Buenos Aires,Ciudad Autónoma de Buenos Aires,26,,,,,,192,91,Competed in Olympic Games,Marina CRLM,,-34.6073387,-58.4432852
35075,Peter Antonie,Peter Thomas Antonie,Peter•Antonie,,,,,Male,1958-05-11,Melbourne,Victoria,30,,,,,,183,82,Competed in Olympic Games,"Melbourne University Boat Club, Melbourne (AUS)",,-37.8142454,144.9631732
35520,Marcos Arantes,Marcos Alves Arantes,Marcos•Arantes,,,,,Male,1964-07-25,,,,,,,,,194,90,Competed in Olympic Games,"Flamengo, Rio de Janeiro (BRA)",,40.4194843,-3.7076302
35522,Raul Bagattini,Raul Bagattini,Raul•Bagattini,,,,,Male,1951-05-20,?,Rio Grande do Sul,46,,,,,,178,82,Competed in Olympic Games,"Flamengo, Rio de Janeiro (BRA)",,40.4194843,-3.7076302
35591,José Ramalho,José Ramalho,José•Ramalho,,,,,Male,1901-03-15,Curitiba,Paraná,46,,1967-04-14,São Paulo,São Paulo,46,180,,Competed in Olympic Games,"Associação Atlética São Paulo, São Paulo (BRA)",,-25.4295963,-49.2712724
35613,Valentina Aleksandrova,Valentina Aleksandrova,Valentina•Aleksandrova,Валентина•Александрова,,,,Female,1962-01-14,,,,,,,,,180,81,Competed in Olympic Games,,,40.4194843,-3.7076302
35789,David Anderson,David Anderson,David•Anderson,,,,,Male,1937-08-16,Victoria,British Columbia,52,,,,,,190,86,Competed in Olympic Games,"UBC Thunderbirds, Vancouver (CAN)",,48.4283182,-123.364953
35793,Gordon Balfour,Gordon Bruce Balfour,Gordon•Balfour,,,,,Male,1882-12-25,Toronto,Ontario,52,,1949-07-31,Toronto,Ontario,52,,77,Competed in Olympic Games,"Argonaut Rowing Club, Toronto (CAN)",,43.6534817,-79.3839347
36186,Børge Kaas Andersen,Børge Kaas Andersen (-Kaas-Andersen),Børge Kaas•Andersen,,,,,Male,1937-04-26,København (Copenhagen),Hovedstaden,75,,2019-12-16,,,,186,83,Competed in Olympic Games,"Københavns Roklub, København (DEN)",,55.6867243,12.5700724
36473,Veli Autio,Veli Oiva Autio,Veli•Autio,,,,,Male,1909-09-02,Kuutsalo,"Kotka, Kymenlaakso",92,,1993-08-13,Kotka,Kymenlaakso,92,,,Competed in Olympic Games,"HKV, Helsinki (FIN)",,40.4194843,-3.7076302
36558,Pascal Bahuaud,Pascal Bahuaud,Pascal•Bahuaud,,,,,Male,1956-06-15,Toulon,Var,94,,,,,,186,85,Competed in Olympic Games,Club Nautique Lyon,,43.1257311,5.9304919
36564,Hermann Barrelet,Hermann Joseph Barrelet de Ricou,Hermann•Barrelet,,,,,Male,1879-09-25,Neuchâtel,Neuchâtel,54,,1964-04-24,,,,,,Competed in Olympic Games,"SN d'Enghien, Enghien-les-Bains (FRA)",,46.9895828,6.9292641
36839,Astrid Ayling,Astrid C. Ayling (Hohl-),Astrid•Ayling,,,,,Female,1951-12-09,Aachen,Nordrhein-Westfalen,72,,,,,,177,75,Competed in Olympic Games,"KRC, Kingston-upon-Thames (GBR)",,50.776351,6.083862
36913,Alan Barrett,Alan John Barrett,Alan•Barrett,,,,,Male,1912-11-14,Valletta,Belt Valletta,176,,1961-04-08,Northwich,England,98,,,Competed in Olympic Games,"LRC, London (GBR)",,35.8989818,14.5136759
37448,Thomas Ahrens,Thomas Ahrens,Thomas•Ahrens,,,,,Male,1948-05-27,Mölln,Schleswig-Holstein,72,,,,,,163,50,Competed in Olympic Games,"Ratzeburger RC, Ratzeburg (GER)",,53.62892,10.6880174
37453,Horst Arndt,Horst Arndt,Horst•Arndt,,,,,Male,1934-09-19,Kaliningrad,Kaliningrad,219,,2014-10-18,Taunusstein,Hessen,72,,,Competed in Olympic Games,"RG Wiesbaden-Biebrich 1888, Wiesbaden (GER)",,54.710128,20.5105838
37964,Carmine Abbagnale,Carmine Abbagnale,Carmine•Abbagnale,,,,,Male,1962-01-05,Pompei,Napoli,133,,,,,,182,90,Competed in Olympic Games,"C. N. Stabia, Napoli (ITA)",,40.7491267,14.5006415
37970,Antonio Amato,Antonio Amato,Antonio•Amato,,,,,Male,1934-11-11,Isole Tremiti,Foggia,133,,2021-02-03,Noicattaro,Bari,133,,,Competed in Olympic Games,"Marina Militare, Roma (ITA)",,42.11480025,15.487123914464329
37971,Paolo Amorini,Paolo Amorini,Paolo•Amorini,,,,,Male,1937-07-05,Rio nell'Elba,"Rio, Livorno",133,,,,,,184,83,Competed in Olympic Games,"Marina Militare, Roma (ITA)",,40.4194843,-3.7076302
37979,Mario Balleri,Mario Balleri,Mario•Balleri,,,Ballero,,Male,1902-09-17,Livorno,Livorno,133,,1962-03-09,Livorno,Livorno,133,170,,Competed in Olympic Games,"U.C. Livornesi, Livorno (ITA)",,43.5507317,10.3091256
37983,Primo Baran,Primo Baran,Primo•Baran,,,,,Male,1943-04-01,Treviso,Treviso,133,,,,,,179,76,Competed in Olympic Games,"Associazione Nazionale Dopolavoro Ferroviario Treviso, Treviso (ITA)",,45.6658505,12.2455414
37984,Renato Barbieri,Renato Barbieri,Renato•Barbieri,,,Attào,,Male,1903-01-15,Livorno,Livorno,133,,1980-11-11,Livorno,Livorno,133,170,,Competed in Olympic Games,"U.C. Livornesi, Livorno (ITA)",,43.5507317,10.3091256
38241,Tadashi Abe,Tadashi Abe,Tadashi•Abe,阿部•肇,,,,Male,1963-01-28,?,Chiba,136,,,,,,190,80,Competed in Olympic Games,Chuo University (JPN),,40.4194843,-3.7076302
38244,Norio Ban,Norio Ban,Norio•Ban,伴•紀雄,,,,Male,1914-01-01,Tokyo,Tokyo,136,,,,,,,,Competed in Olympic Games,"Keio University, Minato (JPN)",,35.6812546,139.766706
38396,An Jong-Deuk,An Jong-Deuk,An•Jong-Deuk,안•종득,An Jong-Duk,,Oriental,Male,1942-06-14,,,,,,,,,183,79,Competed in Olympic Games,,,40.4194843,-3.7076302
38490,Karin Abma,Karin Abma,Karin•Abma,,,,,Female,1951-12-05,Arnhem,Gelderland,193,,,,,,174,62,Competed in Olympic Games,"Nereus, Amsterdam (NED)",,52.0056642,5.8762345077641305
38491,Tessa Appeldoorn,Tessa Appeldoorn (-Zwolle),Tessa•Appeldoorn,,,,,Female,1973-04-29,Utrecht,Utrecht,193,,,,,,177,71,Competed in Olympic Games,"Viking, Utrecht",,52.080985600000005,5.12768396945229
38749,Leif Andersen,Leif Ragnar Andersen,Leif•Andersen,,,,,Male,1936-02-26,Bærum,Viken,194,,2014-11-21,Oslo,Oslo,194,,,Competed in Olympic Games,"Bærum Roklubb, Sandvika, Bærum (NOR)",,59.9289639,10.499710818578327
39009,Zbigniew Andruszkiewicz,Zbigniew Andruszkiewicz,Zbigniew•Andruszkiewicz,,,,,Male,1959-11-01,Gdańsk,Pomorskie,207,,,,,,190,89,Competed in Olympic Games,"Zawisza Bydgoszcz, Bydgoszcz (POL)",,54.3482907,18.6540233
39128,Samuel Aguiar,Samuel Aguiar,Samuel•Aguiar,,,,,Male,1968-12-30,,,,,,,,,,,Competed in Olympic Games,"Fluvial, Porto (POR)",,40.4194843,-3.7076302
39347,Nikolay Aksyonov,Nikolay Aleksandrovich Aksyonov,Nikolay•Aksyonov,Николай Александрович•Аксëнов,,,,Male,1970-06-08,Sortavala,Respublika Kareliya,219,,,,,,201,100,Competed in Olympic Games,"Dynamo Saratov, Saratov (RUS)",,61.70274,30.691231
39565,Sture Baatz,Sture Bengt Lorentz Baatz,Sture•Baatz,,,,,Male,1929-08-26,Strömstad,Västra Götaland,240,,2004-02-14,Lysekil,Västra Götaland,240,,,Competed in Olympic Games,"Strömstads RK, Strömstad (SWE)",,58.9377567,11.1736096
39824,Lidiya Averyanova,Lidiya Arsentyevna Averyanova,Lidiya•Averyanova,Лидия Арсентьевна•Аверьянова,,,,Female,1960-03-04,Kinderi,Respublika Tatarstan,219,219,,,,,180,74,Competed in Olympic Games,"Dynamo Kazan, Kazan (RUS)",,55.8896315,49.2506951
39898,Andrey Arkhipov,Andrey Alekseyevich Arkhipov,Andrey•Arkhipov,Андрей Алексеевич•Архипов,,,,Male,1931-04-21,,,,219,2017-01-12,,,,,,Competed in Olympic Games,Krasnoye Znamya Leningrad,,40.4194843,-3.7076302
40223,Charles Aman,Charles Aman,Charles•Aman,,,,,Male,1887-09-25,Kansas City,Missouri,268,,1936-01-09,Kansas City,Missouri,268,,,Competed in Olympic Games,"Mound City Rowing Club, St. Louis (USA)",,39.100105,-94.5781416
40231,Michael Bach,Michael Richardson Bach,Michael•Bach,,,,,Male,1960-07-25,Staten Island,New York,268,,,,,,193,89,Competed in Olympic Games,,,40.5834557,-74.1496048
40640,Romano Bajlo,Romano Bajlo,Romano•Bajlo,,,,,Male,1946-03-16,Zadar,Zadarska županija,116,,,,,,,,Competed in Olympic Games,"VK Jadran, Zadar (CRO)",,44.1168594,15.2353257
40830,Phil Adams,"Phillip Maxwell ""Phil"" Adams",Phil•Adams,,,,,Male,1945-07-29,Forbes,New South Wales,30,,,,,,163,93,Competed in Olympic Games,Forbes RSL Pistol Club,,-33.378772049999995,147.95343881310146
40884,Sylvia Baldessarini,Sylvia Baldessarini (-Hackl),Sylvia•Baldessarini,,,,,Female,1971-06-13,Zams,Tirol,31,,,,,,173,63,Competed in Olympic Games,,,47.1700729,10.5928161
40948,Saiful Alam,Saiful Alam,Saiful•Alam,,,,,Male,1968-10-28,,,,,,,,,,,Competed in Olympic Games • Other,"BKSP, Savar (BAN)",,40.4194843,-3.7076302
40961,Robert Andrieux,Robert Andrieux,Robert•Andrieux,,,,,Male,,,,,,,,,,,,Competed in Olympic Games,,,40.4194843,-3.7076302
40963,Arthur Balbaert,Arthur Balbaert,Arthur•Balbaert,,,,,Male,1879-05-27,Roubaix,Nord,94,,1938-10-14,Hoevenen,"Stabroek, Antwerpen",34,,,Competed in Olympic Games,,,50.6915893,3.1741734
40964,Joseph Baras,Joseph Baras,Joseph•Baras,,,,,Male,,,,,,,,,,,,Competed in Olympic Games,,,40.4194843,-3.7076302
41045,Maria Amaral,Maria Nelly Padilha Amaral (Padilha Pinhero-),Maria•Amaral,,,,,Female,1931-11-06,Salvador,Bahia,46,,,,,,159,54,Competed in Olympic Games,,,-12.9822499,-38.4812772
41050,Dario Barbosa,Dario Barbosa,Dario•Barbosa,,,,,Male,1882-07-21,Porto Alegre,Rio Grande do Sul,46,,1965-09-25,Porto Alegre,Rio Grande do Sul,46,,,Competed in Olympic Games,,,-30.0324999,-51.2303767
41097,Ali Al-Khalifa,Ali Al-Khalifa,Ali•Al-Khalifa,علي•الخليفة,,,,Male,,,,,,,,,,175,65,Competed in Olympic Games,,,40.4194843,-3.7076302
41100,"Jefri Bolkiah, Prince Abdul Hakeem",Jefri Kiko Bolkiah Abdul Hakeem,"Jefri Bolkiah, Prince•Abdul Hakeem",,,,,Male,1973-06-13,,,,,,,,,172,90,Competed in Olympic Games • Other,,Prince,40.4194843,-3.7076302
41430,Anton Andersen,Anton Kristian Andersen,Anton•Andersen,,,,,Male,1880-09-07,Tvis,"Holstebro, Midtjylland",75,,1971-10-13,Vemb,"Holstebro, Midtjylland",75,,,Competed in Olympic Games,Vemb,,40.4194843,-3.7076302
41432,Niels Andersen,Niels Andersen,Niels•Andersen,,,,,Male,1867-05-14,Skibinge,"Vordingborg, Sjælland",75,,1930-10-09,Hyllinge,"Næstved, Sjælland",75,,,Competed in Olympic Games,Præstø amts Skytteforening,,40.4194843,-3.7076302
41516,Krikor Agathon,Krikor Agathon,Krikor•Agathon,كريكور•اغاطون,,,,Male,1900-11-26,Al-Iskanderiya (Alexandria),Al-Iskanderiya,84,,1979-01-01,,,,,,Competed in Olympic Games,,,,
41571,Juan Ávalos,Juan Ávalos Carballo,Juan•Ávalos,,,,,Male,1941-01-08,Madrid,Madrid,87,,,,,,170,80,Competed in Olympic Games,,,44.750147,-75.130874
41572,Rafael Axpe,Rafael Axpe Elejalde,Rafael•Axpe,,,,,Male,1954-02-23,Aramayona,Álava,87,,,,,,178,88,Competed in Olympic Games,,,43.0352061,-2.585761508234
41634,Osmo Ala-Honkola,Osmo Juhani Ala-Honkola,Osmo•Ala-Honkola,,,,,Male,1939-05-12,Kuortane,Etelä-Pohjanmaa,92,,2020-11-14,Vaasa,Pohjanmaa,92,185,87,Competed in Olympic Games,,,62.8069866,23.5069436
41636,Jalo Urho Autonen,Jalo Urho Autonen,Jalo Urho•Autonen,,,,,Male,1883-05-04,Mikkeli,Etelä-Savo,92,,1959-06-15,Helsinki,Uusimaa,92,,,Competed in Olympic Games,,,61.6877956,27.2726569
41758,Jean-Pierre Amat,Jean-Pierre Bernard André Amat,Jean-Pierre•Amat,,,,,Male,1962-06-13,Chambéry,Savoie,94,,,,,,175,74,Competed in Olympic Games,TO Savoisien,,45.5662672,5.9203636
41764,Eugène Balme,Eugène Jean François Balme,Eugène•Balme,,,,,Male,1874-11-22,Oullins,Rhône,94,,1914-02-24,Paris VIIe,Paris,94,170,,Competed in Olympic Games,Cercle des Carabiniers de Paris,,45.7153254,4.8039331
41934,Edward Amoore,Edward John Amoore,Edward•Amoore,,,Peepo,,Male,1877-03-20,Wimbledon,England,98,,1955-07-11,Twickenham,England,98,,,Competed in Olympic Games,Southfields Rifle Club,,51.4214787,-0.2064027
42127,Helmut Artelt,Helmut Artelt,Helmut•Artelt,,,,,Male,1940-11-07,Wrocław,Dolnośląskie,207,,,,,,165,72,Competed in Olympic Games,"GST-Klub Leipzig, Leipzig (GER)",,51.1263106,16.97819633051261
42128,Gerhard Aßmus,Gerhard Aßmus,Gerhard•Aßmus,,,,,Male,1928-09-25,Brandis,Sachsen,72,,,,,,175,80,Competed in Olympic Games,"ASG Vorwärts Leipzig, Leipzig (GER)",,51.3346604,12.6089036
42420,Imre Ágoston,Imre Ágoston,Imre•Ágoston,,,,,Male,1922-01-19,Budapest,Budapest,118,,1992-02-05,Budapest,Budapest,118,,,Competed in Olympic Games,P. Vasas Sport Club,,47.47844135,19.057715351946257
42510,Selvyana Adrian-Sofyan,Selvyana Adrian-Sofyan,Selvyana•Adrian-Sofyan,,,,,Female,1951-02-26,Bogor,Jawa Barat,123,,,,,,151,52,Competed in Olympic Games,,,-6.5962986,106.7972421
42516,Harihar Banerjee,H. Harihar Banerjee,Harihar•Banerjee,,,,,Male,1922-04-15,Kolkata (Calcutta),West Bengal,126,,1999-03-28,Kolkata (Calcutta),West Bengal,126,,,Competed in Olympic Games,"South Calcutta Rifle Club, Kolkata (IND)",,22.6012775,88.3841474
42607,Ugo Amicosante,Ugo Amicosante,Ugo•Amicosante,,,,,Male,1930-08-08,Molina Aterno,L'Aquila,133,,2019-05-23,Roma,Roma,133,170,76,Competed in Olympic Games,"Tiro a Segno Nazionale, Roma (ITA)",,40.4194843,-3.7076302
42791,Shuaib Adam,Shuaib Adam,Shuaib•Adam,,,,,Male,1953-08-08,,,,,,,,,175,80,Competed in Olympic Games,,,40.4194843,-3.7076302
42812,Bang Hyeon-Ju,Bang Hyeon-Ju,Bang•Hyeon-Ju,방•현주,Bang Hyun-Joo,,Oriental,Female,1966-07-17,,,,,,,,,161,48,Competed in Olympic Games,,,40.4194843,-3.7076302
42837,An Jeong-Geun,An Jeong-Geun,An•Jeong-Geun,안•정근,An Jung-Keun,,Oriental,Male,1924-11-20,Seoul,Seoul,143,,,,,,174,72,Competed in Olympic Games,,,37.5545547,126.9707793
42892,Nayef Al-Daihani,Nayef Al-Daihani,Nayef•Al-Daihani,نايف•الديحاني,,,,Male,1956-06-21,,,,,,,,,,,Competed in Olympic Games,,,40.4194843,-3.7076302
42893,Fehaid Al-Deehani,Fehaid Al-Deehani,Fehaid•Al-Deehani,فهيد•الديحاني,,,,Male,1966-10-11,Madinat al-Kuwait (Kuwait City),Al-Asimah,144,,,,,,178,95,Competed in Olympic Games • Other,"Kuwait Shooting Club, Madinat al-Kuwait (KUW)",,,
42894,Abdullah Al-Rashidi,Abdullah Al-Rashidi,Abdullah•Al-Rashidi,عبدالله•الرشيدي,,,,Male,1963-08-21,Madinat al-Kuwait (Kuwait City),Al-Asimah,144,,,,,,183,83,Competed in Olympic Games • Other,"Kuwait Shooting Club, Madinat al-Kuwait (KUW)",,,
43045,Roger Abel,Roger Auguste Victor Abel,Roger•Abel,,,,,Male,1900-04-08,Monaco,Monaco,166,,1982-06-27,Monaco,Monaco,166,,,Competed in Olympic Games,,,43.7311424,7.4197576
43046,Joe Barral,"Joseph ""Joe"" Barral",Joe•Barral,,,,,Male,1945-06-26,Monaco,Monaco,166,,,,,,183,75,Competed in Olympic Games,,,43.7311424,7.4197576
43139,Mauritz Amundsen,Mauritz Amundsen,Mauritz•Amundsen,,,Mauern,,Male,1904-06-04,Oslo,Oslo,194,,1982-03-08,Oslo,Oslo,194,,,Competed in Olympic Games,"Blinken, Oslo (NOR) / Oslo Østre Skytterlag, Oslo (NOR)",,59.97239745,10.775729194051896
43141,Helge Anshushaug,Helge Edvin Anshushaug,Helge•Anshushaug,,,,,Male,1948-01-29,Soknedal,"Midtre Gauldal, Trøndelag",194,,,,,,180,73,Competed in Olympic Games,"Soknedal Skytterlag, Soknedal, Midtre Gauldal (NOR)",,40.4194843,-3.7076302
43142,Bjørn Bakken,Bjørn Bakken,Bjørn•Bakken,,,,,Male,1941-07-20,Hurdal,Viken,194,,,,,,174,65,Competed in Olympic Games,"Blinken, Oslo (NOR)",,60.4270172,10.975961488579872
43240,Ian Ballinger,Ian Roy Ballinger,Ian•Ballinger,,,,,Male,1925-10-21,New Plymouth,Taranaki,197,,2008-12-24,Christchurch,Canterbury,197,185,71,Competed in Olympic Games,Sydenham Sportsmen's Association,,-39.0579941,174.0806474
43252,Abdul Latif Al-Bulushi,Abdul Latif Mohamed Al-Bulushi,Abdul Latif•Al-Bulushi,عبد اللطيف محمد•البلوشي,,,,Male,1955-11-04,,,,,,,,,169,69,Competed in Olympic Games • Other,,,40.4194843,-3.7076302
43253,Dadallah Al-Bulushi,Dadallah Noor Mohamed Al-Bulushi,Dadallah•Al-Bulushi,داد الله نور محمد•البلوشي,Allahdad Al-Bulushi,,,Male,1958-08-17,Makran,,199,,,,,,172,86,Competed in Olympic Games • Other,,,40.4194843,-3.7076302
43259,Juma Al-Rahbi,Juma Sulaiman Al-Rahbi,Juma•Al-Rahbi,جمعة سليمان•الرحبي,,,,Male,1949-01-01,,,,,,,,,153,57,Competed in Olympic Games,,,40.4194843,-3.7076302
43262,Jan Azam,Jan Azam,Jan•Azam,,,,,Male,1924-07-01,,,,,,,,,,,Competed in Olympic Games,,,40.4194843,-3.7076302
43280,Enrique Baldwin,Enrique Baldwin Ponte,Enrique•Baldwin,,,,,Male,1909-06-19,Callao,Callao,203,,1988-01-01,?,,203,,,Competed in Olympic Games,,,-12.0522626,-77.1391133
43416,Sara Antunes,Sara Antunes,Sara•Antunes,,,,,Female,1975-05-23,Cascais,Distrito de Lisboa,211,,,,,,162,50,Competed in Olympic Games,"Ginásio Clube Português, Lisboa (POR)",,38.6968919,-9.4204495
43421,André Antunes,André Antunes,André•Antunes,,,,,Male,1923-06-23,Tinalhas,"Castelo Branco, Distrito de Castelo Branco",211,,2002-09-22,,,,168,80,Competed in Olympic Games,"ST2, Lisboa (POR)",,40.4194843,-3.7076302
43485,Miguel Barasorda,Miguel Ángel Barasorda Porrata-Doria,Miguel•Barasorda,,,,,Male,1909-09-04,Ponce,Puerto Rico,209,,1981-01-01,San Juan,Puerto Rico,209,181,94,Competed in Olympic Games,,,18.011564,-66.613958
43533,Sorin Babii,Sorin Babii,Sorin•Babii,,,,,Male,1963-11-14,Arad,Arad,218,,,,,,170,80,Competed in Olympic Games,"UNEFS, București (ROU)",,46.1753793,21.3196342
43694,Gibreel Ali,Gibreel Ali,Gibreel•Ali,جبريل•علي,,,,Male,1924-01-01,Daiong,Jonglei,233,,,,,,178,77,Competed in Olympic Games,,,,
43707,Michel Ansermet,Michel Ansermet,Michel•Ansermet,,,,,Male,1965-02-20,,,,,,,,,178,72,Competed in Olympic Games,"Pistolenschützen Sarnen, Sarnen (SUI)",,40.4194843,-3.7076302
43801,Rune Andersson,Erik Rune Gustav Andersson,Rune•Andersson,,,,,Male,1919-04-28,Åsaka,"Vara, Västra Götaland",240,,1992-08-27,Vedum,"Vara, Västra Götaland",240,170,75,Competed in Olympic Games,"Vedums SSK, Vedum, Vara (SWE)",,40.4194843,-3.7076302
43804,Per-Olof Arvidsson,Per-Olof Arvidsson,Per-Olof•Arvidsson,,,,,Male,1864-12-18,Augerum,"Karlskrona, Blekinge",240,,1947-08-30,Stockholm,Stockholm,240,,,Competed in Olympic Games,"Stockholms SkarpSF, Stockholm (SWE)",,40.4194843,-3.7076302
44103,Sutham Aswanit,Sutham Aswanit,Sutham•Aswanit,สุธรรม•อัศวานิชย์,,,,Male,1932-03-23,,,,,,,,,154,66,Competed in Olympic Games,,,40.4194843,-3.7076302
44159,Aleksandr Alipov,Aleksandr Vasilyevich Alipov,Aleksandr•Alipov,Александр Васильевич•Алипов,,,,Male,1948-05-25,Dalian,Liaoning,57,219,,,,,171,90,Competed in Olympic Games,"VS Moskva, Moskva (RUS)",,39.740278,122.255833
44256,Harry Adams,Harry Lester Adams,Harry•Adams,,,,,Male,1880-10-01,West Medway,Massachusetts,268,,1968-08-12,Oakland,California,268,,,Competed in Olympic Games,"US Army, (USA)",,42.1417639,-71.4245043
44263,Mike Anti,"Michael E. ""Mike"" Anti",Mike•Anti,,,,,Male,1964-08-02,Orange,California,268,,,,,,173,73,Competed in Olympic Games,"US Army, (USA)",,33.750631,-117.8722311
44267,Charles Axtell,Charles Sumner Axtell,Charles•Axtell,,,,,Male,1859-01-29,Hyannis,Massachusetts,268,,1932-11-24,Springfield,Massachusetts,268,,,Competed in Olympic Games,,,41.6534847,-70.2823732
44268,Lance Bade,Lance Thomas Bade,Lance•Bade,,,,,Male,1971-02-06,Vancouver,Washington,268,,,,,,170,88,Competed in Olympic Games,"Olympic Training Center, Colorado Springs",,45.6306954,-122.6744557
44576,Valeria Álvarez,Valeria Luciana Álvarez,Valeria•Álvarez,,,,,Female,1978-01-07,,,,,,,,,,,Competed in Olympic Games,,,40.4194843,-3.7076302
44577,Valentina Aracil,Valentina Aracil,Valentina•Aracil,,,,,Female,1966-02-28,,,,,,,,,156,48,Competed in Olympic Games,,,40.4194843,-3.7076302
44652,Hovhannes Avtandilyan,Hovhannes Avtandilyan,Hovhannes•Avtandilyan,Հովհաննէս•Ավթանդիլյան,,,,Male,1978-02-15,Yerevan,Yerevan,27,,,,,,170,55,Competed in Olympic Games,,,40.1553963,44.5077993
44658,Vyninka Arlow,Vyninka Rae Robyn Arlow,Vyninka•Arlow,,,,,Female,1974-03-25,Perth,Western Australia,30,,,,,,163,53,Competed in Olympic Games,Aquanuts,,-31.9558933,115.8605855
44661,Jo-Anne Barnes,Jo-Anne Barnes,Jo-Anne•Barnes,,,,,Female,1954-12-24,?,Queensland,30,,,,,,161,54,Competed in Olympic Games,,,40.4194843,-3.7076302
44978,Grete Adler,"Margarete ""Grete"" Adler",Grete•Adler,,,,,Female,1896-02-13,Wien (Vienna),Wien,31,,1990-04-10,,,,,,Competed in Olympic Games,"Austria, Wien (AUT)",,48.2054304,16.3597622
44979,Ilse Albert,Ilse Albert,Ilse•Albert,,,,,Female,1929-04-23,,,,,,,,,,,Competed in Olympic Games,"Schwimm-Union Wien, Wien (AUT)",,40.4194843,-3.7076302
45096,Isabelle Arnould,Isabelle Arnould,Isabelle•Arnould,,,,,Female,1970-12-06,Liège,Liège,34,,,,,,181,67,Competed in Olympic Games,"Liège Natation, Liège (BEL)",,50.6450944,5.5736112
45141,Jean-Marie Arnould,Jean-Marie Arnould,Jean-Marie•Arnould,,,,,Male,1966-05-27,Arlon,Luxembourg,34,,,,,,186,,Competed in Olympic Games,"Club Mosan Liège, Liège (BEL)",,49.6834601,5.8167711
45213,Natalia Baranovskaya-Khatziloizou,Natalia Baranovskaya-Khatziloizou,Natalia•Baranovskaya-Khatziloizou,Ναταλία•Χατζηλοΐζου,"Natallia Baranouskaya-Hadjiloizou, Наталля Бараноўская",,,Female,1979-03-23,Vitebsk,Vitebsk,42,,,,,,173,60,Competed in Olympic Games,,,55.194987,30.1850569
45398,Reema Abdo,Reema Abdo,Reema•Abdo,,,,,Female,1963-05-19,Adan (Aden),Adan,279,,,,,,173,59,Competed in Olympic Games,"Trenton Dolphins, Trenton (CAN)",,12.789585,45.028504
45399,Lynda Adams,Lynda Riley Adams (-Hunt),Lynda•Adams,,,,,Female,1920-06-04,Vancouver,British Columbia,52,,1997-02-26,,,,,,Competed in Olympic Games,"?, Vancouver (CAN)",,49.2608724,-123.113952
45402,Gail Amundrud,Gail Amundrud (-Beattie),Gail•Amundrud,,,,,Female,1957-04-06,Toronto,Ontario,52,,,,,,183,70,Competed in Olympic Games,"Pacific Dolphins, Vancouver (CAN)",,43.6534817,-79.3839347
45558,Gary Anderson,Gary Myers Anderson,Gary•Anderson,,,,,Male,1969-04-07,Montréal,Québec,52,,,,,,193,88,Competed in Olympic Games,"NYAC, Toronto (CAN)",,45.5031824,-73.5698065
45564,Garnet Ault,Garnet Walter Ault,Garnet•Ault,,,,,Male,1905-11-01,North Bay,Ontario,52,,1993-09-10,Bellaire,Michigan,268,,,Competed in Olympic Games,"Michigan Wolverines, Ann Arbor (USA)",,46.3092115,-79.4607617
45707,Monika Bakale,Clara Monika Bakale,Monika•Bakale,,,,,Female,1979-03-15,,,,,,,,,168,58,Competed in Olympic Games,,,40.4194843,-3.7076302
45828,Salim Barjum,Salim Barjum Roque,Salim•Barjum,,,,,Male,1952-07-25,Cali,Valle del Cauca,62,,,,,,152,52,Competed in Olympic Games,,,3.4108435,-76.58121271109312
45856,Andrey Aguilar,Andrey Alberto Aguilar Komissarov,Andrey•Aguilar,,,,,Male,1960-11-18,St. Petersburg,St. Petersburg,219,,,,,,178,72,Competed in Olympic Games,,,40.4194843,-3.7076302
46037,Ahmed Kamel Aly,Ahmed Kamel Aly,Ahmed Kamel•Aly,أحمد كامل•علي,,,,Male,1925-02-27,,,,,,,,,,,Competed in Olympic Games,,,40.4194843,-3.7076302
46044,Dorri Abdel Kader,Dorri Abdel Kader Al Said,Dorri•Abdel Kader,دري•عبد القادر السيد,,,,Male,1927-01-31,Al-Qahira (Cairo),Al-Qahira,84,,2015-01-01,,,,,,Competed in Olympic Games,"Al-Ahly, Al-Qahira (EGY)",,29.9562423,31.2602849
46083,José Alvarado,José Amílcar Alvarado,José•Alvarado,,,,,Male,1953-08-20,San Salvador,San Salvador,228,,,,,,174,64,Competed in Olympic Games,,,13.6989939,-89.1914249
46149,Rafael Álvarez,Rafael Álvarez Serrano,Rafael•Álvarez,,,,,Male,1971-10-29,Las Palmas de Gran Canaria,Las Palmas,87,,,,,,171,68,Competed in Olympic Games,"Club Náutico Metropole / University of Alabama, USA (00)",,28.1288694,-15.4349015
46277,Toivo Aro,Toivo Nestori Aro (Ahlstedt-),Toivo•Aro,,,,,Male,1887-02-09,Helsinki,Uusimaa,92,,1962-10-08,Helsinki,Uusimaa,92,,,Competed in Olympic Games,,,60.1674881,24.9427473
46333,Arvo Aaltonen,Arvo Ossian Aaltonen,Arvo•Aaltonen,,,,,Male,1892-12-02,Pori,Satakunta,92,,1949-06-17,Pori,Satakunta,92,,,Competed in Olympic Games,,,61.4866126,21.7972071
46334,Marianne Aeschbacher,Marianne Aeschbacher,Marianne•Aeschbacher,,,,,Female,1970-12-10,Toulouse,Haute-Garonne,94,,,,,,166,50,Competed in Olympic Games,"C.N.O., Le Chambon-Feugerolles (FRA)",,43.6044622,1.4442469
46337,Josette Arène,Josette Andrée Arène (Delmas-),Josette•Arène,,,,,Female,1924-08-13,Saint-Gilles,Région de Bruxelles-Capitale,34,,2019-08-13,Nantua,Ain,94,,,Competed in Olympic Games,"Stade français, Paris (FRA)",,50.8249958,4.3454841
46609,Anne Adams,Anne Wilma Adams (-King),Anne•Adams,,,,,Female,1960-01-30,Bridgend,Wales,98,,,,,,165,54,Competed in Olympic Games,"Cardiff Swimming Club, Cardiff (GBR)",,51.5049859,-3.5756674
46612,Lesley Allardice,Lesley Allardice,Lesley•Allardice,,,,,Female,1957-07-08,Kirkcaldy,Scotland,98,,,,,,162,50,Competed in Olympic Games,Havering Swimming Club,,56.1110218,-3.1582296
46624,Angela Barnwell,Angela Mary Barnwell (-Kemp),Angela•Barnwell,,,,,Female,1936-01-11,Worthing,England,98,,1965-06-29,London,England,98,,,Competed in Olympic Games,"Worthing Swimming Club, Worthing (GBR)",,50.8115402,-0.3699697
46836,Gary Abraham,Gary Abraham,Gary•Abraham,,,,,Male,1959-01-08,Southampton,England,98,,,,,,175,64,Competed in Olympic Games,"Southampton Swimming Club / University of Florida, Miami (USA)",,50.9025349,-1.404189
46840,Harold Annison,Harold Edward Annison,Harold•Annison,,,,,Male,1895-12-27,Hackney,England,98,,1957-11-27,Lancing,England,98,183,,Competed in Olympic Games,Croydon Swimming Club,,51.5432402,-0.0493621
46842,Andy Astbury,"Andrew ""Andy"" Astbury",Andy•Astbury,,,,,Male,1960-11-29,Leeds,England,98,,,,,,185,81,Competed in Olympic Games,City of Leeds / Mission Viejo,,53.7974185,-1.5437941
47214,Frank Baltrusch,Frank Baltrusch,Frank•Baltrusch,,,,,Male,1964-03-21,Magdeburg,Sachsen-Anhalt,72,,,,,,193,92,Competed in Olympic Games,"SC Magdeburg, Magdeburg (GER)",,52.1315889,11.6399609
47279,Marion Aizpors,Marion Aizpors (-Calaklu),Marion•Aizpors,,,,,Female,1961-02-18,Ludwigsburg,Baden-Württemberg,72,,,,,,180,67,Competed in Olympic Games,"SG Münster, Münster (GER)",,48.8953937,9.1895147
47423,Gustav Aurich,Gustav Aurich,Gustav•Aurich,,,,,Male,,,,,,,,,,,,Competed in Olympic Games,Berliner Schwimmclub,,40.4194843,-3.7076302
47609,Eleni Avlonitou,Eleni Avlonitou,Eleni•Avlonitou,Ελένη•Αυλωνιτου,,,,Female,1958-10-22,,,,,,,,,165,54,Competed in Olympic Games,,,40.4194843,-3.7076302
47618,Panagiotis Adamidis,Panagiotis Adamidis,Panagiotis•Adamidis,Παναγιώτης•Αδαμίδης,,,,Male,1977-09-02,,,,,,,,,,,Competed in Olympic Games,,,40.4194843,-3.7076302
47621,Andreas Asimakopoulos,Andreas Asimakopoulos,Andreas•Asimakopoulos,Ανδρέας•Ασημακόπουλος,,,,Male,1889-01-14,Al-Iskanderiya (Alexandria),Al-Iskanderiya,84,,,,,,,,Competed in Olympic Games • Non-starter • Referee,"ΕΝΟΑ, Al-Iskanderiya (EGY) / Ethnikos GS, Athina (GRE)",,,
47735,Mária Balla-Lantos,Mária Balla-Lantos,Mária•Balla-Lantos,,Lantos Lászlóné,,,Female,1944-12-06,Nógrádverőce,Pest,118,,,,,,170,57,Competed in Olympic Games,"Ferencvárosi TC, Budapest (HUN)",,,
47795,Oszkár Abay-Nemes,Oszkár Abay-Nemes,Oszkár•Abay-Nemes,,,,,Male,1913-09-22,Veľký Diosek,Trnava,238,,1959-01-30,Pécs,Baranya,118,,,Competed in Olympic Games,"Pécsi AC, Pécs (HUN)",,48.2052983,17.6440484
47797,Norbert Ágh,Norbert Ágh,Norbert•Ágh,,,,,Male,1970-02-05,Dunaújváros,Fejér,118,,,,,,194,78,Competed in Olympic Games,"BHSE, Budapest (HUN)",,46.9669545,18.9393976
48116,Giuseppe Avellone,Giuseppe Avellone,Giuseppe•Avellone,,,,,Male,1943-03-23,Marliana,Pistoia,133,,,,,,175,70,Competed in Olympic Games,"SS Lazio, Roma (ITA)",,43.9336995,10.7692761
48118,Davide Baiardo,Davide Michele Baiardo,Davide•Baiardo,,,,,Male,1888-02-13,Voltri,"Genova, Genova",133,,1977-11-28,Genova (Genoa),Genova,133,,,Competed in Olympic Games,"Società Sportiva Nicola Mameli 1904, Voltri, Genova (ITA) / Genoa CFC, Genova (ITA)",,40.4194843,-3.7076302
48248,Masayo Aoki,Masayo Aoki,Masayo•Aoki,青木•政代,,,,Female,1935-12-09,,,,,,,,,,,Competed in Olympic Games,,,40.4194843,-3.7076302
48251,Yukie Arata,Yukie Arata,Yukie•Arata,荒田•雪江,,,,Female,1914-10-25,Kyoto,Kyoto,136,,,,,,,,Competed in Olympic Games,"Nijo High School for Girls, Kyoto (JPN)",,34.9853497,135.758766
48381,Yutaka Baba,Yutaka Baba,Yutaka•Baba,馬場•豊,,,,Male,1934-01-18,,,,,,,,,,,Competed in Olympic Games,"Waseda University, Tokyo (JPN)",,40.4194843,-3.7076302
48569,Sergey Ashikhmin,Sergey Ashikhmin,Sergey•Ashikhmin,Сергей•Ашихмин,,,,Male,1977-07-05,,,,,,,,,197,87,Competed in Olympic Games • Other,,,40.4194843,-3.7076302
48605,Bang Jun-Yeong,Bang Jun-Yeong,Bang•Jun-Yeong,방•준영,Bang Jun-Young,,Oriental,Male,1965-10-10,,,,,,,,,169,62,Competed in Olympic Games,,,40.4194843,-3.7076302
48606,Bang Seung-Hun,Bang Seung-Hun,Bang•Seung-Hun,방•승훈,Bang Seung-Hoon,,Oriental,Male,1975-12-15,,,,,,,,,,,Competed in Olympic Games,,,40.4194843,-3.7076302
48649,Hasan Al-Shammari,Hasan Al-Shammari,Hasan•Al-Shammari,حسن•الشمري,,,,Male,1967-02-21,,,,,,,,,177,71,Competed in Olympic Games • Non-starter,,,40.4194843,-3.7076302
48730,Wan Azlan Abdullah,Wan Azlan Abdullah,Wan Azlan•Abdullah,,,,,Male,1975-06-05,,,,,,,,,188,77,Competed in Olympic Games,,,40.4194843,-3.7076302
48746,Marcia Arriaga,Marcia Catalina Arriaga Larrinúa,Marcia•Arriaga,,,,,Female,1955-10-18,Acapulco,Guerrero,171,,,,,,168,58,Competed in Olympic Games,,,16.8680495,-99.8940182
48813,Eduardo Alanís,Eduardo Alanís Guerrero,Eduardo•Alanís,,,,,Male,1950-05-01,Ciudad de México (Mexico City),Ciudad de México,171,,,,,,174,55,Competed in Olympic Games,,,19.4326296,-99.1331785
48814,Juan Alanís,Juan Alanís Guerrero,Juan•Alanís,,,,,Male,1946-09-20,Ciudad de México (Mexico City),Ciudad de México,171,,,,,,177,70,Competed in Olympic Games,,,19.4326296,-99.1331785
48914,Carolina Araujo,Carolina Araujo,Carolina•Araujo,,,,,Female,1971-06-11,,,,,,,,,158,,Competed in Olympic Games,,,40.4194843,-3.7076302
49262,Brett Austin,Brett William Austin,Brett•Austin,,,,,Male,1959-05-26,Otahuhu,Auckland,197,,1990-01-01,,,,184,82,Competed in Olympic Games,,,-36.9457267,174.8451244
49329,Alejandro Alvizuri,Alejandro Luis Alvizuri Mack,Alejandro•Alvizuri,,,,,Male,1968-04-18,Lima,Lima,203,,,,,,185,76,Competed in Olympic Games,"San Isidro, San Isidro (PER) / Michigan Wolverines, Ann Arbor (USA)",,-6.1796527,106.7927555
49330,Jorge Arias,Jorge Armando Arias Montalvan,Jorge•Arias,,,,,Male,1972-09-24,Lima,Lima,203,,,,,,,,Competed in Olympic Games,,,-6.1796527,106.7927555
49331,Daniel Ayora,Daniel Ayora Penza,Daniel•Ayora,,,,,Male,1964-06-23,Lima,Lima,203,,,,,,179,76,Competed in Olympic Games,,,-6.1796527,106.7927555
49354,Roosevelt Abdulgafur,Roosevelt M. Abdulgafur,Roosevelt•Abdulgafur,,,,,Male,1944-07-13,Lagus Tapul,Sulu,204,,,,,,181,73,Competed in Olympic Games,,,,
49360,Tony Asamali,Tony J. Asamali,Tony•Asamali,,,,,Male,1947-07-16,Jolo,Sulu,204,,,,,,193,64,Competed in Olympic Games,,,6.0536561,121.0002644
49362,Ulpiano Babol,Ulpiano Amistoso Babol,Ulpiano•Babol,,,,,Male,1936-04-09,Cebu City,Cebu City,204,,1973-09-12,Cebu City,Cebu City,204,,,Competed in Olympic Games,"FEU, Manila (PHI)",,10.2934208,123.9022613
49417,Bernard Aluchna,Bernard Aluchna,Bernard•Aluchna,,,,,Male,1937-08-20,Warszawa (Warsaw),Mazowieckie,207,,,,,,180,84,Competed in Olympic Games,"Spójnia Warszawa, Warszawa (POL) / Legia Warszawa, Warszawa (POL)",,52.2316938,21.0247708
49461,Ana Alegria,Ana Feio da Gama Alegria,Ana•Alegria,,,,,Female,1977-03-11,Durban,KwaZulu-Natal,280,,,,,,177,65,Competed in Olympic Games,"Sporting de Braga, Braga (POR)",,-29.861825,31.009909
49495,Rui de Abreu,Rui Pinto de Abreu,Rui•de Abreu,,,,,Male,1961-06-23,Maputo,Maputo,182,,1982-11-01,Cleveland,Ohio,268,177,64,Competed in Olympic Games,"Académica de Coimbra, Coimbra (POR)",,-25.966213,32.56745
49525,Jerry Anderson,"Jerome Herbert ""Jerry"" Anderson",Jerry•Anderson,,,,,Male,1932-02-23,Hastings,Nebraska,268,,2009-02-19,Hollywood,Florida,268,169,70,Competed in Olympic Games,,,40.5861322,-98.3898883
49688,Pavel Avksentyev,Pavel Avksentyev,Pavel•Avksentyev,Павел•Авксентьев,,,,Male,1890-01-01,St. Petersburg,St. Petersburg,219,,,,,,,,Competed in Olympic Games,,,40.4194843,-3.7076302
49715,Jean-Paul Adam,Jean-Paul Adam,Jean-Paul•Adam,,,,,Male,1977-06-12,,,,,,,,,,,Competed in Olympic Games,,,40.4194843,-3.7076302
49722,Ang Peng Siong,Ang Peng Siong,Ang•Peng Siong,,,,Oriental,Male,1962-10-27,Singapore,Singapore,225,,,,,,180,75,Competed in Olympic Games • Other,"Houston Cougars, Houston (USA)",,1.357107,103.8194992
49758,Marie-Thérèse Armentero,Marie-Thérèse Armentero (-Fuzzati),Marie-Thérèse•Armentero,,,,,Female,1965-11-13,,,,,,,,,164,67,Competed in Olympic Games,"Genève Natation 1885, Genève (SUI) / Varsity Blues, Toronto (CAN)",,40.4194843,-3.7076302
49844,Carolyn Adel,Carolyn Adel,Carolyn•Adel,,,,,Female,1978-08-27,,,,,,,,,163,52,Competed in Olympic Games,,,40.4194843,-3.7076302
49860,Eva Andersson,Eva Maria Andersson,Eva•Andersson,,,Tjorven,,Female,1957-06-30,Uddevalla,Västra Götaland,240,,,,,,167,63,Competed in Olympic Games,"GKKN, Göteborg (SWE)",,58.3490555,11.9382855
49863,Lotten Andersson,Lotten Katrin Andersson,Lotten•Andersson,,,,,Female,1950-01-05,Borås,Västra Götaland,240,,,,,,167,53,Competed in Olympic Games,"Timrå AIF, Timrå (SWE) / Linköpings ASS, Linköping (SWE)",,57.7210839,12.9407407
49986,Tord Andersson,Tord Göran Andersson,Tord•Andersson,,,,,Male,1942-03-11,Malmö,Skåne,240,,,,,,183,70,Competed in Olympic Games,"Malmö SS, Malmö (SWE)",,55.6052931,13.0001566
49993,Bengt Baron,Bengt Baron,Bengt•Baron,,,Barre,,Male,1962-03-06,Nacka,Stockholm,240,,,,,,193,83,Competed in Olympic Games,"SK Korrugal, Finspång (SWE) / California Golden Bears, Berkeley (USA)",,59.3120997,18.2073591
50268,Feridun Aybars,Feridun Aybars,Feridun•Aybars,,,,,Male,1952-03-30,,,,,,,,,190,80,Competed in Olympic Games,,,40.4194843,-3.7076302
50283,Bassam Al-Ansari,Bassam Al-Ansari,Bassam•Al-Ansari,بسام•الأنصاري,,,,Male,1971-01-01,,,,,,,,,175,61,Competed in Olympic Games,,,40.4194843,-3.7076302
50285,Obaid Al-Rumaithi,Obaid Al-Rumaithi,Obaid•Al-Rumaithi,عبيد•الرميثي,,,,Male,1972-05-15,,,,,,,,,179,60,Competed in Olympic Games,,,40.4194843,-3.7076302
50304,Serkan Atasay,Serkan Atasay,Serkan•Atasay,,"Serhiy Anatoliyovych Serhieiev, Сергій Анатолійович Сергеєв",,,Male,1970-03-11,Zaporizhzhia,Zaporizhzhia,265,,,,,,176,70,Competed in Olympic Games,"Fenerbahçe SK, İstanbul (TUR)",,47.8507859,35.1182867
50313,Irina Aksyonova,Irina Anatolyevna Aksyonova,Irina•Aksyonova,Ирина Анатольевна•Аксёнова,,,,Female,1962-09-24,,,,219,,,,,174,62,Competed in Olympic Games,"Lokomotiv St. Petersburg, St. Petersburg (RUS)",,40.4194843,-3.7076302
50314,Galina Alekseyeva,Galina Aleksandrovna Alekseyeva,Galina•Alekseyeva,Галина Александровна•Алексеева,,,,Female,1947-10-27,Moskva (Moscow),Moskva,219,219,,,,,157,50,Competed in Olympic Games,"Dynamo Moskva, Moskva (RUS)",,55.7505412,37.6174782
50316,Svetlana Babanina,Svetlana Viktorovna Babanina,Svetlana•Babanina,Светлана Викторовна•Бабанина,,,,Female,1943-02-04,Tambov,Tambov,219,269,,,,,173,62,Competed in Olympic Games,"Spartak Toshkent, Toshkent (UZB)",,52.9019574,41.3578918
50318,Vera Baklanova,Vera Vasilyevna Baklanova,Vera•Baklanova,Вера Васильевна•Бакланова,,,,Female,1947-06-25,Moskva (Moscow),Moskva,219,219,,,,,160,57,Competed in Olympic Games,,,55.7505412,37.6174782
50418,Viktor Aboimov,Viktor Andreyevich Aboimov,Viktor•Aboimov,Виктор Андреевич•Абоимов,,,,Male,1949-09-14,Quaraghandy,Quaraghandy,137,137,,,,,190,78,Competed in Olympic Games,"Spartak Quaraghandy, Quaraghandy (KAZ)",,,
50425,Lev Balandin,Lev Nikolayevich Balandin,Lev•Balandin,Лев Николаевич•Баландин,,,,Male,1934-01-01,Nizhny Novgorod,Nizhny Novgorod,219,219,1980-01-01,,,,,,Competed in Olympic Games,"CSKA Moskva, Moskva (RUS)",,56.3264816,44.0051395
50426,Leonid Barbiyer,Leonid Fayfelevich Barbiyer,Leonid•Barbiyer,Леонид Файфелевич•Барбиер,"Leonid Faivelevych Barbiyer, Леонід Файвелевич Барбієр",,,Male,1937-04-09,Kyiv,Kyiv,265,265,2023-01-15,,,,180,73,Competed in Olympic Games,,,50.4500336,30.5241361
50597,Shirley Babashoff,Shirley Frances Babashoff,Shirley•Babashoff,,,,,Female,1957-01-31,Whittier,California,268,,,,,,178,67,Competed in Olympic Games,"Mission Viejo Nadadores, Mission Viejo (USA)",,33.9749136,-118.0338664
50598,Kristen Babb-Sprague,Kristen Elizabeth Babb-Sprague,Kristen•Babb-Sprague,,,,,Female,1968-07-29,Walnut Creek,California,268,,,,,,178,58,Competed in Olympic Games,,,37.9020731,-122.0618702
50600,Jane Barkman,Jane Louise Barkman (-Brown),Jane•Barkman,,,,,Female,1951-09-20,Bryn Mawr,Pennsylvania,268,,,,,,169,61,Competed in Olympic Games,"Vesper Boat Club, Philadelphia (USA)",,40.0238245,-75.31734069085473
50894,Miller Anderson,Miller Altman Anderson,Miller•Anderson,,,,,Male,1922-12-27,Columbus,Ohio,268,,1965-10-29,Columbus,Ohio,268,,,Competed in Olympic Games,,,39.9622601,-83.0007065
51556,Francisco Álvarez,Francisco Álvarez Cutiño,Francisco•Álvarez,,,Francis,,Male,1969-04-12,Santiago de Cuba,Santiago de Cuba,67,,,,,,184,83,Competed in Olympic Games,,,20.0214637,-75.8294928
51696,Alexandre Abeid,Alexandre Abeid,Alexandre•Abeid,,,,,Male,1949-09-23,Rio de Janeiro,Rio de Janeiro,46,,,,,,194,92,Competed in Olympic Games,"Botafogo, Rio de Janeiro (BRA)",,-22.9110137,-43.2093727
51745,Amauri,Amauri Ribeiro,•Amauri,,,,,Male,1959-01-23,São Paulo,São Paulo,46,,,,,,198,87,Competed in Olympic Games,"CA Paulistano, São Paulo (BRA)",,-23.5506507,-46.6333824
52358,Kamaluddin Badi,Kamaluddin Badi,Kamaluddin•Badi,كمال الدين•بادي,,,,Male,,,,,,,,,,,,Competed in Olympic Games,,,40.4194843,-3.7076302
52380,Antonio Barbet,José Antonio Barbet,Antonio•Barbet,,,,,Male,1946-05-10,Ciudad de México (Mexico City),Ciudad de México,171,,,,,,184,76,Competed in Olympic Games,,,19.4326296,-99.1331785
52902,Lloy Ball,Lloy James Ball,Lloy•Ball,,,,,Male,1972-02-17,Fort Wayne,Indiana,268,,,,,,203,95,Competed in Olympic Games,"Daytona Valley/Dinamo, RUS",,41.0799898,-85.1386015
53004,Nicky Barnes,"Nicol ""Nicky"" Barnes",Nicky•Barnes,,,,,Male,1941-08-28,,,,,2008-01-01,,,,177,72,Competed in Olympic Games,Sydney,,40.4194843,-3.7076302
53363,Daniel Ballart,Daniel Ballart Sans,Daniel•Ballart,,,,,Male,1973-03-17,Barcelona,Barcelona,87,,,,,,178,73,Competed in Olympic Games,"CE Mediterrani, Barcelona (ESP) / CN Sabadell, Sabadell (ESP)",,41.3828939,2.1774322
53594,Max Amann,Max Amann,Max•Amann,,,,,Male,1905-01-19,Magdeburg,Sachsen-Anhalt,72,,1945-12-24,,,,,,Competed in Olympic Games,"SC Hellas Magdeburg, Magdeburg (GER)",,52.1315889,11.6399609
53685,Georgios Afroudakis,Georgios Afroudakis,Georgios•Afroudakis,Γεώργιος•Αφρουδάκης,,,,Male,1976-10-17,Athina (Athens),Attiki,106,,,,,,194,103,Competed in Olympic Games,"NO Vouliagmeni, Athina (GRE) / Olympiacos, Athina (GRE)",,37.9995283,23.722839
53686,Antonis Aronis,Antonis Aronis,Antonis•Aronis,Αντώνης•Αρώνης,,,,Male,1957-03-17,,,,,,,,,201,103,Competed in Olympic Games,"Ethnikos GS, Athina (GRE)",,40.4194843,-3.7076302
53687,Nikolaos Baltatzis-Mavrokordatos,Nikolaos Baltatzis-Mavrokordatos,Nikolaos•Baltatzis-Mavrokordatos,Νικόλαος•Μπαλτατζής-Μαυροκορδάτος,,,,Male,1897-01-01,Athina (Athens),Attiki,106,,,,,,,,Competed in Olympic Games,"Ethnikos GS, Athina (GRE)",,37.9995283,23.722839
53879,Alberto Alberani Samaritani,Alberto Alberani Samaritani,Alberto•Alberani Samaritani,,,,,Male,1947-05-22,Firenze,Firenze,133,,,,,,192,82,Competed in Olympic Games,"Pro Recco, Recco (ITA) / FIAT Torino, Torino (ITA)",,43.7697955,11.2556404
53880,Amedeo Ambron,Amedeo Ambron,Amedeo•Ambron,,,,,Male,1939-01-23,Benevento,Benevento,133,,,,,,174,77,Competed in Olympic Games,"G.S. Fiamme Oro, Roma (ITA)",,41.1295587,14.7824639
53888,Mario Balla,Mario Giacomo Giuseppe Balla,Mario•Balla,,,,,Male,1903-02-21,Genova (Genoa),Genova,133,,1964-03-28,Genova (Genoa),Genova,133,,,Competed in Olympic Games,"Andrea Doria, Genova (ITA)",,44.40726,8.9338624
53889,Silvio Baracchini,Silvio Sergio Baracchini,Silvio•Baracchini,,,,,Male,1950-08-28,Genova (Genoa),Genova,133,,,,,,176,77,Competed in Olympic Games,"SS Nervi, Genova (ITA)",,44.40726,8.9338624
53890,Danio Bardi,Danio Bardi,Danio•Bardi,,,,,Male,1937-05-23,Scandicci,Firenze,133,,1991-07-09,Firenze,Firenze,133,180,76,Competed in Olympic Games,"G.S. Fiamme Oro, Roma (ITA) / R.N. Florentia, Firenze (ITA)",,43.7567104,11.1847619
53977,Hachiro Arakawa,Hachiro Arakawa,Hachiro•Arakawa,荒川•八郎,,,,Male,1933-08-08,,,,,,,,,172,64,Competed in Olympic Games,,,40.4194843,-3.7076302
54047,Maximiliano Aguilar,Maximiliano Aguilar Salazar,Maximiliano•Aguilar,,,,,Male,1950-05-25,Ciudad de México (Mexico City),Ciudad de México,171,,,,,,161,70,Competed in Olympic Games,,,19.4326296,-99.1331785
54262,William Aucamp,William Andrew John Aucamp,William•Aucamp,,,Dutch,,Male,1932-02-16,Johannesburg,Gauteng,280,,1992-03-22,Johannesburg,Gauteng,280,192,81,Competed in Olympic Games,,,-26.205,28.049722
54276,Dmitry Apanasenko,Dmitry Borisovich Apanasenko,Dmitry•Apanasenko,Дмитрий Борисович•Апанасенко,,,,Male,1967-07-17,Usolye-Sibirskoye,Irkutsk,219,219,,,,,192,86,Competed in Olympic Games,"Dynamo Moskva, Moskva (RUS)",,52.7512013,103.6621625
54325,Nils Backlund,Nils Robert Backlund,Nils•Backlund,,,,,Male,1896-10-25,Stockholm,Stockholm,240,,1964-12-03,Stockholm,Stockholm,240,,,Competed in Olympic Games • Referee,"SK Neptun, Stockholm (SWE)",,44.4833009,-92.2621214
54842,J. Adriaenssens,J. Adriaenssens,J.•Adriaenssens,,,,,Male,,,,,,,,,,,,Competed in Olympic Games,"Apollon AC, Antwerpen (BEL)",,40.4194843,-3.7076302
54942,Dave Baillie,"William David ""Dave"" Baillie",Dave•Baillie,,,,,Male,1928-06-10,Montréal,Québec,52,,1977-11-25,Morin-Heights,Québec,52,186,126,Competed in Olympic Games,"Héraclès, Rouyn-Noranda (CAN)",,45.5031824,-73.5698065
55122,Hosni Abbas,Hosni Mohamed Abbas,Hosni•Abbas,حسني محمد•عباس,,,,Male,1932-07-15,Al-Qahira (Cairo),Al-Qahira,84,,2013-01-01,,,,,60,Competed in Olympic Games,,,29.9562423,31.2602849
55537,Ferenc Antalovics,Ferenc Antalovics,Ferenc•Antalovics,,,,,Male,1953-07-09,Csepreg,Vas,118,,,,,,168,85,Competed in Olympic Games,Haladás Vasutas Sportegyesület,,47.401594,16.7078418
55677,Raed Ahmed,Raed Ahmed,Raed•Ahmed,رائد•أحمد,,,,Male,1967-06-05,Al-Basrah (Basra),Al-Basrah,130,,,,,,,98,Competed in Olympic Games • Other,,,30.4952371,47.8090981
55837,Juma Abudu,Juma Abudu,Juma•Abudu,,,,,Male,1963-11-11,,,,,,,,,170,59,Competed in Olympic Games,,,40.4194843,-3.7076302
55954,Mauro Alanís,Mauro Alanís González,Mauro•Alanís,,,,,Male,1934-01-15,Ciudad Madero,Tamaulipas,171,,2016-12-09,,,,158,60,Competed in Olympic Games,,,22.2474012,-97.8373079
56022,Olusola Awosina,Olusola Awosina,Olusola•Awosina,,,,,Male,1970-10-02,,,,,,,,,,90,Competed in Olympic Games,,,40.4194843,-3.7076302
56061,Malik Arshad,Muhammad Malik Arshad,Malik•Arshad,,,,,Male,1948-05-18,,,,,2021-02-16,Gujranwala,Punjab,201,171,75,Competed in Olympic Games • Other,,,40.4194843,-3.7076302
56176,Ángel Arroyo,Ángel Arroyo,Ángel•Arroyo,,,,,Male,1965-09-02,,,,,,,,,150,56,Competed in Olympic Games,,,40.4194843,-3.7076302
56260,Leslie Ata,Leslie Ata,Leslie•Ata,,,,,Male,1963-10-14,,,,,,,,,,75,Competed in Olympic Games,,,40.4194843,-3.7076302
56304,Arvid Andersson,Olov Arvid Andersson,Arvid•Andersson,,,Starke Arvid II,,Male,1919-05-19,Sunne,Värmland,240,,2011-09-20,Kristinehamn,Värmland,240,,67,Competed in Olympic Games,"Kristinehamns ABK, Kristinehamn (SWE)",,59.85,13.15
56797,Karl Barl,Karl Barl,Karl•Barl,,,,,Male,1881-03-03,Paasdorf,"Mistelbach, Niederösterreich",31,,1954-06-06,Wien (Vienna),Wien,31,,,Competed in Olympic Games,"1. Hernalser A.C. Austria, Wien (AUT)",,40.4194843,-3.7076302
56861,Nicolas Appels,Nicolas Appels,Nicolas•Appels,,Niklaas Appels,,,Male,1896-02-06,Antwerpen (Antwerp),Antwerpen,34,,,,,,,79,Competed in Olympic Games,"WC Verenigde Krachtmeters, Antwerpen (BEL)",,51.2211097,4.3997081
57232,Filiberto Azcuy,Filiberto Azcuy Aguilera,Filiberto•Azcuy,,,,,Male,1972-10-13,Esmeralda,Camagüey,67,,,,,,177,74,Competed in Olympic Games,"Cerro Pelado, La Habana (CUB)",,21.851343,-78.1154985
57283,Herman Andersen,Herman Viktor Gunder Andersen,Herman•Andersen,,,,,Male,1904-12-22,Århus (Aarhus),Midtjylland,75,,1955-08-10,Århus (Aarhus),Midtjylland,75,,,Competed in Olympic Games,"Aarhus Athlet Klub, Århus (DEN)",,56.1496278,10.2134046
57405,Arvi Aavik,Arvi Aavik,Arvi•Aavik,,,,,Male,1969-12-31,Viljandi,Viljandimaa,88,,,,,,185,106,Competed in Olympic Games,"Flexer SK, Tallinn (EST)",,58.36454,25.5878074
57457,Juha Ahokas,Juha Matti Ahokas,Juha•Ahokas,,,Nalle,,Male,1969-09-18,Kokkola,Keski-Pohjanmaa,92,,,,,,189,128,Competed in Olympic Games,"Ilmajoen Kisailijat, Ilmajoki (FIN) / Nurmon Jymy, Nurmo, Seinäjoki (FIN)",,63.8391421,23.1336845
57458,Viktor Ahven,Viktor Ahven,Viktor•Ahven,,,Vihtori,,Male,1929-02-27,Salmi,Respublika Kareliya,219,,2013-03-13,,,,187,106,Competed in Olympic Games,,,61.069444700000005,32.9359261037735
57459,Pekka Alanen,Pekka Ahti Kalervo Alanen,Pekka•Alanen,,,,,Male,1945-07-14,Lappajärvi,Etelä-Pohjanmaa,92,,2017-08-22,Lappajärvi,Etelä-Pohjanmaa,92,170,62,Competed in Olympic Games,"Lappajärven Veikot, Lappajärvi (FIN)",,63.2193382,23.628386
57618,Franck Abrial,Franck Abrial,Franck•Abrial,,,,,Male,1964-03-18,Lyon,Rhône,94,,,,,,174,68,Competed in Olympic Games,"US Créteil-Lusitanos, Créteil (FRA)",,45.7578137,4.8320114
57627,Georges Ballery,Georges Ballery,Georges•Ballery,,,,,Male,1937-07-18,Paris,Paris,94,,,,,,167,62,Competed in Olympic Games,,,14.7430134,-91.1573255
57739,Edgar Bacon,Edgar Hugh Bacon,Edgar•Bacon,,,,,Male,1887-10-09,Camberwell,England,98,,1963-12-16,Christchurch,England,98,,,Competed in Olympic Games,"London Amateur Wrestling Society, London (GBR)",,51.4745706,-0.0925416
57923,Heiko Balz,Heiko Balz,Heiko•Balz,,,,,Male,1969-09-17,Burg bei Magdeburg,Sachsen-Anhalt,72,,,,,,168,99,Competed in Olympic Games,"1. Luckenwalder SC, Luckenwalde (GER)",,52.2705632,11.8588198
58048,Anastasios Antonopoulos,Anastasios Antonopoulos,Anastasios•Antonopoulos,Αναστάσιος•Αντωνόπουλος,,,,Male,1893-01-01,,,,,,,,,,,Competed in Olympic Games,"Ethnikos GS, Athina (GRE)",,40.4194843,-3.7076302
58128,Rajmund Badó,Rajmund Badó (Badovecz),Rajmund•Badó,,Raymond Badowetz,,,Male,1902-08-15,Budapest,Budapest,118,,1997-12-26,New York,New York,268,,,Competed in Olympic Games,"Ferencvárosi TC, Budapest (HUN)",,47.47844135,19.057715351946257
58131,József Balla,József Balla,József•Balla,,,,,Male,1955-07-27,Szöreg,Csongrád,118,,2003-03-18,Kecskemét,Bács-Kiskun,118,190,120,Competed in Olympic Games,"Ferencvárosi TC, Budapest (HUN)",,46.2094781,20.1941063
58270,Ganpat Andhalkar,"Ganpatrao Krishnaji ""Ganpat"" Andhalkar-Patil",Ganpat•Andhalkar,,,,,Male,1935-04-15,Punwat,Maharashtra,126,,2018-09-16,Pune (Poona),Maharashtra,126,183,97,Competed in Olympic Games,,,19.9544512,79.0523493
58330,Ahmed Afghan,Ahmed Afghan,Ahmed•Afghan,احمد•افغان,,,,Male,1970-02-15,,,,,,,,,180,82,Competed in Olympic Games,,,40.4194843,-3.7076302
58561,Muneir Al-Masri,Muneir Al-Masri,Muneir•Al-Masri,منير•المصري,,,,Male,1963-03-17,,,,,,,,,165,68,Competed in Olympic Games • Other,,,40.4194843,-3.7076302
58728,An Cheon-Yeong,An Cheon-Yeong,An•Cheon-Yeong,안•천영,An Chun-Yong,,Oriental,Male,1944-07-01,?,Gyeongsangnam,143,,,,,,163,57,Competed in Olympic Games,,,40.4194843,-3.7076302
58729,An Dae-Hyeon,An Dae-Hyeon,An•Dae-Hyeon,안•대현,An Dae-Hyun,,Oriental,Male,1962-10-28,,,,,,,,,166,67,Competed in Olympic Games,,,40.4194843,-3.7076302
58871,Mohamed Bahamou,Mohamed Bahamou,Mohamed•Bahamou,محمد•باحمو,,,,Male,1945-05-26,,,,,,,,,175,68,Competed in Olympic Games,,,40.4194843,-3.7076302
58966,Avirmediin Enkhee,Avirmediin Enkhee,Avirmediin•Enkhee,Авирмэдийн•Энхээ,,,Oriental,Male,1961-06-25,Zereg sum,Khovd,180,,,,,,161,62,Competed in Olympic Games,,,,
59000,Samba Adama,Samba Adama,Samba•Adama,سامبا•أداما,,,,Male,1955-11-12,,,,,,,,,175,82,Competed in Olympic Games,,,40.4194843,-3.7076302
59056,Frithjof Andersen,Frithjof Andersen,Frithjof•Andersen,,,,,Male,1893-04-05,Oslo,Oslo,194,,1975-07-24,Oslo,Oslo,194,,,Competed in Olympic Games,"Fagforeningens IL, Oslo (NOR)",,59.97239745,10.775729194051896
59329,Ion Baciu,Ion Baciu,Ion•Baciu,,,,,Male,1944-05-12,Tunari,Ilfov,218,,,,,,165,57,Competed in Olympic Games,"Rapid București, București (ROU)",,44.5459277,26.1376976
59330,Francisc Balla,Francisc Balla,Francisc•Balla,,Ferenc Balló,,,Male,1932-10-22,Ciumani,Harghita,218,,2023-10-16,Târgu Mureș,Mureș,218,182,87,Competed in Olympic Games,,,46.6782885,25.5178635
59430,Magomed Azizov,Magomed Kurbanovich Azizov,Magomed•Azizov,Магомед Курбанович•Азизов,,,,Male,1969-05-12,Makhachkala,Respublika Dagestan,219,219,,,,,165,62,Competed in Olympic Games,"CSKA Stavropol, Stavropol (RUS)",,42.9830241,47.5048717
59575,Carl-Georg Andersson,Carl-Georg Andersson,Carl-Georg•Andersson,,,,,Male,1885-05-19,Halmstad,Halland,240,,1961-03-21,København (Copenhagen),Hovedstaden,75,200,115,Competed in Olympic Games,"GAK Enighet, Malmö (SWE)",,56.6739826,12.8574827
59585,Hans Antonsson,Hans Yngve Antonsson,Hans•Antonsson,,,,,Male,1934-11-08,Trollhättan,Västra Götaland,240,,2021-09-02,Gustavsberg,"Värmdö, Stockholm",240,179,79,Competed in Olympic Games,"Uddevalla IS, Uddevalla (SWE)",,58.2827931,12.2908612
59720,Ahmad Al-Aosta,Ahmad Al-Aosta,Ahmad•Al-Aosta,أحمد•الأوستا,,,,Male,1968-10-07,,,,,,,,,165,69,Competed in Olympic Games,"Army Sports Club, Damascus",,40.4194843,-3.7076302
59721,Zouheir Al-Balah,Zouheir Al-Balah,Zouheir•Al-Balah,زهير•البلح,,,,Male,1967-07-01,,,,,,,,,175,74,Competed in Olympic Games,,,40.4194843,-3.7076302
59857,Mustafa Avcioğlu-Çakmak,Mustafa Avcioğlu-Çakmak,Mustafa•Avcioğlu-Çakmak,,,,,Male,1909-12-19,Sivas,Sivas,261,,2009-11-30,İstanbul,İstanbul,261,,,Competed in Olympic Games,,,39.74698465,37.03964787691677
59986,Rustam Adzhy,Rustam Ivanovych Adzhy,Rustam•Adzhy,Рустам Іванович•Аджи,,,,Male,1973-03-03,Mariupol,Donetsk,265,,,,,,175,69,Competed in Olympic Games,"Asovmash, Mariopol",,47.0957648,37.5499621
60004,Zagalav Abdulbekov,Zagalav Abdulbekovich Abdulbekov,Zagalav•Abdulbekov,Загалав Абдулбекович•Абдулбеков,,,,Male,1945-12-29,Karata,Respublika Dagestan,219,219,,,,,160,62,Competed in Olympic Games,"Dynamo Makhachkala, Makhachkala (RUS)",,42.5956742,46.3395265
60006,Magomedgasan Abushev,Magomedgasan Mingazhutdinovich Abushev,Magomedgasan•Abushev,Магомедгасан Мингажутдинович•Абушев,,,,Male,1959-11-10,Karabudakhkent,Respublika Dagestan,219,219,,,,,170,62,Competed in Olympic Games,"Dynamo Makhachkala, Makhachkala (RUS)",,42.7105994,47.5766777
60465,Joanne Abbott,Joanne Abbott,Joanne•Abbott,,,,,Female,1955-04-25,Sarnia,Ontario,52,,,,,,160,57,Competed in Olympic Games,"Sarnia Yacht Club, Sarnia (CAN)",,42.9743821,-82.403533
60467,Caroll-Ann Alie,Caroll-Ann Alie (-Rosenberg),Caroll-Ann•Alie,,,,,Female,1960-07-06,Gracefield,Québec,52,,,,,,173,60,Competed in Olympic Games,"Royal St. Lawrence YC, Dorval (CAN)",,46.0933721,-76.0531906
60473,Anna Bacchiega,Anna Maria Bacchiega,Anna•Bacchiega,,,,,Female,1957-07-18,Verona,Verona,133,,,,,,161,54,Competed in Olympic Games,"Fraglia Vela Peschiera, Peschiera del Garda (ITA)",,45.4384958,10.9924122
60662,Alan Adler,Alan Adler,Alan•Adler,,,,,Male,1964-05-23,Rio de Janeiro,Rio de Janeiro,46,,,,,,186,80,Competed in Olympic Games,,,-22.9110137,-43.2093727
60671,Arthur Ahnger,Arthur Ahnger,Arthur•Ahnger,,,,,Male,1886-02-28,Raseborg,Uusimaa,92,,1940-12-07,Helsinki,Uusimaa,92,,,Competed in Olympic Games,"NJK, Helsinki (FIN)",,59.9285263,23.52192344963455
60673,Ben Ainslie,"Charles Benedict ""Ben"" Ainslie",Ben•Ainslie,,,Beano,,Male,1977-02-05,Macclesfield,England,98,,,,,,183,90,Competed in Olympic Games • Other,"Restronguet Sailing Club, Falmouth (GBR) / Royal Lymington Yacht Club, Lymington (GBR)",Sir,53.2606635,-2.1255158
60674,Ian Ainslie,Ian Richard Ainslie,Ian•Ainslie,,,,,Male,1965-07-27,Johannesburg,Gauteng,280,,,,,,190,89,Competed in Olympic Games,"Point Yacht Club, Durban",,-26.205,28.049722
60687,Fabio Albarelli,Fabio Albarelli,Fabio•Albarelli,,,,,Male,1943-06-26,Verona,Verona,133,,1995-10-04,Venezia,Venezia,133,179,80,Competed in Olympic Games,"Y.C. Torri del Benàco, Torri del Benaco (ITA)",,45.4384958,10.9924122
60690,Kenneth Albury,Kenneth Harrison Earl Albury,Kenneth•Albury,,,,,Male,1920-01-09,Cherokee Sound,"Marsh Harbour, Central Abaco",2,,1998-01-01,Nassau,New Providence,2,185,92,Competed in Olympic Games,"Nassau YC, Nassau (BAH)",,40.4194843,-3.7076302
60693,Konstantin Aleksandrov,Konstantin Vladimirovich Aleksandrov,Konstantin•Aleksandrov,Константин Владимирович•Александров,,,,Male,1920-07-07,St. Petersburg,St. Petersburg,219,219,1987-08-15,,,,180,95,Competed in Olympic Games,,,40.4194843,-3.7076302
60702,Guido Alkemade,Guido Antonius Gerardus Alkemade,Guido•Alkemade,,,,,Male,1962-06-23,Leiden,Zuid-Holland,193,,,,,,187,73,Competed in Olympic Games,,,52.1518157,4.4811088666204295
60719,Rodrigo Amado,Rodrigo Amado,Rodrigo•Amado,,,,,Male,1976-05-18,Niterói,Rio de Janeiro,46,,,,,,171,59,Competed in Olympic Games,Clube Naval Charitas - Niterói,,-22.8884,-43.1147
60720,Santiago Amat,Santiago Amat Cansino,Santiago•Amat,,Santiago Amat i Cansino,,,Male,1887-06-22,Barcelona,Barcelona,87,,1982-11-05,Barcelona,Barcelona,87,,,Competed in Olympic Games,"RCM Barcelona, Barcelona (ESP)",,41.3828939,2.1774322
60721,Karl-Robert Ameln,Karl-Robert Ameln,Karl-Robert•Ameln,,,,,Male,1919-09-04,Stockholm,Stockholm,240,,2016-04-01,Stockholm,Stockholm,240,,,Competed in Olympic Games,"KSSS, Saltsjöbaden, Nacka (SWE)",,44.4833009,-92.2621214
60722,Eldad Amir,Eldad Amir,Eldad•Amir,אלדד•אמיר,,,,Male,1961-09-28,,,,,,,,,190,94,Competed in Olympic Games • Other,,,40.4194843,-3.7076302
60727,Benny Andersen,Benny Fomsgaard Andersen,Benny•Andersen,,,,,Male,1963-06-01,Ringkøbing,"Ringkøbing-Skjern, Midtjylland",75,,,,,,,,Competed in Olympic Games,"Ringkøbing Sejlklub, Ringkøbing, Ringkøbing-Skjern (DEN)",,40.4194843,-3.7076302
60747,Yury Anisimov,Yury Sergeyevich Anisimov,Yury•Anisimov,Юрий Сергеевич•Анисимов,,,,Male,1938-03-21,Arkhangelsk,Arkhangelsk,219,219,2012-12-15,Arkhangelsk,Arkhangelsk,219,170,64,Competed in Olympic Games,,,63.5589686,43.1221646
60768,Robert Aspin,Robert Bain Aspin,Robert•Aspin,,,,,Male,1872-03-21,Anderston,Scotland,98,,1933-06-27,Hunters Quay,Scotland,98,,,Competed in Olympic Games,"Royal Clyde Yacht Club, Hunters Quay (GBR)",,55.8615484,-4.2728027
60775,Giorgio Audizio,Giorgio Angelo Audizio,Giorgio•Audizio,,,,,Male,1911-04-29,Quarto dei Mille,"Genova, Genova",133,,1978-06-13,Genova (Genoa),Genova,133,182,80,Competed in Olympic Games,"US Priaruggia Sturla, Genova (ITA)",,40.4194843,-3.7076302
60797,Jesper Bank,Jesper Bank,Jesper•Bank,,,,,Male,1957-04-06,Fredericia,Syddanmark,75,,,,,,184,100,Competed in Olympic Games • Other,"Fredericia Sejlklub, Fredericia (DEN)",,55.56863795,9.669422317856972
60798,Bruce Banks,Bernard Bruce Banks,Bruce•Banks,,,,,Male,1918-04-05,Birkenhead,England,98,,1984-04-07,Portsmouth,England,98,,,Competed in Olympic Games,"Itchenor Sailing Club, West Itchenor (GBR)",,53.3895177,-3.0248007
60804,Håkon Barfod,Håkon Barfod,Håkon•Barfod,,,,,Male,1926-08-17,Oslo,Oslo,194,,2013-11-04,Bærum,Viken,194,,,Competed in Olympic Games,"KNS, Oslo (NOR)",,59.97239745,10.775729194051896
60807,Johan Barne,Johan Mats Rikard Barne,Johan•Barne,,,,,Male,1964-04-04,Göteborg (Gothenburg),Västra Götaland,240,,,,,,194,102,Competed in Olympic Games,"GKSS, Göteborg (SWE)",,57.7072326,11.9670171
61076,Hans Baars-Lindner,Hans Erich Friedrich Baars-Lindner,Hans•Baars-Lindner,,,,,Male,1925-12-09,Flensburg,Schleswig-Holstein,72,,2014-06-05,Schleswig,Schleswig-Holstein,72,180,80,Competed in Olympic Games,"Flensburger Segel-Club, Flensburg (GER)",,54.7833021,9.4333264
62616,Bernardo Arndt,Bernardo Müller Carioba Arndt,Bernardo•Arndt,,,,,Male,1967-06-10,São Paulo,São Paulo,46,,,,,,184,74,Competed in Olympic Games,,,-23.5506507,-46.6333824
63776,Mika Aarnikka,Mika Lauri Aarnikka,Mika•Aarnikka,,,,,Male,1967-10-06,Helsinki,Uusimaa,92,,,,,,187,76,Competed in Olympic Games,"NJK, Helsinki (FIN)",,60.1674881,24.9427473
63799,Mehdi Aidet,Mehdi Aidet,Mehdi•Aidet,مهدي•عيدت,,,,Male,1953-11-03,,,,,,,,,172,65,Competed in Olympic Games,EMEPS/DNC Algiers,,40.4194843,-3.7076302
63801,Lahcen Babaci,Lahcen Babaci,Lahcen•Babaci,لحسن•باباسي,,,,Male,1957-05-04,,,,,,,,,175,62,Competed in Olympic Games,,,40.4194843,-3.7076302
63999,Kate Anderson-Richardson,Kate Suzanne Anderson-Richardson,Kate•Anderson-Richardson,,,,,Female,1973-11-05,Melbourne,Victoria,30,,,,,,168,51,Competed in Olympic Games,Knox-Sherbrooke,,-37.8142454,144.9631732
64000,Sue Andrews,"Susan Elizabeth ""Sue"" Andrews",Sue•Andrews,,,,,Female,1971-05-26,Hobart,Tasmania,30,,,,,,173,62,Competed in Olympic Games,"University of Western Australia, Perth (AUS)",,-42.8825088,147.3281233
64113,Nick A'Hern,"Nicholas Mark ""Nick"" A'Hern",Nick•A'Hern,,,,,Male,1969-01-06,Swansea,Wales,98,,,,,,169,61,Competed in Olympic Games,"Nepean Athletic Club, Sydney",,51.6195955,-3.9459248
64115,Ted Allsopp,"Edward James ""Ted"" Allsopp",Ted•Allsopp,,,,,Male,1926-08-15,Edenhope,Victoria,30,,,,,,179,80,Competed in Olympic Games,"Williamstown Athletic Club, Williamstown (AUS)",,-37.0373011,141.2903039
64117,David Anderson,David Lennon James Anderson,David•Anderson,,,,,Male,1965-12-08,,,,,,,,,194,80,Competed in Olympic Games,"?, Queensland, (AUS)",,40.4194843,-3.7076302
64119,John Atkinson,John David Atkinson,John•Atkinson,,,,,Male,1963-10-29,,,,,,,,,184,71,Competed in Olympic Games,"?, Western Australia, (AUS)",,40.4194843,-3.7076302
64121,Steve Austin,"Stephen John ""Steve"" Austin",Steve•Austin,,,,,Male,1951-02-14,,,,,,,,,174,65,Competed in Olympic Games,,,40.4194843,-3.7076302
64130,Robert Ballard,Robert John Ballard,Robert•Ballard,,,,,Male,1964-09-25,,,,,,,,,187,77,Competed in Olympic Games,"?, Victoria, (AUS)",,40.4194843,-3.7076302
64512,Anthony Balfour,Anthony Richard Balfour,Anthony•Balfour,,,,,Male,1949-12-19,Nassau,New Providence,2,,,,,,185,75,Competed in Olympic Games,,,25.0782266,-77.3383438
64579,Henrico Atkins,Henrico O. Atkins,Henrico•Atkins,,,,,Male,1966-09-08,,,,,,,,,173,60,Competed in Olympic Games,,,40.4194843,-3.7076302
64911,Anzhela Atroshchenko,"Anzhalika ""Anzhela"" Atroshchenko (-Kinet)",Anzhela•Atroshchenko,Анжела Петровна•Атрощенко (-Кинет),"Anzhela Piatrouna Atroshchchanka (-Kinet), Анжэла Пятроўна Атрошчанка (-Кiнет)",,,Female,1970-11-14,Rechytsa,Homel,42,42,,,,,176,58,Competed in Olympic Games,"Fenerbahçe SK, İstanbul (TUR)",,52.3717518,30.3860239
64997,Elisângela Adriano,Elisângela Maria Adriano,Elisângela•Adriano,,,,,Female,1972-07-27,São Paulo,São Paulo,46,,,,,,180,96,Competed in Olympic Games,"Clube de Atletismo BM&F, São Caetano do Sul (BRA)",,-23.5506507,-46.6333824
65026,Zequinha Barbosa,"José Luís ""Zequinha"" Barbosa",Zequinha•Barbosa,,,,,Male,1961-05-27,Três Lagoas,Mato Grosso do Sul,46,,,,,,184,68,Competed in Olympic Games,Electropaulo/Reebok/Funilense,,-20.7866799,-51.7061247
65219,Atanas Andonov,Atanas Vasilev Andonov,Atanas•Andonov,Атанас Василев•Андонов,,,,Male,1955-07-16,,,,,,,,,190,95,Competed in Olympic Games,,,40.4194843,-3.7076302
65220,Nikolay Antonov,Nikolay Yakimov Antonov,Nikolay•Antonov,Николай Якимов•Антонов,,,,Male,1968-08-17,Razgrad,Razgrad,38,,,,,,182,80,Competed in Olympic Games,CSKA (Central Sport Klub Army),,43.5258211,26.5230603
65315,Katie Anderson,"Keturah ""Katie"" Anderson",Katie•Anderson,,,,,Female,1968-01-09,Kingston,Kingston,134,,,,,,163,63,Competed in Olympic Games,Toronto/Mazda Optimists Track Club Track Club/Phoenix Track Club,,17.9712148,-76.7928128
65318,Angela Bailey,Angela Bailey,Angela•Bailey,,,,,Female,1962-02-28,Coventry,England,98,,2021-07-31,Mississauga,Ontario,52,157,56,Competed in Olympic Games,Mississauga Track & Field Club/Etobicoke Huskies-Striders,,52.4081812,-1.510477
65390,Pablo Álvarez,Pablo Damián Álvarez,Pablo•Álvarez,,,,,Male,1978-04-20,Chivilcoy,Provincia de Buenos Aires,26,,,,,,180,85,Competed in Olympic Games,Chivilcoy Shooting Federal,,-34.92551735,-60.05005614513065
65452,Ralph Adams,Ralph Andrew Adams,Ralph•Adams,,,,,Male,1907-07-09,Hamilton,Ontario,52,,,,,,170,56,Competed in Olympic Games,"HOC, Hamilton (CAN)",,43.2560802,-79.8728583
65456,Larry Armstrong,"Laurence Spearman ""Larry"" Armstrong",Larry•Armstrong,,,,,Male,1891-09-02,Sault Sainte Marie,Ontario,52,,1968-12-21,North Saanich,British Columbia,52,183,,Competed in Olympic Games,"?, Winnipeg (CAN)",,46.52391,-84.320068
65457,Horace Aylwin,Horace Godwin Tracy Aylwin,Horace•Aylwin,,,,,Male,1902-10-01,Carman,Manitoba,52,,1980-07-25,Burlington,Ontario,52,,,Competed in Olympic Games,"?, Hamilton (CAN)",,49.5082995,-98.0016853
65460,Donovan Bailey,Donovan Bailey,Donovan•Bailey,,,,,Male,1967-12-16,?,Manchester,134,,,,,,183,82,Competed in Olympic Games,"adidas, Herzogenaurach (GER)",,40.4194843,-3.7076302
65461,Jimmy Ball,"James Allan ""Jimmy"" Ball",Jimmy•Ball,,,,,Male,1903-05-07,Dauphin,Manitoba,52,,1988-07-02,Victoria,British Columbia,52,180,69,Competed in Olympic Games,"?, Winnipeg (CAN)",,51.153509,-100.04425
65462,George Barber,George Henry Barber,George•Barber,,,,,Male,1884-08-23,Toronto,Ontario,52,,1938-05-28,Toronto,Ontario,52,,,Competed in Olympic Games,"Central YMCA, Toronto (CAN)",,43.6534817,-79.3839347
66144,Jaime Aparicio,Jaime Aparicio Rodewalt,Jaime•Aparicio,,,,,Male,1929-08-17,Lima,Lima,203,,,,,,170,63,Competed in Olympic Games • Other,,,-6.1796527,106.7927555
66145,Hernando Arrechea,Hernando Arrechea Serrano,Hernando•Arrechea,,,,,Male,1943-12-12,Puerto Tejada,Cauca,62,,2009-06-22,Springfield,Massachusetts,268,184,78,Competed in Olympic Games,,,3.2288972,-76.4192267
66181,Mohamed Bakar,Mohamed Ridjali Bakar,Mohamed•Bakar,محمد رجالي•بكر,,,,Male,1973-01-01,,,,,,,,,170,60,Competed in Olympic Games,,,40.4194843,-3.7076302
66183,Hassan Abdou,Hassane Abdou,Hassan•Abdou,حسن•عبده,,,,Male,1973-02-10,,,,,,,,,185,67,Competed in Olympic Games,,,40.4194843,-3.7076302
66190,Glen Abrahams,Glen Antonio Abrahams Martínez,Glen•Abrahams,,,,,Male,1962-03-05,Cartago,Cartago,65,,,,,,179,72,Competed in Olympic Games,,,9.8642435,-83.9204377
66208,Liliana Allen,Liliana Allen Doll (-de Martínez),Liliana•Allen,,,,,Female,1970-06-24,Cueto,Holguín,67,,,,,,170,62,Competed in Olympic Games,,,20.6454516,-75.9365641
66256,Samuel Andersón,Samuel Aurelio Andersón Schweyer,Samuel•Andersón,,,,,Male,1929-09-25,Matanzas,Matanzas,67,,2012-08-18,Riverview,"Hillsborough County, Florida",268,171,78,Competed in Olympic Games,,,23.0469236,-81.5783032
66334,Andri Avraam,"Andrea ""Andri"" Avraam",Andri•Avraam,Αντρη•Αβραάμ,,,,Female,1963-01-20,,,,,,,,,165,50,Competed in Olympic Games,,,40.4194843,-3.7076302
66394,Albert Andersen,Peter Johan Albert Antomius Andersen,Albert•Andersen,,,,,Male,1891-02-17,Rudkøbing,"Langeland, Syddanmark",75,,1977-12-07,Frederiksberg,Hovedstaden,75,,,Competed in Olympic Games,"IF Sparta, København (DEN)",,40.4194843,-3.7076302
66395,Bjørn Andersen,Bjørn Andersen,Bjørn•Andersen,,,,,Male,1931-05-31,Slagelse,Sjælland,75,,2006-08-25,Berlin,Maryland,268,175,71,Competed in Olympic Games,"IF Sparta, København (DEN)",,55.4061196,11.3525415
66397,Kaj Andersen,Kaj Andersen,Kaj•Andersen,,,,,Male,1943-11-04,Viborg,Midtjylland,75,,1973-09-15,Viborg,Midtjylland,75,185,108,Competed in Olympic Games,"AGF, Århus (DEN)",,56.4469128,9.4059354
66400,Holger Baden,Holger Jakob Baden,Holger•Baden,,,,,Male,1892-01-18,København (Copenhagen),Hovedstaden,75,,1966-01-31,København (Copenhagen),Hovedstaden,75,,,Competed in Olympic Games,"Ben Hur, København (DEN)",,55.6867243,12.5700724
66507,Talal Omar Abdillahi,Talal Omar Abdillahi,Talal Omar•Abdillahi,طلال عمر•عبد الله,,,,Male,1967-05-12,,,,,,,,,170,57,Competed in Olympic Games,,,40.4194843,-3.7076302
66525,Juana Rosario Arrendel,Juana Rosario Arrendel,Juana Rosario•Arrendel,,,,,Female,1978-09-26,San Pedro de Macorís,San Pedro de Macorís,76,,,,,,188,72,Competed in Olympic Games,,,18.4617093,-69.3031847
66564,Mohamed Achouche,Mohamed Mohamed Achouche,Mohamed•Achouche,محمد محمد•عشوش,,,,Male,1955-11-18,,,,,,,,,191,110,Competed in Olympic Games,,,40.4194843,-3.7076302
66590,José Astacio,José Nicolás Astacio,José•Astacio,,,,,Male,1947-05-17,San Salvador,San Salvador,228,,,,,,166,49,Competed in Olympic Games,,,13.6989939,-89.1914249
66605,Miriam Alonso,Miriam Alonso Manteca,Miriam•Alonso,,,,,Female,1970-06-06,Ulm,Baden-Württemberg,72,,,,,,168,52,Competed in Olympic Games,Sol Fuerza,,48.3984968,9.9912458
66639,Juan Adarraga,Juan Bautista Adarraga Elizarán,Juan•Adarraga,,,,,Male,1924-06-24,Hernani,Guipúzcoa,87,,1996-09-21,Madrid,Madrid,87,183,,Competed in Olympic Games,,,43.2661107,-1.9747419
66640,Fernando Aguilar,Fernando Aguilar Camacho,Fernando•Aguilar,,,,,Male,1938-02-14,Frailes,Jaén,87,,2013-06-21,Torrevieja,Alicante,87,178,64,Competed in Olympic Games,"Real Sociedad, San Sebastián (ESP)",,37.4873237,-3.8370179
66648,Abel Antón,Abel Antón Rodrigo,Abel•Antón,,,,,Male,1962-10-24,Ojuel,Soria,87,,,,,,178,61,Competed in Olympic Games,Kelme/Reebok Running Club,,41.7164742,-2.2762911
66652,Luis Felipe Areta,Luis Felipe Areta Sampériz,Luis Felipe•Areta,,,Pipe,,Male,1942-03-28,San Sebastián,Guipúzcoa,87,,,,,,188,78,Competed in Olympic Games,Atlético S.S.,,43.3224219,-1.9838889
66704,Diego García,Diego García Corrales,Diego•García,,,,,Male,1961-10-12,Azcoitia,Guipúzcoa,87,,2001-03-31,Azpeitia,Guipúzcoa,87,172,61,Competed in Olympic Games,"adidas, Herzogenaurach (GER)",,43.1781602,-2.3114989
66854,Berhane Adere,Berhane Adere Debala,Berhane•Adere,,,,,Female,1973-07-21,Shoa,,89,,,,,,170,50,Competed in Olympic Games,,,40.4194843,-3.7076302
66868,Addis Abebe,Addis Abebe,Addis•Abebe,,,,,Male,1970-09-05,,,,,,,,,160,50,Competed in Olympic Games,,,40.4194843,-3.7076302
66871,Abraham Assefa,Abraham Assefa,Abraham•Assefa,,,,,Male,1972-12-09,,,,,,,,,165,51,Competed in Olympic Games,,,40.4194843,-3.7076302
66938,Inoke Bainimoli,Inoke Ducia Bainimoli,Inoke•Bainimoli,,,,,Male,1958-09-18,,,,,2015-03-05,Suva,Rewa,93,183,70,Competed in Olympic Games,,,40.4194843,-3.7076302
67026,Aimo Aho,Aimo Antero Aho,Aimo•Aho,,,,,Male,1951-05-31,Reisjärvi,Pohjois-Pohjanmaa,92,,2014-07-10,Haapajärvi,Pohjois-Pohjanmaa,92,186,93,Competed in Olympic Games,"Reisjärven Pilke, Reisjärvi (FIN)",,63.6041324,24.9355989
67387,Rose-Aimée Bacoul,Rose-Aimée Bacoul,Rose-Aimée•Bacoul,,,,,Female,1952-01-09,Le François,Martinique,94,,,,,,160,56,Competed in Olympic Games • Non-starter,"Racing Club de France, Paris (FRA)",,14.6149952,-60.9028968
67509,Jacques Accambray,Jacques Accambray,Jacques•Accambray,,,,,Male,1950-05-23,Divion,Pas-de-Calais,94,,,,,,194,125,Competed in Olympic Games,"Viry NS Évry Essonne, Viry-Châtillon (FRA)",,50.4694,2.50722
67519,Hamoud Ameur,Hamoud Ameur,Hamoud•Ameur,,,,,Male,1932-01-06,Mahelina,,77,,,,,,171,59,Competed in Olympic Games,"ES Basse-Seine, Les Mureaux (FRA)",,40.4194843,-3.7076302
67532,Paul Arpin,Paul Arpin,Paul•Arpin,,,,,Male,1960-02-20,Bourg-Saint-Maurice,Savoie,94,,,,,,170,55,Competed in Olympic Games,"AS Aix-les-Bains, Aix-les-Bains (FRA)",,45.6185284,6.7694313
67536,Roger Bambuck,Célicien Alexandre Roger Bambuck,Roger•Bambuck,,,,,Male,1945-11-22,Pointe-à-Pitre,Guadeloupe,94,,,,,,180,75,Competed in Olympic Games,ACD Pointe-à-Pitre/CA Montreuil,,16.2408636,-61.5334077
68082,Daphne Arden,Daphne Arden (-Slater),Daphne•Arden,,,,,Female,1941-12-29,Birkenhead,England,98,,,,,,167,60,Competed in Olympic Games,"Birchfield Harriers, Birmingham (GBR)",,53.3895177,-3.0248007
68083,Heather Armitage,"Heather Joy Armitage (-Young, -McClelland)",Heather•Armitage,,,,,Female,1933-03-17,Colombo,Basnahira,155,,,,,,171,64,Competed in Olympic Games,"Longwood Harriers, Huddersfield (GBR)",,,
68086,Lorraine Baker,Lorraine Baker (-Strain),Lorraine•Baker,,,,,Female,1964-04-09,Ipswich,England,98,,,,,,160,46,Competed in Olympic Games,"Coventry Godiva Harriers, Coventry (GBR)",,52.0579324,1.1528095
68087,Joan Baptiste,Joan Jeanetta Baptiste,Joan•Baptiste,,,,,Female,1959-10-12,?,,11,,,,,,170,61,Competed in Olympic Games,"WBAC, Wolverhampton (GBR)",,40.4194843,-3.7076302
68309,Sidney Abrahams,Sidney Solomon Abrahams,Sidney•Abrahams,,,,,Male,1885-02-11,Birmingham,England,98,,1957-05-14,London,England,98,,,Competed in Olympic Games • Competed in Intercalated Games,"University of Cambridge, Cambridge (GBR)",Sir,52.4796992,-1.9026911
68310,Marcus Adam,Marcus Adam,Marcus•Adam,,,,,Male,1968-02-28,London,England,98,,,,,,182,82,Competed in Olympic Games,"Belgrave Harriers, Wimbledon (GBR)",,51.5074456,-0.1277653
68338,McDonald Bailey,Emmanuel McDonald Bailey,McDonald•Bailey,,,Mac,,Male,1920-12-08,Hardbargain,"Williamsville, Rio Claro-Mayaro",259,,2013-12-04,Port of Spain,Port of Spain,259,180,65,Competed in Olympic Games,"Polytechnic Harriers, Westminster (GBR)",,40.4194843,-3.7076302
68347,Harry Barrett,"Henry Frederick ""Harry"" Barrett",Harry•Barrett,,,,,Male,1879-12-30,Hounslow,England,98,,1927-12-18,Wandsworth,England,98,,,Competed in Olympic Games,"Polytechnic Harriers, Westminster (GBR)",,51.4686132,-0.3613471
69115,Ingrid Auerswald-Lange,Ingrid Auerswald-Lange (Brestrich-),Ingrid•Auerswald-Lange,,,,,Female,1957-09-02,Jena,Thüringen,72,,,,,,168,58,Competed in Olympic Games,"SC Motor Jena, Jena (GER)",,50.9281717,11.5879359
69403,Maia Azarashvili,Maia Azarashvili,Maia•Azarashvili,მაია•აზარაშვილი,"Maya Azarashvili, Майа Азарашвили",,,Female,1964-04-06,Tbilisi,Tbilisi,99,99,,,,,169,57,Competed in Olympic Games,"Spartak Tbilisi, Tbilisi (GEO)",,41.6953103,44.8005558
69424,Alina Astafei,"Alina (Galina-) Astafei (-Stavariu-, -Kreißig)",Alina•Astafei,,,,,Female,1969-06-07,București (Bucharest),București,218,,,,,,181,59,Competed in Olympic Games,"USC Mainz, Mainz (GER)",,44.43564445,26.10092625223488
70091,Mercy Addy,Mercy Addy,Mercy•Addy,,,,,Female,1964-05-07,,,,,,,,,161,58,Competed in Olympic Games,,,40.4194843,-3.7076302
70095,Grace Bakari,Grace Bakari,Grace•Bakari,,,,,Female,1954-04-27,,,,,,,,,167,48,Competed in Olympic Games • Non-starter,"Oregon Ducks, Eugene (USA)",,40.4194843,-3.7076302
70107,James Addy,James Aryee Addy,James•Addy,,,,,Male,1939-12-09,Accra,Greater Accra,100,,2009-04-26,Accra,Greater Accra,100,183,75,Competed in Olympic Games,"Ghana Armed Forces, (GHA)",,5.5571096,-0.2012376
70108,Hannah Afriyie,Hannah Afriyie,Hannah•Afriyie,,,,,Female,1951-12-21,,,,,,,,,165,52,Competed in Olympic Games • Non-starter,,,40.4194843,-3.7076302
70110,Mike Ahey,"Michael Kofi ""Mike"" Ahey",Mike•Ahey,,,,,Male,1939-11-22,Angloga,,100,,,,,,196,72,Competed in Olympic Games,,,40.4194843,-3.7076302
70116,John Ametepey,John A. Ametepey,John•Ametepey,,,,,Male,1938-12-25,Attavi,,100,,,,,,185,73,Competed in Olympic Games,,,40.4194843,-3.7076302
70120,Philip Attipoe,Philip Mawuli Attipoe,Philip•Attipoe,,,,,Male,1963-02-23,,,,,,,,,173,68,Competed in Olympic Games,"University of Nevada, Reno, USA",,40.4194843,-3.7076302
70505,Györgyi Balogh-Szomov,Györgyi Balogh-Szomov,Györgyi•Balogh-Szomov,,,,,Female,1948-05-01,Budapest,Budapest,118,,,,,,170,50,Competed in Olympic Games,"Vasas, Budapest (HUN)",,47.47844135,19.057715351946257
70565,Zoltán Adamik,Zoltán Adamik,Zoltán•Adamik,,,,,Male,1928-10-20,Szolnok,Jász-Nagykun-Szolnok,118,,1992-12-07,Budapest,Budapest,118,175,71,Competed in Olympic Games,"BHSE, Budapest (HUN)",,47.1753833,20.1946279
70567,Adrián Annus,Adrián Zsolt Annus,Adrián•Annus,,,,,Male,1973-06-28,Szeged,Csongrád,118,,,,,,194,118,Competed in Olympic Games,Szombathelyi DK/Dobó Sportegyesület/Szombathelyi Haladás Vasutas Sportegyesület,,46.2546312,20.1486016
70573,György Bakos,György Bakos,György•Bakos,,,,,Male,1960-07-06,Zalaegerszeg,Zala,118,,,,,,188,77,Competed in Olympic Games,"Újpesti TE, Budapest (HUN)",,46.8415803,16.8456316
70575,Béla Bakosi,Béla Bakosi,Béla•Bakosi,,,,,Male,1957-06-18,Kemecse,Szabolcs-Szatmár-Bereg,118,,,,,,180,67,Competed in Olympic Games • Non-starter,"Nyíregyházi Vasutas SC, Nyíregyháza (HUN)",,48.0678349,21.7986929
70856,S. Abdul Hamid,S. Abdul Hamid,S.•Abdul Hamid,,,,,Male,1907-01-01,,,,,,,,,,,Competed in Olympic Games,"?, Punjab, (IND) / Government College, Lahore (PAK)",,40.4194843,-3.7076302
71074,Nazzar Al-Jamali,Nazzar Al-Jamali,Nazzar•Al-Jamali,نزار•الجمالي,,,,Male,1939-01-01,Baghdad,Baghdad,130,,,,,,178,68,Competed in Olympic Games,,,,
71203,Rita Angotzi,Anna Rita Angotzi,Rita•Angotzi,,,,,Female,1967-02-12,Cagliari,Cagliari,133,,,,,,170,50,Competed in Olympic Games,"S.S. Atletica Oristano, Oristano (ITA)",,,
71298,Alessandro Andrei,Alessandro Andrei,Alessandro•Andrei,,,,,Male,1959-01-03,Firenze,Firenze,133,,,,,,191,118,Competed in Olympic Games,"Fiamme Oro, Padova",,,
71302,Walter Arena,Walter Salvatore Arena,Walter•Arena,,,,,Male,1964-05-30,Catania,Catania,133,,,,,,173,67,Competed in Olympic Games,"G.S. Fiamme Azzurre, (ITA)",,,
71303,Franco Arese,"Francesco ""Franco"" Arese",Franco•Arese,,,Ciccio,,Male,1944-04-13,Centallo,Cuneo,133,,,,,,183,70,Competed in Olympic Games,"FIAT Torino, Torino (ITA) / Atletica Balangero, Balangero (ITA)",,,
71809,Awad Al-Hasini,Mahmoud Awad Sress Al-Hasini,Awad•Al-Hasini,محمود عوض سريس•الحصيني,,,,Male,1967-02-15,,,,,,,,,185,67,Competed in Olympic Games,,,,
71881,Naoki Abe,Naoki Abe,Naoki•Abe,阿部•直紀,,,,Male,1945-04-08,?,Tottori,136,,,,,,173,68,Competed in Olympic Games,,,,
71885,Kanji Akagi,Kanji Akagi,Kanji•Akagi,赤木•完次,,,,Male,1933-04-03,,,,,,,,,,,Competed in Olympic Games,,,,
71888,Izuo Anno,Izuo Anno,Izuo•Anno,阿武•巌夫,,,,Male,1909-12-02,Hagi,Yamaguchi,136,,1939-12-18,Nanning,Guangxi,57,169,63,Competed in Olympic Games,"Keio University, Minato (JPN) / Chuo University, Tokyo (JPN)",,,
71891,Nobuharu Asahara,Nobuharu Asahara,Nobuharu•Asahara,朝原•宣治,,,,Male,1972-06-21,Kobe,Hyogo,136,,,,,,179,76,Competed in Olympic Games,Osaka Gas,,,
72185,Arere Anentia,Arere Anentia,Arere•Anentia,,Oreri Onentia,,,Male,1931-01-01,,,,,1979-01-01,,,,175,67,Competed in Olympic Games,"Kenya Police, (KEN)",,,
72187,John Anzrah,John A. Anzrah,John•Anzrah,,,,,Male,1954-10-27,,,,,,,,,176,70,Competed in Olympic Games,,,,
72435,Salem Al-Ahmadi,Salem Mouled Musa'id Al-Ahmadi,Salem•Al-Ahmadi,سالم مولد مساعد•الأحمدي,,,,Male,1969-09-12,,,,,,,,,185,75,Competed in Olympic Games,,,,
72443,Mohamed Barak Al-Dosari,Mohamed Barak Al-Dosari,Mohamed Barak•Al-Dosari,محمد براك•الدوسري,,,,Male,1961-08-12,,,,,,,,,160,59,Competed in Olympic Games,,,,
72449,Khaled Al-Khalidi,Khaled Salman Al-Khalidi,Khaled•Al-Khalidi,خالد سلمان•الخالدي,,,,Male,1965-02-14,,,,,,,,,195,110,Competed in Olympic Games • Other,,,,
72450,Abdullah Al-Mabrouk,Abdullah Roaei Al-Mabrouk,Abdullah•Al-Mabrouk,عبد الله رعي•المبروك,,,,Male,1953-07-01,,,,,,,,,167,55,Competed in Olympic Games,,,,
72459,Saleh Al-Saydan,Saleh Ahmed Al-Saydan,Saleh•Al-Saydan,صالح أحمد•السعيدان,,,,Male,1978-09-11,,,,,,,,,170,70,Competed in Olympic Games,,,,
72464,Hadi Soua'an Al-Somaily,Hadi Soua'an Al-Somaily Jaadan,Hadi Soua'an•Al-Somaily,هادي صوعان•الصميلي جدعان,Hadj Soua'an Al-Somaily,,,Male,1976-12-30,Jizan,Jizan,222,,,,,,191,72,Competed in Olympic Games • Other,,,,
72467,Ahmed Al-Assiri,Ahmed Mahmoud Al-Assiri,Ahmed•Al-Assiri,أحمد محمود•العسيري,,,,Male,1952-02-12,,,,,,,,,180,72,Competed in Olympic Games,,,,
72473,Abdul Kareem Al-Awad,Abdul Kareem Salah Al-Awad,Abdul Kareem•Al-Awad,عبدالكريم صالح•العواد,,,,Male,1953-08-22,,,,,,,,,170,63,Competed in Olympic Games,,,,
72478,Abdul Aziz Abdul Kareem,Abdul Aziz Hassan Al-Hadba Abdul Karim Abdul Kareem,Abdul Aziz•Abdul Kareem,عبد العزيز حسن الحدباء•عبدالكريم,,,,Male,1952-10-18,,,,,,,,,169,60,Competed in Olympic Games • Non-starter,,,,
72482,Mohamed Al-Zinkawi,Mohamed Gharib Al-Zinkawi,Mohamed•Al-Zinkawi,محمد غريب•الزنكوي,,,,Male,1953-10-07,,,,,,,,,180,113,Competed in Olympic Games,,,,
72657,Adolfas Akelaitis,Adolfas Akelaitis,Adolfas•Akelaitis,,,Addy,,Male,1910-01-16,Marijampolė,Marijampolė,160,,2007-12-21,Colleyville,Texas,268,,,Competed in Olympic Games,,,,
72658,Virgilijus Alekna,Virgilijus Alekna,Virgilijus•Alekna,,,,,Male,1972-02-13,Terpeikiai,Panevėžys,160,,,,,,200,130,Competed in Olympic Games • Other,"Metikas, Vilnius (LTU)",,,
72679,Jean Aniset,Jean Aniset,Jean•Aniset,,,,,Male,1934-09-15,Dudelange,Luxembourg,161,,,,,,166,60,Competed in Olympic Games,,,,
72749,Lahcen Samsam,Lahcen Samsam Akka,Lahcen•Samsam,لحسن•صمصام عكا,,,,Male,1942-06-14,,,,,,,,,195,120,Competed in Olympic Games • Non-starter • Other,,,,
72805,Victor Asirvatham,Victor Asirvatham,Victor•Asirvatham,,,,,Male,1940-09-25,Ipoh,Perak,186,,2021-05-11,Ipoh,Perak,186,168,60,Competed in Olympic Games,"?, Singapore, Singapore (SGP)",,,
72900,Jorge Aguirre,Jorge Salvador Aguirre Martín,Jorge•Aguirre,,,,,Male,1925-02-11,La Habana (Havana),Ciudad de La Habana,67,,2005-07-14,Álvaro Obregón,Ciudad de México,171,,,Competed in Olympic Games,,,,
72914,Arturo Barrios,Arturo Barrios Flores,Arturo•Barrios,,,,,Male,1963-12-12,Ciudad de México (Mexico City),Ciudad de México,171,,,,,,174,60,Competed in Olympic Games,,,,
73085,Daniel André,Daniel André,Daniel•André,,,,,Male,1965-09-12,,,,,2022-09-22,Citronelle,Rodrigues,184,178,70,Competed in Olympic Games,,,,
73130,Carlos Abaúnza,Carlos Alberto Abaúnza,Carlos•Abaúnza,,,,,Male,1959-08-15,Managua,Managua,192,,2021-02-28,Coral Gables,Florida,268,180,70,Competed in Olympic Games,,,,
73131,William Aguirre,William Duilio Aguirre Villavicencio,William•Aguirre,,,,,Male,1962-12-27,,,,,,,,,173,65,Competed in Olympic Games,,,,
73379,Bisi Afolabi,"Olabisi ""Bisi"" Afolabi",Bisi•Afolabi,,,,,Female,1975-10-31,Ilorin,Kwara,191,,,,,,180,62,Competed in Olympic Games,F.B.,,,
73382,Oyeronke Akindele,Oyeronke Akindele,Oyeronke•Akindele,,,,,Female,1946-04-08,Oyo,Oyo,191,,,,,,166,55,Competed in Olympic Games,,,,
73390,Airat Bakare,Airat Bakare,Airat•Bakare,,,,,Female,1967-05-20,,,,,,,,,178,60,Competed in Olympic Games,,,,
73423,Isiaq Adeyanju,Isiaq Adeyanju,Isiaq•Adeyanju,,,,,Male,1959-10-21,,,,,,,,,162,65,Competed in Olympic Games,"Missouri Tigers, Columbia (USA)",,,
73424,Hammed Adio,Hammed Adio,Hammed•Adio,,,,,Male,1959-01-20,,,,,,,,,185,63,Competed in Olympic Games,,,,
73428,Edward Akika,Edward Akika,Edward•Akika,,,,,Male,1941-07-18,,,,,,,,,176,66,Competed in Olympic Games,,,,
73430,Smart Akraka,Smart Ekiyegha-Akraka,Smart•Akraka,,,,,Male,1934-04-13,Lagos,Lagos,191,,2016-06-08,?,Bayelsa,191,170,64,Competed in Olympic Games,,,,
73515,Grete Andersen-Waitz,Grete Andersen-Waitz,Grete•Andersen-Waitz,,,,,Female,1953-10-01,Oslo,Oslo,194,,2011-04-19,Oslo,Oslo,194,172,53,Competed in Olympic Games • Other,"SK Vidar, Oslo (NOR)",,,
73535,Erling Andersen,Erling Andersen,Erling•Andersen,,,,,Male,1960-09-22,Bergen,Vestland,194,,,,,,182,65,Competed in Olympic Games,Søfteland T&Idrettslag,,,
73537,Ketil Askildt,"Kittil Halvorsen ""Ketil"" Askildt",Ketil•Askildt,,,,,Male,1900-11-24,Skien,Vestfold og Telemark,194,,1978-09-06,Nes,"Sauherad, Vestfold og Telemark",194,188,92,Competed in Olympic Games • Other,Idrettslaget Hermod,,,
73684,Olav Aarnes,Olav Augunson Aarnes,Olav•Aarnes,,,,,Male,1888-05-27,Sauherad,Vestfold og Telemark,194,,1992-02-03,Notodden,Vestfold og Telemark,194,,,Competed in Olympic Games,"SK Snøgg, Notodden (NOR)",,,
73685,Erling Aastad,Erling Rudolf Aastad,Erling•Aastad,,,,,Male,1898-03-02,Oslo,Oslo,194,,1963-06-30,Oslo,Oslo,194,177,74,Competed in Olympic Games,"Fagforeningens IL, Oslo (NOR) / Torodd IF, Oslo (NOR)",,,
73802,Abdullah Sulaiman Al-Akbary,Abdullah Sulaiman Al-Akbary,Abdullah Sulaiman•Al-Akbary,عبد الله سليمان•الأكبري,,,,Male,1961-03-02,,,,,,,,,180,75,Competed in Olympic Games,,,,
73810,Mohamed Al-Malky,Mohamed Amer Al-Rashed Al-Malky,Mohamed•Al-Malky,محمد عامر الراشد•المالكى,,,,Male,1962-12-01,,,,,,,,,176,62,Competed in Olympic Games • Other,,,,
73812,Awadh Al-Sameer,Awadh Shaban bin Fateh Al-Sameer,Awadh•Al-Sameer,عوض شعبان بن فاتح•السمير,,,,Male,1961-05-06,,,,,,,,,167,60,Competed in Olympic Games,,,,
73826,Abdul Aziz,Abdul Aziz,Abdul•Aziz,,,,,Male,1924-11-10,,,,,,,,,178,73,Competed in Olympic Games,,,,
73881,Florencio Aguilar,Florencio Aguilar Mejía,Florencio•Aguilar,,,,,Male,1959-07-31,,,,,,,,,168,62,Competed in Olympic Games,,,,
73906,Roberto Abugattás,Roberto Nicolás Abugattás Aboid,Roberto•Abugattás,,,,,Male,1943-01-17,Mollendo,Arequipa,203,,,,,,182,77,Competed in Olympic Games,,,,
73940,Amelita Alanes,Amelita Alanes (-Saberon),Amelita•Alanes,,,,,Female,1952-02-28,La Carlota,Negros Occidental,204,,,,,,158,50,Competed in Olympic Games,,,,
73986,Poloni Avek,Poloni D. Avek,Poloni•Avek,,,,,Female,1966-01-28,Metakavil,New Ireland,206,,,,,,153,53,Competed in Olympic Games,,,,
73993,Subul Babo,Subul Babo,Subul•Babo,,,,,Male,1966-06-01,Namatanai,New Ireland,206,,,,,,175,65,Competed in Olympic Games • Other,,,,
74099,Barbara Baran-Wojnar,Barbara Bronisława Baran-Wojnar,Barbara•Baran-Wojnar,,,,,Female,1959-09-01,Łańcut,Podkarpackie,207,,,,,,168,55,Competed in Olympic Games,Resovia Rzeszów,,,
74103,Edward Adamczyk,Edward Adamczyk,Edward•Adamczyk,,,,,Male,1921-11-30,Dortmund,Nordrhein-Westfalen,72,,1993-04-07,Heilbronn,Baden-Württemberg,72,190,83,Competed in Olympic Games • Non-starter,"Odra Wrocław, Wrocław (POL)",,,
74106,Jan Balachowski,Jan Balachowski,Jan•Balachowski,,,,,Male,1948-12-28,Kraków (Cracow),Małopolskie,207,,,,,,183,76,Competed in Olympic Games,"Cracovia, Kraków (POL)",,,
74109,Zenon Baranowski,Zenon Franciszek Baranowski,Zenon•Baranowski,,,,,Male,1930-11-21,Swarzędz,Wielkopolskie,207,,1980-10-12,Poznań,Wielkopolskie,207,171,70,Competed in Olympic Games,"Olimpia Poznań, Poznań (POL)",,,
74337,António Abrantes,António da Cunha Meneses Martins Abrantes,António•Abrantes,,,,,Male,1968-05-15,Lisboa,Distrito de Lisboa,211,,,,,,176,68,Competed in Olympic Games,"SL Benfica, Lisboa (POR)",,,
74501,Jamal Abdi Hassan,Jamal Abdi Hassan Abdullah,Jamal•Abdi Hassan,جمال•عبدي حسن عبد الله,,,,Male,1972-10-10,,,,,,,,,177,65,Competed in Olympic Games,,,,
74503,Sami Al-Abdullah,Sami Juma Sulaiman Al-Abdullah,Sami•Al-Abdullah,سامي جمعة سليمان•العبد الله,,,,Male,1967-01-08,,,,,,,,,174,65,Competed in Olympic Games,,,,
74505,Abdullah Mohamed Al-Sheib,Abdullah Mohamed Al-Sheib,Abdullah Mohamed•Al-Sheib,عبد الله محمد•الشيب,,,,Male,1965-06-29,,,,,,,,,181,77,Competed in Olympic Games,Al-Rayan,,,
74595,Andrei Barabaș,Andrei Barabaș,Andrei•Barabaș,,András Barabás,,,Male,1937-12-09,Odorheiu Secuiesc,Harghita,218,,2005-01-01,,,,179,65,Competed in Olympic Games,,,,
74669,John Anderton,John Bowden Anderton,John•Anderton,,,,,Male,1929-12-28,Cape Town,Western Cape,280,,1991-05-24,Newlands,Western Cape,280,,,Competed in Olympic Games,,,,
74670,Sid Atkinson,"Sidney James Montford ""Sid"" Atkinson",Sid•Atkinson,,,,,Male,1901-03-14,Durban,KwaZulu-Natal,280,,1977-08-31,Durban,KwaZulu-Natal,280,186,76,Competed in Olympic Games,,,,
75020,Eunice Barber,Eunice Barber,Eunice•Barber,,,,,Female,1974-11-17,Freetown,Western,227,,,,,,175,68,Competed in Olympic Games • Other,"Franslac, Freetown (SLE) / EFS Reims, Reims (FRA)",,,
75083,Mohamed Aboker,Mohamed Aboker,Mohamed•Aboker,محمد•أبوكار,,,,Male,1946-06-04,,,,,,,,,175,61,Competed in Olympic Games • Other,,,,
75084,Aboukar Hassan Adani,Aboukar Hassan Adani,Aboukar Hassan•Adani,أبوكار حسن•عدني,,,,Male,1968-06-30,,,,,,,,,165,59,Competed in Olympic Games • Other,,,,
75124,Odair Baia,Odair Pericles dos Ramos Jesús da Costa Baia,Odair•Baia,,,,,Male,1978-04-11,,,,,,,,,176,63,Competed in Olympic Games,,,,
75145,Sieglinde Ammann,Sieglinde Ammann (Pfannerstill-),Sieglinde•Ammann,,,,,Female,1946-02-04,Tägerwilen,Thurgau,54,,,,,,178,65,Competed in Olympic Games,"LC Zürich, Zürich (SUI) / LC Dübendorf, Dübendorf (SUI) / SC Liestal, Liestal (SUI)",,,
75190,Max Barandun,Max Barandun,Max•Barandun,,,,,Male,1942-10-25,,,,,2010-10-31,,,,174,70,Competed in Olympic Games,"TV Unterstrass, Zürich (SUI)",,,
75404,Anna-Lisa Augustsson,Anna-Lisa Augustsson,Anna-Lisa•Augustsson,,,,,Female,1924-12-29,Sunne,Värmland,240,,2012-09-22,Sundbyberg,Stockholm,240,,,Competed in Olympic Games,"IK Göta, Bromma, Stockholm (SWE)",,,
75457,Alexis Ahlgren,Alexis Malkolm Ahlgren,Alexis•Ahlgren,,,,,Male,1887-07-14,Trollhättan,Västra Götaland,240,,1969-03-14,Pittsburgh,Pennsylvania,268,158,56,Competed in Olympic Games,"IFK Göteborg, Göteborg (SWE)",,,
75468,Carl Andersson,Carl Nicanor Andersson,Carl•Andersson,,,,,Male,1877-01-03,Umeå,Västerbotten,240,,1956-01-04,Umeå,Västerbotten,240,,,Competed in Olympic Games • Non-starter,"K8 IF, Umeå (SWE)",,,
75471,Hjalmar Andersson,Svensk Hjalmar Zakeus Andersson,Hjalmar•Andersson,,,Insjön,,Male,1889-07-13,Ljusnarsberg,Örebro,240,,1971-11-02,Insjön,"Leksand, Dalarna",240,172,63,Competed in Olympic Games,"Insjöns IF, Insjön, Leksand (SWE)",,,
75481,Eric Backman,Eric Natanael Backman,Eric•Backman,,,,,Male,1896-05-18,Acklinga,"Tidaholm, Västra Götaland",240,,1965-06-29,Skövde,Västra Götaland,240,172,64,Competed in Olympic Games,"IFK Tidaholm, Tidaholm (SWE)",,,
75915,Mosi Alli,Mosi Alli,Mosi•Alli,,,,,Female,1961-07-03,,,,,,,,,159,51,Competed in Olympic Games,,,,
76190,Boonsong Arjtaweekul,Boonsong Arjtaweekul,Boonsong•Arjtaweekul,บุญส่ง•อาจทวีกุล,,,,Male,1936-09-02,Buriram,Buri Ram,250,,,,,,169,55,Competed in Olympic Games,,,,
76191,Taweesit Arjtaweekul,Taweesit Arjtaweekul,Taweesit•Arjtaweekul,ทวีสิทธิ์•อาจทวีกุล,,,,Male,1941-01-09,,,,,,,,,173,59,Competed in Olympic Games,,,,
76248,Koukou Franck Amégnigan,Koukou Franck Amégnigan,Koukou Franck•Amégnigan,,,,,Male,1971-06-16,,,,,,,,,181,76,Competed in Olympic Games,,,,
76317,Carl Archer,Carl Archer,Carl•Archer,,,,,Male,1948-09-17,Trinidad,,259,,,,,,180,75,Competed in Olympic Games,,,,
76319,Ainsley Armstrong,Ainsley Edward Armstrong,Ainsley•Armstrong,,,,,Male,1952-12-27,Arima,Arima,259,,,,,,180,70,Competed in Olympic Games,"Essex County College, Newark (USA)",,,
76366,Labidi Ayachi,Labidi Djaouadi Ayachi,Labidi•Ayachi,العبيدي•عياشي,,,,Male,1938-03-15,Jendouba,Jendouba,260,,,,,,168,67,Competed in Olympic Games,CEP Militaire,,,
76399,Doğan Acarbay,E. Doğan Acarbay,Doğan•Acarbay,,,,,Male,1927-02-05,Tekirdağ,Tekirdağ,261,,2004-06-13,İstanbul,İstanbul,261,,,Competed in Olympic Games,"Fenerbahçe SK, İstanbul (TUR)",,,
76402,Kemal Aksur,Kemal Aksur,Kemal•Aksur,,,,,Male,1923-10-29,İstanbul,İstanbul,261,,2001-09-29,İstanbul,İstanbul,261,,,Competed in Olympic Games,"Fenerbahçe SK, İstanbul (TUR)",,,
76406,Ahmet Altun,Ahmet Altun,Ahmet•Altun,,,,,Male,1958-01-25,Ankara,Ankara,261,,,,,,168,57,Competed in Olympic Games,,,,
76461,Oliver Acii,Oliver M. Acii,Oliver•Acii,,,,,Female,1970-05-24,,,,,,,,,167,55,Competed in Olympic Games,,,,
76463,Judith Ayaa,Judith Ayaa,Judith•Ayaa,,,,,Female,1952-06-15,Koch Goma,Northern,264,,2002-01-01,Kampala,Central,264,174,55,Competed in Olympic Games,,,,
76475,John Akii-Bua,John Akii-Bua,John•Akii-Bua,,,,,Male,1949-12-03,Abako,"Lango, Northern",264,,1997-06-20,Kampala,Central,264,188,77,Competed in Olympic Games • Non-starter • Other,,,,
76511,Olena Antonova,Olena Anatoliïvna Antonova,Olena•Antonova,Олена Анатоліївна•Антонова,,,,Female,1972-06-16,Nikopol,Dnipropetrovsk,265,,,,,,180,95,Competed in Olympic Games,ZS-Ukraina Nikopol,,,
76512,Inha Babakova,Inha Alvidasivna Babakova (Butkus-),Inha•Babakova,Інга Альвідасівна•Бабакова (Буткус-),,,,Female,1967-06-26,Aşgabat,Ashgabat,252,,,,,,180,60,Competed in Olympic Games,Nikolayev ZS,,,
76561,Vera Anisimova,Vera Vasilyevna Anisimova (Mikheyeva-),Vera•Anisimova,Вера Васильевна•Анисимова (Михеева-),,,,Female,1952-05-25,Moskva (Moscow),Moskva,219,219,,,,,167,52,Competed in Olympic Games,"CSKA Moskva, Moskva (RUS)",,,
76752,Vladimir Afonin,Vladimir Aleksandrovich Afonin,Vladimir•Afonin,Владимир Александрович•Афонин,,,,Male,1947-12-11,Homel,Homel,42,219,,,,,189,67,Competed in Olympic Games,"CSKA Moskva, Moskva (RUS)",,,
76760,Vladimir Andreyev,Vladimir Vasilyevich Andreyev,Vladimir•Andreyev,Владимир Васильевич•Андреев,,,,Male,1966-09-07,Yamanchurino,Chuvashkaya Respublika,219,219,,,,,170,58,Competed in Olympic Games,Cheboksary Army,,,
76762,Yevgeny Anikin,Yevgeny Anikin,Yevgeny•Anikin,Евгений•Аникин,,,,Male,1958-03-13,Lukino,,219,219,,,,,188,73,Competed in Olympic Games,,,,
76765,Aleksandras Antipovas,Aleksandras Antipovas,Aleksandras•Antipovas,,"Aleksandr Antipovas, Александр Антиповас",,,Male,1955-03-09,Bagdonys,Panevėžys,160,160,,,,,170,62,Competed in Olympic Games,,,,
76766,Aleksandr Anufriyev,Aleksandr Aleksandrovich Anufriyev,Aleksandr•Anufriyev,Александр Александрович•Ануфриев,,,,Male,1926-05-10,Izhma,Respublika Komi,219,219,1966-09-26,Pechora River,"Naryan Mar, Nenets Avtonomny Okrug",219,167,63,Competed in Olympic Games,"Torpedo, Gorky/DSO Trud",,,
76769,Yevgeny Arzhanov,Yevgeny Aleksandrovich Arzhanov,Yevgeny•Arzhanov,Евгений Александрович•Аржанов,"Yevhen Oleksandrovych Arzhanov, Євген Олександрович Аржанов",,,Male,1948-02-09,Kalush,Ivano-Frankivsk,265,265,,,,,179,68,Competed in Olympic Games,"Dynamo Kyiv, Kyiv (UKR)",,,
76776,Anatoly Badrankov,Anatoly Stepanovich Badrankov,Anatoly•Badrankov,Анатолий Степанович•Бадранков,,,,Male,1941-04-02,Almaty,Almaty,137,137,1998-05-30,Almaty,Almaty,137,178,64,Competed in Olympic Games,,,,
76786,Leonid Barkovsky,Leonid Mikhaylovich Barkovsky,Leonid•Barkovsky,Леонид Михайлович•Барковский,"Leonid Mykhaylovych Barkovskiy, Леонід Михайлович Барковський",,,Male,1940-12-13,Svobodny,Amur,219,265,,,,,175,75,Competed in Olympic Games,,,,
77137,Claudia Acerenza,Claudia Acerenza Maríez,Claudia•Acerenza,,,,,Female,1966-01-15,,,,,,,,,160,55,Competed in Olympic Games,,,,
77156,Karen Anderson-Oldham,Karen Linnea Anderson-Oldham,Karen•Anderson-Oldham,,,,,Female,1938-04-05,Denver,Colorado,268,,,,,,165,53,Competed in Olympic Games,"SDTC, San Diego (USA)",,,
77157,Olga Ávalos-Appell,Olga Ávalos-Appell,Olga•Ávalos-Appell,,,,,Female,1963-08-02,Durango,Durango,171,,,,,,173,59,Competed in Olympic Games,Reebok Running Club,,,
77159,Evelyn Ashford,Evelyn Ashford (-Washington),Evelyn•Ashford,,,,,Female,1957-04-15,Shreveport,Louisiana,268,,,,,,165,52,Competed in Olympic Games • Other,"UCLA Bruins, Los Angeles (USA) / Mazda Optimist Track Club, (USA)",,,
77161,Margaret Bailes,Margaret Ann Bailes (Johnson-),Margaret•Bailes,,,,,Female,1951-01-23,Bronx,New York,268,,,,,,170,65,Competed in Olympic Games,"Oregon Track Club, Eugene (USA)",,,
77435,Brian Abshire,Brian Kenneth Abshire,Brian•Abshire,,,,,Male,1963-11-14,El Sobrante,California,268,,,,,,180,59,Competed in Olympic Games,"Athletics West, Eugene (USA)",,,
77436,Ben Adams,"Benjamin Willard ""Ben"" Adams",Ben•Adams,,,,,Male,1890-03-31,Newark,New Jersey,268,,1961-03-14,Neptune City,New Jersey,268,188,78,Competed in Olympic Games • Competed in Olympic Games (non-medal events),"NYAC, New York (USA)",,,
77437,Platt Adams,Platt Adams,Platt•Adams,,,,,Male,1885-03-23,Belleville,New Jersey,268,,1961-02-27,Normandy Beach,New Jersey,268,188,78,Competed in Olympic Games • Competed in Olympic Games (non-medal events),"NYAC, New York (USA)",,,
77438,Derrick Adkins,Derrick Ralph Adkins,Derrick•Adkins,,,,,Male,1970-07-02,Brooklyn,"New York, New York",268,,,,,,188,80,Competed in Olympic Games,Reebok Running Club,,,
77451,Lewis Anderson,Lewis Robbins Anderson,Lewis•Anderson,,,,,Male,1890-05-07,Geneva,Nebraska,268,,1958-05-04,Lincoln,Nebraska,268,183,59,Competed in Olympic Games,University of Nebraska,,,
77453,Otto Anderson,Otto Kenneth Anderson,Otto•Anderson,,,,,Male,1900-10-28,Guthrie,Oklahoma,268,,1963-11-15,Pasadena,California,268,175,68,Competed in Olympic Games,"USC Trojans, Los Angeles (USA)",,,
77468,Harry Babcock,"Henry Stoddard ""Harry"" Babcock",Harry•Babcock,,,,,Male,1890-12-15,Pelham Manor,New York,268,,1965-06-05,Norwalk,Connecticut,268,188,75,Competed in Olympic Games,"NYAC, New York (USA)",,,
78731,Orde Ballantyne,Orde Ballantyne,Orde•Ballantyne,,,,,Male,1962-01-22,,,,,,,,,,,Competed in Olympic Games • Other,"Idaho Vandals, Moscow (USA)",,,
78732,Pamenos Ballantyne,Pamenos Avorsant Ballantyne,Pamenos•Ballantyne,,,,,Male,1973-12-09,Sandy Bay,,11,,,,,,187,67,Competed in Olympic Games • Other,,,,
78744,Khalid Al-Estashi,Khalid Ahmed Al-Estashi,Khalid•Al-Estashi,خالد أحمد•الاستاشي,,,,Male,1974-03-19,,,,,,,,,155,65,Competed in Olympic Games,,,,
79046,Epaminonas Anezakis,Epaminonas Anezakis,Epaminonas•Anezakis,Επαμινονας•Ανεζάκης,,,,Male,1882-01-01,Varipetro,Kriti,106,,,,,,,,Competed in Intercalated Games,Diagoras Khanion,,,
79191,Ernst Bahnmeyer,Ernst Friedrich Bahnmeyer,Ernst•Bahnmeyer,,,,,Male,1888-04-30,Gaggenau,Baden-Württemberg,72,,1931-12-16,Mannheim,Baden-Württemberg,72,,,Competed in Intercalated Games,"Schwimmverein Poseidon, Karlsruhe (GER)",,,
79214,John Andersson,"Johan Gottfrid ""John"" Andersson",John•Andersson,,,,,Male,1869-08-01,Herrljunga,Västra Götaland,240,,1935-08-26,Stockholm,Stockholm,240,,,Competed in Intercalated Games,"Stockholms KK, Stockholm (SWE)",,,
79225,Rudolf Arnold,Rudolf Arnold,Rudolf•Arnold,,,,,Male,,,,,,,,,,,,Competed in Intercalated Games,"TA Austria, Wien (AUT)",,,
79251,Aage Andersen,Aage Jørgen Christian Andersen,Aage•Andersen,,,,,Male,1883-12-01,København (Copenhagen),Hovedstaden,75,,1976-04-01,Pinner,England,98,,,Competed in Intercalated Games,"Akademisk Boldklub, Gladsaxe (DEN)",,,
79303,Bernhard Abraham,Bernhard Abraham,Bernhard•Abraham,,,,,Male,1886-01-01,,,,,,,,,,,Competed in Intercalated Games,"TiB, Berlin (GER)",,,
79711,Albert Barodet,Albert Barodet,Albert•Barodet,,,,,Male,,,,,,,,,,,,Competed in Olympic Games • Competed in Olympic Games (non-medal events),"Société de Gymnastique La Drapeau, Paris (FRA)",,,
82049,Zhang Jun,Zhang Jun,Zhang•Jun,張•軍,,,Oriental,Male,1977-11-26,Suzhou,Jiangsu,57,,,,,,175,75,Competed in Olympic Games,"?, Jiangsu, (CHN)",,,
82497,Karl Abrahamsson,Karl Gustaf Emanuel Abrahamsson,Karl•Abrahamsson,,,Calle Aber,,Male,1896-05-01,Södertälje,Stockholm,240,,1948-12-25,Södertälje,Stockholm,240,,,Competed in Olympic Games,"Södertälje SK, Södertälje (SWE)",,,
82544,Serhiy Antonov,Serhiy Antonov,Serhiy•Antonov,Сергій•Антьонов,,,,Male,1965-08-18,,,,,,,,,185,92,Competed in Olympic Games,,,,
82557,Nasria Baghdad-Azaïdj,Nasria Baghdad-Azaïdj,Nasria•Baghdad-Azaïdj,ناصرية•بغداد-ازعج,,,,Female,1971-10-29,,,,,,,,,167,49,Competed in Olympic Games,"MC Alger, Al-Jaza'ir (ALG)",,,
82729,Martha Adusei,Martha Adusei,Martha•Adusei,,,,,Female,1976-06-08,Kumasi,Western,100,,,,,,165,64,Competed in Olympic Games,"Varsity Blues, Toronto (CAN)",,,
82778,Amandine Allou Affoué,Amandine Allou Affoué,Amandine•Allou Affoué,,,,,Female,1980-08-29,Botro,Vallée du Bandama,58,,,,,,160,52,Competed in Olympic Games • Other,"Olympique de Marseille, Marseille (FRA)",,,
82810,Yamilé Aldama,Yamilé Aldama Pozo (-Dodds),Yamilé•Aldama,,,,,Female,1972-08-14,Cerro,Ciudad de La Habana,67,,,,,,173,62,Competed in Olympic Games • Non-starter,"Shaftesbury Barnet Harriers, London (GBR)",,,
86097,Roda Wais,Roda Ali Wais,Roda•Wais,روضا•على وايس,,,,Female,1984-04-14,,,,,,,,,158,52,Competed in Olympic Games,,,,
86104,Bolota Asmerom,Bolota Asmerom,Bolota•Asmerom,,,,,Male,1978-10-12,Asmara,Maekel,86,,,,,,178,62,Competed in Olympic Games,"California Golden Bears, Berkeley (USA)",,,
86179,Mehdi Baala,Mehdi Abdelhafid Baala,Mehdi•Baala,,,,,Male,1978-08-17,Strasbourg,Bas-Rhin,94,,,,,,183,65,Competed in Olympic Games,"ASPTT Strasbourg, Strasbourg (FRA)",,,
86219,Shani Anderson,Shani Anderson,Shani•Anderson,,,,,Female,1975-08-07,?,,11,,,,,,176,64,Competed in Olympic Games,"Shaftesbury Barnet Harriers, London (GBR)",,,
86395,Ester Balassini,Ester Balassini,Ester•Balassini,,,,,Female,1977-10-20,Bologna,Bologna,133,,,,,,174,70,Competed in Olympic Games,Fiamme Gialle Castelporziano,,,
87499,Hussain Taher Al-Sabee,Hussain Taher Al-Sabee,Hussain Taher•Al-Sabee,السبع‎•حسين طاهر,,,,Male,1979-11-13,Az-Zahran (Dhahran),Ash-Sharqiyah,222,,,,,,187,85,Competed in Olympic Games,,,,
87501,Salem Mubarak Al-Yami,Salem Mubarak M. Al-Yami,Salem Mubarak•Al-Yami,سالم مبارك•اليامي,,,,Male,1982-02-09,,,,,,,,,170,65,Competed in Olympic Games,,,,
87621,Benedicta Ajudua,Benedicta Ajudua,Benedicta•Ajudua,,,,,Female,1980-07-10,,,,,,,,,155,57,Competed in Olympic Games,,,,
87662,Piotr Balcerzak,Piotr Balcerzak,Piotr•Balcerzak,,,,,Male,1975-06-25,Warszawa (Warsaw),Mazowieckie,207,,,,,,175,68,Competed in Olympic Games,"Skra Warszawa, Warszawa (POL)",,,
87711,Abdul Rahman Al-Nubi,Abdul Rahman Sultan Al-Nubi Faraj,Abdul Rahman•Al-Nubi,عبد الرحمن سلطان فرج•سلطان النوبي,,,,Male,1979-10-17,,,,,,,,,192,77,Competed in Olympic Games,Al-Sadd,,,
87712,Salaheddine Bakar Al-Safi,Salaheddine Bakar Al-Safi,Salaheddine•Bakar Al-Safi,صلاح الدين•باكر الصافي,,,,Male,1980-04-01,,,,,,,,,185,68,Competed in Olympic Games,,,,
88322,Direma Banasso,Direma Banasso,Direma•Banasso,,,,,Female,1985-11-29,,,,,,,,,157,48,Competed in Olympic Games,,,,
88349,Anzhela Balakhonova,Anzhela Anatoliïvna Balakhonova,Anzhela•Balakhonova,Анжела Анатоліївна•Балахонова,,,,Female,1972-12-18,Shakhtarsk,Donetsk,265,,,,,,162,55,Competed in Olympic Games,"Dynamo Kyiv, Kyiv (UKR)",,,
88390,Abdi Abdirahman,"Abdihakim ""Abdi"" Abdirahman",Abdi•Abdirahman,,,The Black Cactus,,Male,1977-01-01,Mogadishu,Banaadir,230,,,,,,178,61,Competed in Olympic Games,"Nike, Beaverton (USA)",,,
88595,Rafik Amrane,Rafik Amrane,Rafik•Amrane,رفيق•عمران,,,,Male,1977-04-25,Al-Jaza'ir (Algiers),Al-Jaza'ir,77,,,,,,177,70,Competed in Olympic Games,,,,
88654,Zavana Aranga,Zavana Aranga,Zavana•Aranga,,,Zee,,Female,1974-09-13,Lower Hutt,Wellington,197,,,,,,169,75,Competed in Olympic Games,"Cardinals, Lower Hutt",,,
89021,Kurt Ainsworth,Kurt Harold Ainsworth,Kurt•Ainsworth,,,,,Male,1978-09-09,Baton Rouge,Louisiana,268,,,,,,187,84,Competed in Olympic Games,"Shreveport SwampDragons, Shreveport (USA)",,,
89243,Célestin Augustin,Célestin Augustin,Célestin•Augustin,,,,,Male,1971-01-14,,,,,,,,,160,51,Competed in Olympic Games,,,,
89401,Nathan Baggaley,Nathan Baggaley,Nathan•Baggaley,,,,,Male,1975-12-06,Byron Bay,New South Wales,30,,,,,,193,90,Competed in Olympic Games,"Cape Byron Canoe Club, Byron Bay (AUS)",,,
89430,Ledys Balceiro,Ledys Frank Balceiro Pajón,Ledys•Balceiro,,,,,Male,1975-04-18,Matanzas,Matanzas,67,,,,,,178,78,Competed in Olympic Games,,,,
89538,Juraj Bača,Juraj Bača,Juraj•Bača,,,,,Male,1977-03-17,Komárno,Nitra,238,,,,,,186,87,Competed in Olympic Games,"ŠKP Bratislava, Bratislava (SVK)",,,
89700,Hossein Askari,Hossein Askari,Hossein•Askari,حسین•عسکری,,,,Male,1975-03-23,Khomein,Markazi,129,,,,,,179,73,Competed in Olympic Games,Tabriz Petrochemical Team,,,
89744,Kurt Asle Arvesen,Kurt Asle Arvesen,Kurt Asle•Arvesen,,,,,Male,1975-02-09,Molde,Møre og Romsdal,194,,,,,,183,74,Competed in Olympic Games,"Sandnes Cykleklubb/Amica Chips-Tassoni, ITA/Bjørgvin Cykelklubb, Bergen/Team CSC, DEN",,,
89816,Chelly Arrue,"Christian Marcelo ""Chelly"" Arrue",Chelly•Arrue,,,,,Male,1969-01-08,Santiago,Santiago Metropolitan,55,,,,,,175,81,Competed in Olympic Games,,,,
90193,Mercy Akide,Mercy Joy Akide (-Udoh),Mercy•Akide,,,Marvellous,,Female,1975-08-28,Port Harcourt,Rivers,191,,,,,,189,79,Competed in Olympic Games,"Hampton Roads Piranhas, Virginia Beach (USA)",,,
90352,Massimo Ambrosini,Massimo Ambrosini,Massimo•Ambrosini,,,,,Male,1977-05-29,Pesaro,Pesaro e Urbino,133,,,,,,184,77,Competed in Olympic Games,"AC Milan, Milano (ITA)",,,
90401,Nawaf Al-Humaidan,Nawaf Al-Humaidan,Nawaf•Al-Humaidan,نواف•الحميدان,,,,Male,1981-03-08,,,,,,,,,163,55,Competed in Olympic Games,"Kazma, Madinat al-Kuwait (KUW)",,,
90404,Naser Al-Omran,Naser Al-Omran,Naser•Al-Omran,ناصر•العمران,,,,Male,1977-03-03,,,,,,,,,163,60,Competed in Olympic Games,"Kazma, Madinat al-Kuwait (KUW)",,,
90431,Yakubu Aiyegbeni,Yakubu Aiyegbeni,Yakubu•Aiyegbeni,,,,,Male,1982-11-22,Benin City,Edo,191,,,,,,170,79,Competed in Olympic Games,"Hapoel Kfar Saba, Kfar Saba (ISR)",,,
90564,Alejandro Barrenechea,Alejandro Barrenechea Jayo,Alejandro•Barrenechea,,,,,Male,1976-03-30,Bilbao,Vizcaya,87,,,,,,164,67,Competed in Olympic Games,Club Nervión,,,
90695,Antonio Ortega,Antonio Carlos Ortega Pérez,Antonio•Ortega,,,,,Male,1971-07-14,Málaga,Málaga,87,,,,,,184,86,Competed in Olympic Games,"FC Barcelona, Barcelona (ESP)",,,
90719,Baek Won-Cheol,Baek Won-Cheol,Baek•Won-Cheol,백•원철,Paek Won-Chul,,Oriental,Male,1977-01-10,Hanam,Gyeonggi,143,,,,,,180,83,Competed in Olympic Games,"Daido Steel, (JPN) / HC Korosa, (KOR)",,,
90783,Elena Amato,Elena Amato,Elena•Amato,,,,,Female,1983-11-05,Como,Como,133,,,,,,165,50,Competed in Olympic Games,"Ginnastica Comense 1872, Como (ITA)",,,
91040,Inés Arrondo,Inés Arrondo,Inés•Arrondo,,,Ney,,Female,1977-11-28,Mar del Plata,Provincia de Buenos Aires,26,,,,,,167,58,Competed in Olympic Games,"St. Catherine's, Buenos Aires",,,
91041,Lucha Aymar,"Luciana Paula ""Lucha"" Aymar",Lucha•Aymar,,,,,Female,1977-08-10,Rosario,Santa Fe,26,,,,,,178,59,Competed in Olympic Games • Other,"Jockey Club de Rosario, Rosario (ARG) / Club de Gimnasia y Esgrima, Buenos Aires (ARG)",,,
91127,Marilyn Agliotti,Marilyn Agliotti,Marilyn•Agliotti,,,,,Female,1979-06-23,Boksburg,Gauteng,280,,,,,,172,58,Competed in Olympic Games,"Oranje Zwart, Eindhoven (NED)",,,
91619,Ivan Baglayev,Ivan Baglayev,Ivan•Baglayev,Иван•Баглаев,,,,Male,1975-11-15,?,,219,,,,,,163,64,Competed in Olympic Games,,,,
91652,Maarten Arens,Maarten Johannes Arens,Maarten•Arens,,,,,Male,1972-05-20,Diemen,Noord-Holland,193,,,,,,184,81,Competed in Olympic Games,"KenAmJu, Haarlem",,,
91754,Kate Allenby,"Katherine Fiona ""Kate"" Allenby (-Pocock)",Kate•Allenby,,,,,Female,1974-03-16,Marylebone,England,98,,,,,,177,72,Competed in Olympic Games,"TeamBath, Bath (GBR)",,,
91809,Sophie Balmary,Sophie Balmary,Sophie•Balmary,,,,,Female,1979-05-28,Cahors,Lot,94,,,,,,183,76,Competed in Olympic Games,"Aviron Cadurcien, Cahors (FRA)",,,
91874,Salvatore Amitrano,Salvatore Amitrano,Salvatore•Amitrano,,,,,Male,1975-12-03,Castellammare di Stabia,Napoli,133,,,,,,184,73,Competed in Olympic Games,"G.S. Fiamme Oro, Roma (ITA)",,,
91981,Chris Ahrens,"Christian ""Chris"" Ahrens",Chris•Ahrens,,,,,Male,1976-07-24,Iowa City,Iowa,268,,,,,,195,97,Competed in Olympic Games,Milwaukee Rowing Club,,,
92174,Vegard Arnhoff,Vegard Arnhoff,Vegard•Arnhoff,,,,,Male,1977-10-07,Oslo,Oslo,194,,,,,,179,79,Competed in Olympic Games,"Soon Seilforening, Son (NOR)",,,
92298,Giorgos Achilleos,Giorgos Achilleos,Giorgos•Achilleos,Γιώργος•Αχιλλέως,George Achilleos,,,Male,1980-12-24,London,England,98,,,,,,172,75,Competed in Olympic Games • Other,"Paphos Shooting Club, Paphos (CYP)",,,
92303,Mohamed Abdullah,Mohamed Isma'il Abdullah,Mohamed•Abdullah,محمد اسماعيل•عبدالله,,,,Male,1968-03-07,Asyut,Asyut,84,,,,,,168,68,Competed in Olympic Games,Army Shooting Club,,,
92320,Mike Babb,"Michael ""Mike"" Babb",Mike•Babb,,,,,Male,1963-10-14,Farnborough,England,98,,,,,,173,92,Competed in Olympic Games,Appleton Rifle Club,,,
92358,Dina Aspandiyarova,Dina Aspandiyarova,Dina•Aspandiyarova,,"Dina Adilevna Aspandiyarova, Дина Адильевна Аспандиярова",,,Female,1976-07-10,Almaty,Almaty,137,,,,,,158,65,Competed in Olympic Games,"Yarra Pistol Club (AUS) / Brisbane International Pistol Club, Queensland (AUS)",,,
92397,Sergey Alifirenko,Sergey Gennadyevich Alifirenko,Sergey•Alifirenko,Сергей Геннадьевич•Алифиренко,,,,Male,1959-01-21,Vanadzor,Lori,27,,,,,,168,72,Competed in Olympic Games,"CSKA Moskva, Moskva (RUS)",,,
92398,Aleksey Alipov,Aleksey Aleksandrovich Alipov,Aleksey•Alipov,Алексей Александрович•Алипов,,,,Male,1975-08-07,Moskva (Moscow),Moskva,219,,,,,,175,80,Competed in Olympic Games,"CSKA Moskva, Moskva (RUS)",,,
92427,Ahmed Al-Maktoum,Ahmed bin Hasher Al-Maktoum,Ahmed•Al-Maktoum,أحمد•بن حشر المكتوم,,,,Male,1963-12-31,Dubai,Dubai,25,,,,,,175,67,Competed in Olympic Games,Dubai,Sheikh,,
92429,Artur Aivazian,Artur Surenovych Aivazian,Artur•Aivazian,Артур Суренович•Айвазян,,,,Male,1973-01-14,Yerevan,Yerevan,27,,,,,,177,88,Competed in Olympic Games,"SHVSM, Lviv",,,
92489,Christie Ambrosi,Christie Ambrosi,Christie•Ambrosi,,,,,Female,1976-12-21,Kansas City,Missouri,268,,,,,,172,70,Competed in Olympic Games,,,,
92501,Walter Arciprete,Walter Darío Arciprete,Walter•Arciprete,,,,,Male,1979-05-25,,,,,,,,,185,80,Competed in Olympic Games,,,,
92502,Georgina Bardach,Georgina Bardach Martín,Georgina•Bardach,,,,,Female,1983-08-18,Córdoba,Córdoba,26,,,,,,172,63,Competed in Olympic Games,ANB,,,
92554,Doli Akhtar,Doli Akhtar,Doli•Akhtar,,,,,Female,1986-01-15,,,,,,,,,158,53,Competed in Olympic Games,,,,
92844,Maria Awori,Maria Awori,Maria•Awori,,,,,Female,1984-11-08,,,,,,,,,160,47,Competed in Olympic Games,,,,
92870,Faisal Al-Mahmeed,Faisal Al-Mahmeed,Faisal•Al-Mahmeed,فيصل•المحميد,,,,Male,1983-11-03,,,,,,,,,180,72,Competed in Olympic Games,,,,
92989,Vladislav Aminov,Vladislav Viktorovich Aminov,Vladislav•Aminov,Владислав Викторович•Аминов,,,,Male,1977-08-19,Zelenogorsk,Krasnoyarsk Kray,219,,,,,,191,82,Competed in Olympic Games,"Sibir, Omsk",,,
93077,Joe Atuhaire,Joe Atuhaire,Joe•Atuhaire,,,,,Male,1978-05-15,,,,,,,,,168,66,Competed in Olympic Games,,,,
93213,Francisco Arado,Francisco Arado de Armas,Francisco•Arado,,,,,Male,1971-12-30,Güines,Mayabeque,67,,,,,,177,71,Competed in Olympic Games,,,,
93218,Shaimaa Abdul Aziz,Shaimaa Abdul Aziz Muhammad,Shaimaa•Abdul Aziz,شيماء•عبدالعزيز محمد,,,,Female,1981-03-30,Al-Jizah (Giza),Al-Jizah,84,,,,,,160,53,Competed in Olympic Games,"Al-Ahly, Al-Qahira (EGY)",,,
93237,Tatiana Al-Najar,Tatiana Al-Najar,Tatiana•Al-Najar,تاتيانا•النجار,,,,Female,1967-05-11,,,,,,,,,160,60,Competed in Olympic Games,,,,
93250,Peter Akinlabi,Peter Akinlabi,Peter•Akinlabi,,,,,Male,1973-08-28,Lagos,Lagos,191,,,,,,168,59,Competed in Olympic Games,"TT Joue, FRA",,,
93267,Tawny Banh,"Thu Ai ""Tawny"" Banh",Tawny•Banh,,,,,Female,1974-12-12,Bạc Liêu,Bạc Liêu,14,,,,,,160,53,Competed in Olympic Games,Los Angeles Table Tennis Association,,,
93358,Aziz Acharki,Aziz Acharki,Aziz•Acharki,,,,,Male,1972-03-27,Nador,Oriental,165,,,,,,180,68,Competed in Olympic Games,KDK Attendorn,,,
93372,Mohamed Al-Fararjeh,Mohamed Al-Fararjeh,Mohamed•Al-Fararjeh,محمد•الفرارجة,,,,Male,1977-10-16,,,,,,,,,175,77,Competed in Olympic Games,,,,
93491,Shinobu Asagoe,Shinobu Asagoe,Shinobu•Asagoe,浅越•しのぶ,,,,Female,1976-06-28,Kamigori,Hyogo,136,,,,,,168,58,Competed in Olympic Games,,,,
93588,Mariano Baracetti,Mariano Joaquín Baracetti,Mariano•Baracetti,,,Mono,,Male,1974-07-12,Buenos Aires,Ciudad Autónoma de Buenos Aires,26,,,,,,194,92,Competed in Olympic Games,Cede/Ocean Pacific,,,
93798,Violet Barasa,Violet Awidi Barasa,Violet•Barasa,,,,,Female,1975-06-21,Sikhendu,Bungoma,138,,2007-02-12,Webuye,Bungoma,138,178,66,Competed in Olympic Games • Other,"Gymnastikos Syllogos Panhellenios, Athinai, GRE",,,
93827,Robyn Ah Mow-Santos,Robyn Mokihana Ah Mow-Santos,Robyn•Ah Mow-Santos,,,,,Female,1975-09-15,Honolulu,Hawaiʻi,268,,,,,,172,67,Competed in Olympic Games,"Hawaiʻi Rainbow Wahine, Honolulu (USA) / Voléro Zürich, Zürich (SUI)",,,
94083,Roman Balashov,Roman Vladimirovich Balashov,Roman•Balashov,Роман Владимирович•Балашов,,,,Male,1977-02-09,Moskva (Moscow),Moskva,219,,,,,,192,96,Competed in Olympic Games,"Dynamo Moskva, Moskva (RUS) / Shturm 2002, Chekhov (RUS)",,,
94124,Marie-Luc Arpin,Marie-Luc Arpin,Marie-Luc•Arpin,,,,,Female,1978-07-04,Saint-Hyacinthe,Québec,52,,,,,,173,68,Competed in Olympic Games,St.-Lambert Water Polo Club/St. Foy Hydres,,,
94195,Bakhyt Akhmetov,Bakhyt Beshimbekovich Akhmetov,Bakhyt•Akhmetov,Бахыт Бешимбекович•Ахметов,"Baqıt Beşïmbekulı Axmetov, Бақыт Бешімбекұлы Ахметов",,,Male,1979-03-27,Shymkent,Ongutsik Qazaqstan,137,,,,,,175,105,Competed in Olympic Games • Other,,,,
94216,Nigel Avery,Nigel Seton Avery,Nigel•Avery,,,,,Male,1967-08-31,Auckland,Auckland,197,,,,,,188,120,Competed in Olympic Games,,,,
94241,Ali Abdo,Ali Abdo,Ali•Abdo,,,,,Male,1981-05-02,Melbourne,Victoria,30,,,,,,169,74,Competed in Olympic Games,Footscray Youth Club/Hawthorn Youth Club,,,
94259,Vitali Zhuk,Vitali Ivanavich Zhuk,Vitali•Zhuk,Віталь Іванавіч•Жук,"Vitaly Ivanovich Zhuk, Виталий Иванович Жук",,,Male,1973-07-03,Hrodna,Hrodna,42,,,,,,166,63,Competed in Olympic Games,"VS Minsk, Minsk (BLR)",,,
94339,Mohamed Barguaoui,Mohamed Barguaoui,Mohamed•Barguaoui,محمد•برقاوي,,,,Male,1975-01-05,,,,,,,,,170,58,Competed in Olympic Games,"Espérance ST, Tunis (TUN)",,,
94398,Fritz Aanes,Fritz Aanes,Fritz•Aanes,,,,,Male,1978-07-20,Narvik,Nordland,194,,,,,,187,89,Competed in Olympic Games,"Narvik Atletklubb, Narvik (NOR)",,,
99636,Gunilla Andersson,Gunilla Victoria Andersson,Gunilla•Andersson,,,,,Female,1975-04-26,Skutskär,"Älvkarleby, Uppsala",240,,,,,,169,69,Competed in Olympic Games,"MB Hockey, Stockholm (SWE) / Segeltorps IF, Segeltorp, Huddinge (SWE)",,,
101510,Robert Baird,Robert Stephen Baird,Robert•Baird,,,,,Male,1973-01-03,Ottawa,Ontario,52,,,,,,185,72,Competed in Olympic Games,Gloucester-Ottawa Kingfish Swim Club,,,
101693,Nuno Afonso,Nuno Miguel Figueiredo Afonso,Nuno•Afonso,,,,,Male,1974-10-06,Oeiras,Distrito de Lisboa,211,,,,,,190,85,Competed in Olympic Games,"SC Campomaiorense, Campo Maior (POR)",,,
101771,Kozue Ando,Kozue Ando,Kozue•Ando,安藤•梢,,,,Female,1982-07-09,Utsunomiya,Tochigi,136,,,,,,164,57,Competed in Olympic Games,"Urawa Red Diamonds, Saitama (JPN) / FCR 2001 Duisburg, Duisburg (GER)",,,
101959,Jonas Andersson,Jonas Lennart Andersson,Jonas•Andersson,,,,,Male,1979-05-16,Fosie,"Malmö, Skåne",240,,,,,,179,80,Competed in Olympic Games,"BK Gripen, Malmö (SWE)",,,
102007,Bruno Alves,Bruno Eduardo Regufe Alves,Bruno•Alves,,,,,Male,1981-11-27,Póvoa de Varzim,Distrito do Porto,211,,,,,,187,83,Competed in Olympic Games,"Vitória SC, Guimarães (POR)",,,
102052,Stephen Appiah,Stephen Leroy Appiah,Stephen•Appiah,,,,,Male,1980-12-24,Accra,Greater Accra,100,,,,,,178,77,Competed in Olympic Games,"Juventus FC, Torino (ITA)",,,
102215,Bradley Ally,Bradley Kevin Ally,Bradley•Ally,,,,,Male,1986-12-11,Bridgetown,Saint Michael,47,,,,,,182,73,Competed in Olympic Games • Other,"Pine Crest Swim Team, Fort Lauderdale (USA)",,,
102299,Misa Amano,Misa Amano,Misa•Amano,天野•美沙,,,,Female,1986-10-15,?,Kanagawa,136,,,,,,161,53,Competed in Olympic Games,Toin Gakuen High School (JPN,,,
102376,Iryna Amshennikova,Iryna Vitaliïvna Amshennikova,Iryna•Amshennikova,Ірина Віталіївна•Амшеннікова,,,,Female,1986-05-19,Komsomolsk,Poltava,265,,,,,,174,58,Competed in Olympic Games,"Ukraïna Zaporizhzhia, Zaporizhzhia (UKR)",,,
102509,Serhiy Advena,Serhiy Mykolaiovych Advena,Serhiy•Advena,Сергій Миколайович•Адвена,,,,Male,1984-08-04,Kyiv,Kyiv,265,,,,,,190,82,Competed in Olympic Games,SZ Kyiv,,,
102513,Kaio Márcio,Kaio Márcio Ferreira da Costa Almeida,•Kaio Márcio,,,,,Male,1984-10-19,João Pessoa,Paraíba,46,,,,,,177,75,Competed in Olympic Games,"Nikita SESI, Recife",,,
102535,Mumtaz Ahmed,Mumtaz Ahmed,Mumtaz•Ahmed,ممتاز•احمد,,,,Male,1970-01-07,,,,,,,,,178,79,Competed in Olympic Games,,,,
102593,Sedat Artuç,Sedat Artuç,Sedat•Artuç,,,,,Male,1976-06-09,Bitlis,Bitlis,261,,,,,,162,56,Competed in Olympic Games,"Ankara Demirspor, Ankara (TUR)",,,
102621,Romanos Alyfantis,Romanos Iasonas Alyfantis,Romanos•Alyfantis,Ρωμανός•Αλυφαντής,,,,Male,1986-03-21,,,,,,,,,183,73,Competed in Olympic Games,"A.K.O. Metamorfosis ""Delfinia""",,,
102739,Kristin Armstrong,Kristin Ann Armstrong (-Savola),Kristin•Armstrong,,,,,Female,1973-08-11,Boise,Idaho,268,,,,,,173,58,Competed in Olympic Games,"Team Specialized–lululemon, Leipzig (GER) / Cervélo-Lifeforce Pro Cycling Team, (GBR) / Twenty24 Pro Cycling, (USA)",,,
102845,Jafar Al-Bagir,Jafar Al-Bagir,Jafar•Al-Bagir,جعفر•الباقر,,,,Male,1982-08-15,,,,,,,,,167,69,Competed in Olympic Games,,,,
102893,Rony Bakale,Emile Rony Bakale,Rony•Bakale,,,,,Male,1987-10-06,Timișoara,Timiș,218,,,,,,188,90,Competed in Olympic Games • Other,"TuksSport, Pretoria (RSA) / CSM Timişoara, Timișoara (ROU)",,,
102940,Erik Andersson,Erik Tony Emanuel Andersson,Erik•Andersson,,,,,Male,1984-09-10,Vänersborg,Västra Götaland,240,,,,,,192,88,Competed in Olympic Games,"Trollhättans SS, Trollhättan (SWE)",,,
103064,Dean Barker,Dean Raymond Barker,Dean•Barker,,,,,Male,1973-04-18,Takapuna,Auckland,197,,,,,,190,90,Competed in Olympic Games,,,,
103152,Tojohanitra Andriamanjatoarimanana,Tojohanitra Tokin'aina Andriamanjatoarimanana,Tojohanitra•Andriamanjatoarimanana,,Tojohanitra Andriamanja,,,Female,1990-10-31,?,,168,,,,,,140,57,Competed in Olympic Games,,,,
103374,Luca Agamennoni,Luca Agamennoni,Luca•Agamennoni,,,,,Male,1980-08-08,Livorno,Livorno,133,,,,,,187,93,Competed in Olympic Games,Gruppo Nautico Fiamme Gialle,,,
103520,Wyatt Allen,Wyatt Allen,Wyatt•Allen,,,,,Male,1979-01-11,Baltimore,Maryland,268,,,,,,193,98,Competed in Olympic Games,"Virginia Cavaliers, Charlottesville (USA)",,,
103588,Carlos Andica,Carlos Hernán Andica Andica,Carlos•Andica,,,,,Male,1983-11-12,Armenia,Quindío,62,,,,,,172,85,Competed in Olympic Games,,,,
103623,Damaris Gabriela Aguirre,Damaris Gabriela Aguirre Aldaz,Damaris Gabriela•Aguirre,,,,,Female,1977-07-25,Chihuahua,Chihuahua,171,,,,,,163,75,Competed in Olympic Games,,,,
103674,Ramzi Al-Mahrous,Ramzi Al-Mahrous,Ramzi•Al-Mahrous,رمزي•المحروس,,,,Male,1982-02-05,,,,,,,,,170,85,Competed in Olympic Games,,,,
103703,An Su-Gyeong,An Su-Gyeong,An•Su-Gyeong,안•수경,Ahn Soo-Kyeong,,Oriental,Female,1987-01-09,Jeju,Jeju,143,,,,,,160,65,Competed in Olympic Games,,,,
103718,Suzy Balogh,"Suzanne Elspeth ""Suzy"" Balogh",Suzy•Balogh,,,,,Female,1973-05-08,Queanbeyan,New South Wales,30,,,,,,166,85,Competed in Olympic Games,Canberra International Clay Target Club,,,
103753,Sergey Babikov,Sergey Babikov,Sergey•Babikov,Сергей•Бабиков,,,,Male,1967-12-20,Dushanbe,Nohijahoi Tobei Çumhuri,251,,,,,,170,100,Competed in Olympic Games,"Dynamo Ashgabat, Ashgabat (TKM)",,,
103790,Aleksandr Babchenko,Aleksandr Babchenko,Aleksandr•Babchenko,Александр•Бабченко,,,,Male,1971-12-09,Bishkek,Bishkek,139,,,,,,168,71,Competed in Olympic Games,Army,,,
103812,Naser Al-Meqlad,Naser Al-Meqlad,Naser•Al-Meqlad,ناصر•المقلد,Naser Meqlad,,,Male,1982-08-12,Madinat al-Kuwait (Kuwait City),Al-Asimah,144,,,,,,176,120,Competed in Olympic Games,Kuwait Shooting Club,,,
103835,Jorge Atalah,Jorge Nicolás Atalah Moya,Jorge•Atalah,,,,,Male,1968-10-22,Viña del Mar,Valparaíso,55,,,,,,170,70,Competed in Olympic Games,,,,
103903,Danah Al-Nasrallah,Danah Al-Nasrallah,Danah•Al-Nasrallah,دانة•النصر الله,,,,Female,1988-03-07,,,,,,,,,149,45,Competed in Olympic Games,,,,
103927,Delphine Atangana,Delphine Bertille Atangana Bodo,Delphine•Atangana,,,,,Female,1984-08-16,Yaoundé,Centre,59,,,,,,170,56,Competed in Olympic Games,"ASPTT Lille, Lille (FRA)",,,
104032,Maria Laura Almirão,Maria Laura Almirão,Maria Laura•Almirão,,,,,Female,1977-09-20,São Paulo,São Paulo,46,,,,,,162,50,Competed in Olympic Games,"Clube de Atletismo BM&F, São Caetano do Sul (BRA)",,,
104036,Amantle Montsho,Amantle Montsho (-Nkape),Amantle•Montsho,,,,,Female,1983-07-04,Mabudutsa,North West,50,,,,,,173,57,Competed in Olympic Games • Other,,,,
104037,Nataliya Antyukh,Nataliya Nikolayevna Antyukh,Nataliya•Antyukh,Наталья Николаевна•Антюх,,,,Female,1981-06-26,St. Petersburg,St. Petersburg,219,,,,,,182,69,Competed in Olympic Games,St. Peterburg Army,,,
104160,Miho Adachi,Miho Adachi,Miho•Adachi,足立•美穂,,,,Female,1979-06-19,Oita,Oita,136,,,,,,165,58,Competed in Olympic Games,,,,
104178,Mylanie Barré,Mylanie Barré,Mylanie•Barré,,,,,Female,1979-07-25,Budapest,Budapest,118,,,,,,178,58,Competed in Olympic Games,"Club de Canoë-Kayak Lac-Beauport, Lac-Beauport (CAN)",,,
104247,Karel Aguilar,Karel Aguilar Chacón,Karel•Aguilar,,,,,Male,1980-04-05,Camagüey,Camagüey,67,,,,,,175,85,Competed in Olympic Games,,,,
104408,Nili Avramski,Nili Avramski,Nili•Avramski,ילינ•יקסמרבא,,,,Female,1970-01-14,Tel Aviv,Tel Aviv,132,,,,,,162,48,Competed in Olympic Games,,,,
104443,Khalil Al-Hanahneh,Khalil Ahmed Al-Hanahneh,Khalil•Al-Hanahneh,خليل أحمد•حناحنة,,,,Male,1980-05-11,Baqa'a,Amman,135,,,,,,171,70,Competed in Olympic Games • Other,,,,
104515,Luke Adams,Luke Kendall Adams,Luke•Adams,,,,,Male,1976-10-22,Mvumi,Dodoma,263,,,,,,189,70,Competed in Olympic Games,"Bankstown Athletic Club, Sydney",,,
104549,Ibrahim Aboubaker,Ibrahim Mohamedin Aboubaker,Ibrahim•Aboubaker,إبراهيم محمدين•أبو بكر,,,,Male,1982-12-10,?,,217,,,,,,190,65,Competed in Olympic Games,Al-Rayan,,,
104625,Marko Aleksejev,Marko Aleksejev,Marko•Aleksejev,,,,,Male,1979-02-14,Tartu,Tartumaa,88,,,,,,196,80,Competed in Olympic Games,"Audentese SK, Tallinn (EST)",,,
104679,Mohamed Amyn,Mohamed Amyn,Mohamed•Amyn,محمد•أمين,,,,Male,1976-03-25,,,,,,,,,168,53,Competed in Olympic Games,,,,
104741,Romain Barras,Romain Barras,Romain•Barras,,,,,Male,1980-08-01,Calais,Pas-de-Calais,94,,,,,,194,86,Competed in Olympic Games,SO Calais GRS,,,
104742,Pavel Andreyev,Pavel Vladimirovich Andreyev,Pavel•Andreyev,Павел Владимирович•Андреев,,,,Male,1978-11-24,Toshkent,Toshkent Shahri,269,,,,,,196,94,Competed in Olympic Games,,,,
105010,Loïc Attely,Loïc Attely,Loïc•Attely,,,,,Male,1977-11-26,Cambrai,Nord,94,,,,,,178,84,Competed in Olympic Games,"Racing Club de France, Paris (FRA)",,,
105129,Georgy Balakshin,Georgy Ruslanovich Balakshin,Georgy•Balakshin,Георгий Русланович•Балакшин,,,,Male,1980-03-06,Antonovka,Respublika Sakha,219,,,,,,161,51,Competed in Olympic Games,"Dynamo Yakutsk, Yakutsk (RUS)",,,
105220,Rock Allen,Rock Allen,Rock•Allen,,,,,Male,1981-09-05,Philadelphia,Pennsylvania,268,,,,,,170,63,Competed in Olympic Games,Concrete Jungle Boxing Club,,,
105236,Vilmos Balog,Vilmos Balog,Vilmos•Balog,,,,,Male,1975-02-21,Mezőkövesd,Borsod-Abaúj-Zemplén,118,,,,,,180,69,Competed in Olympic Games,"Nyíregyházi Vasutas SC, Nyíregyháza (HUN)",,,
105317,Mohamed Aly,Mohamed Aly Reda,Mohamed•Aly,محمد•علي رضا,,,,Male,1975-02-19,Al-Qahira (Cairo),Al-Qahira,84,,,,,,190,91,Competed in Olympic Games,,,,
105411,Varvara Akritidou,Varvara Akritidou,Varvara•Akritidou,Βαρβάρα•Ακριτίδου,,,,Female,1981-07-15,Thessaloniki,Thessalia,106,,,,,,173,78,Competed in Olympic Games,Nemesis Thessaloniki,,,
105449,Moonika Aava,Moonika Aava,Moonika•Aava,,,,,Female,1979-06-19,Rakvere,Lääne-Virumaa,88,,,,,,168,65,Competed in Olympic Games,"SK Altius, Pärnu (EST)",,,
105565,Mohamed Al-Azemi,Mohamed Mutlaq Khalaf Al-Azemi,Mohamed•Al-Azemi,محمد مطلق خليفة•العازمي,,,,Male,1982-06-16,Madinat al-Kuwait (Kuwait City),Al-Asimah,144,,,,,,178,64,Competed in Olympic Games • Other,"Al-Qadsia, Madinat al-Kuwait (KUW)",,,
105626,Bang Gwi-Man,Bang Gwi-Man,Bang•Gwi-Man,방•귀만,Bang Gui-Man,,Oriental,Male,1983-05-04,,,,,,,,,170,66,Competed in Olympic Games,,,,
105641,Lavrentis Alexanidis,Lavrentis Alexanidis,Lavrentis•Alexanidis,Λαυρέντης•Αλεξανίδης,,,,Male,1978-03-10,?,,99,,,,,,171,65,Competed in Olympic Games,Filippos Amideou,,,
105756,Viky Arvaniti,"Vasiliki ""Viky"" Arvaniti",Viky•Arvaniti,"Βασιλική ""Βίκυ""•Αρβανίτη",,,,Female,1985-03-17,Athina (Athens),Attiki,106,,,,,,177,68,Competed in Olympic Games,,,,
105839,Aivaras Baranauskas,Aivaras Baranauskas,Aivaras•Baranauskas,,,,,Male,1980-04-06,Alytus,Alytus,160,,,,,,189,85,Competed in Olympic Games,"Sidabrine Strele, Klaipeda",,,
105911,Margit Appelt,Margit Appelt,Margit•Appelt,,,,,Female,1975-01-14,Wien (Vienna),Wien,31,,,,,,169,57,Competed in Olympic Games,"Reitverein Inntal, Tirol",,,
105986,Emmanouela Athanasiadi,Emmanouela Athanasiadi,Emmanouela•Athanasiadi,Εμμανουέλα•Αθανασιάδη,,,,Female,1965-04-03,,,,,,,,,176,65,Competed in Olympic Games,,,,
106054,Oana Ban,Oana Mihaela Ban (-Grigore),Oana•Ban,,,,,Female,1986-01-11,Cluj-Napoca,Cluj,218,,,,,,139,36,Competed in Olympic Games,"Liceul Sportiv Deva, Deva (ROU)",,,
106123,Maria Apostolidi,Maria Apostolidi,Maria•Apostolidi,Μαρία•Αποστολίδη,,,,Female,1988-12-30,Athina (Athens),Attiki,106,,,,,,150,39,Competed in Olympic Games,FS Panionios,,,
106161,Thomas Andergassen,Thomas Andergassen,Thomas•Andergassen,,,,,Male,1980-02-20,Lindau im Bodensee,Bayern,72,,,,,,166,62,Competed in Olympic Games,"MTV Stuttgart, Stuttgart (GER)",,,
106174,Matteo Angioletti,Matteo Angioletti,Matteo•Angioletti,,,,,Male,1980-11-08,Monza,Monza e Brianza,133,,,,,,162,71,Competed in Olympic Games,Ginnastica Meda,,,
106266,Wayne Arthurs,Wayne Arthurs,Wayne•Arthurs,,,,,Male,1971-03-18,Adelaide,South Australia,30,,,,,,191,80,Competed in Olympic Games,,,,
106318,Raouf Abdou,Raouf Abdou,Raouf•Abdou,رؤوف•عبدو,,,,Male,1981-12-01,Al-Qahira (Cairo),Al-Qahira,84,,,,,,165,60,Competed in Olympic Games,"Nasr City Sporting Club, El-Qahira (Cairo)",,,
106423,Khalid Al-Harbi,Khalid Al-Harbi,Khalid•Al-Harbi,خالد•الحربي,,,,Male,1975-07-10,Qassem,,222,,,,,,175,73,Competed in Olympic Games,"Al-Ahli, Jeddah",,,
106545,Mohammad Babulfath,Mohammad Reza Babulfath,Mohammad•Babulfath,,,,,Male,1978-11-17,Tehran,Tehran,129,,,,,,174,74,Competed in Olympic Games,"Spårvägens IK, Stockholm (SWE)",,,
106754,Larissa Barata,Larissa Maia Barata,Larissa•Barata,,,,,Female,1987-03-31,Salvador,Bahia,46,,,,,,160,43,Competed in Olympic Games,Arqui Clube,,,
106786,Justyna Banasiak,Justyna Banasiak (-Konieczny),Justyna•Banasiak,,,,,Female,1986-05-02,Szczecin,Zachodniopomorskie,207,,,,,,169,49,Competed in Olympic Games,MKS Kusy Szczecin,,,
107021,Maya Arusi,Maya Arusi,Maya•Arusi,מאיה•ערוסי,,,,Female,1982-10-17,,,,,,,,,160,49,Competed in Olympic Games,Amos Lod,,,
107026,Sangina Baidya,Sangina Baidya,Sangina•Baidya,,,,,Female,1974-12-29,Kathmandu,Bagmati,195,,,,,,161,48,Competed in Olympic Games • Other,"Central Dojang, Kathmandu (NEP)",,,
107343,David Andersen,David Emil Andersen,David•Andersen,,,,,Male,1980-06-23,Charlton,Victoria,30,,,,,,211,102,Competed in Olympic Games,"Polisportiva Mens Sana, Siena (ITA) / CSKA Moskva, Moskva (RUS) / Melbourne United, Melbourne (AUS)",,,
107418,Carmelo Anthony,Carmelo Kyam Anthony,Carmelo•Anthony,,,Melo,,Male,1984-05-29,New York,New York,268,,,,,,203,109,Competed in Olympic Games,"Denver Nuggets, Denver (USA) / New York Knicks, New York (USA)",,,
107508,Ivano Balić,Ivano Balić,Ivano•Balić,,,,,Male,1979-04-01,Split,Splitsko-dalmatinska županija,116,,,,,,190,96,Competed in Olympic Games • Other,"RK Metković, Metković (CRO) / SDC San Antonio, Pamplona (ESP) / RK Zagreb, Zagreb (CRO)",,,
107533,Joël Abati,Joël Marc Abati,Joël•Abati,,,Le Révérend,,Male,1970-04-25,Fort-de-France,Martinique,94,,,,,,190,85,Competed in Olympic Games,"SC Magdeburg, Magdeburg (GER) / Montpellier HB, Montpellier (FRA)",,,
107610,Nair Almeida,Nair Felipe Pires de Almeida,Nair•Almeida,,,,,Female,1984-01-23,Catumbela,Benguela,21,,,,,,181,69,Competed in Olympic Games,"Desportivo da Enana, Luanda (ANG) / Petro Atlético, Luanda (ANG) / 1º de Agosto, Luanda (ANG)",,,
107623,Alexandra Nascimento,Alexandra Priscila Do Nascimento Martínez,Alexandra•Nascimento,,,Alê,,Female,1981-09-16,Limeira,São Paulo,46,,,,,,177,68,Competed in Olympic Games,"Hypo Niederösterreich, Maria Enzersdorf (AUT) / Bourg de Péage Drôme Handball, Bourg-de-Péage (FRA)",,,
107638,Kristine Andersen,Kristine Andersen,Kristine•Andersen,,Kristine Frøsig-Andersen,,,Female,1976-04-02,Aalborg,Nordjylland,75,,,,,,172,72,Competed in Olympic Games • Non-starter,"Ikast-Bording, Ikast (DEN)",,,
107841,David Alegre,David Alegre Biosca,David•Alegre,,,,,Male,1984-09-06,Barcelona,Barcelona,87,,,,,,184,75,Competed in Olympic Games,"Club Egara, Terrassa (ESP) / RC Polo, Barcelona (ESP)",,,
107903,Shakeel Abbasi,Shakeel Abbasi,Shakeel•Abbasi,شكيل•عباسي,,,,Male,1984-01-05,Quetta,Balochistan,201,,,,,,165,60,Competed in Olympic Games,PTCL Abbot Abal/Naeem/SSG Quetta,,,
107905,Ghazanfar Ali,Ghazanfar Ali,Ghazanfar•Ali,,,,,Male,1978-02-02,Arifwala,"Pakpattan, Punjab",201,,,,,,175,72,Competed in Olympic Games,"PTCL, Lahore",,,
108167,Pavel Abramov,Pavel Sergeyevich Abramov,Pavel•Abramov,Павел Сергеевич•Абрамов,,,,Male,1979-04-23,Moskva (Moscow),Moskva,219,,,,,,198,89,Competed in Olympic Games,"Toray Arrows, Hiroshima, JPN",,,
108327,Omar Amr,Omar Amr,Omar•Amr,,,,,Male,1974-09-20,Bellflower,California,268,,,,,,180,92,Competed in Olympic Games,"Newport Water Polo Foundation, Newport Beach (USA)",,,
108370,Malindi Elmore,Malindi Elmore,Malindi•Elmore,,,,,Female,1980-03-13,Kelowna,British Columbia,52,,,,,,168,53,Competed in Olympic Games,Asics,,,
108406,Neyde Barbosa,Neyde Marisa Pina Barbosa,Neyde•Barbosa,,,,,Female,1980-09-23,Benguela,Benguela,21,,,,,,175,87,Competed in Olympic Games,"Desportivo da Enana, Luanda (ANG) / Petro Atlético, Luanda (ANG)",,,
109922,Tadeusz Adamski,Tadeusz Adamski,Tadeusz•Adamski,,,,,Male,1922-07-19,Poznań,Wielkopolskie,207,,2001-07-28,Poznań,Wielkopolskie,207,,,Competed in Olympic Games,,,,
110025,Johanna Almgren,Johanna Maria-Therese Almgren,Johanna•Almgren,,,JoJo,,Female,1984-03-22,Borås,Västra Götaland,240,,,,,,170,62,Competed in Olympic Games,"Göteborg FC, Göteborg (SWE)",,,
110199,Onyekachi Apam,Onyekachi Apam,Onyekachi•Apam,,,,,Male,1986-12-30,Aba,Abia,191,,,,,,180,79,Competed in Olympic Games,"OGC Nice, Nice (FRA)",,,
110525,Júlio Almeida,Júlio Antonio de Sourza e Almeida,Júlio•Almeida,,,July,,Male,1969-09-23,Rio de Janeiro,Rio de Janeiro,46,,,,,,180,90,Competed in Olympic Games,Air Force Academy Shooting Club,,,
110590,Fatoumata Bagayoko,Fatoumata Bagayoko,Fatoumata•Bagayoko,,,,,Female,1988-05-23,Bamako,Bamako,175,,,,,,178,,Competed in Olympic Games,"Djoliba AC, Bamako (MLI)",,,
110675,Jean Renaud Adde,Jean Renaud Adde,Jean Renaud•Adde,,,,,Male,1970-10-24,Bourg-la-Reine,Hauts-de-Seine,94,,,,,,181,70,Competed in Olympic Games,Feucheres Competition,,,
110716,Sasha Artemev,"Alexander Vladimirovich ""Sasha"" Artemev",Sasha•Artemev,,"Aliaksandr Uladzimiravich Artsemeu, Аляксандр Уладзіміравіч Арцемеў",,,Male,1985-08-29,Minsk,Minsk,42,,,,,,168,,Competed in Olympic Games,5280 Gymnastics/Team Chevron,,,
110839,An Jeong-Hwa,An Jeong-Hwa,An•Jeong-Hwa,안•정화,An Jung-Hwa,,Oriental,Female,1981-02-20,,,,,,,,,162,62,Competed in Olympic Games,Daegu Metropolitan City Hall,,,
110885,Mouni Abderrahim,Mouni Abderrahim,Mouni•Abderrahim,موني•عبد الرحيم,,,,Female,1985-11-19,Béjaïa,Béjaïa,77,,,,,,173,60,Competed in Olympic Games,"ASW Béjaïa, Béjaïa (ALG)",,,
110911,Jayce Andrade,Jayce Josefina Andrade Andrade,Jayce•Andrade,,,,,Female,1984-05-19,?,Zulia,271,,,,,,188,72,Competed in Olympic Games,Zulia,,,
110920,Erika Araki,Erika Araki (-Shinomiya),Erika•Araki,荒木•絵里香,,,,Female,1984-08-03,Kurashiki,Okayama,136,,,,,,186,78,Competed in Olympic Games,"Toray Arrows, Otsu (JPN) / Toyota Auto Body Queenseis, Kariya (JPN)",,,
111102,Anastasiya Aksenova,Anastasiya Sergeyevna Aksenova,Anastasiya•Aksenova,Анастасия Сергеевна•Аксенова,,,,Female,1990-03-05,Ukhta,Respublika Komi,219,,,,,,182,65,Competed in Olympic Games,Russian Army Sports Club,,,
111175,Filip Adamski,Filip Kamil Adamski,Filip•Adamski,,,,,Male,1983-01-05,Wrocław,Dolnośląskie,207,,,,,,189,87,Competed in Olympic Games,"Mannheimer RG Baden, Mannheim (GER)",,,
111182,David Banks,David Banks,David•Banks,,,,,Male,1983-08-30,Washington,District of Columbia,268,,,,,,188,87,Competed in Olympic Games,USRowing Training Center,,,
111233,Pablo Abián,Pablo Abián Vicen,Pablo•Abián,,,,,Male,1985-06-12,Calatayud,Zaragoza,87,,,,,,177,68,Competed in Olympic Games,"CB Paracuellos, Paracuellos del Jarama (ESP)",,,
111249,Agnese Allegrini,Agnese Allegrini,Agnese•Allegrini,,,,,Female,1982-07-03,Roma,Roma,133,,,,,,162,57,Competed in Olympic Games,BC Milano,,,
111311,Kentaro Asahi,Kentaro Asahi,Kentaro•Asahi,朝日•健太郎,,,,Male,1975-09-19,Kumamoto,Kumamoto,136,,,,,,199,95,Competed in Olympic Games,Chintai,,,
111363,Yuri Alvear,Yuri Alvear Orejuela,Yuri•Alvear,,,,,Female,1986-03-29,Jamundí,Valle del Cauca,62,,,,,,176,70,Competed in Olympic Games • Other,,,,
111418,An Kum-Ae,An Kum-Ae,An•Kum-Ae,안•금애,,,Oriental,Female,1980-06-03,Pyeongyang,Pyeongyang,210,,,,,,160,52,Competed in Olympic Games,,,,
111439,Hassane Azzoun,Hassane Azzoun,Hassane•Azzoun,حسان•عزون,,,,Male,1979-09-28,,,,,,,,,188,100,Competed in Olympic Games,,,,
111521,Safouane Attaf,Safouane Attaf,Safouane•Attaf,صفوان•عطاف,,,,Male,1984-03-09,Kénitra,Rabat-Salé-Kénitra,165,,,,,,178,81,Competed in Olympic Games,,,,
111543,Marlon August-Acácio,Marlon August-Acácio,Marlon•August-Acácio,,,,,Male,1982-07-09,Johannesburg,Gauteng,280,,,,,,180,81,Competed in Olympic Games,"TuksSport, Pretoria (RSA)",,,
111558,Ne'matullo Asronqulov,Ne'matullo Asronqulov,Ne'matullo•Asronqulov,Неъматулло•Асронқулов,,,,Male,1982-04-01,Rudaki district,Nohijahoi Tobei Çumhuri,251,,,,,,188,90,Competed in Olympic Games,,,,
111672,Hosam Bakr Abdin,Hosam Bakr Hosam Abdin,Hosam•Bakr Abdin,حسام•بكر حسام عابدين,,,,Male,1985-10-26,Bur Said (Port Said),Bur Said,84,,,,,,178,69,Competed in Olympic Games,,,,
111734,Merey Akshalov,Merey Akshalov,Merey•Akshalov,Мерей Толегенович•Акшалов,"Merey Aqşalov, Мерей Ақшалов",,,Male,1988-05-08,Astana,Astana,137,,,,,,179,60,Competed in Olympic Games,,,,
111775,Paddy Barnes,"Patrick Gerard ""Paddy"" Barnes",Paddy•Barnes,,,The Leprechaun,,Male,1987-04-09,Armoy,Northern Ireland,98,,,,,,163,49,Competed in Olympic Games • Other,"Holy Family Boxing Club, Belfast (GBR)",,,
111808,Mohamed Arjaoui,Mohamed Al-Arjaoui,Mohamed•Arjaoui,محمد•العرجاوي,,,,Male,1987-06-06,Mohammédia,Casablanca-Settat,165,,,,,,185,91,Competed in Olympic Games,"CM Mohammédia, Mohammédia (MAR)",,,
112294,David Barlow,David Barlow,David•Barlow,,,,,Male,1983-10-22,Melbourne,Victoria,30,,,,,,205,97,Competed in Olympic Games,"Melbourne Tigers, Melbourne (AUS) / CB Murcia, Murcia (ESP)",,,
112346,Amir Amini,Amir Amini,Amir•Amini,امیر•امینی,,,,Male,1984-06-10,Ray,Tehran,129,,,,,,190,83,Competed in Olympic Games,"Kaveh Tehran BC, Tehran (IRI)",,,
112497,Luc Abalo,Luc Kangny Abalo,Luc•Abalo,,,Lucio,,Male,1984-09-06,Ivry-sur-Seine,Val-de-Marne,94,,,,,,182,86,Competed in Olympic Games,"US Ivry, Ivry-sur-Seine (FRA) / Atlético de Madrid, Madrid (ESP)",,,
112504,Mirko Alilović,Mirko Alilović,Mirko•Alilović,,,,,Male,1985-09-15,Ljubuški,Zapadnohercegovački kanton,41,,,,,,200,110,Competed in Olympic Games,"CB Ademar, León (ESP) / KC Veszprém, Veszprém (HUN)",,,
112603,Richard Alexander,Richard Ian M. Alexander,Richard•Alexander,,,Ratman,,Male,1981-09-15,Homersfield,England,98,,,,,,168,80,Competed in Olympic Games,"Surbiton Hockey Club, Long Ditton (GBR)",,,
112646,Ryan Archibald,Ryan Archibald,Ryan•Archibald,,,,,Male,1980-09-01,Auckland,Auckland,197,,,,,,186,78,Competed in Olympic Games,"HC Rotterdam, Rotterdam (NED) / Auckland Hockey, Auckland (NZL)",,,
112682,Teneal Attard,Teneal Attard,Teneal•Attard,,,,,Female,1985-03-16,Mackay,Queensland,30,,,,,,161,59,Competed in Olympic Games,"Willetton Hockey Club, Perth",,,
112824,Stavroula Antonakou,Stavroula Antonakou,Stavroula•Antonakou,Σταυρούλα•Αντωνάκου,,,,Female,1982-05-02,,,,,,,,,170,57,Competed in Olympic Games,"Ethnikos GS, Athina (GRE)",,,
112996,Mohamed Badawy,Mohamed Badawy Moneim,Mohamed•Badawy,محمد•بدوي,,,,Male,1986-01-11,Al-Jizah (Giza),Al-Jizah,84,,,,,,195,91,Competed in Olympic Games,"Zamalek SC, Al-Jizah (EGY)",,,
113115,Merve Aydın,Merve Aydın,Merve•Aydın,,,,,Female,1990-03-17,İstanbul,İstanbul,261,,,,,,170,57,Competed in Olympic Games,"Fenerbahçe SK, İstanbul (TUR) / Enka Spor Kulubü, İstanbul (TUR)",,,
113129,Yarelis Barrios,Yarelis Barrios Castañeda,Yarelis•Barrios,,,,,Female,1983-07-12,Pinar del Río,Pinar del Río,67,,,,,,172,89,Competed in Olympic Games,,,,
113427,Inna Eftimova,Inna Lyubomirova Eftimova,Inna•Eftimova,Инна Любомирова•Ефтимова,,,,Female,1988-06-19,Sofia,Sofia Grad,38,,,,,,168,57,Competed in Olympic Games,Khimik Kostinbrod (BUL) / Danube Ruse (BUL),,,
113479,Charlene Attard,Charlene Maria Attard,Charlene•Attard,,,,,Female,1987-01-31,Pietà,Tal-Pietà,176,,,,,,167,60,Competed in Olympic Games,Pembroke Athleta,,,
113602,Aleksandra Antonova,Aleksandra Viktorovna Antonova,Aleksandra•Antonova,Александра Викторовна•Антонова,,,,Female,1980-03-24,Moskva (Moscow),Moskva,219,,,,,,160,58,Competed in Olympic Games,"Trade Unions, Moskva",,,
113659,Lee Hup Wei,Lee Hup Wei,Lee•Hup Wei,,,,Oriental,Male,1987-05-05,Kajang,Selangor,186,,,,,,178,62,Competed in Olympic Games,,,,
113678,Ayad Lamdassem,Ayad Lamdassem El Mouhcin,Ayad•Lamdassem,,,,,Male,1981-10-11,Sidi Ifni,Guelmim-Oued Noun,165,,,,,,172,52,Competed in Olympic Games,Aseficán Piélagos,,,
113735,Dimitrios Tsiamis,Dimitrios Tsiamis,Dimitrios•Tsiamis,Δημήτρης•Τσιάμης,,,,Male,1982-01-12,Karditsa,Thessalia,106,,,,,,178,67,Competed in Olympic Games,Thanasis Siointris Atomiko (GRE) / Olympiacos (GRE),,,
113745,Arnaldo Abrantes,Arnaldo Luís Isaías Abrantes,Arnaldo•Abrantes,,,,,Male,1986-11-27,Almada,Distrito de Setúbal,211,,,,,,183,72,Competed in Olympic Games,"Sporting CP, Lisboa (POR) / SL Benfica, Lisboa (POR)",,,
113797,Mohamed Al-Thawadi,Mohamed Issa Al-Thawadi,Mohamed•Al-Thawadi,محمد عيسى•الذوادي,,,,Male,1981-11-18,,,,,,,,,175,75,Competed in Olympic Games,,,,
113802,Bianca Perie-Ghelber,Bianca Florentina Perie-Ghelber,Bianca•Perie-Ghelber,,,Bia,,Female,1990-06-01,Roman,Neamț,218,,,,,,170,70,Competed in Olympic Games,SCM Bacau (ROU) / CSA Steaua Bucuresti (ROU),,,
113829,Mariya Abakumova,Mariya Vasilyevna Abakumova (-Tarabina),Mariya•Abakumova,Мария Васильевна•Абакумова (-Тарабинa),,,,Female,1986-01-15,Stavropol,Stavropol Kray,219,,,,,,179,80,Competed in Olympic Games,"Russian Army, Stavropol",,,
114031,Juan Luis Barrios,Juan Luis Barrios Nieves,Juan Luis•Barrios,,,,,Male,1983-06-24,Ciudad de México (Mexico City),Ciudad de México,171,,,,,,173,65,Competed in Olympic Games,Nike-Mexico,,,
114084,Jangy Addy,Jangy McKinley Addy,Jangy•Addy,,,,,Male,1985-03-02,Sacramento,California,268,,,,,,188,88,Competed in Olympic Games • Other,"Tennessee Volunteers, Knoxville (USA)",,,
114158,Yared Asmerom,Yared Asmerom Tesfit,Yared•Asmerom,,,,,Male,1980-02-04,Asmara,Maekel,86,,,,,,171,58,Competed in Olympic Games,,,,
114402,Becky Adlington,"Rebecca ""Becky"" Adlington (-Needs -Parsons)",Becky•Adlington,,,,,Female,1989-02-17,Mansfield,England,98,,,,,,179,70,Competed in Olympic Games,"Nova Centurion, Nottingham (GBR)",,,
114403,Bronte Barratt,Bronte Amelia Arnold Barratt,Bronte•Barratt,,,"Bron Bron, B, Bront, Baz",,Female,1989-02-08,Brisbane,Queensland,30,,,,,,171,59,Competed in Olympic Games,"Albany Creek Swim Club, Albany Creek (AUS)",,,
114404,Coralie Balmy,Coralie Pauline Zélie Balmy,Coralie•Balmy,,,,,Female,1987-06-02,La Trinité,Martinique,94,,,,,,180,67,Competed in Olympic Games,"Dauphins du TOEC, Toulouse (FRA)",,,
114476,Jakob Andkjær,Jakob Schiøtt Andkjær,Jakob•Andkjær,,,,,Male,1985-05-07,Vallensbæk,Hovedstaden,75,,,,,,201,85,Competed in Olympic Games,"VI39, Vallensbæk (DEN) / Auburn Tigers, Auburn, Alabama (USA)",,,
114576,Mohamed Attoumane,Mohamed Attoumane,Mohamed•Attoumane,محمد•عتماني,,,,Male,1981-09-09,Iconi,Grande Comore,63,,,,,,,,Competed in Olympic Games,,,,
114655,Monika Babok,Monika Babok,Monika•Babok,,,,,Female,1991-11-30,Zagreb,Grad Zagreb,116,,,,,,176,65,Competed in Olympic Games,"PK Sisak, Sisak (CRO)",,,
114728,Jennifer Abel,Jennifer Abel,Jennifer•Abel,,,,,Female,1991-08-23,Montréal,Québec,52,,,,,,160,62,Competed in Olympic Games,"CAMO Natation, Montréal (CAN)",,,
114796,Olivia Allison-Federici,Olivia Elizabeth N. Allison-Federici,Olivia•Allison-Federici,,,Olive,,Female,1990-02-13,Plymouth,England,98,,,,,,169,54,Competed in Olympic Games,"Rushmoor Synchro, Aldershot (GBR)",,,
114810,Reem Abdalazem,Reem Wa'il Abdalazem Abdalazem El-Bossaty,Reem•Abdalazem,عبد العظيم اﻟﺒﺴﺎطﻲ•عبد العظيم,,,,Female,1992-11-25,Al-Jizah (Giza),Al-Jizah,84,,,,,,167,60,Competed in Olympic Games,"Gezira Sporting Club, Al-Qahira (EGY)",,,
114846,Hagar Badran,Hagar Badran,Hagar•Badran,هاجر•بدران,,,,Female,1989-05-20,?,,84,,,,,,,,Competed in Olympic Games,,,,
114894,Courtney Atkinson,Courtney Atkinson,Courtney•Atkinson,,,,,Male,1979-08-15,Mackay,Queensland,30,,,,,,176,68,Competed in Olympic Games,Leeds Metropolitan University,,,
115202,Adnan Aliev,Adnan Aliev,Adnan•Aliev,Аднан•Алиев,,,,Male,1983-11-14,Asenovgrad,Plovdiv,38,,,,,,182,85,Competed in Olympic Games,"Asenovets, Asenovgrad (BUL)",,,
115356,Prince Abdullah Al-Saud,Prince Abdullah Bin Moteb Al-Saud,Prince Abdullah•Al-Saud,الأمير عبد الله•بن متعب آل سعود,,,,Male,1984-10-13,Ar-Riyad,Ar-Riyad,222,,,,,,178,69,Competed in Olympic Games,,Prince,,
115478,Gábor Balog,Gábor Balog,Gábor•Balog,,,,,Male,1990-09-02,Békéscsaba,Békes,118,,,,,,186,80,Competed in Olympic Games,Dunaferr SE (HUN) / Győri Sportegyesület (HUN),,,
115557,Ngoni Makusha,"Ngonidzashe ""Ngoni"" Makusha",Ngoni•Makusha,,,,,Male,1987-03-11,?,,282,,,,,,168,70,Competed in Olympic Games,"Florida State Seminoles, Tallahassee (USA)",,,
115640,Marcia Andrades,Marcia Yuleisi Andrades Mendoza,Marcia•Andrades,,,,,Female,1982-09-20,,,,,,,,,157,55,Competed in Olympic Games,,,,
115643,Marwa Amri,Marwa Al-Amri,Marwa•Amri,مروى•العامري,,,,Female,1989-01-08,Tunis,Tunis,260,,,,,,160,58,Competed in Olympic Games,"Megrine, Tunis",,,
115672,Dylan Armstrong,Dylan Armstrong,Dylan•Armstrong,,,,,Male,1981-01-15,Kamloops,British Columbia,52,,,,,,190,125,Competed in Olympic Games,"Kamloops TFC, Kamloops (CAN)",,,
115727,Serhat Balcı,Serhat Balcı,Serhat•Balcı,,,,,Male,1982-03-15,İstanbul,İstanbul,261,,,,,,183,96,Competed in Olympic Games,"Amasya Şeker, Amasya (TUR) / Sancaktepe Belediyesi, İstanbul (TUR)",,,
115890,Gaby Ahrens,Gaby Diana Ahrens,Gaby•Ahrens,,,Gabz,,Female,1981-03-15,Windhoek,Khomas,188,,,,,,169,60,Competed in Olympic Games • Other,Namibia Olympic Shotgun Club,,,
115939,Samy Abdel Razek,Samy Abdel Razek,Samy•Abdel Razek,سامي•عبد الرازق,,,,Male,1980-04-10,?,,84,,,,,,170,60,Competed in Olympic Games,,,,
116047,Rasul Abduraim,Rasul Abduraim,Rasul•Abduraim,Расул•Абдураим,,,,Male,1988-12-13,Panfilov district,Chuy,139,,,,,,183,80,Competed in Olympic Games,,,,
116176,Kevin Anderson,Kevin Anderson,Kevin•Anderson,,,,,Male,1986-05-18,Johannesburg,Gauteng,280,,,,,,200,86,Competed in Olympic Games,,,,
116211,Sybille Bammer,Sybille Bammer,Sybille•Bammer,,,,,Female,1980-04-27,Linz,Oberösterreich,31,,,,,,174,64,Competed in Olympic Games,Kornspitz Team Oberösterreich,,,
116228,Timea Bacsinszky,Timea Bacsinszky,Timea•Bacsinszky,,,,,Female,1989-06-08,Lausanne,Vaud,54,,,,,,170,62,Competed in Olympic Games,,,,
116268,Kseniya Afanasyeva,Kseniya Dmitriyevna Afanasyeva,Kseniya•Afanasyeva,Ксения Дмитриевна•Афанасьева,,,,Female,1991-09-13,Tula,Tula,219,,,,,,158,48,Competed in Olympic Games,"CSKA, Khimki (RUS)",,,
116291,Jade Barbosa,Jade Fernandes Barbosa,Jade•Barbosa,,,,,Female,1991-07-01,Rio de Janeiro,Rio de Janeiro,46,,,,,,151,45,Competed in Olympic Games,"Flamengo, Rio de Janeiro (BRA)",,,
116362,Marina Alabau,Marina Alabau Neira,Marina•Alabau,,,,,Female,1985-08-31,Sevilla (Seville),Sevilla,87,,,,,,164,55,Competed in Olympic Games,"CN Sevilla, Sevilla (ESP)",,,
116391,Jo Aleh,"Joanna Ayela ""Jo"" Aleh",Jo•Aleh,,,Jox,,Female,1986-05-15,Auckland,Auckland,197,,,,,,171,58,Competed in Olympic Games,Takapuna Boating Club,,,
116408,Francisco Andrade,Francisco Catalão Rebelo Andrade,Francisco•Andrade,,,,,Male,1980-08-06,Rio de Janeiro,Rio de Janeiro,46,,,,,,172,83,Competed in Olympic Games,"CN Cascais, Cascais (POR)",,,
117566,David King,David Steven King,David•King,,,,,Male,1984-05-08,Carlisle,England,98,,,,,,184,74,Competed in Olympic Games,"MKS Axel Toruń, Toruń (POL) / Southwest Florida FSC, Ellenton, Florida (USA)",,,
118324,Cheryl Abplanalp,Cheryl Abplanalp (-Thompson),Cheryl•Abplanalp,,,,,Female,1972-06-01,Bryn Mawr,Pennsylvania,268,,,,,,174,68,Competed in Olympic Games,,,,
118362,Ayman Kozhakhmetova-Ratova,Ayman Bulatovna Kozhakhmetova-Ratova,Ayman•Kozhakhmetova-Ratova,Айман Болатовна•Кожахметова-Ратова,,,,Female,1991-04-23,Taldykorgan,Almaty Oblysy,137,,,,,,168,57,Competed in Olympic Games,,,,
118419,Isaac Palma,Isaac Antonio Palma Olivares,Isaac•Palma,,,,,Male,1990-10-26,Zitácuaro,Michoacán,171,,,,,,174,69,Competed in Olympic Games,,,,
118456,Irfan Kolothum Thodi,Irfan Kolothum Thodi,Irfan Kolothum•Thodi,,,KT,,Male,1990-02-08,Kizhuparamba,Kerala,126,,,,,,170,79,Competed in Olympic Games,,,,
118480,Cam Levins,"Cameron ""Cam"" Levins",Cam•Levins,,,,,Male,1989-03-28,Campbell River,British Columbia,52,,,,,,178,65,Competed in Olympic Games,"Southern Utah Thunderbirds, Cedar City (USA) / Comox Valley Cougars, Courtenay (CAN)",,,
118513,Arturo Rojas,Arturo Bruno Rojas da Silva,Arturo•Rojas,,,,,Male,1993-05-27,Cochabamba,Cochabamba,45,,,,,,183,67,Competed in Olympic Games • Competed in Youth Olympic Games • Other,,,,
118535,Serge Ambomo,Serge Ambomo,Serge•Ambomo,,,,,Male,1986-07-02,Ngoksa,Centre,59,,,,,,,,Competed in Olympic Games,,,,
118573,Alade Aminu,"Abdul Wahab ""Alade"" Aminu",Alade•Aminu,,,,,Male,1987-09-14,Atlanta,Georgia,268,,,,,,210,102,Competed in Olympic Games,"Élan Chalon, Chalon-sur-Saône (FRA)",,,
118595,Artur Akhmatkhuzin,Artur Kamilevich Akhmatkhuzin,Artur•Akhmatkhuzin,Артур Камилевич•Ахматхузин,,,,Male,1988-05-21,Alegazovo,Respublika Bashkortostan,219,,,,,,187,79,Competed in Olympic Games,"CSKA (Armed Forces), Russia",,,
118680,Diana Antonova,Diana Ivanovna Antonova,Diana•Antonova,Диана Ивановна•Антонова,,,,Female,1993-01-17,Namangan,Namangan,269,,,,,,168,50,Competed in Olympic Games,,,,
118804,Ilya Shkurenyov,Ilya Yuryevich Shkurenyov,Ilya•Shkurenyov,Илья Юрьевич•Шкуренёв,,,,Male,1991-01-11,Linyovo,Volgograd,219,,,,,,191,82,Competed in Olympic Games,,,,
118933,Sergey Shubenkov,Sergey Vladimirovich Shubenkov,Sergey•Shubenkov,Сергей Владимирович•Шубенков,,,,Male,1990-10-04,Barnaul,Altay Kray,219,,,,,,190,75,Competed in Olympic Games • Non-starter,"Lokomotiv, Russia",,,
118956,Hansle Parchment,Hansle George Parchment,Hansle•Parchment,,,,,Male,1990-06-17,?,Saint Thomas,134,,,,,,196,90,Competed in Olympic Games • Other,"University of the West Indies, Kingston, JAM",,,
118970,Nabil Al-Garbi,Nabil Mohammed Al-Garbi,Nabil•Al-Garbi,نبيل محمد•الغربي,,,,Male,1993-11-03,Dhamar,Dhamar,279,,,,,,175,65,Competed in Olympic Games • Other,"Salam Maabar Atletics Club, Yemen DR",,,
119003,Takamasa Anai,Takamasa Anai,Takamasa•Anai,穴井•隆将,,,,Male,1984-08-05,Oita,Oita,136,,,,,,187,100,Competed in Olympic Games,"Tenri University Judo Club, Tenri, JPN",,,
119027,Yukiya Arashiro,Yukiya Arashiro,Yukiya•Arashiro,新城•幸也,,,,Male,1984-09-22,Ishigaki,Okinawa,136,,,,,,171,64,Competed in Olympic Games,"Direct Energie, (FRA) / Lampre-Merida, (ITA)",,,
119044,Elizabeth Andiego,Elizabeth Adhiambo Andiego,Elizabeth•Andiego,,,,,Female,1986-08-21,Nairobi,Nairobi,138,,,,,,172,75,Competed in Olympic Games,,,,
119104,Hitomi Niiya,Hitomi Niiya,Hitomi•Niiya,新谷•仁美,,,,Female,1988-02-26,Soja,Okayama,136,,,,,,165,44,Competed in Olympic Games,"JAAF Chiba/Universal Entertainment, Chiba, JPN",,,
119108,Ayako Kimura,Ayako Kimura,Ayako•Kimura,木村•文子,,,,Female,1988-06-11,Hiroshima,Hiroshima,136,,,,,,168,52,Competed in Olympic Games,"Edion, Hiroshima, JPN",,,
119204,Alin Alexuc,Alin Alexuc-Ciurariu,Alin•Alexuc,,,,,Male,1990-02-03,Botoșani,Botoșani,218,,,,,,191,105,Competed in Olympic Games,"CS Botoșani, Botoșani (ROU) / CS Dinamo Bucuresti (ROU)",,,
119326,Zourah Ali,Zourah Mohamed Ali,Zourah•Ali,زهره محمد•علي,,,,Female,1994-11-23,Ali Sabieh,Ali Sabieh,73,,,,,,162,53,Competed in Olympic Games • Competed in Youth Olympic Games • Other,"Republican Guard, Djibouti (DJI)",,,
119359,Eivind Henriksen,Eivind Prestegård Henriksen,Eivind•Henriksen,,,,,Male,1990-09-14,Oslo,Oslo,194,,,,,,191,105,Competed in Olympic Games,"IK Tjalve, Oslo",,,
119373,Ida Alstad,Ida Alstad,Ida•Alstad,,,,,Female,1985-06-13,Trondheim,Trøndelag,194,,,,,,172,60,Competed in Olympic Games,"Byåsen IL, Trondheim (NOR)",,,
119398,Anastasiya Mironchyk-Ivanova,Anastasiya Siarheyeuna Mironchyk-Ivanova,Anastasiya•Mironchyk-Ivanova,Анастасія Сяргееўна•Мірончык-Іванова,"Anastasiya Sergeyevna Mironchik-Ivanova, Анастасия Сергеевна Мирончик-Иванова",,,Female,1989-04-13,Slutsk,Minsk Voblast,42,,,,,,171,53,Competed in Olympic Games,"FK Dinamo Minsk, Minsk (BLR)",,,
119461,Amy Atkinson,Amy Atkinson,Amy•Atkinson,,,,,Female,1989-08-05,Ruit,"Ostfildern, Baden-Württemberg",72,,,,,,165,55,Competed in Olympic Games,,,,
119542,Rand Al-Mashhadani,Rand Saad Mahmood Al-Mashhadani,Rand•Al-Mashhadani,رند سعد محمود•المشهداني,,,,Female,1994-08-11,Baghdad,Baghdad,130,,,,,,160,50,Competed in Olympic Games,"Al-Shorta, Baghdad (IRQ)",,,
119548,Shane Brathwaite,Shane Rashad Brathwaite,Shane•Brathwaite,,,,,Male,1990-02-08,Bridgetown,Saint Michael,47,,,,,,182,77,Competed in Olympic Games,"Texas Tech Red Raiders, Lubbock (USA)",,,
119602,Johnathan Akinyemi,Johnathan Peter Akinyemi,Johnathan•Akinyemi,,,,,Male,1988-11-22,Warrington,England,98,,,,,,188,85,Competed in Olympic Games,,,,
119772,Traves Smikle,Traves Jamie Smikle,Traves•Smikle,,,,,Male,1992-05-07,Kingston,Kingston,134,,,,,,183,84,Competed in Olympic Games,,,,
119779,Darisleydis Amador,Darisleydis Amador Rodríguez,Darisleydis•Amador,,,,,Female,1988-01-01,Matanzas,Matanzas,67,,,,,,,,Competed in Olympic Games,,,,
119784,Samantha Arévalo,Samantha Michelle Arévalo Salinas,Samantha•Arévalo,,,,,Female,1994-09-30,Cuenca,Azuay,83,,,,,,171,60,Competed in Olympic Games,"Rancho San Francisco, Quito, ECU",,,
119865,Noshad Alamian,Noshad Alamian Darounkolaei,Noshad•Alamian,نوشاد•عالمیان درونكلایی,,,,Male,1991-11-21,Babol,Mazandaran,129,,,,,,170,67,Competed in Olympic Games,"Petrochimi Bandar Imam BC, Mahshahr (IRI)",,,
119867,Ebrahim Barkhordari,Ebrahim Barkhordari,Ebrahim•Barkhordari,ابراهیم•برخورداری,,,,Male,1982-09-14,Qazvin,Qazvin,129,,,,,,170,79,Competed in Olympic Games,,,,
119869,Elaheh Ahmadi,Elaheh Ahmadi,Elaheh•Ahmadi,الهه•احمدی,,,,Female,1982-05-31,Tehran,Tehran,129,,,,,,160,62,Competed in Olympic Games,"Army, Tehran, IRI",,,
119914,Hanna Drabenia-Tserliukevich,Hanna Ivanauna Drabenia-Tserliukevich,Hanna•Drabenia-Tserliukevich,Ганна Іванаўна•Драбеня-Церлюкевiч,"Anna Ivanovna Drabenya-Tserlyukovich, Анна Ивановна Драбеня-Церлюкович",,,Female,1987-08-15,Starobin,Minsk Voblast,42,,,,,,153,46,Competed in Olympic Games,Sports Committee of the Armed Forces of Belarus (BLR),,,
119936,Simona Abbate,Simona Abbate,Simona•Abbate,,,,,Female,1983-08-22,Fondi,Latina,133,,,,,,171,64,Competed in Olympic Games,"Pro Recco, Italy",,,
120021,Muideen Akanji,Muideen Akanji,Muideen•Akanji,,,,,Male,1992-05-12,Lagos,Lagos,191,,,,,,,75,Competed in Olympic Games • Competed in Youth Olympic Games,,,,
120053,Adriana Araújo,Adriana dos Santos Araújo,Adriana•Araújo,,,PitBull,,Female,1981-11-04,Salvador,Bahia,46,,,,,,167,60,Competed in Olympic Games,,,,
120132,Karolina Jarzyńska-Nadolska,Karolina Jarzyńska-Nadolska,Karolina•Jarzyńska-Nadolska,,,,,Female,1981-09-06,Oleśnica,Dolnośląskie,207,,,,,,164,53,Competed in Olympic Games,"KS Piętka, Katowice (POL)",,,
120191,Heather Arseth,Heather Ann Arseth,Heather•Arseth,,,,,Female,1993-08-09,New York,New York,268,,,,,,170,60,Competed in Olympic Games,"Hurricane Aquatics (Coral Gables, FL, USA)",,,
120257,Dawid Tomala,Dawid Tomala,Dawid•Tomala,,,,,Male,1989-08-27,Tychy,Śląskie,207,,,,,,182,66,Competed in Olympic Games,"AZS AWF Katowice, Katowice (POL)",,,
120309,Andrea Arsović,Andrea Arsović,Andrea•Arsović,Андреа•Арсовић,,Dea,,Female,1987-02-05,Nikšić,Nikšić,179,,,,,,165,61,Competed in Olympic Games,Partizan Beograd,,,
120328,Milan Aleksić,Milan Aleksić,Milan•Aleksić,Милан•Алексић,,,,Male,1986-05-13,Beograd (Belgrade),Beograd,231,,,,,,193,96,Competed in Olympic Games,"Szolnoki Vízilabda SC, Szolnok (HUN)",,,
120416,Bai Anqi,Bai Anqi,Bai•Anqi,白•安琪,,,Oriental,Female,1993-01-09,Anji,Zhejiang,57,,,,,,164,59,Competed in Olympic Games • Competed in Youth Olympic Games,"Zhejiang Province Swimming Team, China",,,
120547,Felix Aronovich,Felix Aronovich,Felix•Aronovich,פליקס•אהרונוביץ,,,,Male,1988-07-18,Odesa,Odesa,265,,,,,,168,63,Competed in Olympic Games,Maccabi [Tel Aviv]/Penn State University [Pennsylvania],,,
120614,Ibrahim Abdelbaki,Ibrahim Ramadan Ibrahim Abdelbaki,Ibrahim•Abdelbaki,إبراهيم•رمضان إبراهيم عبد الباقي,,,,Male,1988-02-06,Al-Fayyum,Al-Fayyum,84,,,,,,173,77,Competed in Olympic Games,,,,
120623,Hanna Yaroshchuk-Ryzhkova,Hanna Vasylivna Yaroshchuk-Ryzhkova,Hanna•Yaroshchuk-Ryzhkova,Ганна Василівна•Ярощук-Рижкова,,,,Female,1989-11-24,Dnipro,Dnipropetrovsk,265,,,,,,176,57,Competed in Olympic Games,,,,
120627,Ivan Losev,Ivan Volodymyrovych Losev,Ivan•Losev,Іван Володимирович•Лосев,,,,Male,1986-01-26,Brovary,Kyiv,265,,,,,,177,70,Competed in Olympic Games,,,,
120693,Chris Adcock,"Christopher Thomas ""Chris"" Adcock",Chris•Adcock,,,,,Male,1989-04-27,Leicester,England,98,,,,,,183,80,Competed in Olympic Games,"Byron Badminton Club, Ravenshead (GBR)",,,
120763,Miranda Ayim,Miranda Joy Ayim,Miranda•Ayim,,,,,Female,1988-05-06,Chatham,New Brunswick,52,,,,,,190,72,Competed in Olympic Games • Other,"İstanbul Üniversitesi, İstanbul (TUR)",,,
120868,Saeid Abdevali,Saeid Morad Abdevali,Saeid•Abdevali,سعید•عبدولی,,,,Male,1989-11-04,Andimeshk,Khuzestan,129,,,,,,170,80,Competed in Olympic Games,Shahada Wrestling Club (IRI),,,
120923,Talita Baqlah,Talita Baqlah,Talita•Baqlah,تاليتا•بقلة,,,,Female,1995-10-27,Pecica,Arad,218,,,,,,172,62,Competed in Olympic Games,,,,
120999,Peter Bakare,Peter Oluwaclamilare K. Bakare,Peter•Bakare,,,,,Male,1989-07-02,Newham,England,98,,,,,,195,93,Competed in Olympic Games,"Landstede Volleybal, Zwolle (NED)",,,
121319,Hassine Ayari,Hassine Ayari,Hassine•Ayari,حسين•عياري,,,,Male,1985-07-04,Tunis,Tunis,260,,,,,,189,96,Competed in Olympic Games,"ASMT, Tunis, TUN",,,
121441,Laila Ferrer,Laila Ferrer e Silva (-Domingos),Laila•Ferrer,,,,,Female,1982-07-30,Pacatuba,Ceará,46,,,,,,180,80,Competed in Olympic Games,Estrela de Guarulhos,,,
121444,Ana Claudia Lemos,Ana Claudia Lemos da Silva,Ana Claudia•Lemos,,,,,Female,1988-11-06,Jaguaretama,Ceará,46,,,,,,158,55,Competed in Olympic Games • Non-starter,"Clube de Atletismo BM&F, São Caetano do Sul (BRA)",,,
121506,Andrey Amador,Andrey Amador Bikkazakova,Andrey•Amador,,,,,Male,1986-08-29,San Ramón,Alajuela,65,,,,,,183,73,Competed in Olympic Games,"Movistar Team, Egüés (ESP) / Ineos Grenadiers, Manchester (GBR)",,,
121591,Giuseppe Angilella,Giuseppe Angilella,Giuseppe•Angilella,,,,,Male,1984-08-27,Palermo,Palermo,133,,,,,,177,77,Competed in Olympic Games,"Canottieri Roggero di Lauria, Palermo, ITA",,,
121605,Ekaterina Avramova,Ekaterina Ivanova Avramova,Ekaterina•Avramova,Екатерина Иванова•Аврамова,,,,Female,1991-11-12,Sofia,Sofia Grad,38,,,,,,180,68,Competed in Olympic Games,"Ealing Swimming Club, London, GBR",,,
121682,Līna Mūze,Līna Mūze,Līna•Mūze,,,,,Female,1992-12-04,Smiltene,Smiltenes novads,162,,,,,,182,75,Competed in Olympic Games,,,,
121715,Steven Solomon,Steven Solomon,Steven•Solomon,,,,,Male,1993-05-16,St. Leonards,New South Wales,30,,,,,,186,73,Competed in Olympic Games,"Randwick Botany Harriers Athletic Club , Sydney, NSW, AUS",,,
121822,Ahmed Atari,Ahmed Ghithe G Atari,Ahmed•Atari,أحمد•غيث اتاري,,,,Male,1994-05-02,?,,217,,,,,,179,70,Competed in Olympic Games,"Aspire Academy, Ad-Dawhah (QAT)",,,
121908,Pierre-Emerick Aubameyang,Pierre-Emerick Emiliano Aubameyang,Pierre-Emerick•Aubameyang,,,,,Male,1989-06-18,Laval,Mayenne,94,,,,,,187,77,Competed in Olympic Games,"AS Saint-Étienne, Saint-Étienne (FRA)",,,
121969,Sally Kipyego,Sally Jepkosgei Kipyego,Sally•Kipyego,,,,,Female,1985-12-19,Kapsowar,Elgeyo-Marakwet,138,,,,,,157,40,Competed in Olympic Games,"Oregon Track Club, Eugene (USA)",,,
121971,Mohanad Al-Azzawi,Mohanad Ahmed Dheyaa Al-Azzawi,Mohanad•Al-Azzawi,مهند•أحمد ضياء العزاوي,,,,Male,1996-09-21,Baghdad,Baghdad,130,,,,,,173,65,Competed in Olympic Games,"Al-Jaish, Baghdad (IRQ)",,,
122048,Chris Thompson,"Christopher Peter A. ""Chris"" Thompson",Chris•Thompson,,,,,Male,1981-04-17,Barrow-in-Furness,England,98,,,,,,178,67,Competed in Olympic Games,"Aldershot, Farnham & District AC, Farnborough (GBR) / Oregon Track Club, Eugene (USA)",,,
122126,Jenny-Lyn Anderson,Jenny-Lyn Anderson,Jenny-Lyn•Anderson,,,,,Female,1992-08-13,Johannesburg,Gauteng,280,,,,,,162,46,Competed in Olympic Games,"Gold Coast Mermaids, Gold Coast (AUS)",,,
122368,Gianmarco Tamberi,Gianmarco Tamberi,Gianmarco•Tamberi,,,Gimbo,,Male,1992-06-01,Civitanova Marche,Macerata,133,,,,,,189,71,Competed in Olympic Games,,,,
122465,Odile Ahouanwanou,Odile Ahouanwanou,Odile•Ahouanwanou,,,,,Female,1991-01-05,Savalou,Collines,35,,,,,,178,71,Competed in Olympic Games,Stade Sottevillais 76 (BEN),,,
122653,Natalie Achonwa,Natalie Chioma Achonwa,Natalie•Achonwa,,,,,Female,1992-11-22,Toronto,Ontario,52,,,,,,190,86,Competed in Olympic Games,"Notre Dame Fighting Irish, South Bend (USA)",,,
122697,Tejitu Daba,Tejitu Daba Chalchissa,Tejitu•Daba,تيجيتو•دابا تشالتشيسا,,,,Female,1991-08-20,?,,89,,,,,,162,44,Competed in Olympic Games,,,,
122800,Mostafa Al-Gamel,Mostafa Muhammad Hisham Muhammad Salah Abdulhamid Al-Gamel,Mostafa•Al-Gamel,مصطفي محمد هشام محمد صلاح عبد الحميد•الجمل,,,,Male,1988-10-01,Al-Jizah (Giza),Al-Jizah,84,,,,,,191,96,Competed in Olympic Games,"Al-Ahly, Al-Qahira (EGY)",,,
122801,Ihab Abdelrahman,Ihab Abdelrahman El-Sayed Abdelrahman,Ihab•Abdelrahman,إيهاب•عبد الرحمن السيد عبد الرحمن,,,,Male,1989-05-01,Kafr Saqr,Al-Sharqiyah,84,,,,,,194,96,Competed in Olympic Games,"Al-Ahly, Al-Qahira (EGY)",,,
122820,Mohammad Ahsan,Mohammad Ahsan,Mohammad•Ahsan,,,,,Male,1987-09-07,Palembang,Sumatera Selatan,123,,,,,,173,72,Competed in Olympic Games,"PB Djarum, Kudus (INA)",,,
123014,Abdoulaye Ba,Abdoulaye Ba,Abdoulaye•Ba,,,,,Male,1991-01-01,Saint Louis,Saint-Louis,224,,,,,,197,79,Competed in Olympic Games,"Académica de Coimbra, Coimbra (POR)",,,
123025,Macarena Aguilar,Macarena Aguilar Díaz,Macarena•Aguilar,,,,,Female,1985-03-12,Bolaños de Calatrava,Ciudad Real,87,,,,,,170,67,Competed in Olympic Games,"SD Itxako, Estella (ESP)",,,
123028,Nely Alberto,Nely Carla Alberto Francisca,Nely•Alberto,,,,,Female,1983-07-02,San Sebastián,Guipúzcoa,87,,,,,,179,90,Competed in Olympic Games,"Le Havre AC, Le Havre (FRA)",,,
123072,Muminzhon Abdullayev,Muminzhon Abdullayev,Muminzhon•Abdullayev,Муминжон•Абдуллаев,,,,Male,1989-12-24,?,Samarqand,269,,,,,,190,130,Competed in Olympic Games,"Batir, Tashkent (UZB) / Dynamo, Tashkent (UZB)",,,
123117,Lenka Antošová,Lenka Antošová,Lenka•Antošová,,,,,Female,1991-09-27,Děčín,Ústecký kraj,71,,,,,,177,70,Competed in Olympic Games,"Slavia Praha, Praha (CZE)",,,
123149,Hannes Aigner,Hannes Aigner,Hannes•Aigner,,,,,Male,1989-03-19,Augsburg,Bayern,72,,,,,,183,75,Competed in Olympic Games,"Augsburger Kajak-Verein, Augsburg (GER)",,,
123309,Sema Aydemir-Apak,Sema Aydemir-Apak,Sema•Aydemir-Apak,,,,,Female,1985-08-17,Bursa,Bursa,261,,,,,,169,54,Competed in Olympic Games,"Enka Spor Kulubü, İstanbul (TUR)",,,
123403,Andrique Allisop,Andrique Allisop,Andrique•Allisop,,,,,Male,1993-06-02,Victoria,,243,,,,,,171,60,Competed in Olympic Games,,,,
123440,Dhaher Al-Aryani,Dhaher Al-Aryani,Dhaher•Al-Aryani,ظاهر•العرياني,,,,Male,1972-12-11,?,Ras Al-Khaimah,25,,,,,,182,73,Competed in Olympic Games,"Nad Al Sheba Shooting Club, Dubai (UAE)",,,
123441,Sandra Auffarth,Sandra Auffarth,Sandra•Auffarth,,,,,Female,1986-12-27,Delmenhorst,Niedersachsen,72,,,,,,170,57,Competed in Olympic Games,"RV Ganderkesee, Ganderkesee (GER)",,,
123498,Chantal Achterberg,Chantal Achterberg,Chantal•Achterberg,,,,,Female,1985-04-16,Vlaardingen,Zuid-Holland,193,,,,,,172,72,Competed in Olympic Games,"Proteus-Eretes, Delft (NED)",,,
123588,Mohamed Aboutrika,Mohamed Mohamed Mohamed Aboutrika,Mohamed•Aboutrika,محمد محمد محمد•أبو تريكه,,,,Male,1978-11-07,Al-Jizah (Giza),Al-Jizah,84,,,,,,182,77,Competed in Olympic Games,"Al-Ahly, Al-Qahira (EGY)",,,
123616,Ahmed Barki,Ahmed Al-Barki,Ahmed•Barki,أحمد•البركي,,,,Male,1980-03-16,Hay Hassani,Casablanca-Settat,165,,,,,,,81,Competed in Olympic Games,,,,
123648,Tímea Babos,Tímea Babos,Tímea•Babos,,,Motty,,Female,1993-05-10,Sopron,Győr-Moson-Sopron,118,,,,,,179,68,Competed in Olympic Games • Competed in Youth Olympic Games,"MTK, Budapest (HUN)",,,
123651,Yannick Agnel,Yannick Agnel,Yannick•Agnel,,,,,Male,1992-06-09,Nîmes,Gard,94,,,,,,202,90,Competed in Olympic Games,"Olympic Nice, Nice (FRA)",,,
123653,Fanny Babou,Fanny Babou,Fanny•Babou,,,,,Female,1989-03-26,Perpignan,Pyrénées-Orientales,94,,,,,,164,54,Competed in Olympic Games,"CNS Saint-Estève, Saint-Estève (FRA)",,,
123703,Quentin Bigot,Quentin Bigot,Quentin•Bigot,,,,,Male,1992-12-01,Hayange,Moselle,94,,,,,,177,90,Competed in Olympic Games,"Metz Métropole, Metz (FRA)",,,
123741,Kai Selvon,Kai Freddie Selvon,Kai•Selvon,,,,,Female,1992-04-13,Arima,Arima,259,,,,,,165,59,Competed in Olympic Games,"Auburn University, Auburn, AL, USA",,,
123752,Irina Rodrigues,Irina Cristiana Carreira Rodrigues,Irina•Rodrigues,,,,,Female,1991-02-05,Leiria,Distrito de Leiria,211,,,,,,181,91,Competed in Olympic Games,"Sporting CP, Lisboa (POR)",,,
123792,Eusebio Cáceres,Eusebio Cáceres López,Eusebio•Cáceres,,,,,Male,1991-09-10,Onil,Alicante,87,,,,,,174,69,Competed in Olympic Games,"CAB Puerto de Alicante, Spain",,,
123822,Gavin Smellie,Gavin Ramon Smellie,Gavin•Smellie,,,,,Male,1986-06-26,Papine,Saint Andrew,134,,,,,,180,80,Competed in Olympic Games,"Flying Angels, Toronto (CAN)",,,
123945,Mergen Mämmedow,Mergen Mämmedow,Mergen•Mämmedow,,,,,Male,1990-12-24,Jilikul,Khatlon,251,,,,,,184,100,Competed in Olympic Games,,,,
124050,Lawrence Okoye,Lawrence Amaechi A. Okoye,Lawrence•Okoye,,,,,Male,1991-10-06,Croydon,England,98,,,,,,197,129,Competed in Olympic Games,"Croydon Harriers, Croydon (GBR)",,,
124062,Khairul Anuar Bin Mohamad,Khairul Anuar Bin Mohamad,Khairul Anuar•Bin Mohamad,,,,,Male,1991-09-22,Kemaman,Terengganu,186,,,,,,171,75,Competed in Olympic Games,,,,
124065,Amir Abrashi,Amir Malush Abrashi,Amir•Abrashi,,,,,Male,1990-03-27,Bischofszell,Thurgau,54,,,,,,172,70,Competed in Olympic Games,"Grasshopper Club, Zürich (SUI)",,,
124528,Yevgeny Alekseyev,Yevgeny Petrovich Alekseyev,Yevgeny•Alekseyev,Евгений Петрович•Алексеев,,,,Male,1977-12-11,Shymkent,Ongutsik Qazaqstan,137,,,,,,186,93,Competed in Olympic Games,"CSKA Almaty, Almaty (KAZ)",,,
124538,Moldir Azimbay,Moldir Azimbay,Moldir•Azimbay,Молдир•Азимбай,Мөлдір Әзімбай,,,Female,1995-12-02,Shymkent,Ongutsik Qazaqstan,137,,,,,,162,55,Competed in Olympic Games • Competed in Youth Olympic Games,,,,
124542,Dmitry Aleksanin,Dmitry Sergeyevich Aleksanin,Dmitry•Aleksanin,Дмитрий Сергеевич•Алексанин,,,,Male,1991-12-18,Almaty,Almaty,137,,,,,,186,87,Competed in Olympic Games,,,,
124553,Azad Barazi,Azad Al-Barazi,Azad•Barazi,ازاد•البرازي,,,,Male,1988-01-04,Ar-Riyad,Ar-Riyad,222,,,,,,195,85,Competed in Olympic Games,"USC Trojans, Los Angeles (USA)",,,
124566,Jasmine Alkhaldi,Jasmine Alkhaldi Paler,Jasmine•Alkhaldi,,,,,Female,1993-06-20,Parañaque City,Manila,204,,,,,,180,60,Competed in Olympic Games • Competed in Youth Olympic Games • Other,,,,
124583,Liz Parnova,"Elizabeth ""Liz"" Parnova (-Clay)",Liz•Parnova,,"Yelizaveta Aleksandrovna Parnova, Елизавета Александровна Парнова",,,Female,1994-05-09,Moskva (Moscow),Moskva,219,,,,,,177,57,Competed in Olympic Games • Competed in Youth Olympic Games • Other,,,,
124659,Choucri Atafi,Choucri Atafi,Choucri•Atafi,شكري•عطافي,,,,Male,1981-12-08,Bourg-en-Bresse,Ain,94,,,,,,180,96,Competed in Olympic Games,"Stade sottevillais 76, Sotteville-lès-Rouen (FRA)",,,
124695,Sandra Aleksejeva,Sandra Aleksejeva,Sandra•Aleksejeva,,,,,Female,1991-05-03,Krāslavā,Krāslavas novads,162,,,,,,164,62,Competed in Olympic Games,"BMX klubs Tālava, Valmiera (LAT)",,,
124867,Giorgio Avola,Giorgio Avola,Giorgio•Avola,,,,,Male,1989-05-08,Modica,"Ragusa, Ragusa",133,,,,,,178,72,Competed in Olympic Games,"G.S. Fiamme Gialle, Roma (ITA)",,,
124870,Suguru Awaji,Suguru Awaji,Suguru•Awaji,淡路•卓,,,,Male,1989-07-26,?,Miyagi,136,,,,,,174,67,Competed in Olympic Games,,,,
126608,Georgia Baker,Georgia Baker,Georgia•Baker,,,,,Female,1994-09-21,Launceston,Tasmania,30,,,,,,179,66,Competed in Olympic Games,Northern Districts Cycling Club (AUS),,,
126628,Mackenzie Arnold,Mackenzie Elizabeth Arnold,Mackenzie•Arnold,,,Macca,,Female,1994-02-25,Southport,Queensland,30,,,,,,179,76,Competed in Olympic Games • Non-starter,"Perth Glory, Perth (AUS) / West Ham United FC, Stratford (GBR)",,,
126728,Eirini-Marina Alexandri,Eirini-Marina Alexandri,Eirini-Marina•Alexandri,,,,,Female,1997-09-15,Marousi,"Athina, Attiki",106,,,,,,171,50,Competed in Olympic Games,"Schwimm-Union Wien, Wien (AUT)",,,
126732,Yana Alekseevna,Yana Ivanovna Alekseevna,Yana•Alekseevna,,Яна Ивановна Алексеевна,,,Female,1987-10-30,?,,265,,,,,,169,60,Competed in Olympic Games,,,,
126736,Patimat Abakarova,Patimat Serajutdin Abakarova,Patimat•Abakarova,,"Patimat Serazhutdinovna Abakarova, Патимат Серажутдиновна Абакарова",,,Female,1994-10-23,Makhachkala,Respublika Dagestan,219,,,,,,165,49,Competed in Olympic Games,Gilan Taekwondo Club [Azerbaijan],,,
126966,Fatema Al-Mahmeed,Fatema Abdul Muhsin Al-Mahmeed,Fatema•Al-Mahmeed,فاطمة عبدالمحسن•المحميد,,,,Female,1999-06-14,,,,,,,,,167,60,Competed in Olympic Games,"Bahrain Elite Swimming, Al-Manamah (BRN)",,,
127105,Florence Allan,Florence D. Allan,Florence•Allan,,,,,Female,1998-05-26,George Town,Cayman Islands,69,,,,,,168,57,Competed in Olympic Games • Competed in Youth Olympic Games • Other,Cayman Islands Sailing Club [CISC] and National Sailing Center [Cayman Islands],,,
127465,Nariman Aly,Nariman Khalid Muhammad Abdulhafiz Aly,Nariman•Aly,ناريمان خالد محمد عبدالحفيظ•علي,,,,Female,1998-09-29,Al-Qahira (Cairo),Al-Qahira,84,,,,,,169,55,Competed in Olympic Games,"Egyptian Shooting Club, Giza",,,
127469,Samia Ahmed,Samia Muhammad Hagrass Ahmed,Samia•Ahmed,سامية محمد هجرس•أحمد,,,,Female,1996-01-20,Al-Qahira (Cairo),Al-Qahira,84,,,,,,170,57,Competed in Olympic Games,"Gezira Sporting Club, Cairo",,,
127684,Audrey Amiel,Audrey Amiel,Audrey•Amiel,,,,,Female,1987-03-03,Nîmes,Gard,94,,,,,,164,65,Competed in Olympic Games,Stade Francais,,,
128048,Aditi Ashok,Aditi Ashok,Aditi•Ashok,,,,,Female,1998-03-29,Bengaluru (Bangalore),Karnataka,126,,,,,,173,57,Competed in Olympic Games • Competed in Youth Olympic Games,,,,
128308,Tomomi Aoki,Tomomi Aoki,Tomomi•Aoki,青木•智美,,,,Female,1994-10-25,?,Kanagawa,136,,,,,,164,55,Competed in Olympic Games,Hosei University / ATSC. YW (Japan),,,
128349,Zoya Ananchenko,Zoya Sergeyevna Ananchenko,Zoya•Ananchenko,Зоя Сергеевна•Ананченко,,,,Female,1996-09-05,Shymkent,Ongutsik Qazaqstan,137,,,,,,165,67,Competed in Olympic Games,,,,
128353,Sabina Ashirbayeva,Sabina Ashirbayeva,Sabina•Ashirbayeva,Сабина•Аширбаева,,,,Female,1998-11-05,Shymkent,Ongutsik Qazaqstan,137,,,,,,163,45,Competed in Olympic Games,Aliya Yusupova School,,,
128613,Lois Abbingh,Lois Abbingh,Lois•Abbingh,,,,,Female,1992-08-13,Groningen,Groningen,193,,,,,,178,72,Competed in Olympic Games,"Issy Paris Handball (FRA) / Odense Handbold, Odense (DEN)",,,
128746,Shakira Baker,Shakira Baker,Shakira•Baker,,,,,Female,1992-01-04,Masterton,Wellington,197,,,,,,172,89,Competed in Olympic Games,Waikato [New Zealand],,,
128793,Mary Al-Atrash,Mary Al-Atrash,Mary•Al-Atrash,مري•الأطرش,,,,Female,1994-06-27,Bayt Lahm (Bethlehem),Bayt Lahm,8,,,,,,170,57,Competed in Olympic Games • Other,"unattached, (MIX)",,,
129016,Sofya Andreyeva,Sofya Denisovna Andreyeva,Sofya•Andreyeva,Софья Денисовна•Андреева,,,,Female,1998-08-02,St. Petersburg,St. Petersburg,219,,,,,,178,64,Competed in Olympic Games,"Raduga Swimming Youth Sports School of Olympic Reserve (St. Petersburg, RUS)",,,
129026,Anastasiya Abrosimova,Anastasiya Aleksandrovna Abrosimova,Anastasiya•Abrosimova,Анастасия Александровна•Абросимова,,,,Female,1990-07-17,Novy Urgal,Khabarovsk Kray,219,,,,,,164,51,Competed in Olympic Games,"CSKA Moskva, Moskva (RUS)",,,
129308,Yasemin Adar,Yasemin Adar (-Yiğit),Yasemin•Adar,,,,,Female,1991-12-06,Balıkesir,Balıkesir,261,,,,,,180,75,Competed in Olympic Games,Edirne Trakya Birlik Spor Kulub [Turkey],,,
129310,Nada Al-Bedwawi,Nada Mohamed Abdulzaher Mohamed Al-Bedwawi,Nada•Al-Bedwawi,ندى•البدواوي,,,,Female,1997-08-15,,,,,,,,,162,53,Competed in Olympic Games • Other,"NYU Abu Dhabi, Abu Dhabi (UAE)",,,
129546,Anita Alvarez,Anita Alvarez,Anita•Alvarez,,,,,Female,1996-12-02,Amherst,New York,268,,,,,,170,52,Competed in Olympic Games,U.S. Performance Academy,,,
129919,Ryan Bailie,Ryan Bailie,Ryan•Bailie,,,Balls,,Male,1990-07-15,Johannesburg,Gauteng,280,,,,,,177,61,Competed in Olympic Games,Wollongong Wizards,,,
130180,Francisco Barretto Júnior,Francisco Carlos Barretto Júnior,Francisco•Barretto Júnior,,,,,Male,1989-10-31,Ribeirão Preto,São Paulo,46,,,,,,175,72,Competed in Olympic Games,"EC Pinheiros, São Paulo (BRA)",,,
130778,Bourhan Abro,Bourhan Ahmad Muhammad Abro,Bourhan•Abro,برهان احمد محمد•أبرو,,,,Male,1995-05-30,?,,94,,,,,,180,70,Competed in Olympic Games,,,,
130830,Ahmed Abdelrahman,Ahmed Ali Abdulrahman Ali Abdelrahman,Ahmed•Abdelrahman,أحمد على عبدالرحمن على•عبد الرحمن,,,,Male,1996-05-26,,,,,,,,,165,60,Competed in Olympic Games,,,,
130842,Ahmed Akram,Ahmed Akram Muhammad Abbas Mahmoud,Ahmed•Akram,أحمد•أكرم محمد عباس محمو,,,,Male,1996-10-20,Al-Qahira (Cairo),Al-Qahira,84,,,,,,188,80,Competed in Olympic Games • Competed in Youth Olympic Games,"South Carolina Gamecocks, Columbia (USA) / Al-Ahly, Al-Qahira (EGY)",,,
130879,Miguel Alvariño,Miguel Alvariño García,Miguel•Alvariño,,,Maikel,,Male,1994-05-31,Somozas,La Coruña,87,,,,,,180,84,Competed in Olympic Games,Club Silex de As Pontes,,,
130913,Sergio Álvarez,Sergio Álvarez Moya,Sergio•Álvarez,,,,,Male,1985-01-07,Avilés,Asturias,87,,,,,,174,74,Competed in Olympic Games,,,,
130927,Ángel López,Ángel López Vázquez,Ángel•López,,,,,Male,1992-01-16,Madrid,Madrid,87,,,,,,172,83,Competed in Olympic Games,CR Cisneros,,,
130983,Martin Allikvee,Martin Allikvee,Martin•Allikvee,,,,,Male,1995-03-21,Tallinn,Harjumaa,88,,,,,,182,77,Competed in Olympic Games,"SK Garant (Tallinn, EST)",,,
131000,Filipe Baravilala,Filipe Baravilala,Filipe•Baravilala,,,,,Male,1994-11-25,Nadi,Ba,93,,,,,,170,74,Competed in Olympic Games,"Suva FC, Suva (FIJ)",,,
131076,Julian Alaphilippe,Julian Alaphilippe,Julian•Alaphilippe,,,,,Male,1992-06-11,Saint-Amand-Montrond,Cher,94,,,,,,173,62,Competed in Olympic Games,Etixx-Quick Step [Belgium],,,
131081,Warren Barguil,Warren Barguil,Warren•Barguil,,,,,Male,1991-10-28,Hennebont,Morbihan,94,,,,,,184,62,Competed in Olympic Games,Giant [Germany],,,
131093,Vincent Anstett,Vincent Anstett,Vincent•Anstett,,,,,Male,1982-07-26,Strasbourg,Bas-Rhin,94,,,,,,178,78,Competed in Olympic Games,Souffelweyersheim Escrime Club,,,
131227,Muhammad Ali,Muhammad Ali,Muhammad•Ali,,,,,Male,1996-06-20,Bury,England,98,,,,,,173,52,Competed in Olympic Games • Competed in Youth Olympic Games,"Bury ABC , Bury (GBR)",,,
131229,Qais Ashfaq,Qais Dad Ashfaq,Qais•Ashfaq,,,,,Male,1993-03-10,Leeds,England,98,,,,,,170,56,Competed in Olympic Games,"Burmantofts ABC, Leeds (GBR) / Huggy's Boxing Club, Bradford (GBR)",,,
131302,Nathan Bailey,Nathan Stephen C. Bailey,Nathan•Bailey,,,,,Male,1993-07-24,Bournemouth,England,98,,,,,,178,71,Competed in Olympic Games • Competed in Youth Olympic Games,"OLGA Gymnastics & Trampoline Club, Poole (GBR)",,,
131482,Dionysios Angelopoulos,Dionysios Angelopoulos,Dionysios•Angelopoulos,Διονύσιος•Αγγελόπουλος,,,,Male,1992-08-05,Marousi,"Athina, Attiki",106,,,,,,189,91,Competed in Olympic Games,"Olympiacos, Athina (GRE)",,,
131635,Gurpreet Singh,Gurpreet Singh,Gurpreet•Singh,,,,,Male,1987-12-19,Amritsar,Punjab,126,,,,,,176,81,Competed in Olympic Games,Army Marksmanship Unit,,,
131646,Abdulrahman Al-Faihan,Abdulrahman Al-Faihan,Abdulrahman•Al-Faihan,عبد الرحمن•الفيحان,,,,Male,1986-06-24,?,,144,144,,,,,,,Competed in Olympic Games,,,,
131647,Ahmad Al-Afasi,Ahmad Al-Afasi,Ahmad•Al-Afasi,أحمد•العفاسي,,,,Male,1983-01-10,?,,144,144,,,,,,,Competed in Olympic Games,,,,
131801,Giovanni Abagnale,Giovanni Abagnale,Giovanni•Abagnale,,,,,Male,1995-01-11,Gragnano,Napoli,133,,,,,,198,90,Competed in Olympic Games,"Marina Militare, Roma (ITA)",,,
131933,Mashu Baker,Mashu Baker,Mashu•Baker,ベイカー•茉秋,,,,Male,1994-09-25,Chiyoda,Tokyo,136,,,,,,178,90,Competed in Olympic Games,"Tokai University [Tokyo, JPN]",,,
132003,Zhanibek Alimkhanuly,Zhanibek Alimkhanuly,Zhanibek•Alimkhanuly,Жанибек•Алимханулы,,Qazaq Style,,Male,1993-04-01,Zhyldany,Almaty Oblysy,137,,,,,,182,75,Competed in Olympic Games,"Central Army Sports Club [CSKA] [Almaty, KAZ]",,,
132121,An Chang-Rim,An Chang-Rim,An•Chang-Rim,안•창림,,,Oriental,Male,1994-03-02,Kyoto,Kyoto,136,,,,,,170,73,Competed in Olympic Games,"Suwon City Hall [Suwon, KOR]",,,
132452,Okechukwu Azubuike,Okechukwu Godson Azubuike,Okechukwu•Azubuike,,,,,Male,1997-04-19,Katsina,Katsina,191,,,,,,170,68,Competed in Olympic Games,"Yeni Malatyaspor, Malatya (TUR)",,,
132660,Radosław Baran,Radosław Baran,Radosław•Baran,,,,,Male,1989-11-05,Krotoszyn,Wielkopolskie,207,,,,,,177,97,Competed in Olympic Games,"Grunwald Poznań, Poznań (POL)",,,
132723,Ali Al-Rumaihi,Ali Yousef Al-Rumaihi,Ali•Al-Rumaihi,علي•الرميحي,,,,Male,1981-08-26,Ad-Dawhah (Doha),Ad-Dawhah,217,,,,,,177,86,Competed in Olympic Games,"Qatar Armed Forces, (QAT)",,,
132843,Adlan Abdurashidov,Adlan Aliyevich Abdurashidov,Adlan•Abdurashidov,Адлан Алиевич•Абдурашидов,,,,Male,1990-07-31,Grozny,Chechenskaya Respublika,219,,,,,,172,60,Competed in Olympic Games,Akhmat Fight Club [RUS] / Dynamo [RUS],,,
132868,Vadim Anokhin,Vadim Vladimirovich Anokhin,Vadim•Anokhin,Вадим Владимирович•Анохин,,,,Male,1992-01-02,Kaluga,Kaluga,219,,,,,,192,91,Competed in Olympic Games,"MGFSO, Moskva (RUS)",,,
132880,Anton Astakhov,Anton Viktorovich Astakhov,Anton•Astakhov,Антон Викторович•Астахов,,,,Male,1987-04-30,Rostov-na-Donu,Rostov,219,,,,,,176,85,Competed in Olympic Games,SK Metallurg Lipetsk,,,
132908,Andrey Ashchev,Andrey Viktorovich Ashchev,Andrey•Ashchev,Андрей Викторович•Ащев,,,,Male,1983-05-10,Budyonnovsk,Stavropol Kray,219,,,,,,202,105,Competed in Olympic Games,"Zenit-Kazan, Kazan (RUS)",,,
133139,Mukhamadmurod Abdurakhmonov,Mukhamadmurod Abdurakhmonov,Mukhamadmurod•Abdurakhmonov,Мухаммадмурод•Абдурахмонов,,,,Male,1986-11-29,Farkhor,Khatlon,251,,,,,,192,117,Competed in Olympic Games,Parviz Sobirov Judo Club [Tajikistan],,,
133208,Ferhat Arıcan,Ferhat Arıcan,Ferhat•Arıcan,,,,,Male,1993-07-28,Konak,İzmir,261,,,,,,178,68,Competed in Olympic Games • Competed in Youth Olympic Games,Izmir Buyuksehir Belediyespor (TUR),,,
133337,Harrison Barnes,Harrison Bryce Jordan Barnes,Harrison•Barnes,,,,,Male,1992-05-30,Ames,Iowa,268,,,,,,203,102,Competed in Olympic Games,"Golden State Warriors, Oakland (USA)",,,
133568,Monica Aksamit,Monica Aksamit,Monica•Aksamit,,,,,Female,1990-02-18,,,,,,,,,183,74,Competed in Olympic Games,,,,
135801,Georgios Anastasiadis,Georgios Anastasiadis,Georgios•Anastasiadis,Γεώργιος•Αναστασιάδης,,George,,Male,2004-05-25,,,,,,,,,,,Competed in Youth Olympic Games,EOS Naoussa,,,
136845,Lucas Carvalho,Lucas Oliveira Rodrigues de Carvalho,Lucas•Carvalho,,,,,Male,2002-05-04,Santos,São Paulo,46,,,,,,169,59,Competed in Youth Olympic Games,,,,
137062,Sha Mahmood Noor Zahi,Sha Mahmood Noor Zahi,Sha Mahmood•Noor Zahi,شاه محمود•نورزاهی,,,,Male,1991-03-21,,,,,,,,,,,Competed in Olympic Games,,,,
137097,Aveni Miguel,Aveni Miguel,Aveni•Miguel,,,,,Male,2002-08-19,,,,,,,,,,,Competed in Olympic Games,,,,
137099,Joella Lloyd,Joella Lloyd,Joella•Lloyd,,,"Jojo, Ella",,Female,2002-04-12,St. John's,Saint John,1,,,,,,,,Competed in Olympic Games,"University of Tennessee, TN (USA)",,,
137103,Marcela Gómez,Marcela Cristina Gómez,Marcela•Gómez,,,,,Female,1984-02-19,Tres Isletas,Chaco,26,,,,,,,,Competed in Olympic Games,,,,
137128,Eulalio Muñoz,Eulalio Muñoz,Eulalio•Muñoz,,,Coco,,Male,1995-07-16,Gualjaina,Chubut,26,,,,,,,,Competed in Olympic Games,,,,
137129,Joaquín Arbe,Joaquín Emanuel Arbe,Joaquín•Arbe,,,,,Male,1990-08-25,Esquel,Chubut,26,,,,,,,,Competed in Olympic Games,Centro Nacional de Alto Rendimiento Deportivo (CeNARD) (ARG),,,
137211,Nathan Crumpton,Nathan Ikon Crumpton,Nathan•Crumpton,,,,,Male,1985-10-09,Nairobi,Nairobi,138,,,,,,,,Competed in Olympic Games • Other,,,,
137215,Amy Cashin,Amy Cashin,Amy•Cashin,,,,,Female,1994-07-28,?,Victoria,30,,,,,,,,Competed in Olympic Games,West Virginia University (USA),,,
137216,Angeline Blackburn,Angeline Blackburn,Angeline•Blackburn,,,Angie,,Female,1989-08-17,Sale,Victoria,30,,,,,,,,Non-starter,South Canberra Tuggeranong Athletics Club (AUS),,,
137217,Bendere Oboya,Bendere Opamo Oboya,Bendere•Oboya,,,,,Female,2000-04-17,Gambella,Gambela,89,,,,,,,,Competed in Olympic Games,,,,
137218,Catriona Bisset,Catriona Bisset,Catriona•Bisset,,,,,Female,1994-03-01,Newcastle,New South Wales,30,,,,,,,,Competed in Olympic Games,Melbourne University Athletics Club (AUS),,,
137219,Liz Clay,"Elizabeth ""Liz"" Clay",Liz•Clay,,,,,Female,1995-05-09,Sydney,New South Wales,30,,,,,,,,Competed in Olympic Games,,,,
137220,Ellie Beer,Ellie Beer,Ellie•Beer,,,,,Female,2003-01-03,?,Queensland,30,,,,,,,,Competed in Olympic Games,Ignition Athletics Club (AUS),,,
137221,Ellie Pashley,Ellie Pashley,Ellie•Pashley,,,,,Female,1988-12-10,Bendigo,Victoria,30,,,,,,,,Competed in Olympic Games,,,,
137222,Georgia Griffith,Georgia Helen Griffith,Georgia•Griffith,,,,,Female,1996-12-05,Canberra,Australian Capital Territory,30,,,,,,,,Competed in Olympic Games,,,,
137223,Georgia Winkcup,Georgia Rebecca Kate Winkcup,Georgia•Winkcup,,,,,Female,1997-05-09,?,New South Wales,30,,,,,,,,Competed in Olympic Games,,,,
137224,Hana Basic,Hana Basic,Hana•Basic,,,,,Female,1996-01-22,Melbourne,Victoria,30,,,,,,,,Competed in Olympic Games,Collingwood Harriers Athletics Club (AUS),,,
137225,Isobel Batt-Doyle,Isobel Batt-Doyle,Isobel•Batt-Doyle,,,Izzi,,Female,1995-09-14,Adelaide,South Australia,30,,,,,,,,Competed in Olympic Games,,,,
137226,Jemima Montag,Jemima Montag,Jemima•Montag,,,,,Female,1998-02-15,East Melbourne,Victoria,30,,,,,,,,Competed in Olympic Games,,,,
137227,Jessica Hull,Jessica Hull,Jessica•Hull,,,,,Female,1996-10-22,Wollongong,New South Wales,30,,,,,,,,Competed in Olympic Games,,,,
137228,Katie Hayward,Katie Hayward,Katie•Hayward,,,,,Female,2000-07-23,?,Queensland,30,,,,,,,,Competed in Olympic Games,,,,
137229,Kendra Hubbard,Kendra Hubbard,Kendra•Hubbard,,,,,Female,1989-09-29,?,Victoria,30,,,,,,,,Competed in Olympic Games,,,,
137230,MacKenzie Little,MacKenzie Patricia Little,MacKenzie•Little,,,,,Female,1996-12-22,Rochester,Minnesota,268,,,,,,,,Competed in Olympic Games,,,,
137231,Nicola McDermott,Nicola Lauren McDermott (-Olyslagers),Nicola•McDermott,,,,,Female,1996-12-28,North Gosford,New South Wales,30,,,,,,,,Competed in Olympic Games,,,,
137232,Nina Kennedy,Nina Kennedy,Nina•Kennedy,,,,,Female,1997-04-05,Busselton,Western Australia,30,,,,,,,,Competed in Olympic Games,,,,
137233,Rebecca Henderson,Rebecca Henderson,Rebecca•Henderson,,,,,Female,2001-07-04,Dandenong,Victoria,30,,,,,,158,49,Competed in Olympic Games,,,,
137234,Riley Day,Riley Louise Day,Riley•Day,,,Beaudesert Bullet,,Female,2000-03-30,Beaudesert,Queensland,30,,,,,,,,Competed in Olympic Games,,,,
137235,Rose Davies,Rose Davies,Rose•Davies,,,,,Female,1999-12-21,?,New South Wales,30,,,,,,,,Competed in Olympic Games,,,,
137236,Sarah Carli,Sarah Carli,Sarah•Carli,,,,,Female,1994-09-05,Wollongong,New South Wales,30,,,,,,,,Competed in Olympic Games,"Kembla Joggers, Wollongong (AUS)",,,
137237,Sinead Diver,Sinead Diver,Sinead•Diver,,,"Div, Divy",,Female,1977-02-17,Castlebar,Mayo,128,,,,,,,,Competed in Olympic Games,Melbourne Track Club (AUS),,,
137362,Alex Beck,"Alexander ""Alex"" Beck",Alex•Beck,,,,,Male,1992-02-07,Gold Coast,Queensland,30,,,,,,,,Competed in Olympic Games,Ignition Athletics Club (AUS),,,
137363,Ashley Moloney,Ashley Moloney,Ashley•Moloney,,,Ash,,Male,2000-03-13,Logan City,Queensland,30,,,,,,,,Competed in Olympic Games,,,,
137364,Ben Buckingham,"Benjamin ""Ben"" Buckingham",Ben•Buckingham,,,,,Male,1991-11-08,Myrtleford,Victoria,30,,,,,,,,Competed in Olympic Games,Melbourne Track Club (AUS) / St. Stephens Harriers Athletics Club (AUS),,,
137365,Charlie Hunter,Charlie Hunter,Charlie•Hunter,,,,,Male,1996-07-20,?,New South Wales,30,,,,,,,,Competed in Olympic Games,,,,
137366,Declan Tingay,Declan Tingay,Declan•Tingay,,,,,Male,1999-02-06,Los Angeles,California,268,,,,,,,,Competed in Olympic Games,,,,
137367,Edward Trippas,Edward Trippas,Edward•Trippas,,,,,Male,1998-09-22,?,New South Wales,30,,,,,,,,Competed in Olympic Games,,,,
137368,Jack Rayner,Jack Rayner,Jack•Rayner,,,,,Male,1995-12-19,Melbourne,Victoria,30,,,,,,,,Competed in Olympic Games,,,,
137369,Jye Edwards,Jye Edwards,Jye•Edwards,,,,,Male,1998-03-06,?,New South Wales,30,,,,,,,,Competed in Olympic Games,Bankstown Sports Athletics Club (AUS),,,
137370,Kyle Swan,Kyle Swan,Kyle•Swan,,,,,Male,1999-03-28,Wantirna,Victoria,30,,,,,,,,Competed in Olympic Games,,,,
137371,Matthew Clarke,Matthew Clarke,Matthew•Clarke,,,Clarkey,,Male,1995-04-29,East Melbourne,Victoria,30,,,,,,,,Competed in Olympic Games,Team Tempo (AUS),,,
137372,Morgan McDonald,Morgan McDonald,Morgan•McDonald,,,,,Male,1996-04-23,Sydney,New South Wales,30,,,,,,,,Competed in Olympic Games,,,,
137373,Oliver Hoare,Oliver Hoare,Oliver•Hoare,,,Olli,,Male,1997-01-29,Sydney,New South Wales,30,,,,,,,,Competed in Olympic Games,,,,
137374,Rohan Browning,Rohan Browning,Rohan•Browning,,,,,Male,1997-12-31,Crows Nest,New South Wales,30,,,,,,,,Competed in Olympic Games,Sydney University Athletics Club (AUS),,,
137375,Stewart McSweyn,Stewart McSweyn,Stewart•McSweyn,,,,,Male,1995-06-01,Launceston,Tasmania,30,,,,,,,,Competed in Olympic Games,,,,
137498,Susanne Walli,Susanne Walli (-Gogl),Susanne•Walli,,,,,Female,1996-05-05,,,,,,,,,,,Competed in Olympic Games,,,,
137499,Verena Mayr,Verena Mayr (Preiner-),Verena•Mayr,,,Vertschi,,Female,1995-02-01,,,,,,,,,,,Competed in Olympic Games,,,,
137500,Victoria Hudson,Victoria Hudson,Victoria•Hudson,,,,,Female,1996-05-28,,,,,,,,,,,Competed in Olympic Games,,,,
137516,Lemawork Ketema,Lemawork Ketema Weldearegaye,Lemawork•Ketema,,,,,Male,1985-10-22,Huruta,Oromiya,89,,,,,,,,Competed in Olympic Games,,,,
137517,Peter Herzog,Peter Herzog,Peter•Herzog,,,,,Male,1987-08-01,,,,,,,,,,,Competed in Olympic Games,,,,
137567,Brianne Bethel,Brianne Bethel,Brianne•Bethel,,,,,Female,1998-07-05,,,,,,,,,,,Competed in Olympic Games,,,,
137568,Devynne Charlton,Devynne Ashtyn Charlton,Devynne•Charlton,,,"Sonic, Dev",,Female,1995-11-26,Nassau,New Providence,2,,,,,,,,Competed in Olympic Games,Puma,,,
137569,Doneisha Anderson,Doneisha Anderson,Doneisha•Anderson,,,,,Female,2000-09-21,,,,,,,,,,,Competed in Olympic Games,"University of Florida, Gainesville (USA)",,,
137570,Lacarthea Cooper,Lacarthea Cooper,Lacarthea•Cooper,,,,,Female,2004-03-25,,,,,,,,,,,Non-starter,Red Line Athletics (BAH),,,
137571,Samson Colebrooke,Samson Colebrooke,Samson•Colebrooke,,,,,Male,1997-05-10,,,,,,,,,,,Competed in Olympic Games,"Purdue University, West Lafayette (USA)",,,
137575,Jahir Rayhan,Mohammad Jahir Rayhan,Jahir•Rayhan,,,,,Male,2001-04-25,,,,,,,,,,,Competed in Olympic Games,,,,
137578,Jonathan Jones,Jonathan Noel Maurice Jones,Jonathan•Jones,,,,,Male,1999-02-06,Bridgetown,Saint Michael,47,,,,,,,,Competed in Olympic Games,"University of Texas, Austin (USA)",,,
137579,Mario Burke,Mario Omar Burke,Mario•Burke,,,,,Male,1997-03-18,Bridgetown,Saint Michael,47,,,,,,,,Competed in Olympic Games,Nike,,,
137582,Eric Nzikwinkunda,Eric Nzikwinkunda,Eric•Nzikwinkunda,,,,,Male,1997-01-01,,,,,,,,,,,Competed in Olympic Games,Playas de Castellon (ESP),,,
137584,Camille Laus,Camille Laus,Camille•Laus,,,,,Female,1993-05-23,Tournai,Hainaut,34,,,,,,,,Competed in Olympic Games,"Running Club de Bruxelles, Brussels (BEL)",,,
137585,Élise Vanderelst,Élise Vanderelst,Élise•Vanderelst,,,,,Female,1998-01-27,,,,,,,,,,,Competed in Olympic Games,Mons Obourg Hainaut Athletics [MOHA] (BEL),,,
137586,Fanny Smets,Fanny Smets,Fanny•Smets,,,,,Female,1986-04-21,Soest,Nordrhein-Westfalen,72,,,,,,,,Competed in Olympic Games,"AV Unitas, Sittard (NED) / CABW, Nivelles (BEL)",,,
137587,Hanne Claes,Hanne Claes,Hanne•Claes,,,,,Female,1991-08-04,Hasselt,Limburg,34,,,,,,,,Competed in Olympic Games,Daring Club Leuven Atletiek (BEL),,,
137588,Hanne Verbruggen,Hanne Verbruggen,Hanne•Verbruggen,,,,,Female,1993-05-27,Bruxelles (Brussels),Région de Bruxelles-Capitale,34,,,,,,,,Competed in Olympic Games,"VITA Atletiek Club, Ninove (BEL)",,,
137589,Imke Vervaet,Imke Vervaet,Imke•Vervaet,,,,,Female,1993-04-11,Gent (Ghent),Oost-Vlaanderen,34,,,,,,,,Competed in Olympic Games,KRC Ghent (BEL),,,
137590,Mieke Gorissen,Mieke Gorissen,Mieke•Gorissen,,,,,Female,1982-11-29,Hasselt,Limburg,34,,,,,,,,Competed in Olympic Games,Atletiekclub De Demer [ADD] (BEL),,,
137591,Naomi van den Broeck,Naomi van den Broeck,Naomi•van den Broeck,,,,,Female,1996-01-03,?,,193,,,,,,,,Competed in Olympic Games,"ROCA, Rochefort (BEL) / TIF Viking, Bergen (NOR)",,,
137592,Noor Vidts,Noor Vidts,Noor•Vidts,,,,,Female,1996-05-30,,,,,,,,,,,Competed in Olympic Games,Royal AC Vilvoorde (BEL),,,
137593,Paulien Couckuyt,Paulien Couckuyt,Paulien•Couckuyt,,,,,Female,1997-05-19,Antwerpen (Antwerp),Antwerpen,34,,,,,,,,Competed in Olympic Games,AVKA (BEL),,,
137628,Alexander Doom,Alexander Doom,Alexander•Doom,,,,,Male,1997-04-25,,,,,,,,,,,Competed in Olympic Games,Roeselare Athletics Association (BEL),,,
137629,Ben Broeders,Ben Joren Broeders,Ben•Broeders,,,,,Male,1995-06-21,Leuven,Vlaams Brabant,34,,,,,,,,Competed in Olympic Games,Daring Club Leuven Atletiek (BEL),,,
137630,Dieter Kersten,Dieter Kersten,Dieter•Kersten,,,,,Male,1996-10-25,,,,,,,,,,,Competed in Olympic Games,Atletiekclub De Demer [ADD] (BEL),,,
137631,Eliott Crestan,Eliott Crestan,Eliott•Crestan,,,,,Male,1999-02-22,Namur,Namur,34,,,,,,,,Competed in Olympic Games,"Sambre et Meuse Athletique Club [SMAC], Namur (BEL)",,,
137632,Isaac Kimeli,Isaac Kipruto Kimeli,Isaac•Kimeli,,,,,Male,1994-03-09,?,Uasin Gishu,138,,,,,,,,Competed in Olympic Games,Koninklijke Olympic Essenbeek Halle (BEL) / Runners' Lab Athletics Team (BEL),,,
137633,Ismaël Debjani,Ismaël Debjani,Ismaël•Debjani,,,,,Male,1990-09-25,Montignies-sur-Sambre,Hainaut,34,,,,,,171,55,Competed in Olympic Games,"Royal Club d'Athletisme du Brabant Wallon, Nivelles (BEL)",,,
137634,Jonathan Sacoor,Jonathan Sacoor,Jonathan•Sacoor,,,,,Male,1999-09-01,Halle,Vlaams Brabant,34,,,,,,,,Competed in Olympic Games,"University of Tennessee, Knoxville (USA) / OEH (BEL)",,,
137635,Michael Obasuyi,Michael Obasuyi,Michael•Obasuyi,,,,,Male,1999-08-12,Brugge (Bruges),West-Vlaanderen,34,,,,,,,,Competed in Olympic Games,Olympic Essenbeek Halle [OEH] (BEL),,,
137636,Robin Hendrix,Robin Hendrix,Robin•Hendrix,,,,,Male,1995-01-14,Kapelle-op-den-Bos,Vlaams Brabant,34,,,,,,,,Competed in Olympic Games,Runners' lab Athletics Team (BEL) / Olympic Essenbeek Halle (BEL),,,
137637,Robin Vanderbemden,Robin Vanderbemden,Robin•Vanderbemden,,,,,Male,1994-02-10,Seraing,Liège,34,,,,,,,,Competed in Olympic Games,Seraing AC (BEL),,,
137668,Samantha Dirks,Samantha Nicole Dirks,Samantha•Dirks,,,,,Female,1992-12-18,Los Angeles,California,268,,,,,,,,Competed in Olympic Games • Other,,,,
137669,Shaun Gill,Shaun Christopher Colin Gill,Shaun•Gill,,,,,Male,1993-04-09,Belize City,Belize,43,,,,,,,,Competed in Olympic Games • Other,,,,
137673,Aliaksandra Khilmanovich,Aliaksandra Valerieuna Khilmanovich,Aliaksandra•Khilmanovich,Аляксандра Валер'еўна•Хільмановіч,"Aleksandra Valeryevna Khilmanovich, Александра Валерьевна Хильманович",,,Female,1996-12-14,Hrodna,Hrodna,42,,,,,,169,58,Competed in Olympic Games,Dynamo (BLR) / Grodno Regional Complex Centre of Olympic Reserve (BLR),,,
137674,Anastasiya Rarouskaya,Anastasiya Tadevushauna Rarouskaya,Anastasiya•Rarouskaya,Анастасія Тадэвушаўна•Рароўская,"Anastasiya Tadeushevna Rarovskaya, Анастасия Тадеушевна Раровская",Nasta,,Female,1996-06-19,Vaverany,Hrodna,42,,,,,,161,51,Competed in Olympic Games,Grodno Regional Complex Centre of Olympic Reserve (BLR),,,
137675,Asteria Limai,Asteria Uzo Limai,Asteria•Limai,Астэрыя Узо•Лімай,"Asteriya Uzo Limay, Астерия Узо Лимай",,,Female,2001-07-19,Minsk,Minsk,42,,,,,,173,57,Competed in Olympic Games,"Dynamo, Minsk (BLR)",,,
137676,Hanna Mikhailava,Hanna Mikhailava,Hanna•Mikhailava,Ганна•Міхайлава,,,,Female,1998-03-29,Brest,Brest,42,,,,,,166,55,Non-starter,,,,
137677,Karyna Demidik,Karyna Alehauna Demidik (Taranda-),Karyna•Demidik,Карына Алегаўна•Дэмідік (Таранда-),"Karina Olegovna Demidik (Taranda-), Карина Олеговна Демидик (Таранда-)",Tornado,,Female,1999-02-10,Baranovichi,Brest,42,,,,,,183,63,Competed in Olympic Games,,,,
137678,Krystsina Muliarchyk,Krystsina Mikalayeuna Muliarchyk,Krystsina•Muliarchyk,Крысціна Мікалаеўна•Мулярчык,,,,Female,1997-12-23,Brest,Brest,42,,,,,,178,68,Non-starter,,,,
137679,Krystsina Tsimanouskaya,Krystsina Siarheyeuna Tsimanouskaya,Krystsina•Tsimanouskaya,Крысціна Сяргееўна•Ціманоўская,"Kristina Sergeyevna Timanovskaya, Кристина Сергеевна Тимановская",,,Female,1996-11-19,Klimavichy,Mahilyow,42,,,,,,168,62,Competed in Olympic Games,Dynamo (BLR),,,
137680,Anastasiya Maslava,Anastasiya Aliaksandrauna Maslava,Anastasiya•Maslava,Анастасія Аляксандраўна•Маслава,"Anastasiya Aleksandrovna Maslova, Анастасия Александровна Маслова",,,Female,1997-10-16,Hubernia,Brest,42,,,,,,181,78,Competed in Olympic Games,,,,
137681,Viktoryia Rashchupkina,Viktoryia Andreeuna Rashchupkina,Viktoryia•Rashchupkina,Вікторыя Андрэеўна•Рашчупкіна,"Viktoriya Andreyevna Roshchupkina, Виктория Андреевна Рощупкина",Vika,,Female,1995-05-23,Brest,Brest,42,,,,,,165,51,Competed in Olympic Games,Athletics Republican Centre of Olympic Preparation (BLR),,,
137682,Viyaleta Skvartsova,Viyaleta Maksimauna Skvartsova,Viyaleta•Skvartsova,Віялета Максімаўна•Скварцова,"Violetta Maksimovna Skvortsova, Виолетта Максимовна Скворцова",,,Female,1998-04-15,Vitebsk,Vitebsk,42,,,,,,182,61,Competed in Olympic Games,,,,
137683,Yuliya Bliznets,Yuliya Bliznets (Kastsiuchkova-),Yuliya•Bliznets,Юлія•Блізнец (Касцючкова-),"Yuliya Bliznets (Kostyuchkova -), Юлия Близнец (Костючкова-)",,,Female,1994-11-05,Homel,Homel,42,,,,,,177,67,Competed in Olympic Games,Gomel Regional Athletics Centre of Olympic Reserve (BLR),,,
137704,Aliaksei Katkavets,Aliaksei Vasilevich Katkavets,Aliaksei•Katkavets,Аляксей Васільевіч•Каткавец,"Aleksey Vasilyevich Kotkovets, Алексей Васильевич Котковец",,,Male,1998-06-07,Ivanava,Brest,42,,,,,,183,88,Competed in Olympic Games,,,,
137705,Dzmitry Dziubin,Dzmitry Mikhailavich Dziubin,Dzmitry•Dziubin,Дзмітрый Міхайлавіч•Дзюбін,"Dmitry Mikhaylovich Dyubin, Дмитрий Михайлович Дюбин",Dima,,Male,1990-07-12,Belchytsa,Vitebsk,42,,,,,,184,75,Competed in Olympic Games,Sports Committee of the Armed Forces (BLR),,,
137706,Hleb Dudarau,Hleb Aliaksandravich Dudarau,Hleb•Dudarau,Глеб Аляксандравіч •Дудараў,"Gleb Aleksandrovich Dudarev, Глеб Александрович Дударев",,,Male,1996-10-17,Dubrowna,Vitebsk,42,,,,,,195,115,Competed in Olympic Games,KU Athletics (USA),,,
137707,Maksim Nedasekau,Maksim Yurevich Nedasekau,Maksim•Nedasekau,Максім Юр’евіч•Недасекаў,"Maksim Yuryevich Nedosekov, Максим Юрьевич Недосеков",,,Male,1998-01-21,Vitebsk,Vitebsk,42,,,,,,193,77,Competed in Olympic Games,Sports Committee of the Armed Forces (BLR),,,
137708,Pavel Mialeshka,Pavel Alehavich Mialeshka,Pavel•Mialeshka,Павел Алегавіч•Мялешка,"Pavel Olegovich Meleshko, Павел Олегович Мелешко",Pasha,,Male,1992-11-24,Slonim,Hrodna,42,,,,,,185,95,Competed in Olympic Games,Dynamo (BLR),,,
137709,Vitali Parakhonka,Vitali Aliaksandravich Parakhonka,Vitali•Parakhonka,Віталій Аляксандравіч•Парахонька,"Vitaly Aleksandrovich Parakhonko, Виталий Александрович Парахонько",,,Male,1993-08-18,Orsha,Vitebsk,42,,,,,,191,82,Competed in Olympic Games,,,,
137711,Yauheni Bahutski,Yauheni Bahutski,Yauheni•Bahutski,Яўгеній•Багуцкі,"Yevgeny Bogutsky, Евгений Богуцкий",Zhenya,,Male,1999-09-07,Brusy,Minsk Voblast,42,,,,,,197,123,Competed in Olympic Games,,,,
137712,Yury Vasilchanka,Yury Uladzimiravich Vasilchanka,Yury•Vasilchanka,Юрый Уладзіміравіч•Васiльчанка,"Yury Vladimirovich Vasilchenko, Юрий Владимирович Васильченко",Yurochka,,Male,1994-04-01,Maryina Gorka,Minsk Voblast,42,,,,,,195,120,Competed in Olympic Games,,,,
137735,Galefele Moroko,Galefele Kate Moroko,Galefele•Moroko,,,,,Female,1997-04-16,Maun,North West,50,,,,,,,,Competed in Olympic Games,,,,
137738,Bayapo Ndori,Bayapo S. Ndori,Bayapo•Ndori,,,,,Male,1999-06-20,,,,,,,,,,,Competed in Olympic Games,,,,
137739,Leungo Scotch,Leungo Scotch,Leungo•Scotch,,,,,Male,1996-02-28,,,,,,,,,,,Competed in Olympic Games,,,,
137740,Zibani Ngozi,Zibani Ngozi,Zibani•Ngozi,,,,,Male,1992-10-31,,,,,,,,,,,Competed in Olympic Games,,,,
137742,Ana Carolina Azevedo,Ana Carolina de Jesus Azevedo,Ana Carolina•Azevedo,,,,,Female,1998-05-19,Pariquera-Açu,São Paulo,46,,,,,,156,56,Competed in Olympic Games,,,,
137743,Chayenne da Silva,Chayenne Pereira da Silva,Chayenne•da Silva,,,,,Female,2000-02-05,Rio de Janeiro,Rio de Janeiro,46,,,,,,171,57,Competed in Olympic Games,,,,
137744,Izabela Rodrigues,Izabela Rodrigues da Silva,Izabela•Rodrigues,,,,,Female,1995-08-02,Adamantina,São Paulo,46,,,,,,177,112,Competed in Olympic Games,,,,
137745,Jucilene de Lima,Jucilene Sales de Lima,Jucilene•de Lima,,,,,Female,1990-09-14,Taperoá,Paraíba,46,,,,,,174,74,Competed in Olympic Games,,,,
137746,Ketiley Batista,Ketiley Batista,Ketiley•Batista,,,,,Female,1999-07-13,Caraguatatuba,São Paulo,46,,,,,,167,56,Competed in Olympic Games,,,,
137747,Simone Ponte Ferraz,Simone Ponte Ferraz,Simone•Ponte Ferraz,,,,,Female,1990-03-12,Ponte Serrada,Santa Catarina,46,,,,,,164,51,Competed in Olympic Games,,,,
137748,Tábata Vitorino,Tábata Vitorino de Carvalho,Tábata•Vitorino,,,,,Female,1996-04-23,Maringá,Paraná,46,,,,,,172,61,Competed in Olympic Games,,,,
137749,Tatiane Raquel Silva,Tatiane Raquel da Silva,Tatiane Raquel•Silva,,,,,Female,1990-06-10,Londrina,Paraná,46,,,,,,170,57,Competed in Olympic Games,,,,
137750,Tiffani Marinho,Tiffani Beatriz Domingos Silva do Nascimento Marinho,Tiffani•Marinho,,,,,Female,1999-05-06,Duque de Caxias,Rio de Janeiro,46,,,,,,167,59,Competed in Olympic Games,,,,
137814,Alexsandro Melo,Alexsandro do Nascimento de Melo,Alexsandro•Melo,,,,,Male,1995-09-26,Londrina,Paraná,46,,,,,,189,72,Competed in Olympic Games,,,,
137815,Alison dos Santos,Alison Brendom Alves dos Santos,Alison•dos Santos,,,,,Male,2000-06-03,São Joaquim da Barra,São Paulo,46,,,,,,200,76,Competed in Olympic Games,,,,
137816,Almir Júnior,"Almir Cunha dos Santos ""Júnior""",Almir•Júnior,,,,,Male,1993-09-04,Matupá,Mato Grosso,46,,,,,,190,82,Competed in Olympic Games,,,,
137817,Anderson Henriques,Anderson Freitas Henriques,Anderson•Henriques,,,,,Male,1992-03-03,Caçapava do Sul,Rio Grande do Sul,46,,,,,,180,81,Competed in Olympic Games,,,,
137818,Daniel Chaves,Daniel Chaves da Silva,Daniel•Chaves,,,,,Male,1988-07-10,Petrópolis,Rio de Janeiro,46,,,,,,173,62,Competed in Olympic Games,,,,
137819,Derick Souza,Derick de Souza Silva,Derick•Souza,,,,,Male,1998-04-23,Rio de Janeiro,Rio de Janeiro,46,,,,,,182,79,Competed in Olympic Games,,,,
137820,Eduardo de Deus,Eduardo Rodrigues dos Santos de Deus Júnior,Eduardo•de Deus,,,,,Male,1995-10-08,Campinas,São Paulo,46,,,,,,185,77,Competed in Olympic Games,,,,
137821,Felipe Bardi,Felipe Bardi dos Santos,Felipe•Bardi,,,,,Male,1998-10-08,Americana,São Paulo,46,,,,,,189,80,Competed in Olympic Games,,,,
137822,Felipe dos Santos,Felipe Vinícius dos Santos,Felipe•dos Santos,,,,,Male,1994-07-30,São Paulo,São Paulo,46,,,,,,183,85,Competed in Olympic Games,,,,
137823,Fernando Ferreira,Fernando Carvalho Ferreira,Fernando•Ferreira,,,,,Male,1994-12-13,Ribeirão Preto,São Paulo,46,,,,,,198,84,Competed in Olympic Games,,,,
137824,Gabriel Constantino,Gabriel Oliveira Constantino,Gabriel•Constantino,,,,,Male,1995-02-09,Rio de Janeiro,Rio de Janeiro,46,,,,,,185,78,Competed in Olympic Games,,,,
137826,Lucas Mazzo,Lucas Gomes de Souza Mazzo,Lucas•Mazzo,,,,,Male,1994-05-19,Belém,Pará,46,,,,,,179,65,Competed in Olympic Games,,,,
137827,Mateus de Sá,Mateus Daniel Adão de Sá,Mateus•de Sá,,,,,Male,1995-11-21,Dracena,São Paulo,46,,,,,,184,80,Competed in Olympic Games,,,,
137828,Matheus Corrêa,Matheus Gabriel Liz Corrêa,Matheus•Corrêa,,,,,Male,1999-08-22,Blumenau,Santa Catarina,46,,,,,,177,62,Competed in Olympic Games,,,,
137829,Paulo André,Paulo André Camilo de Oliveira,•Paulo André,,,,,Male,1998-08-20,Santo André,São Paulo,46,,,,,,185,82,Competed in Olympic Games,,,,
137830,Rafael Pereira,Rafael Henrique Campos Pereira,Rafael•Pereira,,,,,Male,1997-04-08,Belo Horizonte,Minas Gerais,46,,,,,,184,80,Competed in Olympic Games,,,,
137831,Rodrigo do Nascimento,Rodrigo Pereira do Nascimento,Rodrigo•do Nascimento,,,,,Male,1994-09-26,Itajaí,Santa Catarina,46,,,,,,180,83,Competed in Olympic Games,,,,
137832,Samory Uiki,Samory Uiki Bandeira Fraga,Samory•Uiki,,,,,Male,1996-11-29,Porto Alegre,Rio Grande do Sul,46,,,,,,192,83,Competed in Olympic Games,,,,
137833,Thiago Moura,Thiago Julio Souza Alfano Moura,Thiago•Moura,,,,,Male,1995-11-27,São Paulo,São Paulo,46,,,,,,193,83,Competed in Olympic Games,,,,
137906,Aminat Jamal,Aminat Yusuf Jamal,Aminat•Jamal,أمينات يوسف•جمال,,,,Female,1997-06-27,?,,191,,,,,,,,Competed in Olympic Games,,,,
137907,Eunice Chumba,Eunice Chebichii Paul Chumba,Eunice•Chumba,يونيس تشيبتشي•تشومبا,,,,Female,1993-05-23,?,Nandi,138,,,,,,,,Competed in Olympic Games,,,,
137908,Kalkidan Gezahegne,Kalkidan Gezahegne Befkadu,Kalkidan•Gezahegne,كالكيدان•جيزاهين,,,,Female,1991-05-08,Addis Ababa,Addis Ababa,89,,,,,,,,Competed in Olympic Games,,,,
137909,Winfred Yavi,Winfred Mutile Yavi,Winfred•Yavi,وينفريد موتيل•يافي,,,,Female,1999-12-31,?,,138,,,,,,,,Competed in Olympic Games,,,,
137912,Abdelrahman Mahmoud,Abdelrahman Mahmoud,Abdelrahman•Mahmoud,عبدالرحمن•محمود,,,,Male,2001-01-01,,,,,,,,,,,Competed in Olympic Games,,,,
137913,Dawit Fikadu,Dawit Fikadu Admasu,Dawit•Fikadu,داويت•فيكادو,,,,Male,1995-12-29,?,,89,,,,,,,,Competed in Olympic Games,,,,
137914,Sadik Mikhou,Sadik Mikhou,Sadik•Mikhou,صادق•ميخو,,,,Male,1990-07-25,?,,165,,,,,,,,Competed in Olympic Games,,,,
137915,Shumi Dechasa,Leche Shumi Dechasa,Shumi•Dechasa,شومي•ديشاسا,,,,Male,1989-05-28,Gimbichu,Oromiya,89,,,,,,,,Competed in Olympic Games,,,,
137932,Muhd Noor Firdaus Ar Rasyid,Muhd Noor Firdaus Ar Rasyid,Muhd Noor Firdaus•Ar Rasyid,,,,,Male,1996-10-22,,,,,,,,,,,Competed in Olympic Games,,,,
137959,Pen Sokong,Pen Sokong,Pen•Sokong,,,,Oriental,Male,1994-03-05,Pursat,Pursat,140,,,,,,,,Competed in Olympic Games • Other,,,,
137962,Alycia Butterworth,Alycia Kaitlin Butterworth,Alycia•Butterworth,,,,,Female,1992-10-01,Prince Rupert,British Columbia,52,,,,,,,,Competed in Olympic Games,,,,
137963,Camryn Rogers,Camryn Rogers,Camryn•Rogers,,,,,Female,1999-06-07,Richmond,British Columbia,52,,,,,,,,Competed in Olympic Games,"California Golden Bears, Berkeley (USA)",,,
137964,Dayna Pidhoresky,Dayna Pidhoresky,Dayna•Pidhoresky,,,,,Female,1986-11-18,Windsor,Ontario,52,,,,,,,,Competed in Olympic Games,,,,
137965,Georgia Ellenwood,Georgia Lorraine Ellenwood,Georgia•Ellenwood,,,,,Female,1995-08-05,Vancouver,British Columbia,52,,,,,,,,Competed in Olympic Games,,,,
137966,Jillian Weir,Jillian Lydia Anne Weir,Jillian•Weir,,,,,Female,1993-02-09,Menlo Park,California,268,,,,,,,,Competed in Olympic Games,,,,
137967,Julie-Anne Staehli,Julie-Anne Staehli,Julie-Anne•Staehli,,,,,Female,1993-12-21,Goderich,Ontario,52,,,,,,,,Competed in Olympic Games,,,,
137968,Kate van Buskirk,Kate van Buskirk,Kate•van Buskirk,,,,,Female,1987-06-09,Toronto,Ontario,52,,,,,,,,Competed in Olympic Games,"Duke Blue Devils, Durham (USA)",,,
137969,Lauren Gale,Lauren Gale,Lauren•Gale,,,,,Female,2000-01-01,Fredericton,New Brunswick,52,,,,,,,,Non-starter,"Colorado State Rams, Fort Collins (USA)",,,
137970,Lindsey Butterworth,Lindsey Butterworth,Lindsey•Butterworth,,,,,Female,1992-09-27,Burnaby,British Columbia,52,,,,,,,,Competed in Olympic Games,,,,
137971,Lucia Stafford,Lucia Stafford,Lucia•Stafford,,,,,Female,1998-08-17,London,Ontario,52,,,,,,,,Competed in Olympic Games,,,,
137972,Madeleine Kelly,Madeleine Kelly,Madeleine•Kelly,,,,,Female,1995-12-28,Hamilton,Ontario,52,,,,,,,,Competed in Olympic Games,,,,
137973,Maddy Price,"Madeline Jane ""Maddy"" Price",Maddy•Price,,,,,Female,1995-09-11,Palo Alto,California,268,,,,,,,,Competed in Olympic Games,,,,
137974,Natalia Hawthorn,Natalia Hawthorn,Natalia•Hawthorn,,,,,Female,1995-01-12,Bracebridge,Ontario,52,,,,,,,,Competed in Olympic Games,,,,
137975,Natassha McDonald,Natassha Kalia McDonald,Natassha•McDonald,,,,,Female,1997-01-27,Mississauga,Ontario,52,,,,,,,,Competed in Olympic Games,,,,
137976,Regan Yee,Regan Yee,Regan•Yee,,,,,Female,1995-07-04,Vancouver,British Columbia,52,,,,,,,,Competed in Olympic Games,,,,
137977,Sarah Mitton,Sarah Dawn Mitton,Sarah•Mitton,,,,,Female,1996-06-20,Liverpool,Nova Scotia,52,,,,,,,,Competed in Olympic Games,,,,
138094,Ben Preisner,"Benjamin ""Ben"" Preisner",Ben•Preisner,,,,,Male,1996-03-22,Oakville,Ontario,52,,,,,,,,Competed in Olympic Games,,,,
138095,Bismark Boateng,Bismark Boateng,Bismark•Boateng,,,,,Male,1992-03-15,Accra,Greater Accra,100,,,,,,,,Competed in Olympic Games,,,,
138096,Django Lovett,Django Lovett,Django•Lovett,,,,,Male,1992-07-06,Surrey,British Columbia,52,,,,,,,,Competed in Olympic Games,,,,
138097,Jerome Blake,Jerome W. Blake,Jerome•Blake,,,,,Male,1995-08-18,Buff Bay,Portland,134,,,,,,,,Competed in Olympic Games,Nike,,,
138098,John Gay,John Eamon Gay,John•Gay,,,,,Male,1996-11-07,Kelowna,British Columbia,52,,,,,,,,Competed in Olympic Games,,,,
138099,Justyn Knight,Justyn Knight,Justyn•Knight,,,,,Male,1996-07-19,Toronto,Ontario,52,,,,,,,,Competed in Olympic Games,,,,
138100,Marco Arop,Marco Rau Arop,Marco•Arop,,,,,Male,1998-09-20,Khartoum,Al-Khartum,223,,,,,,,,Competed in Olympic Games,,,,
138101,Pierce LePage,Pierce LePage,Pierce•LePage,,,,,Male,1996-01-22,Toronto,Ontario,52,,,,,,,,Competed in Olympic Games,,,,
138102,Trevor Hofbauer,Trevor Hofbauer,Trevor•Hofbauer,,,,,Male,1992-03-08,Burnaby,British Columbia,52,,,,,,,,Competed in Olympic Games,,,,
138180,Shalysa Wray,Shalysa Wray,Shalysa•Wray,,,,,Female,1999-05-06,,,,,,,,,,,Competed in Olympic Games,,,,
138183,Natacha Ngoye Akamabi,Natacha Ngoye Akamabi,Natacha•Ngoye Akamabi,,,,,Female,1993-08-15,Pointe-Noire,Pointe-Noire,9,,,,,,,,Competed in Olympic Games • Other,,,,
138184,Gilles Anthony Afoumba,Gilles Anthony Afoumba,Gilles Anthony•Afoumba,,,,,Male,1996-06-14,,,,,,,,,,,Competed in Olympic Games,,,,
138217,Gabriel Kehr,Gabriel Enrique Kehr Sabra,Gabriel•Kehr,,,,,Male,1996-09-03,,,,,,,,,,,Competed in Olympic Games,,,,
138218,Humberto Mansilla,Humberto Fernando Mansilla Arzola,Humberto•Mansilla,,,,,Male,1996-05-22,Temuco,Araucanía,55,,,,,,,,Competed in Olympic Games,,,,
138230,Bai Li,Bai Li,Bai•Li,白•丽,,,Oriental,Female,1996-03-30,,,,,,,,,,,Competed in Olympic Games,,,,
138231,Chen Jiamin,Chen Jiamin,Chen•Jiamin,陈•佳敏,,,Oriental,Female,1996-05-01,,,,,,,,,,,Competed in Olympic Games,,,,
138232,Huang Guifen,Huang Guifen,Huang•Guifen,黄•瑰芬,,,Oriental,Female,1997-08-20,,,,,,,,,,,Competed in Olympic Games,,,,
138233,Li Yuting,Li Yuting,Li•Yuting,李•玉婷,,,Oriental,Female,2002-05-03,,,,,,,,,,,Non-starter,,,,
138234,Li Zhixuan,Li Zhixuan,Li•Zhixuan,李•芷萱,,,Oriental,Female,1994-03-23,,,,,,,,,,,Competed in Olympic Games,,,,
138235,Luo Na,Luo Na,Luo•Na,罗•娜,,,Oriental,Female,1993-10-08,Qiqihar,Heilongjiang,57,,,,,,,,Competed in Olympic Games,,,,
138236,Song Jiayuan,Song Jiayuan,Song•Jiayuan,宋•佳媛,,,Oriental,Female,1997-09-15,,,,,,,,,,,Competed in Olympic Games,,,,
138237,Xu Shuangshuang,Xu Shuangshuang,Xu•Shuangshuang,许•双双,,,Oriental,Female,1996-04-06,,,,,,,,,,,Competed in Olympic Games,,,,
138238,Yang Jiayu,Yang Jiayu,Yang•Jiayu,杨•家玉,,,Oriental,Female,1996-02-18,Wuhai,Nei Mongol,57,,,,,,,,Competed in Olympic Games,,,,
138239,Zhang Deshun,Zhang Deshun,Zhang•Deshun,张•德顺,,,Oriental,Female,1996-02-21,,,,,,,,,,,Competed in Olympic Games,,,,
138240,Zheng Ninali,Zheng Ninali,Zheng•Ninali,郑•妮娜力,Nina Li Schultz,,Oriental,Female,1998-11-12,New Westminster,British Columbia,52,,,,,,,,Competed in Olympic Games,,,,
138407,Bian Tongda,Bian Tongda,Bian•Tongda,边•通达,,,Oriental,Male,1991-04-01,,,,,,,,,,,Competed in Olympic Games,,,,
138408,Fang Yaoqing,Fang Yaoqing,Fang•Yaoqing,方•耀庆,,,Oriental,Male,1996-04-20,,,,,,,,,,,Competed in Olympic Games,,,,
138409,Luo Yadong,Luo Yadong,Luo•Yadong,罗•亚东,,,Oriental,Male,1992-01-15,,,,,,,,,,,Competed in Olympic Games,,,,
138410,Peng Jianhua,Peng Jianhua,Peng•Jianhua,彭•建华,,,Oriental,Male,1996-12-18,,,,,,,,,,,Competed in Olympic Games,,,,
138411,Wang Kaihua,Wang Kaihua,Wang•Kaihua,王•凯华,,,Oriental,Male,1994-02-16,Qingyang,Gansu,57,,,,,,,,Competed in Olympic Games,,,,
138412,Wang Qin,Wang Qin,Wang•Qin,王•钦,,,Oriental,Male,1994-05-08,Baoji,Shaanxi,57,,,,,,,,Competed in Olympic Games,,,,
138413,Wu Ruiting,Wu Ruiting,Wu•Ruiting,吴•瑞庭,,,Oriental,Male,1995-11-29,,,,,,,,,,,Competed in Olympic Games,,,,
138414,Wu Zhiqiang,Wu Zhiqiang,Wu•Zhiqiang,吴•智强,,,Oriental,Male,1994-04-10,,,,,,,,,,,Competed in Olympic Games,,,,
138415,Yan Haibin,Yan Haibin,Yan•Haibin,严•海滨,,,Oriental,Male,2003-01-08,,,,,,,,,,,Non-starter,,,,
138416,Yang Shaohui,Yang Shaohui,Yang•Shaohui,杨•绍辉,,,Oriental,Male,1992-07-09,,,,,,,,,,,Competed in Olympic Games,,,,
138418,Zhu Yaming,Zhu Yaming,Zhu•Yaming,朱•亚明,,,Oriental,Male,1994-05-04,,,,,,,,,,,Competed in Olympic Games,,,,
138489,Arthur Cissé,Arthur Gué Cissé,Arthur•Cissé,,,,,Male,1996-12-29,,,,,,,,,,,Competed in Olympic Games,"Nike, Beaverton (USA)",,,
138515,Emmanuel Eseme,Emmanuel Eseme,Emmanuel•Eseme,,,,,Male,1993-08-17,,,,,,,,,,,Competed in Olympic Games,,,,
138523,Oliver Mwimba,Oliver Mwimba,Oliver•Mwimba,,,,,Male,1994-11-06,,,,,,,,,,,Competed in Olympic Games,TUT Athletics Club (RSA),,,
138531,María Lucelly Murillo,María Lucelly Murillo Murillo,María Lucelly•Murillo,,,,,Female,1991-05-05,,,,,,,,,,,Competed in Olympic Games,,,,
138532,Melissa González,Melissa González Craemer (-Blough),Melissa•González,,,,,Female,1994-06-24,El Paso,Texas,268,,,,,,168,,Competed in Olympic Games,,,,
138536,Carlos San Martín,Carlos Andrés San Martín Díaz,Carlos•San Martín,,,,,Male,1993-11-19,Cabuyaro,Meta,62,,,,,,179,,Competed in Olympic Games,,,,
138537,Diego Pinzón,Diego Juan Pinzón Flórez,Diego•Pinzón,,,,,Male,1985-02-12,Ciudad Bolívar,Antioquia,62,,,,,,166,,Competed in Olympic Games,,,,
138538,Iván González,Iván Darío González González,Iván•González,,,,,Male,1987-08-14,Bogotá,Bogotá,62,,,,,,,,Competed in Olympic Games,,,,
138539,Jeisson Suárez,Jeisson Alexandre Suárez Bocanegra,Jeisson•Suárez,,,,,Male,1991-03-21,Líbano,Tolima,62,,,,,,167,,Competed in Olympic Games,,,,
138540,Jhon Alexander Castañeda,Jhon Alexander Castañeda Ángulo,Jhon Alexander•Castañeda,,,,,Male,1992-02-19,Castilla La Nueva,Meta,62,,,,,,,,Competed in Olympic Games,,,,
138541,Jhon Alexander Solís,Jhon Alexander Solís Mosquera,Jhon Alexander•Solís,,,,,Male,1993-06-24,Zarzal,Valle del Cauca,62,,,,,,,,Competed in Olympic Games,,,,
138542,Raúl Mena,Raúl Hernán Mena Pedroza,Raúl•Mena,,,,,Male,1995-07-22,Barranquilla,Atlántico,62,,,,,,,,Competed in Olympic Games,,,,
138558,Amed Elna,Amed Elna,Amed•Elna,أميد•إلنا,,,,Female,1999-12-21,,,,,,,,,,,Competed in Olympic Games • Other,,,,
138559,Fadane Hamadi,Fadane Hamadi,Fadane•Hamadi,فردان•حمادي,,,,Male,1992-07-21,,,,,,,,,,,Competed in Olympic Games • Other,,,,
138566,Andrea Vargas,Andrea Carolina Vargas Mena,Andrea•Vargas,,,,,Female,1996-05-28,San José,San José,65,,,,,,,,Competed in Olympic Games • Other,,,,
138567,Noelia Vargas,Noelia Vargas Mena,Noelia•Vargas,,,,,Female,2000-04-17,San José,San José,65,,,,,,,,Competed in Olympic Games,,,,
138574,Bojana Bjeljac,Bojana Bjeljac,Bojana•Bjeljac,,,,,Female,1989-04-10,Novi Grad,Prijedor,41,,,,,,,,Competed in Olympic Games,,,,
138575,Marija Tolj,Marija Tolj,Marija•Tolj,,,,,Female,1999-11-29,Orebić,Dubrovačko-neretvanska županija,116,,,,,,,,Competed in Olympic Games,,,,
138576,Matea Parlov Koštro,Matea Parlov Koštro,Matea•Parlov Koštro,,,,,Female,1992-06-02,Zagreb,Grad Zagreb,116,,,,,,,,Competed in Olympic Games,,,,
138601,Davisleydi Velazco,Davisleydi Velazco Fernández,Davisleydi•Velazco,,,,,Female,1999-09-04,,,,,,,,,,,Competed in Olympic Games,,,,
138602,Leyanis Pérez,Leyanis Pérez Hernández,Leyanis•Pérez,,,,,Female,2002-01-10,,,,,,,,,,,Non-starter,,,,
138617,Andy Díaz,Andy Díaz Hernández,Andy•Díaz,,,,,Male,1995-12-25,,,,,,,,,,,Non-starter,,,,
138618,Cristian Nápoles,Cristian Atanay Nápoles Urria,Cristian•Nápoles,,,,,Male,1998-11-27,Marianao,Ciudad de La Habana,67,,,,,,,,Competed in Olympic Games,,,,
138619,Juan Miguel Echevarría,Juan Miguel Echevarría Laflé,Juan Miguel•Echevarría,,,,,Male,1998-08-11,Camagüey,Camagüey,67,,,,,,,,Competed in Olympic Games,,,,
138620,Luis Enrique Zayas,Luis Enrique Zayas Fernández,Luis Enrique•Zayas,,,,,Male,1997-06-07,,,,,,,,,,,Competed in Olympic Games,,,,
138637,Diana Mezuliáníková,Diana Mezuliáníková,Diana•Mezuliáníková,,,,,Female,1992-04-10,Bruntál,Moravskoslezský kraj,71,,,,,,,,Competed in Olympic Games,"ASC Dukla, Praha (CZE)",,,
138638,Irena Gillarová,Irena Gillarová (Šedivá-),Irena•Gillarová,,,,,Female,1992-01-19,Příbram,Středočeský kraj,71,,,,,,,,Competed in Olympic Games,"ASC Dukla, Praha (CZE)",,,
138639,Kristiina Mäki,Kristiina Hannele Mäki,Kristiina•Mäki,,,,,Female,1991-09-22,Seinäjoki,Etelä-Pohjanmaa,92,,,,,,,,Competed in Olympic Games,"PSK Olymp Praha, Praha (CZE)",,,
138640,Lada Vondrová,Lada Vondrová,Lada•Vondrová,,,,,Female,1999-09-06,Nové Město na Moravě,Vysočina,71,,,,,,,,Competed in Olympic Games,"USK Praha, Praha (CZE)",,,
138641,Marcela Joglová,Marcela Joglová,Marcela•Joglová,,,,,Female,1987-07-28,Klatovy,Plzeňský kraj,71,,,,,,,,Competed in Olympic Games,,,,
138642,Markéta Červenková,Markéta Červenková,Markéta•Červenková,,,,,Female,1991-08-20,Praha (Prague),Hlavní město Praha,71,,,,,,,,Competed in Olympic Games,"USK Praha, Praha (CZE)",,,
138643,Nikola Ogrodníková,Nikola Ogrodníková,Nikola•Ogrodníková,,,Boženka,,Female,1990-08-18,Ostrava,Moravskoslezský kraj,71,,,,,,,,Competed in Olympic Games,"ASC Dukla, Praha (CZE)",,,
138644,Simona Vrzalová,Simona Vrzalová,Simona•Vrzalová,,,,,Female,1988-04-07,Český Těšín,Moravskoslezský kraj,71,,,,,,,,Competed in Olympic Games,"SSK Vítkovice, Vítkovice, Ostrava (CZE)",,,
138645,Tereza Ďurdiaková,Tereza Ďurdiaková,Tereza•Ďurdiaková,,,,,Female,1991-02-20,Brno,Jihomoravský kraj,71,,,,,,,,Competed in Olympic Games,"USK Praha, Praha (CZE)",,,
138646,Tereza Hrochová,Tereza Hrochová,Tereza•Hrochová,,,,,Female,1996-02-24,Česká Lípa,Liberecký kraj,71,,,,,,,,Competed in Olympic Games,"Škoda Plzeň, Plzeň (CZE)",,,
138660,Jan Jirka,Jan Jirka,Jan•Jirka,,,,,Male,1993-10-05,Brandýs nad Labem-Stará Boleslav,Středočeský kraj,71,,,,,,,,Competed in Olympic Games,"PSK Olymp Praha, Praha (CZE)",,,
138661,Jan Tesař,Jan Tesař,Jan•Tesař,,,,,Male,1990-03-26,Brandýs nad Labem-Stará Boleslav,Středočeský kraj,71,,,,,,,,Non-starter,"Atletika Stará Boleslav, Brandýs nad Labem, Brandýs nad Labem-Stará Boleslav (CZE)",,,
138662,Michal Desenský,Michal Desenský,Michal•Desenský,,,,,Male,1993-03-01,Hradec Králové,Královéhradecký kraj,71,,,,,,,,Competed in Olympic Games,"TJ Sokol Hradec Králové, Hradec Králové (CZE)",,,
138663,Patrik Šorm,Patrik Šorm,Patrik•Šorm,,,,,Male,1993-11-21,Praha (Prague),Hlavní město Praha,71,,,,,,,,Competed in Olympic Games,"ASC Dukla, Praha (CZE)",,,
138664,Vít Hlaváč,Vít Hlaváč,Vít•Hlaváč,,,,,Male,1997-02-26,Karlovy Vary,Karlovarský kraj,71,,,,,,,,Competed in Olympic Games,"Tepo Kladno, Kladno (CZE)",,,
138665,Vít Müller,Vít Müller,Vít•Müller,,,,,Male,1996-08-31,Nymburk,Středočeský kraj,71,,,,,,,,Competed in Olympic Games,"ASC Dukla, Praha (CZE)",,,
138705,Astrid Glenner-Frandsen,Astrid Glenner-Frandsen,Astrid•Glenner-Frandsen,,,,,Female,1993-04-11,,,,,,,,,,,Competed in Olympic Games,,,,
138706,Emma Beiter Bomme,Emma Beiter Bomme,Emma Beiter•Bomme,,,,,Female,1998-06-28,,,,,,,,,,,Competed in Olympic Games,,,,
138707,Ida Karstoft,Ida Kathrine Karstoft,Ida•Karstoft,,,,,Female,1995-10-29,,,,,,,,,,,Competed in Olympic Games,,,,
138708,Mathilde Kramer,Mathilde Uldall Kramer,Mathilde•Kramer,,,,,Female,1993-03-15,,,,,,,,,,,Competed in Olympic Games,,,,
138709,Mette Graversgaard,Mette Laugesen Graversgaard,Mette•Graversgaard,,,,,Female,1995-10-05,,,,,,,,,,,Non-starter,,,,
138738,Frederik Schou-Nielsen,Frederik Schou-Nielsen,Frederik•Schou-Nielsen,,,,,Male,1996-02-05,,,,,,,,,,,Competed in Olympic Games,,,,
138739,Kojo Musah,Kojo Musah,Kojo•Musah,,,,,Male,1996-04-15,,,,,,,,,,,Competed in Olympic Games,,,,
138740,Simon Hansen,Simon Hansen,Simon•Hansen,,,,,Male,1998-06-30,,,,,,,,,,,Competed in Olympic Games,,,,
138741,Thijs Nijhuis,Thijs Matthias Nijhuis,Thijs•Nijhuis,,,,,Male,1992-09-20,,,,,,,,,,,Competed in Olympic Games,,,,
138771,Dennick Luke,Dennick Luke,Dennick•Luke,,,,,Male,2001-01-28,Portsmouth,Saint John,74,,,,,,,,Competed in Olympic Games • Other,,,,
138772,Anabel Medina,Anabel Medina Ventura,Anabel•Medina,,,,,Female,1996-12-15,,,,,,,,,,,Competed in Olympic Games,,,,
138773,Marileidy Paulino,Marileidy Paulino,Marileidy•Paulino,,,,,Female,1996-10-25,Nizao,Peravia,76,,,,,,,,Competed in Olympic Games,,,,
138785,Alexander Ogando,Alexander Ogando Bautista,Alexander•Ogando,,,,,Male,2000-05-03,,,,,,,,,,,Competed in Olympic Games,,,,
138786,Lidio Féliz,Lidio Andrés Féliz,Lidio•Féliz,,,,,Male,1997-06-26,Santa Cruz de Barahona,Barahona,76,,,,,,,,Competed in Olympic Games,,,,
138820,Andrea Paola Bonilla,Andrea Paola Bonilla Tello,Andrea Paola•Bonilla,,,,,Female,1986-12-05,,,,,,,,,,,Competed in Olympic Games,,,,
138821,Glenda Morejón,Glenda Estefanía Morejón Quiñónez,Glenda•Morejón,,,,,Female,2000-05-30,Ibarra,Imbabura,83,,,,,,,,Competed in Olympic Games,,,,
138822,Virginia Villalba,Virginia Elizabeth Villalba Perea,Virginia•Villalba,,,,,Female,1996-07-10,,,,,,,,,,,Non-starter,,,,
138823,Yuliana Ángulo,Yuliana Elizabeth Ángulo Jama,Yuliana•Ángulo,,,,,Female,1994-07-06,,,,,,,,,,,Competed in Olympic Games,,,,
138835,David Hurtado,Alexander David Hurtado Espinosa,David•Hurtado,,,,,Male,1999-04-21,,,,,,,,,,,Competed in Olympic Games,,,,
138836,Jhonatan Amores,Jhonatan Javier Amores Carua,Jhonatan•Amores,,,,,Male,1998-08-29,,,,,,,,,,,Competed in Olympic Games,,,,
138837,Jordy Jiménez,Jordy Rafael Jiménez Arrobo,Jordy•Jiménez,,,,,Male,1994-02-11,,,,,,,,,,,Competed in Olympic Games,,,,
138838,Juan Caicedo,Juan José Caicedo Calderón,Juan•Caicedo,,,,,Male,1992-07-27,,,,,,,,,,,Competed in Olympic Games,,,,
138871,Mohamed Magdi Hamza,Mohamed Magdi Hamza,Mohamed Magdi•Hamza,محمد مجدي•حمزة,,,,Male,1996-08-30,Al-Qahira (Cairo),Al-Qahira,84,,,,,,,,Competed in Olympic Games,"Al-Ahly, Al-Qahira (EGY)",,,
138872,Mostafa Amr Hassan,Mostafa Amr Hassan,Mostafa Amr•Hassan,مصطفى عمرو•حسن,,,,Male,1995-12-16,,,,,,,,,,,Competed in Olympic Games,,,,
138929,Dorian Keletela,Dorian Celeste Keletela,Dorian•Keletela,,,,,Male,1999-02-06,,,,,,,,,,,Competed in Olympic Games,,,,
138930,Jamal Abdelmaji,Jamal Abdelmaji Eisa Mohammed,Jamal•Abdelmaji,جمال•عبد المجي عيسى محمد,,,,Male,1993-08-25,Barde,Wasat Darfur,223,,,,,,,,Competed in Olympic Games,On,,,
138931,Tachlowini Gabriyesos,Tachlowini Gabriyesos,Tachlowini•Gabriyesos,,,,,Male,1998-01-01,,,,,,,,,,,Competed in Olympic Games • Other,,,,
138943,Dolshi Tesfu,Dolshi Tesfu,Dolshi•Tesfu,,,,,Female,1999-06-17,,,,,,,,,,,Competed in Olympic Games,,,,
138944,Kokob Tesfagaber Solomon,Kokob Tesfagaber Solomon,Kokob Tesfagaber•Solomon,,,,,Female,1994-06-04,,,,,,,,,,,Competed in Olympic Games,,,,
138945,Nazret Weldu,Nazret Weldu Gebrehiwet,Nazret•Weldu,,,,,Female,1990-01-01,,,,,,,,,,,Competed in Olympic Games • Other,,,,
138946,Rahel Daniel,Rahel Daniel Chebre,Rahel•Daniel,,,,,Female,2001-11-16,,,,,,,,,,,Competed in Olympic Games,,,,
138948,Oqbe Kibrom Ruesom,Oqbe Kibrom Ruesom,Oqbe Kibrom•Ruesom,,,,,Male,1998-01-01,,,,,,,,,,,Competed in Olympic Games,,,,
138949,Yohanes Ghebregergis,Yohanes Ghebregergis,Yohanes•Ghebregergis,,,,,Male,1989-01-01,,,,,,,,,,,Competed in Olympic Games,,,,
138954,José Andrés Salazar,José Andrés Salazar Mijangos,José Andrés•Salazar,,,,,Male,1997-01-11,,,,,,,,,,,Competed in Olympic Games,,,,
138956,Ana Peleteiro,Ana Peleteiro Brión,Ana•Peleteiro,,,,,Female,1995-12-02,Ribeira,La Coruña,87,,,,,,172,58,Competed in Olympic Games,,,,
138957,Carolina Robles,Carolina Robles Campos,Carolina•Robles,,,,,Female,1991-12-04,Sevilla (Seville),Sevilla,87,,,,,,163,50,Competed in Olympic Games,,,,
138958,Elena Loyo,Elena Loyo Menoyo,Elena•Loyo,,,,,Female,1983-01-11,Vitoria,Álava,87,,,,,,169,53,Competed in Olympic Games,,,,
138959,Fátima Diame,Fátima Dzinzaletaite Diame Diame,Fátima•Diame,,,,,Female,1996-09-22,Valencia,Valencia,87,,,,,,172,54,Competed in Olympic Games,,,,
138960,Jaël Bestué,Jaël-Sakura Bestué Ferrera,Jaël•Bestué,,,,,Female,2000-09-24,San Cugat del Vallés,Barcelona,87,,,,,,162,57,Competed in Olympic Games,,,,
138961,Laura Bueno,Laura María Bueno Ferńandez,Laura•Bueno,,,,,Female,1993-05-25,Granada,Granada,87,,,,,,172,62,Competed in Olympic Games,,,,
138962,Laura García,Laura García-Caro Lorenzo,Laura•García,,,,,Female,1995-04-16,Lepe,Huelva,87,,,,,,166,54,Competed in Olympic Games,,,,
138963,Laura Méndez,Laura Méndez Esquer,Laura•Méndez,,,,,Female,1988-11-06,Valencia,Valencia,87,,,,,,160,46,Competed in Olympic Games,,,,
138964,Laura Redondo,Laura Redondo Mora,Laura•Redondo,,,,,Female,1988-07-03,Esplugues de Llobregat,Barcelona,87,,,,,,165,95,Competed in Olympic Games,,,,
138965,Lucía Rodríguez,Lucía Rodríguez Montero,Lucía•Rodríguez,,,,,Female,1998-07-26,San Lorenzo de El Escorial,Madrid,87,,,,,,175,57,Competed in Olympic Games,,,,
138966,María Belén Toimil,María Belén Toimil Fernández,María Belén•Toimil,,,,,Female,1994-05-05,Mugardos,La Coruña,87,,,,,,175,102,Competed in Olympic Games,,,,
138967,María Isabel Pérez,María Isabel Pérez Rodríguez,María Isabel•Pérez,,,,,Female,1993-03-01,Sevilla (Seville),Sevilla,87,,,,,,158,56,Competed in Olympic Games,,,,
138968,María Pérez,María Pérez García,María•Pérez,,,,,Female,1996-04-29,Orce,Granada,87,,,,,,158,46,Competed in Olympic Games,,,,
138969,Marta Galimany,Marta Galimany Guasch,Marta•Galimany,,,,,Female,1985-10-05,Valls,Tarragona,87,,,,,,169,52,Competed in Olympic Games,,,,
138970,Marta Pérez,Marta Pérez Miguel,Marta•Pérez,,,,,Female,1993-04-19,Soria,Soria,87,,,,,,167,52,Competed in Olympic Games,,,,
138971,Natalia Romero,Natalia Romero Franco,Natalia•Romero,,,,,Female,1988-11-17,Jaén,Jaén,87,,,,,,171,59,Competed in Olympic Games,,,,
138972,Sara Gallego,Sara Gallego Sotelo,Sara•Gallego,,,,,Female,2000-10-11,Barcelona,Barcelona,87,,,,,,164,52,Non-starter,,,,
138973,Teresa Errandonea,Teresa Errandonea Fernández de Barrena,Teresa•Errandonea,,,,,Female,1994-11-15,Irún,Guipúzcoa,87,,,,,,173,65,Competed in Olympic Games,,,,
139025,Adrián Ben,Adrián Ben Montenegro,Adrián•Ben,,,,,Male,1998-08-04,Vivero,Lugo,87,,,,,,180,64,Competed in Olympic Games,,,,
139026,Asier Martínez,Asier Martínez Echarte,Asier•Martínez,,,,,Male,2000-04-22,Pamplona,Navarra,87,,,,,,190,78,Competed in Olympic Games,,,,
139027,Carlos Mayo,Carlos Mayo Nieto,Carlos•Mayo,,,,,Male,1995-09-18,Madrid,Madrid,87,,,,,,178,64,Competed in Olympic Games,,,,
139028,Daniel Arce,Daniel Arce Ibáñez,Daniel•Arce,,,,,Male,1992-04-22,Burgos,Burgos,87,,,,,,190,69,Competed in Olympic Games,,,,
139029,Daniel Mateo,Daniel Mateo Ángulo,Daniel•Mateo,,,,,Male,1989-08-31,Soria,Soria,87,,,,,,182,68,Competed in Olympic Games,,,,
139031,Ignacio Fontes,Ignacio Fontes García-Balibrea,Ignacio•Fontes,,,,,Male,1998-06-22,Granada,Granada,87,,,,,,170,60,Competed in Olympic Games,,,,
139032,Javier Guerra,Javier Guerra Polo,Javier•Guerra,,,,,Male,1983-11-10,Segovia,Segovia,87,,,,,,173,58,Competed in Olympic Games,,,,
139034,Jorge Ureña,Jorge Ureña Andreu,Jorge•Ureña,,,,,Male,1993-10-08,Onil,Alicante,87,,,,,,179,80,Competed in Olympic Games,,,,
139035,Luis Manuel Corchete,Luis Manuel Corchete Martínez,Luis Manuel•Corchete,,,,,Male,1984-05-14,Alicante,Alicante,87,,,,,,184,72,Competed in Olympic Games,,,,
139036,Marc Tur,Marc Vicent Tur Pico,Marc•Tur,,,,,Male,1994-11-30,Santa Eulalia del Río,"Ibiza, Islas Baleares",87,,,,,,191,72,Competed in Olympic Games,,,,
139037,Mohamed Katir,Mohamed Katir El Haouzi,Mohamed•Katir,,,,,Male,1998-02-17,Ksar-el-Kebir,Tanger-Tetouan-Al Hoceima,165,,,,,,176,56,Competed in Olympic Games,,,,
139038,Odei Jainaga,Odei Jainaga Larrea,Odei•Jainaga,,,,,Male,1997-10-14,Éibar,Guipúzcoa,87,,,,,,195,100,Competed in Olympic Games,,,,
139039,Óscar Husillos,Óscar Husillos Domingo,Óscar•Husillos,,,,,Male,1993-07-18,Astudillo,Palencia,87,,,,,,180,72,Competed in Olympic Games,,,,
139040,Pablo Sánchez-Valladares,Pablo Sánchez-Valladares García,Pablo•Sánchez-Valladares,,,,,Male,1997-11-12,Torrejón de Ardoz,Madrid,87,,,,,,186,69,Competed in Olympic Games,,,,
139041,Samuel García,Samuel García Cabrera,Samuel•García,,,,,Male,1991-12-04,Santa Cruz de La Palma,Santa Cruz de Tenerife,87,,,,,,196,90,Competed in Olympic Games,,,,
139042,Saúl Ordóñez,Saúl Ordóñez Gavela,Saúl•Ordóñez,,,,,Male,1994-04-10,Salentinos,León,87,,,,,,179,64,Competed in Olympic Games,,,,
139141,Johannes Erm,Johannes Erm,Johannes•Erm,,,,,Male,1998-03-26,Tartu,Tartumaa,88,,,,,,,,Competed in Olympic Games,,,,
139142,Karel Tilga,Karel Tilga,Karel•Tilga,,,,,Male,1998-02-05,Valga,Valgamaa,88,,,,,,200,95,Competed in Olympic Games,,,,
139146,Birhane Dibaba,Birhane Dibaba,Birhane•Dibaba,,,,,Female,1993-09-11,,,,,,,,,,,Competed in Olympic Games,,,,
139147,Diribe Welteji,Diribe Welteji Kejelcha,Diribe•Welteji,,,,,Female,2002-05-13,,,,,,,,,,,Competed in Olympic Games,,,,
139148,Ejgayehu Taye,Ejgayehu Taye,Ejgayehu•Taye,,,,,Female,2000-02-10,,,,,,,,,,,Competed in Olympic Games,,,,
139149,Freweyni Hailu,Freweyni Hailu Gebreezibeher,Freweyni•Hailu,,,,,Female,2001-02-12,,,,,,,,,,,Competed in Olympic Games,,,,
139150,Netsanet Desta,Netsanet Gebre Desta,Netsanet•Desta,,,,,Female,2000-10-26,,,,,,,,,,,Competed in Olympic Games,,,,
139151,Letesenbet Gidey,Letesenbet Gidey,Letesenbet•Gidey,,,,,Female,1998-03-20,?,,89,,,,,,,,Competed in Olympic Games,,,,
139152,Lomi Muleta,Lomi Muleta,Lomi•Muleta,,,,,Female,2001-11-29,,,,,,,,,,,Competed in Olympic Games,,,,
139153,Roza Dereje,Roza Dereje Bekele,Roza•Dereje,,,,,Female,1997-05-09,,,,,,,,,,,Competed in Olympic Games,,,,
139154,Tsehay Gemechu,Tsehay Gemechu Beyan,Tsehay•Gemechu,,,,,Female,1998-12-12,,,,,,,,,,,Competed in Olympic Games,,,,
139155,Tsigie Gebreselama,Tsigie Gebreselama,Tsigie•Gebreselama,,,,,Female,2000-09-30,,,,,,,,,,,Competed in Olympic Games,,,,
139156,Zeineba Yimer,Zeineba Yimer Worku,Zeineba•Yimer,,,,,Female,1998-06-17,,,,,,,,,,,Competed in Olympic Games,,,,
139157,Zerfe Wondemagegn,"Kassazerfe ""Zerfe"" Wondemagegn",Zerfe•Wondemagegn,,,,,Female,2002-10-26,,,,,,,,,,,Competed in Olympic Games,,,,
139159,Tadese Takele,Bikila Tadese Takele,Tadese•Takele,,,,,Male,2002-08-03,,,,,,,,,,,Competed in Olympic Games,,,,
139160,Getnet Wale,Getnet Wale Bayabl,Getnet•Wale,,,,,Male,2000-07-16,,,,,,,,,,,Competed in Olympic Games,,,,
139161,Lelisa Desisa,Lelisa Desisa Benti,Lelisa•Desisa,,,,,Male,1990-01-14,,,,,,,,,,,Competed in Olympic Games,,,,
139162,Nibret Melak,Nibret Melak Bogale,Nibret•Melak,,,,,Male,1999-10-09,,,,,,,,,,,Competed in Olympic Games,,,,
139163,Samuel Tefera,Samuel Tefera,Samuel•Tefera,,,,,Male,1999-10-23,,,,,,,,,,,Competed in Olympic Games,,,,
139164,Samuel Zeleke,Samuel Zeleke,Samuel•Zeleke,,,,,Male,1999-03-09,,,,,,,,,,,Competed in Olympic Games,,,,
139165,Selemon Barega,Selemon Barega Shirtaga,Selemon•Barega,,,,,Male,2000-01-20,,,,,,,,,,,Competed in Olympic Games,,,,
139166,Shura Kitata,Shura Kitata Tola,Shura•Kitata,,,,,Male,1996-06-09,,,,,,,,,,,Competed in Olympic Games,,,,
139167,Sisay Lemma,Sisay Lemma Kasaye,Sisay•Lemma,,,,,Male,1990-12-12,,,,,,,,,,,Competed in Olympic Games,,,,
139168,Teddese Lemi,Teddese Lemi Urgesa,Teddese•Lemi,,,,,Male,1999-01-20,,,,,,,,,,,Competed in Olympic Games,,,,
139169,Milkesa Mengesha,Tolosa Milkesa Mengesha,Milkesa•Mengesha,,,,,Male,2000-04-16,,,,,,,,,,,Competed in Olympic Games,,,,
139182,"Banuve, Ratu Tabakaucoro",Banuve Lalabalavu Tabakaucoro,"Banuve, Ratu•Tabakaucoro",,,,,Male,1992-09-04,Suva,Rewa,93,,,,,,,,Competed in Olympic Games,,Ratu,,
139197,Annimari Korte,Annimari Katriina Korte,Annimari•Korte,,,,,Female,1988-04-08,Kirkkonummi,Uusimaa,92,,,,,,,,Competed in Olympic Games,,,,
139198,Elina Lampela,Elina Aino Sofia Lampela,Elina•Lampela,,,,,Female,1998-02-18,Irving,Texas,268,,,,,,,,Competed in Olympic Games,,,,
139199,Ella Junnila,Ella Juulia Junnila,Ella•Junnila,,,,,Female,1998-12-06,Espoo,Uusimaa,92,,,,,,,,Competed in Olympic Games,,,,
139200,Krista Tervo,Krista Katariina Tervo,Krista•Tervo,,,,,Female,1997-11-15,Kotka,Kymenlaakso,92,,,,,,,,Competed in Olympic Games,,,,
139201,Maria Huntington,Maria Siiri Elisabeth Huntington,Maria•Huntington,,,,,Female,1997-03-13,Derby,England,98,,,,,,,,Competed in Olympic Games,,,,
139202,Reetta Hurske,Reetta Sofi Kaarina Hurske,Reetta•Hurske,,,,,Female,1995-05-15,Ikaalinen,Pirkanmaa,92,,,,,,,,Competed in Olympic Games,,,,
139203,Sara Kuivisto,Sara Kaisa Kuivisto (-Lappalainen),Sara•Kuivisto,,,,,Female,1991-08-17,Porvoo,Uusimaa,92,,,,,,,,Competed in Olympic Games,,,,
139204,Senni Salminen,Senni Marjaana Salminen,Senni•Salminen,,,,,Female,1996-01-29,Helsinki,Uusimaa,92,,,,,,,,Competed in Olympic Games,,,,
139205,Silja Kosonen,Silja Kosonen,Silja•Kosonen,,,,,Female,2002-12-16,Raisio,Varsinais-Suomi,92,,,,,,,,Competed in Olympic Games,,,,
139206,Viivi Lehikoinen,Viivi Katariina Lehikoinen,Viivi•Lehikoinen,,,,,Female,1999-08-27,Helsinki,Uusimaa,92,,,,,,,,Competed in Olympic Games,,,,
139214,Elmo Lakka,Elmo Johannes Hannunpoika Lakka,Elmo•Lakka,,,,,Male,1993-04-10,Elimäki,"Kouvola, Kymenlaakso",92,,,,,,,,Competed in Olympic Games,,,,
139215,Kristian Pulli,Kristian Henri Mikael Pulli,Kristian•Pulli,,,,,Male,1994-09-02,Jämsä,Keski-Suomi,92,,,,,,,,Competed in Olympic Games,,,,
139216,Lassi Etelätalo,Lassi Etelätalo,Lassi•Etelätalo,,,,,Male,1988-04-30,Joensuu,Pohjois-Karjala,92,,,,,,,,Competed in Olympic Games,,,,
139217,Oliver Helander,Oliver Helander,Oliver•Helander,,,,,Male,1997-01-01,Raseborg,Uusimaa,92,,,,,,,,Competed in Olympic Games,,,,
139218,Toni Kuusela,Toni Matti Kristian Kuusela,Toni•Kuusela,,,,,Male,1994-01-21,Vimpeli,Etelä-Pohjanmaa,92,,,,,,,,Competed in Olympic Games,,,,
139219,Topi Raitanen,Topi Olli Vihto Raitanen,Topi•Raitanen,,,,,Male,1996-02-07,Tampere,Pirkanmaa,92,,,,,,,,Competed in Olympic Games,,,,
139230,Amandine Brossier,Amandine Brossier,Amandine•Brossier,,,,,Female,1995-08-15,Cholet,Maine-et-Loire,94,,,,,,,,Competed in Olympic Games,,,,
139231,Carolle Zahi,Carolle Zahi,Carolle•Zahi,,,,,Female,1994-06-12,Bingerville,Abidjan,58,,,,,,,,Competed in Olympic Games,,,,
139232,Cyréna Samba-Mayéla,Cyréna Samba-Mayéla,Cyréna•Samba-Mayéla,,,,,Female,2000-10-31,Champigny-sur-Marne,Val-de-Marne,94,,,,,,,,Non-starter,,,,
139233,Diana Iscaye,Diana Iscaye,Diana•Iscaye,,,,,Female,1998-04-18,Les Abymes,Guadeloupe,94,,,,,,,,Non-starter,,,,
139234,Eva Berger,Eva Berger,Eva•Berger,,,,,Female,1995-09-19,Ouagadougou,Centre,36,,,,,,,,Non-starter,,,,
139235,Maroussia Paré,Maroussia Paré,Maroussia•Paré,,,,,Female,1996-07-18,Bordeaux,Gironde,94,,,,,,,,Non-starter,,,,
139236,Orlann Ombissa-Dzangue,Orlann Ombissa-Dzangue,Orlann•Ombissa-Dzangue,,,,,Female,1991-05-26,Sens,Yonne,94,,,,,,,,Competed in Olympic Games,,,,
139237,Rouguy Diallo,Rouguy-Yatou Diallo,Rouguy•Diallo,,,,,Female,1995-02-05,Nice,Alpes-Maritimes,94,,,,,,,,Competed in Olympic Games,,,,
139238,Sokhna Lacoste,Sokhna Lacoste,Sokhna•Lacoste,,,,,Female,2000-08-25,Kaolack,Kaolack,224,,,,,,,,Competed in Olympic Games,,,,
139239,Susan Kipsang Jeptooo,Susan Kipsang Jeptooo,Susan•Kipsang Jeptooo,,,,,Female,1987-03-07,Eldoret,Uasin Gishu,138,,,,,,,,Competed in Olympic Games,,,,
139335,Alexis Miellet,Alexis Miellet,Alexis•Miellet,,,,,Male,1995-05-05,Dijon,Côte-d'Or,94,,,,,,,,Competed in Olympic Games,,,,
139336,Alexis Phelut,Alexis Phelut,Alexis•Phelut,,,,,Male,1998-03-03,Beaumont,Puy-de-Dôme,94,,,,,,,,Competed in Olympic Games,,,,
139337,Amaury Golitin,Amaury Golitin,Amaury•Golitin,,,,,Male,1997-01-28,Cayenne,Guyane,94,,,,,,,,Non-starter,,,,
139338,Augustin Bey,Augustin Bey,Augustin•Bey,,,,,Male,1995-06-06,Sarrebourg,Moselle,94,,,,,,,,Competed in Olympic Games,,,,
139339,Aurel Manga,Aurel Manga,Aurel•Manga,,,,,Male,1992-07-24,Paris,Paris,94,,,,,,,,Competed in Olympic Games,,,,
139340,Azeddine Habz,Azeddine Habz,Azeddine•Habz,,,,,Male,1993-07-19,Ouled Nacer,,165,,,,,,,,Competed in Olympic Games,,,,
139341,Benjamin Robert,Benjamin Robert,Benjamin•Robert,,,,,Male,1998-01-04,Toulouse,Haute-Garonne,94,,,,,,,,Competed in Olympic Games,,,,
139342,Djilali Bedrani,Djilali Bedrani,Djilali•Bedrani,,,,,Male,1993-10-01,Toulouse,Haute-Garonne,94,,,,,,,,Competed in Olympic Games,,,,
139343,Ethan Cormont,Ethan Cormont,Ethan•Cormont,,,,,Male,2000-09-29,Créteil,Val-de-Marne,94,,,,,,,,Competed in Olympic Games,,,,
139344,Gabriel Bordier,Gabriel Bordier,Gabriel•Bordier,,,,,Male,1997-10-08,Laval,Mayenne,94,,,,,,,,Competed in Olympic Games,,,,
139345,Gabriel Tual,Gabriel Tual,Gabriel•Tual,,,,,Male,1998-04-09,Villeneuve-sur-Lot,Lot-et-Garonne,94,,,,,,,,Competed in Olympic Games,,,,
139346,Gilles Biron,Gilles Biron,Gilles•Biron,,,,,Male,1995-04-13,Schœlcher,Martinique,94,,,,,,,,Competed in Olympic Games,,,,
139347,Hassan Chahdi,Sidi-Hassan Chahdi,Hassan•Chahdi,,,,,Male,1989-05-07,Cluses,Haute-Savoie,94,,,,,,,,Competed in Olympic Games,,,,
139348,Hugo Hay,Hugo Hay,Hugo•Hay,,,,,Male,1997-03-28,Bressuire,Deux-Sèvres,94,,,,,,,,Competed in Olympic Games,,,,
139349,Jean-Marc Pontvianne,Jean-Marc Pontvianne,Jean-Marc•Pontvianne,,,,,Male,1994-08-06,Nîmes,Gard,94,,,,,,,,Competed in Olympic Games,,,,
139350,Jimmy Gressier,Jimmy Gressier,Jimmy•Gressier,,,,,Male,1997-05-04,Boulogne-sur-Mer,Pas-de-Calais,94,,,,,,,,Competed in Olympic Games,,,,
139351,Lolassonn Djouhan,Lolassonn Djouhan,Lolassonn•Djouhan,,,,,Male,1991-05-18,Montargis,Loiret,94,,,,,,,,Competed in Olympic Games,,,,
139352,Louis Gilavert,Louis Gilavert,Louis•Gilavert,,,,,Male,1998-01-01,Corbeil-Essonnes,Essonne,94,,,,,,,,Competed in Olympic Games,,,,
139353,Ludvy Vaillant,Ludvy Vaillant,Ludvy•Vaillant,,,,,Male,1995-03-15,Fort-de-France,Martinique,94,,,,,,,,Competed in Olympic Games,,,,
139354,Melvin Raffin,Melvin Raffin,Melvin•Raffin,,,,,Male,1998-08-09,Bourg-la-Reine,Hauts-de-Seine,94,,,,,,,,Competed in Olympic Games,,,,
139355,Morhad Amdouni,Morhad Amdouni,Morhad•Amdouni,,,,,Male,1988-06-21,Porto-Vecchio,Corse-du-Sud,94,,,,,,,,Competed in Olympic Games,,,,
139356,Mouhamadou Fall,Mouhamadou Fall,Mouhamadou•Fall,,,,,Male,1992-02-25,Beaumont-sur-Oise,Val-d'Oise,94,,,,,,,,Competed in Olympic Games,,,,
139357,Muhammad Kounta,Muhammad Abdallah Kounta,Muhammad•Kounta,,,,,Male,1994-10-27,Paris,Paris,94,,,,,,,,Competed in Olympic Games,,,,
139358,Nicolas Navarro,Nicolas Navarro,Nicolas•Navarro,,,,,Male,1991-03-12,Toulon,Var,94,,,,,,,,Competed in Olympic Games,,,,
139359,Ryan Zézé,Ryan Zézé,Ryan•Zézé,,,,,Male,1998-01-29,Louviers,Eure,94,,,,,,,,Competed in Olympic Games,,,,
139360,Valentin Lavillenie,Valentin Lavillenie,Valentin•Lavillenie,,,,,Male,1991-07-16,Barbezieux-Saint-Hilaire,Charente,94,,,,,,,,Competed in Olympic Games,,,,
139361,Wilfried Happio,Wilfried Happio,Wilfried•Happio,,,,,Male,1998-09-22,Bourg-la-Reine,Hauts-de-Seine,94,,,,,,,,Competed in Olympic Games,,,,
139470,Scott James Fiti,Scott James Fiti,Scott James•Fiti,,,,,Male,1995-07-17,?,Guam,110,,,,,,,,Competed in Olympic Games • Other,,,,
139473,Guy Maganga Gorra,Guy Maganga Gorra,Guy•Maganga Gorra,,,,,Male,1993-03-18,Port-Gentil,Ogooué-Maritime,97,,,,,,,,Competed in Olympic Games,,,,
139475,Ebrima Camara,Ebrima Camara,Ebrima•Camara,,,,,Male,1996-09-18,,,,,,,,,,,Competed in Olympic Games • Other,,,,
139478,Abigail Irozuru,Abigail Onyekachi Irozuru,Abigail•Irozuru,,,,,Female,1990-01-03,Manchester,England,98,,,,,,,,Competed in Olympic Games,"Sale Harriers, Manchester (GBR)",,,
139479,Aimee Pratt,Aimee Lauren Pratt,Aimee•Pratt,,,,,Female,1997-10-03,Manchester,England,98,,,,,,,,Competed in Olympic Games,"Sale Harriers, Manchester (GBR)",,,
139480,Alexandra Bell,Alexandra Bell,Alexandra•Bell,,,,,Female,1992-11-04,Leeds,England,98,,,,,,,,Competed in Olympic Games,"Pudsey & Bramley AC, Leeds (GBR)",,,
139481,Ama Pipi,"Amarachi Uchenna ""Ama"" Pipi",Ama•Pipi,,,,,Female,1995-11-26,Enfield,England,98,,,,,,,,Competed in Olympic Games,"Enfield and Haringey AC, London (GBR)",,,
139482,Amy-Eloise Markovc,Amy-Eloise Markovc (Neale-),Amy-Eloise•Markovc,,,,,Female,1995-08-05,Stockport,England,98,,,,,,,,Competed in Olympic Games,"Wakefield Harriers, Wakefield (GBR) / Reebok Boston Track Club, Boston (USA)",,,
139483,Beth Dobbin,"Bethany Mae ""Beth"" Dobbin",Beth•Dobbin,,,,,Female,1994-06-07,Doncaster,England,98,,,,,,,,Competed in Olympic Games,"Edinburgh AC, Edinburgh (GBR)",,,
139484,Lizzie Bird,"Elizabeth May ""Lizzie"" Bird",Lizzie•Bird,,,,,Female,1994-10-04,Manila,Manila,204,,,,,,,,Competed in Olympic Games,"Shaftesbury Barnet Harriers, London (GBR)",,,
139485,Emily Borthwick,Emily Jane Borthwick,Emily•Borthwick,,,,,Female,1997-09-02,Worthing,England,98,,,,,,,,Competed in Olympic Games,"Wigan Harriers, Wigan (GBR)",,,
139486,Hannah Williams,Hannah Lucy Williams,Hannah•Williams,,,,,Female,1998-04-23,Welwyn Garden City,England,98,,,,,,,,Non-starter,"Herts Phoenix AC , Ware (GBR)",,,
139487,Imani-Lara Lansiquot,Imani-Lara Lansiquot,Imani-Lara•Lansiquot,,,,,Female,1997-12-17,Peckham,England,98,,,,,,,,Competed in Olympic Games,"Sutton & District AC, Sutton (GBR)",,,
139488,Jemma Reekie,Jemma Christina Reekie,Jemma•Reekie,,,,,Female,1998-03-06,Kilbarchan,Scotland,98,,,,,,,,Competed in Olympic Games,"Kilbarchan AAC, Kilbarchan (GBR)",,,
139489,Jess Piasecki,"Jessica Louise ""Jess"" Piasecki (Coulson-)",Jess•Piasecki,,,,,Female,1990-04-18,Stockport,England,98,,,,,,,,Competed in Olympic Games,"Stockport Harriers, Stockport (GBR)",,,
139490,Jess Judd,"Jessica May ""Jess"" Judd (-Warner)",Jess•Judd,,,,,Female,1995-01-07,Rochford,England,98,,,,,,,,Competed in Olympic Games,"Blackburn Harriers, Blackburn (GBR)",,,
139491,Jess Turner,"Jessica Ann ""Jess"" Turner",Jess•Turner,,,,,Female,1995-08-08,Derby,England,98,,,,,,,,Competed in Olympic Games,"Amber Valley & Erewash Athletic Club, Ilkeston (GBR)",,,
139492,Jessie Knight,Jessie Knight,Jessie•Knight,,,,,Female,1994-06-15,,,,,,,,,,,Competed in Olympic Games,"Windsor Slough Eton & Hounslow AC, Windsor (GBR)",,,
139493,Katie Snowden,Katie Snowden,Katie•Snowden,,,,,Female,1994-03-09,London,England,98,,,,,,,,Competed in Olympic Games,"Herne Hill Harriers, Mitcham (GBR)",,,
139494,Keely Hodgkinson,Keely Nicole Hodgkinson,Keely•Hodgkinson,,,,,Female,2002-03-03,Wigan,England,98,,,,,,,,Competed in Olympic Games,"Leigh Harriers, Leigh (GBR)",,,
139495,Laviai Nielsen,Laviai Nielsen,Laviai•Nielsen,,,,,Female,1996-03-13,Camden,England,98,,,,,,,,Competed in Olympic Games,"Enfield and Haringey AC, London (GBR)",,,
139496,Meghan Beesley,Meghan Danielle Beesley,Meghan•Beesley,,,,,Female,1989-11-15,Polesworth,England,98,,,,,,,,Competed in Olympic Games,"Birchfield Harriers, Birmingham (GBR)",,,
139497,Nicole Yeargin,Nicole Yeargin,Nicole•Yeargin,,,,,Female,1997-08-11,Bowie,Maryland,268,,,,,,,,Competed in Olympic Games,"Pitreavie AAC, Dunfermline (GBR) / USC Trojans, Los Angeles (USA)",,,
139498,Revee Walcott-Nolan,Revee Milton Walcott-Nolan,Revee•Walcott-Nolan,,,,,Female,1995-03-06,Luton,England,98,,,,,,,,Competed in Olympic Games,"Luton AC, Luton (GBR)",,,
139499,Stephanie Davis,Stephanie Davis,Stephanie•Davis,,,,,Female,1990-08-26,Bearsden,Scotland,98,,,,,,,,Competed in Olympic Games,"Clapham Chasers, Clapham (GBR)",,,
139500,Zoey Clark,Zoey Clark,Zoey•Clark,,,,,Female,1994-10-25,Aberdeen,Scotland,98,,,,,,165,,Competed in Olympic Games,"Thames Valley Harriers, London (GBR)",,,
139618,Ben Connor,"Benjamin ""Ben"" Connor",Ben•Connor,,,,,Male,1992-10-17,Derby,England,98,,,,,,,,Competed in Olympic Games,"Derby & County AC, Derby (GBR)",,,
139619,Ben Williams,"Benjamin ""Ben"" Williams",Ben•Williams,,,,,Male,1992-01-25,Stoke-on-Trent,England,98,,,,,,,,Competed in Olympic Games,"Stoke AC, Stoke-on-Trent (GBR)",,,
139620,Callum Wilkinson,Callum Wilkinson,Callum•Wilkinson,,,,,Male,1997-03-14,Moulton,England,98,,,,,,,,Competed in Olympic Games,"Enfield and Haringey AC, London (GBR)",,,
139621,Cameron Chalmers,Cameron Christopher David Chalmers,Cameron•Chalmers,,,,,Male,1997-02-06,?,Guernsey,,,,,,,188,,Competed in Olympic Games,"Guernsey Island AAC, Saint Peter Port (GUE)",,,
139622,Daniel Rowden,Daniel Kwabena G. Rowden,Daniel•Rowden,,,,,Male,1997-09-09,Buckhurst Hill,England,98,,,,,,,,Competed in Olympic Games,"Woodford Green with Essex Ladies, Woodford (GBR)",,,
139624,Harry Coppell,Harry Coppell,Harry•Coppell,,,,,Male,1996-07-11,Wigan,England,98,,,,,,,,Competed in Olympic Games,"Wigan Harriers, Wigan (GBR)",,,
139625,Jake Heyward,Jake David T . Heyward,Jake•Heyward,,,,,Male,1999-04-26,Cardiff,Wales,98,,,,,,,,Competed in Olympic Games,"Cardiff AAC, Cardiff (GBR)",,,
139626,Jake Wightman,Jake Stanley Wightman,Jake•Wightman,,,,,Male,1994-07-11,Nottingham,England,98,,,,,,,,Competed in Olympic Games,"Edinburgh AC, Edinburgh (GBR)",,,
139627,Jona Efoloko,Jona Efoloko,Jona•Efoloko,,,,,Male,1999-09-23,Kinshasa,Kinshasa,60,,,,,,,,Non-starter,"Sale Harriers, Manchester (GBR)",,,
139628,Joe Brier,"Joseph William ""Joe"" Brier",Joe•Brier,,,,,Male,1999-03-16,Swansea,Wales,98,,,,,,,,Competed in Olympic Games,"Swansea Harriers, Swansea (GBR)",,,
139629,Josh Kerr,Josh Kerr,Josh•Kerr,,,,,Male,1997-10-08,Edinburgh,Scotland,98,,,,,,,,Competed in Olympic Games,"Edinburgh AC, Edinburgh (GBR) / Brooks Beasts Track Club, Seattle (USA)",,,
139630,Lee Thompson,Lee Thompson,Lee•Thompson,,,,,Male,1997-03-05,,,,,,,,,193,,Competed in Olympic Games,"City of Sheffield and Dearne AC, Sheffield (GBR)",,,
139631,Marc Scott,Marc Scott,Marc•Scott,,,,,Male,1993-12-21,Northallerton,England,98,,,,,,,,Competed in Olympic Games,"Richmond & Zetland Harriers, Catterick (GBR) / Bowerman Track Club , Portland (USA)",,,
139632,Michael Ohioze,Michael Samuel J. O. Ohioze,Michael•Ohioze,,,,,Male,1995-02-06,Islington,England,98,,,,,,,,Competed in Olympic Games,"Shaftesbury Barnet Harriers, London (GBR)",,,
139633,Niclas Baker,Niclas James M. Baker,Niclas•Baker,,,,,Male,1994-09-09,Waltham Forest,England,98,,,,,,,,Competed in Olympic Games,"Crawley AC, Crawley (GBR)",,,
139634,Oliver Dustin,Oliver Luke Dustin,Oliver•Dustin,,,,,Male,2000-11-29,Whitehaven,England,98,,,,,,,,Competed in Olympic Games,"Border Harriers, Carlisle (GBR)",,,
139635,Phil Norman,"Phillip ""Phil"" Norman",Phil•Norman,,,,,Male,1989-10-20,,,,,,,,,,,Competed in Olympic Games,"Woodford Green with Essex Ladies, Woodford (GBR)",,,
139636,Reece Prescod,Reece Noel Prescod,Reece•Prescod,,,,,Male,1996-02-29,London,England,98,,,,,,,,Competed in Olympic Games,"Enfield and Haringey AC, London (GBR)",,,
139637,Sam Atkin,"Samuel ""Sam"" Atkin",Sam•Atkin,,,,,Male,1993-03-14,Grimsby,England,98,,,,,,,,Competed in Olympic Games,"Lincoln Wellington AC, Lincoln (GBR)",,,
139638,Scott Lincoln,Scott Griggs T. Lincoln,Scott•Lincoln,,,,,Male,1993-05-07,Spalding,England,98,,,,,,,,Competed in Olympic Games,"City of York AC, York (GBR)",,,
139639,Taylor Campbell,Taylor Lloyd Campbell,Taylor•Campbell,,,,,Male,1996-06-30,Windsor,England,98,,,,,,,,Competed in Olympic Games,"Windsor Slough Eton & Hounslow AC, Windsor (GBR)",,,
139640,Tom Gale,"Thomas ""Tom"" Gale",Tom•Gale,,,,,Male,1998-12-18,Bath,England,98,,,,,,,,Competed in Olympic Games,"TeamBath, Bath (GBR)",,,
139641,Zharnel Hughes,Zharnel Hughes,Zharnel•Hughes,,,,,Male,1995-07-13,The Valley,Anguilla,,,,,,,,,Competed in Olympic Games,"Shaftesbury Barnet Harriers, London (GBR)",,,
139731,Seco Camara,Seco Camara,Seco•Camara,,,,,Male,1995-04-20,,,,,,,,,,,Competed in Olympic Games,,,,
139733,Sopo Shatirishvili,"Sopiko ""Sopo"" Shatirishvili",Sopo•Shatirishvili,,,,,Female,1995-01-15,,,,,,,,,,,Competed in Olympic Games,,,,
139750,Alba Mbo Nchama,Alba Rosana Nchama Mbo Nchama,Alba•Mbo Nchama,,,,,Female,2003-02-13,Malabo,Bioko Norte,105,,,,,,,,Competed in Olympic Games • Other,,,,
139754,Alexandra Burghardt,Alexandra Burghardt,Alexandra•Burghardt,,,,,Female,1994-04-28,Mühldorf am Inn,Bayern,72,,,,,,,,Competed in Olympic Games,,,,
139755,Alica Schmidt,Alica Schmidt,Alica•Schmidt,,,,,Female,1998-11-08,Worms,Rheinland-Pfalz,72,,,,,,,,Non-starter,,,,
139756,Carolina Krafzik,Carolina Krafzik,Carolina•Krafzik,,,,,Female,1995-03-27,Niefern-Öschelbronn,Baden-Württemberg,72,,,,,,165,52,Competed in Olympic Games,VfL Sindelfingen (GER),,,
139757,Caterina Granz,Caterina Granz,Caterina•Granz,,,,,Female,1994-03-14,Berlin,Berlin,72,,,,,,173,53,Competed in Olympic Games,LG Nord Berlin (GER),,,
139758,Claudine Vita,Claudine Vita,Claudine•Vita,,,,,Female,1996-09-19,Frankfurt (Oder),Brandenburg,72,,,,,,,,Competed in Olympic Games,,,,
139759,Corinna Schwab,Corinna Schwab,Corinna•Schwab,,,,,Female,1999-04-05,Schwandorf,Bayern,72,,,,,,,,Competed in Olympic Games,,,,
139760,Deborah Schöneborn,Deborah Schöneborn,Deborah•Schöneborn,,,,,Female,1994-03-13,Troisdorf,Nordrhein-Westfalen,72,,,,,,,,Competed in Olympic Games,,,,
139761,Elena Burkard,Elena Burkard,Elena•Burkard,,,,,Female,1992-02-10,Freudenstadt,Baden-Württemberg,72,,,,,,168,51,Competed in Olympic Games,LG Gendorf Wacker Burghausen (GER),,,
139762,Hannah Mergenthaler,Hannah Mergenthaler,Hannah•Mergenthaler,,,,,Female,1997-03-09,Schwetzingen,Baden-Württemberg,72,,,,,,,,Non-starter,,,,
139763,Imke Onnen,Imke Onnen,Imke•Onnen,,,,,Female,1994-08-17,Langenhagen,Niedersachsen,72,,,,,,,,Competed in Olympic Games,,,,
139764,Jennifer Montag,Jennifer Montag,Jennifer•Montag,,,,,Female,1998-02-11,Dormagen,Nordrhein-Westfalen,72,,,,,,,,Non-starter,,,,
139765,Jessica-Bianca Wessolly,Jessica-Bianca Wessolly,Jessica-Bianca•Wessolly,,,,,Female,1996-12-11,Mannheim,Baden-Württemberg,72,,,,,,,,Competed in Olympic Games,,,,
139766,Katharina Maisch,Katharina Maisch,Katharina•Maisch,,,,,Female,1997-06-12,Bad Urach,Baden-Württemberg,72,,,,,,,,Competed in Olympic Games,,,,
139767,Katharina Steinruck,Katharina Steinruck (Heinig-),Katharina•Steinruck,,,,,Female,1989-08-22,Leipzig,Sachsen,72,,,,,,,,Competed in Olympic Games,,,,
139768,Katharina Trost,Katharina Trost,Katharina•Trost,,,,,Female,1995-06-28,Freilassing,Bayern,72,,,,,,,,Competed in Olympic Games,,,,
139769,Kristin Pudenz,Kristin Pudenz,Kristin•Pudenz,,,,,Female,1993-02-09,Herford,Nordrhein-Westfalen,72,,,,,,,,Competed in Olympic Games,,,,
139770,Lea Meyer,Lea Meyer,Lea•Meyer,,,,,Female,1997-09-16,Löningen,Niedersachsen,72,,,,,,,,Competed in Olympic Games,,,,
139771,Lisa Nippgen,Lisa Nippgen,Lisa•Nippgen,,,,,Female,1997-04-02,Ludwigsburg,Baden-Württemberg,72,,,,,,,,Non-starter,,,,
139772,Lisa-Marie Kwayie,Lisa-Marie Kwayie,Lisa-Marie•Kwayie,,,,,Female,1996-10-27,Sunyani,Brong-Ahafo,100,,,,,,173,62,Competed in Olympic Games,Neuköllner Sportfreunde 1907 (GER),,,
139773,Marike Steinacker,Marike Steinacker,Marike•Steinacker,,,,,Female,1992-04-03,Wermelskirchen,Nordrhein-Westfalen,72,,,,,,,,Competed in Olympic Games,,,,
139774,Maryse Luzolo,Maryse Luzolo,Maryse•Luzolo,,,,,Female,1995-03-15,Frankfurt am Main,Hessen,72,,,,,,,,Competed in Olympic Games,,,,
139775,Melat Kejeta,Melat Yisak Kejeta,Melat•Kejeta,,,,,Female,1992-09-27,Āch’eber Bota,Oromiya,89,,,,,,165,50,Competed in Olympic Games,Laufteam Kassel (GER),,,
139776,Neele Eckhardt,Neele Eckhardt (-Noack),Neele•Eckhardt,,,,,Female,1992-07-02,Ostercappeln,Niedersachsen,72,,,,,,168,52,Competed in Olympic Games,LG Göttingen (GER),,,
139777,Ricarda Lobe,Ricarda Lobe,Ricarda•Lobe,,,,,Female,1994-04-13,Landau in der Pfalz,Rheinland-Pfalz,72,,,,,,,,Competed in Olympic Games,,,,
139778,Samantha Borutta,Samantha Borutta,Samantha•Borutta,,,,,Female,2000-08-07,Mannheim,Baden-Württemberg,72,,,,,,176,95,Competed in Olympic Games,TSV Bayer 04 Leverkusen (GER),,,
139779,Saskia Feige,Saskia Feige,Saskia•Feige,,,,,Female,1997-08-13,Potsdam,Brandenburg,72,,,,,,162,52,Competed in Olympic Games,SC Potsdam (GER),,,
139780,Vanessa Grimm,Vanessa Grimm,Vanessa•Grimm,,,,,Female,1997-04-22,Hann. Münden,Niedersachsen,72,,,,,,173,67,Competed in Olympic Games,Königsteiner LV (GER),,,
139852,Amanal Petros,Amanal Petros,Amanal•Petros,,,,,Male,1995-05-17,Assab,Debubawi Kayih Bahri,86,,,,,,,,Competed in Olympic Games,,,,
139853,Amos Bartelsmeyer,Amos Bartelsmeyer,Amos•Bartelsmeyer,,,,,Male,1994-07-25,Aschaffenburg,Bayern,72,,,,,,182,62,Competed in Olympic Games,LG Eintracht Frankfurt (GER),,,
139854,Bernhard Seifert,Bernhard Seifert,Bernhard•Seifert,,,,,Male,1993-02-15,Hildburghausen,Thüringen,72,,,,,,,,Competed in Olympic Games,,,,
139855,Bo Kanda Lita Baehre,Bo Kanda Lita Baehre,Bo Kanda•Lita Baehre,,,,,Male,1999-04-29,Düsseldorf,Nordrhein-Westfalen,72,,,,,,,,Competed in Olympic Games,,,,
139856,Constantin Preis,Constantin Preis,Constantin•Preis,,,,,Male,1998-05-16,Chișinău,Chișinău,167,,,,,,,,Competed in Olympic Games,,,,
139857,David Wrobel,David Wrobel,David•Wrobel,,,,,Male,1991-02-13,Stuttgart,Baden-Württemberg,72,,,,,,,,Competed in Olympic Games,,,,
139858,Deniz Almas,Deniz Almas,Deniz•Almas,,,,,Male,1997-07-17,Calw,Baden-Württemberg,72,,,,,,176,76,Competed in Olympic Games,VfL Wolfsburg (GER),,,
139859,Hendrik Pfeiffer,Hendrik Pfeiffer,Hendrik•Pfeiffer,,,,,Male,1993-03-18,Düsseldorf,Nordrhein-Westfalen,72,,,,,,,,Competed in Olympic Games,,,,
139860,Jean Paul Bredau,Jean Paul Bredau,Jean Paul•Bredau,,,,,Male,1999-06-27,Potsdam,Brandenburg,72,,,,,,190,82,Competed in Olympic Games,SC Potsdam (GER),,,
139861,Jonathan Hilbert,Jonathan Hilbert,Jonathan•Hilbert,,,,,Male,1995-04-21,Mühlhausen,Thüringen,72,,,,,,176,56,Competed in Olympic Games,LG Ohra-Energie (GER),,,
139862,Joshua Abuaku,Joshua Asiedu Abuaku,Joshua•Abuaku,,,,,Male,1996-07-07,Oberhausen,Nordrhein-Westfalen,72,,,,,,187,70,Competed in Olympic Games,LG Eintracht Frankfurt (GER),,,
139863,Karl Bebendorf,Karl Bebendorf,Karl•Bebendorf,,,,,Male,1996-05-07,Dresden,Sachsen,72,,,,,,185,65,Competed in Olympic Games,Dresdner SC 1898 (GER),,,
139864,Leo Köpp,Leo Köpp,Leo•Köpp,,,,,Male,1998-05-23,Konstanz,Baden-Württemberg,72,,,,,,175,64,Competed in Olympic Games,LG Nord Berlin (GER),,,
139865,Lucas Ansah-Peprah,Lucas Ansah-Peprah,Lucas•Ansah-Peprah,,,,,Male,2000-01-16,Stuttgart,Baden-Württemberg,72,,,,,,182,75,Competed in Olympic Games,Hamburger SV (GER),,,
139866,Luke Campbell,Luke Campbell,Luke•Campbell,,,,,Male,1994-11-22,Meschede,Nordrhein-Westfalen,72,,,,,,191,78,Competed in Olympic Games,LG Eintracht Frankfurt (GER),,,
139867,Manuel Sanders,Manuel Sanders,Manuel•Sanders,,,,,Male,1998-04-03,Dülmen,Nordrhein-Westfalen,72,,,,,,,,Competed in Olympic Games,,,,
139868,Marc Koch,Marc Koch,Marc•Koch,,,,,Male,1994-05-24,Berlin,Berlin,72,,,,,,,,Non-starter,,,,
139869,Marvin Schlegel,Marvin Schlegel,Marvin•Schlegel,,,,,Male,1998-01-02,Frankenberg,Sachsen,72,,,,,,,,Competed in Olympic Games,,,,
139870,Marvin Schulte,Marvin Schulte,Marvin•Schulte,,,,,Male,1999-02-19,Leipzig,Sachsen,72,,,,,,187,73,Non-starter,SC DHfK Leipzig (GER),,,
139871,Mohamed Mohumed,Mohamed Mohumed (-Abdilaahi),Mohamed•Mohumed,,,,,Male,1999-03-24,Mönchengladbach,Nordrhein-Westfalen,72,,,,,,,,Competed in Olympic Games,,,,
139872,Nathaniel Seiler,Nathaniel Seiler,Nathaniel•Seiler,,,,,Male,1996-04-06,Baden-Baden,Baden-Württemberg,72,,,,,,,,Competed in Olympic Games,,,,
139873,Niklas Kaul,Niklas Kaul,Niklas•Kaul,,,,,Male,1998-02-11,Mainz,Rheinland-Pfalz,72,,,,,,190,90,Competed in Olympic Games,USC Mainz (GER),,,
139874,Oleg Zernikel,Oleg Zernikel,Oleg•Zernikel,,,,,Male,1995-04-16,Almaty,Almaty,137,,,,,,,,Competed in Olympic Games,,,,
139875,Owen Ansah,Owen Ansah,Owen•Ansah,,,,,Male,2000-11-28,Hamburg,Hamburg,72,,,,,,191,82,Non-starter,Hamburger SV (GER),,,
139876,Robert Farken,Robert Farken,Robert•Farken,,,,,Male,1997-09-20,Leipzig,Sachsen,72,,,,,,186,79,Competed in Olympic Games,DHfK Leipzig (GER),,,
139877,Steven Müller,Steven Müller,Steven•Müller,,,,,Male,1990-09-15,Kassel,Hessen,72,,,,,,,,Competed in Olympic Games,,,,
139878,Tobias Lange,Tobias Lange,Tobias•Lange,,,,,Male,1993-12-29,Bonn,Nordrhein-Westfalen,72,,,,,,184,75,Non-starter,TSV Bayer 04 Leverkusen (GER),,,
139879,Torben Blech,Torben Blech,Torben•Blech,,,,,Male,1995-02-12,Siegen,Nordrhein-Westfalen,72,,,,,,193,88,Competed in Olympic Games,TSV Bayer 04 Leverkusen (GER),,,
139880,Torben Junker,Torben Junker,Torben•Junker,,,,,Male,1993-01-13,Ahlen,Nordrhein-Westfalen,72,,,,,,187,76,Non-starter,TV Wattenscheid (GER),,,
139881,Tristan Schwandke,Tristan Schwandke,Tristan•Schwandke,,,,,Male,1992-05-23,Würzburg,Bayern,72,,,,,,,,Competed in Olympic Games,,,,
139993,Nadia Eke,Nadia Eke,Nadia•Eke,,,,,Female,1993-01-11,,,,,,,,,,,Competed in Olympic Games • Other,,,,
139995,Benjamin Azamati-Kwaku,Benjamin Azamati-Kwaku,Benjamin•Azamati-Kwaku,,,,,Male,1998-01-14,,,,,,,,,,,Competed in Olympic Games,,,,
139996,Emmanuel Yeboah,Emmanuel Yeboah,Emmanuel•Yeboah,,,,,Male,1997-08-10,,,,,,,,,,,Competed in Olympic Games,Texas A&M Track & Field (USA),,,
139997,Joseph Manu,Joseph Oduro Manu,Joseph•Manu,,,,,Male,1996-07-26,,,,,,,,,,,Non-starter,Coppin State University (USA),,,
139998,Joseph Paul Amoah,Joseph Paul Amoah,Joseph Paul•Amoah,,,,,Male,1997-01-12,,,,,,,,,,,Competed in Olympic Games,,,,
139999,Sarfo Ansah,Sarfo Ansah,Sarfo•Ansah,,,,,Male,1998-07-30,Amasaman,Greater Accra,100,,,,,,176,76,Non-starter,,,,
140003,Eleni-Klaoudia Polak,Eleni-Klaoudia Polak,Eleni-Klaoudia•Polak,Ελενη-Κλαουντια•Πολακ,,,,Female,1996-09-09,Athina (Athens),Attiki,106,,,,,,174,61,Competed in Olympic Games,A.O. Megaron (GRE),,,
140004,Kiriaki Filtisakou,Kiriaki Filtisakou,Kiriaki•Filtisakou,Κυριακή•Φιλτισάκου,,,,Female,2000-08-14,Athina (Athens),Attiki,106,,,,,,169,52,Competed in Olympic Games,SC “Anatoli” Nea Ionia (GRE),,,
140005,Rafaela Spanoudaki-Chatziriga,Rafaela Spanoudaki-Chatziriga,Rafaela•Spanoudaki-Chatziriga,Ραφαέλα•Σπανουδάκη-Χατζηρίγα,,,,Female,1994-06-07,Athina (Athens),Attiki,106,,,,,,166,59,Competed in Olympic Games,SC Ilioupoli (GRE),,,
140006,Stamatia Scarvelis,Stamatia Scarvelis,Stamatia•Scarvelis,Σταματία•Σκαρβέλη,,,,Female,1995-08-17,Rhodos,Notio Aigaio,106,,,,,,174,90,Competed in Olympic Games,SC Trikala (GRE),,,
140018,Christos Frantzeskakis,Christos Frantzeskakis,Christos•Frantzeskakis,Χρήστος•Φραντζεσκάκης,,,,Male,2000-04-26,Athina (Athens),Attiki,106,,,,,,186,86,Competed in Olympic Games,SC El. Venizelos (GRE),,,
140019,Emmanouil Karalis,Emmanouil Karalis,Emmanouil•Karalis,Εμμανουηλ•Καραλής,,,,Male,1999-10-20,Chania,Kriti,106,,,,,,183,80,Competed in Olympic Games,SC Apollon Pyrgos (GRE),,,
140036,Anderson Peters,Anderson Jamal Peters,Anderson•Peters,,,,,Male,1997-10-21,,,,,,,,,,,Competed in Olympic Games,,,,
140044,Bernardo Barrondo,Bernardo Uriel Barrondo García,Bernardo•Barrondo,,,,,Male,1993-06-05,,,,,,,,,,,Competed in Olympic Games,,,,
140045,José Alejandro Barrondo,José Alejandro Barrondo Xuc,José Alejandro•Barrondo,,,,,Male,1996-09-16,,,,,,,,,,,Competed in Olympic Games,,,,
140046,José Ortiz,José Eduardo Ortiz Flores,José•Ortiz,,,,,Male,2000-03-08,,,,,,,,,,,Competed in Olympic Games,,,,
140047,José Oswaldo Calel,José Oswaldo Calel Sis,José Oswaldo•Calel,,,,,Male,1998-08-08,,,,,,,,,,,Competed in Olympic Games,,,,
140048,Luis Ángel Sánchez,Luis Ángel Sánchez Pérez,Luis Ángel•Sánchez,,,,,Male,1993-12-15,,,,,,,,,,,Competed in Olympic Games,,,,
140049,Luis Grijalva,Luis Miguel Grijalva,Luis•Grijalva,,,,,Male,1999-04-10,,,,,,,,,,,Competed in Olympic Games,,,,
140059,Jasmine Abrams,Jasmine Abrams,Jasmine•Abrams,,,,,Female,1994-03-14,,,,,,,,,,,Competed in Olympic Games,,,,
140061,Emanuel Archibald,Emanuel Archibald,Emanuel•Archibald,,,,,Male,1994-09-09,,,,,,,,,,,Competed in Olympic Games,,,,
140069,Ching Siu Nga,Ching Siu Nga,Ching•Siu Nga,程•小雅,,,Oriental,Female,1987-02-11,,,,,,,,,,,Competed in Olympic Games,,,,
140082,Chan Chung Wang,Chan Chung Wang,Chan•Chung Wang,陳•仲泓,,,Oriental,Male,1991-06-10,,,,,,,,,,,Competed in Olympic Games,,,,
140115,Bianka Bartha-Kéri,Bianka Bartha-Kéri,Bianka•Bartha-Kéri,,,,,Female,1994-04-19,Veszprém,Veszprém,118,,,,,,,,Competed in Olympic Games,SVSE,,,
140116,Luca Kozák,Luca Kozák,Luca•Kozák,,,,,Female,1996-06-01,Debrecen,Hajdú-Bihar,118,,,,,,,,Competed in Olympic Games,Debreceni SC,,,
140117,Réka Gyurátz,Réka Gyurátz,Réka•Gyurátz,,,,,Female,1996-05-31,Szombathely,Vas,118,,,,,,,,Competed in Olympic Games,Dobó SE,,,
140118,Réka Szilágyi,Réka Szilágyi,Réka•Szilágyi,,,,,Female,1996-01-19,Szolnok,Jász-Nagykun-Szolnok,118,,,,,,,,Competed in Olympic Games,DSC SI,,,
140119,Zita Kácser,Zita Kácser,Zita•Kácser,,,,,Female,1988-10-02,Dunaújváros,Fejér,118,,,,,,165,,Competed in Olympic Games,Debreceni SC,,,
140165,István Szögi,István Dániel Szögi,István•Szögi,,,,,Male,1995-09-12,Tata,Komárom-Esztergom,118,,,,,,,,Competed in Olympic Games,SVSE,,,
140166,Máté Koroknai,Máté Koroknai,Máté•Koroknai,,,,,Male,1993-01-13,Debrecen,Hajdú-Bihar,118,,,,,,,,Competed in Olympic Games,DSC SI,,,
140167,Norbert Rivasz-Tóth,Norbert Rivasz-Tóth,Norbert•Rivasz-Tóth,,,,,Male,1996-05-06,Törökszentmiklós,Jász-Nagykun-Szolnok,118,,,,,,182,86,Competed in Olympic Games,Szolnoki MÁV,,,
140168,Valdó Szűcs,Valdó Szűcs,Valdó•Szűcs,,,,,Male,1995-06-29,Zalaegerszeg,Zala,118,,,,,,195,89,Competed in Olympic Games,Zalaszám ZAC,,,
140200,Alvin Tehupeiory,"Alphina ""Alvin"" Tehupeiory",Alvin•Tehupeiory,,,,,Female,1995-04-05,Hutumuri,Maluku,123,,,,,,,,Competed in Olympic Games,,,,
140211,Lalu Muhammad Zohri,Lalu Muhammad Zohri,Lalu Muhammad•Zohri,,,,,Male,2000-07-01,Lombok Utara,Nusa Tenggara Barat,123,,,,,,,,Competed in Olympic Games,,,,
140218,Annu Rani,Annu Rani,Annu•Rani,,,,,Female,1992-08-29,,,,,,,,,,,Competed in Olympic Games,,,,
140219,Bhawna Jat,Bhawna Jat,Bhawna•Jat,,,,,Female,1996-03-01,,,,,,,,,,,Competed in Olympic Games,,,,
140221,Kamalpreet Kaur,Kamalpreet Kaur,Kamalpreet•Kaur,,,,,Female,1996-03-04,,,,,,,,,,,Competed in Olympic Games,,,,
140222,Priyanka,Priyanka Goswami,•Priyanka,,,,,Female,1996-03-10,,,,,,,,,,,Competed in Olympic Games,,,,
140223,Revathi Veeramani,Revathi Veeramani,Revathi•Veeramani,,,,,Female,1997-11-23,,,,,,,,,,,Competed in Olympic Games,,,,
140224,Subha Venkatesan,Subha Venkatesan,Subha•Venkatesan,,,,,Female,1999-08-31,,,,,,,,,170,,Competed in Olympic Games,,,,
140247,Alex Antony,Alex Antony,Alex•Antony,,,,,Male,1994-09-03,,,,,,,,,,,Non-starter,Indian Air Force (IND),,,
140248,Amoj Jacob,Amoj Jacob,Amoj•Jacob,,,,,Male,1998-05-02,,,,,,,,,,,Competed in Olympic Games,,,,
140249,Avinash Mukund Sable,Avinash Mukund Sable,Avinash Mukund•Sable,,,,,Male,1994-09-13,,,,,,,,,,,Competed in Olympic Games,,,,
140250,Jabir Madari Palliyalil,Jabir Madari Palliyalil,Jabir•Madari Palliyalil,,,,,Male,1996-06-08,,,,,,,,,,,Competed in Olympic Games,,,,
140251,Naganathan Pandi,Naganathan Pandi,Naganathan•Pandi,,,,,Male,1996-04-23,,,,,,,,,,,Non-starter,,,,
140252,Neeraj Chopra,Neeraj Chopra,Neeraj•Chopra,,,,,Male,1997-12-24,,,,,,,,,,,Competed in Olympic Games,,,,
140253,Noah Nirmal Tom,Noah Nirmal Tom,Noah Nirmal•Tom,,,,,Male,1994-11-13,,,,,,,,,,,Competed in Olympic Games,Indian Air Force (IND),,,
140254,Rohilla,Rohilla,•Rohilla,,,,,Male,1996-07-05,,,,,,,,,,,Competed in Olympic Games,,,,
140255,Sarthak Bhambri,Sarthak Bhambri,Sarthak•Bhambri,,,,,Male,1998-08-14,,,,,,,,,,,Non-starter,,,,
140256,Shivpal Singh,Shivpal Singh,Shivpal•Singh,,,,,Male,1995-07-06,,,,,,,,,,,Competed in Olympic Games,Indian Air Force (IND),,,
140257,Murali Sreeshankar,Murali Sreeshankar,Murali•Sreeshankar,,,,,Male,1999-03-27,,,,,,,,,,,Competed in Olympic Games,,,,
140258,Tajinderpal Singh Toor,Tajinderpal Singh Toor,Tajinderpal•Singh Toor,,,,,Male,1994-11-13,,,,,,,,,,,Competed in Olympic Games,,,,
140290,Farzaneh Fasihi,Farzaneh Fasihi,Farzaneh•Fasihi,فرزانه•فصیحی,,,,Female,1993-01-03,Isfahan,Isfahan,129,,,,,,,,Competed in Olympic Games,,,,
140335,Aoife Cooke,Aoife Cooke,Aoife•Cooke,,,,,Female,1986-09-13,,,,,,,,,,,Competed in Olympic Games,Eagle AC (IRL),,,
140336,Eilish Flanagan,Eilish Flanagan,Eilish•Flanagan,,,,,Female,1997-05-02,,,,,,,,,,,Competed in Olympic Games,Carmen Runners AC (IRL),,,
140337,Nadia Power,Nadia Power,Nadia•Power,,,,,Female,1998-01-11,,,,,,,,,,,Competed in Olympic Games,Dublin City Harriers AC (IRL),,,
140338,Phil Healy,Phil Healy,Phil•Healy,,,,,Female,1994-11-19,,,,,,,,,,,Competed in Olympic Games,Bandon AC (IRL),,,
140339,Sarah Healy,Sarah Healy,Sarah•Healy,,,,,Female,2001-02-13,,,,,,,,,,,Competed in Olympic Games,UCD AC (IRL),,,
140340,Sarah Lavin,Sarah Kate Lavin,Sarah•Lavin,,,,,Female,1994-05-28,,,,,,,,,,,Competed in Olympic Games,Emerald AC (IRL),,,
140341,Síofra Cléirigh Büttner,Síofra Cléirigh Büttner,Síofra•Cléirigh Büttner,,,,,Female,1995-07-21,,,,,,,,,,,Competed in Olympic Games,Dundrum South Dublin AC (IRL),,,
140342,Sophie Becker,Sophie Becker,Sophie•Becker,,,,,Female,1997-05-16,,,,,,,,,,,Competed in Olympic Games,Raheny Shamrock AC (IRL),,,
140376,Andrew Coscoran,Andrew Coscoran,Andrew•Coscoran,,,,,Male,1996-06-18,,,,,,,,,,,Competed in Olympic Games,Star of the Sea AC (IRL),,,
140377,Chris O'Donnell,"Christopher ""Chris"" O'Donnell",Chris•O'Donnell,,,,,Male,1998-05-17,,,,,,,,,,,Competed in Olympic Games,North Slogo AC (IRL),,,
140378,Cillin Greene,Cillin Greene,Cillin•Greene,,,,,Male,1998-02-12,,,,,,,,,,,Competed in Olympic Games,Galway City Harriers AC (IRL),,,
140379,David Kenny,David Kenny,David•Kenny,,,,,Male,1999-01-10,,,,,,,,,,,Competed in Olympic Games,Farranfore Maine Valley AC (IRL),,,
140380,Leon Reid,Leon Reid,Leon•Reid,,,,,Male,1994-07-26,,,,,,,,,,,Competed in Olympic Games,Menapians AC (IRL),,,
140381,Marcus Lawler,Marcus Lawler,Marcus•Lawler,,,,,Male,1995-02-28,,,,,,,,,,,Competed in Olympic Games,Clonliffe Harriers AC (IRL),,,
140382,Stephen Scullion,Stephen Scullion,Stephen•Scullion,,,,,Male,1988-11-09,,,,,,,,,,,Competed in Olympic Games,Clonliffe Harriers AC (IRL),,,
140423,Taha Hussein Yaseen,Taha Hussein Yaseen,Taha Hussein•Yaseen,طه•حسين ياسين,,,,Male,1998-01-01,,,,,,,,,,,Competed in Olympic Games,,,,
140424,Adva Cohen,Adva Cohen,Adva•Cohen,,,,,Female,1996-03-24,,,,,,,,,,,Competed in Olympic Games,,,,
140425,Diana Vaisman,Diana Vaisman,Diana•Vaisman,,,,,Female,1998-07-23,,,,,,,,,,,Competed in Olympic Games,,,,
140426,Selam Teferi,"Selamawit ""Selam"" Dagnachew Teferi (Bayoulgn-)",Selam•Teferi,,,,,Female,1994-03-24,,,,,,,,,,,Competed in Olympic Games,,,,
140450,Girmaw Amare,Girmaw Amare,Girmaw•Amare,,,,,Male,1987-10-26,,,,,,,,,,,Competed in Olympic Games,,,,
140451,Haimro Almaya,Haimro Almaya,Haimro•Almaya,עלמיה•איימרו,"Haimro Alame, Aimeru Almeya",,,Male,1990-06-08,,,,,,,,,,,Competed in Olympic Games,,,,
140494,Alice Mangione,Alice Mangione,Alice•Mangione,,,,,Female,1997-01-19,Niscemi,Caltanissetta,133,,,,,,,,Competed in Olympic Games,,,,
140495,Anna Polinari,Anna Polinari,Anna•Polinari,,,,,Female,1999-02-07,Verona,Verona,133,,,,,,,,Non-starter,,,,
140496,Daisy Osakue,Daisy Oyemwenosa Osakue,Daisy•Osakue,,,,,Female,1996-01-16,Torino,Torino,133,,,,,,,,Competed in Olympic Games,,,,
140497,Elena Vallortigara,Elena Vallortigara,Elena•Vallortigara,,,,,Female,1991-09-21,Schio,Vicenza,133,,,,,,184,66,Competed in Olympic Games,"C. S. Carabinieri, (ITA)",,,
140498,Eleonora Marchiando,Eleonora Marchiando,Eleonora•Marchiando,,,,,Female,1997-09-27,Aosta,Aosta,133,,,,,,,,Competed in Olympic Games,,,,
140499,Elisa Maria di Lazzaro,Elisa Maria di Lazzaro,Elisa Maria•di Lazzaro,,,,,Female,1998-06-05,Trieste,Trieste,133,,,,,,,,Competed in Olympic Games,,,,
140500,Elisa Molinarolo,Elisa Molinarolo,Elisa•Molinarolo,,,,,Female,1994-01-29,Verona,Verona,133,,,,,,,,Competed in Olympic Games,,,,
140501,Federica Del Buono,Federica Del Buono,Federica•Del Buono,,,,,Female,1994-12-12,Vicenza,Vicenza,133,,,,,,,,Competed in Olympic Games,,,,
140502,Gaia Sabbatini,Gaia Sabbatini,Gaia•Sabbatini,,,,,Female,1999-06-10,Teramo,Teramo,133,,,,,,,,Competed in Olympic Games,,,,
140503,Giancarla Trevisan,Giancarla Dimich Trevisan,Giancarla•Trevisan,,,,,Female,1993-02-17,Laguna Niguel,California,268,,,,,,,,Non-starter,,,,
140504,Giovanna Epis,Giovanna Epis (-Tocco),Giovanna•Epis,,,,,Female,1988-10-11,Venezia,Venezia,133,,,,,,,,Competed in Olympic Games,,,,
140505,Irene Siragusa,Irene Siragusa,Irene•Siragusa,,,,,Female,1993-06-23,Poggibonsi,Siena,133,,,,,,,,Competed in Olympic Games,,,,
140506,Johanelis Herrera,Johanelis Herrera Abreu,Johanelis•Herrera,,,,,Female,1995-08-11,Santo Domingo,Distrito Nacional,76,,,,,,,,Non-starter,,,,
140507,Linda Olivieri,Linda Olivieri,Linda•Olivieri,,,,,Female,1998-07-14,Torino,Torino,133,,,,,,,,Competed in Olympic Games,,,,
140508,Luminosa Bogliolo,Luminosa Bogliolo,Luminosa•Bogliolo,,,,,Female,1995-07-03,Albenga,Savona,133,,,,,,170,60,Competed in Olympic Games,"G.S. Fiamme Oro, Roma (ITA)",,,
140509,Nadia Battocletti,Nadia Battocletti,Nadia•Battocletti,,,,,Female,2000-04-12,Cles,Trento,133,,,,,,,,Competed in Olympic Games,"G.S. Fiamme Azzurre, (ITA)",,,
140510,Petra Nardelli,Petra Nardelli,Petra•Nardelli,,,,,Female,1996-04-10,Bolzano,Bolzano-Bozen,133,,,,,,179,,Competed in Olympic Games,,,,
140511,Raphaela Lukudo,Raphaela Boaheng Lukudo,Raphaela•Lukudo,,,,,Female,1994-07-29,Aversa,Caserta,133,,,,,,,,Non-starter,,,,
140512,Rebecca Borga,Rebecca Borga,Rebecca•Borga,,,,,Female,1998-06-11,Treviso,Treviso,133,,,,,,,,Competed in Olympic Games,"G.S. Fiamme Gialle, Roma (ITA)",,,
140513,Roberta Bruni,Roberta Bruni,Roberta•Bruni,,,,,Female,1994-03-08,Roma,Roma,133,,,,,,,,Competed in Olympic Games,"C. S. Carabinieri, (ITA)",,,
140514,Sara Fantini,Sara Fantini,Sara•Fantini,,,,,Female,1997-09-16,Fidenza,Parma,133,,,,,,,,Competed in Olympic Games,,,,
140515,Valentina Trapletti,Valentina Trapletti,Valentina•Trapletti,,,,,Female,1985-07-12,Magenta,Milano,133,,,,,,,,Competed in Olympic Games,,,,
140516,Vittoria Fontana,Vittoria Fontana,Vittoria•Fontana,,,,,Female,2000-07-23,Gallarate,Varese,133,,,,,,,,Competed in Olympic Games,"C. S. Carabinieri, (ITA)",,,
140517,Zaynab Dosso,Zaynab Dosso,Zaynab•Dosso,,,,,Female,1999-09-12,Man,Montagnes,58,,,,,,,,Non-starter,,,,
140608,Ahmed Abdelwahed,Ahmed Abdelwahed,Ahmed•Abdelwahed,,,,,Male,1996-05-26,Roma,Roma,133,,,,,,,,Competed in Olympic Games,"G.S. Fiamme Gialle, Roma (ITA)",,,
140609,Ala Zoghlami,Ala Zoghlami,Ala•Zoghlami,,,,,Male,1994-06-19,Tunis,Tunis,260,,,,,,,,Competed in Olympic Games,"G.S. Fiamme Oro, Roma (ITA)",,,
140610,Alessandro Sibilio,Alessandro Sibilio,Alessandro•Sibilio,,,,,Male,1999-04-27,Napoli,Napoli,133,,,,,,,,Competed in Olympic Games,,,,
140611,Andrea Agrusti,Andrea Agrusti,Andrea•Agrusti,,,,,Male,1995-08-30,Sassari,Sassari,133,,,,,,,,Competed in Olympic Games,"G.S. Fiamme Gialle, Roma (ITA)",,,
140612,Andrea Dallavalle,Andrea Dallavalle,Andrea•Dallavalle,,,,,Male,1999-10-31,Piacenza,Piacenza,133,,,,,,,,Competed in Olympic Games,,,,
140613,Antonio Infantino,Antonio Baldassare Infantino,Antonio•Infantino,,,,,Male,1991-03-22,Welwyn Garden City,England,98,,,,,,,,Competed in Olympic Games,,,,
140614,Brayan Lopez,Brayan Lopez,Brayan•Lopez,,,,,Male,1997-06-20,San Juan de la Maguana,San Juan,76,,,,,,,,Non-starter,GS Fiamme Azzurre (ITA),,,
140615,Claudio Stecchi,Claudio Michel Stecchi,Claudio•Stecchi,,,,,Male,1991-11-23,Bagno a Ripoli,Firenze,133,,,,,,,,Competed in Olympic Games,,,,
140616,Davide Re,Davide Re,Davide•Re,,,,,Male,1993-03-16,Milano,Milano,133,,,,,,,,Competed in Olympic Games,,,,
140617,Edoardo Scotti,Edoardo Scotti,Edoardo•Scotti,,,,,Male,2000-05-09,Lodi,Lodi,133,,,,,,,,Competed in Olympic Games,,,,
140618,Emmanuel Ihemeje,Chiebuka Emmanuel Ihemeje,Emmanuel•Ihemeje,,,,,Male,1998-10-09,Carrara,Massa-Carrara,133,,,,,,,,Competed in Olympic Games,,,,
140619,Eyob Faniel,Eyob Ghebrehiwet Faniel,Eyob•Faniel,,,,,Male,1992-11-26,Asmara,Maekel,86,,,,,,174,53,Competed in Olympic Games,,,,
140620,Federico Tontodonati,Federico Tontodonati,Federico•Tontodonati,,,,,Male,1989-10-30,Torino,Torino,133,,,,,,,,Competed in Olympic Games,,,,
140621,Filippo Randazzo,Filippo Randazzo,Filippo•Randazzo,,,,,Male,1996-04-27,Caltagirone,Catania,133,,,,,,,,Competed in Olympic Games,,,,
140622,Francesco Fortunato,Francesco Fortunato,Francesco•Fortunato,,,,,Male,1994-12-13,Andria,Barletta-Andria-Trani,133,,,,,,,,Competed in Olympic Games,,,,
140623,Giovanni Faloci,Giovanni Faloci,Giovanni•Faloci,,,,,Male,1985-10-13,Umbertide,Perugia,133,,,,,,191,127,Competed in Olympic Games,Fiamme Gialle (ITA),,,
140624,Giuseppe Leonardi,Giuseppe Leonardi,Giuseppe•Leonardi,,,,,Male,1996-07-31,Catania,Catania,133,,,,,,,,Non-starter,,,,
140625,Hassane Fofana,Hassane Fofana,Hassane•Fofana,,,,,Male,1992-04-28,Gavardo,Brescia,133,,,,,,,,Competed in Olympic Games,,,,
140626,Hillary Polanco,Hillary Wanderson Polanco Rijo,Hillary•Polanco,,,,,Male,1997-11-25,Santo Domingo,Distrito Nacional,76,,,,,,,,Non-starter,,,,
140627,Lamont Marcell Jacobs,Lamont Marcell Jacobs,Lamont Marcell•Jacobs,,,,,Male,1994-09-26,El Paso,Texas,268,,,,,,,,Competed in Olympic Games,"G.S. Fiamme Oro, Roma (ITA)",,,
140628,Lorenzo Patta,Lorenzo Patta,Lorenzo•Patta,,,,,Male,2000-05-23,Oristano,Oristano,133,,,,,,,,Competed in Olympic Games,"G.S. Fiamme Gialle, Roma (ITA)",,,
140629,Massimo Stano,Massimo Stano,Massimo•Stano,,,,,Male,1992-02-27,Grumo Appula,Bari,133,,,,,,,,Competed in Olympic Games,,,,
140630,Nick Ponzio,"Nicholas James ""Nick"" Ponzio",Nick•Ponzio,,,,,Male,1995-01-04,San Diego,California,268,,,,,,,,Competed in Olympic Games,,,,
140631,Osama Zoghlami,Osama Zoghlami,Osama•Zoghlami,,,,,Male,1994-06-19,Tunis,Tunis,260,,,,,,,,Competed in Olympic Games,"Aeronautica Militare, Bracciano (ITA)",,,
140632,Paolo Dal Molin,Paolo Dal Molin Kondjo,Paolo•Dal Molin,,,,,Male,1987-07-31,Yaoundé,Centre,59,,,,,,,,Competed in Olympic Games,,,,
140633,Vladimir Aceti,Vladimir Aceti,Vladimir•Aceti,,,,,Male,1998-10-16,Petrozavodsk,Respublika Kareliya,219,,,,,,,,Competed in Olympic Games,"G.S. Fiamme Gialle, Roma (ITA)",,,
140634,Yassine El-Fathaoui,Yassine El-Fathaoui,Yassine•El-Fathaoui,,,,,Male,1982-03-23,Belfaa,Souss-Massa,165,,,,,,,,Competed in Olympic Games,,,,
140635,Yassine Rachik,Yassine Rachik,Yassine•Rachik,,,,,Male,1993-06-11,Aïn Sebaâ,Casablanca-Settat,165,,,,,,,,Competed in Olympic Games,,,,
140636,Yemaneberhan Crippa,Yemaneberhan Crippa,Yemaneberhan•Crippa,,,,,Male,1996-10-15,Dessie,Amhara,89,,,,,,,,Competed in Olympic Games,,,,
140637,Zane Weir,Zane Sean Weir,Zane•Weir,,,,,Male,1995-09-07,Amanzimtoti,KwaZulu-Natal,280,,,,,,,,Competed in Olympic Games,,,,
140722,Chantel Malone,Chantel Ellen Malone,Chantel•Malone,,,,,Female,1991-12-02,?,Puerto Rico,209,,,,,,,,Competed in Olympic Games,Puma,,,
140723,Briana Williams,Briana Nichole Williams,Briana•Williams,,,,,Female,2002-03-21,,,,,,,,,,,Competed in Olympic Games,,,,
140724,Britany Anderson,Britany Anderson,Britany•Anderson,,,,,Female,2001-01-03,,,,,,,,,,,Competed in Olympic Games,,,,
140725,Candice McLeod,Candice McLeod,Candice•McLeod,,,,,Female,1996-11-15,,,,,,,,,,,Competed in Olympic Games,,,,
140726,Chanice Porter,Chanice Porter,Chanice•Porter,,,,,Female,1994-05-25,,,,,,,,,,,Competed in Olympic Games,,,,
140727,Lloydricia Cameron,Lloydricia Cameron,Lloydricia•Cameron,,,,,Female,1996-04-08,,,,,,,,,,,Competed in Olympic Games,,,,
140728,Natasha Morrison,Natasha Morrison,Natasha•Morrison,,,,,Female,1992-11-17,,,,,,,,,,,Competed in Olympic Games,,,,
140729,Remona Burchell,Remona Burchell,Remona•Burchell,,,,,Female,1991-09-15,,,,,,,,,,,Competed in Olympic Games,,,,
140730,Ronda Whyte,Ronda Amond Whyte,Ronda•Whyte,,,,,Female,1990-11-06,,,,,,,,,,,Competed in Olympic Games,,,,
140731,Roneisha McGregor,Roneisha McGregor,Roneisha•McGregor,,,,,Female,1997-10-09,,,,,,,,,,,Competed in Olympic Games,,,,
140732,Stacey-Ann Williams,Stacey-Ann Williams,Stacey-Ann•Williams,,,,,Female,1999-03-08,,,,,,,,,,,Competed in Olympic Games,,,,
140733,Tissanna Hickling,Tissanna Patric Hickling,Tissanna•Hickling,,,,,Female,1998-01-07,,,,,,,,,,,Competed in Olympic Games,,,,
140734,Tovea Jenkins,Tovea Jenkins,Tovea•Jenkins,,,,,Female,1992-10-27,,,,,,,,,,,Competed in Olympic Games,,,,
140735,Yanique Thompson,Yanique Thompson,Yanique•Thompson,,,,,Female,1996-03-12,,,,,,,,,,,Competed in Olympic Games,,,,
140738,Carey McLeod,Carey McLeod,Carey•McLeod,,,,,Male,1998-04-14,,,,,,,,,,,Competed in Olympic Games,,,,
140739,Chad Wright,Chad Dimitri Wright,Chad•Wright,,,,,Male,1991-03-25,,,,,,,,,,,Competed in Olympic Games,,,,
140740,Christopher Taylor,Christopher Taylor,Christopher•Taylor,,,,,Male,1999-10-01,,,,,,,,,,,Competed in Olympic Games,,,,
140741,Damion Thomas,Damion Thomas,Damion•Thomas,,,,,Male,1999-06-29,,,,,,,,,,,Competed in Olympic Games,,,,
140742,Demish Gaye,Demish Denvo Gaye,Demish•Gaye,,,,,Male,1993-01-20,,,,,,,,,,,Competed in Olympic Games,,,,
140743,Javeir Brown,Javeir Brown,Javeir•Brown,,,,,Male,2001-10-08,,,,,,,,,,,Non-starter,,,,
140744,Julian Forte,Julian Forte,Julian•Forte,,,,,Male,1993-01-07,,,,,,,,,,,Competed in Olympic Games,,,,
140745,Karayme Bartley,Karayme Bartley,Karayme•Bartley,,,,,Male,1995-09-10,,,,,,,,,,,Competed in Olympic Games,,,,
140746,Kemar Mowatt,Kemar Mowatt,Kemar•Mowatt,,,,,Male,1995-03-12,,,,,,,,,,,Competed in Olympic Games,,,,
140747,Nigel Ellis,Nigel Ellis,Nigel•Ellis,,,,,Male,1997-08-08,,,,,,,,,,,Non-starter,,,,
140748,Oblique Seville,Oblique Seville,Oblique•Seville,,,,,Male,2001-03-16,,,,,,,,,,,Competed in Olympic Games,,,,
140749,Rasheed Dwyer,Rasheed Ray Dwyer,Rasheed•Dwyer,,,,,Male,1989-01-29,,,,,,,,,,,Competed in Olympic Games,,,,
140750,Ronald Levy,Ronald Levy,Ronald•Levy,,,,,Male,1992-10-30,,,,,,,,,,,Competed in Olympic Games,,,,
140751,Sean Bailey,Sean Bailey,Sean•Bailey,,,,,Male,1997-07-15,,,,,,,,,,,Competed in Olympic Games,,,,
140752,Shawn Rowe,Shawn Rowe,Shawn•Rowe,,,,,Male,1992-12-07,,,,,,,,,,,Competed in Olympic Games,,,,
140753,Tajay Gayle,Tajay Gayle,Tajay•Gayle,,,,,Male,1996-08-02,,,,,,,,,,,Competed in Olympic Games,,,,
140754,Tyquendo Tracey,Tyquendo Tracey,Tyquendo•Tracey,,,,,Male,1993-06-10,,,,,,,,,,,Non-starter,,,,
140757,Aliya Boshnak,Aliya Boshnak,Aliya•Boshnak,عليا•بشناق,,,,Female,2000-12-19,,,,,,,,,,,Competed in Olympic Games,"Yale Bulldogs, New Haven (USA)",,,
140768,Ami Saito,Ami Saito,Ami•Saito,,,,,Female,1999-08-26,,,,,,,,,,,Competed in Olympic Games,,,,
140769,Asuka Terada,Asuka Terada,Asuka•Terada,寺田•明日香,,,,Female,1990-01-14,,,,,,,,,,,Competed in Olympic Games,,,,
140770,Hanae Aoyama,Hanae Aoyama,Hanae•Aoyama,青山•華依,,,,Female,2002-08-26,,,,,,,,,,,Competed in Olympic Games,,,,
140771,Haruka Kitaguchi,Haruka Kitaguchi,Haruka•Kitaguchi,北口•榛花,,,,Female,1998-03-16,,,,,,,,,,,Competed in Olympic Games,,,,
140772,Honami Maeda,Honami Maeda,Honami•Maeda,前田•穂南,,,,Female,1996-07-17,,,,,,,,,,,Competed in Olympic Games,,,,
140773,Kaede Hagitani,Kaede Hagitani,Kaede•Hagitani,萩谷•楓,,,,Female,2000-10-10,,,,,,,,,,,Competed in Olympic Games,,,,
140774,Kaori Kawazoe,Kaori Kawazoe,Kaori•Kawazoe,河添•香織,,,,Female,1995-09-30,,,,,,,,,,,Competed in Olympic Games,,,,
140775,Mao Ichiyama,Mao Ichiyama,Mao•Ichiyama,一山•麻緒,,,,Female,1997-05-29,,,,,,,,,,,Competed in Olympic Games,,,,
140776,Masumi Aoki,Masumi Aoki,Masumi•Aoki,青木•益未,,,,Female,1994-04-16,,,,,,,,,,,Competed in Olympic Games,,,,
140777,Mei Kodama,Mei Kodama,Mei•Kodama,兒玉•芽生,,,,Female,1999-06-08,,,,,,,,,,,Competed in Olympic Games,,,,
140778,Nanako Fujii,Nanako Fujii,Nanako•Fujii,藤井•菜々子,,,,Female,1999-05-07,,,,,,,,,,,Competed in Olympic Games,,,,
140779,Nozomi Tanaka,Nozomi Tanaka,Nozomi•Tanaka,田中•希実,,,,Female,1999-09-04,,,,,,,,,,,Competed in Olympic Games,,,,
140780,Ran Urabe,Ran Urabe,Ran•Urabe,卜部•蘭,,,,Female,1995-06-16,,,,,,,,,,,Competed in Olympic Games,,,,
140781,Remi Tsuruta,Remi Tsuruta,Remi•Tsuruta,鶴田•玲美,,,,Female,1997-04-18,,,,,,,,,,,Competed in Olympic Games,,,,
140782,Ririka Hironaka,Ririka Hironaka,Ririka•Hironaka,廣中•璃梨佳,,,,Female,2000-11-24,,,,,,,,,,,Competed in Olympic Games,,,,
140783,Yu Ishikawa,Yu Ishikawa,Yu•Ishikawa,石川•優,,,,Female,2002-11-17,,,,,,,,,,,Non-starter,,,,
140784,Yuka Ando,Yuka Ando,Yuka•Ando,安藤•友香,,,,Female,1994-03-16,,,,,,,,,,,Competed in Olympic Games,,,,
140785,Yuno Yamanaka,Yuno Yamanaka,Yuno•Yamanaka,山中•柚乃,,,,Female,2000-12-25,,,,,,,,,,,Competed in Olympic Games,,,,
140974,Abdul Hakim Sani Brown,Abdul Hakim Sani Brown,Abdul Hakim•Sani Brown,サニブラウン •アブデルハキーム,,,,Male,1999-03-06,,,,,,,,,,,Competed in Olympic Games,Tumbleweed Track Club (USA),,,
140975,Akira Aizawa,Akira Aizawa,Akira•Aizawa,相澤•晃,,,,Male,1997-07-18,,,,,,,,,,,Competed in Olympic Games,Asahi Kasei Corporation (JPN),,,
140976,Aoto Suzuki,Aoto Suzuki,Aoto•Suzuki,鈴木•碧斗,,,,Male,2001-05-30,,,,,,,,,,,Competed in Olympic Games,,,,
140977,Bruno Dede,Bruno Dede,Bruno•Dede,デーデー•ブルーノ,,,,Male,1999-10-07,,,,,,,,,,,Non-starter,,,,
140978,Hayato Katsuki,Hayato Katsuki,Hayato•Katsuki,勝木•隼人,,,,Male,1990-11-28,,,,,,,,,,,Competed in Olympic Games,,,,
140979,Hibiki Tsuha,Hibiki Tsuha,Hibiki•Tsuha,津波•響樹,,,,Male,1998-01-21,,,,,,,,,,,Competed in Olympic Games,,,,
140980,Hiroki Matsueda,Hiroki Matsueda,Hiroki•Matsueda,松枝•博輝,,,,Male,1993-05-20,,,,,,,,,,,Competed in Olympic Games,Fujitsu (JPN),,,
140981,Hiromu Yamauchi,Hiromu Yamauchi,Hiromu•Yamauchi,山内•大夢,,,,Male,1999-08-24,,,,,,,,,,,Competed in Olympic Games,Waseda University (JPN),,,
140982,Kaito Kawabata,Kaito Kawabata,Kaito•Kawabata,川端•魁人,,,,Male,1998-08-17,,,,,,,,,,,Competed in Olympic Games,,,,
140983,Kazuki Kurokawa,Kazuki Kurokawa,Kazuki•Kurokawa,黒川•和樹,,,,Male,2001-06-17,,,,,,,,,,,Competed in Olympic Games,Hosei University (JPN),,,
140984,Kentaro Sato,Kentaro Sato,Kentaro•Sato,佐藤•拳太郎,,,,Male,1994-11-16,,,,,,,,,,,Competed in Olympic Games,,,,
140985,Koki Ikeda,Koki Ikeda,Koki•Ikeda,池田•向希,,,,Male,1998-05-03,Hamamatsu,Shizuoka,136,,,,,,,,Competed in Olympic Games,,,,
140986,Kosei Yamaguchi,Kosei Yamaguchi,Kosei•Yamaguchi,山口•浩勢,,,,Male,1991-08-19,,,,,,,,,,,Competed in Olympic Games,Aisan Industry (JPN),,,
140987,Masaki Ejima,Masaki Ejima,Masaki•Ejima,江島•雅紀,,,,Male,1999-03-06,,,,,,,,,,,Competed in Olympic Games,,,,
140988,Masatora Kawano,Masatora Kawano,Masatora•Kawano,川野•将虎,,,,Male,1998-10-23,,,,,,,,,,,Competed in Olympic Games,,,,
140989,Naoto Tobe,Naoto Tobe,Naoto•Tobe,戸邉•直人,,,,Male,1992-03-31,,,,,,,,,,,Competed in Olympic Games,,,,
140990,Rikuya Ito,Rikuya Ito,Rikuya•Ito,伊東•利来也,,,,Male,1998-11-10,,,,,,,,,,,Competed in Olympic Games,,,,
140991,Ryoma Aoki,Ryoma Aoki,Ryoma•Aoki,青木•涼真,,,,Male,1997-06-16,,,,,,,,,,,Competed in Olympic Games,Honda Motors (JPN),,,
140992,Ryuji Miura,Ryuji Miura,Ryuji•Miura,三浦•龍司,,,,Male,2002-02-21,,,,,,,,,,,Competed in Olympic Games,Juntendo University (JPN),,,
140993,Satoshi Maruo,Satoshi Maruo,Satoshi•Maruo,丸尾•知司,,,,Male,1991-11-28,,,,,,,,,,,Competed in Olympic Games,,,,
140994,Shogo Nakamura,Shogo Nakamura,Shogo•Nakamura,中村•匠吾,,,,Male,1992-09-16,,,,,,,,,,,Competed in Olympic Games,,,,
140995,Shotaro Shiroyama,Shotaro Shiroyama,Shotaro•Shiroyama,城山•正太郎,,,,Male,1995-03-06,,,,,,,,,,,Competed in Olympic Games,,,,
140996,Shuhei Tada,Shuhei Tada,Shuhei•Tada,多田•修平,,,,Male,1996-06-24,,,,,,,,,,,Competed in Olympic Games,Sumitomo Electric Industries (JPN),,,
140997,Shunsuke Izumiya,Shunsuke Izumiya,Shunsuke•Izumiya,泉谷•駿介,,,,Male,2000-01-26,,,,,,,,,,,Competed in Olympic Games,Juntendo University (JPN),,,
140998,Shunya Takayama,Shunya Takayama,Shunya•Takayama,高山•峻野,,,,Male,1994-09-03,,,,,,,,,,,Competed in Olympic Games,Zenrin (JPN),,,
140999,Taio Kanai,Taio Kanai,Taio•Kanai,金井•大旺,,,,Male,1995-09-28,,,,,,,,,,,Competed in Olympic Games,Mizuno (JPN),,,
141000,Takatoshi Abe,Takatoshi Abe,Takatoshi•Abe,安部•孝駿,,,,Male,1991-11-12,,,,,,,,,,,Competed in Olympic Games,Yamada Holdings (JPN),,,
141001,Takuto Kominami,Takuto Kominami,Takuto•Kominami,小南•拓人,,,,Male,1995-07-26,,,,,,,,,,,Competed in Olympic Games,,,,
141002,Tatsuhiko Ito,Tatsuhiko Ito,Tatsuhiko•Ito,伊藤•達彦,,,,Male,1998-03-23,,,,,,,,,,,Competed in Olympic Games,Honda Motor (JPN),,,
141003,Toshikazu Yamanishi,Toshikazu Yamanishi,Toshikazu•Yamanishi,山西•利和,,,,Male,1996-02-15,,,,,,,,,,,Competed in Olympic Games,,,,
141004,Yuki Hashioka,Yuki Hashioka,Yuki•Hashioka,橋岡•優輝,,,,Male,1999-01-23,,,,,,,,,,,Competed in Olympic Games,,,,
141005,Yuki Koike,Yuki Koike,Yuki•Koike,小池•祐貴,,,,Male,1995-05-13,,,,,,,,,,,Competed in Olympic Games,Sumitomo Electric Industries (JPN),,,
141006,Yuma Hattori,Yuma Hattori,Yuma•Hattori,服部•勇馬,,,,Male,1993-11-13,,,,,,,,,,,Competed in Olympic Games,,,,
141007,Yuta Bando,Yuta Bando,Yuta•Bando,坂東•悠汰,,,,Male,1996-11-21,,,,,,,,,,,Competed in Olympic Games,Fujitsu (JPN),,,
141211,Kristina Ovchinnikova,Kristina Ovchinnikova,Kristina•Ovchinnikova,Кристина•Овчинникова,,,,Female,2001-03-21,Almaty,Almaty,137,,,,,,,,Competed in Olympic Games,Altay Athletics Club (KAZ),,,
141212,Mariya Ovchinnikova,Mariya Anatolyevna Ovchinnikova (-Yefremova),Mariya•Ovchinnikova,Мария Анатольевна•Овчинникова (-Ефремова),,Masha,,Female,1998-10-19,Temirtau,Quaraghandy,137,,,,,,,,Competed in Olympic Games,,,,
141213,Nadezhda Dubovitskaya,Nadezhda Dubovitskaya,Nadezhda•Dubovitskaya,Надежда•Дубовицкая,,Nadya,,Female,1998-03-12,Semey,Shyrgys Qazaqstan,137,,,,,,,,Competed in Olympic Games,Altay Athletics Club (KAZ),,,
141214,Zhanna Mamazhanova,Zhanna Mamazhanova,Zhanna•Mamazhanova,Жанна•Мамажанова,,,,Female,1994-01-26,Semey,Shyrgys Qazaqstan,137,,,,,,,,Competed in Olympic Games,"Altay Athletics Club, Oskemen (KAZ)",,,
141227,Mikhail Litvin,Mikhail Sergeyevich Litvin,Mikhail•Litvin,Михаил Сергеевич•Литвин,,,,Male,1996-01-05,Petropavl,Soltustyk Qazaqstan,137,,,,,,,,Competed in Olympic Games,Dynamo (KAZ),,,
141263,Agnes Tirop,Agnes Jebet Tirop,Agnes•Tirop,,,,,Female,1995-10-23,?,Uasin Gishu,138,,2021-10-13,Iten,Elgeyo-Marakwet,138,,,Competed in Olympic Games,Kenya Police (KEN),,,
141264,Brigid Kosgei,Brigid Jepchirchir Kosgei,Brigid•Kosgei,,,,,Female,1994-02-20,Kapsowar,Elgeyo-Marakwet,138,,,,,,,,Competed in Olympic Games,,,,
141265,Emily Cherotich Tuei,Emily Cherotich Tuei,Emily Cherotich•Tuei,,,,,Female,1986-05-13,Kericho,Kericho,138,,,,,,,,Competed in Olympic Games,"Lemotit Athletics, Londiani (KEN)",,,
141266,Hellen Syombua Kalii,Hellen Syombua Kalii,Hellen Syombua•Kalii,,,,,Female,1997-08-08,,,,,,,,,,,Competed in Olympic Games,Kenya Police (KEN),,,
141267,Irene Cheptai,Irene Chepet Cheptai,Irene•Cheptai,,,,,Female,1992-02-04,,,,,,,,,,,Competed in Olympic Games,,,,
141268,Lilian Rengeruk,Lilian Kasait Rengeruk,Lilian•Rengeruk,,,,,Female,1997-05-03,,,,,,,,,,,Competed in Olympic Games,Kenya Prisons (KEN),,,
141269,Mary Moraa,Mary Moraa,Mary•Moraa,,,,,Female,2000-06-15,,,,,,,,,,,Competed in Olympic Games,Kenya Police (KEN),,,
141270,Peres Jepchirchir,Peres Jepchirchir,Peres•Jepchirchir,,,,,Female,1993-09-27,,,,,,,,,,,Competed in Olympic Games,,,,
141271,Purity Kirui,Purity Cherotich Kirui,Purity•Kirui,,,,,Female,1991-08-13,,,,,,,,,,,Competed in Olympic Games,,,,
141272,Ruth Chepngetich,Ruth Chepngetich,Ruth•Chepngetich,,,,,Female,1994-08-08,,,,,,,,,,,Competed in Olympic Games,,,,
141273,Sheila Chelangat,Sheila Chelangat,Sheila•Chelangat,,,,,Female,1998-04-11,,,,,,,,,,,Competed in Olympic Games,Kenya Police (KEN),,,
141302,Abel Kipsang,Abel Kipsang Bele,Abel•Kipsang,,,,,Male,1996-11-22,,,,,,,,,,,Competed in Olympic Games,,,,
141303,Abraham Kibiwot,Abraham Kibiwot,Abraham•Kibiwot,,,,,Male,1996-04-06,?,Uasin Gishu,138,,,,,,,,Competed in Olympic Games,,,,
141304,Amos Kipruto,Amos Choge Kipruto,Amos•Kipruto,,,Bwanadawa,,Male,1992-09-16,,,,,,,,,,,Competed in Olympic Games,"2 Running Club, Kapsabet (KEN)",,,
141305,Benjamin Kigen,Benjamin Kigen,Benjamin•Kigen,,,,,Male,1993-07-05,,,,,,,,,,,Competed in Olympic Games,,,,
141306,Charles Simotwo,Charles Cheboi Simotwo,Charles•Simotwo,,,,,Male,1995-06-05,,,,,,,,,,,Competed in Olympic Games,"Kenya Defence Force [KDF], Nairobi (KEN)",,,
141307,Daniel Ebenyo,Daniel Simiu Ebenyo,Daniel•Ebenyo,,,,,Male,1995-09-18,,,,,,,,,,,Competed in Olympic Games,,,,
141308,Emmanuel Korir,Emmanuel Kipkurui Korir,Emmanuel•Korir,,,,,Male,1995-06-15,,,,,,,,,,,Competed in Olympic Games,,,,
141309,Ferdinand Omanyala,Ferdinand Omanyala Omurwa,Ferdinand•Omanyala,,,Ferdi,,Male,1996-01-02,,,,,,,,,,,Competed in Olympic Games,Global Athletics For Peace (KEN),,,
141310,Lawrence Cherono,Lawrence Cherono,Lawrence•Cherono,,,,,Male,1988-08-07,?,Baringo,138,,,,,,,,Competed in Olympic Games,,,,
141311,Leonard Bett,Leonard Kipkemoi Bett,Leonard•Bett,,,,,Male,2000-11-03,,,,,,,,,,,Competed in Olympic Games,,,,
141312,Mathew Sawe,Mathew Kiplagat Sawe,Mathew•Sawe,,,,,Male,1988-07-02,,,,,,,,,,,Competed in Olympic Games,"Kenya Defence Force [KDF], Nairobi (KEN)",,,
141313,Michael Saruni,Michael Saruni,Michael•Saruni,,,,,Male,1995-01-18,,,,,,,,,,,Competed in Olympic Games,,,,
141314,Nicholas Kipkorir Kimeli,Nicholas Kipkorir Kimeli,Nicholas•Kipkorir Kimeli,,,,,Male,1998-09-29,Eldoret,Uasin Gishu,138,,,,,,,,Competed in Olympic Games,,,,
141315,Rodgers Kwemoi,Rodgers Kwemoi Chumo,Rodgers•Kwemoi,,,,,Male,1998-03-03,,,,,,,,,,,Competed in Olympic Games,Aisan Kogyo (JPN),,,
141316,Samwel Masai,Samwel Chebolei Masai,Samwel•Masai,,,,,Male,2001-03-20,,,,,,,,,,,Non-starter,Kanebo Cosmetics (JPN),,,
141317,Timothy Cheruiyot,Timothy Cheruiyot,Timothy•Cheruiyot,,,Tim,,Male,1995-11-20,Bomet,Bomet,138,,,,,,,,Competed in Olympic Games,Rongai Athletics Club (KEN) / Kenyan Prisons (KEN),,,
141318,Weldon Langat,Weldon Kipkirui Langat,Weldon•Langat,,,,,Male,1998-02-24,,,,,,,,,,,Competed in Olympic Games,,,,
141333,Nursultan Keneshbekov,Nursultan Keneshbekov,Nursultan•Keneshbekov,Нурсултан•Кенешбеков,,,,Male,2000-03-25,Chok-Tal,Issyk-Kul,139,,,,,,,,Competed in Olympic Games,,,,
141343,Lataisi Mwea,Lataisi Mwea,Lataisi•Mwea,,,,,Male,2000-07-26,,,,,,,,,,,Competed in Olympic Games,,,,
141347,Choi Gyeong-Seon,Choi Gyeong-Seon,Choi•Gyeong-Seon,최•경선,Choi Kyung-Sun,,Oriental,Female,1992-03-16,,,,,,,,,,,Competed in Olympic Games,,,,
141426,Jin Min-Seop,Jin Min-Seop,Jin•Min-Seop,진•민섭,Jin Min-Sub,,Oriental,Male,1992-09-02,,,,,,,,,,,Competed in Olympic Games,,,,
141427,Oh Ju-Hwan,Oh Ju-Hwan,Oh•Ju-Hwan,오•주환,"Wilson Loyanae Erupe, Oh Joo-Han",,Oriental,Male,1988-11-20,,,,,,,,,,,Competed in Olympic Games,,,,
141503,Yasmeen Al-Dabbagh,Yasmeen Al-Dabbagh,Yasmeen•Al-Dabbagh,ياسمين•الدباغ,,,,Female,1997-09-22,Westminster,England,98,,,,,,,,Competed in Olympic Games,,,,
141504,Mazen Al-Yassin,Mazen Moutan Al-Yassin,Mazen•Al-Yassin,مازن موتان•الياسين,,,,Male,1996-07-08,Jeddah,Makkah,222,,,,,,,,Competed in Olympic Games,,,,
141525,Mudhawi Al-Shammari,Mudhawi Al-Shammari,Mudhawi•Al-Shammari,مضاوي•الشمري,,,,Female,1998-04-25,,,,,,,,,,,Competed in Olympic Games,,,,
141527,Yaqoub Al-Youha,Yaqoub Mohamed Al-Youha,Yaqoub•Al-Youha,يعقوب محمد•اليوحة,,,,Male,1993-01-31,,,,,,,,,,,Competed in Olympic Games,Al Sahel Sporting Club (KUW),,,
141531,Silina Pha Aphay,Silina Pha Aphay,Silina•Pha Aphay,,,,,Female,1996-03-29,,,,,,,,,,,Competed in Olympic Games • Other,,,,
141532,Anete Kociņa,Anete Kociņa,Anete•Kociņa,,,,,Female,1996-02-05,,,,,,,,,,,Competed in Olympic Games,,,,
141533,Laura Igaune,Laura Igaune,Laura•Igaune,,,,,Female,1988-02-10,,,,,,,,,,,Competed in Olympic Games,,,,
141536,Gatis Čakšs,Gatis Čakšs,Gatis•Čakšs,,,,,Male,1995-06-13,,,,,,,,,,,Competed in Olympic Games,,,,
141537,Ruslans Smolonskis,Ruslans Smolonskis,Ruslans•Smolonskis,,,,,Male,1996-12-15,,,,,,,,,,,Competed in Olympic Games,,,,
141550,Hadel Aboud,Hadel Aboud,Hadel•Aboud,هديل•عبود,,,,Female,1999-10-21,,,,,,,,,,,Competed in Olympic Games,,,,
141553,Noureddine Hadid,Noureddine Hadid,Noureddine•Hadid,نور الدين•حديد,,,,Male,1993-01-28,,,,,,,,,,,Competed in Olympic Games,,,,
141555,Ebony Morrison,Ebony Morrison,Ebony•Morrison,,,,,Female,1994-12-28,,,,,,,,,,,Competed in Olympic Games • Other,,,,
141556,Joseph Fahnbulleh,Joseph Fahnbulleh,Joseph•Fahnbulleh,,,,,Male,2001-09-11,,,,,,,,,,,Competed in Olympic Games • Other,,,,
141559,Neheng Khatala,Neheng Khatala,Neheng•Khatala,,,,,Female,1992-07-02,,,,,,,,,,,Competed in Olympic Games,,,,
141560,Khoarahlane Seutloali,Khoarahlane Seutloali,Khoarahlane•Seutloali,,,,,Male,1992-03-30,,,,,,,,,,,Competed in Olympic Games,,,,
141564,Agnė Šerkšnienė,Agnė Šerkšnienė,Agnė•Šerkšnienė,,,,,Female,1988-02-18,Kaunas,Kaunas,160,,,,,,,,Competed in Olympic Games,,,,
141565,Diana Zagainova,Diana Zagainova,Diana•Zagainova,,,,,Female,1997-06-20,Vilnius,Vilnius,160,,,,,,,,Competed in Olympic Games,,,,
141566,Liveta Jasiūnaitė,Liveta Jasiūnaitė,Liveta•Jasiūnaitė,,,,,Female,1994-07-26,Rokiškis,Panevėžys,160,,,,,,,,Competed in Olympic Games,,,,
141571,Adrijus Glebauskas,Adrijus Glebauskas,Adrijus•Glebauskas,,,,,Male,1994-11-20,Kėdainiai,Kaunas,160,,,,,,,,Competed in Olympic Games,,,,
141572,Edis Matusevičius,Edis Matusevičius,Edis•Matusevičius,,,,,Male,1996-06-30,Vilnius,Vilnius,160,,,,,,,,Competed in Olympic Games,,,,
141573,Gediminas Truskauskas,Gediminas Truskauskas,Gediminas•Truskauskas,,,,,Male,1998-01-02,Vilnius,Vilnius,160,,,,,,,,Competed in Olympic Games,,,,
141579,Bob Bertemes,Bob Bertemes,Bob•Bertemes,,,,,Male,1993-05-24,,,,,,,,,,,Competed in Olympic Games,,,,
141586,Todisoa Franck Rabearison,Todisoa Franck Honore Rabearison,Todisoa Franck•Rabearison,,,,,Male,1992-02-03,,,,,,,,,,,Competed in Olympic Games,,,,
141590,Rkia El-Moukim,Rkia El-Moukim,Rkia•El-Moukim,رقية•موكريم,,,,Female,1988-02-22,Guelmim,Guelmim-Oued Noun,165,,,,,,,,Competed in Olympic Games,,,,
141601,Abdelatif Sadiki,Abdelatif Al-Sadiki,Abdelatif•Sadiki,عبد اللطيف•الصديقي,,,,Male,1999-01-15,,,,,,,,,,,Competed in Olympic Games,,,,
141602,Abdelkarim Ben Zahra,Abdelkarim Ben Zahra,Abdelkarim•Ben Zahra,عبد الكريم•بن زهرة,,,,Male,1998-10-27,Marrakech,Marrakesh-Safi,165,,,,,,,,Competed in Olympic Games,,,,
141603,Hamza Sahli,Hamza Sahli,Hamza•Sahli,حمزة•سهلي,,,,Male,1993-05-10,,,,,,,,,,,Competed in Olympic Games,,,,
141604,Mohamed Reda El-Aaraby,Mohamed Reda El-Aaraby,Mohamed Reda•El-Aaraby,محمد رضى•الاعرابي,,,,Male,1989-11-12,Ouazzane,Tanger-Tetouan-Al Hoceima,165,,,,,,,,Competed in Olympic Games,,,,
141605,Mohamed Tindouft,Mohamed Tindouft,Mohamed•Tindouft,محمد•تندوفت,,,,Male,1993-03-12,,,,,,,,,,,Competed in Olympic Games,,,,
141606,Othmane El-Goumri,Othmane El-Goumri,Othmane•El-Goumri,عثمان•الكومري,,,,Male,1992-05-28,Safi,Marrakesh-Safi,165,,,,,,,,Competed in Olympic Games,"Olympic Club de Safi, Safi (MAR)",,,
141607,Oussama Nabil,Oussama Nabil,Oussama•Nabil,أسامة•نبيل,,,,Male,1996-02-18,,,,,,,,,,,Competed in Olympic Games,,,,
141622,Azreen Nabila Alias,Azreen Nabila binti Alias,Azreen Nabila•Alias,,,,,Female,2000-06-29,,,,,,,,,,,Competed in Olympic Games,,,,
141632,Asimenye Simwaka,Asimenye Simwaka,Asimenye•Simwaka,,,,,Female,1997-08-08,,,,,,,,,,,Competed in Olympic Games,,,,
141636,Alexandra Emilianov,Alexandra Emilianov,Alexandra•Emilianov,,,,,Female,1999-09-19,,,,,,,,,,,Competed in Olympic Games,,,,
141642,Andrian Mardare,Andrian Mardare,Andrian•Mardare,,,,,Male,1995-06-20,,,,,,,,,,,Competed in Olympic Games,,,,
141648,Alegna González,Alegna Aryday González Muñoz,Alegna•González,,,,,Female,1999-01-02,Ojinaga,Chihuahua,171,,,,,,,,Competed in Olympic Games,,,,
141649,Andrea Ramírez,Andrea Soraya Ramírez Limón,Andrea•Ramírez,,,,,Female,1992-11-05,Chimalhuacán,México,171,,,,,,,,Competed in Olympic Games,"Club Deportivo Espartaco en Chimalhuacán, Chimalhuacán (MEX)",,,
141650,Daniela Torres,Daniela Torres Huerta,Daniela•Torres,,,,,Female,1994-07-23,Celaya,Guanajuato,171,,,,,,,,Competed in Olympic Games,,,,
141651,Ilse Guerrero,Ilse Adriana Guerrero Rodarte,Ilse•Guerrero,,,,,Female,1993-03-24,Guadalupe,Zacatecas,171,,,,,,,,Competed in Olympic Games,,,,
141652,Laura Galván,Laura Esther Galván Rodríguez,Laura•Galván,,,,,Female,1991-10-05,La Sauceda,Guanajuato,171,,,,,,,,Competed in Olympic Games,,,,
141653,Úrsula Sánchez,Úrsula Patricia Sánchez García,Úrsula•Sánchez,,,,,Female,1987-09-15,Guadalajara,Jalisco,171,,,,,,,,Competed in Olympic Games,,,,
141690,Andrés Eduardo Olivas,Andrés Eduardo Olivas Núñez,Andrés Eduardo•Olivas,,,,,Male,1998-05-27,Chihuahua,Chihuahua,171,,,,,,175,64,Competed in Olympic Games,,,,
141691,Jesús Tonatiú López,Jesús Tonatiú López Álvarez,Jesús Tonatiú•López,,,,,Male,1997-08-02,Hermosillo,Sonora,171,,,,,,,,Competed in Olympic Games,,,,
141692,José Juan Esparza,José Juan Esparza Pérez,José Juan•Esparza,,,,,Male,1990-08-26,Aguascalientes,Aguascalientes,171,,,,,,,,Competed in Olympic Games,,,,
141693,José Luis Santana,José Luis Santana Marín,José Luis•Santana,,,,,Male,1989-09-29,?,Jalisco,171,,,,,,,,Competed in Olympic Games,,,,
141694,Juan Pacheco,Juan Joel Pacheco Orozco,Juan•Pacheco,,,,,Male,1990-12-11,Torreón,Coahuila,171,,,,,,,,Competed in Olympic Games,,,,
141790,Jovan Stojoski,Jovan Stojoski,Jovan•Stojoski,,,,,Male,1997-11-26,,,,,,,,,,,Competed in Olympic Games,,,,
141795,Fodé Sissoko,Fodé Sissoko,Fodé•Sissoko,,,,,Male,1996-10-09,,,,,,,,,,,Competed in Olympic Games,,,,
141798,Carla Scicluna,Carla Scicluna,Carla•Scicluna,,,,,Female,2001-01-27,,,,,,,,,,,Competed in Olympic Games,,,,
141802,Marija Vuković,Marija Vuković,Marija•Vuković,,,,,Female,1992-01-21,,,,,,,,,,,Competed in Olympic Games,,,,
141836,Creve Machava,Creve Armando Machava,Creve•Machava,,,,,Male,1996-02-08,Maputo,Maputo,182,,,,,,,,Competed in Olympic Games,,,,
141839,Jérémie Lararaudeuse,Jérémie Lararaudeuse,Jérémie•Lararaudeuse,,,,,Male,2001-03-31,,,,,,,,,,,Competed in Olympic Games,,,,
141842,Abidine Abidine,Abidine Abidine,Abidine•Abidine,عابدين•عابدين,,,,Male,1993-03-31,,,,,,,,,,,Competed in Olympic Games • Other,,,,
141844,Beatrice Masilingi,Beatrice Masilingi,Beatrice•Masilingi,,,,,Female,2003-04-10,Katima Mulilo,Caprivi,188,,,,,,,,Competed in Olympic Games,,,,
141845,Christine Mboma,Christine Mboma,Christine•Mboma,,,,,Female,2003-05-22,Divundu,Kavango,188,,,,,,,,Competed in Olympic Games,,,,
141847,Tomas Hilifa Rainhold,Tomas Hilifa Rainhold,Tomas Hilifa•Rainhold,,,,,Male,1991-02-07,,,,,,,,,,,Competed in Olympic Games,,,,
141854,Yeykell Romero,Yeykell Eliuth Romero,Yeykell•Romero,,,,,Male,2002-11-16,,,,,,,,,,,Competed in Olympic Games,,,,
141857,Andrea Bouma,Andrea Bouma,Andrea•Bouma,,,,,Female,1999-11-06,,,,,,,,,,,Non-starter,,,,
141858,Anne van de Wiel,Anne van de Wiel,Anne•van de Wiel,,,,,Female,1997-06-04,,,,,,,,,,,Non-starter,,,,
141859,Diane van Es,Diane van Es,Diane•van Es,,,,,Female,1999-03-22,,,,,,,,,,,Competed in Olympic Games,,,,
141860,Emma Oosterwegel,Emma Oosterwegel,Emma•Oosterwegel,,,,,Female,1998-06-29,,,,,,,,,,,Competed in Olympic Games,,,,
141861,Femke Bol,Femke Bol,Femke•Bol,,,,,Female,2000-02-23,Amersfoort,Utrecht,193,,,,,,,,Competed in Olympic Games,,,,
141862,Hanneke Oosterwegel,Hanneke Oosterwegel,Hanneke•Oosterwegel,,,,,Female,1996-12-10,,,,,,,,,,,Non-starter,,,,
141863,Irene van der Reijken,Irene van der Reijken,Irene•van der Reijken,,,,,Female,1993-08-13,,,,,,,,,,,Competed in Olympic Games,,,,
141864,Jessica Schilder,Jessica Schilder,Jessica•Schilder,,,,,Female,1999-03-19,,,,,,,,,,,Competed in Olympic Games,,,,
141865,Jill Holterman,Jill Holterman,Jill•Holterman,,,,,Female,1991-09-11,,,,,,,,,,,Competed in Olympic Games,,,,
141866,Jorinde van Klinken,Jorinde van Klinken,Jorinde•van Klinken,,,,,Female,2000-02-02,,,,,,,,,,,Competed in Olympic Games,,,,
141867,Leonie van Vliet,Leonie van Vliet,Leonie•van Vliet,,,,,Female,1993-06-13,,,,,,,,,,,Non-starter,,,,
141868,Lieke Klaver,Lieke Klaver,Lieke•Klaver,,,,,Female,1998-08-20,,,,,,,,,,,Competed in Olympic Games,,,,
141869,Marije van Hunenstijn,Marije van Hunenstijn,Marije•van Hunenstijn,,,,,Female,1995-03-02,,,,,,,,,,,Competed in Olympic Games,,,,
141870,Zoë Sedney,Zoë Frederique Sedney,Zoë•Sedney,,,,,Female,2001-12-15,,,,,,,,,,,Competed in Olympic Games,,,,
141952,Bart van Nunen,Bart van Nunen,Bart•van Nunen,,,,,Male,1995-09-24,,,,,,,,,,,Competed in Olympic Games,,,,
141953,Chris Garia,"Christopher George Paul ""Chris"" Garia",Chris•Garia,,,,,Male,1992-12-16,,,,,,,,,,,Competed in Olympic Games,,,,
141954,Jochem Dobber,Jochem Dobber,Jochem•Dobber,,,,,Male,1997-07-08,,,,,,,,,,,Competed in Olympic Games,AV Suomi,,,
141955,Joris van Gool,Joris van Gool,Joris•van Gool,,,,,Male,1998-04-04,Tilburg,Noord-Brabant,193,,,,,,179,74,Competed in Olympic Games,AV Spiridon,,,
141956,Khalid Choukoud,Khalid Choukoud,Khalid•Choukoud,,,,,Male,1986-03-23,,,,,,,,,,,Competed in Olympic Games,,,,
141957,Menno Vloon,Menno Vloon,Menno•Vloon,,,,,Male,1994-05-11,,,,,,,,,,,Competed in Olympic Games,,,,
141958,Mike Foppen,Mike Foppen,Mike•Foppen,,,,,Male,1996-11-29,,,,,,,,,,,Competed in Olympic Games,,,,
141959,Nick Smidt,Nick Smidt,Nick•Smidt,,,,,Male,1997-05-12,,,,,,,,,,,Competed in Olympic Games,,,,
141960,Nout Wardenburg,Nout Wardenburg,Nout•Wardenburg,,,,,Male,1997-02-18,,,,,,,,,,,Non-starter,,,,
141961,Ramsey Angela,Ramsey Angela,Ramsey•Angela,,,,,Male,1999-11-06,,,,,,,,,,,Competed in Olympic Games,,,,
141962,Taymir Burnet,Taymir Burnet,Taymir•Burnet,,,,,Male,1992-10-01,,,,,,,,,,,Competed in Olympic Games,,,,
141963,Terrence Agard,Terrence Agard,Terrence•Agard,,,,,Male,1990-04-16,,,,,,,,,,,Competed in Olympic Games,,,,
141964,Tony van Diepen,Tony van Diepen,Tony•van Diepen,,,,,Male,1996-04-17,,,,,,,,,,,Competed in Olympic Games,,,,
142016,Sarswati Chaudhary,Sarswati Chaudhary,Sarswati•Chaudhary,,,,,Female,1997-02-12,,,,,,,,,,,Competed in Olympic Games,,,,
142019,Imaobong Nse Uko,Imaobong Nse Uko,Imaobong Nse•Uko,,,,,Female,2004-02-20,,,,,,,,,,,Competed in Olympic Games,,,,
142020,Knowledge Omovoh,Patience Knowledge Omovoh,Knowledge•Omovoh,,,,,Female,2000-10-01,,,,,,,,,,,Non-starter,,,,
142021,Nzubechi Grace Nwokocha,Nzubechi Grace Nwokocha,Nzubechi Grace•Nwokocha,,,,,Female,2001-04-07,,,,,,,,,,,Competed in Olympic Games,,,,
142035,Chidi Okezie,Chidi Anthony Okezie,Chidi•Okezie,,,,,Male,1993-08-08,,,,,,,,,,,Non-starter,,,,
142036,Chukwuebuka Enekwechi,Chukwuebuka Cornell Enekwechi,Chukwuebuka•Enekwechi,,,,,Male,1993-01-28,,,,,,,,,,,Competed in Olympic Games,,,,
142037,Enoch Adegoke,Enoch Obaloluwa Adegoke,Enoch•Adegoke,,,,,Male,2000-03-08,,,,,,,,,,,Competed in Olympic Games,,,,
142038,Emmanuel Ojeli,Ifeanyi Emmanuel Ojeli,Emmanuel•Ojeli,,,,,Male,1998-10-10,,,,,,,,,,,Competed in Olympic Games,,,,
142039,Samson Nathaniel,Samson Oghenewegba Nathaniel,Samson•Nathaniel,,,,,Male,1997-08-29,,,,,,,,,,,Competed in Olympic Games,,,,
142040,Usheoritse Itsekiri,Usheoritse Ese Itsekiri,Usheoritse•Itsekiri,,,,,Male,1998-01-31,,,,,,,,,,,Competed in Olympic Games,,,,
142058,Aminatou Seyni,Aminatou Seyni Moumouni,Aminatou•Seyni,,,,,Female,1996-10-24,Niamey,Niamey,190,,,,,,,,Competed in Olympic Games,,,,
142060,Badamassi Saguirou,Badamassi Saguirou,Badamassi•Saguirou,,,,,Male,2001-11-28,Niamey,Niamey,190,,,,,,,,Competed in Olympic Games,,,,
142063,Lene Retzius,Lene Onsrud Retzius,Lene•Retzius,,,,,Female,1996-01-04,Lørenskog,Viken,194,,,,,,178,,Competed in Olympic Games,IL i BUL (NOR),,,
142064,Line Kloster,Line Kloster,Line•Kloster,,,,,Female,1990-02-27,Oslo,Oslo,194,,,,,,178,,Competed in Olympic Games,"SK Vidar, Oslo (NOR)",,,
142086,Jakob Ingebrigtsen,Jakob Ingebrigtsen,Jakob•Ingebrigtsen,,,,,Male,2000-09-19,Stavanger,Rogaland,194,,,,,,186,,Competed in Olympic Games,"Sandnes IL, Sandnes (NOR)",,,
142087,Martin Roe,Martin Roe,Martin•Roe,,,,,Male,1992-04-01,Bergen,Vestland,194,,,,,,188,,Competed in Olympic Games,IL Fri (NOR),,,
142088,Narve Gilje Nordås,Narve Gilje Nordås,Narve Gilje•Nordås,,,,,Male,1998-09-30,Stavanger,Rogaland,194,,,,,,187,,Competed in Olympic Games,"Sandnes IL, Sandnes (NOR)",,,
142089,Ola Stunes Isene,Ola Stunes Isene,Ola Stunes•Isene,,,,,Male,1995-01-29,Drammen,Viken,194,,,,,,192,107,Competed in Olympic Games,IF Sturla (NOR),,,
142090,Sondre Guttormsen,Sondre Mogens Guttormsen,Sondre•Guttormsen,,,,,Male,1999-06-01,Davis,California,268,,,,,,184,,Competed in Olympic Games,"SK Vidar, Oslo (NOR)",,,
142124,Jonah Harris,Jonah Harris,Jonah•Harris,,,,,Male,1999-01-16,Aiwo,Aiwo,196,,,,,,,,Competed in Olympic Games • Other,,,,
142125,Camille Buscomb,Camille Buscomb,Camille•Buscomb,,,,,Female,1990-07-11,Hamilton,Waikato,197,,,,,,164,,Competed in Olympic Games,,,,
142126,Lauren Bruce,Lauren Bruce,Lauren•Bruce,,,,,Female,1997-03-23,Timaru,Canterbury,197,,,,,,173,,Competed in Olympic Games,,,,
142127,Maddi Wesche,"Maddison-Lee ""Maddi"" Wesche",Maddi•Wesche,,,,,Female,1999-06-13,Auckland,Auckland,197,,,,,,174,,Competed in Olympic Games,,,,
142175,Hamish Kerr,Hamish Kerr,Hamish•Kerr,,,,,Male,1996-08-17,Dunedin,Otago,197,,,,,,198,,Competed in Olympic Games,"Christchurch Old Boys United, Canterbury (NZL)",,,
142176,Malcolm Hicks,Malcolm Hicks,Malcolm•Hicks,,,,,Male,1987-10-19,Auckland,Auckland,197,,,,,,184,,Competed in Olympic Games,"Wesley Athletic and Harrier Club, Auckland (NZL)",,,
142177,Sam Tanner,"Samuel ""Sam"" Tanner",Sam•Tanner,,,,,Male,2000-08-24,Papamoa,Bay of Plenty,197,,,,,,,,Competed in Olympic Games,,,,
142242,Arshad Nadeem,Arshad Nadeem,Arshad•Nadeem,,,,,Male,1997-01-02,,,,,,,,,,,Competed in Olympic Games,,,,
142247,Gianna Woodruff,Gianna Úrsula Woodruff Washington,Gianna•Woodruff,,,,,Female,1993-11-18,,,,,,,,,,,Competed in Olympic Games,,,,
142248,Nathalee Aranda,Nathalee Joane Aranda Robinson,Nathalee•Aranda,,,,,Female,1995-02-22,,,,,,,,,,,Competed in Olympic Games,,,,
142253,Ana Camila Pirelli,Ana Camila Donatella Pirelli Cubas,Ana Camila•Pirelli,,,,,Female,1989-01-30,,,,,,,,,,,Competed in Olympic Games,,,,
142256,Leyde Guerra,Leyde Jossy Guerra Mucha,Leyde•Guerra,,,,,Female,1998-09-27,,,,,,,,,,,Competed in Olympic Games,,,,
142257,Mary Luz Andia,Mary Luz Andia Arotaipe,Mary Luz•Andia,,,,,Female,2000-11-09,,,,,,,,,,,Competed in Olympic Games,,,,
142275,Kristina Knott,Kristina Marie Knott,Kristina•Knott,,,,,Female,1995-09-25,,,,,,,,,,,Competed in Olympic Games,,,,
142283,Ernest Obiena,Ernest John Uy Obiena,Ernest•Obiena,,,,,Male,1995-11-17,Manila,Manila,204,,,,,,,,Competed in Olympic Games,,,,
142292,Hanna Barakat,Hanna Barakat,Hanna•Barakat,هناء•بركات,,,,Female,1999-09-01,Los Angeles,California,268,,,,,,,,Competed in Olympic Games,"Brown Bears, Providence (USA)",,,
142298,Adrian Ililau,Adrian Justin Jimena Ililau,Adrian•Ililau,,,,,Male,2000-04-21,,,,,,,,,,,Competed in Olympic Games • Other,,,,
142299,Rellie Kaputin,Rellie Kaputin,Rellie•Kaputin,,,,,Female,1993-03-12,Kokopo,East New Britain,206,,,,,,,,Competed in Olympic Games,,,,
142303,Adrianna Sułek,Adrianna Sułek,Adrianna•Sułek,,,,,Female,1999-04-03,,,,,,,,,,,Competed in Olympic Games,,,,
142304,Aleksandra Lisowska,Aleksandra Lisowska,Aleksandra•Lisowska,,,,,Female,1990-12-12,,,,,,,,,,,Competed in Olympic Games,,,,
142305,Alicja Konieczek,Alicja Konieczek,Alicja•Konieczek,,,,,Female,1994-11-02,,,,,,,,,,,Competed in Olympic Games,,,,
142306,Angelika Mach,Angelika Mach,Angelika•Mach,,,,,Female,1991-09-07,,,,,,,,,,,Competed in Olympic Games,,,,
142307,Angelika Sarna,Angelika Sarna,Angelika•Sarna,,,,,Female,1997-10-01,,,,,,,,,,,Competed in Olympic Games,,,,
142308,Anna Wielgosz,Anna Wielgosz (Sabat-),Anna•Wielgosz,,,,,Female,1993-11-09,,,,,,,,,,,Competed in Olympic Games,,,,
142309,Dominika Baćmaga,Dominika Baćmaga,Dominika•Baćmaga,,,,,Female,1995-11-21,,,,,,,,,,,Non-starter,,,,
142310,Katarzyna Zdziebło,Katarzyna Zdziebło,Katarzyna•Zdziebło,,,,,Female,1996-11-28,Mielec,Podkarpackie,207,,,,,,,,Competed in Olympic Games,,,,
142311,Klaudia Adamek,Klaudia Natalia Adamek,Klaudia•Adamek,,,,,Female,1999-03-22,,,,,,,,,,,Competed in Olympic Games,,,,
142312,Klaudia Kardasz,Klaudia Kardasz,Klaudia•Kardasz,,,,,Female,1996-05-02,,,,,,,,,,,Competed in Olympic Games,,,,
142313,Klaudia Siciarz,Klaudia Siciarz,Klaudia•Siciarz,,,,,Female,1998-03-15,,,,,,,,,,,Competed in Olympic Games,,,,
142314,Kornelia Lesiewicz,Kornelia Lesiewicz,Kornelia•Lesiewicz,,,,,Female,2003-08-14,,,,,,,,,,,Non-starter,,,,
142315,Marlena Gola,Marlena Gola (-Granaszewska),Marlena•Gola,,,,,Female,1998-06-08,,,,,,,,,,,Non-starter,,,,
142316,Martyna Galant,Martyna Galant,Martyna•Galant,,,,,Female,1995-01-26,,,,,,,,,,,Competed in Olympic Games,,,,
142317,Natalia Kaczmarek,Natalia Kaczmarek,Natalia•Kaczmarek,,,,,Female,1998-01-17,Drezdenko,Lubuskie,207,,,,,,,,Competed in Olympic Games,,,,
142318,Paulina Guzowska,Paulina Guzowska,Paulina•Guzowska,,,,,Female,2000-06-17,,,,,,,,,,,Non-starter,,,,
142319,Paulina Paluch,Paulina Paluch,Paulina•Paluch,,,,,Female,1998-12-03,,,,,,,,,,,Competed in Olympic Games,,,,
142356,Adam Nowicki,Adam Nowicki,Adam•Nowicki,,,,,Male,1990-08-24,,,,,,,,,,,Competed in Olympic Games,,,,
142357,Arkadiusz Gardzielewski,Arkadiusz Gardzielewski,Arkadiusz•Gardzielewski,,,,,Male,1986-06-12,,,,,,,,,,,Competed in Olympic Games,,,,
142358,Bartłomiej Stój,Bartłomiej Stój,Bartłomiej•Stój,,,,,Male,1996-05-15,,,,,,,,,,,Competed in Olympic Games,,,,
142359,Cyprian Mrzygłód,Cyprian Mrzygłód,Cyprian•Mrzygłód,,,,,Male,1998-02-02,,,,,,,,,,,Competed in Olympic Games,,,,
142360,Dariusz Kowaluk,Dariusz Kowaluk,Dariusz•Kowaluk,,,,,Male,1996-04-16,,,,,,,,,,,Competed in Olympic Games,,,,
142361,Kajetan Duszyński,Kajetan Patryk Duszyński,Kajetan•Duszyński,,,,,Male,1995-05-12,Siemianowice,Śląskie,207,,,,,,,,Competed in Olympic Games,,,,
142362,Łukasz Niedziałek,Łukasz Niedziałek,Łukasz•Niedziałek,,,,,Male,2000-03-15,,,,,,,,,,,Competed in Olympic Games,,,,
142363,Marcin Chabowski,Marcin Chabowski,Marcin•Chabowski,,,,,Male,1986-06-28,,,,,,,,,,,Competed in Olympic Games,,,,
142364,Mateusz Rzeźniczak,Mateusz Piotr Rzeźniczak,Mateusz•Rzeźniczak,,,,,Male,1998-07-23,,,,,,,,,,,Competed in Olympic Games,,,,
142365,Michał Rozmys,Michał Rozmys,Michał•Rozmys,,,,,Male,1995-03-13,,,,,,,,,,,Competed in Olympic Games,,,,
142366,Patryk Grzegorzewicz,Patryk Mateusz Grzegorzewicz,Patryk•Grzegorzewicz,,,,,Male,2002-05-26,,,,,,,,,,,Non-starter,,,,
142367,Wiktor Suwara,Wiktor Suwara,Wiktor•Suwara,,,,,Male,1996-07-24,,,,,,,,,,,Non-starter,,,,
142402,Evelise Veiga,Evelise Maria Tavares da Veiga,Evelise•Veiga,,,,,Female,1996-03-03,Praia,Praia,64,,,,,,168,52,Competed in Olympic Games,"Sporting CP, Lisboa (POR)",,,
142403,Liliana Cá,Liliana da Silva Cá,Liliana•Cá,,,,,Female,1986-11-05,Barreiro,Distrito de Setúbal,211,,,,,,184,92,Competed in Olympic Games,"Novas Luzes, Lisboa (POR)",,,
142404,Salomé Afonso,Salomé Paulo Afonso,Salomé•Afonso,,,,,Female,1997-11-19,Lisboa,Distrito de Lisboa,211,,,,,,162,50,Competed in Olympic Games,"Sporting CP, Lisboa (POR)",,,
142405,Sara Catarina Ribeiro,Sara Catarina Costa Pontes Ribeiro,Sara Catarina•Ribeiro,,,,,Female,1990-05-31,Lousada,Distrito do Porto,211,,,,,,170,54,Competed in Olympic Games,"Sporting CP, Lisboa (POR)",,,
142420,Francisco Belo,Francisco Miguel Pereira Boavida Pires Belo,Francisco•Belo,,,,,Male,1991-03-27,Castelo Branco,Distrito de Castelo Branco,211,,,,,,194,138,Competed in Olympic Games,"SL Benfica, Lisboa (POR)",,,
142421,Ricardo dos Santos,Vítor Ricardo dos Santos Soares,Ricardo•dos Santos,,,,,Male,1994-12-18,Lisboa,Distrito de Lisboa,211,,,,,,181,74,Competed in Olympic Games,"SL Benfica, Lisboa (POR)",,,
142422,Tiago Pereira,Tiago João Luis Pereira,Tiago•Pereira,,,,,Male,1993-09-19,Lisboa,Distrito de Lisboa,211,,,,,,194,76,Competed in Olympic Games,"Sporting CP, Lisboa (POR)",,,
142470,Ryan Sánchez,Ryan Yaviel Sánchez Estrada,Ryan•Sánchez,,,,,Male,1998-06-22,,,,,,,,,,,Competed in Olympic Games,,,,
142475,Bashair Al-Manwari,Bashair Obaid Al-Manwari,Bashair•Al-Manwari,بشاير عبيد•المنوري,,,,Female,1997-03-13,,,,,,,,,,,Competed in Olympic Games,,,,
142477,Abderrahman Samba,Abderrahman Almoubarrake Samba Alsaleck,Abderrahman•Samba,عبد الرحمن•سامبا,,,,Male,1995-09-05,?,,222,,,,,,,,Competed in Olympic Games,,,,
142478,Abdirahman Saeed Hassan,Abdirahman Saeed Hassan,Abdirahman Saeed•Hassan,عبد الرحمن سعيد•حسن,,,,Male,1997-04-13,,,,,,,,,,,Competed in Olympic Games,,,,
142479,Adam Ali Musab,Adam Ali Musab,Adam Ali•Musab,آدم علي•مصعب,,,,Male,1995-04-17,,,,,,,,,,,Competed in Olympic Games,,,,
142486,Anzhelika Sidorova,Anzhelika Aleksandrovna Sidorova,Anzhelika•Sidorova,Анжелика Александровна•Сидорова,,,,Female,1991-06-28,Moskva (Moscow),Moskva,219,,,,,,,,Competed in Olympic Games,,,,
142487,Elvira Khasanova,Elvira Albertovna Khasanova,Elvira•Khasanova,Эльвира Альбертовна•Хасанова,,,,Female,2000-01-10,Mozhga,Udmurtskaya Respublika,219,,,,,,,,Competed in Olympic Games,,,,
142488,Mariya Kuchina-Lasitskene,Mariya Aleksandrova Kuchina-Lasitskene,Mariya•Kuchina-Lasitskene,Мария Александровна•Кучина-Ласицкене,,,,Female,1993-01-14,Prokhladny,Kabardino-Balkarskaya Respublika,219,,,,,,,,Competed in Olympic Games • Competed in Youth Olympic Games,,,,
142600,Ilya Ivanyuk,Ilya Dmitriyevich Ivanyuk,Ilya•Ivanyuk,Илья Дмитриевич•Иванюк,,,,Male,1993-03-09,Krasny,Smolensk,219,,,,,,,,Competed in Olympic Games,,,,
142601,Mikhail Akimenko,Mikhail Sergeyevich Akimenko,Mikhail•Akimenko,Михаил Сергеевич•Акименко,,,,Male,1995-12-06,Prokhladny,Kabardino-Balkarskaya Respublika,219,,,,,,,,Competed in Olympic Games,,,,
142602,Valery Pronkin,Valery Aleksandrovich Pronkin,Valery•Pronkin,Валерий Александрович•Пронкин,,,,Male,1994-06-15,Nizhny Novgorod,Nizhny Novgorod,219,,,,,,,,Competed in Olympic Games,,,,
142603,Vasily Mizinov,Vasily Vitalyevich Mizinov,Vasily•Mizinov,Василий Витальевич•Мизинов,,,,Male,1997-12-29,Magnitogorsk,Chelyabinsk,219,,,,,,,,Competed in Olympic Games,,,,
142682,Daniela Stanciu,Daniela Stanciu,Daniela•Stanciu,,,Dana,,Female,1987-10-15,Buftea,Ilfov,218,,,,,,,,Competed in Olympic Games,CSA Steaua Bucuresti (ROU),,,
142683,Florentina Iușco,Florentina Costina Iușco (Marincu-),Florentina•Iușco,,,,,Female,1996-04-08,Deva,Hunedoara,218,,,,,,,,Competed in Olympic Games,LPS Cetate Deva (ROU),,,
142707,Alin Firfirică,Alin Alexandru Firfirică,Alin•Firfirică,,,,,Male,1995-11-03,Timișoara,Timiș,218,,,,,,,,Competed in Olympic Games,CSA Steaua Bucuresti (ROU),,,
142748,Gerda Steyn,Gerda Steyn,Gerda•Steyn,,,,,Female,1990-03-03,,,,,,,,,,,Competed in Olympic Games,,,,
142793,Chederick van Wyk,Chederick van Wyk,Chederick•van Wyk,,,,,Male,1995-02-18,,,,,,,,,,,Competed in Olympic Games,,,,
142794,Cheswill Johnson,Cheswill Johnson,Cheswill•Johnson,,,,,Male,1997-09-30,,,,,,,,,,,Competed in Olympic Games,,,,
142795,Galaletsang Ramorwa,Galaletsang Ramorwa,Galaletsang•Ramorwa,,,,,Male,1997-08-10,,,,,,,,,,,Non-starter,,,,
142796,Kyle Blignaut,"Kayle ""Kyle"" Blignaut",Kyle•Blignaut,,,,,Male,1999-11-09,,,,,,,,,,,Competed in Olympic Games,,,,
142797,Lesiba Mashele,Precious Lesiba Mashele,Lesiba•Mashele,,,,,Male,1990-10-13,,,,,,,,,,,Competed in Olympic Games,,,,
142798,Lythe Pillay,Lythe Pillay,Lythe•Pillay,,,,,Male,2003-02-25,,,,,,,,,,,Competed in Olympic Games,,,,
142799,Desmond Mokgobo,Desmond Mokgobo,Desmond•Mokgobo,,,,,Male,1988-11-23,,,,,,,,,,,Competed in Olympic Games,,,,
142800,Ranti Dikgale,Ranti Marvin Dikgale,Ranti•Dikgale,,,,,Male,1987-07-12,,,,,,,,,,,Competed in Olympic Games,,,,
142801,Shaun Maswanganyi,"Phatutshedzo ""Shaun"" Maswanganyi",Shaun•Maswanganyi,,,,,Male,2001-02-01,,,,,,,,,,,Competed in Olympic Games,University of Houston Athletics (USA),,,
142802,Sokwakhana Zazini,Sokwakhana Zazini,Sokwakhana•Zazini,,,,,Male,2000-01-23,,,,,,,,,,,Competed in Olympic Games,,,,
142803,Thapelo Phora,Thapelo Phora,Thapelo•Phora,,,,,Male,1991-11-21,,,,,,,,,,,Competed in Olympic Games,,,,
142804,Zakithi Nene,Zakithi Nene,Zakithi•Nene,,,,,Male,1998-04-02,,,,,,,,,,,Competed in Olympic Games,,,,
142874,Marthe Yankurije,Marthe Yankurije,Marthe•Yankurije,,,,,Female,1994-07-05,,,,,,,,,,,Competed in Olympic Games,,,,
142875,John Hakizimana,John Hakizimana,John•Hakizimana,,,,,Male,1996-10-26,,,,,,,,,,,Competed in Olympic Games • Other,,,,
142885,Louis-François Mendy,Louis-François Mendy,Louis-François•Mendy,,,,,Male,1999-03-02,,,,,,,,,,,Competed in Olympic Games,,,,
142892,Shanti Pereira,Veronica Shanti Pereira,Shanti•Pereira,,,,,Female,1996-09-20,,,,,,,,,,,Competed in Olympic Games,,,,
142906,Amya Clarke,Amya Briana Clarke,Amya•Clarke,,,,,Female,1999-09-10,,,,,,,,,,,Competed in Olympic Games • Other,,,,
142907,Maggie Barrie,"Margaret Vanessa ""Maggie"" Barrie",Maggie•Barrie,,,,,Female,1996-05-29,,,,,,,,,,,Competed in Olympic Games • Other,,,,
142910,Anita Horvat,Anita Horvat,Anita•Horvat,,,,,Female,1996-09-07,,,,,,,,,,,Competed in Olympic Games,,,,
142911,Klara Lukan,Klara Lukan,Klara•Lukan,,,,,Female,2000-09-08,,,,,,,,,,,Competed in Olympic Games,,,,
142922,Kristjan Čeh,Kristjan Čeh,Kristjan•Čeh,,,,,Male,1999-02-17,,,,,,,,,,,Competed in Olympic Games,,,,
142944,Ali Idow,Ali Idow Hassan,Ali•Idow,علي•إيدو حسين,,,,Male,1998-07-01,,,,,,,,,,,Competed in Olympic Games • Other,,,,
142945,Marija Vučenović,Marija Vučenović,Marija•Vučenović,,,,,Female,1993-04-03,,,,,,,,,,,Competed in Olympic Games,,,,
142963,Armin Sinančević,Armin Sinančević,Armin•Sinančević,,,,,Male,1996-08-14,,,,,,,,,,,Competed in Olympic Games,,,,
142981,Nimali Liyanarachchi,Nimali Waliwarsha Konda Liyanarachchi,Nimali•Liyanarachchi,,,,,Female,1989-09-19,,,,,,,,,,,Competed in Olympic Games,,,,
142985,Yupun Abeykoon,Yupun Priyadarshana Abeykoon Mudiyanselage,Yupun•Abeykoon,,Yupun Priyadarshana,,,Male,1994-12-31,Negombo,Basnahira,155,,,,,,,,Competed in Olympic Games,,,,
142986,Lucia Moris,Lucia Moris,Lucia•Moris,,,,,Female,2000-03-23,,,,,,,,,,,Competed in Olympic Games • Other,,,,
142987,Abraham Guem,Abraham Guem,Abraham•Guem,,,,,Male,1999-04-29,,,,,,,,,,,Competed in Olympic Games • Other,,,,
142988,D'jamila Tavares,D'jamila Tavares,D'jamila•Tavares,,,,,Female,1994-11-17,,,,,,,,,,,Competed in Olympic Games • Other,,,,
142993,Andrina Hodel,Andrina Hodel,Andrina•Hodel,,,,,Female,2000-06-02,Frauenfeld,Thurgau,54,,,,,,,,Competed in Olympic Games,,,,
142994,Annina Fahr,Annina Fahr,Annina•Fahr,,,,,Female,1993-04-06,Schaffhausen,Schaffhausen,54,,,,,,,,Non-starter,,,,
142995,Cynthia Reinle,Cynthia Reinle,Cynthia•Reinle,,,,,Female,2000-05-06,,,,,,,,,,,Non-starter,,,,
142996,Delia Sclabas,Delia Sclabas,Delia•Sclabas,,,,,Female,2000-11-08,,,,,,,,,,,Competed in Olympic Games,,,,
142997,Lore Hoffmann,Lore Hoffmann,Lore•Hoffmann,,,,,Female,1996-07-25,Strasbourg,Bas-Rhin,94,,,,,,,,Competed in Olympic Games,,,,
142998,Martina Strähl,Martina Strähl,Martina•Strähl,,,,,Female,1987-05-07,,,,,,,,,,,Competed in Olympic Games,,,,
142999,Rachel Pellaud,Rachel Pellaud,Rachel•Pellaud,,,,,Female,1995-03-08,,,,,,,,,,,Competed in Olympic Games,,,,
143000,Riccarda Dietsche,Riccarda Dietsche,Riccarda•Dietsche,,,,,Female,1996-04-30,,,,,,,,,,,Competed in Olympic Games,,,,
143001,Sarah King,Sarah King,Sarah•King,,,,,Female,1996-06-20,Springfield,Oregon,268,,,,,,,,Non-starter,,,,
143002,Silke Lemmens,Silke Lemmens,Silke•Lemmens,,,,,Female,1999-11-30,,,,,,,,,,,Competed in Olympic Games,,,,
143003,Yasmin Giger,Yasmin Giger,Yasmin•Giger,,,,,Female,1999-11-06,Männedorf,Zürich,54,,,,,,,,Competed in Olympic Games,,,,
143022,Jason Joseph,Jason Joseph,Jason•Joseph,,,,,Male,1998-10-11,,,,,,,,,,,Competed in Olympic Games,,,,
143023,Jonas Raess,Jonas Raess,Jonas•Raess,,,,,Male,1994-03-08,,,,,,,,,,,Competed in Olympic Games,,,,
143024,Julien Wanders,Julien Wanders,Julien•Wanders,,,,,Male,1996-03-18,,,,,,,,,,,Competed in Olympic Games,,,,
143025,Loïc Gasch,Loïc Gasch,Loïc•Gasch,,,,,Male,1994-08-13,,,,,,,,,,,Competed in Olympic Games,,,,
143026,Ricky Petrucciani,Ricky Petrucciani,Ricky•Petrucciani,,,,,Male,2000-06-30,,,,,,,,,,,Competed in Olympic Games,,,,
143027,Silvan Wicki,Silvan Wicki,Silvan•Wicki,,,,,Male,1995-02-13,,,,,,,,,,,Competed in Olympic Games,,,,
143028,William Reais,William Reais,William•Reais,,,,,Male,1999-05-04,Chur,Graubünden,54,,,,,,,,Competed in Olympic Games,,,,
143054,Emma Zapletalová,Emma Zapletalová,Emma•Zapletalová,,,,,Female,2000-03-24,Nitra,Nitra,238,,,,,,177,63,Competed in Olympic Games,,,,
143055,Gabriela Gajanová,Gabriela Gajanová,Gabriela•Gajanová,,,,,Female,1999-10-12,Liptovský Mikuláš,Žilina,238,,,,,,168,58,Competed in Olympic Games,,,,
143061,Ján Volko,Ján Volko,Ján•Volko,,,,,Male,1996-11-02,Bratislava,Bratislava,238,,,,,,172,82,Competed in Olympic Games,,,,
143062,Michal Morvay,Michal Morvay,Michal•Morvay,,,,,Male,1996-08-19,Nitra,Nitra,238,,,,,,178,71,Competed in Olympic Games,,,,
143063,Miroslav Úradník,Miroslav Úradník,Miroslav•Úradník,,,,,Male,1996-03-24,Brezno,Banská Bystrica,238,,,,,,172,57,Competed in Olympic Games,,,,
143075,Carolina Wikström,Anna Carolina Margareta Wikström,Carolina•Wikström,,,,,Female,1993-09-04,Hudiksvall,Gävleborg,240,,,,,,,,Competed in Olympic Games,"LK Roslagen, Rånäs (SWE)",,,
143076,Fanny Roos,Fanny Matilda Charlotta Roos,Fanny•Roos,,,,,Female,1995-01-02,Ryssby,Kronoberg,240,,,,,,,,Competed in Olympic Games,"MAI, Malmö (SWE)",,,
143077,Maja Nilsson,Maja Helena Nilsson,Maja•Nilsson,,,,,Female,1999-12-08,Motala,Östergötland,240,,,,,,,,Competed in Olympic Games,"Örgryte IS, Göteborg (SWE)",,,
143115,Andreas Kramer,Jens Andreas Kramer,Andreas•Kramer,,,,,Male,1997-04-13,Sävedalen,"Partille, Västra Götaland",240,,,,,,,,Competed in Olympic Games,"Ullevi FK, Göteborg (SWE)",,,
143116,Mondo Duplantis,"Armand Gustav ""Mondo"" Duplantis",Mondo•Duplantis,,,,,Male,1999-11-10,Lafayette,Louisiana,268,,,,,,,,Competed in Olympic Games,"Upsala IF, Uppsala (SWE)",,,
143117,Emil Blomberg,Karl Emil Arne Blomberg,Emil•Blomberg,,,,,Male,1992-04-09,Järfälla,Stockholm,240,,,,,,,,Competed in Olympic Games,"Hässelby SK, Hässelby, Stockholm (SWE)",,,
143118,Kalle Berglund,Kalle Anders Berglund,Kalle•Berglund,,,,,Male,1996-03-11,Jämshög,"Olofström, Blekinge",240,,,,,,,,Competed in Olympic Games,"Spårvägens FK, Stockholm (SWE)",,,
143119,Simon Pettersson,Simon Erik Pettersson,Simon•Pettersson,,,,,Male,1994-01-03,Tobo,Uppsala,240,,,,,,,,Competed in Olympic Games,"Hässelby SK, Hässelby, Stockholm (SWE)",,,
143120,Simon Sundström,Simon Nils Oskar Sundström,Simon•Sundström,,,,,Male,1998-02-04,Lidingö,Stockholm,240,,,,,,,,Competed in Olympic Games,"IFK Lidingö, Lidingö (SWE)",,,
143121,Thobias Montler,Thobias Montler (Nilsson-),Thobias•Montler,,,,,Male,1996-02-15,Landskrona,Skåne,240,,,,,,,,Competed in Olympic Games,"MAI, Malmö (SWE)",,,
143122,Vidar Johansson,Karl Vidar Johansson,Vidar•Johansson,,,,,Male,1996-10-08,Halmstad,Halland,240,,,,,,,,Competed in Olympic Games,"Sävedalens AIK, Sävedalen, Partille (SWE)",,,
143123,Wictor Petersson,Otto Wictor Johan Petersson,Wictor•Petersson,,,,,Male,1998-05-01,Häglinge,Skåne,240,,,,,,,,Competed in Olympic Games,"MAI, Malmö (SWE)",,,
143153,Failuna Matanga,Failuna Abdi Matanga,Failuna•Matanga,,,,,Female,1992-10-28,Kondoa,Dodoma,263,,,,,,,,Competed in Olympic Games,,,,
143154,Gabriel Gerald Geay,Gabriel Gerald Geay,Gabriel Gerald•Geay,,,,,Male,1996-09-10,Babati,Manyara,263,,,,,,,,Competed in Olympic Games,"Talent Club of Arusha, Arusha (TAN)",,,
143158,Ronald Fotofili,Ronald Lawrence Fotofili,Ronald•Fotofili,,,,,Male,1998-07-06,,,,,,,,,,,Competed in Olympic Games,,,,
143172,Kieran Tuntivate,Kieran Tuntivate,Kieran•Tuntivate,,,,,Male,1997-02-16,,,,,,,,,,,Competed in Olympic Games,,,,
143185,Ildar Akhmadiev,Ildar Akhmadiev,Ildar•Akhmadiev,,,,,Male,2000-03-01,,,,,,,,,,,Competed in Olympic Games,,,,
143199,Hsieh Hsi-En,Hsieh Hsi-En,Hsieh•Hsi-En,謝•喜恩,,,Oriental,Female,1994-09-29,,,,,,,,,,,Competed in Olympic Games,,,,
143214,Chen Kuei-Ru,Chen Kuei-Ru,Chen•Kuei-Ru,陳•奎儒,,,Oriental,Male,1993-09-22,,,,,,,,,,,Competed in Olympic Games,,,,
143229,Ayla Stanisclaus,Ayla Stanisclaus,Ayla•Stanisclaus,,,,,Female,2000-03-19,,,,,,,,,,,Non-starter,,,,
143230,Portious Warren,Portious Warren,Portious•Warren,,,,,Female,1996-03-02,,,,,,,,,,,Competed in Olympic Games,,,,
143231,Tyra Gittens,Tyra Gittens,Tyra•Gittens,,,,,Female,1998-06-06,,,,,,,,,,,Competed in Olympic Games,,,,
143235,Adell Colthrust,Adell Colthrust,Adell•Colthrust,,,,,Male,2000-01-08,,,,,,,,,,,Non-starter,,,,
143236,Asa Guevara,Asa Guevara,Asa•Guevara,,,,,Male,1995-12-20,Port of Spain,Port of Spain,259,,,,,,,,Non-starter,,,,
143237,Dwight St. Hillaire,Dwight St. Hillaire,Dwight•St. Hillaire,,,,,Male,1997-12-05,,,,,,,,,,,Competed in Olympic Games,,,,
143238,"Eric Harrison, Jr.","Eric Lamarr Harrison, Jr.","Eric•Harrison, Jr.",,,,,Male,1999-02-18,,,,,,,,,,,Competed in Olympic Games,,,,
143239,Jereem Richards,Jereem Richards,Jereem•Richards,,,,,Male,1994-01-13,,,,,,,,,,,Competed in Olympic Games,,,,
143240,Kion Benjamin,Kion Benjamin,Kion•Benjamin,,,,,Male,2000-11-13,,,,,,,,,,,Competed in Olympic Games,,,,
143260,Abdessalem Ayouni,Abdessalem Al-Ayouni,Abdessalem•Ayouni,عبد السلام•العيوني,,,,Male,1994-05-16,,,,,,,,,,,Competed in Olympic Games,,,,
143276,Ayşe Tekdal,Ayşe Tekdal,Ayşe•Tekdal,,,,,Female,1999-10-28,,,,,,,,,,,Competed in Olympic Games,,,,
143277,Meryem Bekmez,Meryem Bekmez,Meryem•Bekmez,,,,,Female,2000-07-31,,,,,,,,,,,Competed in Olympic Games,,,,
143307,Abdülselam Imuk,Abdülselam Imuk,Abdülselam•Imuk,,,,,Male,1999-10-10,,,,,,,,,,,Competed in Olympic Games,,,,
143308,Ersu Şaşma,Ersu Şaşma,Ersu•Şaşma,,,,,Male,1999-09-30,,,,,,,,,,,Competed in Olympic Games,,,,
143309,Ertan Özkan,Ertan Özkan,Ertan•Özkan,,,,,Male,1996-09-01,,,,,,,,,,,Competed in Olympic Games,,,,
143310,Kayhan Özer,Kayhan Özer,Kayhan•Özer,,,,,Male,1998-06-11,,,,,,,,,,,Competed in Olympic Games,,,,
143311,Necati Er,Necati Er,Necati•Er,,,,,Male,1997-02-24,,,,,,,,,,,Competed in Olympic Games,,,,
143312,Oğuz Uyar,Oğuz Uyar,Oğuz•Uyar,,,,,Male,2001-10-19,,,,,,,,,,,Non-starter,,,,
143313,Özkan Baltacı,Özkan Baltacı,Özkan•Baltacı,,,,,Male,1994-02-13,,,,,,,,,,,Competed in Olympic Games,,,,
143314,Şahin Şenoduncu,Şahin Şenoduncu,Şahin•Şenoduncu,,,,,Male,1994-04-24,,,,,,,,,,,Competed in Olympic Games,,,,
143315,Salih Korkmaz,Salih Korkmaz,Salih•Korkmaz,,,,,Male,1997-04-14,,,,,,,,,,,Competed in Olympic Games,,,,
143316,Yavuz Ağralı,Yavuz Ağralı,Yavuz•Ağralı,,,,,Male,1992-04-09,,,,,,,,,,,Competed in Olympic Games,,,,
143340,Matie Stanley,Matie Stanley,Matie•Stanley,,,,,Female,2003-05-04,,,,,,,,,,,Competed in Olympic Games • Other,,,,
143341,Karalo Maibuca,Karalo Hepoiteloto Maibuca,Karalo•Maibuca,,,,,Male,1999-06-10,?,Nanumanga,262,,,,,,176,64,Competed in Olympic Games • Other,,,,
143342,Mohamed Al-Hammadi,Mohamed Al-Hammadi,Mohamed•Al-Hammadi,محمد•الحمادي,,,,Male,1991-08-02,,,,,,,,,,,Competed in Olympic Games,,,,
143344,Esther Chebet,Esther Chebet,Esther•Chebet,,,,,Female,1997-09-10,,,,,,,,,,,Competed in Olympic Games,,,,
143345,Immaculate Chemutai,Immaculate Chemutai,Immaculate•Chemutai,,,,,Female,1987-12-02,,,,,,,,,,,Competed in Olympic Games,,,,
143346,Mercyline Chelangat,Mercyline Chelangat,Mercyline•Chelangat,,,,,Female,1997-12-17,,,,,,,,,,,Competed in Olympic Games,,,,
143347,Prisca Chesang,Prisca Chesang,Prisca•Chesang,,,,,Female,2003-08-07,,,,,,,,,,,Competed in Olympic Games,,,,
143351,Albert Chemutai,Albert Chemutai,Albert•Chemutai,,,,,Male,1999-11-25,,,,,,,,,,,Competed in Olympic Games,,,,
143352,Filex Chemongesi,Filex Malewa Chemongesi,Filex•Chemongesi,,,,,Male,1993-08-19,,,,,,,,,,,Competed in Olympic Games,,,,
143353,Fred Musobo,Fred Musobo,Fred•Musobo,,,,,Male,1996-08-12,,,,,,,,,,,Competed in Olympic Games,,,,
143354,Stephen Kissa,Stephen Kissa,Stephen•Kissa,,,,,Male,1995-12-01,Kapchorwa,Eastern,264,,,,,,,,Competed in Olympic Games,,,,
143358,Anastasiya Bryzhina,Anastasiya Viktorivna Bryzhina,Anastasiya•Bryzhina,Анастасія Вікторівна•Бризгіна,,,,Female,1998-01-09,Luhansk,Luhansk,265,,,,,,,,Non-starter,,,,
143359,Dar'ia Mykhaylova,Dar'ia Borysivna Mykhaylova,Dar'ia•Mykhaylova,Дар'я Борисiвна•Михайлова,,,,Female,1989-04-29,Bakhmach,Chernihiv,265,,,,,,,,Competed in Olympic Games,,,,
143360,Hanna Shevchuk,Hanna Yaroslavivna Shevchuk (Suslyk-),Hanna•Shevchuk,Ганна Ярославівна•Шевчук (Суслик-),,,,Female,1996-07-18,,,,,,,,,,,Competed in Olympic Games,,,,
143361,Kateryna Klymyuk,Kateryna Volodymyrivna Klymyuk (-Karpyuk),Kateryna•Klymyuk,Катерина Володимирівна•Климюк (-Карпюк),,,,Female,1995-06-02,Rivne,Rivne,265,,,,,,,,Competed in Olympic Games,,,,
143362,Liudmyla Olyanovska,Liudmyla Oleksandrivna Olyanovska,Liudmyla•Olyanovska,Людмила Олександрівна•Оляновська,,,,Female,1993-02-20,,,,,,,,,,,Competed in Olympic Games,,,,
143363,Mariya Mykolenko,Mariya Mykhailivna Mykolenko,Mariya•Mykolenko,Марія Михайлівна•Миколенко,,,,Female,1994-04-04,,,,,,,,,,,Competed in Olympic Games,,,,
143364,Mariya Sakharuk,Mariya Sviatoslavivna Sakharuk (Filiuk-),Mariya•Sakharuk,Марія Святославівна•Сахарук (Філюк-),,,,Female,1995-10-14,,,,,,,,,,,Competed in Olympic Games,,,,
143365,Nataliya Pyrozhenko-Chornomaz,Nataliya Dmytrivna Pyrozhenko-Chornomaz,Nataliya•Pyrozhenko-Chornomaz,Наталія Дмитрiвна•Пироженко-Чорномаз,,,,Female,1997-01-23,Donetsk,Donetsk,265,,,,,,172,,Non-starter,,,,
143366,Nataliya Strebkova,Nataliya Yosypivna Strebkova,Nataliya•Strebkova,Наталія Йосипівна•Стребкова,,,,Female,1995-03-06,,,,,,,,,,,Competed in Olympic Games,,,,
143367,Viktoriya Kaliuzhna,Viktoriya Petrivna Kaliuzhna,Viktoriya•Kaliuzhna,Вікторія Петрівна•Калюжна,,,,Female,1994-07-11,,,,,,,,,,,Competed in Olympic Games,,,,
143368,Yana Hladiychuk,Yana Vitaliïvna Hladiychuk,Yana•Hladiychuk,Яна Віталіївна•Гладійчук,,,,Female,1993-05-21,,,,,,,,,,,Competed in Olympic Games,,,,
143369,Yevheniya Prokofyeva,Yevheniya Mykolaïvna Prokofyeva,Yevheniya•Prokofyeva,Євгенія Миколаївна•Прокоф'єва,,,,Female,1995-06-05,,,,,,,,,,,Competed in Olympic Games,,,,
143403,Bohdan-Ivan Horodyskyi,Bohdan-Ivan Volodymyrovych Horodyskyi,Bohdan-Ivan•Horodyskyi,Богдан-Іван Володимирович•Городиський,,,,Male,1994-05-18,Lviv,Lviv,265,,,,,,,,Competed in Olympic Games,,,,
143404,Eduard Zabuzhenko,Eduard Ihorevych Zabuzhenko,Eduard•Zabuzhenko,Едуард Ігоревич•Забуженко,,,,Male,1998-04-18,Khmelnytskyi,Khmelnytskyi,265,,,,,,,,Competed in Olympic Games,,,,
143405,Ihor Musiyenko,Ihor Volodymyrovych Musiyenko,Ihor•Musiyenko,Ігор Володимирович•Мусієнко,,,,Male,1993-08-22,,,,,,,,,,,Competed in Olympic Games,,,,
143406,Maryan Zakalnytskyi,Maryan Ihorovych Zakalnytskyi,Maryan•Zakalnytskyi,Мар'ян Ігорович•Закальницький,,,,Male,1994-08-19,,,,,,,,,,,Competed in Olympic Games,,,,
143407,Mykola Nyzhnyk,Mykola Mykolayovych Nyzhnyk,Mykola•Nyzhnyk,Микола Миколайович•Нижник,,,,Male,1995-07-26,,,,,,,,,,,Competed in Olympic Games,,,,
143408,Mykyta Barabanov,Mykyta Serhiyovych Barabanov,Mykyta•Barabanov,Микита Сергійович•Барабанов,,,,Male,2001-05-26,,,,,,,,,,,Competed in Olympic Games,,,,
143409,Oleksandr Pohorilko,Oleksandr Serhiyovych Pohorilko,Oleksandr•Pohorilko,Олександр Сергійович•Погорілко,,,,Male,2000-04-16,Korop,Chernihiv,265,,,,,,,,Competed in Olympic Games,,,,
143410,Valeriy Lіtaniuk,Valeriy Bohdanovych Lіtaniuk,Valeriy•Lіtaniuk,Валерій Богданович•Літанюк,,,,Male,1994-04-02,,,,,,,,,,,Competed in Olympic Games,,,,
143411,Vladyslav Mazur,Vladyslav Vitaliyovych Mazur,Vladyslav•Mazur,Владислав Віталійович•Мазур,,,,Male,1996-11-21,,,,,,,,,,,Competed in Olympic Games,,,,
143433,Pía Fernández,María Pía Fernández Moreira,Pía•Fernández,,,,,Female,1995-04-01,,,,,,,,,,,Competed in Olympic Games,,,,
143442,Adelaide Aquilla,Adelaide Aquilla,Adelaide•Aquilla,,,,,Female,1999-03-03,,,,,,,,,,,Competed in Olympic Games,,,,
143443,Aleia Hobbs,Aleia Jonquel Hobbs,Aleia•Hobbs,,,,,Female,1996-02-24,,,,,,,,,,,Competed in Olympic Games,adidas,,,
143444,Alicia Monson,Alicia Monson,Alicia•Monson,,,,,Female,1998-05-13,,,,,,,,,,,Competed in Olympic Games,,,,
143445,Aliphine Tuliamuk,Aliphine Chepkerker Tuliamuk,Aliphine•Tuliamuk,,,,,Female,1989-04-05,Kapenguria,West Pokot,138,,,,,,165,,Competed in Olympic Games,,,,
143446,Anavia Battle,Anavia Battle,Anavia•Battle,,,,,Female,1999-03-28,,,,,,,,,,,Competed in Olympic Games,,,,
143447,Anna Cockrell,Anna Cockrell,Anna•Cockrell,,,,,Female,1997-08-28,San Ramon,California,268,,,,,,,,Competed in Olympic Games,,,,
143448,Annie Kunz,Annie Elizabeth Kunz,Annie•Kunz,,,,,Female,1993-02-16,Denver,Colorado,268,,,,,,181,,Competed in Olympic Games,,,,
143449,Ariana Ince,Ariana Ince,Ariana•Ince,,,,,Female,1989-03-14,San Antonio,Texas,268,,,,,,183,,Competed in Olympic Games,,,,
143450,Brooke Andersen,Brooke Andersen,Brooke•Andersen,,,,,Female,1995-08-23,,,,,,,,,,,Competed in Olympic Games,,,,
143451,Christina Clemons,Christina Ali Clemons (Manning-),Christina•Clemons,,,,,Female,1990-05-29,Morningside,Maryland,268,,,,,,163,53,Competed in Olympic Games,,,,
143452,Cory McGee,Cory Ann McGee,Cory•McGee,,,,,Female,1992-05-29,Fairfax,Virginia,268,,,,,,,,Competed in Olympic Games,,,,
143453,Elle Purrier St. Pierre,"Elinor ""Elle"" Purrier St. Pierre",Elle•Purrier St. Pierre,,,,,Female,1995-02-20,,,,,,,,,,,Competed in Olympic Games,,,,
143454,Elise Cranny,Elise Cranny,Elise•Cranny,,,,,Female,1996-05-09,,,,,,,,,,,Competed in Olympic Games,,,,
143455,Emily Sisson,Emily Sisson,Emily•Sisson,,,,,Female,1991-10-12,Milwaukee,Wisconsin,268,,,,,,157,,Competed in Olympic Games,,,,
143456,Erica Bougard,Erica Marsha Bougard,Erica•Bougard,,,,,Female,1993-07-26,Memphis,Tennessee,268,,,,,,,,Competed in Olympic Games,,,,
143457,Gabbi Cunningham,"Gabriele ""Gabbi"" Cunningham",Gabbi•Cunningham,,,,,Female,1998-02-22,,,,,,,,,,,Competed in Olympic Games,,,,
143458,Gabby Thomas,"Gabrielle Lisa ""Gabby"" Thomas",Gabby•Thomas,,,,,Female,1996-12-07,Atlanta,Georgia,268,,,,,,,,Competed in Olympic Games,,,,
143459,Heather MacLean,Heather Michele Delia MacLean,Heather•MacLean,,,,,Female,1995-08-31,Melrose,Massachusetts,268,,,,,,,,Competed in Olympic Games,,,,
143460,Jasmine Moore,Jasmine Moore,Jasmine•Moore,,,,,Female,2001-05-01,,,,,,,,,,,Competed in Olympic Games,,,,
143461,Javianne Oliver,Javianne Alissa Oliver,Javianne•Oliver,,,,,Female,1994-12-26,,,,,,,,,,,Competed in Olympic Games,,,,
143462,Jessica Ramsey,Jessica Ramsey,Jessica•Ramsey,,,,,Female,1991-07-26,,,,,,,,,,,Competed in Olympic Games,,,,
143463,Karissa Schweizer,Karissa Schweizer,Karissa•Schweizer,,,,,Female,1996-05-04,,,,,,,,,,,Competed in Olympic Games,,,,
143464,Katie Nageotte,"Kathryn Elizabeth ""Katie"" Nageotte (-Moon)",Katie•Nageotte,,,,,Female,1991-06-13,,,,,,,,,167,61,Competed in Olympic Games,,,,
143465,Kaylin Whitney,Kaylin Whitney,Kaylin•Whitney,,,,,Female,1998-03-09,Kissimmee,Florida,268,,,,,,175,64,Competed in Olympic Games,,,,
143466,Kendall Ellis,Kendall Ellis,Kendall•Ellis,,,,,Female,1996-03-08,,,,,,,,,,,Competed in Olympic Games,,,,
143467,Keni Harrison,"Kendra ""Keni"" Harrison",Keni•Harrison,,,,,Female,1992-09-18,,,,,,,,,,,Competed in Olympic Games,,,,
143468,Lynna Irby,Lynna Irby (-Jackson),Lynna•Irby,,,,,Female,1998-12-06,Merrillville,Indiana,268,,,,,,165,,Competed in Olympic Games,,,,
143469,Molly Seidel,Molly Elizabeth Seidel,Molly•Seidel,,,,,Female,1994-07-12,Brookfield,Wisconsin,268,,,,,,165,52,Competed in Olympic Games,,,,
143470,Morgann LeLeux,Morgann LeLeux Romero,Morgann•LeLeux,,,,,Female,1992-11-14,,,,,,,,,,,Competed in Olympic Games,,,,
143471,Quanera Hayes,Quanera Hayes,Quanera•Hayes,,,,,Female,1992-03-07,,,,,,,,,,,Competed in Olympic Games,,,,
143472,Quanesha Burks,Quanesha Burks,Quanesha•Burks,,,,,Female,1995-03-15,Ozark,Alabama,268,,,,,,,,Competed in Olympic Games,,,,
143473,Rachel Dincoff,Rachel Dincoff,Rachel•Dincoff,,,,,Female,1993-12-24,,,,,,,,,,,Competed in Olympic Games,,,,
143474,Rachel McCoy,Rachel McCoy,Rachel•McCoy,,,,,Female,1995-08-01,,,,,,,,,,,Competed in Olympic Games,,,,
143475,Rachel Schneider,Rachel Schneider,Rachel•Schneider,,,,,Female,1991-07-18,,,,,,,,,,,Competed in Olympic Games,,,,
143476,Raevyn Rogers,Raevyn Rogers,Raevyn•Rogers,,,,,Female,1996-09-07,,,,,,,,,,,Competed in Olympic Games,,,,
143477,Robyn Stevens,Robyn Stevens,Robyn•Stevens,,,,,Female,1983-04-24,,,,,,,,,,,Competed in Olympic Games,,,,
143478,Tara Davis,Tara Davis (-Woodhall),Tara•Davis,,,,,Female,1999-05-20,,,,,,,,,,,Competed in Olympic Games,,,,
143479,Taylor Manson,Taylor Manson,Taylor•Manson,,,,,Female,1999-09-29,,,,,,,,,,,Competed in Olympic Games,,,,
143480,Teahna Daniels,Teahna Daniels,Teahna•Daniels,,,,,Female,1997-03-25,Orlando,Florida,268,,,,,,,,Competed in Olympic Games,"Nike, Beaverton (USA)",,,
143481,Tori Franklin,Tori Franklin,Tori•Franklin,,,,,Female,1992-10-07,Westmont,Illinois,268,,,,,,173,55,Competed in Olympic Games,,,,
143482,Tynita Butts-Townsend,Tynita Butts-Townsend,Tynita•Butts-Townsend,,,,,Female,1990-06-10,Hampton,Virginia,268,,,,,,,,Competed in Olympic Games,,,,
143483,Valarie Allman,Valarie Carolyn Allman,Valarie•Allman,,,,,Female,1995-02-23,,,,,,,,,183,70,Competed in Olympic Games,,,,
143484,Valerie Constien,Valerie Constien,Valerie•Constien,,,,,Female,1996-03-21,Vail,Colorado,268,,,,,,,,Competed in Olympic Games,,,,
143485,Wadeline Jonathas,Wadeline Jonathas,Wadeline•Jonathas,,,,,Female,1998-02-19,Gonaïves (Gonayiv),Artibonite,117,,,,,,178,,Competed in Olympic Games,,,,
143659,Alex Young,Alex Young,Alex•Young,,,,,Male,1994-09-01,Nashville,Tennessee,268,,,,,,,,Competed in Olympic Games,,,,
143660,Benard Keter,Benard Kiplangat Keter,Benard•Keter,,,,,Male,1992-05-25,Molo,Nakuru,138,,,,,,,,Competed in Olympic Games,,,,
143661,Bryce Deadmon,Bryce Deadmon,Bryce•Deadmon,,,,,Male,1997-03-26,,,,,,,,,,,Competed in Olympic Games,,,,
143662,Bryce Hoppel,Bryce Hoppel,Bryce•Hoppel,,,,,Male,1997-09-05,Midland,Texas,268,,,,,,182,,Competed in Olympic Games,,,,
143663,Chris Nilsen,"Christopher ""Chris"" Nilsen",Chris•Nilsen,,,,,Male,1998-01-13,,,,,,,,,,,Competed in Olympic Games,,,,
143664,Cole Hocker,Cole Hocker,Cole•Hocker,,,,,Male,2001-06-06,,,,,,,,,,,Competed in Olympic Games,,,,
143665,Cravon Gillespie,Cravon Tommy Gillespie,Cravon•Gillespie,,,,,Male,1996-07-31,,,,,,,,,,,Competed in Olympic Games,"Nike, Beaverton (USA)",,,
143666,Curtis Thompson,Curtis Thompson,Curtis•Thompson,,,,,Male,1996-02-08,Trenton,New Jersey,268,,,,,,,,Competed in Olympic Games,,,,
143667,Daniel Haugh,Daniel Haugh,Daniel•Haugh,,,,,Male,1995-05-03,Marietta,Georgia,268,,,,,,,,Competed in Olympic Games,,,,
143668,Daniel Roberts,Daniel Ellis Roberts,Daniel•Roberts,,,,,Male,1997-11-13,,,,,,,,,,,Competed in Olympic Games,,,,
143669,Darryl Sullivan,"Darryl Sullivan, Jr.",Darryl•Sullivan,,,,,Male,1997-12-28,,,,,,,,,,,Competed in Olympic Games,,,,
143670,David Kendziera,David Kendziera,David•Kendziera,,,,,Male,1994-09-09,,,,,,,,,,,Competed in Olympic Games,,,,
143671,Donald Scott,Donald Scott,Donald•Scott,,,,,Male,1992-02-23,,,,,,,,,,,Competed in Olympic Games,,,,
143672,Elija Godwin,Elija Godwin,Elija•Godwin,,,,,Male,1999-07-01,,,,,,,,,,,Competed in Olympic Games,,,,
143673,Erriyon Knighton,Erriyon Knighton,Erriyon•Knighton,,,,,Male,2004-01-29,,,,,,,,,,,Competed in Olympic Games,,,,
143674,Fred Kerley,"Fredrick Lee ""Fred"" Kerley",Fred•Kerley,,,,,Male,1995-05-07,,,,,,,,,,,Competed in Olympic Games,,,,
143675,Garrett Scantling,Garrett Scantling,Garrett•Scantling,,,,,Male,1993-05-19,,,,,,,,,,,Competed in Olympic Games,,,,
143676,Grant Fisher,Grant Jackson Fisher,Grant•Fisher,,,,,Male,1997-04-22,Calgary,Alberta,52,,,,,,,,Competed in Olympic Games,,,,
143677,Grant Holloway,Stanley Grant Holloway,Grant•Holloway,,,,,Male,1997-11-19,,,,,,,,,,,Competed in Olympic Games,,,,
143678,Isaiah Jewett,Isaiah Champion Jewett,Isaiah•Jewett,,,,,Male,1997-02-06,Beverly Hills,California,268,,,,,,183,,Competed in Olympic Games,,,,
143679,Jacob Riley,Jacob Riley,Jacob•Riley,,,,,Male,1988-11-02,,,,,,,,,,,Competed in Olympic Games,,,,
143680,Joe Klecker,Joe Klecker,Joe•Klecker,,,,,Male,1996-11-16,Minneapolis,Minnesota,268,,,,,,183,,Competed in Olympic Games,,,,
143681,JuVaughn Harrison,JuVaughn Harrison (Blake-),JuVaughn•Harrison,,,,,Male,1999-04-30,,,,,,,,,,,Competed in Olympic Games,,,,
143682,KC Lightfoot,KC Lightfoot,KC•Lightfoot,,,,,Male,1999-11-11,,,,,,,,,,,Competed in Olympic Games,,,,
143683,Kenny Bednarek,"Kenneth ""Kenny"" Bednarek",Kenny•Bednarek,,,,,Male,1998-10-14,Tulsa,Oklahoma,268,,,,,,,,Competed in Olympic Games,,,,
143684,Kenny Selmon,"Kenneth ""Kenny"" Selmon",Kenny•Selmon,,,,,Male,1996-08-27,,,,,,,,,,,Competed in Olympic Games,,,,
143685,Marquis Dendy,Marquis Ali Dendy,Marquis•Dendy,,,,,Male,1992-11-17,Wilmington,Delaware,268,,,,,,193,79,Competed in Olympic Games,,,,
143686,Mason Ferlic,Mason Ferlic,Mason•Ferlic,,,,,Male,1993-08-05,,,,,,,,,,,Competed in Olympic Games,,,,
143687,Micah Williams,Micah Williams,Micah•Williams,,,,,Male,2001-11-12,,,,,,,,,,,Non-starter,,,,
143688,Michael Cherry,"Michael Cherry, Jr.",Michael•Cherry,,,,,Male,1995-03-23,New York,New York,268,,,,,,,,Competed in Olympic Games,,,,
143689,Michael Norman,"Michael Arthur Norman, Jr.",Michael•Norman,,,,,Male,1997-12-03,San Diego,California,268,,,,,,185,78,Competed in Olympic Games,,,,
143690,Michael Shuey,Michael Shuey,Michael•Shuey,,,,,Male,1994-02-02,,,,,,,,,,,Competed in Olympic Games,,,,
143691,Nick Christie,"Nicholas Steven ""Nick"" Christie",Nick•Christie,,,,,Male,1991-09-29,,,,,,,,,,,Competed in Olympic Games,,,,
143692,Payton Otterdahl,Payton Otterdahl,Payton•Otterdahl,,,,,Male,1996-04-02,,,,,,,,,,,Competed in Olympic Games,,,,
143693,Rai Benjamin,Rai Benjamin,Rai•Benjamin,,,,,Male,1997-07-27,Mount Vernon,New York,268,,,,,,191,77,Competed in Olympic Games,,,,
143694,Randolph Ross,Randolph Ross,Randolph•Ross,,,,,Male,2001-01-01,,,,,,,,,,,Competed in Olympic Games,,,,
143695,Reggie Jagers,"Reginald ""Reggie"" Jagers, III",Reggie•Jagers,,,,,Male,1994-08-13,,,,,,,,,,,Competed in Olympic Games,,,,
143696,Ronnie Baker,Ronnie Baker,Ronnie•Baker,,,,,Male,1993-10-15,,,,,,,,,,,Competed in Olympic Games,,,,
143697,Sam Mattis,"Samuel Harrison ""Sam"" Mattis",Sam•Mattis,,,,,Male,1994-03-19,New York,New York,268,,,,,,185,111,Competed in Olympic Games,,,,
143698,Shelby McEwen,Shelby McEwen,Shelby•McEwen,,,,,Male,1996-04-06,,,,,,,,,,,Competed in Olympic Games,,,,
143699,Steffin McCarter,Steffin McCarter,Steffin•McCarter,,,,,Male,1997-01-19,,,,,,,,,,,Competed in Olympic Games,,,,
143700,Steven Bastien,Steven Bastien,Steven•Bastien,,,,,Male,1994-03-04,,,,,,,,,,,Competed in Olympic Games,,,,
143701,Trevor Stewart,Trevor Stewart,Trevor•Stewart,,,,,Male,1997-05-20,,,,,,,,,,,Competed in Olympic Games,,,,
143702,Vernon Norwood,Vernon Larnard Norwood,Vernon•Norwood,,,,,Male,1992-04-10,New Orleans,Louisiana,268,,,,,,188,73,Competed in Olympic Games,,,,
143703,Woody Kincaid,"William Alfred Wiles ""Woody"" Kincaid",Woody•Kincaid,,,,,Male,1992-09-21,Littleton,Colorado,268,,,,,,,,Competed in Olympic Games,,,,
143704,Yared Nuguse,Yared Nuguse,Yared•Nuguse,,,,,Male,1999-06-01,,,,,,,,,,,Non-starter,,,,
143856,Darya Reznichenko,Darya Reznichenko (Akhmedova-),Darya•Reznichenko,,,,,Female,1991-04-03,Toshkent,Toshkent Shahri,269,,,,,,,,Competed in Olympic Games,,,,
143857,Safina Sadullayeva,Safina Sadullayeva,Safina•Sadullayeva,,,,,Female,1998-03-04,?,Sirdaryo,269,,,,,,,,Competed in Olympic Games,,,,
143932,Quách Thị Lan,Quách Thị Lan,Quách•Thị Lan,,,,Oriental,Female,1995-10-18,Thanh Hoá,Thanh Hoá,14,,,,,,,,Competed in Olympic Games • Other,,,,
143944,Shafiqua Maloney,Shafiqua Maloney,Shafiqua•Maloney,,,Fifi,,Female,1999-02-27,,,,,,,,,,,Competed in Olympic Games • Other,,,,
143948,Ahmed Al-Yaari,Ahmed Abdullah Al-Yaari,Ahmed•Al-Yaari,احمد عبدالله•اليعري,,,,Male,2000-01-16,,,,,,,,,,,Competed in Olympic Games,,,,
143951,Rhodah Njobvu,Rhodah Njobvu,Rhodah•Njobvu,,,,,Female,1994-01-29,Lusaka,Lusaka,281,,,,,,,,Competed in Olympic Games,,,,
144017,Felisberto de Deus,Felisberto de Deus,Felisberto•de Deus,,,,,Male,1999-06-07,,,,,,,,,,,Competed in Olympic Games • Other,,,,
144059,Matt Ludwig,"Matthew Joseph ""Matt"" Ludwig",Matt•Ludwig,,,,,Male,1996-07-05,,,,,,,,,,,Competed in Olympic Games,,,,
144118,Lamecha Girma,Lamecha Girma,Lamecha•Girma,,,,,Male,2000-11-26,,,,,,,,,,,Competed in Olympic Games,,,,
144120,Leni Shida,Leni Shida,Leni•Shida,,,,,Female,1994-05-22,Arua,Northern,264,,,,,,,,Competed in Olympic Games,,,,
144129,Iván Zarco,Iván Zarco Álvarez,Iván•Zarco,,,,,Male,1994-02-08,Barcelona,Barcelona,87,,,,,,,,Competed in Olympic Games,,,,
145533,Pter Abay,,,,,,,Male,,,,,,,,,,181,79,,,,,
145538,Franz Abb,,,,,,,Male,,,,,,,,,,,,,,,,
145548,Abdel Latif Abdel Latif,,,,,,,Male,,,,,,,,,,172,68,,,,,
145569,Laye Abdullayeva,,,,,,,Female,,,,,,,,,,170,47,,,,,
145571,Sherzod Abdurahmonov,,,,,,,Male,,,,,,,,,,178,73,,,,,
145682,Roberto Acua,,,,,,,Male,,,,,,,,,,208,109,,,,,
145683,Arslanbek Aylow,,,,,,,Male,,,,,,,,,,177,75,,,,,
145707,Hamida Addche,,,,,,,Male,,,,,,,,,,164,56,,,,,
145725,Istvn Adorjn,,,,,,,Male,,,,,,,,,,,,,,,,
145764,Olivr gh,,,,,,,Male,,,,,,,,,,187,78,,,,,
145768,Judit goston-Mendelnyi,,,,,,,Female,,,,,,,,,,164,62,,,,,
145821,Diego Aguirregomezcorta,,,,,,,Male,,,,,,,,,,190,83,,,,,
145862,Jrmy Aicardi,,,,,,,Male,,,,,,,,,,178,83,,,,,
145953,Esam Al-Kandari,,,,,,,Male,,,,,,,,,,176,64,,,,,
145956,Samira Al-Raf,,,,,,,Female,,,,,,,,,,156,49,,,,,
145996,Matas Albarracn,,,,,,,Male,,,,,,,,,,174,65,,,,,
146021,Rubn Alcala,,,,,,,Male,,,,,,,,,,190,76,,,,,
146035,Ramn Aldea,,,,,,,Male,,,,,,,,,,179,,,,,,
146044,Flix Alegra,,,,,,,Male,,,,,,,,,,,,,,,,
146056,Aleksandar Aleksi,,,,,,,Male,,,,,,,,,,188,89,,,,,
146061,Ren Aleman,,,,,,,Male,,,,,,,,,,167,67,,,,,
146105,Edward Alknin,,,,,,,Male,,,,,,,,,,173,71,,,,,
146324,Sndor Ambrzy,,,,,,,Male,,,,,,,,,,,,,,,,
146325,Ferencz Ambru,,,,,,,Male,,,,,,,,,,,,,,,,
146341,Adokie Amiesimaka,,,,,,,Male,,,,,,,,,,,,,,,,
146461,Jacques Andr,,,,,,,Male,,,,,,,,,,,,,,,,
146490,Kristjn Andrsson,,,,,,,Male,,,,,,,,,,182,84,,,,,
146530,Ludwig Angerer,,,,,,,Male,,,,,,,,,,,,,,,,
146546,Rami Anis,,,,,,,Male,,,,,,,,,,178,78,,,,,
146553,Andrija Ankovi,,,,,,,Male,,,,,,,,,,177,79,,,,,
146577,Eva Antalecov,,,,,,,Female,,,,,,,,,,178,65,,,,,
146584,Sava Anti,,,,,,,Male,,,,,,,,,,,,,,,,
146613,Marija Anzulovi,,,,,,,Female,,,,,,,,,,178,65,,,,,
146622,Jen Apthy,,,,,,,Male,,,,,,,,,,,,,,,,
146640,Toru Arai,,,,,,,Female,,,,,,,,,,,,,,,,
146673,Pierre Arbaji,,,,,,,Male,,,,,,,,,,,,,,,,
146674,Vernica Arbo,,,,,,,Female,,,,,,,,,,173,64,,,,,
146686,Archenoul,,,,,,,Male,,,,,,,,,,,,,,,,
146721,Ccile Argiolas,,,,,,,Female,,,,,,,,,,170,61,,,,,
146751,Dumitru Armel,,,,,,,Male,,,,,,,,,,,,,,,,
146762,Gurn Arnardttir,,,,,,,Female,,,,,,,,,,175,59,,,,,
146864,Kumar Ashok,,,,,,,Male,,,,,,,,,,165,52,,,,,
146875,Konstantinos Aslanidis,,,,,,,Male,,,,,,,,,,,,,,,,
146932,smet Atl,,,,,,,Male,,,,,,,,,,173,,,,,,
146936,Jen ts,,,,,,,Male,,,,,,,,,,,,,,,,
146954,Ernst Aufseeser,,,,,,,Male,,,,,,,,,,,,,,,,
147007,Mauricio vila,,,,,,,Male,,,,,,,,,,170,60,,,,,
147019,Issam Awarke,,,,,,,Male,,,,,,,,,,175,74,,,,,
147048,Souheil Ayoub,,,,,,,Male,,,,,,,,,,169,61,,,,,
147096,Dragutin Babi,,,,,,,Male,,,,,,,,,,,,,,,,
147101,Kumari Babita,,,,,,,Female,,,,,,,,,,165,52,,,,,
147109,Nenad Babovi,,,,,,,Male,,,,,,,,,,186,74,,,,,
147155,Karol Bao,,,,,,,Male,,,,,,,,,,178,74,,,,,
147161,Krisztina Bcsics,,,,,,,Female,,,,,,,,,,170,61,,,,,
147187,Kateina Baurov,,,,,,,Female,,,,,,,,,,168,54,,,,,
147222,Klaus-Dieter Bhr,,,,,,,Male,,,,,,,,,,187,85,,,,,
147228,David Baidet,,,,,,,Male,,,,,,,,,,,,,,,,
147249,Jaroslava Bajerov,,,,,,,Female,,,,,,,,,,,,,,,,
147253,Kroly Bajk,,,,,,,Male,,,,,,,,,,184,89,,,,,
147260,Frano Bakari,,,,,,,Male,,,,,,,,,,184,74,,,,,
147274,Pl Bak,,,,,,,Male,,,,,,,,,,180,72,,,,,
147275,Zoltn Bak,,,,,,,Male,,,,,,,,,,190,80,,,,,
147281,Pl Bakos,,,,,,,Male,,,,,,,,,,,,,,,,
147300,Viorel Bla,,,,,,,Male,,,,,,,,,,184,82,,,,,
147331,Antonn Balda,,,,,,,Male,,,,,,,,,,,67,,,,,
147371,Ildik Balog,,,,,,,Female,,,,,,,,,,153,47,,,,,
147472,Judit Brnyi,,,,,,,Female,,,,,,,,,,165,59,,,,,
147528,Vendramino Bariviera,,,,,,,Male,,,,,,,,,,178,72,,,,,
147571,Jacques Barreau,,,,,,,Male,,,,,,,,,,,,,,,,
183331,Haydar Abdalla,,,,,,,Male,,,,,,,,,,,,,,,,
183367,Mekides Abebe,,,,,,,Female,,,,,,,,,,,,,,,,
183380,Jamale (ahrass-),,,,,,,Male,,,,,,,,,,,,,,,,
183385,Ann Aarnes,,,,,,,Female,,,,,,,,,,,,,,,,
183402,Nstor Sanjun,,,,,,,Male,,,,,,,,,,,,,,,,
183414,Jos Gmez,,,,,,,Male,,,,,,,,,,,,,,,,
183428,Jouan Etong,,,,,,,Male,,,,,,,,,,,,,,,,
183432,Carlos Chavez,,,,,,,Male,,,,,,,,,,,,,,,,
183460,Bassim Al-ogaili,,,,,,,Male,,,,,,,,,,,,,,,,
183473,Soulmaz Azad,,,,,,,Female,,,,,,,,,,,,,,,,
183514,Mohamed Fatah,,,,,,,Male,,,,,,,,,,,,,,,,
183540,Ahmed Mobarak,,,,,,,Male,,,,,,,,,,,,,,,,
183548,Mohamed Kerim,,,,,,,Male,,,,,,,,,,,,,,,,
183614,Ben Abdelkrim,,,,,,,Male,,,,,,,,,,,,,,,,
183654,Bashir Aziz,,,,,,,Male,,,,,,,,,,,,,,,,
183673,Taha Karim,,,,,,,Male,,,,,,,,,,,,,,,,
183677,Majed Mohamed,,,,,,,Male,,,,,,,,,,,,,,,,
183701,Haidar Hassan,,,,,,,Male,,,,,,,,,,,,,,,,
183716,Ahmad Abdullah,,,,,,,Male,,,,,,,,,,,,,,,,
183717,Ahmed Abdullah,,,,,,,Male,,,,,,,,,,,,,,,,
183718,Aquil (shumate-),,,,,,,Male,,,,,,,,,,,,,,,,
183740,Abdullah Zeyab,,,,,,,Male,,,,,,,,,,,,,,,,
183817,Juan Pallahi,,,,,,,Male,,,,,,,,,,,,,,,,
183818,Edwige Fouda,,,,,,,Female,,,,,,,,,,,,,,,,
183875,Tarek Dahab,,,,,,,Male,,,,,,,,,,,,,,,,
183887,Essameldin El-nein,,,,,,,Male,,,,,,,,,,,,,,,,
183912,Sdonoud Abouta,,,,,,,Male,,,,,,,,,,,,,,,,
183913,Ahmad Abouwi,,,,,,,Male,,,,,,,,,,,,,,,,
183914,Alexander (steglitz),,,,,,,Male,,,,,,,,,,,,,,,,
184023,Abdul Labid,,,,,,,Male,,,,,,,,,,,,,,,,
184032,Mohamed Sobea,,,,,,,Male,,,,,,,,,,,,,,,,
184089,Eyne Tabares,,,,,,,Male,,,,,,,,,,,,,,,,
184095,Jos Herrera,,,,,,,Male,,,,,,,,,,,,,,,,
184099,Roberto Villagrn,,,,,,,Male,,,,,,,,,,,,,,,,
184104,Loreto Snchez-marn,,,,,,,Female,,,,,,,,,,,,,,,,
184109,Benjamin Acheampong,,,,,,,Male,,,,,,,,,,,,,,,,
184135,Gabriel Assi,,,,,,,Male,,,,,,,,,,,,,,,,
184162,Luz Valdez,,,,,,,Female,,,,,,,,,,,,,,,,
184170,Pedro Snchez,,,,,,,Male,,,,,,,,,,,,,,,,
184183,Kipkemoi Bett,,,,,,,Male,,,,,,,,,,,,,,,,
184266,Solomon Bockarie,,,,,,,Male,,,,,,,,,,,,,,,,
184289,Morgan Jr.,,,,,,,Male,,,,,,,,,,,,,,,,
184370,Stephen Adegbite,,,,,,,Male,,,,,,,,,,,,,,,,
184381,Ayodele Adeleye,,,,,,,Male,,,,,,,,,,,,,,,,
184434,Charles Adkins,,,,,,,Male,,,,,,,,,,,,,,,,
184435,Robert Adlard,,,,,,,Male,,,,,,,,,,,,,,,,
184463,Mrta (-hermansson),,,,,,,Female,,,,,,,,,,,,,,,,
184477,Karl Adolfsson,,,,,,,Male,,,,,,,,,,,,,,,,
184521,Adriana Pinto,,,,,,,Female,,,,,,,,,,,,,,,,
184530,Fredua Adu,,,,,,,Male,,,,,,,,,,,,,,,,
184543,Lon (-freddy),,,,,,,Male,,,,,,,,,,,,,,,,
184560,Oscar Strm,,,,,,,Male,,,,,,,,,,,,,,,,
184561,Paulus Uhr,,,,,,,Male,,,,,,,,,,,,,,,,
184575,Franois Affolter,,,,,,,Male,,,,,,,,,,,,,,,,
184586,Felicia (-jitianu),,,,,,,Female,,,,,,,,,,,,,,,,
184685,Seyyit Aral,,,,,,,Male,,,,,,,,,,,,,,,,
184692,Lindy (leveau-),,,,,,,Female,,,,,,,,,,,,,,,,
184696,Ral Saladin,,,,,,,Male,,,,,,,,,,,,,,,,
184697,Norisbeth Gonzlez,,,,,,,Female,,,,,,,,,,,,,,,,
184699,Ernesto Shell,,,,,,,Male,,,,,,,,,,,,,,,,
184707,ngel Garca,,,,,,,Male,,,,,,,,,,,,,,,,
184749,Dario Gonzlez,,,,,,,Male,,,,,,,,,,,,,,,,
184758,Elisabeth Lpez,,,,,,,Female,,,,,,,,,,,,,,,,
184768,Iaki Vicente,,,,,,,Male,,,,,,,,,,,,,,,,
184776,Luis Brenes,,,,,,,Male,,,,,,,,,,,,,,,,
184785,Domingo Cardenas,,,,,,,Male,,,,,,,,,,,,,,,,
184799,Yosvany Zamora,,,,,,,Male,,,,,,,,,,,,,,,,
184815,Jess Delgado,,,,,,,Male,,,,,,,,,,,,,,,,
184820,Jorge Wardi,,,,,,,Male,,,,,,,,,,,,,,,,
184821,Jos Arruti,,,,,,,Male,,,,,,,,,,,,,,,,
184831,Pedro Gabiola,,,,,,,Male,,,,,,,,,,,,,,,,
184832,Matas Guruceaga,,,,,,,Male,,,,,,,,,,,,,,,,
184834,Sri Agustiani,,,,,,,Female,,,,,,,,,,,,,,,,
184853,Sabiahmad Ahad,,,,,,,Male,,,,,,,,,,,,,,,,
184878,Byeongkwang Choe,,,,,,,Male,,,,,,,,,,,,,,,,
184890,Henrik (-pennola),,,,,,,Male,,,,,,,,,,,,,,,,
184908,Sten Hlund,,,,,,,Male,,,,,,,,,,,,,,,,
184915,Mohamed Juma,,,,,,,Male,,,,,,,,,,,,,,,,
184937,Esraa El-sayed,,,,,,,Female,,,,,,,,,,,,,,,,
184939,Hassan Ahmed,,,,,,,Male,,,,,,,,,,,,,,,,
184957,Iulian Cocioran,,,,,,,Male,,,,,,,,,,,,,,,,
184985,Kyra Constantine,,,,,,,Female,,,,,,,,,,,,,,,,
184990,Daniel Gaete,,,,,,,Male,,,,,,,,,,,,,,,,
185002,Mara Amicarelli,,,,,,,Female,,,,,,,,,,,,,,,,
185057,Anna (-pocock),,,,,,,Female,,,,,,,,,,,,,,,,
185098,William Aitken,,,,,,,Male,,,,,,,,,,,,,,,,
185150,Danylo Danylenko,,,,,,,Male,,,,,,,,,,,,,,,,
185175,Rainer Kerfelt,,,,,,,Male,,,,,,,,,,,,,,,,
185176,Rolf Kerfelt,,,,,,,Male,,,,,,,,,,,,,,,,
185191,de Felisberto,,,,,,,Male,,,,,,,,,,,,,,,,
185219,de Marco,,,,,,,Male,,,,,,,,,,,,,,,,
185237,de Laura,,,,,,,Female,,,,,,,,,,,,,,,,
185308,Mohamed Moukdad,,,,,,,Male,,,,,,,,,,,,,,,,
185311,Abdul Al-abdullah,,,,,,,Male,,,,,,,,,,,,,,,,
185366,Mohamed Al-aywan,,,,,,,Male,,,,,,,,,,,,,,,,
185390,Abdal Al-dabaji,,,,,,,Male,,,,,,,,,,,,,,,,
185455,Handhal Al-harithy,,,,,,,Male,,,,,,,,,,,,,,,,
185495,Rashid Al-ma'shari,,,,,,,Male,,,,,,,,,,,,,,,,
185517,Mohamed Al-maskary,,,,,,,Male,,,,,,,,,,,,,,,,
185520,Ahmed Bashir,,,,,,,Male,,,,,,,,,,,,,,,,
185558,Ibrahim Al-ouiran,,,,,,,Male,,,,,,,,,,,,,,,,
185585,Omar Emira,,,,,,,Male,,,,,,,,,,,,,,,,
185618,Hisham Rashad,,,,,,,Male,,,,,,,,,,,,,,,,
185624,Jahad Al-sheikh,,,,,,,Male,,,,,,,,,,,,,,,,
185637,Ahmad Mubarak,,,,,,,Male,,,,,,,,,,,,,,,,
185667,smail Ala,,,,,,,Male,,,,,,,,,,,,,,,,
185743,Jos Quintana,,,,,,,Male,,,,,,,,,,,,,,,,
185751,Rafael Castillo,,,,,,,Male,,,,,,,,,,,,,,,,
185756,William Albans,,,,,,,Male,,,,,,,,,,,,,,,,
185773,Jos Calles,,,,,,,Male,,,,,,,,,,,,,,,,
185778,Jos Ferrer,,,,,,,Male,,,,,,,,,,,,,,,,
185850,Kinga Gacka,,,,,,,Female,,,,,,,,,,,,,,,,
185866,Jos Garca,,,,,,,Male,,,,,,,,,,,,,,,,
185867,Mara Izguerra,,,,,,,Female,,,,,,,,,,,,,,,,
185881,Agustn Estrada,,,,,,,Male,,,,,,,,,,,,,,,,
185887,Esther Galvan,,,,,,,Female,,,,,,,,,,,,,,,,
185888,Arnold Nez,,,,,,,Male,,,,,,,,,,,,,,,,
185889,Ignacio Azproz,,,,,,,Male,,,,,,,,,,,,,,,,
185901,Aldair Santos,,,,,,,Male,,,,,,,,,,,,,,,,
185920,Moiss Chvez,,,,,,,Male,,,,,,,,,,,,,,,,
185930,Laura Garcia-caro,,,,,,,Female,,,,,,,,,,,,,,,,
185931,Christopher Garia,,,,,,,Male,,,,,,,,,,,,,,,,
185939,Horace Aldous,,,,,,,Male,,,,,,,,,,,,,,,,
186013,Florentina Ghelber,,,,,,,Female,,,,,,,,,,,,,,,,
186032,Martn Uriarte,,,,,,,Male,,,,,,,,,,,,,,,,
186033,Ivn Villar,,,,,,,Male,,,,,,,,,,,,,,,,
186034,Juan Marn,,,,,,,Male,,,,,,,,,,,,,,,,
186067,Constantine Alexander,,,,,,,Male,,,,,,,,,,,,,,,,
186091,Rnar (ovtinnikov-),,,,,,,Male,,,,,,,,,,,,,,,,
186134,Carlos Moreno,,,,,,,Male,,,,,,,,,,,,,,,,
186139,Isaac Loza,,,,,,,Male,,,,,,,,,,,,,,,,
186191,Ahmed Al-abri,,,,,,,Male,,,,,,,,,,,,,,,,
186202,Anwar Ali,,,,,,,Male,,,,,,,,,,,,,,,,
186214,Annabel Ali,,,,,,,Female,,,,,,,,,,,,,,,,
186224,Sheikh Mohamed,,,,,,,Male,,,,,,,,,,,,,,,,
186290,Firouz Fard,,,,,,,Male,,,,,,,,,,,,,,,,
186299,Hermann Alker,,,,,,,Male,,,,,,,,,,,,,,,,
186315,Diane (-hawkins),,,,,,,Female,,,,,,,,,,,,,,,,
186335,Mohamed Allam,,,,,,,Male,,,,,,,,,,,,,,,,
186337,Bence Halasz,,,,,,,Male,,,,,,,,,,,,,,,,
186409,Kendra Harrison,,,,,,,Female,,,,,,,,,,,,,,,,
186417,Ali Harvey,,,,,,,Male,,,,,,,,,,,,,,,,
186430,Lieselotte -knig),,,,,,,Female,,,,,,,,,,,,,,,,
186449,Dawn (-lewis),,,,,,,Female,,,,,,,,,,,,,,,,
186478,Rose (-morrison),,,,,,,Female,,,,,,,,,,,,,,,,
186573,Matas Almeyda,,,,,,,Male,,,,,,,,,,,,,,,,
186576,Almir Almeida,,,,,,,Male,,,,,,,,,,,,,,,,
186581,scar Giovanelli,,,,,,,Male,,,,,,,,,,,,,,,,
186608,Akanni Hislop,,,,,,,Male,,,,,,,,,,,,,,,,
186610,Ana Nieto,,,,,,,Female,,,,,,,,,,,,,,,,
186623,Jos Areyzaga,,,,,,,Male,,,,,,,,,,,,,,,,
186629,Juan Aznar,,,,,,,Male,,,,,,,,,,,,,,,,
186644,Jos Sillero,,,,,,,Male,,,,,,,,,,,,,,,,
186741,Gonzalo Cornejo,,,,,,,Male,,,,,,,,,,,,,,,,
186748,Nicolas Lay,,,,,,,Male,,,,,,,,,,,,,,,,
186769,David Martnez,,,,,,,Male,,,,,,,,,,,,,,,,
186784,Hctor Ayala,,,,,,,Male,,,,,,,,,,,,,,,,
186814,Kevin Hernndez,,,,,,,Male,,,,,,,,,,,,,,,,
186815,Lzaro Estrada,,,,,,,Male,,,,,,,,,,,,,,,,
186843,Nancy Lvarez,,,,,,,Female,,,,,,,,,,,,,,,,
186882,Juan Calleja,,,,,,,Male,,,,,,,,,,,,,,,,
186888,Aiko Iki,,,,,,,Female,,,,,,,,,,,,,,,,
186902,Basilio Rodrguez,,,,,,,Male,,,,,,,,,,,,,,,,
186958,Andrs Velsco,,,,,,,Male,,,,,,,,,,,,,,,,
186964,Domingo Mastroianni,,,,,,,Male,,,,,,,,,,,,,,,,
186994,Antnio Filho,,,,,,,Male,,,,,,,,,,,,,,,,
187001,Miguel Varga,,,,,,,Male,,,,,,,,,,,,,,,,
187087,Sandra Monica,,,,,,,Female,,,,,,,,,,,,,,,,
187118,Musa (kipkirui-),,,,,,,Male,,,,,,,,,,,,,,,,
187217,Gonalo Amorim,,,,,,,Male,,,,,,,,,,,,,,,,
187332,Ana Henkel),,,,,,,Female,,,,,,,,,,,,,,,,
187417,William Kincaid,,,,,,,Male,,,,,,,,,,,,,,,,
187479,Hjalmart (-eering),,,,,,,Male,,,,,,,,,,,,,,,,
187482,Inge (-jensen),,,,,,,Female,,,,,,,,,,,,,,,,
187497,Karen -jrgensen),,,,,,,Female,,,,,,,,,,,,,,,,
187516,Hugo Andersen,,,,,,,Male,,,,,,,,,,,,,,,,
187517,Rolf-Peder Andersen,,,,,,,Male,,,,,,,,,,,,,,,,
187529,nderson Oliveira,,,,,,,Male,,,,,,,,,,,,,,,,
187538,Clvis Jnior,,,,,,,Male,,,,,,,,,,,,,,,,
187585,Gerard Anderson,,,,,,,Male,,,,,,,,,,,,,,,,
187600,Stephen Anderson,,,,,,,Male,,,,,,,,,,,,,,,,
187651,Elsa (-cordes),,,,,,,Female,,,,,,,,,,,,,,,,
187681,Inger (-fogelstrm),,,,,,,Female,,,,,,,,,,,,,,,,
187683,Isabellah (amoro-),,,,,,,Female,,,,,,,,,,,,,,,,
187742,Anna Novais),,,,,,,Female,,,,,,,,,,,,,,,,
187777,Jos Aguilar,,,,,,,Male,,,,,,,,,,,,,,,,
187789,Sofia (-kvarnstrand),,,,,,,Female,,,,,,,,,,,,,,,,
187794,Jos Torralvo,,,,,,,Male,,,,,,,,,,,,,,,,
187816,Daniel Jnior,,,,,,,Male,,,,,,,,,,,,,,,,
187826,Georges (monnard-),,,,,,,Male,,,,,,,,,,,,,,,,
187841,Georg Sanmann,,,,,,,Male,,,,,,,,,,,,,,,,
187880,ngel Gabn,,,,,,,Male,,,,,,,,,,,,,,,,
187935,Donald Andrews,,,,,,,Male,,,,,,,,,,,,,,,,
187941,Michelle (-mitchell),,,,,,,Female,,,,,,,,,,,,,,,,
187996,Nikolay Andrianov,,,,,,,Male,,,,,,,,,,,,,,,,
188005,Olga (-koryagina),,,,,,,Female,,,,,,,,,,,,,,,,
188087,Jos Angel,,,,,,,Male,,,,,,,,,,,,,,,,
188104,Juan Angeloni,,,,,,,Male,,,,,,,,,,,,,,,,
188109,Wilbert London,,,,,,,Male,,,,,,,,,,,,,,,,
188281,Peter Kabeni,,,,,,,Male,,,,,,,,,,,,,,,,
188288,Sajjad Hamlabad,,,,,,,Male,,,,,,,,,,,,,,,,
188344,Sandra Moreno,,,,,,,Female,,,,,,,,,,,,,,,,
188389,Susan (-finch),,,,,,,Female,,,,,,,,,,,,,,,,
188466,Hanne Maudens,,,,,,,Female,,,,,,,,,,,,,,,,
188485,Nataliya Anufriyenko,,,,,,,Female,,,,,,,,,,,,,,,,
188500,McCULLOUGH Conor,,,,,,,Male,,,,,,,,,,,,,,,,
188504,McDONALD Morgan,,,,,,,Male,,,,,,,,,,,,,,,,
188505,McDONALD Natassha,,,,,,,Female,,,,,,,,,,,,,,,,
188507,McDONALD Rusheen,,,,,,,Male,,,,,,,,,,,,,,,,
188508,McDONNELL Robert,,,,,,,Male,,,,,,,,,,,,,,,,
188523,McGREGOR Roneisha,,,,,,,Female,,,,,,,,,,,,,,,,
188524,Reiko (-fujisawa),,,,,,,Female,,,,,,,,,,,,,,,,
188546,Aleksandr Apanasenok,,,,,,,Male,,,,,,,,,,,,,,,,
188547,Aleksandra (-klementyeva),,,,,,,Female,,,,,,,,,,,,,,,,
188572,Hermann Apell,,,,,,,Male,,,,,,,,,,,,,,,,
188596,Elbieta (-kamiska),,,,,,,Female,,,,,,,,,,,,,,,,
188631,Pablo Bakerdjian,,,,,,,Male,,,,,,,,,,,,,,,,
188666,Rubn Gonzlez,,,,,,,Male,,,,,,,,,,,,,,,,
188715,Manuel Jr.,,,,,,,Male,,,,,,,,,,,,,,,,
188763,Kalliopi Araouzou,,,,,,,Female,,,,,,,,,,,,,,,,
188776,Benjamin Arajo,,,,,,,Male,,,,,,,,,,,,,,,,
188836,Jos Aperte,,,,,,,Male,,,,,,,,,,,,,,,,
188853,Nancy (-joeck),,,,,,,Female,,,,,,,,,,,,,,,,
188864,Lus Daz,,,,,,,Male,,,,,,,,,,,,,,,,
188865,Luis Echarri,,,,,,,Male,,,,,,,,,,,,,,,,
188866,Jos Ramos,,,,,,,Male,,,,,,,,,,,,,,,,
188868,Waldimiro Riera,,,,,,,Male,,,,,,,,,,,,,,,,
188887,Ral Gallo,,,,,,,Male,,,,,,,,,,,,,,,,
188929,Johan Areskough,,,,,,,Male,,,,,,,,,,,,,,,,
188943,Egidio Ros,,,,,,,Male,,,,,,,,,,,,,,,,
188952,Athing Mu,,,,,,,Female,,,,,,,,,,,,,,,,
188971,Joahnys Prez,,,,,,,Male,,,,,,,,,,,,,,,,
188987,Ismely Castillo,,,,,,,Male,,,,,,,,,,,,,,,,
188988,Jhon Snchez,,,,,,,Male,,,,,,,,,,,,,,,,
189002,Ramn Quinteros,,,,,,,Male,,,,,,,,,,,,,,,,
189035,Jos Isasa,,,,,,,Male,,,,,,,,,,,,,,,,
189043,Natalia Daz,,,,,,,Female,,,,,,,,,,,,,,,,
189046,Wilma Yucra,,,,,,,Female,,,,,,,,,,,,,,,,
189053,Azreen Nabila,,,,,,,Female,,,,,,,,,,,,,,,,
189106,Jos Surez,,,,,,,Male,,,,,,,,,,,,,,,,
189125,John Arms,,,,,,,Male,,,,,,,,,,,,,,,,
189126,Raymond Armstead,,,,,,,Male,,,,,,,,,,,,,,,,
189142,Beatrice (-purdy),,,,,,,Female,,,,,,,,,,,,,,,,
189180,rni Rnason,,,,,,,Male,,,,,,,,,,,,,,,,
189183,Javier Creus,,,,,,,Male,,,,,,,,,,,,,,,,
189226,Friedrich Arnold,,,,,,,Male,,,,,,,,,,,,,,,,
189259,Ida Aronsson,,,,,,,Female,,,,,,,,,,,,,,,,
189262,Julius Arp,,,,,,,Male,,,,,,,,,,,,,,,,
189279,Mario Puente,,,,,,,Male,,,,,,,,,,,,,,,,
189285,Armando Carrera,,,,,,,Male,,,,,,,,,,,,,,,,
189286,Luis Cepeda,,,,,,,Male,,,,,,,,,,,,,,,,
189293,Jordi Casta,,,,,,,Male,,,,,,,,,,,,,,,,
189294,Valeriano Arri,,,,,,,Male,,,,,,,,,,,,,,,,
189323,Christopher Arrowsmith,,,,,,,Male,,,,,,,,,,,,,,,,
189325,Carlos Bermudez,,,,,,,Male,,,,,,,,,,,,,,,,
189327,Harold Z.,,,,,,,Male,,,,,,,,,,,,,,,,
189363,Artiom Arshansky,,,,,,,Male,,,,,,,,,,,,,,,,
189390,Mario Herrera,,,,,,,Male,,,,,,,,,,,,,,,,
189415,Vernica Cartier,,,,,,,Female,,,,,,,,,,,,,,,,
189456,Peninah Jerop,,,,,,,Female,,,,,,,,,,,,,,,,
189492,Tatyana (khmeleva-),,,,,,,Female,,,,,,,,,,,,,,,,
189571,Melanio Montes,,,,,,,Male,,,,,,,,,,,,,,,,
189573,Jean-Gabriel Asfar,,,,,,,Male,,,,,,,,,,,,,,,,
189574,Gashaw Melese,,,,,,,Male,,,,,,,,,,,,,,,,
189588,St Ashe,,,,,,,Male,,,,,,,,,,,,,,,,
189603,Frederick Ashford,,,,,,,Male,,,,,,,,,,,,,,,,
189616,Ali Aghbolagh,,,,,,,Male,,,,,,,,,,,,,,,,
189660,Sanna Askelf,,,,,,,Female,,,,,,,,,,,,,,,,
189686,Helene Asmus,,,,,,,Female,,,,,,,,,,,,,,,,
189712,Abdul Assar,,,,,,,Male,,,,,,,,,,,,,,,,
189744,Alina -kreiig),,,,,,,Female,,,,,,,,,,,,,,,,
189764,Igor Astapkovich,,,,,,,Male,,,,,,,,,,,,,,,,
189816,Halina (-wojno),,,,,,,Female,,,,,,,,,,,,,,,,
189871,Nancy Snchez,,,,,,,Female,,,,,,,,,,,,,,,,
189924,Ali Attarolu,,,,,,,Male,,,,,,,,,,,,,,,,
189942,William Attrill,,,,,,,Male,,,,,,,,,,,,,,,,
189945,Clemens Prufer,,,,,,,Male,,,,,,,,,,,,,,,,
189952,Hoi Au,,,,,,,Female,,,,,,,,,,,,,,,,
190047,Dionisio Ii,,,,,,,Male,,,,,,,,,,,,,,,,
190062,Anastasiya Rarovskaya,,,,,,,Female,,,,,,,,,,,,,,,,
190069,Julia Ratcliffe,,,,,,,Female,,,,,,,,,,,,,,,,
190077,Aung Aye,,,,,,,Female,,,,,,,,,,,,,,,,
190100,Winifred (-frick),,,,,,,Female,,,,,,,,,,,,,,,,
190128,Eila (-helle),,,,,,,Female,,,,,,,,,,,,,,,,
190165,Liudmyla (petrus-),,,,,,,Female,,,,,,,,,,,,,,,,
190167,Francisco Avelar,,,,,,,Male,,,,,,,,,,,,,,,,
190204,Meleni Rodney,,,,,,,Female,,,,,,,,,,,,,,,,
190206,Eduardo Rodrigues,,,,,,,Male,,,,,,,,,,,,,,,,
190208,Kevin Soto,,,,,,,Male,,,,,,,,,,,,,,,,
190209,Rgis Vila,,,,,,,Male,,,,,,,,,,,,,,,,
190244,Aw Kee,,,,,,,Male,,,,,,,,,,,,,,,,
190296,Julin Navarrete,,,,,,,Male,,,,,,,,,,,,,,,,
190349,Athouhon Aytotch,,,,,,,Female,,,,,,,,,,,,,,,,
190364,Mukund Sable,,,,,,,Male,,,,,,,,,,,,,,,,
190381,Salehuddin Ayob,,,,,,,Male,,,,,,,,,,,,,,,,
190388,Sihame Ali,,,,,,,Female,,,,,,,,,,,,,,,,
190477,Abdul Azimi,,,,,,,Male,,,,,,,,,,,,,,,,
190496,Ali Azizi,,,,,,,Male,,,,,,,,,,,,,,,,
190514,Csar Tanco,,,,,,,Male,,,,,,,,,,,,,,,,
190516,Vctor Urrutia,,,,,,,Male,,,,,,,,,,,,,,,,
190567,Lszl Jr.,,,,,,,Male,,,,,,,,,,,,,,,,
190590,Walter Babb,,,,,,,Male,,,,,,,,,,,,,,,,
190635,Martina (-balatkov),,,,,,,Female,,,,,,,,,,,,,,,,
190651,Alesya Babushkina,,,,,,,Female,,,,,,,,,,,,,,,,
190656,Erasmo Gonzlez,,,,,,,Male,,,,,,,,,,,,,,,,
190660,Leandro Coll,,,,,,,Male,,,,,,,,,,,,,,,,
190686,Kenneth Selmon,,,,,,,Male,,,,,,,,,,,,,,,,
190687,Cindy Sember,,,,,,,Female,,,,,,,,,,,,,,,,
190841,Jorge Snchez,,,,,,,Male,,,,,,,,,,,,,,,,
190863,Ren Pollar,,,,,,,Male,,,,,,,,,,,,,,,,
190882,Hamad Jassim,,,,,,,Male,,,,,,,,,,,,,,,,
190914,Stphane Badji,,,,,,,Male,,,,,,,,,,,,,,,,
190922,Svetlana (-safronova),,,,,,,Female,,,,,,,,,,,,,,,,
190967,Alexander Solis,,,,,,,Male,,,,,,,,,,,,,,,,
191014,Loren Cabello,,,,,,,Female,,,,,,,,,,,,,,,,
191027,Khalifa St.,,,,,,,Female,,,,,,,,,,,,,,,,
191028,Dwight St.,,,,,,,Male,,,,,,,,,,,,,,,,
191034,Aluizio Neto,,,,,,,Male,,,,,,,,,,,,,,,,
191050,Michel Stecchi,,,,,,,Male,,,,,,,,,,,,,,,,
191125,Bingtian Su,,,,,,,Male,,,,,,,,,,,,,,,,
191129,Anahi Suarez,,,,,,,Female,,,,,,,,,,,,,,,,
191146,Donald Baird,,,,,,,Male,,,,,,,,,,,,,,,,
191147,Malcolm Baird,,,,,,,Male,,,,,,,,,,,,,,,,
191185,Mohammad Bajool,,,,,,,Male,,,,,,,,,,,,,,,,
191187,Muhammad Bajwa,,,,,,,Male,,,,,,,,,,,,,,,,
191189,Boena (-siemieniec),,,,,,,Female,,,,,,,,,,,,,,,,
191278,Samuel Tanner,,,,,,,Male,,,,,,,,,,,,,,,,
191308,Pter (buchwald-),,,,,,,Male,,,,,,,,,,,,,,,,
191327,Gabriela Tenorio,,,,,,,Female,,,,,,,,,,,,,,,,
191361,Deivy Abona,,,,,,,Male,,,,,,,,,,,,,,,,
191362,Kevin Licum,,,,,,,Male,,,,,,,,,,,,,,,,
191446,Claudia Ibaez,,,,,,,Female,,,,,,,,,,,,,,,,
191452,Salvador Baldineti,,,,,,,Male,,,,,,,,,,,,,,,,
191521,Kathryn Ball,,,,,,,Female,,,,,,,,,,,,,,,,
191534,John Balla,,,,,,,Male,,,,,,,,,,,,,,,,
191548,Flicia (-vetu),,,,,,,Female,,,,,,,,,,,,,,,,
191568,Jos Rubert,,,,,,,Male,,,,,,,,,,,,,,,,
191605,Nse Uko,,,,,,,Female,,,,,,,,,,,,,,,,
191667,Jutta (puls-),,,,,,,Female,,,,,,,,,,,,,,,,
191697,George Bamber,,,,,,,Male,,,,,,,,,,,,,,,,
191712,van Joris,,,,,,,Male,,,,,,,,,,,,,,,,
191715,van Wayde,,,,,,,Male,,,,,,,,,,,,,,,,
191733,Victoria (-caranda),,,,,,,Female,,,,,,,,,,,,,,,,
191735,van Chederick,,,,,,,Male,,,,,,,,,,,,,,,,
191737,van Irvette,,,,,,,Female,,,,,,,,,,,,,,,,
191813,Danute Bankaitis-davis,,,,,,,Female,,,,,,,,,,,,,,,,
191814,Maria Vicente,,,,,,,Female,,,,,,,,,,,,,,,,
191815,Oluwayomi Wiekliffe,,,,,,,Male,,,,,,,,,,,,,,,,
191828,Petrus Bannenberg,,,,,,,Male,,,,,,,,,,,,,,,,
191848,Brigita Virbalyte,,,,,,,Female,,,,,,,,,,,,,,,,
191888,Kenneth Bantum,,,,,,,Male,,,,,,,,,,,,,,,,
191933,Shraga Bar,,,,,,,Male,,,,,,,,,,,,,,,,
191938,Olga Barabanshchikova,,,,,,,Female,,,,,,,,,,,,,,,,
191959,Juan Nieves,,,,,,,Male,,,,,,,,,,,,,,,,
192092,Anthony Barber,,,,,,,Male,,,,,,,,,,,,,,,,
192097,mile Barbier,,,,,,,Male,,,,,,,,,,,,,,,,
192134,Jos Muiz,,,,,,,Male,,,,,,,,,,,,,,,,
192174,James Barclay,,,,,,,Male,,,,,,,,,,,,,,,,
192192,Sanghyeok Woo,,,,,,,Male,,,,,,,,,,,,,,,,
192214,Mara Cobos,,,,,,,Female,,,,,,,,,,,,,,,,
192243,Wenjun Xie,,,,,,,Male,,,,,,,,,,,,,,,,
192340,Mutile Yavi,,,,,,,Female,,,,,,,,,,,,,,,,
192342,Lee Jr.,,,,,,,Male,,,,,,,,,,,,,,,,
192344,Elizabeth Ban),,,,,,,Female,,,,,,,,,,,,,,,,
192432,Enrique Mndez,,,,,,,Male,,,,,,,,,,,,,,,,
192486,Joo Barrento,,,,,,,Male,,,,,,,,,,,,,,,,
192492,Carlos Hernndez,,,,,,,Male,,,,,,,,,,,,,,,,
192576,Wilmar Tern,,,,,,,Male,,,,,,,,,,,,,,,,
330287,McPHERSON Ann,,,,,,,Female,,,,,,,,,,,,,,,,
330455,Marcell Jacobs,,,,,,,Male,,,,,,,,,,,,,,,,
334154,Zhenye Xie,,,,,,,Male,,,,,,,,,,,,,,,,
334164,Jiayu Yang,,,,,,,Female,,,,,,,,,,,,,,,,
335592,McSWEYN Stewart,,,,,,,Male,,,,,,,,,,,,,,,,
336587,Carolina Azevedo,,,,,,,Female,,,,,,,,,,,,,,,,
336619,Andre Camilo,,,,,,,Male,,,,,,,,,,,,,,,,
337183,Noah Lyles,,,,,,,Male,,,,,,,,,,,,,,,,
337216,Kenneth Bednarek,,,,,,,Male,,,,,,,,,,,,,,,,
