id_participacion,id_atleta,id_edicion,id_evento,id_noc,id_pais_nacionalidad,equipo,nombre_competencia,edad,altura_cm_registrada,peso_kg_registrado,posicion,empatado,estado_resultado,medalla
264271,121191,58,1022,87,,,Érick Barrondo,,,,,0,DQ,
264421,121272,58,936,87,,,Mirna Ortiz,,,,44,0,,
264425,121274,58,936,87,,,Mayra Herrera,,,,50,0,,
301267,140044,58,1022,87,,,Bernardo Barrondo,,,,34,0,,
301268,140045,58,1021,87,,,José Alejandro Barrondo,,,,,0,DQ,
301269,140046,58,1021,87,,,José Ortiz,,,,40,0,,
301270,140047,58,1021,87,,,José Oswaldo Calel,,,,30,0,,
301271,140048,58,1022,87,,,Luis Ángel Sánchez,,,,,0,DNF,
301272,140049,58,1020,87,,,Luis Grijalva,,,,12,0,,
140241,66702,58,1022,67,,,Jesús Ángel García,,,,35,0,,
176560,82687,58,395,27,,,Ivan Tsikhan,,,,18,0,,
185429,86209,58,1026,73,,,Mélina Robert-Michon,,,,15,0,,
190240,88390,58,96,223,,,Abdi Abdirahman,,,,40,0,,
224987,102883,58,1030,157,,,Valerie Adams,,,,3,0,,Bronze
226897,103925,58,1014,34,,,Ivet Lalova-Collio,,,,5,0,,
226923,103935,58,1026,219,,,Nataliya Semenova,,,,31,0,,
226937,103941,58,1026,96,,,Seema Punia,,,,16,0,,
226950,103947,58,1026,192,,,Dragana Tomašević,,,,26,0,,
227115,104036,58,339,30,,,Amantle Montsho,,,,2,0,,
227636,104278,58,339,223,,,Allyson Felix,,,,3,0,,Bronze
227637,104278,58,340,223,,United States,Allyson Felix,,,,1,0,,Gold
227972,104468,58,400,150,,Netherlands,Churandy Martina,,,,1,0,,
228086,104510,58,1022,168,,,João Vieira,,,,5,0,,
228127,104525,58,1022,199,,,Matej Tóth,,,,14,0,,
228156,104535,58,395,214,,,Eşref Apak,,,,9,0,,
228243,104576,58,50,168,,,Nelson Évora,,,,27,0,,
228259,104585,58,95,157,,,Nick Willis,,,,9,0,,
228464,104701,58,393,67,,,Lois Maikel Martínez,,,,30,0,,
229716,105432,58,1017,57,,,Barbora Špotáková,,,,14,0,,
229888,105533,58,96,110,,,Eliud Kipchoge,,,,1,0,,Gold
230929,106026,58,153,48,,,Caterine Ibargüen,,,,10,0,,
230983,106053,58,1025,212,,,Kelly-Ann Baptiste,,,,6,0,,
230984,106053,58,928,212,,Trinidad and Tobago,Kelly-Ann Baptiste,,,,8,0,,
233848,107160,58,96,136,,,Bat-Ochiryn Ser-Od,,,,,0,DNF,
235745,108370,58,1029,38,,,Malindi Elmore,,,,9,0,,
238970,109230,58,1029,57,,,Eva Vrabcová,,,,,0,DNF,
246300,113130,58,1026,14,,,Dani Stevens,,,,22,0,,
246334,113147,58,1029,99,,,Fionnuala McCormack,,,,25,0,,
246384,113177,58,1029,168,,,Sara Moreira,,,,,0,DNF,
246403,113185,58,153,109,,,Olga Rypakova,,,,24,0,,
246415,113193,58,153,219,,,Olha Saladukha,,,,20,0,,
246426,113200,58,153,109,,,Irina Ektova,,,,31,0,,
246474,113229,58,383,192,,,Asmir Kolašinac,,,,29,0,,
246520,113251,58,400,212,,Trinidad and Tobago,Richard Thompson,,,,5,0,,
246651,113325,58,96,68,,,Tiidrek Nurme,,,,26,0,,
246667,113336,58,45,14,,,Jeff Riseley,,,,5,0,,
246726,113363,58,1022,167,,,Rafał Augustyn,,,,,0,DNF,
246737,113367,58,1021,126,,,Marius Žiūkas,,,,33,0,,
246744,113370,58,1022,62,,,Andrés Chocho,,,,19,0,,
246805,113407,58,393,167,,,Piotr Małachowski,,,,15,0,,
246830,113418,58,393,98,,,Ehsan Haddadi,,,,26,0,,
246844,113427,58,1025,34,,,Inna Eftimova,,,,6,0,,
246845,113427,58,1014,34,,,Inna Eftimova,,,,5,0,,
246878,113444,58,928,212,,Trinidad and Tobago,Semoy Hackett,,,,,0,DNS,
246895,113450,58,1025,106,,,Shelly-Ann Fraser-Pryce,,,,2,0,,Silver
246896,113450,58,1014,106,,,Shelly-Ann Fraser-Pryce,,,,4,0,,
246897,113450,58,928,106,,Jamaica,Shelly-Ann Fraser-Pryce,,,,1,0,,Gold
246961,113483,58,1030,83,,,Christina Schwanitz,,,,14,0,,
246977,113491,58,1030,43,,,Gong Lijiao,,,,1,0,,Gold
246994,113502,58,496,55,,,Yarisley Silva,,,,8,1,,
247000,113504,58,496,43,,,Li Ling,,,,1,0,,
247024,113516,58,496,85,,,Nikol Kyriakopoulou,,,,8,1,,
247127,113568,58,1029,14,,,Lisa Weightman,,,,26,0,,
247136,113572,58,1029,147,,,Helalia Johannes,,,,11,0,,
247247,113642,58,47,17,,,Donald Thomas,,,,25,0,,
247251,113643,58,47,202,,,Majed Ghazal,,,,19,1,,
247268,113654,58,47,38,,,Mike Mason,,,,14,1,,
247277,113659,58,47,131,,,Lee Hup Wei,,,,1,0,,
247296,113670,58,96,223,,,Galen Rupp,,,,8,0,,
247308,113678,58,96,67,,,Ayad Lamdassem,,,,5,0,,
247342,113692,58,44,21,,,Kévin Borlée,,,,2,0,,
247343,113692,58,476,21,,Belgium,Kévin Borlée,,,,4,0,,
247344,113692,58,1499,21,,Belgium,Kévin Borlée,,,,5,0,,
247388,113710,58,476,21,,Belgium,Jonathan Borlée,,,,4,0,,
247389,113710,58,1499,21,,Belgium,Jonathan Borlée,,,,5,0,,
247433,113735,58,50,85,,,Dimitrios Tsiamis,,,,1,0,,
247446,113742,58,400,150,,Netherlands,Solomon Bockarie-Bayoh,,,,,0,DNS,
247493,113764,58,467,214,,,Ramil Guliyev,,,,6,0,,
247494,113764,58,400,214,,Turkey,Ramil Guliyev,,,,2,0,,
247548,113793,58,46,85,,,Kostas Douvalidis,,,,7,0,,
247557,113798,58,1032,199,,,Martina Hrašnová,,,,25,0,,
247561,113799,58,1032,167,,,Anita Włodarczyk,,,,1,0,,Gold
247567,113802,58,1032,175,,,Bianca Ghelber,,,,6,0,,
247571,113803,58,1032,219,,,Iryna Novozhylova,,,,30,0,,
247577,113807,58,1032,43,,,Wang Zheng,,,,2,0,,Silver
247584,113810,58,1032,133,,,Zalina Petrivskaya,,,,17,0,,
247636,113841,58,1017,223,,,Kara Winger,,,,17,0,,
247685,113873,58,927,223,,,Brittney Reese,,,,2,0,,Silver
247693,113874,58,1025,153,,,Blessing Okagbare,,,,,0,DQ,
247694,113874,58,928,153,,Nigeria,Blessing Okagbare,,,,,0,DNS,
247700,113878,58,927,68,,,Ksenija Balta,,,,1,0,,
247705,113880,58,927,192,,,Ivana Španović,,,,4,0,,
247727,113889,58,339,56,,,Eleni Artymata,,,,5,0,,
247781,113921,58,1029,78,,,Stephanie Twell,,,,68,0,,
247820,113943,58,1025,31,,,Rosângela Santos,,,,5,1,,
247821,113943,58,928,31,,Brazil,Rosângela Santos,,,,5,0,,
247939,114025,58,95,167,,,Marcin Lewandowski,,,,1,0,,
248005,114062,58,48,10,,,Germán Chiaraviglio,,,,,0,DNS,
248080,114111,58,398,57,,,Vítězslav Veselý,,,,3,0,,Bronze
248099,114124,58,1022,135,,,Horacio Nava,,,,44,0,,
248108,114127,58,1022,72,,,Jarkko Kinnunen,,,,26,0,,
248117,114131,58,1022,104,,,Marco De Luca,,,,,0,DNF,
248142,114146,58,1022,167,,,Artur Brzozowski,,,,12,0,,
248148,114149,58,1022,73,,,Yohann Diniz,,,,,0,DNF,
248222,114204,58,96,219,,,Oleksandr Sitkovskyi,,,,,0,DNF,
251146,115585,58,1024,224,,,Svetlana Radzivil,,,,20,0,,
251169,115597,58,1024,122,,,Levern Spencer,,,,24,0,,
251175,115599,58,936,43,,,Liu Hong,,,,3,0,,Bronze
251182,115601,58,936,168,,,Ana Cabecinha,,,,20,0,,
258780,118350,58,96,20,,,Olivier Irabaruta,,,,38,0,,
258799,118357,58,1021,67,,,Álvaro Martín,,,,4,0,,
258805,118362,58,936,109,,,Ayman Ratova,,,,42,0,,
258822,118370,58,1021,48,,,Éider Arévalo,,,,18,0,,
258839,118382,58,1025,168,,,Lorène Bazolo,,,,4,0,,
258840,118382,58,1014,168,,,Lorène Bazolo,,,,7,0,,
258885,118419,58,1022,135,,,Isaac Palma,,,,,0,DNF,
258923,118444,58,1033,20,,,Francine Niyonsaba,,,,2,0,,
258924,118444,58,1028,20,,,Francine Niyonsaba,,,,5,0,,
258943,118451,58,1018,15,,,Ivona Dadic,,,,8,0,,
258949,118456,58,1021,96,,,Irfan Kolothum Thodi,,,,51,0,,
258953,118458,58,45,170,,,Wesley Vázquez,,,,7,0,,
258958,118460,58,1013,211,,,Chen Chieh,,,,7,0,,
258979,118475,58,467,78,,,Adam Gemili,,,,7,0,,
258986,118478,58,1020,38,,,Moh Ahmed,,,,2,0,,Silver
258987,118478,58,1023,38,,,Moh Ahmed,,,,6,0,,
258990,118479,58,1015,38,,,Melissa Bishop-Nriagu,,,,4,0,,
258993,118480,58,96,38,,,Cam Levins,,,,71,0,,
259009,118491,58,48,108,,,Seito Yamamoto,,,,25,1,,
259016,118493,58,43,43,,,Xie Zhenye,,,,5,0,,
259017,118493,58,467,43,,,Xie Zhenye,,,,6,0,,
259018,118493,58,400,43,,People's Republic of China,Xie Zhenye,,,,3,0,,Bronze
259026,118498,58,340,167,,Poland,Justyna Święty-Ersetic,,,,2,0,,Silver
259027,118498,58,1499,167,,Poland,Justyna Święty-Ersetic,,,,1,0,,Gold
259048,118513,58,43,29,,,Arturo Rojas,,,,5,0,,
259644,118804,58,157,173,,,Ilya Shkurenyov,,,,8,0,,
259820,118892,58,496,200,,,Angelica Bengtsson,,,,13,0,,
259903,118933,58,46,173,,,Sergey Shubenkov,,,,,0,DNS,
259929,118948,58,43,106,,,Yohan Blake,,,,6,0,,
259930,118948,58,400,106,,Jamaica,Yohan Blake,,,,4,0,,
259938,118953,58,44,86,,,Kirani James,,,,3,0,,Bronze
259942,118956,58,46,106,,,Hansle Parchment,,,,1,0,,Gold
259951,118962,58,153,106,,,Kimmie Williams,,,,8,0,,
260072,119033,58,43,108,,,Ryota Yamagata,,,,4,0,,
260073,119033,58,400,108,,Japan,Ryota Yamagata,,,,2,0,,
260078,119034,58,467,108,,,Shota Iizuka,,,,5,0,,
260210,119104,58,1028,108,,,Hitomi Niiya,,,,21,0,,
260216,119106,58,44,30,,,Isaac Makwala,,,,7,0,,
260217,119106,58,476,30,,Botswana,Isaac Makwala,,,,3,0,,Bronze
260223,119108,58,1027,108,,,Ayako Kimura,,,,7,0,,
260342,119171,58,393,141,,,Danijel Furtula,,,,24,0,,
260499,119248,58,1029,62,,,Rosa Chacha,,,,41,0,,
260505,119252,58,936,62,,,Paola Pérez,,,,9,0,,
260596,119288,58,1499,61,,Dominican Republic,Luguelín Santos,,,,2,0,,Silver
260601,119291,58,1015,110,,,Eunice Sum,,,,6,0,,
260632,119306,58,1025,44,,,Murielle Ahouré,,,,7,0,,
260663,119326,58,1016,59,,,Zourah Ali,,,,3,0,,
260720,119354,58,96,218,,,Stephen Kiprotich,,,,,0,DNF,
260727,119359,58,395,155,,,Eivind Henriksen,,,,2,0,,Silver
260796,119398,58,927,27,,,Anastasiya Mironchyk-Ivanova,,,,14,0,,
260905,119462,58,1024,53,,,Ana Šimić,,,,27,0,,
260934,119473,58,1026,53,,,Sandra Perković,,,,4,0,,
260975,119496,58,395,133,,,Serghei Marghiev,,,,12,0,,
261041,119532,58,1022,135,,,José Leyver Ojeda,,,,15,0,,
261048,119536,58,1026,42,,,Karen Gallardo,,,,29,0,,
261069,119548,58,46,19,,,Shane Brathwaite,,,,6,0,,
261266,119661,58,1027,35,,,Marthe Koala,,,,6,0,,
261267,119661,58,1018,35,,,Marthe Koala,,,,,0,DNF,
261391,119718,58,43,186,,,Jason Rogers,,,,5,0,,
261508,119772,58,393,106,,,Traves Smikle,,,,25,0,,
261799,119872,58,1033,155,,,Karoline Bjerkeli Grøvdal,,,,14,0,,
261800,119872,58,1028,155,,,Karoline Bjerkeli Grøvdal,,,,,0,DNF,
261905,119914,58,936,27,,,Hanna Terlyukevich,,,,31,0,,
262098,120033,58,340,167,,Poland,Iga Baumgart-Witan,,,,2,0,,Silver
262099,120033,58,1499,167,,Poland,Iga Baumgart-Witan,,,,1,0,,Gold
262104,120035,58,1030,94,,,Anita Márton,,,,21,0,,
262260,120119,58,395,167,,,Paweł Fajdek,,,,3,0,,Bronze
262263,120120,58,1032,167,,,Joanna Fiodorow,,,,7,0,,
262278,120132,58,1029,167,,,Karolina Nadolska,,,,14,0,,
262282,120133,58,340,167,,Poland,Anna Kiełbasińska,,,,2,0,,Silver
262455,120230,58,928,167,,Poland,Marika Popowicz-Drapała,,,,4,0,,
262467,120238,58,395,224,,,Sukhrob Khodzhayev,,,,29,0,,
262514,120257,58,1022,167,,,Dawid Tomala,,,,1,0,,Gold
262524,120262,58,48,167,,,Paweł Wojciechowski,,,,28,0,,
262827,120413,58,393,56,,,Apostolos Parellis,,,,16,0,,
262988,120482,58,1024,126,,,Airinė Palšytė,,,,30,0,,
263025,120499,58,1015,222,,,Déborah Rodríguez,,,,7,0,,
263077,120524,58,936,126,,,Brigita Virbalytė-Dimšienė,,,,26,0,,
263200,120581,58,1021,43,,,Cai Zelin,,,,26,0,,
263203,120582,58,96,43,,,Dong Guojian,,,,56,0,,
263207,120584,58,46,43,,,Xie Wenjun,,,,5,0,,
263223,120594,58,43,43,,,Su Bingtian,,,,6,0,,
263224,120594,58,400,43,,People's Republic of China,Su Bingtian,,,,3,0,,Bronze
263229,120596,58,936,43,,,Qieyang Shijie,,,,7,0,,
263240,120602,58,1025,43,,,Wei Yongli,,,,6,0,,
263241,120602,58,928,43,,People's Republic of China,Wei Yongli,,,,6,0,,
263265,120616,58,393,219,,,Mykyta Nesterenko,,,,20,0,,
263268,120617,58,153,102,,,Hanna Knyazyeva-Minenko,,,,6,0,,
263273,120619,58,47,219,,,Andriy Protsenko,,,,14,1,,
263281,120623,58,1035,219,,,Hanna Ryzhkova,,,,5,0,,
263282,120623,58,340,219,,Ukraine,Hanna Ryzhkova,,,,6,0,,
263288,120627,58,1021,219,,,Ivan Losev,,,,49,0,,
263294,120630,58,340,219,,Ukraine,Alina Lohvynenko,,,,6,0,,
263295,120630,58,1499,219,,Ukraine,Alina Lohvynenko,,,,13,0,,
263461,120734,58,1020,130,,,Soufiyan Bouqantar,,,,12,0,,
263486,120745,58,1017,38,,,Liz Gleadle,,,,23,0,,
263550,120780,58,157,38,,,Damian Warner,,,,1,0,,Gold
263802,120925,58,1022,175,,,Marius Cocioran,,,,24,0,,
263826,120937,58,398,200,,,Kim Amb,,,,11,0,,
264295,121204,58,1035,58,,,Sara Slott Petersen,,,,3,0,,
264458,121294,58,1015,55,,,Rose Almanza,,,,4,0,,
264459,121294,58,340,55,,Cuba,Rose Almanza,,,,8,0,,
264464,121297,58,1026,55,,,Denia Caballero,,,,23,0,,
264614,121389,58,1013,68,,,Rasmus Mägi,,,,7,0,,
264694,121441,58,1017,31,,,Laila Ferrer,,,,18,0,,
264701,121444,58,928,31,,Brazil,Ana Claudia Lemos,,,,5,0,,
264722,121452,58,96,31,,,Paulo Roberto de Paula,,,,68,0,,
264731,121458,58,96,176,,,Stephen Mokoka,,,,,0,DNF,
264895,121543,58,45,30,,,Nijel Amos,,,,8,0,,
265174,121674,58,1017,118,,,Madara Palameika,,,,11,0,,
265182,121678,58,1022,118,,,Arnis Rumbenieks,,,,37,0,,
265187,121682,58,1017,118,,,Līna Mūze,,,,26,0,,
265227,121703,58,49,14,,,Henry Frayne,,,,14,0,,
265237,121709,58,1020,14,,,David McNeill,,,,8,0,,
265242,121711,58,1017,14,,,Kathryn Mitchell,,,,6,0,,
265249,121715,58,44,14,,,Steven Solomon,,,,3,0,,
265519,121866,58,95,82,,,Benjamín Enzema,,,,13,0,,
265620,121922,58,1022,99,,,Brendan Boyce,,,,10,0,,
265645,121933,58,1025,38,,,Crystal Emmanuel,,,,6,0,,
265646,121933,58,1014,38,,,Crystal Emmanuel,,,,6,0,,
265661,121942,58,1029,162,,,Gladys Tejeda,,,,27,0,,
265703,121968,58,1033,110,,,Hellen Obiri,,,,2,0,,Silver
265704,121968,58,1028,110,,,Hellen Obiri,,,,4,0,,
265707,121969,58,1029,223,,,Sally Kipyego,,,,17,0,,
265732,121978,58,1030,31,,,Geisa Arcanjo,,,,30,0,,
265736,121979,58,1021,31,,,Caio Bonfim,,,,13,0,,
265812,122019,58,496,78,,,Holly Bradshaw,,,,3,0,,Bronze
265845,122035,58,1033,78,,,Eilish McColgan,,,,10,0,,
265846,122035,58,1028,78,,,Eilish McColgan,,,,9,0,,
265854,122041,58,46,78,,,Andy Pozzi,,,,7,0,,
265866,122048,58,96,78,,,Chris Thompson,,,,53,0,,
265938,122101,58,1026,31,,,Andressa Morais,,,,21,0,,
266277,122279,58,43,39,,,Kemar Hyman,,,,7,0,,
266351,122311,58,46,67,,,Orlando Ortega,,,,,0,DNS,
266354,122312,58,1026,55,,,Yaimé Pérez,,,,3,0,,Bronze
266409,122343,58,936,104,,,Eleonora Giorgi,,,,52,0,,
266422,122352,58,1014,104,,,Gloria Hooper,,,,8,0,,
266423,122352,58,928,104,,Italy,Gloria Hooper,,,,6,0,,
266436,122360,58,400,104,,Italy,Davide Manenti,,,,,0,DNS,
266449,122368,58,47,104,,,Gianmarco Tamberi,,,,1,1,,Gold
266470,122383,58,467,31,,,Aldemir Gomes da Silva Júnior,,,,6,0,,
266603,122465,58,1018,22,,,Odile Ahouanwanou,,,,15,0,,
266747,122546,58,467,201,,,Sibusiso Matsenjwa,,,,5,0,,
266789,122570,58,496,85,,,Aikaterini Stefanidi,,,,4,0,,
266802,122577,58,1022,85,,,Alexandros Papamichail,,,,36,0,,
266805,122578,58,48,85,,,Kostas Filippidis,,,,22,1,,
266975,122678,58,47,171,,,Mutaz Essa Barshim,,,,1,1,,Gold
267008,122697,58,1029,32,,,Tejitu Daba,,,,,0,DNF,
267225,122800,58,395,63,,,Mostafa Al-Gamel,,,,23,0,,
267227,122801,58,398,63,,,Ihab Abdelrahman,,,,13,0,,
267434,122912,58,44,150,,,Liemarvin Bonevacia,,,,8,0,,
267435,122912,58,476,150,,Netherlands,Liemarvin Bonevacia,,,,2,0,,Silver
267436,122912,58,1499,150,,Netherlands,Liemarvin Bonevacia,,,,4,0,,
267550,122970,58,936,199,,,Mária Czaková,,,,45,0,,
267584,122984,58,395,199,,,Marcel Lomnický,,,,24,0,,
267602,122993,58,43,158,,,Barakat Al-Harthi,,,,7,0,,
267708,123057,58,44,57,,,Pavel Maslák,,,,7,0,,
267709,123057,58,476,57,,Czech Republic,Pavel Maslák,,,,7,0,,
267729,123065,58,398,57,,,Jakub Vadlejch,,,,2,0,,Silver
267953,123195,58,1014,17,,,Shaunae Miller-Uibo,,,,8,0,,
267954,123195,58,339,17,,,Shaunae Miller-Uibo,,,,1,0,,Gold
268153,123298,58,96,214,,,Polat Arıkan,,,,,0,DNF,
268165,123304,58,1032,214,,,Tuğçe Şahutoğlu,,,,27,0,,
268250,123335,58,467,160,,,Alonso Edward,,,,2,0,,
268417,123425,58,1018,150,,,Nadine Broersen,,,,,0,DNF,
268427,123431,58,1014,150,,,Jamile Samuel,,,,,0,DNS,
268428,123431,58,928,150,,Netherlands,Jamile Samuel,,,,,0,DNS,
268434,123432,58,1014,150,,,Dafne Schippers,,,,6,0,,
268435,123432,58,928,150,,Netherlands,Dafne Schippers,,,,2,0,,
268652,123543,58,1083,83,,,Gesa Felicitas Krause,,,,5,0,,
268699,123568,58,496,188,,,Tina Šutej,,,,5,1,,
268740,123590,58,1021,83,,,Christopher Linke,,,,5,0,,
268745,123591,58,1025,83,,,Tatjana Pinto,,,,7,0,,
268746,123591,58,928,83,,Germany,Tatjana Pinto,,,,5,0,,
268760,123600,58,400,83,,Germany,Julian Reus,,,,5,0,,
269018,123703,58,395,73,,,Quentin Bigot,,,,5,0,,
269022,123705,58,45,73,,,Pierre-Ambroise Bosse,,,,6,0,,
269027,123707,58,50,73,,,Benjamin Compaoré,,,,19,0,,
269036,123712,58,340,73,,France,Floria Gueï,,,,5,0,,
269045,123717,58,48,73,,,Renaud Lavillenie,,,,8,0,,
269058,123723,58,157,73,,,Kévin Mayer,,,,2,0,,Silver
269067,123727,58,43,73,,,Jimmy Vicaut,,,,5,0,,
269068,123727,58,400,73,,France,Jimmy Vicaut,,,,3,0,,
269086,123734,58,1025,212,,,Michelle-Lee Ahye,,,,3,0,,
269087,123734,58,928,212,,Trinidad and Tobago,Michelle-Lee Ahye,,,,8,0,,
269102,123740,58,44,212,,,Deon Lendore,,,,4,0,,
269103,123740,58,476,212,,Trinidad and Tobago,Deon Lendore,,,,8,0,,
269106,123741,58,928,212,,Trinidad and Tobago,Kai Selvon,,,,8,0,,
269111,123743,58,398,212,,,Keshorn Walcott,,,,16,0,,
269131,123752,58,1026,168,,,Irina Rodrigues,,,,25,0,,
269142,123758,58,153,168,,,Patrícia Mamona,,,,2,0,,Silver
269202,123788,58,339,67,,,Aauri Bokesa,,,,8,0,,
269203,123788,58,1499,67,,Spain,Aauri Bokesa,,,,10,0,,
269209,123792,58,49,67,,,Eusebio Cáceres,,,,4,0,,
269212,123793,58,395,67,,,Javier Cienfuegos,,,,10,0,,
269218,123796,58,1021,67,,,Miguel Ángel López,,,,31,0,,
269250,123816,58,1014,17,,,Anthonique Strachan,,,,3,0,,
269251,123816,58,340,17,,The Bahamas,Anthonique Strachan,,,,1,0,,
269254,123817,58,1022,94,,,Máté Helebrandt,,,,17,0,,
269258,123819,58,936,94,,,Viktória Madarász,,,,,0,DNF,
269266,123821,58,467,38,,,Aaron Brown,,,,6,0,,
269267,123821,58,400,38,,Canada,Aaron Brown,,,,2,0,,Silver
269269,123822,58,43,38,,,Gavin Smellie,,,,8,0,,
269270,123822,58,400,38,,Canada,Gavin Smellie,,,,,0,DNS,
269346,123860,58,1017,43,,,Lu Huihui,,,,5,0,,
269472,123932,58,1022,157,,,Quentin Rew,,,,16,0,,
269508,123945,58,395,208,,,Mergen Mämmedow,,,,30,0,,
269703,124045,58,1018,78,,,Katarina Johnson-Thompson,,,,,0,DNF,
269710,124050,58,393,78,,,Lawrence Okoye,,,,1,0,,
269827,124102,58,1025,197,,,Mujinga Kambundji,,,,6,0,,
269828,124102,58,1014,197,,,Mujinga Kambundji,,,,7,0,,
269829,124102,58,928,197,,Switzerland,Mujinga Kambundji,,,,4,0,,
269840,124107,58,1035,197,,,Lea Sprunger,,,,4,0,,
269841,124107,58,340,197,,Switzerland,Lea Sprunger,,,,6,0,,
269935,124149,58,1027,21,,,Anne Zagré,,,,8,0,,
270025,124200,58,1014,109,,,Olga Safronova,,,,6,0,,
270038,124208,58,1021,109,,,Georgy Sheyko,,,,39,0,,
270104,124243,58,95,223,,,"Matthew Centrowitz, Jr.",,,,9,0,,
270602,124480,58,1083,223,,,Emma Coburn,,,,2,0,,
270623,124495,58,50,223,,,Will Claye,,,,4,0,,
270781,124578,58,1029,176,,,Irvette van Zyl,,,,,0,DNF,
270786,124580,58,1022,176,,,Marc Mundell,,,,40,0,,
270793,124583,58,496,14,,,Liz Parnova,,,,24,1,,
270805,124591,58,1027,78,,,Tiffany Porter,,,,5,0,,
270895,124653,58,936,48,,,Sandra Arenas,,,,2,0,,Silver
270945,124685,58,398,110,,,Julius Yego,,,,24,0,,
270987,124703,58,1032,16,,,Anna Skydan,,,,16,0,,
271004,124714,58,1032,226,,,Rosa Rodríguez,,,,22,0,,
271049,124747,58,467,176,,,Anaso Jobodwana,,,,7,0,,
271073,124763,58,1016,110,,,Faith Kipyegon,,,,1,0,,Gold
271097,124780,58,467,219,,,Serhiy Smelyk,,,,4,0,,
271109,124786,58,1083,14,,,Genevieve Gregson,,,,2,0,,
271131,124798,58,1499,106,,Jamaica,Rusheen McDonald,,,,,0,DNS,
276097,126489,58,1025,1,,,Kamia Yousufi,,,,7,0,,
276099,126490,58,1083,4,,,Luiza Gega,,,,13,0,,
276133,126511,58,1083,10,,,Belén Casetta,,,,12,0,,
276236,126575,58,340,14,,Australia,Annie Rubie-Renshaw,,,,7,0,,
276238,126576,58,927,14,,,Brooke Stratton,,,,7,0,,
276242,126579,58,1024,14,,,Eleanor Patterson,,,,5,0,,
276247,126581,58,1033,14,,,Jenny Blundell,,,,11,0,,
276252,126583,58,1017,14,,,Kelsey-Lee Barber,,,,3,0,,Bronze
276254,126584,58,1016,14,,,Linden Hall,,,,6,0,,
276263,126588,58,1015,14,,,Morgan Mitchell,,,,6,0,,
276569,126739,58,1027,17,,,Pedrya Seymour,,,,8,0,,
276574,126740,58,1025,17,,,TyNia Gaither,,,,6,0,,
276592,126748,58,1035,19,,,Tia-Adana Belle,,,,8,0,,
276597,126752,58,339,21,,,Cynthia Bolingo,,,,,0,DNS,
276598,126752,58,340,21,,Belgium,Cynthia Bolingo,,,,,0,DNS,
276604,126756,58,1018,21,,,Nafi Thiam,,,,1,0,,Gold
276649,126772,58,1015,22,,,Noélie Yarigo,,,,7,0,,
276669,126785,58,1030,27,,,Alena Dubitskaya,,,,9,0,,
276673,126787,58,1032,27,,,Hanna Malyshchyk,,,,13,0,,
276677,126789,58,496,27,,,Iryna Zhuk,,,,8,1,,
276682,126793,58,1017,27,,,Tatsiana Khaladovich,,,,13,0,,
276685,126795,58,1029,27,,,Volha Mazuronak,,,,5,0,,
276719,126821,58,936,29,,,Ángela Castro,,,,48,0,,
276725,126826,58,339,30,,,Christine Botlogetswe,,,,8,0,,
276739,126832,58,928,31,,Brazil,Bruna Farias,,,,5,0,,
276742,126834,58,927,31,,,Eliane Martins,,,,18,0,,
276744,126835,58,936,31,,,Érica Sena,,,,11,0,,
276747,126837,58,1026,31,,,Fernanda Borges,,,,24,0,,
276756,126844,58,153,31,,,Núbia Soares,,,,17,0,,
276760,126847,58,1025,31,,,Vitória Rosa,,,,,0,DNS,
276761,126847,58,1014,31,,,Vitória Rosa,,,,6,0,,
276762,126847,58,928,31,,Brazil,Vitória Rosa,,,,5,0,,
276969,126968,58,153,34,,,Gabriela Petrova,,,,22,0,,
276972,126970,58,1024,34,,,Mirela Demireva,,,,12,0,,
276998,126986,58,340,38,,Canada,Alicia Brown,,,,4,0,,
277000,126987,58,496,38,,,Alysha Newman,,,,1,0,,
277003,126989,58,1033,38,,,Andrea Seccafien,,,,15,0,,
277004,126989,58,1028,38,,,Andrea Seccafien,,,,14,0,,
277006,126990,58,496,38,,,Anicka Newell,,,,2,0,,
277008,126991,58,1030,38,,,Brittany Crew,,,,1,0,,
277011,126993,58,927,38,,,Christabel Nettey,,,,22,0,,
277014,126995,58,1016,38,,,Gabriela DeBues-Stafford,,,,5,0,,
277016,126996,58,1083,38,,,Geneviève Lalonde,,,,11,0,,
277021,126999,58,1025,38,,,Khamica Bingham,,,,5,0,,
277027,127003,58,1029,38,,,Natasha Wodak,,,,13,0,,
277030,127004,58,1035,38,,,Noelle Montcalm,,,,6,0,,
277033,127005,58,1035,38,,,Sage Watson,,,,5,0,,
277034,127005,58,340,38,,Canada,Sage Watson,,,,4,0,,
277294,127120,58,1026,43,,,Feng Bin,,,,17,0,,
277297,127122,58,1015,43,,,Wang Chunyu,,,,5,0,,
277300,127124,58,1025,43,,,Ge Manqi,,,,7,0,,
277301,127124,58,928,43,,People's Republic of China,Ge Manqi,,,,6,0,,
277307,127128,58,1017,43,,,Liu Shiying,,,,1,0,,Gold
277313,127131,58,1025,43,,,Liang Xiaojing,,,,5,1,,
277314,127131,58,928,43,,People's Republic of China,Liang Xiaojing,,,,6,0,,
277316,127132,58,1026,43,,,Su Xinyue,,,,20,0,,
277319,127134,58,1026,43,,,Chen Yang,,,,10,0,,
277321,100127,58,1030,43,,,Gao Yang,,,,10,0,,
277602,127287,58,1025,44,,,Marie-Josée Ta Lou,,,,4,0,,
277603,127287,58,1014,44,,,Marie-Josée Ta Lou,,,,5,0,,
277611,127292,58,1030,168,,,Auriol Dongmo,,,,4,0,,
277637,127313,58,1029,48,,,Angie Orjuela,,,,55,0,,
277639,127314,58,1018,48,,,Evelis Aguilar,,,,14,0,,
277646,127318,58,936,48,,,Sandra Galvis,,,,25,0,,
277649,127320,58,153,48,,,Yosiry Urrutia,,,,27,0,,
277703,127359,58,1017,53,,,Sara Kolak,,,,1,0,,
277726,127370,58,153,55,,,Liadagmis Povea,,,,5,0,,
277730,127371,58,340,55,,Cuba,Lisneidy Veitía,,,,8,0,,
277732,127372,58,339,55,,,Roxana Gómez,,,,3,0,,
277733,127372,58,340,55,,Cuba,Roxana Gómez,,,,,0,DNS,
277735,127373,58,340,55,,Cuba,Sahily Diago,,,,8,0,,
277740,127377,58,1018,55,,,Yorgelis Rodríguez,,,,,0,DNF,
277743,127379,58,1035,55,,,Zurian Hechavarría,,,,4,0,,
277744,127379,58,340,55,,Cuba,Zurian Hechavarría,,,,8,0,,
277783,127396,58,496,57,,,Romana Maláčová,,,,23,0,,
277819,127409,58,1083,58,,,Anna-Emilie Møller,,,,9,0,,
277867,127433,58,153,60,,,Thea LaFond,,,,12,0,,
277870,127435,58,153,61,,,Ana José,,,,16,0,,
277877,127438,58,1025,62,,,Ángela Tenorio,,,,6,0,,
277878,127438,58,928,62,,Ecuador,Ángela Tenorio,,,,8,0,,
277883,127442,58,928,62,,Ecuador,Marizol Landázuri,,,,8,0,,
277954,127483,58,1016,67,,,Esther Guerrero,,,,8,0,,
277960,127488,58,936,67,,,Raquel González,,,,14,0,,
278116,127575,58,1033,69,,,Gudaf Tsegay,,,,3,0,,Bronze
278118,127576,58,1015,69,,,Habitam Alemu,,,,6,0,,
278120,127577,58,1033,69,,,Senbere Teferi,,,,6,0,,
278125,127581,58,936,69,,,Yehualeye Beletew,,,,,0,DNF,
278149,127599,58,153,72,,,Kristiina Mäkelä,,,,11,0,,
278153,127602,58,496,72,,,Wilma Murto,,,,5,1,,
278173,127615,58,1032,73,,,Alexandra Tavernier,,,,4,0,,
278175,127616,58,340,73,,France,Brigitte Ntiamoah,,,,5,0,,
278186,127626,58,1015,73,,,Rénelle Lamote,,,,5,0,,
278374,127725,58,1025,77,,,Gina Bass,,,,6,0,,
278375,127725,58,1014,77,,,Gina Bass,,,,4,0,,
278379,127727,58,1025,78,,,Asha Philip,,,,8,0,,
278380,127727,58,928,78,,Great Britain,Asha Philip,,,,3,0,,Bronze
278383,127729,58,1027,78,,,Cindy Ofili,,,,7,0,,
278386,127730,58,1025,78,,,Daryll Neita,,,,8,0,,
278387,127730,58,928,78,,Great Britain,Daryll Neita,,,,3,0,,Bronze
278392,127732,58,1025,78,,,Dina Asher-Smith,,,,3,0,,
278393,127732,58,928,78,,Great Britain,Dina Asher-Smith,,,,3,0,,Bronze
278396,127733,58,340,78,,Great Britain,Emily Diamond,,,,5,0,,
278397,127733,58,1499,78,,Great Britain,Emily Diamond,,,,6,0,,
278401,127735,58,927,78,,,Jazmin Sawyers,,,,8,0,,
278404,127737,58,339,78,,,Jodie Williams,,,,6,0,,
278405,127737,58,340,78,,Great Britain,Jodie Williams,,,,5,0,,
278408,127739,58,1016,78,,,Laura Muir,,,,2,0,,Silver
278412,127742,58,927,78,,,Lorraine Ugen,,,,28,0,,
278414,127743,58,1024,78,,,Morgan Lake,,,,2,0,,
278560,127824,58,1018,83,,,Carolin Schäfer,,,,7,0,,
278563,127826,58,1015,83,,,Christina Hering,,,,5,0,,
278566,127827,58,1017,83,,,Christin Hussong,,,,9,0,,
278572,127831,58,928,83,,Germany,Gina Lückenkemper,,,,5,0,,
278578,127834,58,1028,83,,,Konstanze Klosterhalfen,,,,8,0,,
278580,127835,58,153,83,,,Kristin Gierisch,,,,30,0,,
278583,127837,58,340,83,,Germany,Laura Müller,,,,4,0,,
278588,127840,58,928,83,,Germany,Lisa Mayer,,,,,0,DNS,
278590,127841,58,927,83,,,Malaika Mihambo,,,,1,0,,Gold
278592,127842,58,1024,83,,,Marie-Laurence Jungfleisch,,,,10,0,,
278595,127844,58,340,83,,Germany,Nadine Gonska,,,,,0,DNS,
278596,127844,58,1499,83,,Germany,Nadine Gonska,,,,2,0,,
278602,127847,58,928,83,,Germany,Rebekka Haase,,,,5,0,,
278605,127848,58,340,83,,Germany,Ruth Spelmeyer-Preuß,,,,4,0,,
278606,127848,58,1499,83,,Germany,Ruth Spelmeyer-Preuß,,,,2,0,,
278609,127850,58,1030,83,,,Sara Gambetta,,,,8,0,,
278786,127953,58,936,85,,,Antigoni Ntrismpioti,,,,8,0,,
278789,127955,58,1026,85,,,Chrysoula Anagnostopoulou,,,,19,0,,
278791,127956,58,339,85,,,Eirini Vasileiou,,,,5,0,,
278793,127957,58,1027,85,,,Elisavet Pesiridou,,,,3,0,,
278796,127959,58,936,85,,,Panagiota Tsinopoulou,,,,53,0,,
278799,127961,58,153,85,,,Paraskevi Papachristou,,,,32,0,,
278837,127982,58,1025,89,,,Regine Tugade,,,,4,0,,
278839,127983,58,339,90,,,Aliyah Abrams,,,,7,0,,
278844,127986,58,1027,91,,,Mulern Jean,,,,7,0,,
278893,128002,58,936,94,,,Barbara Kovács,,,,46,0,,
278898,128006,58,1018,94,,,Xénia Krizsán,,,,13,0,,
278977,128038,58,1025,96,,,Dutee Chand,,,,7,0,,
278978,128038,58,1014,96,,,Dutee Chand,,,,7,0,,
279057,128082,58,1016,99,,,Ciara Mageean,,,,10,0,,
279061,128085,58,1083,99,,,Michelle Finn,,,,9,0,,
279089,128100,58,1029,102,,,Lonah Chemtai,,,,66,0,,
279091,128101,58,1029,102,,,Maor Tiyouri,,,,48,0,,
279133,128123,58,1024,104,,,Alessia Trost,,,,21,0,,
279135,128124,58,936,104,,,Antonella Palmisano,,,,1,0,,Gold
279138,128125,58,340,104,,Italy,Ayomide Folorunso,,,,,0,DNS,
279141,128127,58,153,104,,,Dariya Derkach,,,,21,0,,
279145,128129,58,340,104,,Italy,Maria Benedicta Chigbolu,,,,7,0,,
279150,128133,58,1035,104,,,Yadisleidy Pedroso,,,,5,0,,
279286,128202,58,1016,106,,,Aisha Praught,,,,13,0,,
279291,128206,58,1030,106,,,Danniel Thomas-Dodd,,,,13,0,,
279295,128207,58,1025,106,,,Elaine Thompson-Herah,,,,1,0,,Gold
279296,128207,58,1014,106,,,Elaine Thompson-Herah,,,,1,0,,Gold
279297,128207,58,928,106,,Jamaica,Elaine Thompson-Herah,,,,1,0,,Gold
279300,128209,58,1035,106,,,Leah Nugent,,,,3,0,,
279303,128210,58,1027,106,,,Megan Tapper,,,,3,0,,Bronze
279305,128211,58,1015,106,,,Natoya Goule-Toppin,,,,8,0,,
279309,128214,58,1026,106,,,Shadae Lawrence,,,,7,0,,
279311,128215,58,153,106,,,Shanieka Ricketts,,,,4,0,,
279315,128216,58,1025,106,,,Shericka Jackson,,,,3,0,,Bronze
279316,128216,58,1014,106,,,Shericka Jackson,,,,4,0,,
279317,128216,58,928,106,,Jamaica,Shericka Jackson,,,,1,0,,Gold
279318,128216,58,340,106,,Jamaica,Shericka Jackson,,,,3,0,,Bronze
279324,128219,58,339,106,,,Stephenie McPherson,,,,4,0,,
279325,128219,58,340,106,,Jamaica,Stephenie McPherson,,,,,0,DNS,
279335,128224,58,1029,108,,,Ayuko Suzuki,,,,19,0,,
279339,128227,58,936,108,,,Kumiko Okada,,,,15,0,,
279594,128367,58,1083,110,,,Beatrice Chepkoech,,,,7,0,,
279599,128371,58,1083,110,,,Hyvin Kiyeng,,,,3,0,,Bronze
279607,128378,58,1016,110,,,Winny Chebet,,,,13,0,,
279625,128392,58,1029,111,,,Darya Maslova,,,,36,0,,
279636,128400,58,1029,113,,,An Seul-Gi,,,,57,0,,
279788,128487,58,1015,130,,,Rababe Arafi,,,,6,0,,
279789,128487,58,1016,130,,,Rababe Arafi,,,,3,0,,
279825,128509,58,1030,133,,,Dimitriana Bezede,,,,29,0,,
279827,128510,58,1029,133,,,Lilia Fisikovici,,,,54,0,,
279879,128539,58,1029,136,,,Bayartsogtyn Mönkhzayaa,,,,45,0,,
279900,128555,58,1025,139,,,Djénébou Danté,,,,4,0,,
279924,128568,58,1025,145,,,Houleye Ba,,,,9,0,,
279936,128576,58,1029,150,,,Andrea Deelstra,,,,44,0,,
279938,128577,58,1018,150,,,Anouk Vetter,,,,2,0,,Silver
279942,128580,58,340,150,,Netherlands,Laura de Witte,,,,6,0,,
279943,128580,58,1499,150,,Netherlands,Laura de Witte,,,,,0,DNS,
279945,128581,58,339,150,,,Lisanne de Witte,,,,8,0,,
279946,128581,58,340,150,,Netherlands,Lisanne de Witte,,,,6,0,,
279947,128581,58,1499,150,,Netherlands,Lisanne de Witte,,,,4,0,,
279953,128585,58,1027,150,,,Nadine Visser,,,,5,0,,
279954,128585,58,928,150,,Netherlands,Nadine Visser,,,,2,0,,
279956,128586,58,928,150,,Netherlands,Naomi Sedney,,,,2,0,,
279960,128588,58,1016,150,,,Sifan Hassan,,,,3,0,,Bronze
279961,128588,58,1033,150,,,Sifan Hassan,,,,1,0,,Gold
279962,128588,58,1028,150,,,Sifan Hassan,,,,1,0,,Gold
279965,128589,58,1028,150,,,Susan Kuijken,,,,,0,DNF,
280138,128673,58,928,153,,Nigeria,Ese Brume,,,,6,0,,
280139,128673,58,927,153,,,Ese Brume,,,,3,0,,Bronze
280145,128677,58,1027,153,,,Tobi Amusan,,,,4,0,,
280146,128677,58,928,153,,Nigeria,Tobi Amusan,,,,6,0,,
280148,128678,58,339,153,,,Patience Okon George,,,,7,0,,
280149,128678,58,928,153,,Nigeria,Patience Okon George,,,,6,0,,
280150,128678,58,1499,153,,Nigeria,Patience Okon George,,,,12,0,,
280165,128687,58,1035,155,,,Amalie Iuel,,,,8,0,,
280167,128688,58,1015,155,,,Hedda Hynne,,,,7,0,,
280301,128769,58,1025,158,,,Mazoon Al-Alawi,,,,6,1,,
280304,128771,58,1014,159,,,Najma Parveen,,,,7,0,,
280321,128782,58,1029,162,,,Jovana de la Cruz,,,,40,0,,
280324,128783,58,936,162,,,Kimberly García,,,,,0,DNF,
280361,128804,58,1015,167,,,Joanna Jóźwik,,,,5,0,,
280363,128805,58,1035,167,,,Joanna Linkiewicz,,,,5,0,,
280365,128806,58,1024,167,,,Kamila Lićwinko,,,,11,0,,
280371,128809,58,340,167,,Poland,Małgorzata Hołub-Kowalik,,,,2,0,,Silver
280372,128809,58,1499,167,,Poland,Małgorzata Hołub-Kowalik,,,,1,0,,Gold
280374,128810,58,1032,167,,,Malwina Kopron,,,,3,0,,Bronze
280376,128811,58,1017,167,,,Maria Andrejczyk,,,,2,0,,Silver
280378,128812,58,1030,167,,,Paulina Guba,,,,27,0,,
280441,128848,58,1029,168,,,Carla Salomé Rocha,,,,30,0,,
280443,128849,58,339,168,,,Cátia Azevedo,,,,7,0,,
280447,128852,58,1016,168,,,Marta Pen Freitas,,,,10,0,,
280493,128877,58,1027,170,,,Jasmine Camacho-Quinn,,,,1,0,,Gold
280524,128897,58,1016,64,,,Anjelina Nadai Lohalith,,,,14,0,,
280526,128898,58,1015,64,,,Rose Nathike,,,,8,0,,
280534,128902,58,927,175,,,Alina Rotaru-Kottmann,,,,17,0,,
280540,128907,58,1016,175,,,Claudia Bobocea,,,,11,0,,
280601,128945,58,1033,176,,,Dominique Scott-Efurd,,,,13,0,,
280602,128945,58,1028,176,,,Dominique Scott-Efurd,,,,20,0,,
280607,128948,58,1035,176,,,Wenda Nel,,,,7,0,,
280635,128966,58,927,173,,,Darya Klishina,,,,1,0,,
280860,129084,58,1025,188,,,Maja Mihalinec,,,,5,0,,
280861,129084,58,1014,188,,,Maja Mihalinec,,,,4,0,,
280883,129094,58,1029,190,,,Sharon Firisua,,,,72,0,,
280951,129125,58,1025,197,,,Ajla del Ponte,,,,5,0,,
280952,129125,58,928,197,,Switzerland,Ajla del Ponte,,,,4,0,,
280956,129126,58,496,197,,,Angelica Moser,,,,20,0,,
280959,129128,58,1029,197,,,Fabienne Schlumpf,,,,12,0,,
280962,129130,58,1025,197,,,Salomé Kora,,,,5,0,,
280963,129130,58,928,197,,Switzerland,Salomé Kora,,,,4,0,,
281032,129164,58,1028,200,,,Meraf Bahta,,,,18,0,,
281035,129166,58,1024,200,,,Erika Kinsey,,,,15,0,,
281038,129167,58,927,200,,,Khaddi Sagnia,,,,9,0,,
281041,129169,58,496,200,,,Michaela Meijer,,,,16,1,,
281043,129170,58,1028,200,,,Sarah Lahti,,,,,0,DNF,
281132,129217,58,1026,206,,,Subenrat Insaeng,,,,18,0,,
281213,129262,58,928,212,,Trinidad and Tobago,Khalifa St. Fort,,,,8,0,,
281216,129264,58,1035,212,,,Sparkle McKnight,,,,,0,DNS,
281248,129279,58,1030,214,,,Emel Dereli,,,,16,0,,
281252,129282,58,1029,214,,,Meryem Erdoğan,,,,,0,DNF,
281256,129284,58,1033,214,,,Yasemin Can,,,,8,0,,
281257,129284,58,1028,214,,,Yasemin Can,,,,11,0,,
281308,129312,58,1015,218,,,Halimah Nakaayi,,,,8,0,,
281311,129313,58,1029,218,,,Juliet Chekwel,,,,69,0,,
281314,129315,58,1083,218,,,Peruth Chemutai,,,,1,0,,Gold
281317,129317,58,1015,218,,,Winnie Nanyondo,,,,5,0,,
281318,129317,58,1016,218,,,Winnie Nanyondo,,,,7,0,,
281335,129326,58,1024,219,,,Iryna Herashchenko,,,,4,0,,
281337,129327,58,1032,219,,,Iryna Klymets,,,,21,0,,
281342,129330,58,927,219,,,Maryna Bekh-Romanchuk,,,,5,0,,
281344,129331,58,496,219,,,Maryna Kylypko,,,,5,1,,
281356,129341,58,1030,219,,,Olha Holodna,,,,26,0,,
281364,129347,58,339,219,,,Tetiana Melnyk,,,,8,0,,
281365,129347,58,340,219,,Ukraine,Tetiana Melnyk,,,,,0,DNS,
281368,129349,58,1035,219,,,Viktoriya Tkachuk,,,,6,0,,
281369,129349,58,340,219,,Ukraine,Viktoriya Tkachuk,,,,6,0,,
281373,129350,58,1024,219,,,Yuliya Levchenko,,,,8,0,,
281465,129398,58,1015,223,,,Ajeé Wilson,,,,4,0,,
281476,129408,58,1083,223,,,Courtney Frerichs,,,,2,0,,Silver
281479,129410,58,1035,223,,,Dalilah Muhammad,,,,2,0,,Silver
281480,129410,58,340,223,,United States,Dalilah Muhammad,,,,1,0,,Gold
281482,129411,58,1032,223,,,DeAnna Price,,,,8,0,,
281487,129414,58,928,223,,United States,English Gardner,,,,2,0,,Silver
281490,129416,58,1032,223,,,Gwen Berry,,,,11,0,,
281494,129419,58,1025,223,,,Jenna Prandini,,,,4,0,,
281495,129419,58,1014,223,,,Jenna Prandini,,,,5,0,,
281496,129419,58,928,223,,United States,Jenna Prandini,,,,2,0,,Silver
281499,129421,58,1026,223,,,Kelsey Card,,,,28,0,,
281501,129422,58,1018,223,,,Kendell Williams,,,,5,0,,
281503,129423,58,153,223,,,Keturah Orji,,,,7,0,,
281506,129425,58,1017,223,,,Maggie Malone,,,,10,0,,
281514,129431,58,1030,223,,,Raven Saunders,,,,2,0,,Silver
281516,129432,58,496,223,,,Sandi Morris,,,,16,1,,
281520,129435,58,1035,223,,,Sydney McLaughlin,,,,1,0,,Gold
281521,129435,58,340,223,,United States,Sydney McLaughlin,,,,1,0,,Gold
281527,129438,58,1024,223,,,Vashti Cunningham,,,,6,0,,
281773,129578,58,1018,224,,,Yekaterina Voronina,,,,12,0,,
281796,129593,58,1030,226,,,Ahymará Espinoza,,,,25,0,,
281798,129594,58,153,226,,,Yulimar Rojas,,,,1,0,,Gold
281856,129640,58,49,4,,,Izmir Smajlaj,,,,18,0,,
281858,129641,58,1013,5,,,Abdelmalik Lahoulou,,,,5,0,,
281866,129647,58,1019,5,,,Hicham Bouchicha,,,,15,0,,
281871,129651,58,45,5,,,Yassine Hethat,,,,5,0,,
281921,129686,58,45,6,,,Pol Moya,,,,7,0,,
281935,129694,58,43,8,,,Cejhae Greene,,,,6,0,,
282065,129786,58,50,11,,,Levon Aghasyan,,,,21,0,,
282109,129812,58,47,14,,,Brandon Starc,,,,5,0,,
282112,129814,58,96,14,,,Brett Robinson,,,,65,0,,
282120,129820,58,48,14,,,Kurtis Marschall,,,,14,0,,
282122,129821,58,96,14,,,Liam Adams,,,,24,0,,
282126,129823,58,393,14,,,Matthew Denny,,,,4,0,,
282128,129824,58,1020,14,,,Patrick Tiernan,,,,,0,DNS,
282129,129824,58,1023,14,,,Patrick Tiernan,,,,19,0,,
282131,129825,58,45,14,,,Peter Bol,,,,4,0,,
282133,129826,58,1022,14,,,Rhydian Cowley,,,,8,0,,
282331,129933,58,393,15,,,Lukas Weißhaidinger,,,,3,0,,Bronze
282374,129957,58,50,16,,,Nazim Babayev,,,,15,0,,
282426,129982,58,44,17,,,Alonzo Russell,,,,7,0,,
282428,129983,58,47,17,,,Jamal Wilson,,,,32,0,,
282436,129987,58,44,17,,,Steven Gardiner,,,,1,0,,Gold
282463,130004,58,96,21,,,Bashir Abdi,,,,3,0,,Bronze
282465,130005,58,476,21,,Belgium,Dylan Borlée,,,,4,0,,
282466,130005,58,1499,21,,Belgium,Dylan Borlée,,,,5,0,,
282471,130009,58,96,21,,,Koen Naert,,,,10,0,,
282475,130012,58,157,21,,,Thomas Van der Plaetsen,,,,,0,DNF,
282531,130044,58,43,22,,,Didier Kiki,,,,6,0,,
282540,130051,58,45,25,,,Amel Tuka,,,,6,0,,
282542,130052,58,383,25,,,Mesud Pezer,,,,11,0,,
282551,130058,58,1021,27,,,Aliaksandr Liakhovich,,,,45,0,,
282554,130060,58,47,27,,,Dzmitry Nabokau,,,,14,1,,
282602,130091,58,476,30,,Botswana,Baboloki Thebe,,,,3,0,,Bronze
282624,130101,58,1019,31,,,Altobeli Silva,,,,10,0,,
282626,130102,58,48,31,,,Augusto Dutra,,,,16,0,,
282628,130103,58,383,31,,,Darlan Romani,,,,4,0,,
282637,130110,58,467,31,,,Jorge Vides,,,,3,0,,
282638,130110,58,400,31,,Brazil,Jorge Vides,,,,,0,DNS,
282642,130113,58,1013,31,,,Márcio Teles,,,,6,0,,
282645,130115,58,1499,31,,Brazil,Pedro Burmann,,,,14,0,,
282651,130120,58,45,31,,,Thiago André,,,,8,0,,
282652,130120,58,95,31,,,Thiago André,,,,12,0,,
282655,130121,58,48,31,,,Thiago Braz,,,,3,0,,Bronze
282919,130281,58,96,32,,,Alemu Bekele,,,,,0,DNF,
282924,130285,58,1020,32,,,Birhanu Balew,,,,6,0,,
282926,130286,58,96,32,,,El Hassan El-Abbassi,,,,,0,DQ,
282930,130289,58,1019,32,,,John Kibet Koech,,,,1,0,,
282945,130302,58,47,34,,,Tihomir Ivanov,,,,26,1,,
282972,130322,58,50,35,,,Hugues Zango,,,,3,0,,Bronze
282976,130325,58,45,36,,,Francky-Edgard Mbotto,,,,8,0,,
282984,130329,58,43,38,,,Andre De Grasse,,,,3,0,,Bronze
282985,130329,58,467,38,,,Andre De Grasse,,,,1,0,,Gold
282986,130329,58,400,38,,Canada,Andre De Grasse,,,,2,0,,Silver
282990,130332,58,400,38,,Canada,Bolade Ajomale,,,,,0,DNS,
282992,130333,58,45,38,,,Brandon McBride,,,,6,0,,
282995,130334,58,467,38,,,Brendon Rodney,,,,6,0,,
282996,130334,58,400,38,,Canada,Brendon Rodney,,,,2,0,,Silver
283001,130337,58,1022,38,,,Evan Dunfee,,,,3,0,,Bronze
283004,130339,58,1020,38,,,Luc Bruchet,,,,13,0,,
283006,130340,58,1022,38,,,Mathieu Bilodeau,,,,45,0,,
283008,130341,58,1019,38,,,Matt Hughes,,,,6,0,,
283012,130344,58,383,38,,,Tim Nedow,,,,31,0,,
283155,130424,58,44,41,,,Bachir Mahamat,,,,8,0,,
283186,130447,58,48,43,,,Huang Bokai,,,,21,0,,
283188,130448,58,49,43,,,Huang Changzhou,,,,10,0,,
283196,130455,58,49,43,,,Gao Xinglong,,,,17,0,,
283198,130456,58,400,43,,People's Republic of China,Tang Xingqiang,,,,3,0,,Bronze
283200,130457,58,47,43,,,Wang Yu,,,,17,1,,
283378,130549,58,45,47,,,Alex Beddoes,,,,7,0,,
283387,130555,58,44,48,,,Anthony Zambrano,,,,2,0,,Silver
283388,130555,58,476,48,,Colombia,Anthony Zambrano,,,,,0,DNS,
283390,130556,58,467,48,,,Bernardo Baloyes,,,,,0,DNS,
283395,130559,58,476,48,,Colombia,Diego Palomeque,,,,8,0,,
283399,130562,58,44,48,,,Jhon Perlaza,,,,6,0,,
283400,130562,58,476,48,,Colombia,Jhon Perlaza,,,,8,0,,
283402,130563,58,1022,48,,,Jorge Armando Ruiz,,,,13,0,,
283404,130564,58,1022,48,,,José Leonardo Montaña,,,,11,0,,
283406,130565,58,1021,48,,,Esteban Soto,,,,14,0,,
283408,130566,58,393,48,,,Mauricio Ortega,,,,7,0,,
283473,130608,58,1013,51,,,Jordin Andrade,,,,7,0,,
283479,130613,58,383,53,,,Filip Mihaljević,,,,15,0,,
283525,130653,58,49,55,,,Maykel Massó,,,,3,0,,Bronze
283612,130703,58,46,56,,,Milan Trajkovic,,,,8,0,,
283629,130707,58,1022,57,,,Lukáš Gdula,,,,46,0,,
283633,130710,58,383,57,,,Tomáš Staněk,,,,17,0,,
283682,130730,58,96,58,,,Abdi Ulad,,,,23,0,,
283684,130731,58,1019,58,,,Ole Hesselbjerg,,,,8,0,,
283747,130775,58,45,59,,,Ayanleh Souleiman,,,,,0,DNS,
283748,130775,58,95,59,,,Ayanleh Souleiman,,,,1,0,,
283761,130783,58,467,61,,,Yancarlos Martínez,,,,4,0,,
283779,130796,58,1021,62,,,Brian Pintado,,,,12,0,,
283781,130797,58,1022,62,,,Claudio Villanueva,,,,47,0,,
283895,130869,58,96,65,,,Goitom Kifle,,,,14,0,,
283899,130872,58,1019,65,,,Yemane Haileselassie,,,,5,0,,
283920,130880,58,95,67,,,Adel Mechaal,,,,5,0,,
283927,130886,58,1019,67,,,Fernando Carro,,,,1,0,,
283933,130891,58,50,67,,,Pablo Torrijos,,,,25,0,,
283935,130892,58,1019,67,,,Sebastián Martos,,,,8,0,,
283937,130893,58,1013,67,,,Sergio Fernández,,,,7,0,,
284086,130977,58,157,68,,,Maicel Uibo,,,,15,0,,
284089,130979,58,96,68,,,Roman Fosti,,,,67,0,,
284149,131028,58,1022,72,,,Aku Partanen,,,,9,0,,
284151,131029,58,1022,72,,,Aleksi Ojala,,,,38,0,,
284181,131045,58,1021,73,,,Kévin Campion,,,,16,0,,
284184,131047,58,476,73,,France,Mame-Ibra Anne,,,,,0,DNS,
284186,131048,58,400,73,,France,Marvin René,,,,,0,DNS,
284188,131049,58,400,73,,France,Mickaël-Méba Zézé,,,,3,0,,
284190,131050,58,46,73,,,Pascal Martinot-Lagarde,,,,5,0,,
284194,131053,58,476,73,,France,Thomas Jordier,,,,6,0,,
284196,131054,58,46,73,,,Wilhem Belocian,,,,1,0,,
284443,131194,58,1020,78,,,Andy Butchart,,,,11,0,,
284446,131196,58,96,78,,,Callum Hawkins,,,,,0,DNF,
284451,131198,58,43,78,,,Chijindu Ujah,,,,,0,DQ,
284452,131198,58,400,78,,Great Britain,Chijindu Ujah,,,,,0,DQ,
284459,131204,58,45,78,,,Elliot Giles,,,,3,0,,
284467,131209,58,467,78,,,Nethaneel Mitchell-Blake,,,,5,0,,
284468,131209,58,400,78,,Great Britain,Nethaneel Mitchell-Blake,,,,,0,,
284470,131210,58,395,78,,,Nick Miller,,,,6,0,,
284472,131211,58,400,78,,Great Britain,Richard Kilty,,,,,0,,
284477,131215,58,1021,78,,,Tom Bosworth,,,,25,0,,
284644,131307,58,49,81,,,Bachana Khorava,,,,28,0,,
284648,131310,58,50,81,,,Lasha Torgvaidze-Gulelauri,,,,1,0,,
284679,131331,58,1022,83,,,Carl Dohmann,,,,33,0,,
284682,131333,58,393,83,,,Daniel Jasinski,,,,10,0,,
284685,131335,58,49,83,,,Fabian Heinle,,,,12,0,,
284688,131337,58,46,83,,,Gregor Traber,,,,5,0,,
284693,131340,58,398,83,,,Johannes Vetter,,,,9,0,,
284696,131342,58,398,83,,,Julian Weber,,,,4,0,,
284699,131344,58,47,83,,,Mateusz Przybylko,,,,23,1,,
284701,131345,58,50,83,,,Max Heß,,,,17,0,,
284703,131346,58,1021,83,,,Nils Brembach,,,,28,0,,
284706,131348,58,96,83,,,Richard Ringer,,,,25,0,,
284932,131470,58,400,84,,Ghana,Sean Safo-Antwi,,,,2,0,,
284942,131475,58,395,85,,,Michailis Anastasakis,,,,22,0,,
284945,131477,58,49,85,,,Miltiadis Tentoglou,,,,1,0,,Gold
285062,131554,58,1022,94,,,Bence Venyercsán,,,,20,0,,
285170,131609,58,476,96,,India,Arokia Rajiv,,,,4,0,,
285171,131609,58,1499,96,,India,Arokia Rajiv,,,,15,0,,
285181,131617,58,476,96,,India,Mohammad Anas Yahiya,,,,4,0,,
285182,131617,58,1499,96,,India,Mohammad Anas Yahiya,,,,15,0,,
285185,119152,58,1021,96,,,Sandeep Kumar,,,,23,0,,
285228,131650,58,43,98,,,Hassan Taftian,,,,4,0,,
285278,131683,58,1022,99,,,Alex Wright,,,,29,0,,
285280,131684,58,96,99,,,Kevin Seaward,,,,57,0,,
285283,131685,58,45,99,,,Mark English,,,,4,0,,
285286,131687,58,96,99,,,Paul Pollock,,,,70,0,,
285288,131688,58,1013,99,,,Thomas Barr,,,,4,0,,
285354,131741,58,393,101,,,Guðni Guðnason,,,,1,0,,
285359,131744,58,96,102,,,Maru Teferi,,,,13,0,,
285378,131756,58,46,103,,,Eddie Lovett,,,,7,0,,
285384,131760,58,467,104,,,Eseosa Desalu,,,,5,0,,
285385,131760,58,400,104,,Italy,Eseosa Desalu,,,,1,0,,Gold
285389,131762,58,476,104,,Italy,Matteo Galvan,,,,,0,DNS,
285395,131766,58,1022,104,,,Teodorico Caporaso,,,,,0,DNF,
285558,131849,58,393,106,,,Fedrick Dacres,,,,13,0,,
285564,131851,58,1013,106,,,Jaheel Hyde,,,,8,0,,
285565,131851,58,476,106,,Jamaica,Jaheel Hyde,,,,6,0,,
285569,131853,58,400,106,,Jamaica,Jevaughn Minzie,,,,4,0,,
285572,131855,58,44,106,,,Nathon Allen,,,,4,0,,
285573,131855,58,476,106,,Jamaica,Nathon Allen,,,,6,0,,
285601,131871,58,1021,108,,,Eiki Takahashi,,,,32,0,,
285607,131875,58,44,108,,,Julian Walsh,,,,6,0,,
285608,131875,58,476,108,,Japan,Julian Walsh,,,,,0,DNS,
285621,131885,58,96,108,,,Suguru Osako,,,,6,0,,
285623,131886,58,47,108,,,Takashi Eto,,,,17,1,,
285629,131890,58,400,108,,Japan,Yoshihide Kiryu,,,,2,0,,
285872,132037,58,45,110,,,Ferguson Rotich,,,,2,0,,Silver
285928,132077,58,1021,113,,,Choi Byeong-Gwang,,,,37,0,,
285930,132078,58,96,113,,,Sim Jong-Seop,,,,48,0,,
285934,132081,58,47,113,,,Wu Sang-Hyeok,,,,4,0,,
286061,132146,58,45,114,,,Musa Hajdari,,,,8,0,,
286099,132171,58,43,121,,,Emmanuel Matadi,,,,5,0,,
286100,132171,58,467,121,,,Emmanuel Matadi,,,,,0,DNS,
286116,132183,58,393,126,,,Andrius Gudžius,,,,6,0,,
286118,132184,58,1022,126,,,Artur Mastianica,,,,31,0,,
286182,132213,58,95,127,,,Charles Grethen,,,,12,0,,
286185,132215,58,45,130,,,Abdelati El-Guesse,,,,8,0,,
286191,132219,58,45,130,,,Mostafa Smaili,,,,4,0,,
286193,132220,58,95,130,,,Soufiane El-Bakkali,,,,3,0,,
286194,132220,58,1019,130,,,Soufiane El-Bakkali,,,,1,0,,Gold
286256,132255,58,43,134,,,Hassan Saaid,,,,4,0,,
286262,132259,58,395,135,,,Diego del Real,,,,15,0,,
286264,132260,58,47,135,,,Edgar Rivera,,,,19,1,,
286337,132319,58,96,136,,,Tseveenravdangiin Byambajav,,,,54,0,,
286420,132371,58,96,150,,,Abdi Nageeye,,,,2,0,,Silver
286424,132373,58,400,150,,Netherlands,Hensley Paulina,,,,,0,DNS,
286542,132428,58,43,153,,,Divine Oduduru,,,,,0,DQ,
286543,132428,58,467,153,,,Divine Oduduru,,,,,0,DQ,
286585,132468,58,95,155,,,Filip Ingebrigtsen,,,,10,0,,
286587,132469,58,1022,155,,,Håvard Haukenes,,,,,0,DNF,
286589,132470,58,1013,155,,,Karsten Warholm,,,,1,0,,Gold
286591,132471,58,96,155,,,Sondre Nordstad Moen,,,,39,0,,
286624,132483,58,383,157,,,Jacko Gill,,,,9,0,,
286627,132485,58,383,157,,,Tom Walsh,,,,3,0,,Bronze
286629,132486,58,96,157,,,Zane Robertson,,,,35,0,,
286744,132548,58,96,160,,,Jorge Castelblanco,,,,74,0,,
286748,132550,58,96,161,,,Derlys Ayala,,,,42,0,,
286755,132555,58,96,162,,,Cristhian Pacheco,,,,59,0,,
286758,132557,58,1021,162,,,Luis Campos,,,,43,0,,
286792,132583,58,46,167,,,Damian Czykier,,,,6,0,,
286794,132584,58,476,167,,Poland,Jakub Krzewina,,,,5,0,,
286795,132584,58,1499,167,,Poland,Jakub Krzewina,,,,,0,DNS,
286798,132586,58,44,167,,,Karol Zalewski,,,,8,0,,
286799,132586,58,476,167,,Poland,Karol Zalewski,,,,5,0,,
286800,132586,58,1499,167,,Poland,Karol Zalewski,,,,1,0,,Gold
286804,132587,58,383,167,,,Konrad Bukowiecki,,,,23,0,,
286809,132591,58,398,167,,,Marcin Krukowski,,,,28,0,,
286811,132592,58,383,167,,,Michał Haratyk,,,,13,0,,
286813,132593,58,45,167,,,Patryk Dobek,,,,3,0,,Bronze
286815,132594,58,157,167,,,Paweł Wiesiołek,,,,12,0,,
286817,132595,58,48,167,,,Piotr Lisek,,,,6,0,,
286821,132597,58,48,167,,,Robert Sobera,,,,15,0,,
286824,132599,58,395,167,,,Wojciech Nowicki,,,,1,0,,Gold
286983,132708,58,45,170,,,Andrés Arroyo,,,,7,0,,
286995,132715,58,45,171,,,Abubaker Haydar,,,,6,0,,
286998,132717,58,395,171,,,Ashraf El-Seify,,,,26,0,,
287001,132718,58,43,171,,,Femi Ogunode,,,,8,0,,
287002,132718,58,467,171,,,Femi Ogunode,,,,4,0,,
287034,132743,58,45,64,,,James Nyang Chiengjiek,,,,8,0,,
287036,132744,58,95,64,,,Paulo Amotun,,,,13,0,,
287090,132768,58,43,176,,,Akani Simbine,,,,4,0,,
287091,132768,58,400,176,,South Africa,Akani Simbine,,,,1,0,,
287093,132769,58,46,176,,,Antonio Alkana,,,,6,0,,
287095,132770,58,467,176,,,Clarence Munyai,,,,6,0,,
287096,132770,58,400,176,,South Africa,Clarence Munyai,,,,1,0,,
287098,132771,58,96,176,,,Elroy Gelant,,,,33,0,,
287107,132779,58,398,176,,,Rocco van Rooyen,,,,23,0,,
287109,132780,58,49,176,,,Ruswahl Samaai,,,,22,0,,
287114,132784,58,43,176,,,Gift Leotlela,,,,4,0,,
287115,132784,58,400,176,,South Africa,Gift Leotlela,,,,,0,DNS,
287117,132785,58,1021,176,,,Wayne Snyman,,,,20,0,,
287119,132786,58,44,176,,,Wayde van Niekerk,,,,5,0,,
287120,132786,58,476,176,,South Africa,Wayde van Niekerk,,,,,0,DNS,
287407,132925,58,393,180,,,Alex Rose,,,,18,0,,
287418,132934,58,1013,183,,,Ned Azemia,,,,8,0,,
287435,132947,58,44,188,,,Luka Janežič,,,,7,0,,
287535,133014,58,96,197,,,Tadesse Abraham,,,,,0,DNF,
287696,133074,58,393,200,,,Daniel Ståhl,,,,1,0,,Gold
287698,133075,58,1021,200,,,Perseus Karlström,,,,9,0,,
287750,133113,58,96,203,,,Alphonce Felix Simbu,,,,7,0,,
287796,133144,58,43,210,,,Fabrice Dabla,,,,6,0,,
287810,133151,58,398,211,,,Huang Shih-Feng,,,,25,0,,
287835,133164,58,467,212,,,Kyle Greaux,,,,4,0,,
287838,133165,58,44,212,,,Machel Cedenio,,,,6,0,,
287839,133165,58,476,212,,Trinidad and Tobago,Machel Cedenio,,,,8,0,,
287887,133193,58,43,214,,,Emre Zafer Barnes,,,,7,0,,
287888,133193,58,400,214,,Turkey,Emre Zafer Barnes,,,,,0,DNS,
287895,133197,58,43,214,,,Jak Ali Harvey,,,,6,0,,
287896,133197,58,400,214,,Turkey,Jak Ali Harvey,,,,2,0,,
287901,133200,58,1013,214,,,Yasmani Copello,,,,6,0,,
287946,133228,58,1020,218,,,Jacob Kiplimo,,,,5,0,,
287947,133228,58,1023,218,,,Jacob Kiplimo,,,,3,0,,Bronze
287950,133229,58,1020,218,,,Joshua Cheptegei,,,,1,0,,Gold
287951,133229,58,1023,218,,,Joshua Cheptegei,,,,2,0,,Silver
287956,133233,58,95,218,,,Ronald Musagala,,,,3,0,,
287964,133240,58,1022,219,,,Ivan Banzeruk,,,,,0,DNF,
288046,133279,58,49,222,,,Emiliano Lasa,,,,13,0,,
288069,133299,58,50,223,,,Chris Benard,,,,18,0,,
288072,133301,58,45,223,,,Clayton Murphy,,,,9,0,,
288078,133305,58,46,223,,,Devon Allen,,,,4,0,,
288083,133308,58,1019,223,,,Hillary Bor,,,,6,0,,
288090,133313,58,383,223,,,Joe Kovacs,,,,2,0,,Silver
288096,133318,58,393,223,,,Mason Finley,,,,23,0,,
288100,133321,58,1020,223,,,Paul Chelimo,,,,3,0,,Bronze
288105,133325,58,395,223,,,Rudy Winkler,,,,7,0,,
288107,133326,58,383,223,,,Ryan Crouser,,,,1,0,,Gold
288114,133331,58,43,223,,,Trayvon Bromell,,,,3,0,,
288115,133331,58,400,223,,United States,Trayvon Bromell,,,,6,0,,
288117,133332,58,157,223,,,Zach Ziemek,,,,6,0,,
288362,133469,58,50,224,,,Ruslan Kurbanov,,,,1,0,,
288529,133585,58,157,14,,,Cedric Dubler,,,,21,0,,
288532,133587,58,157,57,,,Adam Helcelet,,,,16,0,,
288534,133588,58,157,57,,,Jiří Sýkora,,,,17,0,,
288538,133591,58,157,83,,,Kai Kazmirek,,,,14,0,,
288541,133592,58,157,86,,,Lindon Victor,,,,7,0,,
288546,133595,58,1035,106,,,Janieve Russell,,,,4,0,,
288547,133595,58,340,106,,Jamaica,Janieve Russell,,,,3,0,,Bronze
288673,133677,58,49,43,,,Wang Jianan,,,,20,0,,
288681,133683,58,1023,65,,,Aron Kifle,,,,12,0,,
297588,137062,58,43,1,,,Sha Mahmood Noor Zahi,,,,7,0,,
297626,137097,58,43,7,,,Aveni Miguel,,,,2,0,,
297628,137099,58,1025,8,,,Joella Lloyd,,,,7,0,,
297632,137103,58,1029,10,,,Marcela Gómez,,,,61,0,,
297658,137128,58,96,10,,,Eulalio Muñoz,,,,30,0,,
297659,137129,58,96,10,,,Joaquín Arbe,,,,52,0,,
297747,137211,58,43,13,,,Nathan Crumpton,,,,9,0,,
297752,137215,58,1083,14,,,Amy Cashin,,,,11,0,,
297753,137216,58,340,14,,Australia,Angeline Blackburn,,,,,0,DNS,
297754,137217,58,339,14,,,Bendere Oboya,,,,5,0,,
297755,137217,58,340,14,,Australia,Bendere Oboya,,,,7,0,,
297756,137218,58,1015,14,,,Catriona Bisset,,,,5,0,,
297757,137219,58,1027,14,,,Liz Clay,,,,3,0,,
297758,137220,58,340,14,,Australia,Ellie Beer,,,,7,0,,
297759,137221,58,1029,14,,,Ellie Pashley,,,,23,0,,
297760,137222,58,1016,14,,,Georgia Griffith,,,,14,0,,
297761,137223,58,1083,14,,,Georgia Winkcup,,,,13,0,,
297762,137224,58,1025,14,,,Hana Basic,,,,5,0,,
297763,137225,58,1033,14,,,Isobel Batt-Doyle,,,,15,0,,
297764,137226,58,936,14,,,Jemima Montag,,,,6,0,,
297765,137227,58,1016,14,,,Jessica Hull,,,,11,0,,
297766,137228,58,936,14,,,Katie Hayward,,,,37,0,,
297767,137229,58,340,14,,Australia,Kendra Hubbard,,,,7,0,,
297768,137230,58,1017,14,,,MacKenzie Little,,,,8,0,,
297769,137231,58,1024,14,,,Nicola McDermott,,,,2,0,,Silver
297770,137232,58,496,14,,,Nina Kennedy,,,,22,0,,
297771,137233,58,936,14,,,Rebecca Henderson,,,,38,0,,
297772,137234,58,1014,14,,,Riley Day,,,,4,0,,
297773,137235,58,1033,14,,,Rose Davies,,,,18,0,,
297774,137236,58,1035,14,,,Sarah Carli,,,,5,0,,
297775,137237,58,1029,14,,,Sinead Diver,,,,10,0,,
297929,137362,58,44,14,,,Alex Beck,,,,6,0,,
297930,137363,58,157,14,,,Ashley Moloney,,,,3,0,,Bronze
297931,137364,58,1019,14,,,Ben Buckingham,,,,7,0,,
297932,137365,58,45,14,,,Charlie Hunter,,,,7,0,,
297933,137366,58,1021,14,,,Declan Tingay,,,,17,0,,
297934,137367,58,1019,14,,,Edward Trippas,,,,11,0,,
297935,137368,58,96,14,,,Jack Rayner,,,,,0,DNF,
297936,137369,58,95,14,,,Jye Edwards,,,,7,0,,
297937,137370,58,1021,14,,,Kyle Swan,,,,36,0,,
297938,137371,58,1019,14,,,Matthew Clarke,,,,14,0,,
297939,137372,58,1020,14,,,Morgan McDonald,,,,11,0,,
297940,137373,58,95,14,,,Oliver Hoare,,,,11,0,,
297941,137374,58,43,14,,,Rohan Browning,,,,5,0,,
297942,137375,58,95,14,,,Stewart McSweyn,,,,7,0,,
298093,137498,58,339,15,,,Susanne Walli,,,,6,0,,
298094,137499,58,1018,15,,,Verena Mayr,,,,11,0,,
298095,137500,58,1017,15,,,Victoria Hudson,,,,22,0,,
298113,137516,58,96,15,,,Lemawork Ketema,,,,,0,DNF,
298114,137517,58,96,15,,,Peter Herzog,,,,60,0,,
298181,137567,58,340,17,,The Bahamas,Brianne Bethel,,,,1,0,,
298182,137568,58,1027,17,,,Devynne Charlton,,,,6,0,,
298183,137569,58,340,17,,The Bahamas,Doneisha Anderson,,,,1,0,,
298184,137570,58,340,17,,The Bahamas,Lacarthea Cooper,,,,,0,DNS,
298185,137571,58,43,17,,,Samson Colebrooke,,,,7,0,,
298191,137575,58,44,18,,,Jahir Rayhan,,,,8,0,,
298194,137578,58,44,19,,,Jonathan Jones,,,,8,0,,
298195,137579,58,43,19,,,Mario Burke,,,,8,0,,
298198,137582,58,45,20,,,Eric Nzikwinkunda,,,,6,0,,
298200,137584,58,340,21,,Belgium,Camille Laus,,,,7,0,,
298201,137584,58,1499,21,,Belgium,Camille Laus,,,,5,0,,
298202,137585,58,1016,21,,,Élise Vanderelst,,,,11,0,,
298203,137586,58,496,21,,,Fanny Smets,,,,27,1,,
298204,137587,58,1035,21,,,Hanne Claes,,,,8,0,,
298205,137588,58,1029,21,,,Hanne Verbruggen,,,,49,0,,
298206,137589,58,1014,21,,,Imke Vervaet,,,,7,0,,
298207,137589,58,340,21,,Belgium,Imke Vervaet,,,,7,0,,
298208,137589,58,1499,21,,Belgium,Imke Vervaet,,,,5,0,,
298209,137590,58,1029,21,,,Mieke Gorissen,,,,28,0,,
298210,137591,58,340,21,,Belgium,Naomi van den Broeck,,,,7,0,,
298211,137592,58,1018,21,,,Noor Vidts,,,,4,0,,
298212,137593,58,1035,21,,,Paulien Couckuyt,,,,3,0,,
298213,137593,58,340,21,,Belgium,Paulien Couckuyt,,,,7,0,,
298267,137628,58,476,21,,Belgium,Alexander Doom,,,,4,0,,
298268,137628,58,1499,21,,Belgium,Alexander Doom,,,,5,0,,
298269,137629,58,48,21,,,Ben Broeders,,,,18,0,,
298270,137630,58,96,21,,,Dieter Kersten,,,,58,0,,
298271,137631,58,45,21,,,Eliott Crestan,,,,4,0,,
298272,137632,58,1020,21,,,Isaac Kimeli,,,,17,0,,
298273,137632,58,1023,21,,,Isaac Kimeli,,,,18,0,,
298274,137633,58,95,21,,,Ismaël Debjani,,,,11,0,,
298275,137634,58,44,21,,,Jonathan Sacoor,,,,8,0,,
298276,137634,58,476,21,,Belgium,Jonathan Sacoor,,,,4,0,,
298277,137635,58,46,21,,,Michael Obasuyi,,,,6,0,,
298278,137636,58,1020,21,,,Robin Hendrix,,,,16,0,,
298279,137637,58,467,21,,,Robin Vanderbemden,,,,7,0,,
298315,137668,58,339,26,,,Samantha Dirks,,,,7,0,,
298316,137669,58,43,26,,,Shaun Gill,,,,5,0,,
298323,137673,58,340,27,,Belarus,Aliaksandra Khilmanovich,,,,8,0,,
298324,137674,58,936,27,,,Anastasiya Rarouskaya,,,,23,0,,
298325,137675,58,340,27,,Belarus,Asteria Limai,,,,8,0,,
298326,137676,58,340,27,,Belarus,Hanna Mikhailava,,,,,0,DNS,
298327,137677,58,1024,27,,,Karyna Demidik,,,,19,0,,
298328,137678,58,340,27,,Belarus,Krystsina Muliarchyk,,,,,0,DNS,
298329,137679,58,1025,27,,,Krystsina Tsimanouskaya,,,,3,0,,
298330,137680,58,1032,27,,,Anastasiya Maslava,,,,28,0,,
298331,137681,58,936,27,,,Viktoryia Rashchupkina,,,,49,0,,
298332,137682,58,153,27,,,Viyaleta Skvartsova,,,,18,0,,
298333,137683,58,340,27,,Belarus,Yuliya Bliznets,,,,8,0,,
298360,137704,58,398,27,,,Aliaksei Katkavets,,,,6,0,,
298361,137705,58,1022,27,,,Dzmitry Dziubin,,,,22,0,,
298362,137706,58,395,27,,,Hleb Dudarau,,,,27,0,,
298363,137707,58,47,27,,,Maksim Nedasekau,,,,3,0,,Bronze
298364,137708,58,398,27,,,Pavel Mialeshka,,,,10,0,,
298365,137709,58,46,27,,,Vitali Parakhonka,,,,5,0,,
298366,94259,58,157,27,,,Vitali Zhuk,,,,13,0,,
298367,137711,58,393,27,,,Yauheni Bahutski,,,,27,0,,
298368,137712,58,395,27,,,Yury Vasilchanka,,,,19,0,,
298396,137735,58,339,30,,,Galefele Moroko,,,,6,0,,
298399,137738,58,476,30,,Botswana,Bayapo Ndori,,,,3,0,,Bronze
298400,137739,58,44,30,,,Leungo Scotch,,,,5,0,,
298401,137739,58,476,30,,Botswana,Leungo Scotch,,,,,0,DNS,
298402,137740,58,476,30,,Botswana,Zibani Ngozi,,,,3,0,,Bronze
298404,137742,58,1014,31,,,Ana Carolina Azevedo,,,,5,0,,
298405,137742,58,928,31,,Brazil,Ana Carolina Azevedo,,,,,0,DNS,
298406,137743,58,1035,31,,,Chayenne da Silva,,,,8,0,,
298407,137744,58,1026,31,,,Izabela Rodrigues,,,,11,0,,
298408,137745,58,1017,31,,,Jucilene de Lima,,,,15,0,,
298409,137746,58,1027,31,,,Ketiley Batista,,,,7,0,,
298410,137747,58,1083,31,,,Simone Ponte Ferraz,,,,14,0,,
298411,137748,58,1499,31,,Brazil,Tábata Vitorino,,,,14,0,,
298412,137749,58,1083,31,,,Tatiane Raquel Silva,,,,7,0,,
298413,137750,58,339,31,,,Tiffani Marinho,,,,5,0,,
298414,137750,58,1499,31,,Brazil,Tiffani Marinho,,,,14,0,,
298482,137814,58,49,31,,,Alexsandro Melo,,,,29,0,,
298483,137814,58,50,31,,,Alexsandro Melo,,,,26,0,,
298484,137815,58,1013,31,,,Alison dos Santos,,,,3,0,,Bronze
298485,137816,58,50,31,,,Almir Júnior,,,,23,0,,
298486,137817,58,1499,31,,Brazil,Anderson Henriques,,,,14,0,,
298487,137818,58,96,31,,,Daniel Chaves,,,,,0,DNF,
298488,137819,58,400,31,,Brazil,Derick Souza,,,,4,0,,
298489,137820,58,46,31,,,Eduardo de Deus,,,,8,0,,
298490,137821,58,43,31,,,Felipe Bardi,,,,5,0,,
298491,137821,58,400,31,,Brazil,Felipe Bardi,,,,4,0,,
298492,137822,58,157,31,,,Felipe dos Santos,,,,18,0,,
298493,137823,58,47,31,,,Fernando Ferreira,,,,21,1,,
298494,137824,58,46,31,,,Gabriel Constantino,,,,8,0,,
298495,136845,58,44,31,,,Lucas Carvalho,,,,7,0,,
298496,137826,58,1021,31,,,Lucas Mazzo,,,,,0,DNF,
298497,137827,58,50,31,,,Mateus de Sá,,,,20,0,,
298498,137828,58,1021,31,,,Matheus Corrêa,,,,46,0,,
298499,137829,58,43,31,,,Paulo André,,,,7,0,,
298500,137829,58,400,31,,Brazil,Paulo André,,,,4,0,,
298501,137830,58,46,31,,,Rafael Pereira,,,,6,0,,
298502,137831,58,43,31,,,Rodrigo do Nascimento,,,,5,0,,
298503,137831,58,400,31,,Brazil,Rodrigo do Nascimento,,,,4,0,,
298504,137832,58,49,31,,,Samory Uiki,,,,16,0,,
298505,137833,58,47,31,,,Thiago Moura,,,,21,1,,
298602,137906,58,1035,32,,,Aminat Jamal,,,,7,0,,
298603,137907,58,1029,32,,,Eunice Chumba,,,,7,0,,
298604,137908,58,1028,32,,,Kalkidan Gezahegne,,,,2,0,,Silver
298605,137909,58,1083,32,,,Winfred Yavi,,,,10,0,,
298608,137912,58,383,32,,,Abdelrahman Mahmoud,,,,22,0,,
298609,137913,58,1020,32,,,Dawit Fikadu,,,,15,0,,
298610,137914,58,95,32,,,Sadik Mikhou,,,,,0,DQ,
298611,137915,58,96,32,,,Shumi Dechasa,,,,,0,DNF,
298628,137932,58,467,33,,,Muhd Noor Firdaus Ar Rasyid,,,,7,0,,
298663,137959,58,43,37,,,Pen Sokong,,,,6,0,,
298667,137962,58,1083,38,,,Alycia Butterworth,,,,10,0,,
298668,137963,58,1032,38,,,Camryn Rogers,,,,5,0,,
298669,137964,58,1029,38,,,Dayna Pidhoresky,,,,73,0,,
298670,137965,58,1018,38,,,Georgia Ellenwood,,,,20,0,,
298671,137966,58,1032,38,,,Jillian Weir,,,,19,0,,
298672,137967,58,1033,38,,,Julie-Anne Staehli,,,,17,0,,
298673,137968,58,1033,38,,,Kate van Buskirk,,,,14,0,,
298674,137969,58,340,38,,Canada,Lauren Gale,,,,,0,DNS,
298675,137970,58,1015,38,,,Lindsey Butterworth,,,,5,0,,
298676,137971,58,1016,38,,,Lucia Stafford,,,,6,0,,
298677,137972,58,1015,38,,,Madeleine Kelly,,,,5,0,,
298678,137973,58,340,38,,Canada,Maddy Price,,,,4,0,,
298679,137974,58,1016,38,,,Natalia Hawthorn,,,,10,0,,
298680,137975,58,339,38,,,Natassha McDonald,,,,7,0,,
298681,137975,58,340,38,,Canada,Natassha McDonald,,,,,0,DNS,
298682,137976,58,1083,38,,,Regan Yee,,,,8,0,,
298683,137977,58,1030,38,,,Sarah Mitton,,,,28,0,,
298833,138094,58,96,38,,,Ben Preisner,,,,45,0,,
298834,138095,58,43,38,,,Bismark Boateng,,,,8,0,,
298835,138095,58,400,38,,Canada,Bismark Boateng,,,,,0,DNS,
298836,138096,58,47,38,,,Django Lovett,,,,8,0,,
298837,138097,58,400,38,,Canada,Jerome Blake,,,,2,0,,Silver
298838,138098,58,1019,38,,,John Gay,,,,15,0,,
298839,138099,58,1020,38,,,Justyn Knight,,,,7,0,,
298840,138100,58,45,38,,,Marco Arop,,,,7,0,,
298841,138101,58,157,38,,,Pierce LePage,,,,5,0,,
298842,138102,58,96,38,,,Trevor Hofbauer,,,,47,0,,
298934,138180,58,339,39,,,Shalysa Wray,,,,7,0,,
298940,138183,58,1025,40,,,Natacha Ngoye Akamabi,,,,5,0,,
298941,138184,58,44,40,,,Gilles Anthony Afoumba,,,,6,0,,
298975,138217,58,395,42,,,Gabriel Kehr,,,,13,0,,
298976,138218,58,395,42,,,Humberto Mansilla,,,,17,0,,
298991,138230,58,1029,43,,,Bai Li,,,,67,0,,
298992,138231,58,1027,43,,,Chen Jiamin,,,,5,0,,
298993,138232,58,928,43,,People's Republic of China,Huang Guifen,,,,6,0,,
298994,138233,58,928,43,,People's Republic of China,Li Yuting,,,,,0,DNS,
298995,138234,58,1029,43,,,Li Zhixuan,,,,62,0,,
298996,138235,58,1032,43,,,Luo Na,,,,15,0,,
298997,138236,58,1030,43,,,Song Jiayuan,,,,5,0,,
298998,138237,58,1083,43,,,Xu Shuangshuang,,,,8,0,,
298999,138238,58,936,43,,,Yang Jiayu,,,,12,0,,
299000,138239,58,1029,43,,,Zhang Deshun,,,,47,0,,
299001,138240,58,1018,43,,,Zheng Ninali,,,,10,0,,
299211,138407,58,1022,43,,,Bian Tongda,,,,7,0,,
299212,138408,58,50,43,,,Fang Yaoqing,,,,8,0,,
299213,138409,58,1022,43,,,Luo Yadong,,,,28,0,,
299214,138410,58,96,43,,,Peng Jianhua,,,,31,0,,
299215,138411,58,1021,43,,,Wang Kaihua,,,,7,0,,
299216,138412,58,1022,43,,,Wang Qin,,,,21,0,,
299217,138413,58,50,43,,,Wu Ruiting,,,,14,0,,
299218,138414,58,43,43,,,Wu Zhiqiang,,,,4,0,,
299219,138414,58,400,43,,People's Republic of China,Wu Zhiqiang,,,,3,0,,Bronze
299220,138415,58,400,43,,People's Republic of China,Yan Haibin,,,,,0,DNS,
299221,138416,58,96,43,,,Yang Shaohui,,,,19,0,,
299222,82049,58,1021,43,,,Zhang Jun,,,,8,0,,
299223,138418,58,50,43,,,Zhu Yaming,,,,2,0,,Silver
299334,138489,58,43,44,,,Arthur Cissé,,,,6,0,,
299360,138515,58,467,45,,,Emmanuel Eseme,,,,4,0,,
299368,138523,58,43,46,,,Oliver Mwimba,,,,9,0,,
299379,138531,58,1017,48,,,María Lucelly Murillo,,,,28,0,,
299380,138532,58,1035,48,,,Melissa González,,,,6,0,,
299384,138536,58,1019,48,,,Carlos San Martín,,,,12,0,,
299385,138537,58,1022,48,,,Diego Pinzón,,,,18,0,,
299386,138538,58,96,48,,,Iván González,,,,,0,DNF,
299387,138539,58,96,48,,,Jeisson Suárez,,,,15,0,,
299388,138540,58,1021,48,,,Jhon Alexander Castañeda,,,,27,0,,
299389,138541,58,476,48,,Colombia,Jhon Alexander Solís,,,,8,0,,
299390,138542,58,476,48,,Colombia,Raúl Mena,,,,8,0,,
299407,138558,58,1025,49,,,Amed Elna,,,,9,0,,
299408,138559,58,46,49,,,Fadane Hamadi,,,,8,0,,
299415,138566,58,1027,52,,,Andrea Vargas,,,,3,0,,
299416,138567,58,936,52,,,Noelia Vargas,,,,21,0,,
299426,138574,58,1029,53,,,Bojana Bjeljac,,,,53,0,,
299427,138575,58,1026,53,,,Marija Tolj,,,,13,0,,
299428,138576,58,1029,53,,,Matea Parlov Koštro,,,,21,0,,
299458,138601,58,153,55,,,Davisleydi Velazco,,,,15,0,,
299459,138602,58,153,55,,,Leyanis Pérez,,,,,0,DNS,
299479,138617,58,50,55,,,Andy Díaz,,,,,0,DNS,
299480,138618,58,50,55,,,Cristian Nápoles,,,,10,0,,
299481,138619,58,49,55,,,Juan Miguel Echevarría,,,,2,0,,Silver
299482,138620,58,47,55,,,Luis Enrique Zayas,,,,26,1,,
299500,138637,58,1016,57,,,Diana Mezuliáníková,,,,8,0,,
299501,138638,58,1017,57,,,Irena Gillarová,,,,19,0,,
299502,138639,58,1016,57,,,Kristiina Mäki,,,,13,0,,
299503,138640,58,339,57,,,Lada Vondrová,,,,8,0,,
299504,138641,58,1029,57,,,Marcela Joglová,,,,52,0,,
299505,138642,58,1030,57,,,Markéta Červenková,,,,24,0,,
299506,138643,58,1017,57,,,Nikola Ogrodníková,,,,16,0,,
299507,138644,58,1016,57,,,Simona Vrzalová,,,,13,0,,
299508,138645,58,936,57,,,Tereza Ďurdiaková,,,,30,0,,
299509,138646,58,1029,57,,,Tereza Hrochová,,,,58,0,,
299531,138660,58,467,57,,,Jan Jirka,,,,,0,DQ,
299532,138661,58,476,57,,Czech Republic,Jan Tesař,,,,,0,DNS,
299533,138662,58,476,57,,Czech Republic,Michal Desenský,,,,7,0,,
299534,138663,58,476,57,,Czech Republic,Patrik Šorm,,,,7,0,,
299535,138664,58,1022,57,,,Vít Hlaváč,,,,43,0,,
299536,138665,58,1013,57,,,Vít Müller,,,,8,0,,
299537,138665,58,476,57,,Czech Republic,Vít Müller,,,,7,0,,
299584,138705,58,928,58,,Denmark,Astrid Glenner-Frandsen,,,,7,0,,
299585,138706,58,928,58,,Denmark,Emma Beiter Bomme,,,,7,0,,
299586,138707,58,928,58,,Denmark,Ida Karstoft,,,,7,0,,
299587,138708,58,928,58,,Denmark,Mathilde Kramer,,,,7,0,,
299588,138709,58,928,58,,Denmark,Mette Graversgaard,,,,,0,DNS,
299628,138738,58,400,58,,Denmark,Frederik Schou-Nielsen,,,,7,0,,
299629,138739,58,43,58,,,Kojo Musah,,,,4,0,,
299630,138739,58,400,58,,Denmark,Kojo Musah,,,,7,0,,
299631,138740,58,400,58,,Denmark,Simon Hansen,,,,7,0,,
299632,138741,58,96,58,,,Thijs Nijhuis,,,,69,0,,
299665,138771,58,45,60,,,Dennick Luke,,,,8,0,,
299666,138772,58,1499,61,,Dominican Republic,Anabel Medina,,,,2,0,,Silver
299667,138773,58,339,61,,,Marileidy Paulino,,,,2,0,,Silver
299668,138773,58,1499,61,,Dominican Republic,Marileidy Paulino,,,,2,0,,Silver
299681,138785,58,1499,61,,Dominican Republic,Alexander Ogando,,,,2,0,,Silver
299682,138786,58,1499,61,,Dominican Republic,Lidio Féliz,,,,2,0,,Silver
299716,138820,58,1029,62,,,Andrea Paola Bonilla,,,,60,0,,
299717,138821,58,936,62,,,Glenda Morejón,,,,,0,DNF,
299718,138822,58,928,62,,Ecuador,Virginia Villalba,,,,,0,DNS,
299719,138823,58,928,62,,Ecuador,Yuliana Ángulo,,,,8,0,,
299732,138835,58,1021,62,,,David Hurtado,,,,19,0,,
299733,138836,58,1022,62,,,Jhonatan Amores,,,,27,0,,
299734,138837,58,1021,62,,,Jordy Jiménez,,,,35,0,,
299735,138838,58,393,62,,,Juan Caicedo,,,,28,0,,
299780,138871,58,383,63,,,Mohamed Magdi Hamza,,,,25,0,,
299781,138872,58,383,63,,,Mostafa Amr Hassan,,,,8,0,,
299853,138929,58,43,64,,,Dorian Keletela,,,,8,0,,
299854,138930,58,1020,64,,,Jamal Abdelmaji,,,,13,0,,
299855,138931,58,96,64,,,Tachlowini Gabriyesos,,,,16,0,,
299868,138943,58,1028,65,,,Dolshi Tesfu,,,,15,0,,
299869,138944,58,1029,65,,,Kokob Tesfagaber Solomon,,,,,0,DNF,
299870,138945,58,1029,65,,,Nazret Weldu,,,,43,0,,
299871,138946,58,1033,65,,,Rahel Daniel,,,,8,0,,
299873,138948,58,96,65,,,Oqbe Kibrom Ruesom,,,,34,0,,
299874,138949,58,96,65,,,Yohanes Ghebregergis,,,,22,0,,
299880,138954,58,467,66,,,José Andrés Salazar,,,,6,0,,
299883,138956,58,153,67,,,Ana Peleteiro,,,,3,0,,Bronze
299884,138957,58,1083,67,,,Carolina Robles,,,,14,0,,
299885,138958,58,1029,67,,,Elena Loyo,,,,29,0,,
299886,138959,58,927,67,,,Fátima Diame,,,,21,0,,
299887,138960,58,1014,67,,,Jaël Bestué,,,,4,0,,
299888,138961,58,1499,67,,Spain,Laura Bueno,,,,10,0,,
299889,138962,58,936,67,,,Laura García,,,,34,0,,
299890,138963,58,1029,67,,,Laura Méndez,,,,,0,DNF,
299891,138964,58,1032,67,,,Laura Redondo,,,,29,0,,
299892,138965,58,1033,67,,,Lucía Rodríguez,,,,16,0,,
299893,138966,58,1030,67,,,María Belén Toimil,,,,23,0,,
299894,138967,58,1025,67,,,María Isabel Pérez,,,,4,0,,
299895,138968,58,936,67,,,María Pérez,,,,4,0,,
299896,138969,58,1029,67,,,Marta Galimany,,,,37,0,,
299897,138970,58,1016,67,,,Marta Pérez,,,,9,0,,
299898,138971,58,1015,67,,,Natalia Romero,,,,8,0,,
299899,138972,58,1499,67,,Spain,Sara Gallego,,,,,0,DNS,
299900,138973,58,1027,67,,,Teresa Errandonea,,,,6,0,,
299972,139025,58,45,67,,,Adrián Ben,,,,5,0,,
299973,139026,58,46,67,,,Asier Martínez,,,,6,0,,
299974,139027,58,1023,67,,,Carlos Mayo,,,,13,0,,
299975,139028,58,1019,67,,,Daniel Arce,,,,13,0,,
299976,139029,58,96,67,,,Daniel Mateo,,,,21,0,,
299977,66704,58,1021,67,,,Diego García,,,,6,0,,
299978,139031,58,95,67,,,Ignacio Fontes,,,,13,0,,
299979,139032,58,96,67,,,Javier Guerra,,,,32,0,,
299980,31401,58,95,67,,,Jesús Gómez,,,,12,0,,
299981,139034,58,157,67,,,Jorge Ureña,,,,9,0,,
299982,139035,58,1022,67,,,Luis Manuel Corchete,,,,,0,DNF,
299983,139036,58,1022,67,,,Marc Tur,,,,4,0,,
299984,139037,58,1020,67,,,Mohamed Katir,,,,8,0,,
299985,139038,58,398,67,,,Odei Jainaga,,,,29,0,,
299986,139039,58,44,67,,,Óscar Husillos,,,,7,0,,
299987,139040,58,45,67,,,Pablo Sánchez-Valladares,,,,4,0,,
299988,139041,58,1499,67,,Spain,Samuel García,,,,10,0,,
299989,139042,58,45,67,,,Saúl Ordóñez,,,,5,0,,
300117,139141,58,157,68,,,Johannes Erm,,,,11,0,,
300118,139142,58,157,68,,,Karel Tilga,,,,20,0,,
300125,139146,58,1029,69,,,Birhane Dibaba,,,,,0,DNF,
300126,139147,58,1016,69,,,Diribe Welteji,,,,12,0,,
300127,139148,58,1033,69,,,Ejgayehu Taye,,,,5,0,,
300128,139149,58,1016,69,,,Freweyni Hailu,,,,4,0,,
300129,139150,58,1015,69,,,Netsanet Desta,,,,4,0,,
300130,139151,58,1028,69,,,Letesenbet Gidey,,,,3,0,,Bronze
300131,139152,58,1083,69,,,Lomi Muleta,,,,10,0,,
300132,139153,58,1029,69,,,Roza Dereje,,,,4,0,,
300133,139154,58,1028,69,,,Tsehay Gemechu,,,,,0,DQ,
300134,139155,58,1028,69,,,Tsigie Gebreselama,,,,,0,DNF,
300135,139156,58,1029,69,,,Zeineba Yimer,,,,,0,DNF,
300136,139157,58,1083,69,,,Zerfe Wondemagegn,,,,8,0,,
300138,139159,58,1019,69,,,Tadese Takele,,,,9,0,,
300139,139160,58,1020,69,,,Getnet Wale,,,,9,0,,
300140,139160,58,1019,69,,,Getnet Wale,,,,4,0,,
300141,139161,58,96,69,,,Lelisa Desisa,,,,,0,DNF,
300142,139162,58,1020,69,,,Nibret Melak,,,,14,0,,
300143,139163,58,95,69,,,Samuel Tefera,,,,9,0,,
300144,139164,58,95,69,,,Samuel Zeleke,,,,11,0,,
300145,139165,58,1023,69,,,Selemon Barega,,,,1,0,,Gold
300146,139166,58,96,69,,,Shura Kitata,,,,,0,DNF,
300147,139167,58,96,69,,,Sisay Lemma,,,,,0,DNF,
300148,139168,58,95,69,,,Teddese Lemi,,,,7,0,,
300149,139169,58,1020,69,,,Milkesa Mengesha,,,,10,0,,
300162,139182,58,43,71,,,"Banuve, Ratu Tabakaucoro",,,,8,0,,
300177,139197,58,1027,72,,,Annimari Korte,,,,5,0,,
300178,139198,58,496,72,,,Elina Lampela,,,,1,0,,
300179,139199,58,1024,72,,,Ella Junnila,,,,22,0,,
300180,139200,58,1032,72,,,Krista Tervo,,,,1,0,,
300181,139201,58,1018,72,,,Maria Huntington,,,,17,0,,
300182,139202,58,1027,72,,,Reetta Hurske,,,,6,0,,
300183,139203,58,1015,72,,,Sara Kuivisto,,,,6,0,,
300184,139203,58,1016,72,,,Sara Kuivisto,,,,7,0,,
300185,139204,58,153,72,,,Senni Salminen,,,,13,0,,
300186,139205,58,1032,72,,,Silja Kosonen,,,,14,0,,
300187,139206,58,1035,72,,,Viivi Lehikoinen,,,,5,0,,
300196,139214,58,46,72,,,Elmo Lakka,,,,7,0,,
300197,139215,58,49,72,,,Kristian Pulli,,,,9,0,,
300198,139216,58,398,72,,,Lassi Etelätalo,,,,8,0,,
300199,139217,58,398,72,,,Oliver Helander,,,,17,0,,
300200,139218,58,398,72,,,Toni Kuusela,,,,26,0,,
300201,139219,58,1019,72,,,Topi Raitanen,,,,8,0,,
300213,139230,58,339,73,,,Amandine Brossier,,,,6,0,,
300214,139230,58,340,73,,France,Amandine Brossier,,,,5,0,,
300215,139231,58,928,73,,France,Carolle Zahi,,,,7,0,,
300216,139232,58,1027,73,,,Cyréna Samba-Mayéla,,,,,0,DNS,
300217,139233,58,340,73,,France,Diana Iscaye,,,,,0,DNS,
300218,139234,58,928,73,,France,Eva Berger,,,,,0,DNS,
300219,139235,58,928,73,,France,Maroussia Paré,,,,,0,DNS,
300220,139236,58,928,73,,France,Orlann Ombissa-Dzangue,,,,7,0,,
300221,139237,58,153,73,,,Rouguy Diallo,,,,9,0,,
300222,139238,58,340,73,,France,Sokhna Lacoste,,,,5,0,,
300223,139239,58,1029,73,,,Susan Kipsang Jeptooo,,,,38,0,,
300353,139335,58,95,73,,,Alexis Miellet,,,,14,0,,
300354,139336,58,1019,73,,,Alexis Phelut,,,,12,0,,
300355,139337,58,400,73,,France,Amaury Golitin,,,,,0,DNS,
300356,139338,58,49,73,,,Augustin Bey,,,,1,0,,
300357,139339,58,46,73,,,Aurel Manga,,,,8,0,,
300358,139340,58,95,73,,,Azeddine Habz,,,,10,0,,
300359,139341,58,45,73,,,Benjamin Robert,,,,5,0,,
300360,139342,58,1019,73,,,Djilali Bedrani,,,,7,0,,
300361,139343,58,48,73,,,Ethan Cormont,,,,22,1,,
300362,139344,58,1021,73,,,Gabriel Bordier,,,,24,0,,
300363,139345,58,45,73,,,Gabriel Tual,,,,7,0,,
300364,139346,58,476,73,,France,Gilles Biron,,,,6,0,,
300365,139347,58,96,73,,,Hassan Chahdi,,,,44,0,,
300366,139348,58,1020,73,,,Hugo Hay,,,,7,0,,
300367,139349,58,50,73,,,Jean-Marc Pontvianne,,,,1,0,,
300368,139350,58,1020,73,,,Jimmy Gressier,,,,13,0,,
300369,139351,58,393,73,,,Lolassonn Djouhan,,,,21,0,,
300370,139352,58,1019,73,,,Louis Gilavert,,,,12,0,,
300371,139353,58,1013,73,,,Ludvy Vaillant,,,,7,0,,
300372,139354,58,50,73,,,Melvin Raffin,,,,12,0,,
300373,139355,58,1023,73,,,Morhad Amdouni,,,,10,0,,
300374,139355,58,96,73,,,Morhad Amdouni,,,,17,0,,
300375,139356,58,400,73,,France,Mouhamadou Fall,,,,3,0,,
300376,139357,58,476,73,,France,Muhammad Kounta,,,,6,0,,
300377,139358,58,96,73,,,Nicolas Navarro,,,,12,0,,
300378,139359,58,400,73,,France,Ryan Zézé,,,,3,0,,
300379,139360,58,48,73,,,Valentin Lavillenie,,,,17,0,,
300380,139361,58,1013,73,,,Wilfried Happio,,,,7,0,,
300527,139470,58,43,75,,,Scott James Fiti,,,,6,0,,
300530,139473,58,43,76,,,Guy Maganga Gorra,,,,8,0,,
300532,139475,58,43,77,,,Ebrima Camara,,,,6,0,,
300537,139478,58,927,78,,,Abigail Irozuru,,,,11,0,,
300538,139479,58,1083,78,,,Aimee Pratt,,,,11,0,,
300539,139480,58,1015,78,,,Alexandra Bell,,,,7,0,,
300540,139481,58,339,78,,,Ama Pipi,,,,7,0,,
300541,139481,58,340,78,,Great Britain,Ama Pipi,,,,5,0,,
300542,139482,58,1033,78,,,Amy-Eloise Markovc,,,,9,0,,
300543,139483,58,1014,78,,,Beth Dobbin,,,,5,0,,
300544,139484,58,1083,78,,,Lizzie Bird,,,,9,0,,
300545,139485,58,1024,78,,,Emily Borthwick,,,,16,0,,
300546,139486,58,340,78,,Great Britain,Hannah Williams,,,,,0,DNS,
300547,139487,58,928,78,,Great Britain,Imani-Lara Lansiquot,,,,3,0,,Bronze
300548,139488,58,1015,78,,,Jemma Reekie,,,,4,0,,
300549,139489,58,1029,78,,,Jess Piasecki,,,,71,0,,
300550,139490,58,1033,78,,,Jess Judd,,,,13,0,,
300551,139490,58,1028,78,,,Jess Judd,,,,17,0,,
300552,139491,58,1035,78,,,Jess Turner,,,,7,0,,
300553,139492,58,1035,78,,,Jessie Knight,,,,3,0,,
300554,139493,58,1016,78,,,Katie Snowden,,,,9,0,,
300555,139494,58,1015,78,,,Keely Hodgkinson,,,,2,0,,Silver
300556,139495,58,340,78,,Great Britain,Laviai Nielsen,,,,5,0,,
300557,139496,58,1035,78,,,Meghan Beesley,,,,7,0,,
300558,139497,58,339,78,,,Nicole Yeargin,,,,4,0,,
300559,139497,58,340,78,,Great Britain,Nicole Yeargin,,,,5,0,,
300560,139497,58,1499,78,,Great Britain,Nicole Yeargin,,,,6,0,,
300561,139498,58,1016,78,,,Revee Walcott-Nolan,,,,7,0,,
300562,139499,58,1029,78,,,Stephanie Davis,,,,39,0,,
300563,139500,58,340,78,,Great Britain,Zoey Clark,,,,5,0,,
300564,139500,58,1499,78,,Great Britain,Zoey Clark,,,,6,0,,
300720,139618,58,96,78,,,Ben Connor,,,,,0,DNF,
300721,139619,58,50,78,,,Ben Williams,,,,22,0,,
300722,139620,58,1021,78,,,Callum Wilkinson,,,,10,0,,
300723,139621,58,476,78,,Great Britain,Cameron Chalmers,,,,6,0,,
300724,139621,58,1499,78,,Great Britain,Cameron Chalmers,,,,6,0,,
300725,139622,58,45,78,,,Daniel Rowden,,,,5,0,,
300726,117566,58,46,78,,,David King,,,,7,0,,
300727,139624,58,48,78,,,Harry Coppell,,,,7,0,,
300728,139625,58,95,78,,,Jake Heyward,,,,9,0,,
300729,139626,58,95,78,,,Jake Wightman,,,,10,0,,
300730,139627,58,400,78,,Great Britain,Jona Efoloko,,,,,0,DNS,
300731,139628,58,476,78,,Great Britain,Joe Brier,,,,6,0,,
300732,139628,58,1499,78,,Great Britain,Joe Brier,,,,,0,DNS,
300733,139629,58,95,78,,,Josh Kerr,,,,3,0,,Bronze
300734,139630,58,476,78,,Great Britain,Lee Thompson,,,,6,0,,
300735,139630,58,1499,78,,Great Britain,Lee Thompson,,,,6,0,,
300736,139631,58,1020,78,,,Marc Scott,,,,6,0,,
300737,139631,58,1023,78,,,Marc Scott,,,,14,0,,
300738,139632,58,476,78,,Great Britain,Michael Ohioze,,,,6,0,,
300739,139633,58,476,78,,Great Britain,Niclas Baker,,,,,0,DNS,
300740,139633,58,1499,78,,Great Britain,Niclas Baker,,,,6,0,,
300741,139634,58,45,78,,,Oliver Dustin,,,,6,0,,
300742,139635,58,1019,78,,,Phil Norman,,,,13,0,,
300743,139636,58,43,78,,,Reece Prescod,,,,1,0,,
300744,139636,58,400,78,,Great Britain,Reece Prescod,,,,,0,DNS,
300745,139637,58,1023,78,,,Sam Atkin,,,,,0,DNF,
300746,139638,58,383,78,,,Scott Lincoln,,,,18,0,,
300747,139639,58,395,78,,,Taylor Campbell,,,,28,0,,
300748,139640,58,47,78,,,Tom Gale,,,,11,0,,
300749,139641,58,43,78,,,Zharnel Hughes,,,,4,0,,
300750,139641,58,400,78,,Great Britain,Zharnel Hughes,,,,,0,,
300872,139731,58,43,79,,,Seco Camara,,,,7,0,,
300874,139733,58,1030,81,,,Sopo Shatirishvili,,,,31,0,,
300891,139750,58,1025,82,,,Alba Mbo Nchama,,,,8,0,,
300898,139754,58,1025,83,,,Alexandra Burghardt,,,,4,0,,
300899,139754,58,928,83,,Germany,Alexandra Burghardt,,,,5,0,,
300901,139755,58,1499,83,,Germany,Alica Schmidt,,,,,0,DNS,
300902,139756,58,1035,83,,,Carolina Krafzik,,,,4,0,,
300903,139756,58,340,83,,Germany,Carolina Krafzik,,,,4,0,,
300904,139757,58,1016,83,,,Caterina Granz,,,,12,0,,
300905,139758,58,1026,83,,,Claudine Vita,,,,9,0,,
300906,139759,58,339,83,,,Corinna Schwab,,,,4,0,,
300907,139759,58,340,83,,Germany,Corinna Schwab,,,,4,0,,
300908,139759,58,1499,83,,Germany,Corinna Schwab,,,,2,0,,
300909,139760,58,1029,83,,,Deborah Schöneborn,,,,18,0,,
300910,139761,58,1083,83,,,Elena Burkard,,,,6,0,,
300911,139762,58,1499,83,,Germany,Hannah Mergenthaler,,,,,0,DNS,
300912,139763,58,1024,83,,,Imke Onnen,,,,26,0,,
300913,139764,58,928,83,,Germany,Jennifer Montag,,,,,0,DNS,
300914,139765,58,1014,83,,,Jessica-Bianca Wessolly,,,,5,0,,
300915,139766,58,1030,83,,,Katharina Maisch,,,,15,0,,
300916,139767,58,1029,83,,,Katharina Steinruck,,,,31,0,,
300917,139768,58,1015,83,,,Katharina Trost,,,,8,0,,
300918,139769,58,1026,83,,,Kristin Pudenz,,,,2,0,,Silver
300919,139770,58,1083,83,,,Lea Meyer,,,,7,0,,
300920,139771,58,928,83,,Germany,Lisa Nippgen,,,,,0,DNS,
300921,139772,58,1014,83,,,Lisa-Marie Kwayie,,,,8,0,,
300922,139773,58,1026,83,,,Marike Steinacker,,,,8,0,,
300923,139774,58,927,83,,,Maryse Luzolo,,,,15,0,,
300924,139775,58,1029,83,,,Melat Kejeta,,,,6,0,,
300925,139776,58,153,83,,,Neele Eckhardt,,,,14,0,,
300926,139777,58,1027,83,,,Ricarda Lobe,,,,8,0,,
300927,139778,58,1032,83,,,Samantha Borutta,,,,24,0,,
300928,139779,58,936,83,,,Saskia Feige,,,,,0,DNF,
300929,139780,58,1018,83,,,Vanessa Grimm,,,,19,0,,
301034,139852,58,96,83,,,Amanal Petros,,,,29,0,,
301035,139853,58,95,83,,,Amos Bartelsmeyer,,,,11,0,,
301036,139854,58,398,83,,,Bernhard Seifert,,,,31,0,,
301037,139855,58,48,83,,,Bo Kanda Lita Baehre,,,,11,1,,
301038,139856,58,1013,83,,,Constantin Preis,,,,4,0,,
301039,139857,58,393,83,,,David Wrobel,,,,22,0,,
301040,139858,58,400,83,,Germany,Deniz Almas,,,,5,0,,
301041,139859,58,96,83,,,Hendrik Pfeiffer,,,,49,0,,
301042,139860,58,476,83,,Germany,Jean Paul Bredau,,,,8,0,,
301043,139861,58,1022,83,,,Jonathan Hilbert,,,,2,0,,Silver
301044,139862,58,1013,83,,,Joshua Abuaku,,,,8,0,,
301045,139863,58,1019,83,,,Karl Bebendorf,,,,11,0,,
301046,139864,58,1021,83,,,Leo Köpp,,,,22,0,,
301047,139865,58,400,83,,Germany,Lucas Ansah-Peprah,,,,5,0,,
301048,139866,58,1013,83,,,Luke Campbell,,,,5,0,,
301049,139866,58,476,83,,Germany,Luke Campbell,,,,8,0,,
301050,139867,58,476,83,,Germany,Manuel Sanders,,,,8,0,,
301051,139867,58,1499,83,,Germany,Manuel Sanders,,,,2,0,,
301052,139868,58,1499,83,,Germany,Marc Koch,,,,,0,DNS,
301053,139869,58,44,83,,,Marvin Schlegel,,,,6,0,,
301054,139869,58,476,83,,Germany,Marvin Schlegel,,,,8,0,,
301055,139869,58,1499,83,,Germany,Marvin Schlegel,,,,2,0,,
301056,139870,58,400,83,,Germany,Marvin Schulte,,,,,0,DNS,
301057,139871,58,1020,83,,,Mohamed Mohumed,,,,16,0,,
301058,139872,58,1022,83,,,Nathaniel Seiler,,,,42,0,,
301059,139873,58,157,83,,,Niklas Kaul,,,,,0,DNF,
301060,139874,58,48,83,,,Oleg Zernikel,,,,9,0,,
301061,139875,58,400,83,,Germany,Owen Ansah,,,,,0,DNS,
301062,139876,58,95,83,,,Robert Farken,,,,8,0,,
301063,139877,58,467,83,,,Steven Müller,,,,6,0,,
301064,139878,58,476,83,,Germany,Tobias Lange,,,,,0,DNS,
301065,139879,58,48,83,,,Torben Blech,,,,25,1,,
301066,139880,58,476,83,,Germany,Torben Junker,,,,,0,DNS,
301067,139881,58,395,83,,,Tristan Schwandke,,,,21,0,,
301209,139993,58,153,84,,,Nadia Eke,,,,1,0,,
301211,139995,58,43,84,,,Benjamin Azamati-Kwaku,,,,3,0,,
301212,139995,58,400,84,,Ghana,Benjamin Azamati-Kwaku,,,,2,0,,
301213,139996,58,400,84,,Ghana,Emmanuel Yeboah,,,,2,0,,
301214,139997,58,400,84,,Ghana,Joseph Manu,,,,,0,DNS,
301215,139998,58,467,84,,,Joseph Paul Amoah,,,,3,0,,
301216,139998,58,400,84,,Ghana,Joseph Paul Amoah,,,,2,0,,
301217,139999,58,400,84,,Ghana,Sarfo Ansah,,,,,0,DNS,
301221,140003,58,496,85,,,Eleni-Klaoudia Polak,,,,19,0,,
301222,140004,58,936,85,,,Kiriaki Filtisakou,,,,29,0,,
301223,140005,58,1025,85,,,Rafaela Spanoudaki-Chatziriga,,,,5,0,,
301224,140005,58,1014,85,,,Rafaela Spanoudaki-Chatziriga,,,,9,0,,
301225,140006,58,1032,85,,,Stamatia Scarvelis,,,,18,0,,
301238,140018,58,395,85,,,Christos Frantzeskakis,,,,25,0,,
301239,140019,58,48,85,,,Emmanouil Karalis,,,,4,1,,
301259,140036,58,398,86,,,Anderson Peters,,,,15,0,,
301282,140059,58,1025,90,,,Jasmine Abrams,,,,7,0,,
301284,140061,58,43,90,,,Emanuel Archibald,,,,9,0,,
301292,140069,58,936,92,,,Ching Siu Nga,,,,35,0,,
301315,140082,58,46,92,,,Chan Chung Wang,,,,8,0,,
301352,140115,58,1015,94,,,Bianka Bartha-Kéri,,,,6,0,,
301353,140116,58,1027,94,,,Luca Kozák,,,,1,0,,
301354,140117,58,1032,94,,,Réka Gyurátz,,,,26,0,,
301355,140118,58,1017,94,,,Réka Szilágyi,,,,25,0,,
301356,140119,58,1083,94,,,Zita Kácser,,,,13,0,,
301417,140165,58,95,94,,,István Szögi,,,,12,0,,
301418,140166,58,1013,94,,,Máté Koroknai,,,,6,0,,
301419,140167,58,398,94,,,Norbert Rivasz-Tóth,,,,22,0,,
301420,140168,58,46,94,,,Valdó Szűcs,,,,4,0,,
301465,140200,58,1025,95,,,Alvin Tehupeiory,,,,8,0,,
301479,140211,58,43,95,,,Lalu Muhammad Zohri,,,,5,0,,
301487,140218,58,1017,96,,,Annu Rani,,,,29,0,,
301488,140219,58,936,96,,,Bhawna Jat,,,,32,0,,
301489,131635,58,1022,96,,,Gurpreet Singh,,,,,0,DNF,
301490,140221,58,1026,96,,,Kamalpreet Kaur,,,,6,0,,
301491,140222,58,936,96,,,Priyanka,,,,17,0,,
301492,140223,58,1499,96,,India,Revathi Veeramani,,,,15,0,,
301493,140224,58,1499,96,,India,Subha Venkatesan,,,,15,0,,
301523,140247,58,1499,96,,India,Alex Antony,,,,,0,DNS,
301524,140248,58,476,96,,India,Amoj Jacob,,,,4,0,,
301525,140249,58,1019,96,,,Avinash Mukund Sable,,,,7,0,,
301526,140250,58,1013,96,,,Jabir Madari Palliyalil,,,,7,0,,
301527,140251,58,476,96,,India,Naganathan Pandi,,,,,0,DNS,
301528,140252,58,398,96,,,Neeraj Chopra,,,,1,0,,Gold
301529,140253,58,476,96,,India,Noah Nirmal Tom,,,,4,0,,
301530,140254,58,1021,96,,,Rohilla,,,,47,0,,
301531,140255,58,1499,96,,India,Sarthak Bhambri,,,,,0,DNS,
301532,140256,58,398,96,,,Shivpal Singh,,,,27,0,,
301533,140257,58,49,96,,,Murali Sreeshankar,,,,25,0,,
301534,140258,58,383,96,,,Tajinderpal Singh Toor,,,,24,0,,
301569,140290,58,1025,98,,,Farzaneh Fasihi,,,,8,0,,
301622,140335,58,1029,99,,,Aoife Cooke,,,,,0,DNF,
301623,140336,58,1083,99,,,Eilish Flanagan,,,,12,0,,
301624,140337,58,1015,99,,,Nadia Power,,,,7,0,,
301625,140338,58,1014,99,,,Phil Healy,,,,5,0,,
301626,140338,58,339,99,,,Phil Healy,,,,4,0,,
301627,140338,58,1499,99,,Ireland,Phil Healy,,,,8,0,,
301628,140339,58,1016,99,,,Sarah Healy,,,,11,0,,
301629,140340,58,1027,99,,,Sarah Lavin,,,,7,0,,
301630,140341,58,1015,99,,,Síofra Cléirigh Büttner,,,,7,0,,
301631,140342,58,1499,99,,Ireland,Sophie Becker,,,,8,0,,
301672,140376,58,95,99,,,Andrew Coscoran,,,,10,0,,
301673,140377,58,1499,99,,Ireland,Chris O'Donnell,,,,8,0,,
301674,140378,58,1499,99,,Ireland,Cillin Greene,,,,8,0,,
301675,140379,58,1021,99,,,David Kenny,,,,29,0,,
301676,140380,58,467,99,,,Leon Reid,,,,7,0,,
301677,140381,58,467,99,,,Marcus Lawler,,,,6,0,,
301678,140382,58,96,99,,,Stephen Scullion,,,,,0,DNF,
301726,140423,58,44,100,,,Taha Hussein Yaseen,,,,6,0,,
301727,140424,58,1083,102,,,Adva Cohen,,,,14,0,,
301728,140425,58,1025,102,,,Diana Vaisman,,,,4,0,,
301729,140426,58,1033,102,,,Selam Teferi,,,,10,0,,
301730,140426,58,1028,102,,,Selam Teferi,,,,23,0,,
301764,140450,58,96,102,,,Girmaw Amare,,,,27,0,,
301765,140451,58,96,102,,,Haimro Almaya,,,,36,0,,
301821,140494,58,340,104,,Italy,Alice Mangione,,,,7,0,,
301822,140494,58,1499,104,,Italy,Alice Mangione,,,,11,0,,
301823,140495,58,340,104,,Italy,Anna Polinari,,,,,0,DNS,
301824,140496,58,1026,104,,,Daisy Osakue,,,,12,0,,
301825,140497,58,1024,104,,,Elena Vallortigara,,,,17,0,,
301826,140498,58,1035,104,,,Eleonora Marchiando,,,,5,0,,
301827,140499,58,1027,104,,,Elisa Maria di Lazzaro,,,,5,0,,
301828,140500,58,496,104,,,Elisa Molinarolo,,,,18,0,,
301829,140501,58,1016,104,,,Federica Del Buono,,,,11,0,,
301830,140502,58,1016,104,,,Gaia Sabbatini,,,,8,0,,
301831,140503,58,1499,104,,Italy,Giancarla Trevisan,,,,,0,DNS,
301832,140504,58,1029,104,,,Giovanna Epis,,,,32,0,,
301833,140505,58,928,104,,Italy,Irene Siragusa,,,,6,0,,
301834,140506,58,928,104,,Italy,Johanelis Herrera,,,,,0,DNS,
301835,140507,58,1035,104,,,Linda Olivieri,,,,7,0,,
301836,140508,58,1027,104,,,Luminosa Bogliolo,,,,4,0,,
301837,140509,58,1033,104,,,Nadia Battocletti,,,,7,0,,
301838,140510,58,340,104,,Italy,Petra Nardelli,,,,7,0,,
301839,140511,58,340,104,,Italy,Raphaela Lukudo,,,,,0,DNS,
301840,140512,58,340,104,,Italy,Rebecca Borga,,,,7,0,,
301841,140512,58,1499,104,,Italy,Rebecca Borga,,,,11,0,,
301842,140513,58,496,104,,,Roberta Bruni,,,,24,1,,
301843,140514,58,1032,104,,,Sara Fantini,,,,12,0,,
301844,140515,58,936,104,,,Valentina Trapletti,,,,18,0,,
301845,140516,58,1025,104,,,Vittoria Fontana,,,,7,0,,
301846,140516,58,928,104,,Italy,Vittoria Fontana,,,,6,0,,
301847,140517,58,928,104,,Italy,Zaynab Dosso,,,,,0,DNS,
301969,140608,58,1019,104,,,Ahmed Abdelwahed,,,,14,0,,
301970,140609,58,1019,104,,,Ala Zoghlami,,,,9,0,,
301971,140610,58,1013,104,,,Alessandro Sibilio,,,,8,0,,
301972,140610,58,476,104,,Italy,Alessandro Sibilio,,,,7,0,,
301973,140611,58,1022,104,,,Andrea Agrusti,,,,23,0,,
301974,140612,58,50,104,,,Andrea Dallavalle,,,,9,0,,
301975,140613,58,467,104,,,Antonio Infantino,,,,5,0,,
301976,140614,58,1499,104,,Italy,Brayan Lopez,,,,,0,DNS,
301977,140615,58,48,104,,,Claudio Stecchi,,,,1,0,,
301978,140616,58,44,104,,,Davide Re,,,,5,0,,
301979,140616,58,476,104,,Italy,Davide Re,,,,7,0,,
301980,140617,58,44,104,,,Edoardo Scotti,,,,4,0,,
301981,140617,58,476,104,,Italy,Edoardo Scotti,,,,7,0,,
301982,140617,58,1499,104,,Italy,Edoardo Scotti,,,,11,0,,
301983,140618,58,50,104,,,Emmanuel Ihemeje,,,,11,0,,
301984,140619,58,96,104,,,Eyob Faniel,,,,20,0,,
301985,140620,58,1021,104,,,Federico Tontodonati,,,,44,0,,
301986,140621,58,49,104,,,Filippo Randazzo,,,,8,0,,
301987,140622,58,1021,104,,,Francesco Fortunato,,,,15,0,,
301988,140623,58,393,104,,,Giovanni Faloci,,,,29,0,,
301989,140624,58,476,104,,Italy,Giuseppe Leonardi,,,,,0,DNS,
301990,140625,58,46,104,,,Hassane Fofana,,,,8,0,,
301991,140626,58,400,104,,Italy,Hillary Polanco,,,,,0,DNS,
301992,140627,58,43,104,,,Lamont Marcell Jacobs,,,,1,0,,Gold
301993,140627,58,400,104,,Italy,Lamont Marcell Jacobs,,,,1,0,,Gold
301994,140628,58,400,104,,Italy,Lorenzo Patta,,,,1,0,,Gold
301995,140629,58,1021,104,,,Massimo Stano,,,,1,0,,Gold
301996,140630,58,383,104,,,Nick Ponzio,,,,20,0,,
301997,140631,58,1019,104,,,Osama Zoghlami,,,,4,0,,
301998,140632,58,46,104,,,Paolo Dal Molin,,,,4,0,,
301999,140633,58,476,104,,Italy,Vladimir Aceti,,,,7,0,,
302000,140633,58,1499,104,,Italy,Vladimir Aceti,,,,11,0,,
302001,140634,58,96,104,,,Yassine El-Fathaoui,,,,46,0,,
302002,140635,58,96,104,,,Yassine Rachik,,,,,0,DNF,
302003,140636,58,1020,104,,,Yemaneberhan Crippa,,,,15,0,,
302004,140636,58,1023,104,,,Yemaneberhan Crippa,,,,11,0,,
302005,140637,58,383,104,,,Zane Weir,,,,5,0,,
302114,140722,58,927,105,,,Chantel Malone,,,,12,0,,
302115,140723,58,928,106,,Jamaica,Briana Williams,,,,1,0,,Gold
302116,140724,58,1027,106,,,Britany Anderson,,,,8,0,,
302117,140725,58,339,106,,,Candice McLeod,,,,5,0,,
302118,140725,58,340,106,,Jamaica,Candice McLeod,,,,3,0,,Bronze
302119,140726,58,927,106,,,Chanice Porter,,,,24,0,,
302120,140727,58,1030,106,,,Lloydricia Cameron,,,,22,0,,
302121,140728,58,928,106,,Jamaica,Natasha Morrison,,,,1,0,,Gold
302122,140729,58,928,106,,Jamaica,Remona Burchell,,,,1,0,,Gold
302123,140730,58,1035,106,,,Ronda Whyte,,,,4,0,,
302124,140731,58,339,106,,,Roneisha McGregor,,,,3,0,,
302125,140731,58,340,106,,Jamaica,Roneisha McGregor,,,,3,0,,Bronze
302126,140732,58,340,106,,Jamaica,Stacey-Ann Williams,,,,3,0,,Bronze
302127,140732,58,1499,106,,Jamaica,Stacey-Ann Williams,,,,7,0,,
302128,140733,58,927,106,,,Tissanna Hickling,,,,25,0,,
302129,140734,58,340,106,,Jamaica,Tovea Jenkins,,,,,0,DNS,
302130,140734,58,1499,106,,Jamaica,Tovea Jenkins,,,,7,0,,
302131,140735,58,1027,106,,,Yanique Thompson,,,,1,0,,
302134,140738,58,49,106,,,Carey McLeod,,,,21,0,,
302135,140738,58,50,106,,,Carey McLeod,,,,24,0,,
302136,140739,58,393,106,,,Chad Wright,,,,9,0,,
302137,140740,58,44,106,,,Christopher Taylor,,,,6,0,,
302138,140740,58,476,106,,Jamaica,Christopher Taylor,,,,6,0,,
302139,140741,58,46,106,,,Damion Thomas,,,,3,0,,
302140,140742,58,44,106,,,Demish Gaye,,,,4,0,,
302141,140742,58,476,106,,Jamaica,Demish Gaye,,,,6,0,,
302142,140743,58,1499,106,,Jamaica,Javeir Brown,,,,,0,DNS,
302143,140744,58,467,106,,,Julian Forte,,,,7,0,,
302144,140744,58,400,106,,Jamaica,Julian Forte,,,,4,0,,
302145,140745,58,476,106,,Jamaica,Karayme Bartley,,,,6,0,,
302146,140745,58,1499,106,,Jamaica,Karayme Bartley,,,,7,0,,
302147,140746,58,1013,106,,,Kemar Mowatt,,,,5,0,,
302148,140747,58,400,106,,Jamaica,Nigel Ellis,,,,,0,DNS,
302149,140748,58,43,106,,,Oblique Seville,,,,4,0,,
302150,140748,58,400,106,,Jamaica,Oblique Seville,,,,4,0,,
302151,140749,58,467,106,,,Rasheed Dwyer,,,,7,0,,
302152,140750,58,46,106,,,Ronald Levy,,,,3,0,,Bronze
302153,140751,58,476,106,,Jamaica,Sean Bailey,,,,,0,DNS,
302154,140751,58,1499,106,,Jamaica,Sean Bailey,,,,7,0,,
302155,140752,58,1013,106,,,Shawn Rowe,,,,6,0,,
302156,140753,58,49,106,,,Tajay Gayle,,,,11,0,,
302157,140754,58,43,106,,,Tyquendo Tracey,,,,,0,DNS,
302158,140754,58,400,106,,Jamaica,Tyquendo Tracey,,,,,0,DNS,
302162,140757,58,339,107,,,Aliya Boshnak,,,,2,0,,
302176,140768,58,928,108,,Japan,Ami Saito,,,,7,0,,
302177,140769,58,1027,108,,,Asuka Terada,,,,6,0,,
302178,140770,58,928,108,,Japan,Hanae Aoyama,,,,7,0,,
302179,140771,58,1017,108,,,Haruka Kitaguchi,,,,12,0,,
302180,140772,58,1029,108,,,Honami Maeda,,,,33,0,,
302181,140773,58,1033,108,,,Kaede Hagitani,,,,12,0,,
302182,140774,58,936,108,,,Kaori Kawazoe,,,,40,0,,
302183,140775,58,1029,108,,,Mao Ichiyama,,,,8,0,,
302184,140776,58,1027,108,,,Masumi Aoki,,,,7,0,,
302185,140777,58,928,108,,Japan,Mei Kodama,,,,7,0,,
302186,140778,58,936,108,,,Nanako Fujii,,,,13,0,,
302187,140779,58,1016,108,,,Nozomi Tanaka,,,,8,0,,
302188,140779,58,1033,108,,,Nozomi Tanaka,,,,6,0,,
302189,140780,58,1016,108,,,Ran Urabe,,,,9,0,,
302190,140781,58,928,108,,Japan,Remi Tsuruta,,,,7,0,,
302191,140782,58,1033,108,,,Ririka Hironaka,,,,9,0,,
302192,140782,58,1028,108,,,Ririka Hironaka,,,,7,0,,
302193,140783,58,928,108,,Japan,Yu Ishikawa,,,,,0,DNS,
302194,140784,58,1028,108,,,Yuka Ando,,,,22,0,,
302195,140785,58,1083,108,,,Yuno Yamanaka,,,,10,0,,
302424,140974,58,467,108,,,Abdul Hakim Sani Brown,,,,6,0,,
302425,140975,58,1023,108,,,Akira Aizawa,,,,17,0,,
302426,140976,58,476,108,,Japan,Aoto Suzuki,,,,5,0,,
302427,140977,58,400,108,,Japan,Bruno Dede,,,,,0,DNS,
302428,140978,58,1022,108,,,Hayato Katsuki,,,,30,0,,
302429,140979,58,49,108,,,Hibiki Tsuha,,,,26,0,,
302430,140980,58,1020,108,,,Hiroki Matsueda,,,,18,0,,
302431,140981,58,1013,108,,,Hiromu Yamauchi,,,,6,0,,
302432,140982,58,476,108,,Japan,Kaito Kawabata,,,,5,0,,
302433,140983,58,1013,108,,,Kazuki Kurokawa,,,,6,0,,
302434,140984,58,476,108,,Japan,Kentaro Sato,,,,5,0,,
302435,140985,58,1021,108,,,Koki Ikeda,,,,2,0,,Silver
302436,140986,58,1019,108,,,Kosei Yamaguchi,,,,12,0,,
302437,140987,58,48,108,,,Masaki Ejima,,,,25,1,,
302438,140988,58,1022,108,,,Masatora Kawano,,,,6,0,,
302439,140989,58,47,108,,,Naoto Tobe,,,,13,0,,
302440,140990,58,476,108,,Japan,Rikuya Ito,,,,5,0,,
302441,140991,58,1019,108,,,Ryoma Aoki,,,,9,0,,
302442,140992,58,1019,108,,,Ryuji Miura,,,,7,0,,
302443,140993,58,1022,108,,,Satoshi Maruo,,,,32,0,,
302444,140994,58,96,108,,,Shogo Nakamura,,,,61,0,,
302445,140995,58,49,108,,,Shotaro Shiroyama,,,,23,0,,
302446,140996,58,43,108,,,Shuhei Tada,,,,6,0,,
302447,140996,58,400,108,,Japan,Shuhei Tada,,,,2,0,,
302448,140997,58,46,108,,,Shunsuke Izumiya,,,,3,0,,
302449,140998,58,46,108,,,Shunya Takayama,,,,6,0,,
302450,140999,58,46,108,,,Taio Kanai,,,,8,0,,
302451,141000,58,1013,108,,,Takatoshi Abe,,,,6,0,,
302452,141001,58,398,108,,,Takuto Kominami,,,,19,0,,
302453,141002,58,1023,108,,,Tatsuhiko Ito,,,,22,0,,
302454,141003,58,1021,108,,,Toshikazu Yamanishi,,,,3,0,,Bronze
302455,141004,58,49,108,,,Yuki Hashioka,,,,6,0,,
302456,141005,58,43,108,,,Yuki Koike,,,,4,0,,
302457,141005,58,400,108,,Japan,Yuki Koike,,,,2,0,,
302458,141006,58,96,108,,,Yuma Hattori,,,,72,0,,
302459,141007,58,1020,108,,,Yuta Bando,,,,17,0,,
302713,141211,58,1024,109,,,Kristina Ovchinnikova,,,,29,0,,
302714,141212,58,153,109,,,Mariya Ovchinnikova,,,,26,0,,
302715,141213,58,1024,109,,,Nadezhda Dubovitskaya,,,,28,0,,
302716,141214,58,1029,109,,,Zhanna Mamazhanova,,,,46,0,,
302732,141227,58,44,109,,,Mikhail Litvin,,,,7,0,,
302778,141263,58,1033,110,,,Agnes Tirop,,,,4,0,,
302779,141264,58,1029,110,,,Brigid Kosgei,,,,2,0,,Silver
302780,141265,58,1015,110,,,Emily Cherotich Tuei,,,,8,0,,
302781,141266,58,339,110,,,Hellen Syombua Kalii,,,,5,0,,
302782,141267,58,1028,110,,,Irene Cheptai,,,,6,0,,
302783,141268,58,1033,110,,,Lilian Rengeruk,,,,12,0,,
302784,141269,58,1015,110,,,Mary Moraa,,,,3,0,,
302785,141270,58,1029,110,,,Peres Jepchirchir,,,,1,0,,Gold
302786,141271,58,1083,110,,,Purity Kirui,,,,5,0,,
302787,141272,58,1029,110,,,Ruth Chepngetich,,,,,0,DNF,
302788,141273,58,1028,110,,,Sheila Chelangat,,,,16,0,,
302817,141302,58,95,110,,,Abel Kipsang,,,,4,0,,
302818,141303,58,1019,110,,,Abraham Kibiwot,,,,10,0,,
302819,141304,58,96,110,,,Amos Kipruto,,,,,0,DNF,
302820,141305,58,1019,110,,,Benjamin Kigen,,,,3,0,,Bronze
302821,141306,58,95,110,,,Charles Simotwo,,,,6,0,,
302822,141307,58,1020,110,,,Daniel Ebenyo,,,,10,0,,
302823,141308,58,44,110,,,Emmanuel Korir,,,,4,0,,
302824,141308,58,45,110,,,Emmanuel Korir,,,,1,0,,Gold
302825,141309,58,43,110,,,Ferdinand Omanyala,,,,3,0,,
302826,141310,58,96,110,,,Lawrence Cherono,,,,4,0,,
302827,141311,58,1019,110,,,Leonard Bett,,,,5,0,,
302828,141312,58,47,110,,,Mathew Sawe,,,,30,1,,
302829,141313,58,45,110,,,Michael Saruni,,,,6,0,,
302830,141314,58,1020,110,,,Nicholas Kipkorir Kimeli,,,,4,0,,
302831,141315,58,1023,110,,,Rodgers Kwemoi,,,,7,0,,
302832,141316,58,1020,110,,,Samwel Masai,,,,,0,DNS,
302833,141317,58,95,110,,,Timothy Cheruiyot,,,,2,0,,Silver
302834,141318,58,1023,110,,,Weldon Langat,,,,20,0,,
302849,141333,58,1020,111,,,Nursultan Keneshbekov,,,,18,0,,
302859,141343,58,43,112,,,Lataisi Mwea,,,,8,0,,
302867,141347,58,1029,113,,,Choi Gyeong-Seon,,,,34,0,,
302967,141426,58,48,113,,,Jin Min-Seop,,,,19,1,,
302968,141427,58,96,113,,,Oh Ju-Hwan,,,,,0,DNF,
303073,141503,58,1025,115,,,Yasmeen Al-Dabbagh,,,,9,0,,
303074,141504,58,44,115,,,Mazen Al-Yassin,,,,4,0,,
303095,141525,58,1025,116,,,Mudhawi Al-Shammari,,,,8,0,,
303097,141527,58,46,116,,,Yaqoub Al-Youha,,,,7,0,,
303101,141531,58,1025,117,,,Silina Pha Aphay,,,,6,0,,
303102,141532,58,1017,118,,,Anete Kociņa,,,,21,0,,
303103,141533,58,1032,118,,,Laura Igaune,,,,20,0,,
303107,141536,58,398,118,,,Gatis Čakšs,,,,18,0,,
303108,141537,58,1022,118,,,Ruslans Smolonskis,,,,,0,DQ,
303121,141550,58,1025,119,,,Hadel Aboud,,,,5,0,,
303124,141553,58,467,120,,,Noureddine Hadid,,,,8,0,,
303126,141555,58,1027,121,,,Ebony Morrison,,,,6,0,,
303127,141556,58,467,121,,,Joseph Fahnbulleh,,,,5,0,,
303130,141559,58,1029,123,,,Neheng Khatala,,,,20,0,,
303131,141560,58,96,123,,,Khoarahlane Seutloali,,,,66,0,,
303135,141564,58,339,126,,,Agnė Šerkšnienė,,,,6,0,,
303136,141565,58,153,126,,,Diana Zagainova,,,,28,0,,
303137,141566,58,1017,126,,,Liveta Jasiūnaitė,,,,7,0,,
303144,141571,58,47,126,,,Adrijus Glebauskas,,,,26,1,,
303145,141572,58,398,126,,,Edis Matusevičius,,,,14,0,,
303146,141573,58,467,126,,,Gediminas Truskauskas,,,,5,0,,
303153,141579,58,383,127,,,Bob Bertemes,,,,21,0,,
303160,141586,58,44,128,,,Todisoa Franck Rabearison,,,,8,0,,
303164,141590,58,1029,130,,,Rkia El-Moukim,,,,56,0,,
303175,141601,58,95,130,,,Abdelatif Sadiki,,,,8,0,,
303176,141602,58,1019,130,,,Abdelkarim Ben Zahra,,,,10,0,,
303177,141603,58,96,130,,,Hamza Sahli,,,,18,0,,
303178,141604,58,96,130,,,Mohamed Reda El-Aaraby,,,,11,0,,
303179,141605,58,1019,130,,,Mohamed Tindouft,,,,13,0,,
303180,141606,58,96,130,,,Othmane El-Goumri,,,,9,0,,
303181,141607,58,45,130,,,Oussama Nabil,,,,4,0,,
303199,141622,58,1025,131,,,Azreen Nabila Alias,,,,6,0,,
303213,141632,58,1025,132,,,Asimenye Simwaka,,,,8,0,,
303217,141636,58,1026,133,,,Alexandra Emilianov,,,,30,0,,
303225,141642,58,398,133,,,Andrian Mardare,,,,7,0,,
303232,141648,58,936,135,,,Alegna González,,,,5,0,,
303233,141649,58,1029,135,,,Andrea Ramírez,,,,,0,DNF,
303234,141650,58,1029,135,,,Daniela Torres,,,,65,0,,
303235,141651,58,936,135,,,Ilse Guerrero,,,,51,0,,
303236,141652,58,1016,135,,,Laura Galván,,,,12,0,,
303237,141652,58,1033,135,,,Laura Galván,,,,11,0,,
303238,141653,58,1029,135,,,Úrsula Sánchez,,,,64,0,,
303281,141690,58,1021,135,,,Andrés Eduardo Olivas,,,,11,0,,
303282,141691,58,45,135,,,Jesús Tonatiú López,,,,3,0,,
303283,141692,58,96,135,,,José Juan Esparza,,,,73,0,,
303284,141693,58,96,135,,,José Luis Santana,,,,55,0,,
303285,141694,58,96,135,,,Juan Pacheco,,,,64,0,,
303395,141790,58,44,138,,,Jovan Stojoski,,,,7,0,,
303400,141795,58,467,139,,,Fodé Sissoko,,,,4,0,,
303403,141798,58,1025,140,,,Carla Scicluna,,,,8,0,,
303408,141802,58,1024,141,,,Marija Vuković,,,,9,0,,
303442,141836,58,1013,143,,,Creve Machava,,,,5,0,,
303445,141839,58,46,144,,,Jérémie Lararaudeuse,,,,7,0,,
303448,141842,58,1020,145,,,Abidine Abidine,,,,19,0,,
303450,141844,58,1014,147,,,Beatrice Masilingi,,,,6,0,,
303451,141845,58,1014,147,,,Christine Mboma,,,,2,0,,Silver
303453,141847,58,96,147,,,Tomas Hilifa Rainhold,,,,41,0,,
303460,141854,58,43,149,,,Yeykell Romero,,,,7,0,,
303463,141857,58,340,150,,Netherlands,Andrea Bouma,,,,,0,DNS,
303464,141858,58,340,150,,Netherlands,Anne van de Wiel,,,,,0,DNS,
303465,141859,58,1033,150,,,Diane van Es,,,,16,0,,
303466,141860,58,1018,150,,,Emma Oosterwegel,,,,3,0,,Bronze
303467,141861,58,1035,150,,,Femke Bol,,,,3,0,,Bronze
303468,141861,58,340,150,,Netherlands,Femke Bol,,,,6,0,,
303469,141861,58,1499,150,,Netherlands,Femke Bol,,,,4,0,,
303470,141862,58,340,150,,Netherlands,Hanneke Oosterwegel,,,,,0,DNS,
303471,141862,58,1499,150,,Netherlands,Hanneke Oosterwegel,,,,,0,DNS,
303472,141863,58,1083,150,,,Irene van der Reijken,,,,9,0,,
303473,141864,58,1030,150,,,Jessica Schilder,,,,19,0,,
303474,141865,58,1029,150,,,Jill Holterman,,,,63,0,,
303475,141866,58,1026,150,,,Jorinde van Klinken,,,,14,0,,
303476,141867,58,928,150,,Netherlands,Leonie van Vliet,,,,,0,DNS,
303477,141868,58,339,150,,,Lieke Klaver,,,,6,0,,
303478,141868,58,340,150,,Netherlands,Lieke Klaver,,,,6,0,,
303479,141868,58,1499,150,,Netherlands,Lieke Klaver,,,,4,0,,
303480,141869,58,1025,150,,,Marije van Hunenstijn,,,,6,0,,
303481,141869,58,928,150,,Netherlands,Marije van Hunenstijn,,,,2,0,,
303482,141870,58,1027,150,,,Zoë Sedney,,,,7,0,,
303574,141952,58,96,150,,,Bart van Nunen,,,,,0,DNF,
303575,141953,58,400,150,,Netherlands,Chris Garia,,,,1,0,,
303576,141954,58,44,150,,,Jochem Dobber,,,,6,0,,
303577,141954,58,476,150,,Netherlands,Jochem Dobber,,,,2,0,,Silver
303578,141954,58,1499,150,,Netherlands,Jochem Dobber,,,,4,0,,
303579,141955,58,400,150,,Netherlands,Joris van Gool,,,,1,0,,
303580,141956,58,96,150,,,Khalid Choukoud,,,,,0,DNF,
303581,141957,58,48,150,,,Menno Vloon,,,,13,0,,
303582,141958,58,1020,150,,,Mike Foppen,,,,1,0,,
303583,141959,58,1013,150,,,Nick Smidt,,,,7,0,,
303584,141960,58,476,150,,Netherlands,Nout Wardenburg,,,,,0,DNS,
303585,141960,58,1499,150,,Netherlands,Nout Wardenburg,,,,,0,DNS,
303586,141961,58,476,150,,Netherlands,Ramsey Angela,,,,2,0,,Silver
303587,141961,58,1499,150,,Netherlands,Ramsey Angela,,,,4,0,,
303588,141962,58,467,150,,,Taymir Burnet,,,,8,0,,
303589,141962,58,400,150,,Netherlands,Taymir Burnet,,,,1,0,,
303590,141963,58,476,150,,Netherlands,Terrence Agard,,,,2,0,,Silver
303591,141964,58,45,150,,,Tony van Diepen,,,,6,0,,
303592,141964,58,476,150,,Netherlands,Tony van Diepen,,,,2,0,,Silver
303659,142016,58,1025,151,,,Sarswati Chaudhary,,,,8,0,,
303662,142019,58,1499,153,,Nigeria,Imaobong Nse Uko,,,,12,0,,
303663,142020,58,928,153,,Nigeria,Knowledge Omovoh,,,,,0,DNS,
303664,142021,58,1025,153,,,Nzubechi Grace Nwokocha,,,,5,0,,
303665,142021,58,1014,153,,,Nzubechi Grace Nwokocha,,,,4,0,,
303666,142021,58,928,153,,Nigeria,Nzubechi Grace Nwokocha,,,,6,0,,
303680,142035,58,1499,153,,Nigeria,Chidi Okezie,,,,,0,DNS,
303681,142036,58,383,153,,,Chukwuebuka Enekwechi,,,,12,0,,
303682,142037,58,43,153,,,Enoch Adegoke,,,,4,0,,
303683,142038,58,1499,153,,Nigeria,Emmanuel Ojeli,,,,12,0,,
303684,142039,58,1499,153,,Nigeria,Samson Nathaniel,,,,12,0,,
303685,142040,58,43,153,,,Usheoritse Itsekiri,,,,7,0,,
303708,142058,58,1014,154,,,Aminatou Seyni,,,,5,0,,
303710,142060,58,43,154,,,Badamassi Saguirou,,,,7,0,,
303713,142063,58,496,155,,,Lene Retzius,,,,27,1,,
303714,142064,58,1035,155,,,Line Kloster,,,,7,0,,
303741,142086,58,95,155,,,Jakob Ingebrigtsen,,,,1,0,,Gold
303742,142087,58,157,155,,,Martin Roe,,,,19,0,,
303743,142088,58,1020,155,,,Narve Gilje Nordås,,,,12,0,,
303744,142089,58,393,155,,,Ola Stunes Isene,,,,12,0,,
303745,142090,58,48,155,,,Sondre Guttormsen,,,,24,0,,
303787,142124,58,43,156,,,Jonah Harris,,,,5,0,,
303788,142125,58,1033,157,,,Camille Buscomb,,,,14,0,,
303789,142125,58,1028,157,,,Camille Buscomb,,,,19,0,,
303790,142126,58,1032,157,,,Lauren Bruce,,,,23,0,,
303791,142127,58,1030,157,,,Maddi Wesche,,,,6,0,,
303850,142175,58,47,157,,,Hamish Kerr,,,,10,0,,
303851,142176,58,96,157,,,Malcolm Hicks,,,,63,0,,
303852,142177,58,95,157,,,Sam Tanner,,,,8,0,,
303924,142242,58,398,159,,,Arshad Nadeem,,,,5,0,,
303929,142247,58,1035,160,,,Gianna Woodruff,,,,7,0,,
303930,142248,58,927,160,,,Nathalee Aranda,,,,27,0,,
303936,142253,58,1027,161,,,Ana Camila Pirelli,,,,9,0,,
303939,142256,58,936,162,,,Leyde Guerra,,,,36,0,,
303940,142257,58,936,162,,,Mary Luz Andia,,,,24,0,,
303960,142275,58,1014,163,,,Kristina Knott,,,,5,0,,
303969,142283,58,48,163,,,Ernest Obiena,,,,11,1,,
303985,142292,58,1025,164,,,Hanna Barakat,,,,5,1,,
303991,142298,58,43,165,,,Adrian Ililau,,,,8,0,,
303992,142299,58,927,166,,,Rellie Kaputin,,,,19,0,,
303996,142303,58,1018,167,,,Adrianna Sułek,,,,16,0,,
303997,142304,58,1029,167,,,Aleksandra Lisowska,,,,35,0,,
303998,142305,58,1083,167,,,Alicja Konieczek,,,,8,0,,
303999,142306,58,1029,167,,,Angelika Mach,,,,59,0,,
304000,142307,58,1015,167,,,Angelika Sarna,,,,4,0,,
304001,142308,58,1015,167,,,Anna Wielgosz,,,,6,0,,
304002,142309,58,1499,167,,Poland,Dominika Baćmaga,,,,,0,DNS,
304003,142310,58,936,167,,,Katarzyna Zdziebło,,,,10,0,,
304004,142311,58,928,167,,Poland,Klaudia Adamek,,,,4,0,,
304005,142312,58,1030,167,,,Klaudia Kardasz,,,,18,0,,
304006,142313,58,1027,167,,,Klaudia Siciarz,,,,5,0,,
304007,142314,58,1499,167,,Poland,Kornelia Lesiewicz,,,,,0,DNS,
304008,142315,58,928,167,,Poland,Marlena Gola,,,,,0,DNS,
304009,142316,58,1016,167,,,Martyna Galant,,,,10,0,,
304010,142317,58,339,167,,,Natalia Kaczmarek,,,,4,0,,
304011,142317,58,340,167,,Poland,Natalia Kaczmarek,,,,2,0,,Silver
304012,142317,58,1499,167,,Poland,Natalia Kaczmarek,,,,1,0,,Gold
304013,142318,58,928,167,,Poland,Paulina Guzowska,,,,,0,DNS,
304014,142319,58,928,167,,Poland,Paulina Paluch,,,,4,0,,
304069,142356,58,96,167,,,Adam Nowicki,,,,37,0,,
304070,142357,58,96,167,,,Arkadiusz Gardzielewski,,,,62,0,,
304071,142358,58,393,167,,,Bartłomiej Stój,,,,14,0,,
304072,142359,58,398,167,,,Cyprian Mrzygłód,,,,20,0,,
304073,142360,58,476,167,,Poland,Dariusz Kowaluk,,,,5,0,,
304074,142360,58,1499,167,,Poland,Dariusz Kowaluk,,,,1,0,,Gold
304075,142361,58,476,167,,Poland,Kajetan Duszyński,,,,5,0,,
304076,142361,58,1499,167,,Poland,Kajetan Duszyński,,,,1,0,,Gold
304077,142362,58,1021,167,,,Łukasz Niedziałek,,,,,0,DNF,
304078,142363,58,96,167,,,Marcin Chabowski,,,,,0,DNF,
304079,142364,58,476,167,,Poland,Mateusz Rzeźniczak,,,,5,0,,
304080,142365,58,95,167,,,Michał Rozmys,,,,8,0,,
304081,142366,58,1499,167,,Poland,Patryk Grzegorzewicz,,,,,0,DNS,
304082,142367,58,476,167,,Poland,Wiktor Suwara,,,,,0,DNS,
304126,142402,58,153,168,,,Evelise Veiga,,,,19,0,,
304127,142403,58,1026,168,,,Liliana Cá,,,,5,0,,
304128,142404,58,1016,168,,,Salomé Afonso,,,,13,0,,
304129,142405,58,1029,168,,,Sara Catarina Ribeiro,,,,70,0,,
304145,142420,58,383,168,,,Francisco Belo,,,,16,0,,
304146,142421,58,44,168,,,Ricardo dos Santos,,,,7,0,,
304147,142422,58,50,168,,,Tiago Pereira,,,,16,0,,
304201,142470,58,45,170,,,Ryan Sánchez,,,,7,0,,
304206,142475,58,1025,171,,,Bashair Al-Manwari,,,,6,0,,
304208,142477,58,1013,171,,,Abderrahman Samba,,,,5,0,,
304209,142478,58,95,171,,,Abdirahman Saeed Hassan,,,,2,0,,
304210,142479,58,95,171,,,Adam Ali Musab,,,,15,0,,
304219,142486,58,496,173,,,Anzhelika Sidorova,,,,2,0,,Silver
304220,142487,58,936,173,,,Elvira Khasanova,,,,16,0,,
304222,142488,58,1024,173,,,Mariya Lasitskene,,,,1,0,,Gold
304394,142600,58,47,173,,,Ilya Ivanyuk,,,,9,0,,
304395,142601,58,47,173,,,Mikhail Akimenko,,,,6,0,,
304396,142602,58,395,173,,,Valery Pronkin,,,,8,0,,
304397,142603,58,1021,173,,,Vasily Mizinov,,,,,0,DQ,
304522,142682,58,1024,175,,,Daniela Stanciu,,,,18,0,,
304523,142683,58,927,175,,,Florentina Iușco,,,,20,0,,
304551,142707,58,393,175,,,Alin Firfirică,,,,17,0,,
304595,142748,58,1029,176,,,Gerda Steyn,,,,15,0,,
304656,142793,58,400,176,,South Africa,Chederick van Wyk,,,,1,0,,
304657,142794,58,49,176,,,Cheswill Johnson,,,,1,0,,
304658,142795,58,400,176,,South Africa,Galaletsang Ramorwa,,,,,0,DNS,
304659,142796,58,383,176,,,Kyle Blignaut,,,,6,0,,
304660,142797,58,1020,176,,,Lesiba Mashele,,,,15,0,,
304661,142798,58,476,176,,South Africa,Lythe Pillay,,,,7,0,,
304662,142799,58,96,176,,,Desmond Mokgobo,,,,,0,DNF,
304663,142800,58,476,176,,South Africa,Ranti Dikgale,,,,7,0,,
304664,142801,58,43,176,,,Shaun Maswanganyi,,,,6,0,,
304665,142801,58,467,176,,,Shaun Maswanganyi,,,,4,0,,
304666,142801,58,400,176,,South Africa,Shaun Maswanganyi,,,,1,0,,
304667,142802,58,1013,176,,,Sokwakhana Zazini,,,,6,0,,
304668,142803,58,44,176,,,Thapelo Phora,,,,5,0,,
304669,142803,58,476,176,,South Africa,Thapelo Phora,,,,7,0,,
304670,142804,58,44,176,,,Zakithi Nene,,,,5,0,,
304671,142804,58,476,176,,South Africa,Zakithi Nene,,,,7,0,,
304744,142874,58,1033,178,,,Marthe Yankurije,,,,17,0,,
304745,142875,58,96,178,,,John Hakizimana,,,,,0,DNF,
304757,142885,58,46,182,,,Louis-François Mendy,,,,7,0,,
304765,142892,58,1014,184,,,Shanti Pereira,,,,6,0,,
304780,142906,58,1025,186,,,Amya Clarke,,,,7,0,,
304781,142907,58,1025,187,,,Maggie Barrie,,,,7,0,,
304784,142910,58,339,188,,,Anita Horvat,,,,6,0,,
304785,142911,58,1033,188,,,Klara Lukan,,,,2,0,,
304799,142922,58,393,188,,,Kristjan Čeh,,,,5,0,,
304823,142944,58,95,191,,,Ali Idow,,,,9,0,,
304824,142945,58,1017,192,,,Marija Vučenović,,,,20,0,,
304847,142963,58,383,192,,,Armin Sinančević,,,,7,0,,
304870,142981,58,1015,193,,,Nimali Liyanarachchi,,,,8,0,,
304874,142985,58,43,193,,,Yupun Abeykoon,,,,6,0,,
304875,142986,58,1014,194,,,Lucia Moris,,,,6,0,,
304876,142987,58,95,194,,,Abraham Guem,,,,13,0,,
304877,142988,58,1015,195,,,D'jamila Tavares,,,,8,0,,
304883,142993,58,496,197,,,Andrina Hodel,,,,24,1,,
304884,142994,58,340,197,,Switzerland,Annina Fahr,,,,,0,DNS,
304885,142995,58,928,197,,Switzerland,Cynthia Reinle,,,,,0,DNS,
304886,142996,58,1015,197,,,Delia Sclabas,,,,6,0,,
304887,142997,58,1015,197,,,Lore Hoffmann,,,,4,0,,
304888,142998,58,1029,197,,,Martina Strähl,,,,51,0,,
304889,142999,58,340,197,,Switzerland,Rachel Pellaud,,,,6,0,,
304890,143000,58,928,197,,Switzerland,Riccarda Dietsche,,,,4,0,,
304891,143001,58,340,197,,Switzerland,Sarah King,,,,,0,DNS,
304892,143002,58,340,197,,Switzerland,Silke Lemmens,,,,6,0,,
304893,143003,58,1035,197,,,Yasmin Giger,,,,6,0,,
304894,143003,58,340,197,,Switzerland,Yasmin Giger,,,,6,0,,
304917,143022,58,46,197,,,Jason Joseph,,,,5,0,,
304918,143023,58,1020,197,,,Jonas Raess,,,,11,0,,
304919,143024,58,1023,197,,,Julien Wanders,,,,21,0,,
304920,143025,58,47,197,,,Loïc Gasch,,,,23,1,,
304921,143026,58,44,197,,,Ricky Petrucciani,,,,6,0,,
304922,143027,58,43,197,,,Silvan Wicki,,,,6,0,,
304923,143028,58,467,197,,,William Reais,,,,5,0,,
304958,143054,58,1035,199,,,Emma Zapletalová,,,,6,0,,
304959,143055,58,1015,199,,,Gabriela Gajanová,,,,7,0,,
304966,143061,58,43,199,,,Ján Volko,,,,6,0,,
304967,143061,58,467,199,,,Ján Volko,,,,5,0,,
304968,143062,58,1022,199,,,Michal Morvay,,,,41,0,,
304969,143063,58,1021,199,,,Miroslav Úradník,,,,41,0,,
304985,143075,58,1029,200,,,Carolina Wikström,,,,22,0,,
304986,143076,58,1030,200,,,Fanny Roos,,,,7,0,,
304987,143077,58,1024,200,,,Maja Nilsson,,,,13,0,,
305029,143115,58,45,200,,,Andreas Kramer,,,,5,0,,
305030,143116,58,48,200,,,Mondo Duplantis,,,,1,0,,Gold
305031,143117,58,1019,200,,,Emil Blomberg,,,,13,0,,
305032,143118,58,95,200,,,Kalle Berglund,,,,12,0,,
305033,143119,58,393,200,,,Simon Pettersson,,,,2,0,,Silver
305034,143120,58,1019,200,,,Simon Sundström,,,,11,0,,
305035,143121,58,49,200,,,Thobias Montler,,,,7,0,,
305036,143122,58,1019,200,,,Vidar Johansson,,,,10,0,,
305037,143123,58,383,200,,,Wictor Petersson,,,,28,0,,
305075,143153,58,1029,203,,,Failuna Matanga,,,,24,0,,
305076,143154,58,96,203,,,Gabriel Gerald Geay,,,,,0,DNF,
305080,143158,58,43,205,,,Ronald Fotofili,,,,8,0,,
305096,143172,58,1023,206,,,Kieran Tuntivate,,,,23,0,,
305112,143185,58,43,207,,,Ildar Akhmadiev,,,,4,0,,
305126,143199,58,1025,211,,,Hsieh Hsi-En,,,,7,0,,
305144,143214,58,46,211,,,Chen Kuei-Ru,,,,6,0,,
305178,143229,58,928,212,,Trinidad and Tobago,Ayla Stanisclaus,,,,,0,DNS,
305179,143230,58,1030,212,,,Portious Warren,,,,11,0,,
305180,143231,58,927,212,,,Tyra Gittens,,,,10,0,,
305184,143235,58,400,212,,Trinidad and Tobago,Adell Colthrust,,,,,0,DNS,
305185,143236,58,476,212,,Trinidad and Tobago,Asa Guevara,,,,,0,DNS,
305186,143237,58,44,212,,,Dwight St. Hillaire,,,,7,0,,
305187,143237,58,476,212,,Trinidad and Tobago,Dwight St. Hillaire,,,,8,0,,
305188,143238,58,400,212,,Trinidad and Tobago,"Eric Harrison, Jr.",,,,5,0,,
305189,143239,58,467,212,,,Jereem Richards,,,,8,0,,
305190,143239,58,476,212,,Trinidad and Tobago,Jereem Richards,,,,8,0,,
305191,143240,58,400,212,,Trinidad and Tobago,Kion Benjamin,,,,5,0,,
305218,143260,58,45,213,,,Abdessalem Ayouni,,,,6,0,,
305219,16762,58,1013,213,,,Mohamed Touati,,,,6,0,,
305235,143276,58,936,214,,,Ayşe Tekdal,,,,39,0,,
305236,143277,58,936,214,,,Meryem Bekmez,,,,22,0,,
305272,143307,58,1021,214,,,Abdülselam Imuk,,,,48,0,,
305273,143308,58,48,214,,,Ersu Şaşma,,,,10,0,,
305274,143309,58,400,214,,Turkey,Ertan Özkan,,,,2,0,,
305275,143310,58,400,214,,Turkey,Kayhan Özer,,,,2,0,,
305276,143311,58,50,214,,,Necati Er,,,,6,0,,
305277,143312,58,400,214,,Turkey,Oğuz Uyar,,,,,0,DNS,
305278,143313,58,395,214,,,Özkan Baltacı,,,,31,0,,
305279,143314,58,1021,214,,,Şahin Şenoduncu,,,,34,0,,
305280,143315,58,1021,214,,,Salih Korkmaz,,,,,0,DNF,
305281,143316,58,96,214,,,Yavuz Ağralı,,,,51,0,,
305319,143340,58,1025,215,,,Matie Stanley,,,,8,0,,
305320,143341,58,43,215,,,Karalo Maibuca,,,,9,0,,
305321,143342,58,43,216,,,Mohamed Al-Hammadi,,,,8,0,,
305323,143344,58,1033,218,,,Esther Chebet,,,,12,0,,
305324,143345,58,1029,218,,,Immaculate Chemutai,,,,16,0,,
305325,143346,58,1028,218,,,Mercyline Chelangat,,,,24,0,,
305326,143347,58,1033,218,,,Prisca Chesang,,,,15,0,,
305330,143351,58,1019,218,,,Albert Chemutai,,,,9,0,,
305331,143352,58,96,218,,,Filex Chemongesi,,,,50,0,,
305332,143353,58,96,218,,,Fred Musobo,,,,43,0,,
305333,143354,58,1023,218,,,Stephen Kissa,,,,,0,DNF,
305337,143358,58,340,219,,Ukraine,Anastasiya Bryzhina,,,,,0,DNS,
305338,143359,58,1029,219,,,Dar'ia Mykhaylova,,,,,0,DNF,
305339,143360,58,936,219,,,Hanna Shevchuk,,,,27,0,,
305340,143361,58,340,219,,Ukraine,Kateryna Klymyuk,,,,6,0,,
305341,143361,58,1499,219,,Ukraine,Kateryna Klymyuk,,,,13,0,,
305342,143362,58,936,219,,,Liudmyla Olyanovska,,,,43,0,,
305343,143363,58,1035,219,,,Mariya Mykolenko,,,,6,0,,
305344,143364,58,936,219,,,Mariya Sakharuk,,,,19,0,,
305345,143365,58,340,219,,Ukraine,Nataliya Pyrozhenko-Chornomaz,,,,,0,DNS,
305346,143366,58,1083,219,,,Nataliya Strebkova,,,,11,0,,
305347,143367,58,1029,219,,,Viktoriya Kaliuzhna,,,,,0,DNF,
305348,143368,58,496,219,,,Yana Hladiychuk,,,,21,0,,
305349,143369,58,1029,219,,,Yevheniya Prokofyeva,,,,42,0,,
305394,143403,58,96,219,,,Bohdan-Ivan Horodyskyi,,,,,0,DNF,
305395,143404,58,1021,219,,,Eduard Zabuzhenko,,,,52,0,,
305396,143405,58,383,219,,,Ihor Musiyenko,,,,30,0,,
305397,143406,58,1022,219,,,Maryan Zakalnytskyi,,,,25,0,,
305398,143407,58,96,219,,,Mykola Nyzhnyk,,,,,0,DNF,
305399,143408,58,1499,219,,Ukraine,Mykyta Barabanov,,,,13,0,,
305400,143409,58,1499,219,,Ukraine,Oleksandr Pohorilko,,,,13,0,,
305401,143410,58,1022,219,,,Valeriy Lіtaniuk,,,,39,0,,
305402,143411,58,49,219,,,Vladyslav Mazur,,,,27,0,,
305440,143433,58,1016,222,,,Pía Fernández,,,,15,0,,
305451,143442,58,1030,223,,,Adelaide Aquilla,,,,20,0,,
305452,143443,58,928,223,,United States,Aleia Hobbs,,,,2,0,,Silver
305453,143444,58,1028,223,,,Alicia Monson,,,,13,0,,
305454,143445,58,1029,223,,,Aliphine Tuliamuk,,,,,0,DNF,
305455,143446,58,1014,223,,,Anavia Battle,,,,6,0,,
305456,143447,58,1035,223,,,Anna Cockrell,,,,3,0,,
305457,143448,58,1018,223,,,Annie Kunz,,,,6,0,,
305458,143449,58,1017,223,,,Ariana Ince,,,,27,0,,
305459,143450,58,1032,223,,,Brooke Andersen,,,,10,0,,
305460,143451,58,1027,223,,,Christina Clemons,,,,4,0,,
305461,143452,58,1016,223,,,Cory McGee,,,,12,0,,
305462,143453,58,1016,223,,,Elle Purrier St. Pierre,,,,10,0,,
305463,143454,58,1033,223,,,Elise Cranny,,,,13,0,,
305464,143455,58,1028,223,,,Emily Sisson,,,,10,0,,
305465,143456,58,1018,223,,,Erica Bougard,,,,9,0,,
305466,143457,58,1027,223,,,Gabbi Cunningham,,,,7,0,,
305467,143458,58,1014,223,,,Gabby Thomas,,,,3,0,,Bronze
305468,143458,58,928,223,,United States,Gabby Thomas,,,,2,0,,Silver
305469,143459,58,1016,223,,,Heather MacLean,,,,12,0,,
305470,143460,58,153,223,,,Jasmine Moore,,,,23,0,,
305471,143461,58,1025,223,,,Javianne Oliver,,,,5,0,,
305472,143461,58,928,223,,United States,Javianne Oliver,,,,2,0,,Silver
305473,143462,58,1030,223,,,Jessica Ramsey,,,,2,0,,
305474,143463,58,1033,223,,,Karissa Schweizer,,,,11,0,,
305475,143463,58,1028,223,,,Karissa Schweizer,,,,12,0,,
305476,143464,58,496,223,,,Katie Nageotte,,,,1,0,,Gold
305477,143465,58,340,223,,United States,Kaylin Whitney,,,,1,0,,Gold
305478,143465,58,1499,223,,United States,Kaylin Whitney,,,,3,0,,Bronze
305479,143466,58,340,223,,United States,Kendall Ellis,,,,1,0,,Gold
305480,143466,58,1499,223,,United States,Kendall Ellis,,,,3,0,,Bronze
305481,143467,58,1027,223,,,Keni Harrison,,,,2,0,,Silver
305482,143468,58,340,223,,United States,Lynna Irby,,,,1,0,,Gold
305483,143468,58,1499,223,,United States,Lynna Irby,,,,3,0,,Bronze
305484,143469,58,1029,223,,,Molly Seidel,,,,3,0,,Bronze
305485,143470,58,496,223,,,Morgann LeLeux,,,,2,0,,
305486,143471,58,339,223,,,Quanera Hayes,,,,7,0,,
305487,143471,58,340,223,,United States,Quanera Hayes,,,,,0,DNS,
305488,143472,58,927,223,,,Quanesha Burks,,,,13,0,,
305489,143473,58,1026,223,,,Rachel Dincoff,,,,27,0,,
305490,143474,58,1024,223,,,Rachel McCoy,,,,25,0,,
305491,143475,58,1033,223,,,Rachel Schneider,,,,7,0,,
305492,143476,58,1015,223,,,Raevyn Rogers,,,,3,0,,Bronze
305493,143477,58,936,223,,,Robyn Stevens,,,,33,0,,
305494,143478,58,927,223,,,Tara Davis,,,,6,0,,
305495,143479,58,1499,223,,United States,Taylor Manson,,,,3,0,,Bronze
305496,143480,58,1025,223,,,Teahna Daniels,,,,7,0,,
305497,143480,58,928,223,,United States,Teahna Daniels,,,,2,0,,Silver
305498,143481,58,153,223,,,Tori Franklin,,,,25,0,,
305499,143482,58,1024,223,,,Tynita Butts-Townsend,,,,31,0,,
305500,143483,58,1026,223,,,Valarie Allman,,,,1,0,,Gold
305501,143484,58,1083,223,,,Valerie Constien,,,,12,0,,
305502,143485,58,339,223,,,Wadeline Jonathas,,,,4,0,,
305503,143485,58,340,223,,United States,Wadeline Jonathas,,,,1,0,,Gold
305729,143659,58,395,223,,,Alex Young,,,,16,0,,
305730,143660,58,1019,223,,,Benard Keter,,,,11,0,,
305731,143661,58,476,223,,United States,Bryce Deadmon,,,,1,0,,Gold
305732,143661,58,1499,223,,United States,Bryce Deadmon,,,,3,0,,Bronze
305733,143662,58,45,223,,,Bryce Hoppel,,,,5,0,,
305734,143663,58,48,223,,,Chris Nilsen,,,,2,0,,Silver
305735,143664,58,95,223,,,Cole Hocker,,,,6,0,,
305736,143665,58,400,223,,United States,Cravon Gillespie,,,,6,0,,
305737,143666,58,398,223,,,Curtis Thompson,,,,21,0,,
305738,143667,58,395,223,,,Daniel Haugh,,,,11,0,,
305739,143668,58,46,223,,,Daniel Roberts,,,,5,0,,
305740,143669,58,47,223,,,Darryl Sullivan,,,,30,1,,
305741,143670,58,1013,223,,,David Kendziera,,,,3,0,,
305742,143671,58,50,223,,,Donald Scott,,,,7,0,,
305743,143672,58,1499,223,,United States,Elija Godwin,,,,3,0,,Bronze
305744,143673,58,467,223,,,Erriyon Knighton,,,,4,0,,
305745,143674,58,43,223,,,Fred Kerley,,,,2,0,,Silver
305746,143674,58,400,223,,United States,Fred Kerley,,,,6,0,,
305747,143675,58,157,223,,,Garrett Scantling,,,,4,0,,
305748,143676,58,1020,223,,,Grant Fisher,,,,9,0,,
305749,143676,58,1023,223,,,Grant Fisher,,,,5,0,,
305750,143677,58,46,223,,,Grant Holloway,,,,2,0,,Silver
305751,143678,58,45,223,,,Isaiah Jewett,,,,7,0,,
305752,143679,58,96,223,,,Jacob Riley,,,,28,0,,
305753,143680,58,1023,223,,,Joe Klecker,,,,16,0,,
305754,143681,58,47,223,,,JuVaughn Harrison,,,,7,0,,
305755,143681,58,49,223,,,JuVaughn Harrison,,,,5,0,,
305756,143682,58,48,223,,,KC Lightfoot,,,,4,1,,
305757,143683,58,467,223,,,Kenny Bednarek,,,,2,0,,Silver
305758,143684,58,1013,223,,,Kenny Selmon,,,,4,0,,
305759,143685,58,49,223,,,Marquis Dendy,,,,19,0,,
305760,143686,58,1019,223,,,Mason Ferlic,,,,8,0,,
305761,143687,58,400,223,,United States,Micah Williams,,,,,0,DNS,
305762,143688,58,44,223,,,Michael Cherry,,,,4,0,,
305763,143688,58,476,223,,United States,Michael Cherry,,,,1,0,,Gold
305764,143689,58,44,223,,,Michael Norman,,,,5,0,,
305765,143689,58,476,223,,United States,Michael Norman,,,,1,0,,Gold
305766,143690,58,398,223,,,Michael Shuey,,,,1,0,,
305767,143691,58,1021,223,,,Nick Christie,,,,50,0,,
305768,143692,58,383,223,,,Payton Otterdahl,,,,10,0,,
305769,143693,58,1013,223,,,Rai Benjamin,,,,2,0,,Silver
305770,143693,58,476,223,,United States,Rai Benjamin,,,,1,0,,Gold
305771,143694,58,44,223,,,Randolph Ross,,,,4,0,,
305772,143694,58,476,223,,United States,Randolph Ross,,,,1,0,,Gold
305773,143695,58,393,223,,,Reggie Jagers,,,,19,0,,
305774,143696,58,43,223,,,Ronnie Baker,,,,5,0,,
305775,143696,58,400,223,,United States,Ronnie Baker,,,,6,0,,
305776,143697,58,393,223,,,Sam Mattis,,,,8,0,,
305777,143698,58,47,223,,,Shelby McEwen,,,,12,0,,
305778,143699,58,49,223,,,Steffin McCarter,,,,15,0,,
305779,143700,58,157,223,,,Steven Bastien,,,,10,0,,
305780,143701,58,476,223,,United States,Trevor Stewart,,,,1,0,,Gold
305781,143701,58,1499,223,,United States,Trevor Stewart,,,,3,0,,Bronze
305782,143702,58,476,223,,United States,Vernon Norwood,,,,1,0,,Gold
305783,143702,58,1499,223,,United States,Vernon Norwood,,,,3,0,,Bronze
305784,143703,58,1020,223,,,Woody Kincaid,,,,14,0,,
305785,143703,58,1023,223,,,Woody Kincaid,,,,15,0,,
305786,143704,58,95,223,,,Yared Nuguse,,,,,0,DNS,
305988,143856,58,927,224,,,Darya Reznichenko,,,,26,0,,
305989,143857,58,1024,224,,,Safina Sadullayeva,,,,7,0,,
306084,143932,58,1035,227,,,Quách Thị Lan,,,,6,0,,
306098,143944,58,1015,228,,,Shafiqua Maloney,,,,7,0,,
306102,143948,58,44,232,,,Ahmed Al-Yaari,,,,8,0,,
306106,143951,58,1025,235,,,Rhodah Njobvu,,,,4,0,,
306107,143951,58,1014,235,,,Rhodah Njobvu,,,,4,0,,
306137,115557,58,43,236,,,Ngoni Makusha,,,,7,0,,
306175,144017,58,95,209,,,Felisberto de Deus,,,,16,0,,
306221,144059,58,48,223,,,Matt Ludwig,,,,19,1,,
306282,144118,58,1019,69,,,Lamecha Girma,,,,2,0,,Silver
306285,144120,58,339,218,,,Leni Shida,,,,6,0,,
306294,144129,58,96,93,,,Iván Zarco,,,,75,0,,
796615,183331,58,2686,171,,Qatar,,,,,,,,
796630,46333,58,2699,104,,Italy,,,,,,,,
796631,46333,58,96,21,,Belgium,,,,,,,,Bronze
796660,141000,58,2718,108,,Japan,,,,,,,,
796663,183367,58,2720,69,,Ethiopia,,,,,,,,
796674,94398,58,2729,145,,Mauritania,,,,,,,,
796684,19572,58,2730,119,,Libya,,,,,,,,
796688,73684,58,96,197,,Switzerland,,,,,,,,
796690,63776,58,2735,90,,Guyana,,,,,,,,
796691,183380,58,2730,90,,Guyana,,,,,,,,
796692,131308,58,383,81,,Georgia,,,,,,,,
796698,183385,58,2718,83,,Germany,,,,,,,,
796701,22864,58,2741,104,,Italy,,,,,,,,
796702,22864,58,2742,104,,Italy,,,,,,,,
796726,73685,58,2759,167,,Poland,,,,,,,,
796728,105449,58,96,14,,Australia,,,,,,,,
796731,57405,58,1030,157,,New Zealand,,,,,,,,Bronze
796735,183402,58,2765,153,,Nigeria,,,,,,,,
796751,131801,58,2776,168,,Portugal,,,,,,,,
796752,183414,58,2777,40,,Republic of the Congo,,,,,,,,
796754,126736,58,2730,142,,Monaco,,,,,,,,
796757,113829,58,2741,150,,Netherlands,,,,,,,,Silver
796767,112497,58,50,11,,Armenia,,,,,,,,
796771,183428,58,96,214,,Turkey,,,,,,,,
796773,33120,58,2786,104,,Italy,,,,,,,,
796778,183432,58,1018,48,,Colombia,,,,,,,,
796792,107533,58,2729,38,,Canada,,,,,,,,Silver
796793,107533,58,2793,38,,Canada,,,,,,,,
796797,73130,58,1018,22,,Benin,,,,,,,,
796798,22736,58,2730,44,,Ivory Coast,,,,,,,,
796801,145533,58,2730,212,,Trinidad and Tobago,,,,,,,,
796802,47795,58,2759,212,,Trinidad and Tobago,,,,,,,,
796816,37964,58,2793,108,,Japan,,,,,,,,
796817,37964,58,2804,38,,Canada,,,,,,,,Bronze
796828,183460,58,2765,207,,Tajikistan,,,,,,,,
796831,55122,58,47,173,,Russia,,,,,,,,
796843,5545,58,2730,158,,Oman,,,,,,,,
796846,107903,58,2765,158,,Oman,,,,,,,,
796849,183473,58,2730,171,,Qatar,,,,,,,,
796853,119936,58,2777,232,,Yemen,,,,,,,,
796854,145538,58,2777,115,,Saudi Arabia,,,,,,,,
796856,128613,58,96,102,,Israel,,,,,,,,
796873,60465,58,2730,115,,Saudi Arabia,,,,,,,,
796888,114810,58,2833,69,,Ethiopia,,,,,,,,
796902,29509,58,2765,216,,United Arab Emirates,,,,,,,,
796913,183514,58,2776,59,,Djibouti,,,,,,,,
796930,21451,58,2843,176,,South Africa,,,,,,,,
796939,183540,58,2843,223,,United States,,,,,,,,
796940,46044,58,2777,106,,Jamaica,,,,,,,,
796941,46044,58,2741,106,,Jamaica,,,,,,,,
796945,46044,58,1026,223,,United States,,,,,,,,Gold
796947,183548,58,2833,55,,Cuba,,,,,,,,
796948,183548,58,2848,55,,Cuba,,,,,,,,
796950,145548,58,2804,83,,Germany,,,,,,,,
796978,115939,58,2730,116,,Kuwait,,,,,,,,
797016,120614,58,2843,116,,Kuwait,,,,,,,,
797022,183614,58,96,102,,Israel,,,,,,,,
797024,92303,58,398,200,,Sweden,,,,,,,,
797028,130830,58,2793,73,,France,,,,,,,,
797029,122801,58,96,73,,France,,,,,,,,
797041,110885,58,2862,84,,Ghana,,,,,,,,
797042,120868,58,2804,84,,Ghana,,,,,,,,
797045,130004,58,2786,62,,Ecuador,,,,,,,,
797048,74501,58,2686,30,,Botswana,,,,,,,,
797051,66507,58,2864,153,,Nigeria,,,,,,,,
797052,21454,58,2759,153,,Nigeria,,,,,,,,
797065,94241,58,1029,113,,South Korea,,,,,,,,
797069,45398,58,1026,85,,Greece,,,,,,,,
797073,66183,58,395,85,,Greece,,,,,,,,
797076,106318,58,1032,223,,United States,,,,,,,,
797078,34425,58,2864,106,,Jamaica,,,,,,,,
797079,34425,58,2848,17,,Bahamas,,,,,,,,
797088,183654,58,2878,223,,United States,,,,,,,,
797092,93218,58,2879,162,,Peru,,,,,,,,
797096,41100,58,2883,108,,Japan,,,,,,,,
797098,70856,58,2718,51,,Cape Verde,,,,,,,,
797106,72478,58,2686,31,,Brazil,,,,,,,,
797107,183673,58,2885,31,,Brazil,,,,,,,,
797111,183677,58,1017,167,,Poland,,,,,,,,Silver
797135,183701,58,2741,150,,Netherlands,,,,,,,,Silver
797136,183701,58,2742,150,,Netherlands,,,,,,,,
797143,60004,58,2759,62,,Ecuador,,,,,,,,
797146,49354,58,2741,73,,France,,,,,,,,
797152,183716,58,2804,83,,Germany,,,,,,,,
797153,183717,58,2804,84,,Ghana,,,,,,,,
797154,183718,58,2804,83,,Germany,,,,,,,,
797170,48730,58,2742,96,,India,,,,,,,,
797180,8760,58,2864,108,,Japan,,,,,,,,
797182,123072,58,2699,108,,Japan,,,,,,,,
797186,145569,58,2759,108,,Japan,,,,,,,,
797188,183740,58,395,214,,Turkey,,,,,,,,
797203,145571,58,1030,223,,United States,,,,,,,,
797205,116047,58,2862,33,,Brunei,,,,,,,,
797207,133139,58,2833,130,,Morocco,,,,,,,,
797208,132843,58,2776,130,,Morocco,,,,,,,,
797230,139028,58,2699,67,,Spain,,,,,,,,
797232,71881,58,2765,90,,Guyana,,,,,,,,
797239,38241,58,2793,69,,Ethiopia,,,,,,,,
797241,38241,58,2878,67,,Spain,,,,,,,,
797242,19216,58,2879,48,,Colombia,,,,,,,,Silver
797248,66868,58,2919,48,,Colombia,,,,,,,,
797258,51696,58,96,214,,Turkey,,,,,,,,
797275,114728,58,2686,38,,Canada,,,,,,,,
797291,43045,58,2735,56,,Cyprus,,,,,,,,
797311,183817,58,2730,78,,Great Britain,,,,,,,,
797312,183818,58,2759,78,,Great Britain,,,,,,,,Bronze
797347,9301,58,2935,73,,France,,,,,,,,
797351,111233,58,2793,78,,Great Britain,,,,,,,,
797375,113363,58,2786,167,,Poland,,,,,,,,
797391,38490,58,96,161,,Paraguay,,,,,,,,
797396,50418,58,2686,213,,Tunisia,,,,,,,,
797398,50418,58,2765,84,,Ghana,,,,,,,,
797399,75083,58,2804,84,,Ghana,,,,,,,,
797400,75083,58,2718,183,,Seychelles,,,,,,,,
797401,336587,58,2944,31,,Brazil,,,,,,,,
797402,336587,58,2759,31,,Brazil,,,,,,,,
797403,128849,58,2735,168,,Portugal,,,,,,,,
797416,183875,58,2730,145,,Mauritania,,,,,,,,
797426,183887,58,50,16,,Azerbaijan,,,,,,,,
797446,104549,58,2742,167,,Poland,,,,,,,,Gold
797463,183912,58,2883,200,,Sweden,,,,,,,,
797464,123588,58,393,27,,Belarus,,,,,,,,
797465,183913,58,1029,43,,China,,,,,,,,
797467,118324,58,2741,106,,Jamaica,,,,,,,,
797468,183914,58,2742,106,,Jamaica,,,,,,,,
797479,9981,58,2741,78,,Great Britain,,,,,,,,
797480,79303,58,2742,78,,Great Britain,,,,,,,,
797482,46836,58,2765,223,,United States,,,,,,,,
797483,46836,58,2804,223,,United States,,,,,,,,
797501,66190,58,2729,32,,Bahrain,,,,,,,,
797512,68309,58,2862,48,,Colombia,,,,,,,,
797520,32710,58,927,68,,Estonia,,,,,,,,
797527,82497,58,2729,108,,Japan,,,,,,,,
797533,133240,58,2786,219,,Ukraine,,,,,,,,
797541,106053,58,2730,212,,Trinidad and Tobago,,,,,,,,
797542,106053,58,2759,212,,Trinidad and Tobago,,,,,,,,
797547,143408,58,2742,219,,Ukraine,,,,,,,,
797548,142292,58,2730,164,,Palestine,,,,,,,,
797559,108167,58,1017,14,,Australia,,,,,,,,Bronze
797571,137821,58,2765,31,,Brazil,,,,,,,,
797572,137821,58,2804,31,,Brazil,,,,,,,,
797573,127983,58,2793,69,,Ethiopia,,,,,,,,Gold
797581,74337,58,2765,214,,Turkey,,,,,,,,
797582,113745,58,2804,214,,Turkey,,,,,,,,
797587,124065,58,2718,99,,Ireland,,,,,,,,
797604,30661,58,2730,187,,Sierra Leone,,,,,,,,
797615,49495,58,47,171,,Qatar,,,,,,,,Gold
797618,57618,58,2885,83,,Germany,,,,,,,,
797619,184003,58,2833,94,,Hungary,,,,,,,,
797625,130778,58,2741,106,,Jamaica,,,,,,,,
797626,129026,58,2742,106,,Jamaica,,,,,,,,
797642,77435,58,2730,14,,Australia,,,,,,,,
797649,184023,58,2730,77,,The Gambia,,,,,,,,
797650,22663,58,2944,77,,The Gambia,,,,,,,,
797658,184032,58,157,223,,United States,,,,,,,,
797666,55837,58,2864,31,,Brazil,,,,,,,,
797670,73906,58,96,136,,Mongolia,,,,,,,,
797677,28542,58,2960,14,,Australia,,,,,,,,
797680,28542,58,2944,223,,United States,,,,,,,,
797696,23370,58,2848,167,,Poland,,,,,,,,Silver
797697,23370,58,2742,167,,Poland,,,,,,,,Gold
797699,60006,58,1029,136,,Mongolia,,,,,,,,
797709,76399,58,2730,168,,Portugal,,,,,,,,
797710,76399,58,2944,168,,Portugal,,,,,,,,
797718,67509,58,2699,83,,Germany,,,,,,,,
797726,137362,58,2777,14,,Australia,,,,,,,,
797730,140342,58,2742,99,,Ireland,,,,,,,,
797734,130549,58,2686,47,,Cook Islands,,,,,,,,
797736,337216,58,2862,223,,United States,,,,,,,,Silver
797737,139342,58,2699,73,,France,,,,,,,,
797738,137220,58,2848,14,,Australia,,,,,,,,
797742,30219,58,2964,78,,Great Britain,,,,,,,,
797750,23465,58,96,32,,Bahrain,,,,,,,,
797753,77137,58,927,219,,Ukraine,,,,,,,,
797756,184089,58,2879,214,,Turkey,,,,,,,,
797763,184095,58,2879,69,,Ethiopia,,,,,,,,
797767,184099,58,2833,78,,Great Britain,,,,,,,,
797772,26233,58,2964,19,,Barbados,,,,,,,,
797775,184104,58,2833,104,,Italy,,,,,,,,
797781,93358,58,383,168,,Portugal,,,,,,,,
797782,184109,58,2843,73,,France,,,,,,,,
797795,21558,58,2686,67,,Spain,,,,,,,,
797807,122653,58,2699,130,,Morocco,,,,,,,,
797808,122653,58,50,223,,United States,,,,,,,,
797809,66564,58,2741,104,,Italy,,,,,,,,
797818,21069,58,496,200,,Sweden,,,,,,,,
797821,123498,58,2964,5,,Algeria,,,,,,,,
797825,184135,58,2804,212,,Trinidad and Tobago,,,,,,,,
797826,76461,58,2718,223,,United States,,,,,,,,Silver
797827,76461,58,2741,223,,United States,,,,,,,,Gold
797847,139234,58,2759,73,,France,,,,,,,,
797852,143118,58,2885,200,,Sweden,,,,,,,,
797873,184162,58,1032,223,,United States,,,,,,,,
797882,184170,58,383,127,,Luxembourg,,,,,,,,
797896,11454,58,2944,67,,Spain,,,,,,,,
797897,11454,58,2848,17,,Bahamas,,,,,,,,
797900,184183,58,2699,110,,Kenya,,,,,,,,
797915,145682,58,49,73,,France,,,,,,,,
797916,145683,58,1030,133,,Moldova,,,,,,,,
797923,104160,58,2742,96,,India,,,,,,,,
797928,13220,58,2786,43,,China,,,,,,,,
797941,49715,58,395,73,,France,,,,,,,,
797955,68310,58,2786,38,,Canada,,,,,,,,
797959,126999,58,2730,38,,Canada,,,,,,,,
797961,34426,58,2720,78,,Great Britain,,,,,,,,
797968,13221,58,2741,73,,France,,,,,,,,
797974,42791,58,2833,38,,Canada,,,,,,,,
797977,59000,58,2833,14,,Australia,,,,,,,,
797984,74103,58,1029,53,,Croatia,,,,,,,,
797998,137216,58,2848,14,,Australia,,,,,,,,
798002,138097,58,2804,38,,Canada,,,,,,,,Bronze
798003,47618,58,2765,106,,Jamaica,,,,,,,,
798004,47618,58,2804,106,,Jamaica,,,,,,,,
798011,70565,58,48,83,,Germany,,,,,,,,
798017,29254,58,383,176,,South Africa,,,,,,,,
798018,29254,58,2848,27,,Belarus,,,,,,,,
798023,29254,58,2699,200,,Sweden,,,,,,,,
798029,29254,58,2960,14,,Australia,,,,,,,,
798033,46609,58,2765,38,,Canada,,,,,,,,
798034,46609,58,2804,38,,Canada,,,,,,,,Bronze
798037,119720,58,2776,175,,Romania,,,,,,,,
798044,77436,58,50,104,,Italy,,,,,,,,
798047,184266,58,2804,150,,Netherlands,,,,,,,,
798063,44256,58,2864,104,,Italy,,,,,,,,
798072,129821,58,2735,67,,Spain,,,,,,,,
798073,104515,58,2742,67,,Spain,,,,,,,,
798074,104515,58,2964,150,,Netherlands,,,,,,,,Bronze
798075,104515,58,2848,150,,Netherlands,,,,,,,,
798077,45399,58,2686,14,,Australia,,,,,,,,
798082,184289,58,2735,21,,Belgium,,,,,,,,
798083,33127,58,2848,21,,Belgium,,,,,,,,
798084,33127,58,2742,21,,Belgium,,,,,,,,
798092,40830,58,2759,58,,Denmark,,,,,,,,
798102,77437,58,2777,150,,Netherlands,,,,,,,,
798103,77437,58,2741,150,,Netherlands,,,,,,,,Silver
798104,77437,58,2742,150,,Netherlands,,,,,,,,
798106,77437,58,2919,31,,Brazil,,,,,,,,
798108,65452,58,2730,104,,Italy,,,,,,,,
798109,65452,58,2759,104,,Italy,,,,,,,,
798125,111175,58,2699,223,,United States,,,,,,,,
798129,109922,58,2919,73,,France,,,,,,,,
798135,13222,58,2848,104,,Italy,,,,,,,,
798136,13222,58,2742,104,,Italy,,,,,,,,
798144,75084,58,2686,167,,Poland,,,,,,,,
798145,129308,58,2741,21,,Belgium,,,,,,,,
798146,66639,58,2742,21,,Belgium,,,,,,,,
798147,66639,58,2741,21,,Belgium,,,,,,,,
798148,23347,58,2777,21,,Belgium,,,,,,,,
798149,23347,58,2741,21,,Belgium,,,,,,,,
798150,120693,58,2742,21,,Belgium,,,,,,,,
798161,20383,58,1024,78,,Great Britain,,,,,,,,
798162,20383,58,1032,83,,Germany,,,,,,,,
798166,110675,58,2735,107,,Jordan,,,,,,,,
798168,145707,58,2686,73,,France,,,,,,,,
798172,25318,58,2919,78,,Great Britain,,,,,,,,
798180,70107,58,2735,30,,Botswana,,,,,,,,
798186,114084,58,2699,5,,Algeria,,,,,,,,
798189,70091,58,1018,223,,United States,,,,,,,,
798196,141857,58,2848,150,,Netherlands,,,,,,,,
798198,120734,58,2729,130,,Morocco,,,,,,,,
798212,184370,58,2720,213,,Tunisia,,,,,,,,
798219,49844,58,2786,99,,Ireland,,,,,,,,
798230,184381,58,496,78,,Great Britain,,,,,,,,Bronze
798268,66854,58,2843,19,,Barbados,,,,,,,,
798277,73423,58,48,31,,Brazil,,,,,,,,Bronze
798281,1014,58,2741,83,,Germany,,,,,,,,
798283,131346,58,2919,83,,Germany,,,,,,,,
798296,5941,58,2741,78,,Great Britain,,,,,,,,
798297,73424,58,2742,78,,Great Britain,,,,,,,,
798320,184434,58,1018,150,,Netherlands,,,,,,,,
798321,77438,58,2765,223,,United States,,,,,,,,
798322,184435,58,2804,223,,United States,,,,,,,,
798323,60662,58,2848,106,,Jamaica,,,,,,,,Bronze
798324,60662,58,2742,106,,Jamaica,,,,,,,,
798331,44978,58,2735,73,,France,,,,,,,,
798332,44978,58,2848,73,,France,,,,,,,,
798336,28866,58,2862,38,,Canada,,,,,,,,
798337,28866,58,2804,38,,Canada,,,,,,,,Bronze
798339,28866,58,2848,38,,Canada,,,,,,,,
798347,11456,58,2742,106,,Jamaica,,,,,,,,
798362,184463,58,2765,14,,Australia,,,,,,,,
798365,114402,58,1032,157,,New Zealand,,,,,,,,
798367,114402,58,2729,38,,Canada,,,,,,,,
798376,20706,58,927,153,,Nigeria,,,,,,,,Bronze
798377,8161,58,2759,153,,Nigeria,,,,,,,,
798382,9302,58,496,104,,Italy,,,,,,,,
798389,184477,58,2848,219,,Ukraine,,,,,,,,
798391,33131,58,2786,167,,Poland,,,,,,,,
798409,28867,58,2699,14,,Australia,,,,,,,,
798416,145725,58,2742,67,,Spain,,,,,,,,
798435,54842,58,383,167,,Poland,,,,,,,,
798447,42510,58,2759,106,,Jamaica,,,,,,,,Gold
798457,184521,58,2730,83,,Germany,,,,,,,,
798458,184521,58,2759,83,,Germany,,,,,,,,
798463,64997,58,2720,83,,Germany,,,,,,,,
798464,64997,58,2765,19,,Barbados,,,,,,,,
798468,184530,58,2742,31,,Brazil,,,,,,,,
798470,82729,58,2862,150,,Netherlands,,,,,,,,
798471,82729,58,2804,150,,Netherlands,,,,,,,,
798474,102509,58,2878,106,,Jamaica,,,,,,,,
798482,59986,58,2960,157,,New Zealand,,,,,,,,
798483,32002,58,2883,157,,New Zealand,,,,,,,,
798491,184541,58,2729,78,,Great Britain,,,,,,,,
798494,33133,58,2720,38,,Canada,,,,,,,,
798495,184543,58,2833,38,,Canada,,,,,,,,
798496,184543,58,1024,223,,United States,,,,,,,,
798506,13229,58,1026,55,,Cuba,,,,,,,,
798508,115601,58,2879,168,,Portugal,,,,,,,,
798514,46334,58,49,67,,Spain,,,,,,,,
798524,184560,58,2919,43,,China,,,,,,,,
798525,184561,58,393,62,,Ecuador,,,,,,,,
798533,116268,58,398,118,,Latvia,,,,,,,,
798544,128877,58,2864,170,,Puerto Rico,,,,,,,,Gold
798545,139475,58,2765,77,,The Gambia,,,,,,,,
798547,184575,58,2765,79,,Guinea-Bissau,,,,,,,,
798549,58330,58,1030,106,,Jamaica,,,,,,,,
798550,336619,58,2765,31,,Brazil,,,,,,,,
798551,336619,58,2804,31,,Brazil,,,,,,,,
798563,73379,58,2718,83,,Germany,,,,,,,,
798564,76752,58,2741,83,,Germany,,,,,,,,
798566,101693,58,395,78,,Great Britain,,,,,,,,
798569,184586,58,2919,73,,France,,,,,,,,
798572,70108,58,2919,162,,Peru,,,,,,,,
798578,53685,58,2960,214,,Turkey,,,,,,,,
798579,53685,58,2883,214,,Turkey,,,,,,,,
798600,28775,58,2786,104,,Italy,,,,,,,,
798609,103374,58,1026,223,,United States,,,,,,,,
798629,41516,58,2964,14,,Australia,,,,,,,,
798661,19269,58,2699,67,,Spain,,,,,,,,
798671,47797,58,2777,31,,Brazil,,,,,,,,
798675,145764,58,2720,10,,Argentina,,,,,,,,
798678,3889,58,2720,14,,Australia,,,,,,,,
798691,91127,58,2919,48,,Colombia,,,,,,,,
798693,91127,58,96,160,,Panama,,,,,,,,
798703,123651,58,2879,29,,Bolivia,,,,,,,,
798733,42420,58,2777,212,,Trinidad and Tobago,,,,,,,,
798734,42420,58,2741,212,,Trinidad and Tobago,,,,,,,,
798736,145768,58,393,188,,Slovenia,,,,,,,,
798747,184685,58,2885,223,,United States,,,,,,,,
798758,184692,58,1030,57,,Czech Republic,,,,,,,,
798767,184696,58,96,167,,Poland,,,,,,,,
798768,184697,58,1029,62,,Ecuador,,,,,,,,
798771,184699,58,96,73,,France,,,,,,,,
798781,184707,58,2741,78,,Great Britain,,,,,,,,
798782,184707,58,2742,78,,Great Britain,,,,,,,,
798788,184707,58,2919,135,,Mexico,,,,,,,,
798791,184707,58,2843,92,,"Hong Kong, China",,,,,,,,
798799,39128,58,2730,96,,India,,,,,,,,
798800,35591,58,2944,96,,India,,,,,,,,
798818,45856,58,2864,17,,Bahamas,,,,,,,,
798829,184749,58,2730,151,,Nepal,,,,,,,,
798835,184758,58,2960,218,,Uganda,,,,,,,,
798836,184758,58,2776,110,,Kenya,,,,,,,,
798842,66640,58,1029,218,,Uganda,,,,,,,,
798843,73881,58,2883,218,,Uganda,,,,,,,,
798844,73881,58,2960,218,,Uganda,,,,,,,,
798845,184768,58,2883,110,,Kenya,,,,,,,,
798846,184768,58,2729,218,,Uganda,,,,,,,,Bronze
798850,3295,58,96,218,,Uganda,,,,,,,,
798852,104247,58,2699,218,,Uganda,,,,,,,,
798853,104247,58,1029,218,,Uganda,,,,,,,,
798854,184776,58,2720,218,,Uganda,,,,,,,,Gold
798856,123025,58,2718,211,,Chinese Taipei,,,,,,,,
798863,54047,58,2864,43,,China,,,,,,,,
798867,184785,58,2843,211,,Chinese Taipei,,,,,,,,
798883,184799,58,1026,43,,China,,,,,,,,
798892,103623,58,398,211,,Chinese Taipei,,,,,,,,
798903,184815,58,2720,110,,Kenya,,,,,,,,
798904,72900,58,1029,110,,Kenya,,,,,,,,
798905,72900,58,2883,110,,Kenya,,,,,,,,
798906,184820,58,2729,218,,Uganda,,,,,,,,Gold
798907,184821,58,2793,218,,Uganda,,,,,,,,Silver
798917,73131,58,96,110,,Kenya,,,,,,,,
798919,184831,58,2777,223,,United States,,,,,,,,
798920,184832,58,2741,223,,United States,,,,,,,,Gold
798921,145821,58,2885,110,,Kenya,,,,,,,,Silver
798924,184834,58,2960,218,,Uganda,,,,,,,,
798940,64113,58,48,10,,Argentina,,,,,,,,
798944,93827,58,2686,64,,Refugee Olympic Team,,,,,,,,
798947,184853,58,2848,104,,Italy,,,,,,,,
798965,70110,58,2879,92,,"Hong Kong, China",,,,,,,,
798990,113370,58,2786,62,,Ecuador,,,,,,,,
798991,184878,58,2919,113,,South Korea,,,,,,,,
798998,75457,58,1029,113,,South Korea,,,,,,,,
799012,184890,58,398,96,,India,,,,,,,,Gold
799014,184890,58,96,150,,Netherlands,,,,,,,,
799031,184908,58,2919,223,,United States,,,,,,,,
799042,184915,58,1029,32,,Bahrain,,,,,,,,
799052,119869,58,395,67,,Spain,,,,,,,,
799074,184937,58,2765,44,,Ivory Coast,,,,,,,,
799079,184939,58,2964,21,,Belgium,,,,,,,,
799088,19884,58,2848,78,,Great Britain,,,,,,,,
799089,92790,58,2742,78,,Great Britain,,,,,,,,
799090,92790,58,2730,186,,Saint Kitts and Nevis,,,,,,,,
799094,102535,58,2699,14,,Australia,,,,,,,,
799098,55677,58,2864,14,,Australia,,,,,,,,
799099,19912,58,50,223,,United States,,,,,,,,
799101,127469,58,2833,99,,Ireland,,,,,,,,
799102,127469,58,2864,223,,United States,,,,,,,,
799114,124480,58,2720,223,,United States,,,,,,,,
799115,184957,58,2786,175,,Romania,,,,,,,,
799118,143447,58,2964,223,,United States,,,,,,,,
799125,60671,58,2878,61,,Dominican Republic,,,,,,,,
799127,67026,58,2720,102,,Israel,,,,,,,,
799137,57457,58,2765,17,,Bahamas,,,,,,,,
799162,122465,58,2804,212,,Trinidad and Tobago,,,,,,,,
799163,119306,58,50,73,,France,,,,,,,,
799172,91981,58,96,78,,Great Britain,,,,,,,,
799174,115890,58,2995,176,,South Africa,,,,,,,,
799180,37448,58,2735,38,,Canada,,,,,,,,
799181,184985,58,2848,38,,Canada,,,,,,,,
799182,137824,58,2843,31,,Brazil,,,,,,,,
799183,122820,58,2720,223,,United States,,,,,,,,
799184,122820,58,2730,88,,Guinea,,,,,,,,
799191,184990,58,1029,99,,Ireland,,,,,,,,
799198,57458,58,2848,17,,Bahamas,,,,,,,,
799199,123734,58,2718,214,,Turkey,,,,,,,,
799200,123734,58,48,78,,Great Britain,,,,,,,,
799207,145862,58,2786,67,,Spain,,,,,,,,
799212,185002,58,48,73,,France,,,,,,,,
799225,63799,58,2919,31,,Brazil,,,,,,,,
799231,123149,58,2885,99,,Ireland,,,,,,,,
799248,30341,58,2964,21,,Belgium,,,,,,,,
799249,30341,58,2848,21,,Belgium,,,,,,,,
799259,30342,58,2878,31,,Brazil,,,,,,,,
799264,129826,58,2786,14,,Australia,,,,,,,,
799276,143454,58,2960,223,,United States,,,,,,,,
799277,143454,58,2883,223,,United States,,,,,,,,
799283,60673,58,2686,21,,Belgium,,,,,,,,
799287,60674,58,1030,38,,Canada,,,,,,,,
799288,60674,58,2729,104,,Italy,,,,,,,,
799289,89021,58,2793,104,,Italy,,,,,,,,
799299,33138,58,383,223,,United States,,,,,,,,Gold
799302,185057,58,2765,13,,American Samoa,,,,,,,,
799333,103987,58,2864,223,,United States,,,,,,,,
799334,103987,58,1024,223,,United States,,,,,,,,
799353,185098,58,2843,167,,Poland,,,,,,,,
799361,92429,58,2964,31,,Brazil,,,,,,,,
799364,92429,58,96,31,,Brazil,,,,,,,,
799365,92429,58,1026,31,,Brazil,,,,,,,,
799367,92429,58,2720,31,,Brazil,,,,,,,,
799369,90431,58,1029,32,,Bahrain,,,,,,,,
799371,133144,58,2765,210,,Togo,,,,,,,,
799376,47279,58,393,106,,Jamaica,,,,,,,,
799377,47279,58,1018,15,,Austria,,,,,,,,
799392,1480,58,2843,104,,Italy,,,,,,,,
799405,87621,58,50,104,,Italy,,,,,,,,
799428,71885,58,2960,65,,Eritrea,,,,,,,,
799435,11165,58,2730,223,,United States,,,,,,,,
799436,120021,58,2759,223,,United States,,,,,,,,Silver
799441,128555,58,2730,139,,Mali,,,,,,,,
799442,185150,58,2878,219,,Ukraine,,,,,,,,
799479,72657,58,927,73,,France,,,,,,,,
799488,23294,58,2960,14,,Australia,,,,,,,,
799493,185175,58,1029,78,,Great Britain,,,,,,,,
799494,185176,58,927,223,,United States,,,,,,,,
799509,137234,58,2944,14,,Australia,,,,,,,,
799525,185191,58,2885,209,,East Timor,,,,,,,,
799536,92298,58,2765,38,,Canada,,,,,,,,Bronze
799537,92298,58,2862,38,,Canada,,,,,,,,Gold
799538,92298,58,2804,38,,Canada,,,,,,,,Bronze
799553,118595,58,1029,162,,Peru,,,,,,,,
799561,20146,58,1017,31,,Brazil,,,,,,,,
799564,185219,58,2786,104,,Italy,,,,,,,,
799567,94195,58,1026,31,,Brazil,,,,,,,,
799576,92554,58,50,31,,Brazil,,,,,,,,
799595,185237,58,2848,150,,Netherlands,,,,,,,,
799596,90193,58,2742,150,,Netherlands,,,,,,,,
799597,90193,58,2735,150,,Netherlands,,,,,,,,
799598,76475,58,2848,150,,Netherlands,,,,,,,,
799599,76475,58,2742,150,,Netherlands,,,,,,,,
799601,73428,58,2741,223,,United States,,,,,,,,Gold
799602,143661,58,2742,223,,United States,,,,,,,,Bronze
799610,73382,58,2885,21,,Belgium,,,,,,,,
799611,93250,58,2776,38,,Canada,,,,,,,,
799613,129428,58,96,32,,Bahrain,,,,,,,,
799617,1015,58,2804,108,,Japan,,,,,,,,
799620,119602,58,1029,150,,Netherlands,,,,,,,,
799631,72749,58,2776,104,,Italy,,,,,,,,
799634,120921,58,2730,197,,Switzerland,,,,,,,,
799635,120921,58,2759,197,,Switzerland,,,,,,,,
799636,113405,58,395,135,,Mexico,,,,,,,,
799667,73430,58,1024,27,,Belarus,,,,,,,,
799668,130842,58,2879,214,,Turkey,,,,,,,,
799669,130842,58,1024,34,,Bulgaria,,,,,,,,
799674,173,58,49,223,,United States,,,,,,,,
799685,105411,58,393,14,,Australia,,,,,,,,
799688,133568,58,1029,69,,Ethiopia,,,,,,,,
799691,111102,58,1030,214,,Turkey,,,,,,,,
799695,111734,58,153,104,,Italy,,,,,,,,
799707,76402,58,2862,104,,Italy,,,,,,,,
799708,76402,58,2804,104,,Italy,,,,,,,,Gold
799710,39347,58,2741,57,,Czech Republic,,,,,,,,
799711,39347,58,96,69,,Ethiopia,,,,,,,,
799717,50313,58,2833,69,,Ethiopia,,,,,,,,
799740,185308,58,2864,104,,Italy,,,,,,,,
799745,185311,58,2848,55,,Cuba,,,,,,,,
799749,74503,58,153,73,,France,,,,,,,,
799758,131647,58,927,67,,Spain,,,,,,,,
799759,26118,58,2848,78,,Great Britain,,,,,,,,
799760,72435,58,2742,78,,Great Britain,,,,,,,,
799764,22671,58,50,55,,Cuba,,,,,,,,
799771,73802,58,1029,69,,Ethiopia,,,,,,,,
799787,50283,58,2759,197,,Switzerland,,,,,,,,
799792,59720,58,2741,176,,South Africa,,,,,,,,
799795,123440,58,1026,223,,United States,,,,,,,,
799803,72467,58,2786,73,,France,,,,,,,,
799806,33144,58,2735,26,,Belize,,,,,,,,
799810,128793,58,1029,14,,Australia,,,,,,,,
799821,72473,58,393,73,,France,,,,,,,,
799832,185366,58,96,31,,Brazil,,,,,,,,
799833,105565,58,2765,31,,Brazil,,,,,,,,
799834,105565,58,2804,31,,Brazil,,,,,,,,
799839,121971,58,2777,150,,Netherlands,,,,,,,,
799840,102845,58,2741,150,,Netherlands,,,,,,,,Silver
799841,102845,58,2742,150,,Netherlands,,,,,,,,
799842,22664,58,2944,78,,Great Britain,,,,,,,,
799843,59721,58,2686,167,,Poland,,,,,,,,Bronze
799852,129310,58,2786,83,,Germany,,,,,,,,
799876,43252,58,96,43,,China,,,,,,,,
799878,43253,58,1030,168,,Portugal,,,,,,,,
799884,185390,58,2741,21,,Belgium,,,,,,,,
799885,42892,58,2742,21,,Belgium,,,,,,,,
799893,42893,58,2718,31,,Brazil,,,,,,,,Bronze
799894,42893,58,50,31,,Brazil,,,,,,,,
799897,42893,58,157,31,,Brazil,,,,,,,,
799898,42893,58,2777,168,,Portugal,,,,,,,,
799901,32186,58,2759,104,,Italy,,,,,,,,
799915,72443,58,2843,85,,Greece,,,,,,,,
799942,11462,58,2718,52,,Costa Rica,,,,,,,,
799961,78744,58,1030,27,,Belarus,,,,,,,,
799962,131646,58,157,14,,Australia,,,,,,,,
799965,93372,58,1024,109,,Kazakhstan,,,,,,,,
799974,118970,58,395,27,,Belarus,,,,,,,,
800003,22675,58,2786,38,,Canada,,,,,,,,Bronze
800013,104443,58,48,200,,Sweden,,,,,,,,Gold
800021,106423,58,2879,57,,Czech Republic,,,,,,,,
800023,128896,58,2686,78,,Great Britain,,,,,,,,
800024,185455,58,2741,167,,Poland,,,,,,,,
800025,22676,58,2742,167,,Poland,,,,,,,,Gold
800026,122993,58,48,31,,Brazil,,,,,,,,
800037,71809,58,2862,106,,Jamaica,,,,,,,,
800047,90401,58,2786,27,,Belarus,,,,,,,,
800051,26131,58,2729,110,,Kenya,,,,,,,,
800060,71074,58,49,55,,Cuba,,,,,,,,Silver
800061,71074,58,153,83,,Germany,,,,,,,,
800077,145953,58,2862,160,,Panama,,,,,,,,
800081,4019,58,2885,14,,Australia,,,,,,,,
800090,72449,58,2804,78,,Great Britain,,,,,,,,Silver
800092,72449,58,2730,34,,Bulgaria,,,,,,,,
800093,41097,58,2944,34,,Bulgaria,,,,,,,,
800109,26133,58,2729,64,,Refugee Olympic Team,,,,,,,,
800112,22678,58,48,108,,Japan,,,,,,,,
800114,22678,58,153,84,,Ghana,,,,,,,,
800125,185495,58,153,109,,Kazakhstan,,,,,,,,
800126,72450,58,96,130,,Morocco,,,,,,,,
800127,92870,58,96,32,,Bahrain,,,,,,,,
800128,126966,58,2885,130,,Morocco,,,,,,,,
800129,103674,58,2699,130,,Morocco,,,,,,,,Gold
800131,26135,58,96,104,,Italy,,,,,,,,
800132,92427,58,96,130,,Morocco,,,,,,,,
800133,92427,58,2686,130,,Morocco,,,,,,,,
800135,92427,58,1029,130,,Morocco,,,,,,,,
800136,92427,58,395,171,,Qatar,,,,,,,,
800147,73810,58,395,63,,Egypt,,,,,,,,
800158,119542,58,1018,38,,Canada,,,,,,,,
800162,20618,58,2848,223,,United States,,,,,,,,Gold
800163,185517,58,2742,223,,United States,,,,,,,,Bronze
800165,58561,58,2804,106,,Jamaica,,,,,,,,
800171,103812,58,1029,38,,Canada,,,,,,,,
800172,185520,58,2730,49,,Comoros,,,,,,,,
800207,33157,58,1026,133,,Moldova,,,,,,,,
800208,93237,58,2730,38,,Canada,,,,,,,,
800209,103903,58,2944,38,,Canada,,,,,,,,
800218,87711,58,383,153,,Nigeria,,,,,,,,
800224,90404,58,2686,99,,Ireland,,,,,,,,
800238,185558,58,2885,82,,Equatorial Guinea,,,,,,,,
800239,114050,58,1029,104,,Italy,,,,,,,,
800242,114050,58,50,214,,Turkey,,,,,,,,
800252,32198,58,1029,214,,Turkey,,,,,,,,
800259,43259,58,157,68,,Estonia,,,,,,,,
800260,145956,58,2864,67,,Spain,,,,,,,,
800265,22667,58,2742,67,,Spain,,,,,,,,
800273,42894,58,2862,45,,Cameroon,,,,,,,,
800276,132723,58,96,135,,Mexico,,,,,,,,
800280,50285,58,1030,226,,Venezuela,,,,,,,,
800283,50285,58,2885,130,,Morocco,,,,,,,,
800289,185585,58,398,72,,Finland,,,,,,,,
800291,87499,58,47,108,,Japan,,,,,,,,
800299,26106,58,2730,19,,Barbados,,,,,,,,
800305,13248,58,50,168,,Portugal,,,,,,,,
800310,73812,58,383,104,,Italy,,,,,,,,
800315,145960,58,2862,121,,Liberia,,,,,,,,
800316,72459,58,2848,197,,Switzerland,,,,,,,,
800327,115356,58,395,167,,Poland,,,,,,,,Bronze
800330,32201,58,2878,31,,Brazil,,,,,,,,
800335,26138,58,2804,73,,France,,,,,,,,
800337,48649,58,393,104,,Italy,,,,,,,,
800345,185618,58,50,43,,China,,,,,,,,
800350,33160,58,1032,104,,Italy,,,,,,,,
800355,74505,58,2759,31,,Brazil,,,,,,,,
800357,185624,58,3000,212,,Trinidad and Tobago,,,,,,,,
800358,33142,58,2885,83,,Germany,,,,,,,,
800363,72464,58,2730,98,,Iran,,,,,,,,
800382,185637,58,2879,83,,Germany,,,,,,,,
800386,113797,58,2735,223,,United States,,,,,,,,Bronze
800387,22684,58,2848,223,,United States,,,,,,,,Gold
800389,22684,58,2742,61,,Dominican Republic,,,,,,,,Silver
800390,22684,58,1026,43,,China,,,,,,,,
800400,87501,58,2699,223,,United States,,,,,,,,
800410,72482,58,2776,222,,Uruguay,,,,,,,,
800414,41634,58,2718,67,,Spain,,,,,,,,
800426,116362,58,2720,31,,Brazil,,,,,,,,
800428,185667,58,47,31,,Brazil,,,,,,,,
800465,40948,58,2729,32,,Bahrain,,,,,,,,
800471,119865,58,48,85,,Greece,,,,,,,,
800472,119865,58,2879,85,,Greece,,,,,,,,
800481,57459,58,393,223,,United States,,,,,,,,
800482,57459,58,2720,99,,Ireland,,,,,,,,
800484,73940,58,1032,167,,Poland,,,,,,,,
800488,48813,58,393,175,,Romania,,,,,,,,
800489,48813,58,1029,190,,Solomon Islands,,,,,,,,
800494,48814,58,2729,223,,United States,,,,,,,,
800495,48814,58,2793,223,,United States,,,,,,,,
800498,55954,58,1029,133,,Moldova,,,,,,,,
800499,55954,58,2765,75,,Federated States of Micronesia,,,,,,,,
800509,131076,58,2720,99,,Ireland,,,,,,,,
800538,185743,58,2843,104,,Italy,,,,,,,,
800549,185751,58,2848,104,,Italy,,,,,,,,
800555,15025,58,2730,104,,Italy,,,,,,,,
800556,185756,58,2759,104,,Italy,,,,,,,,
800558,60687,58,2885,67,,Spain,,,,,,,,
800563,141958,58,2729,150,,Netherlands,,,,,,,,
800579,11464,58,2862,106,,Jamaica,,,,,,,,
800580,11464,58,2804,106,,Jamaica,,,,,,,,
800583,145996,58,2919,104,,Italy,,,,,,,,
800587,185773,58,96,68,,Estonia,,,,,,,,
800588,2454,58,2765,205,,Tonga,,,,,,,,
800604,53879,58,49,31,,Brazil,,,,,,,,
800620,44979,58,153,223,,United States,,,,,,,,
800623,30687,58,395,85,,Greece,,,,,,,,
800644,28469,58,2730,106,,Jamaica,,,,,,,,Silver
800645,28469,58,2944,106,,Jamaica,,,,,,,,
800646,28469,58,2759,106,,Jamaica,,,,,,,,Gold
800648,28469,58,49,14,,Australia,,,,,,,,
800661,123028,58,2720,223,,United States,,,,,,,,Silver
800701,140778,58,2879,108,,Japan,,,,,,,,
800737,185850,58,3001,167,,Poland,,,,,,,,
800759,60690,58,2730,17,,Bahamas,,,,,,,,
800760,60690,58,2944,17,,Bahamas,,,,,,,,
800761,60690,58,2833,199,,Slovakia,,,,,,,,
800767,185867,58,2776,167,,Poland,,,,,,,,
800772,185867,58,2848,38,,Canada,,,,,,,,
800773,185867,58,47,78,,Great Britain,,,,,,,,
800776,146021,58,1029,67,,Spain,,,,,,,,
800783,185881,58,1026,42,,Chile,,,,,,,,
800785,13261,58,2742,67,,Spain,,,,,,,,
800790,131762,58,2741,104,,Italy,,,,,,,,
800791,185887,58,2776,135,,Mexico,,,,,,,,
800792,185888,58,2960,135,,Mexico,,,,,,,,
800795,185889,58,2879,48,,Colombia,,,,,,,,
800818,13262,58,49,43,,China,,,,,,,,
800819,185901,58,1030,43,,China,,,,,,,,
800832,82810,58,2919,67,,Spain,,,,,,,,
800838,185920,58,2786,67,,Spain,,,,,,,,
800841,146035,58,2879,162,,Peru,,,,,,,,
800850,13264,58,2742,67,,Spain,,,,,,,,
800852,185930,58,2879,67,,Spain,,,,,,,,
800854,129987,58,2777,17,,Bahamas,,,,,,,,Gold
800855,129414,58,2759,223,,United States,,,,,,,,Silver
800858,185931,58,2804,150,,Netherlands,,,,,,,,
800871,185939,58,47,197,,Switzerland,,,,,,,,
800891,107841,58,2699,38,,Canada,,,,,,,,
800892,107841,58,2777,106,,Jamaica,,,,,,,,
800893,107841,58,2741,106,,Jamaica,,,,,,,,
800894,107841,58,49,106,,Jamaica,,,,,,,,
800902,49461,58,2786,57,,Czech Republic,,,,,,,,
800903,49461,58,2730,43,,China,,,,,,,,
800904,146044,58,2759,43,,China,,,,,,,,
800905,146044,58,96,203,,Tanzania,,,,,,,,
800909,116391,58,2776,69,,Ethiopia,,,,,,,,
800910,116391,58,2883,69,,Ethiopia,,,,,,,,
800915,122530,58,2720,4,,Albania,,,,,,,,
800917,2390,58,96,176,,South Africa,,,,,,,,
800919,72658,58,2883,69,,Ethiopia,,,,,,,,
800921,72658,58,2862,78,,Great Britain,,,,,,,,
800939,60693,58,2735,153,,Nigeria,,,,,,,,
800940,60693,58,2759,153,,Nigeria,,,,,,,,
800941,60693,58,2742,153,,Nigeria,,,,,,,,
800955,7585,58,1024,219,,Ukraine,,,,,,,,
800970,35613,58,2833,69,,Ethiopia,,,,,,,,
800974,124542,58,2883,32,,Bahrain,,,,,,,,Silver
800979,126732,58,47,202,,Syria,,,,,,,,
800980,104625,58,96,65,,Eritrea,,,,,,,,
800981,124695,58,96,104,,Italy,,,,,,,,
800984,186013,58,1032,175,,Romania,,,,,,,,
801001,124528,58,2883,69,,Ethiopia,,,,,,,,Bronze
801004,50314,58,153,83,,Germany,,,,,,,,
801008,146056,58,2964,197,,Switzerland,,,,,,,,
801009,120328,58,2848,197,,Switzerland,,,,,,,,
801018,139352,58,2699,73,,France,,,,,,,,
801023,186032,58,2686,78,,Great Britain,,,,,,,,
801024,146061,58,383,157,,New Zealand,,,,,,,,
801025,186033,58,2765,26,,Belize,,,,,,,,
801026,186034,58,1017,57,,Czech Republic,,,,,,,,
801029,13267,58,2804,223,,United States,,,,,,,,
801040,2530,58,2879,104,,Italy,,,,,,,,
801050,5395,58,2699,69,,Ethiopia,,,,,,,,Silver
801084,12984,58,1017,38,,Canada,,,,,,,,
801085,12984,58,47,126,,Lithuania,,,,,,,,
801086,186067,58,2759,58,,Denmark,,,,,,,,
801113,112603,58,2742,223,,United States,,,,,,,,Bronze
801122,186091,58,2759,167,,Poland,,,,,,,,
801126,186091,58,2804,73,,France,,,,,,,,
801128,186091,58,1030,219,,Ukraine,,,,,,,,
801143,107623,58,2885,67,,Spain,,,,,,,,
801144,107623,58,1029,10,,Argentina,,,,,,,,
801149,33147,58,2735,55,,Cuba,,,,,,,,
801150,13269,58,2848,55,,Cuba,,,,,,,,
801157,126728,58,1030,43,,China,,,,,,,,Gold
801159,127844,58,2848,83,,Germany,,,,,,,,
801160,127844,58,2742,83,,Germany,,,,,,,,
801163,105641,58,2879,135,,Mexico,,,,,,,,
801173,119204,58,96,48,,Colombia,,,,,,,,
801184,186134,58,2964,48,,Colombia,,,,,,,,
801189,186139,58,2879,67,,Spain,,,,,,,,
801207,11468,58,1029,21,,Belgium,,,,,,,,
801225,157428,58,2833,106,,Jamaica,,,,,,,,
801269,186191,58,2776,83,,Germany,,,,,,,,
801281,186202,58,2862,212,,Trinidad and Tobago,,,,,,,,
801294,107905,58,2765,8,,Antigua and Barbuda,,,,,,,,
801295,43694,58,2742,99,,Ireland,,,,,,,,
801303,124129,58,2720,14,,Australia,,,,,,,,
801307,186214,58,2729,73,,France,,,,,,,,
801308,186214,58,2885,127,,Luxembourg,,,,,,,,
801316,131227,58,2776,14,,Australia,,,,,,,,
801326,186224,58,1018,83,,Germany,,,,,,,,
801351,186245,58,2960,155,,Norway,,,,,,,,
801352,86097,58,2883,155,,Norway,,,,,,,,
801360,21560,58,2742,167,,Poland,,,,,,,,Gold
801373,60467,58,1030,167,,Poland,,,,,,,,
801375,115202,58,393,101,,Iceland,,,,,,,,
801377,92397,58,2848,73,,France,,,,,,,,
801378,92397,58,2885,194,,South Sudan,,,,,,,,
801384,24790,58,2879,162,,Peru,,,,,,,,
801386,112504,58,2776,67,,Spain,,,,,,,,
801387,11120,58,2879,135,,Mexico,,,,,,,,
801390,132003,58,2741,212,,Trinidad and Tobago,,,,,,,,
801405,44159,58,50,81,,Georgia,,,,,,,,
801407,92398,58,2862,214,,Turkey,,,,,,,,
801408,92398,58,2741,214,,Turkey,,,,,,,,
801439,186290,58,48,155,,Norway,,,,,,,,
801453,60702,58,2759,167,,Poland,,,,,,,,
801458,186299,58,1032,94,,Hungary,,,,,,,,
801464,124566,58,2759,83,,Germany,,,,,,,,
801468,146105,58,2885,73,,France,,,,,,,,
801472,313,58,2759,212,,Trinidad and Tobago,,,,,,,,
801477,186315,58,2862,120,,Lebanon,,,,,,,,
801495,29513,58,2960,108,,Japan,,,,,,,,
801498,29513,58,2699,65,,Eritrea,,,,,,,,
801499,29513,58,2776,69,,Ethiopia,,,,,,,,
801502,186335,58,2686,114,,Kosovo,,,,,,,,
801506,186337,58,395,94,,Hungary,,,,,,,,
801518,127105,58,2776,14,,Australia,,,,,,,,
801531,46612,58,2843,49,,Comoros,,,,,,,,
801548,111249,58,383,63,,Egypt,,,,,,,,
801583,31041,58,2804,58,,Denmark,,,,,,,,
801602,66208,58,2718,73,,France,,,,,,,,
801611,27838,58,383,167,,Poland,,,,,,,,
801625,19013,58,2765,156,,Nauru,,,,,,,,
801628,105220,58,2804,212,,Trinidad and Tobago,,,,,,,,
801631,186409,58,2864,223,,United States,,,,,,,,Silver
801641,103520,58,2804,83,,Germany,,,,,,,,
801647,186417,58,2765,214,,Turkey,,,,,,,,
801648,91754,58,2804,214,,Turkey,,,,,,,,
801664,1129,58,49,108,,Japan,,,,,,,,
801665,13278,58,2885,171,,Qatar,,,,,,,,
801669,186430,58,383,63,,Egypt,,,,,,,,
801670,11470,58,2776,150,,Netherlands,,,,,,,,Bronze
801671,11470,58,2960,150,,Netherlands,,,,,,,,Gold
801672,75915,58,2883,150,,Netherlands,,,,,,,,Gold
801694,130983,58,96,108,,Japan,,,,,,,,
801695,186449,58,395,223,,United States,,,,,,,,
801702,13279,58,2786,155,,Norway,,,,,,,,
801715,114796,58,96,78,,Great Britain,,,,,,,,
801717,123403,58,2776,38,,Canada,,,,,,,,
801718,139348,58,2729,73,,France,,,,,,,,
801732,82778,58,2735,223,,United States,,,,,,,,
801733,82778,58,2848,223,,United States,,,,,,,,Gold
801738,64115,58,2879,14,,Australia,,,,,,,,
801747,186478,58,2944,99,,Ireland,,,,,,,,
801748,186478,58,2735,99,,Ireland,,,,,,,,
801749,186478,58,2742,99,,Ireland,,,,,,,,
801750,102215,58,2776,99,,Ireland,,,,,,,,
801755,102215,58,2964,55,,Cuba,,,,,,,,
801756,102215,58,2848,55,,Cuba,,,,,,,,
801798,3296,58,49,83,,Germany,,,,,,,,
801806,22390,58,398,72,,Finland,,,,,,,,
801807,22390,58,157,57,,Czech Republic,,,,,,,,
801808,22390,58,2786,94,,Hungary,,,,,,,,
801819,137233,58,2879,14,,Australia,,,,,,,,
801821,137636,58,2729,21,,Belgium,,,,,,,,
801826,137817,58,2742,31,,Brazil,,,,,,,,
801844,110525,58,2833,83,,Germany,,,,,,,,
801848,102513,58,2864,27,,Belarus,,,,,,,,
801849,102513,58,2848,27,,Belarus,,,,,,,,
801861,107610,58,2759,104,,Italy,,,,,,,,
801874,186573,58,2699,58,,Denmark,,,,,,,,
801877,110025,58,2686,5,,Algeria,,,,,,,,
801880,186576,58,2885,78,,Great Britain,,,,,,,,
801884,104032,58,927,106,,Jamaica,,,,,,,,
801886,186581,58,96,157,,New Zealand,,,,,,,,
801895,139861,58,2786,83,,Germany,,,,,,,,Silver
801927,140782,58,2960,108,,Japan,,,,,,,,
801928,140782,58,2883,108,,Japan,,,,,,,,
801932,186608,58,2804,212,,Trinidad and Tobago,,,,,,,,
801934,186610,58,496,219,,Ukraine,,,,,,,,
801935,186610,58,2786,57,,Czech Republic,,,,,,,,
801950,186623,58,2885,14,,Australia,,,,,,,,
801951,186623,58,2759,223,,United States,,,,,,,,Silver
801955,186629,58,2885,223,,United States,,,,,,,,
801958,2410,58,496,197,,Switzerland,,,,,,,,
801965,66605,58,2833,78,,Great Britain,,,,,,,,Silver
801970,186644,58,96,38,,Canada,,,,,,,,
801973,142997,58,2833,197,,Switzerland,,,,,,,,
801998,143677,58,2843,223,,United States,,,,,,,,Silver
802007,28214,58,1029,150,,Netherlands,,,,,,,,
802010,28214,58,2848,167,,Poland,,,,,,,,Silver
802011,28214,58,2742,167,,Poland,,,,,,,,Gold
802023,122352,58,2944,104,,Italy,,,,,,,,
802024,122352,58,2759,104,,Italy,,,,,,,,
802037,23371,58,2686,223,,United States,,,,,,,,
802050,119373,58,96,219,,Ukraine,,,,,,,,
802062,10260,58,2735,188,,Slovenia,,,,,,,,
802081,8094,58,2843,14,,Australia,,,,,,,,
802103,76406,58,1032,199,,Slovakia,,,,,,,,
802111,49417,58,2730,211,,Chinese Taipei,,,,,,,,
802125,11472,58,48,43,,China,,,,,,,,
802126,186741,58,49,43,,China,,,,,,,,
802128,46083,58,2759,43,,China,,,,,,,,
802134,186748,58,398,211,,Chinese Taipei,,,,,,,,
802142,129546,58,2848,14,,Australia,,,,,,,,
802157,186769,58,1017,15,,Austria,,,,,,,,
802158,131208,58,2995,78,,Great Britain,,,,,,,,
802159,131208,58,2878,78,,Great Britain,,,,,,,,
802166,51556,58,2699,38,,Canada,,,,,,,,
802167,51556,58,2765,78,,Great Britain,,,,,,,,
802168,30483,58,2804,78,,Great Britain,,,,,,,,Silver
802172,186784,58,2776,14,,Australia,,,,,,,,
802191,185866,58,2686,14,,Australia,,,,,,,,
802193,185866,58,1018,72,,Finland,,,,,,,,
802203,186814,58,2864,72,,Finland,,,,,,,,
802204,186815,58,2919,62,,Ecuador,,,,,,,,
802211,11474,58,2777,67,,Spain,,,,,,,,
802217,11474,58,1017,83,,Germany,,,,,,,,
802232,186843,58,2718,106,,Jamaica,,,,,,,,
802233,65390,58,2741,106,,Jamaica,,,,,,,,
802238,65390,58,2765,39,,Cayman Islands,,,,,,,,
802240,46149,58,2833,155,,Norway,,,,,,,,
802258,130913,58,1029,108,,Japan,,,,,,,,
802269,44576,58,1032,118,,Latvia,,,,,,,,
802275,130879,58,50,104,,Italy,,,,,,,,
802277,13289,58,2862,108,,Japan,,,,,,,,
802280,186882,58,2919,108,,Japan,,,,,,,,Silver
802281,111363,58,2741,108,,Japan,,,,,,,,
802288,186888,58,2935,108,,Japan,,,,,,,,
802303,102007,58,2765,165,,Palau,,,,,,,,
802314,186902,58,2919,214,,Turkey,,,,,,,,
802319,11478,58,1017,223,,United States,,,,,,,,
802325,49329,58,2862,104,,Italy,,,,,,,,
802326,49329,58,2885,155,,Norway,,,,,,,,Gold
802335,46037,58,1026,206,,Thailand,,,,,,,,
802347,105317,58,96,20,,Burundi,,,,,,,,
802350,105317,58,2848,223,,United States,,,,,,,,Gold
802351,127465,58,2742,223,,United States,,,,,,,,Bronze
802358,102621,58,927,78,,Great Britain,,,,,,,,
802375,140783,58,2759,108,,Japan,,,,,,,,
802399,60719,58,2741,108,,Japan,,,,,,,,
802400,186958,58,2793,108,,Japan,,,,,,,,
802403,121506,58,2765,153,,Nigeria,,,,,,,,
802405,119779,58,2964,155,,Norway,,,,,,,,
802407,186964,58,927,175,,Romania,,,,,,,,
802411,40223,58,47,34,,Bulgaria,,,,,,,,
802414,122177,58,47,173,,Russia,,,,,,,,
802430,146298,58,2843,108,,Japan,,,,,,,,
802436,128216,58,2730,106,,Jamaica,,,,,,,,Bronze
802437,53594,58,2944,106,,Jamaica,,,,,,,,
802438,128216,58,2759,106,,Jamaica,,,,,,,,Gold
802439,128216,58,2848,106,,Jamaica,,,,,,,,Bronze
802440,102299,58,2741,96,,India,,,,,,,,
802441,102299,58,2765,104,,Italy,,,,,,,,Gold
802442,330455,58,2804,104,,Italy,,,,,,,,Gold
802458,41045,58,393,223,,United States,,,,,,,,
802461,186994,58,398,67,,Spain,,,,,,,,
802472,187001,58,2964,32,,Bahrain,,,,,,,,
802475,3668,58,2777,86,,Grenada,,,,,,,,Bronze
802478,18328,58,2742,106,,Jamaica,,,,,,,,
802486,41758,58,2777,188,,Slovenia,,,,,,,,
802509,60720,58,2879,62,,Ecuador,,,,,,,,
802515,37970,58,393,83,,Germany,,,,,,,,
802516,90783,58,1017,126,,Lithuania,,,,,,,,
802520,51745,58,2879,96,,India,,,,,,,,
802524,6789,58,2864,91,,Haiti,,,,,,,,
802526,6789,58,2776,110,,Kenya,,,,,,,,
802536,120937,58,2848,106,,Jamaica,,,,,,,,Bronze
802537,120937,58,2742,106,,Jamaica,,,,,,,,
802556,118535,58,1029,110,,Kenya,,,,,,,,Gold
802558,30223,58,1029,73,,France,,,,,,,,
802569,53880,58,2686,223,,United States,,,,,,,,
802580,28470,58,2878,67,,Spain,,,,,,,,
802581,92489,58,2919,62,,Ecuador,,,,,,,,
802589,90352,58,48,113,,South Korea,,,,,,,,
802592,187087,58,2862,57,,Czech Republic,,,,,,,,
802596,11480,58,2862,176,,South Africa,,,,,,,,
802602,146324,58,1029,57,,Czech Republic,,,,,,,,
802603,146325,58,1029,147,,Namibia,,,,,,,,
802614,143122,58,2699,200,,Sweden,,,,,,,,
802622,22686,58,1018,78,,Great Britain,,,,,,,,
802628,76248,58,2735,223,,United States,,,,,,,,
802629,76248,58,2848,223,,United States,,,,,,,,Gold
802634,60721,58,2777,19,,Barbados,,,,,,,,
802649,187118,58,2741,73,,France,,,,,,,,
802661,70116,58,2944,73,,France,,,,,,,,
802662,25789,58,2759,73,,France,,,,,,,,
802664,67519,58,2843,197,,Switzerland,,,,,,,,
802670,23142,58,2833,167,,Poland,,,,,,,,
802675,28619,58,2960,78,,Great Britain,,,,,,,,
802676,28619,58,2883,78,,Great Britain,,,,,,,,
802692,42607,58,1024,83,,Germany,,,,,,,,
802694,127684,58,2862,31,,Brazil,,,,,,,,
802696,146341,58,2741,83,,Germany,,,,,,,,
802710,112346,58,2848,219,,Ukraine,,,,,,,,
802711,92989,58,2720,94,,Hungary,,,,,,,,
802713,118573,58,2735,167,,Poland,,,,,,,,
802714,118573,58,2848,167,,Poland,,,,,,,,Silver
802715,60722,58,2742,167,,Poland,,,,,,,,Gold
802717,60722,58,2944,104,,Italy,,,,,,,,
802744,91874,58,2735,110,,Kenya,,,,,,,,
802758,10622,58,2804,58,,Denmark,,,,,,,,
802759,75145,58,2864,197,,Switzerland,,,,,,,,
802760,75145,58,2730,197,,Switzerland,,,,,,,,
802761,75145,58,2944,197,,Switzerland,,,,,,,,
802762,124102,58,2759,197,,Switzerland,,,,,,,,
802781,32573,58,2843,108,,Japan,,,,,,,,
802811,41934,58,927,166,,Papua New Guinea,,,,,,,,
802821,187217,58,48,85,,Greece,,,,,,,,
802834,37971,58,1030,167,,Poland,,,,,,,,
802850,3740,58,2919,200,,Sweden,,,,,,,,
802856,1227,58,2759,58,,Denmark,,,,,,,,
802875,21927,58,2879,199,,Slovakia,,,,,,,,
802876,644,58,2729,67,,Spain,,,,,,,,
802877,13302,58,398,27,,Belarus,,,,,,,,
802883,127949,58,2786,108,,Japan,,,,,,,,
802889,108327,58,157,83,,Germany,,,,,,,,
802891,88595,58,1026,96,,India,,,,,,,,
802897,115643,58,2741,108,,Japan,,,,,,,,
802903,102376,58,2786,108,,Japan,,,,,,,,
802906,102376,58,2879,108,,Japan,,,,,,,,
802931,45402,58,157,83,,Germany,,,,,,,,
802939,43139,58,395,42,,Chile,,,,,,,,
802943,10335,58,2793,69,,Ethiopia,,,,,,,,
802944,10335,58,1029,83,,Germany,,,,,,,,
802950,104679,58,2765,64,,Refugee Olympic Team,,,,,,,,
802957,33164,58,2833,38,,Canada,,,,,,,,
802965,132121,58,2718,223,,United States,,,,,,,,
802966,58728,58,2729,111,,Kyrgyzstan,,,,,,,,
802968,58729,58,496,14,,Australia,,,,,,,,
802972,11484,58,2919,99,,Ireland,,,,,,,,
802985,42837,58,2765,223,,United States,,,,,,,,Silver
802986,110839,58,2804,223,,United States,,,,,,,,
802989,38396,58,47,157,,New Zealand,,,,,,,,
802990,111418,58,2885,78,,Great Britain,,,,,,,,Bronze
802994,28760,58,96,21,,Belgium,,,,,,,,
803005,103703,58,96,15,,Austria,,,,,,,,
803006,103703,58,2699,223,,United States,,,,,,,,
803027,142487,58,2879,173,,Russia,,,,,,,,
803041,187332,58,2848,27,,Belarus,,,,,,,,
803045,113980,58,395,224,,Uzbekistan,,,,,,,,
803054,119003,58,49,81,,Georgia,,,,,,,,
803063,128349,58,153,224,,Uzbekistan,,,,,,,,
803073,141303,58,2699,110,,Kenya,,,,,,,,
803085,10514,58,2848,167,,Poland,,,,,,,,Silver
803087,23468,58,2793,65,,Eritrea,,,,,,,,
803088,23468,58,96,65,,Eritrea,,,,,,,,
803089,23468,58,2699,110,,Kenya,,,,,,,,Bronze
803091,135801,58,2765,22,,Benin,,,,,,,,
803093,131211,58,2804,78,,Great Britain,,,,,,,,Silver
803162,106161,58,2729,21,,Belgium,,,,,,,,
803163,106161,58,2793,21,,Belgium,,,,,,,,
803166,119108,58,2864,108,,Japan,,,,,,,,
803169,187417,58,2729,223,,United States,,,,,,,,
803170,187417,58,2793,223,,United States,,,,,,,,
803174,3527,58,2843,78,,Great Britain,,,,,,,,
803180,79251,58,2848,197,,Switzerland,,,,,,,,
803184,114127,58,2786,72,,Finland,,,,,,,,
803193,41430,58,1024,200,,Sweden,,,,,,,,
803196,41430,58,96,110,,Kenya,,,,,,,,Gold
803197,31766,58,2729,218,,Uganda,,,,,,,,
803198,31766,58,2793,218,,Uganda,,,,,,,,Bronze
803200,29389,58,96,218,,Uganda,,,,,,,,
803201,60727,58,96,110,,Kenya,,,,,,,,
803202,24429,58,2793,110,,Kenya,,,,,,,,
803203,66395,58,2885,110,,Kenya,,,,,,,,
803204,36186,58,1029,223,,United States,,,,,,,,
803205,31752,58,2776,110,,Kenya,,,,,,,,Gold
803222,107343,58,2720,110,,Kenya,,,,,,,,
803224,107343,58,2804,108,,Japan,,,,,,,,
803233,73535,58,2793,218,,Uganda,,,,,,,,
803238,59056,58,1017,108,,Japan,,,,,,,,
803262,13311,58,2720,110,,Kenya,,,,,,,,Bronze
803265,57283,58,2804,58,,Denmark,,,,,,,,
803269,141868,58,2735,150,,Netherlands,,,,,,,,
803270,141868,58,2848,150,,Netherlands,,,,,,,,
803271,141868,58,2742,150,,Netherlands,,,,,,,,
803272,187479,58,2793,223,,United States,,,,,,,,
803275,187482,58,2776,83,,Germany,,,,,,,,
803290,9371,58,927,173,,Russia,,,,,,,,
803292,66397,58,2964,155,,Norway,,,,,,,,
803293,187497,58,2883,83,,Germany,,,,,,,,
803299,107638,58,1032,219,,Ukraine,,,,,,,,
803300,143361,58,2848,219,,Ukraine,,,,,,,,
803301,38749,58,2742,219,,Ukraine,,,,,,,,
803311,139492,58,2964,78,,Great Britain,,,,,,,,
803313,41432,58,2729,38,,Canada,,,,,,,,
803314,41432,58,2862,223,,United States,,,,,,,,
803321,66394,58,2944,163,,Philippines,,,,,,,,
803329,187516,58,2864,35,,Burkina Faso,,,,,,,,
803330,187517,58,1018,35,,Burkina Faso,,,,,,,,
803341,139868,58,2742,83,,Germany,,,,,,,,
803351,73515,58,1017,118,,Latvia,,,,,,,,
803352,187529,58,2759,108,,Japan,,,,,,,,
803355,34917,58,2699,32,,Bahrain,,,,,,,,
803369,187538,58,2765,108,,Japan,,,,,,,,
803370,187538,58,2804,108,,Japan,,,,,,,,
803376,64117,58,395,219,,Ukraine,,,,,,,,
803379,35789,58,1017,53,,Croatia,,,,,,,,
803380,64117,58,383,192,,Serbia,,,,,,,,
803396,45558,58,2919,96,,India,,,,,,,,
803413,122126,58,2720,167,,Poland,,,,,,,,
803414,49525,58,2720,167,,Poland,,,,,,,,
803436,65315,58,2919,83,,Germany,,,,,,,,
803438,116176,58,1032,167,,Poland,,,,,,,,Bronze
803439,116176,58,2730,197,,Switzerland,,,,,,,,
803440,187585,58,2944,197,,Switzerland,,,,,,,,
803441,77451,58,2759,197,,Switzerland,,,,,,,,
803448,50894,58,2777,110,,Kenya,,,,,,,,
803449,50894,58,2686,110,,Kenya,,,,,,,,Gold
803450,20008,58,2919,214,,Turkey,,,,,,,,
803453,77453,58,2718,94,,Hungary,,,,,,,,
803463,66256,58,2864,72,,Finland,,,,,,,,
803468,86219,58,1029,110,,Kenya,,,,,,,,Silver
803469,187600,58,1032,72,,Finland,,,,,,,,
803492,77156,58,2777,196,,Sudan,,,,,,,,
803493,63999,58,2741,73,,France,,,,,,,,
803496,75468,58,2879,94,,Hungary,,,,,,,,
803498,10675,58,383,223,,United States,,,,,,,,Silver
803521,26999,58,2741,167,,Poland,,,,,,,,
803522,26999,58,2742,167,,Poland,,,,,,,,Gold
803529,56304,58,2864,94,,Hungary,,,,,,,,
803543,75468,58,2964,83,,Germany,,,,,,,,
803544,59575,58,2848,83,,Germany,,,,,,,,
803551,187651,58,2686,200,,Sweden,,,,,,,,
803552,43804,58,2759,58,,Denmark,,,,,,,,
803561,49860,58,2720,83,,Germany,,,,,,,,
803579,99636,58,1018,94,,Hungary,,,,,,,,
803590,75471,58,2995,57,,Czech Republic,,,,,,,,
803594,187681,58,398,167,,Poland,,,,,,,,
803596,187683,58,2883,150,,Netherlands,,,,,,,,
803605,101959,58,2741,167,,Poland,,,,,,,,
803606,101959,58,2742,167,,Poland,,,,,,,,Gold
803631,139203,58,2833,72,,Finland,,,,,,,,
803632,139203,58,2776,72,,Finland,,,,,,,,
803660,49863,58,2919,96,,India,,,,,,,,
803670,102940,58,1018,223,,United States,,,,,,,,
803676,10694,58,50,224,,Uzbekistan,,,,,,,,
803686,13320,58,2718,108,,Japan,,,,,,,,
803694,187742,58,398,72,,Finland,,,,,,,,
803706,32445,58,2944,83,,Germany,,,,,,,,
803707,32445,58,2793,110,,Kenya,,,,,,,,
803716,79214,58,496,219,,Ukraine,,,,,,,,
803719,43801,58,496,85,,Greece,,,,,,,,
803732,139238,58,2848,73,,France,,,,,,,,
803735,49986,58,153,60,,Dominica,,,,,,,,
803749,74669,58,2718,5,,Algeria,,,,,,,,
803750,58270,58,2883,200,,Sweden,,,,,,,,
803753,187777,58,1024,78,,Great Britain,,,,,,,,
803754,187777,58,2843,72,,Finland,,,,,,,,
803757,103588,58,2720,38,,Canada,,,,,,,,
803758,119044,58,2944,34,,Bulgaria,,,,,,,,
803765,7772,58,96,67,,Spain,,,,,,,,
803770,114476,58,2833,73,,France,,,,,,,,
803772,187789,58,496,72,,Finland,,,,,,,,
803778,101771,58,2759,62,,Ecuador,,,,,,,,
803787,11166,58,1024,197,,Switzerland,,,,,,,,
803790,187794,58,2793,110,,Kenya,,,,,,,,
803792,65219,58,2741,83,,Germany,,,,,,,,
803801,7580,58,2759,78,,Great Britain,,,,,,,,Bronze
803809,116408,58,2995,212,,Trinidad and Tobago,,,,,,,,
803813,110911,58,2843,144,,Mauritius,,,,,,,,
803829,187816,58,49,222,,Uruguay,,,,,,,,
803830,115640,58,1024,173,,Russia,,,,,,,,Gold
803843,73085,58,2848,21,,Belgium,,,,,,,,
803844,187826,58,2742,21,,Belgium,,,,,,,,
803851,187826,58,48,73,,France,,,,,,,,
803853,187826,58,2864,99,,Ireland,,,,,,,,
803859,146461,58,2862,99,,Ireland,,,,,,,,
803861,187841,58,1026,106,,Jamaica,,,,,,,,
803911,71298,58,2759,73,,France,,,,,,,,
803933,187880,58,47,131,,Malaysia,,,,,,,,
803993,146490,58,2964,72,,Finland,,,,,,,,
804007,17379,58,496,223,,United States,,,,,,,,
804014,13330,58,2885,69,,Ethiopia,,,,,,,,
804017,13330,58,96,69,,Ethiopia,,,,,,,,
804018,187935,58,2848,197,,Switzerland,,,,,,,,
804019,187936,58,2759,31,,Brazil,,,,,,,,
804020,13329,58,2777,212,,Trinidad and Tobago,,,,,,,,
804021,13329,58,2741,212,,Trinidad and Tobago,,,,,,,,
804027,140624,58,2741,104,,Italy,,,,,,,,
804029,187941,58,2765,176,,South Africa,,,,,,,,
804031,64000,58,157,38,,Canada,,,,,,,,
804036,13328,58,49,55,,Cuba,,,,,,,,
804038,13328,58,2742,167,,Poland,,,,,,,,Gold
804053,104742,58,1024,219,,Ukraine,,,,,,,,
804066,140750,58,2843,106,,Jamaica,,,,,,,,Bronze
804068,76760,58,2885,167,,Poland,,,,,,,,
804075,129016,58,2786,135,,Mexico,,,,,,,,
804086,7587,58,2935,43,,China,,,,,,,,
804093,103152,58,496,43,,China,,,,,,,,
804113,31000,58,2759,43,,China,,,,,,,,
804117,31000,58,1029,43,,China,,,,,,,,
804118,187996,58,2919,27,,Belarus,,,,,,,,
804121,31000,58,2730,43,,China,,,,,,,,
804127,188005,58,1024,167,,Poland,,,,,,,,
804142,40961,58,48,223,,United States,,,,,,,,
804157,13332,58,2848,27,,Belarus,,,,,,,,
804191,39009,58,383,78,,Great Britain,,,,,,,,
804202,19958,58,2919,83,,Germany,,,,,,,,
804203,22883,58,2964,167,,Poland,,,,,,,,
804212,188049,58,48,167,,Poland,,,,,,,,
804214,297,58,1029,167,,Poland,,,,,,,,
804221,72185,58,48,83,,Germany,,,,,,,,
804222,72185,58,2786,219,,Ukraine,,,,,,,,
804230,141227,58,2777,109,,Kazakhstan,,,,,,,,
804240,79046,58,2879,43,,China,,,,,,,,Bronze
804252,49722,58,1017,43,,China,,,,,,,,Gold
804275,188087,58,2730,8,,Antigua and Barbuda,,,,,,,,
804283,139777,58,2864,83,,Germany,,,,,,,,
804302,188104,58,2776,64,,Refugee Olympic Team,,,,,,,,
804303,120630,58,2848,219,,Ukraine,,,,,,,,
804304,131482,58,2742,219,,Ukraine,,,,,,,,
804309,7588,58,2885,64,,Refugee Olympic Team,,,,,,,,
804317,188109,58,2878,223,,United States,,,,,,,,
804342,29641,58,2742,104,,Italy,,,,,,,,
804348,29641,58,2686,135,,Mexico,,,,,,,,
804352,130927,58,2919,67,,Spain,,,,,,,,
804367,146530,58,2919,219,,Ukraine,,,,,,,,
804373,131756,58,2843,103,,Virgin Islands,,,,,,,,
804399,127831,58,2759,83,,Germany,,,,,,,,
804407,121591,58,48,223,,United States,,,,,,,,
804414,106174,58,2960,188,,Slovenia,,,,,,,,
804416,106174,58,2686,60,,Dominica,,,,,,,,
804417,106174,58,2848,104,,Italy,,,,,,,,
804425,11492,58,1032,43,,China,,,,,,,,
804428,11492,58,2786,43,,China,,,,,,,,
804443,71203,58,927,83,,Germany,,,,,,,,
804448,337183,58,2862,223,,United States,,,,,,,,Bronze
804452,34676,58,1017,43,,China,,,,,,,,
804476,31248,58,1029,167,,Poland,,,,,,,,
804480,31248,58,2718,143,,Mozambique,,,,,,,,
804494,76762,58,2776,223,,United States,,,,,,,,
804502,146546,58,2879,94,,Hungary,,,,,,,,
804503,72679,58,2718,96,,India,,,,,,,,
804515,60747,58,1029,108,,Japan,,,,,,,,
804524,76561,58,2765,76,,Gabon,,,,,,,,
804527,128082,58,2776,99,,Ireland,,,,,,,,
804536,3670,58,2718,68,,Estonia,,,,,,,,
804546,130424,58,2777,41,,Chad,,,,,,,,
804561,146553,58,383,32,,Bahrain,,,,,,,,
804568,23343,58,1024,219,,Ukraine,,,,,,,,Bronze
804571,18024,58,2765,215,,Tuvalu,,,,,,,,
804576,11381,58,1030,83,,Germany,,,,,,,,
804596,46840,58,153,72,,Finland,,,,,,,,
804603,71888,58,2776,57,,Czech Republic,,,,,,,,
804616,70567,58,2765,236,,Zimbabwe,,,,,,,,
804617,70567,58,2777,30,,Botswana,,,,,,,,
804618,70567,58,2741,30,,Botswana,,,,,,,,Bronze
804620,188281,58,393,167,,Poland,,,,,,,,
804621,132868,58,496,57,,Czech Republic,,,,,,,,
804633,188288,58,2735,57,,Czech Republic,,,,,,,,
804651,143944,58,2833,228,,Saint Vincent and the Grenadines,,,,,,,,
804659,22431,58,1032,27,,Belarus,,,,,,,,
804663,43707,58,1029,109,,Kazakhstan,,,,,,,,
804668,43141,58,153,168,,Portugal,,,,,,,,Silver
804682,21072,58,2804,104,,Italy,,,,,,,,Gold
804683,21072,58,2843,73,,France,,,,,,,,
804684,21072,58,2848,104,,Italy,,,,,,,,
804685,21072,58,2742,104,,Italy,,,,,,,,
804691,131093,58,2878,99,,Ireland,,,,,,,,
804696,20163,58,2742,223,,United States,,,,,,,,Bronze
804726,146577,58,2964,104,,Italy,,,,,,,,
804728,55537,58,398,133,,Moldova,,,,,,,,
804736,188344,58,395,133,,Moldova,,,,,,,,
804753,137750,58,2735,31,,Brazil,,,,,,,,
804754,137750,58,2742,31,,Brazil,,,,,,,,
804759,107418,58,2960,78,,Great Britain,,,,,,,,
804776,44263,58,48,14,,Australia,,,,,,,,
804786,146584,58,2919,67,,Spain,,,,,,,,
804802,104468,58,2804,150,,Netherlands,,,,,,,,
804809,76765,58,2843,67,,Spain,,,,,,,,
804817,188389,58,393,67,,Spain,,,,,,,,
804826,5605,58,2862,61,,Dominican Republic,,,,,,,,
804827,5605,58,2843,73,,France,,,,,,,,
804836,66648,58,2935,31,,Brazil,,,,,,,,
804843,112824,58,1030,94,,Hungary,,,,,,,,
804850,130892,58,2699,67,,Spain,,,,,,,,
804856,23143,58,2786,108,,Japan,,,,,,,,
804864,35075,58,2729,110,,Kenya,,,,,,,,
804869,11497,58,2729,176,,South Africa,,,,,,,,
804870,11497,58,2944,147,,Namibia,,,,,,,,
804873,31249,58,2777,57,,Czech Republic,,,,,,,,
804874,31249,58,2741,57,,Czech Republic,,,,,,,,
804875,31249,58,1032,27,,Belarus,,,,,,,,
804878,31249,58,1029,111,,Kyrgyzstan,,,,,,,,
804881,25790,58,47,38,,Canada,,,,,,,,
804889,58048,58,49,55,,Cuba,,,,,,,,Bronze
804892,65220,58,2786,126,,Lithuania,,,,,,,,
804898,82544,58,2765,176,,South Africa,,,,,,,,
804899,142801,58,2862,176,,South Africa,,,,,,,,
804900,142801,58,2804,176,,South Africa,,,,,,,,
804903,113602,58,2765,121,,Liberia,,,,,,,,
804904,113602,58,2862,121,,Liberia,,,,,,,,
804905,118680,58,1029,203,,Tanzania,,,,,,,,
804907,76511,58,96,67,,Spain,,,,,,,,
804920,59585,58,2862,201,,Eswatini,,,,,,,,
804922,2596,58,2729,108,,Japan,,,,,,,,
804942,123117,58,393,223,,United States,,,,,,,,
804955,188466,58,3001,21,,Belgium,,,,,,,,
804966,43421,58,157,73,,France,,,,,,,,Silver
804967,43421,58,2730,83,,Germany,,,,,,,,
804968,43416,58,2759,83,,Germany,,,,,,,,
804972,139027,58,2793,67,,Spain,,,,,,,,
804974,104037,58,1018,15,,Austria,,,,,,,,
804976,104037,58,49,219,,Ukraine,,,,,,,,
804977,124062,58,1029,27,,Belarus,,,,,,,,
804981,137826,58,2919,31,,Brazil,,,,,,,,
804986,188485,58,2730,82,,Equatorial Guinea,,,,,,,,
804987,76766,58,2944,147,,Namibia,,,,,,,,Silver
804988,76766,58,2686,36,,Central African Republic,,,,,,,,
805007,32209,58,2686,38,,Canada,,,,,,,,
805013,72187,58,2960,78,,Great Britain,,,,,,,,
805014,146613,58,2883,78,,Great Britain,,,,,,,,
805018,33173,58,1029,99,,Ireland,,,,,,,,
805025,188500,58,395,223,,United States,,,,,,,,
805029,188504,58,2729,14,,Australia,,,,,,,,
805030,188505,58,2735,38,,Canada,,,,,,,,
805031,188505,58,2848,38,,Canada,,,,,,,,
805032,188507,58,2742,106,,Jamaica,,,,,,,,
805033,188508,58,2878,99,,Ireland,,,,,,,,
805041,48248,58,47,223,,United States,,,,,,,,
805047,128308,58,2776,223,,United States,,,,,,,,
805054,188523,58,2735,106,,Jamaica,,,,,,,,
805055,188524,58,2848,106,,Jamaica,,,,,,,,Bronze
805085,104535,58,1030,78,,Great Britain,,,,,,,,
805086,104535,58,2964,212,,Trinidad and Tobago,,,,,,,,
805089,110199,58,2964,223,,United States,,,,,,,,Gold
805090,54276,58,2848,223,,United States,,,,,,,,Gold
805091,54276,58,2735,106,,Jamaica,,,,,,,,
805093,188546,58,49,106,,Jamaica,,,,,,,,
805094,188547,58,50,106,,Jamaica,,,,,,,,
805101,66144,58,2718,105,,British Virgin Islands,,,,,,,,
805106,146622,58,2729,14,,Australia,,,,,,,,
805111,330287,58,2735,106,,Jamaica,,,,,,,,
805112,330287,58,2848,106,,Jamaica,,,,,,,,Bronze
805114,335592,58,2885,14,,Australia,,,,,,,,
805123,188572,58,2885,67,,Spain,,,,,,,,
805133,138772,58,2742,61,,Dominican Republic,,,,,,,,Silver
805159,106123,58,496,200,,Sweden,,,,,,,,
805168,188596,58,2729,69,,Ethiopia,,,,,,,,
805188,38491,58,2735,219,,Ukraine,,,,,,,,
805189,38491,58,2848,219,,Ukraine,,,,,,,,
805190,2597,58,49,31,,Brazil,,,,,,,,
805191,2597,58,50,31,,Brazil,,,,,,,,
805202,56861,58,2741,48,,Colombia,,,,,,,,
805208,105911,58,2843,182,,Senegal,,,,,,,,
805213,102052,58,2729,69,,Ethiopia,,,,,,,,
805231,188631,58,2742,83,,Germany,,,,,,,,
805277,44577,58,2720,83,,Germany,,,,,,,,
805283,93213,58,2776,57,,Czech Republic,,,,,,,,
805284,188666,58,398,27,,Belarus,,,,,,,,
805311,146640,58,2885,73,,France,,,,,,,,
805316,20659,58,2765,7,,Angola,,,,,,,,
805321,53977,58,2730,188,,Slovenia,,,,,,,,
805322,129084,58,2944,188,,Slovenia,,,,,,,,
805326,110920,58,927,83,,Germany,,,,,,,,Gold
805333,22591,58,2885,32,,Bahrain,,,,,,,,
805363,1247,58,395,78,,Great Britain,,,,,,,,
805364,1247,58,2944,17,,Bahamas,,,,,,,,
805365,188715,58,2735,17,,Bahamas,,,,,,,,Gold
805366,88654,58,2848,17,,Bahamas,,,,,,,,
805392,35520,58,153,102,,Israel,,,,,,,,
805402,30120,58,2804,106,,Jamaica,,,,,,,,
805422,188763,58,927,27,,Belarus,,,,,,,,
805428,5610,58,2885,73,,France,,,,,,,,
805435,119027,58,2720,188,,Slovenia,,,,,,,,
805441,48251,58,1017,14,,Australia,,,,,,,,
805445,120053,58,2833,14,,Australia,,,,,,,,
805448,188776,58,2862,78,,Great Britain,,,,,,,,
805449,48914,58,2804,78,,Great Britain,,,,,,,,Silver
805455,121450,58,1030,38,,Canada,,,,,,,,
805463,119716,58,2699,108,,Japan,,,,,,,,
805476,146673,58,2919,173,,Russia,,,,,,,,
805497,146674,58,96,155,,Norway,,,,,,,,
805535,188836,58,2729,83,,Germany,,,,,,,,
805540,146686,58,96,176,,South Africa,,,,,,,,
805542,76317,58,96,176,,South Africa,,,,,,,,
805563,188853,58,496,104,,Italy,,,,,,,,
805568,112646,58,2720,58,,Denmark,,,,,,,,
805569,112646,58,157,14,,Australia,,,,,,,,Bronze
805580,92501,58,2883,223,,United States,,,,,,,,
805581,188864,58,2879,14,,Australia,,,,,,,,
805582,188865,58,2759,83,,Germany,,,,,,,,
805583,188866,58,2786,48,,Colombia,,,,,,,,
805585,188868,58,2964,38,,Canada,,,,,,,,
805595,68082,58,49,200,,Sweden,,,,,,,,
805596,68082,58,2735,30,,Botswana,,,,,,,,
805604,13346,58,153,223,,United States,,,,,,,,
805616,188887,58,2833,110,,Kenya,,,,,,,,
805621,71302,58,2735,135,,Mexico,,,,,,,,
805627,13347,58,1029,168,,Portugal,,,,,,,,
805628,13347,58,2879,62,,Ecuador,,,,,,,,
805652,46337,58,2944,194,,South Sudan,,,,,,,,
805657,2364,58,2735,30,,Botswana,,,,,,,,
805661,91652,58,496,223,,United States,,,,,,,,
805662,124744,58,2864,121,,Liberia,,,,,,,,
805665,140728,58,2759,106,,Jamaica,,,,,,,,Gold
805669,143062,58,2786,199,,Slovakia,,,,,,,,
805674,71303,58,496,197,,Switzerland,,,,,,,,
805677,188929,58,2848,17,,Bahamas,,,,,,,,
805686,66652,58,47,31,,Brazil,,,,,,,,
805693,188943,58,2718,106,,Jamaica,,,,,,,,
805700,119784,58,2686,6,,Andorra,,,,,,,,
805707,188952,58,2833,223,,United States,,,,,,,,Gold
805708,188952,58,2848,223,,United States,,,,,,,,Gold
805714,11502,58,2765,193,,Sri Lanka,,,,,,,,
805725,13348,58,2964,223,,United States,,,,,,,,Silver
805726,13348,58,2848,223,,United States,,,,,,,,Gold
805731,188971,58,2776,78,,Great Britain,,,,,,,,Silver
805732,146721,58,383,81,,Georgia,,,,,,,,
805748,139152,58,2720,69,,Ethiopia,,,,,,,,
805752,250,58,2848,83,,Germany,,,,,,,,
805757,188987,58,2862,83,,Germany,,,,,,,,
805758,188988,58,2718,57,,Czech Republic,,,,,,,,
805759,49330,58,2741,57,,Czech Republic,,,,,,,,
805763,13350,58,2786,176,,South Africa,,,,,,,,
805777,189002,58,96,10,,Argentina,,,,,,,,
805783,133208,58,2862,176,,South Africa,,,,,,,,
805784,133208,58,2804,176,,South Africa,,,,,,,,
805807,30343,58,1017,48,,Colombia,,,,,,,,
805812,30343,58,2686,223,,United States,,,,,,,,
805823,801,58,496,72,,Finland,,,,,,,,
805824,801,58,2885,171,,Qatar,,,,,,,,
805825,27449,58,2885,218,,Uganda,,,,,,,,
805826,27449,58,2765,58,,Denmark,,,,,,,,
805827,189035,58,2804,58,,Denmark,,,,,,,,
805846,189043,58,1017,118,,Latvia,,,,,,,,
805849,189046,58,2765,112,,Kiribati,,,,,,,,
805851,111808,58,2765,46,,Democratic Republic of the Congo,,,,,,,,
805854,76190,58,1029,219,,Ukraine,,,,,,,,
805855,76191,58,2964,219,,Ukraine,,,,,,,,
805863,39898,58,2686,130,,Morocco,,,,,,,,
805864,189053,58,2730,131,,Malaysia,,,,,,,,
805869,113585,58,398,159,,Pakistan,,,,,,,,
805889,44658,58,96,150,,Netherlands,,,,,,,,Silver
805890,44658,58,496,223,,United States,,,,,,,,Gold
805910,146751,58,2833,218,,Uganda,,,,,,,,
805922,30227,58,96,108,,Japan,,,,,,,,
805929,30227,58,2995,73,,France,,,,,,,,
805942,49758,58,2833,218,,Uganda,,,,,,,,
805943,189106,58,2776,218,,Uganda,,,,,,,,
805949,68083,58,2848,104,,Italy,,,,,,,,
805953,68083,58,2765,168,,Portugal,,,,,,,,
805965,189125,58,2742,153,,Nigeria,,,,,,,,
805967,189126,58,2833,64,,Refugee Olympic Team,,,,,,,,
805972,76319,58,2786,135,,Mexico,,,,,,,,
805991,115672,58,2885,69,,Ethiopia,,,,,,,,
805994,189142,58,2741,30,,Botswana,,,,,,,,Bronze
806004,102739,58,47,27,,Belarus,,,,,,,,Bronze
806005,102739,58,383,38,,Canada,,,,,,,,
806015,13353,58,2730,78,,Great Britain,,,,,,,,
806016,65456,58,2759,78,,Great Britain,,,,,,,,Bronze
806023,20841,58,2964,176,,South Africa,,,,,,,,
806024,20622,58,2759,78,,Great Britain,,,,,,,,Bronze
806035,146762,58,2777,176,,South Africa,,,,,,,,
806036,146762,58,2741,176,,South Africa,,,,,,,,
806043,189180,58,393,219,,Ukraine,,,,,,,,
806049,189183,58,496,38,,Canada,,,,,,,,
806050,32865,58,496,38,,Canada,,,,,,,,
806059,62616,58,2730,40,,Republic of the Congo,,,,,,,,
806060,62616,58,2741,30,,Botswana,,,,,,,,Bronze
806062,37453,58,927,94,,Hungary,,,,,,,,
806094,5618,58,2919,167,,Poland,,,,,,,,
806100,92174,58,2848,78,,Great Britain,,,,,,,,
806109,29830,58,2883,108,,Japan,,,,,,,,
806111,29830,58,96,58,,Denmark,,,,,,,,
806123,189226,58,48,223,,United States,,,,,,,,Silver
806126,126628,58,1024,200,,Sweden,,,,,,,,
806130,79225,58,2759,83,,Germany,,,,,,,,
806150,45096,58,2960,20,,Burundi,,,,,,,,
806151,45096,58,2883,20,,Burundi,,,,,,,,
806154,45141,58,2730,235,,Zambia,,,,,,,,
806155,45141,58,2944,235,,Zambia,,,,,,,,
806166,46277,58,2765,1,,Afghanistan,,,,,,,,
806167,46277,58,2729,155,,Norway,,,,,,,,
806175,53686,58,2777,223,,United States,,,,,,,,
806176,53686,58,2741,223,,United States,,,,,,,,Gold
806177,120547,58,2699,78,,Great Britain,,,,,,,,
806180,120547,58,2741,223,,United States,,,,,,,,Gold
806181,120547,58,2742,223,,United States,,,,,,,,Bronze
806188,189259,58,398,175,,Romania,,,,,,,,
806193,189262,58,1032,219,,Ukraine,,,,,,,,
806195,94124,58,96,167,,Poland,,,,,,,,
806196,94124,58,395,167,,Poland,,,,,,,,Gold
806198,67532,58,2848,73,,France,,,,,,,,
806203,127953,58,2879,85,,Greece,,,,,,,,
806207,4927,58,2964,106,,Jamaica,,,,,,,,
806209,185778,58,2885,223,,United States,,,,,,,,
806220,189279,58,96,68,,Estonia,,,,,,,,
806227,189285,58,2730,153,,Nigeria,,,,,,,,
806228,66145,58,2944,153,,Nigeria,,,,,,,,
806229,189286,58,2759,153,,Nigeria,,,,,,,,
806236,66525,58,96,219,,Ukraine,,,,,,,,
806238,189293,58,2686,20,,Burundi,,,,,,,,
806240,189294,58,2843,21,,Belgium,,,,,,,,
806244,48746,58,48,163,,Philippines,,,,,,,,
806245,48746,58,2960,110,,Kenya,,,,,,,,Silver
806246,48746,58,2883,110,,Kenya,,,,,,,,
806248,13356,58,2735,14,,Australia,,,,,,,,
806249,13356,58,2848,14,,Australia,,,,,,,,
806277,91040,58,2765,110,,Kenya,,,,,,,,
806279,189323,58,2742,99,,Ireland,,,,,,,,
806281,56176,58,2765,153,,Nigeria,,,,,,,,
806282,90695,58,2862,153,,Nigeria,,,,,,,,
806283,189325,58,2804,84,,Ghana,,,,,,,,
806288,189327,58,2742,61,,Dominican Republic,,,,,,,,Silver
806295,29360,58,1017,57,,Czech Republic,,,,,,,,
806297,29360,58,2765,171,,Qatar,,,,,,,,
806298,29360,58,2862,171,,Qatar,,,,,,,,
806305,89816,58,96,113,,South Korea,,,,,,,,
806318,27984,58,2741,78,,Great Britain,,,,,,,,
806327,27984,58,2786,72,,Finland,,,,,,,,
806329,23100,58,2742,153,,Nigeria,,,,,,,,
806331,120191,58,2879,108,,Japan,,,,,,,,
806336,56061,58,2730,153,,Nigeria,,,,,,,,
806337,189363,58,2944,153,,Nigeria,,,,,,,,
806338,128905,58,2759,153,,Nigeria,,,,,,,,
806347,120309,58,393,78,,Great Britain,,,,,,,,
806376,189390,58,2919,135,,Mexico,,,,,,,,
806384,42127,58,2730,223,,United States,,,,,,,,
806385,110716,58,2759,223,,United States,,,,,,,,Silver
806388,110716,58,2964,104,,Italy,,,,,,,,
806411,106266,58,2879,219,,Ukraine,,,,,,,,
806415,189415,58,2759,73,,France,,,,,,,,
806422,28081,58,2765,110,,Kenya,,,,,,,,
806439,102593,58,1024,83,,Germany,,,,,,,,
806448,31001,58,1018,150,,Netherlands,,,,,,,,Bronze
806449,31001,58,2848,150,,Netherlands,,,,,,,,
806450,31001,58,2742,150,,Netherlands,,,,,,,,
806461,139042,58,2686,67,,Spain,,,,,,,,
806483,189456,58,393,48,,Colombia,,,,,,,,
806484,107021,58,2843,67,,Spain,,,,,,,,
806492,105756,58,2879,135,,Mexico,,,,,,,,
806500,89744,58,96,108,,Japan,,,,,,,,
806501,89744,58,1026,104,,Italy,,,,,,,,
806536,189492,58,383,223,,United States,,,,,,,,
806548,189498,58,2741,73,,France,,,,,,,,
806554,76769,58,1024,109,,Kazakhstan,,,,,,,,
806555,2010,58,153,109,,Kazakhstan,,,,,,,,
806574,93491,58,2804,214,,Turkey,,,,,,,,
806577,71891,58,2804,214,,Turkey,,,,,,,,
806581,71891,58,96,162,,Peru,,,,,,,,
806584,111311,58,96,135,,Mexico,,,,,,,,
806596,49360,58,2848,83,,Germany,,,,,,,,
806616,120224,58,1017,118,,Latvia,,,,,,,,
806623,118419,58,2786,135,,Mexico,,,,,,,,
806629,23373,58,2879,104,,Italy,,,,,,,,Gold
806630,23373,58,2741,48,,Colombia,,,,,,,,
806631,23373,58,1024,126,,Lithuania,,,,,,,,
806637,142319,58,2759,167,,Poland,,,,,,,,
806646,140251,58,2741,96,,India,,,,,,,,
806671,122577,58,2786,85,,Greece,,,,,,,,
806681,13368,58,2843,27,,Belarus,,,,,,,,
806685,189571,58,2843,106,,Jamaica,,,,,,,,Gold
806688,189573,58,2759,73,,France,,,,,,,,
806689,189574,58,393,56,,Cyprus,,,,,,,,
806717,132908,58,1029,53,,Croatia,,,,,,,,
806720,189588,58,496,14,,Australia,,,,,,,,
806730,131229,58,2786,72,,Finland,,,,,,,,
806734,77159,58,2944,159,,Pakistan,,,,,,,,
806740,189603,58,2741,30,,Botswana,,,,,,,,Bronze
806741,48569,58,1029,14,,Australia,,,,,,,,
806759,128353,58,2804,104,,Italy,,,,,,,,Gold
806761,189616,58,1024,14,,Australia,,,,,,,,
806767,131856,58,96,31,,Brazil,,,,,,,,
806768,131856,58,2804,150,,Netherlands,,,,,,,,
806770,128048,58,2735,61,,Dominican Republic,,,,,,,,Silver
806771,146864,58,2742,61,,Dominican Republic,,,,,,,,Silver
806813,24791,58,2964,104,,Italy,,,,,,,,
806818,47621,58,496,226,,Venezuela,,,,,,,,
806826,72805,58,153,67,,Spain,,,,,,,,Bronze
806831,89700,58,2848,197,,Switzerland,,,,,,,,
806842,189660,58,2776,168,,Portugal,,,,,,,,
806843,11508,58,2765,37,,Cambodia,,,,,,,,
806852,73537,58,96,43,,China,,,,,,,,
806872,137830,58,2843,31,,Brazil,,,,,,,,
806874,146875,58,2944,184,,Singapore,,,,,,,,
806894,86104,58,153,55,,Cuba,,,,,,,,
806896,114158,58,2879,67,,Spain,,,,,,,,
806897,42128,58,2730,67,,Spain,,,,,,,,
806898,189686,58,2776,67,,Spain,,,,,,,,
806904,119252,58,2879,62,,Ecuador,,,,,,,,
806910,92358,58,1026,55,,Cuba,,,,,,,,Bronze
806923,60768,58,1026,53,,Croatia,,,,,,,,
806924,29831,58,2777,48,,Colombia,,,,,,,,
806925,13366,58,2741,48,,Colombia,,,,,,,,
806943,111558,58,2864,85,,Greece,,,,,,,,
806951,189712,58,398,86,,Grenada,,,,,,,,
806958,22391,58,2964,58,,Denmark,,,,,,,,
806961,66871,58,383,200,,Sweden,,,,,,,,
806979,21235,58,1032,133,,Moldova,,,,,,,,
806980,21235,58,96,83,,Germany,,,,,,,,
806986,143026,58,2777,197,,Switzerland,,,,,,,,
806992,66590,58,393,200,,Sweden,,,,,,,,Silver
806994,69424,58,383,25,,Bosnia and Herzegovina,,,,,,,,
806996,189744,58,96,83,,Germany,,,,,,,,
806997,132880,58,2730,117,,Laos,,,,,,,,
807000,28962,58,2699,73,,France,,,,,,,,
807002,28962,58,2730,78,,Great Britain,,,,,,,,
807003,28962,58,2759,78,,Great Britain,,,,,,,,Bronze
807011,28962,58,2777,176,,South Africa,,,,,,,,
807012,28962,58,2741,176,,South Africa,,,,,,,,
807016,28962,58,1029,78,,Great Britain,,,,,,,,
807019,189764,58,50,168,,Portugal,,,,,,,,Gold
807028,46842,58,1029,38,,Canada,,,,,,,,
807065,120140,58,2741,176,,South Africa,,,,,,,,
807081,13370,58,2919,62,,Ecuador,,,,,,,,
807087,44103,58,2730,83,,Germany,,,,,,,,
807088,44103,58,2759,83,,Germany,,,,,,,,
807089,189816,58,2786,48,,Colombia,,,,,,,,
807090,56260,58,2735,78,,Great Britain,,,,,,,,
807091,56260,58,2848,78,,Great Britain,,,,,,,,
807093,124659,58,2864,161,,Paraguay,,,,,,,,
807098,103835,58,395,219,,Ukraine,,,,,,,,
807158,103927,58,2742,219,,Ukraine,,,,,,,,
807161,121822,58,496,85,,Greece,,,,,,,,
807164,50304,58,2804,104,,Italy,,,,,,,,Gold
807183,105986,58,96,99,,Ireland,,,,,,,,
807206,189871,58,50,73,,France,,,,,,,,
807207,19883,58,383,104,,Italy,,,,,,,,
807225,64579,58,2759,167,,Poland,,,,,,,,
807237,119461,58,927,106,,Jamaica,,,,,,,,
807239,114894,58,2864,78,,Great Britain,,,,,,,,
807253,64119,58,153,55,,Cuba,,,,,,,,
807259,74670,58,2833,99,,Ireland,,,,,,,,
807265,146932,58,2843,78,,Great Britain,,,,,,,,
807273,64911,58,2730,223,,United States,,,,,,,,
807274,64911,58,2944,223,,United States,,,,,,,,
807275,64911,58,2759,223,,United States,,,,,,,,Silver
807279,146936,58,2720,78,,Great Britain,,,,,,,,
807282,111521,58,2776,106,,Jamaica,,,,,,,,
807286,5624,58,2718,83,,Germany,,,,,,,,
807287,4277,58,96,38,,Canada,,,,,,,,
807293,113479,58,2765,78,,Great Britain,,,,,,,,
807294,112682,58,2804,78,,Great Britain,,,,,,,,Silver
807299,189924,58,1032,223,,United States,,,,,,,,
807303,105010,58,2848,38,,Canada,,,,,,,,
807315,70120,58,2879,96,,India,,,,,,,,
807321,13373,58,1029,219,,Ukraine,,,,,,,,
807323,114576,58,395,173,,Russia,,,,,,,,
807327,189942,58,47,219,,Ukraine,,,,,,,,
807332,189945,58,393,83,,Germany,,,,,,,,
807336,93077,58,47,83,,Germany,,,,,,,,
807351,189952,58,49,72,,Finland,,,,,,,,
807355,121908,58,1026,96,,India,,,,,,,,
807366,9539,58,2776,223,,United States,,,,,,,,
807385,29642,58,2879,43,,China,,,,,,,,
807390,54262,58,2964,227,,Vietnam,,,,,,,,
807423,60775,58,2777,128,,Madagascar,,,,,,,,
807444,69115,58,1024,224,,Uzbekistan,,,,,,,,
807445,69115,58,2729,197,,Switzerland,,,,,,,,
807458,123441,58,2919,96,,India,,,,,,,,
807466,139219,58,2699,72,,Finland,,,,,,,,
807472,21568,58,2741,96,,India,,,,,,,,
807473,146954,58,2742,96,,India,,,,,,,,
807497,111543,58,1029,135,,Mexico,,,,,,,,
807505,89243,58,2804,176,,South Africa,,,,,,,,
807511,190047,58,1030,223,,United States,,,,,,,,
807515,113158,58,49,104,,Italy,,,,,,,,
807519,75404,58,1017,96,,India,,,,,,,,
807532,190062,58,2879,27,,Belarus,,,,,,,,
807533,137681,58,2879,27,,Belarus,,,,,,,,
807546,190069,58,1032,157,,New Zealand,,,,,,,,
807549,45564,58,2879,109,,Kazakhstan,,,,,,,,
807559,190077,58,2777,18,,Bangladesh,,,,,,,,
807571,140616,58,2777,104,,Italy,,,,,,,,
807572,140616,58,2741,104,,Italy,,,,,,,,
807573,143028,58,2862,197,,Switzerland,,,,,,,,
807581,47423,58,1032,67,,Spain,,,,,,,,
807585,139488,58,2833,78,,Great Britain,,,,,,,,
807586,13376,58,927,223,,United States,,,,,,,,Silver
807605,190100,58,2862,99,,Ireland,,,,,,,,
807617,49262,58,2759,197,,Switzerland,,,,,,,,
807632,64121,58,2960,110,,Kenya,,,,,,,,
807649,190128,58,496,155,,Norway,,,,,,,,
807650,36473,58,2804,83,,Germany,,,,,,,,
807655,41636,58,2786,157,,New Zealand,,,,,,,,
807676,11511,58,1029,168,,Portugal,,,,,,,,
807681,41571,58,2862,212,,Trinidad and Tobago,,,,,,,,
807682,77157,58,2741,212,,Trinidad and Tobago,,,,,,,,
807694,59857,58,153,106,,Jamaica,,,,,,,,
807708,190165,58,96,223,,United States,,,,,,,,
807712,73986,58,96,83,,Germany,,,,,,,,
807713,190167,58,2686,14,,Australia,,,,,,,,
807725,48116,58,398,94,,Hungary,,,,,,,,
807728,31044,58,47,135,,Mexico,,,,,,,,
807739,31044,58,2686,73,,France,,,,,,,,
807740,31044,58,1026,73,,France,,,,,,,,
807741,31044,58,2843,223,,United States,,,,,,,,
807759,94216,58,2720,67,,Spain,,,,,,,,
807763,39824,58,1029,168,,Portugal,,,,,,,,
807774,5626,58,2862,38,,Canada,,,,,,,,
807775,5626,58,2804,38,,Canada,,,,,,,,Bronze
807776,190204,58,2735,86,,Grenada,,,,,,,,
807779,190206,58,2843,31,,Brazil,,,,,,,,
807782,190208,58,1026,168,,Portugal,,,,,,,,
807784,147007,58,2919,162,,Peru,,,,,,,,
807785,190209,58,2833,222,,Uruguay,,,,,,,,
807795,58966,58,2960,67,,Spain,,,,,,,,
807800,49688,58,1032,226,,Venezuela,,,,,,,,
807804,47609,58,1018,55,,Cuba,,,,,,,,
807805,47609,58,157,155,,Norway,,,,,,,,
807811,124867,58,1032,38,,Canada,,,,,,,,
807814,66334,58,2765,186,,Saint Kitts and Nevis,,,,,,,,
807816,66334,58,2833,223,,United States,,,,,,,,Bronze
807828,121605,58,2765,29,,Bolivia,,,,,,,,
807829,104408,58,153,226,,Venezuela,,,,,,,,Gold
807837,44652,58,2995,48,,Colombia,,,,,,,,
807840,190244,58,383,31,,Brazil,,,,,,,,
807847,34427,58,2833,67,,Spain,,,,,,,,
807850,124870,58,2765,149,,Nicaragua,,,,,,,,
807860,147019,58,1030,200,,Sweden,,,,,,,,
807874,92844,58,2730,31,,Brazil,,,,,,,,
807875,56022,58,2944,31,,Brazil,,,,,,,,
807876,27003,58,2759,31,,Brazil,,,,,,,,
807880,23471,58,393,180,,Samoa,,,,,,,,
807891,143694,58,2777,223,,United States,,,,,,,,
807892,143694,58,2741,223,,United States,,,,,,,,Gold
807907,41572,58,927,175,,Romania,,,,,,,,
807909,44267,58,2686,110,,Kenya,,,,,,,,Silver
807913,76463,58,2686,78,,Great Britain,,,,,,,,
807915,76366,58,2718,106,,Jamaica,,,,,,,,
807921,5628,58,2885,167,,Poland,,,,,,,,
807926,190296,58,2848,14,,Australia,,,,,,,,
807943,121319,58,96,65,,Eritrea,,,,,,,,
807950,21569,58,2786,48,,Colombia,,,,,,,,
807956,50268,58,2786,118,,Latvia,,,,,,,,
807967,129280,58,96,223,,United States,,,,,,,,
807969,123309,58,2777,17,,Bahamas,,,,,,,,
807970,113115,58,2964,106,,Jamaica,,,,,,,,
807971,113115,58,2848,106,,Jamaica,,,,,,,,Bronze
808016,190349,58,153,109,,Kazakhstan,,,,,,,,
808027,120763,58,2964,219,,Ukraine,,,,,,,,
808028,120763,58,2848,219,,Ukraine,,,,,,,,
808029,4752,58,2741,167,,Poland,,,,,,,,
808032,13379,58,2765,134,,Maldives,,,,,,,,
808035,36839,58,2776,104,,Italy,,,,,,,,
808039,190364,58,2699,96,,India,,,,,,,,
808042,65457,58,2777,21,,Belgium,,,,,,,,
808043,91041,58,2741,21,,Belgium,,,,,,,,
808045,91041,58,2885,130,,Morocco,,,,,,,,
808051,29643,58,1024,224,,Uzbekistan,,,,,,,,
808061,13381,58,2804,84,,Ghana,,,,,,,,
808063,190381,58,2944,109,,Kazakhstan,,,,,,,,
808069,49331,58,927,200,,Sweden,,,,,,,,
808073,147048,58,2765,154,,Niger,,,,,,,,
808074,190388,58,96,130,,Morocco,,,,,,,,
808079,24146,58,1032,214,,Turkey,,,,,,,,
808084,140768,58,2759,108,,Japan,,,,,,,,
808102,43262,58,2879,219,,Ukraine,,,,,,,,
808116,69403,58,2862,66,,El Salvador,,,,,,,,
808134,31002,58,153,72,,Finland,,,,,,,,
808137,31002,58,1029,102,,Israel,,,,,,,,
808146,31003,58,49,176,,South Africa,,,,,,,,
808151,31003,58,2718,171,,Qatar,,,,,,,,
808152,31003,58,2864,73,,France,,,,,,,,
808167,57232,58,2944,150,,Netherlands,,,,,,,,
808168,33188,58,2759,150,,Netherlands,,,,,,,,
808169,33188,58,2699,48,,Colombia,,,,,,,,
808192,124538,58,2686,170,,Puerto Rico,,,,,,,,
808194,124538,58,1029,135,,Mexico,,,,,,,,
808196,190477,58,2686,67,,Spain,,,,,,,,
808204,73826,58,2741,83,,Germany,,,,,,,,
808205,73826,58,2742,83,,Germany,,,,,,,,
808219,190496,58,2862,108,,Japan,,,,,,,,
808223,59430,58,96,135,,Mexico,,,,,,,,
808244,190514,58,2742,61,,Dominican Republic,,,,,,,,Silver
808247,132452,58,2730,31,,Brazil,,,,,,,,
808248,190516,58,2759,31,,Brazil,,,,,,,,
808264,31296,58,2833,167,,Poland,,,,,,,,
808273,111439,58,2686,110,,Kenya,,,,,,,,
808277,123014,58,48,214,,Turkey,,,,,,,,
808297,86179,58,2741,108,,Japan,,,,,,,,
808311,61076,58,1030,223,,United States,,,,,,,,Silver
808326,39565,58,1029,27,,Belarus,,,,,,,,
808338,48381,58,47,110,,Kenya,,,,,,,,
808341,63801,58,927,78,,Great Britain,,,,,,,,
808349,76512,58,157,223,,United States,,,,,,,,
808350,190567,58,1032,85,,Greece,,,,,,,,
808363,50316,58,1018,83,,Germany,,,,,,,,
808376,50597,58,1030,150,,Netherlands,,,,,,,,
808378,50597,58,2944,150,,Netherlands,,,,,,,,
808379,50597,58,2759,150,,Netherlands,,,,,,,,
808385,92320,58,2777,83,,Germany,,,,,,,,
808386,190590,58,2741,83,,Germany,,,,,,,,
808387,50598,58,2742,83,,Germany,,,,,,,,
808393,103790,58,1029,197,,Switzerland,,,,,,,,
808396,77468,58,2742,83,,Germany,,,,,,,,
808409,143475,58,2960,223,,United States,,,,,,,,
808420,30915,58,1029,83,,Germany,,,,,,,,
808429,147096,58,2804,58,,Denmark,,,,,,,,
808440,43533,58,2804,83,,Germany,,,,,,,,
808454,139759,58,2735,83,,Germany,,,,,,,,
808455,139759,58,2848,83,,Germany,,,,,,,,
808456,103753,58,2742,83,,Germany,,,,,,,,
808458,103753,58,395,83,,Germany,,,,,,,,
808459,103753,58,1030,83,,Germany,,,,,,,,
808468,11517,58,2960,223,,United States,,,,,,,,
808469,147101,58,2883,223,,United States,,,,,,,,
808474,190635,58,2730,140,,Malta,,,,,,,,
808475,73993,58,2833,197,,Switzerland,,,,,,,,
808480,137739,58,2741,30,,Botswana,,,,,,,,Bronze
808482,114655,58,2960,176,,South Africa,,,,,,,,
808483,49362,58,2883,176,,South Africa,,,,,,,,
808484,49362,58,50,223,,United States,,,,,,,,
808492,123648,58,2729,78,,Great Britain,,,,,,,,
808493,123648,58,2793,78,,Great Britain,,,,,,,,
808495,123653,58,2777,104,,Italy,,,,,,,,
808496,123653,58,2741,104,,Italy,,,,,,,,
808497,147109,58,2742,104,,Italy,,,,,,,,
808499,106545,58,96,99,,Ireland,,,,,,,,
808502,190651,58,96,99,,Ireland,,,,,,,,
808511,126989,58,2960,38,,Canada,,,,,,,,
808512,190656,58,2883,38,,Canada,,,,,,,,
808517,89538,58,2699,78,,Great Britain,,,,,,,,
808519,190660,58,2759,150,,Netherlands,,,,,,,,
808520,60473,58,2864,150,,Netherlands,,,,,,,,
808543,23134,58,1029,223,,United States,,,,,,,,Bronze
808548,40231,58,398,83,,Germany,,,,,,,,
808549,10623,58,2786,83,,Germany,,,,,,,,
808559,30757,58,2878,96,,India,,,,,,,,
808568,190686,58,2718,223,,United States,,,,,,,,
808569,123741,58,2759,212,,Trinidad and Tobago,,,,,,,,
808570,190687,58,2864,78,,Great Britain,,,,,,,,
808576,32867,58,1026,219,,Ukraine,,,,,,,,
808582,126835,58,2879,31,,Brazil,,,,,,,,
808584,3529,58,2919,214,,Turkey,,,,,,,,
808602,141564,58,2735,126,,Lithuania,,,,,,,,
808617,30758,58,2765,106,,Jamaica,,,,,,,,
808618,30758,58,2804,106,,Jamaica,,,,,,,,
808621,30758,58,2864,17,,Bahamas,,,,,,,,
808622,30758,58,2944,154,,Niger,,,,,,,,
808644,11198,58,2833,99,,Ireland,,,,,,,,
808677,29258,58,1030,81,,Georgia,,,,,,,,
808688,59329,58,2919,109,,Kazakhstan,,,,,,,,
808703,143360,58,2879,219,,Ukraine,,,,,,,,
808722,54325,58,2735,218,,Uganda,,,,,,,,
808730,75481,58,96,113,,South Korea,,,,,,,,
808756,147155,58,49,108,,Japan,,,,,,,,
808764,57739,58,157,173,,Russia,,,,,,,,
808780,67387,58,2843,173,,Russia,,,,,,,,
808782,67387,58,398,223,,United States,,,,,,,,
808793,147161,58,2862,235,,Zambia,,,,,,,,
808795,116228,58,2718,104,,Italy,,,,,,,,
808796,116228,58,2741,104,,Italy,,,,,,,,
808799,3765,58,2864,167,,Poland,,,,,,,,
808808,190841,58,496,173,,Russia,,,,,,,,Silver
808823,3766,58,2699,31,,Brazil,,,,,,,,
808827,112996,58,2804,31,,Brazil,,,,,,,,
808838,44268,58,496,55,,Cuba,,,,,,,,
808847,190863,58,2765,176,,South Africa,,,,,,,,
808848,190863,58,2804,176,,South Africa,,,,,,,,
808849,66400,58,96,203,,Tanzania,,,,,,,,
808850,66400,58,1024,53,,Croatia,,,,,,,,
808863,190882,58,2885,110,,Kenya,,,,,,,,
808865,141632,58,2730,132,,Malawi,,,,,,,,
808873,131635,58,2786,96,,India,,,,,,,,
808881,2483,58,398,96,,India,,,,,,,,
808889,52358,58,2759,104,,Italy,,,,,,,,
808894,29644,58,2862,139,,Mali,,,,,,,,
808895,29644,58,2883,223,,United States,,,,,,,,
808897,29644,58,96,219,,Ukraine,,,,,,,,
808919,190914,58,2864,167,,Poland,,,,,,,,
808920,33206,58,2759,167,,Poland,,,,,,,,
808924,58128,58,153,27,,Belarus,,,,,,,,
808925,58128,58,1032,16,,Azerbaijan,,,,,,,,
808935,114846,58,2686,130,,Morocco,,,,,,,,
808936,76776,58,49,4,,Albania,,,,,,,,
808939,123822,58,2765,38,,Canada,,,,,,,,
808940,11545,58,2804,38,,Canada,,,,,,,,Bronze
808941,190922,58,2862,219,,Ukraine,,,,,,,,
808943,147187,58,496,21,,Belgium,,,,,,,,
808945,2099,58,2718,150,,Netherlands,,,,,,,,
808946,2099,58,393,106,,Jamaica,,,,,,,,
808991,32150,58,2786,118,,Latvia,,,,,,,,
808997,90719,58,2776,78,,Great Britain,,,,,,,,
809000,90719,58,2919,176,,South Africa,,,,,,,,
809009,13391,58,153,31,,Brazil,,,,,,,,
809010,5637,58,48,167,,Poland,,,,,,,,
809033,190967,58,2741,48,,Colombia,,,,,,,,
809038,35522,58,1029,65,,Eritrea,,,,,,,,
809040,110590,58,2777,14,,Australia,,,,,,,,
809056,89401,58,1030,43,,China,,,,,,,,
809067,82557,58,2741,57,,Czech Republic,,,,,,,,
809079,31045,58,2919,48,,Colombia,,,,,,,,
809082,31045,58,47,104,,Italy,,,,,,,,
809084,31045,58,2686,59,,Djibouti,,,,,,,,
809085,91619,58,2885,59,,Djibouti,,,,,,,,
809116,11521,58,2730,85,,Greece,,,,,,,,
809117,11521,58,2944,85,,Greece,,,,,,,,
809118,11521,58,927,192,,Serbia,,,,,,,,
809120,191014,58,2848,83,,Germany,,,,,,,,
809121,58871,58,2742,83,,Germany,,,,,,,,
809122,58871,58,1024,122,,Saint Lucia,,,,,,,,
809136,9740,58,1017,57,,Czech Republic,,,,,,,,
809141,79191,58,2964,197,,Switzerland,,,,,,,,
809142,79191,58,2848,197,,Switzerland,,,,,,,,
809146,147222,58,49,96,,India,,,,,,,,
809151,191027,58,2759,212,,Trinidad and Tobago,,,,,,,,
809152,191028,58,2777,212,,Trinidad and Tobago,,,,,,,,
809153,191028,58,2741,212,,Trinidad and Tobago,,,,,,,,
809160,36558,58,2960,38,,Canada,,,,,,,,
809161,120416,58,2776,38,,Canada,,,,,,,,
809162,1281,58,393,200,,Sweden,,,,,,,,Gold
809173,75124,58,1024,175,,Romania,,,,,,,,
809175,191034,58,383,57,,Czech Republic,,,,,,,,
809178,48118,58,2759,212,,Trinidad and Tobago,,,,,,,,
809186,28777,58,2730,215,,Tuvalu,,,,,,,,
809187,147228,58,2919,104,,Italy,,,,,,,,Gold
809190,107026,58,47,14,,Australia,,,,,,,,
809200,191050,58,48,104,,Italy,,,,,,,,
809208,27203,58,496,85,,Greece,,,,,,,,
809217,77161,58,1026,83,,Germany,,,,,,,,
809227,65318,58,1029,83,,Germany,,,,,,,,
809247,65460,58,1026,14,,Australia,,,,,,,,
809248,65460,58,2879,223,,United States,,,,,,,,
809266,143701,58,2741,223,,United States,,,,,,,,Gold
809267,143701,58,2742,223,,United States,,,,,,,,Bronze
809278,68338,58,393,167,,Poland,,,,,,,,
809282,131302,58,2777,138,,North Macedonia,,,,,,,,
809298,123825,58,2944,17,,Bahamas,,,,,,,,
809299,129919,58,2848,17,,Bahamas,,,,,,,,
809304,54942,58,927,14,,Australia,,,,,,,,
809306,54942,58,2720,219,,Ukraine,,,,,,,,
809329,191125,58,2765,43,,China,,,,,,,,
809330,191125,58,2804,43,,China,,,,,,,,
809333,191129,58,2759,62,,Ecuador,,,,,,,,
809355,66938,58,3000,43,,China,,,,,,,,
809359,191146,58,1018,167,,Poland,,,,,,,,
809361,191147,58,47,223,,United States,,,,,,,,
809363,101510,58,2833,110,,Kenya,,,,,,,,
809395,143120,58,2699,200,,Sweden,,,,,,,,
809411,142367,58,2741,167,,Poland,,,,,,,,
809412,147249,58,2741,108,,Japan,,,,,,,,
809414,123815,58,1029,108,,Japan,,,,,,,,
809429,147253,58,2919,14,,Australia,,,,,,,,
809435,40640,58,2848,167,,Poland,,,,,,,,Silver
809436,191185,58,2742,167,,Poland,,,,,,,,Gold
809437,26718,58,2935,167,,Poland,,,,,,,,
809439,191187,58,157,57,,Czech Republic,,,,,,,,
809441,191189,58,2848,73,,France,,,,,,,,
809454,45707,58,1017,94,,Hungary,,,,,,,,
809458,102893,58,2885,94,,Hungary,,,,,,,,
809463,66181,58,2843,94,,Hungary,,,,,,,,
809467,87712,58,2730,44,,Ivory Coast,,,,,,,,
809468,73390,58,2944,44,,Ivory Coast,,,,,,,,
809470,120999,58,2765,71,,Fiji,,,,,,,,
809474,70095,58,2804,108,,Japan,,,,,,,,
809476,147260,58,2765,98,,Iran,,,,,,,,
809490,126608,58,2919,108,,Japan,,,,,,,,
809506,68086,58,2843,108,,Japan,,,,,,,,
809508,131933,58,2699,69,,Ethiopia,,,,,,,,
809521,128746,58,47,104,,Italy,,,,,,,,Gold
809541,140779,58,2776,108,,Japan,,,,,,,,
809542,140779,58,2960,108,,Japan,,,,,,,,
809573,31345,58,2804,43,,China,,,,,,,,
809584,191278,58,2885,157,,New Zealand,,,,,,,,
809587,43142,58,2864,106,,Jamaica,,,,,,,,Bronze
809616,50318,58,2833,195,,São Tomé and Príncipe,,,,,,,,
809619,11522,58,1032,73,,France,,,,,,,,
809621,147274,58,2960,69,,Ethiopia,,,,,,,,
809623,147275,58,2777,106,,Jamaica,,,,,,,,
809624,147275,58,2741,106,,Jamaica,,,,,,,,
809636,191308,58,2885,69,,Ethiopia,,,,,,,,
809637,21236,58,96,102,,Israel,,,,,,,,
809638,21236,58,2960,102,,Israel,,,,,,,,
809639,21236,58,2883,102,,Israel,,,,,,,,
809641,70573,58,2730,95,,Indonesia,,,,,,,,
809647,147281,58,1029,162,,Peru,,,,,,,,
809649,70575,58,2879,214,,Turkey,,,,,,,,
809653,111672,58,2718,31,,Brazil,,,,,,,,
809668,191327,58,2730,62,,Ecuador,,,,,,,,
809669,191327,58,2759,62,,Ecuador,,,,,,,,
809673,140769,58,2864,108,,Japan,,,,,,,,
809680,10861,58,2879,27,,Belarus,,,,,,,,
809682,10861,58,1032,72,,Finland,,,,,,,,
809684,74106,58,2741,57,,Czech Republic,,,,,,,,
809685,74106,58,2883,65,,Eritrea,,,,,,,,
809700,88349,58,2741,30,,Botswana,,,,,,,,Bronze
809702,105129,58,1018,21,,Belgium,,,,,,,,Gold
809719,50425,58,2843,106,,Jamaica,,,,,,,,
809720,50425,58,47,17,,Bahamas,,,,,,,,
809725,191361,58,2944,223,,United States,,,,,,,,Bronze
809726,191362,58,2759,223,,United States,,,,,,,,Silver
809735,147300,58,1030,106,,Jamaica,,,,,,,,
809740,94083,58,96,78,,Great Britain,,,,,,,,
809741,94083,58,398,223,,United States,,,,,,,,
809744,86395,58,2741,78,,Great Britain,,,,,,,,
809745,86395,58,2742,78,,Great Britain,,,,,,,,
809749,113251,58,2804,212,,Trinidad and Tobago,,,,,,,,
809750,140735,58,2864,106,,Jamaica,,,,,,,,
809751,128207,58,2730,106,,Jamaica,,,,,,,,Gold
809752,128207,58,2944,106,,Jamaica,,,,,,,,Gold
809753,128207,58,2759,106,,Jamaica,,,,,,,,Gold
809786,129824,58,2729,14,,Australia,,,,,,,,
809787,129824,58,2793,14,,Australia,,,,,,,,
809800,40963,58,157,68,,Estonia,,,,,,,,
809809,23352,58,2699,130,,Morocco,,,,,,,,
809812,137366,58,2919,14,,Australia,,,,,,,,
809819,89430,58,2960,110,,Kenya,,,,,,,,
809831,87662,58,1029,102,,Israel,,,,,,,,
809836,115727,58,2964,219,,Ukraine,,,,,,,,
809837,115727,58,2848,219,,Ukraine,,,,,,,,
809838,147324,58,383,175,,Romania,,,,,,,,
809848,13404,58,47,108,,Japan,,,,,,,,
809859,147331,58,1030,67,,Spain,,,,,,,,
809876,191446,58,1026,53,,Croatia,,,,,,,,
809878,40884,58,2741,96,,India,,,,,,,,
809882,25795,58,2786,167,,Poland,,,,,,,,Gold
809886,191452,58,1026,192,,Serbia,,,,,,,,
809906,191463,58,2919,104,,Italy,,,,,,,,
809910,43280,58,383,96,,India,,,,,,,,
809927,3148,58,1029,135,,Mexico,,,,,,,,
809940,64512,58,50,67,,Spain,,,,,,,,
809941,35793,58,2765,104,,Italy,,,,,,,,
809942,35793,58,2804,104,,Italy,,,,,,,,Gold
809949,107508,58,2720,94,,Hungary,,,,,,,,
809950,107508,58,2786,199,,Slovakia,,,,,,,,
809957,30688,58,2718,213,,Tunisia,,,,,,,,
809978,23356,58,2843,83,,Germany,,,,,,,,
809979,23351,58,2765,106,,Jamaica,,,,,,,,
809980,23351,58,2804,106,,Jamaica,,,,,,,,
809986,11523,58,2843,56,,Cyprus,,,,,,,,
809988,11523,58,2879,104,,Italy,,,,,,,,
809998,65461,58,2742,104,,Italy,,,,,,,,
810000,65461,58,50,5,,Algeria,,,,,,,,
810002,191521,58,2699,14,,Australia,,,,,,,,
810008,52902,58,1024,104,,Italy,,,,,,,,
810009,52902,58,2833,83,,Germany,,,,,,,,
810013,141573,58,2862,126,,Lithuania,,,,,,,,
810020,59330,58,2960,69,,Ethiopia,,,,,,,,Bronze
810023,58131,58,96,136,,Mongolia,,,,,,,,
810025,53888,58,50,85,,Greece,,,,,,,,
810027,191534,58,2730,27,,Belarus,,,,,,,,
810028,47735,58,2879,85,,Greece,,,,,,,,
810052,191548,58,2759,108,,Japan,,,,,,,,
810055,139345,58,2686,73,,France,,,,,,,,
810062,78731,58,2833,110,,Kenya,,,,,,,,
810064,78732,58,2730,89,,Guam,,,,,,,,
810065,17630,58,1017,214,,Turkey,,,,,,,,
810069,64130,58,2686,25,,Bosnia and Herzegovina,,,,,,,,
810071,53363,58,1029,223,,United States,,,,,,,,
810078,37979,58,2793,206,,Thailand,,,,,,,,
810082,57627,58,2786,67,,Spain,,,,,,,,
810088,191568,58,2964,78,,Great Britain,,,,,,,,
810106,43240,58,1029,78,,Great Britain,,,,,,,,
810129,91809,58,927,78,,Great Britain,,,,,,,,
810136,41764,58,2765,78,,Great Britain,,,,,,,,
810137,41764,58,2804,78,,Great Britain,,,,,,,,Silver
810138,191605,58,2742,153,,Nigeria,,,,,,,,
810141,114404,58,96,58,,Denmark,,,,,,,,
810168,115478,58,2776,108,,Japan,,,,,,,,
810169,115478,58,2919,199,,Slovakia,,,,,,,,
810180,147371,58,157,67,,Spain,,,,,,,,
810183,105236,58,153,48,,Colombia,,,,,,,,
810198,103718,58,2804,214,,Turkey,,,,,,,,
810200,30689,58,398,57,,Czech Republic,,,,,,,,Silver
810209,70505,58,2718,73,,France,,,,,,,,
810211,70505,58,2730,102,,Israel,,,,,,,,
810240,191667,58,2864,73,,France,,,,,,,,
810252,53687,58,1024,104,,Italy,,,,,,,,
810271,47214,58,2960,38,,Canada,,,,,,,,
810279,5648,58,2848,150,,Netherlands,,,,,,,,
810283,34919,58,2848,21,,Belgium,,,,,,,,
810294,57923,58,157,21,,Belgium,,,,,,,,
810296,22437,58,2720,150,,Netherlands,,,,,,,,
810304,191697,58,2686,150,,Netherlands,,,,,,,,
810305,191697,58,2741,150,,Netherlands,,,,,,,,Silver
810312,67536,58,1017,176,,South Africa,,,,,,,,
810316,67536,58,2960,150,,Netherlands,,,,,,,,
810321,191712,58,2804,150,,Netherlands,,,,,,,,
810324,26532,58,2730,150,,Netherlands,,,,,,,,
810325,116211,58,2759,150,,Netherlands,,,,,,,,
810326,26239,58,1026,150,,Netherlands,,,,,,,,
810331,191715,58,2777,176,,South Africa,,,,,,,,
810332,38244,58,2804,176,,South Africa,,,,,,,,
810333,106054,58,2741,176,,South Africa,,,,,,,,
810334,106054,58,96,150,,Netherlands,,,,,,,,
810348,106786,58,383,176,,South Africa,,,,,,,,
810349,88322,58,398,176,,South Africa,,,,,,,,
810364,191733,58,2759,150,,Netherlands,,,,,,,,
810367,191735,58,2804,176,,South Africa,,,,,,,,
810369,191737,58,1029,176,,South Africa,,,,,,,,
810372,137637,58,2862,21,,Belgium,,,,,,,,
810373,137585,58,2776,21,,Belgium,,,,,,,,
810390,22980,58,2864,52,,Costa Rica,,,,,,,,
810396,31810,58,2879,52,,Costa Rica,,,,,,,,
810413,42516,58,395,27,,Belarus,,,,,,,,
810414,42516,58,2735,85,,Greece,,,,,,,,
810428,9964,58,2686,170,,Puerto Rico,,,,,,,,
810433,105626,58,2742,96,,India,,,,,,,,
810436,42812,58,2919,135,,Mexico,,,,,,,,
810441,48605,58,153,168,,Portugal,,,,,,,,
810442,48606,58,2848,55,,Cuba,,,,,,,,
810448,881,58,153,55,,Cuba,,,,,,,,
810455,29257,58,2833,118,,Latvia,,,,,,,,
810464,25452,58,2742,96,,India,,,,,,,,
810470,93267,58,2786,94,,Hungary,,,,,,,,
810472,93267,58,1029,21,,Belgium,,,,,,,,
810501,60797,58,2944,21,,Belgium,,,,,,,,
810502,60797,58,2848,21,,Belgium,,,,,,,,
810503,60797,58,2742,21,,Belgium,,,,,,,,
810520,123727,58,2765,73,,France,,,,,,,,
810521,191813,58,2804,73,,France,,,,,,,,
810522,191814,58,1018,67,,Spain,,,,,,,,
810525,8858,58,157,86,,Grenada,,,,,,,,
810528,191815,58,2862,31,,Brazil,,,,,,,,
810529,191815,58,2804,31,,Brazil,,,,,,,,
810532,60798,58,1018,21,,Belgium,,,,,,,,
810534,111182,58,2786,168,,Portugal,,,,,,,,
810547,191828,58,2862,31,,Brazil,,,,,,,,
810551,31046,58,2759,62,,Ecuador,,,,,,,,
810553,31046,58,2786,62,,Ecuador,,,,,,,,
810568,191848,58,2879,126,,Lithuania,,,,,,,,
810570,128585,58,2864,150,,Netherlands,,,,,,,,
810571,128585,58,2759,150,,Netherlands,,,,,,,,
810576,13417,58,2742,31,,Brazil,,,,,,,,
810591,21238,58,48,150,,Netherlands,,,,,,,,
810600,21239,58,2765,199,,Slovakia,,,,,,,,
810601,21239,58,2862,199,,Slovakia,,,,,,,,
810615,30121,58,2735,57,,Czech Republic,,,,,,,,
810619,30121,58,1018,224,,Uzbekistan,,,,,,,,
810631,191888,58,1029,57,,Czech Republic,,,,,,,,
810635,30004,58,2776,57,,Czech Republic,,,,,,,,
810637,30004,58,1017,192,,Serbia,,,,,,,,
810644,30004,58,1024,141,,Montenegro,,,,,,,,
810673,139498,58,2776,78,,Great Britain,,,,,,,,
810677,68087,58,2729,69,,Ethiopia,,,,,,,,
810678,106053,58,2699,69,,Ethiopia,,,,,,,,
810681,106053,58,2833,193,,Sri Lanka,,,,,,,,
810691,120923,58,2735,15,,Austria,,,,,,,,
810698,191933,58,2777,108,,Japan,,,,,,,,
810701,23145,58,383,157,,New Zealand,,,,,,,,Bronze
810710,191938,58,2793,197,,Switzerland,,,,,,,,
810714,74595,58,2833,43,,China,,,,,,,,
810728,53889,58,49,43,,China,,,,,,,,
810731,93588,58,2919,43,,China,,,,,,,,
810743,191959,58,2786,43,,China,,,,,,,,
810765,31047,58,47,43,,China,,,,,,,,
810768,31047,58,1032,43,,China,,,,,,,,Silver
810785,37983,58,2741,150,,Netherlands,,,,,,,,Silver
810786,132660,58,2742,150,,Netherlands,,,,,,,,
810790,74099,58,2718,155,,Norway,,,,,,,,Gold
810791,105839,58,157,38,,Canada,,,,,,,,Gold
810792,75190,58,1030,212,,Trinidad and Tobago,,,,,,,,
810817,45213,58,2741,21,,Belgium,,,,,,,,
810819,45213,58,2964,38,,Canada,,,,,,,,
810820,45213,58,2848,38,,Canada,,,,,,,,
810832,74109,58,398,83,,Germany,,,,,,,,
810852,13420,58,2730,43,,China,,,,,,,,
810853,147472,58,2759,43,,China,,,,,,,,
810855,40964,58,1029,14,,Australia,,,,,,,,
810859,40964,58,1032,38,,Canada,,,,,,,,
810860,93798,58,383,104,,Italy,,,,,,,,
810865,43485,58,393,15,,Austria,,,,,,,,Bronze
810873,106754,58,1029,65,,Eritrea,,,,,,,,
810881,139147,58,2776,69,,Ethiopia,,,,,,,,
810888,131000,58,1030,157,,New Zealand,,,,,,,,
810889,124553,58,2944,83,,Germany,,,,,,,,
810932,75020,58,2848,223,,United States,,,,,,,,Gold
810933,75020,58,2742,223,,United States,,,,,,,,Bronze
810938,65462,58,2964,106,,Jamaica,,,,,,,,
810940,65462,58,2765,197,,Switzerland,,,,,,,,
810945,18588,58,2833,167,,Poland,,,,,,,,
810953,192092,58,157,167,,Poland,,,,,,,,
810959,52380,58,2885,78,,Great Britain,,,,,,,,
810963,192097,58,1029,200,,Sweden,,,,,,,,
810978,29646,58,2919,78,,Great Britain,,,,,,,,
810987,37984,58,50,78,,Great Britain,,,,,,,,
810988,140723,58,2759,106,,Jamaica,,,,,,,,Gold
810994,50426,58,2848,78,,Great Britain,,,,,,,,
810997,1552,58,2735,78,,Great Britain,,,,,,,,
810998,13422,58,2848,78,,Great Britain,,,,,,,,
810999,13422,58,1018,223,,United States,,,,,,,,
811001,41050,58,153,106,,Jamaica,,,,,,,,
811009,116291,58,2804,223,,United States,,,,,,,,
811015,116291,58,2735,19,,Barbados,,,,,,,,
811017,192134,58,2848,106,,Jamaica,,,,,,,,Bronze
811018,65026,58,2742,106,,Jamaica,,,,,,,,
811021,65026,58,2885,157,,New Zealand,,,,,,,,
811028,108406,58,2833,223,,United States,,,,,,,,
811038,7846,58,47,17,,Bahamas,,,,,,,,
811054,11527,58,1017,223,,United States,,,,,,,,
811055,11527,58,2720,14,,Australia,,,,,,,,
811057,11527,58,395,223,,United States,,,,,,,,
811072,13423,58,1032,167,,Poland,,,,,,,,Gold
811077,192174,58,48,167,,Poland,,,,,,,,
811091,92502,58,2720,69,,Ethiopia,,,,,,,,
811104,192192,58,47,113,,South Korea,,,,,,,,
811120,53890,58,2964,160,,Panama,,,,,,,,
811137,138180,58,2735,39,,Cayman Islands,,,,,,,,
811138,34870,58,2786,99,,Ireland,,,,,,,,
811139,13425,58,49,212,,Trinidad and Tobago,,,,,,,,
811140,13425,58,393,106,,Jamaica,,,,,,,,
811145,192214,58,393,83,,Germany,,,,,,,,
811162,60804,58,50,43,,China,,,,,,,,
811165,94339,58,2765,43,,China,,,,,,,,
811166,131081,58,2804,43,,China,,,,,,,,
811190,192243,58,2843,43,,China,,,,,,,,
811191,334154,58,2765,43,,China,,,,,,,,
811192,334154,58,2862,43,,China,,,,,,,,
811193,334154,58,2804,43,,China,,,,,,,,
811202,147528,58,496,43,,China,,,,,,,,
811209,45828,58,2720,43,,China,,,,,,,,
811224,11531,58,2741,96,,India,,,,,,,,
811225,103064,58,2742,96,,India,,,,,,,,
811247,119867,58,2765,108,,Japan,,,,,,,,
811248,123616,58,2804,108,,Japan,,,,,,,,
811250,5656,58,2699,108,,Japan,,,,,,,,
811254,50600,58,48,108,,Japan,,,,,,,,
811260,76786,58,2720,108,,Japan,,,,,,,,
811261,76786,58,2919,108,,Japan,,,,,,,,Bronze
811266,56797,58,2862,108,,Japan,,,,,,,,
811272,28714,58,2718,108,,Japan,,,,,,,,
811275,13429,58,2804,43,,China,,,,,,,,
811286,20471,58,3000,108,,Japan,,,,,,,,
811289,112294,58,2765,211,,Chinese Taipei,,,,,,,,
811305,334164,58,2879,43,,China,,,,,,,,
811320,60807,58,96,43,,China,,,,,,,,
811334,19748,58,2960,178,,Rwanda,,,,,,,,
811337,133337,58,2833,22,,Benin,,,,,,,,
811340,44661,58,2777,100,,Iraq,,,,,,,,
811347,192340,58,2720,32,,Bahrain,,,,,,,,
811352,192342,58,2735,78,,Great Britain,,,,,,,,
811353,192342,58,2848,78,,Great Britain,,,,,,,,
811354,192344,58,2742,78,,Great Britain,,,,,,,,
811355,192344,58,2804,84,,Ghana,,,,,,,,
811358,53004,58,2720,38,,Canada,,,,,,,,
811361,111775,58,398,110,,Kenya,,,,,,,,
811415,46624,58,395,223,,United States,,,,,,,,
811417,79711,58,2878,106,,Jamaica,,,,,,,,
811423,49993,58,2730,1,,Afghanistan,,,,,,,,
811482,131688,58,2919,219,,Ukraine,,,,,,,,
811488,192432,58,153,126,,Lithuania,,,,,,,,
811491,124149,58,2864,21,,Belgium,,,,,,,,
811495,43046,58,2759,73,,France,,,,,,,,
811497,43046,58,2786,219,,Ukraine,,,,,,,,
811503,104741,58,2777,167,,Poland,,,,,,,,
811504,132586,58,2741,167,,Poland,,,,,,,,
811505,114403,58,2742,167,,Poland,,,,,,,,Gold
811506,114403,58,2777,48,,Colombia,,,,,,,,Silver
811507,114403,58,2741,48,,Colombia,,,,,,,,
811518,9194,58,50,35,,Burkina Faso,,,,,,,,Bronze
811524,9195,58,2964,199,,Slovakia,,,,,,,,
811527,104178,58,96,93,,Honduras,,,,,,,,
811533,147571,58,47,55,,Cuba,,,,,,,,
811538,36564,58,2718,176,,South Africa,,,,,,,,
811544,90564,58,2879,167,,Poland,,,,,,,,
811551,90564,58,2885,69,,Ethiopia,,,,,,,,
811563,192486,58,48,83,,Germany,,,,,,,,
811570,22977,58,2804,73,,France,,,,,,,,
811571,192492,58,2804,73,,France,,,,,,,,
811581,36913,58,1029,43,,China,,,,,,,,
811595,68347,58,2919,43,,China,,,,,,,,
811631,130180,58,1018,43,,China,,,,,,,,
811655,113157,58,50,43,,China,,,,,,,,Silver
811661,18301,58,157,223,,United States,,,,,,,,
811667,72914,58,2995,167,,Poland,,,,,,,,
811672,114031,58,2919,126,,Lithuania,,,,,,,,
811676,192576,58,2699,104,,Italy,,,,,,,,
811677,113129,58,2699,104,,Italy,,,,,,,,
811678,113129,58,2765,95,,Indonesia,,,,,,,,
