id_atleta,nombre,nombre_completo,nombre_usado,nombre_original,otros_nombres,apodos,orden_nombre,sexo,fecha_nacimiento,ciudad_nacimiento,region_nacimiento,id_pais_nacimiento,id_pais_nacionalidad,fecha_fallecimiento,ciudad_fallecimiento,region_fallecimiento,id_pais_fallecimiento,altura_cm,peso_kg,roles,afiliaciones,titulos,latitud,longitud
2853,Rafael Lozano,Rafael Lozano Muñoz,Rafael•Lozano,,,Balita,,Male,1970-01-25,Córdoba,Córdoba,87,,,,,,150,48,Competed in Olympic Games,Boxing Club Córdoba,,37.8845813,-4.7760138
6285,Adel Ibrahim,Adel Ibrahim Ismail,Adel•Ibrahim,عادل•ابراهيم اسماعيل,,,,Male,1951-03-28,,,,,,,,,198,97,Competed in Olympic Games,"Zamalek SC, Al-Jizah (EGY)",,40.4194843,-3.7076302
21505,Andrés García,Andrés García Delgado,Andrés•García,,,,,Male,1967-07-18,Santibáñez de la Isla,León,87,,,,,,180,,Competed in Olympic Games,,,42.3755627,-5.9344293
25751,Ali Hussein,Ali H. Hussein Shehab,Ali•Hussein,علي•حسين شهاب,,Al-Ghazal Al-Asmar,,Male,1961-05-05,,,,,2016-10-26,Baghdad,Baghdad,130,,,Competed in Olympic Games,"Al-Talaba, Baghdad (IRQ)",,40.4194843,-3.7076302
35112,Jason Day,Jason Scott Day,Jason•Day,,,,,Male,1970-11-28,Kerang,Victoria,30,,,,,,193,90,Competed in Olympic Games,Bendigo,,-35.7338373,143.9204152
44482,Leonel Martínez,Leonel Martínez,Leonel•Martínez,,,,,Male,1963-09-18,,,,,,,,,185,80,Competed in Olympic Games,,,40.4194843,-3.7076302
45875,Rodolfo Falcón,Rodolfo Antonio Falcón Cabrera,Rodolfo•Falcón,,,,,Male,1972-10-25,La Habana (Havana),Ciudad de La Habana,67,,,,,,186,83,Competed in Olympic Games,"Escuela Nacional de Natación Marcelo Salado, La Habana (CUB)",,,
46061,Abdel Aziz Khalifa,Mohamed Abdel Aziz Khalifa,Abdel Aziz•Khalifa,محمد عبد العزيز•خليفة,,,,Male,1925-01-01,,,,,,,,,,,Competed in Olympic Games,,,40.4194843,-3.7076302
57752,Cyril Brown,Cyril Alfred Harvey Brown,Cyril•Brown,,Cyril Harvey-Brown,,,Male,1879-01-28,Hersham,England,98,,1929-11-30,London,England,98,,,Competed in Olympic Games,"London Amateur Wrestling Society, London (GBR)",,51.3655959,-0.3996815
58035,Sven Thiele,Sven Thiele,Sven•Thiele,,,,,Male,1969-05-12,Merseburg,Sachsen-Anhalt,72,,,,,,188,120,Competed in Olympic Games,"SV Halle, Halle (Saale) (GER)",,51.3564413,11.996148
60820,Ricardo Batista,Ricardo Jorge Batista,Ricardo•Batista,,,,,Male,1969-12-30,Lisboa,Distrito de Lisboa,211,,,,,,181,76,Competed in Olympic Games,"CD Paço de Arcos, Paço de Arcos, Oeiras (POR)",,38.7077507,-9.1365919
68871,Jim Peters,"James Henry ""Jim"" Peters",Jim•Peters,,,,,Male,1918-10-24,Homerton,England,98,,1999-01-09,Thorpe Bay,"Southend-on-Sea, England",98,170,62,Competed in Olympic Games,"Essex Beagles, Barking (GBR)",,52.18539575,0.1353986131558949
82166,Lauren Jackson,Lauren Elizabeth Jackson,Lauren•Jackson,,,"Loz, Jacko, LJ",,Female,1981-05-11,Albury,New South Wales,30,,,,,,196,85,Competed in Olympic Games • Other,"Canberra Capitals, Canberra (AUS) / Seattle Storm, Seattle (USA)",,,
84818,Florian Enache,Florian Enache,Florian•Enache,,,,,Male,1971-04-09,Breaza,Prahova,218,,,,,,178,91,Competed in Olympic Games,,,,
89082,Ignacio Rodríguez,Ignacio Pablo Rodríguez Marín,Ignacio•Rodríguez,,,Nacho,,Male,1970-09-02,Málaga,Málaga,87,,,,,,188,85,Competed in Olympic Games,"FC Barcelona, Barcelona (ESP)",,,
89963,Elisabet Ehrnrooth,Filippa Josefin Elisabet Ehrnrooth (Dengg-),Elisabet•Ehrnrooth,,,Ettan,,Female,1967-05-02,Nyköping,Södermanland,240,,,,,,167,63,Competed in Olympic Games,"Helsingin Ratsastajat, Helsinki (FIN)",,,
90059,Yuan Li,Yuan Li,Yuan•Li,袁•力,,,Oriental,Female,1978-09-19,,,,,,,,,175,64,Competed in Olympic Games,,,,
90571,Laura Martínez,Laura Martínez Ruiz,Laura•Martínez,,,,,Female,1984-08-01,Barcelona,Barcelona,87,,,,,,149,39,Competed in Olympic Games,"CG Vilanova, Villanueva y Geltrú (ESP)",,,
92426,Oğuzhan Tüzün,Oğuzhan Tüzün,Oğuzhan•Tüzün,,,,,Male,1982-10-20,İstanbul,İstanbul,261,,,,,,187,121,Competed in Olympic Games,İstanbul Avcilik ve Aticlik Club,,,
98178,Stephen Williams,Stephen Gordon Williams,Stephen•Williams,,,,,Male,1960-05-23,Birmingham,England,98,,,,,,178,67,Competed in Olympic Games,Solihull Ice Dance Club,,,
99777,Martin Straka,Martin Straka,Martin•Straka,,,,,Male,1972-09-03,Plzeň,Plzeňský kraj,71,,,,,,178,81,Competed in Olympic Games,"Pittsburgh Penguins, Pittsburgh (USA) / New York Rangers, New York (USA)",,,
104668,Kenenisa Bekele,Kenenisa Bekele Beyecha,Kenenisa•Bekele,ቀነኒሳ•በቀለ,,,,Male,1982-06-13,near Bekoji,Oromiya,89,,,,,,165,56,Competed in Olympic Games • Other,Mugar AC,,,
104723,Antonio Jiménez,Antonio David Jiménez Pentinel,Antonio•Jiménez,,,,,Male,1977-02-18,San Juan de Aznalfarache,Sevilla,87,,,,,,178,61,Competed in Olympic Games,Reebok Running Club,,,
104751,Santiago Lorenzo,Santiago Lorenzo,Santiago•Lorenzo,,,,,Male,1978-05-04,Buenos Aires,Ciudad Autónoma de Buenos Aires,26,,,,,,191,93,Competed in Olympic Games,Capital Federal,,,
105896,Mike Winter,"Michael ""Mike"" Winter",Mike•Winter,,,,,Male,1974-08-16,Montréal,Québec,52,,,,,,171,63,Competed in Olympic Games,Wayfarer Eventing,,,
105974,Federico Fernández,Federico Carlos Fernández Senderos,Federico•Fernández,,,,,Male,1968-03-28,Napalucan,Puebla,171,,,,,,173,80,Competed in Olympic Games,,,,
106990,Shaun Williams,Shaun Phillip Williams,Shaun•Williams,,,,,Male,1976-12-05,Pretoria,Gauteng,280,,,,,,168,60,Competed in Olympic Games,"Oregon Ducks, Eugene (USA)",,,
107422,LeBron James,LeBron Raymone James,LeBron•James,,,"King James, The Chosen One",,Male,1984-12-30,Akron,Ohio,268,,,,,,203,114,Competed in Olympic Games,"Cleveland Cavaliers, Cleveland (USA) / Miami Heat, Miami (USA)",,,
110670,Caroline Powell,Caroline Helen Powell,Caroline•Powell,,,,,Female,1973-03-14,Lower Hutt,Wellington,197,,,,,,156,60,Competed in Olympic Games,,,,
112474,Hans Lindberg,Hans Ottar Lindberg,Hans•Lindberg,,,,,Male,1981-08-01,Tåstrup,Hovedstaden,75,,,,,,188,88,Competed in Olympic Games,"Hamburger SV, Hamburg (GER)",,,
113050,Marko Podraščanin,Marko Podraščanin,Marko•Podraščanin,Марко•Подрашчанин,,,,Male,1987-08-29,Novi Sad,Južna Bačka,231,,,,,,204,92,Competed in Olympic Games,"Volley Corigliano, Corigliano Calabro, Corigliano-Rossano (ITA) / AS Volley Lube, Macerata (ITA)",,,
113545,Racheal Nachula,Racheal Nachula,Racheal•Nachula,,,,,Female,1990-01-14,Lusaka,Lusaka,281,,,,,,164,60,Competed in Olympic Games • Other,"TuksSport, Pretoria (RSA)",,,
113714,Renny Quow,Renny Quow,Renny•Quow,,,Chicken,,Male,1987-08-25,Morvant,San Juan-Laventille,259,,,,,,170,66,Competed in Olympic Games • Non-starter,"South Plains College Texans, Levelland, Texas (USA)",,,
115377,Pius Schwizer,Pius Schwizer,Pius•Schwizer,,,,,Male,1962-08-13,Eich,Luzern,54,,,,,,175,65,Competed in Olympic Games,,,,
115981,Martin Podhráský,Martin Podhráský,Martin•Podhráský,,,,,Male,1983-10-11,Praha (Prague),Hlavní město Praha,71,,,,,,192,85,Competed in Olympic Games,"ŠKP Rapid Plzeň, Plzeň (CZE)",,,
116186,Simone Bolelli,Simone Bolelli,Simone•Bolelli,,,Superbol,,Male,1985-10-08,Bologna,Bologna,133,,,,,,185,84,Competed in Olympic Games,Geovillage Olbia,,,
116496,Bruno Fontes,Bruno Fontes Ferreira da Silva,Bruno•Fontes,,,,,Male,1979-09-25,Curitiba,Paraná,46,,,,,,175,80,Competed in Olympic Games,ICSC-VI,,,
118858,Emma Kanerva,Emma Kanerva,Emma•Kanerva,,,,,Female,1985-07-13,Mikkeli,Etelä-Savo,92,,,,,,168,60,Competed in Olympic Games,"Hyvinkään Urheiluratsastajat, Hyvinkää (FIN)",,,
118996,Saheed Idowu,Saheed Idowu,Saheed•Idowu,,,,,Male,1990-01-03,Brazzaville,Brazzaville,9,,,,,,174,71,Competed in Olympic Games,,,,
119406,Martyna Synoradzka,Martyna Synoradzka,Martyna•Synoradzka,,,,,Female,1988-01-30,Poznań,Wielkopolskie,207,,,,,,182,65,Competed in Olympic Games,"AZS AWF Poznan, Poland",,,
119411,Lizeth Rueda,Lizeth Rueda Santos,Lizeth•Rueda,,,,,Female,1994-03-07,Guadalajara,Jalisco,171,,,,,,157,53,Competed in Olympic Games,,,,
119505,Aoife Clark,Aoife Clark (Sisk-),Aoife•Clark,,,,,Female,1981-08-06,Dublin,Dublin,128,,,,,,173,65,Competed in Olympic Games,,,,
119529,Yaroslav Zhmudenko,Yaroslav Vitaliyovych Zhmudenko,Yaroslav•Zhmudenko,Ярослав Віталійович•Жмуденко,,,,Male,1988-09-24,Uman,Cherkasy,265,,,,,,175,70,Competed in Olympic Games,,,,
119907,Ronald Zabala,Ronald Efraín Zabala Goetschel,Ronald•Zabala,,,,,Male,1966-09-26,Quito,Pichincha,83,,,,,,170,69,Competed in Olympic Games,,,,
120391,Yariulvis Cobas,Yariulvis Cobas García,Yariulvis•Cobas,,,,,Female,1990-08-18,Guantánamo,Guantánamo,67,,,,,,,,Competed in Olympic Games,,,,
120453,Mateusz Polaczyk,Mateusz Polaczyk,Mateusz•Polaczyk,,,,,Male,1988-01-22,Limanowa,Małopolskie,207,,,,,,178,75,Competed in Olympic Games,"Zawisza Bydgoszcz, Bydgoszcz (POL)",,,
120648,Uroš Kovačević,Uroš Kovačević,Uroš•Kovačević,Урош•Ковачевић,,,,Male,1993-05-06,Kraljevo,Raška,231,,,,,,197,90,Competed in Olympic Games,"Volley Ljubljana, Ljubljana (SLO)",,,
121277,Jean-Pierre Brol,Jean-Pierre Brol Cárdenas,Jean-Pierre•Brol,,,,,Male,1982-12-18,Ciudad de Guatemala (Guatemala City),Guatemala,109,,,,,,179,91,Competed in Olympic Games,"Caza Tiro Y Pesca [Caza Shooting and Fishing], Guatemala",,,
122119,Olivia Price,Olivia Price,Olivia•Price,,,,,Female,1992-08-02,Darlinghurst,New South Wales,30,,,,,,164,68,Competed in Olympic Games,"Middle Harbour Yacht Club, Sydney, NSW, AUS",,,
122663,Milos Raonic,Milos Raonic,Milos•Raonic,,"Miloš Raonić, Милош Раонић",,,Male,1990-11-27,Podgorica,Podgorica,179,,,,,,196,90,Competed in Olympic Games,,,,
123155,Peter Kretschmer,Peter Kretschmer,Peter•Kretschmer,,,,,Male,1992-02-15,Schwerin,Mecklenburg-Vorpommern,72,,,,,,175,70,Competed in Olympic Games,"KC Potsdam, Potsdam (GER)",,,
123252,Lukas Kampa,Lukas Immanuel Kampa,Lukas•Kampa,,,,,Male,1986-11-29,Bochum,Nordrhein-Westfalen,72,,,,,,196,90,Competed in Olympic Games,"Pallavolo Piacenza, Piacenza (ITA)",,,
123340,Daniela Montoya,Daniela Montoya Quiroz,Daniela•Montoya,,,,,Female,1990-08-22,Medellín,Antioquia,62,,,,,,158,55,Competed in Olympic Games,"CD Formas Íntimas, Medellín (COL)",,,
123495,Elaine Pen,Elaine Lucia Pen,Elaine•Pen,,,,,Female,1990-02-02,Leiden,Zuid-Holland,193,,,,,,168,65,Competed in Olympic Games,,,,
123582,Roland Mikler,Roland Mikler,Roland•Mikler,,,,,Male,1984-09-20,Dunaújváros,Fejér,118,,,,,,190,100,Competed in Olympic Games,"SC Szeged, Szeged (HUN)",,,
123968,Marcel Granollers,Marcel Granollers Pujol,Marcel•Granollers,,Marcel Granollers i Pujol,,,Male,1986-04-12,Barcelona,Barcelona,87,,,,,,190,77,Competed in Olympic Games,,,,
123987,Dirkie Chamberlain,Dirkie Chamberlain,Dirkie•Chamberlain,,,,,Female,1986-11-03,Pretoria,Gauteng,280,,,,,,169,68,Competed in Olympic Games,"Kampong, Utrecht (NED)",,,
124116,Elise Chabbey,Elise Chabbey,Elise•Chabbey,,,,,Female,1993-04-24,Genève (Geneva),Genève,54,,,,,,164,56,Competed in Olympic Games,,,,
124143,Judith Vandermeiren,Judith Vandermeiren,Judith•Vandermeiren,,,,,Female,1994-08-10,Antwerpen (Antwerp),Antwerpen,34,,,,,,174,63,Competed in Olympic Games,"Braxgata, Boom (BEL)",,,
124170,Aisling D'Hooghe,Aisling D'Hooghe,Aisling•D'Hooghe,,,,,Female,1994-08-25,Uccle,Région de Bruxelles-Capitale,34,,,,,,169,63,Competed in Olympic Games,"Waterloo Ducks, Waterloo (BEL)",,,
124177,Alix Gerniers,Alix Gerniers,Alix•Gerniers,,,,,Female,1993-06-29,Ronse,Oost-Vlaanderen,34,,,,,,164,58,Competed in Olympic Games,"La Gantoise HC, Gent (BEL)",,,
124184,Barbara Nelen,Barbara Nelen,Barbara•Nelen,,,,,Female,1991-08-20,Gent (Ghent),Oost-Vlaanderen,34,,,,,,167,56,Competed in Olympic Games,"La Gantoise HC, Gent (BEL)",,,
124270,Máté Lékai,Máté Lékai,Máté•Lékai,,,,,Male,1988-06-16,Budapest,Budapest,118,,,,,,190,83,Competed in Olympic Games,"SC Szeged, Szeged (HUN)",,,
124750,Anthony Davis,"Anthony Marshon Davis, Jr.",Anthony•Davis,,,,,Male,1993-03-11,Chicago,Illinois,268,,,,,,208,100,Competed in Olympic Games,"Kentucky Wildcats, Lexington (USA)",,,
124821,Alexander Peternell,Alexander Peternell,Alexander•Peternell,,,,,Male,1981-02-11,Roodepoort,Gauteng,280,,,,,,181,76,Competed in Olympic Games,,,,
124855,Paula Gorycka,Paula Gorycka,Paula•Gorycka,,,,,Female,1990-11-05,Kraków (Cracow),Małopolskie,207,,,,,,172,54,Competed in Olympic Games,,,,
135721,Mathias Vacek,Mathias Vacek,Mathias•Vacek,,,Mates,,Male,2002-06-12,,,,,,,,,,,Competed in Youth Olympic Games,Fischer Ski Klub Sumava Vimperk,,,
136901,Antonia Niedermaier,Antonia Leonie Niedermaier,Antonia•Niedermaier,,,,,Female,2003-02-20,Rosenheim,Bayern,72,,,,,,,,Competed in Youth Olympic Games,Sektion Bad Aibling,,,
137271,Jocelyn Bartram,Jocelyn Margaret Bartram,Jocelyn•Bartram,,,,,Female,1993-05-04,,,,,,,,,,,—,,,,
200565,Joseph Brown,,,,,,,Male,,,,,,,,,,,,,,,,
270848,Gamal Mohamed,,,,,,,Male,,,,,,,,,,,,,,,,
329610,Malkhas Amoyan,,,,,,,Male,,,,,,,,,,,,,,,,
329611,Slavik Galstyan,,,,,,,Male,,,,,,,,,,,,,,,,
329613,Lorena Arenas,,,,,,,Female,,,,,,,,,,,,,,,,
329614,McKENZIE Ashley,,,,,,,Male,,,,,,,,,,,,,,,,
329615,Mariam Bass,,,,,,,Female,,,,,,,,,,,,,,,,
329616,Ebrahima Camara,,,,,,,Male,,,,,,,,,,,,,,,,
329617,Maria Tapia,,,,,,,Female,,,,,,,,,,,,,,,,
329618,Hachim Maaroufou,,,,,,,Male,,,,,,,,,,,,,,,,
329619,Maesha Saadi,,,,,,,Female,,,,,,,,,,,,,,,,
329621,Jessica Sobrino,,,,,,,Female,,,,,,,,,,,,,,,,
329622,Regina Alferez,,,,,,,Female,,,,,,,,,,,,,,,,
329623,Fernanda Arellano,,,,,,,Female,,,,,,,,,,,,,,,,
329624,Pamela Toscano,,,,,,,Female,,,,,,,,,,,,,,,,
329625,Itzamary Gonzalez,,,,,,,Female,,,,,,,,,,,,,,,,
329626,Samanta Rodriguez,,,,,,,Female,,,,,,,,,,,,,,,,
329627,Glenda Inzunza,,,,,,,Female,,,,,,,,,,,,,,,,
329628,Sajjad Sehen,,,,,,,Male,,,,,,,,,,,,,,,,
329629,Yusur Rubaiawi,,,,,,,Male,,,,,,,,,,,,,,,,
329630,Mohamed Ismail,,,,,,,Male,,,,,,,,,,,,,,,,
329631,Ibrahim Hassan,,,,,,,Male,,,,,,,,,,,,,,,,
329632,Abdi Waiss,,,,,,,Male,,,,,,,,,,,,,,,,
329633,Samiyah Hassan,,,,,,,Female,,,,,,,,,,,,,,,,
329634,Houmed Houssein,,,,,,,Male,,,,,,,,,,,,,,,,
329635,Andy Barat,,,,,,,Male,,,,,,,,,,,,,,,,
329637,Alonso Verde,,,,,,,Male,,,,,,,,,,,,,,,,
329638,Tonatiu Lopez,,,,,,,Male,,,,,,,,,,,,,,,,
329639,Erick Portillo,,,,,,,Male,,,,,,,,,,,,,,,,
329640,Uziel Munoz,,,,,,,Male,,,,,,,,,,,,,,,,
329641,del Diego,,,,,,,Male,,,,,,,,,,,,,,,,
329642,Luis Doctor,,,,,,,Male,,,,,,,,,,,,,,,,
329643,Paola Moran,,,,,,,Female,,,,,,,,,,,,,,,,
329644,Delia Cortes,,,,,,,Female,,,,,,,,,,,,,,,,
329645,Citlali Cristian,,,,,,,Female,,,,,,,,,,,,,,,,
329646,Jair Palma,,,,,,,Male,,,,,,,,,,,,,,,,
329647,Mariana Aguilar,,,,,,,Female,,,,,,,,,,,,,,,,
329648,Alexis Lopez,,,,,,,Male,,,,,,,,,,,,,,,,
329649,Miguel Carballo,,,,,,,Male,,,,,,,,,,,,,,,,
329650,Luisa Blanco,,,,,,,Female,,,,,,,,,,,,,,,,
329651,Randal Willars,,,,,,,Male,,,,,,,,,,,,,,,,
329652,Gabriela Agundez,,,,,,,Female,,,,,,,,,,,,,,,,
329654,de Alejandro,,,,,,,Male,,,,,,,,,,,,,,,,
329655,Ahtziri Sandoval,,,,,,,Female,,,,,,,,,,,,,,,,
329656,Sofia Flores,,,,,,,Female,,,,,,,,,,,,,,,,
329657,Kimberly Salazar,,,,,,,Female,,,,,,,,,,,,,,,,
329658,Adirem Tejeda,,,,,,,Female,,,,,,,,,,,,,,,,
329659,Dalia Alcocer,,,,,,,Female,,,,,,,,,,,,,,,,
329660,Julia Gutierrez,,,,,,,Female,,,,,,,,,,,,,,,,
329661,Emiliano Hernandez,,,,,,,Male,,,,,,,,,,,,,,,,
329662,Paola Souza,,,,,,,Female,,,,,,,,,,,,,,,,
329663,Alan Cleland,,,,,,,Male,,,,,,,,,,,,,,,,
329664,Aram Grigorian,,,,,,,Male,,,,,,,,,,,,,,,,
329665,Dzhafar Kostoev,,,,,,,Male,,,,,,,,,,,,,,,,
329666,Magomedomar Magomedomarov,,,,,,,Male,,,,,,,,,,,,,,,,
329667,Nugzari Tatalashvili,,,,,,,Male,,,,,,,,,,,,,,,,
329668,Khorloodoi Bishrelt,,,,,,,Female,,,,,,,,,,,,,,,,
329669,Alexandre Houssein,,,,,,,Male,,,,,,,,,,,,,,,,
329670,Safia Al,,,,,,,Female,,,,,,,,,,,,,,,,
329671,Angela Ruiz,,,,,,,Female,,,,,,,,,,,,,,,,
329672,Matias Grande,,,,,,,Male,,,,,,,,,,,,,,,,
329673,Marcela Prieto,,,,,,,Female,,,,,,,,,,,,,,,,
329674,Ismael Ramirez,,,,,,,Male,,,,,,,,,,,,,,,,
329675,Carlos Quezada,,,,,,,Male,,,,,,,,,,,,,,,,
329676,Michell Penaflor,,,,,,,Male,,,,,,,,,,,,,,,,
329677,Beatriz Briones,,,,,,,Female,,,,,,,,,,,,,,,,
329678,Karina Alanis,,,,,,,Female,,,,,,,,,,,,,,,,
329679,Natalia Linares,,,,,,,Female,,,,,,,,,,,,,,,,
329680,Ronal Longa,,,,,,,Male,,,,,,,,,,,,,,,,
329681,Denis Ruiz,,,,,,,Female,,,,,,,,,,,,,,,,
329683,Tatiana Renteria,,,,,,,Female,,,,,,,,,,,,,,,,
329684,Paola Valdes,,,,,,,Female,,,,,,,,,,,,,,,,
329685,Valeria Arboleda,,,,,,,Female,,,,,,,,,,,,,,,,
329686,Victor Bolanos,,,,,,,Male,,,,,,,,,,,,,,,,
329687,Samyar Abdoli,,,,,,,Male,,,,,,,,,,,,,,,,
329689,Aziz Al,,,,,,,Male,,,,,,,,,,,,,,,,
329690,Franco Serrano,,,,,,,Male,,,,,,,,,,,,,,,,
329691,Saadi Kumel,,,,,,,Male,,,,,,,,,,,,,,,,
329692,Imam Josef,,,,,,,Male,,,,,,,,,,,,,,,,
329693,Abdulameer Muntadher,,,,,,,Male,,,,,,,,,,,,,,,,
329694,Mohammed Muntadher,,,,,,,Male,,,,,,,,,,,,,,,,
329695,Maximilian Maeder,,,,,,,Male,,,,,,,,,,,,,,,,
329696,Letitia Sim,,,,,,,Female,,,,,,,,,,,,,,,,
329697,Jin Tan,,,,,,,Male,,,,,,,,,,,,,,,,
329698,Tahseen Zaid,,,,,,,Male,,,,,,,,,,,,,,,,
329700,Rhodict Anak,,,,,,,Male,,,,,,,,,,,,,,,,
329702,Aisyah Mohamad,,,,,,,Female,,,,,,,,,,,,,,,,
329703,Shazrin Mohamad,,,,,,,Female,,,,,,,,,,,,,,,,
329704,Jasim Ali,,,,,,,Male,,,,,,,,,,,,,,,,
329705,Saad Karrar,,,,,,,Male,,,,,,,,,,,,,,,,
329706,Mohammed Karrar,,,,,,,Male,,,,,,,,,,,,,,,,
329707,Mohammed Nihad,,,,,,,Male,,,,,,,,,,,,,,,,
329708,Camil Doua,,,,,,,Male,,,,,,,,,,,,,,,,
329709,Caroline Chew,,,,,,,Female,,,,,,,,,,,,,,,,
329710,Arian Salimi,,,,,,,Male,,,,,,,,,,,,,,,,
329711,Mehran Barkhordari,,,,,,,Male,,,,,,,,,,,,,,,,
329712,Mobina Nematzadeh,,,,,,,Female,,,,,,,,,,,,,,,,
329713,Nahid Kiyanichandeh,,,,,,,Female,,,,,,,,,,,,,,,,
329714,Naima-zahra Amison,,,,,,,Female,,,,,,,,,,,,,,,,
329715,Paulo Strehlke,,,,,,,Male,,,,,,,,,,,,,,,,
329716,Martha Sandoval,,,,,,,Female,,,,,,,,,,,,,,,,
329717,Alejandra Estudillo,,,,,,,Female,,,,,,,,,,,,,,,,
329718,Manuel Celaya,,,,,,,Male,,,,,,,,,,,,,,,,
329719,Reza Alipour,,,,,,,Male,,,,,,,,,,,,,,,,
329721,Noshad Alamiyan,,,,,,,Male,,,,,,,,,,,,,,,,
329722,Hussein Yaseen,,,,,,,Male,,,,,,,,,,,,,,,,
329723,Tulika Maan,,,,,,,Female,,,,,,,,,,,,,,,,
329724,Shubhankar Sharma,,,,,,,Male,,,,,,,,,,,,,,,,
329725,Gaganjeet Bhullar,,,,,,,Male,,,,,,,,,,,,,,,,
329726,Ermias Girma,,,,,,,Male,,,,,,,,,,,,,,,,
329727,Carlos Rojas,,,,,,,Male,,,,,,,,,,,,,,,,
329728,Bruno Martinez,,,,,,,Male,,,,,,,,,,,,,,,,
329729,Cecilia Tamayo-garza,,,,,,,Female,,,,,,,,,,,,,,,,
329731,Worknesh Mesele,,,,,,,Female,,,,,,,,,,,,,,,,
329732,Tsige Duguma,,,,,,,Female,,,,,,,,,,,,,,,,
329734,Abdisa Fayisa,,,,,,,Male,,,,,,,,,,,,,,,,
329735,Noel Chama,,,,,,,Male,,,,,,,,,,,,,,,,
329736,Ricardo Ortiz,,,,,,,Male,,,,,,,,,,,,,,,,
329738,Mobina Fallah,,,,,,,Female,,,,,,,,,,,,,,,,
329739,Yew Loh,,,,,,,Male,,,,,,,,,,,,,,,,
329740,Terry Hee,,,,,,,Male,,,,,,,,,,,,,,,,
329741,Jessica Tan,,,,,,,Female,,,,,,,,,,,,,,,,
329743,Ali Labib,,,,,,,Male,,,,,,,,,,,,,,,,
329745,Balraj Panwar,,,,,,,Male,,,,,,,,,,,,,,,,
329746,Shanieka Ricketts,,,,,,,Female,,,,,,,,,,,,,,,,
329747,Naquille Harris,,,,,,,Male,,,,,,,,,,,,,,,,
329748,Mostafa Javadi,,,,,,,Male,,,,,,,,,,,,,,,,
329750,Birke Haylom,,,,,,,Female,,,,,,,,,,,,,,,,
329751,Ali Aghamirzaeijenaghard,,,,,,,Male,,,,,,,,,,,,,,,,
329752,Freddy Mayala,,,,,,,Male,,,,,,,,,,,,,,,,
329753,Berihu Aregawi,,,,,,,Male,,,,,,,,,,,,,,,,
329754,Yomif Kejelcha,,,,,,,Male,,,,,,,,,,,,,,,,
329755,Vanessa Bobimbo,,,,,,,Female,,,,,,,,,,,,,,,,
329756,Natacha Ngoye,,,,,,,Female,,,,,,,,,,,,,,,,
329757,Chanu Saikhom,,,,,,,Female,,,,,,,,,,,,,,,,
329758,Addisu Yihune,,,,,,,Male,,,,,,,,,,,,,,,,
329759,Biniam Mehary,,,,,,,Male,,,,,,,,,,,,,,,,
329760,Medina Eisa,,,,,,,Female,,,,,,,,,,,,,,,,
329761,Jian Zeng,,,,,,,Female,,,,,,,,,,,,,,,,
329762,Izaac Quek,,,,,,,Male,,,,,,,,,,,,,,,,
329763,Jerome Vega,,,,,,,Male,,,,,,,,,,,,,,,,
329764,Ayden Owens-delerme,,,,,,,Male,,,,,,,,,,,,,,,,
329765,de Rachelle,,,,,,,Female,,,,,,,,,,,,,,,,
329766,Gabby Scott,,,,,,,Female,,,,,,,,,,,,,,,,
329767,Macarena Ceballos,,,,,,,Female,,,,,,,,,,,,,,,,
329769,Luc Chevrier,,,,,,,Male,,,,,,,,,,,,,,,,
329770,Luis Fernandez,,,,,,,Male,,,,,,,,,,,,,,,,
329771,C Rivera,,,,,,,Male,,,,,,,,,,,,,,,,
329772,Ashleyann Lozada,,,,,,,Female,,,,,,,,,,,,,,,,
329773,Celia Pulido,,,,,,,Female,,,,,,,,,,,,,,,,
329775,Jorge Iga,,,,,,,Male,,,,,,,,,,,,,,,,
329776,Agostina Hein,,,,,,,Female,,,,,,,,,,,,,,,,
329778,Kayla Hepler,,,,,,,Female,,,,,,,,,,,,,,,,
329779,Philli Kinono,,,,,,,Male,,,,,,,,,,,,,,,,
329780,Ramon Garrido,,,,,,,Male,,,,,,,,,,,,,,,,
329781,Paulina Martinez,,,,,,,Female,,,,,,,,,,,,,,,,
329782,Nabi Rezaei,,,,,,,Male,,,,,,,,,,,,,,,,
329783,Saadoon Mustafa,,,,,,,Male,,,,,,,,,,,,,,,,
329784,Julien Alfred,,,,,,,Female,,,,,,,,,,,,,,,,
329785,Michael Joseph,,,,,,,Male,,,,,,,,,,,,,,,,
329786,Amyn Youssef,,,,,,,Male,,,,,,,,,,,,,,,,
329787,Julyana Alsadeq,,,,,,,Female,,,,,,,,,,,,,,,,
329788,Fotyen Tesfay,,,,,,,Female,,,,,,,,,,,,,,,,
329789,Fatemeh Mojallaltopraghghale,,,,,,,Female,,,,,,,,,,,,,,,,
329790,Saleh Elsharabaty,,,,,,,Male,,,,,,,,,,,,,,,,
329791,Said Al,,,,,,,Male,,,,,,,,,,,,,,,,
329792,Hamed Al,,,,,,,Male,,,,,,,,,,,,,,,,
329793,Zaid Kareem,,,,,,,Male,,,,,,,,,,,,,,,,
329794,Ulises Saravia,,,,,,,Male,,,,,,,,,,,,,,,,
329795,Florencia Borelli,,,,,,,Female,,,,,,,,,,,,,,,,
329796,Joaquin Gomez,,,,,,,Male,,,,,,,,,,,,,,,,
329797,Elian Larregina,,,,,,,Male,,,,,,,,,,,,,,,,
329798,Nazareno Sasia,,,,,,,Male,,,,,,,,,,,,,,,,
329799,Kwabla Gadayi,,,,,,,Male,,,,,,,,,,,,,,,,
329800,Jamaud Odlum-smith,,,,,,,Male,,,,,,,,,,,,,,,,
329801,Ahmed Abuzriba,,,,,,,Male,,,,,,,,,,,,,,,,
329802,Mohamed Bukrah,,,,,,,Male,,,,,,,,,,,,,,,,
329803,Ali Boudina,,,,,,,Male,,,,,,,,,,,,,,,,
329805,Julian Gutierrez,,,,,,,Male,,,,,,,,,,,,,,,,
329807,Jordan Crooks,,,,,,,Male,,,,,,,,,,,,,,,,
329808,Eugenia Bosco,,,,,,,Female,,,,,,,,,,,,,,,,
329809,Chiara Ferretti,,,,,,,Female,,,,,,,,,,,,,,,,
329810,Mateo Majdalani,,,,,,,Male,,,,,,,,,,,,,,,,
329811,Francisco Cruz,,,,,,,Male,,,,,,,,,,,,,,,,
329812,Catalina Turienzo,,,,,,,Female,,,,,,,,,,,,,,,,
329813,Chelsea Edghill,,,,,,,Female,,,,,,,,,,,,,,,,
329814,Prithviraj Tondaiman,,,,,,,Male,,,,,,,,,,,,,,,,
329815,Swapnil Kusale,,,,,,,Male,,,,,,,,,,,,,,,,
329817,Vikash Thakkar,,,,,,,Male,,,,,,,,,,,,,,,,
329818,Alina Zmushka,,,,,,,Female,,,,,,,,,,,,,,,,
329819,Sreeja Akula,,,,,,,Female,,,,,,,,,,,,,,,,
329820,Maheshwari Chauhan,,,,,,,Female,,,,,,,,,,,,,,,,
329821,Ilya Shymanovich,,,,,,,Male,,,,,,,,,,,,,,,,
329823,Anastasiya Shkurdai,,,,,,,Female,,,,,,,,,,,,,,,,
329824,Shreyasi Singh,,,,,,,Female,,,,,,,,,,,,,,,,
329826,Yauheni Zalaty,,,,,,,Male,,,,,,,,,,,,,,,,
329827,Harmeet Desai,,,,,,,Male,,,,,,,,,,,,,,,,
329828,Girish Kamath,,,,,,,Female,,,,,,,,,,,,,,,,
329829,Aphenie Greene,,,,,,,Female,,,,,,,,,,,,,,,,
329830,Alex Joachim,,,,,,,Male,,,,,,,,,,,,,,,,
329832,Agostina Alonso,,,,,,,Female,,,,,,,,,,,,,,,,
329833,Maria Campoy,,,,,,,Female,,,,,,,,,,,,,,,,
329834,Sofia Cairo,,,,,,,Female,,,,,,,,,,,,,,,,
329835,Lara Casas,,,,,,,Female,,,,,,,,,,,,,,,,
329836,Juana Castellaro,,,,,,,Female,,,,,,,,,,,,,,,,
329837,Cristina Cosentino,,,,,,,Female,,,,,,,,,,,,,,,,
329838,Maria Granatto,,,,,,,Female,,,,,,,,,,,,,,,,
329839,Julieta Jankunas,,,,,,,Female,,,,,,,,,,,,,,,,
329841,Sofia Toccalino,,,,,,,Female,,,,,,,,,,,,,,,,
329842,Eugenia Trinchinetti,,,,,,,Female,,,,,,,,,,,,,,,,
329843,Bautista Capurro,,,,,,,Male,,,,,,,,,,,,,,,,
329844,Juan Catan,,,,,,,Male,,,,,,,,,,,,,,,,
329845,Tomas Domene,,,,,,,Male,,,,,,,,,,,,,,,,
329846,Nicolas Keenan,,,,,,,Male,,,,,,,,,,,,,,,,
329847,Tadeo Marcucci,,,,,,,Male,,,,,,,,,,,,,,,,
329848,Tobias Martins,,,,,,,Male,,,,,,,,,,,,,,,,
329850,Zeinab Norouzi,,,,,,,Female,,,,,,,,,,,,,,,,
329851,Mohammad Beyranvand,,,,,,,Male,,,,,,,,,,,,,,,,
329853,Fatemeh Amini,,,,,,,Female,,,,,,,,,,,,,,,,
329854,Shermineh Chehel,,,,,,,Female,,,,,,,,,,,,,,,,
329855,Madalina Amaistroaie,,,,,,,Female,,,,,,,,,,,,,,,,
329856,Diana Bouzidi,,,,,,,Female,,,,,,,,,,,,,,,,
329857,Askerbii Gerbekov,,,,,,,Male,,,,,,,,,,,,,,,,
329858,Maboundou Kone,,,,,,,Female,,,,,,,,,,,,,,,,
329859,Shakhzod Nurmatov,,,,,,,Male,,,,,,,,,,,,,,,,
329860,Anna Prakaten,,,,,,,Female,,,,,,,,,,,,,,,,
329862,Mahdi Olfati,,,,,,,Male,,,,,,,,,,,,,,,,
329863,Stephenie Chen,,,,,,,Female,,,,,,,,,,,,,,,,
329864,Federico Monja,,,,,,,Male,,,,,,,,,,,,,,,,
329867,Janeek Brown,,,,,,,Female,,,,,,,,,,,,,,,,
329868,Nahuel Molina,,,,,,,Male,,,,,,,,,,,,,,,,
329869,Emiliano Villegas,,,,,,,Male,,,,,,,,,,,,,,,,
329870,Jah-nhai Perinchief,,,,,,,Male,,,,,,,,,,,,,,,,
329871,Rushell Clayton,,,,,,,Female,,,,,,,,,,,,,,,,
329873,Alexandru Firfirica,,,,,,,Male,,,,,,,,,,,,,,,,
329875,Maria Ion,,,,,,,Female,,,,,,,,,,,,,,,,
329876,Chelimo Melly,,,,,,,Female,,,,,,,,,,,,,,,,
329877,Relin Meringor,,,,,,,Female,,,,,,,,,,,,,,,,
329878,Mihaita Novac,,,,,,,Male,,,,,,,,,,,,,,,,
329879,S Prannoy,,,,,,,Male,,,,,,,,,,,,,,,,
329881,Sindhu Pusarla,,,,,,,Female,,,,,,,,,,,,,,,,
329882,Anush Agarwalla,,,,,,,Male,,,,,,,,,,,,,,,,
329883,Tanisha Crasto,,,,,,,Female,,,,,,,,,,,,,,,,
329885,Stella Rutto,,,,,,,Female,,,,,,,,,,,,,,,,
329886,Andreea Talos,,,,,,,Female,,,,,,,,,,,,,,,,
329887,Rares Toader,,,,,,,Male,,,,,,,,,,,,,,,,
329888,Daiana Ocampo,,,,,,,Female,,,,,,,,,,,,,,,,
329890,Jibril Noel,,,,,,,Male,,,,,,,,,,,,,,,,
329891,Kylela Persaud,,,,,,,Female,,,,,,,,,,,,,,,,
329892,Zahria Allers-liburd,,,,,,,Female,,,,,,,,,,,,,,,,
329893,Cheickna Traore,,,,,,,Male,,,,,,,,,,,,,,,,
329894,Whitney Tie,,,,,,,Female,,,,,,,,,,,,,,,,
329895,Vijayveer Sidhu,,,,,,,Male,,,,,,,,,,,,,,,,
329896,Singh Tomar,,,,,,,Male,,,,,,,,,,,,,,,,
329897,Singh Naruka,,,,,,,Male,,,,,,,,,,,,,,,,
329898,Anish Anish,,,,,,,Male,,,,,,,,,,,,,,,,
329899,Arjun Babuta,,,,,,,Male,,,,,,,,,,,,,,,,
329900,Singh Cheema,,,,,,,Male,,,,,,,,,,,,,,,,
329901,Abderrahmane Boushita,,,,,,,Male,,,,,,,,,,,,,,,,
329902,Sandee Singh,,,,,,,Male,,,,,,,,,,,,,,,,
329903,Kaur Samra,,,,,,,Female,,,,,,,,,,,,,,,,
329904,Esha Singh,,,,,,,Female,,,,,,,,,,,,,,,,
329905,Ramita Ramita,,,,,,,Female,,,,,,,,,,,,,,,,
329906,Rajeshwari Kumari,,,,,,,Female,,,,,,,,,,,,,,,,
329907,Rhythm Sangwan,,,,,,,Female,,,,,,,,,,,,,,,,
329908,Lakshya Sen,,,,,,,Male,,,,,,,,,,,,,,,,
329909,di Maria,,,,,,,Male,,,,,,,,,,,,,,,,
329910,Rachael Darragh,,,,,,,Female,,,,,,,,,,,,,,,,
329912,Grainne Walsh,,,,,,,Female,,,,,,,,,,,,,,,,
329913,Jake Passmore,,,,,,,Male,,,,,,,,,,,,,,,,
329914,McCANN Luke,,,,,,,Male,,,,,,,,,,,,,,,,
329915,McCORMACK Fionnuala,,,,,,,Female,,,,,,,,,,,,,,,,
329916,Victoria Catterson,,,,,,,Female,,,,,,,,,,,,,,,,
329917,Conor Ferguson,,,,,,,Male,,,,,,,,,,,,,,,,
329918,Megan Armitage,,,,,,,Female,,,,,,,,,,,,,,,,
329919,Lara Gillespie,,,,,,,Female,,,,,,,,,,,,,,,,
329920,Kelly Murphy,,,,,,,Female,,,,,,,,,,,,,,,,
329921,Mia Griffin,,,,,,,Female,,,,,,,,,,,,,,,,
329922,Erin Creighton,,,,,,,Female,,,,,,,,,,,,,,,,
329923,Alice Sharpe,,,,,,,Female,,,,,,,,,,,,,,,,
329924,Ben Healy,,,,,,,Male,,,,,,,,,,,,,,,,
329926,Mc Rhys,,,,,,,Male,,,,,,,,,,,,,,,,
329927,Imogen Magner,,,,,,,Female,,,,,,,,,,,,,,,,
329928,Natalie Long,,,,,,,Female,,,,,,,,,,,,,,,,
329929,Alejandro Tosti,,,,,,,Male,,,,,,,,,,,,,,,,
329930,Juan Bar,,,,,,,Male,,,,,,,,,,,,,,,,
329931,Guillermo Fischer,,,,,,,Male,,,,,,,,,,,,,,,,
329932,Adriana Penruddocke,,,,,,,Female,,,,,,,,,,,,,,,,
329934,Charlotte Webster,,,,,,,Female,,,,,,,,,,,,,,,,
329935,Andres Moyano,,,,,,,Male,,,,,,,,,,,,,,,,
329936,James Parker,,,,,,,Male,,,,,,,,,,,,,,,,
329938,Geohagan Crooks,,,,,,,Female,,,,,,,,,,,,,,,,
329939,Emma Harvey,,,,,,,Female,,,,,,,,,,,,,,,,
329940,Erica Hawley,,,,,,,Female,,,,,,,,,,,,,,,,
329941,Tyler Smith,,,,,,,Male,,,,,,,,,,,,,,,,
329943,Razvan Arnaut,,,,,,,Male,,,,,,,,,,,,,,,,
329944,Beatrice Ana,,,,,,,Female,,,,,,,,,,,,,,,,
329945,Catalina Axente,,,,,,,Female,,,,,,,,,,,,,,,,
329946,Tunde Incze,,,,,,,Female,,,,,,,,,,,,,,,,
329947,Akhmed Tazhudinov,,,,,,,Male,,,,,,,,,,,,,,,,
329948,Kaimauri Erati,,,,,,,Male,,,,,,,,,,,,,,,,
329949,Gor Minasyan,,,,,,,Male,,,,,,,,,,,,,,,,
329950,Lesman Montano,,,,,,,Male,,,,,,,,,,,,,,,,
329951,Jugurtha Ait,,,,,,,Male,,,,,,,,,,,,,,,,
329952,Mourad Kadi,,,,,,,Male,,,,,,,,,,,,,,,,
329953,Dounia Khelif,,,,,,,Female,,,,,,,,,,,,,,,,
329955,Marcos Moneta,,,,,,,Male,,,,,,,,,,,,,,,,
329958,Joaquin Pellandini,,,,,,,Male,,,,,,,,,,,,,,,,
329960,Tomas Elizalde,,,,,,,Male,,,,,,,,,,,,,,,,
329961,Tobias Wade,,,,,,,Male,,,,,,,,,,,,,,,,
329962,Matteo Graziano,,,,,,,Male,,,,,,,,,,,,,,,,
329963,Agustin Fraga,,,,,,,Male,,,,,,,,,,,,,,,,
329964,Matias Dell,,,,,,,Male,,,,,,,,,,,,,,,,
329965,Manuela Gomez,,,,,,,Female,,,,,,,,,,,,,,,,
329967,Ethan Westera,,,,,,,Male,,,,,,,,,,,,,,,,
329968,van Just,,,,,,,Male,,,,,,,,,,,,,,,,
329969,Phili Elhage,,,,,,,Male,,,,,,,,,,,,,,,,
329970,Shanayah Howell,,,,,,,Female,,,,,,,,,,,,,,,,
329971,Marcela Arias,,,,,,,Female,,,,,,,,,,,,,,,,
329972,Lorena Valencia,,,,,,,Female,,,,,,,,,,,,,,,,
329973,Leandro Gonzalez,,,,,,,Male,,,,,,,,,,,,,,,,
329974,Edison Rodriguez,,,,,,,Male,,,,,,,,,,,,,,,,
329975,Alejandra Zumaya,,,,,,,Female,,,,,,,,,,,,,,,,
329976,Jessika Gbai,,,,,,,Female,,,,,,,,,,,,,,,,
329977,Ekaterina Bordachyova,,,,,,,Female,,,,,,,,,,,,,,,,
329978,Annaliese Dragan,,,,,,,Female,,,,,,,,,,,,,,,,
329979,Herminia Teixeira,,,,,,,Female,,,,,,,,,,,,,,,,
329980,Marko Golubic,,,,,,,Male,,,,,,,,,,,,,,,,
329981,Alejandra Alonso,,,,,,,Female,,,,,,,,,,,,,,,,
329983,Amelie Cordeau,,,,,,,Female,,,,,,,,,,,,,,,,
329984,Caroline Lopez,,,,,,,Female,,,,,,,,,,,,,,,,
329985,Baptiste Addis,,,,,,,Male,,,,,,,,,,,,,,,,
329988,Janeth Gomez,,,,,,,Female,,,,,,,,,,,,,,,,
329989,Farzad Baher,,,,,,,Male,,,,,,,,,,,,,,,,
329991,Anisley Garcia,,,,,,,Female,,,,,,,,,,,,,,,,
329992,Prisis Ruiz,,,,,,,Female,,,,,,,,,,,,,,,,
329993,Andrea Becali,,,,,,,Female,,,,,,,,,,,,,,,,
329994,de Roldeney,,,,,,,Male,,,,,,,,,,,,,,,,
329995,Gorete Semedo,,,,,,,Female,,,,,,,,,,,,,,,,
329996,Adina Diaconu,,,,,,,Female,,,,,,,,,,,,,,,,
330000,Mohammad Aldaihani,,,,,,,Male,,,,,,,,,,,,,,,,
330001,Tikanah Abdul,,,,,,,Female,,,,,,,,,,,,,,,,
330002,Oleg Nuta,,,,,,,Male,,,,,,,,,,,,,,,,
330003,Ilie Sprincean,,,,,,,Male,,,,,,,,,,,,,,,,
330004,Lacramioara Perijoc,,,,,,,Female,,,,,,,,,,,,,,,,
330005,Jolanio Guterres,,,,,,,Male,,,,,,,,,,,,,,,,
330006,Manuel Ataide,,,,,,,Male,,,,,,,,,,,,,,,,
330011,Kenta Nishimoto,,,,,,,Male,,,,,,,,,,,,,,,,
330012,Takuro Hoki,,,,,,,Male,,,,,,,,,,,,,,,,
330013,Yugo Kobayashi,,,,,,,Male,,,,,,,,,,,,,,,,
330014,Chiharu Shida,,,,,,,Female,,,,,,,,,,,,,,,,
330015,Nami Matsuyama,,,,,,,Female,,,,,,,,,,,,,,,,
330016,Aya Ohori,,,,,,,Female,,,,,,,,,,,,,,,,
330017,da Ana,,,,,,,Female,,,,,,,,,,,,,,,,
330018,Levenia Sim,,,,,,,Female,,,,,,,,,,,,,,,,
330019,Ede-karoly Molnar,,,,,,,Male,,,,,,,,,,,,,,,,
330021,Davit Chaloyan,,,,,,,Male,,,,,,,,,,,,,,,,
330022,Fakhriddin Madkamov,,,,,,,Male,,,,,,,,,,,,,,,,
330023,Oumaima El,,,,,,,Female,,,,,,,,,,,,,,,,
330024,Fatima-ezzahra Aboufaras,,,,,,,Female,,,,,,,,,,,,,,,,
330025,Alex Cret,,,,,,,Male,,,,,,,,,,,,,,,,
330026,Abdullah Nasser,,,,,,,Male,,,,,,,,,,,,,,,,
330027,Yasameen Al,,,,,,,Female,,,,,,,,,,,,,,,,
330029,Nsriram Balaji,,,,,,,Male,,,,,,,,,,,,,,,,
330030,Achraf Moutii,,,,,,,Male,,,,,,,,,,,,,,,,
330034,Dang Qiu,,,,,,,Male,,,,,,,,,,,,,,,,
330035,Nina Mittelham,,,,,,,Female,,,,,,,,,,,,,,,,
330036,Yuan Wan,,,,,,,Female,,,,,,,,,,,,,,,,
330037,Annett Kaufmann,,,,,,,Female,,,,,,,,,,,,,,,,
330039,Roshawn Clarke,,,,,,,Male,,,,,,,,,,,,,,,,
330040,Aya Asaqas,,,,,,,Female,,,,,,,,,,,,,,,,
330041,Natalia Escalera,,,,,,,Female,,,,,,,,,,,,,,,,
330042,BILLY,,,,,,,Male,,,,,,,,,,,,,,,,
330043,ELMAMOUNY,,,,,,,Female,,,,,,,,,,,,,,,,
330044,Adrianne Vieta,,,,,,,Female,,,,,,,,,,,,,,,,
330045,Priscilla Tommy,,,,,,,Female,,,,,,,,,,,,,,,,
330046,Ajah Pritchard-lolo,,,,,,,Female,,,,,,,,,,,,,,,,
330047,Johnathan Silas,,,,,,,Male,,,,,,,,,,,,,,,,
330048,Loane Russet,,,,,,,Female,,,,,,,,,,,,,,,,
330049,Lam Dorji,,,,,,,Male,,,,,,,,,,,,,,,,
330050,Sreejesh Parattu,,,,,,,Male,,,,,,,,,,,,,,,,
330054,Sagar Prasad,,,,,,,Male,,,,,,,,,,,,,,,,
330056,Abhishek Abhishek,,,,,,,Male,,,,,,,,,,,,,,,,
330058,Kumar Pal,,,,,,,Male,,,,,,,,,,,,,,,,
330061,Islam Rafi,,,,,,,Male,,,,,,,,,,,,,,,,
330063,Sanjay Sanjay,,,,,,,Male,,,,,,,,,,,,,,,,
330064,Sumit Sumit,,,,,,,Male,,,,,,,,,,,,,,,,
330065,Amani Alobaidli,,,,,,,Female,,,,,,,,,,,,,,,,
330066,Alireza Sarlak,,,,,,,Male,,,,,,,,,,,,,,,,
330067,Hossein Zare,,,,,,,Male,,,,,,,,,,,,,,,,
330068,Bunthorn Chhun,,,,,,,Male,,,,,,,,,,,,,,,,
330069,Saud Ghali,,,,,,,Male,,,,,,,,,,,,,,,,
330070,Amirali Azarpira,,,,,,,Male,,,,,,,,,,,,,,,,
330071,Mahmood Noor,,,,,,,Male,,,,,,,,,,,,,,,,
330072,Ishak Ghaiou,,,,,,,Male,,,,,,,,,,,,,,,,
330073,Elkrim Ouakali,,,,,,,Male,,,,,,,,,,,,,,,,
330074,Bachir Sid,,,,,,,Male,,,,,,,,,,,,,,,,
330075,Nhat Nguyen,,,,,,,Male,,,,,,,,,,,,,,,,
330076,Eric Favors,,,,,,,Male,,,,,,,,,,,,,,,,
330077,Nicola Tuthill,,,,,,,Female,,,,,,,,,,,,,,,,
330078,Roisin Harrison,,,,,,,Female,,,,,,,,,,,,,,,,
330079,Cliodhna Manning,,,,,,,Female,,,,,,,,,,,,,,,,
330080,McGING Ciara,,,,,,,Female,,,,,,,,,,,,,,,,
330081,Amy Larn,,,,,,,Female,,,,,,,,,,,,,,,,
330082,Ashleigh Orchard,,,,,,,Female,,,,,,,,,,,,,,,,
330083,Thomas Fannon,,,,,,,Male,,,,,,,,,,,,,,,,
330084,Mc Max,,,,,,,Male,,,,,,,,,,,,,,,,
330085,Mc Mona,,,,,,,Female,,,,,,,,,,,,,,,,
330086,McMAHON Eve,,,,,,,Female,,,,,,,,,,,,,,,,
330087,Grace Davison,,,,,,,Female,,,,,,,,,,,,,,,,
330088,Ryan Mullen,,,,,,,Male,,,,,,,,,,,,,,,,
330090,Phili Doyle,,,,,,,Male,,,,,,,,,,,,,,,,
330091,Ross Corrigan,,,,,,,Male,,,,,,,,,,,,,,,,
330092,Alison Bergin,,,,,,,Female,,,,,,,,,,,,,,,,
330093,Mc Fintan,,,,,,,Male,,,,,,,,,,,,,,,,
330094,Rhasidat Adeleke,,,,,,,Female,,,,,,,,,,,,,,,,
330095,Tebello Ramakongoana,,,,,,,Male,,,,,,,,,,,,,,,,
330096,Jorge Enriquez,,,,,,,Male,,,,,,,,,,,,,,,,
330097,Frank Hoye,,,,,,,Male,,,,,,,,,,,,,,,,
330099,Jhancarlos Gonzalez,,,,,,,Male,,,,,,,,,,,,,,,,
330100,Camila Osorio,,,,,,,Female,,,,,,,,,,,,,,,,
330101,Lucelly Murillo,,,,,,,Female,,,,,,,,,,,,,,,,
330102,Jose Zambrano,,,,,,,Male,,,,,,,,,,,,,,,,
330103,Arnovis Dalmero,,,,,,,Male,,,,,,,,,,,,,,,,
330104,Martha Araujo,,,,,,,Female,,,,,,,,,,,,,,,,
330105,Cesar Herrera,,,,,,,Male,,,,,,,,,,,,,,,,
330106,Gabriela Bolle,,,,,,,Female,,,,,,,,,,,,,,,,
330107,Alejandro Arboleda,,,,,,,Male,,,,,,,,,,,,,,,,
330108,Alberto Ramirez,,,,,,,Male,,,,,,,,,,,,,,,,
330109,Mateo Carmona,,,,,,,Male,,,,,,,,,,,,,,,,
330110,Saray Villegas,,,,,,,Female,,,,,,,,,,,,,,,,
330111,Santiago Quintero,,,,,,,Male,,,,,,,,,,,,,,,,
330112,David Ortega,,,,,,,Male,,,,,,,,,,,,,,,,
330113,Yenny Alvarez,,,,,,,Female,,,,,,,,,,,,,,,,
330114,Yeison Lopez,,,,,,,Male,,,,,,,,,,,,,,,,
330115,Leivis Sanchez,,,,,,,Female,,,,,,,,,,,,,,,,
330116,Stefania Gomez,,,,,,,Female,,,,,,,,,,,,,,,,
330117,Rebecca-aimee Diaconescu,,,,,,,Female,,,,,,,,,,,,,,,,
330118,Fatima Herrera,,,,,,,Female,,,,,,,,,,,,,,,,
330119,Stefan Stancu,,,,,,,Male,,,,,,,,,,,,,,,,
330121,Fadi Rouabah,,,,,,,Male,,,,,,,,,,,,,,,,
330122,Sagor Islam,,,,,,,Male,,,,,,,,,,,,,,,,
330124,Shakhriyor Makhkamov,,,,,,,Male,,,,,,,,,,,,,,,,
330125,Sofia Fiora,,,,,,,Female,,,,,,,,,,,,,,,,
330126,Tayamika Changanamuno,,,,,,,Female,,,,,,,,,,,,,,,,
330128,Hayley Hoy,,,,,,,Female,,,,,,,,,,,,,,,,
330130,Emma Lombardi,,,,,,,Female,,,,,,,,,,,,,,,,
330133,le Pierre,,,,,,,Male,,,,,,,,,,,,,,,,
330134,Virginia Aymard,,,,,,,Female,,,,,,,,,,,,,,,,
330135,Vanessa Ortiz,,,,,,,Female,,,,,,,,,,,,,,,,
330137,Andrew Macdonald,,,,,,,Male,,,,,,,,,,,,,,,,
330138,Lola Tambling,,,,,,,Female,,,,,,,,,,,,,,,,
330139,Nia-maria Barrow,,,,,,,Female,,,,,,,,,,,,,,,,
330140,Phoebe Crisp,,,,,,,Female,,,,,,,,,,,,,,,,
330141,Patrick Robinson,,,,,,,Male,,,,,,,,,,,,,,,,
330142,Felipe Uribe,,,,,,,Male,,,,,,,,,,,,,,,,
330143,Anna Hursey,,,,,,,Female,,,,,,,,,,,,,,,,
330145,Alejandro Solarte,,,,,,,Male,,,,,,,,,,,,,,,,
330146,Carolina Velasquez,,,,,,,Female,,,,,,,,,,,,,,,,
330147,McARTHUR Hamish,,,,,,,Male,,,,,,,,,,,,,,,,
330148,McNEICE Erin,,,,,,,Female,,,,,,,,,,,,,,,,
330149,Toby Roberts,,,,,,,Male,,,,,,,,,,,,,,,,
330150,Molly Thompson-smith,,,,,,,Female,,,,,,,,,,,,,,,,
330151,Maximillian Wilson,,,,,,,Male,,,,,,,,,,,,,,,,
330152,Arantxa Cossio,,,,,,,Female,,,,,,,,,,,,,,,,
330153,Hesham Makabr,,,,,,,Male,,,,,,,,,,,,,,,,
330154,Anil Kushare,,,,,,,Male,,,,,,,,,,,,,,,,
330155,Chacko Kurian,,,,,,,Male,,,,,,,,,,,,,,,,
330156,Ajmal Variyathodi,,,,,,,Male,,,,,,,,,,,,,,,,
330157,Anas Yahiya,,,,,,,Male,,,,,,,,,,,,,,,,
330158,Rajesh Ramesh,,,,,,,Male,,,,,,,,,,,,,,,,
330159,Kumar Tamilarasan,,,,,,,Male,,,,,,,,,,,,,,,,
330161,Abdulla Narangolintevida,,,,,,,Male,,,,,,,,,,,,,,,,
330162,Vikash Singh,,,,,,,Male,,,,,,,,,,,,,,,,
330163,Singh Bisht,,,,,,,Male,,,,,,,,,,,,,,,,
330164,Akshdee Singh,,,,,,,Male,,,,,,,,,,,,,,,,
330165,Suraj Panwar,,,,,,,Male,,,,,,,,,,,,,,,,
330166,Singh Toor,,,,,,,Male,,,,,,,,,,,,,,,,
330167,Kishore Jena,,,,,,,Male,,,,,,,,,,,,,,,,
330168,Musa Zhalayev,,,,,,,Male,,,,,,,,,,,,,,,,
330169,Garik Karapetyan,,,,,,,Male,,,,,,,,,,,,,,,,
330171,Sri Dandi,,,,,,,Female,,,,,,,,,,,,,,,,
330172,Varazdat Lalayan,,,,,,,Male,,,,,,,,,,,,,,,,
330173,ANKITA,,,,,,,Female,,,,,,,,,,,,,,,,
330174,Claire Boles,,,,,,,Female,,,,,,,,,,,,,,,,
330175,Jack Raftery,,,,,,,Male,,,,,,,,,,,,,,,,
330177,Kate O'connor,,,,,,,Female,,,,,,,,,,,,,,,,
330178,Christopher O'donnell,,,,,,,Male,,,,,,,,,,,,,,,,
330179,Alanna Fitzpatrick,,,,,,,Female,,,,,,,,,,,,,,,,
330180,Daire Lynch,,,,,,,Male,,,,,,,,,,,,,,,,
330182,Zoe Hyde,,,,,,,Female,,,,,,,,,,,,,,,,
330183,Parul Chaudhary,,,,,,,Female,,,,,,,,,,,,,,,,
330184,Pahal Kiran,,,,,,,Female,,,,,,,,,,,,,,,,
330185,PRACHI,,,,,,,Female,,,,,,,,,,,,,,,,
330186,Jonna Malmgren,,,,,,,Female,,,,,,,,,,,,,,,,
330187,Johanna Lindborg,,,,,,,Female,,,,,,,,,,,,,,,,
330188,Emmannuella Atora,,,,,,,Female,,,,,,,,,,,,,,,,
330190,Rahman Amouzadkhalili,,,,,,,Male,,,,,,,,,,,,,,,,
330191,Yones Emamichoghaei,,,,,,,Male,,,,,,,,,,,,,,,,
330192,Alireza Mohmadipiani,,,,,,,Male,,,,,,,,,,,,,,,,
330193,Amin Kaviyaninejad,,,,,,,Male,,,,,,,,,,,,,,,,
330194,Mehdi Mohsen,,,,,,,Male,,,,,,,,,,,,,,,,
330195,Fateh Benferdjallah,,,,,,,Male,,,,,,,,,,,,,,,,
330196,Ibtissem Doudou,,,,,,,Female,,,,,,,,,,,,,,,,
330197,Saeid Esmaeili,,,,,,,Male,,,,,,,,,,,,,,,,
330198,Fouzia Aouissi,,,,,,,Female,,,,,,,,,,,,,,,,
330199,Dilshot Khalmatov,,,,,,,Male,,,,,,,,,,,,,,,,
330200,Bogdan Iadov,,,,,,,Male,,,,,,,,,,,,,,,,
330202,Yelyzaveta Lytvynenko,,,,,,,Female,,,,,,,,,,,,,,,,
330203,Hoang Nguyen,,,,,,,Male,,,,,,,,,,,,,,,,
330204,Ekaterina Shubina,,,,,,,Female,,,,,,,,,,,,,,,,
330207,Jean-baptiste Mourcia,,,,,,,Male,,,,,,,,,,,,,,,,
330208,Rami Boudrouma,,,,,,,Male,,,,,,,,,,,,,,,,
330209,dos Lucas,,,,,,,Female,,,,,,,,,,,,,,,,
330210,Terrance Garcia,,,,,,,Male,,,,,,,,,,,,,,,,
330212,Yanina Kuskova,,,,,,,Female,,,,,,,,,,,,,,,,
330213,Sarabjot Singh,,,,,,,Male,,,,,,,,,,,,,,,,
330214,Raiza Dhillon,,,,,,,Female,,,,,,,,,,,,,,,,
330215,Nikita Tsvetkov,,,,,,,Male,,,,,,,,,,,,,,,,
330216,Shao-hsuan Wu,,,,,,,Male,,,,,,,,,,,,,,,,
330217,Chu-han Chang,,,,,,,Female,,,,,,,,,,,,,,,,
330218,Kuan-chieh Lai,,,,,,,Male,,,,,,,,,,,,,,,,
330219,Aniq Bin,,,,,,,Male,,,,,,,,,,,,,,,,
330220,Kaylia Nemour,,,,,,,Female,,,,,,,,,,,,,,,,
330221,Jeanne Lehair,,,,,,,Female,,,,,,,,,,,,,,,,
330223,van Patrizia,,,,,,,Female,,,,,,,,,,,,,,,,
330224,Matheo Mateos,,,,,,,Male,,,,,,,,,,,,,,,,
330226,Simone Avondetto,,,,,,,Male,,,,,,,,,,,,,,,,
330227,Martina Berta,,,,,,,Female,,,,,,,,,,,,,,,,
330228,Chiara Teocchi,,,,,,,Female,,,,,,,,,,,,,,,,
330229,Pietro Bertagnoli,,,,,,,Male,,,,,,,,,,,,,,,,
330230,Ousman Jobe,,,,,,,Male,,,,,,,,,,,,,,,,
330231,Alasan Ann,,,,,,,Male,,,,,,,,,,,,,,,,
330232,Dean Clancy,,,,,,,Male,,,,,,,,,,,,,,,,
330233,Daina Moorehouse,,,,,,,Female,,,,,,,,,,,,,,,,
330234,Jennifer Lehane,,,,,,,Female,,,,,,,,,,,,,,,,
330235,Jack Marley,,,,,,,Male,,,,,,,,,,,,,,,,
330236,McGRORY Kelly,,,,,,,Female,,,,,,,,,,,,,,,,
330238,Dhiraj Bommadevara,,,,,,,Male,,,,,,,,,,,,,,,,
330239,Tarundee Rai,,,,,,,Male,,,,,,,,,,,,,,,,
330240,Ramesh Jadhav,,,,,,,Male,,,,,,,,,,,,,,,,
330241,Ilya Sibirtsev,,,,,,,Male,,,,,,,,,,,,,,,,
330243,Bhajan Kaur,,,,,,,Female,,,,,,,,,,,,,,,,
330244,Ankita Bhakat,,,,,,,Female,,,,,,,,,,,,,,,,
330245,Igor Myalin,,,,,,,Male,,,,,,,,,,,,,,,,
330246,Gabriela Narvaez,,,,,,,Female,,,,,,,,,,,,,,,,
330247,Javier Insfran,,,,,,,Male,,,,,,,,,,,,,,,,
330248,Sharon Valiente,,,,,,,Female,,,,,,,,,,,,,,,,
330249,Giuliana Poletti,,,,,,,Female,,,,,,,,,,,,,,,,
330250,Cecilia Castro,,,,,,,Female,,,,,,,,,,,,,,,,
330252,Donjeta Sadiku,,,,,,,Female,,,,,,,,,,,,,,,,
330253,Feghe Bathily,,,,,,,Female,,,,,,,,,,,,,,,,
330255,Srihari Nataraj,,,,,,,Male,,,,,,,,,,,,,,,,
330256,Frances Morgan,,,,,,,Female,,,,,,,,,,,,,,,,
330257,Dhinidhi Desinghu,,,,,,,Female,,,,,,,,,,,,,,,,
330259,Xenia Hiebert,,,,,,,Female,,,,,,,,,,,,,,,,
330260,Cesar Almiron,,,,,,,Male,,,,,,,,,,,,,,,,
330261,Steven Sabino,,,,,,,Male,,,,,,,,,,,,,,,,
330263,Clara Guerra,,,,,,,Female,,,,,,,,,,,,,,,,
330265,Gabriel Soares,,,,,,,Male,,,,,,,,,,,,,,,,
330268,Veronica Bumbaca,,,,,,,Female,,,,,,,,,,,,,,,,
330269,Davide Verita',,,,,,,Male,,,,,,,,,,,,,,,,
330270,Jacopo Frigerio,,,,,,,Male,,,,,,,,,,,,,,,,
330271,Emanuele Gaetani,,,,,,,Male,,,,,,,,,,,,,,,,
330272,Elisa Mondelli,,,,,,,Female,,,,,,,,,,,,,,,,
330273,Salvatore Monfrecola,,,,,,,Male,,,,,,,,,,,,,,,,
330274,Leonardo Pietra,,,,,,,Male,,,,,,,,,,,,,,,,
330275,Silvia Terrazzi,,,,,,,Female,,,,,,,,,,,,,,,,
330277,Giovanni Codato,,,,,,,Male,,,,,,,,,,,,,,,,
330278,Davide Comini,,,,,,,Male,,,,,,,,,,,,,,,,
330279,di Alberto,,,,,,,Male,,,,,,,,,,,,,,,,
330281,Matteo Sartori,,,,,,,Male,,,,,,,,,,,,,,,,
330282,de Linda,,,,,,,Female,,,,,,,,,,,,,,,,
330283,Matteo Della,,,,,,,Male,,,,,,,,,,,,,,,,
330284,Alessandra Faella,,,,,,,Female,,,,,,,,,,,,,,,,
330285,Alice Gnatta,,,,,,,Female,,,,,,,,,,,,,,,,
330288,Kemba Nelson,,,,,,,Female,,,,,,,,,,,,,,,,
330290,Sallah Cisse,,,,,,,Male,,,,,,,,,,,,,,,,
330291,Alondra Ortiz,,,,,,,Female,,,,,,,,,,,,,,,,
330292,Alberto Vega,,,,,,,Male,,,,,,,,,,,,,,,,
330293,Andres Azcarraga,,,,,,,Male,,,,,,,,,,,,,,,,
330295,Sarah Chelangat,,,,,,,Female,,,,,,,,,,,,,,,,
330296,Biniam Girmay,,,,,,,Male,,,,,,,,,,,,,,,,
330297,Valentina Meredova,,,,,,,Female,,,,,,,,,,,,,,,,
330298,Sophio Somkhishvili,,,,,,,Female,,,,,,,,,,,,,,,,
330301,Majdouline El,,,,,,,Female,,,,,,,,,,,,,,,,
330302,Zelimkhan Abakarov,,,,,,,Male,,,,,,,,,,,,,,,,
330304,Gabriele Casadei,,,,,,,Male,,,,,,,,,,,,,,,,
330305,Maysa Pardayeva,,,,,,,Female,,,,,,,,,,,,,,,,
330306,Stiliana Nikolova,,,,,,,Female,,,,,,,,,,,,,,,,
330308,Serdar Rahimov,,,,,,,Male,,,,,,,,,,,,,,,,
330310,Achraf Ed,,,,,,,Male,,,,,,,,,,,,,,,,
330311,Eter Askilashvili,,,,,,,Female,,,,,,,,,,,,,,,,
330312,Dean Reeves,,,,,,,Male,,,,,,,,,,,,,,,,
330313,Sofia Ivanova,,,,,,,Female,,,,,,,,,,,,,,,,
330314,Kamelia Petrova,,,,,,,Female,,,,,,,,,,,,,,,,
330315,Rachel Stoyanov,,,,,,,Female,,,,,,,,,,,,,,,,
330316,Magdalina Minevska,,,,,,,Female,,,,,,,,,,,,,,,,
330317,Margarita Vasileva,,,,,,,Female,,,,,,,,,,,,,,,,
330318,Jawad Abdelmoula,,,,,,,Male,,,,,,,,,,,,,,,,
330319,Hanna Tserakh,,,,,,,Female,,,,,,,,,,,,,,,,
330320,Mohammed Bin,,,,,,,Male,,,,,,,,,,,,,,,,
330321,Mohammed Abicha,,,,,,,Male,,,,,,,,,,,,,,,,
330322,Zouheir Elgraoui,,,,,,,Male,,,,,,,,,,,,,,,,
330323,Yeziel Morales,,,,,,,Male,,,,,,,,,,,,,,,,
330324,Elena Romano,,,,,,,Female,,,,,,,,,,,,,,,,
330325,Rafa Campos,,,,,,,Male,,,,,,,,,,,,,,,,
330326,Daniel Gonzalez,,,,,,,Male,,,,,,,,,,,,,,,,
330327,Mya Hollingshed,,,,,,,Female,,,,,,,,,,,,,,,,
330328,Arella Guirantes,,,,,,,Female,,,,,,,,,,,,,,,,
330329,Jacqueline Benitez,,,,,,,Female,,,,,,,,,,,,,,,,
330330,Brianna Jones,,,,,,,Female,,,,,,,,,,,,,,,,
330331,Hugo Franco,,,,,,,Male,,,,,,,,,,,,,,,,
330332,Trinity San,,,,,,,Female,,,,,,,,,,,,,,,,
330333,Ebru Bolat,,,,,,,Female,,,,,,,,,,,,,,,,
330334,Ana Bogdan,,,,,,,Female,,,,,,,,,,,,,,,,
330335,Adina Cristian,,,,,,,Female,,,,,,,,,,,,,,,,
330338,Ahmed Essabai,,,,,,,Male,,,,,,,,,,,,,,,,
330340,Valentina Cambei,,,,,,,Female,,,,,,,,,,,,,,,,
330341,Elena Toma,,,,,,,Female,,,,,,,,,,,,,,,,
330343,Laura Fazliu,,,,,,,Female,,,,,,,,,,,,,,,,
330345,Akil Gjakova,,,,,,,Male,,,,,,,,,,,,,,,,
330346,Ana Barbosu,,,,,,,Female,,,,,,,,,,,,,,,,
330347,Lilia Cosman,,,,,,,Female,,,,,,,,,,,,,,,,
330348,Amalia Ghigoarta,,,,,,,Female,,,,,,,,,,,,,,,,
330349,Lasha Guruli,,,,,,,Male,,,,,,,,,,,,,,,,
330350,Sabrina Maneca-voinea,,,,,,,Female,,,,,,,,,,,,,,,,
330351,Andreea Preda,,,,,,,Female,,,,,,,,,,,,,,,,
330352,James Fiti,,,,,,,Male,,,,,,,,,,,,,,,,
330353,Azizulhasni Awang,,,,,,,Male,,,,,,,,,,,,,,,,
330354,Firdaus Sahrom,,,,,,,Male,,,,,,,,,,,,,,,,
330355,Amit Amit,,,,,,,Male,,,,,,,,,,,,,,,,
330356,Andrei-vasile Muntean,,,,,,,Male,,,,,,,,,,,,,,,,
330357,Dev Nishant,,,,,,,Male,,,,,,,,,,,,,,,,
330358,Adriana Adam,,,,,,,Female,,,,,,,,,,,,,,,,
330360,Ancuta Bodnar,,,,,,,Female,,,,,,,,,,,,,,,,
330362,Zareen Nikhat,,,,,,,Female,,,,,,,,,,,,,,,,
330363,PREETI,,,,,,,Female,,,,,,,,,,,,,,,,
330364,Ioana Ciotau,,,,,,,Female,,,,,,,,,,,,,,,,
330365,JAISMINE,,,,,,,Female,,,,,,,,,,,,,,,,
330366,Yean Khiew,,,,,,,Male,,,,,,,,,,,,,,,,
330367,Patricia Cires,,,,,,,Female,,,,,,,,,,,,,,,,
330368,Livia Cozmiuc,,,,,,,Female,,,,,,,,,,,,,,,,
330369,Maria Lehaci,,,,,,,Female,,,,,,,,,,,,,,,,
330370,Madalina Morosan,,,,,,,Female,,,,,,,,,,,,,,,,
330371,Stefania Petreanu,,,,,,,Female,,,,,,,,,,,,,,,,
330372,Marvin Dogue,,,,,,,Male,,,,,,,,,,,,,,,,
330373,Annika Zillekens,,,,,,,Female,,,,,,,,,,,,,,,,
330376,Alexandra Ungureanu,,,,,,,Female,,,,,,,,,,,,,,,,
330377,van Elena,,,,,,,Female,,,,,,,,,,,,,,,,
330379,Georgii Kushitashvili,,,,,,,Male,,,,,,,,,,,,,,,,
330380,Zackary Gresham,,,,,,,Male,,,,,,,,,,,,,,,,
330381,Kruz Schembri,,,,,,,Male,,,,,,,,,,,,,,,,
330382,Nicolae Craciun,,,,,,,Male,,,,,,,,,,,,,,,,
330385,Raffaello Ivaldi,,,,,,,Male,,,,,,,,,,,,,,,,
330386,Yumin Abbadini,,,,,,,Male,,,,,,,,,,,,,,,,
330387,Nicola Bartolini,,,,,,,Male,,,,,,,,,,,,,,,,
330388,Minh Casali,,,,,,,Male,,,,,,,,,,,,,,,,
330389,Mario Macchiati,,,,,,,Male,,,,,,,,,,,,,,,,
330390,Carlo Macchini,,,,,,,Male,,,,,,,,,,,,,,,,
330391,Guillermo Bravo,,,,,,,Male,,,,,,,,,,,,,,,,
330392,Klee Gomez,,,,,,,Male,,,,,,,,,,,,,,,,
330393,Azeem Fahmi,,,,,,,Male,,,,,,,,,,,,,,,,
330395,Florin Arteni,,,,,,,Male,,,,,,,,,,,,,,,,
330396,Bogdan Baitoc,,,,,,,Male,,,,,,,,,,,,,,,,
330397,Vasile Bejan,,,,,,,Male,,,,,,,,,,,,,,,,
330398,Constantin Berariu,,,,,,,Male,,,,,,,,,,,,,,,,
330399,Mihai Chiruta,,,,,,,Male,,,,,,,,,,,,,,,,
330400,Sebastian Cornea,,,,,,,Male,,,,,,,,,,,,,,,,
330401,Vasile Cozmiuc,,,,,,,Male,,,,,,,,,,,,,,,,
330402,Laurentiu Danciu,,,,,,,Male,,,,,,,,,,,,,,,,
330403,Hana Beiqi,,,,,,,Female,,,,,,,,,,,,,,,,
330404,Yasmine Mouttaki,,,,,,,Female,,,,,,,,,,,,,,,,
330406,Widad Bertal,,,,,,,Female,,,,,,,,,,,,,,,,
330410,Kaloyana Nalbantova,,,,,,,Female,,,,,,,,,,,,,,,,
330411,Rigina Adashbaeva,,,,,,,Female,,,,,,,,,,,,,,,,
330412,Tursunoy Jabborova,,,,,,,Female,,,,,,,,,,,,,,,,
330413,Nilo Maldini,,,,,,,Male,,,,,,,,,,,,,,,,
330415,Massimo Spinella,,,,,,,Male,,,,,,,,,,,,,,,,
330416,Dennis Sollazzo,,,,,,,Male,,,,,,,,,,,,,,,,
330417,Edoardo Bonazzi,,,,,,,Male,,,,,,,,,,,,,,,,
330419,Gresa Bakraci,,,,,,,Female,,,,,,,,,,,,,,,,
330420,Adrian Ramos,,,,,,,Male,,,,,,,,,,,,,,,,
330421,Darius Smith,,,,,,,Male,,,,,,,,,,,,,,,,
330422,Alejandro Claro,,,,,,,Male,,,,,,,,,,,,,,,,
330423,Victoria Velasco,,,,,,,Female,,,,,,,,,,,,,,,,
330424,Jessica Salazar,,,,,,,Female,,,,,,,,,,,,,,,,
330425,Ivan Horta,,,,,,,Male,,,,,,,,,,,,,,,,
330426,Ricardo Pena,,,,,,,Male,,,,,,,,,,,,,,,,
330427,Zabdiel Gutierrez,,,,,,,Male,,,,,,,,,,,,,,,,
330428,Sada Williams,,,,,,,Female,,,,,,,,,,,,,,,,
330429,Monserrath Rodriguez,,,,,,,Female,,,,,,,,,,,,,,,,
330430,Tristan Evelyn,,,,,,,Female,,,,,,,,,,,,,,,,
330431,Khairulnizam Mohd,,,,,,,Male,,,,,,,,,,,,,,,,
330432,Kate Foo,,,,,,,Female,,,,,,,,,,,,,,,,
330433,Marie Perrier,,,,,,,Female,,,,,,,,,,,,,,,,
330434,Jerrel Bibi,,,,,,,Male,,,,,,,,,,,,,,,,
330436,Bogdan Horodisteanu,,,,,,,Male,,,,,,,,,,,,,,,,
330437,Sorin Lehaci,,,,,,,Male,,,,,,,,,,,,,,,,
330438,Andrei Lungu,,,,,,,Male,,,,,,,,,,,,,,,,
330439,Andrei Mandrila,,,,,,,Male,,,,,,,,,,,,,,,,
330440,Leontin Nutescu,,,,,,,Male,,,,,,,,,,,,,,,,
330441,Ioan Prundeanu,,,,,,,Male,,,,,,,,,,,,,,,,
330442,Vasile Semciuc,,,,,,,Male,,,,,,,,,,,,,,,,
330443,Vasile Tiganescu,,,,,,,Male,,,,,,,,,,,,,,,,
330445,Yannick Flohe,,,,,,,Male,,,,,,,,,,,,,,,,
330446,Lucia Doerffel,,,,,,,Female,,,,,,,,,,,,,,,,
330447,Elvira Accame,,,,,,,Female,,,,,,,,,,,,,,,,
330448,Chituru Ali,,,,,,,Male,,,,,,,,,,,,,,,,
330449,Lapo Bianciardi,,,,,,,Male,,,,,,,,,,,,,,,,
330450,Anna Bongiorni,,,,,,,Female,,,,,,,,,,,,,,,,
330451,Alessandra Bonora,,,,,,,Female,,,,,,,,,,,,,,,,
330452,Samuele Ceccarelli,,,,,,,Male,,,,,,,,,,,,,,,,
330453,Fostine Desalu,,,,,,,Male,,,,,,,,,,,,,,,,
330456,Dalia Kaddari,,,,,,,Female,,,,,,,,,,,,,,,,
330457,Riccardo Meli,,,,,,,Male,,,,,,,,,,,,,,,,
330458,Matteo Melluzzo,,,,,,,Male,,,,,,,,,,,,,,,,
330459,Alessia Pavese,,,,,,,Female,,,,,,,,,,,,,,,,
330461,Luca Sito,,,,,,,Male,,,,,,,,,,,,,,,,
330462,Filippo Tortu,,,,,,,Male,,,,,,,,,,,,,,,,
330463,Virginia Troiani,,,,,,,Female,,,,,,,,,,,,,,,,
330464,Pietro Arese,,,,,,,Male,,,,,,,,,,,,,,,,
330465,Simone Barontini,,,,,,,Male,,,,,,,,,,,,,,,,
330466,Elena Bello,,,,,,,Female,,,,,,,,,,,,,,,,
330467,Ludovica Cavalli,,,,,,,Female,,,,,,,,,,,,,,,,
330468,Eloisa Coiro,,,,,,,Female,,,,,,,,,,,,,,,,
330469,del Federica,,,,,,,Female,,,,,,,,,,,,,,,,
330470,Imranur Rahman,,,,,,,Male,,,,,,,,,,,,,,,,
330471,Matthew Lawrence,,,,,,,Male,,,,,,,,,,,,,,,,
330472,Denise Donelli,,,,,,,Female,,,,,,,,,,,,,,,,
330473,Ossama Meslek,,,,,,,Male,,,,,,,,,,,,,,,,
330475,Catalin Tecuceanu,,,,,,,Male,,,,,,,,,,,,,,,,
330476,Sintayehu Vissa,,,,,,,Female,,,,,,,,,,,,,,,,
330477,Sofiia Yaremchuk,,,,,,,Female,,,,,,,,,,,,,,,,
330479,Alice Muraro,,,,,,,Female,,,,,,,,,,,,,,,,
330480,Rebecca Sartori,,,,,,,Female,,,,,,,,,,,,,,,,
330482,Ilia Sulamanidze,,,,,,,Male,,,,,,,,,,,,,,,,
330483,Andy Diaz,,,,,,,Male,,,,,,,,,,,,,,,,
330484,Mattia Furlani,,,,,,,Male,,,,,,,,,,,,,,,,
330485,Larissa Iapichino,,,,,,,Female,,,,,,,,,,,,,,,,
330486,Stefano Sottile,,,,,,,Male,,,,,,,,,,,,,,,,
330489,Leonardo Fabbri,,,,,,,Male,,,,,,,,,,,,,,,,
330490,Sveva Gerevini,,,,,,,Female,,,,,,,,,,,,,,,,
330491,Anna Giorgi,,,,,,,Female,,,,,,,,,,,,,,,,
330492,Ines Laklalech,,,,,,,Female,,,,,,,,,,,,,,,,
330494,Givi Matcharashvili,,,,,,,Male,,,,,,,,,,,,,,,,
330495,Marvin Gadeau,,,,,,,Male,,,,,,,,,,,,,,,,
330496,Lisa Pou,,,,,,,Female,,,,,,,,,,,,,,,,
330498,Marie-charlotte Gastaud,,,,,,,Female,,,,,,,,,,,,,,,,
330500,Giorgio Malan,,,,,,,Male,,,,,,,,,,,,,,,,
330501,Matteo Cicinelli,,,,,,,Male,,,,,,,,,,,,,,,,
330503,Josefin Eder,,,,,,,Female,,,,,,,,,,,,,,,,
330507,Katharina Bauer,,,,,,,Female,,,,,,,,,,,,,,,,
330509,Sven Korte,,,,,,,Male,,,,,,,,,,,,,,,,
330510,Nele Wissmer,,,,,,,Female,,,,,,,,,,,,,,,,
330511,Lisa Mueller,,,,,,,Female,,,,,,,,,,,,,,,,
330513,Kathrin Murche,,,,,,,Female,,,,,,,,,,,,,,,,
330514,Maximilian Ulbrich,,,,,,,Male,,,,,,,,,,,,,,,,
330515,Anna Janssen,,,,,,,Female,,,,,,,,,,,,,,,,
330516,Robin Walter,,,,,,,Male,,,,,,,,,,,,,,,,
330517,Florian Peter,,,,,,,Male,,,,,,,,,,,,,,,,
330518,Vera Looser,,,,,,,Female,,,,,,,,,,,,,,,,
330519,Oriane Bertone,,,,,,,Female,,,,,,,,,,,,,,,,
330521,Zelia Avezou,,,,,,,Female,,,,,,,,,,,,,,,,
330522,Paul Jenft,,,,,,,Male,,,,,,,,,,,,,,,,
330523,Sam Avezou,,,,,,,Male,,,,,,,,,,,,,,,,
330524,Capucine Viglione,,,,,,,Female,,,,,,,,,,,,,,,,
330525,Manon Lebon,,,,,,,Female,,,,,,,,,,,,,,,,
330526,Ann Williams,,,,,,,Female,,,,,,,,,,,,,,,,
330528,Danielle Williams,,,,,,,Female,,,,,,,,,,,,,,,,
330529,Ashley Williams,,,,,,,Female,,,,,,,,,,,,,,,,
330530,Driss Haffari,,,,,,,Male,,,,,,,,,,,,,,,,
330531,Shiann Salmon,,,,,,,Female,,,,,,,,,,,,,,,,
330533,Gerald Drummond,,,,,,,Male,,,,,,,,,,,,,,,,
330534,Gibran Zea,,,,,,,Male,,,,,,,,,,,,,,,,
330535,Dhabitah Sabri,,,,,,,Female,,,,,,,,,,,,,,,,
330536,Fili Jurisic,,,,,,,Male,,,,,,,,,,,,,,,,
330539,Carin Stroemberg,,,,,,,Female,,,,,,,,,,,,,,,,
330540,Emma Lindqvist,,,,,,,Female,,,,,,,,,,,,,,,,
330541,Evelina Eriksson,,,,,,,Female,,,,,,,,,,,,,,,,
330542,Mathilda Lundstroem,,,,,,,Female,,,,,,,,,,,,,,,,
330543,Mate Pavic,,,,,,,Male,,,,,,,,,,,,,,,,
330544,Petra Martic,,,,,,,Female,,,,,,,,,,,,,,,,
330550,Nina Koppang,,,,,,,Female,,,,,,,,,,,,,,,,
330551,Olivia Loefqvist,,,,,,,Female,,,,,,,,,,,,,,,,
330552,Sofia Hvenfelt,,,,,,,Female,,,,,,,,,,,,,,,,
330553,Tyra Axner,,,,,,,Female,,,,,,,,,,,,,,,,
330556,Sabina Bobokulova,,,,,,,Female,,,,,,,,,,,,,,,,
330557,Nigina Uktamova,,,,,,,Female,,,,,,,,,,,,,,,,
330558,Vera Tugolukova,,,,,,,Female,,,,,,,,,,,,,,,,
330559,Sitora Turdibekova,,,,,,,Female,,,,,,,,,,,,,,,,
330560,Eve Higgins,,,,,,,Female,,,,,,,,,,,,,,,,
330561,Lucy Mulhall,,,,,,,Female,,,,,,,,,,,,,,,,
330562,Beibhinn Parsons,,,,,,,Female,,,,,,,,,,,,,,,,
330563,Erin Riordan,,,,,,,Female,,,,,,,,,,,,,,,,
330566,Javier Ibanez,,,,,,,Male,,,,,,,,,,,,,,,,
330567,Simeonov Rosenov,,,,,,,Male,,,,,,,,,,,,,,,,
330568,Mofid Kiwan,,,,,,,Male,,,,,,,,,,,,,,,,
330569,Sofia Asvesta,,,,,,,Female,,,,,,,,,,,,,,,,
330571,Kamenova Staneva,,,,,,,Female,,,,,,,,,,,,,,,,
330572,Soufiane El,,,,,,,Male,,,,,,,,,,,,,,,,
330573,Viktoriya Tomova,,,,,,,Female,,,,,,,,,,,,,,,,
330574,Achraf Elaidi,,,,,,,Male,,,,,,,,,,,,,,,,
330575,Tiger Tyson,,,,,,,Male,,,,,,,,,,,,,,,,
330576,Kaoutar Farkoussi,,,,,,,Female,,,,,,,,,,,,,,,,
330577,Mohcin Outalha,,,,,,,Male,,,,,,,,,,,,,,,,
330578,Ackeem Blake,,,,,,,Male,,,,,,,,,,,,,,,,
330579,Othmane El,,,,,,,Male,,,,,,,,,,,,,,,,
330580,Ezzahra Gardadi,,,,,,,Female,,,,,,,,,,,,,,,,
330581,Zouhair Talbi,,,,,,,Male,,,,,,,,,,,,,,,,
330583,Abdelati El,,,,,,,Male,,,,,,,,,,,,,,,,
330584,Erislandy Alvarez,,,,,,,Male,,,,,,,,,,,,,,,,
330585,Nouridine Issaka,,,,,,,Male,,,,,,,,,,,,,,,,
330586,Jadon Wuilliez,,,,,,,Male,,,,,,,,,,,,,,,,
330587,Ellie Shaw,,,,,,,Female,,,,,,,,,,,,,,,,
330588,la Cesar,,,,,,,Male,,,,,,,,,,,,,,,,
330590,Abdoul Issoufou,,,,,,,Male,,,,,,,,,,,,,,,,
330593,Maksym Horodynets,,,,,,,Male,,,,,,,,,,,,,,,,
330594,Viktor Bankin,,,,,,,Male,,,,,,,,,,,,,,,,
330596,Navbakhor Khamidova,,,,,,,Female,,,,,,,,,,,,,,,,
330598,Abdumalik Khalokov,,,,,,,Male,,,,,,,,,,,,,,,,
330599,Ruslan Abdullaev,,,,,,,Male,,,,,,,,,,,,,,,,
330600,Yaroslav Tkach,,,,,,,Male,,,,,,,,,,,,,,,,
330601,Ievgeniia Kazbekova,,,,,,,Female,,,,,,,,,,,,,,,,
330602,Mek Almukhtar,,,,,,,Female,,,,,,,,,,,,,,,,
330603,Fariba Hashimi,,,,,,,Female,,,,,,,,,,,,,,,,
330604,Kimia Yousofi,,,,,,,Female,,,,,,,,,,,,,,,,
330605,Margaryta Pesotska,,,,,,,Female,,,,,,,,,,,,,,,,
330606,Solomiya Brateyko,,,,,,,Female,,,,,,,,,,,,,,,,
330609,Denys Kesil,,,,,,,Male,,,,,,,,,,,,,,,,
330610,Oleksandr Zheltiakov,,,,,,,Male,,,,,,,,,,,,,,,,
330611,Silvian Colodrovschi,,,,,,,Male,,,,,,,,,,,,,,,,
330612,Eduard Dragusin,,,,,,,Male,,,,,,,,,,,,,,,,
330613,Tudor-andrei Fulea,,,,,,,Male,,,,,,,,,,,,,,,,
330614,Vlad-luca Georgescu,,,,,,,Male,,,,,,,,,,,,,,,,
330615,Francesco Iudean,,,,,,,Male,,,,,,,,,,,,,,,,
330616,Matei Lutescu,,,,,,,Male,,,,,,,,,,,,,,,,
330617,Andrei Neamtu,,,,,,,Male,,,,,,,,,,,,,,,,
330618,Nicolae Oanta,,,,,,,Male,,,,,,,,,,,,,,,,
330619,Andrei Prioteasa,,,,,,,Male,,,,,,,,,,,,,,,,
330620,Andrei Tepelus,,,,,,,Male,,,,,,,,,,,,,,,,
330621,Marius-florin Tic,,,,,,,Male,,,,,,,,,,,,,,,,
330622,Levente Vancsik,,,,,,,Male,,,,,,,,,,,,,,,,
330623,Mary Almanza,,,,,,,Female,,,,,,,,,,,,,,,,
330624,Daily Cooper,,,,,,,Female,,,,,,,,,,,,,,,,
330625,Yunisleidy Garcia,,,,,,,Female,,,,,,,,,,,,,,,,
330626,Pilar Matheus,,,,,,,Female,,,,,,,,,,,,,,,,
330627,Silinda Morales,,,,,,,Female,,,,,,,,,,,,,,,,
330628,Kestra Kihleng,,,,,,,Female,,,,,,,,,,,,,,,,
330629,Nabaaha Abdul,,,,,,,Female,,,,,,,,,,,,,,,,
330630,Camilla Kemp,,,,,,,Female,,,,,,,,,,,,,,,,
330631,Tim Elter,,,,,,,Male,,,,,,,,,,,,,,,,
330632,Tinh Hoang,,,,,,,Female,,,,,,,,,,,,,,,,
330633,Mark Lamsfuss,,,,,,,Male,,,,,,,,,,,,,,,,
330634,Fabian Roth,,,,,,,Male,,,,,,,,,,,,,,,,
330635,Anass Essayi,,,,,,,Male,,,,,,,,,,,,,,,,
330636,Assia Raziki,,,,,,,Female,,,,,,,,,,,,,,,,
330637,Rahma Tahiri,,,,,,,Female,,,,,,,,,,,,,,,,
330638,Ashley Lau,,,,,,,Female,,,,,,,,,,,,,,,,
330640,Asadkhuja Muydinkhujaev,,,,,,,Male,,,,,,,,,,,,,,,,
330641,Noura Ennadi,,,,,,,Female,,,,,,,,,,,,,,,,
330642,Turabek Khabibullaev,,,,,,,Male,,,,,,,,,,,,,,,,
330643,Lazizbek Mullojonov,,,,,,,Male,,,,,,,,,,,,,,,,
330644,Bakhodir Jalolov,,,,,,,Male,,,,,,,,,,,,,,,,
330645,Eldarovitch Ramazanov,,,,,,,Male,,,,,,,,,,,,,,,,
330646,Romano Puentener,,,,,,,Male,,,,,,,,,,,,,,,,
330647,Franko Burraj,,,,,,,Male,,,,,,,,,,,,,,,,
330648,Maria Fassi,,,,,,,Female,,,,,,,,,,,,,,,,
330649,Israel Madaye,,,,,,,Male,,,,,,,,,,,,,,,,
330650,Faid El,,,,,,,Male,,,,,,,,,,,,,,,,
330651,Hong Teh,,,,,,,Female,,,,,,,,,,,,,,,,
330653,Lara Tiefenthaler,,,,,,,Female,,,,,,,,,,,,,,,,
330655,Tjebbe Kaindl,,,,,,,Male,,,,,,,,,,,,,,,,
330656,Alois Knabl,,,,,,,Male,,,,,,,,,,,,,,,,
330659,Hugo Beurey,,,,,,,Male,,,,,,,,,,,,,,,,
330661,Benoit Brunet,,,,,,,Male,,,,,,,,,,,,,,,,
330662,Ferdinand Ludwig,,,,,,,Male,,,,,,,,,,,,,,,,
330663,Elodie Ravera,,,,,,,Female,,,,,,,,,,,,,,,,
330664,Teo Rayet,,,,,,,Male,,,,,,,,,,,,,,,,
330665,Maximilian Marterer,,,,,,,Male,,,,,,,,,,,,,,,,
330669,Tatjana Maria,,,,,,,Female,,,,,,,,,,,,,,,,
330670,Tim Puetz,,,,,,,Male,,,,,,,,,,,,,,,,
330671,Tamara Korpatsch,,,,,,,Female,,,,,,,,,,,,,,,,
330672,Kevin Krawietz,,,,,,,Male,,,,,,,,,,,,,,,,
330673,Barbara Gambaro,,,,,,,Female,,,,,,,,,,,,,,,,
330674,Houssam Elkord,,,,,,,Male,,,,,,,,,,,,,,,,
330675,Manjola Konini,,,,,,,Female,,,,,,,,,,,,,,,,
330677,Lasse Luehrs,,,,,,,Male,,,,,,,,,,,,,,,,
330678,Tim Hellwig,,,,,,,Male,,,,,,,,,,,,,,,,
330679,Nina Eim,,,,,,,Female,,,,,,,,,,,,,,,,
330680,Lisa Tertsch,,,,,,,Female,,,,,,,,,,,,,,,,
330682,Alexien Kouma,,,,,,,Male,,,,,,,,,,,,,,,,
330684,Gerda Niemesch,,,,,,,Female,,,,,,,,,,,,,,,,
330685,Sandra Paruszewski,,,,,,,Female,,,,,,,,,,,,,,,,
330686,Annika Wendle,,,,,,,Female,,,,,,,,,,,,,,,,
330687,Anastasia Blayvas,,,,,,,Female,,,,,,,,,,,,,,,,
330688,Jello Krahmer,,,,,,,Male,,,,,,,,,,,,,,,,
330689,Alexandros Lazogianis,,,,,,,Male,,,,,,,,,,,,,,,,
330690,Aichata Diabate,,,,,,,Female,,,,,,,,,,,,,,,,
330691,Islam Dudaev,,,,,,,Male,,,,,,,,,,,,,,,,
330693,Sergeevich Novikov,,,,,,,Male,,,,,,,,,,,,,,,,
330694,Milenov Milov,,,,,,,Male,,,,,,,,,,,,,,,,
330695,Lauriane Nolot,,,,,,,Female,,,,,,,,,,,,,,,,
330696,Axel Mazella,,,,,,,Male,,,,,,,,,,,,,,,,
330697,Helene Noesmoen,,,,,,,Female,,,,,,,,,,,,,,,,
330698,Nicolas Goyard,,,,,,,Male,,,,,,,,,,,,,,,,
330699,Louise Cervera,,,,,,,Female,,,,,,,,,,,,,,,,
330704,Erwan Fischer,,,,,,,Male,,,,,,,,,,,,,,,,
330705,Clement Pequin,,,,,,,Male,,,,,,,,,,,,,,,,
330706,Tim Mourniac,,,,,,,Male,,,,,,,,,,,,,,,,
330707,Lou Berthomieu,,,,,,,Female,,,,,,,,,,,,,,,,
330708,Alonso Correa,,,,,,,Male,,,,,,,,,,,,,,,,
330709,Sol Aguirre,,,,,,,Female,,,,,,,,,,,,,,,,
330710,Bocar Diop,,,,,,,Male,,,,,,,,,,,,,,,,
330711,Francois Mendy,,,,,,,Male,,,,,,,,,,,,,,,,
330713,Jingyi Zhou,,,,,,,Female,,,,,,,,,,,,,,,,
330715,Maria Rokotuisiga,,,,,,,Female,,,,,,,,,,,,,,,,
330716,Alexandr Yeremenko,,,,,,,Male,,,,,,,,,,,,,,,,
330717,Michelle Tau,,,,,,,Female,,,,,,,,,,,,,,,,
330719,Hasan Ahmed,,,,,,,Male,,,,,,,,,,,,,,,,
330720,Bianca Seregni,,,,,,,Female,,,,,,,,,,,,,,,,
330721,Alessio Crociani,,,,,,,Male,,,,,,,,,,,,,,,,
330722,Elisabeth Straka,,,,,,,Female,,,,,,,,,,,,,,,,
330723,Zhivkova Dudova,,,,,,,Female,,,,,,,,,,,,,,,,
330724,Valentine Filimon,,,,,,,Male,,,,,,,,,,,,,,,,
330725,Saeed Abusharib,,,,,,,Male,,,,,,,,,,,,,,,,
330726,Saleh Al-athba,,,,,,,Male,,,,,,,,,,,,,,,,
330727,Yulduz Hashimi,,,,,,,Female,,,,,,,,,,,,,,,,
330728,Vasileva Yaneva,,,,,,,Female,,,,,,,,,,,,,,,,
330729,Giorgia Villa,,,,,,,Female,,,,,,,,,,,,,,,,
330730,Elisa Iorio,,,,,,,Female,,,,,,,,,,,,,,,,
330731,Angela Andreoli,,,,,,,Female,,,,,,,,,,,,,,,,
330732,Manila Esposito,,,,,,,Female,,,,,,,,,,,,,,,,
330733,Nicolo' Carucci,,,,,,,Male,,,,,,,,,,,,,,,,
330734,Emanuele Capponi,,,,,,,Male,,,,,,,,,,,,,,,,
330735,Alice Codato,,,,,,,Female,,,,,,,,,,,,,,,,
330736,Giorgia Pelacchi,,,,,,,Female,,,,,,,,,,,,,,,,
330737,Nicholas Kohl,,,,,,,Male,,,,,,,,,,,,,,,,
330740,Megan Havers,,,,,,,Female,,,,,,,,,,,,,,,,
330741,Penny Healey,,,,,,,Female,,,,,,,,,,,,,,,,
330742,Bryony Pitman,,,,,,,Female,,,,,,,,,,,,,,,,
330743,Alex Wise,,,,,,,Male,,,,,,,,,,,,,,,,
330745,Claudia Bolzan,,,,,,,Female,,,,,,,,,,,,,,,,
330746,Barbara Arenhart,,,,,,,Female,,,,,,,,,,,,,,,,
330747,de Bruna,,,,,,,Female,,,,,,,,,,,,,,,,
330748,Gabriela Bitolo,,,,,,,Female,,,,,,,,,,,,,,,,
330749,Gabriela Moreschi,,,,,,,Female,,,,,,,,,,,,,,,,
330750,Jhennifer Lopes,,,,,,,Female,,,,,,,,,,,,,,,,
330751,Kelly Rosa,,,,,,,Female,,,,,,,,,,,,,,,,
330753,Marcela Arounian,,,,,,,Female,,,,,,,,,,,,,,,,
330754,Mariane Fernandes,,,,,,,Female,,,,,,,,,,,,,,,,
330755,Patricia Matieli,,,,,,,Female,,,,,,,,,,,,,,,,
330757,Tamires Araujo,,,,,,,Female,,,,,,,,,,,,,,,,
330758,Dawit Seare,,,,,,,Male,,,,,,,,,,,,,,,,
330762,Marco Miltkau,,,,,,,Male,,,,,,,,,,,,,,,,
330763,Mathias Mueller,,,,,,,Male,,,,,,,,,,,,,,,,
330764,Christopher Ruehr,,,,,,,Male,,,,,,,,,,,,,,,,
330769,Anne Schroeder,,,,,,,Female,,,,,,,,,,,,,,,,
330771,Benedetta Wenzel,,,,,,,Female,,,,,,,,,,,,,,,,
330772,Nathalie Kubalski,,,,,,,Female,,,,,,,,,,,,,,,,
330773,Paul-phili Kaufmann,,,,,,,Male,,,,,,,,,,,,,,,,
330774,Thies Prinz,,,,,,,Male,,,,,,,,,,,,,,,,
330775,Teo Hinrichs,,,,,,,Male,,,,,,,,,,,,,,,,
330776,Malte Hellwig,,,,,,,Male,,,,,,,,,,,,,,,,
330777,Hannes Mueller,,,,,,,Male,,,,,,,,,,,,,,,,
330778,Moritz Ludwig,,,,,,,Male,,,,,,,,,,,,,,,,
330779,Emma Davidsmeyer,,,,,,,Female,,,,,,,,,,,,,,,,
330780,Stine Kurz,,,,,,,Female,,,,,,,,,,,,,,,,
330781,Lisa Nolte,,,,,,,Female,,,,,,,,,,,,,,,,
330782,Jean-paul Danneberg,,,,,,,Male,,,,,,,,,,,,,,,,
330783,Jette Fleschuetz,,,,,,,Female,,,,,,,,,,,,,,,,
330784,Linnea Weidemann,,,,,,,Female,,,,,,,,,,,,,,,,
330785,Felicia Wiedermann,,,,,,,Female,,,,,,,,,,,,,,,,
330786,Gonzalo Peillat,,,,,,,Male,,,,,,,,,,,,,,,,
330787,Merhawi Mebrahtu,,,,,,,Male,,,,,,,,,,,,,,,,
330788,Philli Seidler,,,,,,,Male,,,,,,,,,,,,,,,,
330790,Gladymar Torres,,,,,,,Female,,,,,,,,,,,,,,,,
330791,Olivia Fotopoulou,,,,,,,Female,,,,,,,,,,,,,,,,
330792,Jacira Ferreira,,,,,,,Female,,,,,,,,,,,,,,,,
330793,Ese Ukpeseraye,,,,,,,Female,,,,,,,,,,,,,,,,
330794,Hector Garibay,,,,,,,Male,,,,,,,,,,,,,,,,
330795,Isaiah Pineiro,,,,,,,Male,,,,,,,,,,,,,,,,
330796,Arnaldo Toro,,,,,,,Male,,,,,,,,,,,,,,,,
330798,Ilisapeci Delaiwau,,,,,,,Female,,,,,,,,,,,,,,,,
330799,Vani Buleki,,,,,,,Female,,,,,,,,,,,,,,,,
330800,Verenaisi Ditavutu,,,,,,,Female,,,,,,,,,,,,,,,,
330801,Viliame Ratulu,,,,,,,Male,,,,,,,,,,,,,,,,
330802,McCUTCHEON Anahira,,,,,,,Female,,,,,,,,,,,,,,,,
330803,Fathimath Ali,,,,,,,Female,,,,,,,,,,,,,,,,
330804,Salambekovitch Jamalov,,,,,,,Male,,,,,,,,,,,,,,,,
330805,Amr Hussen,,,,,,,Male,,,,,,,,,,,,,,,,
330807,Farida Hussein,,,,,,,Female,,,,,,,,,,,,,,,,
330810,Andreas Thum,,,,,,,Male,,,,,,,,,,,,,,,,
330811,Nadine Ungerank,,,,,,,Female,,,,,,,,,,,,,,,,
330812,Marlene Jahl,,,,,,,Female,,,,,,,,,,,,,,,,
330813,Mostafa Elders,,,,,,,Male,,,,,,,,,,,,,,,,
330815,Noor Slaoui,,,,,,,Female,,,,,,,,,,,,,,,,
330816,Islomjon Bakhramov,,,,,,,Male,,,,,,,,,,,,,,,,
330817,Aram Vardanyan,,,,,,,Male,,,,,,,,,,,,,,,,
330818,Julia Grabher,,,,,,,Female,,,,,,,,,,,,,,,,
330819,Sebastian Ofner,,,,,,,Male,,,,,,,,,,,,,,,,
330821,Karl Wallinius,,,,,,,Male,,,,,,,,,,,,,,,,
330822,Sebastian Karlsson,,,,,,,Male,,,,,,,,,,,,,,,,
330823,Jonathan Carlsbogaard,,,,,,,Male,,,,,,,,,,,,,,,,
330824,Tobias Thulin,,,,,,,Male,,,,,,,,,,,,,,,,
330825,Oscar Bergendahl,,,,,,,Male,,,,,,,,,,,,,,,,
330828,Jonathan Edvardsson,,,,,,,Male,,,,,,,,,,,,,,,,
330830,Lucia Bronzetti,,,,,,,Female,,,,,,,,,,,,,,,,
330831,Andrea Vavassori,,,,,,,Male,,,,,,,,,,,,,,,,
330832,Matteo Arnaldi,,,,,,,Male,,,,,,,,,,,,,,,,
330834,Luciano Darderi,,,,,,,Male,,,,,,,,,,,,,,,,
330835,Elisabetta Cocciaretto,,,,,,,Female,,,,,,,,,,,,,,,,
330836,Kishmala Talat,,,,,,,Female,,,,,,,,,,,,,,,,
330837,Yessin Rahmouni,,,,,,,Male,,,,,,,,,,,,,,,,
330838,Aktenge Keunimjaeva,,,,,,,Female,,,,,,,,,,,,,,,,
330839,Jana Mahmoud,,,,,,,Female,,,,,,,,,,,,,,,,
330840,Johara Eldeeb,,,,,,,Female,,,,,,,,,,,,,,,,
330841,Ziyodakhon Abdusattorova,,,,,,,Female,,,,,,,,,,,,,,,,
330844,Amirkhon Sadikov,,,,,,,Male,,,,,,,,,,,,,,,,
330845,Neslihan Arin,,,,,,,Female,,,,,,,,,,,,,,,,
330846,Mark Hristov,,,,,,,Male,,,,,,,,,,,,,,,,
330847,Mahmoud Abdelrahman,,,,,,,Male,,,,,,,,,,,,,,,,
330849,Moamen Mohamed,,,,,,,Male,,,,,,,,,,,,,,,,
330850,Mohamed Gabr,,,,,,,Male,,,,,,,,,,,,,,,,
330851,Kevin Penev,,,,,,,Male,,,,,,,,,,,,,,,,
330852,Sebastian Sancho,,,,,,,Male,,,,,,,,,,,,,,,,
330853,Jack Kirby,,,,,,,Male,,,,,,,,,,,,,,,,
330854,Valentina Georgieva,,,,,,,Female,,,,,,,,,,,,,,,,
330855,Navasky Anderson,,,,,,,Male,,,,,,,,,,,,,,,,
330856,Lamar Behairy,,,,,,,Female,,,,,,,,,,,,,,,,
330858,Alberto Diaz,,,,,,,Male,,,,,,,,,,,,,,,,
330859,R Espinosa,,,,,,,Male,,,,,,,,,,,,,,,,
330860,Abdelrahman Abdelaziz,,,,,,,Male,,,,,,,,,,,,,,,,
330861,Andy Hechavarria,,,,,,,Male,,,,,,,,,,,,,,,,
330862,Halima Abbas,,,,,,,Female,,,,,,,,,,,,,,,,
330863,Nils Ehlers,,,,,,,Male,,,,,,,,,,,,,,,,
330865,Svenja Mueller,,,,,,,Female,,,,,,,,,,,,,,,,
330866,Christian Fromm,,,,,,,Male,,,,,,,,,,,,,,,,
330867,Gyorgy Grozer,,,,,,,Male,,,,,,,,,,,,,,,,
330869,Moritz Karlitzek,,,,,,,Male,,,,,,,,,,,,,,,,
330870,Tobias Krick,,,,,,,Male,,,,,,,,,,,,,,,,
330871,Moritz Reichert,,,,,,,Male,,,,,,,,,,,,,,,,
330872,Ruben Schott,,,,,,,Male,,,,,,,,,,,,,,,,
330873,Julian Zenger,,,,,,,Male,,,,,,,,,,,,,,,,
330874,Jan Zimmermann,,,,,,,Male,,,,,,,,,,,,,,,,
330875,Louisa Lippmann,,,,,,,Female,,,,,,,,,,,,,,,,
330876,Anton Brehme,,,,,,,Male,,,,,,,,,,,,,,,,
330877,Cinja Tillmann,,,,,,,Female,,,,,,,,,,,,,,,,
330879,Johannes Tille,,,,,,,Male,,,,,,,,,,,,,,,,
330880,Tobias Brand,,,,,,,Male,,,,,,,,,,,,,,,,
330881,Karim Abokahla,,,,,,,Male,,,,,,,,,,,,,,,,
330883,Zandrion Barnes,,,,,,,Male,,,,,,,,,,,,,,,,
330884,Neama Said,,,,,,,Female,,,,,,,,,,,,,,,,
330885,Sara Ahmed,,,,,,,Female,,,,,,,,,,,,,,,,
330886,Orlando Bennett,,,,,,,Male,,,,,,,,,,,,,,,,
330887,Kaltra Meca,,,,,,,Female,,,,,,,,,,,,,,,,
330888,Miriam Butkereit,,,,,,,Female,,,,,,,,,,,,,,,,
330889,Pauline Starke,,,,,,,Female,,,,,,,,,,,,,,,,
330890,Renee Lucht,,,,,,,Female,,,,,,,,,,,,,,,,
330892,Timo Cavelius,,,,,,,Male,,,,,,,,,,,,,,,,
330893,Erik Abramov,,,,,,,Male,,,,,,,,,,,,,,,,
330894,Mascha Ballhaus,,,,,,,Female,,,,,,,,,,,,,,,,
330895,Grisi Koxhaku,,,,,,,Male,,,,,,,,,,,,,,,,
330896,Alejandro Parada,,,,,,,Male,,,,,,,,,,,,,,,,
330897,Enrique Zayas,,,,,,,Male,,,,,,,,,,,,,,,,
330898,That Nguyen,,,,,,,Female,,,,,,,,,,,,,,,,
330899,Nguyet Do,,,,,,,Female,,,,,,,,,,,,,,,,
330900,Aleksandra Kalucka,,,,,,,Female,,,,,,,,,,,,,,,,
330901,le Phong,,,,,,,Male,,,,,,,,,,,,,,,,
330902,Aleksandra Miroslaw,,,,,,,Female,,,,,,,,,,,,,,,,
330903,QUAKE,,,,,,,Male,,,,,,,,,,,,,,,,
330904,Vinh Trinh,,,,,,,Male,,,,,,,,,,,,,,,,
330905,Filippa Bergand,,,,,,,Female,,,,,,,,,,,,,,,,
330906,Christina Kallberg,,,,,,,Female,,,,,,,,,,,,,,,,
330908,Truls Moregard,,,,,,,Male,,,,,,,,,,,,,,,,
330909,Ilias El,,,,,,,Male,,,,,,,,,,,,,,,,
330910,Houda El,,,,,,,Female,,,,,,,,,,,,,,,,
330911,Adil Osmanov,,,,,,,Male,,,,,,,,,,,,,,,,
330912,Mihail Latisev,,,,,,,Male,,,,,,,,,,,,,,,,
330913,Petrov Mitsin,,,,,,,Male,,,,,,,,,,,,,,,,
330914,Doston Ruziev,,,,,,,Male,,,,,,,,,,,,,,,,
330915,Jeswin Aldrin,,,,,,,Male,,,,,,,,,,,,,,,,
330916,Praveen Chithravel,,,,,,,Male,,,,,,,,,,,,,,,,
330917,Maria Xiao,,,,,,,Female,,,,,,,,,,,,,,,,
330918,Salvador Cases,,,,,,,Male,,,,,,,,,,,,,,,,
330919,David Garcia,,,,,,,Male,,,,,,,,,,,,,,,,
330920,Tristani Mosakhlishvili,,,,,,,Male,,,,,,,,,,,,,,,,
330921,Ariane Toro,,,,,,,Female,,,,,,,,,,,,,,,,
330922,Ai Tsunoda,,,,,,,Female,,,,,,,,,,,,,,,,
330923,Kamil Kucera,,,,,,,Male,,,,,,,,,,,,,,,,
330924,Lyubomir Epitropov,,,,,,,Male,,,,,,,,,,,,,,,,
330925,Djamila Silva,,,,,,,Female,,,,,,,,,,,,,,,,
330926,Gabriela Georgieva,,,,,,,Female,,,,,,,,,,,,,,,,
330927,Victor Alvares,,,,,,,Male,,,,,,,,,,,,,,,,
330928,Pablo Acha,,,,,,,Male,,,,,,,,,,,,,,,,
330929,Elia Canales,,,,,,,Female,,,,,,,,,,,,,,,,
330930,Ivanusa Moreira,,,,,,,Female,,,,,,,,,,,,,,,,
330931,Carlos Alcaraz,,,,,,,Male,,,,,,,,,,,,,,,,
330932,Cristina Bucsa,,,,,,,Female,,,,,,,,,,,,,,,,
330933,Pablo Carreno,,,,,,,Male,,,,,,,,,,,,,,,,
330934,Pedro Martinez,,,,,,,Male,,,,,,,,,,,,,,,,
330935,Jaume Munar,,,,,,,Male,,,,,,,,,,,,,,,,
330936,Murodjon Yuldoshev,,,,,,,Male,,,,,,,,,,,,,,,,
330937,Enzo Diessl,,,,,,,Male,,,,,,,,,,,,,,,,
330938,Markus Fuchs,,,,,,,Male,,,,,,,,,,,,,,,,
330939,Susanne Gogl-walli,,,,,,,Female,,,,,,,,,,,,,,,,
330940,Julia Mayer,,,,,,,Female,,,,,,,,,,,,,,,,
330941,Raphael Pallitsch,,,,,,,Male,,,,,,,,,,,,,,,,
330943,Viktoria Wolffhardt,,,,,,,Female,,,,,,,,,,,,,,,,
330944,Lorena Brandl,,,,,,,Female,,,,,,,,,,,,,,,,
330945,Abigail Lyle,,,,,,,Female,,,,,,,,,,,,,,,,
330948,Daniel Coyle,,,,,,,Male,,,,,,,,,,,,,,,,
330949,McKIBBIN Peter,,,,,,,Male,,,,,,,,,,,,,,,,
330950,Kyle Marshall,,,,,,,Male,,,,,,,,,,,,,,,,
330952,Jonathan Lynch,,,,,,,Male,,,,,,,,,,,,,,,,
330953,Sean Murray,,,,,,,Male,,,,,,,,,,,,,,,,
330954,Peter Brown,,,,,,,Male,,,,,,,,,,,,,,,,
330955,Michael Robson,,,,,,,Male,,,,,,,,,,,,,,,,
330956,Daragh Walsh,,,,,,,Male,,,,,,,,,,,,,,,,
330957,Benjamin Walker,,,,,,,Male,,,,,,,,,,,,,,,,
330958,Jeremy Duncan,,,,,,,Male,,,,,,,,,,,,,,,,
330959,McKEE John,,,,,,,Male,,,,,,,,,,,,,,,,
330960,Ben Johnson,,,,,,,Male,,,,,,,,,,,,,,,,
330961,Matthew Nelson,,,,,,,Male,,,,,,,,,,,,,,,,
330963,Matthew Wright,,,,,,,Male,,,,,,,,,,,,,,,,
330964,Rajindra Campbell,,,,,,,Male,,,,,,,,,,,,,,,,
330965,Johnouario Gomis,,,,,,,Male,,,,,,,,,,,,,,,,
330966,Natiq Suad,,,,,,,Male,,,,,,,,,,,,,,,,
330968,Bayesh Ibrahim,,,,,,,Male,,,,,,,,,,,,,,,,
330969,Ulya Shaig,,,,,,,Female,,,,,,,,,,,,,,,,
330970,Kenaz Kaniwete,,,,,,,Male,,,,,,,,,,,,,,,,
330971,Aider Abduraimov,,,,,,,Male,,,,,,,,,,,,,,,,
330973,Dmytro Lovchynskyi,,,,,,,Male,,,,,,,,,,,,,,,,
330974,Arsenii Batahov,,,,,,,Male,,,,,,,,,,,,,,,,
330975,Maksym Braharu,,,,,,,Male,,,,,,,,,,,,,,,,
330976,Kiril Fesiun,,,,,,,Male,,,,,,,,,,,,,,,,
330977,Dmytro Kryskiv,,,,,,,Male,,,,,,,,,,,,,,,,
330978,Oleksandr Martyniuk,,,,,,,Male,,,,,,,,,,,,,,,,
330979,Mykola Mykhailenko,,,,,,,Male,,,,,,,,,,,,,,,,
330980,Oleh Ocheretko,,,,,,,Male,,,,,,,,,,,,,,,,
330981,Valentyn Rubchynskyi,,,,,,,Male,,,,,,,,,,,,,,,,
330982,Volodymyr Saliuk,,,,,,,Male,,,,,,,,,,,,,,,,
330983,Danylo Sikan,,,,,,,Male,,,,,,,,,,,,,,,,
330984,Oleksii Sych,,,,,,,Male,,,,,,,,,,,,,,,,
330985,Maksym Talovierov,,,,,,,Male,,,,,,,,,,,,,,,,
330986,Georgiy Yermakov,,,,,,,Male,,,,,,,,,,,,,,,,
330987,Francheska Lopez,,,,,,,Female,,,,,,,,,,,,,,,,
330988,Ramon Pelier,,,,,,,Male,,,,,,,,,,,,,,,,
330989,Abdelrahman Abdelghany,,,,,,,Male,,,,,,,,,,,,,,,,
330990,Youssry Samy,,,,,,,Male,,,,,,,,,,,,,,,,
330991,Gerard Takayawa,,,,,,,Male,,,,,,,,,,,,,,,,
330992,Jyothi Yarraji,,,,,,,Female,,,,,,,,,,,,,,,,
330993,Vithya Ramraj,,,,,,,Female,,,,,,,,,,,,,,,,
330994,Phat Le,,,,,,,Male,,,,,,,,,,,,,,,,
330995,Chih-chun Tang,,,,,,,Male,,,,,,,,,,,,,,,,
330996,Yu-hsuan Tai,,,,,,,Male,,,,,,,,,,,,,,,,
330997,Zih-siang Lin,,,,,,,Male,,,,,,,,,,,,,,,,
330998,Chien-ying Lei,,,,,,,Female,,,,,,,,,,,,,,,,
330999,Yi-ching Chiu,,,,,,,Female,,,,,,,,,,,,,,,,
331000,Tsai-chi Li,,,,,,,Female,,,,,,,,,,,,,,,,
331002,Vilma Bobeck,,,,,,,Female,,,,,,,,,,,,,,,,
331004,Hanna Jonsson,,,,,,,Female,,,,,,,,,,,,,,,,
331005,Rebecca Netzler,,,,,,,Female,,,,,,,,,,,,,,,,
331006,Johanna Hjertberg,,,,,,,Female,,,,,,,,,,,,,,,,
331007,Chemtai Salpeter,,,,,,,Female,,,,,,,,,,,,,,,,
331008,Chun-han Yang,,,,,,,Male,,,,,,,,,,,,,,,,
331009,Ming-yang Peng,,,,,,,Male,,,,,,,,,,,,,,,,
331011,Mohamed Hamdy,,,,,,,Male,,,,,,,,,,,,,,,,
331013,Enkhkhuslen Batbayar,,,,,,,Female,,,,,,,,,,,,,,,,
331014,Remas Khalil,,,,,,,Female,,,,,,,,,,,,,,,,
331015,Hala Elgohari,,,,,,,Female,,,,,,,,,,,,,,,,
331016,Amira Aboushokka,,,,,,,Female,,,,,,,,,,,,,,,,
331017,Omar Ibrahim,,,,,,,Male,,,,,,,,,,,,,,,,
331018,Adaku Nwandu,,,,,,,Female,,,,,,,,,,,,,,,,
331019,Mohammad Korayiem,,,,,,,Male,,,,,,,,,,,,,,,,
331021,Sena Can,,,,,,,Female,,,,,,,,,,,,,,,,
331022,Antoaneta Kostadinova,,,,,,,Female,,,,,,,,,,,,,,,,
331023,Ilayda Tarhan,,,,,,,Female,,,,,,,,,,,,,,,,
331024,Simal Yilmaz,,,,,,,Female,,,,,,,,,,,,,,,,
331025,Kiril Kirov,,,,,,,Male,,,,,,,,,,,,,,,,
331026,Pelin Kaya,,,,,,,Female,,,,,,,,,,,,,,,,
331027,Powei Bello,,,,,,,Female,,,,,,,,,,,,,,,,
331029,Akinaere Otuedo,,,,,,,Female,,,,,,,,,,,,,,,,
331031,Berkim Tumer,,,,,,,Male,,,,,,,,,,,,,,,,
331032,Abdullah Yildirmis,,,,,,,Male,,,,,,,,,,,,,,,,
331033,Tomislav Pucar,,,,,,,Male,,,,,,,,,,,,,,,,
331035,Fili Zeljko,,,,,,,Male,,,,,,,,,,,,,,,,
331036,Ivana Malobabic,,,,,,,Female,,,,,,,,,,,,,,,,
331037,Berra Gokkir,,,,,,,Female,,,,,,,,,,,,,,,,
331038,Desislava Angelova,,,,,,,Female,,,,,,,,,,,,,,,,
331040,Abbas Mohammed,,,,,,,Female,,,,,,,,,,,,,,,,
331041,Khaled Abdelhady,,,,,,,Male,,,,,,,,,,,,,,,,
331042,Agnes Alexiusson,,,,,,,Female,,,,,,,,,,,,,,,,
331043,Nebil Ibrahim,,,,,,,Male,,,,,,,,,,,,,,,,
331044,Magdy Elsayed,,,,,,,Female,,,,,,,,,,,,,,,,
331046,Youssef Krou,,,,,,,Male,,,,,,,,,,,,,,,,
331047,Arnaud Gauthier-rat,,,,,,,Male,,,,,,,,,,,,,,,,
331048,Julien Lyneel,,,,,,,Male,,,,,,,,,,,,,,,,
331049,Remi Bassereau,,,,,,,Male,,,,,,,,,,,,,,,,
331050,Alexia Richard,,,,,,,Female,,,,,,,,,,,,,,,,
331051,Lezana Placette,,,,,,,Female,,,,,,,,,,,,,,,,
331052,Aline Chamereau,,,,,,,Female,,,,,,,,,,,,,,,,
331053,Clemence Vieira,,,,,,,Female,,,,,,,,,,,,,,,,
331054,Bacar Ndum,,,,,,,Male,,,,,,,,,,,,,,,,
331055,Diamantino Iuna,,,,,,,Male,,,,,,,,,,,,,,,,
331056,Felix Auboeck,,,,,,,Male,,,,,,,,,,,,,,,,
331057,Valentin Bayer,,,,,,,Male,,,,,,,,,,,,,,,,
331058,Martin Espernberger,,,,,,,Male,,,,,,,,,,,,,,,,
331059,Jan Hercog,,,,,,,Male,,,,,,,,,,,,,,,,
331063,Anton Knoll,,,,,,,Male,,,,,,,,,,,,,,,,
331064,Anthony Cox,,,,,,,Male,,,,,,,,,,,,,,,,
331065,Samuel Freire,,,,,,,Male,,,,,,,,,,,,,,,,
331066,Marlena Jawaid,,,,,,,Female,,,,,,,,,,,,,,,,
331067,Irvin Hoost,,,,,,,Male,,,,,,,,,,,,,,,,
331068,Yu-tang Lin,,,,,,,Male,,,,,,,,,,,,,,,,
331069,Waisake Tewa,,,,,,,Male,,,,,,,,,,,,,,,,
331070,Bo-ya Zhang,,,,,,,Female,,,,,,,,,,,,,,,,
331071,Manami Iijima,,,,,,,Female,,,,,,,,,,,,,,,,
331072,Ramos Aquino,,,,,,,Female,,,,,,,,,,,,,,,,
331074,Chen-ling Lien,,,,,,,Female,,,,,,,,,,,,,,,,
331075,Wei Yang,,,,,,,Male,,,,,,,,,,,,,,,,
331076,Chen-hao Lin,,,,,,,Female,,,,,,,,,,,,,,,,
331077,Rama Abo-alrub,,,,,,,Female,,,,,,,,,,,,,,,,
331078,Sydney Francisco,,,,,,,Female,,,,,,,,,,,,,,,,
331079,Moath Alkhawaldeh,,,,,,,Male,,,,,,,,,,,,,,,,
331080,Ahmad Abu,,,,,,,Male,,,,,,,,,,,,,,,,
331081,Noel Hendrick,,,,,,,Male,,,,,,,,,,,,,,,,
331082,Muzaffarbek Turoboyev,,,,,,,Male,,,,,,,,,,,,,,,,
331083,Amro Al-wir,,,,,,,Male,,,,,,,,,,,,,,,,
331084,Karin Belbeisi,,,,,,,Female,,,,,,,,,,,,,,,,
331085,Julian Hoerl,,,,,,,Male,,,,,,,,,,,,,,,,
331087,Muhammed Ozbek,,,,,,,Male,,,,,,,,,,,,,,,,
331088,Burak Abay,,,,,,,Male,,,,,,,,,,,,,,,,
331089,Elis Ozbay,,,,,,,Female,,,,,,,,,,,,,,,,
331090,Alperen Acet,,,,,,,Male,,,,,,,,,,,,,,,,
331091,Berke Akcam,,,,,,,Male,,,,,,,,,,,,,,,,
331092,Buse Savaskan,,,,,,,Female,,,,,,,,,,,,,,,,
331093,Eda Tugsuz,,,,,,,Female,,,,,,,,,,,,,,,,
331095,Felix Grossschartner,,,,,,,Male,,,,,,,,,,,,,,,,
331096,Marco Haller,,,,,,,Male,,,,,,,,,,,,,,,,
331097,Raphael Kokas,,,,,,,Male,,,,,,,,,,,,,,,,
331098,Maximilian Schmidbauer,,,,,,,Male,,,,,,,,,,,,,,,,
331099,Tim Wafler,,,,,,,Male,,,,,,,,,,,,,,,,
331100,Maximilian Foidl,,,,,,,Male,,,,,,,,,,,,,,,,
331101,Mona Mitterwallner,,,,,,,Female,,,,,,,,,,,,,,,,
331103,Christina Schweinberger,,,,,,,Female,,,,,,,,,,,,,,,,
331104,Gabrijel Veocic,,,,,,,Male,,,,,,,,,,,,,,,,
331105,Kigen Ozbilen,,,,,,,Male,,,,,,,,,,,,,,,,
331106,Mazlum Demir,,,,,,,Male,,,,,,,,,,,,,,,,
331107,Ozkan Baltaci,,,,,,,Male,,,,,,,,,,,,,,,,
331108,Charlize Moerz,,,,,,,Female,,,,,,,,,,,,,,,,
331109,Benny Wizani,,,,,,,Male,,,,,,,,,,,,,,,,
331110,Wachid Borchashvili,,,,,,,Male,,,,,,,,,,,,,,,,
331111,Aaron Fara,,,,,,,Male,,,,,,,,,,,,,,,,
331112,Samuel Gassner,,,,,,,Male,,,,,,,,,,,,,,,,
331113,Lubjana Piovesana,,,,,,,Female,,,,,,,,,,,,,,,,
331115,Katharina Tanzer,,,,,,,Female,,,,,,,,,,,,,,,,
331118,Valentin Bontus,,,,,,,Male,,,,,,,,,,,,,,,,
331120,Lukas Haberl,,,,,,,Male,,,,,,,,,,,,,,,,
331121,Alina Kornelli,,,,,,,Female,,,,,,,,,,,,,,,,
331122,Lukas Maehr,,,,,,,Male,,,,,,,,,,,,,,,,
331124,Toi Cruz,,,,,,,Male,,,,,,,,,,,,,,,,
331125,Juanma Lopez,,,,,,,Male,,,,,,,,,,,,,,,,
331126,Regine Tugade-watson,,,,,,,Female,,,,,,,,,,,,,,,,
331127,Joseph Green,,,,,,,Male,,,,,,,,,,,,,,,,
331128,Maria Escano,,,,,,,Female,,,,,,,,,,,,,,,,
331129,Yuri Hosei,,,,,,,Female,,,,,,,,,,,,,,,,
331130,Amantur Ismailov,,,,,,,Male,,,,,,,,,,,,,,,,
331131,Jie Chen,,,,,,,Male,,,,,,,,,,,,,,,,
331132,Wei Goh,,,,,,,Female,,,,,,,,,,,,,,,,
331133,Jia Lee,,,,,,,Male,,,,,,,,,,,,,,,,
331134,Bugra Unal,,,,,,,Male,,,,,,,,,,,,,,,,
331135,Bassem Hemeida,,,,,,,Male,,,,,,,,,,,,,,,,
331136,Essa Barshim,,,,,,,Male,,,,,,,,,,,,,,,,
331137,Doudai Abakar,,,,,,,Male,,,,,,,,,,,,,,,,
331139,Ismail Yahia,,,,,,,Male,,,,,,,,,,,,,,,,
331140,Abubakar Khaslakhanau,,,,,,,Male,,,,,,,,,,,,,,,,
331141,Kutalmis Atesli,,,,,,,Male,,,,,,,,,,,,,,,,
331142,Merve Dincel,,,,,,,Female,,,,,,,,,,,,,,,,
331144,Stephen Cox,,,,,,,Male,,,,,,,,,,,,,,,,
331145,Sardana Trofimova,,,,,,,Female,,,,,,,,,,,,,,,,
331147,Zaid Abo,,,,,,,Male,,,,,,,,,,,,,,,,
331148,Favoris Muzrapov,,,,,,,Male,,,,,,,,,,,,,,,,
331149,Alisher Yusupov,,,,,,,Male,,,,,,,,,,,,,,,,
331150,Khalimajon Kurbonova,,,,,,,Female,,,,,,,,,,,,,,,,
331151,Tugba Danismaz,,,,,,,Female,,,,,,,,,,,,,,,,
331152,Alisa Glinka,,,,,,,Female,,,,,,,,,,,,,,,,
331153,Salam Jiddou,,,,,,,Male,,,,,,,,,,,,,,,,
331154,Marin Robu,,,,,,,Male,,,,,,,,,,,,,,,,
331155,Romain Imadouchene,,,,,,,Male,,,,,,,,,,,,,,,,
331156,Bernardin Kingue,,,,,,,Male,,,,,,,,,,,,,,,,
331157,Marie Fegue,,,,,,,Female,,,,,,,,,,,,,,,,
331158,Yalcin Citak,,,,,,,Male,,,,,,,,,,,,,,,,
331159,Merve Vatan,,,,,,,Female,,,,,,,,,,,,,,,,
331160,Derin Atakan,,,,,,,Female,,,,,,,,,,,,,,,,
331162,Ahmed Diomande,,,,,,,Male,,,,,,,,,,,,,,,,
331163,Lara Nalbantoglu,,,,,,,Female,,,,,,,,,,,,,,,,
331164,Vahine Fierro,,,,,,,Female,,,,,,,,,,,,,,,,
331165,Kauli Vaast,,,,,,,Male,,,,,,,,,,,,,,,,
331166,Joan Duru,,,,,,,Male,,,,,,,,,,,,,,,,
331167,Boubacar Traore,,,,,,,Male,,,,,,,,,,,,,,,,
331168,Behruzi Khojazoda,,,,,,,Male,,,,,,,,,,,,,,,,
331170,Rikkoi Brathwaite,,,,,,,Male,,,,,,,,,,,,,,,,
331171,McMASTER Kyron,,,,,,,Male,,,,,,,,,,,,,,,,
331172,Abzetta Dabonne,,,,,,,Female,,,,,,,,,,,,,,,,
331173,HONGTEN,,,,,,,Male,,,,,,,,,,,,,,,,
331174,Tolulope Ogunsanya,,,,,,,Female,,,,,,,,,,,,,,,,
331176,Amuchechi Rueben,,,,,,,Female,,,,,,,,,,,,,,,,
331177,Folasade Adekuoroye,,,,,,,Female,,,,,,,,,,,,,,,,
331178,Omolayo Kolawole,,,,,,,Female,,,,,,,,,,,,,,,,
331179,Ibadulla Adam,,,,,,,Male,,,,,,,,,,,,,,,,
331180,Adeyemi Mutuwa,,,,,,,Male,,,,,,,,,,,,,,,,
331185,Linh Nguyen,,,,,,,Female,,,,,,,,,,,,,,,,
331186,Emre Dodanli,,,,,,,Male,,,,,,,,,,,,,,,,
331187,Naz Cakiroglu,,,,,,,Female,,,,,,,,,,,,,,,,
331188,Hatice Akbas,,,,,,,Female,,,,,,,,,,,,,,,,
331189,Gizem Ozer,,,,,,,Female,,,,,,,,,,,,,,,,
331190,Shukurjon Aminova,,,,,,,Female,,,,,,,,,,,,,,,,
331191,Samet Gumus,,,,,,,Male,,,,,,,,,,,,,,,,
331193,Kaan Aykutsun,,,,,,,Male,,,,,,,,,,,,,,,,
331195,Iriskhon Kurbanbaeva,,,,,,,Female,,,,,,,,,,,,,,,,
331196,Tien Vo,,,,,,,Female,,,,,,,,,,,,,,,,
331197,Huong Nguyen,,,,,,,Female,,,,,,,,,,,,,,,,
331198,Dejan Lazovic,,,,,,,Male,,,,,,,,,,,,,,,,
331200,Marko Mrsic,,,,,,,Male,,,,,,,,,,,,,,,,
331201,Noe Panstkhava,,,,,,,Male,,,,,,,,,,,,,,,,
331202,Vasilije Radovic,,,,,,,Male,,,,,,,,,,,,,,,,
331204,Attila Csizmadia,,,,,,,Male,,,,,,,,,,,,,,,,
331205,Hue Pham,,,,,,,Female,,,,,,,,,,,,,,,,
331206,Lucia Martin-portugues,,,,,,,Female,,,,,,,,,,,,,,,,
331207,Ana Nizharadze,,,,,,,Female,,,,,,,,,,,,,,,,
331208,Jovan Vujovic,,,,,,,Male,,,,,,,,,,,,,,,,
331209,Aljosa Macic,,,,,,,Male,,,,,,,,,,,,,,,,
331210,Duro Radovic,,,,,,,Male,,,,,,,,,,,,,,,,
331211,Lorenzo Benati,,,,,,,Male,,,,,,,,,,,,,,,,
331212,Roberto Rigali,,,,,,,Male,,,,,,,,,,,,,,,,
331213,Ndele Simonelli,,,,,,,Male,,,,,,,,,,,,,,,,
331214,Ottavia Cestonaro,,,,,,,Female,,,,,,,,,,,,,,,,
331216,Chiara Melon,,,,,,,Female,,,,,,,,,,,,,,,,
331217,Aldo Pettorossi,,,,,,,Male,,,,,,,,,,,,,,,,
331218,Brahima Diarra,,,,,,,Male,,,,,,,,,,,,,,,,
331219,Bogdan Durdic,,,,,,,Male,,,,,,,,,,,,,,,,
331220,Timothe Vergiat,,,,,,,Male,,,,,,,,,,,,,,,,
331221,Franck Seguela,,,,,,,Male,,,,,,,,,,,,,,,,
331222,Lucas Dussoulier,,,,,,,Male,,,,,,,,,,,,,,,,
331223,Jules Rambaut,,,,,,,Male,,,,,,,,,,,,,,,,
331224,Cheickna Doumbia,,,,,,,Male,,,,,,,,,,,,,,,,
331225,Julia Szeremeta,,,,,,,Female,,,,,,,,,,,,,,,,
331226,Aneta Rygielska,,,,,,,Female,,,,,,,,,,,,,,,,
331227,Coli Saco,,,,,,,Male,,,,,,,,,,,,,,,,
331228,Elzbieta Wojcik,,,,,,,Female,,,,,,,,,,,,,,,,
331229,Lucrezia Magistris,,,,,,,Female,,,,,,,,,,,,,,,,
331230,Sergio Massidda,,,,,,,Male,,,,,,,,,,,,,,,,
331231,Sara Fojt,,,,,,,Female,,,,,,,,,,,,,,,,
331232,Siuzanna Valodzka,,,,,,,Female,,,,,,,,,,,,,,,,
331233,Dora Gazso,,,,,,,Female,,,,,,,,,,,,,,,,
331234,Daniel Hajdu,,,,,,,Male,,,,,,,,,,,,,,,,
331235,Hana Burzalova,,,,,,,Female,,,,,,,,,,,,,,,,
331236,Dominik Cerny,,,,,,,Male,,,,,,,,,,,,,,,,
331237,Marius Fizel,,,,,,,Male,,,,,,,,,,,,,,,,
331238,Viktoria Forster,,,,,,,Female,,,,,,,,,,,,,,,,
331239,Vanesa Hockova,,,,,,,Female,,,,,,,,,,,,,,,,
331240,Nora Jencusova,,,,,,,Female,,,,,,,,,,,,,,,,
331241,Maria Katerinka,,,,,,,Female,,,,,,,,,,,,,,,,
331242,Lukas Kubis,,,,,,,Male,,,,,,,,,,,,,,,,
331244,Zuzana Pankova,,,,,,,Female,,,,,,,,,,,,,,,,
331245,Zuzana Rehak,,,,,,,Female,,,,,,,,,,,,,,,,
331246,Triebelova Jessica,,,,,,,Female,,,,,,,,,,,,,,,,
331248,Katarina Kristo,,,,,,,Female,,,,,,,,,,,,,,,,
331249,Marie Branser,,,,,,,Female,,,,,,,,,,,,,,,,
331250,Mariana Esteves,,,,,,,Female,,,,,,,,,,,,,,,,
331251,Anna Kiss,,,,,,,Female,,,,,,,,,,,,,,,,
331252,Jakob Soderqvist,,,,,,,Male,,,,,,,,,,,,,,,,
331253,Caroline Andersson,,,,,,,Female,,,,,,,,,,,,,,,,
331254,Demba Diallo,,,,,,,Male,,,,,,,,,,,,,,,,
331255,Caisa-marie Lindfors,,,,,,,Female,,,,,,,,,,,,,,,,
331256,Armand Duplantis,,,,,,,Male,,,,,,,,,,,,,,,,
331257,Axelina Johansson,,,,,,,Female,,,,,,,,,,,,,,,,
331258,Carl Bengtstrom,,,,,,,Male,,,,,,,,,,,,,,,,
331259,Henrik Larsson,,,,,,,Male,,,,,,,,,,,,,,,,
331260,Julia Henriksson,,,,,,,Female,,,,,,,,,,,,,,,,
331261,Andreas Almgren,,,,,,,Male,,,,,,,,,,,,,,,,
331262,Maja Askag,,,,,,,Female,,,,,,,,,,,,,,,,
331263,Fode Doucoure,,,,,,,Male,,,,,,,,,,,,,,,,
331264,Nora Lindahl,,,,,,,Female,,,,,,,,,,,,,,,,
331265,Oskar Edlund,,,,,,,Male,,,,,,,,,,,,,,,,
331266,Ragnar Carlsson,,,,,,,Male,,,,,,,,,,,,,,,,
331267,Samuel Pihlstrom,,,,,,,Male,,,,,,,,,,,,,,,,
331268,Suldan Hassan,,,,,,,Male,,,,,,,,,,,,,,,,
331269,Thea Lofman,,,,,,,Female,,,,,,,,,,,,,,,,
331270,Vanessa Kamga,,,,,,,Female,,,,,,,,,,,,,,,,
331271,Erik Erlandsson,,,,,,,Male,,,,,,,,,,,,,,,,
331272,Israel Gutierrez,,,,,,,Male,,,,,,,,,,,,,,,,
331273,Jair Tjon,,,,,,,Male,,,,,,,,,,,,,,,,
331274,Damiana Medina,,,,,,,Female,,,,,,,,,,,,,,,,
331275,Hsing-chun Kuo,,,,,,,Female,,,,,,,,,,,,,,,,
331276,Wen-huei Chen,,,,,,,Female,,,,,,,,,,,,,,,,
331277,Hwee Gan,,,,,,,Female,,,,,,,,,,,,,,,,
331278,Wan-ling Fang,,,,,,,Female,,,,,,,,,,,,,,,,
331279,Enver Yildirim,,,,,,,Male,,,,,,,,,,,,,,,,
331280,Nisanur Erbil,,,,,,,Female,,,,,,,,,,,,,,,,
331281,Juwon Opeyori,,,,,,,Male,,,,,,,,,,,,,,,,
331282,Yauheni Tsikhantsou,,,,,,,Male,,,,,,,,,,,,,,,,
331283,Kun-pi Yang,,,,,,,Male,,,,,,,,,,,,,,,,
331284,Chun Lin,,,,,,,Female,,,,,,,,,,,,,,,,
331285,Yuan Lee,,,,,,,Male,,,,,,,,,,,,,,,,
331286,Chen Tien,,,,,,,Female,,,,,,,,,,,,,,,,
331287,Yu Liu,,,,,,,Female,,,,,,,,,,,,,,,,
331288,Ying Wu,,,,,,,Female,,,,,,,,,,,,,,,,
331289,Wan-yu Liu,,,,,,,Female,,,,,,,,,,,,,,,,
331290,Wen Yu,,,,,,,Female,,,,,,,,,,,,,,,,
331291,Pearly Tan,,,,,,,Female,,,,,,,,,,,,,,,,
331292,Salih Yildiz,,,,,,,Male,,,,,,,,,,,,,,,,
331293,Yik Soh,,,,,,,Male,,,,,,,,,,,,,,,,
331294,Muhammed Demirel,,,,,,,Male,,,,,,,,,,,,,,,,
331296,Lena Stojkovic,,,,,,,Female,,,,,,,,,,,,,,,,
331297,Ibrahim Tataroglu,,,,,,,Male,,,,,,,,,,,,,,,,
331298,Tugce Beder,,,,,,,Female,,,,,,,,,,,,,,,,
331299,Istvan Kuli,,,,,,,Male,,,,,,,,,,,,,,,,
331300,Fidan Ogel,,,,,,,Female,,,,,,,,,,,,,,,,
331301,Kayra Ozdemir,,,,,,,Female,,,,,,,,,,,,,,,,
331302,Nahuel Carabana,,,,,,,Male,,,,,,,,,,,,,,,,
331303,Ying Tai,,,,,,,Female,,,,,,,,,,,,,,,,
331304,Chen Chou,,,,,,,Male,,,,,,,,,,,,,,,,
331305,Chi-lin Wang,,,,,,,Male,,,,,,,,,,,,,,,,
331306,Yang Lee,,,,,,,Male,,,,,,,,,,,,,,,,
331308,Yassin Bouih,,,,,,,Male,,,,,,,,,,,,,,,,
331309,Federico Riva,,,,,,,Male,,,,,,,,,,,,,,,,
331310,Wei Ye,,,,,,,Male,,,,,,,,,,,,,,,,
331311,Riccardo Orsoni,,,,,,,Male,,,,,,,,,,,,,,,,
331312,Sibel Altinkaya,,,,,,,Female,,,,,,,,,,,,,,,,
331313,Zeyne Yetgil,,,,,,,Female,,,,,,,,,,,,,,,,
331314,Buse Cavusoglu,,,,,,,Female,,,,,,,,,,,,,,,,
331315,Nesrin Bas,,,,,,,Female,,,,,,,,,,,,,,,,
331317,Bianka Nagy,,,,,,,Female,,,,,,,,,,,,,,,,
331318,Charles Kagimu,,,,,,,Male,,,,,,,,,,,,,,,,
331319,Ibrahim Ciftci,,,,,,,Male,,,,,,,,,,,,,,,,
331320,Hamidou Diallo,,,,,,,Male,,,,,,,,,,,,,,,,
331321,Noemi Pupp,,,,,,,Female,,,,,,,,,,,,,,,,
331323,Mateusz Bereznicki,,,,,,,Male,,,,,,,,,,,,,,,,
331324,Ibrahima Cisse,,,,,,,Male,,,,,,,,,,,,,,,,
331325,Issouf Sissokho,,,,,,,Male,,,,,,,,,,,,,,,,
331326,Ruben Querinjean,,,,,,,Male,,,,,,,,,,,,,,,,
331327,Vera Hoffmann,,,,,,,Female,,,,,,,,,,,,,,,,
331328,Pit Klein,,,,,,,Male,,,,,,,,,,,,,,,,
331329,Ralph Daleiden,,,,,,,Male,,,,,,,,,,,,,,,,
331330,Luka Mladenovic,,,,,,,Male,,,,,,,,,,,,,,,,
331331,de Sarah,,,,,,,Female,,,,,,,,,,,,,,,,
331332,Nicolas Wagner,,,,,,,Male,,,,,,,,,,,,,,,,
331333,Lian Ni,,,,,,,Female,,,,,,,,,,,,,,,,
331335,Hortense Limouzin,,,,,,,Female,,,,,,,,,,,,,,,,
331336,Eve Paget,,,,,,,Female,,,,,,,,,,,,,,,,
331337,Myriam Djekoundade,,,,,,,Female,,,,,,,,,,,,,,,,
331338,Francisco Canjura,,,,,,,Male,,,,,,,,,,,,,,,,
331339,Nixon Hernandez,,,,,,,Male,,,,,,,,,,,,,,,,
331340,Celina Marquez,,,,,,,Female,,,,,,,,,,,,,,,,
331341,Mauro Iglesias,,,,,,,Male,,,,,,,,,,,,,,,,
331342,Bryan Perez,,,,,,,Male,,,,,,,,,,,,,,,,
331343,Oluchi Anyanacho,,,,,,,Female,,,,,,,,,,,,,,,,
331344,Jose Arathoon,,,,,,,Male,,,,,,,,,,,,,,,,
331346,Thad Lettsome,,,,,,,Male,,,,,,,,,,,,,,,,
331347,de Yuran,,,,,,,Male,,,,,,,,,,,,,,,,
331348,Alberto Orta,,,,,,,Male,,,,,,,,,,,,,,,,
331349,Yosvanys Pena,,,,,,,Male,,,,,,,,,,,,,,,,
331350,Alejandro Rosillo,,,,,,,Male,,,,,,,,,,,,,,,,
331351,Vladyslav Lavskyy,,,,,,,Male,,,,,,,,,,,,,,,,
331352,Lyudmila Olyanovska,,,,,,,Female,,,,,,,,,,,,,,,,
331353,Olha Korsun,,,,,,,Female,,,,,,,,,,,,,,,,
331354,Olena Sobchuk,,,,,,,Female,,,,,,,,,,,,,,,,
331355,Tetyana Melnyk,,,,,,,Female,,,,,,,,,,,,,,,,
331356,Serhii Svitlychnyi,,,,,,,Male,,,,,,,,,,,,,,,,
331357,Yuliia Levchenko,,,,,,,Female,,,,,,,,,,,,,,,,
331358,Anna Ryzhykova,,,,,,,Female,,,,,,,,,,,,,,,,
331359,Maryana Shostak,,,,,,,Female,,,,,,,,,,,,,,,,
331361,Roman Kokoshko,,,,,,,Male,,,,,,,,,,,,,,,,
331362,Artur Felfner,,,,,,,Male,,,,,,,,,,,,,,,,
331363,Yaroslava Mahuchikh,,,,,,,Female,,,,,,,,,,,,,,,,
331365,Mykhaylo Kokhan,,,,,,,Male,,,,,,,,,,,,,,,,
331366,Mariia Sakharuk,,,,,,,Female,,,,,,,,,,,,,,,,
331367,Oleh Doroshchuk,,,,,,,Male,,,,,,,,,,,,,,,,
331370,Iryna Gerashchenko,,,,,,,Female,,,,,,,,,,,,,,,,
331373,Andrii Protsenko,,,,,,,Male,,,,,,,,,,,,,,,,
331375,Oleksandr Hudyma,,,,,,,Male,,,,,,,,,,,,,,,,
331377,Mykhailo Usach,,,,,,,Male,,,,,,,,,,,,,,,,
331378,Viktoriia Us,,,,,,,Female,,,,,,,,,,,,,,,,
331379,Akwasi Afrifah,,,,,,,Male,,,,,,,,,,,,,,,,
331380,Haimro Alame,,,,,,,Male,,,,,,,,,,,,,,,,
331381,Phurit Yohuang,,,,,,,Male,,,,,,,,,,,,,,,,
331383,Tara Babulfath,,,,,,,Female,,,,,,,,,,,,,,,,
331384,Yuliia Biriukova,,,,,,,Female,,,,,,,,,,,,,,,,
331385,Anatolii Budiak,,,,,,,Male,,,,,,,,,,,,,,,,
331386,Carid Marin,,,,,,,Female,,,,,,,,,,,,,,,,
331387,Fabrice Zango,,,,,,,Male,,,,,,,,,,,,,,,,
331388,Awa Bamogo,,,,,,,Female,,,,,,,,,,,,,,,,
331389,McHEDLIDZE Murazi,,,,,,,Male,,,,,,,,,,,,,,,,
331391,Enrique Valdes,,,,,,,Male,,,,,,,,,,,,,,,,
331392,Brian Louis,,,,,,,Male,,,,,,,,,,,,,,,,
331393,Hsin Lee,,,,,,,Female,,,,,,,,,,,,,,,,
331394,Burhan Akbudak,,,,,,,Male,,,,,,,,,,,,,,,,
331395,Ali Cengiz,,,,,,,Male,,,,,,,,,,,,,,,,
331396,Hamza Bakir,,,,,,,Male,,,,,,,,,,,,,,,,
331397,Christopher Rougier-lagane,,,,,,,Male,,,,,,,,,,,,,,,,
331398,Hun An,,,,,,,Male,,,,,,,,,,,,,,,,
331399,Joo Kim,,,,,,,Female,,,,,,,,,,,,,,,,
331400,Tom Kim,,,,,,,Male,,,,,,,,,,,,,,,,
331401,Young Ko,,,,,,,Female,,,,,,,,,,,,,,,,
331402,Vladislav Ursu,,,,,,,Male,,,,,,,,,,,,,,,,
331403,Enes Basar,,,,,,,Male,,,,,,,,,,,,,,,,
331404,Irina Ringaci,,,,,,,Female,,,,,,,,,,,,,,,,
331405,Mariana Dragutan,,,,,,,Female,,,,,,,,,,,,,,,,
331406,Mark Jozsa,,,,,,,Male,,,,,,,,,,,,,,,,
331407,Viviana Marton,,,,,,,Female,,,,,,,,,,,,,,,,
331408,Gergely Salim,,,,,,,Male,,,,,,,,,,,,,,,,
331410,Sarah Schober,,,,,,,Female,,,,,,,,,,,,,,,,
331411,Emma Spitz,,,,,,,Female,,,,,,,,,,,,,,,,
331412,Paul O,,,,,,,Male,,,,,,,,,,,,,,,,
331413,Timothy Cross,,,,,,,Male,,,,,,,,,,,,,,,,
331414,Lee Cole,,,,,,,Male,,,,,,,,,,,,,,,,
331415,Nicholas Page,,,,,,,Male,,,,,,,,,,,,,,,,
331416,Ziyad Saleem,,,,,,,Male,,,,,,,,,,,,,,,,
331417,Emilia Nilsson,,,,,,,Female,,,,,,,,,,,,,,,,
331419,Isak Eliasson,,,,,,,Male,,,,,,,,,,,,,,,,
331420,Elias Persson,,,,,,,Male,,,,,,,,,,,,,,,,
331421,Robin Hanson,,,,,,,Male,,,,,,,,,,,,,,,,
331425,Sara Junevik,,,,,,,Female,,,,,,,,,,,,,,,,
331427,Bjoern Seeliger,,,,,,,Male,,,,,,,,,,,,,,,,
331428,Sarah Sjoestroem,,,,,,,Female,,,,,,,,,,,,,,,,
331429,Sofia Aastedt,,,,,,,Female,,,,,,,,,,,,,,,,
331430,Hanna Rosvall,,,,,,,Female,,,,,,,,,,,,,,,,
331431,Rana Saadeldin,,,,,,,Female,,,,,,,,,,,,,,,,
331432,Hampus Winberg,,,,,,,Male,,,,,,,,,,,,,,,,
331433,Se Straka,,,,,,,Male,,,,,,,,,,,,,,,,
331434,Helena Cazaute,,,,,,,Female,,,,,,,,,,,,,,,,
331435,Christina Bauer,,,,,,,Female,,,,,,,,,,,,,,,,
331436,Amandha Sylves,,,,,,,Female,,,,,,,,,,,,,,,,
331437,Juliette Gelin,,,,,,,Female,,,,,,,,,,,,,,,,
331438,Amelie Rotar,,,,,,,Female,,,,,,,,,,,,,,,,
331439,Amandine Giardino,,,,,,,Female,,,,,,,,,,,,,,,,
331440,Leandra Olinga,,,,,,,Female,,,,,,,,,,,,,,,,
331441,Emilie Respaut,,,,,,,Female,,,,,,,,,,,,,,,,
331442,Nina Stojiljkovic,,,,,,,Female,,,,,,,,,,,,,,,,
331443,Halimatou Bah,,,,,,,Female,,,,,,,,,,,,,,,,
331444,Lucille Gicquel,,,,,,,Female,,,,,,,,,,,,,,,,
331445,Maeva Schalk,,,,,,,Female,,,,,,,,,,,,,,,,
331446,Iman Ndiaye,,,,,,,Female,,,,,,,,,,,,,,,,
331447,Gashau Ayale,,,,,,,Male,,,,,,,,,,,,,,,,
331449,Victoria Larsson,,,,,,,Female,,,,,,,,,,,,,,,,
331450,Rickard Levin-andersson,,,,,,,Male,,,,,,,,,,,,,,,,
331451,Victor Lindgren,,,,,,,Male,,,,,,,,,,,,,,,,
331452,Marcus Madsen,,,,,,,Male,,,,,,,,,,,,,,,,
331453,Stina Lawner,,,,,,,Female,,,,,,,,,,,,,,,,
331454,Stanislaw Aniolkowski,,,,,,,Male,,,,,,,,,,,,,,,,
331455,Krzysztof Lukasik,,,,,,,Male,,,,,,,,,,,,,,,,
331457,Agnieszka Skalniak-sojka,,,,,,,Female,,,,,,,,,,,,,,,,
331460,Marcin Karolewski,,,,,,,Male,,,,,,,,,,,,,,,,
331461,Kinga Krolik,,,,,,,Female,,,,,,,,,,,,,,,,
331462,Cyprian Mrzyglod,,,,,,,Male,,,,,,,,,,,,,,,,
331463,Adrianna Sulek-schubert,,,,,,,Female,,,,,,,,,,,,,,,,
331465,Maksymilian Szwed,,,,,,,Male,,,,,,,,,,,,,,,,
331466,Jakub Szymanski,,,,,,,Male,,,,,,,,,,,,,,,,
331468,Oliwer Wdowik,,,,,,,Male,,,,,,,,,,,,,,,,
331469,Dawid Wegner,,,,,,,Male,,,,,,,,,,,,,,,,
331470,Alicja Wrona-kutrzepa,,,,,,,Female,,,,,,,,,,,,,,,,
331471,Daria Zabawska,,,,,,,Female,,,,,,,,,,,,,,,,
331472,Paulina Petri,,,,,,,Female,,,,,,,,,,,,,,,,
331473,Nikola Sibiak,,,,,,,Female,,,,,,,,,,,,,,,,
331474,Alan Banaszek,,,,,,,Male,,,,,,,,,,,,,,,,
331475,Patrycja Lorkowska,,,,,,,Female,,,,,,,,,,,,,,,,
331477,Maher Ben,,,,,,,Male,,,,,,,,,,,,,,,,
331478,Igor Bogaczynski,,,,,,,Male,,,,,,,,,,,,,,,,
331479,Mateusz Borkowski,,,,,,,Male,,,,,,,,,,,,,,,,
331481,Olga Chojecka,,,,,,,Female,,,,,,,,,,,,,,,,
331483,Agnieszka Ellward,,,,,,,Female,,,,,,,,,,,,,,,,
331484,Aleksandra Formella,,,,,,,Female,,,,,,,,,,,,,,,,
331485,Nikola Horowska,,,,,,,Female,,,,,,,,,,,,,,,,
331486,Krzysztof Kiljan,,,,,,,Male,,,,,,,,,,,,,,,,
331487,Albert Komanski,,,,,,,Male,,,,,,,,,,,,,,,,
331490,Martyna Kotwila,,,,,,,Female,,,,,,,,,,,,,,,,
331492,Anastazja Kus,,,,,,,Female,,,,,,,,,,,,,,,,
331494,Weronika Lizakowska,,,,,,,Female,,,,,,,,,,,,,,,,
331495,Magdalena Niemczyk,,,,,,,Female,,,,,,,,,,,,,,,,
331497,Aleksandra Plocinska,,,,,,,Female,,,,,,,,,,,,,,,,
331498,Fili Rak,,,,,,,Male,,,,,,,,,,,,,,,,
331499,Monika Romaszko,,,,,,,Female,,,,,,,,,,,,,,,,
331500,Pia Skrzyszowska,,,,,,,Female,,,,,,,,,,,,,,,,
331502,Daniel Soltysiak,,,,,,,Male,,,,,,,,,,,,,,,,
331503,Magdalena Stefanowicz,,,,,,,Female,,,,,,,,,,,,,,,,
331504,Krystsina Tsimanouskaya,,,,,,,Female,,,,,,,,,,,,,,,,
331506,Maria Zodzik,,,,,,,Female,,,,,,,,,,,,,,,,
331507,Tilda Mansson,,,,,,,Female,,,,,,,,,,,,,,,,
331509,Valeriane Ayayi,,,,,,,Female,,,,,,,,,,,,,,,,
331510,Marieme Badiane,,,,,,,Female,,,,,,,,,,,,,,,,
331511,Romane Bernies,,,,,,,Female,,,,,,,,,,,,,,,,
331512,Alexia Chery,,,,,,,Female,,,,,,,,,,,,,,,,
331513,Leila Lacan,,,,,,,Female,,,,,,,,,,,,,,,,
331514,Dominique Malonga,,,,,,,Female,,,,,,,,,,,,,,,,
331516,Janelle Salaun,,,,,,,Female,,,,,,,,,,,,,,,,
331517,Lassine Diarra,,,,,,,Male,,,,,,,,,,,,,,,,
331520,de Nando,,,,,,,Male,,,,,,,,,,,,,,,,
331522,Mathias Lessort,,,,,,,Male,,,,,,,,,,,,,,,,
331523,Victor Wembanyama,,,,,,,Male,,,,,,,,,,,,,,,,
331524,Isaia Cordinier,,,,,,,Male,,,,,,,,,,,,,,,,
331525,Bilal Coulibaly,,,,,,,Male,,,,,,,,,,,,,,,,
331526,Matthew Strazel,,,,,,,Male,,,,,,,,,,,,,,,,
331528,Martin Nathell,,,,,,,Male,,,,,,,,,,,,,,,,
331529,Melina Andersson,,,,,,,Female,,,,,,,,,,,,,,,,
331530,Moa Wikberg,,,,,,,Female,,,,,,,,,,,,,,,,
331531,Halle Hazzard,,,,,,,Female,,,,,,,,,,,,,,,,
331532,Timothee Carle,,,,,,,Male,,,,,,,,,,,,,,,,
331533,Theo Faure,,,,,,,Male,,,,,,,,,,,,,,,,
331535,Quentin Jouffroy,,,,,,,Male,,,,,,,,,,,,,,,,
331536,le Nicolas,,,,,,,Male,,,,,,,,,,,,,,,,
331538,Earvin Ngapeth,,,,,,,Male,,,,,,,,,,,,,,,,
331540,Christie Grobbelaar,,,,,,,Male,,,,,,,,,,,,,,,,
331541,Ryan Oosthuizen,,,,,,,Male,,,,,,,,,,,,,,,,
331544,Tiaan Pretorius,,,,,,,Male,,,,,,,,,,,,,,,,
331545,Ronald Brown,,,,,,,Male,,,,,,,,,,,,,,,,
331547,Siviwe Soyizwapi,,,,,,,Male,,,,,,,,,,,,,,,,
331548,van Shilton,,,,,,,Male,,,,,,,,,,,,,,,,
331549,Rosko Specman,,,,,,,Male,,,,,,,,,,,,,,,,
331550,Tristan Leyds,,,,,,,Male,,,,,,,,,,,,,,,,
331552,Lanihei Connolly,,,,,,,Female,,,,,,,,,,,,,,,,
331553,Yen Tran,,,,,,,Female,,,,,,,,,,,,,,,,
331554,Woongtae Jun,,,,,,,Male,,,,,,,,,,,,,,,,
331555,Sunwoo Kim,,,,,,,Female,,,,,,,,,,,,,,,,
331556,Changwan Seo,,,,,,,Male,,,,,,,,,,,,,,,,
331557,Seungmin Seong,,,,,,,Female,,,,,,,,,,,,,,,,
331558,Vinh Trinh,,,,,,,Female,,,,,,,,,,,,,,,,
331559,Tuyen Le,,,,,,,Female,,,,,,,,,,,,,,,,
331560,Yun-ju Lin,,,,,,,Male,,,,,,,,,,,,,,,,
331561,Chih-yuan Chuang,,,,,,,Male,,,,,,,,,,,,,,,,
331562,Cheng-jui Kao,,,,,,,Male,,,,,,,,,,,,,,,,
331563,I-ching Cheng,,,,,,,Female,,,,,,,,,,,,,,,,
331564,Szu-yu Chen,,,,,,,Female,,,,,,,,,,,,,,,,
331565,Tung-chuan Chien,,,,,,,Female,,,,,,,,,,,,,,,,
331566,Chia-hung Tang,,,,,,,Male,,,,,,,,,,,,,,,,
331568,Yi Tsao,,,,,,,Female,,,,,,,,,,,,,,,,
331569,Marcus Thomsen,,,,,,,Male,,,,,,,,,,,,,,,,
331572,Henriette Jaeger,,,,,,,Female,,,,,,,,,,,,,,,,
331573,Nordstad Moen,,,,,,,Male,,,,,,,,,,,,,,,,
331574,Markus Rooth,,,,,,,Male,,,,,,,,,,,,,,,,
331575,Onsrud Retzius,,,,,,,Female,,,,,,,,,,,,,,,,
331577,Kbrom Mezngi,,,,,,,Male,,,,,,,,,,,,,,,,
331578,Bentdal Ingvaldsen,,,,,,,Male,,,,,,,,,,,,,,,,
331579,Bjerkeli Grovdal,,,,,,,Female,,,,,,,,,,,,,,,,
331580,Haugen Lillefosse,,,,,,,Male,,,,,,,,,,,,,,,,
331581,Thomas Mardal,,,,,,,Male,,,,,,,,,,,,,,,,
331582,Sander Skotheim,,,,,,,Male,,,,,,,,,,,,,,,,
331583,Berntsen Mol,,,,,,,Male,,,,,,,,,,,,,,,,
331584,Sandlie Soerum,,,,,,,Male,,,,,,,,,,,,,,,,
331585,Sunniva Hofstad,,,,,,,Female,,,,,,,,,,,,,,,,
331586,Omar Shiha,,,,,,,Male,,,,,,,,,,,,,,,,
331587,Strand Amundsen,,,,,,,Female,,,,,,,,,,,,,,,,
331588,Margrete Sletsjoee,,,,,,,Female,,,,,,,,,,,,,,,,
331589,Maria Virik,,,,,,,Female,,,,,,,,,,,,,,,,
331590,Hedda Oritsland,,,,,,,Female,,,,,,,,,,,,,,,,
331591,Knut Roehme,,,,,,,Male,,,,,,,,,,,,,,,,
331592,Soeren Waerenskjold,,,,,,,Male,,,,,,,,,,,,,,,,
331593,Berg Edseth,,,,,,,Female,,,,,,,,,,,,,,,,
331594,Ingvild Gaskjenn,,,,,,,Female,,,,,,,,,,,,,,,,
331595,Helle Tuxen,,,,,,,Female,,,,,,,,,,,,,,,,
331596,Isabel Freese,,,,,,,Female,,,,,,,,,,,,,,,,
331597,Victoria Gulliksen,,,,,,,Female,,,,,,,,,,,,,,,,
331598,Madelene Stavnar,,,,,,,Female,,,,,,,,,,,,,,,,
331599,Celine Borge,,,,,,,Female,,,,,,,,,,,,,,,,
331600,Viktor Hovland,,,,,,,Male,,,,,,,,,,,,,,,,
331601,Kristian Bjoernsen,,,,,,,Male,,,,,,,,,,,,,,,,
331602,Hein Barthold,,,,,,,Male,,,,,,,,,,,,,,,,
331603,Ulstad Lyse,,,,,,,Male,,,,,,,,,,,,,,,,
331604,Sittru Bergerud,,,,,,,Male,,,,,,,,,,,,,,,,
331605,Petter Oeverby,,,,,,,Male,,,,,,,,,,,,,,,,
331606,Schjoelberg Groendahl,,,,,,,Male,,,,,,,,,,,,,,,,
331607,Skinstad Saeveraas,,,,,,,Male,,,,,,,,,,,,,,,,
331608,Eck Aga,,,,,,,Male,,,,,,,,,,,,,,,,
331609,Christoffersen Blonz,,,,,,,Male,,,,,,,,,,,,,,,,
331610,Ask Setterblom,,,,,,,Male,,,,,,,,,,,,,,,,
331611,Nora Moerk,,,,,,,Female,,,,,,,,,,,,,,,,
331613,Thale Rushfeldt,,,,,,,Female,,,,,,,,,,,,,,,,
331615,Vilde Ingstad,,,,,,,Female,,,,,,,,,,,,,,,,
331616,Marie Davidsen,,,,,,,Female,,,,,,,,,,,,,,,,
331617,Marit Jacobsen,,,,,,,Female,,,,,,,,,,,,,,,,
331618,Katrine Lunde,,,,,,,Female,,,,,,,,,,,,,,,,
331619,Ingvild Bakkerud,,,,,,,Female,,,,,,,,,,,,,,,,
331622,Bredal Oftedal,,,,,,,Female,,,,,,,,,,,,,,,,
331623,Kari Brattset,,,,,,,Female,,,,,,,,,,,,,,,,
331624,Maren Aardahl,,,,,,,Female,,,,,,,,,,,,,,,,
331625,Thea Helseth,,,,,,,Female,,,,,,,,,,,,,,,,
331626,Stabe Helvig,,,,,,,Male,,,,,,,,,,,,,,,,
331628,Slettemark Juel,,,,,,,Male,,,,,,,,,,,,,,,,
331629,Seim Kavlie,,,,,,,Female,,,,,,,,,,,,,,,,
331630,Andre Solbakken,,,,,,,Male,,,,,,,,,,,,,,,,
331631,Martin Benske,,,,,,,Male,,,,,,,,,,,,,,,,
331633,Jarl Tjoem,,,,,,,Male,,,,,,,,,,,,,,,,
331634,March Maharani,,,,,,,Female,,,,,,,,,,,,,,,,
331635,Mina Mobekk,,,,,,,Female,,,,,,,,,,,,,,,,
331636,Marie Roenningen,,,,,,,Female,,,,,,,,,,,,,,,,
331637,Flem Hoest,,,,,,,Female,,,,,,,,,,,,,,,,
331638,Helene Naess,,,,,,,Female,,,,,,,,,,,,,,,,
331639,Nicholas Lia,,,,,,,Male,,,,,,,,,,,,,,,,
331640,Jon Joentvedt,,,,,,,Male,,,,,,,,,,,,,,,,
331642,Casper Ruud,,,,,,,Male,,,,,,,,,,,,,,,,
331643,Solveig Lovseth,,,,,,,Female,,,,,,,,,,,,,,,,
331644,Bergsvik Thorn,,,,,,,Male,,,,,,,,,,,,,,,,
331645,Amena Koanda,,,,,,,Female,,,,,,,,,,,,,,,,
331646,Jacob Bullen,,,,,,,Female,,,,,,,,,,,,,,,,
331647,Munarbek Seiitbek,,,,,,,Male,,,,,,,,,,,,,,,,
331648,Faiqa Riaz,,,,,,,Female,,,,,,,,,,,,,,,,
331652,Anezka Paloudova,,,,,,,Female,,,,,,,,,,,,,,,,
331653,Jakub Spicar,,,,,,,Male,,,,,,,,,,,,,,,,
331654,Sanayek Kapirante,,,,,,,Male,,,,,,,,,,,,,,,,
331655,Zofia Burska,,,,,,,Female,,,,,,,,,,,,,,,,
331656,Katerina Svikova,,,,,,,Female,,,,,,,,,,,,,,,,
331657,Sara Tkadlecova,,,,,,,Female,,,,,,,,,,,,,,,,
331658,Stefan Lehfellner,,,,,,,Male,,,,,,,,,,,,,,,,
331661,Max Kuehner,,,,,,,Male,,,,,,,,,,,,,,,,
331662,Christoph Obernauer,,,,,,,Male,,,,,,,,,,,,,,,,
331663,Gerfried Puck,,,,,,,Male,,,,,,,,,,,,,,,,
331664,Katharina Rhomberg,,,,,,,Female,,,,,,,,,,,,,,,,
331666,Uttru Ludwig,,,,,,,Female,,,,,,,,,,,,,,,,
331667,Aagaard Hansen,,,,,,,Male,,,,,,,,,,,,,,,,
331668,Norman Leth,,,,,,,Male,,,,,,,,,,,,,,,,
331669,Norman Leth,,,,,,,Female,,,,,,,,,,,,,,,,
331670,Norsgaard Bjerg,,,,,,,Female,,,,,,,,,,,,,,,,
331673,Makan Traore,,,,,,,Male,,,,,,,,,,,,,,,,
331674,Wassila Lkhadiri,,,,,,,Female,,,,,,,,,,,,,,,,
331675,Amina Zidani,,,,,,,Female,,,,,,,,,,,,,,,,
331677,Davina Michel,,,,,,,Female,,,,,,,,,,,,,,,,
331678,Djamili-dini Aboudou,,,,,,,Male,,,,,,,,,,,,,,,,
331679,Michael Moerkoev,,,,,,,Male,,,,,,,,,,,,,,,,
331680,Carl-frederik Bevort,,,,,,,Male,,,,,,,,,,,,,,,,
331681,Hjollund Klinge,,,,,,,Female,,,,,,,,,,,,,,,,
331682,Mattias Skjelmose,,,,,,,Male,,,,,,,,,,,,,,,,
331683,Norsgaard Bjerg,,,,,,,Male,,,,,,,,,,,,,,,,
331684,Rebecca Koerner,,,,,,,Female,,,,,,,,,,,,,,,,
331685,Mads Pedersen,,,,,,,Male,,,,,,,,,,,,,,,,
331687,Lund Pedersen,,,,,,,Male,,,,,,,,,,,,,,,,
331689,Heby Pedersen,,,,,,,Female,,,,,,,,,,,,,,,,
331690,Anders Lind,,,,,,,Male,,,,,,,,,,,,,,,,
331691,Buch Andersen,,,,,,,Male,,,,,,,,,,,,,,,,
331693,Ksawery Masiuk,,,,,,,Male,,,,,,,,,,,,,,,,
331694,Jan Kalusowski,,,,,,,Male,,,,,,,,,,,,,,,,
331695,Julia Maik,,,,,,,Female,,,,,,,,,,,,,,,,
331696,Robert Lukaszewicz,,,,,,,Male,,,,,,,,,,,,,,,,
331697,Adrian Jaskiewicz,,,,,,,Male,,,,,,,,,,,,,,,,
331698,Nikolai Terteryan,,,,,,,Male,,,,,,,,,,,,,,,,
331699,Piotr Wozniak,,,,,,,Male,,,,,,,,,,,,,,,,
331700,Adela Piskorska,,,,,,,Female,,,,,,,,,,,,,,,,
331703,Viktor Solmunde,,,,,,,Male,,,,,,,,,,,,,,,,
331704,Zuzanna Famulok,,,,,,,Female,,,,,,,,,,,,,,,,
331705,Piotr Ludwiczak,,,,,,,Male,,,,,,,,,,,,,,,,
331706,Dominik Dudys,,,,,,,Male,,,,,,,,,,,,,,,,
331707,Bartosz Piszczorowicz,,,,,,,Male,,,,,,,,,,,,,,,,
331709,Kornelia Fiedkiewicz,,,,,,,Female,,,,,,,,,,,,,,,,
331710,Dominika Sztandera,,,,,,,Female,,,,,,,,,,,,,,,,
331711,Mateusz Chowaniec,,,,,,,Male,,,,,,,,,,,,,,,,
331712,Ali Bisultanov,,,,,,,Male,,,,,,,,,,,,,,,,
331713,Daniela Alvarez,,,,,,,Female,,,,,,,,,,,,,,,,
331714,Tania Moreno,,,,,,,Female,,,,,,,,,,,,,,,,
331715,Paula Soria,,,,,,,Female,,,,,,,,,,,,,,,,
331716,Pascal Barraque,,,,,,,Male,,,,,,,,,,,,,,,,
331717,Antoine Dupont,,,,,,,Male,,,,,,,,,,,,,,,,
331718,Nelson Epee,,,,,,,Male,,,,,,,,,,,,,,,,
331719,Theo Forner,,,,,,,Male,,,,,,,,,,,,,,,,
331720,Aaron Grandidier,,,,,,,Male,,,,,,,,,,,,,,,,
331721,Jefferson-lee Joseph,,,,,,,Male,,,,,,,,,,,,,,,,
331723,Varian Pasquet,,,,,,,Male,,,,,,,,,,,,,,,,
331724,Rayan Rebbadj,,,,,,,Male,,,,,,,,,,,,,,,,
331725,Paulin Riva,,,,,,,Male,,,,,,,,,,,,,,,,
331726,Jordan Sepho,,,,,,,Male,,,,,,,,,,,,,,,,
331727,Andy Timo,,,,,,,Male,,,,,,,,,,,,,,,,
331728,Antoine Zeghdar,,,,,,,Male,,,,,,,,,,,,,,,,
331729,Clementine Mukandanga,,,,,,,Female,,,,,,,,,,,,,,,,
331730,Mahamedkhabib Kadzimahamedau,,,,,,,Male,,,,,,,,,,,,,,,,
331731,Rodrigo Conde,,,,,,,Male,,,,,,,,,,,,,,,,
331732,Esther Briz,,,,,,,Female,,,,,,,,,,,,,,,,
331733,Dennis Carracedo,,,,,,,Male,,,,,,,,,,,,,,,,
331734,Aleix Garcia,,,,,,,Male,,,,,,,,,,,,,,,,
331736,Xose Horta,,,,,,,Male,,,,,,,,,,,,,,,,
331739,Lena Grandveau,,,,,,,Female,,,,,,,,,,,,,,,,
331740,Lucie Granier,,,,,,,Female,,,,,,,,,,,,,,,,
331741,Orlane Kanor,,,,,,,Female,,,,,,,,,,,,,,,,
331742,Estelle Nze,,,,,,,Female,,,,,,,,,,,,,,,,
331743,Onacia Ondono,,,,,,,Female,,,,,,,,,,,,,,,,
331744,Hatadou Sako,,,,,,,Female,,,,,,,,,,,,,,,,
331745,Alicia Toublanc,,,,,,,Female,,,,,,,,,,,,,,,,
331747,Palma Cargo,,,,,,,Female,,,,,,,,,,,,,,,,
331748,Mustafa Bashir,,,,,,,Male,,,,,,,,,,,,,,,,
331750,Abdulla Azimov,,,,,,,Male,,,,,,,,,,,,,,,,
331751,Khabibullo Ergashev,,,,,,,Male,,,,,,,,,,,,,,,,
331752,Ludvig Aberg,,,,,,,Male,,,,,,,,,,,,,,,,
331753,Linn Grant,,,,,,,Female,,,,,,,,,,,,,,,,
331754,Dann Dany,,,,,,,Male,,,,,,,,,,,,,,,,
331755,LAGAET,,,,,,,Male,,,,,,,,,,,,,,,,
331756,SYSSY,,,,,,,Female,,,,,,,,,,,,,,,,
331757,CARLOTA,,,,,,,Female,,,,,,,,,,,,,,,,
331758,Maja Stark,,,,,,,Female,,,,,,,,,,,,,,,,
331759,Nana Taboulet,,,,,,,Female,,,,,,,,,,,,,,,,
331760,Emilie Alexandre,,,,,,,Female,,,,,,,,,,,,,,,,
331761,Lucie Schoonheere,,,,,,,Female,,,,,,,,,,,,,,,,
331762,Joseph Garbaccio,,,,,,,Male,,,,,,,,,,,,,,,,
331763,Kevin Wekesa,,,,,,,Male,,,,,,,,,,,,,,,,
331764,Samuel Asati,,,,,,,Male,,,,,,,,,,,,,,,,
331765,Antony Mboya,,,,,,,Male,,,,,,,,,,,,,,,,
331766,Brian Tanga,,,,,,,Male,,,,,,,,,,,,,,,,
331767,Ambetsa Kokoyo,,,,,,,Male,,,,,,,,,,,,,,,,
331768,Odongo Okong'o,,,,,,,Male,,,,,,,,,,,,,,,,
331769,John Okeyo,,,,,,,Male,,,,,,,,,,,,,,,,
331770,Ooro Angeyo,,,,,,,Male,,,,,,,,,,,,,,,,
331771,Pettersan Amaitsa,,,,,,,Male,,,,,,,,,,,,,,,,
331772,Chrisant Ojwang,,,,,,,Male,,,,,,,,,,,,,,,,
331773,Denis Abukuse,,,,,,,Male,,,,,,,,,,,,,,,,
331775,Maria Brunlehner,,,,,,,Female,,,,,,,,,,,,,,,,
331776,Bwana Mohamed,,,,,,,Male,,,,,,,,,,,,,,,,
331779,Titouan Castryck,,,,,,,Male,,,,,,,,,,,,,,,,
331780,Eugenie Dorange,,,,,,,Female,,,,,,,,,,,,,,,,
331781,Nicolas Gestin,,,,,,,Male,,,,,,,,,,,,,,,,
331783,Angele Hug,,,,,,,Female,,,,,,,,,,,,,,,,
331784,Loic Leonard,,,,,,,Male,,,,,,,,,,,,,,,,
331786,Camille Prigent,,,,,,,Female,,,,,,,,,,,,,,,,
331787,Axelle Renard,,,,,,,Female,,,,,,,,,,,,,,,,
331788,Takhmina Ikromova,,,,,,,Female,,,,,,,,,,,,,,,,
331789,Manuela Paulo,,,,,,,Female,,,,,,,,,,,,,,,,
331790,Amaliya Mamedova,,,,,,,Female,,,,,,,,,,,,,,,,
331791,Irodakhon Sadykova,,,,,,,Female,,,,,,,,,,,,,,,,
331792,Shakhzoda Ibragimova,,,,,,,Female,,,,,,,,,,,,,,,,
331793,Evelina Atalyants,,,,,,,Female,,,,,,,,,,,,,,,,
331795,Mumtozabonu Iskhokzoda,,,,,,,Female,,,,,,,,,,,,,,,,
331797,Sara Doorsoun,,,,,,,Female,,,,,,,,,,,,,,,,
331798,Kathrin Hendrich,,,,,,,Female,,,,,,,,,,,,,,,,
331799,Felicitas Rauch,,,,,,,Female,,,,,,,,,,,,,,,,
331800,Lea Schueller,,,,,,,Female,,,,,,,,,,,,,,,,
331801,Laura Freigang,,,,,,,Female,,,,,,,,,,,,,,,,
331802,Janina Minge,,,,,,,Female,,,,,,,,,,,,,,,,
331803,Giulia Gwinn,,,,,,,Female,,,,,,,,,,,,,,,,
331804,Sarai Linder,,,,,,,Female,,,,,,,,,,,,,,,,
331805,Nicole Anyomi,,,,,,,Female,,,,,,,,,,,,,,,,
331806,Sydney Lohmann,,,,,,,Female,,,,,,,,,,,,,,,,
331807,Klara Buehl,,,,,,,Female,,,,,,,,,,,,,,,,
331808,Sjoeke Nuesken,,,,,,,Female,,,,,,,,,,,,,,,,
331809,Merle Frohms,,,,,,,Female,,,,,,,,,,,,,,,,
331810,Jule Brand,,,,,,,Female,,,,,,,,,,,,,,,,
331811,Marina Hegering,,,,,,,Female,,,,,,,,,,,,,,,,
331812,Ann-katrin Berger,,,,,,,Female,,,,,,,,,,,,,,,,
331813,Bibiane Schulze,,,,,,,Female,,,,,,,,,,,,,,,,
331814,Elisa Senss,,,,,,,Female,,,,,,,,,,,,,,,,
331815,Vivien Endemann,,,,,,,Female,,,,,,,,,,,,,,,,
331817,Alondra Rivera,,,,,,,Female,,,,,,,,,,,,,,,,
331818,Oscar Ticas,,,,,,,Male,,,,,,,,,,,,,,,,
331819,David Young,,,,,,,Male,,,,,,,,,,,,,,,,
331820,Hao-ching Chan,,,,,,,Female,,,,,,,,,,,,,,,,
331821,Latisha Chan,,,,,,,Female,,,,,,,,,,,,,,,,
331822,Su-wei Hsieh,,,,,,,Female,,,,,,,,,,,,,,,,
331823,del Maylin,,,,,,,Female,,,,,,,,,,,,,,,,
331824,Raina Taitingfong,,,,,,,Female,,,,,,,,,,,,,,,,
331825,Felipe Silva,,,,,,,Male,,,,,,,,,,,,,,,,
331826,Thomas Mlugu,,,,,,,Male,,,,,,,,,,,,,,,,
331827,Ulugbek Rashitov,,,,,,,Male,,,,,,,,,,,,,,,,
331828,Jasurbek Jaysunov,,,,,,,Male,,,,,,,,,,,,,,,,
331829,Kuan-hung Wang,,,,,,,Male,,,,,,,,,,,,,,,,
331830,Enkhtamir Batbayar,,,,,,,Male,,,,,,,,,,,,,,,,
331832,Ozoda Sobirjonova,,,,,,,Female,,,,,,,,,,,,,,,,
331833,Muralitharan Thinaah,,,,,,,Female,,,,,,,,,,,,,,,,
331834,Wei Toh,,,,,,,Female,,,,,,,,,,,,,,,,
331835,Mohd Al,,,,,,,Male,,,,,,,,,,,,,,,,
331836,Ahmed Al,,,,,,,Male,,,,,,,,,,,,,,,,
331837,Elif Sahin,,,,,,,Female,,,,,,,,,,,,,,,,
331838,Izzati Mohd,,,,,,,Female,,,,,,,,,,,,,,,,
331839,Misaki Uchida,,,,,,,Female,,,,,,,,,,,,,,,,
331840,Taishu Sato,,,,,,,Male,,,,,,,,,,,,,,,,
331841,Gizem Orge,,,,,,,Female,,,,,,,,,,,,,,,,
331842,Kuzey Tuncelli,,,,,,,Male,,,,,,,,,,,,,,,,
331843,Wen Huang,,,,,,,Female,,,,,,,,,,,,,,,,
331844,Batur Albayrak,,,,,,,Male,,,,,,,,,,,,,,,,
331845,Ting Lin,,,,,,,Female,,,,,,,,,,,,,,,,
331846,Yi Wu,,,,,,,Female,,,,,,,,,,,,,,,,
331848,Chin Chen,,,,,,,Female,,,,,,,,,,,,,,,,
331849,Wei Kan,,,,,,,Male,,,,,,,,,,,,,,,,
331850,En Lai,,,,,,,Male,,,,,,,,,,,,,,,,
331851,Zalina Marghieva,,,,,,,Female,,,,,,,,,,,,,,,,
331852,Valentin Petic,,,,,,,Male,,,,,,,,,,,,,,,,
331853,Beyza Arici,,,,,,,Female,,,,,,,,,,,,,,,,
331854,Asli Kalac,,,,,,,Female,,,,,,,,,,,,,,,,
331855,Mayar Sherif,,,,,,,Female,,,,,,,,,,,,,,,,
331856,Radu Lefter,,,,,,,Male,,,,,,,,,,,,,,,,
331857,Madis Mihkels,,,,,,,Male,,,,,,,,,,,,,,,,
331858,Tatiana Salcutan,,,,,,,Female,,,,,,,,,,,,,,,,
331859,Pavel Alovatki,,,,,,,Male,,,,,,,,,,,,,,,,
331860,Iman Kouraogo,,,,,,,Female,,,,,,,,,,,,,,,,
331861,Amina Elfeky,,,,,,,Female,,,,,,,,,,,,,,,,
331862,Ibrahim Maiga,,,,,,,Male,,,,,,,,,,,,,,,,
331863,Hikaru Kitagawa,,,,,,,Female,,,,,,,,,,,,,,,,
331864,Toko Koga,,,,,,,Female,,,,,,,,,,,,,,,,
331865,Momoko Tanikawa,,,,,,,Female,,,,,,,,,,,,,,,,
331866,Rion Ishikawa,,,,,,,Female,,,,,,,,,,,,,,,,
331867,Shu Ohba,,,,,,,Female,,,,,,,,,,,,,,,,
331868,Miyabi Moriya,,,,,,,Female,,,,,,,,,,,,,,,,
331869,Remina Chiba,,,,,,,Female,,,,,,,,,,,,,,,,
331870,Kiko Seike,,,,,,,Female,,,,,,,,,,,,,,,,
331871,Aoba Fujino,,,,,,,Female,,,,,,,,,,,,,,,,
331872,Riko Ueki,,,,,,,Female,,,,,,,,,,,,,,,,
331873,Maika Hamano,,,,,,,Female,,,,,,,,,,,,,,,,
331874,Hinata Miyazawa,,,,,,,Female,,,,,,,,,,,,,,,,
331875,Fuka Nagano,,,,,,,Female,,,,,,,,,,,,,,,,
331876,Hana Takahashi,,,,,,,Female,,,,,,,,,,,,,,,,
331880,Yi-tung Chen,,,,,,,Male,,,,,,,,,,,,,,,,
331881,Rika Ogawa,,,,,,,Female,,,,,,,,,,,,,,,,
331882,Miyu Hasegawa,,,,,,,Female,,,,,,,,,,,,,,,,
331883,Shiho Kobayakawa,,,,,,,Female,,,,,,,,,,,,,,,,
331884,Kana Urata,,,,,,,Female,,,,,,,,,,,,,,,,
331885,Eika Nakamura,,,,,,,Female,,,,,,,,,,,,,,,,
331886,Saki Tanaka,,,,,,,Female,,,,,,,,,,,,,,,,
331887,Amiru Shimada,,,,,,,Female,,,,,,,,,,,,,,,,
331888,Miyu Suzuki,,,,,,,Female,,,,,,,,,,,,,,,,
331889,Kanon Mori,,,,,,,Female,,,,,,,,,,,,,,,,
331890,Miki Kozuka,,,,,,,Female,,,,,,,,,,,,,,,,
331891,Yu Asai,,,,,,,Female,,,,,,,,,,,,,,,,
331894,Farida Abdelbary,,,,,,,Female,,,,,,,,,,,,,,,,
331895,Romain Aufrere,,,,,,,Male,,,,,,,,,,,,,,,,
331897,Florian Fouquet,,,,,,,Male,,,,,,,,,,,,,,,,
331898,Judith Gomez,,,,,,,Female,,,,,,,,,,,,,,,,
331899,Sebastien Guerrero,,,,,,,Male,,,,,,,,,,,,,,,,
331900,Manon Herbulot,,,,,,,Female,,,,,,,,,,,,,,,,
331901,Camille Jedrzejewski,,,,,,,Female,,,,,,,,,,,,,,,,
331902,Denis Kryzs,,,,,,,Male,,,,,,,,,,,,,,,,
331905,Dimitriana Bezede,,,,,,,Female,,,,,,,,,,,,,,,,
331906,Martin Dolenc,,,,,,,Male,,,,,,,,,,,,,,,,
331907,Mindaugas Maldonis,,,,,,,Male,,,,,,,,,,,,,,,,
331908,Teresa Vargas,,,,,,,Female,,,,,,,,,,,,,,,,
331909,Andrej Olijnik,,,,,,,Male,,,,,,,,,,,,,,,,
331911,Arturas Seja,,,,,,,Male,,,,,,,,,,,,,,,,
331913,Meliha Diken,,,,,,,Female,,,,,,,,,,,,,,,,
331914,Simonas Maldonis,,,,,,,Male,,,,,,,,,,,,,,,,
331915,Hana Hiekal,,,,,,,Female,,,,,,,,,,,,,,,,
331916,Ilkin Aydin,,,,,,,Female,,,,,,,,,,,,,,,,
331917,Otgonbold Baatarkhuyag,,,,,,,Male,,,,,,,,,,,,,,,,
331918,Fatoumata Sylla,,,,,,,Female,,,,,,,,,,,,,,,,
331919,Derya Cebecioglu,,,,,,,Female,,,,,,,,,,,,,,,,
331920,Malak Toson,,,,,,,Female,,,,,,,,,,,,,,,,
331921,Ecem Donmez,,,,,,,Female,,,,,,,,,,,,,,,,
331923,Quewin Nortje,,,,,,,Male,,,,,,,,,,,,,,,,
331924,Mariam Ahmed,,,,,,,Female,,,,,,,,,,,,,,,,
331925,Mindaugas Venckaitis,,,,,,,Male,,,,,,,,,,,,,,,,
331926,Naz Ozdemir,,,,,,,Female,,,,,,,,,,,,,,,,
331927,Youssof Tolba,,,,,,,Male,,,,,,,,,,,,,,,,
331929,Nadine Barsoum,,,,,,,Female,,,,,,,,,,,,,,,,
331930,Gizem Guvenc,,,,,,,Female,,,,,,,,,,,,,,,,
331932,Mia Blichfeldt,,,,,,,Female,,,,,,,,,,,,,,,,
331933,Skaaru Rasmussen,,,,,,,Male,,,,,,,,,,,,,,,,
331936,Alexandra Boeje,,,,,,,Female,,,,,,,,,,,,,,,,
331937,Zehra Bilgin,,,,,,,Female,,,,,,,,,,,,,,,,
331938,Nihal Saafan,,,,,,,Female,,,,,,,,,,,,,,,,
331939,Nicolai Hojgaard,,,,,,,Male,,,,,,,,,,,,,,,,
331940,K Pedersen,,,,,,,Female,,,,,,,,,,,,,,,,
331941,Nanna Koerstz,,,,,,,Female,,,,,,,,,,,,,,,,
331942,Scurrah Grundsoee,,,,,,,Female,,,,,,,,,,,,,,,,
331944,Maeng Ibsen,,,,,,,Female,,,,,,,,,,,,,,,,
331945,Salma Marei,,,,,,,Female,,,,,,,,,,,,,,,,
331946,Sondos Mohamed,,,,,,,Female,,,,,,,,,,,,,,,,
331947,Mamadou Tounkara,,,,,,,Male,,,,,,,,,,,,,,,,
331949,Nedberge Llano,,,,,,,Female,,,,,,,,,,,,,,,,
331951,Gilje Nordas,,,,,,,Male,,,,,,,,,,,,,,,,
331952,Malak Tawfik,,,,,,,Female,,,,,,,,,,,,,,,,
331953,Jana Ali,,,,,,,Female,,,,,,,,,,,,,,,,
331954,Mohamed Farouk,,,,,,,Male,,,,,,,,,,,,,,,,
331955,Moussa Diakite,,,,,,,Male,,,,,,,,,,,,,,,,
331956,Kristoffer Ventura,,,,,,,Male,,,,,,,,,,,,,,,,
331957,Alexis Lebrun,,,,,,,Male,,,,,,,,,,,,,,,,
331958,Felix Lebrun,,,,,,,Male,,,,,,,,,,,,,,,,
331960,Nan Yuan,,,,,,,Female,,,,,,,,,,,,,,,,
331961,Charlotte Lutz,,,,,,,Female,,,,,,,,,,,,,,,,
331962,Ramez Sobhy,,,,,,,Male,,,,,,,,,,,,,,,,
331963,Anne Sauer,,,,,,,Female,,,,,,,,,,,,,,,,
331965,Oumar Coulibaly,,,,,,,Male,,,,,,,,,,,,,,,,
331966,Arthur Fils,,,,,,,Male,,,,,,,,,,,,,,,,
331967,Corentin Moutet,,,,,,,Male,,,,,,,,,,,,,,,,
331968,Edouard Roger-vasselin,,,,,,,Male,,,,,,,,,,,,,,,,
331970,Varvara Gracheva,,,,,,,Female,,,,,,,,,,,,,,,,
331971,Clara Burel,,,,,,,Female,,,,,,,,,,,,,,,,
331972,Diane Parry,,,,,,,Female,,,,,,,,,,,,,,,,
331973,Maximilian Doernbach,,,,,,,Male,,,,,,,,,,,,,,,,
331974,Nik Schroeter,,,,,,,Male,,,,,,,,,,,,,,,,
331975,Stefan Boetticher,,,,,,,Male,,,,,,,,,,,,,,,,
331976,Pauline Grabosch,,,,,,,Female,,,,,,,,,,,,,,,,
331977,Lea Friedrich,,,,,,,Female,,,,,,,,,,,,,,,,
331978,Alessa Proepster,,,,,,,Female,,,,,,,,,,,,,,,,
331981,Phili Schaub,,,,,,,Male,,,,,,,,,,,,,,,,
331982,Julian Schmidt,,,,,,,Male,,,,,,,,,,,,,,,,
331983,Luca Schwarzbauer,,,,,,,Male,,,,,,,,,,,,,,,,
331984,Franziska Koch,,,,,,,Female,,,,,,,,,,,,,,,,
331985,Mieke Kroeger,,,,,,,Female,,,,,,,,,,,,,,,,
331986,Laura Suessemilch,,,,,,,Female,,,,,,,,,,,,,,,,
331987,Lena Reissner,,,,,,,Female,,,,,,,,,,,,,,,,
331988,Tobias Buck-gramcko,,,,,,,Male,,,,,,,,,,,,,,,,
331989,Nina Benz,,,,,,,Female,,,,,,,,,,,,,,,,
331990,Torn Teutenberg,,,,,,,Male,,,,,,,,,,,,,,,,
331991,Nils Politt,,,,,,,Male,,,,,,,,,,,,,,,,
331992,Lea Mueller,,,,,,,Female,,,,,,,,,,,,,,,,
331993,Luca Spiegel,,,,,,,Male,,,,,,,,,,,,,,,,
331994,Julian Schelb,,,,,,,Male,,,,,,,,,,,,,,,,
331995,Alina Beck,,,,,,,Female,,,,,,,,,,,,,,,,
331996,Regula Runge,,,,,,,Female,,,,,,,,,,,,,,,,
331997,Junelle Bromfield,,,,,,,Female,,,,,,,,,,,,,,,,
331998,Tia Clayton,,,,,,,Female,,,,,,,,,,,,,,,,
331999,Thiemoko Diarra,,,,,,,Male,,,,,,,,,,,,,,,,
332003,von Maria,,,,,,,Female,,,,,,,,,,,,,,,,
332004,Lamara Distin,,,,,,,Female,,,,,,,,,,,,,,,,
332005,Samantha Hall,,,,,,,Female,,,,,,,,,,,,,,,,
332006,Andrenette Knight,,,,,,,Female,,,,,,,,,,,,,,,,
332007,Ackera Nugent,,,,,,,Female,,,,,,,,,,,,,,,,
332008,Nickisha Pryce,,,,,,,Female,,,,,,,,,,,,,,,,
332009,Alana Reid,,,,,,,Female,,,,,,,,,,,,,,,,
332010,Emi Hirouchi,,,,,,,Female,,,,,,,,,,,,,,,,
332011,Naoki Furuta,,,,,,,Male,,,,,,,,,,,,,,,,
332012,Masayuki Miyaura,,,,,,,Male,,,,,,,,,,,,,,,,
332014,Sarah Tetzlaff,,,,,,,Female,,,,,,,,,,,,,,,,
332015,Julian David,,,,,,,Male,,,,,,,,,,,,,,,,
332016,Fumiya Saito,,,,,,,Male,,,,,,,,,,,,,,,,
332017,Satsuki Noda,,,,,,,Female,,,,,,,,,,,,,,,,
332018,Junya Nakanishi,,,,,,,Male,,,,,,,,,,,,,,,,
332022,Seungjun Kim,,,,,,,Male,,,,,,,,,,,,,,,,
332023,Hanbit Lee,,,,,,,Female,,,,,,,,,,,,,,,,
332024,Seungchan Lee,,,,,,,Male,,,,,,,,,,,,,,,,
332025,Zongying Guo,,,,,,,Female,,,,,,,,,,,,,,,,
332026,Yeqing Zhu,,,,,,,Female,,,,,,,,,,,,,,,,
332027,Qi Cai,,,,,,,Female,,,,,,,,,,,,,,,,
332028,Jing Tang,,,,,,,Female,,,,,,,,,,,,,,,,
332029,Zhenzhao Ma,,,,,,,Female,,,,,,,,,,,,,,,,
332030,Shiyan Xu,,,,,,,Female,,,,,,,,,,,,,,,,
332031,Rira Suzuki,,,,,,,Female,,,,,,,,,,,,,,,,
332032,Eishiro Murakami,,,,,,,Male,,,,,,,,,,,,,,,,
332034,Leonie Cysique,,,,,,,Female,,,,,,,,,,,,,,,,
332036,Eve Gahie,,,,,,,Female,,,,,,,,,,,,,,,,
332040,Joan-benjamin Gaba,,,,,,,Male,,,,,,,,,,,,,,,,
332041,Oumar Djalo,,,,,,,Male,,,,,,,,,,,,,,,,
332042,Maxime-gael Ngayap,,,,,,,Male,,,,,,,,,,,,,,,,
332043,Aurelien Diesse,,,,,,,Male,,,,,,,,,,,,,,,,
332045,Lojine Abdalla,,,,,,,Female,,,,,,,,,,,,,,,,
332046,Marwan Elkamash,,,,,,,Male,,,,,,,,,,,,,,,,
332047,Young An,,,,,,,Female,,,,,,,,,,,,,,,,
332048,Na Baek,,,,,,,Female,,,,,,,,,,,,,,,,
332049,Jung Chae,,,,,,,Female,,,,,,,,,,,,,,,,
332050,Jin Jeon,,,,,,,Male,,,,,,,,,,,,,,,,
332051,Eun Jeong,,,,,,,Female,,,,,,,,,,,,,,,,
332052,Hyuk Kang,,,,,,,Male,,,,,,,,,,,,,,,,
332053,Eun Kim,,,,,,,Female,,,,,,,,,,,,,,,,
332054,Yeong Kim,,,,,,,Female,,,,,,,,,,,,,,,,
332055,Ho Kim,,,,,,,Male,,,,,,,,,,,,,,,,
332056,Yong Kong,,,,,,,Female,,,,,,,,,,,,,,,,
332057,Hee Lee,,,,,,,Female,,,,,,,,,,,,,,,,
332058,Jae Seo,,,,,,,Male,,,,,,,,,,,,,,,,
332059,Malin Asai,,,,,,,Female,,,,,,,,,,,,,,,,
332060,Sofia Sjoborg,,,,,,,Female,,,,,,,,,,,,,,,,
332062,von Henrik,,,,,,,Male,,,,,,,,,,,,,,,,
332064,Airi Mitsui,,,,,,,Female,,,,,,,,,,,,,,,,
332065,Hidekazu Takehara,,,,,,,Male,,,,,,,,,,,,,,,,
332066,Hiroko Makino,,,,,,,Female,,,,,,,,,,,,,,,,
332067,Genki Terakado,,,,,,,Male,,,,,,,,,,,,,,,,
332068,Hidenari Mano,,,,,,,Male,,,,,,,,,,,,,,,,
332069,Yu Hanaguruma,,,,,,,Male,,,,,,,,,,,,,,,,
332070,Mio Narita,,,,,,,Female,,,,,,,,,,,,,,,,
332080,Airi Ebina,,,,,,,Female,,,,,,,,,,,,,,,,
332082,Takeshi Inoue,,,,,,,Male,,,,,,,,,,,,,,,,
332083,Daichi Ogihara,,,,,,,Male,,,,,,,,,,,,,,,,
332084,Taiyo Watanabe,,,,,,,Male,,,,,,,,,,,,,,,,
332085,Towa Nishimura,,,,,,,Male,,,,,,,,,,,,,,,,
332086,Kiyomu Date,,,,,,,Male,,,,,,,,,,,,,,,,
332087,Ikkei Nitta,,,,,,,Male,,,,,,,,,,,,,,,,
332092,Uta Kobayashi,,,,,,,Female,,,,,,,,,,,,,,,,
332093,Ayano Shimada,,,,,,,Female,,,,,,,,,,,,,,,,
332094,Ami Wada,,,,,,,Female,,,,,,,,,,,,,,,,
332095,Moka Fujii,,,,,,,Female,,,,,,,,,,,,,,,,
332096,Moe Higa,,,,,,,Female,,,,,,,,,,,,,,,,
332097,Tomoka Sato,,,,,,,Female,,,,,,,,,,,,,,,,
332098,Nazem Amine,,,,,,,Male,,,,,,,,,,,,,,,,
332099,Haruka Okazaki,,,,,,,Female,,,,,,,,,,,,,,,,
332100,Yuuki Tanaka,,,,,,,Male,,,,,,,,,,,,,,,,
332103,Jovana Kuljaca,,,,,,,Female,,,,,,,,,,,,,,,,
332104,Blandina Makatisi,,,,,,,Female,,,,,,,,,,,,,,,,
332105,Milos Milenkovic,,,,,,,Male,,,,,,,,,,,,,,,,
332106,Pavlina Flamikova,,,,,,,Female,,,,,,,,,,,,,,,,
332107,Lenka Luksova,,,,,,,Female,,,,,,,,,,,,,,,,
332108,Radka Novotnikova,,,,,,,Female,,,,,,,,,,,,,,,,
332109,Anna Santruckova,,,,,,,Female,,,,,,,,,,,,,,,,
332110,Aeji Im,,,,,,,Female,,,,,,,,,,,,,,,,
332111,Yeonji Oh,,,,,,,Female,,,,,,,,,,,,,,,,
332112,Phili Buhl,,,,,,,Male,,,,,,,,,,,,,,,,
332114,Simon Diesch,,,,,,,Male,,,,,,,,,,,,,,,,
332115,Anna Markfort,,,,,,,Female,,,,,,,,,,,,,,,,
332116,Jakob Meggendorfer,,,,,,,Male,,,,,,,,,,,,,,,,
332117,Andreas Spranger,,,,,,,Male,,,,,,,,,,,,,,,,
332119,Julia Buessellberg,,,,,,,Female,,,,,,,,,,,,,,,,
332120,Marie Steinlein,,,,,,,Female,,,,,,,,,,,,,,,,
332121,Leonie Meyer,,,,,,,Female,,,,,,,,,,,,,,,,
332122,Marla Bergmann,,,,,,,Female,,,,,,,,,,,,,,,,
332123,Hanna Wille,,,,,,,Female,,,,,,,,,,,,,,,,
332124,Jannis Maus,,,,,,,Male,,,,,,,,,,,,,,,,
332125,Sebastian Koerdel,,,,,,,Male,,,,,,,,,,,,,,,,
332126,Sorato Anraku,,,,,,,Male,,,,,,,,,,,,,,,,
332127,Ai Mori,,,,,,,Female,,,,,,,,,,,,,,,,
332128,Aliaksandra Piatrova,,,,,,,Female,,,,,,,,,,,,,,,,
332129,Aly Badawy,,,,,,,Male,,,,,,,,,,,,,,,,
332132,Jakub Dudycha,,,,,,,Male,,,,,,,,,,,,,,,,
332133,Tomas Habarta,,,,,,,Male,,,,,,,,,,,,,,,,
332134,Patrik Hajek,,,,,,,Male,,,,,,,,,,,,,,,,
332135,David Holy,,,,,,,Male,,,,,,,,,,,,,,,,
332137,Nikoleta Jichova,,,,,,,Female,,,,,,,,,,,,,,,,
332138,Gloria Manuel,,,,,,,Female,,,,,,,,,,,,,,,,
332139,Matej Krsek,,,,,,,Male,,,,,,,,,,,,,,,,
332140,Eduard Kubelik,,,,,,,Male,,,,,,,,,,,,,,,,
332141,Ondrej Macik,,,,,,,Male,,,,,,,,,,,,,,,,
332142,Karolina Manasova,,,,,,,Female,,,,,,,,,,,,,,,,
332143,Eliska Martinkova,,,,,,,Female,,,,,,,,,,,,,,,,
332144,Petr Meindlschmid,,,,,,,Male,,,,,,,,,,,,,,,,
332145,Tomas Nemejc,,,,,,,Male,,,,,,,,,,,,,,,,
332146,Tereza Petrzilkova,,,,,,,Female,,,,,,,,,,,,,,,,
332147,Kristiina Sasinek,,,,,,,Female,,,,,,,,,,,,,,,,
332148,Matej Scerba,,,,,,,Male,,,,,,,,,,,,,,,,
332149,Petra Sicakova,,,,,,,Female,,,,,,,,,,,,,,,,
332150,Jan Stefela,,,,,,,Male,,,,,,,,,,,,,,,,
332151,Moira Stewartova,,,,,,,Female,,,,,,,,,,,,,,,,
332152,Amalie Svabikova,,,,,,,Female,,,,,,,,,,,,,,,,
332154,Loris Bianchi,,,,,,,Male,,,,,,,,,,,,,,,,
332155,Alberte Kjaer,,,,,,,Female,,,,,,,,,,,,,,,,
332156,Emil Holm,,,,,,,Male,,,,,,,,,,,,,,,,
332158,Clara Tauson,,,,,,,Female,,,,,,,,,,,,,,,,
332159,Nanna Skodborg,,,,,,,Female,,,,,,,,,,,,,,,,
332160,Daniel Bachmann,,,,,,,Male,,,,,,,,,,,,,,,,
332161,T Flarup,,,,,,,Male,,,,,,,,,,,,,,,,
332162,Cathrine Laudrup-dufour,,,,,,,Female,,,,,,,,,,,,,,,,
332163,Aaboe Sloth,,,,,,,Female,,,,,,,,,,,,,,,,
332165,Holten Poulsen,,,,,,,Male,,,,,,,,,,,,,,,,
332166,Aastrand Jorgensen,,,,,,,Female,,,,,,,,,,,,,,,,
332167,Magnus Sibbersen,,,,,,,Male,,,,,,,,,,,,,,,,
332168,Bro Madsen,,,,,,,Male,,,,,,,,,,,,,,,,
332169,Hauge Matthiesen,,,,,,,Female,,,,,,,,,,,,,,,,
332170,Morten Graversen,,,,,,,Male,,,,,,,,,,,,,,,,
332171,Gairy Aasmul,,,,,,,Male,,,,,,,,,,,,,,,,
332172,Volodymyr Myslyvcuk,,,,,,,Male,,,,,,,,,,,,,,,,
332173,de David,,,,,,,Male,,,,,,,,,,,,,,,,
332174,Astrid Steensberg,,,,,,,Female,,,,,,,,,,,,,,,,
332175,Julie Poulsen,,,,,,,Female,,,,,,,,,,,,,,,,
332176,Clara Hornnaess,,,,,,,Female,,,,,,,,,,,,,,,,
332177,Werner Foldager,,,,,,,Female,,,,,,,,,,,,,,,,
332178,Sofie Vikkelsoee,,,,,,,Female,,,,,,,,,,,,,,,,
332179,Sanggaard Nielsen,,,,,,,Female,,,,,,,,,,,,,,,,
332180,Hauberg Johannesen,,,,,,,Female,,,,,,,,,,,,,,,,
332181,Karen Mortensen,,,,,,,Female,,,,,,,,,,,,,,,,
332183,Sophie Oestergaard,,,,,,,Female,,,,,,,,,,,,,,,,
332184,Nikoline Laidlaw,,,,,,,Female,,,,,,,,,,,,,,,,
332186,Maria Johansen,,,,,,,Female,,,,,,,,,,,,,,,,
332187,Udby Erichsen,,,,,,,Female,,,,,,,,,,,,,,,,
332188,Caroline Munch,,,,,,,Female,,,,,,,,,,,,,,,,
332189,Nanna Vigild,,,,,,,Female,,,,,,,,,,,,,,,,
332190,Alexandra Forsterling,,,,,,,Female,,,,,,,,,,,,,,,,
332191,Esther Henseleit,,,,,,,Female,,,,,,,,,,,,,,,,
332192,Matthias Schmid,,,,,,,Male,,,,,,,,,,,,,,,,
332193,Stephan Jaeger,,,,,,,Male,,,,,,,,,,,,,,,,
332194,Egide Ntakarutimana,,,,,,,Male,,,,,,,,,,,,,,,,
332195,Rodrigue Kwizera,,,,,,,Male,,,,,,,,,,,,,,,,
332197,Gefen Primo,,,,,,,Female,,,,,,,,,,,,,,,,
332198,Timna Nelson,,,,,,,Female,,,,,,,,,,,,,,,,
332199,Maya Goshen,,,,,,,Female,,,,,,,,,,,,,,,,
332200,Sonia Baluzzo,,,,,,,Female,,,,,,,,,,,,,,,,
332201,Yam Wolczak,,,,,,,Male,,,,,,,,,,,,,,,,
332202,Alejandro Colomino,,,,,,,Male,,,,,,,,,,,,,,,,
332204,Pedro Dickson,,,,,,,Male,,,,,,,,,,,,,,,,
332206,Patricia Ferrando,,,,,,,Female,,,,,,,,,,,,,,,,
332207,Sabroe Ebbesen,,,,,,,Female,,,,,,,,,,,,,,,,
332208,Rosendahl Bach,,,,,,,Female,,,,,,,,,,,,,,,,
332209,Ke Jensen,,,,,,,Female,,,,,,,,,,,,,,,,
332210,Martine Damborg,,,,,,,Female,,,,,,,,,,,,,,,,
332211,Schastine Tabor,,,,,,,Female,,,,,,,,,,,,,,,,
332212,Thea Blomsterberg,,,,,,,Female,,,,,,,,,,,,,,,,
332213,Remi Desbonnet,,,,,,,Male,,,,,,,,,,,,,,,,
332214,Hugo Descat,,,,,,,Male,,,,,,,,,,,,,,,,
332219,Karl Konan,,,,,,,Male,,,,,,,,,,,,,,,,
332220,Yanis Lenne,,,,,,,Male,,,,,,,,,,,,,,,,
332221,Aymeric Minne,,,,,,,Male,,,,,,,,,,,,,,,,
332222,Dylan Nahi,,,,,,,Male,,,,,,,,,,,,,,,,
332224,Elohim Prandi,,,,,,,Male,,,,,,,,,,,,,,,,
332225,Ackelia Smith,,,,,,,Female,,,,,,,,,,,,,,,,
332226,Adelle Tracey,,,,,,,Female,,,,,,,,,,,,,,,,
332227,Cyrian Ravet,,,,,,,Male,,,,,,,,,,,,,,,,
332228,Souleyman Alaphilippe,,,,,,,Male,,,,,,,,,,,,,,,,
332229,Fernando Larrazabal,,,,,,,Male,,,,,,,,,,,,,,,,
332230,Reidy Cardona,,,,,,,Male,,,,,,,,,,,,,,,,
332231,Paige Badenhorst,,,,,,,Female,,,,,,,,,,,,,,,,
332233,Souleymane Napare,,,,,,,Male,,,,,,,,,,,,,,,,
332235,van Vicky,,,,,,,Female,,,,,,,,,,,,,,,,
332236,Jamie Riddle,,,,,,,Male,,,,,,,,,,,,,,,,
332237,Noslen Diaz,,,,,,,Male,,,,,,,,,,,,,,,,
332238,Luis Alayo,,,,,,,Male,,,,,,,,,,,,,,,,
332239,Azreena Mohamad,,,,,,,Female,,,,,,,,,,,,,,,,
332240,Dania Mohamad,,,,,,,Female,,,,,,,,,,,,,,,,
332241,Tuahine Ford,,,,,,,Female,,,,,,,,,,,,,,,,
332242,Marcos Rojas,,,,,,,Male,,,,,,,,,,,,,,,,
332243,Lisbet Hernandez,,,,,,,Female,,,,,,,,,,,,,,,,
332245,Hyojin Ban,,,,,,,Female,,,,,,,,,,,,,,,,
332246,Yeongjae Cho,,,,,,,Male,,,,,,,,,,,,,,,,
332247,Daehan Choe,,,,,,,Male,,,,,,,,,,,,,,,,
332248,Hana Im,,,,,,,Female,,,,,,,,,,,,,,,,
332249,Kookhee Jang,,,,,,,Female,,,,,,,,,,,,,,,,
332250,Geeeun Kang,,,,,,,Female,,,,,,,,,,,,,,,,
332251,Jihyeon Keum,,,,,,,Female,,,,,,,,,,,,,,,,
332252,Minsu Kim,,,,,,,Male,,,,,,,,,,,,,,,,
332253,Yeji Kim,,,,,,,Female,,,,,,,,,,,,,,,,
332254,Na Lee,,,,,,,Female,,,,,,,,,,,,,,,,
332255,Eunseo Lee,,,,,,,Female,,,,,,,,,,,,,,,,
332256,Wonho Lee,,,,,,,Male,,,,,,,,,,,,,,,,
332257,Jin Oh,,,,,,,Female,,,,,,,,,,,,,,,,
332258,Hajun Park,,,,,,,Male,,,,,,,,,,,,,,,,
332259,Jong-ho Song,,,,,,,Male,,,,,,,,,,,,,,,,
332260,Jiin Yang,,,,,,,Female,,,,,,,,,,,,,,,,
332261,Andrzej Rzadkowski,,,,,,,Male,,,,,,,,,,,,,,,,
332262,Michal Siess,,,,,,,Male,,,,,,,,,,,,,,,,
332263,Adrian Wojtkowiak,,,,,,,Male,,,,,,,,,,,,,,,,
332265,Synnoeve Berg,,,,,,,Female,,,,,,,,,,,,,,,,
332267,Jan Jurkiewicz,,,,,,,Male,,,,,,,,,,,,,,,,
332268,Julia Walczyk-klimaszyk,,,,,,,Female,,,,,,,,,,,,,,,,
332269,Martyna Swatowska-wenglarczyk,,,,,,,Female,,,,,,,,,,,,,,,,
332270,Alicja Klasik,,,,,,,Female,,,,,,,,,,,,,,,,
332271,Roksana Slupek,,,,,,,Female,,,,,,,,,,,,,,,,
332272,Adrian Bogucki,,,,,,,Male,,,,,,,,,,,,,,,,
332274,Wiktoria Choluj,,,,,,,Female,,,,,,,,,,,,,,,,
332275,Anhelina Lysak,,,,,,,Female,,,,,,,,,,,,,,,,
332276,Mateusz Baranowski,,,,,,,Male,,,,,,,,,,,,,,,,
332277,Fili Matczak,,,,,,,Male,,,,,,,,,,,,,,,,
332278,Michal Sokolowski,,,,,,,Male,,,,,,,,,,,,,,,,
332279,Hegg Duestad,,,,,,,Female,,,,,,,,,,,,,,,,
332280,Marin Rantes,,,,,,,Male,,,,,,,,,,,,,,,,
332281,Gianluca Chetcuti,,,,,,,Male,,,,,,,,,,,,,,,,
332282,Blanka Vas,,,,,,,Female,,,,,,,,,,,,,,,,
332283,Joohyo Bak,,,,,,,Male,,,,,,,,,,,,,,,,
332284,Yeonhak Jang,,,,,,,Male,,,,,,,,,,,,,,,,
332285,Suhyeon Kim,,,,,,,Female,,,,,,,,,,,,,,,,
332286,Hyejeong Park,,,,,,,Female,,,,,,,,,,,,,,,,
332287,Dongju Yu,,,,,,,Male,,,,,,,,,,,,,,,,
332288,Adam Li,,,,,,,Male,,,,,,,,,,,,,,,,
332289,Adnan Khankan,,,,,,,Male,,,,,,,,,,,,,,,,
332290,Amir Ansari,,,,,,,Male,,,,,,,,,,,,,,,,
332291,Winner Djankeu,,,,,,,Female,,,,,,,,,,,,,,,,
332292,Dorsa Yavarivafa,,,,,,,Female,,,,,,,,,,,,,,,,
332293,Francisco Centeno,,,,,,,Male,,,,,,,,,,,,,,,,
332294,Eyeru Gebru,,,,,,,Female,,,,,,,,,,,,,,,,
332295,Farida Abaroge,,,,,,,Female,,,,,,,,,,,,,,,,
332296,Hadi Tiranvalipour,,,,,,,Male,,,,,,,,,,,,,,,,
332297,Iman Mahdavi,,,,,,,Male,,,,,,,,,,,,,,,,
332298,Abdelmaji Eisa,,,,,,,Male,,,,,,,,,,,,,,,,
332299,Jamal Valizadeh,,,,,,,Male,,,,,,,,,,,,,,,,
332300,Dayan Jorge,,,,,,,Male,,,,,,,,,,,,,,,,
332301,Kasra Mehdipournejad,,,,,,,Male,,,,,,,,,,,,,,,,
332302,Mahboubeh Barbari,,,,,,,Female,,,,,,,,,,,,,,,,
332303,Matin Balsini,,,,,,,Male,,,,,,,,,,,,,,,,
332304,Amin Alsalami,,,,,,,Male,,,,,,,,,,,,,,,,
332305,Mohammad Rashnonezhad,,,,,,,Male,,,,,,,,,,,,,,,,
332306,Musa Suliman,,,,,,,Male,,,,,,,,,,,,,,,,
332307,Omid Ahmadisafa,,,,,,,Male,,,,,,,,,,,,,,,,
332308,Lokure Nakang,,,,,,,Female,,,,,,,,,,,,,,,,
332309,Ramiro Mora,,,,,,,Male,,,,,,,,,,,,,,,,
332310,Saman Soltani,,,,,,,Female,,,,,,,,,,,,,,,,
332311,Sibghatullah Arab,,,,,,,Male,,,,,,,,,,,,,,,,
332313,Yahya Al,,,,,,,Male,,,,,,,,,,,,,,,,
332314,Yekta Jamali,,,,,,,Female,,,,,,,,,,,,,,,,
332315,Oussama Assad,,,,,,,Male,,,,,,,,,,,,,,,,
332316,Masitsa Simiyu,,,,,,,Female,,,,,,,,,,,,,,,,
332317,Khayesi Kundu,,,,,,,Female,,,,,,,,,,,,,,,,
332318,Trizah Atuka,,,,,,,Female,,,,,,,,,,,,,,,,
332319,Adhiambo Owino,,,,,,,Female,,,,,,,,,,,,,,,,
332320,Chepchumba Kiprono,,,,,,,Female,,,,,,,,,,,,,,,,
332321,Nekesa Misoki,,,,,,,Female,,,,,,,,,,,,,,,,
332322,Kemene Mutinda,,,,,,,Female,,,,,,,,,,,,,,,,
332323,Juliana Namutira,,,,,,,Female,,,,,,,,,,,,,,,,
332324,Chebet Kaei,,,,,,,Female,,,,,,,,,,,,,,,,
332325,Nanjala Barasa,,,,,,,Female,,,,,,,,,,,,,,,,
332326,Hoffmann Buhl,,,,,,,Male,,,,,,,,,,,,,,,,
332327,Johan Soe,,,,,,,Male,,,,,,,,,,,,,,,,
332328,Daniel Nyborg,,,,,,,Male,,,,,,,,,,,,,,,,
332329,Johanne Schmidt,,,,,,,Female,,,,,,,,,,,,,,,,
332330,Andrea Schmidt,,,,,,,Female,,,,,,,,,,,,,,,,
332331,Mathias Bruun,,,,,,,Male,,,,,,,,,,,,,,,,
332332,Violet Saouma-pedersen,,,,,,,Female,,,,,,,,,,,,,,,,
332333,Johan Lundgaard,,,,,,,Male,,,,,,,,,,,,,,,,
332335,Maria Bacskay,,,,,,,Female,,,,,,,,,,,,,,,,
332336,Lili Czifra,,,,,,,Female,,,,,,,,,,,,,,,,
332337,Emma Friis,,,,,,,Female,,,,,,,,,,,,,,,,
332338,Aagot Hansen,,,,,,,Female,,,,,,,,,,,,,,,,
332339,Mette Hansen,,,,,,,Female,,,,,,,,,,,,,,,,
332340,Lukas Joergensen,,,,,,,Male,,,,,,,,,,,,,,,,
332341,Michala Moeller,,,,,,,Female,,,,,,,,,,,,,,,,
332342,Mette Tranborg,,,,,,,Female,,,,,,,,,,,,,,,,
332343,Anna Kristensen,,,,,,,Female,,,,,,,,,,,,,,,,
332344,Henrik Moellgaard,,,,,,,Male,,,,,,,,,,,,,,,,
332345,Simon Pytlick,,,,,,,Male,,,,,,,,,,,,,,,,
332346,Louise Vinter,,,,,,,Female,,,,,,,,,,,,,,,,
332348,Sarah Aaberg,,,,,,,Female,,,,,,,,,,,,,,,,
332349,Mie Hoejlund,,,,,,,Female,,,,,,,,,,,,,,,,
332350,Trine Oestergaard,,,,,,,Female,,,,,,,,,,,,,,,,
332351,Helena Elver,,,,,,,Female,,,,,,,,,,,,,,,,
332352,Landin Jacobsen,,,,,,,Male,,,,,,,,,,,,,,,,
332353,Kristina Joergensen,,,,,,,Female,,,,,,,,,,,,,,,,
332354,Rikke Iversen,,,,,,,Female,,,,,,,,,,,,,,,,
332356,Kathrine Heindahl,,,,,,,Female,,,,,,,,,,,,,,,,
332357,Simon Hald,,,,,,,Male,,,,,,,,,,,,,,,,
332359,Thomas Arnoldsen,,,,,,,Male,,,,,,,,,,,,,,,,
332360,Rasmus Lauge,,,,,,,Male,,,,,,,,,,,,,,,,
332362,Sandra Toft,,,,,,,Female,,,,,,,,,,,,,,,,
332363,Althea Reinhardt,,,,,,,Female,,,,,,,,,,,,,,,,
332364,Niclas Kirkeloekke,,,,,,,Male,,,,,,,,,,,,,,,,
332365,Line Haugsted,,,,,,,Female,,,,,,,,,,,,,,,,
332366,Abdalla Ahmed,,,,,,,Male,,,,,,,,,,,,,,,,
332369,Daniel Gracik,,,,,,,Male,,,,,,,,,,,,,,,,
332371,Miroslav Knedla,,,,,,,Male,,,,,,,,,,,,,,,,
332372,Brix Pedersen,,,,,,,Female,,,,,,,,,,,,,,,,
332373,Koch Jacobsen,,,,,,,Female,,,,,,,,,,,,,,,,
332374,Gaspard Baumgarten,,,,,,,Male,,,,,,,,,,,,,,,,
332375,Amaury Bellenger,,,,,,,Male,,,,,,,,,,,,,,,,
332376,Victor Charlet,,,,,,,Male,,,,,,,,,,,,,,,,
332377,Timothee Clement,,,,,,,Male,,,,,,,,,,,,,,,,
332378,Eliot Curty,,,,,,,Male,,,,,,,,,,,,,,,,
332379,Brieuc Delemazure,,,,,,,Male,,,,,,,,,,,,,,,,
332380,Matteo Desgouillons,,,,,,,Male,,,,,,,,,,,,,,,,
332381,Francois Goyet,,,,,,,Male,,,,,,,,,,,,,,,,
332382,Noe Jouin,,,,,,,Male,,,,,,,,,,,,,,,,
332383,Viktor Lockwood,,,,,,,Male,,,,,,,,,,,,,,,,
332384,Simon Martin-brisac,,,,,,,Male,,,,,,,,,,,,,,,,
332385,Charles Masson,,,,,,,Male,,,,,,,,,,,,,,,,
332386,Lucas Montecot,,,,,,,Male,,,,,,,,,,,,,,,,
332387,Cristoforo Peters-deutz,,,,,,,Male,,,,,,,,,,,,,,,,
332388,Blaise Rogeau,,,,,,,Male,,,,,,,,,,,,,,,,
332389,Arthur Thieffry,,,,,,,Male,,,,,,,,,,,,,,,,
332390,Etienne Tynevez,,,,,,,Male,,,,,,,,,,,,,,,,
332391,Gaspard Xavier,,,,,,,Male,,,,,,,,,,,,,,,,
332392,Danstru Andersen,,,,,,,Female,,,,,,,,,,,,,,,,
332393,Krisztofer Meszaros,,,,,,,Male,,,,,,,,,,,,,,,,
332394,Valentine Dumont,,,,,,,Female,,,,,,,,,,,,,,,,
332395,Lucas Henveaux,,,,,,,Male,,,,,,,,,,,,,,,,
332396,Zoja Szekely,,,,,,,Female,,,,,,,,,,,,,,,,
332397,Elie Bacari,,,,,,,Male,,,,,,,,,,,,,,,,
332399,Thomas Carmoy,,,,,,,Male,,,,,,,,,,,,,,,,
332400,de Janie,,,,,,,Female,,,,,,,,,,,,,,,,
332401,de Tibo,,,,,,,Male,,,,,,,,,,,,,,,,
332402,Chloe Herbiet,,,,,,,Female,,,,,,,,,,,,,,,,
332403,Timothy Herman,,,,,,,Male,,,,,,,,,,,,,,,,
332404,John Heymans,,,,,,,Male,,,,,,,,,,,,,,,,
332405,Christian Iguacel,,,,,,,Male,,,,,,,,,,,,,,,,
332406,Florent Mabille,,,,,,,Male,,,,,,,,,,,,,,,,
332407,Elise Mehuys,,,,,,,Female,,,,,,,,,,,,,,,,
332409,Delphine Nkansa,,,,,,,Female,,,,,,,,,,,,,,,,
332410,Helena Ponette,,,,,,,Female,,,,,,,,,,,,,,,,
332411,Liefde Schoemaker,,,,,,,Female,,,,,,,,,,,,,,,,
332412,Jochem Vermeulen,,,,,,,Male,,,,,,,,,,,,,,,,
332413,Rani Vincke,,,,,,,Female,,,,,,,,,,,,,,,,
332414,Julien Carraggi,,,,,,,Male,,,,,,,,,,,,,,,,
332415,Oshin Derieuw,,,,,,,Female,,,,,,,,,,,,,,,,
332416,Victor Schelstraete,,,,,,,Male,,,,,,,,,,,,,,,,
332417,Nastja Claessens,,,,,,,Female,,,,,,,,,,,,,,,,
332418,Maxuella Lisowa,,,,,,,Female,,,,,,,,,,,,,,,,
332421,Elise Ramette,,,,,,,Female,,,,,,,,,,,,,,,,
332422,Laure Resimont,,,,,,,Female,,,,,,,,,,,,,,,,
332424,Hermien Peters,,,,,,,Female,,,,,,,,,,,,,,,,
332429,Pauline Ferrand,,,,,,,Female,,,,,,,,,,,,,,,,
332431,Divine Kouame,,,,,,,Female,,,,,,,,,,,,,,,,
332433,Melvin Landerneau,,,,,,,Male,,,,,,,,,,,,,,,,
332434,Christophe Laporte,,,,,,,Male,,,,,,,,,,,,,,,,
332435,le Marie,,,,,,,Female,,,,,,,,,,,,,,,,
332436,Valentin Madouas,,,,,,,Male,,,,,,,,,,,,,,,,
332437,Tessa Martinez,,,,,,,Female,,,,,,,,,,,,,,,,
332438,Oscar Nilsson,,,,,,,Male,,,,,,,,,,,,,,,,
332439,Laury Perez,,,,,,,Female,,,,,,,,,,,,,,,,
332440,Arthur Pilard,,,,,,,Male,,,,,,,,,,,,,,,,
332441,Valentin Tabellion,,,,,,,Male,,,,,,,,,,,,,,,,
332442,Kevin Vauquelin,,,,,,,Male,,,,,,,,,,,,,,,,
332443,Sebastian Baez,,,,,,,Male,,,,,,,,,,,,,,,,
332444,Lourdes Carle,,,,,,,Female,,,,,,,,,,,,,,,,
332446,Carina Kloetzer,,,,,,,Female,,,,,,,,,,,,,,,,
332447,Sultanovic Schachidov,,,,,,,Male,,,,,,,,,,,,,,,,
332448,Raman Tiafack,,,,,,,Male,,,,,,,,,,,,,,,,
332449,Martin Etcheverry,,,,,,,Male,,,,,,,,,,,,,,,,
332451,Mariano Navone,,,,,,,Male,,,,,,,,,,,,,,,,
332454,Kerenza Bryson,,,,,,,Female,,,,,,,,,,,,,,,,
332456,Caden Cunningham,,,,,,,Male,,,,,,,,,,,,,,,,
332457,McGOWAN Rebecca,,,,,,,Female,,,,,,,,,,,,,,,,
332459,Jairo Moreno,,,,,,,Male,,,,,,,,,,,,,,,,
332460,Pauline Schaefer-betz,,,,,,,Female,,,,,,,,,,,,,,,,
332463,Nils Dunkel,,,,,,,Male,,,,,,,,,,,,,,,,
332464,Pascal Brendel,,,,,,,Male,,,,,,,,,,,,,,,,
332465,Timo Eder,,,,,,,Male,,,,,,,,,,,,,,,,
332466,Margarita Kolosov,,,,,,,Female,,,,,,,,,,,,,,,,
332467,Anja Kosan,,,,,,,Female,,,,,,,,,,,,,,,,
332468,Daniella Kromm,,,,,,,Female,,,,,,,,,,,,,,,,
332469,Hannah Vester,,,,,,,Female,,,,,,,,,,,,,,,,
332470,Fabian Vogel,,,,,,,Male,,,,,,,,,,,,,,,,
332471,Helen Kevric,,,,,,,Female,,,,,,,,,,,,,,,,
332472,Emilia Wickert,,,,,,,Female,,,,,,,,,,,,,,,,
332473,Alina Oganesyan,,,,,,,Female,,,,,,,,,,,,,,,,
332474,Darja Varfolomeev,,,,,,,Female,,,,,,,,,,,,,,,,
332475,Samira Awali,,,,,,,Female,,,,,,,,,,,,,,,,
332476,Ismael Alhassane,,,,,,,Male,,,,,,,,,,,,,,,,
332478,Karin Miyawaki,,,,,,,Female,,,,,,,,,,,,,,,,
332479,Risa Takashima,,,,,,,Female,,,,,,,,,,,,,,,,
332480,Seri Ozaki,,,,,,,Female,,,,,,,,,,,,,,,,
332481,Kazuki Iimura,,,,,,,Male,,,,,,,,,,,,,,,,
332482,Komaki Kikuchi,,,,,,,Female,,,,,,,,,,,,,,,,
332483,Miho Yoshimura,,,,,,,Female,,,,,,,,,,,,,,,,
332484,Akira Komata,,,,,,,Male,,,,,,,,,,,,,,,,
332486,Misaki Emura,,,,,,,Female,,,,,,,,,,,,,,,,
332487,Yuka Ueno,,,,,,,Female,,,,,,,,,,,,,,,,
332488,Kyosuke Matsuyama,,,,,,,Male,,,,,,,,,,,,,,,,
332492,Kosuke Yasuhira,,,,,,,Male,,,,,,,,,,,,,,,,
332493,Daisuke Okamoto,,,,,,,Male,,,,,,,,,,,,,,,,
332494,Tomoya Sakurai,,,,,,,Male,,,,,,,,,,,,,,,,
332495,Takumi Nakamura,,,,,,,Male,,,,,,,,,,,,,,,,
332496,Hiroyasu Tamakawa,,,,,,,Male,,,,,,,,,,,,,,,,
332498,Sota Takano,,,,,,,Male,,,,,,,,,,,,,,,,
332499,Yuki Baig,,,,,,,Male,,,,,,,,,,,,,,,,
332500,Moyuka Uchijima,,,,,,,Female,,,,,,,,,,,,,,,,
332503,Zafarmurod Abdirakhmatov,,,,,,,Male,,,,,,,,,,,,,,,,
332504,Bekhruzbek Askarov,,,,,,,Male,,,,,,,,,,,,,,,,
332505,Abdurauf Buriev,,,,,,,Male,,,,,,,,,,,,,,,,
332506,Samsom Amare,,,,,,,Male,,,,,,,,,,,,,,,,
332507,Haruka Funakubo,,,,,,,Female,,,,,,,,,,,,,,,,
332508,Natsumi Tsunoda,,,,,,,Female,,,,,,,,,,,,,,,,
332509,Soichi Hashimoto,,,,,,,Male,,,,,,,,,,,,,,,,
332510,Rika Takayama,,,,,,,Female,,,,,,,,,,,,,,,,
332511,Saki Niizoe,,,,,,,Female,,,,,,,,,,,,,,,,
332512,Tatsuru Saito,,,,,,,Male,,,,,,,,,,,,,,,,
332513,Sanshiro Murao,,,,,,,Male,,,,,,,,,,,,,,,,
332514,Ryuju Nagayama,,,,,,,Male,,,,,,,,,,,,,,,,
332519,Miku Takaichi,,,,,,,Female,,,,,,,,,,,,,,,,
332520,Abbosbek Fayzullaev,,,,,,,Male,,,,,,,,,,,,,,,,
332521,Jambaljamts Sainbayar,,,,,,,Male,,,,,,,,,,,,,,,,
332522,Muhammadkodir Hamraliev,,,,,,,Male,,,,,,,,,,,,,,,,
332523,Ibrokhim Ibragimov,,,,,,,Male,,,,,,,,,,,,,,,,
332524,Jasurbek Jaloliddinov,,,,,,,Male,,,,,,,,,,,,,,,,
332525,Ruslanbek Jiyanov,,,,,,,Male,,,,,,,,,,,,,,,,
332526,Diyor Kholmatov,,,,,,,Male,,,,,,,,,,,,,,,,
332527,Abdukodir Khusanov,,,,,,,Male,,,,,,,,,,,,,,,,
332528,Saidazamat Mirsaidov,,,,,,,Male,,,,,,,,,,,,,,,,
332529,Vladimir Nazarov,,,,,,,Male,,,,,,,,,,,,,,,,
332530,Abduvohid Nematov,,,,,,,Male,,,,,,,,,,,,,,,,
332531,Khusain Norchaev,,,,,,,Male,,,,,,,,,,,,,,,,
332532,Alisher Odilov,,,,,,,Male,,,,,,,,,,,,,,,,
332533,Asadbek Rakhimjonov,,,,,,,Male,,,,,,,,,,,,,,,,
332534,Umarali Rakhmonaliev,,,,,,,Male,,,,,,,,,,,,,,,,
332535,Ibrokhimkhalil Yuldoshev,,,,,,,Male,,,,,,,,,,,,,,,,
332536,Khusniddin Alikulov,,,,,,,Male,,,,,,,,,,,,,,,,
332537,Eldor Shomurodov,,,,,,,Male,,,,,,,,,,,,,,,,
332538,Oston Urunov,,,,,,,Male,,,,,,,,,,,,,,,,
332539,Shokhrukh Davlyatov,,,,,,,Male,,,,,,,,,,,,,,,,
332540,Sharifa Davronova,,,,,,,Female,,,,,,,,,,,,,,,,
332541,Anvar Anvarov,,,,,,,Male,,,,,,,,,,,,,,,,
332543,Benilson Sanda,,,,,,,Male,,,,,,,,,,,,,,,,
332544,Abba Girault,,,,,,,Male,,,,,,,,,,,,,,,,
332545,Samuel Firewu,,,,,,,Male,,,,,,,,,,,,,,,,
332547,Alina Hrushyna,,,,,,,Female,,,,,,,,,,,,,,,,
332548,Tetiana Sova,,,,,,,Female,,,,,,,,,,,,,,,,
332549,Sembo Almayew,,,,,,,Female,,,,,,,,,,,,,,,,
332551,Arlettys Acosta,,,,,,,Female,,,,,,,,,,,,,,,,
332553,Shahd Ashraf,,,,,,,Female,,,,,,,,,,,,,,,,
332554,Abdulaziz Al-obaidly,,,,,,,Male,,,,,,,,,,,,,,,,
332555,Sonia Khatun,,,,,,,Female,,,,,,,,,,,,,,,,
332556,Liudmyla Luzan,,,,,,,Female,,,,,,,,,,,,,,,,
332557,Anastasiia Rybachok,,,,,,,Female,,,,,,,,,,,,,,,,
332558,Oleh Kukharyk,,,,,,,Male,,,,,,,,,,,,,,,,
332559,Ihor Trunov,,,,,,,Male,,,,,,,,,,,,,,,,
332560,Dmytro Danylenko,,,,,,,Male,,,,,,,,,,,,,,,,
332561,Ivan Semykin,,,,,,,Male,,,,,,,,,,,,,,,,
332564,Obada Alkasbeh,,,,,,,Male,,,,,,,,,,,,,,,,
332566,Abishag Semberg,,,,,,,Female,,,,,,,,,,,,,,,,
332567,Ebtissam Zayed,,,,,,,Female,,,,,,,,,,,,,,,,
332568,Kateryna Dudchenko,,,,,,,Female,,,,,,,,,,,,,,,,
332569,Daryna Verkhogliad,,,,,,,Female,,,,,,,,,,,,,,,,
332570,Yevheniia Dovhodko,,,,,,,Female,,,,,,,,,,,,,,,,
332571,Anastasiia Kozhenkova,,,,,,,Female,,,,,,,,,,,,,,,,
332572,Igor Khmara,,,,,,,Male,,,,,,,,,,,,,,,,
332573,Youssef Abouelhassan,,,,,,,Male,,,,,,,,,,,,,,,,
332574,Ariel Nassee,,,,,,,Female,,,,,,,,,,,,,,,,
332575,Adam Maraana,,,,,,,Male,,,,,,,,,,,,,,,,
332576,Hepoiteloto Maibuca,,,,,,,Male,,,,,,,,,,,,,,,,
332577,Idow Hassan,,,,,,,Male,,,,,,,,,,,,,,,,
332579,Ayla Spitz,,,,,,,Female,,,,,,,,,,,,,,,,
332580,Temalini Manatoa,,,,,,,Female,,,,,,,,,,,,,,,,
332581,Bar Soloveychik,,,,,,,Male,,,,,,,,,,,,,,,,
332582,Anastasia Gorbenko,,,,,,,Female,,,,,,,,,,,,,,,,
332583,Daria Golovaty,,,,,,,Female,,,,,,,,,,,,,,,,
332584,Ahmed Nassar,,,,,,,Male,,,,,,,,,,,,,,,,
332585,Yaseen Abdalla,,,,,,,Male,,,,,,,,,,,,,,,,
332586,E Elbakh,,,,,,,Male,,,,,,,,,,,,,,,,
332587,Seif Eissa,,,,,,,Male,,,,,,,,,,,,,,,,
332588,Aya Shehata,,,,,,,Female,,,,,,,,,,,,,,,,
332589,David Gerchik,,,,,,,Male,,,,,,,,,,,,,,,,
332590,Denis Loktev,,,,,,,Male,,,,,,,,,,,,,,,,
332591,Eitan Ben,,,,,,,Male,,,,,,,,,,,,,,,,
332592,Gal Cohen,,,,,,,Male,,,,,,,,,,,,,,,,
332593,Lea Polonsky,,,,,,,Female,,,,,,,,,,,,,,,,
332594,Martin Kartavi,,,,,,,Male,,,,,,,,,,,,,,,,
332595,Amir Cheruti,,,,,,,Male,,,,,,,,,,,,,,,,
332596,Alexey Glivinskiy,,,,,,,Male,,,,,,,,,,,,,,,,
332598,Kirill Boliukh,,,,,,,Male,,,,,,,,,,,,,,,,
332599,Oleg Kolodiy,,,,,,,Male,,,,,,,,,,,,,,,,
332601,Danylo Konovalov,,,,,,,Male,,,,,,,,,,,,,,,,
332602,Kseniia Bailo,,,,,,,Female,,,,,,,,,,,,,,,,
332603,Sofiia Lyskun,,,,,,,Female,,,,,,,,,,,,,,,,
332604,Anna Pysmenska,,,,,,,Female,,,,,,,,,,,,,,,,
332606,Nadiia Kichenok,,,,,,,Female,,,,,,,,,,,,,,,,
332607,Lyudmyla Kichenok,,,,,,,Female,,,,,,,,,,,,,,,,
332608,Marta Kostyuk,,,,,,,Female,,,,,,,,,,,,,,,,
332609,KUZYA,,,,,,,Male,,,,,,,,,,,,,,,,
332610,KATE,,,,,,,Female,,,,,,,,,,,,,,,,
332611,STEFANI,,,,,,,Female,,,,,,,,,,,,,,,,
332613,Oleg Verniaiev,,,,,,,Male,,,,,,,,,,,,,,,,
332614,Nazar Chepurnyi,,,,,,,Male,,,,,,,,,,,,,,,,
332616,Radomyr Stelmakh,,,,,,,Male,,,,,,,,,,,,,,,,
332617,Anna Lashchevska,,,,,,,Female,,,,,,,,,,,,,,,,
332618,Taisiia Onofriichuk,,,,,,,Female,,,,,,,,,,,,,,,,
332619,Mariia Vysochanska,,,,,,,Female,,,,,,,,,,,,,,,,
332620,Diana Baieva,,,,,,,Female,,,,,,,,,,,,,,,,
332621,Alina Melnyk,,,,,,,Female,,,,,,,,,,,,,,,,
332622,Valeriia Peremeta,,,,,,,Female,,,,,,,,,,,,,,,,
332623,Kira Shyrykina,,,,,,,Female,,,,,,,,,,,,,,,,
332624,Yuliia Bakastova,,,,,,,Female,,,,,,,,,,,,,,,,
332628,Vlada Kharkova,,,,,,,Female,,,,,,,,,,,,,,,,
332629,Feybi Bezhura,,,,,,,Female,,,,,,,,,,,,,,,,
332630,Darja Varfolomyeyeva,,,,,,,Female,,,,,,,,,,,,,,,,
332631,Olga Kharlan,,,,,,,Female,,,,,,,,,,,,,,,,
332632,Oleksandr Tovkai,,,,,,,Male,,,,,,,,,,,,,,,,
332633,Vladyslav Chekan,,,,,,,Male,,,,,,,,,,,,,,,,
332634,Valeriia Permykina,,,,,,,Female,,,,,,,,,,,,,,,,
332635,Eva Morris,,,,,,,Female,,,,,,,,,,,,,,,,
332636,Nina Brown,,,,,,,Female,,,,,,,,,,,,,,,,
332637,Megan Traill,,,,,,,Female,,,,,,,,,,,,,,,,
332638,van Erik,,,,,,,Male,,,,,,,,,,,,,,,,
332639,Ashleigh Buhai,,,,,,,Female,,,,,,,,,,,,,,,,
332642,Jabez Reeves,,,,,,,Male,,,,,,,,,,,,,,,,
332643,John Sherman,,,,,,,Male,,,,,,,,,,,,,,,,
332644,Akeem Sirleaf,,,,,,,Male,,,,,,,,,,,,,,,,
332645,Destiny Smith-barnett,,,,,,,Female,,,,,,,,,,,,,,,,
332646,Thelma Davies,,,,,,,Female,,,,,,,,,,,,,,,,
332647,Vicky Wu,,,,,,,Male,,,,,,,,,,,,,,,,
332648,le Kimberley,,,,,,,Female,,,,,,,,,,,,,,,,
332649,Felix Simbu,,,,,,,Male,,,,,,,,,,,,,,,,
332650,Surodchana Khambao,,,,,,,Female,,,,,,,,,,,,,,,,
332651,Duangaksorn Chaidee,,,,,,,Female,,,,,,,,,,,,,,,,
332652,Theerapong Silachai,,,,,,,Male,,,,,,,,,,,,,,,,
332653,Weeraphon Wichuma,,,,,,,Male,,,,,,,,,,,,,,,,
332654,Simon Zulu,,,,,,,Male,,,,,,,,,,,,,,,,
332655,Campbell Harrison,,,,,,,Male,,,,,,,,,,,,,,,,
332657,Ramzy Al,,,,,,,Male,,,,,,,,,,,,,,,,
332659,Matt Fitzpatrick,,,,,,,Male,,,,,,,,,,,,,,,,
332660,Georgia Hall,,,,,,,Female,,,,,,,,,,,,,,,,
332663,Abdulrahman Alrajhi,,,,,,,Male,,,,,,,,,,,,,,,,
332664,Khaled Almobty,,,,,,,Male,,,,,,,,,,,,,,,,
332665,Thitisan Panmot,,,,,,,Male,,,,,,,,,,,,,,,,
332666,Marie-therese Obst,,,,,,,Female,,,,,,,,,,,,,,,,
332667,Mikhail Yakovlev,,,,,,,Male,,,,,,,,,,,,,,,,
332668,Chuthamat Raksat,,,,,,,Female,,,,,,,,,,,,,,,,
332669,Tomer Zaltsman,,,,,,,Male,,,,,,,,,,,,,,,,
332670,Thananya Somnuek,,,,,,,Female,,,,,,,,,,,,,,,,
332671,Martin Halvorsen,,,,,,,Male,,,,,,,,,,,,,,,,
332672,Rotem Gafinovitz,,,,,,,Female,,,,,,,,,,,,,,,,
332673,Janjaem Suwannapheng,,,,,,,Female,,,,,,,,,,,,,,,,
332675,Alessandra Gasparelli,,,,,,,Female,,,,,,,,,,,,,,,,
332676,Alex Kirsch,,,,,,,Male,,,,,,,,,,,,,,,,
332677,Lele Nairne,,,,,,,Female,,,,,,,,,,,,,,,,
332678,Emma Reid,,,,,,,Female,,,,,,,,,,,,,,,,
332679,Katie-jemima Yeats-brown,,,,,,,Female,,,,,,,,,,,,,,,,
332681,Andre Ordemann,,,,,,,Male,,,,,,,,,,,,,,,,
332682,Nurali Emomali,,,,,,,Male,,,,,,,,,,,,,,,,
332683,Chen Xue,,,,,,,Female,,,,,,,,,,,,,,,,
332684,Xinyi Xia,,,,,,,Female,,,,,,,,,,,,,,,,
332685,Weerapon Jongjoho,,,,,,,Male,,,,,,,,,,,,,,,,
332687,David Puig,,,,,,,Male,,,,,,,,,,,,,,,,
332688,Jon Rahm,,,,,,,Male,,,,,,,,,,,,,,,,
332689,Bunjong Sinsiri,,,,,,,Male,,,,,,,,,,,,,,,,
332690,Itamar Einhorn,,,,,,,Male,,,,,,,,,,,,,,,,
332691,Romy Bar,,,,,,,Female,,,,,,,,,,,,,,,,
332692,Dennis Schroder,,,,,,,Male,,,,,,,,,,,,,,,,
332693,Svenja Brunckhorst,,,,,,,Female,,,,,,,,,,,,,,,,
332694,Alexis Peterson,,,,,,,Female,,,,,,,,,,,,,,,,
332697,Daniel Theis,,,,,,,Male,,,,,,,,,,,,,,,,
332698,Sonja Greinacher,,,,,,,Female,,,,,,,,,,,,,,,,
332699,Alina Hartmann,,,,,,,Female,,,,,,,,,,,,,,,,
332700,Luisa Geiselsoder,,,,,,,Female,,,,,,,,,,,,,,,,
332701,Satou Sabally,,,,,,,Female,,,,,,,,,,,,,,,,
332702,da Oscar,,,,,,,Male,,,,,,,,,,,,,,,,
332703,Nyara Sabally,,,,,,,Female,,,,,,,,,,,,,,,,
332704,Emily Bessoir,,,,,,,Female,,,,,,,,,,,,,,,,
332705,Marie Reichert,,,,,,,Female,,,,,,,,,,,,,,,,
332707,Marie Guelich,,,,,,,Female,,,,,,,,,,,,,,,,
332708,Alexandra Wilke,,,,,,,Female,,,,,,,,,,,,,,,,
332710,Leonie Fiebich,,,,,,,Female,,,,,,,,,,,,,,,,
332711,Lina Sontag,,,,,,,Female,,,,,,,,,,,,,,,,
332712,Frieda Buhner,,,,,,,Female,,,,,,,,,,,,,,,,
332713,Elisa Mevius,,,,,,,Female,,,,,,,,,,,,,,,,
332714,Nick Weiler-babb,,,,,,,Male,,,,,,,,,,,,,,,,
332715,Masayuki Terada,,,,,,,Male,,,,,,,,,,,,,,,,
332716,Eloi Adjavon,,,,,,,Male,,,,,,,,,,,,,,,,
332717,James Albery,,,,,,,Male,,,,,,,,,,,,,,,,
332720,William Calnan,,,,,,,Male,,,,,,,,,,,,,,,,
332721,Hannah French,,,,,,,Female,,,,,,,,,,,,,,,,
332723,Sophie Hamilton,,,,,,,Female,,,,,,,,,,,,,,,,
332724,Tess Howard,,,,,,,Female,,,,,,,,,,,,,,,,
332725,Lee Morton,,,,,,,Male,,,,,,,,,,,,,,,,
332726,Tim Nurse,,,,,,,Male,,,,,,,,,,,,,,,,
332728,Nicholas Park,,,,,,,Male,,,,,,,,,,,,,,,,
332730,Flora Peel,,,,,,,Female,,,,,,,,,,,,,,,,
332731,Miriam Pritchard,,,,,,,Female,,,,,,,,,,,,,,,,
332733,Laura Roper,,,,,,,Female,,,,,,,,,,,,,,,,
332734,Philli Roper,,,,,,,Male,,,,,,,,,,,,,,,,
332736,Charlotte Watson,,,,,,,Female,,,,,,,,,,,,,,,,
332737,Conor Williamson,,,,,,,Male,,,,,,,,,,,,,,,,
332738,Goderdzi Dzebisashvili,,,,,,,Male,,,,,,,,,,,,,,,,
332740,Vladimeri Gamkrelidze,,,,,,,Male,,,,,,,,,,,,,,,,
332741,Audrys Nin,,,,,,,Male,,,,,,,,,,,,,,,,
332742,Rahel Fabian,,,,,,,Female,,,,,,,,,,,,,,,,
332743,Xenia Smits,,,,,,,Female,,,,,,,,,,,,,,,,
332744,Julia Behnke,,,,,,,Female,,,,,,,,,,,,,,,,
332745,Emily Boelk,,,,,,,Female,,,,,,,,,,,,,,,,
332746,Dinah Eckerle,,,,,,,Female,,,,,,,,,,,,,,,,
332747,Antje Doell,,,,,,,Female,,,,,,,,,,,,,,,,
332748,Meike Schmelzer,,,,,,,Female,,,,,,,,,,,,,,,,
332749,Rune Dahmke,,,,,,,Male,,,,,,,,,,,,,,,,
332753,Amelie Berger,,,,,,,Female,,,,,,,,,,,,,,,,
332754,Katharina Filter,,,,,,,Female,,,,,,,,,,,,,,,,
332755,Annika Lott,,,,,,,Female,,,,,,,,,,,,,,,,
332756,Julia Maidhof,,,,,,,Female,,,,,,,,,,,,,,,,
332757,Sarah Wachter,,,,,,,Female,,,,,,,,,,,,,,,,
332758,Mia Zschocke,,,,,,,Female,,,,,,,,,,,,,,,,
332759,Alina Grijseels,,,,,,,Female,,,,,,,,,,,,,,,,
332760,Sebastian Heymann,,,,,,,Male,,,,,,,,,,,,,,,,
332761,Lisa Antl,,,,,,,Female,,,,,,,,,,,,,,,,
332762,Luca Witzke,,,,,,,Male,,,,,,,,,,,,,,,,
332763,Julian Koester,,,,,,,Male,,,,,,,,,,,,,,,,
332764,Jenny Behrend,,,,,,,Female,,,,,,,,,,,,,,,,
332765,Renars Uscins,,,,,,,Male,,,,,,,,,,,,,,,,
332766,Justus Fischer,,,,,,,Male,,,,,,,,,,,,,,,,
332767,Viola Leuchter,,,,,,,Female,,,,,,,,,,,,,,,,
332768,Christoph Steinert,,,,,,,Male,,,,,,,,,,,,,,,,
332769,Tim Hornke,,,,,,,Male,,,,,,,,,,,,,,,,
332770,Lukas Mertens,,,,,,,Male,,,,,,,,,,,,,,,,
332771,David Spaeth,,,,,,,Male,,,,,,,,,,,,,,,,
332772,Maria Stockschlaeder,,,,,,,Female,,,,,,,,,,,,,,,,
332773,Salvatore Cavallaro,,,,,,,Male,,,,,,,,,,,,,,,,
332775,Abbes Mouhiidine,,,,,,,Male,,,,,,,,,,,,,,,,
332776,Sirine Charaabi,,,,,,,Female,,,,,,,,,,,,,,,,
332777,Alessia Mesiano,,,,,,,Female,,,,,,,,,,,,,,,,
332778,Diego Lenzi,,,,,,,Male,,,,,,,,,,,,,,,,
332780,Bruno Festo,,,,,,,Male,,,,,,,,,,,,,,,,
332781,Jana Germani,,,,,,,Female,,,,,,,,,,,,,,,,
332782,Giorgia Bertuzzi,,,,,,,Female,,,,,,,,,,,,,,,,
332783,Zalan Pekler,,,,,,,Male,,,,,,,,,,,,,,,,
332784,Brando Chiavarini,,,,,,,Male,,,,,,,,,,,,,,,,
332785,Chiara Benini,,,,,,,Female,,,,,,,,,,,,,,,,
332786,Marianna Banti,,,,,,,Female,,,,,,,,,,,,,,,,
332788,Nicolo Renna,,,,,,,Male,,,,,,,,,,,,,,,,
332789,Riccardo Pianosi,,,,,,,Male,,,,,,,,,,,,,,,,
332790,Eillen Pescetto,,,,,,,Female,,,,,,,,,,,,,,,,
332791,Eleanor Aldridge,,,,,,,Female,,,,,,,,,,,,,,,,
332792,Connor Bainbridge,,,,,,,Male,,,,,,,,,,,,,,,,
332793,Michael Beckett,,,,,,,Male,,,,,,,,,,,,,,,,
332794,Freya Black,,,,,,,Female,,,,,,,,,,,,,,,,
332795,Vita Heathcote,,,,,,,Female,,,,,,,,,,,,,,,,
332797,Sam Sills,,,,,,,Male,,,,,,,,,,,,,,,,
332798,Hannah Snellgrove,,,,,,,Female,,,,,,,,,,,,,,,,
332799,Fynn Sterritt,,,,,,,Male,,,,,,,,,,,,,,,,
332802,Robert King,,,,,,,Male,,,,,,,,,,,,,,,,
332803,Pauline Basquin,,,,,,,Female,,,,,,,,,,,,,,,,
332805,Julien Epaillard,,,,,,,Male,,,,,,,,,,,,,,,,
332807,Stephane Landois,,,,,,,Male,,,,,,,,,,,,,,,,
332808,le Gireg,,,,,,,Male,,,,,,,,,,,,,,,,
332809,Olivier Perreau,,,,,,,Male,,,,,,,,,,,,,,,,
332810,Sophie Serre,,,,,,,Female,,,,,,,,,,,,,,,,
332811,Corentin Pottier,,,,,,,Male,,,,,,,,,,,,,,,,
332815,Zoe Diaz,,,,,,,Female,,,,,,,,,,,,,,,,
332816,Katie Boulter,,,,,,,Female,,,,,,,,,,,,,,,,
332817,Jack Draper,,,,,,,Male,,,,,,,,,,,,,,,,
332818,Daniel Evans,,,,,,,Male,,,,,,,,,,,,,,,,
332820,Maghnes Akliouche,,,,,,,Male,,,,,,,,,,,,,,,,
332821,Rayan Cherki,,,,,,,Male,,,,,,,,,,,,,,,,
332822,Joris Chotard,,,,,,,Male,,,,,,,,,,,,,,,,
332823,Andy Diouf,,,,,,,Male,,,,,,,,,,,,,,,,
332824,Desire Doue,,,,,,,Male,,,,,,,,,,,,,,,,
332825,Arnaud Kalimuendo,,,,,,,Male,,,,,,,,,,,,,,,,
332826,Manu Kone,,,,,,,Male,,,,,,,,,,,,,,,,
332827,Alexandre Lacazette,,,,,,,Male,,,,,,,,,,,,,,,,
332828,Johann Lepenant,,,,,,,Male,,,,,,,,,,,,,,,,
332829,Bradley Locko,,,,,,,Male,,,,,,,,,,,,,,,,
332830,Castello Lukeba,,,,,,,Male,,,,,,,,,,,,,,,,
332831,Soungoutou Magassa,,,,,,,Male,,,,,,,,,,,,,,,,
332832,Chrislain Matsima,,,,,,,Male,,,,,,,,,,,,,,,,
332833,Enzo Millot,,,,,,,Male,,,,,,,,,,,,,,,,
332834,Obed Nkambadio,,,,,,,Male,,,,,,,,,,,,,,,,
332835,Michael Olise,,,,,,,Male,,,,,,,,,,,,,,,,
332836,Guillaume Restes,,,,,,,Male,,,,,,,,,,,,,,,,
332837,Kiliann Sildillia,,,,,,,Male,,,,,,,,,,,,,,,,
332838,Adrien Truffert,,,,,,,Male,,,,,,,,,,,,,,,,
332839,Naomi Akakpo,,,,,,,Female,,,,,,,,,,,,,,,,
332841,Anthony Harding,,,,,,,Male,,,,,,,,,,,,,,,,
332842,Yasmin Harper,,,,,,,Female,,,,,,,,,,,,,,,,
332843,Christopher Houlden,,,,,,,Male,,,,,,,,,,,,,,,,
332844,Kyle Kothari,,,,,,,Male,,,,,,,,,,,,,,,,
332847,Andrea Spendolini,,,,,,,Female,,,,,,,,,,,,,,,,
332849,Romaine Beckford,,,,,,,Male,,,,,,,,,,,,,,,,
332850,Matt Aldridge,,,,,,,Male,,,,,,,,,,,,,,,,
332851,David Ambler,,,,,,,Male,,,,,,,,,,,,,,,,
332852,Lola Anderson,,,,,,,Female,,,,,,,,,,,,,,,,
332855,Morgan Bolding,,,,,,,Male,,,,,,,,,,,,,,,,
332856,Esme Booth,,,,,,,Female,,,,,,,,,,,,,,,,
332857,Georgina Brayshaw,,,,,,,Female,,,,,,,,,,,,,,,,
332858,Harry Brightmore,,,,,,,Male,,,,,,,,,,,,,,,,
332859,Annie Campbell-orde,,,,,,,Female,,,,,,,,,,,,,,,,
332861,Freddie Davidson,,,,,,,Male,,,,,,,,,,,,,,,,
332862,Tom Digby,,,,,,,Male,,,,,,,,,,,,,,,,
332863,Callum Dixon,,,,,,,Male,,,,,,,,,,,,,,,,
332864,Holly Dunford,,,,,,,Female,,,,,,,,,,,,,,,,
332867,Matthew Haywood,,,,,,,Male,,,,,,,,,,,,,,,,
332868,Lauren Henry,,,,,,,Female,,,,,,,,,,,,,,,,
332869,Mathilda Hodgkins,,,,,,,Female,,,,,,,,,,,,,,,,
332870,Lauren Irwin,,,,,,,Female,,,,,,,,,,,,,,,,
332871,Heidi Long,,,,,,,Female,,,,,,,,,,,,,,,,
332872,McKELLAR Rowan,,,,,,,Female,,,,,,,,,,,,,,,,
332873,Sam Redgrave,,,,,,,Female,,,,,,,,,,,,,,,,
332874,Eve Stewart,,,,,,,Female,,,,,,,,,,,,,,,,
332875,Rebecca Wilde,,,,,,,Female,,,,,,,,,,,,,,,,
332876,Oliver Wilkes,,,,,,,Male,,,,,,,,,,,,,,,,
332877,Rasheed Broadbell,,,,,,,Male,,,,,,,,,,,,,,,,
332878,Katherin Echandia,,,,,,,Female,,,,,,,,,,,,,,,,
332879,Anyelin Venegas,,,,,,,Female,,,,,,,,,,,,,,,,
332880,Jack Harvey,,,,,,,Male,,,,,,,,,,,,,,,,
332881,Jakub Mensik,,,,,,,Male,,,,,,,,,,,,,,,,
332882,Karolina Muchova,,,,,,,Female,,,,,,,,,,,,,,,,
332883,Linda Noskova,,,,,,,Female,,,,,,,,,,,,,,,,
332884,Adam Pavlasek,,,,,,,Male,,,,,,,,,,,,,,,,
332886,Joshua Wyse,,,,,,,Male,,,,,,,,,,,,,,,,
332887,Douglas Gomez,,,,,,,Male,,,,,,,,,,,,,,,,
332888,Beriso Shankule,,,,,,,Female,,,,,,,,,,,,,,,,
332889,Megertu Alemu,,,,,,,Female,,,,,,,,,,,,,,,,
332890,Cedrick Belony-duliepre,,,,,,,Male,,,,,,,,,,,,,,,,
332891,Denis Tapia,,,,,,,Female,,,,,,,,,,,,,,,,
332892,Siqi Yang,,,,,,,Female,,,,,,,,,,,,,,,,
332893,Yiwen Chen,,,,,,,Female,,,,,,,,,,,,,,,,
332894,Yani Chang,,,,,,,Female,,,,,,,,,,,,,,,,
332895,Yuxi Chen,,,,,,,Female,,,,,,,,,,,,,,,,
332897,Zongyuan Wang,,,,,,,Male,,,,,,,,,,,,,,,,
332899,Daoyi Long,,,,,,,Male,,,,,,,,,,,,,,,,
332900,Hao Yang,,,,,,,Male,,,,,,,,,,,,,,,,
332901,Junjie Lian,,,,,,,Male,,,,,,,,,,,,,,,,
332903,Ariana Rodriguez,,,,,,,Female,,,,,,,,,,,,,,,,
332904,de Bethania,,,,,,,Female,,,,,,,,,,,,,,,,
332906,Jae Cho,,,,,,,Male,,,,,,,,,,,,,,,,
332907,Dongyeol Choi,,,,,,,Male,,,,,,,,,,,,,,,,
332908,Yeonkyung Hur,,,,,,,Female,,,,,,,,,,,,,,,,
332909,Yoonseo Hur,,,,,,,Female,,,,,,,,,,,,,,,,
332910,Sunwoo Hwang,,,,,,,Male,,,,,,,,,,,,,,,,
332911,Yuchan Ji,,,,,,,Male,,,,,,,,,,,,,,,,
332912,Jihun Kim,,,,,,,Male,,,,,,,,,,,,,,,,
332913,Minseo Kim,,,,,,,Male,,,,,,,,,,,,,,,,
332914,Nahyun Kim,,,,,,,Female,,,,,,,,,,,,,,,,
332915,Seoyeong Kim,,,,,,,Female,,,,,,,,,,,,,,,,
332916,Suji Kim,,,,,,,Female,,,,,,,,,,,,,,,,
332917,Yeonghyeon Kim,,,,,,,Male,,,,,,,,,,,,,,,,
332918,Yeongtaek Kim,,,,,,,Male,,,,,,,,,,,,,,,,
332919,Eunji Lee,,,,,,,Female,,,,,,,,,,,,,,,,
332922,Riyoung Lee,,,,,,,Female,,,,,,,,,,,,,,,,
332923,Yooyeon Lee,,,,,,,Male,,,,,,,,,,,,,,,,
332924,Jungwhi Shin,,,,,,,Male,,,,,,,,,,,,,,,,
332926,Jaehoon Yang,,,,,,,Male,,,,,,,,,,,,,,,,
332927,Jaegyeong Yi,,,,,,,Male,,,,,,,,,,,,,,,,
332929,Ning Zhang,,,,,,,Male,,,,,,,,,,,,,,,,
332930,Yuanbo Zhu,,,,,,,Male,,,,,,,,,,,,,,,,
332931,Wenbo Lu,,,,,,,Male,,,,,,,,,,,,,,,,
332932,Jiaren Zhao,,,,,,,Male,,,,,,,,,,,,,,,,
332933,Jiyuan Wan,,,,,,,Female,,,,,,,,,,,,,,,,
332934,Mingling Chen,,,,,,,Female,,,,,,,,,,,,,,,,
332935,Zhiting Zhang,,,,,,,Female,,,,,,,,,,,,,,,,
332939,Xu Han,,,,,,,Female,,,,,,,,,,,,,,,,
332940,Sijing Huang,,,,,,,Female,,,,,,,,,,,,,,,,
332941,Meng Li,,,,,,,Female,,,,,,,,,,,,,,,,
332942,Yueru Li,,,,,,,Female,,,,,,,,,,,,,,,,
332943,Xinyu Luo,,,,,,,Female,,,,,,,,,,,,,,,,
332944,Tongtong Wu,,,,,,,Female,,,,,,,,,,,,,,,,
332945,Liwei Yang,,,,,,,Female,,,,,,,,,,,,,,,,
332946,Shuyu Yang,,,,,,,Female,,,,,,,,,,,,,,,,
332947,Ru Zhang,,,,,,,Female,,,,,,,,,,,,,,,,
332948,Mengran Sun,,,,,,,Female,,,,,,,,,,,,,,,,
332949,Estefany Arias,,,,,,,Female,,,,,,,,,,,,,,,,
332954,Josh Hawkinson,,,,,,,Male,,,,,,,,,,,,,,,,
332955,Akira Jacobs,,,,,,,Male,,,,,,,,,,,,,,,,
332957,Kai Toews,,,,,,,Male,,,,,,,,,,,,,,,,
332958,Hirotaka Yoshii,,,,,,,Male,,,,,,,,,,,,,,,,
332961,Coco Yoshizawa,,,,,,,Female,,,,,,,,,,,,,,,,
332962,Ginwoo Onodera,,,,,,,Male,,,,,,,,,,,,,,,,
332963,Yuro Nagahara,,,,,,,Male,,,,,,,,,,,,,,,,
332964,Hinano Kusaki,,,,,,,Female,,,,,,,,,,,,,,,,
332965,Liz Akama,,,,,,,Female,,,,,,,,,,,,,,,,
332966,Cocona Hiraki,,,,,,,Female,,,,,,,,,,,,,,,,
332968,Premanut Wattananusith,,,,,,,Male,,,,,,,,,,,,,,,,
332969,Elizaveta Pecherskikh,,,,,,,Female,,,,,,,,,,,,,,,,
332970,Hunyoung Jeon,,,,,,,Female,,,,,,,,,,,,,,,,
332971,Deok Kim,,,,,,,Male,,,,,,,,,,,,,,,,
332973,Wooseok Lee,,,,,,,Male,,,,,,,,,,,,,,,,
332974,Sihyeon Lim,,,,,,,Female,,,,,,,,,,,,,,,,
332975,Suhyeon Nam,,,,,,,Female,,,,,,,,,,,,,,,,
332976,Akiko Hasegawa,,,,,,,Female,,,,,,,,,,,,,,,,
332977,Jeemin Ha,,,,,,,Male,,,,,,,,,,,,,,,,
332978,Gerald Geay,,,,,,,Male,,,,,,,,,,,,,,,,
332979,Zhendong Fan,,,,,,,Male,,,,,,,,,,,,,,,,
332980,Long Ma,,,,,,,Male,,,,,,,,,,,,,,,,
332981,Chuqin Wang,,,,,,,Male,,,,,,,,,,,,,,,,
332982,Meng Chen,,,,,,,Female,,,,,,,,,,,,,,,,
332984,Manyu Wang,,,,,,,Female,,,,,,,,,,,,,,,,
332985,Asim Al,,,,,,,Male,,,,,,,,,,,,,,,,
332986,Minna Abraham,,,,,,,Female,,,,,,,,,,,,,,,,
332987,David Betlehem,,,,,,,Male,,,,,,,,,,,,,,,,
332988,Jonathan Weston,,,,,,,Male,,,,,,,,,,,,,,,,
332989,Ziwei Mo,,,,,,,Male,,,,,,,,,,,,,,,,
332990,Bin Wu,,,,,,,Male,,,,,,,,,,,,,,,,
332991,Jie Xu,,,,,,,Male,,,,,,,,,,,,,,,,
332992,Haiwei Chen,,,,,,,Male,,,,,,,,,,,,,,,,
332993,Chenpeng Shen,,,,,,,Male,,,,,,,,,,,,,,,,
332994,Jade Gillet,,,,,,,Female,,,,,,,,,,,,,,,,
332995,Nais Gillet,,,,,,,Female,,,,,,,,,,,,,,,,
332996,Emily Hallifax,,,,,,,Female,,,,,,,,,,,,,,,,
332997,Juliette Landi,,,,,,,Female,,,,,,,,,,,,,,,,
332998,Gwendal Bisch,,,,,,,Male,,,,,,,,,,,,,,,,
332999,Jules Bouyer,,,,,,,Male,,,,,,,,,,,,,,,,
333000,Gary Hunt,,,,,,,Male,,,,,,,,,,,,,,,,
333001,Alexis Jandard,,,,,,,Male,,,,,,,,,,,,,,,,
333002,Lois Szymczak,,,,,,,Male,,,,,,,,,,,,,,,,
333003,Benyapa Jantawan,,,,,,,Female,,,,,,,,,,,,,,,,
333004,Zijie Wang,,,,,,,Male,,,,,,,,,,,,,,,,
333005,Bettina Fabian,,,,,,,Female,,,,,,,,,,,,,,,,
333006,Qingyuan Chen,,,,,,,Female,,,,,,,,,,,,,,,,
333007,Qianqian Huang,,,,,,,Female,,,,,,,,,,,,,,,,
333008,Yuting Wang,,,,,,,Female,,,,,,,,,,,,,,,,
333009,Elena Vorobeva,,,,,,,Female,,,,,,,,,,,,,,,,
333011,Junyao Tang,,,,,,,Female,,,,,,,,,,,,,,,,
333012,Nuo Xu,,,,,,,Female,,,,,,,,,,,,,,,,
333013,Sihan Yu,,,,,,,Female,,,,,,,,,,,,,,,,
333015,Jangwoo Kim,,,,,,,Male,,,,,,,,,,,,,,,,
333017,Youssef Abdel-aziz,,,,,,,Male,,,,,,,,,,,,,,,,
333018,Nada Mohamed,,,,,,,Female,,,,,,,,,,,,,,,,
333020,Mohamed El-beiali,,,,,,,Male,,,,,,,,,,,,,,,,
333022,Aisuluu Tynybekova,,,,,,,Female,,,,,,,,,,,,,,,,
333023,Dimitrov Andreev,,,,,,,Male,,,,,,,,,,,,,,,,
333025,Yervand Mkrtchyan,,,,,,,Male,,,,,,,,,,,,,,,,
333026,Aiperi Medet,,,,,,,Female,,,,,,,,,,,,,,,,
333027,Mariam Alhodaby,,,,,,,Female,,,,,,,,,,,,,,,,
333029,Hana Goda,,,,,,,Female,,,,,,,,,,,,,,,,
333031,Sasikarn Tongchan,,,,,,,Female,,,,,,,,,,,,,,,,
333033,Bartlomiej Boladz,,,,,,,Male,,,,,,,,,,,,,,,,
333034,Tomasz Fornal,,,,,,,Male,,,,,,,,,,,,,,,,
333035,Norbert Huber,,,,,,,Male,,,,,,,,,,,,,,,,
333036,Marcin Janusz,,,,,,,Male,,,,,,,,,,,,,,,,
333038,Wilfredo Leon,,,,,,,Male,,,,,,,,,,,,,,,,
333040,Oceane Cassignol,,,,,,,Female,,,,,,,,,,,,,,,,
333041,Caroline Jouisse,,,,,,,Female,,,,,,,,,,,,,,,,
333042,Logan Fontaine,,,,,,,Male,,,,,,,,,,,,,,,,
333044,Vivien Jackl,,,,,,,Female,,,,,,,,,,,,,,,,
333045,Adam Jaszo,,,,,,,Male,,,,,,,,,,,,,,,,
333046,Petkov Dimov,,,,,,,Male,,,,,,,,,,,,,,,,
333047,May Nasar,,,,,,,Male,,,,,,,,,,,,,,,,
333048,Luka Cindric,,,,,,,Male,,,,,,,,,,,,,,,,
333050,Nikola Grahovac,,,,,,,Male,,,,,,,,,,,,,,,,
333051,Banlung Tubtimdang,,,,,,,Male,,,,,,,,,,,,,,,,
333052,Rani Rosius,,,,,,,Female,,,,,,,,,,,,,,,,
333053,Daniel Segers,,,,,,,Male,,,,,,,,,,,,,,,,
333054,Pieter Sisk,,,,,,,Male,,,,,,,,,,,,,,,,
333055,Michael Somers,,,,,,,Male,,,,,,,,,,,,,,,,
333056,Vanessa Sterckendries,,,,,,,Female,,,,,,,,,,,,,,,,
333059,Vasile Usturoi,,,,,,,Male,,,,,,,,,,,,,,,,
333060,Bethy Mununga,,,,,,,Female,,,,,,,,,,,,,,,,
333062,Aiko Gommers,,,,,,,Female,,,,,,,,,,,,,,,,
333063,Ruben Gommers,,,,,,,Male,,,,,,,,,,,,,,,,
333064,Wannes Magdelijns,,,,,,,Male,,,,,,,,,,,,,,,,
333065,Valerie Vossen,,,,,,,Female,,,,,,,,,,,,,,,,
333066,Justine Ghekiere,,,,,,,Female,,,,,,,,,,,,,,,,
333068,de Katrijn,,,,,,,Female,,,,,,,,,,,,,,,,
333069,de Lindsay,,,,,,,Male,,,,,,,,,,,,,,,,
333070,Nicky Degrendele,,,,,,,Female,,,,,,,,,,,,,,,,
333071,Tuur Dens,,,,,,,Male,,,,,,,,,,,,,,,,
333072,Helene Hesters,,,,,,,Female,,,,,,,,,,,,,,,,
333073,Lani Wittevrongel,,,,,,,Female,,,,,,,,,,,,,,,,
333074,de Pierre,,,,,,,Male,,,,,,,,,,,,,,,,
333075,Emeline Detilleux,,,,,,,Female,,,,,,,,,,,,,,,,
333077,de Flore,,,,,,,Female,,,,,,,,,,,,,,,,
333078,Charlotte Defalque,,,,,,,Female,,,,,,,,,,,,,,,,
333079,Gilles Thomas,,,,,,,Male,,,,,,,,,,,,,,,,
333081,Maarten Boon,,,,,,,Male,,,,,,,,,,,,,,,,
333082,de Lara,,,,,,,Female,,,,,,,,,,,,,,,,
333084,Tine Magnus,,,,,,,Female,,,,,,,,,,,,,,,,
333085,de Manon,,,,,,,Female,,,,,,,,,,,,,,,,
333086,Adrien Dumont,,,,,,,Male,,,,,,,,,,,,,,,,
333087,Glen Cuyle,,,,,,,Male,,,,,,,,,,,,,,,,
333089,Noah Kuavita,,,,,,,Male,,,,,,,,,,,,,,,,
333090,Ambre Ballenghien,,,,,,,Female,,,,,,,,,,,,,,,,
333091,Camille Belis,,,,,,,Female,,,,,,,,,,,,,,,,
333092,Vanessa Blockmans,,,,,,,Female,,,,,,,,,,,,,,,,
333094,Helene Brasseur,,,,,,,Female,,,,,,,,,,,,,,,,
333095,Lucie Breyne,,,,,,,Female,,,,,,,,,,,,,,,,
333097,de Arthur,,,,,,,Male,,,,,,,,,,,,,,,,
333100,Alexander Hendrickx,,,,,,,Male,,,,,,,,,,,,,,,,
333101,Lien Hillewaert,,,,,,,Female,,,,,,,,,,,,,,,,
333102,Delphine-daphne Marien,,,,,,,Female,,,,,,,,,,,,,,,,
333104,Nelson Onana,,,,,,,Male,,,,,,,,,,,,,,,,
333105,Elodie Picard,,,,,,,Female,,,,,,,,,,,,,,,,
333106,Emma Puvrez,,,,,,,Female,,,,,,,,,,,,,,,,
333107,Justine Rasir,,,,,,,Female,,,,,,,,,,,,,,,,
333108,Abigail Raye,,,,,,,Female,,,,,,,,,,,,,,,,
333109,Thibeau Stockbroekx,,,,,,,Male,,,,,,,,,,,,,,,,
333110,Michelle Struijk,,,,,,,Female,,,,,,,,,,,,,,,,
333111,van Florent,,,,,,,Male,,,,,,,,,,,,,,,,
333112,Emily White,,,,,,,Female,,,,,,,,,,,,,,,,
333113,Jorre Verstraeten,,,,,,,Male,,,,,,,,,,,,,,,,
333114,Gabriella Willems,,,,,,,Female,,,,,,,,,,,,,,,,
333116,Tibo Vyvey,,,,,,,Male,,,,,,,,,,,,,,,,
333117,Lucas Claeyssens,,,,,,,Male,,,,,,,,,,,,,,,,
333118,de William,,,,,,,Male,,,,,,,,,,,,,,,,
333119,Jan Heuninck,,,,,,,Male,,,,,,,,,,,,,,,,
333120,Eline Verstraelen,,,,,,,Female,,,,,,,,,,,,,,,,
333121,Sarah Chaari,,,,,,,Female,,,,,,,,,,,,,,,,
333124,Jolien Vermeylen,,,,,,,Female,,,,,,,,,,,,,,,,
333125,Cedric Nuytinck,,,,,,,Male,,,,,,,,,,,,,,,,
333126,Lovre Klarica,,,,,,,Male,,,,,,,,,,,,,,,,
333127,Dominik Kuzmanovic,,,,,,,Male,,,,,,,,,,,,,,,,
333128,Tin Lucin,,,,,,,Male,,,,,,,,,,,,,,,,
333129,Matej Mandic,,,,,,,Male,,,,,,,,,,,,,,,,
333130,Ivan Martinovic,,,,,,,Male,,,,,,,,,,,,,,,,
333131,Lovro Mihic,,,,,,,Male,,,,,,,,,,,,,,,,
333132,Veron Nacinovic,,,,,,,Male,,,,,,,,,,,,,,,,
333133,Josi Sarac,,,,,,,Male,,,,,,,,,,,,,,,,
333134,Marin Sipic,,,,,,,Male,,,,,,,,,,,,,,,,
333135,Mario Sostaric,,,,,,,Male,,,,,,,,,,,,,,,,
333136,Zvonimir Srna,,,,,,,Male,,,,,,,,,,,,,,,,
333137,Ainhoa Dot,,,,,,,Female,,,,,,,,,,,,,,,,
333138,Samir Ait,,,,,,,Male,,,,,,,,,,,,,,,,
333140,de Melanie,,,,,,,Female,,,,,,,,,,,,,,,,
333141,Coline Devillard,,,,,,,Female,,,,,,,,,,,,,,,,
333142,Morgane Osyssek-reimer,,,,,,,Female,,,,,,,,,,,,,,,,
333143,Manelle Inaho,,,,,,,Female,,,,,,,,,,,,,,,,
333144,Celia Joseph-noel,,,,,,,Female,,,,,,,,,,,,,,,,
333145,Helene Karbanov,,,,,,,Female,,,,,,,,,,,,,,,,
333146,Justine Lavit,,,,,,,Female,,,,,,,,,,,,,,,,
333147,Lozea Vilarino,,,,,,,Female,,,,,,,,,,,,,,,,
333148,Pierre Gouzou,,,,,,,Male,,,,,,,,,,,,,,,,
333150,Alexander Cohoon,,,,,,,Male,,,,,,,,,,,,,,,,
333151,Constance Colbert,,,,,,,Female,,,,,,,,,,,,,,,,
333152,Luke Greenbank,,,,,,,Male,,,,,,,,,,,,,,,,
333154,Eira Harris,,,,,,,Female,,,,,,,,,,,,,,,,
333155,Richard Litchfield,,,,,,,Male,,,,,,,,,,,,,,,,
333156,Louise Macinnes,,,,,,,Female,,,,,,,,,,,,,,,,
333157,McMILLAN Jack,,,,,,,Male,,,,,,,,,,,,,,,,
333158,Oliver Morgan,,,,,,,Male,,,,,,,,,,,,,,,,
333159,Eva Okaro,,,,,,,Female,,,,,,,,,,,,,,,,
333161,Matthew Richards,,,,,,,Male,,,,,,,,,,,,,,,,
333163,Katie Shanahan,,,,,,,Female,,,,,,,,,,,,,,,,
333164,Henry Whittle,,,,,,,Male,,,,,,,,,,,,,,,,
333166,Katryna Esposito,,,,,,,Female,,,,,,,,,,,,,,,,
333168,Alessandra Fanali,,,,,,,Female,,,,,,,,,,,,,,,,
333170,Laelys Alavez,,,,,,,Female,,,,,,,,,,,,,,,,
333171,Anastasia Bayandina,,,,,,,Female,,,,,,,,,,,,,,,,
333172,Manon Disbeaux,,,,,,,Female,,,,,,,,,,,,,,,,
333173,Ambre Esnault,,,,,,,Female,,,,,,,,,,,,,,,,
333175,Romane Lunel,,,,,,,Female,,,,,,,,,,,,,,,,
333176,Eve Planeix,,,,,,,Female,,,,,,,,,,,,,,,,
333177,Yujin Kim,,,,,,,Female,,,,,,,,,,,,,,,,
333178,Dabin Lee,,,,,,,Female,,,,,,,,,,,,,,,,
333179,Taejoon Park,,,,,,,Male,,,,,,,,,,,,,,,,
333180,Geonwoo Seo,,,,,,,Male,,,,,,,,,,,,,,,,
333181,Alberto Amezcua,,,,,,,Male,,,,,,,,,,,,,,,,
333183,Julio Arenas,,,,,,,Male,,,,,,,,,,,,,,,,
333184,Mohamed Attaoui,,,,,,,Male,,,,,,,,,,,,,,,,
333185,Carmen Aviles,,,,,,,Female,,,,,,,,,,,,,,,,
333186,Barbara Camblor,,,,,,,Female,,,,,,,,,,,,,,,,
333187,Inaki Canal,,,,,,,Male,,,,,,,,,,,,,,,,
333188,Ibrahim Chakir,,,,,,,Male,,,,,,,,,,,,,,,,
333189,Antia Chamosa,,,,,,,Female,,,,,,,,,,,,,,,,
333190,Alejandro Diaz,,,,,,,Male,,,,,,,,,,,,,,,,
333191,Tessy Ebosele,,,,,,,Female,,,,,,,,,,,,,,,,
333192,Marta Garcia,,,,,,,Female,,,,,,,,,,,,,,,,
333195,Paula Garcia,,,,,,,Female,,,,,,,,,,,,,,,,
333196,Mario Garcia,,,,,,,Male,,,,,,,,,,,,,,,,
333198,Manuel Guijarro,,,,,,,Male,,,,,,,,,,,,,,,,
333199,Blanca Hervas,,,,,,,Female,,,,,,,,,,,,,,,,
333200,Lorea Ibarzabal,,,,,,,Female,,,,,,,,,,,,,,,,
333201,Enrique Llopis,,,,,,,Male,,,,,,,,,,,,,,,,
333203,Majida Maayouf,,,,,,,Female,,,,,,,,,,,,,,,,
333204,Lorena Martin,,,,,,,Female,,,,,,,,,,,,,,,,
333205,McGRATH Paul,,,,,,,Male,,,,,,,,,,,,,,,,
333207,Sonia Molina-prados,,,,,,,Female,,,,,,,,,,,,,,,,
333208,Cristina Montesinos,,,,,,,Female,,,,,,,,,,,,,,,,
333209,Agueda Marques,,,,,,,Female,,,,,,,,,,,,,,,,
333210,Esther Navarrete,,,,,,,Female,,,,,,,,,,,,,,,,
333211,Esther Navero,,,,,,,Female,,,,,,,,,,,,,,,,
333212,Thierry Ndikumwenayo,,,,,,,Male,,,,,,,,,,,,,,,,
333213,Tariku Novales,,,,,,,Male,,,,,,,,,,,,,,,,
333214,Abdessamad Oukhelfen,,,,,,,Male,,,,,,,,,,,,,,,,
333215,Herminia Parra,,,,,,,Female,,,,,,,,,,,,,,,,
333216,Yoana Georgieva,,,,,,,Female,,,,,,,,,,,,,,,,
333217,Samuel Dickinson,,,,,,,Male,,,,,,,,,,,,,,,,
333219,Kate Waugh,,,,,,,Female,,,,,,,,,,,,,,,,
333220,Anni-linnea Alanen,,,,,,,Female,,,,,,,,,,,,,,,,
333221,Nathalie Blomqvist,,,,,,,Female,,,,,,,,,,,,,,,,
333222,Lotta Harala,,,,,,,Female,,,,,,,,,,,,,,,,
333224,Lotta Kemppinen,,,,,,,Female,,,,,,,,,,,,,,,,
333225,Toni Keranen,,,,,,,Male,,,,,,,,,,,,,,,,
333226,Suvi Koskinen,,,,,,,Female,,,,,,,,,,,,,,,,
333227,Urho Kujanpaa,,,,,,,Male,,,,,,,,,,,,,,,,
333228,Sara Lappalainen,,,,,,,Female,,,,,,,,,,,,,,,,
333229,Eveliina Maattanen,,,,,,,Female,,,,,,,,,,,,,,,,
333230,Ilona Mononen,,,,,,,Female,,,,,,,,,,,,,,,,
333234,Camilla Richardsson,,,,,,,Female,,,,,,,,,,,,,,,,
333235,Saga Vanninen,,,,,,,Female,,,,,,,,,,,,,,,,
333236,(jr) Larocca,,,,,,,Male,,,,,,,,,,,,,,,,
333237,Michael Bargeron,,,,,,,Male,,,,,,,,,,,,,,,,
333238,John Coward-holley,,,,,,,Male,,,,,,,,,,,,,,,,
333239,Nathan Hales,,,,,,,Male,,,,,,,,,,,,,,,,
333240,Charlotte Hall,,,,,,,Female,,,,,,,,,,,,,,,,
333242,Kristofer Kaljulaid,,,,,,,Male,,,,,,,,,,,,,,,,
333243,Atef Ahmed,,,,,,,Male,,,,,,,,,,,,,,,,
333244,Elena Kulichenko,,,,,,,Female,,,,,,,,,,,,,,,,
333248,Ruby Evans,,,,,,,Female,,,,,,,,,,,,,,,,
333249,Georgia-mae Fenton,,,,,,,Female,,,,,,,,,,,,,,,,
333251,Harry Hepworth,,,,,,,Male,,,,,,,,,,,,,,,,
333252,Jake Jarman,,,,,,,Male,,,,,,,,,,,,,,,,
333253,Abigail Martin,,,,,,,Female,,,,,,,,,,,,,,,,
333255,Zak Perzamanos,,,,,,,Male,,,,,,,,,,,,,,,,
333256,Isabelle Songhurst,,,,,,,Female,,,,,,,,,,,,,,,,
333257,Luke Whitehouse,,,,,,,Male,,,,,,,,,,,,,,,,
333259,Dominika Hronova,,,,,,,Female,,,,,,,,,,,,,,,,
333260,Petra Stolbova,,,,,,,Female,,,,,,,,,,,,,,,,
333262,Antti Tekoniemi,,,,,,,Male,,,,,,,,,,,,,,,,
333263,Pihla Kaivo-oja,,,,,,,Female,,,,,,,,,,,,,,,,
333264,Anniina Ahtosalo,,,,,,,Female,,,,,,,,,,,,,,,,
333265,Noora Komulainen,,,,,,,Female,,,,,,,,,,,,,,,,
333266,Tapio Pulkkanen,,,,,,,Male,,,,,,,,,,,,,,,,
333267,Plamena Mitkova,,,,,,,Female,,,,,,,,,,,,,,,,
333268,Bozhidar Saraboyukov,,,,,,,Male,,,,,,,,,,,,,,,,
333269,Lia Lima,,,,,,,Female,,,,,,,,,,,,,,,,
333271,Henrique Mascarenhas,,,,,,,Male,,,,,,,,,,,,,,,,
333274,Ana Peleteiro-compaore,,,,,,,Female,,,,,,,,,,,,,,,,
333275,Isabel Perez,,,,,,,Female,,,,,,,,,,,,,,,,
333276,Yago Rojo,,,,,,,Male,,,,,,,,,,,,,,,,
333277,Irene Sanchez-escribano,,,,,,,Female,,,,,,,,,,,,,,,,
333278,Eva Santidrian,,,,,,,Female,,,,,,,,,,,,,,,,
333279,Berta Segura,,,,,,,Female,,,,,,,,,,,,,,,,
333280,Paula Sevilla,,,,,,,Female,,,,,,,,,,,,,,,,
333281,Meritxell Soler,,,,,,,Female,,,,,,,,,,,,,,,,
333282,Belen Toimil,,,,,,,Female,,,,,,,,,,,,,,,,
333283,Marta Alberto,,,,,,,Female,,,,,,,,,,,,,,,,
333285,Victoire Arnaud,,,,,,,Female,,,,,,,,,,,,,,,,
333286,Catherine Clot,,,,,,,Female,,,,,,,,,,,,,,,,
333287,Philippine Delemazure,,,,,,,Female,,,,,,,,,,,,,,,,
333288,Mathilde Duffrene,,,,,,,Female,,,,,,,,,,,,,,,,
333289,Lucie Ehrmann,,,,,,,Female,,,,,,,,,,,,,,,,
333290,Albane Garot,,,,,,,Female,,,,,,,,,,,,,,,,
333291,Delfina Gaspari,,,,,,,Female,,,,,,,,,,,,,,,,
333292,Mickaela Lahlah,,,,,,,Female,,,,,,,,,,,,,,,,
333293,Ines Lardeur,,,,,,,Female,,,,,,,,,,,,,,,,
333294,le Paola,,,,,,,Female,,,,,,,,,,,,,,,,
333295,Yohanna Lhopital,,,,,,,Female,,,,,,,,,,,,,,,,
333296,Mathilde Petriaux,,,,,,,Female,,,,,,,,,,,,,,,,
333297,Emma Ponthieu,,,,,,,Female,,,,,,,,,,,,,,,,
333298,Tessa-margot Schubert,,,,,,,Female,,,,,,,,,,,,,,,,
333299,van Guusje,,,,,,,Female,,,,,,,,,,,,,,,,
333300,Gabrielle Verrier,,,,,,,Female,,,,,,,,,,,,,,,,
333301,Eve Verzura,,,,,,,Female,,,,,,,,,,,,,,,,
333302,Kristof Milak,,,,,,,Male,,,,,,,,,,,,,,,,
333304,Peeter Juerisson,,,,,,,Male,,,,,,,,,,,,,,,,
333306,Marilia Quizelete,,,,,,,Female,,,,,,,,,,,,,,,,
333307,Dora Molnar,,,,,,,Female,,,,,,,,,,,,,,,,
333308,Chelcia Gabriel,,,,,,,Female,,,,,,,,,,,,,,,,
333309,Combe Seck,,,,,,,Female,,,,,,,,,,,,,,,,
333310,Dolores Rosario,,,,,,,Female,,,,,,,,,,,,,,,,
333311,Liliane Mario,,,,,,,Female,,,,,,,,,,,,,,,,
333312,Zlatko Kumric,,,,,,,Male,,,,,,,,,,,,,,,,
333313,Lara Andres,,,,,,,Female,,,,,,,,,,,,,,,,
333314,Aurelie Battu,,,,,,,Female,,,,,,,,,,,,,,,,
333315,Camelia Bouloukbachi,,,,,,,Female,,,,,,,,,,,,,,,,
333316,Audrey Daule,,,,,,,Female,,,,,,,,,,,,,,,,
333317,Juliette Dhalluin,,,,,,,Female,,,,,,,,,,,,,,,,
333318,Louise Guillet,,,,,,,Female,,,,,,,,,,,,,,,,
333319,Orsolya Hertzka,,,,,,,Female,,,,,,,,,,,,,,,,
333320,Valentine Heurtaux,,,,,,,Female,,,,,,,,,,,,,,,,
333321,St Martineaud,,,,,,,Female,,,,,,,,,,,,,,,,
333322,Camille Radosavljevic,,,,,,,Female,,,,,,,,,,,,,,,,
333323,Tiziana Raspo,,,,,,,Female,,,,,,,,,,,,,,,,
333324,Mia Rycraw,,,,,,,Female,,,,,,,,,,,,,,,,
333325,Ema Vernoux,,,,,,,Female,,,,,,,,,,,,,,,,
333326,Emil Bjorch,,,,,,,Male,,,,,,,,,,,,,,,,
333327,Alexandre Bodegas,,,,,,,Male,,,,,,,,,,,,,,,,
333328,Alexandre Bouet,,,,,,,Male,,,,,,,,,,,,,,,,
333330,Clement Dubois,,,,,,,Male,,,,,,,,,,,,,,,,
333331,Hugo Fontani,,,,,,,Male,,,,,,,,,,,,,,,,
333334,Romain Marion,,,,,,,Male,,,,,,,,,,,,,,,,
333336,Pierre-frederic Vanpeperstraete,,,,,,,Male,,,,,,,,,,,,,,,,
333337,Thomas Vernoux,,,,,,,Male,,,,,,,,,,,,,,,,
333338,Anton Finger,,,,,,,Male,,,,,,,,,,,,,,,,
333339,Pia Greiten,,,,,,,Female,,,,,,,,,,,,,,,,
333340,Max John,,,,,,,Male,,,,,,,,,,,,,,,,
333341,Soenke Kruse,,,,,,,Male,,,,,,,,,,,,,,,,
333342,Tim-ole Naske,,,,,,,Male,,,,,,,,,,,,,,,,
333343,Tabea Schendekehl,,,,,,,Female,,,,,,,,,,,,,,,,
333344,Mattes Schoenherr,,,,,,,Male,,,,,,,,,,,,,,,,
333345,Wolf-niclas Schroeder,,,,,,,Male,,,,,,,,,,,,,,,,
333346,Maren Voelz,,,,,,,Female,,,,,,,,,,,,,,,,
333348,Jonas Wiesen,,,,,,,Male,,,,,,,,,,,,,,,,
333349,Moritz Wolff,,,,,,,Male,,,,,,,,,,,,,,,,
333350,Alexandra Foester,,,,,,,Female,,,,,,,,,,,,,,,,
333351,Julius Christ,,,,,,,Male,,,,,,,,,,,,,,,,
333352,Frederik Breuer,,,,,,,Male,,,,,,,,,,,,,,,,
333353,Jonas Gelsen,,,,,,,Male,,,,,,,,,,,,,,,,
333354,Benedict Eggeling,,,,,,,Male,,,,,,,,,,,,,,,,
333356,Robeilys Peinado,,,,,,,Female,,,,,,,,,,,,,,,,
333357,Nikolett Padar,,,,,,,Female,,,,,,,,,,,,,,,,
333359,Leodan Torrealba,,,,,,,Male,,,,,,,,,,,,,,,,
333360,Yves Bourhis,,,,,,,Male,,,,,,,,,,,,,,,,
333361,Daniely Brea,,,,,,,Female,,,,,,,,,,,,,,,,
333363,Julia Mrozinski,,,,,,,Female,,,,,,,,,,,,,,,,
333364,Marek Ulrich,,,,,,,Male,,,,,,,,,,,,,,,,
333365,Luca Armbruster,,,,,,,Male,,,,,,,,,,,,,,,,
333366,Angelina Koehler,,,,,,,Female,,,,,,,,,,,,,,,,
333367,Rafael Miroslaw,,,,,,,Male,,,,,,,,,,,,,,,,
333368,Josha Salchow,,,,,,,Male,,,,,,,,,,,,,,,,
333369,Sven Schwarz,,,,,,,Male,,,,,,,,,,,,,,,,
333370,Lukas Maertens,,,,,,,Male,,,,,,,,,,,,,,,,
333371,Timo Sorgius,,,,,,,Male,,,,,,,,,,,,,,,,
333373,Cedric Buessing,,,,,,,Male,,,,,,,,,,,,,,,,
333374,Timo Barthel,,,,,,,Male,,,,,,,,,,,,,,,,
333375,Jette Muller,,,,,,,Female,,,,,,,,,,,,,,,,
333376,Saskia Oettinghaus,,,,,,,Female,,,,,,,,,,,,,,,,
333377,Alexandra Pfeif,,,,,,,Female,,,,,,,,,,,,,,,,
333379,Moritz Wesemann,,,,,,,Male,,,,,,,,,,,,,,,,
333380,Andreina Rodriguez,,,,,,,Female,,,,,,,,,,,,,,,,
333381,Shiloh Eikermann,,,,,,,Male,,,,,,,,,,,,,,,,
333382,Melvin Imoudu,,,,,,,Male,,,,,,,,,,,,,,,,
333383,Artem Selin,,,,,,,Male,,,,,,,,,,,,,,,,
333384,Leonie Maertens,,,,,,,Female,,,,,,,,,,,,,,,,
333385,Oliver Klemet,,,,,,,Male,,,,,,,,,,,,,,,,
333386,Nina Holt,,,,,,,Female,,,,,,,,,,,,,,,,
333387,Peter Varjasi,,,,,,,Male,,,,,,,,,,,,,,,,
333388,Nele Schulze,,,,,,,Female,,,,,,,,,,,,,,,,
333389,Kaii Winkler,,,,,,,Male,,,,,,,,,,,,,,,,
333390,Colette Camara,,,,,,,Female,,,,,,,,,,,,,,,,
333391,Jan Martinez,,,,,,,Male,,,,,,,,,,,,,,,,
333392,Luciano Palonsky,,,,,,,Male,,,,,,,,,,,,,,,,
333393,Santiago Danani,,,,,,,Male,,,,,,,,,,,,,,,,
333395,Ceneida Gonzalez,,,,,,,Female,,,,,,,,,,,,,,,,
333396,de Luciano,,,,,,,Male,,,,,,,,,,,,,,,,
333397,Sergio Koukartsev,,,,,,,Male,,,,,,,,,,,,,,,,
333398,Luciano Vicentin,,,,,,,Male,,,,,,,,,,,,,,,,
333399,Sthefany Gonzalez,,,,,,,Female,,,,,,,,,,,,,,,,
333401,Ameline Douarre,,,,,,,Female,,,,,,,,,,,,,,,,
333403,Mamadassa Sylla,,,,,,,Male,,,,,,,,,,,,,,,,
333404,Zion Miller,,,,,,,Male,,,,,,,,,,,,,,,,
333408,Devin Augustine,,,,,,,Male,,,,,,,,,,,,,,,,
333411,Nicolas Zerba,,,,,,,Male,,,,,,,,,,,,,,,,
333414,Antoine Andrews,,,,,,,Male,,,,,,,,,,,,,,,,
333415,Wendell Miller,,,,,,,Male,,,,,,,,,,,,,,,,
333416,Artem Dolgopyat,,,,,,,Male,,,,,,,,,,,,,,,,
333417,Jazmin Guillen,,,,,,,Female,,,,,,,,,,,,,,,,
333419,Shani Bakanov,,,,,,,Female,,,,,,,,,,,,,,,,
333420,Rhema Otabor,,,,,,,Female,,,,,,,,,,,,,,,,
333421,Diana Svertsov,,,,,,,Female,,,,,,,,,,,,,,,,
333422,Charisma Taylor,,,,,,,Female,,,,,,,,,,,,,,,,
333423,Romi Paritzki,,,,,,,Female,,,,,,,,,,,,,,,,
333424,Ofir Shaham,,,,,,,Female,,,,,,,,,,,,,,,,
333425,Jose Maita,,,,,,,Male,,,,,,,,,,,,,,,,
333426,Adar Friedmann,,,,,,,Female,,,,,,,,,,,,,,,,
333427,Daria Atamanov,,,,,,,Female,,,,,,,,,,,,,,,,
333428,Dharlenis Marte,,,,,,,Female,,,,,,,,,,,,,,,,
333429,Yoveinny Mota,,,,,,,Female,,,,,,,,,,,,,,,,
333430,Lucas Guzman,,,,,,,Male,,,,,,,,,,,,,,,,
333431,Lamar Taylor,,,,,,,Male,,,,,,,,,,,,,,,,
333432,Rhanishka Gibbs,,,,,,,Female,,,,,,,,,,,,,,,,
333436,William Dodd,,,,,,,Male,,,,,,,,,,,,,,,,
333437,Ryder Dodd,,,,,,,Male,,,,,,,,,,,,,,,,
333439,Adrian Weinberg,,,,,,,Male,,,,,,,,,,,,,,,,
333440,Mary Ausmus,,,,,,,Female,,,,,,,,,,,,,,,,
333442,Jenna Flynn,,,,,,,Female,,,,,,,,,,,,,,,,
333445,Ryann Neushul,,,,,,,Female,,,,,,,,,,,,,,,,
333446,Tara Prentice,,,,,,,Female,,,,,,,,,,,,,,,,
333447,Jordan Raney,,,,,,,Female,,,,,,,,,,,,,,,,
333448,Jewel Roemer,,,,,,,Female,,,,,,,,,,,,,,,,
333449,Jovana Sekulic,,,,,,,Female,,,,,,,,,,,,,,,,
333450,Alfonso Arias,,,,,,,Male,,,,,,,,,,,,,,,,
333451,Stefany Cuadrado,,,,,,,Female,,,,,,,,,,,,,,,,
333452,Enrique Mestre,,,,,,,Male,,,,,,,,,,,,,,,,
333453,James Birkett,,,,,,,Male,,,,,,,,,,,,,,,,
333454,Esti Olivier,,,,,,,Female,,,,,,,,,,,,,,,,
333455,Hamish Lovemore,,,,,,,Male,,,,,,,,,,,,,,,,
333456,Amber Koch,,,,,,,Female,,,,,,,,,,,,,,,,
333457,Salima Ahmadou,,,,,,,Female,,,,,,,,,,,,,,,,
333458,Marouane Mamane,,,,,,,Male,,,,,,,,,,,,,,,,
333459,Paola Pena,,,,,,,Female,,,,,,,,,,,,,,,,
333461,Rinka Matsuda,,,,,,,Female,,,,,,,,,,,,,,,,
333462,Yukino Tsujisaki,,,,,,,Female,,,,,,,,,,,,,,,,
333463,Arisa Nishi,,,,,,,Female,,,,,,,,,,,,,,,,
333464,Hanako Utsumi,,,,,,,Female,,,,,,,,,,,,,,,,
333465,Kazuma Ueda,,,,,,,Male,,,,,,,,,,,,,,,,
333466,Kippei Taninaka,,,,,,,Male,,,,,,,,,,,,,,,,
333467,Takamasa Maruo,,,,,,,Male,,,,,,,,,,,,,,,,
333468,Josua Kerevi,,,,,,,Male,,,,,,,,,,,,,,,,
333469,Taichi Yoshizawa,,,,,,,Male,,,,,,,,,,,,,,,,
333470,Yu Okudaira,,,,,,,Male,,,,,,,,,,,,,,,,
333471,Sakura Mizutani,,,,,,,Female,,,,,,,,,,,,,,,,
333472,Chiaki Saegusa,,,,,,,Female,,,,,,,,,,,,,,,,
333473,Yoshiyuki Koga,,,,,,,Male,,,,,,,,,,,,,,,,
333474,Yoshihiro Noguchi,,,,,,,Male,,,,,,,,,,,,,,,,
333475,Junya Matsumoto,,,,,,,Male,,,,,,,,,,,,,,,,
333476,Emii Tanaka,,,,,,,Female,,,,,,,,,,,,,,,,
333477,Taiga Ishida,,,,,,,Male,,,,,,,,,,,,,,,,
333478,Moeki Fukushi,,,,,,,Male,,,,,,,,,,,,,,,,
333479,Shotaro Tsuoka,,,,,,,Male,,,,,,,,,,,,,,,,
333481,Mei Ohtani,,,,,,,Female,,,,,,,,,,,,,,,,
333482,Kippei Ishida,,,,,,,Male,,,,,,,,,,,,,,,,
333484,Hayley Wong,,,,,,,Female,,,,,,,,,,,,,,,,
333485,Yunior Alcantara,,,,,,,Male,,,,,,,,,,,,,,,,
333486,Altagracia Moronta,,,,,,,Female,,,,,,,,,,,,,,,,
333487,Anh Vo,,,,,,,Female,,,,,,,,,,,,,,,,
333488,Leah Bertrand,,,,,,,Female,,,,,,,,,,,,,,,,
333489,Iowane Teba,,,,,,,Male,,,,,,,,,,,,,,,,
333490,Joseva Talacolo,,,,,,,Male,,,,,,,,,,,,,,,,
333491,Kaminieli Rasaku,,,,,,,Male,,,,,,,,,,,,,,,,
333492,Yu Feng,,,,,,,Female,,,,,,,,,,,,,,,,
333493,Hao Chang,,,,,,,Female,,,,,,,,,,,,,,,,
333494,Wentao Cheng,,,,,,,Female,,,,,,,,,,,,,,,,
333495,Ciyue Wang,,,,,,,Female,,,,,,,,,,,,,,,,
333496,Yayi Zhang,,,,,,,Female,,,,,,,,,,,,,,,,
333497,Liuyi Wang,,,,,,,Female,,,,,,,,,,,,,,,,
333498,Qianyi Wang,,,,,,,Female,,,,,,,,,,,,,,,,
333499,Yanning Xiao,,,,,,,Female,,,,,,,,,,,,,,,,
333500,Binxuan Xiang,,,,,,,Female,,,,,,,,,,,,,,,,
333501,Sanaa Frederick,,,,,,,Female,,,,,,,,,,,,,,,,
333502,Sole Frederick,,,,,,,Female,,,,,,,,,,,,,,,,
333503,Chenxi Cui,,,,,,,Female,,,,,,,,,,,,,,,,
333505,Yuanling Zhu,,,,,,,Female,,,,,,,,,,,,,,,,
333506,Haohao Zheng,,,,,,,Female,,,,,,,,,,,,,,,,
333507,Joji Nasova,,,,,,,Male,,,,,,,,,,,,,,,,
333508,Filipe Sauturaga,,,,,,,Male,,,,,,,,,,,,,,,,
333509,Sophia Latiff,,,,,,,Female,,,,,,,,,,,,,,,,
333510,Jehanara Nabi,,,,,,,Female,,,,,,,,,,,,,,,,
333511,Davlat Boltaev,,,,,,,Male,,,,,,,,,,,,,,,,
333512,Zalan Sarkany,,,,,,,Male,,,,,,,,,,,,,,,,
333513,Anishta Teeluck,,,,,,,Female,,,,,,,,,,,,,,,,
333516,Veera Manninen,,,,,,,Female,,,,,,,,,,,,,,,,
333517,Joanna Robinson,,,,,,,Female,,,,,,,,,,,,,,,,
333519,Sanna Siltakorpi,,,,,,,Female,,,,,,,,,,,,,,,,
333520,Martti Puumalainen,,,,,,,Male,,,,,,,,,,,,,,,,
333521,Luukas Saha,,,,,,,Male,,,,,,,,,,,,,,,,
333522,Jakob Eklund,,,,,,,Male,,,,,,,,,,,,,,,,
333523,Ronja Gronblom,,,,,,,Female,,,,,,,,,,,,,,,,
333524,Veera Hokka,,,,,,,Female,,,,,,,,,,,,,,,,
333525,Monika Mikkola,,,,,,,Female,,,,,,,,,,,,,,,,
333527,Noora Antikainen,,,,,,,Female,,,,,,,,,,,,,,,,
333528,Aleksi Leppa,,,,,,,Male,,,,,,,,,,,,,,,,
333529,Heili Sirvio,,,,,,,Female,,,,,,,,,,,,,,,,
333530,Petra Senanszky,,,,,,,Female,,,,,,,,,,,,,,,,
333531,M Abutaleb,,,,,,,Female,,,,,,,,,,,,,,,,
333532,Kevin Yu,,,,,,,Male,,,,,,,,,,,,,,,,
333533,Laurent L'entete,,,,,,,Male,,,,,,,,,,,,,,,,
333534,Eszter Szabo-feltothy,,,,,,,Female,,,,,,,,,,,,,,,,
333535,Wei-ling Hsu,,,,,,,Female,,,,,,,,,,,,,,,,
333536,Pei-yun Chien,,,,,,,Female,,,,,,,,,,,,,,,,
333537,Osman Elhaddad,,,,,,,Male,,,,,,,,,,,,,,,,
333538,Anastasiia Kirpichnikova,,,,,,,Female,,,,,,,,,,,,,,,,
333540,Marina Jehl,,,,,,,Female,,,,,,,,,,,,,,,,
333541,Pauline Mahieu,,,,,,,Female,,,,,,,,,,,,,,,,
333542,Mary-ambre Moluh,,,,,,,Female,,,,,,,,,,,,,,,,
333543,Lison Nowaczyk,,,,,,,Female,,,,,,,,,,,,,,,,
333544,Lilou Ressencourt,,,,,,,Female,,,,,,,,,,,,,,,,
333545,Emma Terebo,,,,,,,Female,,,,,,,,,,,,,,,,
333547,Pacome Bricout,,,,,,,Male,,,,,,,,,,,,,,,,
333548,Rafael Fente--damers,,,,,,,Male,,,,,,,,,,,,,,,,
333549,Roman Fuchs,,,,,,,Male,,,,,,,,,,,,,,,,
333550,Guillaume Guth,,,,,,,Male,,,,,,,,,,,,,,,,
333552,le Yann,,,,,,,Male,,,,,,,,,,,,,,,,
333555,Yohann Ndoye-brouard,,,,,,,Male,,,,,,,,,,,,,,,,
333556,Clement Secchi,,,,,,,Male,,,,,,,,,,,,,,,,
333557,Amazigh Yebba,,,,,,,Male,,,,,,,,,,,,,,,,
333559,Kunnari Sarkkinen,,,,,,,Male,,,,,,,,,,,,,,,,
333560,Martin Savolainen,,,,,,,Male,,,,,,,,,,,,,,,,
333561,Gaber Abdelsalam,,,,,,,Male,,,,,,,,,,,,,,,,
333563,Moustafa Issa,,,,,,,Male,,,,,,,,,,,,,,,,
333566,Tapiwanashe Makarawu,,,,,,,Male,,,,,,,,,,,,,,,,
333567,Daouda Tolo,,,,,,,Male,,,,,,,,,,,,,,,,
333568,Panna Ugrai,,,,,,,Female,,,,,,,,,,,,,,,,
333569,Azab Abdelrahman,,,,,,,Male,,,,,,,,,,,,,,,,
333570,Mijgona Samadova,,,,,,,Female,,,,,,,,,,,,,,,,
333571,Collins Saliboko,,,,,,,Male,,,,,,,,,,,,,,,,
333572,Ahmed Omar,,,,,,,Male,,,,,,,,,,,,,,,,
333576,Reda Haikal,,,,,,,Male,,,,,,,,,,,,,,,,
333578,Elhossiny Eissa,,,,,,,Male,,,,,,,,,,,,,,,,
333579,Dorte Balle,,,,,,,Female,,,,,,,,,,,,,,,,
333580,Malene Kejlstrup,,,,,,,Female,,,,,,,,,,,,,,,,
333581,Abdelrahman Seoudy,,,,,,,Male,,,,,,,,,,,,,,,,
333582,Irakli Chkheidze,,,,,,,Male,,,,,,,,,,,,,,,,
333583,671,,,,,,,Female,,,,,,,,,,,,,,,,
333584,Zi Ying,,,,,,,Female,,,,,,,,,,,,,,,,
333585,LITHE-ING,,,,,,,Male,,,,,,,,,,,,,,,,
333587,Rihab Elwalid,,,,,,,Female,,,,,,,,,,,,,,,,
333589,Esraa Owis,,,,,,,Female,,,,,,,,,,,,,,,,
333594,Koka Ahmed,,,,,,,Male,,,,,,,,,,,,,,,,
333595,Zhaoxiang Song,,,,,,,Male,,,,,,,,,,,,,,,,
333596,Yushuai Liang,,,,,,,Male,,,,,,,,,,,,,,,,
333597,Zeqi Zhou,,,,,,,Female,,,,,,,,,,,,,,,,
333598,Qing Guo,,,,,,,Female,,,,,,,,,,,,,,,,
333599,Zongshi Luo,,,,,,,Female,,,,,,,,,,,,,,,,
333600,Jie Song,,,,,,,Female,,,,,,,,,,,,,,,,
333601,Kristin Kuuba,,,,,,,Female,,,,,,,,,,,,,,,,
333602,Mercy Chebet,,,,,,,Female,,,,,,,,,,,,,,,,
333603,Ontuga Mweresa,,,,,,,Male,,,,,,,,,,,,,,,,
333604,Wyclife Kinyamal,,,,,,,Male,,,,,,,,,,,,,,,,
333605,Chebet Kiprotich,,,,,,,Female,,,,,,,,,,,,,,,,
333606,Jacob Krop,,,,,,,Male,,,,,,,,,,,,,,,,
333607,Emmanuel Wanyonyi,,,,,,,Male,,,,,,,,,,,,,,,,
333608,Nicholas Kipkorir,,,,,,,Male,,,,,,,,,,,,,,,,
333609,Chelimo Kipkemboi,,,,,,,Female,,,,,,,,,,,,,,,,
333610,Kamumbe Mutua,,,,,,,Female,,,,,,,,,,,,,,,,
333611,Amos Serem,,,,,,,Male,,,,,,,,,,,,,,,,
333612,Kasait Rengeruk,,,,,,,Female,,,,,,,,,,,,,,,,
333615,Faith Cherotich,,,,,,,Female,,,,,,,,,,,,,,,,
333617,Edwin Kurgat,,,,,,,Male,,,,,,,,,,,,,,,,
333618,Nyatichi Thomas,,,,,,,Female,,,,,,,,,,,,,,,,
333619,Mikhail Kushteyn,,,,,,,Male,,,,,,,,,,,,,,,,
333621,Faisal Osama,,,,,,,Male,,,,,,,,,,,,,,,,
333622,Johann Poolak,,,,,,,Male,,,,,,,,,,,,,,,,
333623,Mostafa Elgamel,,,,,,,Male,,,,,,,,,,,,,,,,
333624,Moustafa Mahmoud,,,,,,,Male,,,,,,,,,,,,,,,,
333625,McILROY Rory,,,,,,,Male,,,,,,,,,,,,,,,,
333626,Amr Hassan,,,,,,,Male,,,,,,,,,,,,,,,,
333628,Benson Kipruto,,,,,,,Male,,,,,,,,,,,,,,,,
333629,Nelly Chepchirchir,,,,,,,Female,,,,,,,,,,,,,,,,
333630,Beatrice Chebet,,,,,,,Female,,,,,,,,,,,,,,,,
333631,Brian Komen,,,,,,,Male,,,,,,,,,,,,,,,,
333632,Harold Achi-yao,,,,,,,Male,,,,,,,,,,,,,,,,
333633,Anthony Ammirati,,,,,,,Male,,,,,,,,,,,,,,,,
333634,Teo Andant,,,,,,,Male,,,,,,,,,,,,,,,,
333635,Laeticia Bapte,,,,,,,Female,,,,,,,,,,,,,,,,
333637,Clemence Beretta,,,,,,,Female,,,,,,,,,,,,,,,,
333638,Marie-julie Bonnin,,,,,,,Female,,,,,,,,,,,,,,,,
333639,Felix Bour,,,,,,,Male,,,,,,,,,,,,,,,,
333640,Anais Bourgoin,,,,,,,Female,,,,,,,,,,,,,,,,
333641,Tom Campagne,,,,,,,Male,,,,,,,,,,,,,,,,
333642,Ninon Chapelle,,,,,,,Female,,,,,,,,,,,,,,,,
333643,Yann Chaussinand,,,,,,,Male,,,,,,,,,,,,,,,,
333644,Thibaut Collet,,,,,,,Male,,,,,,,,,,,,,,,,
333645,Szabina Gercsak,,,,,,,Female,,,,,,,,,,,,,,,,
333646,Nicolas-marie Daru,,,,,,,Male,,,,,,,,,,,,,,,,
333647,Alexe Deau,,,,,,,Female,,,,,,,,,,,,,,,,
333648,Clement Ducos,,,,,,,Male,,,,,,,,,,,,,,,,
333649,Robin Emig,,,,,,,Male,,,,,,,,,,,,,,,,
333650,Jeff Erius,,,,,,,Male,,,,,,,,,,,,,,,,
333651,Alice Finot,,,,,,,Female,,,,,,,,,,,,,,,,
333652,Chloe Galet,,,,,,,Female,,,,,,,,,,,,,,,,
333653,Solene Gicquel,,,,,,,Female,,,,,,,,,,,,,,,,
333655,Makenson Gletty,,,,,,,Male,,,,,,,,,,,,,,,,
333656,Thomas Gogois,,,,,,,Male,,,,,,,,,,,,,,,,
333657,Mael Gouyette,,,,,,,Male,,,,,,,,,,,,,,,,
333658,Shana Grebo,,,,,,,Female,,,,,,,,,,,,,,,,
333659,Ilionis Guillaume,,,,,,,Female,,,,,,,,,,,,,,,,
333660,Agathe Guillemot,,,,,,,Female,,,,,,,,,,,,,,,,
333663,Gemima Joseph,,,,,,,Female,,,,,,,,,,,,,,,,
333664,Melody Julien,,,,,,,Female,,,,,,,,,,,,,,,,
333665,Lena Kandissounon,,,,,,,Female,,,,,,,,,,,,,,,,
333666,Abdallah Kounta,,,,,,,Male,,,,,,,,,,,,,,,,
333667,Hilary Kpatcha,,,,,,,Female,,,,,,,,,,,,,,,,
333668,Szofi Ozbas,,,,,,,Female,,,,,,,,,,,,,,,,
333669,Kamonlak Saencha,,,,,,,Female,,,,,,,,,,,,,,,,
333670,Damian Jajarabilla,,,,,,,Male,,,,,,,,,,,,,,,,
333671,Eliane Douillet,,,,,,,Female,,,,,,,,,,,,,,,,
333672,de Arianna,,,,,,,Female,,,,,,,,,,,,,,,,
333673,Dodji Kpade,,,,,,,Male,,,,,,,,,,,,,,,,
333674,Denis Taradin,,,,,,,Male,,,,,,,,,,,,,,,,
333676,Zsombor Veg,,,,,,,Male,,,,,,,,,,,,,,,,
333677,Dani Martinez,,,,,,,Male,,,,,,,,,,,,,,,,
333678,Santi Buitrago,,,,,,,Male,,,,,,,,,,,,,,,,
333680,Akilah Lewis,,,,,,,Female,,,,,,,,,,,,,,,,
333681,Martti Sciortino,,,,,,,Male,,,,,,,,,,,,,,,,
333682,Mc Shakeem,,,,,,,Male,,,,,,,,,,,,,,,,
333685,Victoria Yegres,,,,,,,Female,,,,,,,,,,,,,,,,
333686,Luca Mozzato,,,,,,,Male,,,,,,,,,,,,,,,,
333687,Arturo Silot,,,,,,,Male,,,,,,,,,,,,,,,,
333689,Robert Kubin,,,,,,,Male,,,,,,,,,,,,,,,,
333690,Richard Tury,,,,,,,Male,,,,,,,,,,,,,,,,
333691,Matej Dusa,,,,,,,Male,,,,,,,,,,,,,,,,
333692,Tamara Potocka,,,,,,,Female,,,,,,,,,,,,,,,,
333693,Karolina Schmiedlova,,,,,,,Female,,,,,,,,,,,,,,,,
333694,Mairbekovic Salkazanov,,,,,,,Male,,,,,,,,,,,,,,,,
333695,Zoltan Levai,,,,,,,Male,,,,,,,,,,,,,,,,
333696,David Losonczi,,,,,,,Male,,,,,,,,,,,,,,,,
333698,Sasha Zhoya,,,,,,,Male,,,,,,,,,,,,,,,,
333699,Auriana Lazraq-khlass,,,,,,,Female,,,,,,,,,,,,,,,,
333700,le Corentin,,,,,,,Male,,,,,,,,,,,,,,,,
333701,Rose Loga,,,,,,,Female,,,,,,,,,,,,,,,,
333702,Sarah Madeleine,,,,,,,Female,,,,,,,,,,,,,,,,
333703,Louise Maraval,,,,,,,Female,,,,,,,,,,,,,,,,
333704,Pablo Mateo,,,,,,,Male,,,,,,,,,,,,,,,,
333705,Nawal Meniker,,,,,,,Female,,,,,,,,,,,,,,,,
333706,Raphael Mohamed,,,,,,,Male,,,,,,,,,,,,,,,,
333707,Camille Moutard,,,,,,,Female,,,,,,,,,,,,,,,,
333709,Orlann Oliere,,,,,,,Female,,,,,,,,,,,,,,,,
333710,Helene Parisot,,,,,,,Female,,,,,,,,,,,,,,,,
333711,Loic Prevot,,,,,,,Male,,,,,,,,,,,,,,,,
333712,Aymeric Priam,,,,,,,Male,,,,,,,,,,,,,,,,
333713,Aurelien Quinion,,,,,,,Male,,,,,,,,,,,,,,,,
333714,Flavie Renouard,,,,,,,Female,,,,,,,,,,,,,,,,
333715,Tom Reux,,,,,,,Male,,,,,,,,,,,,,,,,
333716,Sarah Richard,,,,,,,Female,,,,,,,,,,,,,,,,
333717,Marie-ange Rimlinger,,,,,,,Female,,,,,,,,,,,,,,,,
333718,Meline Rollin,,,,,,,Female,,,,,,,,,,,,,,,,
333719,Fabrisio Saidy,,,,,,,Male,,,,,,,,,,,,,,,,
333720,Yann Schrub,,,,,,,Male,,,,,,,,,,,,,,,,
333721,David Sombe,,,,,,,Male,,,,,,,,,,,,,,,,
333722,Yann Spillmann,,,,,,,Male,,,,,,,,,,,,,,,,
333723,Pauline Stey,,,,,,,Female,,,,,,,,,,,,,,,,
333724,Sounkamba Sylla,,,,,,,Female,,,,,,,,,,,,,,,,
333727,Teura'itera'i Tupaia,,,,,,,Male,,,,,,,,,,,,,,,,
333728,Dylan Vermont,,,,,,,Male,,,,,,,,,,,,,,,,
333729,Marjorie Veyssiere,,,,,,,Female,,,,,,,,,,,,,,,,
333730,Mekdes Woldu,,,,,,,Female,,,,,,,,,,,,,,,,
333731,Alessia Zarbo,,,,,,,Female,,,,,,,,,,,,,,,,
333733,Rosie Eccles,,,,,,,Female,,,,,,,,,,,,,,,,
333734,Delicious Orie,,,,,,,Male,,,,,,,,,,,,,,,,
333735,Lewis Richardson,,,,,,,Male,,,,,,,,,,,,,,,,
333736,Victor Perez,,,,,,,Male,,,,,,,,,,,,,,,,
333737,Matthieu Pavon,,,,,,,Male,,,,,,,,,,,,,,,,
333738,Deandre Watkin,,,,,,,Male,,,,,,,,,,,,,,,,
333739,Jelani Walker,,,,,,,Male,,,,,,,,,,,,,,,,
333740,Santiago Catrofe,,,,,,,Male,,,,,,,,,,,,,,,,
333741,Valentin Otero,,,,,,,Male,,,,,,,,,,,,,,,,
333742,Roje Stona,,,,,,,Male,,,,,,,,,,,,,,,,
333744,Charlie Aldridge,,,,,,,Male,,,,,,,,,,,,,,,,
333747,Daniel Bigham,,,,,,,Male,,,,,,,,,,,,,,,,
333748,Sophie Capewell,,,,,,,Female,,,,,,,,,,,,,,,,
333750,Ross Cullen,,,,,,,Male,,,,,,,,,,,,,,,,
333751,Elizabeth Deignan,,,,,,,Female,,,,,,,,,,,,,,,,
333752,Emma Finucane,,,,,,,Female,,,,,,,,,,,,,,,,
333753,Pfeiffer Georgi,,,,,,,Female,,,,,,,,,,,,,,,,
333754,Anna Henderson,,,,,,,Female,,,,,,,,,,,,,,,,
333755,Louise Hutt,,,,,,,Female,,,,,,,,,,,,,,,,
333756,Ed Lowe,,,,,,,Male,,,,,,,,,,,,,,,,
333757,Ella Maclean-howell,,,,,,,Female,,,,,,,,,,,,,,,,
333758,Anna Morris,,,,,,,Female,,,,,,,,,,,,,,,,
333759,Thomas Pidcock,,,,,,,Male,,,,,,,,,,,,,,,,
333760,David Reilly,,,,,,,Male,,,,,,,,,,,,,,,,
333761,Bethany Shriever,,,,,,,Female,,,,,,,,,,,,,,,,
333762,Mark Stewart,,,,,,,Male,,,,,,,,,,,,,,,,
333763,Charlie Tanfield,,,,,,,Male,,,,,,,,,,,,,,,,
333764,Josh Tarling,,,,,,,Male,,,,,,,,,,,,,,,,
333765,Lowri Thomas,,,,,,,Female,,,,,,,,,,,,,,,,
333766,Joseph Truman,,,,,,,Male,,,,,,,,,,,,,,,,
333767,Hamish Turnbull,,,,,,,Male,,,,,,,,,,,,,,,,
333768,Oliver Wood,,,,,,,Male,,,,,,,,,,,,,,,,
333769,Elizabeth Worthington,,,,,,,Female,,,,,,,,,,,,,,,,
333770,Fred Wright,,,,,,,Male,,,,,,,,,,,,,,,,
333771,Angela Baron,,,,,,,Female,,,,,,,,,,,,,,,,
333772,Eric Fagundez,,,,,,,Male,,,,,,,,,,,,,,,,
333773,Linda Caicedo,,,,,,,Female,,,,,,,,,,,,,,,,
333774,Carolina Alcala,,,,,,,Female,,,,,,,,,,,,,,,,
333775,Polina Buhrova,,,,,,,Female,,,,,,,,,,,,,,,,
333776,Alain Aprahamian,,,,,,,Male,,,,,,,,,,,,,,,,
333777,Leo Nolles,,,,,,,Male,,,,,,,,,,,,,,,,
333778,Jaydon Hibbert,,,,,,,Male,,,,,,,,,,,,,,,,
333779,Gaspar Riveros,,,,,,,Male,,,,,,,,,,,,,,,,
333780,Nazaret Cova,,,,,,,Male,,,,,,,,,,,,,,,,
333781,Andrew Hudson,,,,,,,Male,,,,,,,,,,,,,,,,
333782,Jorelyn Carabali,,,,,,,Female,,,,,,,,,,,,,,,,
333784,Fernanda Aguirre,,,,,,,Female,,,,,,,,,,,,,,,,
333785,Anthony Rincon,,,,,,,Male,,,,,,,,,,,,,,,,
333786,Joaquin Churchill,,,,,,,Male,,,,,,,,,,,,,,,,
333787,McLEOD Carey,,,,,,,Male,,,,,,,,,,,,,,,,
333788,Bryan Levell,,,,,,,Male,,,,,,,,,,,,,,,,
333789,Zuri Ferguson,,,,,,,Female,,,,,,,,,,,,,,,,
333791,Zeke Chan,,,,,,,Male,,,,,,,,,,,,,,,,
333792,Misaki Nobata,,,,,,,Female,,,,,,,,,,,,,,,,
333794,Zecheng Dou,,,,,,,Male,,,,,,,,,,,,,,,,
333795,Yechun Yuan,,,,,,,Male,,,,,,,,,,,,,,,,
333796,Janet Lin,,,,,,,Female,,,,,,,,,,,,,,,,
333797,Ruoning Yin,,,,,,,Female,,,,,,,,,,,,,,,,
333798,Tamani Veilawa,,,,,,,Male,,,,,,,,,,,,,,,,
333799,Lynnzee Brown,,,,,,,Female,,,,,,,,,,,,,,,,
333800,Jeremaia Matana,,,,,,,Male,,,,,,,,,,,,,,,,
333801,Wenchao Kao,,,,,,,Male,,,,,,,,,,,,,,,,
333802,Zhongyuan Li,,,,,,,Male,,,,,,,,,,,,,,,,
333803,Yan Wang,,,,,,,Male,,,,,,,,,,,,,,,,
333804,Jiaman Li,,,,,,,Female,,,,,,,,,,,,,,,,
333806,Qixuan An,,,,,,,Female,,,,,,,,,,,,,,,,
333807,Zhe Feng,,,,,,,Male,,,,,,,,,,,,,,,,
333808,Wei Zheng,,,,,,,Male,,,,,,,,,,,,,,,,
333809,Feng Li,,,,,,,Male,,,,,,,,,,,,,,,,
333810,Qi Shi,,,,,,,Male,,,,,,,,,,,,,,,,
333811,Keng Liang,,,,,,,Male,,,,,,,,,,,,,,,,
333812,Chen Liu,,,,,,,Male,,,,,,,,,,,,,,,,
333813,Yi Ou,,,,,,,Male,,,,,,,,,,,,,,,,
333814,Chang Wang,,,,,,,Male,,,,,,,,,,,,,,,,
333815,Ping Huang,,,,,,,Female,,,,,,,,,,,,,,,,
333816,Qiong Huang,,,,,,,Female,,,,,,,,,,,,,,,,
333817,Fei Chen,,,,,,,Female,,,,,,,,,,,,,,,,
333818,Jiao He,,,,,,,Female,,,,,,,,,,,,,,,,
333819,Chen Chen,,,,,,,Female,,,,,,,,,,,,,,,,
333821,Shu Liu,,,,,,,Female,,,,,,,,,,,,,,,,
333822,Ning Tan,,,,,,,Female,,,,,,,,,,,,,,,,
333823,Yesugen Oyuntsetseg,,,,,,,Female,,,,,,,,,,,,,,,,
333824,Enkhjargal Munguntsetseg,,,,,,,Female,,,,,,,,,,,,,,,,
333825,Connor O'leary,,,,,,,Male,,,,,,,,,,,,,,,,
333826,Reo Inaba,,,,,,,Male,,,,,,,,,,,,,,,,
333827,Shino Matsuda,,,,,,,Female,,,,,,,,,,,,,,,,
333828,Lizzie Roussel,,,,,,,Female,,,,,,,,,,,,,,,,
333829,Julie Paturau,,,,,,,Female,,,,,,,,,,,,,,,,
333830,de Jean,,,,,,,Male,,,,,,,,,,,,,,,,
333831,Shudai Harada,,,,,,,Male,,,,,,,,,,,,,,,,
333832,Mensah Okazawa,,,,,,,Male,,,,,,,,,,,,,,,,
333833,Arif Pangestu,,,,,,,Male,,,,,,,,,,,,,,,,
333834,Linyu Diao,,,,,,,Female,,,,,,,,,,,,,,,,
333835,Xia Ding,,,,,,,Female,,,,,,,,,,,,,,,,
333836,Yi Gao,,,,,,,Female,,,,,,,,,,,,,,,,
333838,Yingying Li,,,,,,,Female,,,,,,,,,,,,,,,,
333839,Mengjie Wang,,,,,,,Female,,,,,,,,,,,,,,,,
333840,Mengjie Wu,,,,,,,Female,,,,,,,,,,,,,,,,
333841,Xinyue Yuan,,,,,,,Female,,,,,,,,,,,,,,,,
333842,Changning Zhang,,,,,,,Female,,,,,,,,,,,,,,,,
333843,Yushan Zhuang,,,,,,,Female,,,,,,,,,,,,,,,,
333844,Yuanyuan Wang,,,,,,,Female,,,,,,,,,,,,,,,,
333845,Yixin Zheng,,,,,,,Female,,,,,,,,,,,,,,,,
333846,Ting Zhu,,,,,,,Female,,,,,,,,,,,,,,,,
333847,Rosina Randafiarison,,,,,,,Female,,,,,,,,,,,,,,,,
333848,Yuetong Zhang,,,,,,,Female,,,,,,,,,,,,,,,,
333849,Yufei Pan,,,,,,,Male,,,,,,,,,,,,,,,,
333850,Zhilu Luo,,,,,,,Female,,,,,,,,,,,,,,,,
333851,Jinbao Long,,,,,,,Male,,,,,,,,,,,,,,,,
333852,Peng Wu,,,,,,,Male,,,,,,,,,,,,,,,,
333853,Yafei Zhou,,,,,,,Female,,,,,,,,,,,,,,,,
333854,Lijuan Deng,,,,,,,Female,,,,,,,,,,,,,,,,
333857,Tom Liebscher-lucz,,,,,,,Male,,,,,,,,,,,,,,,,
333859,Sarah Bruessler,,,,,,,Female,,,,,,,,,,,,,,,,
333861,Marie Hake,,,,,,,Female,,,,,,,,,,,,,,,,
333862,Jakob Thordsen,,,,,,,Male,,,,,,,,,,,,,,,,
333864,Stefan Hengst,,,,,,,Male,,,,,,,,,,,,,,,,
333865,Elena Lilik,,,,,,,Female,,,,,,,,,,,,,,,,
333866,Noah Hegge,,,,,,,Male,,,,,,,,,,,,,,,,
333867,Enja Roesseling,,,,,,,Female,,,,,,,,,,,,,,,,
333868,Lena Roehlings,,,,,,,Female,,,,,,,,,,,,,,,,
333869,Anton Winkelmann,,,,,,,Male,,,,,,,,,,,,,,,,
333870,Pauline Jagsch,,,,,,,Female,,,,,,,,,,,,,,,,
333871,Maike Jakob,,,,,,,Female,,,,,,,,,,,,,,,,
333872,Moana Kliemke,,,,,,,Female,,,,,,,,,,,,,,,,
333873,Paulina Paszek,,,,,,,Female,,,,,,,,,,,,,,,,
333874,Rezza Octavia,,,,,,,Female,,,,,,,,,,,,,,,,
333875,Bernadett Nagy,,,,,,,Female,,,,,,,,,,,,,,,,
333876,Nurafifah Kamal,,,,,,,Female,,,,,,,,,,,,,,,,
333877,Linshu Du,,,,,,,Male,,,,,,,,,,,,,,,,
333878,Lihao Sheng,,,,,,,Male,,,,,,,,,,,,,,,,
333879,Yu Xie,,,,,,,Male,,,,,,,,,,,,,,,,
333880,Bowen Zhang,,,,,,,Male,,,,,,,,,,,,,,,,
333881,Yuehong Li,,,,,,,Male,,,,,,,,,,,,,,,,
333882,Xinjie Wang,,,,,,,Male,,,,,,,,,,,,,,,,
333883,Yukun Liu,,,,,,,Male,,,,,,,,,,,,,,,,
333884,Ying Qi,,,,,,,Male,,,,,,,,,,,,,,,,
333885,Haicheng Yu,,,,,,,Male,,,,,,,,,,,,,,,,
333886,Jiayu Han,,,,,,,Female,,,,,,,,,,,,,,,,
333887,Yuting Huang,,,,,,,Female,,,,,,,,,,,,,,,,
333889,Xue Li,,,,,,,Female,,,,,,,,,,,,,,,,
333890,Nan Zhao,,,,,,,Female,,,,,,,,,,,,,,,,
333891,Xiaoya Liang,,,,,,,Female,,,,,,,,,,,,,,,,
333892,Qiongyue Zhang,,,,,,,Female,,,,,,,,,,,,,,,,
333893,Cuicui Wu,,,,,,,Female,,,,,,,,,,,,,,,,
333894,Xinqiu Zhang,,,,,,,Female,,,,,,,,,,,,,,,,
333895,Yiting Jiang,,,,,,,Female,,,,,,,,,,,,,,,,
333896,Meng Wei,,,,,,,Female,,,,,,,,,,,,,,,,
333897,Diananda Choirunisa,,,,,,,Female,,,,,,,,,,,,,,,,
333898,Shuhuan Li,,,,,,,Male,,,,,,,,,,,,,,,,
333899,Shuai Luo,,,,,,,Male,,,,,,,,,,,,,,,,
333901,Ariunbold Enkhtaivan,,,,,,,Male,,,,,,,,,,,,,,,,
333902,Baskhuu Yondonperenlei,,,,,,,Male,,,,,,,,,,,,,,,,
333903,Gonchigsuren Batkhuyag,,,,,,,Male,,,,,,,,,,,,,,,,
333904,Matchiko Guimendego,,,,,,,Female,,,,,,,,,,,,,,,,
333905,Tsetsentsengel Odkhuu,,,,,,,Male,,,,,,,,,,,,,,,,
333906,Erdenebayar Batzaya,,,,,,,Male,,,,,,,,,,,,,,,,
333907,Kubanychbek Aibek,,,,,,,Male,,,,,,,,,,,,,,,,
333908,Adiyasuren Amarsaikhan,,,,,,,Female,,,,,,,,,,,,,,,,
333909,Baasankhuu Bavuudorj,,,,,,,Female,,,,,,,,,,,,,,,,
333910,Chay Mullins,,,,,,,Male,,,,,,,,,,,,,,,,
333911,Erlan Sherov,,,,,,,Male,,,,,,,,,,,,,,,,
333912,Michal Cupr,,,,,,,Male,,,,,,,,,,,,,,,,
333914,Martin Rubes,,,,,,,Male,,,,,,,,,,,,,,,,
333915,Dzhakhongir Madzhidov,,,,,,,Male,,,,,,,,,,,,,,,,
333916,Edi Hrnic,,,,,,,Male,,,,,,,,,,,,,,,,
333917,Viktor Rassadin,,,,,,,Male,,,,,,,,,,,,,,,,
333918,Alexandra Ndolo,,,,,,,Female,,,,,,,,,,,,,,,,
333919,von Jessica,,,,,,,Female,,,,,,,,,,,,,,,,
333920,Soenke Rothenberger,,,,,,,Male,,,,,,,,,,,,,,,,
333921,Phili Weishaupt,,,,,,,Male,,,,,,,,,,,,,,,,
333922,Jana Wargers,,,,,,,Female,,,,,,,,,,,,,,,,
333923,Calvin Boeckmann,,,,,,,Male,,,,,,,,,,,,,,,,
333926,Christoph Wahler,,,,,,,Male,,,,,,,,,,,,,,,,
333927,Frederic Wandres,,,,,,,Male,,,,,,,,,,,,,,,,
333928,Richard Vogel,,,,,,,Male,,,,,,,,,,,,,,,,
333931,Maria Stanco,,,,,,,Female,,,,,,,,,,,,,,,,
333936,Martina Bartolomei,,,,,,,Female,,,,,,,,,,,,,,,,
333938,Eid Naser,,,,,,,Female,,,,,,,,,,,,,,,,
333939,Roos Vanotterdijk,,,,,,,Female,,,,,,,,,,,,,,,,
333940,van Naomi,,,,,,,Female,,,,,,,,,,,,,,,,
333942,Ruben Verheyden,,,,,,,Male,,,,,,,,,,,,,,,,
333944,van Julie,,,,,,,Female,,,,,,,,,,,,,,,,
333945,Margot Vanpachtenbeke,,,,,,,Female,,,,,,,,,,,,,,,,
333946,van Fabio,,,,,,,Male,,,,,,,,,,,,,,,,
333947,Noah Vandenbranden,,,,,,,Male,,,,,,,,,,,,,,,,
333948,Wilm Vermeir,,,,,,,Male,,,,,,,,,,,,,,,,
333949,van Luka,,,,,,,Male,,,,,,,,,,,,,,,,
333951,Charlotte Englebert,,,,,,,Female,,,,,,,,,,,,,,,,
333952,van Arno,,,,,,,Male,,,,,,,,,,,,,,,,
333953,van Arthur,,,,,,,Male,,,,,,,,,,,,,,,,
333954,van Maxime,,,,,,,Male,,,,,,,,,,,,,,,,
333956,Stephanie Vanden,,,,,,,Female,,,,,,,,,,,,,,,,
333959,Marten Van,,,,,,,Male,,,,,,,,,,,,,,,,
333961,Alessandro Paoli,,,,,,,Male,,,,,,,,,,,,,,,,
333962,Federico Musolesi,,,,,,,Male,,,,,,,,,,,,,,,,
333963,Alex Sorgente,,,,,,,Male,,,,,,,,,,,,,,,,
333964,Rino Buric,,,,,,,Male,,,,,,,,,,,,,,,,
333966,Konstantin Kharkov,,,,,,,Male,,,,,,,,,,,,,,,,
333967,Josi Vrlic,,,,,,,Male,,,,,,,,,,,,,,,,
333969,Toni Popadic,,,,,,,Male,,,,,,,,,,,,,,,,
333970,Matias Biljaka,,,,,,,Male,,,,,,,,,,,,,,,,
333971,Jerko Marinic,,,,,,,Male,,,,,,,,,,,,,,,,
333972,Artur Barseghyan,,,,,,,Male,,,,,,,,,,,,,,,,
333973,Nicolas Della,,,,,,,Male,,,,,,,,,,,,,,,,
333975,Vahagn Davtyan,,,,,,,Male,,,,,,,,,,,,,,,,
333976,Inaki Minadeo,,,,,,,Male,,,,,,,,,,,,,,,,
333977,Lili Dezou,,,,,,,Female,,,,,,,,,,,,,,,,
333979,Joanna Grisez,,,,,,,Female,,,,,,,,,,,,,,,,
333980,Ian Jason,,,,,,,Female,,,,,,,,,,,,,,,,
333981,Lou Noel,,,,,,,Female,,,,,,,,,,,,,,,,
333982,Yolaine Yengo,,,,,,,Female,,,,,,,,,,,,,,,,
333983,Auriane Mallo-breton,,,,,,,Female,,,,,,,,,,,,,,,,
333985,Alexandra Louis-marie,,,,,,,Female,,,,,,,,,,,,,,,,
333987,Luidgi Midelton,,,,,,,Male,,,,,,,,,,,,,,,,
333988,Paul Allegre,,,,,,,Male,,,,,,,,,,,,,,,,
333991,Eva Lacheray,,,,,,,Female,,,,,,,,,,,,,,,,
333993,Maximilien Chastanet,,,,,,,Male,,,,,,,,,,,,,,,,
333994,Manon Apithy-brunet,,,,,,,Female,,,,,,,,,,,,,,,,
333996,Sarah Noutcha,,,,,,,Female,,,,,,,,,,,,,,,,
333997,Maxime Pianfetti,,,,,,,Male,,,,,,,,,,,,,,,,
333998,Sebastien Patrice,,,,,,,Male,,,,,,,,,,,,,,,,
333999,Jean-philippe Patrice,,,,,,,Male,,,,,,,,,,,,,,,,
334000,Petra Banhidi-farkas,,,,,,,Female,,,,,,,,,,,,,,,,
334001,Daniel Restrepo,,,,,,,Male,,,,,,,,,,,,,,,,
334002,Anton Loncaric,,,,,,,Male,,,,,,,,,,,,,,,,
334003,Patrik Loncaric,,,,,,,Male,,,,,,,,,,,,,,,,
334005,Jose Torres,,,,,,,Male,,,,,,,,,,,,,,,,
334007,Blessing Ejiofor,,,,,,,Female,,,,,,,,,,,,,,,,
334008,Nicole Enabosi,,,,,,,Female,,,,,,,,,,,,,,,,
334009,Evelina Bertoli,,,,,,,Female,,,,,,,,,,,,,,,,
334010,Emiliano Portale,,,,,,,Male,,,,,,,,,,,,,,,,
334011,Pietro Sandei,,,,,,,Male,,,,,,,,,,,,,,,,
334012,Giovanni Ugolotti,,,,,,,Male,,,,,,,,,,,,,,,,
334013,Emanuele Camilli,,,,,,,Male,,,,,,,,,,,,,,,,
334014,Felipe Arcos,,,,,,,Male,,,,,,,,,,,,,,,,
334015,Jasmine Schofield,,,,,,,Female,,,,,,,,,,,,,,,,
334016,Dante Soto,,,,,,,Male,,,,,,,,,,,,,,,,
334017,Maria Tome,,,,,,,Female,,,,,,,,,,,,,,,,
334019,Wes Kitts,,,,,,,Male,,,,,,,,,,,,,,,,
334020,Hampton Morris,,,,,,,Male,,,,,,,,,,,,,,,,
334021,Olivia Reeves,,,,,,,Female,,,,,,,,,,,,,,,,
334022,Mary Theisen,,,,,,,Female,,,,,,,,,,,,,,,,
334023,Vasco Vilaca,,,,,,,Male,,,,,,,,,,,,,,,,
334024,Baltazar Amaya,,,,,,,Male,,,,,,,,,,,,,,,,
334025,Diego Ardao,,,,,,,Male,,,,,,,,,,,,,,,,
334026,Bautista Basso,,,,,,,Male,,,,,,,,,,,,,,,,
334027,Ilana Izquierdo,,,,,,,Female,,,,,,,,,,,,,,,,
334028,Adam Lawrence,,,,,,,Male,,,,,,,,,,,,,,,,
334029,Mayra Gaviria,,,,,,,Female,,,,,,,,,,,,,,,,
334030,Cristina Mojica,,,,,,,Female,,,,,,,,,,,,,,,,
334031,Esther Licona,,,,,,,Female,,,,,,,,,,,,,,,,
334032,Manuela Pavi,,,,,,,Female,,,,,,,,,,,,,,,,
334034,Thomas Augusto,,,,,,,Male,,,,,,,,,,,,,,,,
334035,Ignacio Facciolo,,,,,,,Male,,,,,,,,,,,,,,,,
334036,Lauren Carlini,,,,,,,Female,,,,,,,,,,,,,,,,
334037,Micha Hancock,,,,,,,Female,,,,,,,,,,,,,,,,
334039,Kathryn Plummer,,,,,,,Female,,,,,,,,,,,,,,,,
334040,Dana Rettke,,,,,,,Female,,,,,,,,,,,,,,,,
334042,Avery Skinner,,,,,,,Female,,,,,,,,,,,,,,,,
334043,Juan Gonzalez,,,,,,,Male,,,,,,,,,,,,,,,,
334044,Filipe Andre,,,,,,,Male,,,,,,,,,,,,,,,,
334045,Tomas Etcheverry,,,,,,,Male,,,,,,,,,,,,,,,,
334046,Valentin Grille,,,,,,,Male,,,,,,,,,,,,,,,,
334047,Guillermo Lijtenstein,,,,,,,Male,,,,,,,,,,,,,,,,
334048,Mateo Vinals,,,,,,,Male,,,,,,,,,,,,,,,,
334049,Koba Brazionis,,,,,,,Male,,,,,,,,,,,,,,,,
334050,Manuel Tafernaberry,,,,,,,Male,,,,,,,,,,,,,,,,
334051,Mc James,,,,,,,Male,,,,,,,,,,,,,,,,
334052,Sara Grippoli,,,,,,,Female,,,,,,,,,,,,,,,,
334053,Jonathan Raharvel,,,,,,,Male,,,,,,,,,,,,,,,,
334056,Taylor Averill,,,,,,,Male,,,,,,,,,,,,,,,,
334058,Torey Defalco,,,,,,,Male,,,,,,,,,,,,,,,,
334061,Jeffrey Jendryk,,,,,,,Male,,,,,,,,,,,,,,,,
334066,Yirleidys Quejada,,,,,,,Female,,,,,,,,,,,,,,,,
334067,Mayra Ramirez,,,,,,,Female,,,,,,,,,,,,,,,,
334068,Andrew Benesh,,,,,,,Male,,,,,,,,,,,,,,,,
334069,Chase Budinger,,,,,,,Male,,,,,,,,,,,,,,,,
334070,Kelly Cheng,,,,,,,Female,,,,,,,,,,,,,,,,
334071,Miles Evans,,,,,,,Male,,,,,,,,,,,,,,,,
334072,Sara Hughes,,,,,,,Female,,,,,,,,,,,,,,,,
334073,Taryn Kloth,,,,,,,Female,,,,,,,,,,,,,,,,
334074,Kristen Nuss,,,,,,,Female,,,,,,,,,,,,,,,,
334075,Miles Partain,,,,,,,Male,,,,,,,,,,,,,,,,
334076,Marcela Restrepo,,,,,,,Female,,,,,,,,,,,,,,,,
334077,Sabrina Lyn,,,,,,,Female,,,,,,,,,,,,,,,,
334078,Josh Kirlew,,,,,,,Male,,,,,,,,,,,,,,,,
334079,Katherine Tapia,,,,,,,Female,,,,,,,,,,,,,,,,
334080,Samim Faizad,,,,,,,Male,,,,,,,,,,,,,,,,
334081,Manuela Vanegas,,,,,,,Female,,,,,,,,,,,,,,,,
334082,Talei Wilson,,,,,,,Female,,,,,,,,,,,,,,,,
334083,Huanhua Liu,,,,,,,Male,,,,,,,,,,,,,,,,
334085,Zhiyong Shi,,,,,,,Male,,,,,,,,,,,,,,,,
334086,Wenwen Li,,,,,,,Female,,,,,,,,,,,,,,,,
334087,Zhihui Hou,,,,,,,Female,,,,,,,,,,,,,,,,
334088,Shifang Luo,,,,,,,Female,,,,,,,,,,,,,,,,
334089,Zhiyu Liu,,,,,,,Male,,,,,,,,,,,,,,,,
334090,Xiuping Qiu,,,,,,,Female,,,,,,,,,,,,,,,,
334091,Jiaqi Zou,,,,,,,Female,,,,,,,,,,,,,,,,
334093,Zifeng Wang,,,,,,,Female,,,,,,,,,,,,,,,,
334094,Shuxian Zhang,,,,,,,Female,,,,,,,,,,,,,,,,
334095,Yunxia Chen,,,,,,,Female,,,,,,,,,,,,,,,,
334098,Ling Zhang,,,,,,,Female,,,,,,,,,,,,,,,,
334099,Adilijiang Sulitan,,,,,,,Male,,,,,,,,,,,,,,,,
334100,Shuangmei Shen,,,,,,,Female,,,,,,,,,,,,,,,,
334101,Xiaoxin Liu,,,,,,,Female,,,,,,,,,,,,,,,,
334102,Xingye Xu,,,,,,,Female,,,,,,,,,,,,,,,,
334103,Jai Angsuthasawit,,,,,,,Male,,,,,,,,,,,,,,,,
334104,Nanami Seki,,,,,,,Female,,,,,,,,,,,,,,,,
334105,Ayaka Araki,,,,,,,Female,,,,,,,,,,,,,,,,
334106,Yukiko Wada,,,,,,,Female,,,,,,,,,,,,,,,,
334107,Koyomi Iwasaki,,,,,,,Female,,,,,,,,,,,,,,,,
334109,Shoma Tomita,,,,,,,Male,,,,,,,,,,,,,,,,
334111,Masato Kai,,,,,,,Male,,,,,,,,,,,,,,,,
334112,Airi Miyabe,,,,,,,Female,,,,,,,,,,,,,,,,
334113,Arisa Inoue,,,,,,,Female,,,,,,,,,,,,,,,,
334114,Kento Miyaura,,,,,,,Male,,,,,,,,,,,,,,,,
334115,Manami Kojima,,,,,,,Female,,,,,,,,,,,,,,,,
334116,Satomi Fukudome,,,,,,,Female,,,,,,,,,,,,,,,,
334117,Akane Moriya,,,,,,,Female,,,,,,,,,,,,,,,,
334119,Sarina Nishida,,,,,,,Female,,,,,,,,,,,,,,,,
334121,Georgia-rose Brown,,,,,,,Female,,,,,,,,,,,,,,,,
334122,Langyu Yan,,,,,,,Male,,,,,,,,,,,,,,,,
334123,Zisai Wang,,,,,,,Male,,,,,,,,,,,,,,,,
334124,Xueying Zhu,,,,,,,Female,,,,,,,,,,,,,,,,
334125,Yicheng Hu,,,,,,,Female,,,,,,,,,,,,,,,,
334126,Komet Sukprasert,,,,,,,Male,,,,,,,,,,,,,,,,
334128,McHARDIE Isaac,,,,,,,Male,,,,,,,,,,,,,,,,
334129,McKENZIE William,,,,,,,Male,,,,,,,,,,,,,,,,
334130,Greta Pilkington,,,,,,,Female,,,,,,,,,,,,,,,,
334133,Lukas Walton-keim,,,,,,,Male,,,,,,,,,,,,,,,,
334134,Veerle Ten,,,,,,,Female,,,,,,,,,,,,,,,,
334135,Josh Armit,,,,,,,Male,,,,,,,,,,,,,,,,
334136,Justina Kitchen,,,,,,,Female,,,,,,,,,,,,,,,,
334137,Thomas Saunders,,,,,,,Male,,,,,,,,,,,,,,,,
334138,Sosorbaram Lkhagvasuren,,,,,,,Female,,,,,,,,,,,,,,,,
334139,Yang Liu,,,,,,,Male,,,,,,,,,,,,,,,,
334140,Weide Su,,,,,,,Male,,,,,,,,,,,,,,,,
334142,Boheng Zhang,,,,,,,Male,,,,,,,,,,,,,,,,
334144,Huan Luo,,,,,,,Female,,,,,,,,,,,,,,,,
334145,Yushan Ou,,,,,,,Female,,,,,,,,,,,,,,,,
334146,Qiyuan Qiu,,,,,,,Female,,,,,,,,,,,,,,,,
334147,Yihan Zhang,,,,,,,Female,,,,,,,,,,,,,,,,
334148,Khuslen Otgonbayar,,,,,,,Female,,,,,,,,,,,,,,,,
334149,Yaqin Zhou,,,,,,,Female,,,,,,,,,,,,,,,,
334150,Enkhriilen Lkhagvatogoo,,,,,,,Female,,,,,,,,,,,,,,,,
334151,Apisit Jaiyoo,,,,,,,Male,,,,,,,,,,,,,,,,
334152,Jinfeng Chen,,,,,,,Male,,,,,,,,,,,,,,,,
334153,Zhijian Deng,,,,,,,Male,,,,,,,,,,,,,,,,
334155,Jiapeng Chen,,,,,,,Male,,,,,,,,,,,,,,,,
334156,Zhiqiang Wu,,,,,,,Male,,,,,,,,,,,,,,,,
334157,Haibin Yan,,,,,,,Male,,,,,,,,,,,,,,,,
334158,Manqi Ge,,,,,,,Female,,,,,,,,,,,,,,,,
334159,Yuting Li,,,,,,,Female,,,,,,,,,,,,,,,,
334160,Zhaozhao Wang,,,,,,,Male,,,,,,,,,,,,,,,,
334161,Xianghong He,,,,,,,Male,,,,,,,,,,,,,,,,
334162,Jun Zhang,,,,,,,Male,,,,,,,,,,,,,,,,
334163,Yandong Li,,,,,,,Male,,,,,,,,,,,,,,,,
334165,Zhenxia Ma,,,,,,,Female,,,,,,,,,,,,,,,,
334166,Hong Liu,,,,,,,Female,,,,,,,,,,,,,,,,
334167,Shijie Qieyang,,,,,,,Female,,,,,,,,,,,,,,,,
334168,Saffi Vette,,,,,,,Female,,,,,,,,,,,,,,,,
334169,Junxi Liu,,,,,,,Male,,,,,,,,,,,,,,,,
334170,Weibo Qin,,,,,,,Male,,,,,,,,,,,,,,,,
334171,Zhuoyi Xu,,,,,,,Male,,,,,,,,,,,,,,,,
334172,Zhiyu Xie,,,,,,,Male,,,,,,,,,,,,,,,,
334173,Yuwei Lin,,,,,,,Female,,,,,,,,,,,,,,,,
334174,Yanni Wu,,,,,,,Female,,,,,,,,,,,,,,,,
334175,Jiadie Mo,,,,,,,Female,,,,,,,,,,,,,,,,
334176,Jiayuan Song,,,,,,,Female,,,,,,,,,,,,,,,,
334177,Bin Feng,,,,,,,Female,,,,,,,,,,,,,,,,
334178,Yue Sun,,,,,,,Female,,,,,,,,,,,,,,,,
334179,Zhichao Jiang,,,,,,,Female,,,,,,,,,,,,,,,,
334180,Zheng Wang,,,,,,,Female,,,,,,,,,,,,,,,,
334181,Jie Zhao,,,,,,,Female,,,,,,,,,,,,,,,,
334182,Qianqian Dai,,,,,,,Female,,,,,,,,,,,,,,,,
334183,Huihui Lyu,,,,,,,Female,,,,,,,,,,,,,,,,
334184,Lijiao Gong,,,,,,,Female,,,,,,,,,,,,,,,,
334185,Jiangyan Li,,,,,,,Female,,,,,,,,,,,,,,,,
334186,Qi Wang,,,,,,,Male,,,,,,,,,,,,,,,,
334187,Shaohui Yang,,,,,,,Male,,,,,,,,,,,,,,,,
334188,Jie He,,,,,,,Male,,,,,,,,,,,,,,,,
334189,Xiangdong Wu,,,,,,,Male,,,,,,,,,,,,,,,,
334190,Deshun Zhang,,,,,,,Female,,,,,,,,,,,,,,,,
334191,Li Bai,,,,,,,Female,,,,,,,,,,,,,,,,
334192,Yuyu Xia,,,,,,,Female,,,,,,,,,,,,,,,,
334193,Shuangshuang Xu,,,,,,,Female,,,,,,,,,,,,,,,,
334194,Haruka Nakamura,,,,,,,Female,,,,,,,,,,,,,,,,
334195,Rina Kishi,,,,,,,Female,,,,,,,,,,,,,,,,
334196,Kohane Ushioku,,,,,,,Female,,,,,,,,,,,,,,,,
334197,Mana Okamura,,,,,,,Female,,,,,,,,,,,,,,,,
334198,Takaaki Sugino,,,,,,,Male,,,,,,,,,,,,,,,,
334199,Shinnosuke Oka,,,,,,,Male,,,,,,,,,,,,,,,,
334203,Munira Abdusalomova,,,,,,,Female,,,,,,,,,,,,,,,,
334204,Veronika Blazickova,,,,,,,Female,,,,,,,,,,,,,,,,
334205,Matej Rampula,,,,,,,Male,,,,,,,,,,,,,,,,
334206,Frantisek Smetana,,,,,,,Male,,,,,,,,,,,,,,,,
334207,Ryusei Nishioka,,,,,,,Male,,,,,,,,,,,,,,,,
334208,Georgiy Gurtsiev,,,,,,,Male,,,,,,,,,,,,,,,,
334209,Thanakhan Chaiyasombat,,,,,,,Male,,,,,,,,,,,,,,,,
334210,Phetdarin Somrat,,,,,,,Female,,,,,,,,,,,,,,,,
334211,Ryoichi Akamatsu,,,,,,,Male,,,,,,,,,,,,,,,,
334212,Akira Akasaki,,,,,,,Male,,,,,,,,,,,,,,,,
334213,Genki Dean,,,,,,,Male,,,,,,,,,,,,,,,,
334215,Mako Fukube,,,,,,,Female,,,,,,,,,,,,,,,,
334216,Rino Goshima,,,,,,,Female,,,,,,,,,,,,,,,,
334217,Yume Goto,,,,,,,Female,,,,,,,,,,,,,,,,
334218,Ryo Hamanishi,,,,,,,Male,,,,,,,,,,,,,,,,
334219,Sumire Hata,,,,,,,Female,,,,,,,,,,,,,,,,
334220,Akihiro Higashida,,,,,,,Male,,,,,,,,,,,,,,,,
334222,Wakana Kabasawa,,,,,,,Female,,,,,,,,,,,,,,,,
334224,Yuta Koga,,,,,,,Male,,,,,,,,,,,,,,,,
334225,Haruka Kokai,,,,,,,Female,,,,,,,,,,,,,,,,
334226,Naoki Koyama,,,,,,,Male,,,,,,,,,,,,,,,,
334227,Liguo Cao,,,,,,,Male,,,,,,,,,,,,,,,,
334228,Haitao Qian,,,,,,,Male,,,,,,,,,,,,,,,,
334229,Lingzhe Meng,,,,,,,Male,,,,,,,,,,,,,,,,
334230,Wanhao Zou,,,,,,,Male,,,,,,,,,,,,,,,,
334231,Feng Lu,,,,,,,Male,,,,,,,,,,,,,,,,
334232,Awusayiman Habila,,,,,,,Male,,,,,,,,,,,,,,,,
334233,Zhiwei Deng,,,,,,,Male,,,,,,,,,,,,,,,,
334234,Ziqi Feng,,,,,,,Female,,,,,,,,,,,,,,,,
334236,Kexin Hong,,,,,,,Female,,,,,,,,,,,,,,,,
334237,Feng Zhou,,,,,,,Female,,,,,,,,,,,,,,,,
334238,Juan Wang,,,,,,,Female,,,,,,,,,,,,,,,,
334239,Joan Nyahora,,,,,,,Female,,,,,,,,,,,,,,,,
334240,Xinyu Lin,,,,,,,Female,,,,,,,,,,,,,,,,
334241,Isaac Mpofu,,,,,,,Male,,,,,,,,,,,,,,,,
334242,Emil Agyekum,,,,,,,Male,,,,,,,,,,,,,,,,
334243,Paul Bredau,,,,,,,Male,,,,,,,,,,,,,,,,
334244,Eileen Demes,,,,,,,Female,,,,,,,,,,,,,,,,
334246,Joshua Hartmann,,,,,,,Male,,,,,,,,,,,,,,,,
334247,Max Hess,,,,,,,Male,,,,,,,,,,,,,,,,
334249,Soeren Klose,,,,,,,Male,,,,,,,,,,,,,,,,
334250,Merlin Hummel,,,,,,,Male,,,,,,,,,,,,,,,,
334252,Henrik Janssen,,,,,,,Male,,,,,,,,,,,,,,,,
334253,Sophia Junk,,,,,,,Female,,,,,,,,,,,,,,,,
334254,Alina Kenzel,,,,,,,Female,,,,,,,,,,,,,,,,
334255,Hanna Klein,,,,,,,Female,,,,,,,,,,,,,,,,
334257,Majtie Kolberg,,,,,,,Female,,,,,,,,,,,,,,,,
334258,Leo Koepp,,,,,,,Male,,,,,,,,,,,,,,,,
334259,Felicitas Krause,,,,,,,Female,,,,,,,,,,,,,,,,
334260,Marie Kwayie,,,,,,,Female,,,,,,,,,,,,,,,,
334262,Kanda Lita,,,,,,,Male,,,,,,,,,,,,,,,,
334263,Gina Lueckenkemper,,,,,,,Female,,,,,,,,,,,,,,,,
334265,Mona Mayer,,,,,,,Female,,,,,,,,,,,,,,,,
334267,Leo Neugebauer,,,,,,,Male,,,,,,,,,,,,,,,,
334268,Yemisi Ogunleye,,,,,,,Female,,,,,,,,,,,,,,,,
334269,Tobias Potye,,,,,,,Male,,,,,,,,,,,,,,,,
334270,Marius Probst,,,,,,,Male,,,,,,,,,,,,,,,,
334271,Clemens Pruefer,,,,,,,Male,,,,,,,,,,,,,,,,
334274,Carolin Schaefer,,,,,,,Female,,,,,,,,,,,,,,,,
334275,Velten Schneider,,,,,,,Male,,,,,,,,,,,,,,,,
334276,Till Steinforth,,,,,,,Male,,,,,,,,,,,,,,,,
334278,Julian Wagner,,,,,,,Male,,,,,,,,,,,,,,,,
334280,Nele Wessel,,,,,,,Female,,,,,,,,,,,,,,,,
334281,Yannick Wolf,,,,,,,Male,,,,,,,,,,,,,,,,
334282,Laura Hottenrott,,,,,,,Female,,,,,,,,,,,,,,,,
334283,Kevin Kranz,,,,,,,Male,,,,,,,,,,,,,,,,
334284,Fabian Dammermann,,,,,,,Male,,,,,,,,,,,,,,,,
334285,Samuel Fitwi,,,,,,,Male,,,,,,,,,,,,,,,,
334286,Skadi Schier,,,,,,,Female,,,,,,,,,,,,,,,,
334287,Olivia Guerth,,,,,,,Female,,,,,,,,,,,,,,,,
334288,Lena Sonntag,,,,,,,Female,,,,,,,,,,,,,,,,
334289,Sophie Weissenberg,,,,,,,Female,,,,,,,,,,,,,,,,
334290,Annkathrin Hoven,,,,,,,Female,,,,,,,,,,,,,,,,
334291,Luna Bulmahn,,,,,,,Female,,,,,,,,,,,,,,,,
334292,Christina Honsel,,,,,,,Female,,,,,,,,,,,,,,,,
334293,Mikaelle Assani,,,,,,,Female,,,,,,,,,,,,,,,,
334294,Frederik Ruppert,,,,,,,Male,,,,,,,,,,,,,,,,
334295,Simon Batz,,,,,,,Male,,,,,,,,,,,,,,,,
334296,Max Dehning,,,,,,,Male,,,,,,,,,,,,,,,,
334297,Raquel Mueller,,,,,,,Female,,,,,,,,,,,,,,,,
334298,Mika Sosna,,,,,,,Male,,,,,,,,,,,,,,,,
334299,Aleksandar Askovic,,,,,,,Male,,,,,,,,,,,,,,,,
334300,Yisak Kejeta,,,,,,,Female,,,,,,,,,,,,,,,,
334301,Tyrel Prenz,,,,,,,Male,,,,,,,,,,,,,,,,
334302,Domenika Mayer,,,,,,,Female,,,,,,,,,,,,,,,,
334303,Manuel Mordi,,,,,,,Male,,,,,,,,,,,,,,,,
334304,Anjuli Knaesche,,,,,,,Female,,,,,,,,,,,,,,,,
334305,Noah Klei,,,,,,,Male,,,,,,,,,,,,,,,,
334306,Greta Kerekes,,,,,,,Female,,,,,,,,,,,,,,,,
334307,Hanga Klekner,,,,,,,Female,,,,,,,,,,,,,,,,
334308,Yawen Deng,,,,,,,Female,,,,,,,,,,,,,,,,
334309,Jiaqi Sun,,,,,,,Female,,,,,,,,,,,,,,,,
334310,Xianjing Lyu,,,,,,,Male,,,,,,,,,,,,,,,,
334311,Xin Tang,,,,,,,Female,,,,,,,,,,,,,,,,
334313,Yufang Guo,,,,,,,Female,,,,,,,,,,,,,,,,
334314,Liying Yuan,,,,,,,Female,,,,,,,,,,,,,,,,
334315,Yulu Jiang,,,,,,,Female,,,,,,,,,,,,,,,,
334316,Yu Zhou,,,,,,,Male,,,,,,,,,,,,,,,,
334317,Shuai Guo,,,,,,,Male,,,,,,,,,,,,,,,,
334318,Qi Liu,,,,,,,Male,,,,,,,,,,,,,,,,
334319,Zhiwei Li,,,,,,,Male,,,,,,,,,,,,,,,,
334320,Jiali Liu,,,,,,,Female,,,,,,,,,,,,,,,,
334321,Attila Molnar,,,,,,,Male,,,,,,,,,,,,,,,,
334322,Rita Nemes,,,,,,,Female,,,,,,,,,,,,,,,,
334323,Selma Dhaouadi,,,,,,,Female,,,,,,,,,,,,,,,,
334325,Erdene Byambasuren,,,,,,,Male,,,,,,,,,,,,,,,,
334326,Davaanasan Enkh,,,,,,,Female,,,,,,,,,,,,,,,,
334327,Makanakaishe Charamba,,,,,,,Male,,,,,,,,,,,,,,,,
334328,Shiqi Xiong,,,,,,,Female,,,,,,,,,,,,,,,,
334329,Yuhao Shi,,,,,,,Male,,,,,,,,,,,,,,,,
334330,Mingkun Zhang,,,,,,,Male,,,,,,,,,,,,,,,,
334331,Yaming Zhu,,,,,,,Male,,,,,,,,,,,,,,,,
334332,Yaoqing Fang,,,,,,,Male,,,,,,,,,,,,,,,,
334333,Wen Su,,,,,,,Male,,,,,,,,,,,,,,,,
334334,Jie Yao,,,,,,,Male,,,,,,,,,,,,,,,,
334335,Bokai Huang,,,,,,,Male,,,,,,,,,,,,,,,,
334336,Tao Zhong,,,,,,,Male,,,,,,,,,,,,,,,,
334337,Zhen Wang,,,,,,,Male,,,,,,,,,,,,,,,,
334338,Rui Zeng,,,,,,,Female,,,,,,,,,,,,,,,,
334339,Chunge Niu,,,,,,,Female,,,,,,,,,,,,,,,,
334341,Margaret Tembo,,,,,,,Female,,,,,,,,,,,,,,,,
334342,Daniel Raba,,,,,,,Male,,,,,,,,,,,,,,,,
334343,Salim Jemai,,,,,,,Male,,,,,,,,,,,,,,,,
334345,Alberto Bovolenta,,,,,,,Male,,,,,,,,,,,,,,,,
334346,Yuri Romano,,,,,,,Male,,,,,,,,,,,,,,,,
334347,Giovanni Sanguinetti,,,,,,,Male,,,,,,,,,,,,,,,,
334348,Roberto Russo,,,,,,,Male,,,,,,,,,,,,,,,,
334349,Mattia Bottolo,,,,,,,Male,,,,,,,,,,,,,,,,
334350,Fabio Balaso,,,,,,,Male,,,,,,,,,,,,,,,,
334352,Mariko Morimoto,,,,,,,Female,,,,,,,,,,,,,,,,
334354,Rachid Muratake,,,,,,,Male,,,,,,,,,,,,,,,,
334355,Joseph Nakajima,,,,,,,Male,,,,,,,,,,,,,,,,
334356,Yudai Nishi,,,,,,,Male,,,,,,,,,,,,,,,,
334357,Daiki Ogawa,,,,,,,Male,,,,,,,,,,,,,,,,
334359,Tomoki Ota,,,,,,,Male,,,,,,,,,,,,,,,,
334360,Marina Saito,,,,,,,Female,,,,,,,,,,,,,,,,
334361,Ryuichiro Sakai,,,,,,,Male,,,,,,,,,,,,,,,,
334362,Hakim Sani,,,,,,,Male,,,,,,,,,,,,,,,,
334364,Tomohiro Shinno,,,,,,,Male,,,,,,,,,,,,,,,,
334365,Yuka Suzuki,,,,,,,Female,,,,,,,,,,,,,,,,
334366,Tulga Tumur,,,,,,,Male,,,,,,,,,,,,,,,,
334368,Carlotta Cambi,,,,,,,Female,,,,,,,,,,,,,,,,
334369,Ogechi Egonu,,,,,,,Female,,,,,,,,,,,,,,,,
334370,Ekaterina Antropova,,,,,,,Female,,,,,,,,,,,,,,,,
334371,Fatime Sylla,,,,,,,Female,,,,,,,,,,,,,,,,
334372,Chiara Bosetti,,,,,,,Female,,,,,,,,,,,,,,,,
334373,Loveth Omoruyi,,,,,,,Female,,,,,,,,,,,,,,,,
334375,Luisa Fahr,,,,,,,Female,,,,,,,,,,,,,,,,
334376,Marina Lubian,,,,,,,Female,,,,,,,,,,,,,,,,
334378,Ilaria Spirito,,,,,,,Female,,,,,,,,,,,,,,,,
334379,Kazuki Takahashi,,,,,,,Male,,,,,,,,,,,,,,,,
334381,Yumi Tanaka,,,,,,,Female,,,,,,,,,,,,,,,,
334383,Ken Toyoda,,,,,,,Male,,,,,,,,,,,,,,,,
334384,Momone Ueda,,,,,,,Female,,,,,,,,,,,,,,,,
334385,Koki Ueyama,,,,,,,Male,,,,,,,,,,,,,,,,
334386,Towa Uzawa,,,,,,,Male,,,,,,,,,,,,,,,,
334387,Yuma Yamamoto,,,,,,,Female,,,,,,,,,,,,,,,,
334388,Hiroki Yanagita,,,,,,,Male,,,,,,,,,,,,,,,,
334389,Ayane Yanai,,,,,,,Female,,,,,,,,,,,,,,,,
334390,Takuho Yoshizu,,,,,,,Male,,,,,,,,,,,,,,,,
334391,Luca Porro,,,,,,,Male,,,,,,,,,,,,,,,,
334393,Valentina Gottardi,,,,,,,Female,,,,,,,,,,,,,,,,
334395,Samuele Cottafava,,,,,,,Male,,,,,,,,,,,,,,,,
334397,Ignacio Carambula,,,,,,,Male,,,,,,,,,,,,,,,,
334399,Christian Osullivan,,,,,,,Male,,,,,,,,,,,,,,,,
334400,Martin Markovic,,,,,,,Male,,,,,,,,,,,,,,,,
334401,Sandra Elkasevic,,,,,,,Female,,,,,,,,,,,,,,,,
334402,Matija Greguric,,,,,,,Male,,,,,,,,,,,,,,,,
334404,Fili Mihaljevic,,,,,,,Male,,,,,,,,,,,,,,,,
334405,Matea Parlov,,,,,,,Female,,,,,,,,,,,,,,,,
334406,Yoana Ilieva,,,,,,,Female,,,,,,,,,,,,,,,,
334407,Fili Pravdica,,,,,,,Male,,,,,,,,,,,,,,,,
334408,Fernando Diz,,,,,,,Male,,,,,,,,,,,,,,,,
334409,Hernan Umpierre,,,,,,,Male,,,,,,,,,,,,,,,,
334410,Safiatou Acquaviva,,,,,,,Female,,,,,,,,,,,,,,,,
334411,Mykolas Alekna,,,,,,,Male,,,,,,,,,,,,,,,,
334412,Martynas Alekna,,,,,,,Male,,,,,,,,,,,,,,,,
334413,Nelli Differt,,,,,,,Female,,,,,,,,,,,,,,,,
334414,Matteo Zurloni,,,,,,,Male,,,,,,,,,,,,,,,,
334415,Beatrice Colli,,,,,,,Female,,,,,,,,,,,,,,,,
334416,Laura Rogora,,,,,,,Female,,,,,,,,,,,,,,,,
334417,Camilla Moroni,,,,,,,Female,,,,,,,,,,,,,,,,
334419,Gabija Galvydyte,,,,,,,Female,,,,,,,,,,,,,,,,
334420,Ieva Gumbs,,,,,,,Female,,,,,,,,,,,,,,,,
334421,Dovile Kilty,,,,,,,Female,,,,,,,,,,,,,,,,
334422,Juste Morauskaite,,,,,,,Female,,,,,,,,,,,,,,,,
334425,Silvia Persico,,,,,,,Female,,,,,,,,,,,,,,,,
334426,Elisa Longo,,,,,,,Female,,,,,,,,,,,,,,,,
334427,Chiara Consonni,,,,,,,Female,,,,,,,,,,,,,,,,
334428,Martina Fidanza,,,,,,,Female,,,,,,,,,,,,,,,,
334429,Miriam Vece,,,,,,,Female,,,,,,,,,,,,,,,,
334434,Manlio Moro,,,,,,,Male,,,,,,,,,,,,,,,,
334435,Sofia Raffaeli,,,,,,,Female,,,,,,,,,,,,,,,,
334438,Laura Paris,,,,,,,Female,,,,,,,,,,,,,,,,
334439,Gareth Furlong,,,,,,,Male,,,,,,,,,,,,,,,,
334440,Shantoshi Shrestha,,,,,,,Female,,,,,,,,,,,,,,,,
334441,Adaejah Hodge,,,,,,,Female,,,,,,,,,,,,,,,,
334443,Martina Favaretto,,,,,,,Female,,,,,,,,,,,,,,,,
334444,Francesca Palumbo,,,,,,,Female,,,,,,,,,,,,,,,,
334445,Tommaso Marini,,,,,,,Male,,,,,,,,,,,,,,,,
334446,Filippo Macchi,,,,,,,Male,,,,,,,,,,,,,,,,
334447,Guillaume Bianchi,,,,,,,Male,,,,,,,,,,,,,,,,
334448,di Davide,,,,,,,Male,,,,,,,,,,,,,,,,
334449,Federico Vismara,,,,,,,Male,,,,,,,,,,,,,,,,
334450,Amber Anning,,,,,,,Female,,,,,,,,,,,,,,,,
334451,Elizabeth Bird,,,,,,,Female,,,,,,,,,,,,,,,,
334452,Holly Bradshaw,,,,,,,Female,,,,,,,,,,,,,,,,
334453,Max Burgin,,,,,,,Male,,,,,,,,,,,,,,,,
334454,Emile Cairess,,,,,,,Male,,,,,,,,,,,,,,,,
334455,Charlie Carvell,,,,,,,Male,,,,,,,,,,,,,,,,
334456,Molly Caudery,,,,,,,Female,,,,,,,,,,,,,,,,
334457,Alastair Chalmers,,,,,,,Male,,,,,,,,,,,,,,,,
334458,Lewis Davey,,,,,,,Male,,,,,,,,,,,,,,,,
334459,Patrick Dever,,,,,,,Male,,,,,,,,,,,,,,,,
334460,Charles Dobson,,,,,,,Male,,,,,,,,,,,,,,,,
334461,Clara Evans,,,,,,,Female,,,,,,,,,,,,,,,,
334462,Jacob Fincham-dukes,,,,,,,Male,,,,,,,,,,,,,,,,
334464,Neil Gourley,,,,,,,Male,,,,,,,,,,,,,,,,
334465,Rose Harvey,,,,,,,Female,,,,,,,,,,,,,,,,
334466,Alex Haydock-wilson,,,,,,,Male,,,,,,,,,,,,,,,,
334468,Amy Hunt,,,,,,,Female,,,,,,,,,,,,,,,,
334469,Mary John,,,,,,,Female,,,,,,,,,,,,,,,,
334470,Jeremiah Azu,,,,,,,Male,,,,,,,,,,,,,,,,
334474,Imani Lansiquot,,,,,,,Female,,,,,,,,,,,,,,,,
334475,McCOLGAN Eilish,,,,,,,Female,,,,,,,,,,,,,,,,
334476,George Mills,,,,,,,Male,,,,,,,,,,,,,,,,
334477,Rio Mitcham,,,,,,,Male,,,,,,,,,,,,,,,,
334481,Lina Nielsen,,,,,,,Female,,,,,,,,,,,,,,,,
334482,Jade O'dowda,,,,,,,Female,,,,,,,,,,,,,,,,
334483,Victoria Ohuruogu,,,,,,,Female,,,,,,,,,,,,,,,,
334484,Tade Ojora,,,,,,,Male,,,,,,,,,,,,,,,,
334486,Nicholas Percy,,,,,,,Male,,,,,,,,,,,,,,,,
334488,Ben Pattison,,,,,,,Male,,,,,,,,,,,,,,,,
334489,Calli Hauger-thackery,,,,,,,Female,,,,,,,,,,,,,,,,
334492,Bianca Williams,,,,,,,Female,,,,,,,,,,,,,,,,
334493,NICKA,,,,,,,Female,,,,,,,,,,,,,,,,
334497,Alberta Santuccio,,,,,,,Female,,,,,,,,,,,,,,,,
334498,Giulia Rizzi,,,,,,,Female,,,,,,,,,,,,,,,,
334501,Michele Gallo,,,,,,,Male,,,,,,,,,,,,,,,,
334502,Pietro Torre,,,,,,,Male,,,,,,,,,,,,,,,,
334504,Chiara Mormile,,,,,,,Female,,,,,,,,,,,,,,,,
334506,Rytis Jasiunas,,,,,,,Male,,,,,,,,,,,,,,,,
334507,Grabiel Lugo,,,,,,,Male,,,,,,,,,,,,,,,,
334510,Gabija Dilyte,,,,,,,Female,,,,,,,,,,,,,,,,
334511,Tilly Collymore,,,,,,,Female,,,,,,,,,,,,,,,,
334512,F Paredes,,,,,,,Female,,,,,,,,,,,,,,,,
334513,Jose Rodriguez,,,,,,,Male,,,,,,,,,,,,,,,,
334514,Jose Montero,,,,,,,Male,,,,,,,,,,,,,,,,
334515,Angeli Arguello,,,,,,,Female,,,,,,,,,,,,,,,,
334516,Antoni Caraballo,,,,,,,Female,,,,,,,,,,,,,,,,
334517,Abel Metellus,,,,,,,Male,,,,,,,,,,,,,,,,
334518,Yentou Ho,,,,,,,Male,,,,,,,,,,,,,,,,
334519,Mei Cheng,,,,,,,Female,,,,,,,,,,,,,,,,
334521,Natalie Kan,,,,,,,Female,,,,,,,,,,,,,,,,
334522,Lam Tam,,,,,,,Female,,,,,,,,,,,,,,,,
334523,Cindy Cheung,,,,,,,Female,,,,,,,,,,,,,,,,
334524,Yiu Lee,,,,,,,Male,,,,,,,,,,,,,,,,
334525,Man Tang,,,,,,,Male,,,,,,,,,,,,,,,,
334526,Happy Lo,,,,,,,Female,,,,,,,,,,,,,,,,
334527,Suet Tse,,,,,,,Female,,,,,,,,,,,,,,,,
334528,Ting Yeung,,,,,,,Female,,,,,,,,,,,,,,,,
334529,Lam Yeung,,,,,,,Female,,,,,,,,,,,,,,,,
334531,Aynura Primova,,,,,,,Female,,,,,,,,,,,,,,,,
334532,Giovanni Toti,,,,,,,Male,,,,,,,,,,,,,,,,
334533,ANTI,,,,,,,Female,,,,,,,,,,,,,,,,
334534,Assunta Scutto,,,,,,,Female,,,,,,,,,,,,,,,,
334536,Veronica Toniolo,,,,,,,Female,,,,,,,,,,,,,,,,
334538,Asya Tavano,,,,,,,Female,,,,,,,,,,,,,,,,
334539,Aurora Russo,,,,,,,Female,,,,,,,,,,,,,,,,
334540,Andrea Carlino,,,,,,,Male,,,,,,,,,,,,,,,,
334541,Matteo Piras,,,,,,,Male,,,,,,,,,,,,,,,,
334542,Antonio Esposito,,,,,,,Male,,,,,,,,,,,,,,,,
334543,Gennaro Pirelli,,,,,,,Male,,,,,,,,,,,,,,,,
334544,Savita Russo,,,,,,,Female,,,,,,,,,,,,,,,,
334550,Maia Biginelli,,,,,,,Female,,,,,,,,,,,,,,,,
334551,Sarah Jodoin,,,,,,,Female,,,,,,,,,,,,,,,,
334552,Elena Bertocchi,,,,,,,Female,,,,,,,,,,,,,,,,
334553,Chiara Pellacani,,,,,,,Female,,,,,,,,,,,,,,,,
334555,Sargent Larsen,,,,,,,Male,,,,,,,,,,,,,,,,
334556,Lorenzo Bruni,,,,,,,Male,,,,,,,,,,,,,,,,
334557,Francesco Condemi,,,,,,,Male,,,,,,,,,,,,,,,,
334558,del Marco,,,,,,,Male,,,,,,,,,,,,,,,,
334559,di Francesco,,,,,,,Male,,,,,,,,,,,,,,,,
334560,di Edoardo,,,,,,,Male,,,,,,,,,,,,,,,,
334562,Tommaso Gianazza,,,,,,,Male,,,,,,,,,,,,,,,,
334563,Matteo Iocchi,,,,,,,Male,,,,,,,,,,,,,,,,
334567,Giacomo Carini,,,,,,,Male,,,,,,,,,,,,,,,,
334568,Paolo Conte,,,,,,,Male,,,,,,,,,,,,,,,,
334569,de Luca,,,,,,,Male,,,,,,,,,,,,,,,,
334571,Leonardo Deplano,,,,,,,Male,,,,,,,,,,,,,,,,
334572,Matteo Lamberti,,,,,,,Male,,,,,,,,,,,,,,,,
334573,Michele Lamberti,,,,,,,Male,,,,,,,,,,,,,,,,
334574,Alessandro Ragaini,,,,,,,Male,,,,,,,,,,,,,,,,
334575,Art Viberti,,,,,,,Male,,,,,,,,,,,,,,,,
334576,Riccardo Giovannini,,,,,,,Male,,,,,,,,,,,,,,,,
334577,Giulia Gabbrielleschi,,,,,,,Female,,,,,,,,,,,,,,,,
334579,Francesca Zunino,,,,,,,Female,,,,,,,,,,,,,,,,
334580,Isotta Sportelli,,,,,,,Female,,,,,,,,,,,,,,,,
334581,Susanna Pedotti,,,,,,,Female,,,,,,,,,,,,,,,,
334582,Marta Iacoacci,,,,,,,Female,,,,,,,,,,,,,,,,
334583,Sofia Mastroianni,,,,,,,Female,,,,,,,,,,,,,,,,
334584,Giulia Vernice,,,,,,,Female,,,,,,,,,,,,,,,,
334585,Lucrezia Ruggiero,,,,,,,Female,,,,,,,,,,,,,,,,
334586,Lisa Angiolini,,,,,,,Female,,,,,,,,,,,,,,,,
334587,Costanza Cocconcelli,,,,,,,Female,,,,,,,,,,,,,,,,
334588,Giulia D'innocenzo,,,,,,,Female,,,,,,,,,,,,,,,,
334589,Sara Curtis,,,,,,,Female,,,,,,,,,,,,,,,,
334590,Sona Artamonova,,,,,,,Female,,,,,,,,,,,,,,,,
334592,Renata Zachova,,,,,,,Female,,,,,,,,,,,,,,,,
334593,Marek Grycz,,,,,,,Male,,,,,,,,,,,,,,,,
334594,Lucie Hlavackova,,,,,,,Female,,,,,,,,,,,,,,,,
334595,Veronika Novotna,,,,,,,Female,,,,,,,,,,,,,,,,
334596,Martin Vlach,,,,,,,Male,,,,,,,,,,,,,,,,
334597,Virginia Menicucci,,,,,,,Female,,,,,,,,,,,,,,,,
334598,Sofia Morini,,,,,,,Female,,,,,,,,,,,,,,,,
334600,Giulia Ramatelli,,,,,,,Female,,,,,,,,,,,,,,,,
334601,Viola Scotto,,,,,,,Female,,,,,,,,,,,,,,,,
334602,Chiara Tarantino,,,,,,,Female,,,,,,,,,,,,,,,,
334603,Matilde Biagiotti,,,,,,,Female,,,,,,,,,,,,,,,,
334604,Ginevra Taddeucci,,,,,,,Female,,,,,,,,,,,,,,,,
334605,Silvia Avegno,,,,,,,Female,,,,,,,,,,,,,,,,
334606,Caterina Banchelli,,,,,,,Female,,,,,,,,,,,,,,,,
334608,Agnese Cocchiere,,,,,,,Female,,,,,,,,,,,,,,,,
334609,Aurora Condorelli,,,,,,,Female,,,,,,,,,,,,,,,,
334610,Giuditta Galardi,,,,,,,Female,,,,,,,,,,,,,,,,
334611,Sofia Giustini,,,,,,,Female,,,,,,,,,,,,,,,,
334613,Valeria Palmieri,,,,,,,Female,,,,,,,,,,,,,,,,
334614,Domitilla Picozzi,,,,,,,Female,,,,,,,,,,,,,,,,
334616,Giulia Viacava,,,,,,,Female,,,,,,,,,,,,,,,,
334617,Dafne Bettini,,,,,,,Female,,,,,,,,,,,,,,,,
334618,Adebola Adeyeye,,,,,,,Female,,,,,,,,,,,,,,,,
334619,Lauren Ebo,,,,,,,Female,,,,,,,,,,,,,,,,
334620,Kevin Mejia,,,,,,,Male,,,,,,,,,,,,,,,,
334621,Murjanatu Musa,,,,,,,Female,,,,,,,,,,,,,,,,
334622,Julimar Avila,,,,,,,Female,,,,,,,,,,,,,,,,
334623,Yohandri Granado,,,,,,,Male,,,,,,,,,,,,,,,,
334624,Ifunanya Okoro,,,,,,,Female,,,,,,,,,,,,,,,,
334625,Tomi Taiwo,,,,,,,Female,,,,,,,,,,,,,,,,
334626,Misozi Zulu,,,,,,,Female,,,,,,,,,,,,,,,,
334629,Pauline Zulu,,,,,,,Female,,,,,,,,,,,,,,,,
334630,Mia Phiri,,,,,,,Female,,,,,,,,,,,,,,,,
334631,Damien Shamambo,,,,,,,Male,,,,,,,,,,,,,,,,
334632,Chebichii Chumba,,,,,,,Female,,,,,,,,,,,,,,,,
334635,Cornnell Enekwechi,,,,,,,Male,,,,,,,,,,,,,,,,
334636,Chioma Onyekwere,,,,,,,Female,,,,,,,,,,,,,,,,
334637,Ruth Usoro,,,,,,,Female,,,,,,,,,,,,,,,,
334638,Sinisuka Ginting,,,,,,,Male,,,,,,,,,,,,,,,,
334639,Kunlavut Vitidsarn,,,,,,,Male,,,,,,,,,,,,,,,,
334641,Supak Jomkoh,,,,,,,Male,,,,,,,,,,,,,,,,
334642,Kittinupong Kedren,,,,,,,Male,,,,,,,,,,,,,,,,
334643,Shannon Tan,,,,,,,Female,,,,,,,,,,,,,,,,
334644,Fajar Alfian,,,,,,,Male,,,,,,,,,,,,,,,,
334645,Mariska Tunjung,,,,,,,Female,,,,,,,,,,,,,,,,
334646,Aisy Binte,,,,,,,Female,,,,,,,,,,,,,,,,
334647,Supanida Katethong,,,,,,,Female,,,,,,,,,,,,,,,,
334648,Rian Ardianto,,,,,,,Male,,,,,,,,,,,,,,,,
334649,Haningtyas Mentari,,,,,,,Female,,,,,,,,,,,,,,,,
334650,Rinov Rivaldy,,,,,,,Male,,,,,,,,,,,,,,,,
334651,Sofia Roma,,,,,,,Female,,,,,,,,,,,,,,,,
334652,Silva Ramadhanti,,,,,,,Female,,,,,,,,,,,,,,,,
334654,Mariah Perez,,,,,,,Female,,,,,,,,,,,,,,,,
334657,Pamela Amaechi,,,,,,,Female,,,,,,,,,,,,,,,,
334658,Omolara Ogunmakinju,,,,,,,Female,,,,,,,,,,,,,,,,
334659,Edose Ibadin,,,,,,,Male,,,,,,,,,,,,,,,,
334660,Ashley Anumba,,,,,,,Female,,,,,,,,,,,,,,,,
334661,Christopher Ortiz,,,,,,,Male,,,,,,,,,,,,,,,,
334662,George Conditt,,,,,,,Male,,,,,,,,,,,,,,,,
334663,Gian Clavell,,,,,,,Male,,,,,,,,,,,,,,,,
334664,Stephen Thompson,,,,,,,Male,,,,,,,,,,,,,,,,
334665,Joseph Morrison,,,,,,,Male,,,,,,,,,,,,,,,,
334667,Dominic Dixon,,,,,,,Male,,,,,,,,,,,,,,,,
334668,Charlie Morrison,,,,,,,Male,,,,,,,,,,,,,,,,
334669,Brad Read,,,,,,,Male,,,,,,,,,,,,,,,,
334673,Malachi Buschl,,,,,,,Male,,,,,,,,,,,,,,,,
334675,Scott Boyde,,,,,,,Male,,,,,,,,,,,,,,,,
334676,Isaac Houlbrooke,,,,,,,Male,,,,,,,,,,,,,,,,
334678,Jordan Howard,,,,,,,Male,,,,,,,,,,,,,,,,
334679,Tremont Waters,,,,,,,Male,,,,,,,,,,,,,,,,
334680,Jose Alvarado,,,,,,,Male,,,,,,,,,,,,,,,,
334681,Ismael Romero,,,,,,,Male,,,,,,,,,,,,,,,,
334682,Aleem Ford,,,,,,,Male,,,,,,,,,,,,,,,,
334683,van Nicole,,,,,,,Female,,,,,,,,,,,,,,,,
334684,McCULLOUGH Dylan,,,,,,,Male,,,,,,,,,,,,,,,,
334685,Davon Reed,,,,,,,Male,,,,,,,,,,,,,,,,
334686,Chloe David,,,,,,,Female,,,,,,,,,,,,,,,,
334687,Stacey Waaka,,,,,,,Female,,,,,,,,,,,,,,,,
334688,Leroy Carter,,,,,,,Male,,,,,,,,,,,,,,,,
334689,Risi Pouri-lane,,,,,,,Female,,,,,,,,,,,,,,,,
334690,Brady Rush,,,,,,,Male,,,,,,,,,,,,,,,,
334691,Fehi Fineanganofo,,,,,,,Male,,,,,,,,,,,,,,,,
334692,Manaia Nuku,,,,,,,Female,,,,,,,,,,,,,,,,
334694,Moses Leo,,,,,,,Male,,,,,,,,,,,,,,,,
334695,Jazmin Felix-hotham,,,,,,,Female,,,,,,,,,,,,,,,,
334697,Tyla King,,,,,,,Female,,,,,,,,,,,,,,,,
334698,Portia Woodman-wickliffe,,,,,,,Female,,,,,,,,,,,,,,,,
334699,Theresa Setefano,,,,,,,Female,,,,,,,,,,,,,,,,
334701,Tone Ng,,,,,,,Male,,,,,,,,,,,,,,,,
334702,Akuila Rokolisoa,,,,,,,Male,,,,,,,,,,,,,,,,
334703,Jorja Miller,,,,,,,Female,,,,,,,,,,,,,,,,
334704,McGARVEY-BLACK Ngarohi,,,,,,,Male,,,,,,,,,,,,,,,,
334707,Mahina Paul,,,,,,,Female,,,,,,,,,,,,,,,,
334708,Tepaea Cook,,,,,,,Male,,,,,,,,,,,,,,,,
334709,James Preston,,,,,,,Male,,,,,,,,,,,,,,,,
334710,Tori Peeters,,,,,,,Female,,,,,,,,,,,,,,,,
334712,McCARTNEY Eliza,,,,,,,Female,,,,,,,,,,,,,,,,
334713,McTAGGART Olivia,,,,,,,Female,,,,,,,,,,,,,,,,
334714,Maddison-lee Wesche,,,,,,,Female,,,,,,,,,,,,,,,,
334715,Imogen Ayris,,,,,,,Female,,,,,,,,,,,,,,,,
334716,Ethan Olivier,,,,,,,Male,,,,,,,,,,,,,,,,
334717,Geordie Beamish,,,,,,,Male,,,,,,,,,,,,,,,,
334718,Camille French,,,,,,,Female,,,,,,,,,,,,,,,,
334719,Connor Bell,,,,,,,Male,,,,,,,,,,,,,,,,
334720,Maia Ramsden,,,,,,,Female,,,,,,,,,,,,,,,,
334721,Zoe Hobbs,,,,,,,Female,,,,,,,,,,,,,,,,
334722,Firdaus Ar-rasyid,,,,,,,Male,,,,,,,,,,,,,,,,
334723,Jianan Wang,,,,,,,Male,,,,,,,,,,,,,,,,
334724,Erin Routliffe,,,,,,,Female,,,,,,,,,,,,,,,,
334725,Jiujiang Mi,,,,,,,Male,,,,,,,,,,,,,,,,
334726,Zhifan Wu,,,,,,,Female,,,,,,,,,,,,,,,,
334727,Leonie Beu,,,,,,,Female,,,,,,,,,,,,,,,,
334728,Qian Li,,,,,,,Female,,,,,,,,,,,,,,,,
334729,Liu Yang,,,,,,,Female,,,,,,,,,,,,,,,,
334730,Wenlu Yang,,,,,,,Female,,,,,,,,,,,,,,,,
334731,Zichun Xu,,,,,,,Female,,,,,,,,,,,,,,,,
334732,Yuan Chang,,,,,,,Female,,,,,,,,,,,,,,,,
334733,Yu Wu,,,,,,,Female,,,,,,,,,,,,,,,,
334734,Xuezhen Han,,,,,,,Male,,,,,,,,,,,,,,,,
334735,Tanglatihan Tuohetaerbieke,,,,,,,Male,,,,,,,,,,,,,,,,
334736,Yi Chen,,,,,,,Female,,,,,,,,,,,,,,,,
334737,Wen Dan,,,,,,,Female,,,,,,,,,,,,,,,,
334738,Yunxia Fan,,,,,,,Female,,,,,,,,,,,,,,,,
334739,Bingfeng Gu,,,,,,,Female,,,,,,,,,,,,,,,,
334740,Jiangxin He,,,,,,,Female,,,,,,,,,,,,,,,,
334741,Hong Li,,,,,,,Female,,,,,,,,,,,,,,,,
334742,Ning Ma,,,,,,,Female,,,,,,,,,,,,,,,,
334743,Zixia Ou,,,,,,,Female,,,,,,,,,,,,,,,,
334744,Jinzhuang Tan,,,,,,,Female,,,,,,,,,,,,,,,,
334745,Wenyu Xu,,,,,,,Female,,,,,,,,,,,,,,,,
334747,Jiao Ye,,,,,,,Female,,,,,,,,,,,,,,,,
334748,Anhui Yu,,,,,,,Female,,,,,,,,,,,,,,,,
334749,Ying Zhang,,,,,,,Female,,,,,,,,,,,,,,,,
334750,Jiaqi Zhong,,,,,,,Female,,,,,,,,,,,,,,,,
334751,Meirong Zou,,,,,,,Female,,,,,,,,,,,,,,,,
334752,Yang Chen,,,,,,,Female,,,,,,,,,,,,,,,,
334753,Shannon Cox,,,,,,,Female,,,,,,,,,,,,,,,,
334754,Alana Sherman,,,,,,,Female,,,,,,,,,,,,,,,,
334755,Jackie Gowler,,,,,,,Female,,,,,,,,,,,,,,,,
334756,Kerri Williams,,,,,,,Female,,,,,,,,,,,,,,,,
334757,Ollie Maclean,,,,,,,Male,,,,,,,,,,,,,,,,
334758,Jackie Kiddle,,,,,,,Female,,,,,,,,,,,,,,,,
334759,Davina Waddy,,,,,,,Female,,,,,,,,,,,,,,,,
334760,Philli Wilson,,,,,,,Male,,,,,,,,,,,,,,,,
334761,Phoebe Spoors,,,,,,,Female,,,,,,,,,,,,,,,,
334763,Daniel Williamson,,,,,,,Male,,,,,,,,,,,,,,,,
334764,Logan Ullrich,,,,,,,Male,,,,,,,,,,,,,,,,
334766,Brooke Francis,,,,,,,Female,,,,,,,,,,,,,,,,
334767,Kate Haines,,,,,,,Female,,,,,,,,,,,,,,,,
334768,Puripol Boonson,,,,,,,Male,,,,,,,,,,,,,,,,
334769,Injeong Choi,,,,,,,Female,,,,,,,,,,,,,,,,
334770,Sebin Choi,,,,,,,Female,,,,,,,,,,,,,,,,
334771,Gyeongdong Do,,,,,,,Male,,,,,,,,,,,,,,,,
334772,Bongil Gu,,,,,,,Male,,,,,,,,,,,,,,,,
334773,Taegyu Ha,,,,,,,Male,,,,,,,,,,,,,,,,
334774,Eunhye Jeon,,,,,,,Female,,,,,,,,,,,,,,,,
334775,Hayoung Jeon,,,,,,,Female,,,,,,,,,,,,,,,,
334777,Jaewon Kim,,,,,,,Male,,,,,,,,,,,,,,,,
334778,Hyein Lee,,,,,,,Female,,,,,,,,,,,,,,,,
334779,Sanguk Oh,,,,,,,Male,,,,,,,,,,,,,,,,
334780,Sangwon Park,,,,,,,Male,,,,,,,,,,,,,,,,
334781,Sera Song,,,,,,,Female,,,,,,,,,,,,,,,,
334782,Jisu Yoon,,,,,,,Female,,,,,,,,,,,,,,,,
334784,Keyi Chen,,,,,,,Female,,,,,,,,,,,,,,,,
334785,Xinrong Dou,,,,,,,Female,,,,,,,,,,,,,,,,
334786,Yaoyao Gu,,,,,,,Female,,,,,,,,,,,,,,,,
334787,Yu Hu,,,,,,,Female,,,,,,,,,,,,,,,,
334788,Xiaoqian Liu,,,,,,,Female,,,,,,,,,,,,,,,,
334789,Xiaodan Ma,,,,,,,Female,,,,,,,,,,,,,,,,
334790,Hongting Ruan,,,,,,,Female,,,,,,,,,,,,,,,,
334791,Qi Su,,,,,,,Female,,,,,,,,,,,,,,,,
334793,Xiao Wang,,,,,,,Female,,,,,,,,,,,,,,,,
334794,Feifei Yang,,,,,,,Female,,,,,,,,,,,,,,,,
334795,Yan Zhou,,,,,,,Female,,,,,,,,,,,,,,,,
334796,Meiling Yan,,,,,,,Female,,,,,,,,,,,,,,,,
334797,Jenjira Srisa,,,,,,,Female,,,,,,,,,,,,,,,,
334799,Dulyawat Kaewsriyong,,,,,,,Male,,,,,,,,,,,,,,,,
334800,Xiao Chen,,,,,,,Female,,,,,,,,,,,,,,,,
334801,Zewen Deng,,,,,,,Female,,,,,,,,,,,,,,,,
334802,Wenxin Dong,,,,,,,Female,,,,,,,,,,,,,,,,
334804,Sanfeng Nong,,,,,,,Female,,,,,,,,,,,,,,,,
334805,Yineng Shen,,,,,,,Female,,,,,,,,,,,,,,,,
334806,Huan Wang,,,,,,,Female,,,,,,,,,,,,,,,,
334807,Xuan Wang,,,,,,,Female,,,,,,,,,,,,,,,,
334809,Siya Yan,,,,,,,Female,,,,,,,,,,,,,,,,
334810,Jing Yan,,,,,,,Female,,,,,,,,,,,,,,,,
334811,Jing Zhang,,,,,,,Female,,,,,,,,,,,,,,,,
334812,Qiyun Zhong,,,,,,,Female,,,,,,,,,,,,,,,,
334813,Dmitriy Panarin,,,,,,,Male,,,,,,,,,,,,,,,,
334814,Xin Quan,,,,,,,Male,,,,,,,,,,,,,,,,
334815,Juan Huang,,,,,,,Female,,,,,,,,,,,,,,,,
334816,Shiting Li,,,,,,,Female,,,,,,,,,,,,,,,,
334817,Wenjun Lin,,,,,,,Female,,,,,,,,,,,,,,,,
334818,Shixiao Xu,,,,,,,Female,,,,,,,,,,,,,,,,
334819,Mengya Sun,,,,,,,Female,,,,,,,,,,,,,,,,
334820,Bowen Ji,,,,,,,Male,,,,,,,,,,,,,,,,
334821,Hao Liu,,,,,,,Male,,,,,,,,,,,,,,,,
334822,Mengdie Yin,,,,,,,Female,,,,,,,,,,,,,,,,
334823,Nan Wang,,,,,,,Female,,,,,,,,,,,,,,,,
334825,Yuewen Sun,,,,,,,Female,,,,,,,,,,,,,,,,
334826,Yule Chen,,,,,,,Female,,,,,,,,,,,,,,,,
334827,Shimeng Yu,,,,,,,Female,,,,,,,,,,,,,,,,
334828,Dong Zhang,,,,,,,Male,,,,,,,,,,,,,,,,
334829,Congkang Wang,,,,,,,Male,,,,,,,,,,,,,,,,
334831,Yi Dong,,,,,,,Male,,,,,,,,,,,,,,,,
334832,Zilu Wang,,,,,,,Female,,,,,,,,,,,,,,,,
334833,Xinyi Ding,,,,,,,Female,,,,,,,,,,,,,,,,
334834,Qiqi Guo,,,,,,,Female,,,,,,,,,,,,,,,,
334835,Ting Hao,,,,,,,Female,,,,,,,,,,,,,,,,
334836,Zhangjiayang Huang,,,,,,,Female,,,,,,,,,,,,,,,,
334837,Lanjing Wang,,,,,,,Female,,,,,,,,,,,,,,,,
334838,Danil Mussabayev,,,,,,,Male,,,,,,,,,,,,,,,,
334839,Delgermaa Enkhsaikhan,,,,,,,Female,,,,,,,,,,,,,,,,
334840,Boeun Gim,,,,,,,Female,,,,,,,,,,,,,,,,
334841,Miseul Han,,,,,,,Female,,,,,,,,,,,,,,,,
334842,Jiyeon Jeon,,,,,,,Female,,,,,,,,,,,,,,,,
334843,Jinhui Jeong,,,,,,,Female,,,,,,,,,,,,,,,,
334844,Eunbeen Jo,,,,,,,Female,,,,,,,,,,,,,,,,
334845,Eunhye Kang,,,,,,,Female,,,,,,,,,,,,,,,,
334846,Eunseo Kang,,,,,,,Female,,,,,,,,,,,,,,,,
334847,Kyungmin Kang,,,,,,,Female,,,,,,,,,,,,,,,,
334848,Dayoung Kim,,,,,,,Female,,,,,,,,,,,,,,,,
334849,Minji Lee,,,,,,,Female,,,,,,,,,,,,,,,,
334850,Saeyoung Park,,,,,,,Female,,,,,,,,,,,,,,,,
334851,Hee Ryu,,,,,,,Female,,,,,,,,,,,,,,,,
334852,Eunjoo Shin,,,,,,,Female,,,,,,,,,,,,,,,,
334853,Jinmi Shin,,,,,,,Female,,,,,,,,,,,,,,,,
334854,Haeri Song,,,,,,,Female,,,,,,,,,,,,,,,,
334855,Jiyoung Song,,,,,,,Female,,,,,,,,,,,,,,,,
334856,Bitna Woo,,,,,,,Female,,,,,,,,,,,,,,,,
334857,Nitai Hasson,,,,,,,Male,,,,,,,,,,,,,,,,
334859,Alex Hua,,,,,,,Male,,,,,,,,,,,,,,,,
334860,Tom Reuveny,,,,,,,Male,,,,,,,,,,,,,,,,
334861,Jana Pavalic,,,,,,,Female,,,,,,,,,,,,,,,,
334862,Zhizhen Zhang,,,,,,,Male,,,,,,,,,,,,,,,,
334863,Qinwen Zheng,,,,,,,Female,,,,,,,,,,,,,,,,
334864,Xiyu Wang,,,,,,,Female,,,,,,,,,,,,,,,,
334866,Shuai Zhang,,,,,,,Female,,,,,,,,,,,,,,,,
334867,Xinyu Wang,,,,,,,Female,,,,,,,,,,,,,,,,
334868,Sharon Kantor,,,,,,,Female,,,,,,,,,,,,,,,,
334869,Gal Zukerman,,,,,,,Female,,,,,,,,,,,,,,,,
334870,Islam Robiul,,,,,,,Male,,,,,,,,,,,,,,,,
334871,Noa Lasry,,,,,,,Female,,,,,,,,,,,,,,,,
334872,Dor Zarka,,,,,,,Male,,,,,,,,,,,,,,,,
334873,Orkhon Purevdorj,,,,,,,Female,,,,,,,,,,,,,,,,
334874,Otgonjargal Dolgorjav,,,,,,,Female,,,,,,,,,,,,,,,,
334875,Ali Zein,,,,,,,Male,,,,,,,,,,,,,,,,
334876,Abdelrahman Abdou,,,,,,,Male,,,,,,,,,,,,,,,,
334878,Khongorzul Boldsaikhan,,,,,,,Female,,,,,,,,,,,,,,,,
334879,Edda Hannesdottir,,,,,,,Female,,,,,,,,,,,,,,,,
334880,Khulan Batkhuyag,,,,,,,Female,,,,,,,,,,,,,,,,
334883,Omar Elwakil,,,,,,,Male,,,,,,,,,,,,,,,,
334884,Aurel Benovic,,,,,,,Male,,,,,,,,,,,,,,,,
334885,Seif Elderaa,,,,,,,Male,,,,,,,,,,,,,,,,
334886,Baul An,,,,,,,Male,,,,,,,,,,,,,,,,
334887,Juyeo Han,,,,,,,Male,,,,,,,,,,,,,,,,
334888,Mimi Huh,,,,,,,Female,,,,,,,,,,,,,,,,
334889,Hayun Kim,,,,,,,Female,,,,,,,,,,,,,,,,
334890,Jisu Kim,,,,,,,Female,,,,,,,,,,,,,,,,
334892,Jin Kim,,,,,,,Male,,,,,,,,,,,,,,,,
334893,Joonhwan Lee,,,,,,,Male,,,,,,,,,,,,,,,,
334894,Hyunji Yoon,,,,,,,Female,,,,,,,,,,,,,,,,
334895,Yahia Omar,,,,,,,Male,,,,,,,,,,,,,,,,
334896,Yehia Elderaa,,,,,,,Male,,,,,,,,,,,,,,,,
334897,Andrey Chugay,,,,,,,Male,,,,,,,,,,,,,,,,
334898,Alexey Lutsenko,,,,,,,Male,,,,,,,,,,,,,,,,
334899,Yevgeniy Fedorov,,,,,,,Male,,,,,,,,,,,,,,,,
334900,Alex Aranburu,,,,,,,Male,,,,,,,,,,,,,,,,
334901,Juan Ayuso,,,,,,,Male,,,,,,,,,,,,,,,,
334902,Mireia Benito,,,,,,,Female,,,,,,,,,,,,,,,,
334903,Victoria Garcia,,,,,,,Female,,,,,,,,,,,,,,,,
334904,Oier Lazkano,,,,,,,Male,,,,,,,,,,,,,,,,
334906,Klaudia Alagierska,,,,,,,Female,,,,,,,,,,,,,,,,
334907,Martyna Czyrnianska,,,,,,,Female,,,,,,,,,,,,,,,,
334908,Magdalena Jurczyk,,,,,,,Female,,,,,,,,,,,,,,,,
334909,Agnieszka Korneluk,,,,,,,Female,,,,,,,,,,,,,,,,
334910,Martyna Lukasik,,,,,,,Female,,,,,,,,,,,,,,,,
334911,Natalia Medrzyk,,,,,,,Female,,,,,,,,,,,,,,,,
334912,Olivia Rozanski,,,,,,,Female,,,,,,,,,,,,,,,,
334913,Malwina Smarzek,,,,,,,Female,,,,,,,,,,,,,,,,
334914,Maria Stenzel,,,,,,,Female,,,,,,,,,,,,,,,,
334915,Magdalena Stysiak,,,,,,,Female,,,,,,,,,,,,,,,,
334916,Aleksandra Szczyglowska,,,,,,,Female,,,,,,,,,,,,,,,,
334917,Katarzyna Wenerska,,,,,,,Female,,,,,,,,,,,,,,,,
334918,Joanna Wolosz,,,,,,,Female,,,,,,,,,,,,,,,,
334919,Boglarka Takacs,,,,,,,Female,,,,,,,,,,,,,,,,
334920,Lokayo Ejore,,,,,,,Female,,,,,,,,,,,,,,,,
334921,Martyna Radosz,,,,,,,Female,,,,,,,,,,,,,,,,
334922,Katarzyna Welna,,,,,,,Female,,,,,,,,,,,,,,,,
334924,Soaad Alfaqaan,,,,,,,Female,,,,,,,,,,,,,,,,
334925,Chudi Onwuzurike,,,,,,,Male,,,,,,,,,,,,,,,,
334926,Mohamad Zubaid,,,,,,,Male,,,,,,,,,,,,,,,,
334927,Donat Varga,,,,,,,Male,,,,,,,,,,,,,,,,
334929,Fabio Rakotoarimanana,,,,,,,Male,,,,,,,,,,,,,,,,
334930,Viktoria Wagner-gyurkes,,,,,,,Female,,,,,,,,,,,,,,,,
334932,Yudelina Mejia,,,,,,,Female,,,,,,,,,,,,,,,,
334934,Okon Sunday,,,,,,,Male,,,,,,,,,,,,,,,,
334935,Diana Dymchenko,,,,,,,Female,,,,,,,,,,,,,,,,
334936,Tiana Eyakpobeyan,,,,,,,Female,,,,,,,,,,,,,,,,
334937,Sol Jorunnardottir,,,,,,,Female,,,,,,,,,,,,,,,,
334938,Laura Rasoanaivo,,,,,,,Female,,,,,,,,,,,,,,,,
334939,Ella Onojuvwevwo,,,,,,,Female,,,,,,,,,,,,,,,,
334940,McKEE Anton,,,,,,,Male,,,,,,,,,,,,,,,,
334941,Hakon Svavarsson,,,,,,,Male,,,,,,,,,,,,,,,,
334942,Moira Morillo,,,,,,,Female,,,,,,,,,,,,,,,,
334943,Bence Banhidi,,,,,,,Male,,,,,,,,,,,,,,,,
334944,Dubem Nwachukwu,,,,,,,Male,,,,,,,,,,,,,,,,
334945,Gergo Fazekas,,,,,,,Male,,,,,,,,,,,,,,,,
334946,Terence Tengue,,,,,,,Male,,,,,,,,,,,,,,,,
334947,Kristof Palasics,,,,,,,Male,,,,,,,,,,,,,,,,
334948,Ezekiel Nathaniel,,,,,,,Male,,,,,,,,,,,,,,,,
334949,Olukunle Akintola,,,,,,,Male,,,,,,,,,,,,,,,,
334950,Marine Andet,,,,,,,Female,,,,,,,,,,,,,,,,
334951,Dee Vargas,,,,,,,Female,,,,,,,,,,,,,,,,
334952,Jose Ribera,,,,,,,Female,,,,,,,,,,,,,,,,
334953,Elzhana Taniyeva,,,,,,,Female,,,,,,,,,,,,,,,,
334955,Vadim Sharlaimov,,,,,,,Male,,,,,,,,,,,,,,,,
334956,Yerlik Sertay,,,,,,,Male,,,,,,,,,,,,,,,,
334957,Aigerim Sarybay,,,,,,,Female,,,,,,,,,,,,,,,,
334958,Vito Dell,,,,,,,Male,,,,,,,,,,,,,,,,
334959,Elisabetta Matonti,,,,,,,Female,,,,,,,,,,,,,,,,
334960,Erika Lasso,,,,,,,Female,,,,,,,,,,,,,,,,
334961,Esteban Nunez,,,,,,,Male,,,,,,,,,,,,,,,,
334962,Giorgia Piccolin,,,,,,,Female,,,,,,,,,,,,,,,,
334963,Daniel Pintado,,,,,,,Male,,,,,,,,,,,,,,,,
334964,Nicolas Jarry,,,,,,,Male,,,,,,,,,,,,,,,,
334965,Alejandro Tabilo,,,,,,,Male,,,,,,,,,,,,,,,,
334966,Rafael Jimenez,,,,,,,Male,,,,,,,,,,,,,,,,
334967,Alva Chacha,,,,,,,Female,,,,,,,,,,,,,,,,
334968,Patricia Ortiz,,,,,,,Female,,,,,,,,,,,,,,,,
334969,Pauline Peyraud-magnin,,,,,,,Female,,,,,,,,,,,,,,,,
334970,Constance Picaud,,,,,,,Female,,,,,,,,,,,,,,,,
334971,Estelle Cascarino,,,,,,,Female,,,,,,,,,,,,,,,,
334972,de Elisa,,,,,,,Female,,,,,,,,,,,,,,,,
334974,Maelle Lakrar,,,,,,,Female,,,,,,,,,,,,,,,,
334975,Griedge Mbock,,,,,,,Female,,,,,,,,,,,,,,,,
334976,Eve Perisset,,,,,,,Female,,,,,,,,,,,,,,,,
334978,Selma Bacha,,,,,,,Female,,,,,,,,,,,,,,,,
334979,Kenza Dali,,,,,,,Female,,,,,,,,,,,,,,,,
334980,Grace Geyoro,,,,,,,Female,,,,,,,,,,,,,,,,
334982,Sandie Toletti,,,,,,,Female,,,,,,,,,,,,,,,,
334983,Sandy Baltimore,,,,,,,Female,,,,,,,,,,,,,,,,
334984,Vicki Becho,,,,,,,Female,,,,,,,,,,,,,,,,
334985,Delphine Cascarino,,,,,,,Female,,,,,,,,,,,,,,,,
334987,Marie-antoinette Katoto,,,,,,,Female,,,,,,,,,,,,,,,,
334988,le Eugenie,,,,,,,Female,,,,,,,,,,,,,,,,
334989,Konstantia Nikolaou,,,,,,,Female,,,,,,,,,,,,,,,,
334990,Camila Cardozo,,,,,,,Female,,,,,,,,,,,,,,,,
334991,Alexis Cuero,,,,,,,Male,,,,,,,,,,,,,,,,
334992,Jalen Lisse,,,,,,,Male,,,,,,,,,,,,,,,,
334993,Julian Alvarez,,,,,,,Male,,,,,,,,,,,,,,,,
334994,Bruno Amione,,,,,,,Male,,,,,,,,,,,,,,,,
334995,Andres Munoz,,,,,,,Male,,,,,,,,,,,,,,,,
334996,Lucas Beltran,,,,,,,Male,,,,,,,,,,,,,,,,
334997,Batyrkhan Toleugali,,,,,,,Male,,,,,,,,,,,,,,,,
334998,Samirkhon Ababakirov,,,,,,,Male,,,,,,,,,,,,,,,,
335000,Aleksandr Nedovyesov,,,,,,,Male,,,,,,,,,,,,,,,,
335001,Elena Rybakina,,,,,,,Female,,,,,,,,,,,,,,,,
335002,Leandro Brey,,,,,,,Male,,,,,,,,,,,,,,,,
335003,Nicole Caicedo,,,,,,,Female,,,,,,,,,,,,,,,,
335004,Aimara Nazareno,,,,,,,Female,,,,,,,,,,,,,,,,
335005,di Marco,,,,,,,Male,,,,,,,,,,,,,,,,
335006,Claudio Echeverri,,,,,,,Male,,,,,,,,,,,,,,,,
335007,Ezequiel Fernandez,,,,,,,Male,,,,,,,,,,,,,,,,
335008,Joaquin Garcia,,,,,,,Male,,,,,,,,,,,,,,,,
335009,Luciano Gondou,,,,,,,Male,,,,,,,,,,,,,,,,
335011,Santiago Hezze,,,,,,,Male,,,,,,,,,,,,,,,,
335012,Gonzalo Lujan,,,,,,,Male,,,,,,,,,,,,,,,,
335013,Milena Torres,,,,,,,Female,,,,,,,,,,,,,,,,
335014,Cristian Medina,,,,,,,Male,,,,,,,,,,,,,,,,
335015,Beatriz Bonilla,,,,,,,Female,,,,,,,,,,,,,,,,
335016,Nicolas Otamendi,,,,,,,Male,,,,,,,,,,,,,,,,
335017,Alan Nunez,,,,,,,Male,,,,,,,,,,,,,,,,
335018,Alexis Cantero,,,,,,,Male,,,,,,,,,,,,,,,,
335019,Julio Soler,,,,,,,Male,,,,,,,,,,,,,,,,
335020,Nikita Chiryukin,,,,,,,Male,,,,,,,,,,,,,,,,
335021,Konstantin Malinovskiy,,,,,,,Male,,,,,,,,,,,,,,,,
335022,Arina Altukhova,,,,,,,Female,,,,,,,,,,,,,,,,
335023,Alexandra Le,,,,,,,Female,,,,,,,,,,,,,,,,
335024,Islam Satpayev,,,,,,,Male,,,,,,,,,,,,,,,,
335025,Irina Yunusmetova,,,,,,,Female,,,,,,,,,,,,,,,,
335028,Eduard Yechshenko,,,,,,,Male,,,,,,,,,,,,,,,,
335029,Kevin Zenon,,,,,,,Male,,,,,,,,,,,,,,,,
335030,Alexandre Grand'pierre,,,,,,,Male,,,,,,,,,,,,,,,,
335031,Yousef Alshamlan,,,,,,,Male,,,,,,,,,,,,,,,,
335032,Juliana Viana,,,,,,,Female,,,,,,,,,,,,,,,,
335035,Kirsten Kasper,,,,,,,Female,,,,,,,,,,,,,,,,
335037,Seth Rider,,,,,,,Male,,,,,,,,,,,,,,,,
335039,Faith Dillon,,,,,,,Female,,,,,,,,,,,,,,,,
335040,Jonathan Healy,,,,,,,Male,,,,,,,,,,,,,,,,
335041,Cj Nickolas,,,,,,,Male,,,,,,,,,,,,,,,,
335042,Kristina Teachout,,,,,,,Female,,,,,,,,,,,,,,,,
335043,Danielle Collins,,,,,,,Female,,,,,,,,,,,,,,,,
335044,Emma Navarro,,,,,,,Female,,,,,,,,,,,,,,,,
335045,Christopher Eubanks,,,,,,,Male,,,,,,,,,,,,,,,,
335046,Taylor Fritz,,,,,,,Male,,,,,,,,,,,,,,,,
335047,Coco Gauff,,,,,,,Female,,,,,,,,,,,,,,,,
335048,Desirae Krawczyk,,,,,,,Female,,,,,,,,,,,,,,,,
335052,Rachel Sung,,,,,,,Female,,,,,,,,,,,,,,,,
335053,Amy Wang,,,,,,,Female,,,,,,,,,,,,,,,,
335054,Miwa Harimoto,,,,,,,Female,,,,,,,,,,,,,,,,
335055,Tomokazu Harimoto,,,,,,,Male,,,,,,,,,,,,,,,,
335056,Hina Hayata,,,,,,,Female,,,,,,,,,,,,,,,,
335057,Miu Hirano,,,,,,,Female,,,,,,,,,,,,,,,,
335058,Hiroto Shinozuka,,,,,,,Male,,,,,,,,,,,,,,,,
335059,Shunsuke Togami,,,,,,,Male,,,,,,,,,,,,,,,,
335060,Laura Paeglis,,,,,,,Female,,,,,,,,,,,,,,,,
335061,Peter Boukouvalas,,,,,,,Male,,,,,,,,,,,,,,,,
335063,Joe Kurniawan,,,,,,,Male,,,,,,,,,,,,,,,,
335064,Dohyun Lee,,,,,,,Male,,,,,,,,,,,,,,,,
335066,Euncheol Shin,,,,,,,Male,,,,,,,,,,,,,,,,
335067,Vareeraya Sukasem,,,,,,,Female,,,,,,,,,,,,,,,,
335068,Euro Kim,,,,,,,Male,,,,,,,,,,,,,,,,
335069,Minji Song,,,,,,,Female,,,,,,,,,,,,,,,,
335070,AMIR,,,,,,,Male,,,,,,,,,,,,,,,,
335071,Nazym Kyzaibay,,,,,,,Female,,,,,,,,,,,,,,,,
335072,Valentina Khalzova,,,,,,,Female,,,,,,,,,,,,,,,,
335073,Karina Ibragimova,,,,,,,Female,,,,,,,,,,,,,,,,
335074,Mikhail Romanyk,,,,,,,Male,,,,,,,,,,,,,,,,
335075,Sophia Montgomery,,,,,,,Female,,,,,,,,,,,,,,,,
335076,Magdalena Shauri,,,,,,,Female,,,,,,,,,,,,,,,,
335077,Omer Vered,,,,,,,Male,,,,,,,,,,,,,,,,
335078,Aman Aman,,,,,,,Male,,,,,,,,,,,,,,,,
335079,Akram Yousri,,,,,,,Male,,,,,,,,,,,,,,,,
335080,Dauletkeldi Zhangbyrbay,,,,,,,Male,,,,,,,,,,,,,,,,
335081,Amir Maimuratov,,,,,,,Male,,,,,,,,,,,,,,,,
335082,Nariman Kurbanov,,,,,,,Male,,,,,,,,,,,,,,,,
335084,Wasim Abusal,,,,,,,Male,,,,,,,,,,,,,,,,
335085,Georgiy Boroda-dudochkin,,,,,,,Male,,,,,,,,,,,,,,,,
335086,Iga Swiatek,,,,,,,Female,,,,,,,,,,,,,,,,
335087,Ibrahim Elmasry,,,,,,,Male,,,,,,,,,,,,,,,,
335089,Magdalena Frech,,,,,,,Female,,,,,,,,,,,,,,,,
335092,Mohab Abdelhak,,,,,,,Male,,,,,,,,,,,,,,,,
335093,Agata Barwinska,,,,,,,Female,,,,,,,,,,,,,,,,
335095,Niall Comerford,,,,,,,Male,,,,,,,,,,,,,,,,
335096,Omar Yaser,,,,,,,Male,,,,,,,,,,,,,,,,
335097,Pedro Rodriguez,,,,,,,Male,,,,,,,,,,,,,,,,
335099,Vinesh Vinesh,,,,,,,Female,,,,,,,,,,,,,,,,
335100,Richard Bodo,,,,,,,Male,,,,,,,,,,,,,,,,
335101,Bence Imre,,,,,,,Male,,,,,,,,,,,,,,,,
335104,Zoran Ilic,,,,,,,Male,,,,,,,,,,,,,,,,
335105,Patrik Ligetvari,,,,,,,Male,,,,,,,,,,,,,,,,
335106,Laszlo Bartucz,,,,,,,Male,,,,,,,,,,,,,,,,
335108,Adrian Sipos,,,,,,,Male,,,,,,,,,,,,,,,,
335109,Miklos Rosta,,,,,,,Male,,,,,,,,,,,,,,,,
335110,Antim Antim,,,,,,,Female,,,,,,,,,,,,,,,,
335111,Bendeguz Boka,,,,,,,Male,,,,,,,,,,,,,,,,
335112,Anshu Anshu,,,,,,,Female,,,,,,,,,,,,,,,,
335113,Maja Dziarnowska,,,,,,,Female,,,,,,,,,,,,,,,,
335114,Szymon Wierzbicki,,,,,,,Male,,,,,,,,,,,,,,,,
335115,Michal Krasodomski,,,,,,,Male,,,,,,,,,,,,,,,,
335116,Dominik Buksak,,,,,,,Male,,,,,,,,,,,,,,,,
335117,Zoltan Szita,,,,,,,Male,,,,,,,,,,,,,,,,
335118,Egon Hanusz,,,,,,,Male,,,,,,,,,,,,,,,,
335119,Gabor Ancsin,,,,,,,Male,,,,,,,,,,,,,,,,
335121,Julia Damasiewicz,,,,,,,Female,,,,,,,,,,,,,,,,
335122,Maks Zakowski,,,,,,,Male,,,,,,,,,,,,,,,,
335123,Pawel Tarnowski,,,,,,,Male,,,,,,,,,,,,,,,,
335124,Sandra Jankowiak,,,,,,,Female,,,,,,,,,,,,,,,,
335125,Nisha Nisha,,,,,,,Female,,,,,,,,,,,,,,,,
335126,van Paige,,,,,,,Female,,,,,,,,,,,,,,,,
335127,Reetika Reetika,,,,,,,Female,,,,,,,,,,,,,,,,
335129,Antonio Salhe,,,,,,,Male,,,,,,,,,,,,,,,,
335130,Fares Badawi,,,,,,,Male,,,,,,,,,,,,,,,,
335131,Ahmed Elgendy,,,,,,,Male,,,,,,,,,,,,,,,,
335132,Alemayehu Selo,,,,,,,Female,,,,,,,,,,,,,,,,
335133,Daniel Bluman,,,,,,,Male,,,,,,,,,,,,,,,,
335134,Robin Muhr,,,,,,,Male,,,,,,,,,,,,,,,,
335135,Denilson Cyprianos,,,,,,,Male,,,,,,,,,,,,,,,,
335136,Isabella Russekoff,,,,,,,Female,,,,,,,,,,,,,,,,
335137,Alex Tofalides,,,,,,,Male,,,,,,,,,,,,,,,,
335138,Kireri Gathimba,,,,,,,Male,,,,,,,,,,,,,,,,
335139,Saken Bibossinov,,,,,,,Male,,,,,,,,,,,,,,,,
335140,Makhmud Sabyrkhan,,,,,,,Male,,,,,,,,,,,,,,,,
335141,Uulu Mukhammedsabyr,,,,,,,Male,,,,,,,,,,,,,,,,
335142,Aslanbek Shymbergenov,,,,,,,Male,,,,,,,,,,,,,,,,
335143,Nurbek Oralbay,,,,,,,Male,,,,,,,,,,,,,,,,
335144,Aibek Oralbay,,,,,,,Male,,,,,,,,,,,,,,,,
335145,Tharushi Karunarathna,,,,,,,Female,,,,,,,,,,,,,,,,
335147,Malak Ismail,,,,,,,Female,,,,,,,,,,,,,,,,
335148,Sharon Lokedi,,,,,,,Female,,,,,,,,,,,,,,,,
335149,Mohanad Shaban,,,,,,,Male,,,,,,,,,,,,,,,,
335150,Eduardo Marques,,,,,,,Male,,,,,,,,,,,,,,,,
335151,Mafalda Pires,,,,,,,Female,,,,,,,,,,,,,,,,
335152,Blanka Boede,,,,,,,Female,,,,,,,,,,,,,,,,
335153,Anna Albek,,,,,,,Female,,,,,,,,,,,,,,,,
335154,Lika Kharchilava,,,,,,,Female,,,,,,,,,,,,,,,,
335155,Csenge Kuczora,,,,,,,Female,,,,,,,,,,,,,,,,
335156,Nadine Szollosi-schatzl,,,,,,,Female,,,,,,,,,,,,,,,,
335157,Enso Gonzalez,,,,,,,Male,,,,,,,,,,,,,,,,
335159,Okon George,,,,,,,Female,,,,,,,,,,,,,,,,
335160,Carlos Diaz,,,,,,,Male,,,,,,,,,,,,,,,,
335161,Viktoria Gyori-lukacs,,,,,,,Female,,,,,,,,,,,,,,,,
335162,Xennia Gallardo,,,,,,,Female,,,,,,,,,,,,,,,,
335163,Fernando Roman,,,,,,,Male,,,,,,,,,,,,,,,,
335164,Oke Oghenebrume,,,,,,,Male,,,,,,,,,,,,,,,,
335165,Salma Abdelmaksoud,,,,,,,Female,,,,,,,,,,,,,,,,
335166,Ewa Piotrowska,,,,,,,Female,,,,,,,,,,,,,,,,
335167,Anna Pietruk,,,,,,,Female,,,,,,,,,,,,,,,,
335168,Natalia Kochanska,,,,,,,Female,,,,,,,,,,,,,,,,
335169,Maciej Kowalewicz,,,,,,,Male,,,,,,,,,,,,,,,,
335170,Gilberto Flores,,,,,,,Male,,,,,,,,,,,,,,,,
335172,Claudio Romero,,,,,,,Male,,,,,,,,,,,,,,,,
335173,Nikoletta Papp,,,,,,,Female,,,,,,,,,,,,,,,,
335174,Anita Fuezi,,,,,,,Female,,,,,,,,,,,,,,,,
335175,Noemi Pasztor,,,,,,,Female,,,,,,,,,,,,,,,,
335176,Martin Saenz,,,,,,,Male,,,,,,,,,,,,,,,,
335179,Zsofi Szemerey,,,,,,,Female,,,,,,,,,,,,,,,,
335181,Kevin Parzajuk,,,,,,,Male,,,,,,,,,,,,,,,,
335182,Martina Weil,,,,,,,Female,,,,,,,,,,,,,,,,
335185,Daniel Rivas,,,,,,,Male,,,,,,,,,,,,,,,,
335186,Adewale Adeyemi,,,,,,,Male,,,,,,,,,,,,,,,,
335187,Olayinka Olajide,,,,,,,Female,,,,,,,,,,,,,,,,
335188,Kipro Koech,,,,,,,Male,,,,,,,,,,,,,,,,
335189,Adilbek Mussin,,,,,,,Male,,,,,,,,,,,,,,,,
335190,Xeniya Ignatova,,,,,,,Female,,,,,,,,,,,,,,,,
335191,Kirill Gerassimenko,,,,,,,Male,,,,,,,,,,,,,,,,
335192,Olga Safronova,,,,,,,Female,,,,,,,,,,,,,,,,
335193,David Yefremov,,,,,,,Male,,,,,,,,,,,,,,,,
335194,Daisy Jepkemei,,,,,,,Female,,,,,,,,,,,,,,,,
335195,Norah Jeruto,,,,,,,Female,,,,,,,,,,,,,,,,
335196,Yelizaveta Matveyeva,,,,,,,Female,,,,,,,,,,,,,,,,
335198,Zenaida Granja,,,,,,,Female,,,,,,,,,,,,,,,,
335199,Lucena Cardozo,,,,,,,Male,,,,,,,,,,,,,,,,
335200,Daniela Campos,,,,,,,Female,,,,,,,,,,,,,,,,
335202,Iuri Leitao,,,,,,,Male,,,,,,,,,,,,,,,,
335203,Ivo Oliveira,,,,,,,Male,,,,,,,,,,,,,,,,
335204,Rui Oliveira,,,,,,,Male,,,,,,,,,,,,,,,,
335206,Marcelo Fernandez,,,,,,,Male,,,,,,,,,,,,,,,,
335207,Marcelo Perez,,,,,,,Male,,,,,,,,,,,,,,,,
335208,Sanoa Dempfle-olin,,,,,,,Female,,,,,,,,,,,,,,,,
335209,Patricia Alvarez,,,,,,,Female,,,,,,,,,,,,,,,,
335210,Constanza Amundson,,,,,,,Female,,,,,,,,,,,,,,,,
335216,Marta Segu,,,,,,,Female,,,,,,,,,,,,,,,,
335217,Julia Strappato,,,,,,,Female,,,,,,,,,,,,,,,,
335219,Maria Basterra,,,,,,,Male,,,,,,,,,,,,,,,,
335220,Jordi Bonastre,,,,,,,Male,,,,,,,,,,,,,,,,
335221,Luis Calzado,,,,,,,Male,,,,,,,,,,,,,,,,
335222,Gerard Clapes,,,,,,,Male,,,,,,,,,,,,,,,,
335223,Pepe Cunill,,,,,,,Male,,,,,,,,,,,,,,,,
335224,de Eduard,,,,,,,Male,,,,,,,,,,,,,,,,
335225,Bruno Font,,,,,,,Male,,,,,,,,,,,,,,,,
335226,Xavier Gispert,,,,,,,Male,,,,,,,,,,,,,,,,
335227,Borja Lacalle,,,,,,,Male,,,,,,,,,,,,,,,,
335228,Joaquin Menini,,,,,,,Male,,,,,,,,,,,,,,,,
335232,Rafael Vilallonga,,,,,,,Male,,,,,,,,,,,,,,,,
335234,Mauricio Molina,,,,,,,Male,,,,,,,,,,,,,,,,
335235,Niesha Burgher,,,,,,,Female,,,,,,,,,,,,,,,,
335236,van Lucas,,,,,,,Male,,,,,,,,,,,,,,,,
335237,Justin Lui,,,,,,,Male,,,,,,,,,,,,,,,,
335238,James Walsh,,,,,,,Male,,,,,,,,,,,,,,,,
335239,Brodie Hofer,,,,,,,Male,,,,,,,,,,,,,,,,
335240,Danny Demyanenko,,,,,,,Male,,,,,,,,,,,,,,,,
335242,Luke Herr,,,,,,,Male,,,,,,,,,,,,,,,,
335243,Xander Ketrzynski,,,,,,,Male,,,,,,,,,,,,,,,,
335244,Eric Loeppky,,,,,,,Male,,,,,,,,,,,,,,,,
335245,Timothy Maar,,,,,,,Male,,,,,,,,,,,,,,,,
335246,Brendan Barnes,,,,,,,Male,,,,,,,,,,,,,,,,
335247,McCARTHY Lionel,,,,,,,Male,,,,,,,,,,,,,,,,
335248,Martin Vidaurre,,,,,,,Male,,,,,,,,,,,,,,,,
335250,Jonatan Hellvig,,,,,,,Male,,,,,,,,,,,,,,,,
335251,David Ahman,,,,,,,Male,,,,,,,,,,,,,,,,
335252,de Marlize,,,,,,,Female,,,,,,,,,,,,,,,,
335253,Liske Lategan,,,,,,,Female,,,,,,,,,,,,,,,,
335254,Ayanda Malinga,,,,,,,Female,,,,,,,,,,,,,,,,
335255,Zintle Mpupha,,,,,,,Female,,,,,,,,,,,,,,,,
335256,Nadine Roos,,,,,,,Female,,,,,,,,,,,,,,,,
335257,Mathrin Simmers,,,,,,,Female,,,,,,,,,,,,,,,,
335258,Kemisetso Baloyi,,,,,,,Female,,,,,,,,,,,,,,,,
335259,Shiniqwa Lamprecht,,,,,,,Female,,,,,,,,,,,,,,,,
335260,Maria Tshiremba,,,,,,,Female,,,,,,,,,,,,,,,,
335261,Libbie Janse,,,,,,,Female,,,,,,,,,,,,,,,,
335262,Byrhandre Dolf,,,,,,,Female,,,,,,,,,,,,,,,,
335263,Veroeshka Grain,,,,,,,Female,,,,,,,,,,,,,,,,
335264,Sizophila Solontsi,,,,,,,Female,,,,,,,,,,,,,,,,
335265,Laura Fuertes,,,,,,,Female,,,,,,,,,,,,,,,,
335266,Ayoub Ghadfa,,,,,,,Male,,,,,,,,,,,,,,,,
335267,Oier Ibarreche,,,,,,,Male,,,,,,,,,,,,,,,,
335268,Arantza Inostroza,,,,,,,Female,,,,,,,,,,,,,,,,
335269,Gatito Fernandez,,,,,,,Male,,,,,,,,,,,,,,,,
335270,Rodrigo Frutos,,,,,,,Male,,,,,,,,,,,,,,,,
335271,Margot Lambert,,,,,,,Female,,,,,,,,,,,,,,,,
335272,Anne Tran,,,,,,,Female,,,,,,,,,,,,,,,,
335273,Lucas Corvee,,,,,,,Male,,,,,,,,,,,,,,,,
335274,Ronan Labar,,,,,,,Male,,,,,,,,,,,,,,,,
335275,Junior Popov,,,,,,,Male,,,,,,,,,,,,,,,,
335276,Christo Popov,,,,,,,Male,,,,,,,,,,,,,,,,
335277,de Ronaldo,,,,,,,Male,,,,,,,,,,,,,,,,
335279,Ssuubi Ssengonzi,,,,,,,Male,,,,,,,,,,,,,,,,
335280,Anna Muzito,,,,,,,Female,,,,,,,,,,,,,,,,
335281,Wilder Viera,,,,,,,Male,,,,,,,,,,,,,,,,
335282,Charles Paquet,,,,,,,Male,,,,,,,,,,,,,,,,
335284,Emy Legault,,,,,,,Female,,,,,,,,,,,,,,,,
335286,Evian Almanza,,,,,,,Male,,,,,,,,,,,,,,,,
335289,Mery Rojas,,,,,,,Female,,,,,,,,,,,,,,,,
335290,Abiba Abuzhakynova,,,,,,,Female,,,,,,,,,,,,,,,,
335291,Kamila Berlikash,,,,,,,Female,,,,,,,,,,,,,,,,
335292,Esmigul Kuyulova,,,,,,,Female,,,,,,,,,,,,,,,,
335294,Gusman Kyrgyzbayev,,,,,,,Male,,,,,,,,,,,,,,,,
335295,Daniyar Shamshayev,,,,,,,Male,,,,,,,,,,,,,,,,
335296,Abylaikhan Zhubanazar,,,,,,,Male,,,,,,,,,,,,,,,,
335297,Nurlykhan Sharkhan,,,,,,,Male,,,,,,,,,,,,,,,,
335298,Mariya Brovkova,,,,,,,Female,,,,,,,,,,,,,,,,
335299,Bekarys Ramatulla,,,,,,,Male,,,,,,,,,,,,,,,,
335300,Sergii Tokarnytskyi,,,,,,,Male,,,,,,,,,,,,,,,,
335301,Timur Khaidarov,,,,,,,Male,,,,,,,,,,,,,,,,
335302,Rufina Iskakova,,,,,,,Female,,,,,,,,,,,,,,,,
335303,Christian Pacheco,,,,,,,Male,,,,,,,,,,,,,,,,
335304,Ana Rendon,,,,,,,Female,,,,,,,,,,,,,,,,
335305,Ogbonne Eze,,,,,,,Female,,,,,,,,,,,,,,,,
335306,Paula Gomez,,,,,,,Female,,,,,,,,,,,,,,,,
335307,Jose Mailliard,,,,,,,Female,,,,,,,,,,,,,,,,
335308,Folashade Lawal,,,,,,,Female,,,,,,,,,,,,,,,,
335309,Evelyn Inga,,,,,,,Female,,,,,,,,,,,,,,,,
335310,Luz Andia,,,,,,,Female,,,,,,,,,,,,,,,,
335311,Lucia Castillo,,,,,,,Female,,,,,,,,,,,,,,,,
335312,Augusto Rodriguez,,,,,,,Male,,,,,,,,,,,,,,,,
335313,Henry Campos,,,,,,,Male,,,,,,,,,,,,,,,,
335314,Alimkhan Syzdykov,,,,,,,Male,,,,,,,,,,,,,,,,
335316,Aidos Sultangali,,,,,,,Male,,,,,,,,,,,,,,,,
335317,Nicolas Burgos,,,,,,,Male,,,,,,,,,,,,,,,,
335318,Thalia Valdivia,,,,,,,Female,,,,,,,,,,,,,,,,
335319,Lanae-tava Thomas,,,,,,,Female,,,,,,,,,,,,,,,,
335320,Alessia Palacios,,,,,,,Female,,,,,,,,,,,,,,,,
335321,Charokee Young,,,,,,,Female,,,,,,,,,,,,,,,,
335322,Valeria Palacios,,,,,,,Female,,,,,,,,,,,,,,,,
335323,Adriana Sanguineti,,,,,,,Female,,,,,,,,,,,,,,,,
335324,Santiago Arcila,,,,,,,Male,,,,,,,,,,,,,,,,
335325,Andres Hernandez,,,,,,,Male,,,,,,,,,,,,,,,,
335326,Angel Barajas,,,,,,,Male,,,,,,,,,,,,,,,,
335328,Laura Casabuena,,,,,,,Female,,,,,,,,,,,,,,,,
335330,Alba Petisco,,,,,,,Female,,,,,,,,,,,,,,,,
335332,Rayderley Zapata,,,,,,,Male,,,,,,,,,,,,,,,,
335333,Ana Arnau,,,,,,,Female,,,,,,,,,,,,,,,,
335334,Alba Bautista,,,,,,,Female,,,,,,,,,,,,,,,,
335335,Polina Berezina,,,,,,,Female,,,,,,,,,,,,,,,,
335336,Ines Bergua,,,,,,,Female,,,,,,,,,,,,,,,,
335337,Mireia Martinez,,,,,,,Female,,,,,,,,,,,,,,,,
335338,Patricia Perez,,,,,,,Female,,,,,,,,,,,,,,,,
335339,Salma Solaun,,,,,,,Female,,,,,,,,,,,,,,,,
335340,Noemi Romero,,,,,,,Female,,,,,,,,,,,,,,,,
335341,David Vega,,,,,,,Male,,,,,,,,,,,,,,,,
335343,Jack Alexy,,,,,,,Male,,,,,,,,,,,,,,,,
335344,Katharine Berkoff,,,,,,,Female,,,,,,,,,,,,,,,,
335345,Erika Connolly,,,,,,,Female,,,,,,,,,,,,,,,,
335346,Shaine Casas,,,,,,,Male,,,,,,,,,,,,,,,,
335348,Mariah Denigan,,,,,,,Female,,,,,,,,,,,,,,,,
335349,Kate Douglass,,,,,,,Female,,,,,,,,,,,,,,,,
335351,Matt Fallon,,,,,,,Male,,,,,,,,,,,,,,,,
335352,Carson Foster,,,,,,,Male,,,,,,,,,,,,,,,,
335353,Erin Gemmell,,,,,,,Female,,,,,,,,,,,,,,,,
335354,Chris Guiliano,,,,,,,Male,,,,,,,,,,,,,,,,
335355,Thomas Heilman,,,,,,,Male,,,,,,,,,,,,,,,,
335357,Luke Hobson,,,,,,,Male,,,,,,,,,,,,,,,,
335358,David Johnston,,,,,,,Male,,,,,,,,,,,,,,,,
335359,Keaton Jones,,,,,,,Male,,,,,,,,,,,,,,,,
335363,Matt King,,,,,,,Male,,,,,,,,,,,,,,,,
335365,Josh Matheny,,,,,,,Male,,,,,,,,,,,,,,,,
335367,Anna Peplowski,,,,,,,Female,,,,,,,,,,,,,,,,
335369,Ivan Puskovitch,,,,,,,Male,,,,,,,,,,,,,,,,
335370,Aaron Shackell,,,,,,,Male,,,,,,,,,,,,,,,,
335371,Alex Shackell,,,,,,,Female,,,,,,,,,,,,,,,,
335372,Charlie Swanson,,,,,,,Male,,,,,,,,,,,,,,,,
335373,Luca Urlando,,,,,,,Male,,,,,,,,,,,,,,,,
335374,Gretchen Walsh,,,,,,,Female,,,,,,,,,,,,,,,,
335375,Emma Weber,,,,,,,Female,,,,,,,,,,,,,,,,
335376,Claire Weinstein,,,,,,,Female,,,,,,,,,,,,,,,,
335377,Luke Whitlock,,,,,,,Male,,,,,,,,,,,,,,,,
335378,Chloe Farro,,,,,,,Female,,,,,,,,,,,,,,,,
335379,Thuzar Thet,,,,,,,Female,,,,,,,,,,,,,,,,
335380,Bekzat Almaz,,,,,,,Male,,,,,,,,,,,,,,,,
335381,Josh Tarere,,,,,,,Male,,,,,,,,,,,,,,,,
335382,Georgia-leigh Vele,,,,,,,Female,,,,,,,,,,,,,,,,
335383,Azamat Dauletbekov,,,,,,,Male,,,,,,,,,,,,,,,,
335384,Meirambek Kartbay,,,,,,,Male,,,,,,,,,,,,,,,,
335385,Yusu Batirmurzaev,,,,,,,Male,,,,,,,,,,,,,,,,
335386,Muhammad Zohri,,,,,,,Male,,,,,,,,,,,,,,,,
335387,Sogo Kassman,,,,,,,Male,,,,,,,,,,,,,,,,
335388,Kaogo Mara,,,,,,,Male,,,,,,,,,,,,,,,,
335390,Chanda Mulenga,,,,,,,Male,,,,,,,,,,,,,,,,
335391,Daeseong Cho,,,,,,,Male,,,,,,,,,,,,,,,,
335392,Woojin Jang,,,,,,,Male,,,,,,,,,,,,,,,,
335393,Jihee Jeon,,,,,,,Female,,,,,,,,,,,,,,,,
335394,Eunhye Lee,,,,,,,Female,,,,,,,,,,,,,,,,
335395,Jonghoon Lim,,,,,,,Male,,,,,,,,,,,,,,,,
335397,Sean Cribbin,,,,,,,Male,,,,,,,,,,,,,,,,
335398,Mohamed Elsayed,,,,,,,Male,,,,,,,,,,,,,,,,
335399,Mohamed Yasseen,,,,,,,Male,,,,,,,,,,,,,,,,
335400,Mahmoud Elsayed,,,,,,,Male,,,,,,,,,,,,,,,,
335401,Mahmoud Mohsen,,,,,,,Male,,,,,,,,,,,,,,,,
335402,Emily Lane,,,,,,,Female,,,,,,,,,,,,,,,,
335403,Aya Hussein,,,,,,,Female,,,,,,,,,,,,,,,,
335404,Csaba Bohm,,,,,,,Male,,,,,,,,,,,,,,,,
335405,Ekhal Ekwam,,,,,,,Male,,,,,,,,,,,,,,,,
335406,Michelle Gulyas,,,,,,,Female,,,,,,,,,,,,,,,,
335407,Blanka Guzi,,,,,,,Female,,,,,,,,,,,,,,,,
335408,Sara Amr,,,,,,,Female,,,,,,,,,,,,,,,,
335409,Loulwa Soliman,,,,,,,Female,,,,,,,,,,,,,,,,
335410,Adham Moataz,,,,,,,Male,,,,,,,,,,,,,,,,
335411,Megan Burns,,,,,,,Female,,,,,,,,,,,,,,,,
335412,Balazs Szep,,,,,,,Male,,,,,,,,,,,,,,,,
335413,Nardin Ehab,,,,,,,Female,,,,,,,,,,,,,,,,
335414,Ziad Elsissy,,,,,,,Male,,,,,,,,,,,,,,,,
335416,Noha Hany,,,,,,,Female,,,,,,,,,,,,,,,,
335417,Yara Elsharkawy,,,,,,,Female,,,,,,,,,,,,,,,,
335418,Sane Tauta,,,,,,,Male,,,,,,,,,,,,,,,,
335419,Hussein Tolba,,,,,,,Male,,,,,,,,,,,,,,,,
335420,Janek Oiglane,,,,,,,Male,,,,,,,,,,,,,,,,
335424,Giorgi Sardalashvili,,,,,,,Male,,,,,,,,,,,,,,,,
335425,Letsile Tebogo,,,,,,,Male,,,,,,,,,,,,,,,,
335426,Zsanett Kuttor-bragmayer,,,,,,,Female,,,,,,,,,,,,,,,,
335427,Marcin Kulynycz,,,,,,,Male,,,,,,,,,,,,,,,,
335428,Elisabeth Pihela,,,,,,,Female,,,,,,,,,,,,,,,,
335429,Csongor Lehmann,,,,,,,Male,,,,,,,,,,,,,,,,
335430,Shalom Freilich,,,,,,,Male,,,,,,,,,,,,,,,,
335431,Mohammed Dwedar,,,,,,,Male,,,,,,,,,,,,,,,,
335432,Francisco Cabral,,,,,,,Male,,,,,,,,,,,,,,,,
335433,Nuno Borges,,,,,,,Male,,,,,,,,,,,,,,,,
335434,Koitatoi Kidali,,,,,,,Male,,,,,,,,,,,,,,,,
335435,Ivan Litvinovich,,,,,,,Male,,,,,,,,,,,,,,,,
335436,Mazhar Bilal,,,,,,,Male,,,,,,,,,,,,,,,,
335439,Joao Geraldo,,,,,,,Male,,,,,,,,,,,,,,,,
335441,Pyly Akilov,,,,,,,Male,,,,,,,,,,,,,,,,
335445,Luca Hamori,,,,,,,Female,,,,,,,,,,,,,,,,
335446,Richard Kovacs,,,,,,,Male,,,,,,,,,,,,,,,,
335447,Nicole Maier,,,,,,,Female,,,,,,,,,,,,,,,,
335448,Abdelmaguid Hossam,,,,,,,Male,,,,,,,,,,,,,,,,
335449,Muzala Samukonga,,,,,,,Male,,,,,,,,,,,,,,,,
335450,Alaa Hamza,,,,,,,Male,,,,,,,,,,,,,,,,
335451,Jovan Lekic,,,,,,,Male,,,,,,,,,,,,,,,,
335452,Kennedy Luchembe,,,,,,,Male,,,,,,,,,,,,,,,,
335453,Paulina Vega,,,,,,,Female,,,,,,,,,,,,,,,,
335454,Zhiying Zeng,,,,,,,Female,,,,,,,,,,,,,,,,
335456,Malgorzata Korycka,,,,,,,Female,,,,,,,,,,,,,,,,
335457,Wiktoria Knap,,,,,,,Female,,,,,,,,,,,,,,,,
335458,Robert Powala,,,,,,,Male,,,,,,,,,,,,,,,,
335459,Mbagnick Ndiaye,,,,,,,Male,,,,,,,,,,,,,,,,
335460,Temitayo Ogunsemilore,,,,,,,Female,,,,,,,,,,,,,,,,
335461,Roy Dror,,,,,,,Male,,,,,,,,,,,,,,,,
335462,Mikaella Moshe,,,,,,,Female,,,,,,,,,,,,,,,,
335463,Adam Olaore,,,,,,,Male,,,,,,,,,,,,,,,,
335464,Kamal Ziad,,,,,,,Male,,,,,,,,,,,,,,,,
335465,Aleksandra Szulc,,,,,,,Female,,,,,,,,,,,,,,,,
335466,Katarzyna Milczarek,,,,,,,Female,,,,,,,,,,,,,,,,
335468,Adam Grzegorzewski,,,,,,,Male,,,,,,,,,,,,,,,,
335469,Cassandra Orschel,,,,,,,Female,,,,,,,,,,,,,,,,
335470,Dawid Kubiak,,,,,,,Male,,,,,,,,,,,,,,,,
335471,Maksymilian Wechta,,,,,,,Male,,,,,,,,,,,,,,,,
335473,Shirwit Gaber,,,,,,,Female,,,,,,,,,,,,,,,,
335474,Camilo Villegas,,,,,,,Male,,,,,,,,,,,,,,,,
335475,Anna Godoy,,,,,,,Female,,,,,,,,,,,,,,,,
335476,Alberto Gonzalez,,,,,,,Male,,,,,,,,,,,,,,,,
335477,Roberto Sanchez,,,,,,,Male,,,,,,,,,,,,,,,,
335478,Antonio Serrat,,,,,,,Male,,,,,,,,,,,,,,,,
335480,Nico Echavarria,,,,,,,Male,,,,,,,,,,,,,,,,
335481,Fabian Balbuena,,,,,,,Male,,,,,,,,,,,,,,,,
335482,Andres Gallardo,,,,,,,Male,,,,,,,,,,,,,,,,
335483,Diego Gomez,,,,,,,Male,,,,,,,,,,,,,,,,
335484,Viyaleta Bardzilouskaya,,,,,,,Female,,,,,,,,,,,,,,,,
335485,Clemente Seguel,,,,,,,Male,,,,,,,,,,,,,,,,
335486,Jose Poncell,,,,,,,Female,,,,,,,,,,,,,,,,
335487,Marcos Santos,,,,,,,Male,,,,,,,,,,,,,,,,
335488,Soley Gunnarsdottir,,,,,,,Female,,,,,,,,,,,,,,,,
335489,Kakozi Nyambe,,,,,,,Male,,,,,,,,,,,,,,,,
335490,Daniella Borda,,,,,,,Female,,,,,,,,,,,,,,,,
335491,Thomson Mbewe,,,,,,,Male,,,,,,,,,,,,,,,,
335492,de Agate,,,,,,,Female,,,,,,,,,,,,,,,,
335495,Eliana Bandeira,,,,,,,Female,,,,,,,,,,,,,,,,
335496,Binta Diallo,,,,,,,Female,,,,,,,,,,,,,,,,
335498,Isaac Nader,,,,,,,Male,,,,,,,,,,,,,,,,
335499,Pedro Buaro,,,,,,,Male,,,,,,,,,,,,,,,,
335500,Joao Coelho,,,,,,,Male,,,,,,,,,,,,,,,,
335501,Leandro Ramos,,,,,,,Male,,,,,,,,,,,,,,,,
335503,Dorcas Bazolo,,,,,,,Female,,,,,,,,,,,,,,,,
335504,Mariana Machado,,,,,,,Female,,,,,,,,,,,,,,,,
335505,Pedro Pichardo,,,,,,,Male,,,,,,,,,,,,,,,,
335506,Samuel Barata,,,,,,,Male,,,,,,,,,,,,,,,,
335507,Susana Santos,,,,,,,Female,,,,,,,,,,,,,,,,
335510,Vitoria Oliveira,,,,,,,Female,,,,,,,,,,,,,,,,
335511,Jessica Inchude,,,,,,,Female,,,,,,,,,,,,,,,,
335512,Wayne Pinnock,,,,,,,Male,,,,,,,,,,,,,,,,
335513,Jevaughn Powell,,,,,,,Male,,,,,,,,,,,,,,,,
335514,Gabriel Albuquerque,,,,,,,Male,,,,,,,,,,,,,,,,
335515,Christina Rach,,,,,,,Female,,,,,,,,,,,,,,,,
335516,Ghebre Owusu,,,,,,,Male,,,,,,,,,,,,,,,,
335517,Hugo Catrileo,,,,,,,Male,,,,,,,,,,,,,,,,
335518,Ciella Niragira,,,,,,,Female,,,,,,,,,,,,,,,,
335520,Melissa Galloway,,,,,,,Female,,,,,,,,,,,,,,,,
335521,Jonelle Price,,,,,,,Female,,,,,,,,,,,,,,,,
335525,Daniel Hillier,,,,,,,Male,,,,,,,,,,,,,,,,
335526,Angela Yu,,,,,,,Female,,,,,,,,,,,,,,,,
335528,Tiffany Ho,,,,,,,Female,,,,,,,,,,,,,,,,
335529,Kyotaro Sogabe,,,,,,,Male,,,,,,,,,,,,,,,,
335530,Nao Kusaka,,,,,,,Male,,,,,,,,,,,,,,,,
335531,Hayato Ishiguro,,,,,,,Male,,,,,,,,,,,,,,,,
335532,Kotaro Kiyooka,,,,,,,Male,,,,,,,,,,,,,,,,
335533,Yuka Kagami,,,,,,,Female,,,,,,,,,,,,,,,,
335534,Sakura Motoki,,,,,,,Female,,,,,,,,,,,,,,,,
335535,Daichi Takatani,,,,,,,Male,,,,,,,,,,,,,,,,
335536,Nonoka Ozaki,,,,,,,Female,,,,,,,,,,,,,,,,
335537,Tsugumi Sakurai,,,,,,,Female,,,,,,,,,,,,,,,,
335538,Akari Fujinami,,,,,,,Female,,,,,,,,,,,,,,,,
335541,Abbey Caldwell,,,,,,,Female,,,,,,,,,,,,,,,,
335542,Adam Spencer,,,,,,,Male,,,,,,,,,,,,,,,,
335543,Allanah Pitcher,,,,,,,Female,,,,,,,,,,,,,,,,
335544,Andrew Buchanan,,,,,,,Male,,,,,,,,,,,,,,,,
335546,Bree Masters,,,,,,,Female,,,,,,,,,,,,,,,,
335547,Brooke Buschkuehl,,,,,,,Female,,,,,,,,,,,,,,,,
335548,Calab Law,,,,,,,Male,,,,,,,,,,,,,,,,
335549,McENTYRE Cameron,,,,,,,Male,,,,,,,,,,,,,,,,
335550,Camryn Newton-smith,,,,,,,Female,,,,,,,,,,,,,,,,
335551,Cara Feain-ryan,,,,,,,Female,,,,,,,,,,,,,,,,
335552,Celeste Mucci,,,,,,,Female,,,,,,,,,,,,,,,,
335553,Christopher Mitrevski,,,,,,,Male,,,,,,,,,,,,,,,,
335554,Christopher Ius,,,,,,,Male,,,,,,,,,,,,,,,,
335555,Claudia Hollingsworth,,,,,,,Female,,,,,,,,,,,,,,,,
335556,Connor Murphy,,,,,,,Male,,,,,,,,,,,,,,,,
335558,Ebony Lane,,,,,,,Female,,,,,,,,,,,,,,,,
335560,Ella Connolly,,,,,,,Female,,,,,,,,,,,,,,,,
335562,Genevieve Gregson,,,,,,,Female,,,,,,,,,,,,,,,,
335563,Jacob Despard,,,,,,,Male,,,,,,,,,,,,,,,,
335564,Jessica Stenson,,,,,,,Female,,,,,,,,,,,,,,,,
335566,Joseph Deng,,,,,,,Male,,,,,,,,,,,,,,,,
335567,Joshua Azzopardi,,,,,,,Male,,,,,,,,,,,,,,,,
335569,Kelsey-lee Barber,,,,,,,Female,,,,,,,,,,,,,,,,
335570,Kristie Edwards,,,,,,,Female,,,,,,,,,,,,,,,,
335572,Lachlan Kennedy,,,,,,,Male,,,,,,,,,,,,,,,,
335573,Lauren Ryan,,,,,,,Female,,,,,,,,,,,,,,,,
335575,Liam Adcock,,,,,,,Male,,,,,,,,,,,,,,,,
335579,Mia Gross,,,,,,,Female,,,,,,,,,,,,,,,,
335583,Nicola Olyslagers,,,,,,,Female,,,,,,,,,,,,,,,,
335584,Olivia Sandery,,,,,,,Female,,,,,,,,,,,,,,,,
335586,Peyton Craig,,,,,,,Male,,,,,,,,,,,,,,,,
335588,Reece Holder,,,,,,,Male,,,,,,,,,,,,,,,,
335590,Sebastian Sultana,,,,,,,Male,,,,,,,,,,,,,,,,
335591,Stephanie Ratcliffe,,,,,,,Female,,,,,,,,,,,,,,,,
335593,Taryn Gollshewsky,,,,,,,Female,,,,,,,,,,,,,,,,
335594,Tayleb Willis,,,,,,,Male,,,,,,,,,,,,,,,,
335595,Torrie Lewis,,,,,,,Female,,,,,,,,,,,,,,,,
335596,Will Thompson,,,,,,,Male,,,,,,,,,,,,,,,,
335597,Yual Reath,,,,,,,Male,,,,,,,,,,,,,,,,
335598,Daniel Golubovic,,,,,,,Male,,,,,,,,,,,,,,,,
335599,Linh Ha,,,,,,,Female,,,,,,,,,,,,,,,,
335600,Alex Wilson,,,,,,,Female,,,,,,,,,,,,,,,,
335601,Amy Atwell,,,,,,,Female,,,,,,,,,,,,,,,,
335602,Anneli Maley,,,,,,,Female,,,,,,,,,,,,,,,,
335605,Isobel Borlase,,,,,,,Female,,,,,,,,,,,,,,,,
335606,Jade Melbourne,,,,,,,Female,,,,,,,,,,,,,,,,
335607,Kristy Wallace,,,,,,,Female,,,,,,,,,,,,,,,,
335610,Marena Whittle,,,,,,,Female,,,,,,,,,,,,,,,,
335612,Sami Whitcomb,,,,,,,Female,,,,,,,,,,,,,,,,
335613,Steph Talbot,,,,,,,Female,,,,,,,,,,,,,,,,
335615,Caitlin Deans,,,,,,,Female,,,,,,,,,,,,,,,,
335616,Hazel Ouwehand,,,,,,,Female,,,,,,,,,,,,,,,,
335617,Taiko Torepe-ormsby,,,,,,,Male,,,,,,,,,,,,,,,,
335618,Kane Follows,,,,,,,Male,,,,,,,,,,,,,,,,
335619,Laticia-leigh Transom,,,,,,,Female,,,,,,,,,,,,,,,,
335620,Cameron Gray,,,,,,,Male,,,,,,,,,,,,,,,,
335621,Erika Fairweather,,,,,,,Female,,,,,,,,,,,,,,,,
335622,Duo Reath,,,,,,,Male,,,,,,,,,,,,,,,,
335623,Dyson Daniels,,,,,,,Male,,,,,,,,,,,,,,,,
335624,McVEIGH Jack,,,,,,,Male,,,,,,,,,,,,,,,,
335626,Will Magnay,,,,,,,Male,,,,,,,,,,,,,,,,
335627,Owen Robinson,,,,,,,Male,,,,,,,,,,,,,,,,
335629,de Moira,,,,,,,Female,,,,,,,,,,,,,,,,
335630,Sydnee Andrews,,,,,,,Female,,,,,,,,,,,,,,,,
335631,Yerin Jung,,,,,,,Female,,,,,,,,,,,,,,,,
335632,Hyekyeong Lee,,,,,,,Female,,,,,,,,,,,,,,,,
335633,Attack J,,,,,,,Male,,,,,,,,,,,,,,,,
335634,RAYGUN,,,,,,,Female,,,,,,,,,,,,,,,,
335636,Izaac Kennedy,,,,,,,Male,,,,,,,,,,,,,,,,
335638,Caitlin Parker,,,,,,,Female,,,,,,,,,,,,,,,,
335639,Callum Peters,,,,,,,Male,,,,,,,,,,,,,,,,
335640,Charlie Senior,,,,,,,Male,,,,,,,,,,,,,,,,
335641,Marissa Williamson,,,,,,,Female,,,,,,,,,,,,,,,,
335642,Monique Suraci,,,,,,,Female,,,,,,,,,,,,,,,,
335643,Shannan Davey,,,,,,,Male,,,,,,,,,,,,,,,,
335644,Teremoana Teremoana,,,,,,,Male,,,,,,,,,,,,,,,,
335645,Tiana Echegaray,,,,,,,Female,,,,,,,,,,,,,,,,
335646,Tina Rahimi,,,,,,,Female,,,,,,,,,,,,,,,,
335647,McDONALD Tyla,,,,,,,Female,,,,,,,,,,,,,,,,
335648,Yusuf Chothia,,,,,,,Male,,,,,,,,,,,,,,,,
335649,Lulu Sun,,,,,,,Female,,,,,,,,,,,,,,,,
335650,Ben O'connor,,,,,,,Male,,,,,,,,,,,,,,,,
335651,Lauretta Hanson,,,,,,,Female,,,,,,,,,,,,,,,,
335652,Lucas Plapp,,,,,,,Male,,,,,,,,,,,,,,,,
335653,Michael Matthews,,,,,,,Male,,,,,,,,,,,,,,,,
335654,Ruby Roseman-gannon,,,,,,,Female,,,,,,,,,,,,,,,,
335658,Noemie Fox,,,,,,,Female,,,,,,,,,,,,,,,,
335659,Timothy Anderson,,,,,,,Male,,,,,,,,,,,,,,,,
335660,Tristan Carter,,,,,,,Male,,,,,,,,,,,,,,,,
335661,Alexandra Clarke,,,,,,,Female,,,,,,,,,,,,,,,,
335663,Aly Bull,,,,,,,Female,,,,,,,,,,,,,,,,
335664,Ella Beere,,,,,,,Female,,,,,,,,,,,,,,,,
335665,Jackson Collins,,,,,,,Male,,,,,,,,,,,,,,,,
335666,van Jean,,,,,,,Male,,,,,,,,,,,,,,,,
335667,Noah Havard,,,,,,,Male,,,,,,,,,,,,,,,,
335668,van Pierre,,,,,,,Male,,,,,,,,,,,,,,,,
335670,Yale Steinepreis,,,,,,,Female,,,,,,,,,,,,,,,,
335671,Chloe Moran,,,,,,,Female,,,,,,,,,,,,,,,,
335672,Conor Leahy,,,,,,,Male,,,,,,,,,,,,,,,,
335674,James Moriarty,,,,,,,Male,,,,,,,,,,,,,,,,
335675,Kristina Clonan,,,,,,,Female,,,,,,,,,,,,,,,,
335676,Leigh Hoffman,,,,,,,Male,,,,,,,,,,,,,,,,
335679,Oliver Bleddyn,,,,,,,Male,,,,,,,,,,,,,,,,
335681,Sophie Edwards,,,,,,,Female,,,,,,,,,,,,,,,,
335682,Thomas Cornish,,,,,,,Male,,,,,,,,,,,,,,,,
335683,Paola Palacios,,,,,,,Female,,,,,,,,,,,,,,,,
335684,Patricia Dajomes,,,,,,,Female,,,,,,,,,,,,,,,,
335685,Jackline Sakilu,,,,,,,Female,,,,,,,,,,,,,,,,
335686,Betzaida Ayovi,,,,,,,Female,,,,,,,,,,,,,,,,
335687,Veddriq Leonardo,,,,,,,Male,,,,,,,,,,,,,,,,
335688,Rahmad Adi,,,,,,,Male,,,,,,,,,,,,,,,,
335689,Alysha Koloi,,,,,,,Female,,,,,,,,,,,,,,,,
335692,Ellie Cole,,,,,,,Female,,,,,,,,,,,,,,,,
335693,Jaxon Bowshire,,,,,,,Male,,,,,,,,,,,,,,,,
335694,Kurtis Mathews,,,,,,,Male,,,,,,,,,,,,,,,,
335697,Domantas Stankunas,,,,,,,Male,,,,,,,,,,,,,,,,
335698,Donata Karaliene,,,,,,,Female,,,,,,,,,,,,,,,,
335699,Amber Fuller,,,,,,,Female,,,,,,,,,,,,,,,,
335702,Hilary Scott,,,,,,,Female,,,,,,,,,,,,,,,,
335703,Jayden Brown,,,,,,,Male,,,,,,,,,,,,,,,,
335704,McNAB Kevin,,,,,,,Male,,,,,,,,,,,,,,,,
335707,Shenae Lowings,,,,,,,Female,,,,,,,,,,,,,,,,
335709,Thaisa Erwin,,,,,,,Female,,,,,,,,,,,,,,,,
335710,William Matthew,,,,,,,Male,,,,,,,,,,,,,,,,
335711,Dovydas Stankunas,,,,,,,Male,,,,,,,,,,,,,,,,
335712,Dovile Rimkute,,,,,,,Female,,,,,,,,,,,,,,,,
335713,Made Made,,,,,,,Female,,,,,,,,,,,,,,,,
335715,Dohyun Eom,,,,,,,Female,,,,,,,,,,,,,,,,
335716,Woong Hur,,,,,,,Male,,,,,,,,,,,,,,,,
335717,Dayeong Lee,,,,,,,Female,,,,,,,,,,,,,,,,
335718,Junho Lee,,,,,,,Male,,,,,,,,,,,,,,,,
335719,Yunseo Lee,,,,,,,Female,,,,,,,,,,,,,,,,
335720,Sunghyun Ryu,,,,,,,Male,,,,,,,,,,,,,,,,
335721,Solyi Shin,,,,,,,Female,,,,,,,,,,,,,,,,
335723,Rajiah Sallsabillah,,,,,,,Female,,,,,,,,,,,,,,,,
335724,Ahmed Jaziri,,,,,,,Male,,,,,,,,,,,,,,,,
335725,Marwa Bouzayani,,,,,,,Female,,,,,,,,,,,,,,,,
335726,Amin Jhinaoui,,,,,,,Male,,,,,,,,,,,,,,,,
335727,Wian Roux,,,,,,,Male,,,,,,,,,,,,,,,,
335728,Attila Banyai,,,,,,,Male,,,,,,,,,,,,,,,,
335729,Kamilla Farago,,,,,,,Female,,,,,,,,,,,,,,,,
335730,Janos Fekete,,,,,,,Male,,,,,,,,,,,,,,,,
335731,Leigh Murphy,,,,,,,Female,,,,,,,,,,,,,,,,
335733,Geraldine Mahieu,,,,,,,Female,,,,,,,,,,,,,,,,
335735,Greta Kurucz-gurisatti,,,,,,,Female,,,,,,,,,,,,,,,,
335736,Aleksandra Samardzic,,,,,,,Female,,,,,,,,,,,,,,,,
335737,Brigitta Horvath,,,,,,,Female,,,,,,,,,,,,,,,,
335738,Uladzislau Kravets,,,,,,,Male,,,,,,,,,,,,,,,,
335742,Erik Molnar,,,,,,,Male,,,,,,,,,,,,,,,,
335743,Adam Nagy,,,,,,,Male,,,,,,,,,,,,,,,,
335744,Boglarka Neszmely,,,,,,,Female,,,,,,,,,,,,,,,,
335745,Oura Nishida,,,,,,,Female,,,,,,,,,,,,,,,,
335746,Sera Nagamatsu,,,,,,,Female,,,,,,,,,,,,,,,,
335747,Misaki Tanaka,,,,,,,Female,,,,,,,,,,,,,,,,
335755,Cortnee Vine,,,,,,,Female,,,,,,,,,,,,,,,,
335757,van Emily,,,,,,,Female,,,,,,,,,,,,,,,,
335759,Kaitlyn Torpey,,,,,,,Female,,,,,,,,,,,,,,,,
335764,Sharn Freier,,,,,,,Female,,,,,,,,,,,,,,,,
335765,Tameka Yallop,,,,,,,Female,,,,,,,,,,,,,,,,
335767,de Johannes,,,,,,,Male,,,,,,,,,,,,,,,,
335768,Antonio Vale,,,,,,,Male,,,,,,,,,,,,,,,,
335769,Duarte Seabra,,,,,,,Male,,,,,,,,,,,,,,,,
335770,Pedro Moreira,,,,,,,Male,,,,,,,,,,,,,,,,
335772,Ralao Duarte,,,,,,,Female,,,,,,,,,,,,,,,,
335774,Breanna Scott,,,,,,,Female,,,,,,,,,,,,,,,,
335775,Jesse Moore,,,,,,,Male,,,,,,,,,,,,,,,,
335776,McDONALD Kate,,,,,,,Female,,,,,,,,,,,,,,,,
335777,Ruby Pass,,,,,,,Female,,,,,,,,,,,,,,,,
335778,Denis Rugovac,,,,,,,Male,,,,,,,,,,,,,,,,
335779,Jan Vones,,,,,,,Male,,,,,,,,,,,,,,,,
335780,Neisser Loyola,,,,,,,Male,,,,,,,,,,,,,,,,
335782,Zizou Bergs,,,,,,,Male,,,,,,,,,,,,,,,,
335783,Martin Allegro,,,,,,,Male,,,,,,,,,,,,,,,,
335784,Fatimo Bello,,,,,,,Female,,,,,,,,,,,,,,,,
335786,Alexandra Kiroi-bogatyreva,,,,,,,Female,,,,,,,,,,,,,,,,
335787,Emmanouela Frroku,,,,,,,Female,,,,,,,,,,,,,,,,
335788,Jessica Weintraub,,,,,,,Female,,,,,,,,,,,,,,,,
335790,Phoebe Learmont,,,,,,,Female,,,,,,,,,,,,,,,,
335791,Saskia Broedelet,,,,,,,Female,,,,,,,,,,,,,,,,
335794,Woo Lee,,,,,,,Male,,,,,,,,,,,,,,,,
335795,Rizki Juniansyah,,,,,,,Male,,,,,,,,,,,,,,,,
335796,Beppe Grillo,,,,,,,Male,,,,,,,,,,,,,,,,
335797,Ahmed Jaouadi,,,,,,,Male,,,,,,,,,,,,,,,,
335798,Adhiambo Oluoch,,,,,,,Female,,,,,,,,,,,,,,,,
335799,Giedrius Bieliauskas,,,,,,,Male,,,,,,,,,,,,,,,,
335800,Ieva Adomaviciute,,,,,,,Female,,,,,,,,,,,,,,,,
335801,Kamile Kralikaite,,,,,,,Female,,,,,,,,,,,,,,,,
335802,Viktorija Senkute,,,,,,,Female,,,,,,,,,,,,,,,,
335803,Alex Baena,,,,,,,Male,,,,,,,,,,,,,,,,
335804,Pablo Barrios,,,,,,,Male,,,,,,,,,,,,,,,,
335805,Adrian Bernabe,,,,,,,Male,,,,,,,,,,,,,,,,
335806,Sergio Camello,,,,,,,Male,,,,,,,,,,,,,,,,
335807,Pau Cubarsi,,,,,,,Male,,,,,,,,,,,,,,,,
335809,Sergio Gomez,,,,,,,Male,,,,,,,,,,,,,,,,
335810,Miguel Gutierrez,,,,,,,Male,,,,,,,,,,,,,,,,
335811,Alejandro Iturbe,,,,,,,Male,,,,,,,,,,,,,,,,
335814,Klaudia Zwolinska,,,,,,,Female,,,,,,,,,,,,,,,,
335815,Sidonie Fiadanantsoa,,,,,,,Female,,,,,,,,,,,,,,,,
335816,Fermin Lopez,,,,,,,Male,,,,,,,,,,,,,,,,
335817,Diego Lopez,,,,,,,Male,,,,,,,,,,,,,,,,
335818,Cristhian Mosquera,,,,,,,Male,,,,,,,,,,,,,,,,
335819,Samu Omorodion,,,,,,,Male,,,,,,,,,,,,,,,,
335820,Aimar Oroz,,,,,,,Male,,,,,,,,,,,,,,,,
335821,Jon Pacheco,,,,,,,Male,,,,,,,,,,,,,,,,
335822,Marc Pubill,,,,,,,Male,,,,,,,,,,,,,,,,
335823,Abel Ruiz,,,,,,,Male,,,,,,,,,,,,,,,,
335824,Juanlu Sanchez,,,,,,,Male,,,,,,,,,,,,,,,,
335825,Arnau Tenas,,,,,,,Male,,,,,,,,,,,,,,,,
335826,Benat Turrientes,,,,,,,Male,,,,,,,,,,,,,,,,
335828,Jan Louda,,,,,,,Male,,,,,,,,,,,,,,,,
335829,Adam Mendrek,,,,,,,Male,,,,,,,,,,,,,,,,
335830,Ondrej Kral,,,,,,,Male,,,,,,,,,,,,,,,,
335831,Tereza Svabikova,,,,,,,Female,,,,,,,,,,,,,,,,
335832,Francis Lacis,,,,,,,Male,,,,,,,,,,,,,,,,
335833,Nauris Miezis,,,,,,,Male,,,,,,,,,,,,,,,,
335834,Zigmars Raimo,,,,,,,Male,,,,,,,,,,,,,,,,
335835,Jakub Stepun,,,,,,,Male,,,,,,,,,,,,,,,,
335836,Adrianna Kakol,,,,,,,Female,,,,,,,,,,,,,,,,
335837,Dominika Putto,,,,,,,Female,,,,,,,,,,,,,,,,
335839,Sylwia Szczerbinska,,,,,,,Female,,,,,,,,,,,,,,,,
335840,Przemyslaw Korsak,,,,,,,Male,,,,,,,,,,,,,,,,
335841,Martyna Klatt,,,,,,,Female,,,,,,,,,,,,,,,,
335842,Adela Holubova,,,,,,,Female,,,,,,,,,,,,,,,,
335846,Jasper Stuyven,,,,,,,Male,,,,,,,,,,,,,,,,
335847,Van Hannes,,,,,,,Male,,,,,,,,,,,,,,,,
335848,Pal Vigvari,,,,,,,Male,,,,,,,,,,,,,,,,
335849,Gabry Ali,,,,,,,Male,,,,,,,,,,,,,,,,
335850,Laura Heredia,,,,,,,Female,,,,,,,,,,,,,,,,
335851,Jonatan Vadnai,,,,,,,Male,,,,,,,,,,,,,,,,
335853,Jaime Czarkowski,,,,,,,Female,,,,,,,,,,,,,,,,
335854,Megumi Field,,,,,,,Female,,,,,,,,,,,,,,,,
335855,Keana Hunter,,,,,,,Female,,,,,,,,,,,,,,,,
335856,Audrey Kwon,,,,,,,Female,,,,,,,,,,,,,,,,
335857,Calista Liu,,,,,,,Female,,,,,,,,,,,,,,,,
335858,Jacklyn Luu,,,,,,,Female,,,,,,,,,,,,,,,,
335859,Daniella Ramirez,,,,,,,Female,,,,,,,,,,,,,,,,
335860,Ruby Remati,,,,,,,Female,,,,,,,,,,,,,,,,
335861,Griffin Colapinto,,,,,,,Male,,,,,,,,,,,,,,,,
335862,John Florence,,,,,,,Male,,,,,,,,,,,,,,,,
335863,Caitlin Simmers,,,,,,,Female,,,,,,,,,,,,,,,,
335864,Fayed Omar,,,,,,,Male,,,,,,,,,,,,,,,,
335865,Debes Karim,,,,,,,Male,,,,,,,,,,,,,,,,
335866,Javier Pinales,,,,,,,Male,,,,,,,,,,,,,,,,
335867,Wilson Samake,,,,,,,Male,,,,,,,,,,,,,,,,
335868,Aurelijus Pukelis,,,,,,,Male,,,,,,,,,,,,,,,,
335869,Evaldas Dziaugys,,,,,,,Male,,,,,,,,,,,,,,,,
335870,Gintautas Matulis,,,,,,,Male,,,,,,,,,,,,,,,,
335871,Joao Fernando,,,,,,,Male,,,,,,,,,,,,,,,,
335873,Tais Pina,,,,,,,Female,,,,,,,,,,,,,,,,
335874,Sarunas Vingelis,,,,,,,Male,,,,,,,,,,,,,,,,
335875,Guadalupe Torrez,,,,,,,Female,,,,,,,,,,,,,,,,
335876,Korbin Albert,,,,,,,Female,,,,,,,,,,,,,,,,
335877,Samantha Coffey,,,,,,,Female,,,,,,,,,,,,,,,,
335878,Emily Fox,,,,,,,Female,,,,,,,,,,,,,,,,
335879,Naomi Girma,,,,,,,Female,,,,,,,,,,,,,,,,
335881,Emily Sams,,,,,,,Female,,,,,,,,,,,,,,,,
335884,Jenna Nighswonger,,,,,,,Female,,,,,,,,,,,,,,,,
335885,Trinity Rodman,,,,,,,Female,,,,,,,,,,,,,,,,
335886,Jaedyn Shaw,,,,,,,Female,,,,,,,,,,,,,,,,
335887,Sophia Smith,,,,,,,Female,,,,,,,,,,,,,,,,
335890,Mallory Swanson,,,,,,,Female,,,,,,,,,,,,,,,,
335892,Tiffany Keep,,,,,,,Female,,,,,,,,,,,,,,,,
335893,Vincent Leygonie,,,,,,,Male,,,,,,,,,,,,,,,,
335894,Candice Lill,,,,,,,Female,,,,,,,,,,,,,,,,
335895,Miyanda Maseti,,,,,,,Female,,,,,,,,,,,,,,,,
335896,Ashleigh Moolman,,,,,,,Female,,,,,,,,,,,,,,,,
335897,Josh Atencio,,,,,,,Male,,,,,,,,,,,,,,,,
335898,McGLYNN Jack,,,,,,,Male,,,,,,,,,,,,,,,,
335899,Patrick Schulte,,,,,,,Male,,,,,,,,,,,,,,,,
335900,Paxten Aaronson,,,,,,,Male,,,,,,,,,,,,,,,,
335901,Taylor Booth,,,,,,,Male,,,,,,,,,,,,,,,,
335902,Gianluca Busio,,,,,,,Male,,,,,,,,,,,,,,,,
335903,Benjamin Cremaschi,,,,,,,Male,,,,,,,,,,,,,,,,
335904,Maximilian Dietz,,,,,,,Male,,,,,,,,,,,,,,,,
335905,Nathan Harriel,,,,,,,Male,,,,,,,,,,,,,,,,
335906,McGUIRE Duncan,,,,,,,Male,,,,,,,,,,,,,,,,
335907,Djordje Mihailovic,,,,,,,Male,,,,,,,,,,,,,,,,
335908,Kevin Paredes,,,,,,,Male,,,,,,,,,,,,,,,,
335909,Miles Robinson,,,,,,,Male,,,,,,,,,,,,,,,,
335910,Gabriel Slonina,,,,,,,Male,,,,,,,,,,,,,,,,
335911,Tanner Tessmann,,,,,,,Male,,,,,,,,,,,,,,,,
335912,John Tolkin,,,,,,,Male,,,,,,,,,,,,,,,,
335913,Caleb Wiley,,,,,,,Male,,,,,,,,,,,,,,,,
335914,Griffin Yow,,,,,,,Male,,,,,,,,,,,,,,,,
335915,Walker Zimmerman,,,,,,,Male,,,,,,,,,,,,,,,,
335916,Frandiel Gomez,,,,,,,Male,,,,,,,,,,,,,,,,
335917,Olivija Baleisyte,,,,,,,Female,,,,,,,,,,,,,,,,
335918,Vasilijus Lendel,,,,,,,Male,,,,,,,,,,,,,,,,
335919,Victoria Garza,,,,,,,Female,,,,,,,,,,,,,,,,
335920,Henok Tesfay,,,,,,,Male,,,,,,,,,,,,,,,,
335921,Sarra Mzougui,,,,,,,Female,,,,,,,,,,,,,,,,
335922,Oumaima Bedioui,,,,,,,Female,,,,,,,,,,,,,,,,
335923,Florine Gaspard,,,,,,,Female,,,,,,,,,,,,,,,,
335924,Ine Joris,,,,,,,Female,,,,,,,,,,,,,,,,
335925,Julie Nicolaes,,,,,,,Female,,,,,,,,,,,,,,,,
335927,van Loic,,,,,,,Male,,,,,,,,,,,,,,,,
335928,Miguel Perez,,,,,,,Male,,,,,,,,,,,,,,,,
335929,Elizabeth Jimenez,,,,,,,Female,,,,,,,,,,,,,,,,
335930,Javier Nunez,,,,,,,Male,,,,,,,,,,,,,,,,
335931,de Mckenna,,,,,,,Female,,,,,,,,,,,,,,,,
335932,Alejandra Bramont-arias,,,,,,,Female,,,,,,,,,,,,,,,,
335933,Chris Joslin,,,,,,,Male,,,,,,,,,,,,,,,,
335934,Gavin Bottger,,,,,,,Male,,,,,,,,,,,,,,,,
335935,Tate Carew,,,,,,,Male,,,,,,,,,,,,,,,,
335936,Paige Heyn,,,,,,,Female,,,,,,,,,,,,,,,,
335937,Ruby Lilley,,,,,,,Female,,,,,,,,,,,,,,,,
335938,Poe Pinson,,,,,,,Female,,,,,,,,,,,,,,,,
335939,Tom Schaar,,,,,,,Male,,,,,,,,,,,,,,,,
335940,Minna Stess,,,,,,,Female,,,,,,,,,,,,,,,,
335941,Morgan Abeln,,,,,,,Female,,,,,,,,,,,,,,,,
335944,William Hinton,,,,,,,Male,,,,,,,,,,,,,,,,
335945,William Kissell,,,,,,,Male,,,,,,,,,,,,,,,,
335946,Claudia Korkhin,,,,,,,Female,,,,,,,,,,,,,,,,
335947,Turner Leverett,,,,,,,Male,,,,,,,,,,,,,,,,
335948,Scott Mein,,,,,,,Male,,,,,,,,,,,,,,,,
335949,Paige Phillips,,,,,,,Female,,,,,,,,,,,,,,,,
335950,Lynn Prince,,,,,,,Male,,,,,,,,,,,,,,,,
335951,Ivan Roe,,,,,,,Male,,,,,,,,,,,,,,,,
335952,Jewell Smith,,,,,,,Female,,,,,,,,,,,,,,,,
335953,Leighanne Tozier,,,,,,,Female,,,,,,,,,,,,,,,,
335955,Jo Vizzi,,,,,,,Female,,,,,,,,,,,,,,,,
335956,Florencia Chiarella,,,,,,,Female,,,,,,,,,,,,,,,,
335957,Belen Bazo,,,,,,,Female,,,,,,,,,,,,,,,,
335958,William Reed,,,,,,,Male,,,,,,,,,,,,,,,,
335959,Luisa Doig,,,,,,,Female,,,,,,,,,,,,,,,,
335960,Nina Castagna,,,,,,,Female,,,,,,,,,,,,,,,,
335961,Maddie Wanamaker,,,,,,,Female,,,,,,,,,,,,,,,,
335962,Evan Olson,,,,,,,Male,,,,,,,,,,,,,,,,
335963,Billy Bender,,,,,,,Male,,,,,,,,,,,,,,,,
335964,Molly Bruggeman,,,,,,,Female,,,,,,,,,,,,,,,,
335965,Oliver Bub,,,,,,,Male,,,,,,,,,,,,,,,,
335966,Chris Carlson,,,,,,,Male,,,,,,,,,,,,,,,,
335967,Peter Chatain,,,,,,,Male,,,,,,,,,,,,,,,,
335969,Teal Cohen,,,,,,,Female,,,,,,,,,,,,,,,,
335971,Liam Corrigan,,,,,,,Male,,,,,,,,,,,,,,,,
335972,Azja Czajkowski,,,,,,,Female,,,,,,,,,,,,,,,,
335973,Emily Delleman,,,,,,,Female,,,,,,,,,,,,,,,,
335974,Margaret Hedeman,,,,,,,Female,,,,,,,,,,,,,,,,
335975,Henry Hollingsworth,,,,,,,Male,,,,,,,,,,,,,,,,
335976,Grace Joyce,,,,,,,Female,,,,,,,,,,,,,,,,
335977,Emily Kallfelz,,,,,,,Female,,,,,,,,,,,,,,,,
335978,Kate Knifton,,,,,,,Female,,,,,,,,,,,,,,,,
335980,Sorin Koszyk,,,,,,,Male,,,,,,,,,,,,,,,,
335981,Daisy Mazzio-manson,,,,,,,Female,,,,,,,,,,,,,,,,
335982,Rielly Milne,,,,,,,Male,,,,,,,,,,,,,,,,
335984,Lauren O'connor,,,,,,,Female,,,,,,,,,,,,,,,,
335985,Jacob Plihal,,,,,,,Male,,,,,,,,,,,,,,,,
335986,Pieter Quinton,,,,,,,Male,,,,,,,,,,,,,,,,
335987,Kelsey Reelick,,,,,,,Female,,,,,,,,,,,,,,,,
335988,Nick Rusher,,,,,,,Male,,,,,,,,,,,,,,,,
335989,Christian Tabash,,,,,,,Male,,,,,,,,,,,,,,,,
335990,Jess Thoennes,,,,,,,Female,,,,,,,,,,,,,,,,
335991,Sophia Vitas,,,,,,,Female,,,,,,,,,,,,,,,,
335992,Kristi Wagner,,,,,,,Female,,,,,,,,,,,,,,,,
335993,Lopeti Uhi,,,,,,,Male,,,,,,,,,,,,,,,,
335994,Malia Day,,,,,,,Female,,,,,,,,,,,,,,,,
335995,Milly Clegg,,,,,,,Female,,,,,,,,,,,,,,,,
335996,Luis Toomey,,,,,,,Male,,,,,,,,,,,,,,,,
335998,Lachlan Bayliss,,,,,,,Male,,,,,,,,,,,,,,,,
335999,Malia Steinmetz,,,,,,,Female,,,,,,,,,,,,,,,,
336001,van Oskar,,,,,,,Male,,,,,,,,,,,,,,,,
336002,Lukas Kelly-heald,,,,,,,Male,,,,,,,,,,,,,,,,
336004,Jay Herdman,,,,,,,Male,,,,,,,,,,,,,,,,
336005,Mackenzie Barry,,,,,,,Female,,,,,,,,,,,,,,,,
336007,Grace Jale,,,,,,,Female,,,,,,,,,,,,,,,,
336009,Victoria Esson,,,,,,,Female,,,,,,,,,,,,,,,,
336010,Finn Surman,,,,,,,Male,,,,,,,,,,,,,,,,
336011,C.j Bott,,,,,,,Female,,,,,,,,,,,,,,,,
336012,Michaela Foster,,,,,,,Female,,,,,,,,,,,,,,,,
336014,Kees Sims,,,,,,,Male,,,,,,,,,,,,,,,,
336015,Fin Conchie,,,,,,,Male,,,,,,,,,,,,,,,,
336016,Jacqui Hand,,,,,,,Female,,,,,,,,,,,,,,,,
336017,Sarpreet Singh,,,,,,,Male,,,,,,,,,,,,,,,,
336018,Macey Fraser,,,,,,,Female,,,,,,,,,,,,,,,,
336019,Kate Taylor,,,,,,,Female,,,,,,,,,,,,,,,,
336020,Indiah-paige Riley,,,,,,,Female,,,,,,,,,,,,,,,,
336021,Katie Bowen,,,,,,,Female,,,,,,,,,,,,,,,,
336022,Katie Kitching,,,,,,,Female,,,,,,,,,,,,,,,,
336024,Isaac Hughes,,,,,,,Male,,,,,,,,,,,,,,,,
336025,Jesse Randall,,,,,,,Male,,,,,,,,,,,,,,,,
336026,Tyler Bindon,,,,,,,Male,,,,,,,,,,,,,,,,
336028,Ally Green,,,,,,,Female,,,,,,,,,,,,,,,,
336029,Kim Cadzow,,,,,,,Female,,,,,,,,,,,,,,,,
336030,Shaane Fulton,,,,,,,Female,,,,,,,,,,,,,,,,
336031,Olivia King,,,,,,,Female,,,,,,,,,,,,,,,,
336032,Niamh Fisher,,,,,,,Female,,,,,,,,,,,,,,,,
336033,Michael Bias,,,,,,,Male,,,,,,,,,,,,,,,,
336035,Leila Walker,,,,,,,Female,,,,,,,,,,,,,,,,
336037,George Jackson,,,,,,,Male,,,,,,,,,,,,,,,,
336039,Laurence Pithie,,,,,,,Male,,,,,,,,,,,,,,,,
336040,Rico Bearman,,,,,,,Male,,,,,,,,,,,,,,,,
336041,Nicole Shields,,,,,,,Female,,,,,,,,,,,,,,,,
336042,Samara Maxwell,,,,,,,Female,,,,,,,,,,,,,,,,
336043,Samantha Donnelly,,,,,,,Female,,,,,,,,,,,,,,,,
336044,Keegan Hornblow,,,,,,,Male,,,,,,,,,,,,,,,,
336045,Tom Sexton,,,,,,,Male,,,,,,,,,,,,,,,,
336046,Ally Wollaston,,,,,,,Female,,,,,,,,,,,,,,,,
336047,Emily Shearman,,,,,,,Female,,,,,,,,,,,,,,,,
336048,Yufei Zhang,,,,,,,Female,,,,,,,,,,,,,,,,
336050,Haiyang Qin,,,,,,,Male,,,,,,,,,,,,,,,,
336052,Haoyu Wang,,,,,,,Male,,,,,,,,,,,,,,,,
336053,Juner Chen,,,,,,,Male,,,,,,,,,,,,,,,,
336054,Guangsheng Niu,,,,,,,Male,,,,,,,,,,,,,,,,
336055,Zhihao Dong,,,,,,,Male,,,,,,,,,,,,,,,,
336056,Xinjie Ji,,,,,,,Male,,,,,,,,,,,,,,,,
336057,Zhanshuo Zhang,,,,,,,Male,,,,,,,,,,,,,,,,
336058,Zhanle Pan,,,,,,,Male,,,,,,,,,,,,,,,,
336059,Changhao Wang,,,,,,,Male,,,,,,,,,,,,,,,,
336060,Liwei Fei,,,,,,,Male,,,,,,,,,,,,,,,,
336061,Xueer Wang,,,,,,,Female,,,,,,,,,,,,,,,,
336062,Junxuan Yang,,,,,,,Female,,,,,,,,,,,,,,,,
336063,Weizhong Gao,,,,,,,Female,,,,,,,,,,,,,,,,
336064,Yiting Yu,,,,,,,Female,,,,,,,,,,,,,,,,
336065,Xuwei Peng,,,,,,,Female,,,,,,,,,,,,,,,,
336066,Bingjie Li,,,,,,,Female,,,,,,,,,,,,,,,,
336067,Chutong Ge,,,,,,,Female,,,,,,,,,,,,,,,,
336070,Chang Yang,,,,,,,Female,,,,,,,,,,,,,,,,
336071,Letian Wan,,,,,,,Female,,,,,,,,,,,,,,,,
336072,Qingfeng Wu,,,,,,,Female,,,,,,,,,,,,,,,,
336073,Luying Chen,,,,,,,Female,,,,,,,,,,,,,,,,
336074,Shiwen Ye,,,,,,,Female,,,,,,,,,,,,,,,,
336075,Yaqi Kong,,,,,,,Female,,,,,,,,,,,,,,,,
336076,Yaxin Liu,,,,,,,Female,,,,,,,,,,,,,,,,
336078,Yujie Cheng,,,,,,,Female,,,,,,,,,,,,,,,,
336079,Alice Arnott,,,,,,,Female,,,,,,,,,,,,,,,,
336080,Amy Lawton,,,,,,,Female,,,,,,,,,,,,,,,,
336085,Claire Colwill,,,,,,,Female,,,,,,,,,,,,,,,,
336086,Flynn Ogilvie,,,,,,,Male,,,,,,,,,,,,,,,,
336089,Hattie Shand,,,,,,,Female,,,,,,,,,,,,,,,,
336092,Jeremy Hayward,,,,,,,Male,,,,,,,,,,,,,,,,
336096,Ky Willott,,,,,,,Male,,,,,,,,,,,,,,,,
336097,Maddison Brooks,,,,,,,Female,,,,,,,,,,,,,,,,
336100,Nathan Ephraums,,,,,,,Male,,,,,,,,,,,,,,,,
336101,Penny Squibb,,,,,,,Female,,,,,,,,,,,,,,,,
336102,Rebecca Greiner,,,,,,,Female,,,,,,,,,,,,,,,,
336103,Stephanie Kershaw,,,,,,,Female,,,,,,,,,,,,,,,,
336105,Thomas Craig,,,,,,,Male,,,,,,,,,,,,,,,,
336106,Hamish Legarth,,,,,,,Male,,,,,,,,,,,,,,,,
336107,Lucy Matehaere,,,,,,,Female,,,,,,,,,,,,,,,,
336108,Tara Vaughan,,,,,,,Female,,,,,,,,,,,,,,,,
336113,Grant Clancy,,,,,,,Male,,,,,,,,,,,,,,,,
336114,Finn Butcher,,,,,,,Male,,,,,,,,,,,,,,,,
336115,Olivia Brett,,,,,,,Female,,,,,,,,,,,,,,,,
336118,Genevieve Janse,,,,,,,Female,,,,,,,,,,,,,,,,
336121,Kyle Lee,,,,,,,Male,,,,,,,,,,,,,,,,
336122,Moesha Johnson,,,,,,,Female,,,,,,,,,,,,,,,,
336123,Nick Sloman,,,,,,,Male,,,,,,,,,,,,,,,,
336124,Feofaaki Epenisa,,,,,,,Female,,,,,,,,,,,,,,,,
336125,Phachara Khongwatmai,,,,,,,Male,,,,,,,,,,,,,,,,
336126,Alex Purnell,,,,,,,Male,,,,,,,,,,,,,,,,
336129,McINTYRE Annabelle,,,,,,,Female,,,,,,,,,,,,,,,,
336130,Ben Canham,,,,,,,Male,,,,,,,,,,,,,,,,
336131,Fergus Hamilton,,,,,,,Male,,,,,,,,,,,,,,,,
336132,Georgie Rowe,,,,,,,Female,,,,,,,,,,,,,,,,
336133,Hayley Verbunt,,,,,,,Female,,,,,,,,,,,,,,,,
336134,Jacqui Swick,,,,,,,Female,,,,,,,,,,,,,,,,
336135,Jack Robertson,,,,,,,Male,,,,,,,,,,,,,,,,
336136,Jean Mitchell,,,,,,,Female,,,,,,,,,,,,,,,,
336137,Jess Morrison,,,,,,,Female,,,,,,,,,,,,,,,,
336138,Kendall Brodie,,,,,,,Female,,,,,,,,,,,,,,,,
336139,Laura Gourley,,,,,,,Female,,,,,,,,,,,,,,,,
336140,Lily Alton,,,,,,,Female,,,,,,,,,,,,,,,,
336144,Paige Barr,,,,,,,Female,,,,,,,,,,,,,,,,
336145,Patrick Holt,,,,,,,Male,,,,,,,,,,,,,,,,
336149,Timothy Masters,,,,,,,Male,,,,,,,,,,,,,,,,
336150,Atthaya Thitikul,,,,,,,Female,,,,,,,,,,,,,,,,
336151,Shoi Matsuda,,,,,,,Male,,,,,,,,,,,,,,,,
336152,Shunsuke Imamura,,,,,,,Male,,,,,,,,,,,,,,,,
336153,Kaiya Ota,,,,,,,Male,,,,,,,,,,,,,,,,
336154,Maho Kakita,,,,,,,Female,,,,,,,,,,,,,,,,
336155,Mizuki Ikeda,,,,,,,Female,,,,,,,,,,,,,,,,
336156,Tsuyaka Uchino,,,,,,,Female,,,,,,,,,,,,,,,,
336157,Mina Sato,,,,,,,Female,,,,,,,,,,,,,,,,
336158,Shinji Nakano,,,,,,,Male,,,,,,,,,,,,,,,,
336159,Yuta Obara,,,,,,,Male,,,,,,,,,,,,,,,,
336160,Fuko Umekawa,,,,,,,Female,,,,,,,,,,,,,,,,
336161,Riyu Ohta,,,,,,,Female,,,,,,,,,,,,,,,,
336167,Rimu Nakamura,,,,,,,Male,,,,,,,,,,,,,,,,
336168,Kanami Tanno,,,,,,,Female,,,,,,,,,,,,,,,,
336169,Urara Kawaguchi,,,,,,,Female,,,,,,,,,,,,,,,,
336170,van Bernard,,,,,,,Male,,,,,,,,,,,,,,,,
336171,Ben Dowling,,,,,,,Male,,,,,,,,,,,,,,,,
336172,Bienne Terita,,,,,,,Female,,,,,,,,,,,,,,,,
336173,Bridget Clark,,,,,,,Female,,,,,,,,,,,,,,,,
336175,Corey Toole,,,,,,,Male,,,,,,,,,,,,,,,,
336176,du Dominique,,,,,,,Female,,,,,,,,,,,,,,,,
336177,Hayden Sargeant,,,,,,,Male,,,,,,,,,,,,,,,,
336180,Isabella Nasser,,,,,,,Female,,,,,,,,,,,,,,,,
336181,James Turner,,,,,,,Male,,,,,,,,,,,,,,,,
336182,Kahli Henwood,,,,,,,Female,,,,,,,,,,,,,,,,
336183,Kaitlin Shave,,,,,,,Female,,,,,,,,,,,,,,,,
336185,Mark Nawaqanitawase,,,,,,,Male,,,,,,,,,,,,,,,,
336186,Matthew Gonzalez,,,,,,,Male,,,,,,,,,,,,,,,,
336189,Sharni Smale,,,,,,,Female,,,,,,,,,,,,,,,,
336191,Yuliya Trushkina,,,,,,,Female,,,,,,,,,,,,,,,,
336192,Breiana Whitehead,,,,,,,Female,,,,,,,,,,,,,,,,
336193,Brin Liddell,,,,,,,Male,,,,,,,,,,,,,,,,
336194,Conor Nicholas,,,,,,,Male,,,,,,,,,,,,,,,,
336195,Evie Haseldine,,,,,,,Female,,,,,,,,,,,,,,,,
336196,Grae Morris,,,,,,,Male,,,,,,,,,,,,,,,,
336197,Jim Colley,,,,,,,Male,,,,,,,,,,,,,,,,
336198,Matt Wearn,,,,,,,Male,,,,,,,,,,,,,,,,
336200,Rhiannan Brown,,,,,,,Female,,,,,,,,,,,,,,,,
336201,Shaun Connor,,,,,,,Male,,,,,,,,,,,,,,,,
336202,Zoe Thomson,,,,,,,Female,,,,,,,,,,,,,,,,
336203,Laetitia Aoun,,,,,,,Female,,,,,,,,,,,,,,,,
336204,Arisa Trew,,,,,,,Female,,,,,,,,,,,,,,,,
336205,Chloe Covell,,,,,,,Female,,,,,,,,,,,,,,,,
336206,Haylie Powell,,,,,,,Female,,,,,,,,,,,,,,,,
336207,Keefer Wilson,,,,,,,Male,,,,,,,,,,,,,,,,
336208,Liv Lovelace,,,,,,,Female,,,,,,,,,,,,,,,,
336209,Ruby Trew,,,,,,,Female,,,,,,,,,,,,,,,,
336210,Ethan Ewing,,,,,,,Male,,,,,,,,,,,,,,,,
336211,Jack Robinson,,,,,,,Male,,,,,,,,,,,,,,,,
336212,Molly Picklum,,,,,,,Female,,,,,,,,,,,,,,,,
336213,Tyler Wright,,,,,,,Female,,,,,,,,,,,,,,,,
336214,Lee Connor,,,,,,,Female,,,,,,,,,,,,,,,,
336215,Alexandria Perkins,,,,,,,Female,,,,,,,,,,,,,,,,
336216,Ben Armbruster,,,,,,,Male,,,,,,,,,,,,,,,,
336217,Bradley Woodward,,,,,,,Male,,,,,,,,,,,,,,,,
336221,Elizabeth Dekkers,,,,,,,Female,,,,,,,,,,,,,,,,
336222,Ella Ramsay,,,,,,,Female,,,,,,,,,,,,,,,,
336224,Flynn Southam,,,,,,,Male,,,,,,,,,,,,,,,,
336225,Iona Anderson,,,,,,,Female,,,,,,,,,,,,,,,,
336226,Jack Cartwright,,,,,,,Male,,,,,,,,,,,,,,,,
336227,Jaclyn Barclay,,,,,,,Female,,,,,,,,,,,,,,,,
336228,Jamie Perkins,,,,,,,Female,,,,,,,,,,,,,,,,
336229,Jenna Forrester,,,,,,,Female,,,,,,,,,,,,,,,,
336230,Joshua Yong,,,,,,,Male,,,,,,,,,,,,,,,,
336231,Kai Taylor,,,,,,,Male,,,,,,,,,,,,,,,,
336234,Lani Pallister,,,,,,,Female,,,,,,,,,,,,,,,,
336235,Maximillian Giuliani,,,,,,,Male,,,,,,,,,,,,,,,,
336236,Olivia Wunsch,,,,,,,Female,,,,,,,,,,,,,,,,
336237,Samuel Short,,,,,,,Male,,,,,,,,,,,,,,,,
336238,Sam Williamson,,,,,,,Male,,,,,,,,,,,,,,,,
336240,Shayna Jack,,,,,,,Female,,,,,,,,,,,,,,,,
336241,William Yang,,,,,,,Male,,,,,,,,,,,,,,,,
336242,Campbell Petric,,,,,,,Male,,,,,,,,,,,,,,,,
336243,Tibor Andrasfi,,,,,,,Male,,,,,,,,,,,,,,,,
336244,Katinka Battai,,,,,,,Female,,,,,,,,,,,,,,,,
336246,Souleymen Nasr,,,,,,,Male,,,,,,,,,,,,,,,,
336247,Sarah Bouktit,,,,,,,Female,,,,,,,,,,,,,,,,
336248,Iveta Miculycova,,,,,,,Female,,,,,,,,,,,,,,,,
336249,Bailey Lewis,,,,,,,Male,,,,,,,,,,,,,,,,
336250,Leon Sejranovic,,,,,,,Male,,,,,,,,,,,,,,,,
336251,Daniel Dosa,,,,,,,Male,,,,,,,,,,,,,,,,
336252,Tamas Koch,,,,,,,Male,,,,,,,,,,,,,,,,
336253,Eszter Muhari,,,,,,,Female,,,,,,,,,,,,,,,,
336254,David Nagy,,,,,,,Male,,,,,,,,,,,,,,,,
336255,Luke Willian,,,,,,,Male,,,,,,,,,,,,,,,,
336256,van Natalie,,,,,,,Female,,,,,,,,,,,,,,,,
336257,Sophie Linn,,,,,,,Female,,,,,,,,,,,,,,,,
336258,Flora Pasztor,,,,,,,Female,,,,,,,,,,,,,,,,
336259,Liza Pusztai,,,,,,,Female,,,,,,,,,,,,,,,,
336261,Takashi Haase,,,,,,,Male,,,,,,,,,,,,,,,,
336266,Krisztian Rabb,,,,,,,Male,,,,,,,,,,,,,,,,
336269,Virag Szucs,,,,,,,Female,,,,,,,,,,,,,,,,
336270,Finn Luu,,,,,,,Male,,,,,,,,,,,,,,,,
336271,Hwan Bae,,,,,,,Male,,,,,,,,,,,,,,,,
336273,Nicholas Lum,,,,,,,Male,,,,,,,,,,,,,,,,
336274,Gashim Magomedov,,,,,,,Male,,,,,,,,,,,,,,,,
336275,Anna Bashta,,,,,,,Female,,,,,,,,,,,,,,,,
336276,Resky Dwicahyo,,,,,,,Male,,,,,,,,,,,,,,,,
336277,Fatimah Azzahra,,,,,,,Female,,,,,,,,,,,,,,,,
336278,Hanna Skydan,,,,,,,Female,,,,,,,,,,,,,,,,
336279,Rafig Huseynov,,,,,,,Male,,,,,,,,,,,,,,,,
336281,Ieva Maluka,,,,,,,Female,,,,,,,,,,,,,,,,
336282,Delanija Patrika,,,,,,,Female,,,,,,,,,,,,,,,,
336283,Izac Carracher,,,,,,,Male,,,,,,,,,,,,,,,,
336284,Mark Nicolaidis,,,,,,,Male,,,,,,,,,,,,,,,,
336286,Thomas Hodges,,,,,,,Male,,,,,,,,,,,,,,,,
336287,Zachery Schubert,,,,,,,Male,,,,,,,,,,,,,,,,
336288,Murad Mammadov,,,,,,,Male,,,,,,,,,,,,,,,,
336289,Giorgi Meshvildishvili,,,,,,,Male,,,,,,,,,,,,,,,,
336290,Turan Bayramov,,,,,,,Male,,,,,,,,,,,,,,,,
336291,Osman Nurmagomedov,,,,,,,Male,,,,,,,,,,,,,,,,
336292,Haji Aliyev,,,,,,,Male,,,,,,,,,,,,,,,,
336293,Aliabbas Rzazade,,,,,,,Male,,,,,,,,,,,,,,,,
336294,Saleh Shariati,,,,,,,Male,,,,,,,,,,,,,,,,
336295,Eileen Cikamatana,,,,,,,Female,,,,,,,,,,,,,,,,
336296,Jacqueline Nichele,,,,,,,Female,,,,,,,,,,,,,,,,
336297,Kyle Bruce,,,,,,,Male,,,,,,,,,,,,,,,,
336298,Tina Graudina,,,,,,,Female,,,,,,,,,,,,,,,,
336299,Anastasija Samoilova,,,,,,,Female,,,,,,,,,,,,,,,,
336300,Alice Williams,,,,,,,Female,,,,,,,,,,,,,,,,
336301,Angus Lambie,,,,,,,Male,,,,,,,,,,,,,,,,
336302,Charlie Negus,,,,,,,Male,,,,,,,,,,,,,,,,
336304,Chaz Poot,,,,,,,Male,,,,,,,,,,,,,,,,
336305,Danijela Jackovich,,,,,,,Female,,,,,,,,,,,,,,,,
336307,Genevieve Longman,,,,,,,Female,,,,,,,,,,,,,,,,
336308,Jacob Mercep,,,,,,,Male,,,,,,,,,,,,,,,,
336309,John Hedges,,,,,,,Male,,,,,,,,,,,,,,,,
336311,Luke Pavillard,,,,,,,Male,,,,,,,,,,,,,,,,
336312,Marcus Berehulak,,,,,,,Male,,,,,,,,,,,,,,,,
336313,Tilly Kearns,,,,,,,Female,,,,,,,,,,,,,,,,
336314,Matthew Byrnes,,,,,,,Male,,,,,,,,,,,,,,,,
336315,Milos Maksimovic,,,,,,,Male,,,,,,,,,,,,,,,,
336316,Nic Porter,,,,,,,Male,,,,,,,,,,,,,,,,
336317,Sienna Green,,,,,,,Female,,,,,,,,,,,,,,,,
336318,Sienna Hearn,,,,,,,Female,,,,,,,,,,,,,,,,
336320,Milica Gardasevic,,,,,,,Female,,,,,,,,,,,,,,,,
336321,Angelina Topic,,,,,,,Female,,,,,,,,,,,,,,,,
336322,Adriana Vilagos,,,,,,,Female,,,,,,,,,,,,,,,,
336323,Elzan Bibic,,,,,,,Male,,,,,,,,,,,,,,,,
336325,Marko Brankovic,,,,,,,Male,,,,,,,,,,,,,,,,
336326,Strahinja Stojacic,,,,,,,Male,,,,,,,,,,,,,,,,
336327,Khalil Jendoubi,,,,,,,Male,,,,,,,,,,,,,,,,
336328,Firas Katoussi,,,,,,,Male,,,,,,,,,,,,,,,,
336329,Chaima Toumi,,,,,,,Female,,,,,,,,,,,,,,,,
336330,Ikram Dhahri,,,,,,,Female,,,,,,,,,,,,,,,,
336331,Georgii Okorokov,,,,,,,Male,,,,,,,,,,,,,,,,
336332,Alexander Lawrence,,,,,,,Male,,,,,,,,,,,,,,,,
336333,Kim Polling,,,,,,,Female,,,,,,,,,,,,,,,,
336334,Julio Enciso,,,,,,,Male,,,,,,,,,,,,,,,,
336335,Khouloud Hlimi,,,,,,,Female,,,,,,,,,,,,,,,,
336336,Jelena Eric,,,,,,,Female,,,,,,,,,,,,,,,,
336337,Ognjen Ilic,,,,,,,Male,,,,,,,,,,,,,,,,
336338,Monika Sturiska,,,,,,,Female,,,,,,,,,,,,,,,,
336339,Kristens Krigers,,,,,,,Male,,,,,,,,,,,,,,,,
336340,Ernests Zebolds,,,,,,,Male,,,,,,,,,,,,,,,,
336341,Sara Cirkovic,,,,,,,Female,,,,,,,,,,,,,,,,
336342,Natalia Shadrina,,,,,,,Female,,,,,,,,,,,,,,,,
336343,Vakhid Abbasov,,,,,,,Male,,,,,,,,,,,,,,,,
336344,Anastasia Carbonari,,,,,,,Female,,,,,,,,,,,,,,,,
336345,Martins Blums,,,,,,,Male,,,,,,,,,,,,,,,,
336346,Marcos Gomez,,,,,,,Male,,,,,,,,,,,,,,,,
336349,Lauris Strautmanis,,,,,,,Male,,,,,,,,,,,,,,,,
336350,Pal Petervari,,,,,,,Male,,,,,,,,,,,,,,,,
336351,Sophie O'sullivan,,,,,,,Female,,,,,,,,,,,,,,,,
336352,Milica Zabic,,,,,,,Female,,,,,,,,,,,,,,,,
336353,Strahinja Buncic,,,,,,,Male,,,,,,,,,,,,,,,,
336356,Patriks Gailums,,,,,,,Male,,,,,,,,,,,,,,,,
336357,Gunta Vaicule,,,,,,,Female,,,,,,,,,,,,,,,,
336358,Valters Kreiss,,,,,,,Male,,,,,,,,,,,,,,,,
336359,Anete Sietina,,,,,,,Female,,,,,,,,,,,,,,,,
336360,Agate Caune,,,,,,,Female,,,,,,,,,,,,,,,,
336361,Lina Muze-sirma,,,,,,,Female,,,,,,,,,,,,,,,,
336362,Kate Lasmane,,,,,,,Female,,,,,,,,,,,,,,,,
336363,Eugenia Arderius,,,,,,,Female,,,,,,,,,,,,,,,,
336364,Carmen Campos,,,,,,,Female,,,,,,,,,,,,,,,,
336365,Maitane Echeverria,,,,,,,Female,,,,,,,,,,,,,,,,
336367,Kaba Gassama,,,,,,,Female,,,,,,,,,,,,,,,,
336370,Maria Prieto,,,,,,,Female,,,,,,,,,,,,,,,,
336371,Lysa Tchaptchet,,,,,,,Female,,,,,,,,,,,,,,,,
336372,Nicole Wiggins,,,,,,,Female,,,,,,,,,,,,,,,,
336373,Darly Zoqbi,,,,,,,Female,,,,,,,,,,,,,,,,
336374,Agustin Casado,,,,,,,Male,,,,,,,,,,,,,,,,
336375,Petar Cikusa,,,,,,,Male,,,,,,,,,,,,,,,,
336377,Daniel Fernandez,,,,,,,Male,,,,,,,,,,,,,,,,
336378,Adrian Figueras,,,,,,,Male,,,,,,,,,,,,,,,,
336379,Imanol Garciandia,,,,,,,Male,,,,,,,,,,,,,,,,
336381,Kauldi Odriozola,,,,,,,Male,,,,,,,,,,,,,,,,
336382,Javier Rodriguez,,,,,,,Male,,,,,,,,,,,,,,,,
336383,Abel Serdio,,,,,,,Male,,,,,,,,,,,,,,,,
336384,Ian Tarrafeta,,,,,,,Male,,,,,,,,,,,,,,,,
336385,Giovanni Caserta,,,,,,,Male,,,,,,,,,,,,,,,,
336386,Anastazija Bajuk,,,,,,,Female,,,,,,,,,,,,,,,,
336387,Marija Dostanic,,,,,,,Female,,,,,,,,,,,,,,,,
336388,Milica Novakovic,,,,,,,Female,,,,,,,,,,,,,,,,
336389,Dunja Stanojev,,,,,,,Female,,,,,,,,,,,,,,,,
336391,Andjelo Dzombeta,,,,,,,Male,,,,,,,,,,,,,,,,
336393,Alain Kortabitarte,,,,,,,Male,,,,,,,,,,,,,,,,
336394,Naia Laso,,,,,,,Female,,,,,,,,,,,,,,,,
336395,Danny Leon,,,,,,,Male,,,,,,,,,,,,,,,,
336396,Natalia Munoz,,,,,,,Female,,,,,,,,,,,,,,,,
336397,Daniela Terol,,,,,,,Female,,,,,,,,,,,,,,,,
336398,Aleksa Avramovic,,,,,,,Male,,,,,,,,,,,,,,,,
336400,Ognjen Dobric,,,,,,,Male,,,,,,,,,,,,,,,,
336401,Marko Guduric,,,,,,,Male,,,,,,,,,,,,,,,,
336403,Vanja Marinkovic,,,,,,,Male,,,,,,,,,,,,,,,,
336404,Vasilije Micic,,,,,,,Male,,,,,,,,,,,,,,,,
336406,Fili Petrusev,,,,,,,Male,,,,,,,,,,,,,,,,
336407,Uros Plavsic,,,,,,,Male,,,,,,,,,,,,,,,,
336408,Misgana Wakuma,,,,,,,Male,,,,,,,,,,,,,,,,
336409,Gabriele Laurenzano,,,,,,,Male,,,,,,,,,,,,,,,,
336410,Sasa Cadjo,,,,,,,Female,,,,,,,,,,,,,,,,
336411,Mina Djordjevic,,,,,,,Female,,,,,,,,,,,,,,,,
336412,Masa Jankovic,,,,,,,Female,,,,,,,,,,,,,,,,
336413,Aleksandra Katanic,,,,,,,Female,,,,,,,,,,,,,,,,
336414,Jovana Nogic,,,,,,,Female,,,,,,,,,,,,,,,,
336415,Ivana Raca,,,,,,,Female,,,,,,,,,,,,,,,,
336416,Nadija Smailbegovic,,,,,,,Female,,,,,,,,,,,,,,,,
336417,Ellie Boatman,,,,,,,Female,,,,,,,,,,,,,,,,
336418,Heather Cowell,,,,,,,Female,,,,,,,,,,,,,,,,
336419,Grace Crompton,,,,,,,Female,,,,,,,,,,,,,,,,
336420,Meg Jones,,,,,,,Female,,,,,,,,,,,,,,,,
336422,Ellie Kildunne,,,,,,,Female,,,,,,,,,,,,,,,,
336423,Isla Norman-bell,,,,,,,Female,,,,,,,,,,,,,,,,
336424,Kayleigh Powell,,,,,,,Female,,,,,,,,,,,,,,,,
336425,Jade Shekells,,,,,,,Female,,,,,,,,,,,,,,,,
336427,Lauren Torley,,,,,,,Female,,,,,,,,,,,,,,,,
336428,Amy Wilson,,,,,,,Female,,,,,,,,,,,,,,,,
336429,Aleksandar Atanasijevic,,,,,,,Male,,,,,,,,,,,,,,,,
336431,Nikola Jovovic,,,,,,,Male,,,,,,,,,,,,,,,,
336432,Milorad Kapur,,,,,,,Male,,,,,,,,,,,,,,,,
336433,Petar Krsmanovic,,,,,,,Male,,,,,,,,,,,,,,,,
336434,Miran Kujundzic,,,,,,,Male,,,,,,,,,,,,,,,,
336435,Drazen Luburic,,,,,,,Male,,,,,,,,,,,,,,,,
336436,Nemanja Masulovic,,,,,,,Male,,,,,,,,,,,,,,,,
336437,Aleksandar Nedeljkovic,,,,,,,Male,,,,,,,,,,,,,,,,
336438,Pavle Peric,,,,,,,Male,,,,,,,,,,,,,,,,
336439,Vuk Todorovic,,,,,,,Male,,,,,,,,,,,,,,,,
336440,Gustavo Caballero,,,,,,,Male,,,,,,,,,,,,,,,,
336441,Rifda Irfanaluthfi,,,,,,,Female,,,,,,,,,,,,,,,,
336444,Hena Kurtagic,,,,,,,Female,,,,,,,,,,,,,,,,
336445,Katarina Lazovic,,,,,,,Female,,,,,,,,,,,,,,,,
336446,Sara Lozo,,,,,,,Female,,,,,,,,,,,,,,,,
336447,Aleksandra Uzelac,,,,,,,Female,,,,,,,,,,,,,,,,
336450,Justin Cvetkov,,,,,,,Male,,,,,,,,,,,,,,,,
336452,Olamide Sam,,,,,,,Female,,,,,,,,,,,,,,,,
336453,Tomas Lukminas,,,,,,,Male,,,,,,,,,,,,,,,,
336454,Tomas Navikonis,,,,,,,Male,,,,,,,,,,,,,,,,
336455,Camila Rebelo,,,,,,,Female,,,,,,,,,,,,,,,,
336456,Diogo Matos,,,,,,,Male,,,,,,,,,,,,,,,,
336457,Miguel Nascimento,,,,,,,Male,,,,,,,,,,,,,,,,
336458,Aleksas Savickas,,,,,,,Male,,,,,,,,,,,,,,,,
336460,Nandor Ecseki,,,,,,,Male,,,,,,,,,,,,,,,,
336461,Kotryna Teterevkova,,,,,,,Female,,,,,,,,,,,,,,,,
336462,Bubacar Mane,,,,,,,Male,,,,,,,,,,,,,,,,
336463,Maria Carmona,,,,,,,Female,,,,,,,,,,,,,,,,
336464,Angel Montes,,,,,,,Male,,,,,,,,,,,,,,,,
336466,Andrius Petrovas,,,,,,,Male,,,,,,,,,,,,,,,,
336467,Higinio Ndong,,,,,,,Male,,,,,,,,,,,,,,,,
336468,Arm Nguichie,,,,,,,Male,,,,,,,,,,,,,,,,
336471,Gerald Hernandez,,,,,,,Male,,,,,,,,,,,,,,,,
336472,Enrique Boesl,,,,,,,Male,,,,,,,,,,,,,,,,
336473,Manuela Nguelo'o,,,,,,,Female,,,,,,,,,,,,,,,,
336474,Fabian Messina,,,,,,,Male,,,,,,,,,,,,,,,,
336475,Candelaria Resano,,,,,,,Female,,,,,,,,,,,,,,,,
336476,Jose Lopez,,,,,,,Female,,,,,,,,,,,,,,,,
336477,de Omar,,,,,,,Male,,,,,,,,,,,,,,,,
336478,Troy Nisbett,,,,,,,Male,,,,,,,,,,,,,,,,
336479,Josue Baez,,,,,,,Male,,,,,,,,,,,,,,,,
336480,Nelson Lemaire,,,,,,,Male,,,,,,,,,,,,,,,,
336481,Isabel Esteban,,,,,,,Female,,,,,,,,,,,,,,,,
336482,Nowend Lorenzo,,,,,,,Male,,,,,,,,,,,,,,,,
336483,Rafael Nunez,,,,,,,Male,,,,,,,,,,,,,,,,
336484,Jose Gonzalez,,,,,,,Male,,,,,,,,,,,,,,,,
336485,Thomas Jungbauer,,,,,,,Male,,,,,,,,,,,,,,,,
336486,Xavier Valdez,,,,,,,Male,,,,,,,,,,,,,,,,
336488,Andres Parra,,,,,,,Male,,,,,,,,,,,,,,,,
336489,Natalia Grossman,,,,,,,Female,,,,,,,,,,,,,,,,
336490,Jesse Grupper,,,,,,,Male,,,,,,,,,,,,,,,,
336491,Zach Hammer,,,,,,,Male,,,,,,,,,,,,,,,,
336492,Emma Hunt,,,,,,,Female,,,,,,,,,,,,,,,,
336493,Piper Kelly,,,,,,,Female,,,,,,,,,,,,,,,,
336495,Sam Watson,,,,,,,Male,,,,,,,,,,,,,,,,
336496,Ian Barrows,,,,,,,Male,,,,,,,,,,,,,,,,
336497,Markus Edegran,,,,,,,Male,,,,,,,,,,,,,,,,
336498,Hans Henken,,,,,,,Male,,,,,,,,,,,,,,,,
336499,David Liebenberg,,,,,,,Male,,,,,,,,,,,,,,,,
336500,Noah Lyons,,,,,,,Male,,,,,,,,,,,,,,,,
336501,McNAY Stu,,,,,,,Male,,,,,,,,,,,,,,,,
336502,Daniela Moroz,,,,,,,Female,,,,,,,,,,,,,,,,
336503,Sarah Newberry,,,,,,,Female,,,,,,,,,,,,,,,,
336504,Erika Reineke,,,,,,,Female,,,,,,,,,,,,,,,,
336505,Dominique Stater,,,,,,,Female,,,,,,,,,,,,,,,,
336506,Anita Soppi,,,,,,,Female,,,,,,,,,,,,,,,,
336508,Sarah Levy,,,,,,,Female,,,,,,,,,,,,,,,,
336509,Alena Olsen,,,,,,,Female,,,,,,,,,,,,,,,,
336510,Steph Rovetti,,,,,,,Female,,,,,,,,,,,,,,,,
336511,Alex Sedrick,,,,,,,Female,,,,,,,,,,,,,,,,
336512,Sammy Sullivan,,,,,,,Female,,,,,,,,,,,,,,,,
336515,Orrin Bizer,,,,,,,Male,,,,,,,,,,,,,,,,
336516,Adam Channel,,,,,,,Male,,,,,,,,,,,,,,,,
336517,Aaron Cummings,,,,,,,Male,,,,,,,,,,,,,,,,
336518,Malacchi Esdale,,,,,,,Male,,,,,,,,,,,,,,,,
336519,Naima Fuala'au,,,,,,,Male,,,,,,,,,,,,,,,,
336521,Lucas Lacamp,,,,,,,Male,,,,,,,,,,,,,,,,
336522,Marcus Tupuola,,,,,,,Male,,,,,,,,,,,,,,,,
336523,Pita Vi,,,,,,,Male,,,,,,,,,,,,,,,,
336524,Tatiana Nazlymov,,,,,,,Female,,,,,,,,,,,,,,,,
336525,Anne Cebula,,,,,,,Female,,,,,,,,,,,,,,,,
336526,Maia Chamberlain,,,,,,,Female,,,,,,,,,,,,,,,,
336529,Fili Dolegiewicz,,,,,,,Male,,,,,,,,,,,,,,,,
336530,Jacqueline Dubrovich,,,,,,,Female,,,,,,,,,,,,,,,,
336531,Margherita Guzzi,,,,,,,Female,,,,,,,,,,,,,,,,
336532,Colin Heathcock,,,,,,,Male,,,,,,,,,,,,,,,,
336534,Hadley Husisian,,,,,,,Female,,,,,,,,,,,,,,,,
336538,Mitchell Saron,,,,,,,Male,,,,,,,,,,,,,,,,
336539,Lauren Scruggs,,,,,,,Female,,,,,,,,,,,,,,,,
336540,Magda Skarbonkiewicz,,,,,,,Female,,,,,,,,,,,,,,,,
336541,Elizabeth Tartakovsky,,,,,,,Female,,,,,,,,,,,,,,,,
336542,Mei Weintraub,,,,,,,Female,,,,,,,,,,,,,,,,
336544,Adi Yona,,,,,,,Male,,,,,,,,,,,,,,,,
336545,Roy Sasoon,,,,,,,Male,,,,,,,,,,,,,,,,
336546,Niv Eliasi,,,,,,,Male,,,,,,,,,,,,,,,,
336547,Elad Madmon,,,,,,,Male,,,,,,,,,,,,,,,,
336548,Ayanaw Ferede,,,,,,,Male,,,,,,,,,,,,,,,,
336550,Silina Pha,,,,,,,Female,,,,,,,,,,,,,,,,
336551,Collen Kebinatshipi,,,,,,,Male,,,,,,,,,,,,,,,,
336552,Tshepiso Masalela,,,,,,,Male,,,,,,,,,,,,,,,,
336553,Mar Molne,,,,,,,Female,,,,,,,,,,,,,,,,
336554,Kethobogile Haingura,,,,,,,Male,,,,,,,,,,,,,,,,
336555,Oratile Nowe,,,,,,,Female,,,,,,,,,,,,,,,,
336556,Justina Vanagaite,,,,,,,Female,,,,,,,,,,,,,,,,
336557,Aine Raupelyte,,,,,,,Female,,,,,,,,,,,,,,,,
336558,Monika Paulikiene,,,,,,,Female,,,,,,,,,,,,,,,,
336559,Anthony Pesela,,,,,,,Male,,,,,,,,,,,,,,,,
336560,Marie-josee Ta,,,,,,,Female,,,,,,,,,,,,,,,,
336562,Fafa Keryhuel,,,,,,,Male,,,,,,,,,,,,,,,,
336563,Jessica Savner,,,,,,,Female,,,,,,,,,,,,,,,,
336565,John Jayne,,,,,,,Male,,,,,,,,,,,,,,,,
336566,Celia Laborde,,,,,,,Female,,,,,,,,,,,,,,,,
336567,Jack Yonezuka,,,,,,,Male,,,,,,,,,,,,,,,,
336568,Marcela Cunha,,,,,,,Female,,,,,,,,,,,,,,,,
336569,Beatriz Dizotti,,,,,,,Female,,,,,,,,,,,,,,,,
336571,Viviane Jungblut,,,,,,,Female,,,,,,,,,,,,,,,,
336572,Wyndham Clark,,,,,,,Male,,,,,,,,,,,,,,,,
336573,Scottie Scheffler,,,,,,,Male,,,,,,,,,,,,,,,,
336574,Lilia Vu,,,,,,,Female,,,,,,,,,,,,,,,,
336575,Rose Zhang,,,,,,,Female,,,,,,,,,,,,,,,,
336576,Marcus Orlob,,,,,,,Male,,,,,,,,,,,,,,,,
336577,Karl Cook,,,,,,,Male,,,,,,,,,,,,,,,,
336578,Sydney Elliott,,,,,,,Female,,,,,,,,,,,,,,,,
336580,Elisabeth Halliday,,,,,,,Female,,,,,,,,,,,,,,,,
336583,Caroline Pamukcu,,,,,,,Female,,,,,,,,,,,,,,,,
336584,Endel Ots,,,,,,,Male,,,,,,,,,,,,,,,,
336588,de Andressa,,,,,,,Female,,,,,,,,,,,,,,,,
336589,dos Almir,,,,,,,Male,,,,,,,,,,,,,,,,
336590,dos Alison,,,,,,,Male,,,,,,,,,,,,,,,,
336591,Caroline Silva,,,,,,,Female,,,,,,,,,,,,,,,,
336593,da Chayenne,,,,,,,Female,,,,,,,,,,,,,,,,
336594,Douglas Hernandes,,,,,,,Male,,,,,,,,,,,,,,,,
336595,Erik Cardoso,,,,,,,Male,,,,,,,,,,,,,,,,
336599,de Maria,,,,,,,Female,,,,,,,,,,,,,,,,
336601,dos Gabriel,,,,,,,Male,,,,,,,,,,,,,,,,
336602,de Gabriela,,,,,,,Female,,,,,,,,,,,,,,,,
336603,Gabriele Santos,,,,,,,Female,,,,,,,,,,,,,,,,
336604,Gabriel Bezera,,,,,,,Male,,,,,,,,,,,,,,,,
336605,da Izabela,,,,,,,Female,,,,,,,,,,,,,,,,
336606,de Juliana,,,,,,,Female,,,,,,,,,,,,,,,,
336607,de Sales,,,,,,,Female,,,,,,,,,,,,,,,,
336608,Erick Soares,,,,,,,Male,,,,,,,,,,,,,,,,
336610,Livia Avancini,,,,,,,Female,,,,,,,,,,,,,,,,
336611,Maysa Campos,,,,,,,Female,,,,,,,,,,,,,,,,
336613,Lorraine Martins,,,,,,,Female,,,,,,,,,,,,,,,,
336614,dos Marcelino,,,,,,,Male,,,,,,,,,,,,,,,,
336615,da Mauricio,,,,,,,Male,,,,,,,,,,,,,,,,
336617,Batista Goncalves,,,,,,,Male,,,,,,,,,,,,,,,,
336618,Matheus Lima,,,,,,,Male,,,,,,,,,,,,,,,,
336621,Renan Correa,,,,,,,Male,,,,,,,,,,,,,,,,
336624,da Raquel,,,,,,,Female,,,,,,,,,,,,,,,,
336625,Viviane Lyra,,,,,,,Female,,,,,,,,,,,,,,,,
336626,Valdileia Martins,,,,,,,Female,,,,,,,,,,,,,,,,
336627,Cristina Rosa,,,,,,,Female,,,,,,,,,,,,,,,,
336628,Welington Morais,,,,,,,Male,,,,,,,,,,,,,,,,
336629,Bruno Caboclo,,,,,,,Male,,,,,,,,,,,,,,,,
336630,de Georginho,,,,,,,Male,,,,,,,,,,,,,,,,
336631,Gui Santos,,,,,,,Male,,,,,,,,,,,,,,,,
336632,Joao Cardoso,,,,,,,Male,,,,,,,,,,,,,,,,
336633,Leo Meindl,,,,,,,Male,,,,,,,,,,,,,,,,
336634,Lucas Dias,,,,,,,Male,,,,,,,,,,,,,,,,
336635,Didi Louzada,,,,,,,Male,,,,,,,,,,,,,,,,
336637,Yago Santos,,,,,,,Male,,,,,,,,,,,,,,,,
336638,de Wanderley,,,,,,,Male,,,,,,,,,,,,,,,,
336639,dos Maria,,,,,,,Female,,,,,,,,,,,,,,,,
336640,Iasmin Soares,,,,,,,Female,,,,,,,,,,,,,,,,
336641,Caroline Barbosa,,,,,,,Female,,,,,,,,,,,,,,,,
336642,Jucielen Cerqueira,,,,,,,Female,,,,,,,,,,,,,,,,
336643,Marley Machado,,,,,,,Male,,,,,,,,,,,,,,,,
336644,Gabriel Oliveira,,,,,,,Male,,,,,,,,,,,,,,,,
336645,da Douglas,,,,,,,Male,,,,,,,,,,,,,,,,
336646,de Regina,,,,,,,Female,,,,,,,,,,,,,,,,
336647,Paula Vergutz,,,,,,,Female,,,,,,,,,,,,,,,,
336648,Jamael Nascimento,,,,,,,Male,,,,,,,,,,,,,,,,
336649,Mateus Nunes,,,,,,,Male,,,,,,,,,,,,,,,,
336650,Valdenice Conceicao,,,,,,,Female,,,,,,,,,,,,,,,,
336651,Junior Souta,,,,,,,Male,,,,,,,,,,,,,,,,
336652,Pedro Goncalves,,,,,,,Male,,,,,,,,,,,,,,,,
336653,Alberto Gonzalez,,,,,,,Male,,,,,,,,,,,,,,,,
336656,Jacqueline Solis,,,,,,,Female,,,,,,,,,,,,,,,,
336657,HIRO10,,,,,,,Male,,,,,,,,,,,,,,,,
336658,SHIGEKIX,,,,,,,Male,,,,,,,,,,,,,,,,
336659,AMI,,,,,,,Female,,,,,,,,,,,,,,,,
336660,AYUMI,,,,,,,Female,,,,,,,,,,,,,,,,
336661,Kodai Naraoka,,,,,,,Male,,,,,,,,,,,,,,,,
336662,Tidiane Diouf,,,,,,,Male,,,,,,,,,,,,,,,,
336663,Yazan Al,,,,,,,Male,,,,,,,,,,,,,,,,
336664,Rose Tarazi,,,,,,,Female,,,,,,,,,,,,,,,,
336665,Saly Sarr,,,,,,,Female,,,,,,,,,,,,,,,,
336666,Asahi Uenaka,,,,,,,Male,,,,,,,,,,,,,,,,
336667,Yu Hirakawa,,,,,,,Male,,,,,,,,,,,,,,,,
336668,Kota Takai,,,,,,,Male,,,,,,,,,,,,,,,,
336669,Hiroki Sekine,,,,,,,Male,,,,,,,,,,,,,,,,
336670,Takashi Uchino,,,,,,,Male,,,,,,,,,,,,,,,,
336671,Fuki Yamada,,,,,,,Male,,,,,,,,,,,,,,,,
336673,Leobrian Kokubo,,,,,,,Male,,,,,,,,,,,,,,,,
336674,Ayumu Ohata,,,,,,,Male,,,,,,,,,,,,,,,,
336675,Mao Hosoya,,,,,,,Male,,,,,,,,,,,,,,,,
336676,Ryotaro Araki,,,,,,,Male,,,,,,,,,,,,,,,,
336677,Sota Kawasaki,,,,,,,Male,,,,,,,,,,,,,,,,
336678,Shunsuke Mito,,,,,,,Male,,,,,,,,,,,,,,,,
336679,Kaito Suzuki,,,,,,,Male,,,,,,,,,,,,,,,,
336680,Taishi Nozawa,,,,,,,Male,,,,,,,,,,,,,,,,
336681,Kein Sato,,,,,,,Male,,,,,,,,,,,,,,,,
336682,Shota Fujio,,,,,,,Male,,,,,,,,,,,,,,,,
336683,Chima Fujita,,,,,,,Male,,,,,,,,,,,,,,,,
336684,Rihito Yamamoto,,,,,,,Male,,,,,,,,,,,,,,,,
336685,Seiji Kimura,,,,,,,Male,,,,,,,,,,,,,,,,
336686,Ryuya Nishio,,,,,,,Male,,,,,,,,,,,,,,,,
336687,Elneny Mohamed,,,,,,,Male,,,,,,,,,,,,,,,,
336688,Fathur Gustafian,,,,,,,Male,,,,,,,,,,,,,,,,
336689,Vitoria Magalhaes,,,,,,,Female,,,,,,,,,,,,,,,,
336690,Gustavo Batista,,,,,,,Male,,,,,,,,,,,,,,,,
336691,Paola Reis,,,,,,,Female,,,,,,,,,,,,,,,,
336692,Ulan Bastos,,,,,,,Male,,,,,,,,,,,,,,,,
336693,Vinicius Rangel,,,,,,,Male,,,,,,,,,,,,,,,,
336694,ZIZO,,,,,,,Male,,,,,,,,,,,,,,,,
336696,Mariana Pistoia,,,,,,,Female,,,,,,,,,,,,,,,,
336700,Diogo Soares,,,,,,,Male,,,,,,,,,,,,,,,,
336703,Julia Soares,,,,,,,Female,,,,,,,,,,,,,,,,
336706,Natalia Dominiak,,,,,,,Female,,,,,,,,,,,,,,,,
336707,Lukasz Gutkowski,,,,,,,Male,,,,,,,,,,,,,,,,
336708,Kamil Kasperczak,,,,,,,Male,,,,,,,,,,,,,,,,
336709,Barbara Domingos,,,,,,,Female,,,,,,,,,,,,,,,,
336710,Eduarda Arakaki,,,,,,,Female,,,,,,,,,,,,,,,,
336711,Sofia Pereira,,,,,,,Female,,,,,,,,,,,,,,,,
336712,Victoria Borges,,,,,,,Female,,,,,,,,,,,,,,,,
336713,Camilla Gomes,,,,,,,Female,,,,,,,,,,,,,,,,
336714,Rayan Dutra,,,,,,,Male,,,,,,,,,,,,,,,,
336715,Beatriz Souza,,,,,,,Female,,,,,,,,,,,,,,,,
336716,Guilherme Schimidt,,,,,,,Male,,,,,,,,,,,,,,,,
336718,Leonardo Goncalves,,,,,,,Male,,,,,,,,,,,,,,,,
336719,Michel Augusto,,,,,,,Male,,,,,,,,,,,,,,,,
336720,Natasha Ferreira,,,,,,,Female,,,,,,,,,,,,,,,,
336723,Willian Lima,,,,,,,Male,,,,,,,,,,,,,,,,
336724,Isabela Abreu,,,,,,,Female,,,,,,,,,,,,,,,,
336725,da Amanda,,,,,,,Female,,,,,,,,,,,,,,,,
336726,Laura Nascimento,,,,,,,Female,,,,,,,,,,,,,,,,
336727,Erick Gordillo,,,,,,,Male,,,,,,,,,,,,,,,,
336728,Lucero Mejia,,,,,,,Female,,,,,,,,,,,,,,,,
336730,Pau Echaniz,,,,,,,Male,,,,,,,,,,,,,,,,
336731,Miren Lazkano,,,,,,,Female,,,,,,,,,,,,,,,,
336732,Manuel Ochoa,,,,,,,Male,,,,,,,,,,,,,,,,
336733,Miquel Trave,,,,,,,Male,,,,,,,,,,,,,,,,
336734,Sophia Hernandez,,,,,,,Female,,,,,,,,,,,,,,,,
336735,Maria Corbera,,,,,,,Female,,,,,,,,,,,,,,,,
336737,Pablo Crespo,,,,,,,Male,,,,,,,,,,,,,,,,
336738,del Adrian,,,,,,,Male,,,,,,,,,,,,,,,,
336739,Diego Dominguez,,,,,,,Male,,,,,,,,,,,,,,,,
336740,Estefania Fernandez,,,,,,,Female,,,,,,,,,,,,,,,,
336741,Carolina Garcia,,,,,,,Female,,,,,,,,,,,,,,,,
336742,Begona Lazkano,,,,,,,Female,,,,,,,,,,,,,,,,
336743,Antoni Moreno,,,,,,,Male,,,,,,,,,,,,,,,,
336744,Sara Ouzande,,,,,,,Female,,,,,,,,,,,,,,,,
336745,Marcus Cooper,,,,,,,Male,,,,,,,,,,,,,,,,
336746,Kelsey Bing,,,,,,,Female,,,,,,,,,,,,,,,,
336747,Leah Crouse,,,,,,,Female,,,,,,,,,,,,,,,,
336748,Brooke Deberdine,,,,,,,Female,,,,,,,,,,,,,,,,
336749,Emma Deberdine,,,,,,,Female,,,,,,,,,,,,,,,,
336750,Sophia Gladieux,,,,,,,Female,,,,,,,,,,,,,,,,
336751,Amanda Golini,,,,,,,Female,,,,,,,,,,,,,,,,
336752,Alexandra Hammel,,,,,,,Female,,,,,,,,,,,,,,,,
336753,Ashley Hoffman,,,,,,,Female,,,,,,,,,,,,,,,,
336754,Karlie Kisha,,,,,,,Female,,,,,,,,,,,,,,,,
336755,Kelee Lepage,,,,,,,Female,,,,,,,,,,,,,,,,
336756,Ashley Sessa,,,,,,,Female,,,,,,,,,,,,,,,,
336757,Meredith Sholder,,,,,,,Female,,,,,,,,,,,,,,,,
336758,Abigail Tamer,,,,,,,Female,,,,,,,,,,,,,,,,
336759,Elizabeth Yeager,,,,,,,Female,,,,,,,,,,,,,,,,
336760,Madeleine Zimmer,,,,,,,Female,,,,,,,,,,,,,,,,
336761,Sarah Bacon,,,,,,,Female,,,,,,,,,,,,,,,,
336763,Greg Duncan,,,,,,,Male,,,,,,,,,,,,,,,,
336765,Carson Tyler,,,,,,,Male,,,,,,,,,,,,,,,,
336766,Daryn Wright,,,,,,,Female,,,,,,,,,,,,,,,,
336767,Andres Fernandez,,,,,,,Male,,,,,,,,,,,,,,,,
336768,Carolina Vieira,,,,,,,Female,,,,,,,,,,,,,,,,
336769,Eduardo Oliveira,,,,,,,Male,,,,,,,,,,,,,,,,
336770,Giovana Medeiros,,,,,,,Female,,,,,,,,,,,,,,,,
336772,Guilherme Santos,,,,,,,Male,,,,,,,,,,,,,,,,
336773,Kayky Mota,,,,,,,Male,,,,,,,,,,,,,,,,
336775,Fernanda Costa,,,,,,,Female,,,,,,,,,,,,,,,,
336776,Paula Heitmann,,,,,,,Female,,,,,,,,,,,,,,,,
336778,Nicolas Albiero,,,,,,,Male,,,,,,,,,,,,,,,,
336779,Natalia Bajor,,,,,,,Female,,,,,,,,,,,,,,,,
336780,Anna Wegrzyn,,,,,,,Female,,,,,,,,,,,,,,,,
336781,Katarzyna Wegrzyn,,,,,,,Female,,,,,,,,,,,,,,,,
336782,Zuzanna Wielgos,,,,,,,Female,,,,,,,,,,,,,,,,
336783,Milosz Redzimski,,,,,,,Male,,,,,,,,,,,,,,,,
336786,Charalampos Kynigakis,,,,,,,Male,,,,,,,,,,,,,,,,
336791,Marios Bilas,,,,,,,Male,,,,,,,,,,,,,,,,
336792,Emmanouil Stamou,,,,,,,Male,,,,,,,,,,,,,,,,
336793,Odyssefs Meladinis,,,,,,,Male,,,,,,,,,,,,,,,,
336794,Georgia Damasioti,,,,,,,Female,,,,,,,,,,,,,,,,
336795,Efraim Ntoumas,,,,,,,Male,,,,,,,,,,,,,,,,
336796,Panagiotis Bolanos,,,,,,,Male,,,,,,,,,,,,,,,,
336797,Chrysoula Diamantopoulou,,,,,,,Female,,,,,,,,,,,,,,,,
336798,Nikoleta Eleftheriadou,,,,,,,Female,,,,,,,,,,,,,,,,
336799,Maria Myriokefalitaki,,,,,,,Female,,,,,,,,,,,,,,,,
336800,Eirini Ninou,,,,,,,Female,,,,,,,,,,,,,,,,
336801,Maria Patra,,,,,,,Female,,,,,,,,,,,,,,,,
336802,Margarita Plevritou,,,,,,,Female,,,,,,,,,,,,,,,,
336803,Eleftheria Plevritou,,,,,,,Female,,,,,,,,,,,,,,,,
336805,Ioanna Stamatopoulou,,,,,,,Female,,,,,,,,,,,,,,,,
336806,Stylianos Argyropoulos,,,,,,,Male,,,,,,,,,,,,,,,,
336810,Efstathios Kalogeropoulos,,,,,,,Male,,,,,,,,,,,,,,,,
336811,Dimitrios Skoumpakis,,,,,,,Male,,,,,,,,,,,,,,,,
336813,Emmanouil Zerdevas,,,,,,,Male,,,,,,,,,,,,,,,,
336814,Spyridon Papanikolaou,,,,,,,Male,,,,,,,,,,,,,,,,
336815,Panagiotis Tzortzatos,,,,,,,Male,,,,,,,,,,,,,,,,
336816,Ioanna Chydirioti,,,,,,,Female,,,,,,,,,,,,,,,,
336817,Dimitra Giannopoulou,,,,,,,Female,,,,,,,,,,,,,,,,
336818,Vasiliki Plevritou,,,,,,,Female,,,,,,,,,,,,,,,,
336819,Eleni Xenaki,,,,,,,Female,,,,,,,,,,,,,,,,
336820,Nikolaos Gkillas,,,,,,,Male,,,,,,,,,,,,,,,,
336821,Dimitrios Nikolaidis,,,,,,,Male,,,,,,,,,,,,,,,,
336822,Melissa Padron,,,,,,,Female,,,,,,,,,,,,,,,,
336823,Joel Embiid,,,,,,,Male,,,,,,,,,,,,,,,,
336824,Stephen Curry,,,,,,,Male,,,,,,,,,,,,,,,,
336827,Tyrese Haliburton,,,,,,,Male,,,,,,,,,,,,,,,,
336829,Derrick White,,,,,,,Male,,,,,,,,,,,,,,,,
336831,Kahleah Copper,,,,,,,Female,,,,,,,,,,,,,,,,
336833,Dearica Hamby,,,,,,,Female,,,,,,,,,,,,,,,,
336834,Rhyne Howard,,,,,,,Female,,,,,,,,,,,,,,,,
336835,Sabrina Ionescu,,,,,,,Female,,,,,,,,,,,,,,,,
336840,Alyssa Thomas,,,,,,,Female,,,,,,,,,,,,,,,,
336841,Canyon Barry,,,,,,,Male,,,,,,,,,,,,,,,,
336842,Cierra Burdick,,,,,,,Female,,,,,,,,,,,,,,,,
336843,Jimmer Fredette,,,,,,,Male,,,,,,,,,,,,,,,,
336844,Kareem Maddox,,,,,,,Male,,,,,,,,,,,,,,,,
336845,Dylan Travis,,,,,,,Male,,,,,,,,,,,,,,,,
336846,van Hailey,,,,,,,Female,,,,,,,,,,,,,,,,
336847,Adrian Abadia,,,,,,,Male,,,,,,,,,,,,,,,,
336848,Valeria Antolino,,,,,,,Female,,,,,,,,,,,,,,,,
336849,Ana Carvajal,,,,,,,Female,,,,,,,,,,,,,,,,
336851,de Maria,,,,,,,Female,,,,,,,,,,,,,,,,
336852,Angela Martinez,,,,,,,Female,,,,,,,,,,,,,,,,
336853,Txell Ferre,,,,,,,Female,,,,,,,,,,,,,,,,
336854,Lilou Lluis,,,,,,,Female,,,,,,,,,,,,,,,,
336855,Laura Cabanes,,,,,,,Female,,,,,,,,,,,,,,,,
336856,Ainhoa Campabadal,,,,,,,Female,,,,,,,,,,,,,,,,
336857,Emma Carrasco,,,,,,,Female,,,,,,,,,,,,,,,,
336858,Cesar Castro,,,,,,,Male,,,,,,,,,,,,,,,,
336859,Carles Coll,,,,,,,Male,,,,,,,,,,,,,,,,
336860,Maria Daza,,,,,,,Female,,,,,,,,,,,,,,,,
336861,de Sergio,,,,,,,Male,,,,,,,,,,,,,,,,
336862,Luis Dominguez,,,,,,,Male,,,,,,,,,,,,,,,,
336863,Carlos Garach,,,,,,,Male,,,,,,,,,,,,,,,,
336864,Arbidel Gonzalez,,,,,,,Male,,,,,,,,,,,,,,,,
336865,Alba Herrero,,,,,,,Female,,,,,,,,,,,,,,,,
336866,Ferran Julia,,,,,,,Male,,,,,,,,,,,,,,,,
336867,Paula Juste,,,,,,,Female,,,,,,,,,,,,,,,,
336868,Mario Molla,,,,,,,Male,,,,,,,,,,,,,,,,
336869,Carmen Weiler,,,,,,,Female,,,,,,,,,,,,,,,,
336871,Sergi Cabanas,,,,,,,Male,,,,,,,,,,,,,,,,
336874,de Miguel,,,,,,,Male,,,,,,,,,,,,,,,,
336875,Anni Espar,,,,,,,Female,,,,,,,,,,,,,,,,
336877,Eduardo Lorrio,,,,,,,Male,,,,,,,,,,,,,,,,
336879,Nona Perez,,,,,,,Female,,,,,,,,,,,,,,,,
336881,Isabel Piralkova,,,,,,,Female,,,,,,,,,,,,,,,,
336882,Martina Terre,,,,,,,Female,,,,,,,,,,,,,,,,
336884,Beatriz Cunha,,,,,,,Female,,,,,,,,,,,,,,,,
336885,Filomenaleonisa Iakopo,,,,,,,Female,,,,,,,,,,,,,,,,
336886,Gabriela Lima,,,,,,,Female,,,,,,,,,,,,,,,,
336887,Gisele Gomes,,,,,,,Female,,,,,,,,,,,,,,,,
336888,Isadora Lopes,,,,,,,Female,,,,,,,,,,,,,,,,
336889,dos Leila,,,,,,,Female,,,,,,,,,,,,,,,,
336891,Marcelle Souza,,,,,,,Female,,,,,,,,,,,,,,,,
336892,Mariana Nicolau,,,,,,,Female,,,,,,,,,,,,,,,,
336895,da Thalita,,,,,,,Female,,,,,,,,,,,,,,,,
336896,Yasmim Soares,,,,,,,Female,,,,,,,,,,,,,,,,
336898,Riley Amos,,,,,,,Male,,,,,,,,,,,,,,,,
336899,Savilia Blunk,,,,,,,Female,,,,,,,,,,,,,,,,
336900,Marcus Christopher,,,,,,,Male,,,,,,,,,,,,,,,,
336901,Olivia Cummins,,,,,,,Female,,,,,,,,,,,,,,,,
336902,Emily Ehrlich,,,,,,,Female,,,,,,,,,,,,,,,,
336903,Kristen Faulkner,,,,,,,Female,,,,,,,,,,,,,,,,
336904,Matteo Jorgenson,,,,,,,Male,,,,,,,,,,,,,,,,
336905,Grant Koontz,,,,,,,Male,,,,,,,,,,,,,,,,
336906,Kamren Larsen,,,,,,,Male,,,,,,,,,,,,,,,,
336907,McNULTY Brandon,,,,,,,Male,,,,,,,,,,,,,,,,
336908,Magnus Sheffield,,,,,,,Male,,,,,,,,,,,,,,,,
336909,Jeremy Smith,,,,,,,Male,,,,,,,,,,,,,,,,
336911,Daleny Vaughn,,,,,,,Female,,,,,,,,,,,,,,,,
336912,Alise Willoughby,,,,,,,Female,,,,,,,,,,,,,,,,
336913,Cameron Wood,,,,,,,Male,,,,,,,,,,,,,,,,
336915,Jonas Ecker,,,,,,,Male,,,,,,,,,,,,,,,,
336917,Aaron Small,,,,,,,Male,,,,,,,,,,,,,,,,
336918,Marquel Brooks,,,,,,,Male,,,,,,,,,,,,,,,,
336919,Jacob Coon,,,,,,,Male,,,,,,,,,,,,,,,,
336920,Amit Elor,,,,,,,Female,,,,,,,,,,,,,,,,
336921,Ameer Bey,,,,,,,Male,,,,,,,,,,,,,,,,
336922,Alexis Blades,,,,,,,Female,,,,,,,,,,,,,,,,
336923,Douglas Dake,,,,,,,Male,,,,,,,,,,,,,,,,
336924,Jon Jacobson,,,,,,,Male,,,,,,,,,,,,,,,,
336926,Richard Lee,,,,,,,Male,,,,,,,,,,,,,,,,
336927,Louise Maroulis,,,,,,,Female,,,,,,,,,,,,,,,,
336928,Colleen Miracle,,,,,,,Female,,,,,,,,,,,,,,,,
336929,Mark Parris,,,,,,,Male,,,,,,,,,,,,,,,,
336930,Olivia Parrish,,,,,,,Female,,,,,,,,,,,,,,,,
336931,Patrick Rau,,,,,,,Male,,,,,,,,,,,,,,,,
336932,Allen Retherford,,,,,,,Male,,,,,,,,,,,,,,,,
336933,Frederick Snyder,,,,,,,Male,,,,,,,,,,,,,,,,
336935,Christa Deguchi,,,,,,,Female,,,,,,,,,,,,,,,,
336936,Laura Portuondo,,,,,,,Female,,,,,,,,,,,,,,,,
336937,Shady Elnahas,,,,,,,Male,,,,,,,,,,,,,,,,
336938,Kelly Deguchi,,,,,,,Female,,,,,,,,,,,,,,,,
336939,Francois Gauthier,,,,,,,Male,,,,,,,,,,,,,,,,
336940,Kerry Xu,,,,,,,Female,,,,,,,,,,,,,,,,
336941,SUNNY,,,,,,,Female,,,,,,,,,,,,,,,,
336942,LOGISTX,,,,,,,Female,,,,,,,,,,,,,,,,
336943,JEFFRO,,,,,,,Male,,,,,,,,,,,,,,,,
336944,VICTOR,,,,,,,Male,,,,,,,,,,,,,,,,
336946,Catalina Gnoriega,,,,,,,Female,,,,,,,,,,,,,,,,
336948,Jennifer Mucino,,,,,,,Female,,,,,,,,,,,,,,,,
336949,Vinson Chiu,,,,,,,Male,,,,,,,,,,,,,,,,
336950,Jennie Gai,,,,,,,Female,,,,,,,,,,,,,,,,
336952,Annie Xu,,,,,,,Female,,,,,,,,,,,,,,,,
336953,Joshua Yuan,,,,,,,Male,,,,,,,,,,,,,,,,
336954,Joshua Edwards,,,,,,,Male,,,,,,,,,,,,,,,,
336955,Jajaira Gonzalez,,,,,,,Female,,,,,,,,,,,,,,,,
336956,Jahmal Harvey,,,,,,,Male,,,,,,,,,,,,,,,,
336957,Roscoe Hill,,,,,,,Male,,,,,,,,,,,,,,,,
336958,Omari Jones,,,,,,,Male,,,,,,,,,,,,,,,,
336959,Jennifer Lozano,,,,,,,Female,,,,,,,,,,,,,,,,
336960,McCANE Morelle,,,,,,,Female,,,,,,,,,,,,,,,,
336961,Alyssa Mendoza,,,,,,,Female,,,,,,,,,,,,,,,,
336962,Augusto Akio,,,,,,,Male,,,,,,,,,,,,,,,,
336964,Felipe Gustavo,,,,,,,Male,,,,,,,,,,,,,,,,
336966,Gabi Mazetto,,,,,,,Female,,,,,,,,,,,,,,,,
336967,Luigi Cini,,,,,,,Male,,,,,,,,,,,,,,,,
336968,Raicca Ventura,,,,,,,Female,,,,,,,,,,,,,,,,
336969,Filipe Toledo,,,,,,,Male,,,,,,,,,,,,,,,,
336970,Joao Chianca,,,,,,,Male,,,,,,,,,,,,,,,,
336971,Luana Silva,,,,,,,Female,,,,,,,,,,,,,,,,
336972,Taina Hinckel,,,,,,,Female,,,,,,,,,,,,,,,,
336973,Maleselo Fukofuka,,,,,,,Male,,,,,,,,,,,,,,,,
336974,Caroline Santos,,,,,,,Female,,,,,,,,,,,,,,,,
336975,Edival Pontes,,,,,,,Male,,,,,,,,,,,,,,,,
336976,Marqu Rodrigues,,,,,,,Male,,,,,,,,,,,,,,,,
336977,Clara Pacheco,,,,,,,Female,,,,,,,,,,,,,,,,
336978,Beatriz Haddad,,,,,,,Female,,,,,,,,,,,,,,,,
336979,Luisa Stefani,,,,,,,Female,,,,,,,,,,,,,,,,
336982,Aiaal Lazarev,,,,,,,Male,,,,,,,,,,,,,,,,
336983,Georgia Courage-gardiner,,,,,,,Female,,,,,,,,,,,,,,,,
336984,Margo Joseph-kuo,,,,,,,Female,,,,,,,,,,,,,,,,
336985,Milena Waldmann,,,,,,,Female,,,,,,,,,,,,,,,,
336986,Natalia Caloiero,,,,,,,Female,,,,,,,,,,,,,,,,
336987,Anastasia Kusmawan,,,,,,,Female,,,,,,,,,,,,,,,,
336988,Raphaelle Gauthier,,,,,,,Female,,,,,,,,,,,,,,,,
336989,Zoe Poulis,,,,,,,Female,,,,,,,,,,,,,,,,
336990,Linda Angounou,,,,,,,Female,,,,,,,,,,,,,,,,
336991,Omri Gandelman,,,,,,,Male,,,,,,,,,,,,,,,,
336992,Noam Ben,,,,,,,Male,,,,,,,,,,,,,,,,
336993,Or Israelov,,,,,,,Male,,,,,,,,,,,,,,,,
336994,Sean Goldberg,,,,,,,Male,,,,,,,,,,,,,,,,
336995,Ilay Feingold,,,,,,,Male,,,,,,,,,,,,,,,,
336996,Ethane Azoulay,,,,,,,Male,,,,,,,,,,,,,,,,
336997,Omer Nir,,,,,,,Male,,,,,,,,,,,,,,,,
336998,Roy Revivo,,,,,,,Male,,,,,,,,,,,,,,,,
336999,Ido Shahar,,,,,,,Male,,,,,,,,,,,,,,,,
337000,Liel Abada,,,,,,,Male,,,,,,,,,,,,,,,,
337001,Dor Turgeman,,,,,,,Male,,,,,,,,,,,,,,,,
337002,Oscar Gloukh,,,,,,,Male,,,,,,,,,,,,,,,,
337003,Stav Lemkin,,,,,,,Male,,,,,,,,,,,,,,,,
337004,Ser-od Bat-ochir,,,,,,,Male,,,,,,,,,,,,,,,,
337005,Balazs Kaizinger,,,,,,,Male,,,,,,,,,,,,,,,,
337006,Julia Kopecky,,,,,,,Female,,,,,,,,,,,,,,,,
337007,Munkhzaya Bayartsogt,,,,,,,Female,,,,,,,,,,,,,,,,
337008,Khishigsaikhan Galbadrakh,,,,,,,Female,,,,,,,,,,,,,,,,
337009,Cathal Doyle,,,,,,,Male,,,,,,,,,,,,,,,,
337012,Izabela Lupulesku,,,,,,,Female,,,,,,,,,,,,,,,,
337013,Lazar Kovacevic,,,,,,,Male,,,,,,,,,,,,,,,,
337015,Aleksandra Perisic,,,,,,,Female,,,,,,,,,,,,,,,,
337016,Lev Korneev,,,,,,,Male,,,,,,,,,,,,,,,,
337017,Stefan Takov,,,,,,,Male,,,,,,,,,,,,,,,,
337018,Novak Djokovic,,,,,,,Male,,,,,,,,,,,,,,,,
337019,Dusan Lajovic,,,,,,,Male,,,,,,,,,,,,,,,,
337020,Radomir Drasovic,,,,,,,Male,,,,,,,,,,,,,,,,
337021,Radoslav Filipovic,,,,,,,Male,,,,,,,,,,,,,,,,
337023,Vladimir Misovic,,,,,,,Male,,,,,,,,,,,,,,,,
337025,Nemanja Ubovic,,,,,,,Male,,,,,,,,,,,,,,,,
337026,Nemanja Vico,,,,,,,Male,,,,,,,,,,,,,,,,
337028,Bojana Gojkovic,,,,,,,Female,,,,,,,,,,,,,,,,
337029,Jovana Arsic,,,,,,,Female,,,,,,,,,,,,,,,,
337031,Nikolaj Pimenov,,,,,,,Male,,,,,,,,,,,,,,,,
337032,Hetik Cabolov,,,,,,,Male,,,,,,,,,,,,,,,,
337034,Andreevitch Komarov,,,,,,,Male,,,,,,,,,,,,,,,,
337035,Mate Nemes,,,,,,,Male,,,,,,,,,,,,,,,,
337036,Georgij Tibilov,,,,,,,Male,,,,,,,,,,,,,,,,
337037,Were Mukhobe,,,,,,,Male,,,,,,,,,,,,,,,,
337039,Tumo Nkape,,,,,,,Male,,,,,,,,,,,,,,,,
337040,VANESSA,,,,,,,Female,,,,,,,,,,,,,,,,
337041,Miljana Reljikj,,,,,,,Female,,,,,,,,,,,,,,,,
337042,Ines Coelho,,,,,,,Female,,,,,,,,,,,,,,,,
337043,Georgia Bell,,,,,,,Female,,,,,,,,,,,,,,,,
337045,Ben Jefferies,,,,,,,Male,,,,,,,,,,,,,,,,
337046,Megan Keith,,,,,,,Female,,,,,,,,,,,,,,,,
337047,Hannah Kelly,,,,,,,Female,,,,,,,,,,,,,,,,
337048,Mahamed Mahamed,,,,,,,Male,,,,,,,,,,,,,,,,
337049,Samuel Reardon,,,,,,,Male,,,,,,,,,,,,,,,,
337051,Phili Sesemann,,,,,,,Male,,,,,,,,,,,,,,,,
337052,M Alsarraj,,,,,,,Male,,,,,,,,,,,,,,,,
337053,Klara Davidson,,,,,,,Female,,,,,,,,,,,,,,,,
337054,Sara Kouskova,,,,,,,Female,,,,,,,,,,,,,,,,
337055,A Alayed,,,,,,,Female,,,,,,,,,,,,,,,,
337056,Dario Ivanovski,,,,,,,Male,,,,,,,,,,,,,,,,
337057,Hamdy Mohamed,,,,,,,Male,,,,,,,,,,,,,,,,
337059,Layla Almasri,,,,,,,Female,,,,,,,,,,,,,,,,
337060,Shehata Mohamed,,,,,,,Male,,,,,,,,,,,,,,,,
337062,Jessica Roberts,,,,,,,Female,,,,,,,,,,,,,,,,
337063,Tarek Mohamed,,,,,,,Male,,,,,,,,,,,,,,,,
337064,Vincent Lau,,,,,,,Male,,,,,,,,,,,,,,,,
337065,Wing Lee,,,,,,,Female,,,,,,,,,,,,,,,,
337066,Adam Stodolski,,,,,,,Male,,,,,,,,,,,,,,,,
337068,Bence Pongracz,,,,,,,Male,,,,,,,,,,,,,,,,
337069,Angelika Szymanska,,,,,,,Female,,,,,,,,,,,,,,,,
337070,Yin Cheng,,,,,,,Male,,,,,,,,,,,,,,,,
337071,Ching Ma,,,,,,,Female,,,,,,,,,,,,,,,,
337072,James Brown,,,,,,,Male,,,,,,,,,,,,,,,,
337073,Andy Criere,,,,,,,Male,,,,,,,,,,,,,,,,
337074,Nadia Erostarbe,,,,,,,Female,,,,,,,,,,,,,,,,
337075,Janire Gonzalez,,,,,,,Female,,,,,,,,,,,,,,,,
337076,Saber Mahmoud,,,,,,,Male,,,,,,,,,,,,,,,,
337077,Long Ng,,,,,,,Male,,,,,,,,,,,,,,,,
337078,Andrea Rodriguez,,,,,,,Female,,,,,,,,,,,,,,,,
337079,Jordan Reid,,,,,,,Female,,,,,,,,,,,,,,,,
337081,Erin King,,,,,,,Female,,,,,,,,,,,,,,,,
337082,Saad Mostafa,,,,,,,Male,,,,,,,,,,,,,,,,
337083,Beata Pacut-kloczko,,,,,,,Female,,,,,,,,,,,,,,,,
337084,Mariama Koroma,,,,,,,Female,,,,,,,,,,,,,,,,
337085,Victor Ntweng,,,,,,,Male,,,,,,,,,,,,,,,,
337086,Marton Fucsovics,,,,,,,Male,,,,,,,,,,,,,,,,
337090,Guilherme Teodoro,,,,,,,Male,,,,,,,,,,,,,,,,
337092,Agustin Covarrubias,,,,,,,Male,,,,,,,,,,,,,,,,
337093,Fabian Marozsan,,,,,,,Male,,,,,,,,,,,,,,,,
337094,Misato Philaphandeth,,,,,,,Female,,,,,,,,,,,,,,,,
337095,Santi Aldama,,,,,,,Male,,,,,,,,,,,,,,,,
337096,Gracia Alonso,,,,,,,Female,,,,,,,,,,,,,,,,
337097,Dario Brizuela,,,,,,,Male,,,,,,,,,,,,,,,,
337098,Lorenzo Brown,,,,,,,Male,,,,,,,,,,,,,,,,
337099,Juana Camilion,,,,,,,Female,,,,,,,,,,,,,,,,
337101,Alberto Diaz,,,,,,,Male,,,,,,,,,,,,,,,,
337104,Vega Gimeno,,,,,,,Female,,,,,,,,,,,,,,,,
337105,Paula Ginzo,,,,,,,Female,,,,,,,,,,,,,,,,
337106,Megan Gustafson,,,,,,,Female,,,,,,,,,,,,,,,,
337109,Mariona Ortiz,,,,,,,Female,,,,,,,,,,,,,,,,
337111,Jaime Pradilla,,,,,,,Male,,,,,,,,,,,,,,,,
337112,Andrea Vilaro,,,,,,,Female,,,,,,,,,,,,,,,,
337113,Sandra Ygueravide,,,,,,,Female,,,,,,,,,,,,,,,,
337114,Georgiana Sesay,,,,,,,Female,,,,,,,,,,,,,,,,
337115,Benard Kibet,,,,,,,Male,,,,,,,,,,,,,,,,
337116,Luiza Sliachticas,,,,,,,Female,,,,,,,,,,,,,,,,
337118,Adam Dong,,,,,,,Male,,,,,,,,,,,,,,,,
337119,Brian Yang,,,,,,,Male,,,,,,,,,,,,,,,,
337120,Wizard Phil,,,,,,,Male,,,,,,,,,,,,,,,,
337122,Kate Miller,,,,,,,Female,,,,,,,,,,,,,,,,
337123,Margo Erlam,,,,,,,Female,,,,,,,,,,,,,,,,
337124,McKAY Caeli,,,,,,,Female,,,,,,,,,,,,,,,,
337126,Lilian Odira,,,,,,,Female,,,,,,,,,,,,,,,,
337127,Nacho Baltasar,,,,,,,Male,,,,,,,,,,,,,,,,
337129,Andres Barrio,,,,,,,Male,,,,,,,,,,,,,,,,
337131,Diego Botin,,,,,,,Male,,,,,,,,,,,,,,,,
337132,Nora Brugman,,,,,,,Female,,,,,,,,,,,,,,,,
337133,Pilar Lamadrid,,,,,,,Female,,,,,,,,,,,,,,,,
337134,Ana Moncada,,,,,,,Female,,,,,,,,,,,,,,,,
337135,Gisela Pulido,,,,,,,Female,,,,,,,,,,,,,,,,
337136,Franchina Martinez,,,,,,,Female,,,,,,,,,,,,,,,,
337137,Jehlani Gordon,,,,,,,Male,,,,,,,,,,,,,,,,
337138,Reheem Hayles,,,,,,,Male,,,,,,,,,,,,,,,,
337139,Sebastian Bermudez,,,,,,,Male,,,,,,,,,,,,,,,,
337141,Asher Hong,,,,,,,Male,,,,,,,,,,,,,,,,
337142,Frederick Richard,,,,,,,Male,,,,,,,,,,,,,,,,
337143,Hezly Rivera,,,,,,,Female,,,,,,,,,,,,,,,,
337145,Jessica Stevens,,,,,,,Female,,,,,,,,,,,,,,,,
337148,Paul Juda,,,,,,,Male,,,,,,,,,,,,,,,,
337150,Stephen Nedoroscik,,,,,,,Male,,,,,,,,,,,,,,,,
337152,Teresa Abelleira,,,,,,,Female,,,,,,,,,,,,,,,,
337153,Laia Aleixandri,,,,,,,Female,,,,,,,,,,,,,,,,
337154,Ona Batlle,,,,,,,Female,,,,,,,,,,,,,,,,
337155,Aitana Bonmati,,,,,,,Female,,,,,,,,,,,,,,,,
337156,Mariona Caldentey,,,,,,,Female,,,,,,,,,,,,,,,,
337157,Olga Carmona,,,,,,,Female,,,,,,,,,,,,,,,,
337158,Laia Codina,,,,,,,Female,,,,,,,,,,,,,,,,
337159,Cata Coll,,,,,,,Female,,,,,,,,,,,,,,,,
337160,del Athenea,,,,,,,Female,,,,,,,,,,,,,,,,
337161,Lucia Garcia,,,,,,,Female,,,,,,,,,,,,,,,,
337162,Patri Guijarro,,,,,,,Female,,,,,,,,,,,,,,,,
337163,Jennifer Hermoso,,,,,,,Female,,,,,,,,,,,,,,,,
337164,Oihane Hernandez,,,,,,,Female,,,,,,,,,,,,,,,,
337165,Elene Lete,,,,,,,Female,,,,,,,,,,,,,,,,
337166,Vicky Lopez,,,,,,,Female,,,,,,,,,,,,,,,,
337167,Maria Mendez,,,,,,,Female,,,,,,,,,,,,,,,,
337168,Eva Navarro,,,,,,,Female,,,,,,,,,,,,,,,,
337169,Salma Paralluelo,,,,,,,Female,,,,,,,,,,,,,,,,
337170,Irene Paredes,,,,,,,Female,,,,,,,,,,,,,,,,
337171,Alexia Putellas,,,,,,,Female,,,,,,,,,,,,,,,,
337172,Alba Redondo,,,,,,,Female,,,,,,,,,,,,,,,,
337173,Misa Rodriguez,,,,,,,Female,,,,,,,,,,,,,,,,
337174,Abdihamid Nur,,,,,,,Male,,,,,,,,,,,,,,,,
337176,Nikki Hiltz,,,,,,,Female,,,,,,,,,,,,,,,,
337177,Emily Mackay,,,,,,,Female,,,,,,,,,,,,,,,,
337178,Elle St.,,,,,,,Female,,,,,,,,,,,,,,,,
337179,Freddie Crittenden,,,,,,,Male,,,,,,,,,,,,,,,,
337180,Heath Baldwin,,,,,,,Male,,,,,,,,,,,,,,,,
337182,Masai Russell,,,,,,,Female,,,,,,,,,,,,,,,,
337184,Quincy Hall,,,,,,,Male,,,,,,,,,,,,,,,,
337186,Shamier Little,,,,,,,Female,,,,,,,,,,,,,,,,
337187,Sha'carri Richardson,,,,,,,Female,,,,,,,,,,,,,,,,
337189,Roberto Montano,,,,,,,Male,,,,,,,,,,,,,,,,
337190,Rosangela Reasco,,,,,,,Female,,,,,,,,,,,,,,,,
337191,Yamileth Yepez,,,,,,,Female,,,,,,,,,,,,,,,,
337192,Boipelo Awuah,,,,,,,Female,,,,,,,,,,,,,,,,
337194,Amal Al,,,,,,,Female,,,,,,,,,,,,,,,,
337195,Emily Bugeja,,,,,,,Female,,,,,,,,,,,,,,,,
337196,Antonia Lewin-lafrance,,,,,,,Female,,,,,,,,,,,,,,,,
337197,Justin Barnes,,,,,,,Male,,,,,,,,,,,,,,,,
337198,Georgia Lewin-lafrance,,,,,,,Female,,,,,,,,,,,,,,,,
337199,Sarah Douglas,,,,,,,Female,,,,,,,,,,,,,,,,
337200,Yaqoub Alyouha,,,,,,,Male,,,,,,,,,,,,,,,,
337201,Michele Esercitato,,,,,,,Male,,,,,,,,,,,,,,,,
337202,Tye Ikeda,,,,,,,Male,,,,,,,,,,,,,,,,
337203,Shannon Westlake,,,,,,,Female,,,,,,,,,,,,,,,,
337204,Ameena Shah,,,,,,,Female,,,,,,,,,,,,,,,,
337205,Zaineb Sghaier,,,,,,,Female,,,,,,,,,,,,,,,,
337207,Brittany Brown,,,,,,,Female,,,,,,,,,,,,,,,,
337209,Christopher Bailey,,,,,,,Male,,,,,,,,,,,,,,,,
337210,Cj Allen,,,,,,,Male,,,,,,,,,,,,,,,,
337211,Dakotah Lindwurm,,,,,,,Female,,,,,,,,,,,,,,,,
337214,Kaylyn Brown,,,,,,,Female,,,,,,,,,,,,,,,,
337215,Graham Blanks,,,,,,,Male,,,,,,,,,,,,,,,,
337217,Malcolm Clemons,,,,,,,Male,,,,,,,,,,,,,,,,
337218,Matthew Boling,,,,,,,Male,,,,,,,,,,,,,,,,
337219,Nia Akins,,,,,,,Female,,,,,,,,,,,,,,,,
337221,Taliyah Brooks,,,,,,,Female,,,,,,,,,,,,,,,,
337222,Tamari Davis,,,,,,,Female,,,,,,,,,,,,,,,,
337223,Trevor Bassitt,,,,,,,Male,,,,,,,,,,,,,,,,
337225,Georgia Furquim,,,,,,,Female,,,,,,,,,,,,,,,,
337226,Geovana Meyer,,,,,,,Female,,,,,,,,,,,,,,,,
337227,Philipe Chateaubrian,,,,,,,Male,,,,,,,,,,,,,,,,
337228,Fancy Bermudez,,,,,,,Female,,,,,,,,,,,,,,,,
337229,Alysha Corrigan,,,,,,,Female,,,,,,,,,,,,,,,,
337230,Caroline Crossley,,,,,,,Female,,,,,,,,,,,,,,,,
337231,Chloe Daniels,,,,,,,Female,,,,,,,,,,,,,,,,
337232,Asia Hogan-rochester,,,,,,,Female,,,,,,,,,,,,,,,,
337233,Piper Logan,,,,,,,Female,,,,,,,,,,,,,,,,
337234,Carissa Norsten,,,,,,,Female,,,,,,,,,,,,,,,,
337235,Taylor Perry,,,,,,,Female,,,,,,,,,,,,,,,,
337236,Krissy Scurfield,,,,,,,Female,,,,,,,,,,,,,,,,
337237,Florence Symonds,,,,,,,Female,,,,,,,,,,,,,,,,
337238,Shalaya Valenzuela,,,,,,,Female,,,,,,,,,,,,,,,,
337239,Keyara Wardley,,,,,,,Female,,,,,,,,,,,,,,,,
337241,Djenyfer Arnold,,,,,,,Female,,,,,,,,,,,,,,,,
337242,Miguel Hidalgo,,,,,,,Male,,,,,,,,,,,,,,,,
337243,Nneka Echikunwoke,,,,,,,Female,,,,,,,,,,,,,,,,
337245,Anna Hall,,,,,,,Female,,,,,,,,,,,,,,,,
337246,Alexis Holmes,,,,,,,Female,,,,,,,,,,,,,,,,
337247,Alaysha Johnson,,,,,,,Female,,,,,,,,,,,,,,,,
337248,Hobbs Kessler,,,,,,,Male,,,,,,,,,,,,,,,,
337249,Chase Jackson,,,,,,,Female,,,,,,,,,,,,,,,,
337250,Chari Hawkins,,,,,,,Female,,,,,,,,,,,,,,,,
337252,Jameesia Ford,,,,,,,Female,,,,,,,,,,,,,,,,
337254,Marisa Howard,,,,,,,Female,,,,,,,,,,,,,,,,
337255,Melissa Jefferson,,,,,,,Female,,,,,,,,,,,,,,,,
337256,Bruno Lobo,,,,,,,Male,,,,,,,,,,,,,,,,
337258,Veronica Fraley,,,,,,,Female,,,,,,,,,,,,,,,,
337259,Gabriella Kidd,,,,,,,Female,,,,,,,,,,,,,,,,
337260,Weini Kelati,,,,,,,Female,,,,,,,,,,,,,,,,
337261,Gabriel Simoes,,,,,,,Male,,,,,,,,,,,,,,,,
337262,Henrique Duarte,,,,,,,Male,,,,,,,,,,,,,,,,
337264,Joao Siemsen,,,,,,,Male,,,,,,,,,,,,,,,,
337266,Marina Mariutti,,,,,,,Female,,,,,,,,,,,,,,,,
337267,Martine Soffiatti,,,,,,,Female,,,,,,,,,,,,,,,,
337268,Marco Soffiatti,,,,,,,Male,,,,,,,,,,,,,,,,
337269,Mateus Isaac,,,,,,,Male,,,,,,,,,,,,,,,,
337271,Edward Ly,,,,,,,Male,,,,,,,,,,,,,,,,
337274,Ryan Decenzo,,,,,,,Male,,,,,,,,,,,,,,,,
337275,Fay Ebert,,,,,,,Female,,,,,,,,,,,,,,,,
337276,Cordano Russell,,,,,,,Male,,,,,,,,,,,,,,,,
337277,Bouha Ahamdy,,,,,,,Female,,,,,,,,,,,,,,,,
337278,Tatiana Gusin,,,,,,,Female,,,,,,,,,,,,,,,,
337279,Michail Anastasakis,,,,,,,Male,,,,,,,,,,,,,,,,
337280,Panagiota Dosi,,,,,,,Female,,,,,,,,,,,,,,,,
337281,Polyniki Emmanouilidou,,,,,,,Female,,,,,,,,,,,,,,,,
337285,Elina Tzengko,,,,,,,Female,,,,,,,,,,,,,,,,
337286,Giannis Antetokounmpo,,,,,,,Male,,,,,,,,,,,,,,,,
337287,Nick Calathes,,,,,,,Male,,,,,,,,,,,,,,,,
337288,Vasilis Charalampopoulos,,,,,,,Male,,,,,,,,,,,,,,,,
337289,Panagiotis Kalaitzakis,,,,,,,Male,,,,,,,,,,,,,,,,
337290,Giannoulis Larentzakis,,,,,,,Male,,,,,,,,,,,,,,,,
337291,Dinos Mitoglou,,,,,,,Male,,,,,,,,,,,,,,,,
337292,Dimitris Moraitis,,,,,,,Male,,,,,,,,,,,,,,,,
337293,Georgios Papagiannis,,,,,,,Male,,,,,,,,,,,,,,,,
337294,Kostas Papanikolaou,,,,,,,Male,,,,,,,,,,,,,,,,
337295,Vasilis Toliopoulos,,,,,,,Male,,,,,,,,,,,,,,,,
337296,Georgios Bouglas,,,,,,,Male,,,,,,,,,,,,,,,,
337297,Ioli Mytilineou,,,,,,,Female,,,,,,,,,,,,,,,,
337298,Theodora Gkountoura,,,,,,,Female,,,,,,,,,,,,,,,,
337300,Theodoros Tselidis,,,,,,,Male,,,,,,,,,,,,,,,,
337301,Alexandros Maramenidis,,,,,,,Male,,,,,,,,,,,,,,,,
337302,Paraskevi Spanaki,,,,,,,Female,,,,,,,,,,,,,,,,
337303,Emmanouil Spanakis,,,,,,,Male,,,,,,,,,,,,,,,,
337305,Christina Moschi,,,,,,,Female,,,,,,,,,,,,,,,,
337306,Emmanouela Katzouraki,,,,,,,Female,,,,,,,,,,,,,,,,
337308,Charalambos Chalkiadakis,,,,,,,Male,,,,,,,,,,,,,,,,
337310,Miyu Yamashita,,,,,,,Female,,,,,,,,,,,,,,,,
337311,Yuka Saso,,,,,,,Female,,,,,,,,,,,,,,,,
337312,Keita Nakajima,,,,,,,Male,,,,,,,,,,,,,,,,
337313,Mory Keita,,,,,,,Male,,,,,,,,,,,,,,,,
337314,Mohamed Soumah,,,,,,,Male,,,,,,,,,,,,,,,,
337315,Madiou Keita,,,,,,,Male,,,,,,,,,,,,,,,,
337316,Naby Oulare,,,,,,,Male,,,,,,,,,,,,,,,,
337317,Cherif Camara,,,,,,,Male,,,,,,,,,,,,,,,,
337318,Tidiany Bangoura,,,,,,,Male,,,,,,,,,,,,,,,,
337319,Naby Keita,,,,,,,Male,,,,,,,,,,,,,,,,
337320,Abdoulaye Toure,,,,,,,Male,,,,,,,,,,,,,,,,
337321,Moriba Ilaix,,,,,,,Male,,,,,,,,,,,,,,,,
337322,Algassime Bah,,,,,,,Male,,,,,,,,,,,,,,,,
337323,Chun Chiu,,,,,,,Male,,,,,,,,,,,,,,,,
337324,Zheng Yan,,,,,,,Female,,,,,,,,,,,,,,,,
337325,Qibin Huang,,,,,,,Male,,,,,,,,,,,,,,,,
337326,Jingyue Chen,,,,,,,Female,,,,,,,,,,,,,,,,
337327,Zangjun Xu,,,,,,,Male,,,,,,,,,,,,,,,,
337328,Zaiding Wen,,,,,,,Male,,,,,,,,,,,,,,,,
337329,Tian Liu,,,,,,,Male,,,,,,,,,,,,,,,,
337330,Xiaoyu Hu,,,,,,,Female,,,,,,,,,,,,,,,,
337331,Mengyuan Shan,,,,,,,Female,,,,,,,,,,,,,,,,
337332,Min Gu,,,,,,,Female,,,,,,,,,,,,,,,,
337333,Huicong Mai,,,,,,,Male,,,,,,,,,,,,,,,,
337334,Linlin Chen,,,,,,,Female,,,,,,,,,,,,,,,,
337335,Jingye Huang,,,,,,,Male,,,,,,,,,,,,,,,,
337336,Don Opeloge,,,,,,,Male,,,,,,,,,,,,,,,,
337337,Williams Aylsworth,,,,,,,Male,,,,,,,,,,,,,,,,
337338,Luke Sakai,,,,,,,Male,,,,,,,,,,,,,,,,
337339,Nicholas Halliday,,,,,,,Male,,,,,,,,,,,,,,,,
337340,Iuniarra Sipaia,,,,,,,Female,,,,,,,,,,,,,,,,
337341,Tui Leilua,,,,,,,Male,,,,,,,,,,,,,,,,
337342,Astrid Ripley,,,,,,,Female,,,,,,,,,,,,,,,,
337343,Jianlin Lyu,,,,,,,Male,,,,,,,,,,,,,,,,
337344,Ato Plodzicki-,,,,,,,Male,,,,,,,,,,,,,,,,
337345,Jhonatan Narvaez,,,,,,,Male,,,,,,,,,,,,,,,,
337346,de Antoine,,,,,,,Male,,,,,,,,,,,,,,,,
337347,Janakabhorn Karunayadhaj,,,,,,,Female,,,,,,,,,,,,,,,,
337348,Lee Wong,,,,,,,Female,,,,,,,,,,,,,,,,
337349,Osher Davida,,,,,,,Male,,,,,,,,,,,,,,,,
337350,Ting Wong,,,,,,,Male,,,,,,,,,,,,,,,,
337351,Kem Doo,,,,,,,Female,,,,,,,,,,,,,,,,
337352,Ching Lee,,,,,,,Female,,,,,,,,,,,,,,,,
337353,Chengzhu Zhu,,,,,,,Female,,,,,,,,,,,,,,,,
337354,Yousuf Almatrooshi,,,,,,,Male,,,,,,,,,,,,,,,,
337355,Abdelrahman Abdelgawwad,,,,,,,Male,,,,,,,,,,,,,,,,
337356,Fung Lo,,,,,,,Male,,,,,,,,,,,,,,,,
337357,Edi Sherifovski,,,,,,,Male,,,,,,,,,,,,,,,,
337358,Valentin Houinato,,,,,,,Male,,,,,,,,,,,,,,,,
337359,Omar Elawady,,,,,,,Male,,,,,,,,,,,,,,,,
337363,Tatjana Smith,,,,,,,Female,,,,,,,,,,,,,,,,
337365,Antonie Galuskova,,,,,,,Female,,,,,,,,,,,,,,,,
337367,Gabriela Satkova,,,,,,,Female,,,,,,,,,,,,,,,,
337368,Amina Belkadi,,,,,,,Female,,,,,,,,,,,,,,,,
337369,Oumy Diop,,,,,,,Female,,,,,,,,,,,,,,,,
337370,Yomna Ayyad,,,,,,,Female,,,,,,,,,,,,,,,,
337371,Marie-sara Stochlova,,,,,,,Female,,,,,,,,,,,,,,,,
337372,Redouane Dris,,,,,,,Male,,,,,,,,,,,,,,,,
337373,Nathan Timoney,,,,,,,Male,,,,,,,,,,,,,,,,
337374,Darko Pesic,,,,,,,Male,,,,,,,,,,,,,,,,
337375,Mehdi Lili,,,,,,,Male,,,,,,,,,,,,,,,,
337377,Yacine Hamza,,,,,,,Male,,,,,,,,,,,,,,,,
337378,Long Cheung,,,,,,,Male,,,,,,,,,,,,,,,,
337379,Hang Ho,,,,,,,Male,,,,,,,,,,,,,,,,
337381,Nesrine Houili,,,,,,,Female,,,,,,,,,,,,,,,,
337383,Dina Ulyanova,,,,,,,Female,,,,,,,,,,,,,,,,
337384,Alexandra Mollenhauer,,,,,,,Female,,,,,,,,,,,,,,,,
337385,Marcedes Walker,,,,,,,Female,,,,,,,,,,,,,,,,
337386,Tiffany Hayes,,,,,,,Female,,,,,,,,,,,,,,,,
337387,Anastasija Mojsovska,,,,,,,Female,,,,,,,,,,,,,,,,
337388,Djamel Sedjati,,,,,,,Male,,,,,,,,,,,,,,,,
337389,Phili Milanov,,,,,,,Male,,,,,,,,,,,,,,,,
337390,Slimane Moula,,,,,,,Male,,,,,,,,,,,,,,,,
337391,Mohammed Triki,,,,,,,Male,,,,,,,,,,,,,,,,
337392,Amine Bouanani,,,,,,,Male,,,,,,,,,,,,,,,,
337393,Mehdi Bouloussa,,,,,,,Male,,,,,,,,,,,,,,,,
337394,Tatsuya Murasa,,,,,,,Male,,,,,,,,,,,,,,,,
337395,Taku Taniguchi,,,,,,,Male,,,,,,,,,,,,,,,,
337396,Mizuki Hirai,,,,,,,Female,,,,,,,,,,,,,,,,
337397,Tomoyuki Matsushita,,,,,,,Male,,,,,,,,,,,,,,,,
337398,Riku Matsuyama,,,,,,,Male,,,,,,,,,,,,,,,,
337399,Shiho Matsumoto,,,,,,,Female,,,,,,,,,,,,,,,,
337400,Zahra Tatar,,,,,,,Female,,,,,,,,,,,,,,,,
337402,Arnold Kisoka,,,,,,,Male,,,,,,,,,,,,,,,,
337403,Sarah Baum,,,,,,,Female,,,,,,,,,,,,,,,,
337404,Jordy Smith,,,,,,,Male,,,,,,,,,,,,,,,,
337405,McGILLIVRAY Matthew,,,,,,,Male,,,,,,,,,,,,,,,,
337406,Oussama Khennoussi,,,,,,,Male,,,,,,,,,,,,,,,,
337407,Lynda Loghraibi,,,,,,,Female,,,,,,,,,,,,,,,,
337408,Ali Gouaned,,,,,,,Male,,,,,,,,,,,,,,,,
337409,Harry Stacey,,,,,,,Male,,,,,,,,,,,,,,,,
337411,Lassine Soumaoro,,,,,,,Male,,,,,,,,,,,,,,,,
337412,Georgios Kougioumtsidis,,,,,,,Male,,,,,,,,,,,,,,,,
337413,Dauren Kurugliev,,,,,,,Male,,,,,,,,,,,,,,,,
337415,Handal Roban,,,,,,,Male,,,,,,,,,,,,,,,,
337417,Jaouad Syoud,,,,,,,Male,,,,,,,,,,,,,,,,
337418,Joselle Mensah,,,,,,,Female,,,,,,,,,,,,,,,,
337419,Todor Mihalev,,,,,,,Male,,,,,,,,,,,,,,,,
337420,Adriana Romero,,,,,,,Female,,,,,,,,,,,,,,,,
337421,Francine Niyomukunzi,,,,,,,Female,,,,,,,,,,,,,,,,
337422,Celestin Ndikumana,,,,,,,Male,,,,,,,,,,,,,,,,
337423,Adriano Fernandes,,,,,,,Male,,,,,,,,,,,,,,,,
337424,Arthur Diego,,,,,,,Male,,,,,,,,,,,,,,,,
337425,Patricia Silva,,,,,,,Female,,,,,,,,,,,,,,,,
337426,da Carolina,,,,,,,Female,,,,,,,,,,,,,,,,
337427,Cris Menezes,,,,,,,Female,,,,,,,,,,,,,,,,
337428,Andre Loyola,,,,,,,Male,,,,,,,,,,,,,,,,
337429,Barbara Seixas,,,,,,,Female,,,,,,,,,,,,,,,,
337430,Mossa Rezende,,,,,,,Male,,,,,,,,,,,,,,,,
337431,Carolina Solberg,,,,,,,Female,,,,,,,,,,,,,,,,
337432,Diana Duarte,,,,,,,Female,,,,,,,,,,,,,,,,
337433,Darlan Ferreira,,,,,,,Male,,,,,,,,,,,,,,,,
337434,Evandro Goncalves,,,,,,,Male,,,,,,,,,,,,,,,,
337435,Eduarda Santos,,,,,,,Female,,,,,,,,,,,,,,,,
337436,Flavio Resende,,,,,,,Male,,,,,,,,,,,,,,,,
337437,Fernando Gil,,,,,,,Male,,,,,,,,,,,,,,,,
337438,Gabriela Braga,,,,,,,Female,,,,,,,,,,,,,,,,
337439,George Souto,,,,,,,Male,,,,,,,,,,,,,,,,
337440,Nobrega Honorato,,,,,,,Male,,,,,,,,,,,,,,,,
337441,Isac Santos,,,,,,,Male,,,,,,,,,,,,,,,,
337442,Isabelle Bergmann,,,,,,,Female,,,,,,,,,,,,,,,,
337443,Felipe Bergmann,,,,,,,Male,,,,,,,,,,,,,,,,
337445,Lorenne Geraldo,,,,,,,Female,,,,,,,,,,,,,,,,
337447,Natalia Araujo,,,,,,,Female,,,,,,,,,,,,,,,,
337448,Victor Alexandre,,,,,,,Female,,,,,,,,,,,,,,,,
337449,Silva Ratzke,,,,,,,Female,,,,,,,,,,,,,,,,
337451,Thaisa Daher,,,,,,,Female,,,,,,,,,,,,,,,,
337452,Tainara Lemes,,,,,,,Female,,,,,,,,,,,,,,,,
337453,Nesrine Medjahed,,,,,,,Female,,,,,,,,,,,,,,,,
337454,Nikola Gjuretanovikj,,,,,,,Male,,,,,,,,,,,,,,,,
337455,Bineta Diongue,,,,,,,Female,,,,,,,,,,,,,,,,
337456,Tatsiana Klimovich,,,,,,,Female,,,,,,,,,,,,,,,,
337457,Johanita Scholtz,,,,,,,Female,,,,,,,,,,,,,,,,
337458,Laurent Lavigne,,,,,,,Male,,,,,,,,,,,,,,,,
337460,Sophia Jensen,,,,,,,Female,,,,,,,,,,,,,,,,
337462,Nicholas Matveev,,,,,,,Male,,,,,,,,,,,,,,,,
337464,Courtney Stott,,,,,,,Female,,,,,,,,,,,,,,,,
337465,Toshka Besharah-hrebacka,,,,,,,Female,,,,,,,,,,,,,,,,
337467,Natalie Davison,,,,,,,Female,,,,,,,,,,,,,,,,
337468,Riley Melanson,,,,,,,Female,,,,,,,,,,,,,,,,
337469,Sloan Mackenzie,,,,,,,Female,,,,,,,,,,,,,,,,
337470,Viren Nettasinghe,,,,,,,Male,,,,,,,,,,,,,,,,
337471,Amre Hamcho,,,,,,,Male,,,,,,,,,,,,,,,,
337472,Koceila Adoul,,,,,,,Male,,,,,,,,,,,,,,,,
337473,Weronika Zielinska,,,,,,,Female,,,,,,,,,,,,,,,,
337474,Giullia Penalber,,,,,,,Female,,,,,,,,,,,,,,,,
337475,Samir Bouchireb,,,,,,,Male,,,,,,,,,,,,,,,,
337476,Harry Saner,,,,,,,Male,,,,,,,,,,,,,,,,
337477,Benjamin Azamati,,,,,,,Male,,,,,,,,,,,,,,,,
337478,Amoanimaa Yeboah,,,,,,,Female,,,,,,,,,,,,,,,,
337479,Raisa Schoon,,,,,,,Female,,,,,,,,,,,,,,,,
337480,Matthew Immers,,,,,,,Male,,,,,,,,,,,,,,,,
337481,van Steven,,,,,,,Male,,,,,,,,,,,,,,,,
337482,Stefan Boermans,,,,,,,Male,,,,,,,,,,,,,,,,
337483,de Yorick,,,,,,,Male,,,,,,,,,,,,,,,,
337484,Wioleta Myszor,,,,,,,Female,,,,,,,,,,,,,,,,
337485,McRAE Khaleb,,,,,,,Male,,,,,,,,,,,,,,,,
337486,Monae' Nichols,,,,,,,Female,,,,,,,,,,,,,,,,
337487,Stephanie Botha,,,,,,,Female,,,,,,,,,,,,,,,,
337488,Taheera Augousti,,,,,,,Female,,,,,,,,,,,,,,,,
337489,Quanita Bobbs,,,,,,,Female,,,,,,,,,,,,,,,,
337491,Erin Christie,,,,,,,Female,,,,,,,,,,,,,,,,
337492,de Kayla,,,,,,,Female,,,,,,,,,,,,,,,,
337493,Paris-gail Isaacs,,,,,,,Female,,,,,,,,,,,,,,,,
337494,Marie Louw,,,,,,,Female,,,,,,,,,,,,,,,,
337495,Ongeziwe Mali,,,,,,,Female,,,,,,,,,,,,,,,,
337496,Ntsopa Mokoena,,,,,,,Female,,,,,,,,,,,,,,,,
337497,Kristen Paton,,,,,,,Female,,,,,,,,,,,,,,,,
337498,Hannah Pearce,,,,,,,Female,,,,,,,,,,,,,,,,
337499,Kayla Swarts,,,,,,,Female,,,,,,,,,,,,,,,,
337500,Anelle Lloyd,,,,,,,Female,,,,,,,,,,,,,,,,
337501,Brandon Miller,,,,,,,Male,,,,,,,,,,,,,,,,
337502,Courtney Lindsey,,,,,,,Male,,,,,,,,,,,,,,,,
337503,Conner Mantz,,,,,,,Male,,,,,,,,,,,,,,,,
337504,Christopher Nilsen,,,,,,,Male,,,,,,,,,,,,,,,,
337506,Erin Reese,,,,,,,Female,,,,,,,,,,,,,,,,
337507,Fiona O'keeffe,,,,,,,Female,,,,,,,,,,,,,,,,
337509,Kyree King,,,,,,,Male,,,,,,,,,,,,,,,,
337510,Katie Moon,,,,,,,Female,,,,,,,,,,,,,,,,
337513,Mckenzie Long,,,,,,,Female,,,,,,,,,,,,,,,,
337514,Maggie Malone-hardin,,,,,,,Female,,,,,,,,,,,,,,,,
337515,Russell Robinson,,,,,,,Male,,,,,,,,,,,,,,,,
337516,Salif Mane,,,,,,,Male,,,,,,,,,,,,,,,,
337517,McEWEN Shelby,,,,,,,Male,,,,,,,,,,,,,,,,
337518,McLAUGHLIN-LEVRONE Sydney,,,,,,,Female,,,,,,,,,,,,,,,,
337519,Whittni Morgan,,,,,,,Female,,,,,,,,,,,,,,,,
337520,Southa Dirkzwager,,,,,,,Female,,,,,,,,,,,,,,,,
337521,Jose Lorenzo,,,,,,,Male,,,,,,,,,,,,,,,,
337522,Esteban Benitez,,,,,,,Male,,,,,,,,,,,,,,,,
337523,Borja Carrascosa,,,,,,,Male,,,,,,,,,,,,,,,,
337524,Carlos Diaz,,,,,,,Male,,,,,,,,,,,,,,,,
337525,Ismael Garcia,,,,,,,Male,,,,,,,,,,,,,,,,
337526,INDIA,,,,,,,Female,,,,,,,,,,,,,,,,
337527,MENNO,,,,,,,Male,,,,,,,,,,,,,,,,
337528,LEE,,,,,,,Male,,,,,,,,,,,,,,,,
337529,Rachid Ghanimi,,,,,,,Male,,,,,,,,,,,,,,,,
337530,Chelsey Heijnen,,,,,,,Female,,,,,,,,,,,,,,,,
337531,van Jacob,,,,,,,Male,,,,,,,,,,,,,,,,
337533,Benthe Boonstra,,,,,,,Female,,,,,,,,,,,,,,,,
337535,Marloes Oldenburg,,,,,,,Female,,,,,,,,,,,,,,,,
337536,Dieuwke Fetter,,,,,,,Female,,,,,,,,,,,,,,,,
337537,Bente Paulis,,,,,,,Female,,,,,,,,,,,,,,,,
337538,Tinka Offereins,,,,,,,Female,,,,,,,,,,,,,,,,
337539,Hermijntje Drenth,,,,,,,Female,,,,,,,,,,,,,,,,
337540,Martine Veldhuis,,,,,,,Female,,,,,,,,,,,,,,,,
337541,de Roos,,,,,,,Female,,,,,,,,,,,,,,,,
337542,Tessa Dullemans,,,,,,,Female,,,,,,,,,,,,,,,,
337543,van Lennart,,,,,,,Male,,,,,,,,,,,,,,,,
337544,Mick Makker,,,,,,,Male,,,,,,,,,,,,,,,,
337545,van Gert-jan,,,,,,,Male,,,,,,,,,,,,,,,,
337546,Eli Brouwer,,,,,,,Male,,,,,,,,,,,,,,,,
337548,Olav Molenaar,,,,,,,Male,,,,,,,,,,,,,,,,
337549,Guus Mollee,,,,,,,Male,,,,,,,,,,,,,,,,
337551,Rik Rienks,,,,,,,Male,,,,,,,,,,,,,,,,
337552,Ralf Rienks,,,,,,,Male,,,,,,,,,,,,,,,,
337556,de Sander,,,,,,,Male,,,,,,,,,,,,,,,,
337557,Mehdi Boukamir,,,,,,,Male,,,,,,,,,,,,,,,,
337558,Bibeichi Bylon,,,,,,,Female,,,,,,,,,,,,,,,,
337559,Franklin Archibold,,,,,,,Male,,,,,,,,,,,,,,,,
337560,Hillary Heron,,,,,,,Female,,,,,,,,,,,,,,,,
337562,Geiner Moreno,,,,,,,Male,,,,,,,,,,,,,,,,
337563,Paul Amoah,,,,,,,Male,,,,,,,,,,,,,,,,
337564,Mateo Romero,,,,,,,Male,,,,,,,,,,,,,,,,
337565,Zakaria El,,,,,,,Male,,,,,,,,,,,,,,,,
337566,Courtney Wayment,,,,,,,Female,,,,,,,,,,,,,,,,
337567,Allie Wilson,,,,,,,Female,,,,,,,,,,,,,,,,
337568,Bridget Williams,,,,,,,Female,,,,,,,,,,,,,,,,
337569,Clayton Young,,,,,,,Male,,,,,,,,,,,,,,,,
337571,Gabrielle Thomas,,,,,,,Female,,,,,,,,,,,,,,,,
337572,Harrison Williams,,,,,,,Male,,,,,,,,,,,,,,,,
337573,Jaida Ross,,,,,,,Female,,,,,,,,,,,,,,,,
337574,Jayden Ulrich,,,,,,,Female,,,,,,,,,,,,,,,,
337575,Juliette Whittaker,,,,,,,Female,,,,,,,,,,,,,,,,
337576,Jacob Wooten,,,,,,,Male,,,,,,,,,,,,,,,,
337577,Kenneth Rooks,,,,,,,Male,,,,,,,,,,,,,,,,
337578,Kendal Williams,,,,,,,Male,,,,,,,,,,,,,,,,
337579,Matthew Wilkinson,,,,,,,Male,,,,,,,,,,,,,,,,
337582,Twanisha Terry,,,,,,,Female,,,,,,,,,,,,,,,,
337583,Vernon Turner,,,,,,,Male,,,,,,,,,,,,,,,,
337585,Benjamin Bouchouari,,,,,,,Male,,,,,,,,,,,,,,,,
337586,Pedro Rogery,,,,,,,Male,,,,,,,,,,,,,,,,
337587,Ilias Akhomach,,,,,,,Male,,,,,,,,,,,,,,,,
337588,Hei Diu,,,,,,,Male,,,,,,,,,,,,,,,,
337589,Sunday Dech,,,,,,,Male,,,,,,,,,,,,,,,,
337590,Edmilson Pedro,,,,,,,Male,,,,,,,,,,,,,,,,
337591,Majok Deng,,,,,,,Male,,,,,,,,,,,,,,,,
337592,Wenyen Gabriel,,,,,,,Male,,,,,,,,,,,,,,,,
337593,Lasconi Mulamba,,,,,,,Male,,,,,,,,,,,,,,,,
337594,Akoko Komlanvi,,,,,,,Female,,,,,,,,,,,,,,,,
337595,Samalulu Clifton,,,,,,,Female,,,,,,,,,,,,,,,,
337596,Lois Betteridge,,,,,,,Female,,,,,,,,,,,,,,,,
337597,Alex Baldoni,,,,,,,Male,,,,,,,,,,,,,,,,
337598,Jose Campo,,,,,,,Male,,,,,,,,,,,,,,,,
337599,Gaku Akazawa,,,,,,,Male,,,,,,,,,,,,,,,,
337600,Jordano Daou,,,,,,,Male,,,,,,,,,,,,,,,,
337601,Johann Stickland,,,,,,,Male,,,,,,,,,,,,,,,,
337602,Aristote Ndombe,,,,,,,Male,,,,,,,,,,,,,,,,
337603,M Henderson,,,,,,,Female,,,,,,,,,,,,,,,,
337605,Nick Taylor,,,,,,,Male,,,,,,,,,,,,,,,,
337606,Kaiya Brown,,,,,,,Female,,,,,,,,,,,,,,,,
337607,Agnes Gaitou,,,,,,,Female,,,,,,,,,,,,,,,,
337608,Josipa Kafadar,,,,,,,Female,,,,,,,,,,,,,,,,
337609,Tiago Muxanga,,,,,,,Male,,,,,,,,,,,,,,,,
337610,Yassine Kechta,,,,,,,Male,,,,,,,,,,,,,,,,
337611,Khaleel Al-zinkee,,,,,,,Male,,,,,,,,,,,,,,,,
337612,Carlik Jones,,,,,,,Male,,,,,,,,,,,,,,,,
337613,Amir Richardson,,,,,,,Male,,,,,,,,,,,,,,,,
337614,Peter Jok,,,,,,,Male,,,,,,,,,,,,,,,,
337615,Bilal El,,,,,,,Male,,,,,,,,,,,,,,,,
337616,Abde Ezzalzouli,,,,,,,Male,,,,,,,,,,,,,,,,
337617,Oussama El,,,,,,,Male,,,,,,,,,,,,,,,,
337619,Dylan Bibic,,,,,,,Male,,,,,,,,,,,,,,,,
337620,Carson Mattern,,,,,,,Male,,,,,,,,,,,,,,,,
337621,Erin Attwell,,,,,,,Female,,,,,,,,,,,,,,,,
337622,Fiona Majendie,,,,,,,Female,,,,,,,,,,,,,,,,
337623,Gunnar Holmgren,,,,,,,Male,,,,,,,,,,,,,,,,
337624,Isabella Holmgren,,,,,,,Female,,,,,,,,,,,,,,,,
337625,Jackie Boyle,,,,,,,Female,,,,,,,,,,,,,,,,
337626,James Hedgcock,,,,,,,Male,,,,,,,,,,,,,,,,
337627,Jeffrey Whaley,,,,,,,Male,,,,,,,,,,,,,,,,
337628,Maggie Coles-lyster,,,,,,,Female,,,,,,,,,,,,,,,,
337629,Mathias Guillemette,,,,,,,Male,,,,,,,,,,,,,,,,
337630,Molly Simpson,,,,,,,Female,,,,,,,,,,,,,,,,
337632,Olivia Baril,,,,,,,Female,,,,,,,,,,,,,,,,
337633,Ryan Dodyk,,,,,,,Male,,,,,,,,,,,,,,,,
337635,Sean Richardson,,,,,,,Male,,,,,,,,,,,,,,,,
337636,van Sarah,,,,,,,Female,,,,,,,,,,,,,,,,
337637,Tyler Rorke,,,,,,,Male,,,,,,,,,,,,,,,,
337638,Akram Nakach,,,,,,,Male,,,,,,,,,,,,,,,,
337639,Nera Tiebwa,,,,,,,Female,,,,,,,,,,,,,,,,
337640,van Sanne,,,,,,,Female,,,,,,,,,,,,,,,,
337641,van Joanne,,,,,,,Female,,,,,,,,,,,,,,,,
337642,Marit Kamps,,,,,,,Female,,,,,,,,,,,,,,,,
337643,Julie Beurskens,,,,,,,Female,,,,,,,,,,,,,,,,
337646,van Noel,,,,,,,Male,,,,,,,,,,,,,,,,
337647,Jelle Snippe,,,,,,,Male,,,,,,,,,,,,,,,,
337648,Ruth Vorsselman,,,,,,,Female,,,,,,,,,,,,,,,,
337649,Selma Konijn,,,,,,,Female,,,,,,,,,,,,,,,,
337650,Lena Teunissen,,,,,,,Female,,,,,,,,,,,,,,,,
337651,Joris Otten,,,,,,,Male,,,,,,,,,,,,,,,,
337652,Oussama Targhalline,,,,,,,Male,,,,,,,,,,,,,,,,
337654,Arantxa Rus,,,,,,,Female,,,,,,,,,,,,,,,,
337658,Tallon Griekspoor,,,,,,,Male,,,,,,,,,,,,,,,,
337659,Andres Farinango,,,,,,,Male,,,,,,,,,,,,,,,,
337660,Haytam Manaout,,,,,,,Male,,,,,,,,,,,,,,,,
337661,Margaret Mac,,,,,,,Female,,,,,,,,,,,,,,,,
337662,Ilya Kharun,,,,,,,Male,,,,,,,,,,,,,,,,
337663,Emma O'croinin,,,,,,,Female,,,,,,,,,,,,,,,,
337666,Josh Liendo,,,,,,,Male,,,,,,,,,,,,,,,,
337667,Sophie Angus,,,,,,,Female,,,,,,,,,,,,,,,,
337669,Kelsey Wog,,,,,,,Female,,,,,,,,,,,,,,,,
337670,Julie Brousseau,,,,,,,Female,,,,,,,,,,,,,,,,
337671,Ella Jansen,,,,,,,Female,,,,,,,,,,,,,,,,
337675,Emma Finlin,,,,,,,Female,,,,,,,,,,,,,,,,
337676,Ingrid Wilm,,,,,,,Female,,,,,,,,,,,,,,,,
337677,Tristan Jankovics,,,,,,,Male,,,,,,,,,,,,,,,,
337679,McINTOSH Summer,,,,,,,Female,,,,,,,,,,,,,,,,
337680,Lorne Wigginton,,,,,,,Male,,,,,,,,,,,,,,,,
337681,Alex Axon,,,,,,,Male,,,,,,,,,,,,,,,,
337682,Brooklyn Douthwright,,,,,,,Female,,,,,,,,,,,,,,,,
337683,Blake Tierney,,,,,,,Male,,,,,,,,,,,,,,,,
337684,Apollo Hess,,,,,,,Male,,,,,,,,,,,,,,,,
337685,Patrick Hussey,,,,,,,Male,,,,,,,,,,,,,,,,
337686,Jeremy Bagshaw,,,,,,,Male,,,,,,,,,,,,,,,,
337687,Mehdi Maouhoub,,,,,,,Male,,,,,,,,,,,,,,,,
337688,Simi Awujo,,,,,,,Female,,,,,,,,,,,,,,,,
337691,Gabrielle Carle,,,,,,,Female,,,,,,,,,,,,,,,,
337694,Cloe Lacasse,,,,,,,Female,,,,,,,,,,,,,,,,
337697,QUINN,,,,,,,Female,,,,,,,,,,,,,,,,
337698,Jade Rose,,,,,,,Female,,,,,,,,,,,,,,,,
337699,Kailen Sheridan,,,,,,,Female,,,,,,,,,,,,,,,,
337701,Eliesse Ben,,,,,,,Male,,,,,,,,,,,,,,,,
337703,Sophie Bukovec,,,,,,,Female,,,,,,,,,,,,,,,,
337704,Daniel Dearing,,,,,,,Male,,,,,,,,,,,,,,,,
337707,la Shae,,,,,,,Female,,,,,,,,,,,,,,,,
337708,Serena Browne,,,,,,,Female,,,,,,,,,,,,,,,,
337709,McKELVEY Hayley,,,,,,,Female,,,,,,,,,,,,,,,,
337710,Verica Bakoc,,,,,,,Female,,,,,,,,,,,,,,,,
337711,Jessica Gaudreault,,,,,,,Female,,,,,,,,,,,,,,,,
337712,McDOWELL Blaire,,,,,,,Female,,,,,,,,,,,,,,,,
337713,Marilia Mimides,,,,,,,Female,,,,,,,,,,,,,,,,
337714,Rae Lekness,,,,,,,Female,,,,,,,,,,,,,,,,
337722,Joshua Bell,,,,,,,Male,,,,,,,,,,,,,,,,
337723,Mitchell Iles,,,,,,,Male,,,,,,,,,,,,,,,,
337725,Melique Garcia,,,,,,,Male,,,,,,,,,,,,,,,,
337726,Jenny Casson,,,,,,,Female,,,,,,,,,,,,,,,,
337727,Abby Dent,,,,,,,Female,,,,,,,,,,,,,,,,
337728,Maya Meschkuleit,,,,,,,Female,,,,,,,,,,,,,,,,
337731,Vitoria Ana,,,,,,,Female,,,,,,,,,,,,,,,,
337732,ANTONIA,,,,,,,Female,,,,,,,,,,,,,,,,
337733,Portilho Gabi,,,,,,,Female,,,,,,,,,,,,,,,,
337734,Nunes Gabi,,,,,,,Female,,,,,,,,,,,,,,,,
337735,JHENIFFER,,,,,,,Female,,,,,,,,,,,,,,,,
337736,KEROLIN,,,,,,,Female,,,,,,,,,,,,,,,,
337737,LAUREN,,,,,,,Female,,,,,,,,,,,,,,,,
337738,LUCIANA,,,,,,,Female,,,,,,,,,,,,,,,,
337739,LORENA,,,,,,,Female,,,,,,,,,,,,,,,,
337741,Sampaio Duda,,,,,,,Female,,,,,,,,,,,,,,,,
337742,PRISCILA,,,,,,,Female,,,,,,,,,,,,,,,,
337743,THAIS,,,,,,,Female,,,,,,,,,,,,,,,,
337744,TARCIANE,,,,,,,Female,,,,,,,,,,,,,,,,
337745,Yaya Vitoria,,,,,,,Female,,,,,,,,,,,,,,,,
337746,YASMIM,,,,,,,Female,,,,,,,,,,,,,,,,
337747,Amarveer Dhesi,,,,,,,Male,,,,,,,,,,,,,,,,
337748,di Renay,,,,,,,Female,,,,,,,,,,,,,,,,
337749,Paula Godinez,,,,,,,Female,,,,,,,,,,,,,,,,
337750,Robert Moore,,,,,,,Male,,,,,,,,,,,,,,,,
337751,Linda Morais,,,,,,,Female,,,,,,,,,,,,,,,,
337752,Fay Taylor,,,,,,,Female,,,,,,,,,,,,,,,,
337754,de Alex,,,,,,,Male,,,,,,,,,,,,,,,,
337755,Alexei Popyrin,,,,,,,Male,,,,,,,,,,,,,,,,
337756,Daria Saville,,,,,,,Female,,,,,,,,,,,,,,,,
337758,Matthew Ebden,,,,,,,Male,,,,,,,,,,,,,,,,
337759,Olivia Gadecki,,,,,,,Female,,,,,,,,,,,,,,,,
337760,Rinky Hijikata,,,,,,,Male,,,,,,,,,,,,,,,,
337761,Anicka Delgado,,,,,,,Female,,,,,,,,,,,,,,,,
337763,Prince Dahal,,,,,,,Male,,,,,,,,,,,,,,,,
337764,Ekaterina Shabalina,,,,,,,Female,,,,,,,,,,,,,,,,
337765,Telefoni Lima,,,,,,,Male,,,,,,,,,,,,,,,,
337767,Marcio Carvalho,,,,,,,Male,,,,,,,,,,,,,,,,
337769,Rafael Mamprin,,,,,,,Male,,,,,,,,,,,,,,,,
337771,de Stephan,,,,,,,Male,,,,,,,,,,,,,,,,
337772,Sol Naranjo,,,,,,,Female,,,,,,,,,,,,,,,,
337773,Andres Torres,,,,,,,Male,,,,,,,,,,,,,,,,
337774,Faafoi Falaniko,,,,,,,Male,,,,,,,,,,,,,,,,
337775,Kyle Abeysinghe,,,,,,,Male,,,,,,,,,,,,,,,,
337776,Sushmita Nepal,,,,,,,Female,,,,,,,,,,,,,,,,
337777,Ganga Senavirathne,,,,,,,Female,,,,,,,,,,,,,,,,
337779,Richard Murray,,,,,,,Male,,,,,,,,,,,,,,,,
337780,Mitch Kolkman,,,,,,,Male,,,,,,,,,,,,,,,,
337781,Aniya Holder,,,,,,,Female,,,,,,,,,,,,,,,,
337782,Joshua Bruyns,,,,,,,Male,,,,,,,,,,,,,,,,
337783,Lauren Mukheibir,,,,,,,Female,,,,,,,,,,,,,,,,
337784,Mel Janse,,,,,,,Male,,,,,,,,,,,,,,,,
337785,Motu Opetai,,,,,,,Male,,,,,,,,,,,,,,,,
337786,Neueli Leitufia,,,,,,,Male,,,,,,,,,,,,,,,,
337787,Winzar Kakiouea,,,,,,,Male,,,,,,,,,,,,,,,,
337788,Minhyung Jee,,,,,,,Female,,,,,,,,,,,,,,,,
337789,Brock Batty,,,,,,,Male,,,,,,,,,,,,,,,,
337790,Emma Nedov,,,,,,,Female,,,,,,,,,,,,,,,,
337791,Paul Scanlan,,,,,,,Male,,,,,,,,,,,,,,,,
337793,Steve Onosai,,,,,,,Male,,,,,,,,,,,,,,,,
337794,Taunuu Niulevaea,,,,,,,Male,,,,,,,,,,,,,,,,
337795,Alexander Shevchenko,,,,,,,Male,,,,,,,,,,,,,,,,
337796,Tom Maiava,,,,,,,Male,,,,,,,,,,,,,,,,
337797,Narmandakh Bayanmunkh,,,,,,,Male,,,,,,,,,,,,,,,,
337798,Vaa Apelu,,,,,,,Male,,,,,,,,,,,,,,,,
337799,Vaovasa Afa,,,,,,,Male,,,,,,,,,,,,,,,,
337800,TALASH,,,,,,,Female,,,,,,,,,,,,,,,,
337801,Farzad Mansouri,,,,,,,Male,,,,,,,,,,,,,,,,
337802,Laura Aarts,,,,,,,Female,,,,,,,,,,,,,,,,
337803,Sarah Buis,,,,,,,Female,,,,,,,,,,,,,,,,
337804,Lieke Rogge,,,,,,,Female,,,,,,,,,,,,,,,,
337805,Bente Rogge,,,,,,,Female,,,,,,,,,,,,,,,,
337806,Nina Ten,,,,,,,Female,,,,,,,,,,,,,,,,
337807,Lola Moolhuijzen,,,,,,,Female,,,,,,,,,,,,,,,,
337808,van Simone,,,,,,,Female,,,,,,,,,,,,,,,,
337809,Kittylynn Joustra,,,,,,,Female,,,,,,,,,,,,,,,,
337810,van Sabrina,,,,,,,Female,,,,,,,,,,,,,,,,
337811,Alisar Youssef,,,,,,,Female,,,,,,,,,,,,,,,,
337812,Kuany Kuany,,,,,,,Male,,,,,,,,,,,,,,,,
337814,Bul Kuol,,,,,,,Male,,,,,,,,,,,,,,,,
337815,Jackson Makoi,,,,,,,Male,,,,,,,,,,,,,,,,
337816,Khaman Maluach,,,,,,,Male,,,,,,,,,,,,,,,,
337817,van Ellen,,,,,,,Female,,,,,,,,,,,,,,,,
337819,Lorena Wiebes,,,,,,,Female,,,,,,,,,,,,,,,,
337820,Puck Pieterse,,,,,,,Female,,,,,,,,,,,,,,,,
337822,van Lisa,,,,,,,Female,,,,,,,,,,,,,,,,
337823,van Maike,,,,,,,Female,,,,,,,,,,,,,,,,
337825,van Steffie,,,,,,,Female,,,,,,,,,,,,,,,,
337826,Kyra Lamberink,,,,,,,Female,,,,,,,,,,,,,,,,
337827,van Hetty,,,,,,,Female,,,,,,,,,,,,,,,,
337828,Manon Veenstra,,,,,,,Female,,,,,,,,,,,,,,,,
337830,Yanne Dorenbos,,,,,,,Male,,,,,,,,,,,,,,,,
337831,van Dylan,,,,,,,Male,,,,,,,,,,,,,,,,
337832,Daan Hoole,,,,,,,Male,,,,,,,,,,,,,,,,
337833,van Mathieu,,,,,,,Male,,,,,,,,,,,,,,,,
337835,van Tijmen,,,,,,,Male,,,,,,,,,,,,,,,,
337836,Jaymio Brink,,,,,,,Male,,,,,,,,,,,,,,,,
337837,van Willem,,,,,,,Male,,,,,,,,,,,,,,,,
337838,van Dave,,,,,,,Male,,,,,,,,,,,,,,,,
337839,van Roy,,,,,,,Male,,,,,,,,,,,,,,,,
337840,Saoussen Boudiaf,,,,,,,Female,,,,,,,,,,,,,,,,
337841,Nuni Omot,,,,,,,Male,,,,,,,,,,,,,,,,
337842,Yves Nimubona,,,,,,,Male,,,,,,,,,,,,,,,,
337843,Nora Kehli,,,,,,,Female,,,,,,,,,,,,,,,,
337844,Marial Shayok,,,,,,,Male,,,,,,,,,,,,,,,,
337845,Jt Thor,,,,,,,Male,,,,,,,,,,,,,,,,
337847,Kayinsola Ajayi,,,,,,,Male,,,,,,,,,,,,,,,,
337848,Chaima Benadouda,,,,,,,Female,,,,,,,,,,,,,,,,
337849,Tejiri Ashe,,,,,,,Male,,,,,,,,,,,,,,,,
337850,Salim Heroui,,,,,,,Male,,,,,,,,,,,,,,,,
337851,Tima Godbless,,,,,,,Female,,,,,,,,,,,,,,,,
337852,Carmel Kone,,,,,,,Male,,,,,,,,,,,,,,,,
337853,Lais Najjar,,,,,,,Male,,,,,,,,,,,,,,,,
337854,Favour Ofili,,,,,,,Female,,,,,,,,,,,,,,,,
337855,Rosemary Chukwuma,,,,,,,Female,,,,,,,,,,,,,,,,
337856,Tristan Tulen,,,,,,,Male,,,,,,,,,,,,,,,,
337857,Gaia Giovannini,,,,,,,Female,,,,,,,,,,,,,,,,
337858,Yassin Khodir,,,,,,,Male,,,,,,,,,,,,,,,,
337859,Moez Echargui,,,,,,,Male,,,,,,,,,,,,,,,,
337860,Ali Al,,,,,,,Male,,,,,,,,,,,,,,,,
337862,Mazoon Al,,,,,,,Female,,,,,,,,,,,,,,,,
337863,Hasan Bayan,,,,,,,Male,,,,,,,,,,,,,,,,
337864,Violette Mammeri,,,,,,,Female,,,,,,,,,,,,,,,,
337865,Koceila Mammeri,,,,,,,Male,,,,,,,,,,,,,,,,
337866,Zac Ward,,,,,,,Male,,,,,,,,,,,,,,,,
337867,Naomi Visser,,,,,,,Female,,,,,,,,,,,,,,,,
337869,Tisha Volleman,,,,,,,Female,,,,,,,,,,,,,,,,
337873,Casimir Schmidt,,,,,,,Male,,,,,,,,,,,,,,,,
337874,de Martijn,,,,,,,Male,,,,,,,,,,,,,,,,
337875,Jermain Gruenberg,,,,,,,Male,,,,,,,,,,,,,,,,
337876,de Loran,,,,,,,Male,,,,,,,,,,,,,,,,
337877,Tamara Haggerty,,,,,,,Female,,,,,,,,,,,,,,,,
337881,Bianca Schanssema,,,,,,,Female,,,,,,,,,,,,,,,,
337884,Nathalie Hendrikse,,,,,,,Female,,,,,,,,,,,,,,,,
337885,Kim Molenaar,,,,,,,Female,,,,,,,,,,,,,,,,
337886,van Judith,,,,,,,Female,,,,,,,,,,,,,,,,
337889,Yara Ten,,,,,,,Female,,,,,,,,,,,,,,,,
337890,van Nikita,,,,,,,Female,,,,,,,,,,,,,,,,
337891,Philippe Wakim,,,,,,,Male,,,,,,,,,,,,,,,,
337892,Achraf Hakimi,,,,,,,Male,,,,,,,,,,,,,,,,
337893,Bayaraa Nyantai,,,,,,,Male,,,,,,,,,,,,,,,,
337894,van Odile,,,,,,,Female,,,,,,,,,,,,,,,,
337895,Sara Wennekes,,,,,,,Female,,,,,,,,,,,,,,,,
337898,van Luuc,,,,,,,Male,,,,,,,,,,,,,,,,
337899,van Floris,,,,,,,Male,,,,,,,,,,,,,,,,
337900,van Laila,,,,,,,Female,,,,,,,,,,,,,,,,
337902,Annelous Lammerts,,,,,,,Female,,,,,,,,,,,,,,,,
337903,Bjarne Bouwer,,,,,,,Male,,,,,,,,,,,,,,,,
337904,Duko Bos,,,,,,,Male,,,,,,,,,,,,,,,,
337905,Davaakhuu Enkhtaivan,,,,,,,Male,,,,,,,,,,,,,,,,
337906,Deresa Geleta,,,,,,,Male,,,,,,,,,,,,,,,,
337907,Yesugen Oyunbat,,,,,,,Female,,,,,,,,,,,,,,,,
337908,Soufiane Rahimi,,,,,,,Male,,,,,,,,,,,,,,,,
337909,Tom Dradriga,,,,,,,Male,,,,,,,,,,,,,,,,
337910,de Worthy,,,,,,,Male,,,,,,,,,,,,,,,,
337911,van Dimeo,,,,,,,Male,,,,,,,,,,,,,,,,
337912,Jan Driessen,,,,,,,Male,,,,,,,,,,,,,,,,
337914,van Ming,,,,,,,Female,,,,,,,,,,,,,,,,
337916,Rosalind Canter,,,,,,,Female,,,,,,,,,,,,,,,,
337919,Andrew Gould,,,,,,,Male,,,,,,,,,,,,,,,,
337921,Yasmin Ingham,,,,,,,Female,,,,,,,,,,,,,,,,
337922,McEWEN Tom,,,,,,,Male,,,,,,,,,,,,,,,,
337923,Becky Moody,,,,,,,Female,,,,,,,,,,,,,,,,
337924,Joseph Stockdale,,,,,,,Male,,,,,,,,,,,,,,,,
337925,Deborah Abiodun,,,,,,,Female,,,,,,,,,,,,,,,,
337926,Kalia Antoniou,,,,,,,Female,,,,,,,,,,,,,,,,
337927,Rasheedat Ajibade,,,,,,,Female,,,,,,,,,,,,,,,,
337928,Edison Azcona,,,,,,,Male,,,,,,,,,,,,,,,,
337929,Sandra Sysojeva,,,,,,,Female,,,,,,,,,,,,,,,,
337931,Francisco Reyes,,,,,,,Male,,,,,,,,,,,,,,,,
337932,Joni Savaste,,,,,,,Male,,,,,,,,,,,,,,,,
337933,Gracious Orogot,,,,,,,Male,,,,,,,,,,,,,,,,
337934,de Jose,,,,,,,Male,,,,,,,,,,,,,,,,
337935,Virginie Chenier,,,,,,,Female,,,,,,,,,,,,,,,,
337936,Eric Peters,,,,,,,Male,,,,,,,,,,,,,,,,
337937,Michelle Alozie,,,,,,,Female,,,,,,,,,,,,,,,,
337938,van Seve,,,,,,,Male,,,,,,,,,,,,,,,,
337939,Koen Bijen,,,,,,,Male,,,,,,,,,,,,,,,,
337940,Pirmin Blaak,,,,,,,Male,,,,,,,,,,,,,,,,
337941,Joosje Burg,,,,,,,Female,,,,,,,,,,,,,,,,
337942,Willem Croon,,,,,,,Male,,,,,,,,,,,,,,,,
337943,van Thijs,,,,,,,Male,,,,,,,,,,,,,,,,
337945,Noa Fokke,,,,,,,Female,,,,,,,,,,,,,,,,
337947,van Steijn,,,,,,,Male,,,,,,,,,,,,,,,,
337948,Tje Hoedemakers,,,,,,,Male,,,,,,,,,,,,,,,,
337949,Yibbi Jansen,,,,,,,Female,,,,,,,,,,,,,,,,
337950,Ji Janssen,,,,,,,Male,,,,,,,,,,,,,,,,
337951,Marleen Jochems,,,,,,,Female,,,,,,,,,,,,,,,,
337952,van Renee,,,,,,,Female,,,,,,,,,,,,,,,,
337953,Frederique Matla,,,,,,,Female,,,,,,,,,,,,,,,,
337954,Floris Middendorp,,,,,,,Male,,,,,,,,,,,,,,,,
337955,de Joe,,,,,,,Male,,,,,,,,,,,,,,,,
337956,Laura Nunnink,,,,,,,Female,,,,,,,,,,,,,,,,
337957,Lisa Post,,,,,,,Female,,,,,,,,,,,,,,,,
337958,Tijmen Reyenga,,,,,,,Male,,,,,,,,,,,,,,,,
337959,Duco Telgenkamp,,,,,,,Male,,,,,,,,,,,,,,,,
337960,Marijn Veen,,,,,,,Female,,,,,,,,,,,,,,,,
337961,Anne Veenendaal,,,,,,,Female,,,,,,,,,,,,,,,,
337963,de Derck,,,,,,,Male,,,,,,,,,,,,,,,,
337964,de Xan,,,,,,,Female,,,,,,,,,,,,,,,,
337965,Floris Wortelboer,,,,,,,Male,,,,,,,,,,,,,,,,
337966,Edgar Pujol,,,,,,,Male,,,,,,,,,,,,,,,,
337967,Ovesh Purahoo,,,,,,,Male,,,,,,,,,,,,,,,,
337968,Nsikak Ekpo,,,,,,,Male,,,,,,,,,,,,,,,,
337969,Onyema Adigida,,,,,,,Male,,,,,,,,,,,,,,,,
337970,Elvis Afrifa,,,,,,,Male,,,,,,,,,,,,,,,,
337971,Minke Bisschops,,,,,,,Female,,,,,,,,,,,,,,,,
337972,Isayah Boers,,,,,,,Male,,,,,,,,,,,,,,,,
337973,Ryan Clarke,,,,,,,Male,,,,,,,,,,,,,,,,
337974,Denzel Comenentia,,,,,,,Male,,,,,,,,,,,,,,,,
337975,van Alida,,,,,,,Female,,,,,,,,,,,,,,,,
337976,Sofie Dokter,,,,,,,Female,,,,,,,,,,,,,,,,
337977,van Diane,,,,,,,Female,,,,,,,,,,,,,,,,
337980,Pauline Hondema,,,,,,,Female,,,,,,,,,,,,,,,,
337981,van Marije,,,,,,,Female,,,,,,,,,,,,,,,,
337982,Tasa Jiya,,,,,,,Female,,,,,,,,,,,,,,,,
337984,Isaya Klein,,,,,,,Male,,,,,,,,,,,,,,,,
337985,van Jorinde,,,,,,,Female,,,,,,,,,,,,,,,,
337987,Niels Laros,,,,,,,Male,,,,,,,,,,,,,,,,
337988,Anne Luijten,,,,,,,Female,,,,,,,,,,,,,,,,
337990,Xavi Mo-ajok,,,,,,,Male,,,,,,,,,,,,,,,,
337991,Abdelkhalek Elbanna,,,,,,,Male,,,,,,,,,,,,,,,,
337992,Ryan Julius,,,,,,,Male,,,,,,,,,,,,,,,,
337994,Bradley Sherwood,,,,,,,Male,,,,,,,,,,,,,,,,
337996,Zenani Kraai,,,,,,,Male,,,,,,,,,,,,,,,,
337997,Andrew Hobson,,,,,,,Male,,,,,,,,,,,,,,,,
337998,Nicholas Spooner,,,,,,,Male,,,,,,,,,,,,,,,,
337999,Michael Kok,,,,,,,Male,,,,,,,,,,,,,,,,
338000,Samkelo Mvimbi,,,,,,,Male,,,,,,,,,,,,,,,,
338001,Gowan Jones,,,,,,,Male,,,,,,,,,,,,,,,,
338002,van Jacque,,,,,,,Male,,,,,,,,,,,,,,,,
338003,Nqobile Ntuli,,,,,,,Male,,,,,,,,,,,,,,,,
338004,Calvin Davis,,,,,,,Male,,,,,,,,,,,,,,,,
338005,Stefan Nillessen,,,,,,,Male,,,,,,,,,,,,,,,,
338008,Eugene Omalla,,,,,,,Male,,,,,,,,,,,,,,,,
338009,Cathelijn Peeters,,,,,,,Female,,,,,,,,,,,,,,,,
338010,Sven Roosen,,,,,,,Male,,,,,,,,,,,,,,,,
338011,Eveline Saalberg,,,,,,,Female,,,,,,,,,,,,,,,,
338013,van Myrte,,,,,,,Female,,,,,,,,,,,,,,,,
338015,Murad Allahverdiyev,,,,,,,Male,,,,,,,,,,,,,,,,
338016,Rik Taam,,,,,,,Male,,,,,,,,,,,,,,,,
338017,Maayke Tjin-a-lim,,,,,,,Female,,,,,,,,,,,,,,,,
338020,de Lisanne,,,,,,,Female,,,,,,,,,,,,,,,,
338021,Nijat Huseynov,,,,,,,Male,,,,,,,,,,,,,,,,
338022,Amanda Thibeault,,,,,,,Female,,,,,,,,,,,,,,,,
338023,Hidayat Heydarov,,,,,,,Male,,,,,,,,,,,,,,,,
338024,Mahammad Abdullayev,,,,,,,Male,,,,,,,,,,,,,,,,
338025,Berto Alfonso,,,,,,,Male,,,,,,,,,,,,,,,,
338026,Yaylagul Ramazanova,,,,,,,Female,,,,,,,,,,,,,,,,
338027,Ramil Valizada,,,,,,,Male,,,,,,,,,,,,,,,,
338028,Seljan Mahsudova,,,,,,,Female,,,,,,,,,,,,,,,,
338029,Zohra Aghamirova,,,,,,,Female,,,,,,,,,,,,,,,,
338030,Yelyzaveta Luzan,,,,,,,Female,,,,,,,,,,,,,,,,
338031,Laman Alimuradova,,,,,,,Female,,,,,,,,,,,,,,,,
338032,Gullu Aghalarzade,,,,,,,Female,,,,,,,,,,,,,,,,
338033,Zeynab Hummatova,,,,,,,Female,,,,,,,,,,,,,,,,
338034,Balabay Aghayev,,,,,,,Male,,,,,,,,,,,,,,,,
338035,Zelim Tckaev,,,,,,,Male,,,,,,,,,,,,,,,,
338036,Eljan Hajiyev,,,,,,,Male,,,,,,,,,,,,,,,,
338037,Zelym Kotsoiev,,,,,,,Male,,,,,,,,,,,,,,,,
338038,Ushangi Kokauri,,,,,,,Male,,,,,,,,,,,,,,,,
338039,Oscar Urena,,,,,,,Male,,,,,,,,,,,,,,,,
338040,de Noortje,,,,,,,Female,,,,,,,,,,,,,,,,
338041,de Bregje,,,,,,,Female,,,,,,,,,,,,,,,,
338042,Else Praasterink,,,,,,,Female,,,,,,,,,,,,,,,,
338043,van Sharon,,,,,,,Female,,,,,,,,,,,,,,,,
338044,van Janna,,,,,,,Female,,,,,,,,,,,,,,,,
338045,van Sam,,,,,,,Female,,,,,,,,,,,,,,,,
338046,de Imani,,,,,,,Female,,,,,,,,,,,,,,,,
338047,Kim Busch,,,,,,,Female,,,,,,,,,,,,,,,,
338049,de Maaike,,,,,,,Female,,,,,,,,,,,,,,,,
338050,van Valerie,,,,,,,Female,,,,,,,,,,,,,,,,
338052,Tessa Giele,,,,,,,Female,,,,,,,,,,,,,,,,
338053,Silke Holkenborg,,,,,,,Female,,,,,,,,,,,,,,,,
338054,Sean Niewold,,,,,,,Male,,,,,,,,,,,,,,,,
338055,Caspar Corbeau,,,,,,,Male,,,,,,,,,,,,,,,,
338057,Kenzo Simons,,,,,,,Male,,,,,,,,,,,,,,,,
338058,van Kai,,,,,,,Male,,,,,,,,,,,,,,,,
338059,Joao Urbaez,,,,,,,Male,,,,,,,,,,,,,,,,
338060,Renzo Tjon-a-joe,,,,,,,Male,,,,,,,,,,,,,,,,
338061,Malik Hasanov,,,,,,,Male,,,,,,,,,,,,,,,,
338062,Gultaj Mammadaliyeva,,,,,,,Female,,,,,,,,,,,,,,,,
338063,Leyla Aliyeva,,,,,,,Female,,,,,,,,,,,,,,,,
338066,Bianca Andreescu,,,,,,,Female,,,,,,,,,,,,,,,,
338067,Brigitte Mbabi,,,,,,,Female,,,,,,,,,,,,,,,,
338068,Daphne Chan,,,,,,,Female,,,,,,,,,,,,,,,,
338070,Zachary Clay,,,,,,,Male,,,,,,,,,,,,,,,,
338071,Rene Cournoyer,,,,,,,Male,,,,,,,,,,,,,,,,
338072,Felix Dolci,,,,,,,Male,,,,,,,,,,,,,,,,
338073,William Emard,,,,,,,Male,,,,,,,,,,,,,,,,
338074,Cassandra Lee,,,,,,,Female,,,,,,,,,,,,,,,,
338075,Sophiane Methot,,,,,,,Female,,,,,,,,,,,,,,,,
338077,Aurelie Tran,,,,,,,Female,,,,,,,,,,,,,,,,
338078,Samuel Zakutney,,,,,,,Male,,,,,,,,,,,,,,,,
338079,Fares Arfa,,,,,,,Male,,,,,,,,,,,,,,,,
338080,Pamela Brind'amour,,,,,,,Female,,,,,,,,,,,,,,,,
338081,Francois Cauchon,,,,,,,Male,,,,,,,,,,,,,,,,
338082,Olivier Desrosiers,,,,,,,Male,,,,,,,,,,,,,,,,
338083,Sabrina Fang,,,,,,,Female,,,,,,,,,,,,,,,,
338084,Daniel Gu,,,,,,,Male,,,,,,,,,,,,,,,,
338085,Jia Guo,,,,,,,Female,,,,,,,,,,,,,,,,
338086,Bogdan Hamilton,,,,,,,Male,,,,,,,,,,,,,,,,
338088,van Maximilien,,,,,,,Male,,,,,,,,,,,,,,,,
338089,Ruien Xiao,,,,,,,Female,,,,,,,,,,,,,,,,
338090,Nicholas Zhang,,,,,,,Male,,,,,,,,,,,,,,,,
338091,Yunjia Zhang,,,,,,,Female,,,,,,,,,,,,,,,,
338092,Yeral Nunez,,,,,,,Male,,,,,,,,,,,,,,,,
338093,Tamara Dronova,,,,,,,Female,,,,,,,,,,,,,,,,
338094,Eid Ahmed,,,,,,,Male,,,,,,,,,,,,,,,,
338095,Scarlett Mew,,,,,,,Female,,,,,,,,,,,,,,,,
338096,van Anne,,,,,,,Female,,,,,,,,,,,,,,,,
338097,Quinty Roeffen,,,,,,,Female,,,,,,,,,,,,,,,,
338098,van Laura,,,,,,,Female,,,,,,,,,,,,,,,,
338099,Gaby Schloesser,,,,,,,Female,,,,,,,,,,,,,,,,
338101,van Sarah,,,,,,,Female,,,,,,,,,,,,,,,,
338103,Jolien Knollema,,,,,,,Female,,,,,,,,,,,,,,,,
338104,Juliet Lohuis,,,,,,,Female,,,,,,,,,,,,,,,,
338106,Britt Bongaerts,,,,,,,Female,,,,,,,,,,,,,,,,
338107,Indy Baijens,,,,,,,Female,,,,,,,,,,,,,,,,
338108,Marrit Jasper,,,,,,,Female,,,,,,,,,,,,,,,,
338109,Nika Daalderop,,,,,,,Female,,,,,,,,,,,,,,,,
338110,Eline Timmerman,,,,,,,Female,,,,,,,,,,,,,,,,
338111,Florien Reesink,,,,,,,Female,,,,,,,,,,,,,,,,
338112,Elles Dambrink,,,,,,,Female,,,,,,,,,,,,,,,,
338113,Nova Marring,,,,,,,Female,,,,,,,,,,,,,,,,
338114,Adrian Robinson,,,,,,,Male,,,,,,,,,,,,,,,,
338115,Chinwendu Ihezuo,,,,,,,Female,,,,,,,,,,,,,,,,
338118,Julio Mendoza,,,,,,,Male,,,,,,,,,,,,,,,,
338119,Jordan Scott,,,,,,,Male,,,,,,,,,,,,,,,,
338120,Munir El,,,,,,,Male,,,,,,,,,,,,,,,,
338121,Mariam Abdul-rashid,,,,,,,Female,,,,,,,,,,,,,,,,
338122,Eliezer Adjibi,,,,,,,Male,,,,,,,,,,,,,,,,
338124,Duan Asemota,,,,,,,Male,,,,,,,,,,,,,,,,
338128,Kate Current,,,,,,,Female,,,,,,,,,,,,,,,,
338129,De Andre,,,,,,,Male,,,,,,,,,,,,,,,,
338130,Jean-simon Desgagnes,,,,,,,Male,,,,,,,,,,,,,,,,
338133,Crystal Emmanuel-ahye,,,,,,,Female,,,,,,,,,,,,,,,,
338134,Thomas Fafard,,,,,,,Male,,,,,,,,,,,,,,,,
338135,Benjamin Flanagan,,,,,,,Male,,,,,,,,,,,,,,,,
338136,Rowan Hamilton,,,,,,,Male,,,,,,,,,,,,,,,,
338137,Michelle Harrison,,,,,,,Female,,,,,,,,,,,,,,,,
338138,Briana Scott,,,,,,,Female,,,,,,,,,,,,,,,,
338139,Ethan Katzberg,,,,,,,Male,,,,,,,,,,,,,,,,
338140,Adam Keenan,,,,,,,Male,,,,,,,,,,,,,,,,
338141,Marie-eloise Leclair,,,,,,,Female,,,,,,,,,,,,,,,,
338142,Audrey Leduc,,,,,,,Female,,,,,,,,,,,,,,,,
338144,Rory Linkletter,,,,,,,Male,,,,,,,,,,,,,,,,
338145,Kieran Lumb,,,,,,,Male,,,,,,,,,,,,,,,,
338146,Olivia Lundman,,,,,,,Female,,,,,,,,,,,,,,,,
338147,Jacqueline Madogo,,,,,,,Female,,,,,,,,,,,,,,,,
338148,McCABE Ceili,,,,,,,Female,,,,,,,,,,,,,,,,
338149,McCREATH Sade,,,,,,,Female,,,,,,,,,,,,,,,,
338150,Christopher Morales-williams,,,,,,,Male,,,,,,,,,,,,,,,,
338151,Malachi Murray,,,,,,,Male,,,,,,,,,,,,,,,,
338155,Simone Plourde,,,,,,,Female,,,,,,,,,,,,,,,,
338156,Madeline Price,,,,,,,Female,,,,,,,,,,,,,,,,
338157,Sydney Carroll,,,,,,,Female,,,,,,,,,,,,,,,,
338158,Scarlett Finn,,,,,,,Female,,,,,,,,,,,,,,,,
338159,Audrey Lamothe,,,,,,,Female,,,,,,,,,,,,,,,,
338160,Jonnie Newman,,,,,,,Female,,,,,,,,,,,,,,,,
338161,Raphaelle Plante,,,,,,,Female,,,,,,,,,,,,,,,,
338162,Kenzie Priddell,,,,,,,Female,,,,,,,,,,,,,,,,
338163,Claire Scheffel,,,,,,,Female,,,,,,,,,,,,,,,,
338165,Florence Tremblay,,,,,,,Female,,,,,,,,,,,,,,,,
338167,Zoe Sherar,,,,,,,Female,,,,,,,,,,,,,,,,
338168,Jazz Shukla,,,,,,,Female,,,,,,,,,,,,,,,,
338169,Aiyanna Stiverne,,,,,,,Female,,,,,,,,,,,,,,,,
338170,Savannah Sutherland,,,,,,,Female,,,,,,,,,,,,,,,,
338171,Craig Thorne,,,,,,,Male,,,,,,,,,,,,,,,,
338173,Blessing Demehin,,,,,,,Female,,,,,,,,,,,,,,,,
338174,Adil Tahif,,,,,,,Male,,,,,,,,,,,,,,,,
338175,Rhoda Chileshe,,,,,,,Female,,,,,,,,,,,,,,,,
338176,Gabriel Rodriguez,,,,,,,Male,,,,,,,,,,,,,,,,
338177,Uchenna Kanu,,,,,,,Female,,,,,,,,,,,,,,,,
338178,Erynn Ballard,,,,,,,Female,,,,,,,,,,,,,,,,
338179,Camille Carier,,,,,,,Female,,,,,,,,,,,,,,,,
338183,Jill Irving,,,,,,,Female,,,,,,,,,,,,,,,,
338186,Naima Moreira,,,,,,,Female,,,,,,,,,,,,,,,,
338187,Karl Slezak,,,,,,,Male,,,,,,,,,,,,,,,,
338188,von Chris,,,,,,,Male,,,,,,,,,,,,,,,,
338190,Gilmar Congo,,,,,,,Male,,,,,,,,,,,,,,,,
338192,Nickeil Alexander-walker,,,,,,,Male,,,,,,,,,,,,,,,,
338193,Rj Barrett,,,,,,,Male,,,,,,,,,,,,,,,,
338194,Khem Birch,,,,,,,Male,,,,,,,,,,,,,,,,
338195,Kacie Bosch,,,,,,,Female,,,,,,,,,,,,,,,,
338196,Dillon Brooks,,,,,,,Male,,,,,,,,,,,,,,,,
338198,Paige Crozon,,,,,,,Female,,,,,,,,,,,,,,,,
338199,Luguentz Dort,,,,,,,Male,,,,,,,,,,,,,,,,
338200,Melvin Ejim,,,,,,,Male,,,,,,,,,,,,,,,,
338201,Yvonne Ejim,,,,,,,Female,,,,,,,,,,,,,,,,
338203,Shai Gilgeous-alexander,,,,,,,Male,,,,,,,,,,,,,,,,
338204,Sami Hill,,,,,,,Female,,,,,,,,,,,,,,,,
338205,Trey Lyles,,,,,,,Male,,,,,,,,,,,,,,,,
338206,Jamal Murray,,,,,,,Male,,,,,,,,,,,,,,,,
338207,Andrew Nembhard,,,,,,,Male,,,,,,,,,,,,,,,,
338209,Kelly Olynyk,,,,,,,Male,,,,,,,,,,,,,,,,
338212,Dwight Powell,,,,,,,Male,,,,,,,,,,,,,,,,
338213,Cassandre Prosper,,,,,,,Female,,,,,,,,,,,,,,,,
338214,Syla Swords,,,,,,,Female,,,,,,,,,,,,,,,,
338215,Jose Palacios,,,,,,,Female,,,,,,,,,,,,,,,,
338216,Chiamaka Nnadozie,,,,,,,Female,,,,,,,,,,,,,,,,
338217,Peter Gonzalez,,,,,,,Male,,,,,,,,,,,,,,,,
338218,Osinachi Ohale,,,,,,,Female,,,,,,,,,,,,,,,,
338219,Ousmane Camara,,,,,,,Male,,,,,,,,,,,,,,,,
338220,Amadou Diallo,,,,,,,Male,,,,,,,,,,,,,,,,
338221,Issiaga Camara,,,,,,,Male,,,,,,,,,,,,,,,,
338222,Amadou Diawara,,,,,,,Male,,,,,,,,,,,,,,,,
338223,Yixiao Lv,,,,,,,Female,,,,,,,,,,,,,,,,
338224,William Tai,,,,,,,Male,,,,,,,,,,,,,,,,
338225,Jarod Hatch,,,,,,,Male,,,,,,,,,,,,,,,,
338226,Kayla Sanchez,,,,,,,Female,,,,,,,,,,,,,,,,
338227,Edriel Yulo,,,,,,,Male,,,,,,,,,,,,,,,,
338228,Aleah Finnegan,,,,,,,Female,,,,,,,,,,,,,,,,
338229,Duana Lama,,,,,,,Female,,,,,,,,,,,,,,,,
338230,Chidinma Okeke,,,,,,,Female,,,,,,,,,,,,,,,,
338231,Esther Okoronkwo,,,,,,,Female,,,,,,,,,,,,,,,,
338232,Maxine Egner,,,,,,,Female,,,,,,,,,,,,,,,,
338233,Tochukwu Oluehi,,,,,,,Female,,,,,,,,,,,,,,,,
338234,Joanie Delgaco,,,,,,,Female,,,,,,,,,,,,,,,,
338235,Ifeoma Onumonu,,,,,,,Female,,,,,,,,,,,,,,,,
338236,Prisca Chilufya,,,,,,,Female,,,,,,,,,,,,,,,,
338238,Asisat Oshoala,,,,,,,Female,,,,,,,,,,,,,,,,
338239,Vatomanga Gardiner,,,,,,,Male,,,,,,,,,,,,,,,,
338240,Lena Bickel,,,,,,,Female,,,,,,,,,,,,,,,,
338241,Thalya Burford,,,,,,,Female,,,,,,,,,,,,,,,,
338242,Dominic Condrau,,,,,,,Male,,,,,,,,,,,,,,,,
338243,Sylvain Fridelance,,,,,,,Male,,,,,,,,,,,,,,,,
338244,Dilhani Lekamge,,,,,,,Female,,,,,,,,,,,,,,,,
338246,Nadine Aeberhard,,,,,,,Female,,,,,,,,,,,,,,,,
338247,Raphael Ahumada,,,,,,,Male,,,,,,,,,,,,,,,,
338248,Michelle Andres,,,,,,,Female,,,,,,,,,,,,,,,,
338249,Sarah Atcho-jaquier,,,,,,,Female,,,,,,,,,,,,,,,,
338250,Scott Baerlocher,,,,,,,Male,,,,,,,,,,,,,,,,
338251,Alexis Bayard,,,,,,,Male,,,,,,,,,,,,,,,,
338252,Tiago Behar,,,,,,,Male,,,,,,,,,,,,,,,,
338253,Esmee Boebner,,,,,,,Female,,,,,,,,,,,,,,,,
338254,Thierry Bollin,,,,,,,Male,,,,,,,,,,,,,,,,
338255,Julien Bonvin,,,,,,,Male,,,,,,,,,,,,,,,,
338256,Adrien Briffod,,,,,,,Male,,,,,,,,,,,,,,,,
338257,Nina Brunner,,,,,,,Female,,,,,,,,,,,,,,,,
338258,Patrick Brunner,,,,,,,Male,,,,,,,,,,,,,,,,
338259,Pauline Brunner,,,,,,,Female,,,,,,,,,,,,,,,,
338260,Celine Burgi,,,,,,,Female,,,,,,,,,,,,,,,,
338261,Cedric Butti,,,,,,,Male,,,,,,,,,,,,,,,,
338264,Zoe Claessens,,,,,,,Female,,,,,,,,,,,,,,,,
338265,Elia Colombo,,,,,,,Male,,,,,,,,,,,,,,,,
338266,Alexandre Dallenbach,,,,,,,Male,,,,,,,,,,,,,,,,
338267,de Arno,,,,,,,Male,,,,,,,,,,,,,,,,
338268,Julie Derron,,,,,,,Female,,,,,,,,,,,,,,,,
338269,Charles Devantay,,,,,,,Male,,,,,,,,,,,,,,,,
338270,Antonio Djakovic,,,,,,,Male,,,,,,,,,,,,,,,,
338271,Celia Dupre,,,,,,,Female,,,,,,,,,,,,,,,,
338272,Christoph Duerr,,,,,,,Male,,,,,,,,,,,,,,,,
338273,Simon Ehammer,,,,,,,Male,,,,,,,,,,,,,,,,
338274,Daniel Eich,,,,,,,Male,,,,,,,,,,,,,,,,
338276,Geraldine Frey,,,,,,,Female,,,,,,,,,,,,,,,,
338278,Vincent Gendre,,,,,,,Male,,,,,,,,,,,,,,,,
338279,Joel Girrbach,,,,,,,Male,,,,,,,,,,,,,,,,
338280,Luca Giubellini,,,,,,,Male,,,,,,,,,,,,,,,,
338281,Matteo Giubellini,,,,,,,Male,,,,,,,,,,,,,,,,
338283,Audrey Gogniat,,,,,,,Female,,,,,,,,,,,,,,,,
338284,Catia Gubelmann,,,,,,,Female,,,,,,,,,,,,,,,,
338286,Elena Hartmann,,,,,,,Female,,,,,,,,,,,,,,,,
338288,Tanja Hueberli,,,,,,,Female,,,,,,,,,,,,,,,,
338289,Salome Huesler,,,,,,,Female,,,,,,,,,,,,,,,,
338290,Nihed Benchadli,,,,,,,Female,,,,,,,,,,,,,,,,
338291,Elo Joseph,,,,,,,Female,,,,,,,,,,,,,,,,
338292,Dubem Amene,,,,,,,Male,,,,,,,,,,,,,,,,
338294,Kim Emmen,,,,,,,Female,,,,,,,,,,,,,,,,
338295,de Sanne,,,,,,,Female,,,,,,,,,,,,,,,,
338296,Raf Kooremans,,,,,,,Male,,,,,,,,,,,,,,,,
338297,van Dinja,,,,,,,Female,,,,,,,,,,,,,,,,
338298,Peter Minderhoud,,,,,,,Male,,,,,,,,,,,,,,,,
338300,Emmelie Scholtens,,,,,,,Female,,,,,,,,,,,,,,,,
338302,van Maikel,,,,,,,Male,,,,,,,,,,,,,,,,
338303,Simbiat Adeshina,,,,,,,Female,,,,,,,,,,,,,,,,
338304,Vladimir Egorov,,,,,,,Male,,,,,,,,,,,,,,,,
338305,Chinecherem Nnamdi,,,,,,,Male,,,,,,,,,,,,,,,,
338306,Nikos Chougkaz,,,,,,,Male,,,,,,,,,,,,,,,,
338307,Dimitra Kontou,,,,,,,Female,,,,,,,,,,,,,,,,
338309,Thomas Walkup,,,,,,,Male,,,,,,,,,,,,,,,,
338310,Evangelia Anastasiadou,,,,,,,Female,,,,,,,,,,,,,,,,
338311,Omar Abbas,,,,,,,Male,,,,,,,,,,,,,,,,
338312,Antonios Papakonstantinou,,,,,,,Male,,,,,,,,,,,,,,,,
338314,Christina Bourmpou,,,,,,,Female,,,,,,,,,,,,,,,,
338315,Petros Gkaidatzis,,,,,,,Male,,,,,,,,,,,,,,,,
338316,Zoi Fitsiou,,,,,,,Female,,,,,,,,,,,,,,,,
338317,Stacey Flood,,,,,,,Female,,,,,,,,,,,,,,,,
338318,Simon Doueihy,,,,,,,Male,,,,,,,,,,,,,,,,
338319,Kathy Baker,,,,,,,Female,,,,,,,,,,,,,,,,
338320,Lynn El,,,,,,,Female,,,,,,,,,,,,,,,,
338321,Toni Payne,,,,,,,Female,,,,,,,,,,,,,,,,
338322,Nicole Payne,,,,,,,Female,,,,,,,,,,,,,,,,
338323,Cyusa Peyre,,,,,,,Male,,,,,,,,,,,,,,,,
338324,Jo Rutter,,,,,,,Female,,,,,,,,,,,,,,,,
338325,Katarzyna Szperkiewicz,,,,,,,Female,,,,,,,,,,,,,,,,
338326,Eliora Irishura,,,,,,,Female,,,,,,,,,,,,,,,,
338327,Sevuloni Mocenacagi,,,,,,,Male,,,,,,,,,,,,,,,,
338328,Jonah Plock,,,,,,,Male,,,,,,,,,,,,,,,,
338329,Katharina Janzen,,,,,,,Female,,,,,,,,,,,,,,,,
338331,Anna Jurt,,,,,,,Female,,,,,,,,,,,,,,,,
338332,Annik Kaelin,,,,,,,Female,,,,,,,,,,,,,,,,
338333,Ditaji Kambundji,,,,,,,Female,,,,,,,,,,,,,,,,
338335,Alessandra Keller,,,,,,,Female,,,,,,,,,,,,,,,,
338336,Stefan Kueng,,,,,,,Male,,,,,,,,,,,,,,,,
338337,Tobias Kuenzi,,,,,,,Male,,,,,,,,,,,,,,,,
338338,Maurin Lange,,,,,,,Male,,,,,,,,,,,,,,,,
338339,Florian Langenegger,,,,,,,Male,,,,,,,,,,,,,,,,
338340,Sascha Lehmann,,,,,,,Male,,,,,,,,,,,,,,,,
338341,Elena Lengwiler,,,,,,,Female,,,,,,,,,,,,,,,,
338342,Chiara Leone,,,,,,,Female,,,,,,,,,,,,,,,,
338343,Jasmin Liechti,,,,,,,Female,,,,,,,,,,,,,,,,
338344,Nils Liess,,,,,,,Male,,,,,,,,,,,,,,,,
338345,Lisa Loetscher,,,,,,,Female,,,,,,,,,,,,,,,,
338346,Lisa Mamie,,,,,,,Female,,,,,,,,,,,,,,,,
338347,Yves Mermod,,,,,,,Male,,,,,,,,,,,,,,,,
338348,Morgane Metraux,,,,,,,Female,,,,,,,,,,,,,,,,
338349,Nadja Minder,,,,,,,Female,,,,,,,,,,,,,,,,
338351,Timothe Mumenthaler,,,,,,,Male,,,,,,,,,,,,,,,,
338352,Binta Ndiaye,,,,,,,Female,,,,,,,,,,,,,,,,
338353,Julia Niederberger,,,,,,,Female,,,,,,,,,,,,,,,,
338355,Leonie Pointet,,,,,,,Female,,,,,,,,,,,,,,,,
338356,Noe Ponti,,,,,,,Male,,,,,,,,,,,,,,,,
338358,Roman Roeoesli,,,,,,,Male,,,,,,,,,,,,,,,,
338359,Valentina Rosamilia,,,,,,,Female,,,,,,,,,,,,,,,,
338360,Tim Roth,,,,,,,Male,,,,,,,,,,,,,,,,
338361,Noemi Rueegg,,,,,,,Female,,,,,,,,,,,,,,,,
338362,Oluchi Ochonogor,,,,,,,Female,,,,,,,,,,,,,,,,
338364,Helen Bekele,,,,,,,Female,,,,,,,,,,,,,,,,
338365,Cathia Schar,,,,,,,Female,,,,,,,,,,,,,,,,
338366,Kai Schaetzle,,,,,,,Male,,,,,,,,,,,,,,,,
338367,Jan Schaeuble,,,,,,,Male,,,,,,,,,,,,,,,,
338369,Edouard Schmitz,,,,,,,Male,,,,,,,,,,,,,,,,
338370,Joel Schuerch,,,,,,,Male,,,,,,,,,,,,,,,,
338372,Fabienne Schweizer,,,,,,,Female,,,,,,,,,,,,,,,,
338374,Noe Seifert,,,,,,,Male,,,,,,,,,,,,,,,,
338375,Aline Seitz,,,,,,,Female,,,,,,,,,,,,,,,,
338376,Giulia Senn,,,,,,,Female,,,,,,,,,,,,,,,,
338377,Taha Serhani,,,,,,,Male,,,,,,,,,,,,,,,,
338379,Jason Solari,,,,,,,Male,,,,,,,,,,,,,,,,
338380,Lionel Spitz,,,,,,,Male,,,,,,,,,,,,,,,,
338381,Jenjira Stadelmann,,,,,,,Female,,,,,,,,,,,,,,,,
338382,Filib Steiner,,,,,,,Male,,,,,,,,,,,,,,,,
338383,Pascale Stocklin,,,,,,,Female,,,,,,,,,,,,,,,,
338386,Andrina Suter,,,,,,,Female,,,,,,,,,,,,,,,,
338387,Felix Svensson,,,,,,,Male,,,,,,,,,,,,,,,,
338389,Zoe Verge-depre,,,,,,,Female,,,,,,,,,,,,,,,,
338390,Alex Vogel,,,,,,,Male,,,,,,,,,,,,,,,,
338392,Pascale Walker,,,,,,,Female,,,,,,,,,,,,,,,,
338393,Stan Wawrinka,,,,,,,Male,,,,,,,,,,,,,,,,
338394,Lena Wernli,,,,,,,Female,,,,,,,,,,,,,,,,
338395,Audrey Werro,,,,,,,Female,,,,,,,,,,,,,,,,
338396,Simon Westermann,,,,,,,Male,,,,,,,,,,,,,,,,
338397,Linda Zanetti,,,,,,,Female,,,,,,,,,,,,,,,,
338399,Victor Kiplangat,,,,,,,Male,,,,,,,,,,,,,,,,
338402,Christy Ucheibe,,,,,,,Female,,,,,,,,,,,,,,,,
338403,Michaela Corcoran,,,,,,,Female,,,,,,,,,,,,,,,,
338404,John Obiena,,,,,,,Male,,,,,,,,,,,,,,,,
338405,Brian Fay,,,,,,,Male,,,,,,,,,,,,,,,,
338406,Belly-cresus Ganira,,,,,,,Male,,,,,,,,,,,,,,,,
338407,Aliaa Saleh,,,,,,,Female,,,,,,,,,,,,,,,,
338408,Amina Sobeih,,,,,,,Female,,,,,,,,,,,,,,,,
338409,Abeer Ramadan,,,,,,,Female,,,,,,,,,,,,,,,,
338410,Kolora Lomani,,,,,,,Female,,,,,,,,,,,,,,,,
338411,Geronay Whitebooi,,,,,,,Female,,,,,,,,,,,,,,,,
338412,Khaled Almudhaf,,,,,,,Male,,,,,,,,,,,,,,,,
338413,Tufaha Uwihoreye,,,,,,,Female,,,,,,,,,,,,,,,,
338414,Alena Ivanchenko,,,,,,,Female,,,,,,,,,,,,,,,,
338415,Gleb Syritsa,,,,,,,Male,,,,,,,,,,,,,,,,
338416,Alexey Korovashkov,,,,,,,Male,,,,,,,,,,,,,,,,
338417,Zakhar Petrov,,,,,,,Male,,,,,,,,,,,,,,,,
338418,Olesia Romasenko,,,,,,,Female,,,,,,,,,,,,,,,,
338420,Giorgia Cesarini,,,,,,,Female,,,,,,,,,,,,,,,,
338421,Yashar Najafov,,,,,,,Male,,,,,,,,,,,,,,,,
338422,Elena Vesnina,,,,,,,Female,,,,,,,,,,,,,,,,
338423,Pavel Kotov,,,,,,,Male,,,,,,,,,,,,,,,,
338424,Roman Safiullin,,,,,,,Male,,,,,,,,,,,,,,,,
338425,Ekaterina Alexandrova,,,,,,,Female,,,,,,,,,,,,,,,,
338426,Diana Shnaider,,,,,,,Female,,,,,,,,,,,,,,,,
338427,Mirra Andreeva,,,,,,,Female,,,,,,,,,,,,,,,,
338428,Daniil Medvedev,,,,,,,Male,,,,,,,,,,,,,,,,
338429,Felix Marcial,,,,,,,Male,,,,,,,,,,,,,,,,
338430,Aira Villegas,,,,,,,Female,,,,,,,,,,,,,,,,
338431,Hergie Bacyadan,,,,,,,Female,,,,,,,,,,,,,,,,
338432,Manita Shrestha,,,,,,,Female,,,,,,,,,,,,,,,,
338433,Mariandree Chacon,,,,,,,Female,,,,,,,,,,,,,,,,
338434,Malik James-king,,,,,,,Male,,,,,,,,,,,,,,,,
338435,Rae Kim,,,,,,,Female,,,,,,,,,,,,,,,,
338436,Mi Jo,,,,,,,Female,,,,,,,,,,,,,,,,
338437,Myong Im,,,,,,,Male,,,,,,,,,,,,,,,,
338438,Ryong Han,,,,,,,Male,,,,,,,,,,,,,,,,
338439,Cholmi Pang,,,,,,,Female,,,,,,,,,,,,,,,,
338440,Ungyong Won,,,,,,,Female,,,,,,,,,,,,,,,,
338441,Ok An,,,,,,,Female,,,,,,,,,,,,,,,,
338442,Hui Mun,,,,,,,Female,,,,,,,,,,,,,,,,
338443,Gyong Pyon,,,,,,,Female,,,,,,,,,,,,,,,,
338444,Yong Kim,,,,,,,Female,,,,,,,,,,,,,,,,
338445,Sik Ri,,,,,,,Male,,,,,,,,,,,,,,,,
338446,Gyong Choe,,,,,,,Female,,,,,,,,,,,,,,,,
338447,Gum Pak,,,,,,,Female,,,,,,,,,,,,,,,,
338448,Ung Ri,,,,,,,Male,,,,,,,,,,,,,,,,
338449,Kishane Thompson,,,,,,,Male,,,,,,,,,,,,,,,,
338450,Anzhela Bladtceva,,,,,,,Female,,,,,,,,,,,,,,,,
338451,Eric Manizabayo,,,,,,,Male,,,,,,,,,,,,,,,,
338452,Mohamed Cisset,,,,,,,Male,,,,,,,,,,,,,,,,
338453,Diane Ingabire,,,,,,,Female,,,,,,,,,,,,,,,,
338454,Caramnob Sagaipov,,,,,,,Male,,,,,,,,,,,,,,,,
338455,Rotich Kwemoi,,,,,,,Male,,,,,,,,,,,,,,,,
338456,Ibrahim Fuseini,,,,,,,Male,,,,,,,,,,,,,,,,
338457,Megan Valzonis,,,,,,,Female,,,,,,,,,,,,,,,,
338458,Oscar Chelimo,,,,,,,Male,,,,,,,,,,,,,,,,
338459,Isaac Botsio,,,,,,,Male,,,,,,,,,,,,,,,,
338460,Abdul-rasheed Saminu,,,,,,,Male,,,,,,,,,,,,,,,,
338461,Leonard Chemutai,,,,,,,Male,,,,,,,,,,,,,,,,
338462,Aleks Vlah,,,,,,,Male,,,,,,,,,,,,,,,,
338463,Alen Pajenk,,,,,,,Male,,,,,,,,,,,,,,,,
338464,Alja Varagic,,,,,,,Female,,,,,,,,,,,,,,,,
338465,Amra Pandzic,,,,,,,Female,,,,,,,,,,,,,,,,
338466,Ana Abina,,,,,,,Female,,,,,,,,,,,,,,,,
338467,Ana Belac,,,,,,,Female,,,,,,,,,,,,,,,,
338468,Ana Gros,,,,,,,Female,,,,,,,,,,,,,,,,
338469,Andreja Leski,,,,,,,Female,,,,,,,,,,,,,,,,
338470,Anka Pogacnik,,,,,,,Female,,,,,,,,,,,,,,,,
338471,Barbara Lazovic,,,,,,,Female,,,,,,,,,,,,,,,,
338472,Borut Mackovsek,,,,,,,Male,,,,,,,,,,,,,,,,
338473,Dejan Vincic,,,,,,,Male,,,,,,,,,,,,,,,,
338474,Dijana Dajic,,,,,,,Female,,,,,,,,,,,,,,,,
338475,Domen Novak,,,,,,,Male,,,,,,,,,,,,,,,,
338477,Ekaterina Vedeneeva,,,,,,,Female,,,,,,,,,,,,,,,,
338478,Elizabeth Omoregie,,,,,,,Female,,,,,,,,,,,,,,,,
338479,Ema Abina,,,,,,,Female,,,,,,,,,,,,,,,,
338480,Ema Hrvatin,,,,,,,Female,,,,,,,,,,,,,,,,
338481,Enej Marinic,,,,,,,Male,,,,,,,,,,,,,,,,
338482,Alina Hocevar,,,,,,,Female,,,,,,,,,,,,,,,,
338483,Gregor Ropret,,,,,,,Male,,,,,,,,,,,,,,,,
338484,Ivan Zvegelj,,,,,,,Male,,,,,,,,,,,,,,,,
338486,Charlene Coetzee,,,,,,,Female,,,,,,,,,,,,,,,,
338487,Rebecca Cheptegei,,,,,,,Female,,,,,,,,,,,,,,,,
338488,Adriaan Wildschutt,,,,,,,Male,,,,,,,,,,,,,,,,
338490,Sinesipho Dambile,,,,,,,Male,,,,,,,,,,,,,,,,
338492,Benjamin Richardson,,,,,,,Male,,,,,,,,,,,,,,,,
338496,Gardeo Isaacs,,,,,,,Male,,,,,,,,,,,,,,,,
338497,Ryan Mphahlele,,,,,,,Male,,,,,,,,,,,,,,,,
338498,Prudence Sekgodiso,,,,,,,Female,,,,,,,,,,,,,,,,
338499,van Jovan,,,,,,,Male,,,,,,,,,,,,,,,,
338500,Tshepo Tshite,,,,,,,Male,,,,,,,,,,,,,,,,
338502,Zeney Geldenhuys,,,,,,,Female,,,,,,,,,,,,,,,,
338504,Francois Prinsloo,,,,,,,Male,,,,,,,,,,,,,,,,
338505,Cian Oldknow,,,,,,,Female,,,,,,,,,,,,,,,,
338506,van Jo-ane,,,,,,,Female,,,,,,,,,,,,,,,,
338507,Marione Fourie,,,,,,,Female,,,,,,,,,,,,,,,,
338508,Rogail Joseph,,,,,,,Female,,,,,,,,,,,,,,,,
338509,Brian Raats,,,,,,,Male,,,,,,,,,,,,,,,,
338511,Victor Hogan,,,,,,,Male,,,,,,,,,,,,,,,,
338512,Matthys Nortje,,,,,,,Male,,,,,,,,,,,,,,,,
338513,Jakob Bozic,,,,,,,Male,,,,,,,,,,,,,,,,
338514,Jan Kozamernik,,,,,,,Male,,,,,,,,,,,,,,,,
338515,Jani Kovacic,,,,,,,Male,,,,,,,,,,,,,,,,
338517,Klemen Cebulj,,,,,,,Male,,,,,,,,,,,,,,,,
338518,Klemen Ferlin,,,,,,,Male,,,,,,,,,,,,,,,,
338519,Lia Apostolovski,,,,,,,Female,,,,,,,,,,,,,,,,
338520,Lin Pletikos,,,,,,,Female,,,,,,,,,,,,,,,,
338521,Lina Erzen,,,,,,,Female,,,,,,,,,,,,,,,,
338522,Lucija Hribar,,,,,,,Female,,,,,,,,,,,,,,,,
338523,Luka Mezgec,,,,,,,Male,,,,,,,,,,,,,,,,
338524,Luka Potocar,,,,,,,Male,,,,,,,,,,,,,,,,
338525,Maja Svetik,,,,,,,Female,,,,,,,,,,,,,,,,
338526,Maja Vojnovic,,,,,,,Female,,,,,,,,,,,,,,,,
338527,Marusa Stangar,,,,,,,Female,,,,,,,,,,,,,,,,
338529,Ian Gucek,,,,,,,Male,,,,,,,,,,,,,,,,
338530,Metka Lobnik,,,,,,,Female,,,,,,,,,,,,,,,,
338533,Joy Cheptoyek,,,,,,,Female,,,,,,,,,,,,,,,,
338534,Sharlene Mawdsley,,,,,,,Female,,,,,,,,,,,,,,,,
338535,Jude Gallagher,,,,,,,Male,,,,,,,,,,,,,,,,
338536,Terrence Jones,,,,,,,Male,,,,,,,,,,,,,,,,
338537,Mariam Sheikhalizadehkhanghah,,,,,,,Female,,,,,,,,,,,,,,,,
338538,Javonya Valcourt,,,,,,,Female,,,,,,,,,,,,,,,,
338539,Natasa Ljepoja,,,,,,,Female,,,,,,,,,,,,,,,,
338540,Neja Filipic,,,,,,,Female,,,,,,,,,,,,,,,,
338541,Nejc Cehte,,,,,,,Male,,,,,,,,,,,,,,,,
338542,Nena Cernigoj,,,,,,,Female,,,,,,,,,,,,,,,,
338543,Neza Klancar,,,,,,,Female,,,,,,,,,,,,,,,,
338544,Nik Mujanovic,,,,,,,Male,,,,,,,,,,,,,,,,
338545,Nina Kostanjsek,,,,,,,Female,,,,,,,,,,,,,,,,
338546,Nina Spreitzer,,,,,,,Female,,,,,,,,,,,,,,,,
338547,Patrik Divkovic,,,,,,,Male,,,,,,,,,,,,,,,,
338548,Peter Hribar,,,,,,,Male,,,,,,,,,,,,,,,,
338550,Rok Mozic,,,,,,,Male,,,,,,,,,,,,,,,,
338551,Saso Boskan,,,,,,,Male,,,,,,,,,,,,,,,,
338552,Saso Stalekar,,,,,,,Male,,,,,,,,,,,,,,,,
338553,Stas Jovicic,,,,,,,Male,,,,,,,,,,,,,,,,
338554,Tamara Mavsar,,,,,,,Female,,,,,,,,,,,,,,,,
338555,Tilen Kodrin,,,,,,,Male,,,,,,,,,,,,,,,,
338558,Tine Urnaut,,,,,,,Male,,,,,,,,,,,,,,,,
338559,Tjasa Stanko,,,,,,,Female,,,,,,,,,,,,,,,,
338560,Toncek Stern,,,,,,,Male,,,,,,,,,,,,,,,,
338561,Toni Vodisek,,,,,,,Male,,,,,,,,,,,,,,,,
338563,Urh Kastelic,,,,,,,Male,,,,,,,,,,,,,,,,
338564,Uros Planinsic,,,,,,,Male,,,,,,,,,,,,,,,,
338565,Urska Pintar,,,,,,,Female,,,,,,,,,,,,,,,,
338566,Valentina Klemencic,,,,,,,Female,,,,,,,,,,,,,,,,
338567,Luka Zelko,,,,,,,Male,,,,,,,,,,,,,,,,
338568,Zana Pintaric,,,,,,,Female,,,,,,,,,,,,,,,,
338569,Ziga Stern,,,,,,,Male,,,,,,,,,,,,,,,,
338570,Ann Ando,,,,,,,Female,,,,,,,,,,,,,,,,
338571,Vanessa Sarno,,,,,,,Female,,,,,,,,,,,,,,,,
338572,Febuar Ceniza,,,,,,,Male,,,,,,,,,,,,,,,,
338573,John Cabang,,,,,,,Male,,,,,,,,,,,,,,,,
338574,Lauren Hoffman,,,,,,,Female,,,,,,,,,,,,,,,,
338575,Hasrat Jafarov,,,,,,,Male,,,,,,,,,,,,,,,,
338576,Ken Mullings,,,,,,,Male,,,,,,,,,,,,,,,,
338577,McCOY Wanya,,,,,,,Male,,,,,,,,,,,,,,,,
338578,Sanan Suleymanov,,,,,,,Male,,,,,,,,,,,,,,,,
338579,Magomedkhan Magomedov,,,,,,,Male,,,,,,,,,,,,,,,,
338580,Heinz Morschel,,,,,,,Male,,,,,,,,,,,,,,,,
338581,Ponipate Loganimasi,,,,,,,Male,,,,,,,,,,,,,,,,
338582,de Luiyi,,,,,,,Male,,,,,,,,,,,,,,,,
338583,Sitali Kakene,,,,,,,Male,,,,,,,,,,,,,,,,
338584,Raisuqe Josaia,,,,,,,Male,,,,,,,,,,,,,,,,
338585,Belinda Chemutai,,,,,,,Female,,,,,,,,,,,,,,,,
338586,Samuel Ogazi,,,,,,,Male,,,,,,,,,,,,,,,,
338587,Dharshana Singhapurage,,,,,,,Male,,,,,,,,,,,,,,,,
338588,Jonny Marshall,,,,,,,Male,,,,,,,,,,,,,,,,
338589,Honey Osrin,,,,,,,Female,,,,,,,,,,,,,,,,
338590,Maxim Sacultan,,,,,,,Male,,,,,,,,,,,,,,,,
338591,Carlos D'ambrosio,,,,,,,Male,,,,,,,,,,,,,,,,
338592,Angharad Evans,,,,,,,Female,,,,,,,,,,,,,,,,
338594,Davranbek Hasanbayev,,,,,,,Male,,,,,,,,,,,,,,,,
338595,Jere Hribar,,,,,,,Male,,,,,,,,,,,,,,,,
338596,Maksym Khlan,,,,,,,Male,,,,,,,,,,,,,,,,
338597,Darya Chuprys,,,,,,,Female,,,,,,,,,,,,,,,,
338598,Lukas Krappe,,,,,,,Male,,,,,,,,,,,,,,,,
338599,Vicki Elmes,,,,,,,Female,,,,,,,,,,,,,,,,
338600,Madison Corcoran,,,,,,,Female,,,,,,,,,,,,,,,,
338601,Ahmed Durrani,,,,,,,Male,,,,,,,,,,,,,,,,
338602,Selesitino Ravutaumada,,,,,,,Male,,,,,,,,,,,,,,,,
338603,Milagros Duran,,,,,,,Female,,,,,,,,,,,,,,,,
338604,Alizadeh Kimia,,,,,,,Female,,,,,,,,,,,,,,,,
338605,Matthias Kyburz,,,,,,,Male,,,,,,,,,,,,,,,,
338607,Lolohea Navuga,,,,,,,Female,,,,,,,,,,,,,,,,
338608,Susannah Berry,,,,,,,Female,,,,,,,,,,,,,,,,
338609,Kinzang Lhamo,,,,,,,Female,,,,,,,,,,,,,,,,
338610,Levi Ruivivar,,,,,,,Female,,,,,,,,,,,,,,,,
338611,Emma Malabuyo,,,,,,,Female,,,,,,,,,,,,,,,,
338612,Dottie Ardina,,,,,,,Female,,,,,,,,,,,,,,,,
338613,Harmodio Deliser,,,,,,,Male,,,,,,,,,,,,,,,,
338614,Kyle Catantan,,,,,,,Female,,,,,,,,,,,,,,,,
338615,Yulenmis Aguilar,,,,,,,Female,,,,,,,,,,,,,,,,
338616,Chermen Valiev,,,,,,,Male,,,,,,,,,,,,,,,,
338617,Valentin Betoudji,,,,,,,Male,,,,,,,,,,,,,,,,
338618,Lalomilo Lalomilo,,,,,,,Male,,,,,,,,,,,,,,,,
338619,Alamanda Motuga,,,,,,,Male,,,,,,,,,,,,,,,,
338620,Aleksandra Stoilova,,,,,,,Female,,,,,,,,,,,,,,,,
338621,Corey Weyer,,,,,,,Male,,,,,,,,,,,,,,,,
338622,Tori West,,,,,,,Female,,,,,,,,,,,,,,,,
338623,Rouxin Tan,,,,,,,Female,,,,,,,,,,,,,,,,
338625,Amir Rezanejad,,,,,,,Male,,,,,,,,,,,,,,,,
338626,Astri Ertzgaard,,,,,,,Female,,,,,,,,,,,,,,,,
338627,Elisabeth Slettum,,,,,,,Female,,,,,,,,,,,,,,,,
338628,Tomine Eriksen,,,,,,,Female,,,,,,,,,,,,,,,,
338629,Irina-camelia Begu,,,,,,,Female,,,,,,,,,,,,,,,,
338630,Sanu Jallow,,,,,,,Female,,,,,,,,,,,,,,,,
338631,Jennifer Echegini,,,,,,,Female,,,,,,,,,,,,,,,,
338632,Chinonyerem Macleans,,,,,,,Female,,,,,,,,,,,,,,,,
338633,Andrew Smith,,,,,,,Male,,,,,,,,,,,,,,,,
338635,Samer Al-yafaee,,,,,,,Male,,,,,,,,,,,,,,,,
338636,Christopher Borzor,,,,,,,Male,,,,,,,,,,,,,,,,
338637,Sara Fiorin,,,,,,,Female,,,,,,,,,,,,,,,,
338638,Denisha Cartwright,,,,,,,Female,,,,,,,,,,,,,,,,
338639,Marko Grgic,,,,,,,Male,,,,,,,,,,,,,,,,
338640,Phoebe Gill,,,,,,,Female,,,,,,,,,,,,,,,,
338642,Jean-philippe Mateta,,,,,,,Male,,,,,,,,,,,,,,,,
338643,Aan Hussain,,,,,,,Male,,,,,,,,,,,,,,,,
338644,Zeddy Cherotich,,,,,,,Female,,,,,,,,,,,,,,,,
338645,Alexander Munyao,,,,,,,Male,,,,,,,,,,,,,,,,
338646,Oyesade Olatoye,,,,,,,Female,,,,,,,,,,,,,,,,
338647,Berhane Tesfay,,,,,,,Male,,,,,,,,,,,,,,,,
338648,Nelly Jepkosgei,,,,,,,Female,,,,,,,,,,,,,,,,
338649,Giuliano Simeone,,,,,,,Male,,,,,,,,,,,,,,,,
338650,Louie Hinchliffe,,,,,,,Male,,,,,,,,,,,,,,,,
338651,Remigio Santander,,,,,,,Male,,,,,,,,,,,,,,,,
338652,Maha Alshehhi,,,,,,,Female,,,,,,,,,,,,,,,,
338653,Mariam Alfarsi,,,,,,,Female,,,,,,,,,,,,,,,,
338654,Vitalii Butrym,,,,,,,Male,,,,,,,,,,,,,,,,
338655,Lauren Cadden,,,,,,,Female,,,,,,,,,,,,,,,,
338656,McCANN Rachel,,,,,,,Female,,,,,,,,,,,,,,,,
338657,Dylan Sicobo,,,,,,,Male,,,,,,,,,,,,,,,,
338658,Regan Rathwell,,,,,,,Female,,,,,,,,,,,,,,,,
338660,Tobias Gronstad,,,,,,,Male,,,,,,,,,,,,,,,,
338661,Ihor Krasnopir,,,,,,,Male,,,,,,,,,,,,,,,,
338662,Christopher Baxter,,,,,,,Male,,,,,,,,,,,,,,,,
338663,Benjamin Hassan,,,,,,,Male,,,,,,,,,,,,,,,,
338664,Anastasiya Zelinskaya,,,,,,,Female,,,,,,,,,,,,,,,,
338665,Adell Sabovic,,,,,,,Male,,,,,,,,,,,,,,,,
338666,Adrian Swart,,,,,,,Male,,,,,,,,,,,,,,,,
338667,Bayanda Walaza,,,,,,,Male,,,,,,,,,,,,,,,,
338668,Bradley Nkoana,,,,,,,Male,,,,,,,,,,,,,,,,
338669,Suryanti Djoparto,,,,,,,Female,,,,,,,,,,,,,,,,
338670,Vanessa Caicedo,,,,,,,Female,,,,,,,,,,,,,,,,
338671,Enqi Jiao,,,,,,,Female,,,,,,,,,,,,,,,,
338672,Martin Kiprotich,,,,,,,Male,,,,,,,,,,,,,,,,
338673,Woomin Kim,,,,,,,Male,,,,,,,,,,,,,,,,
338674,Liam Gillion,,,,,,,Male,,,,,,,,,,,,,,,,
338675,Jion Hosei,,,,,,,Male,,,,,,,,,,,,,,,,
338676,Doaa Elghobashy,,,,,,,Female,,,,,,,,,,,,,,,,
338677,Marwa Abdelhady,,,,,,,Female,,,,,,,,,,,,,,,,
338678,Vladyslav Veleten,,,,,,,Male,,,,,,,,,,,,,,,,
338679,Oleh Fedor,,,,,,,Male,,,,,,,,,,,,,,,,
338680,Illia Krupskyi,,,,,,,Male,,,,,,,,,,,,,,,,
338681,Chadd Ng,,,,,,,Male,,,,,,,,,,,,,,,,
338682,Saisai Zheng,,,,,,,Female,,,,,,,,,,,,,,,,
338683,Lisa Rooms,,,,,,,Female,,,,,,,,,,,,,,,,
338684,Santoo Shrestha,,,,,,,Male,,,,,,,,,,,,,,,,
338685,Toby Harries,,,,,,,Male,,,,,,,,,,,,,,,,
338686,Jhonny Renteria,,,,,,,Male,,,,,,,,,,,,,,,,
338687,Divine Miansadi,,,,,,,Female,,,,,,,,,,,,,,,,
338688,Croix Bethune,,,,,,,Female,,,,,,,,,,,,,,,,
338689,Raju Machettira,,,,,,,Female,,,,,,,,,,,,,,,,
338690,Stefan Oltean,,,,,,,Male,,,,,,,,,,,,,,,,
338691,Loic Bade,,,,,,,Male,,,,,,,,,,,,,,,,
338692,Katarina Sakbun,,,,,,,Female,,,,,,,,,,,,,,,,
338693,du Edmund,,,,,,,Male,,,,,,,,,,,,,,,,
338694,Alanah Yukich,,,,,,,Female,,,,,,,,,,,,,,,,
338695,Jaden Smith,,,,,,,Male,,,,,,,,,,,,,,,,
338696,Herve Toumandji,,,,,,,Male,,,,,,,,,,,,,,,,
338697,Alexander Munoz,,,,,,,Male,,,,,,,,,,,,,,,,
338698,Daniel Mateiko,,,,,,,Male,,,,,,,,,,,,,,,,
338699,Jose Tati,,,,,,,Male,,,,,,,,,,,,,,,,
338700,Velasco Lagatao,,,,,,,Female,,,,,,,,,,,,,,,,
338701,Yousef Abubaker,,,,,,,Male,,,,,,,,,,,,,,,,
338702,Jamila Boulakbech,,,,,,,Female,,,,,,,,,,,,,,,,
338703,Antsa Rabejaona,,,,,,,Female,,,,,,,,,,,,,,,,
338704,Lidwine Umuhoza,,,,,,,Female,,,,,,,,,,,,,,,,
338705,Mayah Chouloute,,,,,,,Female,,,,,,,,,,,,,,,,
338706,N'gnane Diallo,,,,,,,Male,,,,,,,,,,,,,,,,
338707,Jolie Bah,,,,,,,Female,,,,,,,,,,,,,,,,
338708,Annette Lacour,,,,,,,Female,,,,,,,,,,,,,,,,
338709,Nika Sharafutdinova,,,,,,,Female,,,,,,,,,,,,,,,,
338710,Hadji Hassane,,,,,,,Male,,,,,,,,,,,,,,,,
338711,An-chi Han,,,,,,,Female,,,,,,,,,,,,,,,,
338712,Tobi Sijuade,,,,,,,Male,,,,,,,,,,,,,,,,
338713,Khema Elizabeth,,,,,,,Female,,,,,,,,,,,,,,,,
338714,Jasneet Nijjar,,,,,,,Female,,,,,,,,,,,,,,,,
338715,Matthieu Seye,,,,,,,Male,,,,,,,,,,,,,,,,
338716,Azzahra Permatahani,,,,,,,Female,,,,,,,,,,,,,,,,
338717,Emelia Chatfield,,,,,,,Female,,,,,,,,,,,,,,,,
338718,Manuel Grave,,,,,,,Male,,,,,,,,,,,,,,,,
338719,Thongphaphum Vongsukdee,,,,,,,Male,,,,,,,,,,,,,,,,
338720,Ariadni Adamopoulou,,,,,,,Female,,,,,,,,,,,,,,,,
338721,van Emma,,,,,,,Female,,,,,,,,,,,,,,,,
338722,My Relander,,,,,,,Female,,,,,,,,,,,,,,,,
338723,Evgenii Somov,,,,,,,Male,,,,,,,,,,,,,,,,
338724,Fatoumata Kabo,,,,,,,Female,,,,,,,,,,,,,,,,
338725,Klaudia Kazimierska,,,,,,,Female,,,,,,,,,,,,,,,,
338726,van Isabel,,,,,,,Female,,,,,,,,,,,,,,,,
338727,Soumaila Sylla,,,,,,,Male,,,,,,,,,,,,,,,,
338728,Rayane Doucoure,,,,,,,Male,,,,,,,,,,,,,,,,
338729,Bangaly Cisse,,,,,,,Male,,,,,,,,,,,,,,,,
338730,Henry Camara,,,,,,,Male,,,,,,,,,,,,,,,,
338731,Aliou Balde,,,,,,,Male,,,,,,,,,,,,,,,,
338732,Hady Habib,,,,,,,Male,,,,,,,,,,,,,,,,
338733,Pyae Han,,,,,,,Male,,,,,,,,,,,,,,,,
338734,Shik Hwang,,,,,,,Male,,,,,,,,,,,,,,,,
338735,Ralford Mullings,,,,,,,Male,,,,,,,,,,,,,,,,
338736,Erick Sanchez,,,,,,,Male,,,,,,,,,,,,,,,,
338737,Lokinyomo Lobalu,,,,,,,Male,,,,,,,,,,,,,,,,
338738,de Mine,,,,,,,Female,,,,,,,,,,,,,,,,
338739,Jaden Marchan,,,,,,,Male,,,,,,,,,,,,,,,,
338740,Bhekempilo Eppie,,,,,,,Male,,,,,,,,,,,,,,,,
338741,Ian Kerr,,,,,,,Male,,,,,,,,,,,,,,,,
338742,Quincy Penn,,,,,,,Female,,,,,,,,,,,,,,,,
338743,Josue Canales,,,,,,,Male,,,,,,,,,,,,,,,,
338744,McCANN Jodie,,,,,,,Female,,,,,,,,,,,,,,,,
338745,Maciej Wyderka,,,,,,,Male,,,,,,,,,,,,,,,,
338746,Isabella Millar,,,,,,,Female,,,,,,,,,,,,,,,,
338747,Davonte Howell,,,,,,,Male,,,,,,,,,,,,,,,,
338748,Jun Kasai,,,,,,,Male,,,,,,,,,,,,,,,,
338749,Shoma Yamamoto,,,,,,,Male,,,,,,,,,,,,,,,,
338750,Kaito Tsutsue,,,,,,,Male,,,,,,,,,,,,,,,,
338751,Rachel Glenn,,,,,,,Female,,,,,,,,,,,,,,,,
338752,Nico Young,,,,,,,Male,,,,,,,,,,,,,,,,
338753,Aaliyah Butler,,,,,,,Female,,,,,,,,,,,,,,,,
338754,Jasmine Jones,,,,,,,Female,,,,,,,,,,,,,,,,
338755,Isabella Whittaker,,,,,,,Female,,,,,,,,,,,,,,,,
338756,Parker Valby,,,,,,,Female,,,,,,,,,,,,,,,,
338757,James Corrigan,,,,,,,Male,,,,,,,,,,,,,,,,
338758,Jeremiah Davis,,,,,,,Male,,,,,,,,,,,,,,,,
338759,Quincy Wilson,,,,,,,Male,,,,,,,,,,,,,,,,
338760,Brynn King,,,,,,,Female,,,,,,,,,,,,,,,,
338761,Grace Stark,,,,,,,Female,,,,,,,,,,,,,,,,
338762,Despoina Papamichail,,,,,,,Female,,,,,,,,,,,,,,,,
338763,Steven Insixiengmay,,,,,,,Male,,,,,,,,,,,,,,,,
338765,Elijah Joseph,,,,,,,Male,,,,,,,,,,,,,,,,
338766,Khrystyna Homan,,,,,,,Female,,,,,,,,,,,,,,,,
338767,Chemengich Chelangat,,,,,,,Female,,,,,,,,,,,,,,,,
338768,Sefora Ada,,,,,,,Female,,,,,,,,,,,,,,,,
338769,Emanuela Liuzzi,,,,,,,Female,,,,,,,,,,,,,,,,
