id_evento,id_disciplina,deporte,disciplina,nombre_evento,clave_semantica,estado,motivo,fuente_oficial
1,96,Tennis,Tennis,"Singles, Men (Olympic)","Tennis|Tennis|Singles, Men (Olympic)",REVIEW_EVENT,Semantic event key retained; no claim of row-by-row official extraction.,IOC Olympic results/programmes
2,96,Tennis,Tennis,"Doubles, Men (Olympic)","Tennis|Tennis|Doubles, Men (Olympic)",REVIEW_EVENT,Semantic event key retained; no claim of row-by-row official extraction.,IOC Olympic results/programmes
3,96,Tennis,Tennis,"Doubles, Mixed (Olympic)","Tennis|Tennis|Doubles, Mixed (Olympic)",REVIEW_EVENT,Semantic event key retained; no claim of row-by-row official extraction.,IOC Olympic results/programmes
4,94,Table Tennis,Table Tennis,"Singles, Men (Olympic)","Table Tennis|Table Tennis|Singles, Men (Olympic)",REVIEW_EVENT,Semantic event key retained; no claim of row-by-row official extraction.,IOC Olympic results/programmes
5,94,Table Tennis,Table Tennis,"Doubles, Men (Olympic)","Table Tennis|Table Tennis|Doubles, Men (Olympic)",REVIEW_EVENT,Semantic event key retained; no claim of row-by-row official extraction.,IOC Olympic results/programmes
6,96,Tennis,Tennis,"Singles, Handicap, Men (Olympic (non-medal))","Tennis|Tennis|Singles, Handicap, Men (Olympic (non-medal))",REVIEW_EVENT,Semantic event key retained; no claim of row-by-row official extraction.,IOC Olympic results/programmes
7,96,Tennis,Tennis,"Doubles, Handicap, Men (Olympic (non-medal))","Tennis|Tennis|Doubles, Handicap, Men (Olympic (non-medal))",REVIEW_EVENT,Semantic event key retained; no claim of row-by-row official extraction.,IOC Olympic results/programmes
8,41,Fencing,Fencing,"Épée, Individual, Men (Olympic)","Fencing|Fencing|Épée, Individual, Men (Olympic)",REVIEW_EVENT,Semantic event key retained; no claim of row-by-row official extraction.,IOC Olympic results/programmes
9,41,Fencing,Fencing,Tennis,Fencing|Fencing|Tennis,REVIEW_EVENT,Semantic event key retained; no claim of row-by-row official extraction.,IOC Olympic results/programmes
10,41,Fencing,Fencing,"Doubles, Men (Olympic)","Fencing|Fencing|Doubles, Men (Olympic)",REVIEW_EVENT,Semantic event key retained; no claim of row-by-row official extraction.,IOC Olympic results/programmes
11,41,Fencing,Fencing,"Doubles, Handicap, Mixed (Olympic (non-medal))","Fencing|Fencing|Doubles, Handicap, Mixed (Olympic (non-medal))",REVIEW_EVENT,Semantic event key retained; no claim of row-by-row official extraction.,IOC Olympic results/programmes
12,41,Fencing,Fencing,"Singles, Handicap, Men (Olympic (non-medal))","Fencing|Fencing|Singles, Handicap, Men (Olympic (non-medal))",REVIEW_EVENT,Semantic event key retained; no claim of row-by-row official extraction.,IOC Olympic results/programmes
13,41,Fencing,Fencing,"Doubles, Handicap, Men (Olympic (non-medal))","Fencing|Fencing|Doubles, Handicap, Men (Olympic (non-medal))",REVIEW_EVENT,Semantic event key retained; no claim of row-by-row official extraction.,IOC Olympic results/programmes
14,96,Tennis,Tennis,"Singles, Men (Intercalated)","Tennis|Tennis|Singles, Men (Intercalated)",REVIEW_EVENT,Semantic event key retained; no claim of row-by-row official extraction.,IOC Olympic results/programmes
15,96,Tennis,Tennis,"Doubles, Mixed (Intercalated)","Tennis|Tennis|Doubles, Mixed (Intercalated)",REVIEW_EVENT,Semantic event key retained; no claim of row-by-row official extraction.,IOC Olympic results/programmes
16,96,Tennis,Tennis,"Doubles, Men (Intercalated)","Tennis|Tennis|Doubles, Men (Intercalated)",REVIEW_EVENT,Semantic event key retained; no claim of row-by-row official extraction.,IOC Olympic results/programmes
17,96,Tennis,Tennis,"Doubles, Covered Courts, Mixed (Olympic)","Tennis|Tennis|Doubles, Covered Courts, Mixed (Olympic)",REVIEW_EVENT,Semantic event key retained; no claim of row-by-row official extraction.,IOC Olympic results/programmes
18,96,Tennis,Tennis,"Singles, Covered Courts, Men (Olympic)","Tennis|Tennis|Singles, Covered Courts, Men (Olympic)",REVIEW_EVENT,Semantic event key retained; no claim of row-by-row official extraction.,IOC Olympic results/programmes
19,96,Tennis,Tennis,"Singles, Men (Olympic (non-medal))","Tennis|Tennis|Singles, Men (Olympic (non-medal))",REVIEW_EVENT,Semantic event key retained; no claim of row-by-row official extraction.,IOC Olympic results/programmes
20,96,Tennis,Tennis,"Doubles, Handicap, Mixed (Olympic (non-medal))","Tennis|Tennis|Doubles, Handicap, Mixed (Olympic (non-medal))",REVIEW_EVENT,Semantic event key retained; no claim of row-by-row official extraction.,IOC Olympic results/programmes
21,96,Tennis,Tennis,"Doubles, Covered Courts, Men (Olympic)","Tennis|Tennis|Doubles, Covered Courts, Men (Olympic)",REVIEW_EVENT,Semantic event key retained; no claim of row-by-row official extraction.,IOC Olympic results/programmes
22,96,Tennis,Tennis,Polo,Tennis|Tennis|Polo,REVIEW_EVENT,Semantic event key retained; no claim of row-by-row official extraction.,IOC Olympic results/programmes
23,96,Tennis,Tennis,"Polo, Men (Olympic (non-medal))","Tennis|Tennis|Polo, Men (Olympic (non-medal))",REVIEW_EVENT,Semantic event key retained; no claim of row-by-row official extraction.,IOC Olympic results/programmes
24,12,Badminton,Badminton,"Singles, Men (Olympic)","Badminton|Badminton|Singles, Men (Olympic)",REVIEW_EVENT,Semantic event key retained; no claim of row-by-row official extraction.,IOC Olympic results/programmes
25,96,Tennis,Tennis,"Singles, Covered Courts, Women (Olympic)","Tennis|Tennis|Singles, Covered Courts, Women (Olympic)",REVIEW_EVENT,Semantic event key retained; no claim of row-by-row official extraction.,IOC Olympic results/programmes
26,96,Tennis,Tennis,"Singles, Women (Olympic)","Tennis|Tennis|Singles, Women (Olympic)",REVIEW_EVENT,Semantic event key retained; no claim of row-by-row official extraction.,IOC Olympic results/programmes
27,96,Tennis,Tennis,"Doubles, Women (Olympic)","Tennis|Tennis|Doubles, Women (Olympic)",REVIEW_EVENT,Semantic event key retained; no claim of row-by-row official extraction.,IOC Olympic results/programmes
28,12,Badminton,Badminton,"Doubles, Women (Olympic)","Badminton|Badminton|Doubles, Women (Olympic)",REVIEW_EVENT,Semantic event key retained; no claim of row-by-row official extraction.,IOC Olympic results/programmes
29,12,Badminton,Badminton,"Doubles, Mixed (Olympic)","Badminton|Badminton|Doubles, Mixed (Olympic)",REVIEW_EVENT,Semantic event key retained; no claim of row-by-row official extraction.,IOC Olympic results/programmes
30,96,Tennis,Tennis,"Singles, Handicap, Women (Olympic (non-medal))","Tennis|Tennis|Singles, Handicap, Women (Olympic (non-medal))",REVIEW_EVENT,Semantic event key retained; no claim of row-by-row official extraction.,IOC Olympic results/programmes
31,94,Table Tennis,Table Tennis,"Singles, Women (Olympic)","Table Tennis|Table Tennis|Singles, Women (Olympic)",REVIEW_EVENT,Semantic event key retained; no claim of row-by-row official extraction.,IOC Olympic results/programmes
32,94,Table Tennis,Table Tennis,"Doubles, Women (Olympic)","Table Tennis|Table Tennis|Doubles, Women (Olympic)",REVIEW_EVENT,Semantic event key retained; no claim of row-by-row official extraction.,IOC Olympic results/programmes
33,12,Badminton,Badminton,"Singles, Women (Olympic)","Badminton|Badminton|Singles, Women (Olympic)",REVIEW_EVENT,Semantic event key retained; no claim of row-by-row official extraction.,IOC Olympic results/programmes
34,12,Badminton,Badminton,"Doubles, Men (Olympic)","Badminton|Badminton|Doubles, Men (Olympic)",REVIEW_EVENT,Semantic event key retained; no claim of row-by-row official extraction.,IOC Olympic results/programmes
35,12,Badminton,Badminton,"Singles, Men (Olympic (non-medal))","Badminton|Badminton|Singles, Men (Olympic (non-medal))",REVIEW_EVENT,Semantic event key retained; no claim of row-by-row official extraction.,IOC Olympic results/programmes
36,96,Tennis,Tennis,"Singles, Women (Olympic (non-medal))","Tennis|Tennis|Singles, Women (Olympic (non-medal))",REVIEW_EVENT,Semantic event key retained; no claim of row-by-row official extraction.,IOC Olympic results/programmes
37,94,Table Tennis,Table Tennis,"Team, Women (Olympic)","Table Tennis|Table Tennis|Team, Women (Olympic)",REVIEW_EVENT,Semantic event key retained; no claim of row-by-row official extraction.,IOC Olympic results/programmes
38,96,Tennis,Tennis,"Doubles, Men (Olympic (non-medal))","Tennis|Tennis|Doubles, Men (Olympic (non-medal))",REVIEW_EVENT,Semantic event key retained; no claim of row-by-row official extraction.,IOC Olympic results/programmes
39,49,Hockey,Hockey,"Hockey, Men (Olympic)","Hockey|Hockey|Hockey, Men (Olympic)",REVIEW_EVENT,Semantic event key retained; no claim of row-by-row official extraction.,IOC Olympic results/programmes
40,49,Hockey,Hockey,Tennis,Hockey|Hockey|Tennis,REVIEW_EVENT,Semantic event key retained; no claim of row-by-row official extraction.,IOC Olympic results/programmes
41,49,Hockey,Hockey,"Singles, Men (Olympic)","Hockey|Hockey|Singles, Men (Olympic)",REVIEW_EVENT,Semantic event key retained; no claim of row-by-row official extraction.,IOC Olympic results/programmes
42,49,Hockey,Hockey,"Doubles, Men (Olympic)","Hockey|Hockey|Doubles, Men (Olympic)",REVIEW_EVENT,Semantic event key retained; no claim of row-by-row official extraction.,IOC Olympic results/programmes
43,10,Athletics,Athletics,"100 metres, Men (Olympic)","Athletics|Athletics|100 metres, Men (Olympic)",VERIFIED_EVENT,Priority event used in the mandatory historical checks.,IOC Olympic results/programmes
44,10,Athletics,Athletics,"400 metres, Men (Olympic)","Athletics|Athletics|400 metres, Men (Olympic)",REVIEW_EVENT,Semantic event key retained; no claim of row-by-row official extraction.,IOC Olympic results/programmes
45,10,Athletics,Athletics,"800 metres, Men (Olympic)","Athletics|Athletics|800 metres, Men (Olympic)",REVIEW_EVENT,Semantic event key retained; no claim of row-by-row official extraction.,IOC Olympic results/programmes
46,10,Athletics,Athletics,"110 metres Hurdles, Men (Olympic)","Athletics|Athletics|110 metres Hurdles, Men (Olympic)",REVIEW_EVENT,Semantic event key retained; no claim of row-by-row official extraction.,IOC Olympic results/programmes
47,10,Athletics,Athletics,"High Jump, Men (Olympic)","Athletics|Athletics|High Jump, Men (Olympic)",REVIEW_EVENT,Semantic event key retained; no claim of row-by-row official extraction.,IOC Olympic results/programmes
48,10,Athletics,Athletics,"Pole Vault, Men (Olympic)","Athletics|Athletics|Pole Vault, Men (Olympic)",REVIEW_EVENT,Semantic event key retained; no claim of row-by-row official extraction.,IOC Olympic results/programmes
49,10,Athletics,Athletics,"Long Jump, Men (Olympic)","Athletics|Athletics|Long Jump, Men (Olympic)",REVIEW_EVENT,Semantic event key retained; no claim of row-by-row official extraction.,IOC Olympic results/programmes
50,10,Athletics,Athletics,"Triple Jump, Men (Olympic)","Athletics|Athletics|Triple Jump, Men (Olympic)",REVIEW_EVENT,Semantic event key retained; no claim of row-by-row official extraction.,IOC Olympic results/programmes
51,10,Athletics,Athletics,Tennis,Athletics|Athletics|Tennis,REVIEW_EVENT,Semantic event key retained; no claim of row-by-row official extraction.,IOC Olympic results/programmes
52,10,Athletics,Athletics,"Singles, Men (Olympic)","Athletics|Athletics|Singles, Men (Olympic)",REVIEW_EVENT,Semantic event key retained; no claim of row-by-row official extraction.,IOC Olympic results/programmes
53,10,Athletics,Athletics,"Doubles, Men (Olympic)","Athletics|Athletics|Doubles, Men (Olympic)",REVIEW_EVENT,Semantic event key retained; no claim of row-by-row official extraction.,IOC Olympic results/programmes
54,94,Table Tennis,Table Tennis,"Team, Men (Olympic)","Table Tennis|Table Tennis|Team, Men (Olympic)",REVIEW_EVENT,Semantic event key retained; no claim of row-by-row official extraction.,IOC Olympic results/programmes
55,96,Tennis,Tennis,Swimming (Aquatics),Tennis|Tennis|Swimming (Aquatics),REVIEW_EVENT,Semantic event key retained; no claim of row-by-row official extraction.,IOC Olympic results/programmes
56,96,Tennis,Tennis,"100 metres Freestyle, Men (Olympic)","Tennis|Tennis|100 metres Freestyle, Men (Olympic)",REVIEW_EVENT,Semantic event key retained; no claim of row-by-row official extraction.,IOC Olympic results/programmes
57,96,Tennis,Tennis,"500 metres Freestyle, Men (Olympic)","Tennis|Tennis|500 metres Freestyle, Men (Olympic)",REVIEW_EVENT,Semantic event key retained; no claim of row-by-row official extraction.,IOC Olympic results/programmes
58,96,Tennis,Tennis,"1,200 metres Freestyle, Men (Olympic)","Tennis|Tennis|1,200 metres Freestyle, Men (Olympic)",REVIEW_EVENT,Semantic event key retained; no claim of row-by-row official extraction.,IOC Olympic results/programmes
59,9,Art Competitions,Art Competitions,"Architecture, Open (Olympic)","Art Competitions|Art Competitions|Architecture, Open (Olympic)",REVIEW_EVENT,Semantic event key retained; no claim of row-by-row official extraction.,IOC Olympic results/programmes
60,96,Tennis,Tennis,Weightlifting,Tennis|Tennis|Weightlifting,REVIEW_EVENT,Semantic event key retained; no claim of row-by-row official extraction.,IOC Olympic results/programmes
61,96,Tennis,Tennis,"Unlimited, Two Hands, Men (Olympic)","Tennis|Tennis|Unlimited, Two Hands, Men (Olympic)",REVIEW_EVENT,Semantic event key retained; no claim of row-by-row official extraction.,IOC Olympic results/programmes
62,96,Tennis,Tennis,Wrestling,Tennis|Tennis|Wrestling,REVIEW_EVENT,Semantic event key retained; no claim of row-by-row official extraction.,IOC Olympic results/programmes
63,96,Tennis,Tennis,"Unlimited Class, Greco-Roman, Men (Olympic)","Tennis|Tennis|Unlimited Class, Greco-Roman, Men (Olympic)",REVIEW_EVENT,Semantic event key retained; no claim of row-by-row official extraction.,IOC Olympic results/programmes
64,96,Tennis,Tennis,Athletics,Tennis|Tennis|Athletics,REVIEW_EVENT,Semantic event key retained; no claim of row-by-row official extraction.,IOC Olympic results/programmes
65,96,Tennis,Tennis,"Pole Vault, Men (Olympic)","Tennis|Tennis|Pole Vault, Men (Olympic)",REVIEW_EVENT,Semantic event key retained; no claim of row-by-row official extraction.,IOC Olympic results/programmes
66,96,Tennis,Tennis,"Long Jump, Men (Olympic)","Tennis|Tennis|Long Jump, Men (Olympic)",REVIEW_EVENT,Semantic event key retained; no claim of row-by-row official extraction.,IOC Olympic results/programmes
67,96,Tennis,Tennis,"Shot Put, Men (Olympic)","Tennis|Tennis|Shot Put, Men (Olympic)",REVIEW_EVENT,Semantic event key retained; no claim of row-by-row official extraction.,IOC Olympic results/programmes
68,60,Modern Pentathlon,Modern Pentathlon,"Individual, Men (Olympic)","Modern Pentathlon|Modern Pentathlon|Individual, Men (Olympic)",REVIEW_EVENT,Semantic event key retained; no claim of row-by-row official extraction.,IOC Olympic results/programmes
69,60,Modern Pentathlon,Modern Pentathlon,"Team, Men (Olympic)","Modern Pentathlon|Modern Pentathlon|Team, Men (Olympic)",REVIEW_EVENT,Semantic event key retained; no claim of row-by-row official extraction.,IOC Olympic results/programmes
70,8,Archery,Archery,"Individual, Men (Olympic)","Archery|Archery|Individual, Men (Olympic)",REVIEW_EVENT,Semantic event key retained; no claim of row-by-row official extraction.,IOC Olympic results/programmes
71,8,Archery,Archery,"Individual, Women (Olympic)","Archery|Archery|Individual, Women (Olympic)",REVIEW_EVENT,Semantic event key retained; no claim of row-by-row official extraction.,IOC Olympic results/programmes
72,8,Archery,Archery,"Team, Women (Olympic)","Archery|Archery|Team, Women (Olympic)",REVIEW_EVENT,Semantic event key retained; no claim of row-by-row official extraction.,IOC Olympic results/programmes
73,8,Archery,Archery,"Team, Men (Olympic)","Archery|Archery|Team, Men (Olympic)",REVIEW_EVENT,Semantic event key retained; no claim of row-by-row official extraction.,IOC Olympic results/programmes
74,8,Archery,Archery,"Target Archery, 28 metres, Team, Men (Olympic)","Archery|Archery|Target Archery, 28 metres, Team, Men (Olympic)",REVIEW_EVENT,Semantic event key retained; no claim of row-by-row official extraction.,IOC Olympic results/programmes
75,8,Archery,Archery,"Target Archery, 33 metres, Team, Men (Olympic)","Archery|Archery|Target Archery, 33 metres, Team, Men (Olympic)",REVIEW_EVENT,Semantic event key retained; no claim of row-by-row official extraction.,IOC Olympic results/programmes
76,8,Archery,Archery,"Target Archery, 50 metres, Team, Men (Olympic)","Archery|Archery|Target Archery, 50 metres, Team, Men (Olympic)",REVIEW_EVENT,Semantic event key retained; no claim of row-by-row official extraction.,IOC Olympic results/programmes
77,8,Archery,Archery,"Pole Archery, Small Birds, Individual, Men (Olympic)","Archery|Archery|Pole Archery, Small Birds, Individual, Men (Olympic)",REVIEW_EVENT,Semantic event key retained; no claim of row-by-row official extraction.,IOC Olympic results/programmes
78,8,Archery,Archery,"Pole Archery, Large Birds, Individual, Men (Olympic)","Archery|Archery|Pole Archery, Large Birds, Individual, Men (Olympic)",REVIEW_EVENT,Semantic event key retained; no claim of row-by-row official extraction.,IOC Olympic results/programmes
79,8,Archery,Archery,"Pole Archery, Small Birds, Team, Men (Olympic)","Archery|Archery|Pole Archery, Small Birds, Team, Men (Olympic)",REVIEW_EVENT,Semantic event key retained; no claim of row-by-row official extraction.,IOC Olympic results/programmes
80,8,Archery,Archery,"Pole Archery, Large Birds, Team, Men (Olympic)","Archery|Archery|Pole Archery, Large Birds, Team, Men (Olympic)",REVIEW_EVENT,Semantic event key retained; no claim of row-by-row official extraction.,IOC Olympic results/programmes
81,8,Archery,Archery,"Sur La Perche À La Herse, Men (Olympic)","Archery|Archery|Sur La Perche À La Herse, Men (Olympic)",REVIEW_EVENT,Semantic event key retained; no claim of row-by-row official extraction.,IOC Olympic results/programmes
82,8,Archery,Archery,"Au Chapelet, 33 metres, Men (Olympic)","Archery|Archery|Au Chapelet, 33 metres, Men (Olympic)",REVIEW_EVENT,Semantic event key retained; no claim of row-by-row official extraction.,IOC Olympic results/programmes
83,8,Archery,Archery,"Au Chapelet, 50 metres, Men (Olympic)","Archery|Archery|Au Chapelet, 50 metres, Men (Olympic)",REVIEW_EVENT,Semantic event key retained; no claim of row-by-row official extraction.,IOC Olympic results/programmes
84,8,Archery,Archery,"Au Cordon Doré, 33 metres, Men (Olympic)","Archery|Archery|Au Cordon Doré, 33 metres, Men (Olympic)",REVIEW_EVENT,Semantic event key retained; no claim of row-by-row official extraction.,IOC Olympic results/programmes
85,8,Archery,Archery,"Au Cordon Doré, 50 metres, Men (Olympic)","Archery|Archery|Au Cordon Doré, 50 metres, Men (Olympic)",REVIEW_EVENT,Semantic event key retained; no claim of row-by-row official extraction.,IOC Olympic results/programmes
86,8,Archery,Archery,"Championnat Du Monde, Men (Olympic)","Archery|Archery|Championnat Du Monde, Men (Olympic)",REVIEW_EVENT,Semantic event key retained; no claim of row-by-row official extraction.,IOC Olympic results/programmes
87,8,Archery,Archery,"Target Archery, 28 metres, Individual, Men (Olympic)","Archery|Archery|Target Archery, 28 metres, Individual, Men (Olympic)",REVIEW_EVENT,Semantic event key retained; no claim of row-by-row official extraction.,IOC Olympic results/programmes
88,8,Archery,Archery,"Target Archery, 33 metres, Individual, Men (Olympic)","Archery|Archery|Target Archery, 33 metres, Individual, Men (Olympic)",REVIEW_EVENT,Semantic event key retained; no claim of row-by-row official extraction.,IOC Olympic results/programmes
89,8,Archery,Archery,"Target Archery, 50 metres, Individual, Men (Olympic)","Archery|Archery|Target Archery, 50 metres, Individual, Men (Olympic)",REVIEW_EVENT,Semantic event key retained; no claim of row-by-row official extraction.,IOC Olympic results/programmes
90,8,Archery,Archery,"Continental Style, Men (Olympic)","Archery|Archery|Continental Style, Men (Olympic)",REVIEW_EVENT,Semantic event key retained; no claim of row-by-row official extraction.,IOC Olympic results/programmes
91,8,Archery,Archery,"Double York Round, Men (Olympic)","Archery|Archery|Double York Round, Men (Olympic)",REVIEW_EVENT,Semantic event key retained; no claim of row-by-row official extraction.,IOC Olympic results/programmes
92,8,Archery,Archery,"Sur La Perche À La Pyramide, Men (Olympic)","Archery|Archery|Sur La Perche À La Pyramide, Men (Olympic)",REVIEW_EVENT,Semantic event key retained; no claim of row-by-row official extraction.,IOC Olympic results/programmes
93,8,Archery,Archery,"French Championship, Individual, Men (Olympic (non-medal))","Archery|Archery|French Championship, Individual, Men (Olympic (non-medal))",REVIEW_EVENT,Semantic event key retained; no claim of row-by-row official extraction.,IOC Olympic results/programmes
94,8,Archery,Archery,"Double National Round, Women (Olympic)","Archery|Archery|Double National Round, Women (Olympic)",REVIEW_EVENT,Semantic event key retained; no claim of row-by-row official extraction.,IOC Olympic results/programmes
95,10,Athletics,Athletics,"1,500 metres, Men (Olympic)","Athletics|Athletics|1,500 metres, Men (Olympic)",REVIEW_EVENT,Semantic event key retained; no claim of row-by-row official extraction.,IOC Olympic results/programmes
96,10,Athletics,Athletics,"Marathon, Men (Olympic)","Athletics|Athletics|Marathon, Men (Olympic)",REVIEW_EVENT,Semantic event key retained; no claim of row-by-row official extraction.,IOC Olympic results/programmes
97,12,Badminton,Badminton,"Doubles, Women (Olympic (non-medal))","Badminton|Badminton|Doubles, Women (Olympic (non-medal))",REVIEW_EVENT,Semantic event key retained; no claim of row-by-row official extraction.,IOC Olympic results/programmes
98,12,Badminton,Badminton,"Doubles, Men (Olympic (non-medal))","Badminton|Badminton|Doubles, Men (Olympic (non-medal))",REVIEW_EVENT,Semantic event key retained; no claim of row-by-row official extraction.,IOC Olympic results/programmes
99,12,Badminton,Badminton,"Singles, Women (Olympic (non-medal))","Badminton|Badminton|Singles, Women (Olympic (non-medal))",REVIEW_EVENT,Semantic event key retained; no claim of row-by-row official extraction.,IOC Olympic results/programmes
100,12,Badminton,Badminton,"Doubles, Mixed (Olympic (non-medal))","Badminton|Badminton|Doubles, Mixed (Olympic (non-medal))",REVIEW_EVENT,Semantic event key retained; no claim of row-by-row official extraction.,IOC Olympic results/programmes
101,22,Boxing,Boxing,"Welterweight, Men (Olympic)","Boxing|Boxing|Welterweight, Men (Olympic)",REVIEW_EVENT,Semantic event key retained; no claim of row-by-row official extraction.,IOC Olympic results/programmes
102,22,Boxing,Boxing,"Light-Heavyweight, Men (Olympic)","Boxing|Boxing|Light-Heavyweight, Men (Olympic)",REVIEW_EVENT,Semantic event key retained; no claim of row-by-row official extraction.,IOC Olympic results/programmes
103,22,Boxing,Boxing,"Featherweight, Men (Olympic)","Boxing|Boxing|Featherweight, Men (Olympic)",REVIEW_EVENT,Semantic event key retained; no claim of row-by-row official extraction.,IOC Olympic results/programmes
104,22,Boxing,Boxing,"Light-Welterweight, Men (Olympic)","Boxing|Boxing|Light-Welterweight, Men (Olympic)",REVIEW_EVENT,Semantic event key retained; no claim of row-by-row official extraction.,IOC Olympic results/programmes
105,22,Boxing,Boxing,"Flyweight, Men (Olympic)","Boxing|Boxing|Flyweight, Men (Olympic)",REVIEW_EVENT,Semantic event key retained; no claim of row-by-row official extraction.,IOC Olympic results/programmes
106,22,Boxing,Boxing,"Lightweight, Men (Olympic)","Boxing|Boxing|Lightweight, Men (Olympic)",REVIEW_EVENT,Semantic event key retained; no claim of row-by-row official extraction.,IOC Olympic results/programmes
107,22,Boxing,Boxing,"Heavyweight, Men (Olympic)","Boxing|Boxing|Heavyweight, Men (Olympic)",REVIEW_EVENT,Semantic event key retained; no claim of row-by-row official extraction.,IOC Olympic results/programmes
108,22,Boxing,Boxing,"Bantamweight, Men (Olympic)","Boxing|Boxing|Bantamweight, Men (Olympic)",REVIEW_EVENT,Semantic event key retained; no claim of row-by-row official extraction.,IOC Olympic results/programmes
109,22,Boxing,Boxing,"Light-Flyweight, Men (Olympic)","Boxing|Boxing|Light-Flyweight, Men (Olympic)",REVIEW_EVENT,Semantic event key retained; no claim of row-by-row official extraction.,IOC Olympic results/programmes
110,22,Boxing,Boxing,"Middleweight, Men (Olympic)","Boxing|Boxing|Middleweight, Men (Olympic)",REVIEW_EVENT,Semantic event key retained; no claim of row-by-row official extraction.,IOC Olympic results/programmes
111,22,Boxing,Boxing,"Light-Middleweight, Men (Olympic)","Boxing|Boxing|Light-Middleweight, Men (Olympic)",REVIEW_EVENT,Semantic event key retained; no claim of row-by-row official extraction.,IOC Olympic results/programmes
112,22,Boxing,Boxing,"Super-Heavyweight, Men (Olympic)","Boxing|Boxing|Super-Heavyweight, Men (Olympic)",REVIEW_EVENT,Semantic event key retained; no claim of row-by-row official extraction.,IOC Olympic results/programmes
113,15,Baseball/Softball,Softball,"Softball, Women (Olympic)","Baseball/Softball|Softball|Softball, Women (Olympic)",REVIEW_EVENT,Semantic event key retained; no claim of row-by-row official extraction.,IOC Olympic results/programmes
114,14,Baseball/Softball,Baseball,"Baseball, Men (Olympic)","Baseball/Softball|Baseball|Baseball, Men (Olympic)",REVIEW_EVENT,Semantic event key retained; no claim of row-by-row official extraction.,IOC Olympic results/programmes
115,14,Baseball/Softball,Baseball,"Baseball, Men (Olympic (non-medal))","Baseball/Softball|Baseball|Baseball, Men (Olympic (non-medal))",REVIEW_EVENT,Semantic event key retained; no claim of row-by-row official extraction.,IOC Olympic results/programmes
116,8,Archery,Archery,"Team, Mixed (Olympic)","Archery|Archery|Team, Mixed (Olympic)",REVIEW_EVENT,Semantic event key retained; no claim of row-by-row official extraction.,IOC Olympic results/programmes
117,8,Archery,Archery,"Double Columbia Round, Women (Olympic)","Archery|Archery|Double Columbia Round, Women (Olympic)",REVIEW_EVENT,Semantic event key retained; no claim of row-by-row official extraction.,IOC Olympic results/programmes
118,8,Archery,Archery,"Team Round, Women (Olympic)","Archery|Archery|Team Round, Women (Olympic)",REVIEW_EVENT,Semantic event key retained; no claim of row-by-row official extraction.,IOC Olympic results/programmes
119,8,Archery,Archery,"Flight Shooting, Women (Olympic (non-medal))","Archery|Archery|Flight Shooting, Women (Olympic (non-medal))",REVIEW_EVENT,Semantic event key retained; no claim of row-by-row official extraction.,IOC Olympic results/programmes
120,8,Archery,Archery,"Double American Round, Men (Olympic)","Archery|Archery|Double American Round, Men (Olympic)",REVIEW_EVENT,Semantic event key retained; no claim of row-by-row official extraction.,IOC Olympic results/programmes
121,8,Archery,Archery,"Team Round, Men (Olympic)","Archery|Archery|Team Round, Men (Olympic)",REVIEW_EVENT,Semantic event key retained; no claim of row-by-row official extraction.,IOC Olympic results/programmes
122,8,Archery,Archery,"Flight Shooting, Men (Olympic (non-medal))","Archery|Archery|Flight Shooting, Men (Olympic (non-medal))",REVIEW_EVENT,Semantic event key retained; no claim of row-by-row official extraction.,IOC Olympic results/programmes
123,77,Sailing,Sailing,"8 metres, Open (Olympic)","Sailing|Sailing|8 metres, Open (Olympic)",REVIEW_EVENT,Semantic event key retained; no claim of row-by-row official extraction.,IOC Olympic results/programmes
124,77,Sailing,Sailing,Tennis,Sailing|Sailing|Tennis,REVIEW_EVENT,Semantic event key retained; no claim of row-by-row official extraction.,IOC Olympic results/programmes
125,77,Sailing,Sailing,"Singles, Men (Olympic)","Sailing|Sailing|Singles, Men (Olympic)",REVIEW_EVENT,Semantic event key retained; no claim of row-by-row official extraction.,IOC Olympic results/programmes
126,77,Sailing,Sailing,"Doubles, Mixed (Olympic)","Sailing|Sailing|Doubles, Mixed (Olympic)",REVIEW_EVENT,Semantic event key retained; no claim of row-by-row official extraction.,IOC Olympic results/programmes
127,77,Sailing,Sailing,"Doubles, Men (Olympic)","Sailing|Sailing|Doubles, Men (Olympic)",REVIEW_EVENT,Semantic event key retained; no claim of row-by-row official extraction.,IOC Olympic results/programmes
128,77,Sailing,Sailing,"Singles, Covered Courts, Men (Olympic)","Sailing|Sailing|Singles, Covered Courts, Men (Olympic)",REVIEW_EVENT,Semantic event key retained; no claim of row-by-row official extraction.,IOC Olympic results/programmes
129,77,Sailing,Sailing,"Doubles, Covered Courts, Men (Olympic)","Sailing|Sailing|Doubles, Covered Courts, Men (Olympic)",REVIEW_EVENT,Semantic event key retained; no claim of row-by-row official extraction.,IOC Olympic results/programmes
130,9,Art Competitions,Art Competitions,"Painting, Unknown Event, Open (Olympic)","Art Competitions|Art Competitions|Painting, Unknown Event, Open (Olympic)",REVIEW_EVENT,Semantic event key retained; no claim of row-by-row official extraction.,IOC Olympic results/programmes
131,44,Golf,Golf,"Individual, Men (Olympic)","Golf|Golf|Individual, Men (Olympic)",REVIEW_EVENT,Semantic event key retained; no claim of row-by-row official extraction.,IOC Olympic results/programmes
132,44,Golf,Golf,"Individual, Men (Olympic (non-medal))","Golf|Golf|Individual, Men (Olympic (non-medal))",REVIEW_EVENT,Semantic event key retained; no claim of row-by-row official extraction.,IOC Olympic results/programmes
133,44,Golf,Golf,Tennis,Golf|Golf|Tennis,REVIEW_EVENT,Semantic event key retained; no claim of row-by-row official extraction.,IOC Olympic results/programmes
134,44,Golf,Golf,"Doubles, Men (Olympic)","Golf|Golf|Doubles, Men (Olympic)",REVIEW_EVENT,Semantic event key retained; no claim of row-by-row official extraction.,IOC Olympic results/programmes
135,44,Golf,Golf,"Team, Men (Olympic)","Golf|Golf|Team, Men (Olympic)",REVIEW_EVENT,Semantic event key retained; no claim of row-by-row official extraction.,IOC Olympic results/programmes
136,44,Golf,Golf,"Team, Men (Olympic (non-medal))","Golf|Golf|Team, Men (Olympic (non-medal))",REVIEW_EVENT,Semantic event key retained; no claim of row-by-row official extraction.,IOC Olympic results/programmes
137,44,Golf,Golf,"Singles, Men (Olympic)","Golf|Golf|Singles, Men (Olympic)",REVIEW_EVENT,Semantic event key retained; no claim of row-by-row official extraction.,IOC Olympic results/programmes
138,44,Golf,Golf,"Singles, Men (Olympic (non-medal))","Golf|Golf|Singles, Men (Olympic (non-medal))",REVIEW_EVENT,Semantic event key retained; no claim of row-by-row official extraction.,IOC Olympic results/programmes
139,44,Golf,Golf,"Doubles, Men (Olympic (non-medal))","Golf|Golf|Doubles, Men (Olympic (non-medal))",REVIEW_EVENT,Semantic event key retained; no claim of row-by-row official extraction.,IOC Olympic results/programmes
140,44,Golf,Golf,"Individual, Handicap, Men (Olympic (non-medal))","Golf|Golf|Individual, Handicap, Men (Olympic (non-medal))",REVIEW_EVENT,Semantic event key retained; no claim of row-by-row official extraction.,IOC Olympic results/programmes
141,44,Golf,Golf,"Doubles, Mixed (Olympic)","Golf|Golf|Doubles, Mixed (Olympic)",REVIEW_EVENT,Semantic event key retained; no claim of row-by-row official extraction.,IOC Olympic results/programmes
142,44,Golf,Golf,"Doubles, Handicap, Mixed (Olympic (non-medal))","Golf|Golf|Doubles, Handicap, Mixed (Olympic (non-medal))",REVIEW_EVENT,Semantic event key retained; no claim of row-by-row official extraction.,IOC Olympic results/programmes
143,44,Golf,Golf,"Doubles, Handicap, Men (Olympic (non-medal))","Golf|Golf|Doubles, Handicap, Men (Olympic (non-medal))",REVIEW_EVENT,Semantic event key retained; no claim of row-by-row official extraction.,IOC Olympic results/programmes
144,44,Golf,Golf,"Singles, Handicap, Men (Olympic (non-medal))","Golf|Golf|Singles, Handicap, Men (Olympic (non-medal))",REVIEW_EVENT,Semantic event key retained; no claim of row-by-row official extraction.,IOC Olympic results/programmes
145,55,Jeu de Paume,Jeu de Paume,"Singles, Men (Olympic)","Jeu de Paume|Jeu de Paume|Singles, Men (Olympic)",REVIEW_EVENT,Semantic event key retained; no claim of row-by-row official extraction.,IOC Olympic results/programmes
146,96,Tennis,Tennis,"Long Jump, Men (Olympic (non-medal))","Tennis|Tennis|Long Jump, Men (Olympic (non-medal))",REVIEW_EVENT,Semantic event key retained; no claim of row-by-row official extraction.,IOC Olympic results/programmes
147,96,Tennis,Tennis,"Long Jump, Handicap, Men (Olympic (non-medal))","Tennis|Tennis|Long Jump, Handicap, Men (Olympic (non-medal))",REVIEW_EVENT,Semantic event key retained; no claim of row-by-row official extraction.,IOC Olympic results/programmes
148,96,Tennis,Tennis,Golf,Tennis|Tennis|Golf,REVIEW_EVENT,Semantic event key retained; no claim of row-by-row official extraction.,IOC Olympic results/programmes
149,96,Tennis,Tennis,"Individual, Men (Olympic)","Tennis|Tennis|Individual, Men (Olympic)",REVIEW_EVENT,Semantic event key retained; no claim of row-by-row official extraction.,IOC Olympic results/programmes
150,16,Basketball,Basketball,"Basketball, Men (Olympic)","Basketball|Basketball|Basketball, Men (Olympic)",REVIEW_EVENT,Semantic event key retained; no claim of row-by-row official extraction.,IOC Olympic results/programmes
151,33,Cycling,Cycling Road,"Road Race, Individual, Men (Olympic)","Cycling|Cycling Road|Road Race, Individual, Men (Olympic)",REVIEW_EVENT,Semantic event key retained; no claim of row-by-row official extraction.,IOC Olympic results/programmes
152,16,Basketball,Basketball,"Basketball, Women (Olympic)","Basketball|Basketball|Basketball, Women (Olympic)",REVIEW_EVENT,Semantic event key retained; no claim of row-by-row official extraction.,IOC Olympic results/programmes
153,10,Athletics,Athletics,"Triple Jump, Women (Olympic)","Athletics|Athletics|Triple Jump, Women (Olympic)",REVIEW_EVENT,Semantic event key retained; no claim of row-by-row official extraction.,IOC Olympic results/programmes
154,48,Handball,Handball,"Handball, Women (Olympic)","Handball|Handball|Handball, Women (Olympic)",REVIEW_EVENT,Semantic event key retained; no claim of row-by-row official extraction.,IOC Olympic results/programmes
155,11,Australian Rules Football,Australian Rules Football,"Australian Rules Football, Men (Olympic (non-medal))","Australian Rules Football|Australian Rules Football|Australian Rules Football, Men (Olympic (non-medal))",REVIEW_EVENT,Semantic event key retained; no claim of row-by-row official extraction.,IOC Olympic results/programmes
156,77,Sailing,Sailing,"One Person Dinghy, Open (Olympic)","Sailing|Sailing|One Person Dinghy, Open (Olympic)",REVIEW_EVENT,Semantic event key retained; no claim of row-by-row official extraction.,IOC Olympic results/programmes
157,10,Athletics,Athletics,"Decathlon, Men (Olympic)","Athletics|Athletics|Decathlon, Men (Olympic)",REVIEW_EVENT,Semantic event key retained; no claim of row-by-row official extraction.,IOC Olympic results/programmes
158,20,Bobsleigh,Bobsleigh,"Four, Men (Olympic)","Bobsleigh|Bobsleigh|Four, Men (Olympic)",REVIEW_EVENT,Semantic event key retained; no claim of row-by-row official extraction.,IOC Olympic results/programmes
159,22,Boxing,Boxing,Football (Football),Boxing|Boxing|Football (Football),REVIEW_EVENT,Semantic event key retained; no claim of row-by-row official extraction.,IOC Olympic results/programmes
160,22,Boxing,Boxing,"Football, Men (Olympic)","Boxing|Boxing|Football, Men (Olympic)",REVIEW_EVENT,Semantic event key retained; no claim of row-by-row official extraction.,IOC Olympic results/programmes
161,22,Boxing,Boxing,Athletics,Boxing|Boxing|Athletics,REVIEW_EVENT,Semantic event key retained; no claim of row-by-row official extraction.,IOC Olympic results/programmes
162,22,Boxing,Boxing,"100 yards, Men (Olympic (non-medal))","Boxing|Boxing|100 yards, Men (Olympic (non-medal))",REVIEW_EVENT,Semantic event key retained; no claim of row-by-row official extraction.,IOC Olympic results/programmes
163,22,Boxing,Boxing,"440 yards, Men (Olympic (non-medal))","Boxing|Boxing|440 yards, Men (Olympic (non-medal))",REVIEW_EVENT,Semantic event key retained; no claim of row-by-row official extraction.,IOC Olympic results/programmes
164,22,Boxing,Boxing,"100 yards, Handicap, Men (Olympic (non-medal))","Boxing|Boxing|100 yards, Handicap, Men (Olympic (non-medal))",REVIEW_EVENT,Semantic event key retained; no claim of row-by-row official extraction.,IOC Olympic results/programmes
165,22,Boxing,Boxing,"220 yards, Handicap, Men (Olympic (non-medal))","Boxing|Boxing|220 yards, Handicap, Men (Olympic (non-medal))",REVIEW_EVENT,Semantic event key retained; no claim of row-by-row official extraction.,IOC Olympic results/programmes
166,22,Boxing,Boxing,"440 yards, Handicap, Men (Olympic (non-medal))","Boxing|Boxing|440 yards, Handicap, Men (Olympic (non-medal))",REVIEW_EVENT,Semantic event key retained; no claim of row-by-row official extraction.,IOC Olympic results/programmes
167,26,Canoeing,Canoe Sprint,"Kayak Doubles, 500 metres, Women (Olympic)","Canoeing|Canoe Sprint|Kayak Doubles, 500 metres, Women (Olympic)",REVIEW_EVENT,Semantic event key retained; no claim of row-by-row official extraction.,IOC Olympic results/programmes
168,26,Canoeing,Canoe Sprint,"Kayak Singles, 500 metres, Women (Olympic)","Canoeing|Canoe Sprint|Kayak Singles, 500 metres, Women (Olympic)",REVIEW_EVENT,Semantic event key retained; no claim of row-by-row official extraction.,IOC Olympic results/programmes
169,26,Canoeing,Canoe Sprint,"Kayak Doubles, 500 metres, Men (Olympic)","Canoeing|Canoe Sprint|Kayak Doubles, 500 metres, Men (Olympic)",REVIEW_EVENT,Semantic event key retained; no claim of row-by-row official extraction.,IOC Olympic results/programmes
170,26,Canoeing,Canoe Sprint,"Kayak Fours, 1,000 metres, Men (Olympic)","Canoeing|Canoe Sprint|Kayak Fours, 1,000 metres, Men (Olympic)",REVIEW_EVENT,Semantic event key retained; no claim of row-by-row official extraction.,IOC Olympic results/programmes
171,26,Canoeing,Canoe Sprint,"Kayak Singles, 500 metres, Men (Olympic)","Canoeing|Canoe Sprint|Kayak Singles, 500 metres, Men (Olympic)",REVIEW_EVENT,Semantic event key retained; no claim of row-by-row official extraction.,IOC Olympic results/programmes
172,26,Canoeing,Canoe Sprint,"Kayak Doubles, 1,000 metres, Men (Olympic)","Canoeing|Canoe Sprint|Kayak Doubles, 1,000 metres, Men (Olympic)",REVIEW_EVENT,Semantic event key retained; no claim of row-by-row official extraction.,IOC Olympic results/programmes
173,26,Canoeing,Canoe Sprint,"Kayak Singles, 1,000 metres, Men (Olympic)","Canoeing|Canoe Sprint|Kayak Singles, 1,000 metres, Men (Olympic)",REVIEW_EVENT,Semantic event key retained; no claim of row-by-row official extraction.,IOC Olympic results/programmes
174,25,Canoeing,Canoe Slalom,"Kayak Singles, Slalom, Men (Olympic)","Canoeing|Canoe Slalom|Kayak Singles, Slalom, Men (Olympic)",REVIEW_EVENT,Semantic event key retained; no claim of row-by-row official extraction.,IOC Olympic results/programmes
175,26,Canoeing,Canoe Sprint,"Kayak Fours, 500 metres, Women (Olympic)","Canoeing|Canoe Sprint|Kayak Fours, 500 metres, Women (Olympic)",REVIEW_EVENT,Semantic event key retained; no claim of row-by-row official extraction.,IOC Olympic results/programmes
176,25,Canoeing,Canoe Slalom,"Kayak Singles, Slalom, Women (Olympic)","Canoeing|Canoe Slalom|Kayak Singles, Slalom, Women (Olympic)",REVIEW_EVENT,Semantic event key retained; no claim of row-by-row official extraction.,IOC Olympic results/programmes
177,24,Canoeing,Canoe Marathon,"Kayak Singles, 10,000 metres, Men (Olympic)","Canoeing|Canoe Marathon|Kayak Singles, 10,000 metres, Men (Olympic)",REVIEW_EVENT,Semantic event key retained; no claim of row-by-row official extraction.,IOC Olympic results/programmes
178,25,Canoeing,Canoe Slalom,"Canadian Singles, Slalom, Men (Olympic)","Canoeing|Canoe Slalom|Canadian Singles, Slalom, Men (Olympic)",REVIEW_EVENT,Semantic event key retained; no claim of row-by-row official extraction.,IOC Olympic results/programmes
179,26,Canoeing,Canoe Sprint,Canoe Marathon (Canoeing),Canoeing|Canoe Sprint|Canoe Marathon (Canoeing),REVIEW_EVENT,Semantic event key retained; no claim of row-by-row official extraction.,IOC Olympic results/programmes
180,26,Canoeing,Canoe Sprint,"Kayak Doubles, 10,000 metres, Men (Olympic)","Canoeing|Canoe Sprint|Kayak Doubles, 10,000 metres, Men (Olympic)",REVIEW_EVENT,Semantic event key retained; no claim of row-by-row official extraction.,IOC Olympic results/programmes
181,26,Canoeing,Canoe Sprint,"Kayak Relay, 4 × 500 metres, Men (Olympic)","Canoeing|Canoe Sprint|Kayak Relay, 4 × 500 metres, Men (Olympic)",REVIEW_EVENT,Semantic event key retained; no claim of row-by-row official extraction.,IOC Olympic results/programmes
182,25,Canoeing,Canoe Slalom,"Canadian Doubles, Slalom, Men (Olympic)","Canoeing|Canoe Slalom|Canadian Doubles, Slalom, Men (Olympic)",REVIEW_EVENT,Semantic event key retained; no claim of row-by-row official extraction.,IOC Olympic results/programmes
183,26,Canoeing,Canoe Sprint,"Canadian Singles, 1,000 metres, Men (Olympic)","Canoeing|Canoe Sprint|Canadian Singles, 1,000 metres, Men (Olympic)",REVIEW_EVENT,Semantic event key retained; no claim of row-by-row official extraction.,IOC Olympic results/programmes
184,26,Canoeing,Canoe Sprint,"Canadian Singles, 10,000 metres, Men (Olympic)","Canoeing|Canoe Sprint|Canadian Singles, 10,000 metres, Men (Olympic)",REVIEW_EVENT,Semantic event key retained; no claim of row-by-row official extraction.,IOC Olympic results/programmes
185,26,Canoeing,Canoe Sprint,"Canadian Doubles, 1,000 metres, Men (Olympic)","Canoeing|Canoe Sprint|Canadian Doubles, 1,000 metres, Men (Olympic)",REVIEW_EVENT,Semantic event key retained; no claim of row-by-row official extraction.,IOC Olympic results/programmes
186,26,Canoeing,Canoe Sprint,"Canadian Doubles, 10,000 metres, Men (Olympic)","Canoeing|Canoe Sprint|Canadian Doubles, 10,000 metres, Men (Olympic)",REVIEW_EVENT,Semantic event key retained; no claim of row-by-row official extraction.,IOC Olympic results/programmes
187,26,Canoeing,Canoe Sprint,"Folding Kayak Doubles, 10,000 metres, Men (Olympic)","Canoeing|Canoe Sprint|Folding Kayak Doubles, 10,000 metres, Men (Olympic)",REVIEW_EVENT,Semantic event key retained; no claim of row-by-row official extraction.,IOC Olympic results/programmes
188,26,Canoeing,Canoe Sprint,"Folding Kayak Singles, 10,000 metres, Men (Olympic)","Canoeing|Canoe Sprint|Folding Kayak Singles, 10,000 metres, Men (Olympic)",REVIEW_EVENT,Semantic event key retained; no claim of row-by-row official extraction.,IOC Olympic results/programmes
189,24,Canoeing,Canoe Marathon,"Kayak Doubles, 10,000 metres, Men (Olympic)","Canoeing|Canoe Marathon|Kayak Doubles, 10,000 metres, Men (Olympic)",REVIEW_EVENT,Semantic event key retained; no claim of row-by-row official extraction.,IOC Olympic results/programmes
190,26,Canoeing,Canoe Sprint,"Kayak Singles, 10,000 metres, Men (Olympic)","Canoeing|Canoe Sprint|Kayak Singles, 10,000 metres, Men (Olympic)",REVIEW_EVENT,Semantic event key retained; no claim of row-by-row official extraction.,IOC Olympic results/programmes
191,24,Canoeing,Canoe Marathon,"Folding Kayak Singles, 10,000 metres, Men (Olympic)","Canoeing|Canoe Marathon|Folding Kayak Singles, 10,000 metres, Men (Olympic)",REVIEW_EVENT,Semantic event key retained; no claim of row-by-row official extraction.,IOC Olympic results/programmes
192,24,Canoeing,Canoe Marathon,"Folding Kayak Doubles, 10,000 metres, Men (Olympic)","Canoeing|Canoe Marathon|Folding Kayak Doubles, 10,000 metres, Men (Olympic)",REVIEW_EVENT,Semantic event key retained; no claim of row-by-row official extraction.,IOC Olympic results/programmes
193,26,Canoeing,Canoe Sprint,"Canadian Singles, 500 metres, Men (Olympic)","Canoeing|Canoe Sprint|Canadian Singles, 500 metres, Men (Olympic)",REVIEW_EVENT,Semantic event key retained; no claim of row-by-row official extraction.,IOC Olympic results/programmes
194,26,Canoeing,Canoe Sprint,"Canadian Doubles, 500 metres, Men (Olympic)","Canoeing|Canoe Sprint|Canadian Doubles, 500 metres, Men (Olympic)",REVIEW_EVENT,Semantic event key retained; no claim of row-by-row official extraction.,IOC Olympic results/programmes
195,79,Shooting,Shooting,"Small-Bore Rifle, Prone, 50 metres, Open (Olympic)","Shooting|Shooting|Small-Bore Rifle, Prone, 50 metres, Open (Olympic)",REVIEW_EVENT,Semantic event key retained; no claim of row-by-row official extraction.,IOC Olympic results/programmes
196,24,Canoeing,Canoe Marathon,"Canadian Doubles, 10,000 metres, Men (Olympic)","Canoeing|Canoe Marathon|Canadian Doubles, 10,000 metres, Men (Olympic)",REVIEW_EVENT,Semantic event key retained; no claim of row-by-row official extraction.,IOC Olympic results/programmes
197,24,Canoeing,Canoe Marathon,"Canadian Singles, 10,000 metres, Men (Olympic)","Canoeing|Canoe Marathon|Canadian Singles, 10,000 metres, Men (Olympic)",REVIEW_EVENT,Semantic event key retained; no claim of row-by-row official extraction.,IOC Olympic results/programmes
198,74,Rowing,Rowing,"Single Sculls, Women (Olympic)","Rowing|Rowing|Single Sculls, Women (Olympic)",REVIEW_EVENT,Semantic event key retained; no claim of row-by-row official extraction.,IOC Olympic results/programmes
199,34,Cycling,Cycling Track,"Team Pursuit, 4,000 metres, Men (Olympic)","Cycling|Cycling Track|Team Pursuit, 4,000 metres, Men (Olympic)",REVIEW_EVENT,Semantic event key retained; no claim of row-by-row official extraction.,IOC Olympic results/programmes
200,33,Cycling,Cycling Road,"Road Race, Team, Men (Olympic)","Cycling|Cycling Road|Road Race, Team, Men (Olympic)",REVIEW_EVENT,Semantic event key retained; no claim of row-by-row official extraction.,IOC Olympic results/programmes
201,33,Cycling,Cycling Road,"100 kilometres Team Time Trial, Men (Olympic)","Cycling|Cycling Road|100 kilometres Team Time Trial, Men (Olympic)",REVIEW_EVENT,Semantic event key retained; no claim of row-by-row official extraction.,IOC Olympic results/programmes
202,69,Polo,Polo,"Polo, Men (Olympic)","Polo|Polo|Polo, Men (Olympic)",REVIEW_EVENT,Semantic event key retained; no claim of row-by-row official extraction.,IOC Olympic results/programmes
203,75,Rugby,Rugby,"Rugby, Men (Olympic)","Rugby|Rugby|Rugby, Men (Olympic)",REVIEW_EVENT,Semantic event key retained; no claim of row-by-row official extraction.,IOC Olympic results/programmes
204,74,Rowing,Rowing,"Eights, Men (Olympic)","Rowing|Rowing|Eights, Men (Olympic)",REVIEW_EVENT,Semantic event key retained; no claim of row-by-row official extraction.,IOC Olympic results/programmes
205,36,Equestrian,Equestrian Dressage,"Individual, Open (Olympic)","Equestrian|Equestrian Dressage|Individual, Open (Olympic)",REVIEW_EVENT,Semantic event key retained; no claim of row-by-row official extraction.,IOC Olympic results/programmes
206,36,Equestrian,Equestrian Dressage,"Team, Open (Olympic)","Equestrian|Equestrian Dressage|Team, Open (Olympic)",REVIEW_EVENT,Semantic event key retained; no claim of row-by-row official extraction.,IOC Olympic results/programmes
207,38,Equestrian,Equestrian Eventing,"Team, Open (Olympic)","Equestrian|Equestrian Eventing|Team, Open (Olympic)",REVIEW_EVENT,Semantic event key retained; no claim of row-by-row official extraction.,IOC Olympic results/programmes
208,38,Equestrian,Equestrian Eventing,"Individual, Open (Olympic)","Equestrian|Equestrian Eventing|Individual, Open (Olympic)",REVIEW_EVENT,Semantic event key retained; no claim of row-by-row official extraction.,IOC Olympic results/programmes
209,39,Equestrian,Equestrian Jumping,"Individual, Open (Olympic)","Equestrian|Equestrian Jumping|Individual, Open (Olympic)",REVIEW_EVENT,Semantic event key retained; no claim of row-by-row official extraction.,IOC Olympic results/programmes
210,39,Equestrian,Equestrian Jumping,"Team, Open (Olympic)","Equestrian|Equestrian Jumping|Team, Open (Olympic)",REVIEW_EVENT,Semantic event key retained; no claim of row-by-row official extraction.,IOC Olympic results/programmes
211,98,Tug-of-War,Tug-of-War,"Tug-Of-War, Men (Olympic)","Tug-of-War|Tug-of-War|Tug-Of-War, Men (Olympic)",REVIEW_EVENT,Semantic event key retained; no claim of row-by-row official extraction.,IOC Olympic results/programmes
212,58,Lacrosse,Lacrosse,"Lacrosse, Men (Olympic)","Lacrosse|Lacrosse|Lacrosse, Men (Olympic)",REVIEW_EVENT,Semantic event key retained; no claim of row-by-row official extraction.,IOC Olympic results/programmes
213,36,Equestrian,Equestrian Dressage,"Hacks and Hunter Combined, Open (Olympic)","Equestrian|Equestrian Dressage|Hacks and Hunter Combined, Open (Olympic)",REVIEW_EVENT,Semantic event key retained; no claim of row-by-row official extraction.,IOC Olympic results/programmes
214,4,Aquatics,Diving,"Springboard, Women (Olympic)","Aquatics|Diving|Springboard, Women (Olympic)",REVIEW_EVENT,Semantic event key retained; no claim of row-by-row official extraction.,IOC Olympic results/programmes
215,39,Equestrian,Equestrian Jumping,"Individual, Men (Olympic)","Equestrian|Equestrian Jumping|Individual, Men (Olympic)",REVIEW_EVENT,Semantic event key retained; no claim of row-by-row official extraction.,IOC Olympic results/programmes
216,39,Equestrian,Equestrian Jumping,"Team, Men (Olympic)","Equestrian|Equestrian Jumping|Team, Men (Olympic)",REVIEW_EVENT,Semantic event key retained; no claim of row-by-row official extraction.,IOC Olympic results/programmes
217,38,Equestrian,Equestrian Eventing,"Individual, Men (Olympic)","Equestrian|Equestrian Eventing|Individual, Men (Olympic)",REVIEW_EVENT,Semantic event key retained; no claim of row-by-row official extraction.,IOC Olympic results/programmes
218,38,Equestrian,Equestrian Eventing,"Team, Men (Olympic)","Equestrian|Equestrian Eventing|Team, Men (Olympic)",REVIEW_EVENT,Semantic event key retained; no claim of row-by-row official extraction.,IOC Olympic results/programmes
219,36,Equestrian,Equestrian Dressage,"Individual, Men (Olympic)","Equestrian|Equestrian Dressage|Individual, Men (Olympic)",REVIEW_EVENT,Semantic event key retained; no claim of row-by-row official extraction.,IOC Olympic results/programmes
220,36,Equestrian,Equestrian Dressage,"Team, Men (Olympic)","Equestrian|Equestrian Dressage|Team, Men (Olympic)",REVIEW_EVENT,Semantic event key retained; no claim of row-by-row official extraction.,IOC Olympic results/programmes
221,39,Equestrian,Equestrian Jumping,Equestrian Eventing (Equestrian),Equestrian|Equestrian Jumping|Equestrian Eventing (Equestrian),REVIEW_EVENT,Semantic event key retained; no claim of row-by-row official extraction.,IOC Olympic results/programmes
222,102,Winter Pentathlon,Winter Pentathlon,"Winter Pentathlon, Men (Olympic (non-medal))","Winter Pentathlon|Winter Pentathlon|Winter Pentathlon, Men (Olympic (non-medal))",REVIEW_EVENT,Semantic event key retained; no claim of row-by-row official extraction.,IOC Olympic results/programmes
223,36,Equestrian,Equestrian Dressage,Equestrian Eventing (Equestrian),Equestrian|Equestrian Dressage|Equestrian Eventing (Equestrian),REVIEW_EVENT,Semantic event key retained; no claim of row-by-row official extraction.,IOC Olympic results/programmes
224,40,Equestrian,Equestrian Vaulting,"Individual, Men (Olympic)","Equestrian|Equestrian Vaulting|Individual, Men (Olympic)",REVIEW_EVENT,Semantic event key retained; no claim of row-by-row official extraction.,IOC Olympic results/programmes
225,40,Equestrian,Equestrian Vaulting,"Team, Men (Olympic)","Equestrian|Equestrian Vaulting|Team, Men (Olympic)",REVIEW_EVENT,Semantic event key retained; no claim of row-by-row official extraction.,IOC Olympic results/programmes
226,37,Equestrian,Equestrian Driving,"Four-In-Hand Competition, Open (Olympic)","Equestrian|Equestrian Driving|Four-In-Hand Competition, Open (Olympic)",REVIEW_EVENT,Semantic event key retained; no claim of row-by-row official extraction.,IOC Olympic results/programmes
227,39,Equestrian,Equestrian Jumping,Equestrian Dressage (Equestrian),Equestrian|Equestrian Jumping|Equestrian Dressage (Equestrian),REVIEW_EVENT,Semantic event key retained; no claim of row-by-row official extraction.,IOC Olympic results/programmes
228,41,Fencing,Fencing,"Sabre, Team, Men (Olympic)","Fencing|Fencing|Sabre, Team, Men (Olympic)",REVIEW_EVENT,Semantic event key retained; no claim of row-by-row official extraction.,IOC Olympic results/programmes
229,41,Fencing,Fencing,Equestrian Eventing (Equestrian),Fencing|Fencing|Equestrian Eventing (Equestrian),REVIEW_EVENT,Semantic event key retained; no claim of row-by-row official extraction.,IOC Olympic results/programmes
230,41,Fencing,Fencing,"Individual, Men (Olympic)","Fencing|Fencing|Individual, Men (Olympic)",REVIEW_EVENT,Semantic event key retained; no claim of row-by-row official extraction.,IOC Olympic results/programmes
231,41,Fencing,Fencing,"Team, Men (Olympic)","Fencing|Fencing|Team, Men (Olympic)",REVIEW_EVENT,Semantic event key retained; no claim of row-by-row official extraction.,IOC Olympic results/programmes
232,39,Equestrian,Equestrian Jumping,"Long Jump, Open (Olympic)","Equestrian|Equestrian Jumping|Long Jump, Open (Olympic)",REVIEW_EVENT,Semantic event key retained; no claim of row-by-row official extraction.,IOC Olympic results/programmes
233,39,Equestrian,Equestrian Jumping,"Hacks and Hunter Combined, Open (Olympic)","Equestrian|Equestrian Jumping|Hacks and Hunter Combined, Open (Olympic)",REVIEW_EVENT,Semantic event key retained; no claim of row-by-row official extraction.,IOC Olympic results/programmes
234,39,Equestrian,Equestrian Jumping,"High Jump, Open (Olympic)","Equestrian|Equestrian Jumping|High Jump, Open (Olympic)",REVIEW_EVENT,Semantic event key retained; no claim of row-by-row official extraction.,IOC Olympic results/programmes
235,60,Modern Pentathlon,Modern Pentathlon,Equestrian Eventing (Equestrian),Modern Pentathlon|Modern Pentathlon|Equestrian Eventing (Equestrian),REVIEW_EVENT,Semantic event key retained; no claim of row-by-row official extraction.,IOC Olympic results/programmes
236,39,Equestrian,Equestrian Jumping,Equestrian Driving (Equestrian),Equestrian|Equestrian Jumping|Equestrian Driving (Equestrian),REVIEW_EVENT,Semantic event key retained; no claim of row-by-row official extraction.,IOC Olympic results/programmes
237,39,Equestrian,Equestrian Jumping,"Four-In-Hand Competition, Open (Olympic)","Equestrian|Equestrian Jumping|Four-In-Hand Competition, Open (Olympic)",REVIEW_EVENT,Semantic event key retained; no claim of row-by-row official extraction.,IOC Olympic results/programmes
238,36,Equestrian,Equestrian Dressage,Equestrian Driving (Equestrian),Equestrian|Equestrian Dressage|Equestrian Driving (Equestrian),REVIEW_EVENT,Semantic event key retained; no claim of row-by-row official extraction.,IOC Olympic results/programmes
239,36,Equestrian,Equestrian Dressage,"Four-In-Hand Competition, Open (Olympic)","Equestrian|Equestrian Dressage|Four-In-Hand Competition, Open (Olympic)",REVIEW_EVENT,Semantic event key retained; no claim of row-by-row official extraction.,IOC Olympic results/programmes
240,20,Bobsleigh,Bobsleigh,"Four/Five, Men (Olympic)","Bobsleigh|Bobsleigh|Four/Five, Men (Olympic)",REVIEW_EVENT,Semantic event key retained; no claim of row-by-row official extraction.,IOC Olympic results/programmes
241,41,Fencing,Fencing,"Sabre, Individual, Men (Olympic)","Fencing|Fencing|Sabre, Individual, Men (Olympic)",REVIEW_EVENT,Semantic event key retained; no claim of row-by-row official extraction.,IOC Olympic results/programmes
242,34,Cycling,Cycling Track,"20 kilometres, Men (Olympic)","Cycling|Cycling Track|20 kilometres, Men (Olympic)",REVIEW_EVENT,Semantic event key retained; no claim of row-by-row official extraction.,IOC Olympic results/programmes
243,34,Cycling,Cycling Track,"Individual Pursuit, 4,000 metres, Men (Olympic)","Cycling|Cycling Track|Individual Pursuit, 4,000 metres, Men (Olympic)",REVIEW_EVENT,Semantic event key retained; no claim of row-by-row official extraction.,IOC Olympic results/programmes
244,34,Cycling,Cycling Track,"Sprint, Men (Olympic)","Cycling|Cycling Track|Sprint, Men (Olympic)",REVIEW_EVENT,Semantic event key retained; no claim of row-by-row official extraction.,IOC Olympic results/programmes
245,33,Cycling,Cycling Road,Cycling Track (Cycling),Cycling|Cycling Road|Cycling Track (Cycling),REVIEW_EVENT,Semantic event key retained; no claim of row-by-row official extraction.,IOC Olympic results/programmes
246,33,Cycling,Cycling Road,"Sprint, Men (Olympic)","Cycling|Cycling Road|Sprint, Men (Olympic)",REVIEW_EVENT,Semantic event key retained; no claim of row-by-row official extraction.,IOC Olympic results/programmes
247,33,Cycling,Cycling Road,"1,000 metres Time Trial, Men (Olympic)","Cycling|Cycling Road|1,000 metres Time Trial, Men (Olympic)",REVIEW_EVENT,Semantic event key retained; no claim of row-by-row official extraction.,IOC Olympic results/programmes
248,33,Cycling,Cycling Road,"Points Race, Men (Olympic)","Cycling|Cycling Road|Points Race, Men (Olympic)",REVIEW_EVENT,Semantic event key retained; no claim of row-by-row official extraction.,IOC Olympic results/programmes
249,33,Cycling,Cycling Road,"Road Race, Individual, Women (Olympic)","Cycling|Cycling Road|Road Race, Individual, Women (Olympic)",REVIEW_EVENT,Semantic event key retained; no claim of row-by-row official extraction.,IOC Olympic results/programmes
250,33,Cycling,Cycling Road,Cycling Mountain Bike (Cycling),Cycling|Cycling Road|Cycling Mountain Bike (Cycling),REVIEW_EVENT,Semantic event key retained; no claim of row-by-row official extraction.,IOC Olympic results/programmes
251,33,Cycling,Cycling Road,"Cross-Country, Women (Olympic)","Cycling|Cycling Road|Cross-Country, Women (Olympic)",REVIEW_EVENT,Semantic event key retained; no claim of row-by-row official extraction.,IOC Olympic results/programmes
252,35,Cycling,Mountain Bike,"Cross-Country, Women (Olympic)","Cycling|Mountain Bike|Cross-Country, Women (Olympic)",REVIEW_EVENT,Semantic event key retained; no claim of row-by-row official extraction.,IOC Olympic results/programmes
253,34,Cycling,Cycling Track,"Individual Pursuit, Women (Olympic)","Cycling|Cycling Track|Individual Pursuit, Women (Olympic)",REVIEW_EVENT,Semantic event key retained; no claim of row-by-row official extraction.,IOC Olympic results/programmes
254,34,Cycling,Cycling Track,"Points Race, Women (Olympic)","Cycling|Cycling Track|Points Race, Women (Olympic)",REVIEW_EVENT,Semantic event key retained; no claim of row-by-row official extraction.,IOC Olympic results/programmes
255,33,Cycling,Cycling Road,"Individual Time Trial, Women (Olympic)","Cycling|Cycling Road|Individual Time Trial, Women (Olympic)",REVIEW_EVENT,Semantic event key retained; no claim of row-by-row official extraction.,IOC Olympic results/programmes
256,33,Cycling,Cycling Road,"Individual Pursuit, Women (Olympic)","Cycling|Cycling Road|Individual Pursuit, Women (Olympic)",REVIEW_EVENT,Semantic event key retained; no claim of row-by-row official extraction.,IOC Olympic results/programmes
257,33,Cycling,Cycling Road,"Points Race, Women (Olympic)","Cycling|Cycling Road|Points Race, Women (Olympic)",REVIEW_EVENT,Semantic event key retained; no claim of row-by-row official extraction.,IOC Olympic results/programmes
258,33,Cycling,Cycling Road,"Team Pursuit, Women (Olympic)","Cycling|Cycling Road|Team Pursuit, Women (Olympic)",REVIEW_EVENT,Semantic event key retained; no claim of row-by-row official extraction.,IOC Olympic results/programmes
259,34,Cycling,Cycling Track,"Sprint, Women (Olympic)","Cycling|Cycling Track|Sprint, Women (Olympic)",REVIEW_EVENT,Semantic event key retained; no claim of row-by-row official extraction.,IOC Olympic results/programmes
260,34,Cycling,Cycling Track,"500 metres Time Trial, Women (Olympic)","Cycling|Cycling Track|500 metres Time Trial, Women (Olympic)",REVIEW_EVENT,Semantic event key retained; no claim of row-by-row official extraction.,IOC Olympic results/programmes
261,20,Bobsleigh,Bobsleigh,"Two, Women (Olympic)","Bobsleigh|Bobsleigh|Two, Women (Olympic)",REVIEW_EVENT,Semantic event key retained; no claim of row-by-row official extraction.,IOC Olympic results/programmes
262,10,Athletics,Athletics,"3,000 metres, Women (Olympic)","Athletics|Athletics|3,000 metres, Women (Olympic)",REVIEW_EVENT,Semantic event key retained; no claim of row-by-row official extraction.,IOC Olympic results/programmes
263,82,Skating,Speed Skating,"3,000 metres, Women (Olympic)","Skating|Speed Skating|3,000 metres, Women (Olympic)",REVIEW_EVENT,Semantic event key retained; no claim of row-by-row official extraction.,IOC Olympic results/programmes
264,82,Skating,Speed Skating,"5,000 metres, Women (Olympic)","Skating|Speed Skating|5,000 metres, Women (Olympic)",REVIEW_EVENT,Semantic event key retained; no claim of row-by-row official extraction.,IOC Olympic results/programmes
265,82,Skating,Speed Skating,"Team Pursuit (6 laps), Women (Olympic)","Skating|Speed Skating|Team Pursuit (6 laps), Women (Olympic)",REVIEW_EVENT,Semantic event key retained; no claim of row-by-row official extraction.,IOC Olympic results/programmes
266,34,Cycling,Cycling Track,"Keirin, Women (Olympic)","Cycling|Cycling Track|Keirin, Women (Olympic)",REVIEW_EVENT,Semantic event key retained; no claim of row-by-row official extraction.,IOC Olympic results/programmes
267,34,Cycling,Cycling Track,"Team Sprint, Women (Olympic)","Cycling|Cycling Track|Team Sprint, Women (Olympic)",REVIEW_EVENT,Semantic event key retained; no claim of row-by-row official extraction.,IOC Olympic results/programmes
268,33,Cycling,Cycling Road,"Sprint, Women (Olympic)","Cycling|Cycling Road|Sprint, Women (Olympic)",REVIEW_EVENT,Semantic event key retained; no claim of row-by-row official extraction.,IOC Olympic results/programmes
269,33,Cycling,Cycling Road,"Individual Pursuit, 4,000 metres, Men (Olympic)","Cycling|Cycling Road|Individual Pursuit, 4,000 metres, Men (Olympic)",REVIEW_EVENT,Semantic event key retained; no claim of row-by-row official extraction.,IOC Olympic results/programmes
270,34,Cycling,Cycling Track,"1,000 metres Time Trial, Men (Olympic)","Cycling|Cycling Track|1,000 metres Time Trial, Men (Olympic)",REVIEW_EVENT,Semantic event key retained; no claim of row-by-row official extraction.,IOC Olympic results/programmes
271,34,Cycling,Cycling Track,"Points Race, Men (Olympic)","Cycling|Cycling Track|Points Race, Men (Olympic)",REVIEW_EVENT,Semantic event key retained; no claim of row-by-row official extraction.,IOC Olympic results/programmes
272,34,Cycling,Cycling Track,"Madison, Men (Olympic)","Cycling|Cycling Track|Madison, Men (Olympic)",REVIEW_EVENT,Semantic event key retained; no claim of row-by-row official extraction.,IOC Olympic results/programmes
273,34,Cycling,Cycling Track,"50 kilometres, Men (Olympic)","Cycling|Cycling Track|50 kilometres, Men (Olympic)",REVIEW_EVENT,Semantic event key retained; no claim of row-by-row official extraction.,IOC Olympic results/programmes
274,33,Cycling,Cycling Road,"Team Pursuit, 4,000 metres, Men (Olympic)","Cycling|Cycling Road|Team Pursuit, 4,000 metres, Men (Olympic)",REVIEW_EVENT,Semantic event key retained; no claim of row-by-row official extraction.,IOC Olympic results/programmes
275,34,Cycling,Cycling Track,"Tandem Sprint, 2,000 metres, Men (Olympic)","Cycling|Cycling Track|Tandem Sprint, 2,000 metres, Men (Olympic)",REVIEW_EVENT,Semantic event key retained; no claim of row-by-row official extraction.,IOC Olympic results/programmes
276,34,Cycling,Cycling Track,"Team Pursuit, 1,980 yards, Men (Olympic)","Cycling|Cycling Track|Team Pursuit, 1,980 yards, Men (Olympic)",REVIEW_EVENT,Semantic event key retained; no claim of row-by-row official extraction.,IOC Olympic results/programmes
277,34,Cycling,Cycling Track,"5,000 metres, Men (Olympic)","Cycling|Cycling Track|5,000 metres, Men (Olympic)",REVIEW_EVENT,Semantic event key retained; no claim of row-by-row official extraction.,IOC Olympic results/programmes
278,34,Cycling,Cycling Track,"100 kilometres, Men (Olympic)","Cycling|Cycling Track|100 kilometres, Men (Olympic)",REVIEW_EVENT,Semantic event key retained; no claim of row-by-row official extraction.,IOC Olympic results/programmes
279,33,Cycling,Cycling Road,"Individual Time Trial, Men (Olympic)","Cycling|Cycling Road|Individual Time Trial, Men (Olympic)",REVIEW_EVENT,Semantic event key retained; no claim of row-by-row official extraction.,IOC Olympic results/programmes
280,34,Cycling,Cycling Track,"¼ mile, Men (Olympic)","Cycling|Cycling Track|¼ mile, Men (Olympic)",REVIEW_EVENT,Semantic event key retained; no claim of row-by-row official extraction.,IOC Olympic results/programmes
281,34,Cycling,Cycling Track,"½ mile, Men (Olympic)","Cycling|Cycling Track|½ mile, Men (Olympic)",REVIEW_EVENT,Semantic event key retained; no claim of row-by-row official extraction.,IOC Olympic results/programmes
282,34,Cycling,Cycling Track,"5 miles, Men (Olympic)","Cycling|Cycling Track|5 miles, Men (Olympic)",REVIEW_EVENT,Semantic event key retained; no claim of row-by-row official extraction.,IOC Olympic results/programmes
283,34,Cycling,Cycling Track,"25 miles, Men (Olympic)","Cycling|Cycling Track|25 miles, Men (Olympic)",REVIEW_EVENT,Semantic event key retained; no claim of row-by-row official extraction.,IOC Olympic results/programmes
284,34,Cycling,Cycling Track,"½ mile, Handicap, Men (Olympic (non-medal))","Cycling|Cycling Track|½ mile, Handicap, Men (Olympic (non-medal))",REVIEW_EVENT,Semantic event key retained; no claim of row-by-row official extraction.,IOC Olympic results/programmes
285,35,Cycling,Mountain Bike,"Cross-Country, Men (Olympic)","Cycling|Mountain Bike|Cross-Country, Men (Olympic)",REVIEW_EVENT,Semantic event key retained; no claim of row-by-row official extraction.,IOC Olympic results/programmes
286,33,Cycling,Cycling Road,"333⅓ metres Time Trial, Men (Olympic)","Cycling|Cycling Road|333⅓ metres Time Trial, Men (Olympic)",REVIEW_EVENT,Semantic event key retained; no claim of row-by-row official extraction.,IOC Olympic results/programmes
287,33,Cycling,Cycling Road,"100 kilometres, Men (Olympic)","Cycling|Cycling Road|100 kilometres, Men (Olympic)",REVIEW_EVENT,Semantic event key retained; no claim of row-by-row official extraction.,IOC Olympic results/programmes
288,34,Cycling,Cycling Track,"Team Sprint, Men (Olympic)","Cycling|Cycling Track|Team Sprint, Men (Olympic)",REVIEW_EVENT,Semantic event key retained; no claim of row-by-row official extraction.,IOC Olympic results/programmes
289,34,Cycling,Cycling Track,"⅓ mile, Men (Olympic)","Cycling|Cycling Track|⅓ mile, Men (Olympic)",REVIEW_EVENT,Semantic event key retained; no claim of row-by-row official extraction.,IOC Olympic results/programmes
290,34,Cycling,Cycling Track,"1 mile, Men (Olympic)","Cycling|Cycling Track|1 mile, Men (Olympic)",REVIEW_EVENT,Semantic event key retained; no claim of row-by-row official extraction.,IOC Olympic results/programmes
291,34,Cycling,Cycling Track,"2 miles, Men (Olympic)","Cycling|Cycling Track|2 miles, Men (Olympic)",REVIEW_EVENT,Semantic event key retained; no claim of row-by-row official extraction.,IOC Olympic results/programmes
292,34,Cycling,Cycling Track,"1 mile, Novice, Men (Olympic (non-medal))","Cycling|Cycling Track|1 mile, Novice, Men (Olympic (non-medal))",REVIEW_EVENT,Semantic event key retained; no claim of row-by-row official extraction.,IOC Olympic results/programmes
293,33,Cycling,Cycling Road,"Tandem Sprint, 2,000 metres, Men (Olympic)","Cycling|Cycling Road|Tandem Sprint, 2,000 metres, Men (Olympic)",REVIEW_EVENT,Semantic event key retained; no claim of row-by-row official extraction.,IOC Olympic results/programmes
294,34,Cycling,Cycling Track,"Sprint, Men (Intercalated)","Cycling|Cycling Track|Sprint, Men (Intercalated)",REVIEW_EVENT,Semantic event key retained; no claim of row-by-row official extraction.,IOC Olympic results/programmes
295,34,Cycling,Cycling Track,"333⅓ metres Time Trial, Men (Intercalated)","Cycling|Cycling Track|333⅓ metres Time Trial, Men (Intercalated)",REVIEW_EVENT,Semantic event key retained; no claim of row-by-row official extraction.,IOC Olympic results/programmes
296,34,Cycling,Cycling Track,"5,000 metres, Men (Intercalated)","Cycling|Cycling Track|5,000 metres, Men (Intercalated)",REVIEW_EVENT,Semantic event key retained; no claim of row-by-row official extraction.,IOC Olympic results/programmes
297,34,Cycling,Cycling Track,"20 kilometres, Men (Intercalated)","Cycling|Cycling Track|20 kilometres, Men (Intercalated)",REVIEW_EVENT,Semantic event key retained; no claim of row-by-row official extraction.,IOC Olympic results/programmes
298,33,Cycling,Cycling Road,"50 kilometres, Men (Olympic)","Cycling|Cycling Road|50 kilometres, Men (Olympic)",REVIEW_EVENT,Semantic event key retained; no claim of row-by-row official extraction.,IOC Olympic results/programmes
299,34,Cycling,Cycling Track,"Keirin, Men (Olympic)","Cycling|Cycling Track|Keirin, Men (Olympic)",REVIEW_EVENT,Semantic event key retained; no claim of row-by-row official extraction.,IOC Olympic results/programmes
300,33,Cycling,Cycling Road,"Madison, Men (Olympic)","Cycling|Cycling Road|Madison, Men (Olympic)",REVIEW_EVENT,Semantic event key retained; no claim of row-by-row official extraction.,IOC Olympic results/programmes
301,34,Cycling,Cycling Track,"Omnium, Men (Olympic)","Cycling|Cycling Track|Omnium, Men (Olympic)",REVIEW_EVENT,Semantic event key retained; no claim of row-by-row official extraction.,IOC Olympic results/programmes
302,34,Cycling,Cycling Track,"25 kilometres, Men (Olympic)","Cycling|Cycling Track|25 kilometres, Men (Olympic)",REVIEW_EVENT,Semantic event key retained; no claim of row-by-row official extraction.,IOC Olympic results/programmes
303,42,Football,Football,"Football, Men (Olympic)","Football|Football|Football, Men (Olympic)",VERIFIED_EVENT,Priority event used in the mandatory historical checks.,IOC Olympic results/programmes
304,42,Football,Football,Cycling Track (Cycling),Football|Football|Cycling Track (Cycling),REVIEW_EVENT,Semantic event key retained; no claim of row-by-row official extraction.,IOC Olympic results/programmes
305,42,Football,Football,"Sprint, Men (Olympic)","Football|Football|Sprint, Men (Olympic)",REVIEW_EVENT,Semantic event key retained; no claim of row-by-row official extraction.,IOC Olympic results/programmes
306,74,Rowing,Rowing,"Single Sculls, Men (Intercalated)","Rowing|Rowing|Single Sculls, Men (Intercalated)",REVIEW_EVENT,Semantic event key retained; no claim of row-by-row official extraction.,IOC Olympic results/programmes
307,74,Rowing,Rowing,"Coxed Pairs (1 kilometre), Men (Intercalated)","Rowing|Rowing|Coxed Pairs (1 kilometre), Men (Intercalated)",REVIEW_EVENT,Semantic event key retained; no claim of row-by-row official extraction.,IOC Olympic results/programmes
308,74,Rowing,Rowing,"Coxed Pairs (1 mile), Men (Intercalated)","Rowing|Rowing|Coxed Pairs (1 mile), Men (Intercalated)",REVIEW_EVENT,Semantic event key retained; no claim of row-by-row official extraction.,IOC Olympic results/programmes
309,74,Rowing,Rowing,"Coxed Fours, Men (Intercalated)","Rowing|Rowing|Coxed Fours, Men (Intercalated)",REVIEW_EVENT,Semantic event key retained; no claim of row-by-row official extraction.,IOC Olympic results/programmes
310,74,Rowing,Rowing,Cycling Track (Cycling),Rowing|Rowing|Cycling Track (Cycling),REVIEW_EVENT,Semantic event key retained; no claim of row-by-row official extraction.,IOC Olympic results/programmes
311,74,Rowing,Rowing,"Sprint, Men (Intercalated)","Rowing|Rowing|Sprint, Men (Intercalated)",REVIEW_EVENT,Semantic event key retained; no claim of row-by-row official extraction.,IOC Olympic results/programmes
312,74,Rowing,Rowing,"5,000 metres, Men (Intercalated)","Rowing|Rowing|5,000 metres, Men (Intercalated)",REVIEW_EVENT,Semantic event key retained; no claim of row-by-row official extraction.,IOC Olympic results/programmes
313,33,Cycling,Cycling Road,"10,000 metres, Men (Olympic)","Cycling|Cycling Road|10,000 metres, Men (Olympic)",REVIEW_EVENT,Semantic event key retained; no claim of row-by-row official extraction.,IOC Olympic results/programmes
314,33,Cycling,Cycling Road,"Cross-Country, Men (Olympic)","Cycling|Cycling Road|Cross-Country, Men (Olympic)",REVIEW_EVENT,Semantic event key retained; no claim of row-by-row official extraction.,IOC Olympic results/programmes
315,34,Cycling,Cycling Track,"1 mile, Handicap, Men (Olympic (non-medal))","Cycling|Cycling Track|1 mile, Handicap, Men (Olympic (non-medal))",REVIEW_EVENT,Semantic event key retained; no claim of row-by-row official extraction.,IOC Olympic results/programmes
316,34,Cycling,Cycling Track,"5 miles, Handicap, Men (Olympic (non-medal))","Cycling|Cycling Track|5 miles, Handicap, Men (Olympic (non-medal))",REVIEW_EVENT,Semantic event key retained; no claim of row-by-row official extraction.,IOC Olympic results/programmes
317,33,Cycling,Cycling Road,"Road Race, Individual, Men (Intercalated)","Cycling|Cycling Road|Road Race, Individual, Men (Intercalated)",REVIEW_EVENT,Semantic event key retained; no claim of row-by-row official extraction.,IOC Olympic results/programmes
318,33,Cycling,Cycling Road,"Sprint, Men (Intercalated)","Cycling|Cycling Road|Sprint, Men (Intercalated)",REVIEW_EVENT,Semantic event key retained; no claim of row-by-row official extraction.,IOC Olympic results/programmes
319,33,Cycling,Cycling Road,"333⅓ metres Time Trial, Men (Intercalated)","Cycling|Cycling Road|333⅓ metres Time Trial, Men (Intercalated)",REVIEW_EVENT,Semantic event key retained; no claim of row-by-row official extraction.,IOC Olympic results/programmes
320,33,Cycling,Cycling Road,"Tandem Sprint, 2,000 metres, Men (Intercalated)","Cycling|Cycling Road|Tandem Sprint, 2,000 metres, Men (Intercalated)",REVIEW_EVENT,Semantic event key retained; no claim of row-by-row official extraction.,IOC Olympic results/programmes
321,33,Cycling,Cycling Road,"5,000 metres, Men (Intercalated)","Cycling|Cycling Road|5,000 metres, Men (Intercalated)",REVIEW_EVENT,Semantic event key retained; no claim of row-by-row official extraction.,IOC Olympic results/programmes
322,33,Cycling,Cycling Road,"12-Hours Race, Men (Olympic)","Cycling|Cycling Road|12-Hours Race, Men (Olympic)",REVIEW_EVENT,Semantic event key retained; no claim of row-by-row official extraction.,IOC Olympic results/programmes
323,33,Cycling,Cycling Road,"20 kilometres, Men (Intercalated)","Cycling|Cycling Road|20 kilometres, Men (Intercalated)",REVIEW_EVENT,Semantic event key retained; no claim of row-by-row official extraction.,IOC Olympic results/programmes
324,34,Cycling,Cycling Track,"12-Hours Race, Men (Olympic)","Cycling|Cycling Track|12-Hours Race, Men (Olympic)",REVIEW_EVENT,Semantic event key retained; no claim of row-by-row official extraction.,IOC Olympic results/programmes
325,34,Cycling,Cycling Track,"Tandem Sprint, 2,000 metres, Men (Intercalated)","Cycling|Cycling Track|Tandem Sprint, 2,000 metres, Men (Intercalated)",REVIEW_EVENT,Semantic event key retained; no claim of row-by-row official extraction.,IOC Olympic results/programmes
326,30,Cycling,Bicycle Polo,"Bicycle Polo, Men (Olympic (non-medal))","Cycling|Bicycle Polo|Bicycle Polo, Men (Olympic (non-medal))",REVIEW_EVENT,Semantic event key retained; no claim of row-by-row official extraction.,IOC Olympic results/programmes
327,33,Cycling,Cycling Road,Athletics,Cycling|Cycling Road|Athletics,REVIEW_EVENT,Semantic event key retained; no claim of row-by-row official extraction.,IOC Olympic results/programmes
328,33,Cycling,Cycling Road,"4 × 100 metres Relay, Men (Olympic)","Cycling|Cycling Road|4 × 100 metres Relay, Men (Olympic)",REVIEW_EVENT,Semantic event key retained; no claim of row-by-row official extraction.,IOC Olympic results/programmes
329,85,Skiing,Cross Country Skiing,"18 kilometres, Men (Olympic)","Skiing|Cross Country Skiing|18 kilometres, Men (Olympic)",REVIEW_EVENT,Semantic event key retained; no claim of row-by-row official extraction.,IOC Olympic results/programmes
330,85,Skiing,Cross Country Skiing,"50 kilometres, Men (Olympic)","Skiing|Cross Country Skiing|50 kilometres, Men (Olympic)",REVIEW_EVENT,Semantic event key retained; no claim of row-by-row official extraction.,IOC Olympic results/programmes
331,41,Fencing,Fencing,Cycling Road (Cycling),Fencing|Fencing|Cycling Road (Cycling),REVIEW_EVENT,Semantic event key retained; no claim of row-by-row official extraction.,IOC Olympic results/programmes
332,41,Fencing,Fencing,"Road Race, Individual, Men (Olympic)","Fencing|Fencing|Road Race, Individual, Men (Olympic)",REVIEW_EVENT,Semantic event key retained; no claim of row-by-row official extraction.,IOC Olympic results/programmes
333,41,Fencing,Fencing,Cycling Track (Cycling),Fencing|Fencing|Cycling Track (Cycling),REVIEW_EVENT,Semantic event key retained; no claim of row-by-row official extraction.,IOC Olympic results/programmes
334,41,Fencing,Fencing,"333⅓ metres Time Trial, Men (Olympic)","Fencing|Fencing|333⅓ metres Time Trial, Men (Olympic)",REVIEW_EVENT,Semantic event key retained; no claim of row-by-row official extraction.,IOC Olympic results/programmes
335,41,Fencing,Fencing,"10,000 metres, Men (Olympic)","Fencing|Fencing|10,000 metres, Men (Olympic)",REVIEW_EVENT,Semantic event key retained; no claim of row-by-row official extraction.,IOC Olympic results/programmes
336,41,Fencing,Fencing,"100 kilometres, Men (Olympic)","Fencing|Fencing|100 kilometres, Men (Olympic)",REVIEW_EVENT,Semantic event key retained; no claim of row-by-row official extraction.,IOC Olympic results/programmes
337,41,Fencing,Fencing,"12-Hours Race, Men (Olympic)","Fencing|Fencing|12-Hours Race, Men (Olympic)",REVIEW_EVENT,Semantic event key retained; no claim of row-by-row official extraction.,IOC Olympic results/programmes
338,49,Hockey,Hockey,"Hockey, Women (Olympic)","Hockey|Hockey|Hockey, Women (Olympic)",REVIEW_EVENT,Semantic event key retained; no claim of row-by-row official extraction.,IOC Olympic results/programmes
339,10,Athletics,Athletics,"400 metres, Women (Olympic)","Athletics|Athletics|400 metres, Women (Olympic)",REVIEW_EVENT,Semantic event key retained; no claim of row-by-row official extraction.,IOC Olympic results/programmes
340,10,Athletics,Athletics,"4 × 400 metres Relay, Women (Olympic)","Athletics|Athletics|4 × 400 metres Relay, Women (Olympic)",REVIEW_EVENT,Semantic event key retained; no claim of row-by-row official extraction.,IOC Olympic results/programmes
341,70,Racquets,Racquets,"Singles, Men (Olympic)","Racquets|Racquets|Singles, Men (Olympic)",REVIEW_EVENT,Semantic event key retained; no claim of row-by-row official extraction.,IOC Olympic results/programmes
342,20,Bobsleigh,Bobsleigh,"Two, Men (Olympic)","Bobsleigh|Bobsleigh|Two, Men (Olympic)",REVIEW_EVENT,Semantic event key retained; no claim of row-by-row official extraction.,IOC Olympic results/programmes
343,69,Polo,Polo,"Polo, Men (Olympic (non-medal))","Polo|Polo|Polo, Men (Olympic (non-medal))",REVIEW_EVENT,Semantic event key retained; no claim of row-by-row official extraction.,IOC Olympic results/programmes
344,27,Cricket,Cricket,"Cricket, Men (Olympic)","Cricket|Cricket|Cricket, Men (Olympic)",REVIEW_EVENT,Semantic event key retained; no claim of row-by-row official extraction.,IOC Olympic results/programmes
345,28,Croquet,Croquet,"Singles, One Ball, Open (Olympic)","Croquet|Croquet|Singles, One Ball, Open (Olympic)",REVIEW_EVENT,Semantic event key retained; no claim of row-by-row official extraction.,IOC Olympic results/programmes
346,28,Croquet,Croquet,"Doubles, Open (Olympic)","Croquet|Croquet|Doubles, Open (Olympic)",REVIEW_EVENT,Semantic event key retained; no claim of row-by-row official extraction.,IOC Olympic results/programmes
347,28,Croquet,Croquet,"Singles, Two Balls, Open (Olympic)","Croquet|Croquet|Singles, Two Balls, Open (Olympic)",REVIEW_EVENT,Semantic event key retained; no claim of row-by-row official extraction.,IOC Olympic results/programmes
348,28,Croquet,Croquet,"Singles, Two Balls, Handicap, Men (Olympic (non-medal))","Croquet|Croquet|Singles, Two Balls, Handicap, Men (Olympic (non-medal))",REVIEW_EVENT,Semantic event key retained; no claim of row-by-row official extraction.,IOC Olympic results/programmes
349,44,Golf,Golf,"Individual, Women (Olympic)","Golf|Golf|Individual, Women (Olympic)",REVIEW_EVENT,Semantic event key retained; no claim of row-by-row official extraction.,IOC Olympic results/programmes
350,61,Motorboating,Motorboating,"A-Class (Open), Open (Olympic)","Motorboating|Motorboating|A-Class (Open), Open (Olympic)",REVIEW_EVENT,Semantic event key retained; no claim of row-by-row official extraction.,IOC Olympic results/programmes
351,75,Rugby,Rugby,Tug-Of-War,Rugby|Rugby|Tug-Of-War,REVIEW_EVENT,Semantic event key retained; no claim of row-by-row official extraction.,IOC Olympic results/programmes
352,75,Rugby,Rugby,"Tug-Of-War, Men (Olympic)","Rugby|Rugby|Tug-Of-War, Men (Olympic)",REVIEW_EVENT,Semantic event key retained; no claim of row-by-row official extraction.,IOC Olympic results/programmes
353,75,Rugby,Rugby,Athletics,Rugby|Rugby|Athletics,REVIEW_EVENT,Semantic event key retained; no claim of row-by-row official extraction.,IOC Olympic results/programmes
354,75,Rugby,Rugby,"200 metres Hurdles, Men (Olympic)","Rugby|Rugby|200 metres Hurdles, Men (Olympic)",REVIEW_EVENT,Semantic event key retained; no claim of row-by-row official extraction.,IOC Olympic results/programmes
355,75,Rugby,Rugby,"Discus Throw, Men (Olympic)","Rugby|Rugby|Discus Throw, Men (Olympic)",REVIEW_EVENT,Semantic event key retained; no claim of row-by-row official extraction.,IOC Olympic results/programmes
356,98,Tug-of-War,Tug-of-War,Athletics,Tug-of-War|Tug-of-War|Athletics,REVIEW_EVENT,Semantic event key retained; no claim of row-by-row official extraction.,IOC Olympic results/programmes
357,98,Tug-of-War,Tug-of-War,"Shot Put, Handicap, Men (Olympic (non-medal))","Tug-of-War|Tug-of-War|Shot Put, Handicap, Men (Olympic (non-medal))",REVIEW_EVENT,Semantic event key retained; no claim of row-by-row official extraction.,IOC Olympic results/programmes
358,41,Fencing,Fencing,"Foil, Individual, Men (Olympic)","Fencing|Fencing|Foil, Individual, Men (Olympic)",REVIEW_EVENT,Semantic event key retained; no claim of row-by-row official extraction.,IOC Olympic results/programmes
359,61,Motorboating,Motorboating,"B-Class (Under 60 feet), Open (Olympic)","Motorboating|Motorboating|B-Class (Under 60 feet), Open (Olympic)",REVIEW_EVENT,Semantic event key retained; no claim of row-by-row official extraction.,IOC Olympic results/programmes
360,61,Motorboating,Motorboating,"C-Class, Open (Olympic)","Motorboating|Motorboating|C-Class, Open (Olympic)",REVIEW_EVENT,Semantic event key retained; no claim of row-by-row official extraction.,IOC Olympic results/programmes
361,70,Racquets,Racquets,"Doubles, Men (Olympic)","Racquets|Racquets|Doubles, Men (Olympic)",REVIEW_EVENT,Semantic event key retained; no claim of row-by-row official extraction.,IOC Olympic results/programmes
362,55,Jeu de Paume,Jeu de Paume,Racquets,Jeu de Paume|Jeu de Paume|Racquets,REVIEW_EVENT,Semantic event key retained; no claim of row-by-row official extraction.,IOC Olympic results/programmes
363,55,Jeu de Paume,Jeu de Paume,"Doubles, Men (Olympic)","Jeu de Paume|Jeu de Paume|Doubles, Men (Olympic)",REVIEW_EVENT,Semantic event key retained; no claim of row-by-row official extraction.,IOC Olympic results/programmes
364,98,Tug-of-War,Tug-of-War,Wrestling,Tug-of-War|Tug-of-War|Wrestling,REVIEW_EVENT,Semantic event key retained; no claim of row-by-row official extraction.,IOC Olympic results/programmes
365,98,Tug-of-War,Tug-of-War,"Heavyweight, Greco-Roman, Men (Olympic)","Tug-of-War|Tug-of-War|Heavyweight, Greco-Roman, Men (Olympic)",REVIEW_EVENT,Semantic event key retained; no claim of row-by-row official extraction.,IOC Olympic results/programmes
366,98,Tug-of-War,Tug-of-War,"Heavyweight, Freestyle, Men (Olympic)","Tug-of-War|Tug-of-War|Heavyweight, Freestyle, Men (Olympic)",REVIEW_EVENT,Semantic event key retained; no claim of row-by-row official extraction.,IOC Olympic results/programmes
367,22,Boxing,Boxing,Tug-Of-War,Boxing|Boxing|Tug-Of-War,REVIEW_EVENT,Semantic event key retained; no claim of row-by-row official extraction.,IOC Olympic results/programmes
368,22,Boxing,Boxing,"Tug-Of-War, Men (Olympic)","Boxing|Boxing|Tug-Of-War, Men (Olympic)",REVIEW_EVENT,Semantic event key retained; no claim of row-by-row official extraction.,IOC Olympic results/programmes
369,75,Rugby,Rugby,"100 metres, Men (Olympic)","Rugby|Rugby|100 metres, Men (Olympic)",REVIEW_EVENT,Semantic event key retained; no claim of row-by-row official extraction.,IOC Olympic results/programmes
370,75,Rugby,Rugby,"400 metres, Men (Olympic)","Rugby|Rugby|400 metres, Men (Olympic)",REVIEW_EVENT,Semantic event key retained; no claim of row-by-row official extraction.,IOC Olympic results/programmes
371,98,Tug-of-War,Tug-of-War,Weightlifting,Tug-of-War|Tug-of-War|Weightlifting,REVIEW_EVENT,Semantic event key retained; no claim of row-by-row official extraction.,IOC Olympic results/programmes
372,98,Tug-of-War,Tug-of-War,"Unlimited, Two Hands, Men (Olympic)","Tug-of-War|Tug-of-War|Unlimited, Two Hands, Men (Olympic)",REVIEW_EVENT,Semantic event key retained; no claim of row-by-row official extraction.,IOC Olympic results/programmes
373,10,Athletics,Athletics,"Marathon, Men (Intercalated)","Athletics|Athletics|Marathon, Men (Intercalated)",REVIEW_EVENT,Semantic event key retained; no claim of row-by-row official extraction.,IOC Olympic results/programmes
374,10,Athletics,Athletics,"Shot Put, Men (Intercalated)","Athletics|Athletics|Shot Put, Men (Intercalated)",REVIEW_EVENT,Semantic event key retained; no claim of row-by-row official extraction.,IOC Olympic results/programmes
375,10,Athletics,Athletics,"Discus Throw, Men (Intercalated)","Athletics|Athletics|Discus Throw, Men (Intercalated)",REVIEW_EVENT,Semantic event key retained; no claim of row-by-row official extraction.,IOC Olympic results/programmes
376,10,Athletics,Athletics,"Discus Throw, Greek Style, Men (Intercalated)","Athletics|Athletics|Discus Throw, Greek Style, Men (Intercalated)",REVIEW_EVENT,Semantic event key retained; no claim of row-by-row official extraction.,IOC Olympic results/programmes
377,10,Athletics,Athletics,"Pentathlon (Ancient), Men (Intercalated)","Athletics|Athletics|Pentathlon (Ancient), Men (Intercalated)",REVIEW_EVENT,Semantic event key retained; no claim of row-by-row official extraction.,IOC Olympic results/programmes
378,10,Athletics,Athletics,Weightlifting,Athletics|Athletics|Weightlifting,REVIEW_EVENT,Semantic event key retained; no claim of row-by-row official extraction.,IOC Olympic results/programmes
379,10,Athletics,Athletics,"Unlimited, Two Hands, Men (Intercalated)","Athletics|Athletics|Unlimited, Two Hands, Men (Intercalated)",REVIEW_EVENT,Semantic event key retained; no claim of row-by-row official extraction.,IOC Olympic results/programmes
380,44,Golf,Golf,"Driving Contest, Men (Olympic (non-medal))","Golf|Golf|Driving Contest, Men (Olympic (non-medal))",REVIEW_EVENT,Semantic event key retained; no claim of row-by-row official extraction.,IOC Olympic results/programmes
381,44,Golf,Golf,"Putting Contest, Men (Olympic (non-medal))","Golf|Golf|Putting Contest, Men (Olympic (non-medal))",REVIEW_EVENT,Semantic event key retained; no claim of row-by-row official extraction.,IOC Olympic results/programmes
382,98,Tug-of-War,Tug-of-War,"56-pound Weight Throw, Men (Olympic)","Tug-of-War|Tug-of-War|56-pound Weight Throw, Men (Olympic)",REVIEW_EVENT,Semantic event key retained; no claim of row-by-row official extraction.,IOC Olympic results/programmes
383,10,Athletics,Athletics,"Shot Put, Men (Olympic)","Athletics|Athletics|Shot Put, Men (Olympic)",REVIEW_EVENT,Semantic event key retained; no claim of row-by-row official extraction.,IOC Olympic results/programmes
384,10,Athletics,Athletics,"Shot Put, Handicap, Men (Olympic (non-medal))","Athletics|Athletics|Shot Put, Handicap, Men (Olympic (non-medal))",REVIEW_EVENT,Semantic event key retained; no claim of row-by-row official extraction.,IOC Olympic results/programmes
385,10,Athletics,Athletics,Tug-Of-War,Athletics|Athletics|Tug-Of-War,REVIEW_EVENT,Semantic event key retained; no claim of row-by-row official extraction.,IOC Olympic results/programmes
386,10,Athletics,Athletics,"Tug-Of-War, Men (Olympic)","Athletics|Athletics|Tug-Of-War, Men (Olympic)",REVIEW_EVENT,Semantic event key retained; no claim of row-by-row official extraction.,IOC Olympic results/programmes
387,98,Tug-of-War,Tug-of-War,"Lightweight, Freestyle, Men (Olympic)","Tug-of-War|Tug-of-War|Lightweight, Freestyle, Men (Olympic)",REVIEW_EVENT,Semantic event key retained; no claim of row-by-row official extraction.,IOC Olympic results/programmes
388,10,Athletics,Athletics,"High Jump, Men (Olympic (non-medal))","Athletics|Athletics|High Jump, Men (Olympic (non-medal))",REVIEW_EVENT,Semantic event key retained; no claim of row-by-row official extraction.,IOC Olympic results/programmes
389,10,Athletics,Athletics,"High Jump, Handicap, Men (Olympic (non-medal))","Athletics|Athletics|High Jump, Handicap, Men (Olympic (non-medal))",REVIEW_EVENT,Semantic event key retained; no claim of row-by-row official extraction.,IOC Olympic results/programmes
390,98,Tug-of-War,Tug-of-War,"All-Around Dumbbell Contest, Men (Olympic)","Tug-of-War|Tug-of-War|All-Around Dumbbell Contest, Men (Olympic)",REVIEW_EVENT,Semantic event key retained; no claim of row-by-row official extraction.,IOC Olympic results/programmes
391,10,Athletics,Athletics,"56-pound Weight Throw, Men (Olympic)","Athletics|Athletics|56-pound Weight Throw, Men (Olympic)",REVIEW_EVENT,Semantic event key retained; no claim of row-by-row official extraction.,IOC Olympic results/programmes
392,10,Athletics,Athletics,"56-pound Weight Throw, Men (Olympic (non-medal))","Athletics|Athletics|56-pound Weight Throw, Men (Olympic (non-medal))",REVIEW_EVENT,Semantic event key retained; no claim of row-by-row official extraction.,IOC Olympic results/programmes
393,10,Athletics,Athletics,"Discus Throw, Men (Olympic)","Athletics|Athletics|Discus Throw, Men (Olympic)",REVIEW_EVENT,Semantic event key retained; no claim of row-by-row official extraction.,IOC Olympic results/programmes
394,10,Athletics,Athletics,"Discus Throw, Men (Olympic (non-medal))","Athletics|Athletics|Discus Throw, Men (Olympic (non-medal))",REVIEW_EVENT,Semantic event key retained; no claim of row-by-row official extraction.,IOC Olympic results/programmes
395,10,Athletics,Athletics,"Hammer Throw, Men (Olympic)","Athletics|Athletics|Hammer Throw, Men (Olympic)",REVIEW_EVENT,Semantic event key retained; no claim of row-by-row official extraction.,IOC Olympic results/programmes
396,10,Athletics,Athletics,"Discus Throw, Handicap, Men (Olympic (non-medal))","Athletics|Athletics|Discus Throw, Handicap, Men (Olympic (non-medal))",REVIEW_EVENT,Semantic event key retained; no claim of row-by-row official extraction.,IOC Olympic results/programmes
397,10,Athletics,Athletics,"Hammer Throw, Handicap, Men (Olympic (non-medal))","Athletics|Athletics|Hammer Throw, Handicap, Men (Olympic (non-medal))",REVIEW_EVENT,Semantic event key retained; no claim of row-by-row official extraction.,IOC Olympic results/programmes
398,10,Athletics,Athletics,"Javelin Throw, Men (Olympic)","Athletics|Athletics|Javelin Throw, Men (Olympic)",REVIEW_EVENT,Semantic event key retained; no claim of row-by-row official extraction.,IOC Olympic results/programmes
399,10,Athletics,Athletics,"Javelin Throw, Both Hands, Men (Olympic)","Athletics|Athletics|Javelin Throw, Both Hands, Men (Olympic)",REVIEW_EVENT,Semantic event key retained; no claim of row-by-row official extraction.,IOC Olympic results/programmes
400,10,Athletics,Athletics,"4 × 100 metres Relay, Men (Olympic)","Athletics|Athletics|4 × 100 metres Relay, Men (Olympic)",REVIEW_EVENT,Semantic event key retained; no claim of row-by-row official extraction.,IOC Olympic results/programmes
401,10,Athletics,Athletics,Hockey,Athletics|Athletics|Hockey,REVIEW_EVENT,Semantic event key retained; no claim of row-by-row official extraction.,IOC Olympic results/programmes
402,10,Athletics,Athletics,"Hockey, Men (Olympic)","Athletics|Athletics|Hockey, Men (Olympic)",REVIEW_EVENT,Semantic event key retained; no claim of row-by-row official extraction.,IOC Olympic results/programmes
403,49,Hockey,Hockey,Athletics,Hockey|Hockey|Athletics,REVIEW_EVENT,Semantic event key retained; no claim of row-by-row official extraction.,IOC Olympic results/programmes
404,49,Hockey,Hockey,"3,000 metres Steeplechase, Men (Olympic)","Hockey|Hockey|3,000 metres Steeplechase, Men (Olympic)",REVIEW_EVENT,Semantic event key retained; no claim of row-by-row official extraction.,IOC Olympic results/programmes
405,58,Lacrosse,Lacrosse,"Lacrosse, Men (Olympic (non-medal))","Lacrosse|Lacrosse|Lacrosse, Men (Olympic (non-medal))",REVIEW_EVENT,Semantic event key retained; no claim of row-by-row official extraction.,IOC Olympic results/programmes
406,41,Fencing,Fencing,"Foil, Individual, Women (Olympic)","Fencing|Fencing|Foil, Individual, Women (Olympic)",REVIEW_EVENT,Semantic event key retained; no claim of row-by-row official extraction.,IOC Olympic results/programmes
407,41,Fencing,Fencing,"Foil, Team, Women (Olympic)","Fencing|Fencing|Foil, Team, Women (Olympic)",REVIEW_EVENT,Semantic event key retained; no claim of row-by-row official extraction.,IOC Olympic results/programmes
408,41,Fencing,Fencing,"Épée, Individual, Women (Olympic)","Fencing|Fencing|Épée, Individual, Women (Olympic)",REVIEW_EVENT,Semantic event key retained; no claim of row-by-row official extraction.,IOC Olympic results/programmes
409,41,Fencing,Fencing,"Épée, Team, Women (Olympic)","Fencing|Fencing|Épée, Team, Women (Olympic)",REVIEW_EVENT,Semantic event key retained; no claim of row-by-row official extraction.,IOC Olympic results/programmes
410,41,Fencing,Fencing,"Foil, Team, Men (Olympic)","Fencing|Fencing|Foil, Team, Men (Olympic)",REVIEW_EVENT,Semantic event key retained; no claim of row-by-row official extraction.,IOC Olympic results/programmes
411,41,Fencing,Fencing,"Épée, Team, Men (Olympic)","Fencing|Fencing|Épée, Team, Men (Olympic)",REVIEW_EVENT,Semantic event key retained; no claim of row-by-row official extraction.,IOC Olympic results/programmes
412,6,Aquatics,Swimming,"100 metres Freestyle, Men (Olympic)","Aquatics|Swimming|100 metres Freestyle, Men (Olympic)",REVIEW_EVENT,Semantic event key retained; no claim of row-by-row official extraction.,IOC Olympic results/programmes
413,6,Aquatics,Swimming,"500 metres Freestyle, Men (Olympic)","Aquatics|Swimming|500 metres Freestyle, Men (Olympic)",REVIEW_EVENT,Semantic event key retained; no claim of row-by-row official extraction.,IOC Olympic results/programmes
414,41,Fencing,Fencing,"Sabre, Individual, Three Hits, Men (Olympic)","Fencing|Fencing|Sabre, Individual, Three Hits, Men (Olympic)",REVIEW_EVENT,Semantic event key retained; no claim of row-by-row official extraction.,IOC Olympic results/programmes
415,41,Fencing,Fencing,"Sabre, Masters, Individual, Men (Olympic)","Fencing|Fencing|Sabre, Masters, Individual, Men (Olympic)",REVIEW_EVENT,Semantic event key retained; no claim of row-by-row official extraction.,IOC Olympic results/programmes
416,41,Fencing,Fencing,Modern Pentathlon,Fencing|Fencing|Modern Pentathlon,REVIEW_EVENT,Semantic event key retained; no claim of row-by-row official extraction.,IOC Olympic results/programmes
417,41,Fencing,Fencing,"Foil, Individual, Open (Olympic (non-medal))","Fencing|Fencing|Foil, Individual, Open (Olympic (non-medal))",REVIEW_EVENT,Semantic event key retained; no claim of row-by-row official extraction.,IOC Olympic results/programmes
418,6,Aquatics,Swimming,"400 metres Freestyle, Men (Olympic)","Aquatics|Swimming|400 metres Freestyle, Men (Olympic)",REVIEW_EVENT,Semantic event key retained; no claim of row-by-row official extraction.,IOC Olympic results/programmes
419,6,Aquatics,Swimming,Water Polo (Aquatics),Aquatics|Swimming|Water Polo (Aquatics),REVIEW_EVENT,Semantic event key retained; no claim of row-by-row official extraction.,IOC Olympic results/programmes
420,6,Aquatics,Swimming,"Water Polo, Men (Olympic)","Aquatics|Swimming|Water Polo, Men (Olympic)",REVIEW_EVENT,Semantic event key retained; no claim of row-by-row official extraction.,IOC Olympic results/programmes
421,41,Fencing,Fencing,Water Polo (Aquatics),Fencing|Fencing|Water Polo (Aquatics),REVIEW_EVENT,Semantic event key retained; no claim of row-by-row official extraction.,IOC Olympic results/programmes
422,41,Fencing,Fencing,"Water Polo, Men (Olympic)","Fencing|Fencing|Water Polo, Men (Olympic)",REVIEW_EVENT,Semantic event key retained; no claim of row-by-row official extraction.,IOC Olympic results/programmes
423,41,Fencing,Fencing,Hockey,Fencing|Fencing|Hockey,REVIEW_EVENT,Semantic event key retained; no claim of row-by-row official extraction.,IOC Olympic results/programmes
424,41,Fencing,Fencing,"Hockey, Men (Olympic)","Fencing|Fencing|Hockey, Men (Olympic)",REVIEW_EVENT,Semantic event key retained; no claim of row-by-row official extraction.,IOC Olympic results/programmes
425,52,Ice Hockey,Ice Hockey,"Ice Hockey, Men (Olympic)","Ice Hockey|Ice Hockey|Ice Hockey, Men (Olympic)",REVIEW_EVENT,Semantic event key retained; no claim of row-by-row official extraction.,IOC Olympic results/programmes
426,41,Fencing,Fencing,"Foil, Masters, Individual, Men (Olympic)","Fencing|Fencing|Foil, Masters, Individual, Men (Olympic)",REVIEW_EVENT,Semantic event key retained; no claim of row-by-row official extraction.,IOC Olympic results/programmes
427,41,Fencing,Fencing,"Épée, Masters, Individual, Men (Olympic)","Fencing|Fencing|Épée, Masters, Individual, Men (Olympic)",REVIEW_EVENT,Semantic event key retained; no claim of row-by-row official extraction.,IOC Olympic results/programmes
428,41,Fencing,Fencing,"Épée, Masters and Amateurs, Individual, Men (Olympic)","Fencing|Fencing|Épée, Masters and Amateurs, Individual, Men (Olympic)",REVIEW_EVENT,Semantic event key retained; no claim of row-by-row official extraction.,IOC Olympic results/programmes
429,41,Fencing,Fencing,"25 kilometres, Men (Olympic)","Fencing|Fencing|25 kilometres, Men (Olympic)",REVIEW_EVENT,Semantic event key retained; no claim of row-by-row official extraction.,IOC Olympic results/programmes
430,9,Art Competitions,Art Competitions,"Literature, Open (Olympic)","Art Competitions|Art Competitions|Literature, Open (Olympic)",REVIEW_EVENT,Semantic event key retained; no claim of row-by-row official extraction.,IOC Olympic results/programmes
431,79,Shooting,Shooting,"Free Pistol, 50 yards, Men (Olympic)","Shooting|Shooting|Free Pistol, 50 yards, Men (Olympic)",REVIEW_EVENT,Semantic event key retained; no claim of row-by-row official extraction.,IOC Olympic results/programmes
432,79,Shooting,Shooting,"Small-Bore Rifle, 50 and 100 yards, Team, Men (Olympic)","Shooting|Shooting|Small-Bore Rifle, 50 and 100 yards, Team, Men (Olympic)",REVIEW_EVENT,Semantic event key retained; no claim of row-by-row official extraction.,IOC Olympic results/programmes
433,41,Fencing,Fencing,Athletics,Fencing|Fencing|Athletics,REVIEW_EVENT,Semantic event key retained; no claim of row-by-row official extraction.,IOC Olympic results/programmes
434,41,Fencing,Fencing,"100 metres, Professionals, Men (Olympic (non-medal))","Fencing|Fencing|100 metres, Professionals, Men (Olympic (non-medal))",REVIEW_EVENT,Semantic event key retained; no claim of row-by-row official extraction.,IOC Olympic results/programmes
435,41,Fencing,Fencing,"400 metres, Professionals, Men (Olympic (non-medal))","Fencing|Fencing|400 metres, Professionals, Men (Olympic (non-medal))",REVIEW_EVENT,Semantic event key retained; no claim of row-by-row official extraction.,IOC Olympic results/programmes
436,41,Fencing,Fencing,"110 metres Hurdles, Professionals, Men (Olympic (non-medal))","Fencing|Fencing|110 metres Hurdles, Professionals, Men (Olympic (non-medal))",REVIEW_EVENT,Semantic event key retained; no claim of row-by-row official extraction.,IOC Olympic results/programmes
437,41,Fencing,Fencing,"High Jump, Professionals, Men (Olympic (non-medal))","Fencing|Fencing|High Jump, Professionals, Men (Olympic (non-medal))",REVIEW_EVENT,Semantic event key retained; no claim of row-by-row official extraction.,IOC Olympic results/programmes
438,41,Fencing,Fencing,"Long Jump, Professionals, Men (Olympic (non-medal))","Fencing|Fencing|Long Jump, Professionals, Men (Olympic (non-medal))",REVIEW_EVENT,Semantic event key retained; no claim of row-by-row official extraction.,IOC Olympic results/programmes
439,41,Fencing,Fencing,"Shot Put, Professionals, Men (Olympic (non-medal))","Fencing|Fencing|Shot Put, Professionals, Men (Olympic (non-medal))",REVIEW_EVENT,Semantic event key retained; no claim of row-by-row official extraction.,IOC Olympic results/programmes
440,41,Fencing,Fencing,"100 metres, Professionals, Handicap, Men (Olympic (non-medal))","Fencing|Fencing|100 metres, Professionals, Handicap, Men (Olympic (non-medal))",REVIEW_EVENT,Semantic event key retained; no claim of row-by-row official extraction.,IOC Olympic results/programmes
441,41,Fencing,Fencing,"400 metres, Professionals, Handicap, Men (Olympic (non-medal))","Fencing|Fencing|400 metres, Professionals, Handicap, Men (Olympic (non-medal))",REVIEW_EVENT,Semantic event key retained; no claim of row-by-row official extraction.,IOC Olympic results/programmes
442,41,Fencing,Fencing,"High Jump, Professionals, Handicap, Men (Olympic (non-medal))","Fencing|Fencing|High Jump, Professionals, Handicap, Men (Olympic (non-medal))",REVIEW_EVENT,Semantic event key retained; no claim of row-by-row official extraction.,IOC Olympic results/programmes
443,41,Fencing,Fencing,"Long Jump, Professionals, Handicap, Men (Olympic (non-medal))","Fencing|Fencing|Long Jump, Professionals, Handicap, Men (Olympic (non-medal))",REVIEW_EVENT,Semantic event key retained; no claim of row-by-row official extraction.,IOC Olympic results/programmes
444,41,Fencing,Fencing,"Shot Put, Professionals, Handicap, Men (Olympic (non-medal))","Fencing|Fencing|Shot Put, Professionals, Handicap, Men (Olympic (non-medal))",REVIEW_EVENT,Semantic event key retained; no claim of row-by-row official extraction.,IOC Olympic results/programmes
445,41,Fencing,Fencing,Rowing,Fencing|Fencing|Rowing,REVIEW_EVENT,Semantic event key retained; no claim of row-by-row official extraction.,IOC Olympic results/programmes
446,41,Fencing,Fencing,"Eights, Men (Olympic)","Fencing|Fencing|Eights, Men (Olympic)",REVIEW_EVENT,Semantic event key retained; no claim of row-by-row official extraction.,IOC Olympic results/programmes
447,9,Art Competitions,Art Competitions,"Painting, Paintings, Open (Olympic)","Art Competitions|Art Competitions|Painting, Paintings, Open (Olympic)",REVIEW_EVENT,Semantic event key retained; no claim of row-by-row official extraction.,IOC Olympic results/programmes
448,41,Fencing,Fencing,Shooting,Fencing|Fencing|Shooting,REVIEW_EVENT,Semantic event key retained; no claim of row-by-row official extraction.,IOC Olympic results/programmes
449,41,Fencing,Fencing,"Dueling Pistol Au Commandement, 25 metres, Men (Intercalated)","Fencing|Fencing|Dueling Pistol Au Commandement, 25 metres, Men (Intercalated)",REVIEW_EVENT,Semantic event key retained; no claim of row-by-row official extraction.,IOC Olympic results/programmes
450,41,Fencing,Fencing,"Dueling Pistol, 30 metres, Team, Men (Olympic)","Fencing|Fencing|Dueling Pistol, 30 metres, Team, Men (Olympic)",REVIEW_EVENT,Semantic event key retained; no claim of row-by-row official extraction.,IOC Olympic results/programmes
451,41,Fencing,Fencing,Swimming (Aquatics),Fencing|Fencing|Swimming (Aquatics),REVIEW_EVENT,Semantic event key retained; no claim of row-by-row official extraction.,IOC Olympic results/programmes
452,41,Fencing,Fencing,"100 metres Freestyle, Men (Olympic)","Fencing|Fencing|100 metres Freestyle, Men (Olympic)",REVIEW_EVENT,Semantic event key retained; no claim of row-by-row official extraction.,IOC Olympic results/programmes
453,42,Football,Football,"Football, Men (Intercalated)","Football|Football|Football, Men (Intercalated)",REVIEW_EVENT,Semantic event key retained; no claim of row-by-row official extraction.,IOC Olympic results/programmes
454,41,Fencing,Fencing,Fencing,Fencing|Fencing|Fencing,REVIEW_EVENT,Semantic event key retained; no claim of row-by-row official extraction.,IOC Olympic results/programmes
455,79,Shooting,Shooting,"Trap, Team, Men (Olympic)","Shooting|Shooting|Trap, Team, Men (Olympic)",REVIEW_EVENT,Semantic event key retained; no claim of row-by-row official extraction.,IOC Olympic results/programmes
456,77,Sailing,Sailing,"Three Person Keelboat, Open (Olympic)","Sailing|Sailing|Three Person Keelboat, Open (Olympic)",REVIEW_EVENT,Semantic event key retained; no claim of row-by-row official extraction.,IOC Olympic results/programmes
457,60,Modern Pentathlon,Modern Pentathlon,Fencing,Modern Pentathlon|Modern Pentathlon|Fencing,REVIEW_EVENT,Semantic event key retained; no claim of row-by-row official extraction.,IOC Olympic results/programmes
458,60,Modern Pentathlon,Modern Pentathlon,"Épée, Team, Men (Olympic)","Modern Pentathlon|Modern Pentathlon|Épée, Team, Men (Olympic)",REVIEW_EVENT,Semantic event key retained; no claim of row-by-row official extraction.,IOC Olympic results/programmes
459,9,Art Competitions,Art Competitions,"Painting, Drawings And Water Colors, Open (Olympic)","Art Competitions|Art Competitions|Painting, Drawings And Water Colors, Open (Olympic)",REVIEW_EVENT,Semantic event key retained; no claim of row-by-row official extraction.,IOC Olympic results/programmes
460,9,Art Competitions,Art Competitions,"Painting, Graphic Arts, Open (Olympic)","Art Competitions|Art Competitions|Painting, Graphic Arts, Open (Olympic)",REVIEW_EVENT,Semantic event key retained; no claim of row-by-row official extraction.,IOC Olympic results/programmes
461,9,Art Competitions,Art Competitions,"Painting, Applied Arts, Open (Olympic)","Art Competitions|Art Competitions|Painting, Applied Arts, Open (Olympic)",REVIEW_EVENT,Semantic event key retained; no claim of row-by-row official extraction.,IOC Olympic results/programmes
462,41,Fencing,Fencing,Art Competitions,Fencing|Fencing|Art Competitions,REVIEW_EVENT,Semantic event key retained; no claim of row-by-row official extraction.,IOC Olympic results/programmes
463,41,Fencing,Fencing,"Painting, Graphic Arts, Open (Olympic)","Fencing|Fencing|Painting, Graphic Arts, Open (Olympic)",REVIEW_EVENT,Semantic event key retained; no claim of row-by-row official extraction.,IOC Olympic results/programmes
464,60,Modern Pentathlon,Modern Pentathlon,"Sabre, Individual, Men (Olympic)","Modern Pentathlon|Modern Pentathlon|Sabre, Individual, Men (Olympic)",REVIEW_EVENT,Semantic event key retained; no claim of row-by-row official extraction.,IOC Olympic results/programmes
465,41,Fencing,Fencing,"Foil, Individual, Boys (Olympic (non-medal))","Fencing|Fencing|Foil, Individual, Boys (Olympic (non-medal))",REVIEW_EVENT,Semantic event key retained; no claim of row-by-row official extraction.,IOC Olympic results/programmes
466,41,Fencing,Fencing,"Single Sticks, Individual, Men (Olympic)","Fencing|Fencing|Single Sticks, Individual, Men (Olympic)",REVIEW_EVENT,Semantic event key retained; no claim of row-by-row official extraction.,IOC Olympic results/programmes
467,10,Athletics,Athletics,"200 metres, Men (Olympic)","Athletics|Athletics|200 metres, Men (Olympic)",REVIEW_EVENT,Semantic event key retained; no claim of row-by-row official extraction.,IOC Olympic results/programmes
468,42,Football,Football,"Football, Women (Olympic)","Football|Football|Football, Women (Olympic)",REVIEW_EVENT,Semantic event key retained; no claim of row-by-row official extraction.,IOC Olympic results/programmes
469,4,Aquatics,Diving,"Platform, Women (Olympic)","Aquatics|Diving|Platform, Women (Olympic)",REVIEW_EVENT,Semantic event key retained; no claim of row-by-row official extraction.,IOC Olympic results/programmes
470,4,Aquatics,Diving,"Synchronized Platform, Women (Olympic)","Aquatics|Diving|Synchronized Platform, Women (Olympic)",REVIEW_EVENT,Semantic event key retained; no claim of row-by-row official extraction.,IOC Olympic results/programmes
471,4,Aquatics,Diving,"Platform, Men (Olympic)","Aquatics|Diving|Platform, Men (Olympic)",REVIEW_EVENT,Semantic event key retained; no claim of row-by-row official extraction.,IOC Olympic results/programmes
472,4,Aquatics,Diving,"Synchronized Platform, Men (Olympic)","Aquatics|Diving|Synchronized Platform, Men (Olympic)",REVIEW_EVENT,Semantic event key retained; no claim of row-by-row official extraction.,IOC Olympic results/programmes
473,42,Football,Football,Athletics,Football|Football|Athletics,REVIEW_EVENT,Semantic event key retained; no claim of row-by-row official extraction.,IOC Olympic results/programmes
474,42,Football,Football,"110 metres Hurdles, Men (Olympic)","Football|Football|110 metres Hurdles, Men (Olympic)",REVIEW_EVENT,Semantic event key retained; no claim of row-by-row official extraction.,IOC Olympic results/programmes
475,13,Bandy,Bandy,"Bandy, Men (Olympic (non-medal))","Bandy|Bandy|Bandy, Men (Olympic (non-medal))",REVIEW_EVENT,Semantic event key retained; no claim of row-by-row official extraction.,IOC Olympic results/programmes
476,10,Athletics,Athletics,"4 × 400 metres Relay, Men (Olympic)","Athletics|Athletics|4 × 400 metres Relay, Men (Olympic)",REVIEW_EVENT,Semantic event key retained; no claim of row-by-row official extraction.,IOC Olympic results/programmes
477,42,Football,Football,"120 yards Hurdles, Men (Olympic (non-medal))","Football|Football|120 yards Hurdles, Men (Olympic (non-medal))",REVIEW_EVENT,Semantic event key retained; no claim of row-by-row official extraction.,IOC Olympic results/programmes
478,42,Football,Football,"440 yards, Boys (Olympic (non-medal))","Football|Football|440 yards, Boys (Olympic (non-medal))",REVIEW_EVENT,Semantic event key retained; no claim of row-by-row official extraction.,IOC Olympic results/programmes
479,45,Gymnastics,Artistic Gymnastics,"Individual All-Around, Women (Olympic)","Gymnastics|Artistic Gymnastics|Individual All-Around, Women (Olympic)",REVIEW_EVENT,Semantic event key retained; no claim of row-by-row official extraction.,IOC Olympic results/programmes
480,45,Gymnastics,Artistic Gymnastics,"Floor Exercise, Women (Olympic)","Gymnastics|Artistic Gymnastics|Floor Exercise, Women (Olympic)",REVIEW_EVENT,Semantic event key retained; no claim of row-by-row official extraction.,IOC Olympic results/programmes
481,45,Gymnastics,Artistic Gymnastics,"Horse Vault, Women (Olympic)","Gymnastics|Artistic Gymnastics|Horse Vault, Women (Olympic)",REVIEW_EVENT,Semantic event key retained; no claim of row-by-row official extraction.,IOC Olympic results/programmes
482,45,Gymnastics,Artistic Gymnastics,"Uneven Bars, Women (Olympic)","Gymnastics|Artistic Gymnastics|Uneven Bars, Women (Olympic)",REVIEW_EVENT,Semantic event key retained; no claim of row-by-row official extraction.,IOC Olympic results/programmes
483,45,Gymnastics,Artistic Gymnastics,"Balance Beam, Women (Olympic)","Gymnastics|Artistic Gymnastics|Balance Beam, Women (Olympic)",REVIEW_EVENT,Semantic event key retained; no claim of row-by-row official extraction.,IOC Olympic results/programmes
484,45,Gymnastics,Artistic Gymnastics,"Team All-Around, Women (Olympic)","Gymnastics|Artistic Gymnastics|Team All-Around, Women (Olympic)",REVIEW_EVENT,Semantic event key retained; no claim of row-by-row official extraction.,IOC Olympic results/programmes
485,46,Gymnastics,Rhythmic Gymnastics,"Individual, Women (Olympic)","Gymnastics|Rhythmic Gymnastics|Individual, Women (Olympic)",REVIEW_EVENT,Semantic event key retained; no claim of row-by-row official extraction.,IOC Olympic results/programmes
486,45,Gymnastics,Artistic Gymnastics,"Team Portable Apparatus, Women (Olympic)","Gymnastics|Artistic Gymnastics|Team Portable Apparatus, Women (Olympic)",REVIEW_EVENT,Semantic event key retained; no claim of row-by-row official extraction.,IOC Olympic results/programmes
487,46,Gymnastics,Rhythmic Gymnastics,"Group, Women (Olympic)","Gymnastics|Rhythmic Gymnastics|Group, Women (Olympic)",REVIEW_EVENT,Semantic event key retained; no claim of row-by-row official extraction.,IOC Olympic results/programmes
488,45,Gymnastics,Artistic Gymnastics,"Individual All-Around, Men (Olympic)","Gymnastics|Artistic Gymnastics|Individual All-Around, Men (Olympic)",REVIEW_EVENT,Semantic event key retained; no claim of row-by-row official extraction.,IOC Olympic results/programmes
489,45,Gymnastics,Artistic Gymnastics,"Team All-Around, Men (Olympic)","Gymnastics|Artistic Gymnastics|Team All-Around, Men (Olympic)",REVIEW_EVENT,Semantic event key retained; no claim of row-by-row official extraction.,IOC Olympic results/programmes
490,45,Gymnastics,Artistic Gymnastics,"Floor Exercise, Men (Olympic)","Gymnastics|Artistic Gymnastics|Floor Exercise, Men (Olympic)",REVIEW_EVENT,Semantic event key retained; no claim of row-by-row official extraction.,IOC Olympic results/programmes
491,45,Gymnastics,Artistic Gymnastics,"Horse Vault, Men (Olympic)","Gymnastics|Artistic Gymnastics|Horse Vault, Men (Olympic)",REVIEW_EVENT,Semantic event key retained; no claim of row-by-row official extraction.,IOC Olympic results/programmes
492,45,Gymnastics,Artistic Gymnastics,"Parallel Bars, Men (Olympic)","Gymnastics|Artistic Gymnastics|Parallel Bars, Men (Olympic)",REVIEW_EVENT,Semantic event key retained; no claim of row-by-row official extraction.,IOC Olympic results/programmes
493,45,Gymnastics,Artistic Gymnastics,"Horizontal Bar, Men (Olympic)","Gymnastics|Artistic Gymnastics|Horizontal Bar, Men (Olympic)",REVIEW_EVENT,Semantic event key retained; no claim of row-by-row official extraction.,IOC Olympic results/programmes
494,45,Gymnastics,Artistic Gymnastics,"Rings, Men (Olympic)","Gymnastics|Artistic Gymnastics|Rings, Men (Olympic)",REVIEW_EVENT,Semantic event key retained; no claim of row-by-row official extraction.,IOC Olympic results/programmes
495,45,Gymnastics,Artistic Gymnastics,"Pommelled Horse, Men (Olympic)","Gymnastics|Artistic Gymnastics|Pommelled Horse, Men (Olympic)",REVIEW_EVENT,Semantic event key retained; no claim of row-by-row official extraction.,IOC Olympic results/programmes
496,10,Athletics,Athletics,"Pole Vault, Women (Olympic)","Athletics|Athletics|Pole Vault, Women (Olympic)",REVIEW_EVENT,Semantic event key retained; no claim of row-by-row official extraction.,IOC Olympic results/programmes
497,45,Gymnastics,Artistic Gymnastics,"Individual All-Around, Field Sports, Men (Olympic)","Gymnastics|Artistic Gymnastics|Individual All-Around, Field Sports, Men (Olympic)",REVIEW_EVENT,Semantic event key retained; no claim of row-by-row official extraction.,IOC Olympic results/programmes
498,45,Gymnastics,Artistic Gymnastics,"Individual All-Around, Apparatus Work, Men (Olympic)","Gymnastics|Artistic Gymnastics|Individual All-Around, Apparatus Work, Men (Olympic)",REVIEW_EVENT,Semantic event key retained; no claim of row-by-row official extraction.,IOC Olympic results/programmes
499,45,Gymnastics,Artistic Gymnastics,"Team All-Around, Swedish System, Men (Olympic)","Gymnastics|Artistic Gymnastics|Team All-Around, Swedish System, Men (Olympic)",REVIEW_EVENT,Semantic event key retained; no claim of row-by-row official extraction.,IOC Olympic results/programmes
500,101,Weightlifting,Weightlifting,"Featherweight, Men (Olympic)","Weightlifting|Weightlifting|Featherweight, Men (Olympic)",REVIEW_EVENT,Semantic event key retained; no claim of row-by-row official extraction.,IOC Olympic results/programmes
501,45,Gymnastics,Artistic Gymnastics,"Team All-Around, Free System, Men (Olympic)","Gymnastics|Artistic Gymnastics|Team All-Around, Free System, Men (Olympic)",REVIEW_EVENT,Semantic event key retained; no claim of row-by-row official extraction.,IOC Olympic results/programmes
502,45,Gymnastics,Artistic Gymnastics,"Team All-Around, Men (Intercalated)","Gymnastics|Artistic Gymnastics|Team All-Around, Men (Intercalated)",REVIEW_EVENT,Semantic event key retained; no claim of row-by-row official extraction.,IOC Olympic results/programmes
503,45,Gymnastics,Artistic Gymnastics,"Rope Climbing, Men (Olympic)","Gymnastics|Artistic Gymnastics|Rope Climbing, Men (Olympic)",REVIEW_EVENT,Semantic event key retained; no claim of row-by-row official extraction.,IOC Olympic results/programmes
504,45,Gymnastics,Artistic Gymnastics,"Side Horse, Men (Olympic)","Gymnastics|Artistic Gymnastics|Side Horse, Men (Olympic)",REVIEW_EVENT,Semantic event key retained; no claim of row-by-row official extraction.,IOC Olympic results/programmes
505,77,Sailing,Sailing,"6 metres, Open (Olympic)","Sailing|Sailing|6 metres, Open (Olympic)",REVIEW_EVENT,Semantic event key retained; no claim of row-by-row official extraction.,IOC Olympic results/programmes
506,42,Football,Football,Artistic Gymnastics (Gymnastics),Football|Football|Artistic Gymnastics (Gymnastics),REVIEW_EVENT,Semantic event key retained; no claim of row-by-row official extraction.,IOC Olympic results/programmes
507,42,Football,Football,"Team All-Around, Free System, Men (Olympic)","Football|Football|Team All-Around, Free System, Men (Olympic)",REVIEW_EVENT,Semantic event key retained; no claim of row-by-row official extraction.,IOC Olympic results/programmes
508,9,Art Competitions,Art Competitions,"Architecture, Open (Olympic (non-medal))","Art Competitions|Art Competitions|Architecture, Open (Olympic (non-medal))",REVIEW_EVENT,Semantic event key retained; no claim of row-by-row official extraction.,IOC Olympic results/programmes
509,79,Shooting,Shooting,"Free Rifle, Three Positions, 300 metres, Men (Olympic)","Shooting|Shooting|Free Rifle, Three Positions, 300 metres, Men (Olympic)",REVIEW_EVENT,Semantic event key retained; no claim of row-by-row official extraction.,IOC Olympic results/programmes
510,79,Shooting,Shooting,"Free Rifle, Three Positions, 300 metres, Team, Men (Olympic)","Shooting|Shooting|Free Rifle, Three Positions, 300 metres, Team, Men (Olympic)",REVIEW_EVENT,Semantic event key retained; no claim of row-by-row official extraction.,IOC Olympic results/programmes
511,79,Shooting,Shooting,"Military Rifle, Prone, 300 metres, Team, Men (Olympic)","Shooting|Shooting|Military Rifle, Prone, 300 metres, Team, Men (Olympic)",REVIEW_EVENT,Semantic event key retained; no claim of row-by-row official extraction.,IOC Olympic results/programmes
512,79,Shooting,Shooting,"Military Rifle, Prone, 600 metres, Men (Olympic)","Shooting|Shooting|Military Rifle, Prone, 600 metres, Men (Olympic)",REVIEW_EVENT,Semantic event key retained; no claim of row-by-row official extraction.,IOC Olympic results/programmes
513,79,Shooting,Shooting,"Military Rifle, Prone, 600 metres, Team, Men (Olympic)","Shooting|Shooting|Military Rifle, Prone, 600 metres, Team, Men (Olympic)",REVIEW_EVENT,Semantic event key retained; no claim of row-by-row official extraction.,IOC Olympic results/programmes
514,79,Shooting,Shooting,"Military Rifle, Standing, 300 metres, Men (Olympic)","Shooting|Shooting|Military Rifle, Standing, 300 metres, Men (Olympic)",REVIEW_EVENT,Semantic event key retained; no claim of row-by-row official extraction.,IOC Olympic results/programmes
515,79,Shooting,Shooting,"Military Rifle, Standing, 300 metres, Team, Men (Olympic)","Shooting|Shooting|Military Rifle, Standing, 300 metres, Team, Men (Olympic)",REVIEW_EVENT,Semantic event key retained; no claim of row-by-row official extraction.,IOC Olympic results/programmes
516,79,Shooting,Shooting,"Military Rifle, Prone, 300 and 600 metres, Team, Men (Olympic)","Shooting|Shooting|Military Rifle, Prone, 300 and 600 metres, Team, Men (Olympic)",REVIEW_EVENT,Semantic event key retained; no claim of row-by-row official extraction.,IOC Olympic results/programmes
517,79,Shooting,Shooting,"Running Target, Single Shot, Team, Men (Olympic)","Shooting|Shooting|Running Target, Single Shot, Team, Men (Olympic)",REVIEW_EVENT,Semantic event key retained; no claim of row-by-row official extraction.,IOC Olympic results/programmes
518,79,Shooting,Shooting,"Running Target, Double Shot, Team, Men (Olympic)","Shooting|Shooting|Running Target, Double Shot, Team, Men (Olympic)",REVIEW_EVENT,Semantic event key retained; no claim of row-by-row official extraction.,IOC Olympic results/programmes
519,79,Shooting,Shooting,"Running Target, Single Shot, Men (Olympic)","Shooting|Shooting|Running Target, Single Shot, Men (Olympic)",REVIEW_EVENT,Semantic event key retained; no claim of row-by-row official extraction.,IOC Olympic results/programmes
520,79,Shooting,Shooting,"Running Target, Double Shot, Men (Olympic)","Shooting|Shooting|Running Target, Double Shot, Men (Olympic)",REVIEW_EVENT,Semantic event key retained; no claim of row-by-row official extraction.,IOC Olympic results/programmes
521,45,Gymnastics,Artistic Gymnastics,"26th Federal Festival, Society and Association Contests, Non-Simultaneous, National Championships, Men (Olympic (non-medal))","Gymnastics|Artistic Gymnastics|26th Federal Festival, Society and Association Contests, Non-Simultaneous, National Championships, Men (Olympic (non-medal))",REVIEW_EVENT,Semantic event key retained; no claim of row-by-row official extraction.,IOC Olympic results/programmes
522,45,Gymnastics,Artistic Gymnastics,"Individual All-Around, Men (Intercalated)","Gymnastics|Artistic Gymnastics|Individual All-Around, Men (Intercalated)",REVIEW_EVENT,Semantic event key retained; no claim of row-by-row official extraction.,IOC Olympic results/programmes
523,45,Gymnastics,Artistic Gymnastics,"Individual All-Around, 5 Events, Men (Intercalated)","Gymnastics|Artistic Gymnastics|Individual All-Around, 5 Events, Men (Intercalated)",REVIEW_EVENT,Semantic event key retained; no claim of row-by-row official extraction.,IOC Olympic results/programmes
524,45,Gymnastics,Artistic Gymnastics,"Festival for Societies of the Seine, Artistic, Individual, Men (Olympic (non-medal))","Gymnastics|Artistic Gymnastics|Festival for Societies of the Seine, Artistic, Individual, Men (Olympic (non-medal))",REVIEW_EVENT,Semantic event key retained; no claim of row-by-row official extraction.,IOC Olympic results/programmes
525,45,Gymnastics,Artistic Gymnastics,"Festival for Societies of the Seine, Individual (#2), Men (Olympic (non-medal))","Gymnastics|Artistic Gymnastics|Festival for Societies of the Seine, Individual (#2), Men (Olympic (non-medal))",REVIEW_EVENT,Semantic event key retained; no claim of row-by-row official extraction.,IOC Olympic results/programmes
526,45,Gymnastics,Artistic Gymnastics,"Festival for Societies of the Seine, Advanced, Men (Olympic (non-medal))","Gymnastics|Artistic Gymnastics|Festival for Societies of the Seine, Advanced, Men (Olympic (non-medal))",REVIEW_EVENT,Semantic event key retained; no claim of row-by-row official extraction.,IOC Olympic results/programmes
527,104,Wrestling,Wrestling Greco-Roman,"Lightweight, Greco-Roman, Men (Olympic)","Wrestling|Wrestling Greco-Roman|Lightweight, Greco-Roman, Men (Olympic)",REVIEW_EVENT,Semantic event key retained; no claim of row-by-row official extraction.,IOC Olympic results/programmes
528,10,Athletics,Athletics,"100 metres, Men (Intercalated)","Athletics|Athletics|100 metres, Men (Intercalated)",REVIEW_EVENT,Semantic event key retained; no claim of row-by-row official extraction.,IOC Olympic results/programmes
529,10,Athletics,Athletics,"High Jump, Men (Intercalated)","Athletics|Athletics|High Jump, Men (Intercalated)",REVIEW_EVENT,Semantic event key retained; no claim of row-by-row official extraction.,IOC Olympic results/programmes
530,10,Athletics,Athletics,"Long Jump, Men (Intercalated)","Athletics|Athletics|Long Jump, Men (Intercalated)",REVIEW_EVENT,Semantic event key retained; no claim of row-by-row official extraction.,IOC Olympic results/programmes
531,45,Gymnastics,Artistic Gymnastics,"Parallel Bars, Teams, Men (Olympic)","Gymnastics|Artistic Gymnastics|Parallel Bars, Teams, Men (Olympic)",REVIEW_EVENT,Semantic event key retained; no claim of row-by-row official extraction.,IOC Olympic results/programmes
532,45,Gymnastics,Artistic Gymnastics,"Horizontal Bar, Teams, Men (Olympic)","Gymnastics|Artistic Gymnastics|Horizontal Bar, Teams, Men (Olympic)",REVIEW_EVENT,Semantic event key retained; no claim of row-by-row official extraction.,IOC Olympic results/programmes
533,45,Gymnastics,Artistic Gymnastics,Athletics,Gymnastics|Artistic Gymnastics|Athletics,REVIEW_EVENT,Semantic event key retained; no claim of row-by-row official extraction.,IOC Olympic results/programmes
534,45,Gymnastics,Artistic Gymnastics,"High Jump, Men (Olympic)","Gymnastics|Artistic Gymnastics|High Jump, Men (Olympic)",REVIEW_EVENT,Semantic event key retained; no claim of row-by-row official extraction.,IOC Olympic results/programmes
535,45,Gymnastics,Artistic Gymnastics,"Shot Put, Men (Olympic)","Gymnastics|Artistic Gymnastics|Shot Put, Men (Olympic)",REVIEW_EVENT,Semantic event key retained; no claim of row-by-row official extraction.,IOC Olympic results/programmes
536,45,Gymnastics,Artistic Gymnastics,"100 metres, Men (Olympic)","Gymnastics|Artistic Gymnastics|100 metres, Men (Olympic)",REVIEW_EVENT,Semantic event key retained; no claim of row-by-row official extraction.,IOC Olympic results/programmes
537,45,Gymnastics,Artistic Gymnastics,"Pole Vault, Men (Olympic)","Gymnastics|Artistic Gymnastics|Pole Vault, Men (Olympic)",REVIEW_EVENT,Semantic event key retained; no claim of row-by-row official extraction.,IOC Olympic results/programmes
538,45,Gymnastics,Artistic Gymnastics,"Long Jump, Men (Olympic)","Gymnastics|Artistic Gymnastics|Long Jump, Men (Olympic)",REVIEW_EVENT,Semantic event key retained; no claim of row-by-row official extraction.,IOC Olympic results/programmes
539,45,Gymnastics,Artistic Gymnastics,"Triple Jump, Men (Olympic)","Gymnastics|Artistic Gymnastics|Triple Jump, Men (Olympic)",REVIEW_EVENT,Semantic event key retained; no claim of row-by-row official extraction.,IOC Olympic results/programmes
540,10,Athletics,Athletics,Artistic Gymnastics (Gymnastics),Athletics|Athletics|Artistic Gymnastics (Gymnastics),REVIEW_EVENT,Semantic event key retained; no claim of row-by-row official extraction.,IOC Olympic results/programmes
541,10,Athletics,Athletics,"Rope Climbing, Men (Olympic)","Athletics|Athletics|Rope Climbing, Men (Olympic)",REVIEW_EVENT,Semantic event key retained; no claim of row-by-row official extraction.,IOC Olympic results/programmes
542,10,Athletics,Athletics,"110 metres Hurdles, Men (Intercalated)","Athletics|Athletics|110 metres Hurdles, Men (Intercalated)",REVIEW_EVENT,Semantic event key retained; no claim of row-by-row official extraction.,IOC Olympic results/programmes
543,10,Athletics,Athletics,"Pole Vault, Men (Intercalated)","Athletics|Athletics|Pole Vault, Men (Intercalated)",REVIEW_EVENT,Semantic event key retained; no claim of row-by-row official extraction.,IOC Olympic results/programmes
544,10,Athletics,Athletics,"Standing Long Jump, Men (Intercalated)","Athletics|Athletics|Standing Long Jump, Men (Intercalated)",REVIEW_EVENT,Semantic event key retained; no claim of row-by-row official extraction.,IOC Olympic results/programmes
545,10,Athletics,Athletics,"Individual All-Around, Men (Intercalated)","Athletics|Athletics|Individual All-Around, Men (Intercalated)",REVIEW_EVENT,Semantic event key retained; no claim of row-by-row official extraction.,IOC Olympic results/programmes
546,10,Athletics,Athletics,"Individual All-Around, 5 Events, Men (Intercalated)","Athletics|Athletics|Individual All-Around, 5 Events, Men (Intercalated)",REVIEW_EVENT,Semantic event key retained; no claim of row-by-row official extraction.,IOC Olympic results/programmes
547,10,Athletics,Athletics,"Team All-Around, Men (Intercalated)","Athletics|Athletics|Team All-Around, Men (Intercalated)",REVIEW_EVENT,Semantic event key retained; no claim of row-by-row official extraction.,IOC Olympic results/programmes
548,10,Athletics,Athletics,"Tug-Of-War, Men (Intercalated)","Athletics|Athletics|Tug-Of-War, Men (Intercalated)",REVIEW_EVENT,Semantic event key retained; no claim of row-by-row official extraction.,IOC Olympic results/programmes
549,45,Gymnastics,Artistic Gymnastics,Cycling Road (Cycling),Gymnastics|Artistic Gymnastics|Cycling Road (Cycling),REVIEW_EVENT,Semantic event key retained; no claim of row-by-row official extraction.,IOC Olympic results/programmes
550,45,Gymnastics,Artistic Gymnastics,"Road Race, Individual, Men (Olympic)","Gymnastics|Artistic Gymnastics|Road Race, Individual, Men (Olympic)",REVIEW_EVENT,Semantic event key retained; no claim of row-by-row official extraction.,IOC Olympic results/programmes
551,45,Gymnastics,Artistic Gymnastics,Shooting,Gymnastics|Artistic Gymnastics|Shooting,REVIEW_EVENT,Semantic event key retained; no claim of row-by-row official extraction.,IOC Olympic results/programmes
552,45,Gymnastics,Artistic Gymnastics,"Military Pistol, 25 metres, Men (Olympic)","Gymnastics|Artistic Gymnastics|Military Pistol, 25 metres, Men (Olympic)",REVIEW_EVENT,Semantic event key retained; no claim of row-by-row official extraction.,IOC Olympic results/programmes
553,45,Gymnastics,Artistic Gymnastics,"Military Rifle, 200 metres, Men (Olympic)","Gymnastics|Artistic Gymnastics|Military Rifle, 200 metres, Men (Olympic)",REVIEW_EVENT,Semantic event key retained; no claim of row-by-row official extraction.,IOC Olympic results/programmes
554,45,Gymnastics,Artistic Gymnastics,"Tumbling, Men (Olympic)","Gymnastics|Artistic Gymnastics|Tumbling, Men (Olympic)",REVIEW_EVENT,Semantic event key retained; no claim of row-by-row official extraction.,IOC Olympic results/programmes
555,45,Gymnastics,Artistic Gymnastics,"Rope Climbing, Men (Intercalated)","Gymnastics|Artistic Gymnastics|Rope Climbing, Men (Intercalated)",REVIEW_EVENT,Semantic event key retained; no claim of row-by-row official extraction.,IOC Olympic results/programmes
556,45,Gymnastics,Artistic Gymnastics,"Decathlon, Men (Olympic)","Gymnastics|Artistic Gymnastics|Decathlon, Men (Olympic)",REVIEW_EVENT,Semantic event key retained; no claim of row-by-row official extraction.,IOC Olympic results/programmes
557,45,Gymnastics,Artistic Gymnastics,"Club Swinging, Men (Olympic)","Gymnastics|Artistic Gymnastics|Club Swinging, Men (Olympic)",REVIEW_EVENT,Semantic event key retained; no claim of row-by-row official extraction.,IOC Olympic results/programmes
558,4,Aquatics,Diving,"Plain High, Men (Olympic)","Aquatics|Diving|Plain High, Men (Olympic)",REVIEW_EVENT,Semantic event key retained; no claim of row-by-row official extraction.,IOC Olympic results/programmes
559,4,Aquatics,Diving,Artistic Gymnastics (Gymnastics),Aquatics|Diving|Artistic Gymnastics (Gymnastics),REVIEW_EVENT,Semantic event key retained; no claim of row-by-row official extraction.,IOC Olympic results/programmes
560,4,Aquatics,Diving,"Team All-Around, Free System, Men (Olympic)","Aquatics|Diving|Team All-Around, Free System, Men (Olympic)",REVIEW_EVENT,Semantic event key retained; no claim of row-by-row official extraction.,IOC Olympic results/programmes
561,10,Athletics,Athletics,"Standing Long Jump, Men (Olympic)","Athletics|Athletics|Standing Long Jump, Men (Olympic)",REVIEW_EVENT,Semantic event key retained; no claim of row-by-row official extraction.,IOC Olympic results/programmes
562,45,Gymnastics,Artistic Gymnastics,"Standing Long Jump, Men (Olympic)","Gymnastics|Artistic Gymnastics|Standing Long Jump, Men (Olympic)",REVIEW_EVENT,Semantic event key retained; no claim of row-by-row official extraction.,IOC Olympic results/programmes
563,45,Gymnastics,Artistic Gymnastics,"Javelin Throw, Men (Olympic)","Gymnastics|Artistic Gymnastics|Javelin Throw, Men (Olympic)",REVIEW_EVENT,Semantic event key retained; no claim of row-by-row official extraction.,IOC Olympic results/programmes
564,10,Athletics,Athletics,"Standing High Jump, Men (Intercalated)","Athletics|Athletics|Standing High Jump, Men (Intercalated)",REVIEW_EVENT,Semantic event key retained; no claim of row-by-row official extraction.,IOC Olympic results/programmes
565,10,Athletics,Athletics,"Triple Jump, Men (Intercalated)","Athletics|Athletics|Triple Jump, Men (Intercalated)",REVIEW_EVENT,Semantic event key retained; no claim of row-by-row official extraction.,IOC Olympic results/programmes
566,45,Gymnastics,Artistic Gymnastics,"400 metres, Men (Olympic)","Gymnastics|Artistic Gymnastics|400 metres, Men (Olympic)",REVIEW_EVENT,Semantic event key retained; no claim of row-by-row official extraction.,IOC Olympic results/programmes
567,45,Gymnastics,Artistic Gymnastics,"Discus Throw, Men (Olympic)","Gymnastics|Artistic Gymnastics|Discus Throw, Men (Olympic)",REVIEW_EVENT,Semantic event key retained; no claim of row-by-row official extraction.,IOC Olympic results/programmes
568,98,Tug-of-War,Tug-of-War,"Tug-Of-War, Men (Intercalated)","Tug-of-War|Tug-of-War|Tug-Of-War, Men (Intercalated)",REVIEW_EVENT,Semantic event key retained; no claim of row-by-row official extraction.,IOC Olympic results/programmes
569,98,Tug-of-War,Tug-of-War,"Javelin Throw, Freestyle, Men (Intercalated)","Tug-of-War|Tug-of-War|Javelin Throw, Freestyle, Men (Intercalated)",REVIEW_EVENT,Semantic event key retained; no claim of row-by-row official extraction.,IOC Olympic results/programmes
570,45,Gymnastics,Artistic Gymnastics,Fencing,Gymnastics|Artistic Gymnastics|Fencing,REVIEW_EVENT,Semantic event key retained; no claim of row-by-row official extraction.,IOC Olympic results/programmes
571,45,Gymnastics,Artistic Gymnastics,"Sabre, Individual, Men (Olympic)","Gymnastics|Artistic Gymnastics|Sabre, Individual, Men (Olympic)",REVIEW_EVENT,Semantic event key retained; no claim of row-by-row official extraction.,IOC Olympic results/programmes
572,45,Gymnastics,Artistic Gymnastics,"110 metres Hurdles, Men (Olympic)","Gymnastics|Artistic Gymnastics|110 metres Hurdles, Men (Olympic)",REVIEW_EVENT,Semantic event key retained; no claim of row-by-row official extraction.,IOC Olympic results/programmes
573,4,Aquatics,Diving,"Platform, Men (Intercalated)","Aquatics|Diving|Platform, Men (Intercalated)",REVIEW_EVENT,Semantic event key retained; no claim of row-by-row official extraction.,IOC Olympic results/programmes
574,4,Aquatics,Diving,Tug-Of-War,Aquatics|Diving|Tug-Of-War,REVIEW_EVENT,Semantic event key retained; no claim of row-by-row official extraction.,IOC Olympic results/programmes
575,4,Aquatics,Diving,"Tug-Of-War, Men (Intercalated)","Aquatics|Diving|Tug-Of-War, Men (Intercalated)",REVIEW_EVENT,Semantic event key retained; no claim of row-by-row official extraction.,IOC Olympic results/programmes
576,41,Fencing,Fencing,Artistic Gymnastics (Gymnastics),Fencing|Fencing|Artistic Gymnastics (Gymnastics),REVIEW_EVENT,Semantic event key retained; no claim of row-by-row official extraction.,IOC Olympic results/programmes
577,41,Fencing,Fencing,"Team All-Around, Men (Olympic)","Fencing|Fencing|Team All-Around, Men (Olympic)",REVIEW_EVENT,Semantic event key retained; no claim of row-by-row official extraction.,IOC Olympic results/programmes
578,45,Gymnastics,Artistic Gymnastics,"Individual All-Around, 4 Events, Men (Olympic)","Gymnastics|Artistic Gymnastics|Individual All-Around, 4 Events, Men (Olympic)",REVIEW_EVENT,Semantic event key retained; no claim of row-by-row official extraction.,IOC Olympic results/programmes
579,45,Gymnastics,Artistic Gymnastics,"Individual All-Around, Men (Olympic (non-medal))","Gymnastics|Artistic Gymnastics|Individual All-Around, Men (Olympic (non-medal))",REVIEW_EVENT,Semantic event key retained; no claim of row-by-row official extraction.,IOC Olympic results/programmes
580,45,Gymnastics,Artistic Gymnastics,"Horse Vault, Men (Olympic (non-medal))","Gymnastics|Artistic Gymnastics|Horse Vault, Men (Olympic (non-medal))",REVIEW_EVENT,Semantic event key retained; no claim of row-by-row official extraction.,IOC Olympic results/programmes
581,45,Gymnastics,Artistic Gymnastics,"Parallel Bars, Men (Olympic (non-medal))","Gymnastics|Artistic Gymnastics|Parallel Bars, Men (Olympic (non-medal))",REVIEW_EVENT,Semantic event key retained; no claim of row-by-row official extraction.,IOC Olympic results/programmes
582,45,Gymnastics,Artistic Gymnastics,"Side Horse, Men (Olympic (non-medal))","Gymnastics|Artistic Gymnastics|Side Horse, Men (Olympic (non-medal))",REVIEW_EVENT,Semantic event key retained; no claim of row-by-row official extraction.,IOC Olympic results/programmes
583,48,Handball,Handball,"Handball, Men (Olympic)","Handball|Handball|Handball, Men (Olympic)",REVIEW_EVENT,Semantic event key retained; no claim of row-by-row official extraction.,IOC Olympic results/programmes
584,48,Handball,Handball,Handball,Handball|Handball|Handball,REVIEW_EVENT,Semantic event key retained; no claim of row-by-row official extraction.,IOC Olympic results/programmes
585,84,Skiing,Alpine Skiing,"Combined, Men (Olympic)","Skiing|Alpine Skiing|Combined, Men (Olympic)",REVIEW_EVENT,Semantic event key retained; no claim of row-by-row official extraction.,IOC Olympic results/programmes
586,84,Skiing,Alpine Skiing,Cross Country Skiing (Skiing),Skiing|Alpine Skiing|Cross Country Skiing (Skiing),REVIEW_EVENT,Semantic event key retained; no claim of row-by-row official extraction.,IOC Olympic results/programmes
587,84,Skiing,Alpine Skiing,"4 × 10 kilometres Relay, Men (Olympic)","Skiing|Alpine Skiing|4 × 10 kilometres Relay, Men (Olympic)",REVIEW_EVENT,Semantic event key retained; no claim of row-by-row official extraction.,IOC Olympic results/programmes
588,56,Judo,Judo,"Half-Middleweight, Women (Olympic)","Judo|Judo|Half-Middleweight, Women (Olympic)",REVIEW_EVENT,Semantic event key retained; no claim of row-by-row official extraction.,IOC Olympic results/programmes
589,56,Judo,Judo,"Lightweight, Women (Olympic)","Judo|Judo|Lightweight, Women (Olympic)",REVIEW_EVENT,Semantic event key retained; no claim of row-by-row official extraction.,IOC Olympic results/programmes
590,56,Judo,Judo,"Heavyweight, Women (Olympic)","Judo|Judo|Heavyweight, Women (Olympic)",REVIEW_EVENT,Semantic event key retained; no claim of row-by-row official extraction.,IOC Olympic results/programmes
592,56,Judo,Judo,"Half-Heavyweight, Women (Olympic)","Judo|Judo|Half-Heavyweight, Women (Olympic)",REVIEW_EVENT,Semantic event key retained; no claim of row-by-row official extraction.,IOC Olympic results/programmes
593,56,Judo,Judo,"Lightweight, Women (Olympic (non-medal))","Judo|Judo|Lightweight, Women (Olympic (non-medal))",REVIEW_EVENT,Semantic event key retained; no claim of row-by-row official extraction.,IOC Olympic results/programmes
594,56,Judo,Judo,"Extra-Lightweight, Women (Olympic)","Judo|Judo|Extra-Lightweight, Women (Olympic)",REVIEW_EVENT,Semantic event key retained; no claim of row-by-row official extraction.,IOC Olympic results/programmes
595,56,Judo,Judo,"Middleweight, Women (Olympic)","Judo|Judo|Middleweight, Women (Olympic)",REVIEW_EVENT,Semantic event key retained; no claim of row-by-row official extraction.,IOC Olympic results/programmes
597,56,Judo,Judo,"Half-Lightweight, Women (Olympic)","Judo|Judo|Half-Lightweight, Women (Olympic)",REVIEW_EVENT,Semantic event key retained; no claim of row-by-row official extraction.,IOC Olympic results/programmes
600,56,Judo,Judo,"Middleweight, Women (Olympic (non-medal))","Judo|Judo|Middleweight, Women (Olympic (non-medal))",REVIEW_EVENT,Semantic event key retained; no claim of row-by-row official extraction.,IOC Olympic results/programmes
601,103,Wrestling,Wrestling Freestyle,"Heavyweight, Freestyle, Women (Olympic)","Wrestling|Wrestling Freestyle|Heavyweight, Freestyle, Women (Olympic)",REVIEW_EVENT,Semantic event key retained; no claim of row-by-row official extraction.,IOC Olympic results/programmes
602,56,Judo,Judo,"Heavyweight, Women (Olympic (non-medal))","Judo|Judo|Heavyweight, Women (Olympic (non-medal))",REVIEW_EVENT,Semantic event key retained; no claim of row-by-row official extraction.,IOC Olympic results/programmes
603,56,Judo,Judo,"Lightweight, Men (Olympic)","Judo|Judo|Lightweight, Men (Olympic)",REVIEW_EVENT,Semantic event key retained; no claim of row-by-row official extraction.,IOC Olympic results/programmes
604,56,Judo,Judo,"Half-Middleweight, Men (Olympic)","Judo|Judo|Half-Middleweight, Men (Olympic)",REVIEW_EVENT,Semantic event key retained; no claim of row-by-row official extraction.,IOC Olympic results/programmes
605,56,Judo,Judo,"Half-Lightweight, Men (Olympic)","Judo|Judo|Half-Lightweight, Men (Olympic)",REVIEW_EVENT,Semantic event key retained; no claim of row-by-row official extraction.,IOC Olympic results/programmes
606,56,Judo,Judo,"Open Class, Men (Olympic)","Judo|Judo|Open Class, Men (Olympic)",REVIEW_EVENT,Semantic event key retained; no claim of row-by-row official extraction.,IOC Olympic results/programmes
607,56,Judo,Judo,"Extra-Lightweight, Men (Olympic)","Judo|Judo|Extra-Lightweight, Men (Olympic)",REVIEW_EVENT,Semantic event key retained; no claim of row-by-row official extraction.,IOC Olympic results/programmes
608,56,Judo,Judo,"Middleweight, Men (Olympic)","Judo|Judo|Middleweight, Men (Olympic)",REVIEW_EVENT,Semantic event key retained; no claim of row-by-row official extraction.,IOC Olympic results/programmes
609,56,Judo,Judo,"Half-Heavyweight, Men (Olympic)","Judo|Judo|Half-Heavyweight, Men (Olympic)",REVIEW_EVENT,Semantic event key retained; no claim of row-by-row official extraction.,IOC Olympic results/programmes
610,56,Judo,Judo,"Heavyweight, Men (Olympic)","Judo|Judo|Heavyweight, Men (Olympic)",REVIEW_EVENT,Semantic event key retained; no claim of row-by-row official extraction.,IOC Olympic results/programmes
611,104,Wrestling,Wrestling Greco-Roman,"Welterweight, Greco-Roman, Men (Olympic)","Wrestling|Wrestling Greco-Roman|Welterweight, Greco-Roman, Men (Olympic)",REVIEW_EVENT,Semantic event key retained; no claim of row-by-row official extraction.,IOC Olympic results/programmes
612,103,Wrestling,Wrestling Freestyle,"Welterweight, Freestyle, Men (Olympic)","Wrestling|Wrestling Freestyle|Welterweight, Freestyle, Men (Olympic)",REVIEW_EVENT,Semantic event key retained; no claim of row-by-row official extraction.,IOC Olympic results/programmes
613,60,Modern Pentathlon,Modern Pentathlon,Shooting,Modern Pentathlon|Modern Pentathlon|Shooting,REVIEW_EVENT,Semantic event key retained; no claim of row-by-row official extraction.,IOC Olympic results/programmes
614,60,Modern Pentathlon,Modern Pentathlon,"Rapid-Fire Pistol, 25 metres, Men (Olympic)","Modern Pentathlon|Modern Pentathlon|Rapid-Fire Pistol, 25 metres, Men (Olympic)",REVIEW_EVENT,Semantic event key retained; no claim of row-by-row official extraction.,IOC Olympic results/programmes
616,60,Modern Pentathlon,Modern Pentathlon,"Sabre, Team, Men (Olympic)","Modern Pentathlon|Modern Pentathlon|Sabre, Team, Men (Olympic)",REVIEW_EVENT,Semantic event key retained; no claim of row-by-row official extraction.,IOC Olympic results/programmes
617,88,Skiing,Nordic Combined,"Individual, Men (Olympic)","Skiing|Nordic Combined|Individual, Men (Olympic)",REVIEW_EVENT,Semantic event key retained; no claim of row-by-row official extraction.,IOC Olympic results/programmes
618,60,Modern Pentathlon,Modern Pentathlon,"Épée, Individual, Men (Olympic)","Modern Pentathlon|Modern Pentathlon|Épée, Individual, Men (Olympic)",REVIEW_EVENT,Semantic event key retained; no claim of row-by-row official extraction.,IOC Olympic results/programmes
619,60,Modern Pentathlon,Modern Pentathlon,Athletics,Modern Pentathlon|Modern Pentathlon|Athletics,REVIEW_EVENT,Semantic event key retained; no claim of row-by-row official extraction.,IOC Olympic results/programmes
620,60,Modern Pentathlon,Modern Pentathlon,"Pole Vault, Men (Olympic)","Modern Pentathlon|Modern Pentathlon|Pole Vault, Men (Olympic)",REVIEW_EVENT,Semantic event key retained; no claim of row-by-row official extraction.,IOC Olympic results/programmes
621,60,Modern Pentathlon,Modern Pentathlon,Swimming (Aquatics),Modern Pentathlon|Modern Pentathlon|Swimming (Aquatics),REVIEW_EVENT,Semantic event key retained; no claim of row-by-row official extraction.,IOC Olympic results/programmes
622,60,Modern Pentathlon,Modern Pentathlon,"200 metres Breaststroke, Men (Olympic)","Modern Pentathlon|Modern Pentathlon|200 metres Breaststroke, Men (Olympic)",REVIEW_EVENT,Semantic event key retained; no claim of row-by-row official extraction.,IOC Olympic results/programmes
623,60,Modern Pentathlon,Modern Pentathlon,"400 metres Breaststroke, Men (Olympic)","Modern Pentathlon|Modern Pentathlon|400 metres Breaststroke, Men (Olympic)",REVIEW_EVENT,Semantic event key retained; no claim of row-by-row official extraction.,IOC Olympic results/programmes
624,79,Shooting,Shooting,"Rapid-Fire Pistol, 25 metres, Men (Olympic)","Shooting|Shooting|Rapid-Fire Pistol, 25 metres, Men (Olympic)",REVIEW_EVENT,Semantic event key retained; no claim of row-by-row official extraction.,IOC Olympic results/programmes
625,39,Equestrian,Equestrian Jumping,Modern Pentathlon,Equestrian|Equestrian Jumping|Modern Pentathlon,REVIEW_EVENT,Semantic event key retained; no claim of row-by-row official extraction.,IOC Olympic results/programmes
626,74,Rowing,Rowing,"Double Sculls, Women (Olympic)","Rowing|Rowing|Double Sculls, Women (Olympic)",REVIEW_EVENT,Semantic event key retained; no claim of row-by-row official extraction.,IOC Olympic results/programmes
627,74,Rowing,Rowing,"Coxless Pairs, Women (Olympic)","Rowing|Rowing|Coxless Pairs, Women (Olympic)",REVIEW_EVENT,Semantic event key retained; no claim of row-by-row official extraction.,IOC Olympic results/programmes
628,74,Rowing,Rowing,"Lightweight Double Sculls, Women (Olympic)","Rowing|Rowing|Lightweight Double Sculls, Women (Olympic)",REVIEW_EVENT,Semantic event key retained; no claim of row-by-row official extraction.,IOC Olympic results/programmes
629,74,Rowing,Rowing,"Coxed Fours, Men (Olympic)","Rowing|Rowing|Coxed Fours, Men (Olympic)",REVIEW_EVENT,Semantic event key retained; no claim of row-by-row official extraction.,IOC Olympic results/programmes
630,74,Rowing,Rowing,"Coxless Pairs, Men (Olympic)","Rowing|Rowing|Coxless Pairs, Men (Olympic)",REVIEW_EVENT,Semantic event key retained; no claim of row-by-row official extraction.,IOC Olympic results/programmes
631,74,Rowing,Rowing,"Coxless Fours, Men (Olympic)","Rowing|Rowing|Coxless Fours, Men (Olympic)",REVIEW_EVENT,Semantic event key retained; no claim of row-by-row official extraction.,IOC Olympic results/programmes
632,74,Rowing,Rowing,"Coxed Pairs, Men (Olympic)","Rowing|Rowing|Coxed Pairs, Men (Olympic)",REVIEW_EVENT,Semantic event key retained; no claim of row-by-row official extraction.,IOC Olympic results/programmes
633,74,Rowing,Rowing,"Quadruple Sculls, Men (Olympic)","Rowing|Rowing|Quadruple Sculls, Men (Olympic)",REVIEW_EVENT,Semantic event key retained; no claim of row-by-row official extraction.,IOC Olympic results/programmes
634,74,Rowing,Rowing,"Single Sculls, Men (Olympic)","Rowing|Rowing|Single Sculls, Men (Olympic)",REVIEW_EVENT,Semantic event key retained; no claim of row-by-row official extraction.,IOC Olympic results/programmes
635,74,Rowing,Rowing,"Double Sculls, Men (Olympic)","Rowing|Rowing|Double Sculls, Men (Olympic)",REVIEW_EVENT,Semantic event key retained; no claim of row-by-row official extraction.,IOC Olympic results/programmes
636,74,Rowing,Rowing,"Lightweight Coxless Fours, Men (Olympic)","Rowing|Rowing|Lightweight Coxless Fours, Men (Olympic)",REVIEW_EVENT,Semantic event key retained; no claim of row-by-row official extraction.,IOC Olympic results/programmes
637,74,Rowing,Rowing,"Lightweight Double Sculls, Men (Olympic)","Rowing|Rowing|Lightweight Double Sculls, Men (Olympic)",REVIEW_EVENT,Semantic event key retained; no claim of row-by-row official extraction.,IOC Olympic results/programmes
638,74,Rowing,Rowing,"Coxed Fours, Women (Olympic)","Rowing|Rowing|Coxed Fours, Women (Olympic)",REVIEW_EVENT,Semantic event key retained; no claim of row-by-row official extraction.,IOC Olympic results/programmes
639,74,Rowing,Rowing,"Eights, Women (Olympic)","Rowing|Rowing|Eights, Women (Olympic)",REVIEW_EVENT,Semantic event key retained; no claim of row-by-row official extraction.,IOC Olympic results/programmes
640,74,Rowing,Rowing,"Coxless Fours, Women (Olympic)","Rowing|Rowing|Coxless Fours, Women (Olympic)",REVIEW_EVENT,Semantic event key retained; no claim of row-by-row official extraction.,IOC Olympic results/programmes
641,74,Rowing,Rowing,"Quadruple Sculls, Women (Olympic)","Rowing|Rowing|Quadruple Sculls, Women (Olympic)",REVIEW_EVENT,Semantic event key retained; no claim of row-by-row official extraction.,IOC Olympic results/programmes
642,74,Rowing,Rowing,"Coxed Fours, Outriggers, Men (Olympic)","Rowing|Rowing|Coxed Fours, Outriggers, Men (Olympic)",REVIEW_EVENT,Semantic event key retained; no claim of row-by-row official extraction.,IOC Olympic results/programmes
643,74,Rowing,Rowing,"Coxless Fours, Boys (Olympic (non-medal))","Rowing|Rowing|Coxless Fours, Boys (Olympic (non-medal))",REVIEW_EVENT,Semantic event key retained; no claim of row-by-row official extraction.,IOC Olympic results/programmes
644,74,Rowing,Rowing,"Eights, Boys (Olympic (non-medal))","Rowing|Rowing|Eights, Boys (Olympic (non-medal))",REVIEW_EVENT,Semantic event key retained; no claim of row-by-row official extraction.,IOC Olympic results/programmes
645,22,Boxing,Boxing,Rowing,Boxing|Boxing|Rowing,REVIEW_EVENT,Semantic event key retained; no claim of row-by-row official extraction.,IOC Olympic results/programmes
646,22,Boxing,Boxing,"Eights, Men (Olympic)","Boxing|Boxing|Eights, Men (Olympic)",REVIEW_EVENT,Semantic event key retained; no claim of row-by-row official extraction.,IOC Olympic results/programmes
647,74,Rowing,Rowing,"Coxless Pairs, Boys (Olympic (non-medal))","Rowing|Rowing|Coxless Pairs, Boys (Olympic (non-medal))",REVIEW_EVENT,Semantic event key retained; no claim of row-by-row official extraction.,IOC Olympic results/programmes
648,9,Art Competitions,Art Competitions,"Literature, Lyric Works, Open (Olympic)","Art Competitions|Art Competitions|Literature, Lyric Works, Open (Olympic)",REVIEW_EVENT,Semantic event key retained; no claim of row-by-row official extraction.,IOC Olympic results/programmes
649,7,Aquatics,Water Polo,"Water Polo, Men (Olympic)","Aquatics|Water Polo|Water Polo, Men (Olympic)",REVIEW_EVENT,Semantic event key retained; no claim of row-by-row official extraction.,IOC Olympic results/programmes
650,74,Rowing,Rowing,Water Polo (Aquatics),Rowing|Rowing|Water Polo (Aquatics),REVIEW_EVENT,Semantic event key retained; no claim of row-by-row official extraction.,IOC Olympic results/programmes
651,74,Rowing,Rowing,"Water Polo, Men (Olympic)","Rowing|Rowing|Water Polo, Men (Olympic)",REVIEW_EVENT,Semantic event key retained; no claim of row-by-row official extraction.,IOC Olympic results/programmes
652,74,Rowing,Rowing,"Coxed Quadruple Sculls, Women (Olympic)","Rowing|Rowing|Coxed Quadruple Sculls, Women (Olympic)",REVIEW_EVENT,Semantic event key retained; no claim of row-by-row official extraction.,IOC Olympic results/programmes
653,74,Rowing,Rowing,"Coxed Fours, Inriggers, Men (Olympic)","Rowing|Rowing|Coxed Fours, Inriggers, Men (Olympic)",REVIEW_EVENT,Semantic event key retained; no claim of row-by-row official extraction.,IOC Olympic results/programmes
654,78,Savate,Savate,"Savate, Men (Olympic (non-medal))","Savate|Savate|Savate, Men (Olympic (non-medal))",REVIEW_EVENT,Semantic event key retained; no claim of row-by-row official extraction.,IOC Olympic results/programmes
655,74,Rowing,Rowing,"Single Sculls, Association, Men (Olympic (non-medal))","Rowing|Rowing|Single Sculls, Association, Men (Olympic (non-medal))",REVIEW_EVENT,Semantic event key retained; no claim of row-by-row official extraction.,IOC Olympic results/programmes
656,6,Aquatics,Swimming,"200 metres Breaststroke, Men (Olympic)","Aquatics|Swimming|200 metres Breaststroke, Men (Olympic)",REVIEW_EVENT,Semantic event key retained; no claim of row-by-row official extraction.,IOC Olympic results/programmes
657,9,Art Competitions,Art Competitions,"Sculpturing, Medals And Reliefs, Open (Olympic)","Art Competitions|Art Competitions|Sculpturing, Medals And Reliefs, Open (Olympic)",REVIEW_EVENT,Semantic event key retained; no claim of row-by-row official extraction.,IOC Olympic results/programmes
658,9,Art Competitions,Art Competitions,"Sculpturing, Statues, Open (Olympic)","Art Competitions|Art Competitions|Sculpturing, Statues, Open (Olympic)",REVIEW_EVENT,Semantic event key retained; no claim of row-by-row official extraction.,IOC Olympic results/programmes
659,9,Art Competitions,Art Competitions,"Sculpturing, Unknown Event, Open (Olympic)","Art Competitions|Art Competitions|Sculpturing, Unknown Event, Open (Olympic)",REVIEW_EVENT,Semantic event key retained; no claim of row-by-row official extraction.,IOC Olympic results/programmes
660,74,Rowing,Rowing,Art Competitions,Rowing|Rowing|Art Competitions,REVIEW_EVENT,Semantic event key retained; no claim of row-by-row official extraction.,IOC Olympic results/programmes
661,74,Rowing,Rowing,"Painting, Graphic Arts, Open (Olympic)","Rowing|Rowing|Painting, Graphic Arts, Open (Olympic)",REVIEW_EVENT,Semantic event key retained; no claim of row-by-row official extraction.,IOC Olympic results/programmes
662,74,Rowing,Rowing,"Coxless Fours, Intermediate, Men (Olympic (non-medal))","Rowing|Rowing|Coxless Fours, Intermediate, Men (Olympic (non-medal))",REVIEW_EVENT,Semantic event key retained; no claim of row-by-row official extraction.,IOC Olympic results/programmes
663,74,Rowing,Rowing,"Coxless Fours, Men (Olympic (non-medal))","Rowing|Rowing|Coxless Fours, Men (Olympic (non-medal))",REVIEW_EVENT,Semantic event key retained; no claim of row-by-row official extraction.,IOC Olympic results/programmes
664,74,Rowing,Rowing,"Coxless Pairs, Intermediate, Men (Olympic (non-medal))","Rowing|Rowing|Coxless Pairs, Intermediate, Men (Olympic (non-medal))",REVIEW_EVENT,Semantic event key retained; no claim of row-by-row official extraction.,IOC Olympic results/programmes
665,77,Sailing,Sailing,"Two Person Keelboat, Open (Olympic)","Sailing|Sailing|Two Person Keelboat, Open (Olympic)",REVIEW_EVENT,Semantic event key retained; no claim of row-by-row official extraction.,IOC Olympic results/programmes
666,74,Rowing,Rowing,"Double Sculls, Intermediate, Men (Olympic (non-medal))","Rowing|Rowing|Double Sculls, Intermediate, Men (Olympic (non-medal))",REVIEW_EVENT,Semantic event key retained; no claim of row-by-row official extraction.,IOC Olympic results/programmes
667,74,Rowing,Rowing,"Eights, Intermediate, Men (Olympic (non-medal))","Rowing|Rowing|Eights, Intermediate, Men (Olympic (non-medal))",REVIEW_EVENT,Semantic event key retained; no claim of row-by-row official extraction.,IOC Olympic results/programmes
668,79,Shooting,Shooting,"Air Rifle, 10 metres, Women (Olympic)","Shooting|Shooting|Air Rifle, 10 metres, Women (Olympic)",REVIEW_EVENT,Semantic event key retained; no claim of row-by-row official extraction.,IOC Olympic results/programmes
669,79,Shooting,Shooting,"Trap, Open (Olympic)","Shooting|Shooting|Trap, Open (Olympic)",REVIEW_EVENT,Semantic event key retained; no claim of row-by-row official extraction.,IOC Olympic results/programmes
670,79,Shooting,Shooting,"Trap, Men (Olympic)","Shooting|Shooting|Trap, Men (Olympic)",REVIEW_EVENT,Semantic event key retained; no claim of row-by-row official extraction.,IOC Olympic results/programmes
671,79,Shooting,Shooting,"Double Trap, Men (Olympic)","Shooting|Shooting|Double Trap, Men (Olympic)",REVIEW_EVENT,Semantic event key retained; no claim of row-by-row official extraction.,IOC Olympic results/programmes
672,79,Shooting,Shooting,"Air Pistol, 10 metres, Women (Olympic)","Shooting|Shooting|Air Pistol, 10 metres, Women (Olympic)",REVIEW_EVENT,Semantic event key retained; no claim of row-by-row official extraction.,IOC Olympic results/programmes
673,79,Shooting,Shooting,"Sporting Pistol, 25 metres, Women (Olympic)","Shooting|Shooting|Sporting Pistol, 25 metres, Women (Olympic)",REVIEW_EVENT,Semantic event key retained; no claim of row-by-row official extraction.,IOC Olympic results/programmes
674,79,Shooting,Shooting,"Free Pistol, 50 metres, Open (Olympic)","Shooting|Shooting|Free Pistol, 50 metres, Open (Olympic)",REVIEW_EVENT,Semantic event key retained; no claim of row-by-row official extraction.,IOC Olympic results/programmes
675,79,Shooting,Shooting,"Small-Bore Rifle, Three Positions, 50 metres, Women (Olympic)","Shooting|Shooting|Small-Bore Rifle, Three Positions, 50 metres, Women (Olympic)",REVIEW_EVENT,Semantic event key retained; no claim of row-by-row official extraction.,IOC Olympic results/programmes
676,79,Shooting,Shooting,"Free Pistol, 50 metres, Men (Olympic)","Shooting|Shooting|Free Pistol, 50 metres, Men (Olympic)",REVIEW_EVENT,Semantic event key retained; no claim of row-by-row official extraction.,IOC Olympic results/programmes
677,79,Shooting,Shooting,"Small-Bore Rifle, Prone, 50 metres, Men (Olympic)","Shooting|Shooting|Small-Bore Rifle, Prone, 50 metres, Men (Olympic)",REVIEW_EVENT,Semantic event key retained; no claim of row-by-row official extraction.,IOC Olympic results/programmes
678,79,Shooting,Shooting,"Small-Bore Rifle, Three Positions, 50 metres, Men (Olympic)","Shooting|Shooting|Small-Bore Rifle, Three Positions, 50 metres, Men (Olympic)",REVIEW_EVENT,Semantic event key retained; no claim of row-by-row official extraction.,IOC Olympic results/programmes
679,79,Shooting,Shooting,"Rapid-Fire Pistol, 25 metres, Open (Olympic)","Shooting|Shooting|Rapid-Fire Pistol, 25 metres, Open (Olympic)",REVIEW_EVENT,Semantic event key retained; no claim of row-by-row official extraction.,IOC Olympic results/programmes
680,79,Shooting,Shooting,"Small-Bore Rifle, Three Positions, 50 metres, Open (Olympic)","Shooting|Shooting|Small-Bore Rifle, Three Positions, 50 metres, Open (Olympic)",REVIEW_EVENT,Semantic event key retained; no claim of row-by-row official extraction.,IOC Olympic results/programmes
681,79,Shooting,Shooting,"Skeet, Men (Olympic)","Shooting|Shooting|Skeet, Men (Olympic)",REVIEW_EVENT,Semantic event key retained; no claim of row-by-row official extraction.,IOC Olympic results/programmes
682,79,Shooting,Shooting,"Running Target, 50 metres, Open (Olympic)","Shooting|Shooting|Running Target, 50 metres, Open (Olympic)",REVIEW_EVENT,Semantic event key retained; no claim of row-by-row official extraction.,IOC Olympic results/programmes
683,79,Shooting,Shooting,"Skeet, Open (Olympic)","Shooting|Shooting|Skeet, Open (Olympic)",REVIEW_EVENT,Semantic event key retained; no claim of row-by-row official extraction.,IOC Olympic results/programmes
684,79,Shooting,Shooting,"Air Rifle, 10 metres, Men (Olympic)","Shooting|Shooting|Air Rifle, 10 metres, Men (Olympic)",REVIEW_EVENT,Semantic event key retained; no claim of row-by-row official extraction.,IOC Olympic results/programmes
685,79,Shooting,Shooting,"Air Pistol, 10 metres, Men (Olympic)","Shooting|Shooting|Air Pistol, 10 metres, Men (Olympic)",REVIEW_EVENT,Semantic event key retained; no claim of row-by-row official extraction.,IOC Olympic results/programmes
686,79,Shooting,Shooting,"Double Trap, Women (Olympic)","Shooting|Shooting|Double Trap, Women (Olympic)",REVIEW_EVENT,Semantic event key retained; no claim of row-by-row official extraction.,IOC Olympic results/programmes
687,79,Shooting,Shooting,"Trap, Women (Olympic)","Shooting|Shooting|Trap, Women (Olympic)",REVIEW_EVENT,Semantic event key retained; no claim of row-by-row official extraction.,IOC Olympic results/programmes
688,79,Shooting,Shooting,"Running Target, Single and Double Shot, Men (Olympic)","Shooting|Shooting|Running Target, Single and Double Shot, Men (Olympic)",REVIEW_EVENT,Semantic event key retained; no claim of row-by-row official extraction.,IOC Olympic results/programmes
689,79,Shooting,Shooting,"Small-Bore Rifle, Prone, 50 and 100 yards, Men (Olympic)","Shooting|Shooting|Small-Bore Rifle, Prone, 50 and 100 yards, Men (Olympic)",REVIEW_EVENT,Semantic event key retained; no claim of row-by-row official extraction.,IOC Olympic results/programmes
690,79,Shooting,Shooting,"Small-Bore Rifle, Disappearing Target, 25 yards, Men (Olympic)","Shooting|Shooting|Small-Bore Rifle, Disappearing Target, 25 yards, Men (Olympic)",REVIEW_EVENT,Semantic event key retained; no claim of row-by-row official extraction.,IOC Olympic results/programmes
691,79,Shooting,Shooting,"Small-Bore Rifle, Moving Target, 25 yards, Men (Olympic)","Shooting|Shooting|Small-Bore Rifle, Moving Target, 25 yards, Men (Olympic)",REVIEW_EVENT,Semantic event key retained; no claim of row-by-row official extraction.,IOC Olympic results/programmes
692,79,Shooting,Shooting,"Running Target, 50 metres, Men (Olympic)","Shooting|Shooting|Running Target, 50 metres, Men (Olympic)",REVIEW_EVENT,Semantic event key retained; no claim of row-by-row official extraction.,IOC Olympic results/programmes
693,79,Shooting,Shooting,"Running Target, 10 metres, Men (Olympic)","Shooting|Shooting|Running Target, 10 metres, Men (Olympic)",REVIEW_EVENT,Semantic event key retained; no claim of row-by-row official extraction.,IOC Olympic results/programmes
694,6,Aquatics,Swimming,"100 metres Freestyle, Men (Intercalated)","Aquatics|Swimming|100 metres Freestyle, Men (Intercalated)",REVIEW_EVENT,Semantic event key retained; no claim of row-by-row official extraction.,IOC Olympic results/programmes
695,6,Aquatics,Swimming,"400 metres Freestyle, Men (Intercalated)","Aquatics|Swimming|400 metres Freestyle, Men (Intercalated)",REVIEW_EVENT,Semantic event key retained; no claim of row-by-row official extraction.,IOC Olympic results/programmes
696,6,Aquatics,Swimming,"1 mile Freestyle, Men (Intercalated)","Aquatics|Swimming|1 mile Freestyle, Men (Intercalated)",REVIEW_EVENT,Semantic event key retained; no claim of row-by-row official extraction.,IOC Olympic results/programmes
697,6,Aquatics,Swimming,"4 × 250 metres Freestyle Relay, Men (Intercalated)","Aquatics|Swimming|4 × 250 metres Freestyle Relay, Men (Intercalated)",REVIEW_EVENT,Semantic event key retained; no claim of row-by-row official extraction.,IOC Olympic results/programmes
698,60,Modern Pentathlon,Modern Pentathlon,"Free Pistol, 50 metres, Men (Olympic)","Modern Pentathlon|Modern Pentathlon|Free Pistol, 50 metres, Men (Olympic)",REVIEW_EVENT,Semantic event key retained; no claim of row-by-row official extraction.,IOC Olympic results/programmes
699,60,Modern Pentathlon,Modern Pentathlon,"Dueling Pistol, 30 metres, Men (Olympic)","Modern Pentathlon|Modern Pentathlon|Dueling Pistol, 30 metres, Men (Olympic)",REVIEW_EVENT,Semantic event key retained; no claim of row-by-row official extraction.,IOC Olympic results/programmes
700,79,Shooting,Shooting,"Military Rifle, Three Positions, 300 metres, Men (Olympic)","Shooting|Shooting|Military Rifle, Three Positions, 300 metres, Men (Olympic)",REVIEW_EVENT,Semantic event key retained; no claim of row-by-row official extraction.,IOC Olympic results/programmes
701,79,Shooting,Shooting,"Military Rifle, Any Position, 600 metres, Men (Olympic)","Shooting|Shooting|Military Rifle, Any Position, 600 metres, Men (Olympic)",REVIEW_EVENT,Semantic event key retained; no claim of row-by-row official extraction.,IOC Olympic results/programmes
702,79,Shooting,Shooting,"Dueling Pistol, 30 metres, Men (Olympic)","Shooting|Shooting|Dueling Pistol, 30 metres, Men (Olympic)",REVIEW_EVENT,Semantic event key retained; no claim of row-by-row official extraction.,IOC Olympic results/programmes
703,79,Shooting,Shooting,"Free Pistol, 50 metres, Men (Intercalated)","Shooting|Shooting|Free Pistol, 50 metres, Men (Intercalated)",REVIEW_EVENT,Semantic event key retained; no claim of row-by-row official extraction.,IOC Olympic results/programmes
704,79,Shooting,Shooting,"Military Revolver, 1873-1874 Gras Model, 20 metres, Men (Intercalated)","Shooting|Shooting|Military Revolver, 1873-1874 Gras Model, 20 metres, Men (Intercalated)",REVIEW_EVENT,Semantic event key retained; no claim of row-by-row official extraction.,IOC Olympic results/programmes
705,79,Shooting,Shooting,"Military Revolver, 20 metres, Men (Intercalated)","Shooting|Shooting|Military Revolver, 20 metres, Men (Intercalated)",REVIEW_EVENT,Semantic event key retained; no claim of row-by-row official extraction.,IOC Olympic results/programmes
706,79,Shooting,Shooting,"Dueling Pistol Au Visé 20 metres, Men (Intercalated)","Shooting|Shooting|Dueling Pistol Au Visé 20 metres, Men (Intercalated)",REVIEW_EVENT,Semantic event key retained; no claim of row-by-row official extraction.,IOC Olympic results/programmes
707,79,Shooting,Shooting,"Dueling Pistol Au Commandement, 25 metres, Men (Intercalated)","Shooting|Shooting|Dueling Pistol Au Commandement, 25 metres, Men (Intercalated)",REVIEW_EVENT,Semantic event key retained; no claim of row-by-row official extraction.,IOC Olympic results/programmes
708,79,Shooting,Shooting,"Free Rifle, Any Position, 300 metres, Men (Intercalated)","Shooting|Shooting|Free Rifle, Any Position, 300 metres, Men (Intercalated)",REVIEW_EVENT,Semantic event key retained; no claim of row-by-row official extraction.,IOC Olympic results/programmes
709,79,Shooting,Shooting,"Military Rifle, 1873-1874 Gras Model, Kneeling Or Standing, 200 metres, Men (Intercalated)","Shooting|Shooting|Military Rifle, 1873-1874 Gras Model, Kneeling Or Standing, 200 metres, Men (Intercalated)",REVIEW_EVENT,Semantic event key retained; no claim of row-by-row official extraction.,IOC Olympic results/programmes
710,79,Shooting,Shooting,"Military Rifle, Kneeling Or Standing, 300 metres, Men (Intercalated)","Shooting|Shooting|Military Rifle, Kneeling Or Standing, 300 metres, Men (Intercalated)",REVIEW_EVENT,Semantic event key retained; no claim of row-by-row official extraction.,IOC Olympic results/programmes
711,79,Shooting,Shooting,"Free Pistol, 50 metres, Team, Men (Olympic)","Shooting|Shooting|Free Pistol, 50 metres, Team, Men (Olympic)",REVIEW_EVENT,Semantic event key retained; no claim of row-by-row official extraction.,IOC Olympic results/programmes
712,79,Shooting,Shooting,"Free Rifle, Prone, 600 metres, Men (Olympic)","Shooting|Shooting|Free Rifle, Prone, 600 metres, Men (Olympic)",REVIEW_EVENT,Semantic event key retained; no claim of row-by-row official extraction.,IOC Olympic results/programmes
713,79,Shooting,Shooting,"Free Rifle, 400, 600 and 800 metres, Team, Men (Olympic)","Shooting|Shooting|Free Rifle, 400, 600 and 800 metres, Team, Men (Olympic)",REVIEW_EVENT,Semantic event key retained; no claim of row-by-row official extraction.,IOC Olympic results/programmes
714,79,Shooting,Shooting,"Small-Bore Rifle, Standing, 50 metres, Men (Olympic)","Shooting|Shooting|Small-Bore Rifle, Standing, 50 metres, Men (Olympic)",REVIEW_EVENT,Semantic event key retained; no claim of row-by-row official extraction.,IOC Olympic results/programmes
715,79,Shooting,Shooting,"Smal-Bore Rifle, Standing, 50 metres, Team, Men (Olympic)","Shooting|Shooting|Smal-Bore Rifle, Standing, 50 metres, Team, Men (Olympic)",REVIEW_EVENT,Semantic event key retained; no claim of row-by-row official extraction.,IOC Olympic results/programmes
716,79,Shooting,Shooting,"Military Pistol, Team, Men (Olympic)","Shooting|Shooting|Military Pistol, Team, Men (Olympic)",REVIEW_EVENT,Semantic event key retained; no claim of row-by-row official extraction.,IOC Olympic results/programmes
717,79,Shooting,Shooting,"Free Rifle, Kneeling, 300 metres, Men (Olympic)","Shooting|Shooting|Free Rifle, Kneeling, 300 metres, Men (Olympic)",REVIEW_EVENT,Semantic event key retained; no claim of row-by-row official extraction.,IOC Olympic results/programmes
718,79,Shooting,Shooting,"Free Rifle, Prone, 300 metres, Men (Olympic)","Shooting|Shooting|Free Rifle, Prone, 300 metres, Men (Olympic)",REVIEW_EVENT,Semantic event key retained; no claim of row-by-row official extraction.,IOC Olympic results/programmes
719,79,Shooting,Shooting,"Free Rifle, Standing, 300 metres, Men (Olympic)","Shooting|Shooting|Free Rifle, Standing, 300 metres, Men (Olympic)",REVIEW_EVENT,Semantic event key retained; no claim of row-by-row official extraction.,IOC Olympic results/programmes
720,79,Shooting,Shooting,"Free Pistol, 50 yards, Team, Men (Olympic)","Shooting|Shooting|Free Pistol, 50 yards, Team, Men (Olympic)",REVIEW_EVENT,Semantic event key retained; no claim of row-by-row official extraction.,IOC Olympic results/programmes
721,79,Shooting,Shooting,"Military Pistol, 30 metres, Men (Olympic)","Shooting|Shooting|Military Pistol, 30 metres, Men (Olympic)",REVIEW_EVENT,Semantic event key retained; no claim of row-by-row official extraction.,IOC Olympic results/programmes
722,79,Shooting,Shooting,"Free Rifle, 1,000 yards, Men (Olympic)","Shooting|Shooting|Free Rifle, 1,000 yards, Men (Olympic)",REVIEW_EVENT,Semantic event key retained; no claim of row-by-row official extraction.,IOC Olympic results/programmes
723,79,Shooting,Shooting,"Military Rifle, 200/500/600/800/900/1,000 yards, Team, Men (Olympic)","Shooting|Shooting|Military Rifle, 200/500/600/800/900/1,000 yards, Team, Men (Olympic)",REVIEW_EVENT,Semantic event key retained; no claim of row-by-row official extraction.,IOC Olympic results/programmes
724,79,Shooting,Shooting,"Skeet, Women (Olympic)","Shooting|Shooting|Skeet, Women (Olympic)",REVIEW_EVENT,Semantic event key retained; no claim of row-by-row official extraction.,IOC Olympic results/programmes
725,79,Shooting,Shooting,"Free Rifle, Three Positions, 300 metres, Open (Olympic)","Shooting|Shooting|Free Rifle, Three Positions, 300 metres, Open (Olympic)",REVIEW_EVENT,Semantic event key retained; no claim of row-by-row official extraction.,IOC Olympic results/programmes
726,79,Shooting,Shooting,"Military Rifle, Prone, 300 metres, Men (Olympic)","Shooting|Shooting|Military Rifle, Prone, 300 metres, Men (Olympic)",REVIEW_EVENT,Semantic event key retained; no claim of row-by-row official extraction.,IOC Olympic results/programmes
727,79,Shooting,Shooting,"Military Rifle, 200, 400, 500 and 600 metres, Team, Men (Olympic)","Shooting|Shooting|Military Rifle, 200, 400, 500 and 600 metres, Team, Men (Olympic)",REVIEW_EVENT,Semantic event key retained; no claim of row-by-row official extraction.,IOC Olympic results/programmes
728,79,Shooting,Shooting,"Small-Bore Rifle, Prone, 50 metres, Team, Men (Olympic)","Shooting|Shooting|Small-Bore Rifle, Prone, 50 metres, Team, Men (Olympic)",REVIEW_EVENT,Semantic event key retained; no claim of row-by-row official extraction.,IOC Olympic results/programmes
729,79,Shooting,Shooting,"Small-Bore Rifle, Any Position, 50 metres, Men (Olympic)","Shooting|Shooting|Small-Bore Rifle, Any Position, 50 metres, Men (Olympic)",REVIEW_EVENT,Semantic event key retained; no claim of row-by-row official extraction.,IOC Olympic results/programmes
730,79,Shooting,Shooting,"Small-Bore Rifle, Disappearing Target, 25 metres, Men (Olympic)","Shooting|Shooting|Small-Bore Rifle, Disappearing Target, 25 metres, Men (Olympic)",REVIEW_EVENT,Semantic event key retained; no claim of row-by-row official extraction.,IOC Olympic results/programmes
731,10,Athletics,Athletics,Shooting,Athletics|Athletics|Shooting,REVIEW_EVENT,Semantic event key retained; no claim of row-by-row official extraction.,IOC Olympic results/programmes
732,10,Athletics,Athletics,"Free Rifle, Any Position, 300 metres, Men (Olympic)","Athletics|Athletics|Free Rifle, Any Position, 300 metres, Men (Olympic)",REVIEW_EVENT,Semantic event key retained; no claim of row-by-row official extraction.,IOC Olympic results/programmes
733,10,Athletics,Athletics,"Military Rifle, 200 metres, Men (Olympic)","Athletics|Athletics|Military Rifle, 200 metres, Men (Olympic)",REVIEW_EVENT,Semantic event key retained; no claim of row-by-row official extraction.,IOC Olympic results/programmes
734,10,Athletics,Athletics,"Unlimited, One Hand, Men (Olympic)","Athletics|Athletics|Unlimited, One Hand, Men (Olympic)",REVIEW_EVENT,Semantic event key retained; no claim of row-by-row official extraction.,IOC Olympic results/programmes
735,10,Athletics,Athletics,"Unlimited, Two Hands, Men (Olympic)","Athletics|Athletics|Unlimited, Two Hands, Men (Olympic)",REVIEW_EVENT,Semantic event key retained; no claim of row-by-row official extraction.,IOC Olympic results/programmes
736,41,Fencing,Fencing,"Rapid-Fire Pistol, 25 metres, Men (Olympic)","Fencing|Fencing|Rapid-Fire Pistol, 25 metres, Men (Olympic)",REVIEW_EVENT,Semantic event key retained; no claim of row-by-row official extraction.,IOC Olympic results/programmes
737,87,Skiing,Military Ski Patrol,"Military Ski Patrol, Men (Olympic (non-medal))","Skiing|Military Ski Patrol|Military Ski Patrol, Men (Olympic (non-medal))",REVIEW_EVENT,Semantic event key retained; no claim of row-by-row official extraction.,IOC Olympic results/programmes
738,21,Bobsleigh,Skeleton,"Skeleton, Men (Olympic)","Bobsleigh|Skeleton|Skeleton, Men (Olympic)",REVIEW_EVENT,Semantic event key retained; no claim of row-by-row official extraction.,IOC Olympic results/programmes
739,79,Shooting,Shooting,"Free Pistol, 25 metres, Men (Intercalated)","Shooting|Shooting|Free Pistol, 25 metres, Men (Intercalated)",REVIEW_EVENT,Semantic event key retained; no claim of row-by-row official extraction.,IOC Olympic results/programmes
740,79,Shooting,Shooting,"Free Rifle, Three Positions, 300 metres, Team, Men (Intercalated)","Shooting|Shooting|Free Rifle, Three Positions, 300 metres, Team, Men (Intercalated)",REVIEW_EVENT,Semantic event key retained; no claim of row-by-row official extraction.,IOC Olympic results/programmes
741,79,Shooting,Shooting,"Trap, Single Shot, 16 metres, Men (Intercalated)","Shooting|Shooting|Trap, Single Shot, 16 metres, Men (Intercalated)",REVIEW_EVENT,Semantic event key retained; no claim of row-by-row official extraction.,IOC Olympic results/programmes
742,79,Shooting,Shooting,"Trap, Double Shot, 14 metres, Men (Intercalated)","Shooting|Shooting|Trap, Double Shot, 14 metres, Men (Intercalated)",REVIEW_EVENT,Semantic event key retained; no claim of row-by-row official extraction.,IOC Olympic results/programmes
743,79,Shooting,Shooting,"Dueling Pistol, 30 metres, Team, Men (Olympic)","Shooting|Shooting|Dueling Pistol, 30 metres, Team, Men (Olympic)",REVIEW_EVENT,Semantic event key retained; no claim of row-by-row official extraction.,IOC Olympic results/programmes
744,41,Fencing,Fencing,"Trap, Men (Olympic)","Fencing|Fencing|Trap, Men (Olympic)",REVIEW_EVENT,Semantic event key retained; no claim of row-by-row official extraction.,IOC Olympic results/programmes
745,45,Gymnastics,Artistic Gymnastics,"26th Federal Festival, Society and Association Contests, Non-Simultaneous, Shooting Championships, Honorary Members and Associates, Men (Olympic (non-medal))","Gymnastics|Artistic Gymnastics|26th Federal Festival, Society and Association Contests, Non-Simultaneous, Shooting Championships, Honorary Members and Associates, Men (Olympic (non-medal))",REVIEW_EVENT,Semantic event key retained; no claim of row-by-row official extraction.,IOC Olympic results/programmes
746,60,Modern Pentathlon,Modern Pentathlon,"Free Pistol, 50 metres, Team, Men (Olympic)","Modern Pentathlon|Modern Pentathlon|Free Pistol, 50 metres, Team, Men (Olympic)",REVIEW_EVENT,Semantic event key retained; no claim of row-by-row official extraction.,IOC Olympic results/programmes
747,60,Modern Pentathlon,Modern Pentathlon,"Dueling Pistol, 30 metres, Team, Men (Olympic)","Modern Pentathlon|Modern Pentathlon|Dueling Pistol, 30 metres, Team, Men (Olympic)",REVIEW_EVENT,Semantic event key retained; no claim of row-by-row official extraction.,IOC Olympic results/programmes
748,79,Shooting,Shooting,"Military Pistol, 25 metres, Men (Olympic)","Shooting|Shooting|Military Pistol, 25 metres, Men (Olympic)",REVIEW_EVENT,Semantic event key retained; no claim of row-by-row official extraction.,IOC Olympic results/programmes
749,79,Shooting,Shooting,"Muzzle-Loading Pistol, 25 metres, Men (Olympic)","Shooting|Shooting|Muzzle-Loading Pistol, 25 metres, Men (Olympic)",REVIEW_EVENT,Semantic event key retained; no claim of row-by-row official extraction.,IOC Olympic results/programmes
750,79,Shooting,Shooting,"Free Rifle, Any Position, 300 metres, Men (Olympic)","Shooting|Shooting|Free Rifle, Any Position, 300 metres, Men (Olympic)",REVIEW_EVENT,Semantic event key retained; no claim of row-by-row official extraction.,IOC Olympic results/programmes
751,79,Shooting,Shooting,"Military Rifle, 200 metres, Men (Olympic)","Shooting|Shooting|Military Rifle, 200 metres, Men (Olympic)",REVIEW_EVENT,Semantic event key retained; no claim of row-by-row official extraction.,IOC Olympic results/programmes
752,79,Shooting,Shooting,"Small-Bore Rifle, Disappearing Target, 25 metres, Team, Men (Olympic)","Shooting|Shooting|Small-Bore Rifle, Disappearing Target, 25 metres, Team, Men (Olympic)",REVIEW_EVENT,Semantic event key retained; no claim of row-by-row official extraction.,IOC Olympic results/programmes
753,79,Shooting,Shooting,"Free Pistol, 30 metres, Men (Olympic)","Shooting|Shooting|Free Pistol, 30 metres, Men (Olympic)",REVIEW_EVENT,Semantic event key retained; no claim of row-by-row official extraction.,IOC Olympic results/programmes
754,74,Rowing,Rowing,"17-Man Naval Rowing Boats, Men (Intercalated)","Rowing|Rowing|17-Man Naval Rowing Boats, Men (Intercalated)",REVIEW_EVENT,Semantic event key retained; no claim of row-by-row official extraction.,IOC Olympic results/programmes
755,3,Aquatics,Artistic Swimming,"Team, Women (Olympic)","Aquatics|Artistic Swimming|Team, Women (Olympic)",REVIEW_EVENT,Semantic event key retained; no claim of row-by-row official extraction.,IOC Olympic results/programmes
756,9,Art Competitions,Art Competitions,"Architecture, Further Entries, Open (Olympic)","Art Competitions|Art Competitions|Architecture, Further Entries, Open (Olympic)",REVIEW_EVENT,Semantic event key retained; no claim of row-by-row official extraction.,IOC Olympic results/programmes
757,79,Shooting,Shooting,Fencing,Shooting|Shooting|Fencing,REVIEW_EVENT,Semantic event key retained; no claim of row-by-row official extraction.,IOC Olympic results/programmes
758,79,Shooting,Shooting,"Sabre, Individual, Men (Olympic)","Shooting|Shooting|Sabre, Individual, Men (Olympic)",REVIEW_EVENT,Semantic event key retained; no claim of row-by-row official extraction.,IOC Olympic results/programmes
759,10,Athletics,Athletics,"Rapid-Fire Pistol, 25 metres, Men (Olympic)","Athletics|Athletics|Rapid-Fire Pistol, 25 metres, Men (Olympic)",REVIEW_EVENT,Semantic event key retained; no claim of row-by-row official extraction.,IOC Olympic results/programmes
760,10,Athletics,Athletics,"Small-Bore Rifle, Prone, 50 metres, Men (Olympic)","Athletics|Athletics|Small-Bore Rifle, Prone, 50 metres, Men (Olympic)",REVIEW_EVENT,Semantic event key retained; no claim of row-by-row official extraction.,IOC Olympic results/programmes
761,41,Fencing,Fencing,"Free Pistol, 50 yards, Men (Olympic)","Fencing|Fencing|Free Pistol, 50 yards, Men (Olympic)",REVIEW_EVENT,Semantic event key retained; no claim of row-by-row official extraction.,IOC Olympic results/programmes
762,41,Fencing,Fencing,"Free Pistol, 50 yards, Team, Men (Olympic)","Fencing|Fencing|Free Pistol, 50 yards, Team, Men (Olympic)",REVIEW_EVENT,Semantic event key retained; no claim of row-by-row official extraction.,IOC Olympic results/programmes
763,41,Fencing,Fencing,"Small-Bore Rifle, 50 and 100 yards, Team, Men (Olympic)","Fencing|Fencing|Small-Bore Rifle, 50 and 100 yards, Team, Men (Olympic)",REVIEW_EVENT,Semantic event key retained; no claim of row-by-row official extraction.,IOC Olympic results/programmes
764,41,Fencing,Fencing,"Small-Bore Rifle, Disappearing Target, 25 yards, Men (Olympic)","Fencing|Fencing|Small-Bore Rifle, Disappearing Target, 25 yards, Men (Olympic)",REVIEW_EVENT,Semantic event key retained; no claim of row-by-row official extraction.,IOC Olympic results/programmes
765,41,Fencing,Fencing,"Small-Bore Rifle, Moving Target, 25 yards, Men (Olympic)","Fencing|Fencing|Small-Bore Rifle, Moving Target, 25 yards, Men (Olympic)",REVIEW_EVENT,Semantic event key retained; no claim of row-by-row official extraction.,IOC Olympic results/programmes
766,41,Fencing,Fencing,"Free Pistol, 50 metres, Men (Olympic)","Fencing|Fencing|Free Pistol, 50 metres, Men (Olympic)",REVIEW_EVENT,Semantic event key retained; no claim of row-by-row official extraction.,IOC Olympic results/programmes
767,41,Fencing,Fencing,"Free Pistol, 50 metres, Team, Men (Olympic)","Fencing|Fencing|Free Pistol, 50 metres, Team, Men (Olympic)",REVIEW_EVENT,Semantic event key retained; no claim of row-by-row official extraction.,IOC Olympic results/programmes
768,41,Fencing,Fencing,"Dueling Pistol, 30 metres, Men (Olympic)","Fencing|Fencing|Dueling Pistol, 30 metres, Men (Olympic)",REVIEW_EVENT,Semantic event key retained; no claim of row-by-row official extraction.,IOC Olympic results/programmes
769,41,Fencing,Fencing,"Small-Bore Rifle, Any Position, 50 metres, Men (Olympic)","Fencing|Fencing|Small-Bore Rifle, Any Position, 50 metres, Men (Olympic)",REVIEW_EVENT,Semantic event key retained; no claim of row-by-row official extraction.,IOC Olympic results/programmes
770,41,Fencing,Fencing,"Small-Bore Rifle, Prone, 50 metres, Team, Men (Olympic)","Fencing|Fencing|Small-Bore Rifle, Prone, 50 metres, Team, Men (Olympic)",REVIEW_EVENT,Semantic event key retained; no claim of row-by-row official extraction.,IOC Olympic results/programmes
771,41,Fencing,Fencing,"Small-Bore Rifle, Disappearing Target, 25 metres, Men (Olympic)","Fencing|Fencing|Small-Bore Rifle, Disappearing Target, 25 metres, Men (Olympic)",REVIEW_EVENT,Semantic event key retained; no claim of row-by-row official extraction.,IOC Olympic results/programmes
772,41,Fencing,Fencing,"Small-Bore Rifle, Disappearing Target, 25 metres, Team, Men (Olympic)","Fencing|Fencing|Small-Bore Rifle, Disappearing Target, 25 metres, Team, Men (Olympic)",REVIEW_EVENT,Semantic event key retained; no claim of row-by-row official extraction.,IOC Olympic results/programmes
773,79,Shooting,Shooting,Art Competitions,Shooting|Shooting|Art Competitions,REVIEW_EVENT,Semantic event key retained; no claim of row-by-row official extraction.,IOC Olympic results/programmes
774,79,Shooting,Shooting,"Sculpturing, Open (Olympic)","Shooting|Shooting|Sculpturing, Open (Olympic)",REVIEW_EVENT,Semantic event key retained; no claim of row-by-row official extraction.,IOC Olympic results/programmes
775,6,Aquatics,Swimming,"100 metres Backstroke, Women (Olympic)","Aquatics|Swimming|100 metres Backstroke, Women (Olympic)",REVIEW_EVENT,Semantic event key retained; no claim of row-by-row official extraction.,IOC Olympic results/programmes
776,3,Aquatics,Artistic Swimming,"Solo, Women (Olympic)","Aquatics|Artistic Swimming|Solo, Women (Olympic)",REVIEW_EVENT,Semantic event key retained; no claim of row-by-row official extraction.,IOC Olympic results/programmes
777,3,Aquatics,Artistic Swimming,"Duet, Women (Olympic)","Aquatics|Artistic Swimming|Duet, Women (Olympic)",REVIEW_EVENT,Semantic event key retained; no claim of row-by-row official extraction.,IOC Olympic results/programmes
778,6,Aquatics,Swimming,"50 metres Freestyle, Men (Olympic)","Aquatics|Swimming|50 metres Freestyle, Men (Olympic)",REVIEW_EVENT,Semantic event key retained; no claim of row-by-row official extraction.,IOC Olympic results/programmes
779,6,Aquatics,Swimming,"200 metres Freestyle, Men (Olympic)","Aquatics|Swimming|200 metres Freestyle, Men (Olympic)",VERIFIED_EVENT,Priority event used in the mandatory historical checks.,IOC Olympic results/programmes
780,6,Aquatics,Swimming,"100 metres Breaststroke, Men (Olympic)","Aquatics|Swimming|100 metres Breaststroke, Men (Olympic)",REVIEW_EVENT,Semantic event key retained; no claim of row-by-row official extraction.,IOC Olympic results/programmes
781,6,Aquatics,Swimming,"4 × 200 metres Freestyle Relay, Men (Olympic)","Aquatics|Swimming|4 × 200 metres Freestyle Relay, Men (Olympic)",VERIFIED_EVENT,Priority event used in the mandatory historical checks.,IOC Olympic results/programmes
782,6,Aquatics,Swimming,"1,500 metres Freestyle, Men (Olympic)","Aquatics|Swimming|1,500 metres Freestyle, Men (Olympic)",REVIEW_EVENT,Semantic event key retained; no claim of row-by-row official extraction.,IOC Olympic results/programmes
783,6,Aquatics,Swimming,"100 metres Butterfly, Men (Olympic)","Aquatics|Swimming|100 metres Butterfly, Men (Olympic)",VERIFIED_EVENT,Priority event used in the mandatory historical checks.,IOC Olympic results/programmes
784,6,Aquatics,Swimming,"200 metres Butterfly, Men (Olympic)","Aquatics|Swimming|200 metres Butterfly, Men (Olympic)",VERIFIED_EVENT,Priority event used in the mandatory historical checks.,IOC Olympic results/programmes
785,6,Aquatics,Swimming,"200 metres Individual Medley, Women (Olympic)","Aquatics|Swimming|200 metres Individual Medley, Women (Olympic)",REVIEW_EVENT,Semantic event key retained; no claim of row-by-row official extraction.,IOC Olympic results/programmes
786,6,Aquatics,Swimming,"100 metres Breaststroke, Women (Olympic)","Aquatics|Swimming|100 metres Breaststroke, Women (Olympic)",REVIEW_EVENT,Semantic event key retained; no claim of row-by-row official extraction.,IOC Olympic results/programmes
787,6,Aquatics,Swimming,"200 metres Breaststroke, Women (Olympic)","Aquatics|Swimming|200 metres Breaststroke, Women (Olympic)",REVIEW_EVENT,Semantic event key retained; no claim of row-by-row official extraction.,IOC Olympic results/programmes
788,6,Aquatics,Swimming,"100 metres Freestyle, Women (Olympic)","Aquatics|Swimming|100 metres Freestyle, Women (Olympic)",REVIEW_EVENT,Semantic event key retained; no claim of row-by-row official extraction.,IOC Olympic results/programmes
789,6,Aquatics,Swimming,"50 metres Freestyle, Women (Olympic)","Aquatics|Swimming|50 metres Freestyle, Women (Olympic)",REVIEW_EVENT,Semantic event key retained; no claim of row-by-row official extraction.,IOC Olympic results/programmes
790,6,Aquatics,Swimming,"100 metres Butterfly, Women (Olympic)","Aquatics|Swimming|100 metres Butterfly, Women (Olympic)",REVIEW_EVENT,Semantic event key retained; no claim of row-by-row official extraction.,IOC Olympic results/programmes
791,6,Aquatics,Swimming,"4 × 100 metres Medley Relay, Men (Olympic)","Aquatics|Swimming|4 × 100 metres Medley Relay, Men (Olympic)",VERIFIED_EVENT,Priority event used in the mandatory historical checks.,IOC Olympic results/programmes
792,6,Aquatics,Swimming,"100 metres Backstroke, Men (Olympic)","Aquatics|Swimming|100 metres Backstroke, Men (Olympic)",REVIEW_EVENT,Semantic event key retained; no claim of row-by-row official extraction.,IOC Olympic results/programmes
793,6,Aquatics,Swimming,"4 × 200 metres Freestyle Relay, Women (Olympic)","Aquatics|Swimming|4 × 200 metres Freestyle Relay, Women (Olympic)",REVIEW_EVENT,Semantic event key retained; no claim of row-by-row official extraction.,IOC Olympic results/programmes
794,6,Aquatics,Swimming,"4 × 100 metres Medley Relay, Women (Olympic)","Aquatics|Swimming|4 × 100 metres Medley Relay, Women (Olympic)",REVIEW_EVENT,Semantic event key retained; no claim of row-by-row official extraction.,IOC Olympic results/programmes
795,6,Aquatics,Swimming,"400 metres Individual Medley, Women (Olympic)","Aquatics|Swimming|400 metres Individual Medley, Women (Olympic)",REVIEW_EVENT,Semantic event key retained; no claim of row-by-row official extraction.,IOC Olympic results/programmes
796,6,Aquatics,Swimming,"400 metres Freestyle, Women (Olympic)","Aquatics|Swimming|400 metres Freestyle, Women (Olympic)",REVIEW_EVENT,Semantic event key retained; no claim of row-by-row official extraction.,IOC Olympic results/programmes
797,6,Aquatics,Swimming,"800 metres Freestyle, Women (Olympic)","Aquatics|Swimming|800 metres Freestyle, Women (Olympic)",REVIEW_EVENT,Semantic event key retained; no claim of row-by-row official extraction.,IOC Olympic results/programmes
798,6,Aquatics,Swimming,"4 × 100 metres Freestyle Relay, Women (Olympic)","Aquatics|Swimming|4 × 100 metres Freestyle Relay, Women (Olympic)",REVIEW_EVENT,Semantic event key retained; no claim of row-by-row official extraction.,IOC Olympic results/programmes
799,6,Aquatics,Swimming,"200 metres Backstroke, Women (Olympic)","Aquatics|Swimming|200 metres Backstroke, Women (Olympic)",REVIEW_EVENT,Semantic event key retained; no claim of row-by-row official extraction.,IOC Olympic results/programmes
800,6,Aquatics,Swimming,"200 metres Freestyle, Women (Olympic)","Aquatics|Swimming|200 metres Freestyle, Women (Olympic)",REVIEW_EVENT,Semantic event key retained; no claim of row-by-row official extraction.,IOC Olympic results/programmes
801,6,Aquatics,Swimming,"200 metres Butterfly, Women (Olympic)","Aquatics|Swimming|200 metres Butterfly, Women (Olympic)",REVIEW_EVENT,Semantic event key retained; no claim of row-by-row official extraction.,IOC Olympic results/programmes
802,6,Aquatics,Swimming,"200 metres Backstroke, Men (Olympic)","Aquatics|Swimming|200 metres Backstroke, Men (Olympic)",REVIEW_EVENT,Semantic event key retained; no claim of row-by-row official extraction.,IOC Olympic results/programmes
803,6,Aquatics,Swimming,"200 metres Individual Medley, Men (Olympic)","Aquatics|Swimming|200 metres Individual Medley, Men (Olympic)",VERIFIED_EVENT,Priority event used in the mandatory historical checks.,IOC Olympic results/programmes
804,6,Aquatics,Swimming,"400 metres Individual Medley, Men (Olympic)","Aquatics|Swimming|400 metres Individual Medley, Men (Olympic)",VERIFIED_EVENT,Priority event used in the mandatory historical checks.,IOC Olympic results/programmes
805,4,Aquatics,Diving,"Plain High, Women (Olympic)","Aquatics|Diving|Plain High, Women (Olympic)",REVIEW_EVENT,Semantic event key retained; no claim of row-by-row official extraction.,IOC Olympic results/programmes
806,4,Aquatics,Diving,Swimming (Aquatics),Aquatics|Diving|Swimming (Aquatics),REVIEW_EVENT,Semantic event key retained; no claim of row-by-row official extraction.,IOC Olympic results/programmes
807,4,Aquatics,Diving,"100 metres Freestyle, Women (Olympic)","Aquatics|Diving|100 metres Freestyle, Women (Olympic)",REVIEW_EVENT,Semantic event key retained; no claim of row-by-row official extraction.,IOC Olympic results/programmes
808,4,Aquatics,Diving,"300 metres Freestyle, Women (Olympic)","Aquatics|Diving|300 metres Freestyle, Women (Olympic)",REVIEW_EVENT,Semantic event key retained; no claim of row-by-row official extraction.,IOC Olympic results/programmes
809,4,Aquatics,Diving,"Synchronized Springboard, Women (Olympic)","Aquatics|Diving|Synchronized Springboard, Women (Olympic)",REVIEW_EVENT,Semantic event key retained; no claim of row-by-row official extraction.,IOC Olympic results/programmes
810,6,Aquatics,Swimming,"4 × 100 metres Freestyle Relay, Men (Olympic)","Aquatics|Swimming|4 × 100 metres Freestyle Relay, Men (Olympic)",REVIEW_EVENT,Semantic event key retained; no claim of row-by-row official extraction.,IOC Olympic results/programmes
811,22,Boxing,Boxing,Diving (Aquatics),Boxing|Boxing|Diving (Aquatics),REVIEW_EVENT,Semantic event key retained; no claim of row-by-row official extraction.,IOC Olympic results/programmes
812,22,Boxing,Boxing,"Springboard, Men (Olympic)","Boxing|Boxing|Springboard, Men (Olympic)",REVIEW_EVENT,Semantic event key retained; no claim of row-by-row official extraction.,IOC Olympic results/programmes
813,22,Boxing,Boxing,Swimming (Aquatics),Boxing|Boxing|Swimming (Aquatics),REVIEW_EVENT,Semantic event key retained; no claim of row-by-row official extraction.,IOC Olympic results/programmes
814,22,Boxing,Boxing,"100 metres Freestyle, Men (Olympic)","Boxing|Boxing|100 metres Freestyle, Men (Olympic)",REVIEW_EVENT,Semantic event key retained; no claim of row-by-row official extraction.,IOC Olympic results/programmes
815,22,Boxing,Boxing,"400 metres Freestyle, Men (Olympic)","Boxing|Boxing|400 metres Freestyle, Men (Olympic)",REVIEW_EVENT,Semantic event key retained; no claim of row-by-row official extraction.,IOC Olympic results/programmes
816,22,Boxing,Boxing,"1,500 metres Freestyle, Men (Olympic)","Boxing|Boxing|1,500 metres Freestyle, Men (Olympic)",REVIEW_EVENT,Semantic event key retained; no claim of row-by-row official extraction.,IOC Olympic results/programmes
817,22,Boxing,Boxing,"4 × 200 metres Freestyle Relay, Men (Olympic)","Boxing|Boxing|4 × 200 metres Freestyle Relay, Men (Olympic)",REVIEW_EVENT,Semantic event key retained; no claim of row-by-row official extraction.,IOC Olympic results/programmes
818,4,Aquatics,Diving,"Springboard, Men (Olympic)","Aquatics|Diving|Springboard, Men (Olympic)",REVIEW_EVENT,Semantic event key retained; no claim of row-by-row official extraction.,IOC Olympic results/programmes
819,6,Aquatics,Swimming,"1,000 metres Freestyle, Men (Olympic)","Aquatics|Swimming|1,000 metres Freestyle, Men (Olympic)",REVIEW_EVENT,Semantic event key retained; no claim of row-by-row official extraction.,IOC Olympic results/programmes
820,6,Aquatics,Swimming,"200 metres Obstacle Course, Men (Olympic)","Aquatics|Swimming|200 metres Obstacle Course, Men (Olympic)",REVIEW_EVENT,Semantic event key retained; no claim of row-by-row official extraction.,IOC Olympic results/programmes
821,4,Aquatics,Diving,Wrestling,Aquatics|Diving|Wrestling,REVIEW_EVENT,Semantic event key retained; no claim of row-by-row official extraction.,IOC Olympic results/programmes
822,4,Aquatics,Diving,"Welterweight, Freestyle, Men (Olympic)","Aquatics|Diving|Welterweight, Freestyle, Men (Olympic)",REVIEW_EVENT,Semantic event key retained; no claim of row-by-row official extraction.,IOC Olympic results/programmes
823,6,Aquatics,Swimming,"400 metres Breaststroke, Men (Olympic)","Aquatics|Swimming|400 metres Breaststroke, Men (Olympic)",REVIEW_EVENT,Semantic event key retained; no claim of row-by-row official extraction.,IOC Olympic results/programmes
824,6,Aquatics,Swimming,"1,200 metres Freestyle, Men (Olympic)","Aquatics|Swimming|1,200 metres Freestyle, Men (Olympic)",REVIEW_EVENT,Semantic event key retained; no claim of row-by-row official extraction.,IOC Olympic results/programmes
825,7,Aquatics,Water Polo,Swimming (Aquatics),Aquatics|Water Polo|Swimming (Aquatics),REVIEW_EVENT,Semantic event key retained; no claim of row-by-row official extraction.,IOC Olympic results/programmes
826,7,Aquatics,Water Polo,"100 metres Freestyle, Men (Olympic)","Aquatics|Water Polo|100 metres Freestyle, Men (Olympic)",REVIEW_EVENT,Semantic event key retained; no claim of row-by-row official extraction.,IOC Olympic results/programmes
827,7,Aquatics,Water Polo,"400 metres Freestyle, Men (Olympic)","Aquatics|Water Polo|400 metres Freestyle, Men (Olympic)",REVIEW_EVENT,Semantic event key retained; no claim of row-by-row official extraction.,IOC Olympic results/programmes
828,6,Aquatics,Swimming,"440 yards Freestyle, Men (Olympic)","Aquatics|Swimming|440 yards Freestyle, Men (Olympic)",REVIEW_EVENT,Semantic event key retained; no claim of row-by-row official extraction.,IOC Olympic results/programmes
829,6,Aquatics,Swimming,"880 yards Freestyle, Men (Olympic)","Aquatics|Swimming|880 yards Freestyle, Men (Olympic)",REVIEW_EVENT,Semantic event key retained; no claim of row-by-row official extraction.,IOC Olympic results/programmes
830,6,Aquatics,Swimming,"1 mile Freestyle, Men (Olympic)","Aquatics|Swimming|1 mile Freestyle, Men (Olympic)",REVIEW_EVENT,Semantic event key retained; no claim of row-by-row official extraction.,IOC Olympic results/programmes
831,7,Aquatics,Water Polo,"200 metres Freestyle, Men (Olympic)","Aquatics|Water Polo|200 metres Freestyle, Men (Olympic)",REVIEW_EVENT,Semantic event key retained; no claim of row-by-row official extraction.,IOC Olympic results/programmes
832,7,Aquatics,Water Polo,"1,000 metres Freestyle, Men (Olympic)","Aquatics|Water Polo|1,000 metres Freestyle, Men (Olympic)",REVIEW_EVENT,Semantic event key retained; no claim of row-by-row official extraction.,IOC Olympic results/programmes
833,7,Aquatics,Water Polo,"4,000 metres Freestyle, Men (Olympic)","Aquatics|Water Polo|4,000 metres Freestyle, Men (Olympic)",REVIEW_EVENT,Semantic event key retained; no claim of row-by-row official extraction.,IOC Olympic results/programmes
834,4,Aquatics,Diving,"4 × 200 metres Freestyle Relay, Men (Olympic)","Aquatics|Diving|4 × 200 metres Freestyle Relay, Men (Olympic)",REVIEW_EVENT,Semantic event key retained; no claim of row-by-row official extraction.,IOC Olympic results/programmes
835,4,Aquatics,Diving,"100 metres Freestyle, Men (Olympic)","Aquatics|Diving|100 metres Freestyle, Men (Olympic)",REVIEW_EVENT,Semantic event key retained; no claim of row-by-row official extraction.,IOC Olympic results/programmes
836,4,Aquatics,Diving,"100 metres Backstroke, Men (Olympic)","Aquatics|Diving|100 metres Backstroke, Men (Olympic)",REVIEW_EVENT,Semantic event key retained; no claim of row-by-row official extraction.,IOC Olympic results/programmes
837,4,Aquatics,Diving,"Synchronized Springboard, Men (Olympic)","Aquatics|Diving|Synchronized Springboard, Men (Olympic)",REVIEW_EVENT,Semantic event key retained; no claim of row-by-row official extraction.,IOC Olympic results/programmes
838,6,Aquatics,Swimming,Rowing,Aquatics|Swimming|Rowing,REVIEW_EVENT,Semantic event key retained; no claim of row-by-row official extraction.,IOC Olympic results/programmes
839,45,Gymnastics,Artistic Gymnastics,Swimming (Aquatics),Gymnastics|Artistic Gymnastics|Swimming (Aquatics),REVIEW_EVENT,Semantic event key retained; no claim of row-by-row official extraction.,IOC Olympic results/programmes
840,45,Gymnastics,Artistic Gymnastics,"100 metres Freestyle, Men (Olympic)","Gymnastics|Artistic Gymnastics|100 metres Freestyle, Men (Olympic)",REVIEW_EVENT,Semantic event key retained; no claim of row-by-row official extraction.,IOC Olympic results/programmes
841,45,Gymnastics,Artistic Gymnastics,"4 × 200 metres Freestyle Relay, Men (Olympic)","Gymnastics|Artistic Gymnastics|4 × 200 metres Freestyle Relay, Men (Olympic)",REVIEW_EVENT,Semantic event key retained; no claim of row-by-row official extraction.,IOC Olympic results/programmes
842,45,Gymnastics,Artistic Gymnastics,"200 metres Breaststroke, Men (Olympic)","Gymnastics|Artistic Gymnastics|200 metres Breaststroke, Men (Olympic)",REVIEW_EVENT,Semantic event key retained; no claim of row-by-row official extraction.,IOC Olympic results/programmes
843,6,Aquatics,Swimming,"Underwater Swimming, Men (Olympic)","Aquatics|Swimming|Underwater Swimming, Men (Olympic)",REVIEW_EVENT,Semantic event key retained; no claim of row-by-row official extraction.,IOC Olympic results/programmes
844,10,Athletics,Athletics,Fencing,Athletics|Athletics|Fencing,REVIEW_EVENT,Semantic event key retained; no claim of row-by-row official extraction.,IOC Olympic results/programmes
845,10,Athletics,Athletics,"Foil, Individual, Men (Olympic)","Athletics|Athletics|Foil, Individual, Men (Olympic)",REVIEW_EVENT,Semantic event key retained; no claim of row-by-row official extraction.,IOC Olympic results/programmes
846,10,Athletics,Athletics,"Sabre, Individual, Men (Olympic)","Athletics|Athletics|Sabre, Individual, Men (Olympic)",REVIEW_EVENT,Semantic event key retained; no claim of row-by-row official extraction.,IOC Olympic results/programmes
847,10,Athletics,Athletics,"Free Pistol, 30 metres, Men (Olympic)","Athletics|Athletics|Free Pistol, 30 metres, Men (Olympic)",REVIEW_EVENT,Semantic event key retained; no claim of row-by-row official extraction.,IOC Olympic results/programmes
848,10,Athletics,Athletics,"Military Pistol, 25 metres, Men (Olympic)","Athletics|Athletics|Military Pistol, 25 metres, Men (Olympic)",REVIEW_EVENT,Semantic event key retained; no claim of row-by-row official extraction.,IOC Olympic results/programmes
849,10,Athletics,Athletics,"Muzzle-Loading Pistol, 25 metres, Men (Olympic)","Athletics|Athletics|Muzzle-Loading Pistol, 25 metres, Men (Olympic)",REVIEW_EVENT,Semantic event key retained; no claim of row-by-row official extraction.,IOC Olympic results/programmes
850,10,Athletics,Athletics,Swimming (Aquatics),Athletics|Athletics|Swimming (Aquatics),REVIEW_EVENT,Semantic event key retained; no claim of row-by-row official extraction.,IOC Olympic results/programmes
851,10,Athletics,Athletics,"100 metres Freestyle, Men (Olympic)","Athletics|Athletics|100 metres Freestyle, Men (Olympic)",REVIEW_EVENT,Semantic event key retained; no claim of row-by-row official extraction.,IOC Olympic results/programmes
852,10,Athletics,Athletics,"500 metres Freestyle, Men (Olympic)","Athletics|Athletics|500 metres Freestyle, Men (Olympic)",REVIEW_EVENT,Semantic event key retained; no claim of row-by-row official extraction.,IOC Olympic results/programmes
853,10,Athletics,Athletics,"1,200 metres Freestyle, Men (Olympic)","Athletics|Athletics|1,200 metres Freestyle, Men (Olympic)",REVIEW_EVENT,Semantic event key retained; no claim of row-by-row official extraction.,IOC Olympic results/programmes
854,7,Aquatics,Water Polo,"4 × 200 metres Freestyle Relay, Men (Olympic)","Aquatics|Water Polo|4 × 200 metres Freestyle Relay, Men (Olympic)",REVIEW_EVENT,Semantic event key retained; no claim of row-by-row official extraction.,IOC Olympic results/programmes
855,4,Aquatics,Diving,Modern Pentathlon,Aquatics|Diving|Modern Pentathlon,REVIEW_EVENT,Semantic event key retained; no claim of row-by-row official extraction.,IOC Olympic results/programmes
856,4,Aquatics,Diving,"Individual, Men (Olympic)","Aquatics|Diving|Individual, Men (Olympic)",REVIEW_EVENT,Semantic event key retained; no claim of row-by-row official extraction.,IOC Olympic results/programmes
857,4,Aquatics,Diving,Art Competitions,Aquatics|Diving|Art Competitions,REVIEW_EVENT,Semantic event key retained; no claim of row-by-row official extraction.,IOC Olympic results/programmes
858,4,Aquatics,Diving,"Architecture, Designs For Town Planning, Open (Olympic)","Aquatics|Diving|Architecture, Designs For Town Planning, Open (Olympic)",REVIEW_EVENT,Semantic event key retained; no claim of row-by-row official extraction.,IOC Olympic results/programmes
859,6,Aquatics,Swimming,"300 metres Freestyle, Women (Olympic)","Aquatics|Swimming|300 metres Freestyle, Women (Olympic)",REVIEW_EVENT,Semantic event key retained; no claim of row-by-row official extraction.,IOC Olympic results/programmes
860,6,Aquatics,Swimming,"4,000 metres Freestyle, Men (Olympic)","Aquatics|Swimming|4,000 metres Freestyle, Men (Olympic)",REVIEW_EVENT,Semantic event key retained; no claim of row-by-row official extraction.,IOC Olympic results/programmes
861,6,Aquatics,Swimming,"200 metres Team Swimming, Men (Olympic)","Aquatics|Swimming|200 metres Team Swimming, Men (Olympic)",REVIEW_EVENT,Semantic event key retained; no claim of row-by-row official extraction.,IOC Olympic results/programmes
862,10,Athletics,Athletics,"Parallel Bars, Men (Olympic)","Athletics|Athletics|Parallel Bars, Men (Olympic)",REVIEW_EVENT,Semantic event key retained; no claim of row-by-row official extraction.,IOC Olympic results/programmes
863,4,Aquatics,Diving,"Team All-Around, Men (Olympic)","Aquatics|Diving|Team All-Around, Men (Olympic)",REVIEW_EVENT,Semantic event key retained; no claim of row-by-row official extraction.,IOC Olympic results/programmes
864,4,Aquatics,Diving,"4 × 250 metres Freestyle Relay, Men (Intercalated)","Aquatics|Diving|4 × 250 metres Freestyle Relay, Men (Intercalated)",REVIEW_EVENT,Semantic event key retained; no claim of row-by-row official extraction.,IOC Olympic results/programmes
865,6,Aquatics,Swimming,"50 yards Freestyle, Men (Olympic)","Aquatics|Swimming|50 yards Freestyle, Men (Olympic)",REVIEW_EVENT,Semantic event key retained; no claim of row-by-row official extraction.,IOC Olympic results/programmes
866,6,Aquatics,Swimming,"4 × 50 yards Freestyle Relay, Men (Olympic)","Aquatics|Swimming|4 × 50 yards Freestyle Relay, Men (Olympic)",REVIEW_EVENT,Semantic event key retained; no claim of row-by-row official extraction.,IOC Olympic results/programmes
867,6,Aquatics,Swimming,"100 yards Backstroke, Men (Olympic)","Aquatics|Swimming|100 yards Backstroke, Men (Olympic)",REVIEW_EVENT,Semantic event key retained; no claim of row-by-row official extraction.,IOC Olympic results/programmes
868,6,Aquatics,Swimming,"440 yards Breaststroke, Men (Olympic)","Aquatics|Swimming|440 yards Breaststroke, Men (Olympic)",REVIEW_EVENT,Semantic event key retained; no claim of row-by-row official extraction.,IOC Olympic results/programmes
869,4,Aquatics,Diving,"50 yards Freestyle, Men (Olympic)","Aquatics|Diving|50 yards Freestyle, Men (Olympic)",REVIEW_EVENT,Semantic event key retained; no claim of row-by-row official extraction.,IOC Olympic results/programmes
870,4,Aquatics,Diving,"100 yards Freestyle, Men (Olympic)","Aquatics|Diving|100 yards Freestyle, Men (Olympic)",REVIEW_EVENT,Semantic event key retained; no claim of row-by-row official extraction.,IOC Olympic results/programmes
871,4,Aquatics,Diving,"440 yards Freestyle, Men (Olympic)","Aquatics|Diving|440 yards Freestyle, Men (Olympic)",REVIEW_EVENT,Semantic event key retained; no claim of row-by-row official extraction.,IOC Olympic results/programmes
872,4,Aquatics,Diving,"4 × 50 yards Freestyle Relay, Men (Olympic)","Aquatics|Diving|4 × 50 yards Freestyle Relay, Men (Olympic)",REVIEW_EVENT,Semantic event key retained; no claim of row-by-row official extraction.,IOC Olympic results/programmes
873,4,Aquatics,Diving,"100 yards Backstroke, Men (Olympic)","Aquatics|Diving|100 yards Backstroke, Men (Olympic)",REVIEW_EVENT,Semantic event key retained; no claim of row-by-row official extraction.,IOC Olympic results/programmes
874,4,Aquatics,Diving,"440 yards Breaststroke, Men (Olympic)","Aquatics|Diving|440 yards Breaststroke, Men (Olympic)",REVIEW_EVENT,Semantic event key retained; no claim of row-by-row official extraction.,IOC Olympic results/programmes
875,4,Aquatics,Diving,"100 metres Freestyle, Men (Intercalated)","Aquatics|Diving|100 metres Freestyle, Men (Intercalated)",REVIEW_EVENT,Semantic event key retained; no claim of row-by-row official extraction.,IOC Olympic results/programmes
876,4,Aquatics,Diving,"400 metres Freestyle, Men (Intercalated)","Aquatics|Diving|400 metres Freestyle, Men (Intercalated)",REVIEW_EVENT,Semantic event key retained; no claim of row-by-row official extraction.,IOC Olympic results/programmes
877,4,Aquatics,Diving,"1 mile Freestyle, Men (Intercalated)","Aquatics|Diving|1 mile Freestyle, Men (Intercalated)",REVIEW_EVENT,Semantic event key retained; no claim of row-by-row official extraction.,IOC Olympic results/programmes
878,6,Aquatics,Swimming,"100 yards Freestyle, Men (Olympic)","Aquatics|Swimming|100 yards Freestyle, Men (Olympic)",REVIEW_EVENT,Semantic event key retained; no claim of row-by-row official extraction.,IOC Olympic results/programmes
879,6,Aquatics,Swimming,"220 yards Freestyle, Men (Olympic)","Aquatics|Swimming|220 yards Freestyle, Men (Olympic)",REVIEW_EVENT,Semantic event key retained; no claim of row-by-row official extraction.,IOC Olympic results/programmes
880,7,Aquatics,Water Polo,"200 metres Team Swimming, Men (Olympic)","Aquatics|Water Polo|200 metres Team Swimming, Men (Olympic)",REVIEW_EVENT,Semantic event key retained; no claim of row-by-row official extraction.,IOC Olympic results/programmes
881,6,Aquatics,Swimming,"100 metres Freestyle For Sailors, Men (Olympic)","Aquatics|Swimming|100 metres Freestyle For Sailors, Men (Olympic)",REVIEW_EVENT,Semantic event key retained; no claim of row-by-row official extraction.,IOC Olympic results/programmes
882,6,Aquatics,Swimming,"440 yards, Handicap, Men (Olympic (non-medal))","Aquatics|Swimming|440 yards, Handicap, Men (Olympic (non-medal))",REVIEW_EVENT,Semantic event key retained; no claim of row-by-row official extraction.,IOC Olympic results/programmes
883,4,Aquatics,Diving,"400 metres Freestyle, Men (Olympic)","Aquatics|Diving|400 metres Freestyle, Men (Olympic)",REVIEW_EVENT,Semantic event key retained; no claim of row-by-row official extraction.,IOC Olympic results/programmes
884,4,Aquatics,Diving,"1,500 metres Freestyle, Men (Olympic)","Aquatics|Diving|1,500 metres Freestyle, Men (Olympic)",REVIEW_EVENT,Semantic event key retained; no claim of row-by-row official extraction.,IOC Olympic results/programmes
885,97,Triathlon,Triathlon,"Olympic Distance, Women (Olympic)","Triathlon|Triathlon|Olympic Distance, Women (Olympic)",REVIEW_EVENT,Semantic event key retained; no claim of row-by-row official extraction.,IOC Olympic results/programmes
886,4,Aquatics,Diving,"200 metres Breaststroke, Women (Olympic)","Aquatics|Diving|200 metres Breaststroke, Women (Olympic)",REVIEW_EVENT,Semantic event key retained; no claim of row-by-row official extraction.,IOC Olympic results/programmes
887,6,Aquatics,Swimming,"Water Polo, Women (Olympic (non-medal))","Aquatics|Swimming|Water Polo, Women (Olympic (non-medal))",REVIEW_EVENT,Semantic event key retained; no claim of row-by-row official extraction.,IOC Olympic results/programmes
889,4,Aquatics,Diving,"400 metres Freestyle, Women (Olympic)","Aquatics|Diving|400 metres Freestyle, Women (Olympic)",REVIEW_EVENT,Semantic event key retained; no claim of row-by-row official extraction.,IOC Olympic results/programmes
890,4,Aquatics,Diving,"4 × 100 metres Freestyle Relay, Women (Olympic)","Aquatics|Diving|4 × 100 metres Freestyle Relay, Women (Olympic)",REVIEW_EVENT,Semantic event key retained; no claim of row-by-row official extraction.,IOC Olympic results/programmes
891,4,Aquatics,Diving,Water Polo (Aquatics),Aquatics|Diving|Water Polo (Aquatics),REVIEW_EVENT,Semantic event key retained; no claim of row-by-row official extraction.,IOC Olympic results/programmes
892,4,Aquatics,Diving,"Water Polo, Men (Olympic)","Aquatics|Diving|Water Polo, Men (Olympic)",REVIEW_EVENT,Semantic event key retained; no claim of row-by-row official extraction.,IOC Olympic results/programmes
893,10,Athletics,Athletics,Diving (Aquatics),Athletics|Athletics|Diving (Aquatics),REVIEW_EVENT,Semantic event key retained; no claim of row-by-row official extraction.,IOC Olympic results/programmes
894,10,Athletics,Athletics,"Platform, Men (Intercalated)","Athletics|Athletics|Platform, Men (Intercalated)",REVIEW_EVENT,Semantic event key retained; no claim of row-by-row official extraction.,IOC Olympic results/programmes
895,10,Athletics,Athletics,"100 metres Freestyle, Men (Intercalated)","Athletics|Athletics|100 metres Freestyle, Men (Intercalated)",REVIEW_EVENT,Semantic event key retained; no claim of row-by-row official extraction.,IOC Olympic results/programmes
896,4,Aquatics,Diving,"200 metres Breaststroke, Men (Olympic)","Aquatics|Diving|200 metres Breaststroke, Men (Olympic)",REVIEW_EVENT,Semantic event key retained; no claim of row-by-row official extraction.,IOC Olympic results/programmes
897,7,Aquatics,Water Polo,"1,500 metres Freestyle, Men (Olympic)","Aquatics|Water Polo|1,500 metres Freestyle, Men (Olympic)",REVIEW_EVENT,Semantic event key retained; no claim of row-by-row official extraction.,IOC Olympic results/programmes
898,4,Aquatics,Diving,"100 metres Backstroke, Women (Olympic)","Aquatics|Diving|100 metres Backstroke, Women (Olympic)",REVIEW_EVENT,Semantic event key retained; no claim of row-by-row official extraction.,IOC Olympic results/programmes
899,60,Modern Pentathlon,Modern Pentathlon,"Individual, Women (Olympic)","Modern Pentathlon|Modern Pentathlon|Individual, Women (Olympic)",REVIEW_EVENT,Semantic event key retained; no claim of row-by-row official extraction.,IOC Olympic results/programmes
900,6,Aquatics,Swimming,"Plunge For Distance, Men (Olympic)","Aquatics|Swimming|Plunge For Distance, Men (Olympic)",REVIEW_EVENT,Semantic event key retained; no claim of row-by-row official extraction.,IOC Olympic results/programmes
901,6,Aquatics,Swimming,"880 yards, Handicap, Men (Olympic (non-medal))","Aquatics|Swimming|880 yards, Handicap, Men (Olympic (non-medal))",REVIEW_EVENT,Semantic event key retained; no claim of row-by-row official extraction.,IOC Olympic results/programmes
902,6,Aquatics,Swimming,"220 yards, Handicap, Men (Olympic (non-medal))","Aquatics|Swimming|220 yards, Handicap, Men (Olympic (non-medal))",REVIEW_EVENT,Semantic event key retained; no claim of row-by-row official extraction.,IOC Olympic results/programmes
903,6,Aquatics,Swimming,"1 mile, Handicap, Men (Olympic (non-medal))","Aquatics|Swimming|1 mile, Handicap, Men (Olympic (non-medal))",REVIEW_EVENT,Semantic event key retained; no claim of row-by-row official extraction.,IOC Olympic results/programmes
904,4,Aquatics,Diving,"880 yards, Handicap, Men (Olympic (non-medal))","Aquatics|Diving|880 yards, Handicap, Men (Olympic (non-medal))",REVIEW_EVENT,Semantic event key retained; no claim of row-by-row official extraction.,IOC Olympic results/programmes
905,6,Aquatics,Swimming,"100 yards, Handicap, Men (Olympic (non-medal))","Aquatics|Swimming|100 yards, Handicap, Men (Olympic (non-medal))",REVIEW_EVENT,Semantic event key retained; no claim of row-by-row official extraction.,IOC Olympic results/programmes
906,99,Volleyball,Beach Volleyball,"Beach Volleyball, Men (Olympic)","Volleyball|Beach Volleyball|Beach Volleyball, Men (Olympic)",REVIEW_EVENT,Semantic event key retained; no claim of row-by-row official extraction.,IOC Olympic results/programmes
907,99,Volleyball,Beach Volleyball,"Beach Volleyball, Women (Olympic)","Volleyball|Beach Volleyball|Beach Volleyball, Women (Olympic)",REVIEW_EVENT,Semantic event key retained; no claim of row-by-row official extraction.,IOC Olympic results/programmes
908,100,Volleyball,Volleyball,"Volleyball, Women (Olympic)","Volleyball|Volleyball|Volleyball, Women (Olympic)",REVIEW_EVENT,Semantic event key retained; no claim of row-by-row official extraction.,IOC Olympic results/programmes
909,100,Volleyball,Volleyball,"Volleyball, Men (Olympic)","Volleyball|Volleyball|Volleyball, Men (Olympic)",REVIEW_EVENT,Semantic event key retained; no claim of row-by-row official extraction.,IOC Olympic results/programmes
910,7,Aquatics,Water Polo,"100 metres Backstroke, Men (Olympic)","Aquatics|Water Polo|100 metres Backstroke, Men (Olympic)",REVIEW_EVENT,Semantic event key retained; no claim of row-by-row official extraction.,IOC Olympic results/programmes
911,7,Aquatics,Water Polo,"200 metres Breaststroke, Men (Olympic)","Aquatics|Water Polo|200 metres Breaststroke, Men (Olympic)",REVIEW_EVENT,Semantic event key retained; no claim of row-by-row official extraction.,IOC Olympic results/programmes
912,7,Aquatics,Water Polo,"200 metres Backstroke, Men (Olympic)","Aquatics|Water Polo|200 metres Backstroke, Men (Olympic)",REVIEW_EVENT,Semantic event key retained; no claim of row-by-row official extraction.,IOC Olympic results/programmes
913,7,Aquatics,Water Polo,"200 metres Obstacle Course, Men (Olympic)","Aquatics|Water Polo|200 metres Obstacle Course, Men (Olympic)",REVIEW_EVENT,Semantic event key retained; no claim of row-by-row official extraction.,IOC Olympic results/programmes
914,42,Football,Football,Water Polo (Aquatics),Football|Football|Water Polo (Aquatics),REVIEW_EVENT,Semantic event key retained; no claim of row-by-row official extraction.,IOC Olympic results/programmes
915,42,Football,Football,"Water Polo, Men (Olympic)","Football|Football|Water Polo, Men (Olympic)",REVIEW_EVENT,Semantic event key retained; no claim of row-by-row official extraction.,IOC Olympic results/programmes
916,6,Aquatics,Swimming,Football (Football),Aquatics|Swimming|Football (Football),REVIEW_EVENT,Semantic event key retained; no claim of row-by-row official extraction.,IOC Olympic results/programmes
917,6,Aquatics,Swimming,"Football, Men (Olympic)","Aquatics|Swimming|Football, Men (Olympic)",REVIEW_EVENT,Semantic event key retained; no claim of row-by-row official extraction.,IOC Olympic results/programmes
918,101,Weightlifting,Weightlifting,"Bantamweight, Men (Olympic)","Weightlifting|Weightlifting|Bantamweight, Men (Olympic)",REVIEW_EVENT,Semantic event key retained; no claim of row-by-row official extraction.,IOC Olympic results/programmes
919,101,Weightlifting,Weightlifting,"Middle-Heavyweight, Men (Olympic)","Weightlifting|Weightlifting|Middle-Heavyweight, Men (Olympic)",REVIEW_EVENT,Semantic event key retained; no claim of row-by-row official extraction.,IOC Olympic results/programmes
920,101,Weightlifting,Weightlifting,"Lightweight, Men (Olympic)","Weightlifting|Weightlifting|Lightweight, Men (Olympic)",REVIEW_EVENT,Semantic event key retained; no claim of row-by-row official extraction.,IOC Olympic results/programmes
921,101,Weightlifting,Weightlifting,"Middleweight, Men (Olympic)","Weightlifting|Weightlifting|Middleweight, Men (Olympic)",REVIEW_EVENT,Semantic event key retained; no claim of row-by-row official extraction.,IOC Olympic results/programmes
922,101,Weightlifting,Weightlifting,"Light-Heavyweight, Men (Olympic)","Weightlifting|Weightlifting|Light-Heavyweight, Men (Olympic)",REVIEW_EVENT,Semantic event key retained; no claim of row-by-row official extraction.,IOC Olympic results/programmes
923,101,Weightlifting,Weightlifting,"Heavyweight II, Men (Olympic)","Weightlifting|Weightlifting|Heavyweight II, Men (Olympic)",REVIEW_EVENT,Semantic event key retained; no claim of row-by-row official extraction.,IOC Olympic results/programmes
924,101,Weightlifting,Weightlifting,"Heavyweight I, Men (Olympic)","Weightlifting|Weightlifting|Heavyweight I, Men (Olympic)",REVIEW_EVENT,Semantic event key retained; no claim of row-by-row official extraction.,IOC Olympic results/programmes
925,101,Weightlifting,Weightlifting,"Heavyweight, Men (Olympic)","Weightlifting|Weightlifting|Heavyweight, Men (Olympic)",REVIEW_EVENT,Semantic event key retained; no claim of row-by-row official extraction.,IOC Olympic results/programmes
926,101,Weightlifting,Weightlifting,"Super-Heavyweight, Men (Olympic)","Weightlifting|Weightlifting|Super-Heavyweight, Men (Olympic)",REVIEW_EVENT,Semantic event key retained; no claim of row-by-row official extraction.,IOC Olympic results/programmes
927,10,Athletics,Athletics,"Long Jump, Women (Olympic)","Athletics|Athletics|Long Jump, Women (Olympic)",REVIEW_EVENT,Semantic event key retained; no claim of row-by-row official extraction.,IOC Olympic results/programmes
928,10,Athletics,Athletics,"4 × 100 metres Relay, Women (Olympic)","Athletics|Athletics|4 × 100 metres Relay, Women (Olympic)",REVIEW_EVENT,Semantic event key retained; no claim of row-by-row official extraction.,IOC Olympic results/programmes
929,101,Weightlifting,Weightlifting,"Flyweight, Men (Olympic)","Weightlifting|Weightlifting|Flyweight, Men (Olympic)",REVIEW_EVENT,Semantic event key retained; no claim of row-by-row official extraction.,IOC Olympic results/programmes
930,101,Weightlifting,Weightlifting,Wrestling,Weightlifting|Weightlifting|Wrestling,REVIEW_EVENT,Semantic event key retained; no claim of row-by-row official extraction.,IOC Olympic results/programmes
931,101,Weightlifting,Weightlifting,"Light-Heavyweight, Freestyle, Men (Olympic)","Weightlifting|Weightlifting|Light-Heavyweight, Freestyle, Men (Olympic)",REVIEW_EVENT,Semantic event key retained; no claim of row-by-row official extraction.,IOC Olympic results/programmes
932,101,Weightlifting,Weightlifting,"Unlimited, One Hand, Men (Olympic)","Weightlifting|Weightlifting|Unlimited, One Hand, Men (Olympic)",REVIEW_EVENT,Semantic event key retained; no claim of row-by-row official extraction.,IOC Olympic results/programmes
934,103,Wrestling,Wrestling Freestyle,"Light-Heavyweight, Freestyle, Men (Olympic)","Wrestling|Wrestling Freestyle|Light-Heavyweight, Freestyle, Men (Olympic)",REVIEW_EVENT,Semantic event key retained; no claim of row-by-row official extraction.,IOC Olympic results/programmes
935,103,Wrestling,Wrestling Freestyle,"Lightweight, Freestyle, Men (Olympic)","Wrestling|Wrestling Freestyle|Lightweight, Freestyle, Men (Olympic)",REVIEW_EVENT,Semantic event key retained; no claim of row-by-row official extraction.,IOC Olympic results/programmes
936,10,Athletics,Athletics,"20 kilometres Race Walk, Women (Olympic)","Athletics|Athletics|20 kilometres Race Walk, Women (Olympic)",REVIEW_EVENT,Semantic event key retained; no claim of row-by-row official extraction.,IOC Olympic results/programmes
937,104,Wrestling,Wrestling Greco-Roman,"Featherweight, Greco-Roman, Men (Olympic)","Wrestling|Wrestling Greco-Roman|Featherweight, Greco-Roman, Men (Olympic)",REVIEW_EVENT,Semantic event key retained; no claim of row-by-row official extraction.,IOC Olympic results/programmes
938,101,Weightlifting,Weightlifting,Athletics,Weightlifting|Weightlifting|Athletics,REVIEW_EVENT,Semantic event key retained; no claim of row-by-row official extraction.,IOC Olympic results/programmes
939,101,Weightlifting,Weightlifting,"4 × 100 metres Relay, Men (Olympic)","Weightlifting|Weightlifting|4 × 100 metres Relay, Men (Olympic)",REVIEW_EVENT,Semantic event key retained; no claim of row-by-row official extraction.,IOC Olympic results/programmes
940,101,Weightlifting,Weightlifting,"Unlimited, Two Hands, Men (Olympic)","Weightlifting|Weightlifting|Unlimited, Two Hands, Men (Olympic)",REVIEW_EVENT,Semantic event key retained; no claim of row-by-row official extraction.,IOC Olympic results/programmes
941,101,Weightlifting,Weightlifting,"All-Around Dumbbell Contest, Men (Olympic)","Weightlifting|Weightlifting|All-Around Dumbbell Contest, Men (Olympic)",REVIEW_EVENT,Semantic event key retained; no claim of row-by-row official extraction.,IOC Olympic results/programmes
942,103,Wrestling,Wrestling Freestyle,"Featherweight, Freestyle, Men (Olympic)","Wrestling|Wrestling Freestyle|Featherweight, Freestyle, Men (Olympic)",REVIEW_EVENT,Semantic event key retained; no claim of row-by-row official extraction.,IOC Olympic results/programmes
943,103,Wrestling,Wrestling Freestyle,"Light-Flyweight, Freestyle, Men (Olympic)","Wrestling|Wrestling Freestyle|Light-Flyweight, Freestyle, Men (Olympic)",REVIEW_EVENT,Semantic event key retained; no claim of row-by-row official extraction.,IOC Olympic results/programmes
944,103,Wrestling,Wrestling Freestyle,"Bantamweight, Freestyle, Men (Olympic)","Wrestling|Wrestling Freestyle|Bantamweight, Freestyle, Men (Olympic)",REVIEW_EVENT,Semantic event key retained; no claim of row-by-row official extraction.,IOC Olympic results/programmes
945,103,Wrestling,Wrestling Freestyle,"Flyweight, Freestyle, Men (Olympic)","Wrestling|Wrestling Freestyle|Flyweight, Freestyle, Men (Olympic)",REVIEW_EVENT,Semantic event key retained; no claim of row-by-row official extraction.,IOC Olympic results/programmes
946,103,Wrestling,Wrestling Freestyle,"Middleweight, Freestyle, Men (Olympic)","Wrestling|Wrestling Freestyle|Middleweight, Freestyle, Men (Olympic)",REVIEW_EVENT,Semantic event key retained; no claim of row-by-row official extraction.,IOC Olympic results/programmes
947,104,Wrestling,Wrestling Greco-Roman,"Bantamweight, Greco-Roman, Men (Olympic)","Wrestling|Wrestling Greco-Roman|Bantamweight, Greco-Roman, Men (Olympic)",REVIEW_EVENT,Semantic event key retained; no claim of row-by-row official extraction.,IOC Olympic results/programmes
948,103,Wrestling,Wrestling Freestyle,"Heavyweight, Freestyle, Men (Olympic)","Wrestling|Wrestling Freestyle|Heavyweight, Freestyle, Men (Olympic)",REVIEW_EVENT,Semantic event key retained; no claim of row-by-row official extraction.,IOC Olympic results/programmes
949,104,Wrestling,Wrestling Greco-Roman,"Middleweight, Greco-Roman, Men (Olympic)","Wrestling|Wrestling Greco-Roman|Middleweight, Greco-Roman, Men (Olympic)",REVIEW_EVENT,Semantic event key retained; no claim of row-by-row official extraction.,IOC Olympic results/programmes
950,104,Wrestling,Wrestling Greco-Roman,"Super-Heavyweight, Greco-Roman, Men (Olympic)","Wrestling|Wrestling Greco-Roman|Super-Heavyweight, Greco-Roman, Men (Olympic)",REVIEW_EVENT,Semantic event key retained; no claim of row-by-row official extraction.,IOC Olympic results/programmes
951,103,Wrestling,Wrestling Freestyle,"Super-Heavyweight, Freestyle, Men (Olympic)","Wrestling|Wrestling Freestyle|Super-Heavyweight, Freestyle, Men (Olympic)",REVIEW_EVENT,Semantic event key retained; no claim of row-by-row official extraction.,IOC Olympic results/programmes
952,104,Wrestling,Wrestling Greco-Roman,"Heavyweight, Greco-Roman, Men (Olympic)","Wrestling|Wrestling Greco-Roman|Heavyweight, Greco-Roman, Men (Olympic)",REVIEW_EVENT,Semantic event key retained; no claim of row-by-row official extraction.,IOC Olympic results/programmes
953,104,Wrestling,Wrestling Greco-Roman,"Light-Heavyweight, Greco-Roman, Men (Olympic)","Wrestling|Wrestling Greco-Roman|Light-Heavyweight, Greco-Roman, Men (Olympic)",REVIEW_EVENT,Semantic event key retained; no claim of row-by-row official extraction.,IOC Olympic results/programmes
954,104,Wrestling,Wrestling Greco-Roman,"Flyweight, Greco-Roman, Men (Olympic)","Wrestling|Wrestling Greco-Roman|Flyweight, Greco-Roman, Men (Olympic)",REVIEW_EVENT,Semantic event key retained; no claim of row-by-row official extraction.,IOC Olympic results/programmes
955,104,Wrestling,Wrestling Greco-Roman,"Middleweight B, Greco-Roman, Men (Olympic)","Wrestling|Wrestling Greco-Roman|Middleweight B, Greco-Roman, Men (Olympic)",REVIEW_EVENT,Semantic event key retained; no claim of row-by-row official extraction.,IOC Olympic results/programmes
956,104,Wrestling,Wrestling Greco-Roman,"Middleweight A, Greco-Roman, Men (Olympic)","Wrestling|Wrestling Greco-Roman|Middleweight A, Greco-Roman, Men (Olympic)",REVIEW_EVENT,Semantic event key retained; no claim of row-by-row official extraction.,IOC Olympic results/programmes
957,104,Wrestling,Wrestling Greco-Roman,"Light-Flyweight, Greco-Roman, Men (Olympic)","Wrestling|Wrestling Greco-Roman|Light-Flyweight, Greco-Roman, Men (Olympic)",REVIEW_EVENT,Semantic event key retained; no claim of row-by-row official extraction.,IOC Olympic results/programmes
958,101,Weightlifting,Weightlifting,"Unlimited, One Hand, Men (Intercalated)","Weightlifting|Weightlifting|Unlimited, One Hand, Men (Intercalated)",REVIEW_EVENT,Semantic event key retained; no claim of row-by-row official extraction.,IOC Olympic results/programmes
959,101,Weightlifting,Weightlifting,"Unlimited, Two Hands, Men (Intercalated)","Weightlifting|Weightlifting|Unlimited, Two Hands, Men (Intercalated)",REVIEW_EVENT,Semantic event key retained; no claim of row-by-row official extraction.,IOC Olympic results/programmes
960,101,Weightlifting,Weightlifting,"Heavyweight, Greco-Roman, Men (Intercalated)","Weightlifting|Weightlifting|Heavyweight, Greco-Roman, Men (Intercalated)",REVIEW_EVENT,Semantic event key retained; no claim of row-by-row official extraction.,IOC Olympic results/programmes
961,101,Weightlifting,Weightlifting,"High Jump, Men (Intercalated)","Weightlifting|Weightlifting|High Jump, Men (Intercalated)",REVIEW_EVENT,Semantic event key retained; no claim of row-by-row official extraction.,IOC Olympic results/programmes
962,101,Weightlifting,Weightlifting,"Standing High Jump, Men (Intercalated)","Weightlifting|Weightlifting|Standing High Jump, Men (Intercalated)",REVIEW_EVENT,Semantic event key retained; no claim of row-by-row official extraction.,IOC Olympic results/programmes
963,101,Weightlifting,Weightlifting,"Pole Vault, Men (Intercalated)","Weightlifting|Weightlifting|Pole Vault, Men (Intercalated)",REVIEW_EVENT,Semantic event key retained; no claim of row-by-row official extraction.,IOC Olympic results/programmes
964,101,Weightlifting,Weightlifting,"Long Jump, Men (Intercalated)","Weightlifting|Weightlifting|Long Jump, Men (Intercalated)",REVIEW_EVENT,Semantic event key retained; no claim of row-by-row official extraction.,IOC Olympic results/programmes
965,101,Weightlifting,Weightlifting,"Standing Long Jump, Men (Intercalated)","Weightlifting|Weightlifting|Standing Long Jump, Men (Intercalated)",REVIEW_EVENT,Semantic event key retained; no claim of row-by-row official extraction.,IOC Olympic results/programmes
966,101,Weightlifting,Weightlifting,"Triple Jump, Men (Intercalated)","Weightlifting|Weightlifting|Triple Jump, Men (Intercalated)",REVIEW_EVENT,Semantic event key retained; no claim of row-by-row official extraction.,IOC Olympic results/programmes
967,104,Wrestling,Wrestling Greco-Roman,"Lightweight, Greco-Roman, Men (Intercalated)","Wrestling|Wrestling Greco-Roman|Lightweight, Greco-Roman, Men (Intercalated)",REVIEW_EVENT,Semantic event key retained; no claim of row-by-row official extraction.,IOC Olympic results/programmes
968,104,Wrestling,Wrestling Greco-Roman,"Heavyweight, Greco-Roman, Men (Intercalated)","Wrestling|Wrestling Greco-Roman|Heavyweight, Greco-Roman, Men (Intercalated)",REVIEW_EVENT,Semantic event key retained; no claim of row-by-row official extraction.,IOC Olympic results/programmes
969,104,Wrestling,Wrestling Greco-Roman,"All-Around, Greco-Roman, Men (Intercalated)","Wrestling|Wrestling Greco-Roman|All-Around, Greco-Roman, Men (Intercalated)",REVIEW_EVENT,Semantic event key retained; no claim of row-by-row official extraction.,IOC Olympic results/programmes
970,104,Wrestling,Wrestling Greco-Roman,"Middleweight, Greco-Roman, Men (Intercalated)","Wrestling|Wrestling Greco-Roman|Middleweight, Greco-Roman, Men (Intercalated)",REVIEW_EVENT,Semantic event key retained; no claim of row-by-row official extraction.,IOC Olympic results/programmes
971,104,Wrestling,Wrestling Greco-Roman,"Unlimited Class, Greco-Roman, Men (Olympic)","Wrestling|Wrestling Greco-Roman|Unlimited Class, Greco-Roman, Men (Olympic)",REVIEW_EVENT,Semantic event key retained; no claim of row-by-row official extraction.,IOC Olympic results/programmes
972,43,Glíma,Glíma,Glíma,Glíma|Glíma|Glíma,REVIEW_EVENT,Semantic event key retained; no claim of row-by-row official extraction.,IOC Olympic results/programmes
973,67,Olympic (non-medal),"Glíma, Men","Glíma, Men (Olympic (non-medal))","Olympic (non-medal)|Glíma, Men|Glíma, Men (Olympic (non-medal))",REVIEW_EVENT,Semantic event key retained; no claim of row-by-row official extraction.,IOC Olympic results/programmes
974,43,Glíma,Glíma,"Glíma, Men (Olympic (non-medal))","Glíma|Glíma|Glíma, Men (Olympic (non-medal))",REVIEW_EVENT,Semantic event key retained; no claim of row-by-row official extraction.,IOC Olympic results/programmes
975,10,Athletics,Athletics,Athletics,Athletics|Athletics|Athletics,REVIEW_EVENT,Semantic event key retained; no claim of row-by-row official extraction.,IOC Olympic results/programmes
976,65,Olympic (non-medal),"880 yards, Handicap, Men","880 yards, Handicap, Men (Olympic (non-medal))","Olympic (non-medal)|880 yards, Handicap, Men|880 yards, Handicap, Men (Olympic (non-medal))",REVIEW_EVENT,Semantic event key retained; no claim of row-by-row official extraction.,IOC Olympic results/programmes
977,74,Rowing,Rowing,Rowing,Rowing|Rowing|Rowing,REVIEW_EVENT,Semantic event key retained; no claim of row-by-row official extraction.,IOC Olympic results/programmes
978,66,Olympic (non-medal),"Double Sculls, Intermediate, Men","Double Sculls, Intermediate, Men (Olympic (non-medal))","Olympic (non-medal)|Double Sculls, Intermediate, Men|Double Sculls, Intermediate, Men (Olympic (non-medal))",REVIEW_EVENT,Semantic event key retained; no claim of row-by-row official extraction.,IOC Olympic results/programmes
979,68,Olympic (non-medal),"Shot Put, Handicap, Men","Shot Put, Handicap, Men (Olympic (non-medal))","Olympic (non-medal)|Shot Put, Handicap, Men|Shot Put, Handicap, Men (Olympic (non-medal))",REVIEW_EVENT,Semantic event key retained; no claim of row-by-row official extraction.,IOC Olympic results/programmes
980,77,Sailing,Sailing,"Two Person Dinghy, Women (Olympic)","Sailing|Sailing|Two Person Dinghy, Women (Olympic)",REVIEW_EVENT,Semantic event key retained; no claim of row-by-row official extraction.,IOC Olympic results/programmes
981,77,Sailing,Sailing,"Windsurfer, Women (Olympic)","Sailing|Sailing|Windsurfer, Women (Olympic)",REVIEW_EVENT,Semantic event key retained; no claim of row-by-row official extraction.,IOC Olympic results/programmes
982,77,Sailing,Sailing,"One Person Dinghy, Women (Olympic)","Sailing|Sailing|One Person Dinghy, Women (Olympic)",REVIEW_EVENT,Semantic event key retained; no claim of row-by-row official extraction.,IOC Olympic results/programmes
983,77,Sailing,Sailing,"Multihull, Open (Olympic)","Sailing|Sailing|Multihull, Open (Olympic)",REVIEW_EVENT,Semantic event key retained; no claim of row-by-row official extraction.,IOC Olympic results/programmes
984,77,Sailing,Sailing,"Three Person Keelboat, Women (Olympic)","Sailing|Sailing|Three Person Keelboat, Women (Olympic)",REVIEW_EVENT,Semantic event key retained; no claim of row-by-row official extraction.,IOC Olympic results/programmes
985,77,Sailing,Sailing,"Two Person Dinghy, Open (Olympic)","Sailing|Sailing|Two Person Dinghy, Open (Olympic)",REVIEW_EVENT,Semantic event key retained; no claim of row-by-row official extraction.,IOC Olympic results/programmes
986,77,Sailing,Sailing,"5.5 metres, Open (Olympic)","Sailing|Sailing|5.5 metres, Open (Olympic)",REVIEW_EVENT,Semantic event key retained; no claim of row-by-row official extraction.,IOC Olympic results/programmes
987,77,Sailing,Sailing,"7 metres, Open (Olympic)","Sailing|Sailing|7 metres, Open (Olympic)",REVIEW_EVENT,Semantic event key retained; no claim of row-by-row official extraction.,IOC Olympic results/programmes
988,77,Sailing,Sailing,"Two Person Heavyweight Dinghy, Open (Olympic)","Sailing|Sailing|Two Person Heavyweight Dinghy, Open (Olympic)",REVIEW_EVENT,Semantic event key retained; no claim of row-by-row official extraction.,IOC Olympic results/programmes
989,77,Sailing,Sailing,"Windsurfer, Men (Olympic)","Sailing|Sailing|Windsurfer, Men (Olympic)",REVIEW_EVENT,Semantic event key retained; no claim of row-by-row official extraction.,IOC Olympic results/programmes
990,77,Sailing,Sailing,"One Person Dinghy, Men (Olympic)","Sailing|Sailing|One Person Dinghy, Men (Olympic)",REVIEW_EVENT,Semantic event key retained; no claim of row-by-row official extraction.,IOC Olympic results/programmes
991,77,Sailing,Sailing,"One Person Heavyweight Dinghy, Men (Olympic)","Sailing|Sailing|One Person Heavyweight Dinghy, Men (Olympic)",REVIEW_EVENT,Semantic event key retained; no claim of row-by-row official extraction.,IOC Olympic results/programmes
992,77,Sailing,Sailing,"Windsurfer, Open (Olympic)","Sailing|Sailing|Windsurfer, Open (Olympic)",REVIEW_EVENT,Semantic event key retained; no claim of row-by-row official extraction.,IOC Olympic results/programmes
993,77,Sailing,Sailing,"Open, Open (Olympic)","Sailing|Sailing|Open, Open (Olympic)",REVIEW_EVENT,Semantic event key retained; no claim of row-by-row official extraction.,IOC Olympic results/programmes
994,77,Sailing,Sailing,"1-2 Ton, Open (Olympic)","Sailing|Sailing|1-2 Ton, Open (Olympic)",REVIEW_EVENT,Semantic event key retained; no claim of row-by-row official extraction.,IOC Olympic results/programmes
995,77,Sailing,Sailing,"12 metres, Open (Olympic)","Sailing|Sailing|12 metres, Open (Olympic)",REVIEW_EVENT,Semantic event key retained; no claim of row-by-row official extraction.,IOC Olympic results/programmes
996,77,Sailing,Sailing,"40 metres², Open (Olympic)","Sailing|Sailing|40 metres², Open (Olympic)",REVIEW_EVENT,Semantic event key retained; no claim of row-by-row official extraction.,IOC Olympic results/programmes
997,77,Sailing,Sailing,"Two Person Dinghy, Men (Olympic)","Sailing|Sailing|Two Person Dinghy, Men (Olympic)",REVIEW_EVENT,Semantic event key retained; no claim of row-by-row official extraction.,IOC Olympic results/programmes
998,77,Sailing,Sailing,"10 metres, Open (Olympic)","Sailing|Sailing|10 metres, Open (Olympic)",REVIEW_EVENT,Semantic event key retained; no claim of row-by-row official extraction.,IOC Olympic results/programmes
999,77,Sailing,Sailing,"½-1 Ton, Open (Olympic)","Sailing|Sailing|½-1 Ton, Open (Olympic)",REVIEW_EVENT,Semantic event key retained; no claim of row-by-row official extraction.,IOC Olympic results/programmes
1000,9,Art Competitions,Art Competitions,"Music, Compositions For Orchestra, Open (Olympic)","Art Competitions|Art Competitions|Music, Compositions For Orchestra, Open (Olympic)",REVIEW_EVENT,Semantic event key retained; no claim of row-by-row official extraction.,IOC Olympic results/programmes
1001,77,Sailing,Sailing,"Two Person Keelboat, Men (Olympic)","Sailing|Sailing|Two Person Keelboat, Men (Olympic)",REVIEW_EVENT,Semantic event key retained; no claim of row-by-row official extraction.,IOC Olympic results/programmes
1002,77,Sailing,Sailing,"30 metres², Open (Olympic)","Sailing|Sailing|30 metres², Open (Olympic)",REVIEW_EVENT,Semantic event key retained; no claim of row-by-row official extraction.,IOC Olympic results/programmes
1003,77,Sailing,Sailing,"12 foot, Open (Olympic)","Sailing|Sailing|12 foot, Open (Olympic)",REVIEW_EVENT,Semantic event key retained; no claim of row-by-row official extraction.,IOC Olympic results/programmes
1004,77,Sailing,Sailing,"10-20 Ton, Open (Olympic)","Sailing|Sailing|10-20 Ton, Open (Olympic)",REVIEW_EVENT,Semantic event key retained; no claim of row-by-row official extraction.,IOC Olympic results/programmes
1005,77,Sailing,Sailing,"2-3 Ton, Open (Olympic)","Sailing|Sailing|2-3 Ton, Open (Olympic)",REVIEW_EVENT,Semantic event key retained; no claim of row-by-row official extraction.,IOC Olympic results/programmes
1006,77,Sailing,Sailing,"Skiff, Open (Olympic)","Sailing|Sailing|Skiff, Open (Olympic)",REVIEW_EVENT,Semantic event key retained; no claim of row-by-row official extraction.,IOC Olympic results/programmes
1007,77,Sailing,Sailing,"0-½ Ton, Open (Olympic)","Sailing|Sailing|0-½ Ton, Open (Olympic)",REVIEW_EVENT,Semantic event key retained; no claim of row-by-row official extraction.,IOC Olympic results/programmes
1008,77,Sailing,Sailing,"20+ Ton, Open (Olympic)","Sailing|Sailing|20+ Ton, Open (Olympic)",REVIEW_EVENT,Semantic event key retained; no claim of row-by-row official extraction.,IOC Olympic results/programmes
1009,77,Sailing,Sailing,"6.5 metres, Open (Olympic)","Sailing|Sailing|6.5 metres, Open (Olympic)",REVIEW_EVENT,Semantic event key retained; no claim of row-by-row official extraction.,IOC Olympic results/programmes
1010,77,Sailing,Sailing,"3-10 Ton, Open (Olympic)","Sailing|Sailing|3-10 Ton, Open (Olympic)",REVIEW_EVENT,Semantic event key retained; no claim of row-by-row official extraction.,IOC Olympic results/programmes
1011,77,Sailing,Sailing,"Windsurfer, Men (Olympic (non-medal))","Sailing|Sailing|Windsurfer, Men (Olympic (non-medal))",REVIEW_EVENT,Semantic event key retained; no claim of row-by-row official extraction.,IOC Olympic results/programmes
1012,77,Sailing,Sailing,"Multihull, Mixed (Olympic)","Sailing|Sailing|Multihull, Mixed (Olympic)",REVIEW_EVENT,Semantic event key retained; no claim of row-by-row official extraction.,IOC Olympic results/programmes
1013,10,Athletics,Athletics,"400 metres Hurdles, Men (Olympic)","Athletics|Athletics|400 metres Hurdles, Men (Olympic)",REVIEW_EVENT,Semantic event key retained; no claim of row-by-row official extraction.,IOC Olympic results/programmes
1014,10,Athletics,Athletics,"200 metres, Women (Olympic)","Athletics|Athletics|200 metres, Women (Olympic)",REVIEW_EVENT,Semantic event key retained; no claim of row-by-row official extraction.,IOC Olympic results/programmes
1015,10,Athletics,Athletics,"800 metres, Women (Olympic)","Athletics|Athletics|800 metres, Women (Olympic)",REVIEW_EVENT,Semantic event key retained; no claim of row-by-row official extraction.,IOC Olympic results/programmes
1016,10,Athletics,Athletics,"1,500 metres, Women (Olympic)","Athletics|Athletics|1,500 metres, Women (Olympic)",REVIEW_EVENT,Semantic event key retained; no claim of row-by-row official extraction.,IOC Olympic results/programmes
1017,10,Athletics,Athletics,"Javelin Throw, Women (Olympic)","Athletics|Athletics|Javelin Throw, Women (Olympic)",REVIEW_EVENT,Semantic event key retained; no claim of row-by-row official extraction.,IOC Olympic results/programmes
1018,10,Athletics,Athletics,"Heptathlon, Women (Olympic)","Athletics|Athletics|Heptathlon, Women (Olympic)",REVIEW_EVENT,Semantic event key retained; no claim of row-by-row official extraction.,IOC Olympic results/programmes
1019,10,Athletics,Athletics,"3,000 metres Steeplechase, Men (Olympic)","Athletics|Athletics|3,000 metres Steeplechase, Men (Olympic)",REVIEW_EVENT,Semantic event key retained; no claim of row-by-row official extraction.,IOC Olympic results/programmes
1020,10,Athletics,Athletics,"5,000 metres, Men (Olympic)","Athletics|Athletics|5,000 metres, Men (Olympic)",REVIEW_EVENT,Semantic event key retained; no claim of row-by-row official extraction.,IOC Olympic results/programmes
1021,10,Athletics,Athletics,"20 kilometres Race Walk, Men (Olympic)","Athletics|Athletics|20 kilometres Race Walk, Men (Olympic)",VERIFIED_EVENT,Priority event used in the mandatory historical checks.,IOC Olympic results/programmes
1022,10,Athletics,Athletics,"50 kilometres Race Walk, Men (Olympic)","Athletics|Athletics|50 kilometres Race Walk, Men (Olympic)",VERIFIED_EVENT,Priority event used in the mandatory historical checks.,IOC Olympic results/programmes
1023,10,Athletics,Athletics,"10,000 metres, Men (Olympic)","Athletics|Athletics|10,000 metres, Men (Olympic)",REVIEW_EVENT,Semantic event key retained; no claim of row-by-row official extraction.,IOC Olympic results/programmes
1024,10,Athletics,Athletics,"High Jump, Women (Olympic)","Athletics|Athletics|High Jump, Women (Olympic)",REVIEW_EVENT,Semantic event key retained; no claim of row-by-row official extraction.,IOC Olympic results/programmes
1025,10,Athletics,Athletics,"100 metres, Women (Olympic)","Athletics|Athletics|100 metres, Women (Olympic)",REVIEW_EVENT,Semantic event key retained; no claim of row-by-row official extraction.,IOC Olympic results/programmes
1026,10,Athletics,Athletics,"Discus Throw, Women (Olympic)","Athletics|Athletics|Discus Throw, Women (Olympic)",REVIEW_EVENT,Semantic event key retained; no claim of row-by-row official extraction.,IOC Olympic results/programmes
1027,10,Athletics,Athletics,"100 metres Hurdles, Women (Olympic)","Athletics|Athletics|100 metres Hurdles, Women (Olympic)",REVIEW_EVENT,Semantic event key retained; no claim of row-by-row official extraction.,IOC Olympic results/programmes
1028,10,Athletics,Athletics,"10,000 metres, Women (Olympic)","Athletics|Athletics|10,000 metres, Women (Olympic)",REVIEW_EVENT,Semantic event key retained; no claim of row-by-row official extraction.,IOC Olympic results/programmes
1029,10,Athletics,Athletics,"Marathon, Women (Olympic)","Athletics|Athletics|Marathon, Women (Olympic)",REVIEW_EVENT,Semantic event key retained; no claim of row-by-row official extraction.,IOC Olympic results/programmes
1030,10,Athletics,Athletics,"Shot Put, Women (Olympic)","Athletics|Athletics|Shot Put, Women (Olympic)",REVIEW_EVENT,Semantic event key retained; no claim of row-by-row official extraction.,IOC Olympic results/programmes
1031,10,Athletics,Athletics,"80 metres Hurdles, Women (Olympic)","Athletics|Athletics|80 metres Hurdles, Women (Olympic)",REVIEW_EVENT,Semantic event key retained; no claim of row-by-row official extraction.,IOC Olympic results/programmes
1032,10,Athletics,Athletics,"Hammer Throw, Women (Olympic)","Athletics|Athletics|Hammer Throw, Women (Olympic)",REVIEW_EVENT,Semantic event key retained; no claim of row-by-row official extraction.,IOC Olympic results/programmes
1033,10,Athletics,Athletics,"5,000 metres, Women (Olympic)","Athletics|Athletics|5,000 metres, Women (Olympic)",REVIEW_EVENT,Semantic event key retained; no claim of row-by-row official extraction.,IOC Olympic results/programmes
1034,10,Athletics,Athletics,"10 kilometres Race Walk, Women (Olympic)","Athletics|Athletics|10 kilometres Race Walk, Women (Olympic)",REVIEW_EVENT,Semantic event key retained; no claim of row-by-row official extraction.,IOC Olympic results/programmes
1035,10,Athletics,Athletics,"400 metres Hurdles, Women (Olympic)","Athletics|Athletics|400 metres Hurdles, Women (Olympic)",REVIEW_EVENT,Semantic event key retained; no claim of row-by-row official extraction.,IOC Olympic results/programmes
1036,10,Athletics,Athletics,"Pentathlon, Women (Olympic)","Athletics|Athletics|Pentathlon, Women (Olympic)",REVIEW_EVENT,Semantic event key retained; no claim of row-by-row official extraction.,IOC Olympic results/programmes
1037,10,Athletics,Athletics,"5 miles, Men (Olympic)","Athletics|Athletics|5 miles, Men (Olympic)",REVIEW_EVENT,Semantic event key retained; no claim of row-by-row official extraction.,IOC Olympic results/programmes
1038,10,Athletics,Athletics,"10 miles Race Walk, Men (Olympic)","Athletics|Athletics|10 miles Race Walk, Men (Olympic)",REVIEW_EVENT,Semantic event key retained; no claim of row-by-row official extraction.,IOC Olympic results/programmes
1039,10,Athletics,Athletics,"10 kilometres Race Walk, Men (Olympic)","Athletics|Athletics|10 kilometres Race Walk, Men (Olympic)",REVIEW_EVENT,Semantic event key retained; no claim of row-by-row official extraction.,IOC Olympic results/programmes
1040,10,Athletics,Athletics,"400 metres, Men (Intercalated)","Athletics|Athletics|400 metres, Men (Intercalated)",REVIEW_EVENT,Semantic event key retained; no claim of row-by-row official extraction.,IOC Olympic results/programmes
1041,10,Athletics,Athletics,"800 metres, Men (Intercalated)","Athletics|Athletics|800 metres, Men (Intercalated)",REVIEW_EVENT,Semantic event key retained; no claim of row-by-row official extraction.,IOC Olympic results/programmes
1042,10,Athletics,Athletics,"1,500 metres, Men (Intercalated)","Athletics|Athletics|1,500 metres, Men (Intercalated)",REVIEW_EVENT,Semantic event key retained; no claim of row-by-row official extraction.,IOC Olympic results/programmes
1043,10,Athletics,Athletics,"5 miles, Men (Intercalated)","Athletics|Athletics|5 miles, Men (Intercalated)",REVIEW_EVENT,Semantic event key retained; no claim of row-by-row official extraction.,IOC Olympic results/programmes
1044,10,Athletics,Athletics,Boxing,Athletics|Athletics|Boxing,REVIEW_EVENT,Semantic event key retained; no claim of row-by-row official extraction.,IOC Olympic results/programmes
1045,10,Athletics,Athletics,"Lightweight, Men (Olympic)","Athletics|Athletics|Lightweight, Men (Olympic)",REVIEW_EVENT,Semantic event key retained; no claim of row-by-row official extraction.,IOC Olympic results/programmes
1046,10,Athletics,Athletics,"Pentathlon, Men (Olympic)","Athletics|Athletics|Pentathlon, Men (Olympic)",REVIEW_EVENT,Semantic event key retained; no claim of row-by-row official extraction.,IOC Olympic results/programmes
1047,10,Athletics,Athletics,"100 yards, Handicap, Men (Olympic (non-medal))","Athletics|Athletics|100 yards, Handicap, Men (Olympic (non-medal))",REVIEW_EVENT,Semantic event key retained; no claim of row-by-row official extraction.,IOC Olympic results/programmes
1048,10,Athletics,Athletics,"120 yards Hurdles, Handicap, Men (Olympic (non-medal))","Athletics|Athletics|120 yards Hurdles, Handicap, Men (Olympic (non-medal))",REVIEW_EVENT,Semantic event key retained; no claim of row-by-row official extraction.,IOC Olympic results/programmes
1049,10,Athletics,Athletics,"Standing High Jump, Men (Olympic)","Athletics|Athletics|Standing High Jump, Men (Olympic)",REVIEW_EVENT,Semantic event key retained; no claim of row-by-row official extraction.,IOC Olympic results/programmes
1050,10,Athletics,Athletics,"3,500 metres Race Walk, Men (Olympic)","Athletics|Athletics|3,500 metres Race Walk, Men (Olympic)",REVIEW_EVENT,Semantic event key retained; no claim of row-by-row official extraction.,IOC Olympic results/programmes
1051,10,Athletics,Athletics,"Cross-Country, Individual, Men (Olympic)","Athletics|Athletics|Cross-Country, Individual, Men (Olympic)",REVIEW_EVENT,Semantic event key retained; no claim of row-by-row official extraction.,IOC Olympic results/programmes
1052,10,Athletics,Athletics,"3,000 metres Race Walk, Men (Olympic)","Athletics|Athletics|3,000 metres Race Walk, Men (Olympic)",REVIEW_EVENT,Semantic event key retained; no claim of row-by-row official extraction.,IOC Olympic results/programmes
1053,10,Athletics,Athletics,"60 metres, Men (Olympic)","Athletics|Athletics|60 metres, Men (Olympic)",REVIEW_EVENT,Semantic event key retained; no claim of row-by-row official extraction.,IOC Olympic results/programmes
1054,10,Athletics,Athletics,"100 metres, Handicap, Men (Olympic (non-medal))","Athletics|Athletics|100 metres, Handicap, Men (Olympic (non-medal))",REVIEW_EVENT,Semantic event key retained; no claim of row-by-row official extraction.,IOC Olympic results/programmes
1055,10,Athletics,Athletics,"5,000 metres, Team, Men (Olympic)","Athletics|Athletics|5,000 metres, Team, Men (Olympic)",REVIEW_EVENT,Semantic event key retained; no claim of row-by-row official extraction.,IOC Olympic results/programmes
1056,10,Athletics,Athletics,"Discus Throw, Both Hands, Men (Olympic)","Athletics|Athletics|Discus Throw, Both Hands, Men (Olympic)",REVIEW_EVENT,Semantic event key retained; no claim of row-by-row official extraction.,IOC Olympic results/programmes
1057,10,Athletics,Athletics,"Discus Throw, Greek Style, Men (Olympic)","Athletics|Athletics|Discus Throw, Greek Style, Men (Olympic)",REVIEW_EVENT,Semantic event key retained; no claim of row-by-row official extraction.,IOC Olympic results/programmes
1058,10,Athletics,Athletics,"2,500 metres Steeplechase, Men (Olympic)","Athletics|Athletics|2,500 metres Steeplechase, Men (Olympic)",REVIEW_EVENT,Semantic event key retained; no claim of row-by-row official extraction.,IOC Olympic results/programmes
1059,10,Athletics,Athletics,"2,500 metres Steeplechase, Handicap, Men (Olympic (non-medal))","Athletics|Athletics|2,500 metres Steeplechase, Handicap, Men (Olympic (non-medal))",REVIEW_EVENT,Semantic event key retained; no claim of row-by-row official extraction.,IOC Olympic results/programmes
1060,10,Athletics,Athletics,"3,200 metres Steeplechase, Men (Olympic)","Athletics|Athletics|3,200 metres Steeplechase, Men (Olympic)",REVIEW_EVENT,Semantic event key retained; no claim of row-by-row official extraction.,IOC Olympic results/programmes
1061,10,Athletics,Athletics,"3,000 metres, Team, Men (Olympic)","Athletics|Athletics|3,000 metres, Team, Men (Olympic)",REVIEW_EVENT,Semantic event key retained; no claim of row-by-row official extraction.,IOC Olympic results/programmes
1062,10,Athletics,Athletics,"Cross-Country, Team, Men (Olympic)","Athletics|Athletics|Cross-Country, Team, Men (Olympic)",REVIEW_EVENT,Semantic event key retained; no claim of row-by-row official extraction.,IOC Olympic results/programmes
1063,10,Athletics,Athletics,"Standing Triple Jump, Men (Olympic)","Athletics|Athletics|Standing Triple Jump, Men (Olympic)",REVIEW_EVENT,Semantic event key retained; no claim of row-by-row official extraction.,IOC Olympic results/programmes
1064,10,Athletics,Athletics,"Javelin Throw, Freestyle, Men (Intercalated)","Athletics|Athletics|Javelin Throw, Freestyle, Men (Intercalated)",REVIEW_EVENT,Semantic event key retained; no claim of row-by-row official extraction.,IOC Olympic results/programmes
1065,10,Athletics,Athletics,"Javelin Throw, Freestyle, Men (Olympic)","Athletics|Athletics|Javelin Throw, Freestyle, Men (Olympic)",REVIEW_EVENT,Semantic event key retained; no claim of row-by-row official extraction.,IOC Olympic results/programmes
1066,10,Athletics,Athletics,Wrestling,Athletics|Athletics|Wrestling,REVIEW_EVENT,Semantic event key retained; no claim of row-by-row official extraction.,IOC Olympic results/programmes
1067,10,Athletics,Athletics,"Light-Heavyweight, Greco-Roman, Men (Olympic)","Athletics|Athletics|Light-Heavyweight, Greco-Roman, Men (Olympic)",REVIEW_EVENT,Semantic event key retained; no claim of row-by-row official extraction.,IOC Olympic results/programmes
1068,10,Athletics,Athletics,"1,600 metres Medley Relay, Men (Olympic)","Athletics|Athletics|1,600 metres Medley Relay, Men (Olympic)",REVIEW_EVENT,Semantic event key retained; no claim of row-by-row official extraction.,IOC Olympic results/programmes
1069,10,Athletics,Athletics,"1 mile, Handicap, Men (Olympic (non-medal))","Athletics|Athletics|1 mile, Handicap, Men (Olympic (non-medal))",REVIEW_EVENT,Semantic event key retained; no claim of row-by-row official extraction.,IOC Olympic results/programmes
1070,10,Athletics,Athletics,"56-pound Weight Throw, Handicap, Men (Olympic (non-medal))","Athletics|Athletics|56-pound Weight Throw, Handicap, Men (Olympic (non-medal))",REVIEW_EVENT,Semantic event key retained; no claim of row-by-row official extraction.,IOC Olympic results/programmes
1071,10,Athletics,Athletics,"Pole Vault, Handicap, Men (Olympic (non-medal))","Athletics|Athletics|Pole Vault, Handicap, Men (Olympic (non-medal))",REVIEW_EVENT,Semantic event key retained; no claim of row-by-row official extraction.,IOC Olympic results/programmes
1072,10,Athletics,Athletics,"Heavyweight, Men (Olympic)","Athletics|Athletics|Heavyweight, Men (Olympic)",REVIEW_EVENT,Semantic event key retained; no claim of row-by-row official extraction.,IOC Olympic results/programmes
1073,10,Athletics,Athletics,"200 metres Hurdles, Men (Olympic)","Athletics|Athletics|200 metres Hurdles, Men (Olympic)",REVIEW_EVENT,Semantic event key retained; no claim of row-by-row official extraction.,IOC Olympic results/programmes
1074,10,Athletics,Athletics,"4,000 metres Steeplechase, Men (Olympic)","Athletics|Athletics|4,000 metres Steeplechase, Men (Olympic)",REVIEW_EVENT,Semantic event key retained; no claim of row-by-row official extraction.,IOC Olympic results/programmes
1075,10,Athletics,Athletics,"1,500 metres, Handicap, Men (Olympic (non-medal))","Athletics|Athletics|1,500 metres, Handicap, Men (Olympic (non-medal))",REVIEW_EVENT,Semantic event key retained; no claim of row-by-row official extraction.,IOC Olympic results/programmes
1076,10,Athletics,Athletics,"440 yards, Handicap, Men (Olympic (non-medal))","Athletics|Athletics|440 yards, Handicap, Men (Olympic (non-medal))",REVIEW_EVENT,Semantic event key retained; no claim of row-by-row official extraction.,IOC Olympic results/programmes
1077,10,Athletics,Athletics,"880 yards, Handicap, Men (Olympic (non-medal))","Athletics|Athletics|880 yards, Handicap, Men (Olympic (non-medal))",REVIEW_EVENT,Semantic event key retained; no claim of row-by-row official extraction.,IOC Olympic results/programmes
1078,101,Weightlifting,Weightlifting,"Heavyweight, Women (Olympic)","Weightlifting|Weightlifting|Heavyweight, Women (Olympic)",REVIEW_EVENT,Semantic event key retained; no claim of row-by-row official extraction.,IOC Olympic results/programmes
1079,10,Athletics,Athletics,"800 metres, Handicap, Men (Olympic (non-medal))","Athletics|Athletics|800 metres, Handicap, Men (Olympic (non-medal))",REVIEW_EVENT,Semantic event key retained; no claim of row-by-row official extraction.,IOC Olympic results/programmes
1080,6,Aquatics,Swimming,Athletics,Aquatics|Swimming|Athletics,REVIEW_EVENT,Semantic event key retained; no claim of row-by-row official extraction.,IOC Olympic results/programmes
1081,6,Aquatics,Swimming,"Shot Put, Men (Olympic)","Aquatics|Swimming|Shot Put, Men (Olympic)",REVIEW_EVENT,Semantic event key retained; no claim of row-by-row official extraction.,IOC Olympic results/programmes
1082,6,Aquatics,Swimming,"Discus Throw, Men (Olympic)","Aquatics|Swimming|Discus Throw, Men (Olympic)",REVIEW_EVENT,Semantic event key retained; no claim of row-by-row official extraction.,IOC Olympic results/programmes
1083,10,Athletics,Athletics,"3,000 metres Steeplechase, Women (Olympic)","Athletics|Athletics|3,000 metres Steeplechase, Women (Olympic)",REVIEW_EVENT,Semantic event key retained; no claim of row-by-row official extraction.,IOC Olympic results/programmes
1084,10,Athletics,Athletics,"Shot Put, Both Hands, Men (Olympic)","Athletics|Athletics|Shot Put, Both Hands, Men (Olympic)",REVIEW_EVENT,Semantic event key retained; no claim of row-by-row official extraction.,IOC Olympic results/programmes
1085,10,Athletics,Athletics,"Stone Throw, Men (Intercalated)","Athletics|Athletics|Stone Throw, Men (Intercalated)",REVIEW_EVENT,Semantic event key retained; no claim of row-by-row official extraction.,IOC Olympic results/programmes
1086,10,Athletics,Athletics,"Team All-Around, Men (Olympic)","Athletics|Athletics|Team All-Around, Men (Olympic)",REVIEW_EVENT,Semantic event key retained; no claim of row-by-row official extraction.,IOC Olympic results/programmes
1087,19,Biathlon,Biathlon,"20 kilometres, Men (Olympic)","Biathlon|Biathlon|20 kilometres, Men (Olympic)",REVIEW_EVENT,Semantic event key retained; no claim of row-by-row official extraction.,IOC Olympic results/programmes
1088,45,Gymnastics,Artistic Gymnastics,"Pentathlon, Men (Olympic)","Gymnastics|Artistic Gymnastics|Pentathlon, Men (Olympic)",REVIEW_EVENT,Semantic event key retained; no claim of row-by-row official extraction.,IOC Olympic results/programmes
1089,10,Athletics,Athletics,"3 miles, Team, Men (Olympic)","Athletics|Athletics|3 miles, Team, Men (Olympic)",REVIEW_EVENT,Semantic event key retained; no claim of row-by-row official extraction.,IOC Olympic results/programmes
1090,10,Athletics,Athletics,Rugby (Rugby),Athletics|Athletics|Rugby (Rugby),REVIEW_EVENT,Semantic event key retained; no claim of row-by-row official extraction.,IOC Olympic results/programmes
1091,10,Athletics,Athletics,"Rugby, Men (Olympic)","Athletics|Athletics|Rugby, Men (Olympic)",REVIEW_EVENT,Semantic event key retained; no claim of row-by-row official extraction.,IOC Olympic results/programmes
1092,10,Athletics,Athletics,"110 metres Hurdles, Handicap, Men (Olympic (non-medal))","Athletics|Athletics|110 metres Hurdles, Handicap, Men (Olympic (non-medal))",REVIEW_EVENT,Semantic event key retained; no claim of row-by-row official extraction.,IOC Olympic results/programmes
1093,10,Athletics,Athletics,"400 metres, Handicap, Men (Olympic (non-medal))","Athletics|Athletics|400 metres, Handicap, Men (Olympic (non-medal))",REVIEW_EVENT,Semantic event key retained; no claim of row-by-row official extraction.,IOC Olympic results/programmes
1094,10,Athletics,Athletics,"4 miles, Team, Men (Olympic)","Athletics|Athletics|4 miles, Team, Men (Olympic)",REVIEW_EVENT,Semantic event key retained; no claim of row-by-row official extraction.,IOC Olympic results/programmes
1095,10,Athletics,Athletics,"Doubles, Handicap, Men (Olympic (non-medal))","Athletics|Athletics|Doubles, Handicap, Men (Olympic (non-medal))",REVIEW_EVENT,Semantic event key retained; no claim of row-by-row official extraction.,IOC Olympic results/programmes
1096,10,Athletics,Athletics,"Heavyweight, Greco-Roman, Men (Olympic)","Athletics|Athletics|Heavyweight, Greco-Roman, Men (Olympic)",REVIEW_EVENT,Semantic event key retained; no claim of row-by-row official extraction.,IOC Olympic results/programmes
1097,10,Athletics,Athletics,"400 metres Hurdles, Handicap, Men (Olympic (non-medal))","Athletics|Athletics|400 metres Hurdles, Handicap, Men (Olympic (non-medal))",REVIEW_EVENT,Semantic event key retained; no claim of row-by-row official extraction.,IOC Olympic results/programmes
1098,10,Athletics,Athletics,"Heavyweight, Freestyle, Men (Olympic)","Athletics|Athletics|Heavyweight, Freestyle, Men (Olympic)",REVIEW_EVENT,Semantic event key retained; no claim of row-by-row official extraction.,IOC Olympic results/programmes
1099,64,Olympic,"Shot Put, Men","Shot Put, Men (Olympic)","Olympic|Shot Put, Men|Shot Put, Men (Olympic)",REVIEW_EVENT,Semantic event key retained; no claim of row-by-row official extraction.,IOC Olympic results/programmes
1100,63,Olympic,"Discus Throw, Men","Discus Throw, Men (Olympic)","Olympic|Discus Throw, Men|Discus Throw, Men (Olympic)",REVIEW_EVENT,Semantic event key retained; no claim of row-by-row official extraction.,IOC Olympic results/programmes
1101,10,Athletics,Athletics,"2,590 metres Steeplechase, Men (Olympic)","Athletics|Athletics|2,590 metres Steeplechase, Men (Olympic)",REVIEW_EVENT,Semantic event key retained; no claim of row-by-row official extraction.,IOC Olympic results/programmes
1102,10,Athletics,Athletics,"Unlimited Class, Greco-Roman, Men (Olympic)","Athletics|Athletics|Unlimited Class, Greco-Roman, Men (Olympic)",REVIEW_EVENT,Semantic event key retained; no claim of row-by-row official extraction.,IOC Olympic results/programmes
1103,10,Athletics,Athletics,"120 yards Hurdles, Men (Olympic (non-medal))","Athletics|Athletics|120 yards Hurdles, Men (Olympic (non-medal))",REVIEW_EVENT,Semantic event key retained; no claim of row-by-row official extraction.,IOC Olympic results/programmes
1104,10,Athletics,Athletics,"Long Jump, Men (Olympic (non-medal))","Athletics|Athletics|Long Jump, Men (Olympic (non-medal))",REVIEW_EVENT,Semantic event key retained; no claim of row-by-row official extraction.,IOC Olympic results/programmes
1105,10,Athletics,Athletics,"Triple Jump, Men (Olympic (non-medal))","Athletics|Athletics|Triple Jump, Men (Olympic (non-medal))",REVIEW_EVENT,Semantic event key retained; no claim of row-by-row official extraction.,IOC Olympic results/programmes
1106,10,Athletics,Athletics,"Standing Triple Jump, Men (Olympic (non-medal))","Athletics|Athletics|Standing Triple Jump, Men (Olympic (non-medal))",REVIEW_EVENT,Semantic event key retained; no claim of row-by-row official extraction.,IOC Olympic results/programmes
1107,10,Athletics,Athletics,"Stone Throw, Men (Olympic (non-medal))","Athletics|Athletics|Stone Throw, Men (Olympic (non-medal))",REVIEW_EVENT,Semantic event key retained; no claim of row-by-row official extraction.,IOC Olympic results/programmes
1108,10,Athletics,Athletics,"All-Around Championship, Men (Olympic)","Athletics|Athletics|All-Around Championship, Men (Olympic)",REVIEW_EVENT,Semantic event key retained; no claim of row-by-row official extraction.,IOC Olympic results/programmes
1109,10,Athletics,Athletics,"Hammer Throw, Men (Olympic (non-medal))","Athletics|Athletics|Hammer Throw, Men (Olympic (non-medal))",REVIEW_EVENT,Semantic event key retained; no claim of row-by-row official extraction.,IOC Olympic results/programmes
1110,85,Skiing,Cross Country Skiing,Ski Jumping (Skiing),Skiing|Cross Country Skiing|Ski Jumping (Skiing),REVIEW_EVENT,Semantic event key retained; no claim of row-by-row official extraction.,IOC Olympic results/programmes
1111,85,Skiing,Cross Country Skiing,"Large Hill, Individual, Men (Olympic)","Skiing|Cross Country Skiing|Large Hill, Individual, Men (Olympic)",REVIEW_EVENT,Semantic event key retained; no claim of row-by-row official extraction.,IOC Olympic results/programmes
1112,85,Skiing,Cross Country Skiing,Nordic Combined (Skiing),Skiing|Cross Country Skiing|Nordic Combined (Skiing),REVIEW_EVENT,Semantic event key retained; no claim of row-by-row official extraction.,IOC Olympic results/programmes
1113,85,Skiing,Cross Country Skiing,"Individual, Men (Olympic)","Skiing|Cross Country Skiing|Individual, Men (Olympic)",REVIEW_EVENT,Semantic event key retained; no claim of row-by-row official extraction.,IOC Olympic results/programmes
1114,10,Athletics,Athletics,"Individual All-Around, Men (Olympic)","Athletics|Athletics|Individual All-Around, Men (Olympic)",REVIEW_EVENT,Semantic event key retained; no claim of row-by-row official extraction.,IOC Olympic results/programmes
1115,10,Athletics,Athletics,"Horse Vault, Men (Olympic)","Athletics|Athletics|Horse Vault, Men (Olympic)",REVIEW_EVENT,Semantic event key retained; no claim of row-by-row official extraction.,IOC Olympic results/programmes
1116,10,Athletics,Athletics,"Parallel Bars, Teams, Men (Olympic)","Athletics|Athletics|Parallel Bars, Teams, Men (Olympic)",REVIEW_EVENT,Semantic event key retained; no claim of row-by-row official extraction.,IOC Olympic results/programmes
1117,10,Athletics,Athletics,"Horizontal Bar, Men (Olympic)","Athletics|Athletics|Horizontal Bar, Men (Olympic)",REVIEW_EVENT,Semantic event key retained; no claim of row-by-row official extraction.,IOC Olympic results/programmes
1118,10,Athletics,Athletics,"Horizontal Bar, Teams, Men (Olympic)","Athletics|Athletics|Horizontal Bar, Teams, Men (Olympic)",REVIEW_EVENT,Semantic event key retained; no claim of row-by-row official extraction.,IOC Olympic results/programmes
1119,10,Athletics,Athletics,"Rings, Men (Olympic)","Athletics|Athletics|Rings, Men (Olympic)",REVIEW_EVENT,Semantic event key retained; no claim of row-by-row official extraction.,IOC Olympic results/programmes
1120,10,Athletics,Athletics,"Pommelled Horse, Men (Olympic)","Athletics|Athletics|Pommelled Horse, Men (Olympic)",REVIEW_EVENT,Semantic event key retained; no claim of row-by-row official extraction.,IOC Olympic results/programmes
1121,10,Athletics,Athletics,Football (Football),Athletics|Athletics|Football (Football),REVIEW_EVENT,Semantic event key retained; no claim of row-by-row official extraction.,IOC Olympic results/programmes
1122,10,Athletics,Athletics,"Football, Men (Olympic)","Athletics|Athletics|Football, Men (Olympic)",REVIEW_EVENT,Semantic event key retained; no claim of row-by-row official extraction.,IOC Olympic results/programmes
1123,10,Athletics,Athletics,Basketball (Basketball),Athletics|Athletics|Basketball (Basketball),REVIEW_EVENT,Semantic event key retained; no claim of row-by-row official extraction.,IOC Olympic results/programmes
1124,10,Athletics,Athletics,"Basketball, Men (Olympic)","Athletics|Athletics|Basketball, Men (Olympic)",REVIEW_EVENT,Semantic event key retained; no claim of row-by-row official extraction.,IOC Olympic results/programmes
1125,10,Athletics,Athletics,"1,500 metres Race Walk, Men (Intercalated)","Athletics|Athletics|1,500 metres Race Walk, Men (Intercalated)",REVIEW_EVENT,Semantic event key retained; no claim of row-by-row official extraction.,IOC Olympic results/programmes
1126,10,Athletics,Athletics,"100 metres Backstroke, Men (Olympic)","Athletics|Athletics|100 metres Backstroke, Men (Olympic)",REVIEW_EVENT,Semantic event key retained; no claim of row-by-row official extraction.,IOC Olympic results/programmes
1127,10,Athletics,Athletics,"200 metres Breaststroke, Men (Olympic)","Athletics|Athletics|200 metres Breaststroke, Men (Olympic)",REVIEW_EVENT,Semantic event key retained; no claim of row-by-row official extraction.,IOC Olympic results/programmes
1128,10,Athletics,Athletics,"Long Jump, Handicap, Men (Olympic (non-medal))","Athletics|Athletics|Long Jump, Handicap, Men (Olympic (non-medal))",REVIEW_EVENT,Semantic event key retained; no claim of row-by-row official extraction.,IOC Olympic results/programmes
1129,9,Art Competitions,Art Competitions,"Literature, Dramatic Works, Open (Olympic)","Art Competitions|Art Competitions|Literature, Dramatic Works, Open (Olympic)",REVIEW_EVENT,Semantic event key retained; no claim of row-by-row official extraction.,IOC Olympic results/programmes
1130,10,Athletics,Athletics,Glíma,Athletics|Athletics|Glíma,REVIEW_EVENT,Semantic event key retained; no claim of row-by-row official extraction.,IOC Olympic results/programmes
1131,10,Athletics,Athletics,"Glíma, Men (Olympic (non-medal))","Athletics|Athletics|Glíma, Men (Olympic (non-medal))",REVIEW_EVENT,Semantic event key retained; no claim of row-by-row official extraction.,IOC Olympic results/programmes
1132,85,Skiing,Cross Country Skiing,"4 × 10 kilometres Relay, Men (Olympic)","Skiing|Cross Country Skiing|4 × 10 kilometres Relay, Men (Olympic)",REVIEW_EVENT,Semantic event key retained; no claim of row-by-row official extraction.,IOC Olympic results/programmes
1133,10,Athletics,Athletics,"6-hour race, Professionals, Men (Olympic (non-medal))","Athletics|Athletics|6-hour race, Professionals, Men (Olympic (non-medal))",REVIEW_EVENT,Semantic event key retained; no claim of row-by-row official extraction.,IOC Olympic results/programmes
1134,45,Gymnastics,Artistic Gymnastics,"Pole Vault, Men (Intercalated)","Gymnastics|Artistic Gymnastics|Pole Vault, Men (Intercalated)",REVIEW_EVENT,Semantic event key retained; no claim of row-by-row official extraction.,IOC Olympic results/programmes
1135,80,Skating,Figure Skating,"Pairs, Mixed (Olympic)","Skating|Figure Skating|Pairs, Mixed (Olympic)",REVIEW_EVENT,Semantic event key retained; no claim of row-by-row official extraction.,IOC Olympic results/programmes
1136,85,Skiing,Cross Country Skiing,"15 kilometres, Men (Olympic)","Skiing|Cross Country Skiing|15 kilometres, Men (Olympic)",REVIEW_EVENT,Semantic event key retained; no claim of row-by-row official extraction.,IOC Olympic results/programmes
1137,85,Skiing,Cross Country Skiing,"30 kilometres, Men (Olympic)","Skiing|Cross Country Skiing|30 kilometres, Men (Olympic)",REVIEW_EVENT,Semantic event key retained; no claim of row-by-row official extraction.,IOC Olympic results/programmes
1138,10,Athletics,Athletics,"1 mile, Men (Olympic (non-medal))","Athletics|Athletics|1 mile, Men (Olympic (non-medal))",REVIEW_EVENT,Semantic event key retained; no claim of row-by-row official extraction.,IOC Olympic results/programmes
1139,10,Athletics,Athletics,Art Competitions,Athletics|Athletics|Art Competitions,REVIEW_EVENT,Semantic event key retained; no claim of row-by-row official extraction.,IOC Olympic results/programmes
1140,10,Athletics,Athletics,"Literature, Epic Works, Open (Olympic)","Athletics|Athletics|Literature, Epic Works, Open (Olympic)",REVIEW_EVENT,Semantic event key retained; no claim of row-by-row official extraction.,IOC Olympic results/programmes
1141,45,Gymnastics,Artistic Gymnastics,"Marathon, Men (Intercalated)","Gymnastics|Artistic Gymnastics|Marathon, Men (Intercalated)",REVIEW_EVENT,Semantic event key retained; no claim of row-by-row official extraction.,IOC Olympic results/programmes
1142,45,Gymnastics,Artistic Gymnastics,"Standing Long Jump, Men (Intercalated)","Gymnastics|Artistic Gymnastics|Standing Long Jump, Men (Intercalated)",REVIEW_EVENT,Semantic event key retained; no claim of row-by-row official extraction.,IOC Olympic results/programmes
1143,45,Gymnastics,Artistic Gymnastics,"Discus Throw, Men (Intercalated)","Gymnastics|Artistic Gymnastics|Discus Throw, Men (Intercalated)",REVIEW_EVENT,Semantic event key retained; no claim of row-by-row official extraction.,IOC Olympic results/programmes
1144,45,Gymnastics,Artistic Gymnastics,"Discus Throw, Greek Style, Men (Intercalated)","Gymnastics|Artistic Gymnastics|Discus Throw, Greek Style, Men (Intercalated)",REVIEW_EVENT,Semantic event key retained; no claim of row-by-row official extraction.,IOC Olympic results/programmes
1145,45,Gymnastics,Artistic Gymnastics,"Pentathlon (Ancient), Men (Intercalated)","Gymnastics|Artistic Gymnastics|Pentathlon (Ancient), Men (Intercalated)",REVIEW_EVENT,Semantic event key retained; no claim of row-by-row official extraction.,IOC Olympic results/programmes
1146,45,Gymnastics,Artistic Gymnastics,"Marathon, Men (Olympic)","Gymnastics|Artistic Gymnastics|Marathon, Men (Olympic)",REVIEW_EVENT,Semantic event key retained; no claim of row-by-row official extraction.,IOC Olympic results/programmes
1147,10,Athletics,Athletics,Baseball (Baseball/Softball),Athletics|Athletics|Baseball (Baseball/Softball),REVIEW_EVENT,Semantic event key retained; no claim of row-by-row official extraction.,IOC Olympic results/programmes
1148,10,Athletics,Athletics,"Baseball, Men (Olympic (non-medal))","Athletics|Athletics|Baseball, Men (Olympic (non-medal))",REVIEW_EVENT,Semantic event key retained; no claim of row-by-row official extraction.,IOC Olympic results/programmes
1149,10,Athletics,Athletics,"440 yards, Men (Olympic (non-medal))","Athletics|Athletics|440 yards, Men (Olympic (non-medal))",REVIEW_EVENT,Semantic event key retained; no claim of row-by-row official extraction.,IOC Olympic results/programmes
1150,10,Athletics,Athletics,"880 yards, Men (Olympic (non-medal))","Athletics|Athletics|880 yards, Men (Olympic (non-medal))",REVIEW_EVENT,Semantic event key retained; no claim of row-by-row official extraction.,IOC Olympic results/programmes
1151,10,Athletics,Athletics,"100 yards, Men (Olympic (non-medal))","Athletics|Athletics|100 yards, Men (Olympic (non-medal))",REVIEW_EVENT,Semantic event key retained; no claim of row-by-row official extraction.,IOC Olympic results/programmes
1152,10,Athletics,Athletics,"2 miles, Men (Olympic (non-medal))","Athletics|Athletics|2 miles, Men (Olympic (non-medal))",REVIEW_EVENT,Semantic event key retained; no claim of row-by-row official extraction.,IOC Olympic results/programmes
1153,10,Athletics,Athletics,"5 miles, Boys (Olympic (non-medal))","Athletics|Athletics|5 miles, Boys (Olympic (non-medal))",REVIEW_EVENT,Semantic event key retained; no claim of row-by-row official extraction.,IOC Olympic results/programmes
1154,10,Athletics,Athletics,"220 yards, Men (Olympic (non-medal))","Athletics|Athletics|220 yards, Men (Olympic (non-medal))",REVIEW_EVENT,Semantic event key retained; no claim of row-by-row official extraction.,IOC Olympic results/programmes
1155,10,Athletics,Athletics,"120 yards Hurdles, Boys (Olympic (non-medal))","Athletics|Athletics|120 yards Hurdles, Boys (Olympic (non-medal))",REVIEW_EVENT,Semantic event key retained; no claim of row-by-row official extraction.,IOC Olympic results/programmes
1156,10,Athletics,Athletics,"1 mile, Boys (Olympic (non-medal))","Athletics|Athletics|1 mile, Boys (Olympic (non-medal))",REVIEW_EVENT,Semantic event key retained; no claim of row-by-row official extraction.,IOC Olympic results/programmes
1157,10,Athletics,Athletics,"Shot Put, Men (Olympic (non-medal))","Athletics|Athletics|Shot Put, Men (Olympic (non-medal))",REVIEW_EVENT,Semantic event key retained; no claim of row-by-row official extraction.,IOC Olympic results/programmes
1158,10,Athletics,Athletics,"Special Scratch Pole Vault #2, Men (Olympic (non-medal))","Athletics|Athletics|Special Scratch Pole Vault #2, Men (Olympic (non-medal))",REVIEW_EVENT,Semantic event key retained; no claim of row-by-row official extraction.,IOC Olympic results/programmes
1159,10,Athletics,Athletics,"Individual All-Around, Field Sports, Men (Olympic)","Athletics|Athletics|Individual All-Around, Field Sports, Men (Olympic)",REVIEW_EVENT,Semantic event key retained; no claim of row-by-row official extraction.,IOC Olympic results/programmes
1160,10,Athletics,Athletics,"Individual All-Around, Apparatus Work, Men (Olympic)","Athletics|Athletics|Individual All-Around, Apparatus Work, Men (Olympic)",REVIEW_EVENT,Semantic event key retained; no claim of row-by-row official extraction.,IOC Olympic results/programmes
1161,10,Athletics,Athletics,"60 yards, Handicap, Men (Olympic (non-medal))","Athletics|Athletics|60 yards, Handicap, Men (Olympic (non-medal))",REVIEW_EVENT,Semantic event key retained; no claim of row-by-row official extraction.,IOC Olympic results/programmes
1162,10,Athletics,Athletics,"1 mile, Team, Handicap, Men (Olympic (non-medal))","Athletics|Athletics|1 mile, Team, Handicap, Men (Olympic (non-medal))",REVIEW_EVENT,Semantic event key retained; no claim of row-by-row official extraction.,IOC Olympic results/programmes
1163,10,Athletics,Athletics,"2 miles, Handicap, Men (Olympic (non-medal))","Athletics|Athletics|2 miles, Handicap, Men (Olympic (non-medal))",REVIEW_EVENT,Semantic event key retained; no claim of row-by-row official extraction.,IOC Olympic results/programmes
1164,10,Athletics,Athletics,"5 miles, Men (Olympic (non-medal))","Athletics|Athletics|5 miles, Men (Olympic (non-medal))",REVIEW_EVENT,Semantic event key retained; no claim of row-by-row official extraction.,IOC Olympic results/programmes
1165,10,Athletics,Athletics,"220 yards, Handicap, Men (Olympic (non-medal))","Athletics|Athletics|220 yards, Handicap, Men (Olympic (non-medal))",REVIEW_EVENT,Semantic event key retained; no claim of row-by-row official extraction.,IOC Olympic results/programmes
1166,10,Athletics,Athletics,"100 yards, Boys (Olympic (non-medal))","Athletics|Athletics|100 yards, Boys (Olympic (non-medal))",REVIEW_EVENT,Semantic event key retained; no claim of row-by-row official extraction.,IOC Olympic results/programmes
1167,10,Athletics,Athletics,"220 yards Hurdles, Men (Olympic (non-medal))","Athletics|Athletics|220 yards Hurdles, Men (Olympic (non-medal))",REVIEW_EVENT,Semantic event key retained; no claim of row-by-row official extraction.,IOC Olympic results/programmes
1168,10,Athletics,Athletics,"Pole Vault, Boys (Olympic (non-medal))","Athletics|Athletics|Pole Vault, Boys (Olympic (non-medal))",REVIEW_EVENT,Semantic event key retained; no claim of row-by-row official extraction.,IOC Olympic results/programmes
1169,10,Athletics,Athletics,"Pole Vault, Men (Olympic (non-medal))","Athletics|Athletics|Pole Vault, Men (Olympic (non-medal))",REVIEW_EVENT,Semantic event key retained; no claim of row-by-row official extraction.,IOC Olympic results/programmes
1170,10,Athletics,Athletics,"880 yards, Boys (Olympic (non-medal))","Athletics|Athletics|880 yards, Boys (Olympic (non-medal))",REVIEW_EVENT,Semantic event key retained; no claim of row-by-row official extraction.,IOC Olympic results/programmes
1171,10,Athletics,Athletics,"Heavyweight, Greco-Roman, Men (Intercalated)","Athletics|Athletics|Heavyweight, Greco-Roman, Men (Intercalated)",REVIEW_EVENT,Semantic event key retained; no claim of row-by-row official extraction.,IOC Olympic results/programmes
1172,10,Athletics,Athletics,"Middleweight, Greco-Roman, Men (Intercalated)","Athletics|Athletics|Middleweight, Greco-Roman, Men (Intercalated)",REVIEW_EVENT,Semantic event key retained; no claim of row-by-row official extraction.,IOC Olympic results/programmes
1173,10,Athletics,Athletics,"3,000 metres Race Walk, Men (Intercalated)","Athletics|Athletics|3,000 metres Race Walk, Men (Intercalated)",REVIEW_EVENT,Semantic event key retained; no claim of row-by-row official extraction.,IOC Olympic results/programmes
1174,10,Athletics,Athletics,"Unlimited, One Hand, Men (Intercalated)","Athletics|Athletics|Unlimited, One Hand, Men (Intercalated)",REVIEW_EVENT,Semantic event key retained; no claim of row-by-row official extraction.,IOC Olympic results/programmes
1175,9,Art Competitions,Art Competitions,"Sculpturing, Open (Olympic)","Art Competitions|Art Competitions|Sculpturing, Open (Olympic)",REVIEW_EVENT,Semantic event key retained; no claim of row-by-row official extraction.,IOC Olympic results/programmes
1176,10,Athletics,Athletics,"Military Rifle, Kneeling Or Standing, 300 metres, Men (Intercalated)","Athletics|Athletics|Military Rifle, Kneeling Or Standing, 300 metres, Men (Intercalated)",REVIEW_EVENT,Semantic event key retained; no claim of row-by-row official extraction.,IOC Olympic results/programmes
1177,45,Gymnastics,Artistic Gymnastics,"100 metres Freestyle, Men (Intercalated)","Gymnastics|Artistic Gymnastics|100 metres Freestyle, Men (Intercalated)",REVIEW_EVENT,Semantic event key retained; no claim of row-by-row official extraction.,IOC Olympic results/programmes
1178,45,Gymnastics,Artistic Gymnastics,"400 metres Freestyle, Men (Intercalated)","Gymnastics|Artistic Gymnastics|400 metres Freestyle, Men (Intercalated)",REVIEW_EVENT,Semantic event key retained; no claim of row-by-row official extraction.,IOC Olympic results/programmes
1179,45,Gymnastics,Artistic Gymnastics,"1 mile Freestyle, Men (Intercalated)","Gymnastics|Artistic Gymnastics|1 mile Freestyle, Men (Intercalated)",REVIEW_EVENT,Semantic event key retained; no claim of row-by-row official extraction.,IOC Olympic results/programmes
1180,98,Tug-of-War,Tug-of-War,"Heavyweight, Greco-Roman, Men (Intercalated)","Tug-of-War|Tug-of-War|Heavyweight, Greco-Roman, Men (Intercalated)",REVIEW_EVENT,Semantic event key retained; no claim of row-by-row official extraction.,IOC Olympic results/programmes
1181,98,Tug-of-War,Tug-of-War,"Middleweight, Greco-Roman, Men (Intercalated)","Tug-of-War|Tug-of-War|Middleweight, Greco-Roman, Men (Intercalated)",REVIEW_EVENT,Semantic event key retained; no claim of row-by-row official extraction.,IOC Olympic results/programmes
1182,98,Tug-of-War,Tug-of-War,"Unlimited, One Hand, Men (Intercalated)","Tug-of-War|Tug-of-War|Unlimited, One Hand, Men (Intercalated)",REVIEW_EVENT,Semantic event key retained; no claim of row-by-row official extraction.,IOC Olympic results/programmes
1183,98,Tug-of-War,Tug-of-War,"Unlimited, Two Hands, Men (Intercalated)","Tug-of-War|Tug-of-War|Unlimited, Two Hands, Men (Intercalated)",REVIEW_EVENT,Semantic event key retained; no claim of row-by-row official extraction.,IOC Olympic results/programmes
1184,34,Cycling,Cycling Track,Cycling Track (Cycling),Cycling|Cycling Track|Cycling Track (Cycling),REVIEW_EVENT,Semantic event key retained; no claim of row-by-row official extraction.,IOC Olympic results/programmes
1185,54,Intercalated,"Sprint, Men","Sprint, Men (Intercalated)","Intercalated|Sprint, Men|Sprint, Men (Intercalated)",REVIEW_EVENT,Semantic event key retained; no claim of row-by-row official extraction.,IOC Olympic results/programmes
1186,53,Intercalated,"20 kilometres, Men","20 kilometres, Men (Intercalated)","Intercalated|20 kilometres, Men|20 kilometres, Men (Intercalated)",REVIEW_EVENT,Semantic event key retained; no claim of row-by-row official extraction.,IOC Olympic results/programmes
1187,96,Tennis,Tennis,"Singles, Women (Intercalated)","Tennis|Tennis|Singles, Women (Intercalated)",REVIEW_EVENT,Semantic event key retained; no claim of row-by-row official extraction.,IOC Olympic results/programmes
1188,42,Football,Football,Tennis,Football|Football|Tennis,REVIEW_EVENT,Semantic event key retained; no claim of row-by-row official extraction.,IOC Olympic results/programmes
1189,42,Football,Football,"Singles, Men (Intercalated)","Football|Football|Singles, Men (Intercalated)",REVIEW_EVENT,Semantic event key retained; no claim of row-by-row official extraction.,IOC Olympic results/programmes
1190,42,Football,Football,"Doubles, Men (Intercalated)","Football|Football|Doubles, Men (Intercalated)",REVIEW_EVENT,Semantic event key retained; no claim of row-by-row official extraction.,IOC Olympic results/programmes
1191,45,Gymnastics,Artistic Gymnastics,"26th Federal Festival, Society and Association Contests, Non-Simultaneous, Olympic Championships, Individual, Men (Olympic (non-medal))","Gymnastics|Artistic Gymnastics|26th Federal Festival, Society and Association Contests, Non-Simultaneous, Olympic Championships, Individual, Men (Olympic (non-medal))",REVIEW_EVENT,Semantic event key retained; no claim of row-by-row official extraction.,IOC Olympic results/programmes
1192,98,Tug-of-War,Tug-of-War,"Discus Throw, Men (Intercalated)","Tug-of-War|Tug-of-War|Discus Throw, Men (Intercalated)",REVIEW_EVENT,Semantic event key retained; no claim of row-by-row official extraction.,IOC Olympic results/programmes
1193,98,Tug-of-War,Tug-of-War,"Discus Throw, Greek Style, Men (Intercalated)","Tug-of-War|Tug-of-War|Discus Throw, Greek Style, Men (Intercalated)",REVIEW_EVENT,Semantic event key retained; no claim of row-by-row official extraction.,IOC Olympic results/programmes
1194,45,Gymnastics,Artistic Gymnastics,Wrestling,Gymnastics|Artistic Gymnastics|Wrestling,REVIEW_EVENT,Semantic event key retained; no claim of row-by-row official extraction.,IOC Olympic results/programmes
1195,45,Gymnastics,Artistic Gymnastics,"Lightweight, Greco-Roman, Men (Intercalated)","Gymnastics|Artistic Gymnastics|Lightweight, Greco-Roman, Men (Intercalated)",REVIEW_EVENT,Semantic event key retained; no claim of row-by-row official extraction.,IOC Olympic results/programmes
1196,74,Rowing,Rowing,"6-Man Naval Rowing Boats, Men (Intercalated)","Rowing|Rowing|6-Man Naval Rowing Boats, Men (Intercalated)",REVIEW_EVENT,Semantic event key retained; no claim of row-by-row official extraction.,IOC Olympic results/programmes
1197,45,Gymnastics,Artistic Gymnastics,"100 metres, Men (Intercalated)","Gymnastics|Artistic Gymnastics|100 metres, Men (Intercalated)",REVIEW_EVENT,Semantic event key retained; no claim of row-by-row official extraction.,IOC Olympic results/programmes
1198,45,Gymnastics,Artistic Gymnastics,Cycling Track (Cycling),Gymnastics|Artistic Gymnastics|Cycling Track (Cycling),REVIEW_EVENT,Semantic event key retained; no claim of row-by-row official extraction.,IOC Olympic results/programmes
1199,45,Gymnastics,Artistic Gymnastics,"Tandem Sprint, 2,000 metres, Men (Intercalated)","Gymnastics|Artistic Gymnastics|Tandem Sprint, 2,000 metres, Men (Intercalated)",REVIEW_EVENT,Semantic event key retained; no claim of row-by-row official extraction.,IOC Olympic results/programmes
1200,41,Fencing,Fencing,"Coxed Fours, Men (Intercalated)","Fencing|Fencing|Coxed Fours, Men (Intercalated)",REVIEW_EVENT,Semantic event key retained; no claim of row-by-row official extraction.,IOC Olympic results/programmes
1201,42,Football,Football,Rowing,Football|Football|Rowing,REVIEW_EVENT,Semantic event key retained; no claim of row-by-row official extraction.,IOC Olympic results/programmes
1202,42,Football,Football,"6-Man Naval Rowing Boats, Men (Intercalated)","Football|Football|6-Man Naval Rowing Boats, Men (Intercalated)",REVIEW_EVENT,Semantic event key retained; no claim of row-by-row official extraction.,IOC Olympic results/programmes
1203,42,Football,Football,"100 metres, Men (Intercalated)","Football|Football|100 metres, Men (Intercalated)",REVIEW_EVENT,Semantic event key retained; no claim of row-by-row official extraction.,IOC Olympic results/programmes
1204,45,Gymnastics,Artistic Gymnastics,Rowing,Gymnastics|Artistic Gymnastics|Rowing,REVIEW_EVENT,Semantic event key retained; no claim of row-by-row official extraction.,IOC Olympic results/programmes
1205,45,Gymnastics,Artistic Gymnastics,"Coxed Fours, Men (Intercalated)","Gymnastics|Artistic Gymnastics|Coxed Fours, Men (Intercalated)",REVIEW_EVENT,Semantic event key retained; no claim of row-by-row official extraction.,IOC Olympic results/programmes
1206,74,Rowing,Rowing,Shooting,Rowing|Rowing|Shooting,REVIEW_EVENT,Semantic event key retained; no claim of row-by-row official extraction.,IOC Olympic results/programmes
1207,74,Rowing,Rowing,"Free Pistol, 25 metres, Men (Intercalated)","Rowing|Rowing|Free Pistol, 25 metres, Men (Intercalated)",REVIEW_EVENT,Semantic event key retained; no claim of row-by-row official extraction.,IOC Olympic results/programmes
1208,74,Rowing,Rowing,"Free Pistol, 50 metres, Men (Intercalated)","Rowing|Rowing|Free Pistol, 50 metres, Men (Intercalated)",REVIEW_EVENT,Semantic event key retained; no claim of row-by-row official extraction.,IOC Olympic results/programmes
1209,74,Rowing,Rowing,"Military Revolver, 1873-1874 Gras Model, 20 metres, Men (Intercalated)","Rowing|Rowing|Military Revolver, 1873-1874 Gras Model, 20 metres, Men (Intercalated)",REVIEW_EVENT,Semantic event key retained; no claim of row-by-row official extraction.,IOC Olympic results/programmes
1210,74,Rowing,Rowing,"Military Revolver, 20 metres, Men (Intercalated)","Rowing|Rowing|Military Revolver, 20 metres, Men (Intercalated)",REVIEW_EVENT,Semantic event key retained; no claim of row-by-row official extraction.,IOC Olympic results/programmes
1211,96,Tennis,Tennis,"High Jump, Men (Intercalated)","Tennis|Tennis|High Jump, Men (Intercalated)",REVIEW_EVENT,Semantic event key retained; no claim of row-by-row official extraction.,IOC Olympic results/programmes
1212,18,Basque Pelota,Basque Pelota,"Two-Man Teams With Cesta, Men (Olympic)","Basque Pelota|Basque Pelota|Two-Man Teams With Cesta, Men (Olympic)",REVIEW_EVENT,Semantic event key retained; no claim of row-by-row official extraction.,IOC Olympic results/programmes
1213,45,Gymnastics,Artistic Gymnastics,"Festival for Societies of the Seine, Olympic Competition, Individual, Men (Olympic (non-medal))","Gymnastics|Artistic Gymnastics|Festival for Societies of the Seine, Olympic Competition, Individual, Men (Olympic (non-medal))",REVIEW_EVENT,Semantic event key retained; no claim of row-by-row official extraction.,IOC Olympic results/programmes
1214,42,Football,Football,"Coxed Fours, Men (Intercalated)","Football|Football|Coxed Fours, Men (Intercalated)",REVIEW_EVENT,Semantic event key retained; no claim of row-by-row official extraction.,IOC Olympic results/programmes
1215,42,Football,Football,Fencing,Football|Football|Fencing,REVIEW_EVENT,Semantic event key retained; no claim of row-by-row official extraction.,IOC Olympic results/programmes
1216,42,Football,Football,"Foil, Individual, Men (Olympic)","Football|Football|Foil, Individual, Men (Olympic)",REVIEW_EVENT,Semantic event key retained; no claim of row-by-row official extraction.,IOC Olympic results/programmes
1217,59,Luge,Luge,"Singles, Women (Olympic)","Luge|Luge|Singles, Women (Olympic)",REVIEW_EVENT,Semantic event key retained; no claim of row-by-row official extraction.,IOC Olympic results/programmes
1218,84,Skiing,Alpine Skiing,"Slalom, Women (Olympic)","Skiing|Alpine Skiing|Slalom, Women (Olympic)",REVIEW_EVENT,Semantic event key retained; no claim of row-by-row official extraction.,IOC Olympic results/programmes
1219,85,Skiing,Cross Country Skiing,"5 kilometres, Women (Olympic)","Skiing|Cross Country Skiing|5 kilometres, Women (Olympic)",REVIEW_EVENT,Semantic event key retained; no claim of row-by-row official extraction.,IOC Olympic results/programmes
1220,85,Skiing,Cross Country Skiing,"10 kilometres, Women (Olympic)","Skiing|Cross Country Skiing|10 kilometres, Women (Olympic)",REVIEW_EVENT,Semantic event key retained; no claim of row-by-row official extraction.,IOC Olympic results/programmes
1221,85,Skiing,Cross Country Skiing,"20 kilometres, Women (Olympic)","Skiing|Cross Country Skiing|20 kilometres, Women (Olympic)",REVIEW_EVENT,Semantic event key retained; no claim of row-by-row official extraction.,IOC Olympic results/programmes
1222,80,Skating,Figure Skating,"Singles, Women (Olympic)","Skating|Figure Skating|Singles, Women (Olympic)",REVIEW_EVENT,Semantic event key retained; no claim of row-by-row official extraction.,IOC Olympic results/programmes
1223,85,Skiing,Cross Country Skiing,"3 × 5 kilometres Relay, Women (Olympic)","Skiing|Cross Country Skiing|3 × 5 kilometres Relay, Women (Olympic)",REVIEW_EVENT,Semantic event key retained; no claim of row-by-row official extraction.,IOC Olympic results/programmes
1224,19,Biathlon,Biathlon,"7.5 kilometres Sprint, Women (Olympic)","Biathlon|Biathlon|7.5 kilometres Sprint, Women (Olympic)",REVIEW_EVENT,Semantic event key retained; no claim of row-by-row official extraction.,IOC Olympic results/programmes
1225,19,Biathlon,Biathlon,"15 kilometres, Women (Olympic)","Biathlon|Biathlon|15 kilometres, Women (Olympic)",REVIEW_EVENT,Semantic event key retained; no claim of row-by-row official extraction.,IOC Olympic results/programmes
1226,19,Biathlon,Biathlon,"3 × 7.5 kilometres Relay, Women (Olympic)","Biathlon|Biathlon|3 × 7.5 kilometres Relay, Women (Olympic)",REVIEW_EVENT,Semantic event key retained; no claim of row-by-row official extraction.,IOC Olympic results/programmes
1227,19,Biathlon,Biathlon,"4 × 7.5 kilometres Relay, Women (Olympic)","Biathlon|Biathlon|4 × 7.5 kilometres Relay, Women (Olympic)",REVIEW_EVENT,Semantic event key retained; no claim of row-by-row official extraction.,IOC Olympic results/programmes
1228,82,Skating,Speed Skating,"1,500 metres, Women (Olympic)","Skating|Speed Skating|1,500 metres, Women (Olympic)",REVIEW_EVENT,Semantic event key retained; no claim of row-by-row official extraction.,IOC Olympic results/programmes
1229,84,Skiing,Alpine Skiing,"Downhill, Women (Olympic)","Skiing|Alpine Skiing|Downhill, Women (Olympic)",REVIEW_EVENT,Semantic event key retained; no claim of row-by-row official extraction.,IOC Olympic results/programmes
1230,84,Skiing,Alpine Skiing,"Giant Slalom, Women (Olympic)","Skiing|Alpine Skiing|Giant Slalom, Women (Olympic)",REVIEW_EVENT,Semantic event key retained; no claim of row-by-row official extraction.,IOC Olympic results/programmes
1231,85,Skiing,Cross Country Skiing,"30 kilometres, Women (Olympic)","Skiing|Cross Country Skiing|30 kilometres, Women (Olympic)",REVIEW_EVENT,Semantic event key retained; no claim of row-by-row official extraction.,IOC Olympic results/programmes
1232,85,Skiing,Cross Country Skiing,"5/10 kilometres Pursuit, Women (Olympic)","Skiing|Cross Country Skiing|5/10 kilometres Pursuit, Women (Olympic)",REVIEW_EVENT,Semantic event key retained; no claim of row-by-row official extraction.,IOC Olympic results/programmes
1233,85,Skiing,Cross Country Skiing,"4 × 5 kilometres Relay, Women (Olympic)","Skiing|Cross Country Skiing|4 × 5 kilometres Relay, Women (Olympic)",REVIEW_EVENT,Semantic event key retained; no claim of row-by-row official extraction.,IOC Olympic results/programmes
1234,85,Skiing,Cross Country Skiing,"15 kilometres, Women (Olympic)","Skiing|Cross Country Skiing|15 kilometres, Women (Olympic)",REVIEW_EVENT,Semantic event key retained; no claim of row-by-row official extraction.,IOC Olympic results/programmes
1235,85,Skiing,Cross Country Skiing,"5/5 kilometres Pursuit, Women (Olympic)","Skiing|Cross Country Skiing|5/5 kilometres Pursuit, Women (Olympic)",REVIEW_EVENT,Semantic event key retained; no claim of row-by-row official extraction.,IOC Olympic results/programmes
1236,82,Skating,Speed Skating,"1,000 metres, Women (Olympic)","Skating|Speed Skating|1,000 metres, Women (Olympic)",REVIEW_EVENT,Semantic event key retained; no claim of row-by-row official extraction.,IOC Olympic results/programmes
1237,81,Skating,Short Track Speed Skating,"3,000 metres Relay, Women (Olympic)","Skating|Short Track Speed Skating|3,000 metres Relay, Women (Olympic)",REVIEW_EVENT,Semantic event key retained; no claim of row-by-row official extraction.,IOC Olympic results/programmes
1238,19,Biathlon,Biathlon,"10 kilometres Pursuit, Women (Olympic)","Biathlon|Biathlon|10 kilometres Pursuit, Women (Olympic)",REVIEW_EVENT,Semantic event key retained; no claim of row-by-row official extraction.,IOC Olympic results/programmes
1239,19,Biathlon,Biathlon,"4 × 6 kilometres Relay, Women (Olympic)","Biathlon|Biathlon|4 × 6 kilometres Relay, Women (Olympic)",REVIEW_EVENT,Semantic event key retained; no claim of row-by-row official extraction.,IOC Olympic results/programmes
1240,80,Skating,Figure Skating,"Ice Dancing, Mixed (Olympic)","Skating|Figure Skating|Ice Dancing, Mixed (Olympic)",REVIEW_EVENT,Semantic event key retained; no claim of row-by-row official extraction.,IOC Olympic results/programmes
1241,82,Skating,Speed Skating,"500 metres, Women (Olympic)","Skating|Speed Skating|500 metres, Women (Olympic)",REVIEW_EVENT,Semantic event key retained; no claim of row-by-row official extraction.,IOC Olympic results/programmes
1242,84,Skiing,Alpine Skiing,"Super G, Women (Olympic)","Skiing|Alpine Skiing|Super G, Women (Olympic)",REVIEW_EVENT,Semantic event key retained; no claim of row-by-row official extraction.,IOC Olympic results/programmes
1243,84,Skiing,Alpine Skiing,"Combined, Women (Olympic)","Skiing|Alpine Skiing|Combined, Women (Olympic)",REVIEW_EVENT,Semantic event key retained; no claim of row-by-row official extraction.,IOC Olympic results/programmes
1244,82,Skating,Speed Skating,"5,000 metres, Men (Olympic)","Skating|Speed Skating|5,000 metres, Men (Olympic)",REVIEW_EVENT,Semantic event key retained; no claim of row-by-row official extraction.,IOC Olympic results/programmes
1245,81,Skating,Short Track Speed Skating,"500 metres, Women (Olympic)","Skating|Short Track Speed Skating|500 metres, Women (Olympic)",REVIEW_EVENT,Semantic event key retained; no claim of row-by-row official extraction.,IOC Olympic results/programmes
1246,81,Skating,Short Track Speed Skating,"500 metres, Women (Olympic (non-medal))","Skating|Short Track Speed Skating|500 metres, Women (Olympic (non-medal))",REVIEW_EVENT,Semantic event key retained; no claim of row-by-row official extraction.,IOC Olympic results/programmes
1247,81,Skating,Short Track Speed Skating,"1,000 metres, Women (Olympic (non-medal))","Skating|Short Track Speed Skating|1,000 metres, Women (Olympic (non-medal))",REVIEW_EVENT,Semantic event key retained; no claim of row-by-row official extraction.,IOC Olympic results/programmes
1248,81,Skating,Short Track Speed Skating,"1,500 metres, Women (Olympic (non-medal))","Skating|Short Track Speed Skating|1,500 metres, Women (Olympic (non-medal))",REVIEW_EVENT,Semantic event key retained; no claim of row-by-row official extraction.,IOC Olympic results/programmes
1249,81,Skating,Short Track Speed Skating,"3,000 m, Women (Olympic (non-medal))","Skating|Short Track Speed Skating|3,000 m, Women (Olympic (non-medal))",REVIEW_EVENT,Semantic event key retained; no claim of row-by-row official extraction.,IOC Olympic results/programmes
1250,81,Skating,Short Track Speed Skating,"1,000 metres, Women (Olympic)","Skating|Short Track Speed Skating|1,000 metres, Women (Olympic)",REVIEW_EVENT,Semantic event key retained; no claim of row-by-row official extraction.,IOC Olympic results/programmes
1251,86,Skiing,Freestyle Skiing,"Moguls, Women (Olympic)","Skiing|Freestyle Skiing|Moguls, Women (Olympic)",REVIEW_EVENT,Semantic event key retained; no claim of row-by-row official extraction.,IOC Olympic results/programmes
1252,19,Biathlon,Biathlon,Cross Country Skiing (Skiing),Biathlon|Biathlon|Cross Country Skiing (Skiing),REVIEW_EVENT,Semantic event key retained; no claim of row-by-row official extraction.,IOC Olympic results/programmes
1253,19,Biathlon,Biathlon,"5 kilometres, Women (Olympic)","Biathlon|Biathlon|5 kilometres, Women (Olympic)",REVIEW_EVENT,Semantic event key retained; no claim of row-by-row official extraction.,IOC Olympic results/programmes
1254,19,Biathlon,Biathlon,"5/10 kilometres Pursuit, Women (Olympic)","Biathlon|Biathlon|5/10 kilometres Pursuit, Women (Olympic)",REVIEW_EVENT,Semantic event key retained; no claim of row-by-row official extraction.,IOC Olympic results/programmes
1256,86,Skiing,Freestyle Skiing,"Aerials, Women (Olympic)","Skiing|Freestyle Skiing|Aerials, Women (Olympic)",REVIEW_EVENT,Semantic event key retained; no claim of row-by-row official extraction.,IOC Olympic results/programmes
1258,86,Skiing,Freestyle Skiing,"Ballet, Women (Olympic (non-medal))","Skiing|Freestyle Skiing|Ballet, Women (Olympic (non-medal))",REVIEW_EVENT,Semantic event key retained; no claim of row-by-row official extraction.,IOC Olympic results/programmes
1259,19,Biathlon,Biathlon,"12.5 kilometres Mass Start, Women (Olympic)","Biathlon|Biathlon|12.5 kilometres Mass Start, Women (Olympic)",REVIEW_EVENT,Semantic event key retained; no claim of row-by-row official extraction.,IOC Olympic results/programmes
1260,91,Skiing,Speed Skiing,"Individual, Women (Olympic (non-medal))","Skiing|Speed Skiing|Individual, Women (Olympic (non-medal))",REVIEW_EVENT,Semantic event key retained; no claim of row-by-row official extraction.,IOC Olympic results/programmes
1261,85,Skiing,Cross Country Skiing,"Sprint, Women (Olympic)","Skiing|Cross Country Skiing|Sprint, Women (Olympic)",REVIEW_EVENT,Semantic event key retained; no claim of row-by-row official extraction.,IOC Olympic results/programmes
1262,19,Biathlon,Biathlon,"Sprint, Women (Olympic)","Biathlon|Biathlon|Sprint, Women (Olympic)",REVIEW_EVENT,Semantic event key retained; no claim of row-by-row official extraction.,IOC Olympic results/programmes
1263,86,Skiing,Freestyle Skiing,"Ski Cross, Women (Olympic)","Skiing|Freestyle Skiing|Ski Cross, Women (Olympic)",REVIEW_EVENT,Semantic event key retained; no claim of row-by-row official extraction.,IOC Olympic results/programmes
1264,19,Biathlon,Biathlon,"30 kilometres, Women (Olympic)","Biathlon|Biathlon|30 kilometres, Women (Olympic)",REVIEW_EVENT,Semantic event key retained; no claim of row-by-row official extraction.,IOC Olympic results/programmes
1266,85,Skiing,Cross Country Skiing,"15 kilometres Skiathlon, Women (Olympic)","Skiing|Cross Country Skiing|15 kilometres Skiathlon, Women (Olympic)",REVIEW_EVENT,Semantic event key retained; no claim of row-by-row official extraction.,IOC Olympic results/programmes
1268,85,Skiing,Cross Country Skiing,"Team Sprint, Women (Olympic)","Skiing|Cross Country Skiing|Team Sprint, Women (Olympic)",REVIEW_EVENT,Semantic event key retained; no claim of row-by-row official extraction.,IOC Olympic results/programmes
1269,82,Skating,Speed Skating,"Mass Start, Women (Olympic)","Skating|Speed Skating|Mass Start, Women (Olympic)",REVIEW_EVENT,Semantic event key retained; no claim of row-by-row official extraction.,IOC Olympic results/programmes
1270,81,Skating,Short Track Speed Skating,"1,500 metres, Women (Olympic)","Skating|Short Track Speed Skating|1,500 metres, Women (Olympic)",REVIEW_EVENT,Semantic event key retained; no claim of row-by-row official extraction.,IOC Olympic results/programmes
1271,19,Biathlon,Biathlon,"4 × 5 kilometres Relay, Women (Olympic)","Biathlon|Biathlon|4 × 5 kilometres Relay, Women (Olympic)",REVIEW_EVENT,Semantic event key retained; no claim of row-by-row official extraction.,IOC Olympic results/programmes
1272,80,Skating,Figure Skating,"Singles, Men (Olympic)","Skating|Figure Skating|Singles, Men (Olympic)",REVIEW_EVENT,Semantic event key retained; no claim of row-by-row official extraction.,IOC Olympic results/programmes
1273,88,Skiing,Nordic Combined,"Team, Men (Olympic)","Skiing|Nordic Combined|Team, Men (Olympic)",REVIEW_EVENT,Semantic event key retained; no claim of row-by-row official extraction.,IOC Olympic results/programmes
1274,19,Biathlon,Biathlon,"10 kilometres Sprint, Men (Olympic)","Biathlon|Biathlon|10 kilometres Sprint, Men (Olympic)",REVIEW_EVENT,Semantic event key retained; no claim of row-by-row official extraction.,IOC Olympic results/programmes
1275,19,Biathlon,Biathlon,"4 × 7.5 kilometres Relay, Men (Olympic)","Biathlon|Biathlon|4 × 7.5 kilometres Relay, Men (Olympic)",REVIEW_EVENT,Semantic event key retained; no claim of row-by-row official extraction.,IOC Olympic results/programmes
1276,84,Skiing,Alpine Skiing,"Giant Slalom, Men (Olympic)","Skiing|Alpine Skiing|Giant Slalom, Men (Olympic)",REVIEW_EVENT,Semantic event key retained; no claim of row-by-row official extraction.,IOC Olympic results/programmes
1277,84,Skiing,Alpine Skiing,"Slalom, Men (Olympic)","Skiing|Alpine Skiing|Slalom, Men (Olympic)",REVIEW_EVENT,Semantic event key retained; no claim of row-by-row official extraction.,IOC Olympic results/programmes
1278,82,Skating,Speed Skating,"500 metres, Men (Olympic)","Skating|Speed Skating|500 metres, Men (Olympic)",REVIEW_EVENT,Semantic event key retained; no claim of row-by-row official extraction.,IOC Olympic results/programmes
1279,82,Skating,Speed Skating,"1,000 metres, Men (Olympic)","Skating|Speed Skating|1,000 metres, Men (Olympic)",REVIEW_EVENT,Semantic event key retained; no claim of row-by-row official extraction.,IOC Olympic results/programmes
1280,84,Skiing,Alpine Skiing,"Downhill, Men (Olympic)","Skiing|Alpine Skiing|Downhill, Men (Olympic)",REVIEW_EVENT,Semantic event key retained; no claim of row-by-row official extraction.,IOC Olympic results/programmes
1281,84,Skiing,Alpine Skiing,"Super G, Men (Olympic)","Skiing|Alpine Skiing|Super G, Men (Olympic)",REVIEW_EVENT,Semantic event key retained; no claim of row-by-row official extraction.,IOC Olympic results/programmes
1282,89,Skiing,Ski Jumping,"Large Hill, Individual, Men (Olympic)","Skiing|Ski Jumping|Large Hill, Individual, Men (Olympic)",REVIEW_EVENT,Semantic event key retained; no claim of row-by-row official extraction.,IOC Olympic results/programmes
1283,82,Skating,Speed Skating,"1,500 metres, Men (Olympic)","Skating|Speed Skating|1,500 metres, Men (Olympic)",REVIEW_EVENT,Semantic event key retained; no claim of row-by-row official extraction.,IOC Olympic results/programmes
1284,89,Skiing,Ski Jumping,"Normal Hill, Individual, Men (Olympic)","Skiing|Ski Jumping|Normal Hill, Individual, Men (Olympic)",REVIEW_EVENT,Semantic event key retained; no claim of row-by-row official extraction.,IOC Olympic results/programmes
1285,89,Skiing,Ski Jumping,"Large Hill, Team, Men (Olympic)","Skiing|Ski Jumping|Large Hill, Team, Men (Olympic)",REVIEW_EVENT,Semantic event key retained; no claim of row-by-row official extraction.,IOC Olympic results/programmes
1286,81,Skating,Short Track Speed Skating,"500 metres, Men (Olympic (non-medal))","Skating|Short Track Speed Skating|500 metres, Men (Olympic (non-medal))",REVIEW_EVENT,Semantic event key retained; no claim of row-by-row official extraction.,IOC Olympic results/programmes
1287,81,Skating,Short Track Speed Skating,"1,000 metres, Men (Olympic (non-medal))","Skating|Short Track Speed Skating|1,000 metres, Men (Olympic (non-medal))",REVIEW_EVENT,Semantic event key retained; no claim of row-by-row official extraction.,IOC Olympic results/programmes
1288,81,Skating,Short Track Speed Skating,"1,500 metres, Men (Olympic (non-medal))","Skating|Short Track Speed Skating|1,500 metres, Men (Olympic (non-medal))",REVIEW_EVENT,Semantic event key retained; no claim of row-by-row official extraction.,IOC Olympic results/programmes
1290,81,Skating,Short Track Speed Skating,"3,000 m, Men (Olympic (non-medal))","Skating|Short Track Speed Skating|3,000 m, Men (Olympic (non-medal))",REVIEW_EVENT,Semantic event key retained; no claim of row-by-row official extraction.,IOC Olympic results/programmes
1291,81,Skating,Short Track Speed Skating,"5,000 metres Relay, Men (Olympic)","Skating|Short Track Speed Skating|5,000 metres Relay, Men (Olympic)",REVIEW_EVENT,Semantic event key retained; no claim of row-by-row official extraction.,IOC Olympic results/programmes
1292,85,Skiing,Cross Country Skiing,"10 kilometres, Men (Olympic)","Skiing|Cross Country Skiing|10 kilometres, Men (Olympic)",REVIEW_EVENT,Semantic event key retained; no claim of row-by-row official extraction.,IOC Olympic results/programmes
1293,85,Skiing,Cross Country Skiing,"10/15 kilometres Pursuit, Men (Olympic)","Skiing|Cross Country Skiing|10/15 kilometres Pursuit, Men (Olympic)",REVIEW_EVENT,Semantic event key retained; no claim of row-by-row official extraction.,IOC Olympic results/programmes
1294,20,Bobsleigh,Bobsleigh,Curling,Bobsleigh|Bobsleigh|Curling,REVIEW_EVENT,Semantic event key retained; no claim of row-by-row official extraction.,IOC Olympic results/programmes
1295,20,Bobsleigh,Bobsleigh,"Curling, Men (Olympic)","Bobsleigh|Bobsleigh|Curling, Men (Olympic)",REVIEW_EVENT,Semantic event key retained; no claim of row-by-row official extraction.,IOC Olympic results/programmes
1296,86,Skiing,Freestyle Skiing,"Moguls, Men (Olympic)","Skiing|Freestyle Skiing|Moguls, Men (Olympic)",REVIEW_EVENT,Semantic event key retained; no claim of row-by-row official extraction.,IOC Olympic results/programmes
1297,59,Luge,Luge,"Doubles, Open (Olympic)","Luge|Luge|Doubles, Open (Olympic)",REVIEW_EVENT,Semantic event key retained; no claim of row-by-row official extraction.,IOC Olympic results/programmes
1298,85,Skiing,Cross Country Skiing,"10/10 kilometres Pursuit, Men (Olympic)","Skiing|Cross Country Skiing|10/10 kilometres Pursuit, Men (Olympic)",REVIEW_EVENT,Semantic event key retained; no claim of row-by-row official extraction.,IOC Olympic results/programmes
1299,59,Luge,Luge,"Singles, Men (Olympic)","Luge|Luge|Singles, Men (Olympic)",REVIEW_EVENT,Semantic event key retained; no claim of row-by-row official extraction.,IOC Olympic results/programmes
1300,20,Bobsleigh,Bobsleigh,Luge,Bobsleigh|Bobsleigh|Luge,REVIEW_EVENT,Semantic event key retained; no claim of row-by-row official extraction.,IOC Olympic results/programmes
1301,20,Bobsleigh,Bobsleigh,"Singles, Men (Olympic)","Bobsleigh|Bobsleigh|Singles, Men (Olympic)",REVIEW_EVENT,Semantic event key retained; no claim of row-by-row official extraction.,IOC Olympic results/programmes
1302,19,Biathlon,Biathlon,"10 kilometres, Men (Olympic)","Biathlon|Biathlon|10 kilometres, Men (Olympic)",REVIEW_EVENT,Semantic event key retained; no claim of row-by-row official extraction.,IOC Olympic results/programmes
1303,19,Biathlon,Biathlon,"30 kilometres, Men (Olympic)","Biathlon|Biathlon|30 kilometres, Men (Olympic)",REVIEW_EVENT,Semantic event key retained; no claim of row-by-row official extraction.,IOC Olympic results/programmes
1304,19,Biathlon,Biathlon,"10/15 kilometres Pursuit, Men (Olympic)","Biathlon|Biathlon|10/15 kilometres Pursuit, Men (Olympic)",REVIEW_EVENT,Semantic event key retained; no claim of row-by-row official extraction.,IOC Olympic results/programmes
1305,19,Biathlon,Biathlon,"4 × 10 kilometres Relay, Men (Olympic)","Biathlon|Biathlon|4 × 10 kilometres Relay, Men (Olympic)",REVIEW_EVENT,Semantic event key retained; no claim of row-by-row official extraction.,IOC Olympic results/programmes
1306,82,Skating,Speed Skating,"10,000 metres, Men (Olympic)","Skating|Speed Skating|10,000 metres, Men (Olympic)",REVIEW_EVENT,Semantic event key retained; no claim of row-by-row official extraction.,IOC Olympic results/programmes
1307,82,Skating,Speed Skating,"Allround, Men (Olympic)","Skating|Speed Skating|Allround, Men (Olympic)",REVIEW_EVENT,Semantic event key retained; no claim of row-by-row official extraction.,IOC Olympic results/programmes
1308,85,Skiing,Cross Country Skiing,"Sprint, Men (Olympic)","Skiing|Cross Country Skiing|Sprint, Men (Olympic)",REVIEW_EVENT,Semantic event key retained; no claim of row-by-row official extraction.,IOC Olympic results/programmes
1309,85,Skiing,Cross Country Skiing,"30 kilometres Skiathlon, Men (Olympic)","Skiing|Cross Country Skiing|30 kilometres Skiathlon, Men (Olympic)",REVIEW_EVENT,Semantic event key retained; no claim of row-by-row official extraction.,IOC Olympic results/programmes
1310,85,Skiing,Cross Country Skiing,"Team Sprint, Men (Olympic)","Skiing|Cross Country Skiing|Team Sprint, Men (Olympic)",REVIEW_EVENT,Semantic event key retained; no claim of row-by-row official extraction.,IOC Olympic results/programmes
1311,19,Biathlon,Biathlon,"15 kilometres, Men (Olympic)","Biathlon|Biathlon|15 kilometres, Men (Olympic)",REVIEW_EVENT,Semantic event key retained; no claim of row-by-row official extraction.,IOC Olympic results/programmes
1312,85,Skiing,Cross Country Skiing,Military Ski Patrol (Skiing),Skiing|Cross Country Skiing|Military Ski Patrol (Skiing),REVIEW_EVENT,Semantic event key retained; no claim of row-by-row official extraction.,IOC Olympic results/programmes
1315,86,Skiing,Freestyle Skiing,"Aerials, Men (Olympic)","Skiing|Freestyle Skiing|Aerials, Men (Olympic)",REVIEW_EVENT,Semantic event key retained; no claim of row-by-row official extraction.,IOC Olympic results/programmes
1316,84,Skiing,Alpine Skiing,Ski Jumping (Skiing),Skiing|Alpine Skiing|Ski Jumping (Skiing),REVIEW_EVENT,Semantic event key retained; no claim of row-by-row official extraction.,IOC Olympic results/programmes
1317,84,Skiing,Alpine Skiing,"Large Hill, Individual, Men (Olympic)","Skiing|Alpine Skiing|Large Hill, Individual, Men (Olympic)",REVIEW_EVENT,Semantic event key retained; no claim of row-by-row official extraction.,IOC Olympic results/programmes
1318,52,Ice Hockey,Ice Hockey,"Ice Hockey Exhibition, Men (Olympic (non-medal))","Ice Hockey|Ice Hockey|Ice Hockey Exhibition, Men (Olympic (non-medal))",REVIEW_EVENT,Semantic event key retained; no claim of row-by-row official extraction.,IOC Olympic results/programmes
1319,84,Skiing,Alpine Skiing,"18 kilometres, Men (Olympic)","Skiing|Alpine Skiing|18 kilometres, Men (Olympic)",REVIEW_EVENT,Semantic event key retained; no claim of row-by-row official extraction.,IOC Olympic results/programmes
1320,84,Skiing,Alpine Skiing,Nordic Combined (Skiing),Skiing|Alpine Skiing|Nordic Combined (Skiing),REVIEW_EVENT,Semantic event key retained; no claim of row-by-row official extraction.,IOC Olympic results/programmes
1321,84,Skiing,Alpine Skiing,"Individual, Men (Olympic)","Skiing|Alpine Skiing|Individual, Men (Olympic)",REVIEW_EVENT,Semantic event key retained; no claim of row-by-row official extraction.,IOC Olympic results/programmes
1322,88,Skiing,Nordic Combined,Ski Jumping (Skiing),Skiing|Nordic Combined|Ski Jumping (Skiing),REVIEW_EVENT,Semantic event key retained; no claim of row-by-row official extraction.,IOC Olympic results/programmes
1323,88,Skiing,Nordic Combined,"Large Hill, Individual, Men (Olympic)","Skiing|Nordic Combined|Large Hill, Individual, Men (Olympic)",REVIEW_EVENT,Semantic event key retained; no claim of row-by-row official extraction.,IOC Olympic results/programmes
1324,81,Skating,Short Track Speed Skating,"500 metres, Men (Olympic)","Skating|Short Track Speed Skating|500 metres, Men (Olympic)",REVIEW_EVENT,Semantic event key retained; no claim of row-by-row official extraction.,IOC Olympic results/programmes
1325,81,Skating,Short Track Speed Skating,"1,000 metres, Men (Olympic)","Skating|Short Track Speed Skating|1,000 metres, Men (Olympic)",REVIEW_EVENT,Semantic event key retained; no claim of row-by-row official extraction.,IOC Olympic results/programmes
1327,20,Bobsleigh,Bobsleigh,Skeleton (Bobsleigh),Bobsleigh|Bobsleigh|Skeleton (Bobsleigh),REVIEW_EVENT,Semantic event key retained; no claim of row-by-row official extraction.,IOC Olympic results/programmes
1328,20,Bobsleigh,Bobsleigh,"Skeleton, Men (Olympic)","Bobsleigh|Bobsleigh|Skeleton, Men (Olympic)",REVIEW_EVENT,Semantic event key retained; no claim of row-by-row official extraction.,IOC Olympic results/programmes
1329,87,Skiing,Military Ski Patrol,Nordic Combined (Skiing),Skiing|Military Ski Patrol|Nordic Combined (Skiing),REVIEW_EVENT,Semantic event key retained; no claim of row-by-row official extraction.,IOC Olympic results/programmes
1330,87,Skiing,Military Ski Patrol,"Individual, Men (Olympic)","Skiing|Military Ski Patrol|Individual, Men (Olympic)",REVIEW_EVENT,Semantic event key retained; no claim of row-by-row official extraction.,IOC Olympic results/programmes
1331,87,Skiing,Military Ski Patrol,Ski Jumping (Skiing),Skiing|Military Ski Patrol|Ski Jumping (Skiing),REVIEW_EVENT,Semantic event key retained; no claim of row-by-row official extraction.,IOC Olympic results/programmes
1332,87,Skiing,Military Ski Patrol,"Large Hill, Individual, Men (Olympic)","Skiing|Military Ski Patrol|Large Hill, Individual, Men (Olympic)",REVIEW_EVENT,Semantic event key retained; no claim of row-by-row official extraction.,IOC Olympic results/programmes
1333,19,Biathlon,Biathlon,"12.5 kilometres Pursuit, Men (Olympic)","Biathlon|Biathlon|12.5 kilometres Pursuit, Men (Olympic)",REVIEW_EVENT,Semantic event key retained; no claim of row-by-row official extraction.,IOC Olympic results/programmes
1334,19,Biathlon,Biathlon,"15 kilometres Mass Start, Men (Olympic)","Biathlon|Biathlon|15 kilometres Mass Start, Men (Olympic)",REVIEW_EVENT,Semantic event key retained; no claim of row-by-row official extraction.,IOC Olympic results/programmes
1335,19,Biathlon,Biathlon,"2 × 6 kilometres and 2 × 7.5 kilometres Relay, Mixed (Olympic)","Biathlon|Biathlon|2 × 6 kilometres and 2 × 7.5 kilometres Relay, Mixed (Olympic)",REVIEW_EVENT,Semantic event key retained; no claim of row-by-row official extraction.,IOC Olympic results/programmes
1336,88,Skiing,Nordic Combined,Cross Country Skiing (Skiing),Skiing|Nordic Combined|Cross Country Skiing (Skiing),REVIEW_EVENT,Semantic event key retained; no claim of row-by-row official extraction.,IOC Olympic results/programmes
1337,88,Skiing,Nordic Combined,"18 kilometres, Men (Olympic)","Skiing|Nordic Combined|18 kilometres, Men (Olympic)",REVIEW_EVENT,Semantic event key retained; no claim of row-by-row official extraction.,IOC Olympic results/programmes
1338,82,Skating,Speed Skating,"Team Pursuit (8 laps), Men (Olympic)","Skating|Speed Skating|Team Pursuit (8 laps), Men (Olympic)",REVIEW_EVENT,Semantic event key retained; no claim of row-by-row official extraction.,IOC Olympic results/programmes
1339,81,Skating,Short Track Speed Skating,"1,500 metres, Men (Olympic)","Skating|Short Track Speed Skating|1,500 metres, Men (Olympic)",REVIEW_EVENT,Semantic event key retained; no claim of row-by-row official extraction.,IOC Olympic results/programmes
1340,80,Skating,Figure Skating,"Special Figures, Men (Olympic)","Skating|Figure Skating|Special Figures, Men (Olympic)",REVIEW_EVENT,Semantic event key retained; no claim of row-by-row official extraction.,IOC Olympic results/programmes
1341,88,Skiing,Nordic Combined,"Large Hill, Team, Men (Olympic)","Skiing|Nordic Combined|Large Hill, Team, Men (Olympic)",REVIEW_EVENT,Semantic event key retained; no claim of row-by-row official extraction.,IOC Olympic results/programmes
1342,84,Skiing,Alpine Skiing,"50 kilometres, Men (Olympic)","Skiing|Alpine Skiing|50 kilometres, Men (Olympic)",REVIEW_EVENT,Semantic event key retained; no claim of row-by-row official extraction.,IOC Olympic results/programmes
1343,52,Ice Hockey,Ice Hockey,Cross Country Skiing (Skiing),Ice Hockey|Ice Hockey|Cross Country Skiing (Skiing),REVIEW_EVENT,Semantic event key retained; no claim of row-by-row official extraction.,IOC Olympic results/programmes
1344,52,Ice Hockey,Ice Hockey,"50 kilometres, Men (Olympic)","Ice Hockey|Ice Hockey|50 kilometres, Men (Olympic)",REVIEW_EVENT,Semantic event key retained; no claim of row-by-row official extraction.,IOC Olympic results/programmes
1345,52,Ice Hockey,Ice Hockey,Ski Jumping (Skiing),Ice Hockey|Ice Hockey|Ski Jumping (Skiing),REVIEW_EVENT,Semantic event key retained; no claim of row-by-row official extraction.,IOC Olympic results/programmes
1346,52,Ice Hockey,Ice Hockey,"Large Hill, Individual, Men (Olympic)","Ice Hockey|Ice Hockey|Large Hill, Individual, Men (Olympic)",REVIEW_EVENT,Semantic event key retained; no claim of row-by-row official extraction.,IOC Olympic results/programmes
1347,88,Skiing,Nordic Combined,Military Ski Patrol (Skiing),Skiing|Nordic Combined|Military Ski Patrol (Skiing),REVIEW_EVENT,Semantic event key retained; no claim of row-by-row official extraction.,IOC Olympic results/programmes
1348,88,Skiing,Nordic Combined,"Military Ski Patrol, Men (Olympic (non-medal))","Skiing|Nordic Combined|Military Ski Patrol, Men (Olympic (non-medal))",REVIEW_EVENT,Semantic event key retained; no claim of row-by-row official extraction.,IOC Olympic results/programmes
1349,88,Skiing,Nordic Combined,"Normal Hill, Individual, Men (Olympic)","Skiing|Nordic Combined|Normal Hill, Individual, Men (Olympic)",REVIEW_EVENT,Semantic event key retained; no claim of row-by-row official extraction.,IOC Olympic results/programmes
1350,52,Ice Hockey,Ice Hockey,Speed Skating (Skating),Ice Hockey|Ice Hockey|Speed Skating (Skating),REVIEW_EVENT,Semantic event key retained; no claim of row-by-row official extraction.,IOC Olympic results/programmes
1351,52,Ice Hockey,Ice Hockey,"500 metres, Men (Olympic)","Ice Hockey|Ice Hockey|500 metres, Men (Olympic)",REVIEW_EVENT,Semantic event key retained; no claim of row-by-row official extraction.,IOC Olympic results/programmes
1352,52,Ice Hockey,Ice Hockey,"1,500 metres, Men (Olympic)","Ice Hockey|Ice Hockey|1,500 metres, Men (Olympic)",REVIEW_EVENT,Semantic event key retained; no claim of row-by-row official extraction.,IOC Olympic results/programmes
1353,52,Ice Hockey,Ice Hockey,"5,000 metres, Men (Olympic)","Ice Hockey|Ice Hockey|5,000 metres, Men (Olympic)",REVIEW_EVENT,Semantic event key retained; no claim of row-by-row official extraction.,IOC Olympic results/programmes
1354,52,Ice Hockey,Ice Hockey,"Allround, Men (Olympic)","Ice Hockey|Ice Hockey|Allround, Men (Olympic)",REVIEW_EVENT,Semantic event key retained; no claim of row-by-row official extraction.,IOC Olympic results/programmes
1355,20,Bobsleigh,Bobsleigh,Ice Hockey (Ice Hockey),Bobsleigh|Bobsleigh|Ice Hockey (Ice Hockey),REVIEW_EVENT,Semantic event key retained; no claim of row-by-row official extraction.,IOC Olympic results/programmes
1356,20,Bobsleigh,Bobsleigh,"Ice Hockey, Men (Olympic)","Bobsleigh|Bobsleigh|Ice Hockey, Men (Olympic)",REVIEW_EVENT,Semantic event key retained; no claim of row-by-row official extraction.,IOC Olympic results/programmes
1357,82,Skating,Speed Skating,Ice Hockey (Ice Hockey),Skating|Speed Skating|Ice Hockey (Ice Hockey),REVIEW_EVENT,Semantic event key retained; no claim of row-by-row official extraction.,IOC Olympic results/programmes
1358,82,Skating,Speed Skating,"Ice Hockey, Men (Olympic)","Skating|Speed Skating|Ice Hockey, Men (Olympic)",REVIEW_EVENT,Semantic event key retained; no claim of row-by-row official extraction.,IOC Olympic results/programmes
1359,84,Skiing,Alpine Skiing,Bobsleigh (Bobsleigh),Skiing|Alpine Skiing|Bobsleigh (Bobsleigh),REVIEW_EVENT,Semantic event key retained; no claim of row-by-row official extraction.,IOC Olympic results/programmes
1360,84,Skiing,Alpine Skiing,"Four, Men (Olympic)","Skiing|Alpine Skiing|Four, Men (Olympic)",REVIEW_EVENT,Semantic event key retained; no claim of row-by-row official extraction.,IOC Olympic results/programmes
1361,59,Luge,Luge,"Team Relay, Mixed (Olympic)","Luge|Luge|Team Relay, Mixed (Olympic)",REVIEW_EVENT,Semantic event key retained; no claim of row-by-row official extraction.,IOC Olympic results/programmes
1362,89,Skiing,Ski Jumping,Alpine Skiing (Skiing),Skiing|Ski Jumping|Alpine Skiing (Skiing),REVIEW_EVENT,Semantic event key retained; no claim of row-by-row official extraction.,IOC Olympic results/programmes
1363,89,Skiing,Ski Jumping,"Combined, Men (Olympic)","Skiing|Ski Jumping|Combined, Men (Olympic)",REVIEW_EVENT,Semantic event key retained; no claim of row-by-row official extraction.,IOC Olympic results/programmes
1364,19,Biathlon,Biathlon,"50 kilometres, Men (Olympic)","Biathlon|Biathlon|50 kilometres, Men (Olympic)",REVIEW_EVENT,Semantic event key retained; no claim of row-by-row official extraction.,IOC Olympic results/programmes
1365,85,Skiing,Cross Country Skiing,"Military Ski Patrol, Men (Olympic (non-medal))","Skiing|Cross Country Skiing|Military Ski Patrol, Men (Olympic (non-medal))",REVIEW_EVENT,Semantic event key retained; no claim of row-by-row official extraction.,IOC Olympic results/programmes
1366,84,Skiing,Alpine Skiing,"15 kilometres, Men (Olympic)","Skiing|Alpine Skiing|15 kilometres, Men (Olympic)",REVIEW_EVENT,Semantic event key retained; no claim of row-by-row official extraction.,IOC Olympic results/programmes
1367,86,Skiing,Freestyle Skiing,"Ballet, Men (Olympic (non-medal))","Skiing|Freestyle Skiing|Ballet, Men (Olympic (non-medal))",REVIEW_EVENT,Semantic event key retained; no claim of row-by-row official extraction.,IOC Olympic results/programmes
1368,88,Skiing,Nordic Combined,"Sprint, Men (Olympic)","Skiing|Nordic Combined|Sprint, Men (Olympic)",REVIEW_EVENT,Semantic event key retained; no claim of row-by-row official extraction.,IOC Olympic results/programmes
1369,88,Skiing,Nordic Combined,"Normal Hill / 10 km, Individual, Men (Olympic)","Skiing|Nordic Combined|Normal Hill / 10 km, Individual, Men (Olympic)",REVIEW_EVENT,Semantic event key retained; no claim of row-by-row official extraction.,IOC Olympic results/programmes
1370,88,Skiing,Nordic Combined,"Large Hill / 10 km, Individual, Men (Olympic)","Skiing|Nordic Combined|Large Hill / 10 km, Individual, Men (Olympic)",REVIEW_EVENT,Semantic event key retained; no claim of row-by-row official extraction.,IOC Olympic results/programmes
1371,87,Skiing,Military Ski Patrol,Cross Country Skiing (Skiing),Skiing|Military Ski Patrol|Cross Country Skiing (Skiing),REVIEW_EVENT,Semantic event key retained; no claim of row-by-row official extraction.,IOC Olympic results/programmes
1372,87,Skiing,Military Ski Patrol,"50 kilometres, Men (Olympic)","Skiing|Military Ski Patrol|50 kilometres, Men (Olympic)",REVIEW_EVENT,Semantic event key retained; no claim of row-by-row official extraction.,IOC Olympic results/programmes
1373,84,Skiing,Alpine Skiing,"30 kilometres, Men (Olympic)","Skiing|Alpine Skiing|30 kilometres, Men (Olympic)",REVIEW_EVENT,Semantic event key retained; no claim of row-by-row official extraction.,IOC Olympic results/programmes
1374,9,Art Competitions,Art Competitions,"Sculpturing, Medals, Open (Olympic)","Art Competitions|Art Competitions|Sculpturing, Medals, Open (Olympic)",REVIEW_EVENT,Semantic event key retained; no claim of row-by-row official extraction.,IOC Olympic results/programmes
1375,26,Canoeing,Canoe Sprint,"Kayak Singles, 200 metres, Women (Olympic)","Canoeing|Canoe Sprint|Kayak Singles, 200 metres, Women (Olympic)",REVIEW_EVENT,Semantic event key retained; no claim of row-by-row official extraction.,IOC Olympic results/programmes
1376,26,Canoeing,Canoe Sprint,"Kayak Singles, 200 metres, Men (Olympic)","Canoeing|Canoe Sprint|Kayak Singles, 200 metres, Men (Olympic)",REVIEW_EVENT,Semantic event key retained; no claim of row-by-row official extraction.,IOC Olympic results/programmes
1377,26,Canoeing,Canoe Sprint,"Kayak Doubles, 200 metres, Men (Olympic)","Canoeing|Canoe Sprint|Kayak Doubles, 200 metres, Men (Olympic)",REVIEW_EVENT,Semantic event key retained; no claim of row-by-row official extraction.,IOC Olympic results/programmes
1378,26,Canoeing,Canoe Sprint,"Kayak Fours, 500 metres, Men (Olympic)","Canoeing|Canoe Sprint|Kayak Fours, 500 metres, Men (Olympic)",REVIEW_EVENT,Semantic event key retained; no claim of row-by-row official extraction.,IOC Olympic results/programmes
1379,34,Cycling,Cycling Track,"Omnium, Women (Olympic)","Cycling|Cycling Track|Omnium, Women (Olympic)",REVIEW_EVENT,Semantic event key retained; no claim of row-by-row official extraction.,IOC Olympic results/programmes
1380,32,Cycling,BMX Racing,"BMX, Men (Olympic)","Cycling|BMX Racing|BMX, Men (Olympic)",REVIEW_EVENT,Semantic event key retained; no claim of row-by-row official extraction.,IOC Olympic results/programmes
1381,47,Gymnastics,Trampoline Gymnastics,"Individual, Men (Olympic)","Gymnastics|Trampoline Gymnastics|Individual, Men (Olympic)",REVIEW_EVENT,Semantic event key retained; no claim of row-by-row official extraction.,IOC Olympic results/programmes
1382,47,Gymnastics,Trampoline Gymnastics,"Individual, Women (Olympic)","Gymnastics|Trampoline Gymnastics|Individual, Women (Olympic)",REVIEW_EVENT,Semantic event key retained; no claim of row-by-row official extraction.,IOC Olympic results/programmes
1383,85,Skiing,Cross Country Skiing,"Team, Men (Olympic)","Skiing|Cross Country Skiing|Team, Men (Olympic)",REVIEW_EVENT,Semantic event key retained; no claim of row-by-row official extraction.,IOC Olympic results/programmes
1384,103,Wrestling,Wrestling Freestyle,"Lightweight, Freestyle, Women (Olympic)","Wrestling|Wrestling Freestyle|Lightweight, Freestyle, Women (Olympic)",REVIEW_EVENT,Semantic event key retained; no claim of row-by-row official extraction.,IOC Olympic results/programmes
1386,79,Shooting,Shooting,"Trap, Team, Mixed (Olympic)","Shooting|Shooting|Trap, Team, Mixed (Olympic)",REVIEW_EVENT,Semantic event key retained; no claim of row-by-row official extraction.,IOC Olympic results/programmes
1387,79,Shooting,Shooting,"Air Pistol, 10 metres, Team, Mixed (Olympic)","Shooting|Shooting|Air Pistol, 10 metres, Team, Mixed (Olympic)",REVIEW_EVENT,Semantic event key retained; no claim of row-by-row official extraction.,IOC Olympic results/programmes
1388,6,Aquatics,Swimming,Marathon Swimming (Aquatics),Aquatics|Swimming|Marathon Swimming (Aquatics),REVIEW_EVENT,Semantic event key retained; no claim of row-by-row official extraction.,IOC Olympic results/programmes
1389,6,Aquatics,Swimming,"10 kilometres Open Water, Women (Olympic)","Aquatics|Swimming|10 kilometres Open Water, Women (Olympic)",REVIEW_EVENT,Semantic event key retained; no claim of row-by-row official extraction.,IOC Olympic results/programmes
1390,5,Aquatics,Marathon Swimming,"10 kilometres Open Water, Women (Olympic)","Aquatics|Marathon Swimming|10 kilometres Open Water, Women (Olympic)",REVIEW_EVENT,Semantic event key retained; no claim of row-by-row official extraction.,IOC Olympic results/programmes
1391,6,Aquatics,Swimming,"10 kilometres Open Water, Men (Olympic)","Aquatics|Swimming|10 kilometres Open Water, Men (Olympic)",REVIEW_EVENT,Semantic event key retained; no claim of row-by-row official extraction.,IOC Olympic results/programmes
1392,5,Aquatics,Marathon Swimming,"10 kilometres Open Water, Men (Olympic)","Aquatics|Marathon Swimming|10 kilometres Open Water, Men (Olympic)",REVIEW_EVENT,Semantic event key retained; no claim of row-by-row official extraction.,IOC Olympic results/programmes
1393,95,Taekwondo,Taekwondo,"Featherweight, Men (Olympic)","Taekwondo|Taekwondo|Featherweight, Men (Olympic)",REVIEW_EVENT,Semantic event key retained; no claim of row-by-row official extraction.,IOC Olympic results/programmes
1394,95,Taekwondo,Taekwondo,"Flyweight, Men (Olympic)","Taekwondo|Taekwondo|Flyweight, Men (Olympic)",REVIEW_EVENT,Semantic event key retained; no claim of row-by-row official extraction.,IOC Olympic results/programmes
1395,95,Taekwondo,Taekwondo,"Flyweight, Women (Olympic)","Taekwondo|Taekwondo|Flyweight, Women (Olympic)",REVIEW_EVENT,Semantic event key retained; no claim of row-by-row official extraction.,IOC Olympic results/programmes
1396,95,Taekwondo,Taekwondo,"Featherweight, Women (Olympic)","Taekwondo|Taekwondo|Featherweight, Women (Olympic)",REVIEW_EVENT,Semantic event key retained; no claim of row-by-row official extraction.,IOC Olympic results/programmes
1397,95,Taekwondo,Taekwondo,"Welterweight, Men (Olympic)","Taekwondo|Taekwondo|Welterweight, Men (Olympic)",REVIEW_EVENT,Semantic event key retained; no claim of row-by-row official extraction.,IOC Olympic results/programmes
1398,95,Taekwondo,Taekwondo,"Finweight, Men (Olympic (non-medal))","Taekwondo|Taekwondo|Finweight, Men (Olympic (non-medal))",REVIEW_EVENT,Semantic event key retained; no claim of row-by-row official extraction.,IOC Olympic results/programmes
1399,95,Taekwondo,Taekwondo,"Welterweight, Women (Olympic)","Taekwondo|Taekwondo|Welterweight, Women (Olympic)",REVIEW_EVENT,Semantic event key retained; no claim of row-by-row official extraction.,IOC Olympic results/programmes
1400,95,Taekwondo,Taekwondo,"Heavyweight, Men (Olympic)","Taekwondo|Taekwondo|Heavyweight, Men (Olympic)",REVIEW_EVENT,Semantic event key retained; no claim of row-by-row official extraction.,IOC Olympic results/programmes
1401,95,Taekwondo,Taekwondo,"Heavyweight, Women (Olympic)","Taekwondo|Taekwondo|Heavyweight, Women (Olympic)",REVIEW_EVENT,Semantic event key retained; no claim of row-by-row official extraction.,IOC Olympic results/programmes
1402,95,Taekwondo,Taekwondo,"Lightweight, Women (Olympic (non-medal))","Taekwondo|Taekwondo|Lightweight, Women (Olympic (non-medal))",REVIEW_EVENT,Semantic event key retained; no claim of row-by-row official extraction.,IOC Olympic results/programmes
1404,95,Taekwondo,Taekwondo,"Bantamweight, Men (Olympic (non-medal))","Taekwondo|Taekwondo|Bantamweight, Men (Olympic (non-medal))",REVIEW_EVENT,Semantic event key retained; no claim of row-by-row official extraction.,IOC Olympic results/programmes
1405,95,Taekwondo,Taekwondo,"Middleweight, Women (Olympic (non-medal))","Taekwondo|Taekwondo|Middleweight, Women (Olympic (non-medal))",REVIEW_EVENT,Semantic event key retained; no claim of row-by-row official extraction.,IOC Olympic results/programmes
1406,95,Taekwondo,Taekwondo,"Heavyweight, Women (Olympic (non-medal))","Taekwondo|Taekwondo|Heavyweight, Women (Olympic (non-medal))",REVIEW_EVENT,Semantic event key retained; no claim of row-by-row official extraction.,IOC Olympic results/programmes
1407,97,Triathlon,Triathlon,"Olympic Distance, Men (Olympic)","Triathlon|Triathlon|Olympic Distance, Men (Olympic)",REVIEW_EVENT,Semantic event key retained; no claim of row-by-row official extraction.,IOC Olympic results/programmes
1408,97,Triathlon,Triathlon,Athletics,Triathlon|Triathlon|Athletics,REVIEW_EVENT,Semantic event key retained; no claim of row-by-row official extraction.,IOC Olympic results/programmes
1409,97,Triathlon,Triathlon,"10,000 metres, Women (Olympic)","Triathlon|Triathlon|10,000 metres, Women (Olympic)",REVIEW_EVENT,Semantic event key retained; no claim of row-by-row official extraction.,IOC Olympic results/programmes
1410,7,Aquatics,Water Polo,"Water Polo, Women (Olympic)","Aquatics|Water Polo|Water Polo, Women (Olympic)",REVIEW_EVENT,Semantic event key retained; no claim of row-by-row official extraction.,IOC Olympic results/programmes
1411,101,Weightlifting,Weightlifting,"Light-Heavyweight, Women (Olympic)","Weightlifting|Weightlifting|Light-Heavyweight, Women (Olympic)",REVIEW_EVENT,Semantic event key retained; no claim of row-by-row official extraction.,IOC Olympic results/programmes
1412,101,Weightlifting,Weightlifting,"Lightweight, Women (Olympic)","Weightlifting|Weightlifting|Lightweight, Women (Olympic)",REVIEW_EVENT,Semantic event key retained; no claim of row-by-row official extraction.,IOC Olympic results/programmes
1413,101,Weightlifting,Weightlifting,"Middleweight, Women (Olympic)","Weightlifting|Weightlifting|Middleweight, Women (Olympic)",REVIEW_EVENT,Semantic event key retained; no claim of row-by-row official extraction.,IOC Olympic results/programmes
1414,101,Weightlifting,Weightlifting,"Super-Heavyweight, Women (Olympic)","Weightlifting|Weightlifting|Super-Heavyweight, Women (Olympic)",REVIEW_EVENT,Semantic event key retained; no claim of row-by-row official extraction.,IOC Olympic results/programmes
1415,101,Weightlifting,Weightlifting,"Featherweight, Women (Olympic)","Weightlifting|Weightlifting|Featherweight, Women (Olympic)",REVIEW_EVENT,Semantic event key retained; no claim of row-by-row official extraction.,IOC Olympic results/programmes
1416,101,Weightlifting,Weightlifting,"Flyweight, Women (Olympic)","Weightlifting|Weightlifting|Flyweight, Women (Olympic)",REVIEW_EVENT,Semantic event key retained; no claim of row-by-row official extraction.,IOC Olympic results/programmes
1417,85,Skiing,Cross Country Skiing,Alpine Skiing (Skiing),Skiing|Cross Country Skiing|Alpine Skiing (Skiing),REVIEW_EVENT,Semantic event key retained; no claim of row-by-row official extraction.,IOC Olympic results/programmes
1418,85,Skiing,Cross Country Skiing,"Combined, Men (Olympic)","Skiing|Cross Country Skiing|Combined, Men (Olympic)",REVIEW_EVENT,Semantic event key retained; no claim of row-by-row official extraction.,IOC Olympic results/programmes
1419,89,Skiing,Ski Jumping,Nordic Combined (Skiing),Skiing|Ski Jumping|Nordic Combined (Skiing),REVIEW_EVENT,Semantic event key retained; no claim of row-by-row official extraction.,IOC Olympic results/programmes
1420,89,Skiing,Ski Jumping,"Individual, Men (Olympic)","Skiing|Ski Jumping|Individual, Men (Olympic)",REVIEW_EVENT,Semantic event key retained; no claim of row-by-row official extraction.,IOC Olympic results/programmes
1421,52,Ice Hockey,Ice Hockey,Football (Football),Ice Hockey|Ice Hockey|Football (Football),REVIEW_EVENT,Semantic event key retained; no claim of row-by-row official extraction.,IOC Olympic results/programmes
1422,52,Ice Hockey,Ice Hockey,"Football, Men (Olympic)","Ice Hockey|Ice Hockey|Football, Men (Olympic)",REVIEW_EVENT,Semantic event key retained; no claim of row-by-row official extraction.,IOC Olympic results/programmes
1423,86,Skiing,Freestyle Skiing,"Ski Cross, Men (Olympic)","Skiing|Freestyle Skiing|Ski Cross, Men (Olympic)",REVIEW_EVENT,Semantic event key retained; no claim of row-by-row official extraction.,IOC Olympic results/programmes
1424,52,Ice Hockey,Ice Hockey,"10,000 metres, Men (Olympic)","Ice Hockey|Ice Hockey|10,000 metres, Men (Olympic)",REVIEW_EVENT,Semantic event key retained; no claim of row-by-row official extraction.,IOC Olympic results/programmes
1425,20,Bobsleigh,Bobsleigh,Alpine Skiing (Skiing),Bobsleigh|Bobsleigh|Alpine Skiing (Skiing),REVIEW_EVENT,Semantic event key retained; no claim of row-by-row official extraction.,IOC Olympic results/programmes
1426,20,Bobsleigh,Bobsleigh,"Giant Slalom, Men (Olympic)","Bobsleigh|Bobsleigh|Giant Slalom, Men (Olympic)",REVIEW_EVENT,Semantic event key retained; no claim of row-by-row official extraction.,IOC Olympic results/programmes
1427,88,Skiing,Nordic Combined,"50 kilometres, Men (Olympic)","Skiing|Nordic Combined|50 kilometres, Men (Olympic)",REVIEW_EVENT,Semantic event key retained; no claim of row-by-row official extraction.,IOC Olympic results/programmes
1428,52,Ice Hockey,Ice Hockey,Skijoring (Skiing),Ice Hockey|Ice Hockey|Skijoring (Skiing),REVIEW_EVENT,Semantic event key retained; no claim of row-by-row official extraction.,IOC Olympic results/programmes
1429,52,Ice Hockey,Ice Hockey,"Ski Joring, Men (Olympic (non-medal))","Ice Hockey|Ice Hockey|Ski Joring, Men (Olympic (non-medal))",REVIEW_EVENT,Semantic event key retained; no claim of row-by-row official extraction.,IOC Olympic results/programmes
1430,84,Skiing,Alpine Skiing,"Two, Men (Olympic)","Skiing|Alpine Skiing|Two, Men (Olympic)",REVIEW_EVENT,Semantic event key retained; no claim of row-by-row official extraction.,IOC Olympic results/programmes
1431,19,Biathlon,Biathlon,"Sprint, Men (Olympic)","Biathlon|Biathlon|Sprint, Men (Olympic)",REVIEW_EVENT,Semantic event key retained; no claim of row-by-row official extraction.,IOC Olympic results/programmes
1432,90,Skiing,Snowboard,"Giant Slalom, Men (Olympic)","Skiing|Snowboard|Giant Slalom, Men (Olympic)",REVIEW_EVENT,Semantic event key retained; no claim of row-by-row official extraction.,IOC Olympic results/programmes
1433,90,Skiing,Snowboard,"Parallel Giant Slalom, Men (Olympic)","Skiing|Snowboard|Parallel Giant Slalom, Men (Olympic)",REVIEW_EVENT,Semantic event key retained; no claim of row-by-row official extraction.,IOC Olympic results/programmes
1434,90,Skiing,Snowboard,"Giant Slalom, Women (Olympic)","Skiing|Snowboard|Giant Slalom, Women (Olympic)",REVIEW_EVENT,Semantic event key retained; no claim of row-by-row official extraction.,IOC Olympic results/programmes
1435,90,Skiing,Snowboard,"Cross, Men (Olympic)","Skiing|Snowboard|Cross, Men (Olympic)",REVIEW_EVENT,Semantic event key retained; no claim of row-by-row official extraction.,IOC Olympic results/programmes
1436,90,Skiing,Snowboard,"Parallel Slalom, Men (Olympic)","Skiing|Snowboard|Parallel Slalom, Men (Olympic)",REVIEW_EVENT,Semantic event key retained; no claim of row-by-row official extraction.,IOC Olympic results/programmes
1437,90,Skiing,Snowboard,"Halfpipe, Men (Olympic)","Skiing|Snowboard|Halfpipe, Men (Olympic)",REVIEW_EVENT,Semantic event key retained; no claim of row-by-row official extraction.,IOC Olympic results/programmes
1438,90,Skiing,Snowboard,"Halfpipe, Women (Olympic)","Skiing|Snowboard|Halfpipe, Women (Olympic)",REVIEW_EVENT,Semantic event key retained; no claim of row-by-row official extraction.,IOC Olympic results/programmes
1439,90,Skiing,Snowboard,"Cross, Women (Olympic)","Skiing|Snowboard|Cross, Women (Olympic)",REVIEW_EVENT,Semantic event key retained; no claim of row-by-row official extraction.,IOC Olympic results/programmes
1440,90,Skiing,Snowboard,"Parallel Giant Slalom, Women (Olympic)","Skiing|Snowboard|Parallel Giant Slalom, Women (Olympic)",REVIEW_EVENT,Semantic event key retained; no claim of row-by-row official extraction.,IOC Olympic results/programmes
1441,29,Curling,Curling,"Curling, Women (Olympic)","Curling|Curling|Curling, Women (Olympic)",REVIEW_EVENT,Semantic event key retained; no claim of row-by-row official extraction.,IOC Olympic results/programmes
1442,29,Curling,Curling,"Curling, Women (Olympic (non-medal))","Curling|Curling|Curling, Women (Olympic (non-medal))",REVIEW_EVENT,Semantic event key retained; no claim of row-by-row official extraction.,IOC Olympic results/programmes
1443,29,Curling,Curling,"Curling, Men (Olympic)","Curling|Curling|Curling, Men (Olympic)",REVIEW_EVENT,Semantic event key retained; no claim of row-by-row official extraction.,IOC Olympic results/programmes
1444,29,Curling,Curling,"Curling, Men (Olympic (non-medal))","Curling|Curling|Curling, Men (Olympic (non-medal))",REVIEW_EVENT,Semantic event key retained; no claim of row-by-row official extraction.,IOC Olympic results/programmes
1445,52,Ice Hockey,Ice Hockey,"Ice Hockey, Women (Olympic)","Ice Hockey|Ice Hockey|Ice Hockey, Women (Olympic)",REVIEW_EVENT,Semantic event key retained; no claim of row-by-row official extraction.,IOC Olympic results/programmes
1446,77,Sailing,Sailing,"18 foot, Open (Olympic)","Sailing|Sailing|18 foot, Open (Olympic)",REVIEW_EVENT,Semantic event key retained; no claim of row-by-row official extraction.,IOC Olympic results/programmes
1447,90,Skiing,Snowboard,"Slopestyle, Women (Olympic)","Skiing|Snowboard|Slopestyle, Women (Olympic)",REVIEW_EVENT,Semantic event key retained; no claim of row-by-row official extraction.,IOC Olympic results/programmes
1448,19,Biathlon,Biathlon,"10/10 kilometres Pursuit, Men (Olympic)","Biathlon|Biathlon|10/10 kilometres Pursuit, Men (Olympic)",REVIEW_EVENT,Semantic event key retained; no claim of row-by-row official extraction.,IOC Olympic results/programmes
1449,80,Skating,Figure Skating,"Team, Mixed (Olympic)","Skating|Figure Skating|Team, Mixed (Olympic)",REVIEW_EVENT,Semantic event key retained; no claim of row-by-row official extraction.,IOC Olympic results/programmes
1450,90,Skiing,Snowboard,"Parallel Slalom, Women (Olympic)","Skiing|Snowboard|Parallel Slalom, Women (Olympic)",REVIEW_EVENT,Semantic event key retained; no claim of row-by-row official extraction.,IOC Olympic results/programmes
1451,21,Bobsleigh,Skeleton,"Skeleton, Women (Olympic)","Bobsleigh|Skeleton|Skeleton, Women (Olympic)",REVIEW_EVENT,Semantic event key retained; no claim of row-by-row official extraction.,IOC Olympic results/programmes
1452,84,Skiing,Alpine Skiing,"Team, Mixed (Olympic)","Skiing|Alpine Skiing|Team, Mixed (Olympic)",REVIEW_EVENT,Semantic event key retained; no claim of row-by-row official extraction.,IOC Olympic results/programmes
1453,20,Bobsleigh,Bobsleigh,"Four, Open (Olympic)","Bobsleigh|Bobsleigh|Four, Open (Olympic)",REVIEW_EVENT,Semantic event key retained; no claim of row-by-row official extraction.,IOC Olympic results/programmes
1454,6,Aquatics,Swimming,"High Jump, Men (Olympic (non-medal))","Aquatics|Swimming|High Jump, Men (Olympic (non-medal))",REVIEW_EVENT,Semantic event key retained; no claim of row-by-row official extraction.,IOC Olympic results/programmes
1455,6,Aquatics,Swimming,"Standing High Jump, Men (Olympic)","Aquatics|Swimming|Standing High Jump, Men (Olympic)",REVIEW_EVENT,Semantic event key retained; no claim of row-by-row official extraction.,IOC Olympic results/programmes
1456,6,Aquatics,Swimming,"Pole Vault, Men (Olympic (non-medal))","Aquatics|Swimming|Pole Vault, Men (Olympic (non-medal))",REVIEW_EVENT,Semantic event key retained; no claim of row-by-row official extraction.,IOC Olympic results/programmes
1457,6,Aquatics,Swimming,"High Jump, Handicap, Men (Olympic (non-medal))","Aquatics|Swimming|High Jump, Handicap, Men (Olympic (non-medal))",REVIEW_EVENT,Semantic event key retained; no claim of row-by-row official extraction.,IOC Olympic results/programmes
1458,6,Aquatics,Swimming,"Pole Vault, Handicap, Men (Olympic (non-medal))","Aquatics|Swimming|Pole Vault, Handicap, Men (Olympic (non-medal))",REVIEW_EVENT,Semantic event key retained; no claim of row-by-row official extraction.,IOC Olympic results/programmes
1459,7,Aquatics,Water Polo,"Plunge For Distance, Men (Olympic)","Aquatics|Water Polo|Plunge For Distance, Men (Olympic)",REVIEW_EVENT,Semantic event key retained; no claim of row-by-row official extraction.,IOC Olympic results/programmes
1460,7,Aquatics,Water Polo,"220 yards, Handicap, Men (Olympic (non-medal))","Aquatics|Water Polo|220 yards, Handicap, Men (Olympic (non-medal))",REVIEW_EVENT,Semantic event key retained; no claim of row-by-row official extraction.,IOC Olympic results/programmes
1461,7,Aquatics,Water Polo,"1 mile, Handicap, Men (Olympic (non-medal))","Aquatics|Water Polo|1 mile, Handicap, Men (Olympic (non-medal))",REVIEW_EVENT,Semantic event key retained; no claim of row-by-row official extraction.,IOC Olympic results/programmes
1462,73,Roque,Roque,"Singles, Men (Olympic)","Roque|Roque|Singles, Men (Olympic)",REVIEW_EVENT,Semantic event key retained; no claim of row-by-row official extraction.,IOC Olympic results/programmes
1463,79,Shooting,Shooting,"Unknown Event, Men (Olympic)","Shooting|Shooting|Unknown Event, Men (Olympic)",REVIEW_EVENT,Semantic event key retained; no claim of row-by-row official extraction.,IOC Olympic results/programmes
1464,6,Aquatics,Swimming,"4 × 100 metres Medley Relay, Mixed (Olympic)","Aquatics|Swimming|4 × 100 metres Medley Relay, Mixed (Olympic)",REVIEW_EVENT,Semantic event key retained; no claim of row-by-row official extraction.,IOC Olympic results/programmes
1465,6,Aquatics,Swimming,"1,500 metres Freestyle, Women (Olympic)","Aquatics|Swimming|1,500 metres Freestyle, Women (Olympic)",REVIEW_EVENT,Semantic event key retained; no claim of row-by-row official extraction.,IOC Olympic results/programmes
1466,77,Sailing,Sailing,"Skiff, Women (Olympic)","Sailing|Sailing|Skiff, Women (Olympic)",REVIEW_EVENT,Semantic event key retained; no claim of row-by-row official extraction.,IOC Olympic results/programmes
1467,77,Sailing,Sailing,"Skiff, Men (Olympic)","Sailing|Sailing|Skiff, Men (Olympic)",REVIEW_EVENT,Semantic event key retained; no claim of row-by-row official extraction.,IOC Olympic results/programmes
1468,79,Shooting,Shooting,"Air Rifle, 10 metres, Team, Mixed (Olympic)","Shooting|Shooting|Air Rifle, 10 metres, Team, Mixed (Olympic)",REVIEW_EVENT,Semantic event key retained; no claim of row-by-row official extraction.,IOC Olympic results/programmes
1469,26,Canoeing,Canoe Sprint,"Canadian Singles, 200 metres, Men (Olympic)","Canoeing|Canoe Sprint|Canadian Singles, 200 metres, Men (Olympic)",REVIEW_EVENT,Semantic event key retained; no claim of row-by-row official extraction.,IOC Olympic results/programmes
1470,41,Fencing,Fencing,"Sabre, Individual, Women (Olympic)","Fencing|Fencing|Sabre, Individual, Women (Olympic)",REVIEW_EVENT,Semantic event key retained; no claim of row-by-row official extraction.,IOC Olympic results/programmes
1471,41,Fencing,Fencing,"Sabre, Team, Women (Olympic)","Fencing|Fencing|Sabre, Team, Women (Olympic)",REVIEW_EVENT,Semantic event key retained; no claim of row-by-row official extraction.,IOC Olympic results/programmes
1472,97,Triathlon,Triathlon,"Relay, Mixed (Olympic)","Triathlon|Triathlon|Relay, Mixed (Olympic)",REVIEW_EVENT,Semantic event key retained; no claim of row-by-row official extraction.,IOC Olympic results/programmes
1473,34,Cycling,Cycling Track,"Team Pursuit, Women (Olympic)","Cycling|Cycling Track|Team Pursuit, Women (Olympic)",REVIEW_EVENT,Semantic event key retained; no claim of row-by-row official extraction.,IOC Olympic results/programmes
1474,33,Cycling,Cycling Road,"Keirin, Men (Olympic)","Cycling|Cycling Road|Keirin, Men (Olympic)",REVIEW_EVENT,Semantic event key retained; no claim of row-by-row official extraction.,IOC Olympic results/programmes
1475,94,Table Tennis,Table Tennis,"Doubles, Mixed (Olympic)","Table Tennis|Table Tennis|Doubles, Mixed (Olympic)",REVIEW_EVENT,Semantic event key retained; no claim of row-by-row official extraction.,IOC Olympic results/programmes
1476,103,Wrestling,Wrestling Freestyle,"Flyweight, Freestyle, Women (Olympic)","Wrestling|Wrestling Freestyle|Flyweight, Freestyle, Women (Olympic)",REVIEW_EVENT,Semantic event key retained; no claim of row-by-row official extraction.,IOC Olympic results/programmes
1477,103,Wrestling,Wrestling Freestyle,"Featherweight, Freestyle, Women (Olympic)","Wrestling|Wrestling Freestyle|Featherweight, Freestyle, Women (Olympic)",REVIEW_EVENT,Semantic event key retained; no claim of row-by-row official extraction.,IOC Olympic results/programmes
1478,103,Wrestling,Wrestling Freestyle,"Middleweight, Freestyle, Women (Olympic)","Wrestling|Wrestling Freestyle|Middleweight, Freestyle, Women (Olympic)",REVIEW_EVENT,Semantic event key retained; no claim of row-by-row official extraction.,IOC Olympic results/programmes
1479,82,Skating,Speed Skating,"Mass Start, Men (Olympic)","Skating|Speed Skating|Mass Start, Men (Olympic)",REVIEW_EVENT,Semantic event key retained; no claim of row-by-row official extraction.,IOC Olympic results/programmes
1480,89,Skiing,Ski Jumping,"Normal Hill, Team, Mixed (Olympic)","Skiing|Ski Jumping|Normal Hill, Team, Mixed (Olympic)",REVIEW_EVENT,Semantic event key retained; no claim of row-by-row official extraction.,IOC Olympic results/programmes
1481,90,Skiing,Snowboard,"Slopestyle, Men (Olympic)","Skiing|Snowboard|Slopestyle, Men (Olympic)",REVIEW_EVENT,Semantic event key retained; no claim of row-by-row official extraction.,IOC Olympic results/programmes
1482,81,Skating,Short Track Speed Skating,"2,000 metres Relay, Mixed (Olympic)","Skating|Short Track Speed Skating|2,000 metres Relay, Mixed (Olympic)",REVIEW_EVENT,Semantic event key retained; no claim of row-by-row official extraction.,IOC Olympic results/programmes
1483,90,Skiing,Snowboard,"Big Air, Women (Olympic)","Skiing|Snowboard|Big Air, Women (Olympic)",REVIEW_EVENT,Semantic event key retained; no claim of row-by-row official extraction.,IOC Olympic results/programmes
1484,90,Skiing,Snowboard,"Team Cross, Mixed (Olympic)","Skiing|Snowboard|Team Cross, Mixed (Olympic)",REVIEW_EVENT,Semantic event key retained; no claim of row-by-row official extraction.,IOC Olympic results/programmes
1485,8,Archery,Archery,"Individual, Girls (YOG)","Archery|Archery|Individual, Girls (YOG)",REVIEW_EVENT,Semantic event key retained; no claim of row-by-row official extraction.,IOC Olympic results/programmes
1486,8,Archery,Archery,"Team, Mixed Youth (YOG)","Archery|Archery|Team, Mixed Youth (YOG)",REVIEW_EVENT,Semantic event key retained; no claim of row-by-row official extraction.,IOC Olympic results/programmes
1487,6,Aquatics,Swimming,"50 metres Freestyle, Girls (YOG)","Aquatics|Swimming|50 metres Freestyle, Girls (YOG)",REVIEW_EVENT,Semantic event key retained; no claim of row-by-row official extraction.,IOC Olympic results/programmes
1488,6,Aquatics,Swimming,"4 × 100 metres Freestyle Relay, Mixed Youth (YOG)","Aquatics|Swimming|4 × 100 metres Freestyle Relay, Mixed Youth (YOG)",REVIEW_EVENT,Semantic event key retained; no claim of row-by-row official extraction.,IOC Olympic results/programmes
1489,6,Aquatics,Swimming,"100 metres Freestyle, Girls (YOG)","Aquatics|Swimming|100 metres Freestyle, Girls (YOG)",REVIEW_EVENT,Semantic event key retained; no claim of row-by-row official extraction.,IOC Olympic results/programmes
1490,6,Aquatics,Swimming,"4 × 100 metres Medley Relay, Mixed Youth (YOG)","Aquatics|Swimming|4 × 100 metres Medley Relay, Mixed Youth (YOG)",REVIEW_EVENT,Semantic event key retained; no claim of row-by-row official extraction.,IOC Olympic results/programmes
1491,6,Aquatics,Swimming,"200 metres Freestyle, Girls (YOG)","Aquatics|Swimming|200 metres Freestyle, Girls (YOG)",REVIEW_EVENT,Semantic event key retained; no claim of row-by-row official extraction.,IOC Olympic results/programmes
1492,6,Aquatics,Swimming,"4 × 100 metres Freestyle Relay, Girls (YOG)","Aquatics|Swimming|4 × 100 metres Freestyle Relay, Girls (YOG)",REVIEW_EVENT,Semantic event key retained; no claim of row-by-row official extraction.,IOC Olympic results/programmes
1493,6,Aquatics,Swimming,"4 × 100 metres Medley Relay, Girls (YOG)","Aquatics|Swimming|4 × 100 metres Medley Relay, Girls (YOG)",REVIEW_EVENT,Semantic event key retained; no claim of row-by-row official extraction.,IOC Olympic results/programmes
1494,56,Judo,Judo,"Team, Mixed (Olympic)","Judo|Judo|Team, Mixed (Olympic)",REVIEW_EVENT,Semantic event key retained; no claim of row-by-row official extraction.,IOC Olympic results/programmes
1495,32,Cycling,BMX Racing,"BMX, Women (Olympic)","Cycling|BMX Racing|BMX, Women (Olympic)",REVIEW_EVENT,Semantic event key retained; no claim of row-by-row official extraction.,IOC Olympic results/programmes
1496,33,Cycling,Cycling Road,"Team Sprint, Men (Olympic)","Cycling|Cycling Road|Team Sprint, Men (Olympic)",REVIEW_EVENT,Semantic event key retained; no claim of row-by-row official extraction.,IOC Olympic results/programmes
1497,34,Cycling,Cycling Track,Cycling Mountain Bike (Cycling),Cycling|Cycling Track|Cycling Mountain Bike (Cycling),REVIEW_EVENT,Semantic event key retained; no claim of row-by-row official extraction.,IOC Olympic results/programmes
1498,34,Cycling,Cycling Track,"Cross-Country, Men (Olympic)","Cycling|Cycling Track|Cross-Country, Men (Olympic)",REVIEW_EVENT,Semantic event key retained; no claim of row-by-row official extraction.,IOC Olympic results/programmes
1499,10,Athletics,Athletics,"4 × 400 metres Relay, Mixed (Olympic)","Athletics|Athletics|4 × 400 metres Relay, Mixed (Olympic)",REVIEW_EVENT,Semantic event key retained; no claim of row-by-row official extraction.,IOC Olympic results/programmes
1500,6,Aquatics,Swimming,"50 metres Freestyle, Boys (YOG)","Aquatics|Swimming|50 metres Freestyle, Boys (YOG)",REVIEW_EVENT,Semantic event key retained; no claim of row-by-row official extraction.,IOC Olympic results/programmes
1501,6,Aquatics,Swimming,"100 metres Freestyle, Boys (YOG)","Aquatics|Swimming|100 metres Freestyle, Boys (YOG)",REVIEW_EVENT,Semantic event key retained; no claim of row-by-row official extraction.,IOC Olympic results/programmes
1502,6,Aquatics,Swimming,"200 metres Freestyle, Boys (YOG)","Aquatics|Swimming|200 metres Freestyle, Boys (YOG)",REVIEW_EVENT,Semantic event key retained; no claim of row-by-row official extraction.,IOC Olympic results/programmes
1503,6,Aquatics,Swimming,"100 metres Backstroke, Boys (YOG)","Aquatics|Swimming|100 metres Backstroke, Boys (YOG)",REVIEW_EVENT,Semantic event key retained; no claim of row-by-row official extraction.,IOC Olympic results/programmes
1504,6,Aquatics,Swimming,"200 metres Individual Medley, Boys (YOG)","Aquatics|Swimming|200 metres Individual Medley, Boys (YOG)",REVIEW_EVENT,Semantic event key retained; no claim of row-by-row official extraction.,IOC Olympic results/programmes
1505,6,Aquatics,Swimming,"50 metres Backstroke, Girls (YOG)","Aquatics|Swimming|50 metres Backstroke, Girls (YOG)",REVIEW_EVENT,Semantic event key retained; no claim of row-by-row official extraction.,IOC Olympic results/programmes
1506,6,Aquatics,Swimming,"100 metres Backstroke, Girls (YOG)","Aquatics|Swimming|100 metres Backstroke, Girls (YOG)",REVIEW_EVENT,Semantic event key retained; no claim of row-by-row official extraction.,IOC Olympic results/programmes
1507,6,Aquatics,Swimming,"200 metres Breaststroke, Girls (YOG)","Aquatics|Swimming|200 metres Breaststroke, Girls (YOG)",REVIEW_EVENT,Semantic event key retained; no claim of row-by-row official extraction.,IOC Olympic results/programmes
1508,6,Aquatics,Swimming,"200 metres Individual Medley, Girls (YOG)","Aquatics|Swimming|200 metres Individual Medley, Girls (YOG)",REVIEW_EVENT,Semantic event key retained; no claim of row-by-row official extraction.,IOC Olympic results/programmes
1509,6,Aquatics,Swimming,"400 metres Freestyle, Girls (YOG)","Aquatics|Swimming|400 metres Freestyle, Girls (YOG)",REVIEW_EVENT,Semantic event key retained; no claim of row-by-row official extraction.,IOC Olympic results/programmes
1510,6,Aquatics,Swimming,"200 metres Butterfly, Girls (YOG)","Aquatics|Swimming|200 metres Butterfly, Girls (YOG)",REVIEW_EVENT,Semantic event key retained; no claim of row-by-row official extraction.,IOC Olympic results/programmes
1511,6,Aquatics,Swimming,"100 metres Butterfly, Boys (YOG)","Aquatics|Swimming|100 metres Butterfly, Boys (YOG)",REVIEW_EVENT,Semantic event key retained; no claim of row-by-row official extraction.,IOC Olympic results/programmes
1512,6,Aquatics,Swimming,"200 metres Butterfly, Boys (YOG)","Aquatics|Swimming|200 metres Butterfly, Boys (YOG)",REVIEW_EVENT,Semantic event key retained; no claim of row-by-row official extraction.,IOC Olympic results/programmes
1513,4,Aquatics,Diving,"Springboard, Girls (YOG)","Aquatics|Diving|Springboard, Girls (YOG)",REVIEW_EVENT,Semantic event key retained; no claim of row-by-row official extraction.,IOC Olympic results/programmes
1514,4,Aquatics,Diving,"Platform, Girls (YOG)","Aquatics|Diving|Platform, Girls (YOG)",REVIEW_EVENT,Semantic event key retained; no claim of row-by-row official extraction.,IOC Olympic results/programmes
1515,4,Aquatics,Diving,"Springboard, Boys (YOG)","Aquatics|Diving|Springboard, Boys (YOG)",REVIEW_EVENT,Semantic event key retained; no claim of row-by-row official extraction.,IOC Olympic results/programmes
1516,25,Canoeing,Canoe Slalom,"Canadian Singles, Slalom, Women (Olympic)","Canoeing|Canoe Slalom|Canadian Singles, Slalom, Women (Olympic)",REVIEW_EVENT,Semantic event key retained; no claim of row-by-row official extraction.,IOC Olympic results/programmes
1517,6,Aquatics,Swimming,"50 metres Breaststroke, Girls (YOG)","Aquatics|Swimming|50 metres Breaststroke, Girls (YOG)",REVIEW_EVENT,Semantic event key retained; no claim of row-by-row official extraction.,IOC Olympic results/programmes
1518,6,Aquatics,Swimming,"100 metres Breaststroke, Girls (YOG)","Aquatics|Swimming|100 metres Breaststroke, Girls (YOG)",REVIEW_EVENT,Semantic event key retained; no claim of row-by-row official extraction.,IOC Olympic results/programmes
1519,6,Aquatics,Swimming,"100 metres Butterfly, Girls (YOG)","Aquatics|Swimming|100 metres Butterfly, Girls (YOG)",REVIEW_EVENT,Semantic event key retained; no claim of row-by-row official extraction.,IOC Olympic results/programmes
1520,103,Wrestling,Wrestling Freestyle,"Light-Heavyweight, Freestyle, Women (Olympic)","Wrestling|Wrestling Freestyle|Light-Heavyweight, Freestyle, Women (Olympic)",REVIEW_EVENT,Semantic event key retained; no claim of row-by-row official extraction.,IOC Olympic results/programmes
1521,19,Biathlon,Biathlon,"Team Sprint, Women (Olympic)","Biathlon|Biathlon|Team Sprint, Women (Olympic)",REVIEW_EVENT,Semantic event key retained; no claim of row-by-row official extraction.,IOC Olympic results/programmes
1522,19,Biathlon,Biathlon,"10 kilometres, Women (Olympic)","Biathlon|Biathlon|10 kilometres, Women (Olympic)",REVIEW_EVENT,Semantic event key retained; no claim of row-by-row official extraction.,IOC Olympic results/programmes
1523,20,Bobsleigh,Bobsleigh,"Monobob, Women (Olympic)","Bobsleigh|Bobsleigh|Monobob, Women (Olympic)",REVIEW_EVENT,Semantic event key retained; no claim of row-by-row official extraction.,IOC Olympic results/programmes
1524,29,Curling,Curling,"Mixed Doubles, Mixed (Olympic)","Curling|Curling|Mixed Doubles, Mixed (Olympic)",REVIEW_EVENT,Semantic event key retained; no claim of row-by-row official extraction.,IOC Olympic results/programmes
1525,86,Skiing,Freestyle Skiing,"Team Aerials, Mixed (Olympic)","Skiing|Freestyle Skiing|Team Aerials, Mixed (Olympic)",REVIEW_EVENT,Semantic event key retained; no claim of row-by-row official extraction.,IOC Olympic results/programmes
1526,90,Skiing,Snowboard,"Big Air, Men (Olympic)","Skiing|Snowboard|Big Air, Men (Olympic)",REVIEW_EVENT,Semantic event key retained; no claim of row-by-row official extraction.,IOC Olympic results/programmes
1527,82,Skating,Speed Skating,Short Track Speed Skating (Skating),Skating|Speed Skating|Short Track Speed Skating (Skating),REVIEW_EVENT,Semantic event key retained; no claim of row-by-row official extraction.,IOC Olympic results/programmes
1528,82,Skating,Speed Skating,"3,000 metres Relay, Women (Olympic)","Skating|Speed Skating|3,000 metres Relay, Women (Olympic)",REVIEW_EVENT,Semantic event key retained; no claim of row-by-row official extraction.,IOC Olympic results/programmes
1529,10,Athletics,Athletics,"10,000 metres Race Walk, Boys (YOG)","Athletics|Athletics|10,000 metres Race Walk, Boys (YOG)",REVIEW_EVENT,Semantic event key retained; no claim of row-by-row official extraction.,IOC Olympic results/programmes
1530,41,Fencing,Fencing,"Foil, Individual, Girls (YOG)","Fencing|Fencing|Foil, Individual, Girls (YOG)",REVIEW_EVENT,Semantic event key retained; no claim of row-by-row official extraction.,IOC Olympic results/programmes
1531,41,Fencing,Fencing,"Mixed Weapon, Team, Mixed Youth (YOG)","Fencing|Fencing|Mixed Weapon, Team, Mixed Youth (YOG)",REVIEW_EVENT,Semantic event key retained; no claim of row-by-row official extraction.,IOC Olympic results/programmes
1532,10,Athletics,Athletics,"100 metres Hurdles, Girls (YOG)","Athletics|Athletics|100 metres Hurdles, Girls (YOG)",REVIEW_EVENT,Semantic event key retained; no claim of row-by-row official extraction.,IOC Olympic results/programmes
1533,79,Shooting,Shooting,"Air Rifle, 10 metres, Girls (YOG)","Shooting|Shooting|Air Rifle, 10 metres, Girls (YOG)",REVIEW_EVENT,Semantic event key retained; no claim of row-by-row official extraction.,IOC Olympic results/programmes
1534,6,Aquatics,Swimming,"50 metres Breaststroke, Boys (YOG)","Aquatics|Swimming|50 metres Breaststroke, Boys (YOG)",REVIEW_EVENT,Semantic event key retained; no claim of row-by-row official extraction.,IOC Olympic results/programmes
1535,6,Aquatics,Swimming,"100 metres Breaststroke, Boys (YOG)","Aquatics|Swimming|100 metres Breaststroke, Boys (YOG)",REVIEW_EVENT,Semantic event key retained; no claim of row-by-row official extraction.,IOC Olympic results/programmes
1536,10,Athletics,Athletics,"Long Jump, Girls (YOG)","Athletics|Athletics|Long Jump, Girls (YOG)",REVIEW_EVENT,Semantic event key retained; no claim of row-by-row official extraction.,IOC Olympic results/programmes
1537,10,Athletics,Athletics,"200 metres, Boys (YOG)","Athletics|Athletics|200 metres, Boys (YOG)",REVIEW_EVENT,Semantic event key retained; no claim of row-by-row official extraction.,IOC Olympic results/programmes
1538,10,Athletics,Athletics,"Medley Relay, Boys (YOG)","Athletics|Athletics|Medley Relay, Boys (YOG)",REVIEW_EVENT,Semantic event key retained; no claim of row-by-row official extraction.,IOC Olympic results/programmes
1539,10,Athletics,Athletics,"100 metres, Boys (YOG)","Athletics|Athletics|100 metres, Boys (YOG)",REVIEW_EVENT,Semantic event key retained; no claim of row-by-row official extraction.,IOC Olympic results/programmes
1540,6,Aquatics,Swimming,"50 metres Butterfly, Girls (YOG)","Aquatics|Swimming|50 metres Butterfly, Girls (YOG)",REVIEW_EVENT,Semantic event key retained; no claim of row-by-row official extraction.,IOC Olympic results/programmes
1541,26,Canoeing,Canoe Sprint,"Kayak Singles, Head to Head, Girls (YOG)","Canoeing|Canoe Sprint|Kayak Singles, Head to Head, Girls (YOG)",REVIEW_EVENT,Semantic event key retained; no claim of row-by-row official extraction.,IOC Olympic results/programmes
1542,26,Canoeing,Canoe Sprint,"Kayak Singles, Obstacle Slalom, Girls (YOG)","Canoeing|Canoe Sprint|Kayak Singles, Obstacle Slalom, Girls (YOG)",REVIEW_EVENT,Semantic event key retained; no claim of row-by-row official extraction.,IOC Olympic results/programmes
1543,46,Gymnastics,Rhythmic Gymnastics,"Group, Girls (YOG)","Gymnastics|Rhythmic Gymnastics|Group, Girls (YOG)",REVIEW_EVENT,Semantic event key retained; no claim of row-by-row official extraction.,IOC Olympic results/programmes
1544,94,Table Tennis,Table Tennis,"Singles, Girls (YOG)","Table Tennis|Table Tennis|Singles, Girls (YOG)",REVIEW_EVENT,Semantic event key retained; no claim of row-by-row official extraction.,IOC Olympic results/programmes
1545,94,Table Tennis,Table Tennis,"Team, Mixed Youth (YOG)","Table Tennis|Table Tennis|Team, Mixed Youth (YOG)",REVIEW_EVENT,Semantic event key retained; no claim of row-by-row official extraction.,IOC Olympic results/programmes
1546,22,Boxing,Boxing,"Lightweight, Women (Olympic)","Boxing|Boxing|Lightweight, Women (Olympic)",REVIEW_EVENT,Semantic event key retained; no claim of row-by-row official extraction.,IOC Olympic results/programmes
1547,22,Boxing,Boxing,"Flyweight, Women (Olympic)","Boxing|Boxing|Flyweight, Women (Olympic)",REVIEW_EVENT,Semantic event key retained; no claim of row-by-row official extraction.,IOC Olympic results/programmes
1548,22,Boxing,Boxing,"Middleweight, Women (Olympic)","Boxing|Boxing|Middleweight, Women (Olympic)",REVIEW_EVENT,Semantic event key retained; no claim of row-by-row official extraction.,IOC Olympic results/programmes
1549,45,Gymnastics,Artistic Gymnastics,"Individual All-Around, Girls (YOG)","Gymnastics|Artistic Gymnastics|Individual All-Around, Girls (YOG)",REVIEW_EVENT,Semantic event key retained; no claim of row-by-row official extraction.,IOC Olympic results/programmes
1550,45,Gymnastics,Artistic Gymnastics,"Floor Exercise, Girls (YOG)","Gymnastics|Artistic Gymnastics|Floor Exercise, Girls (YOG)",REVIEW_EVENT,Semantic event key retained; no claim of row-by-row official extraction.,IOC Olympic results/programmes
1551,45,Gymnastics,Artistic Gymnastics,"Vault, Girls (YOG)","Gymnastics|Artistic Gymnastics|Vault, Girls (YOG)",REVIEW_EVENT,Semantic event key retained; no claim of row-by-row official extraction.,IOC Olympic results/programmes
1552,45,Gymnastics,Artistic Gymnastics,"Uneven Bars, Girls (YOG)","Gymnastics|Artistic Gymnastics|Uneven Bars, Girls (YOG)",REVIEW_EVENT,Semantic event key retained; no claim of row-by-row official extraction.,IOC Olympic results/programmes
1553,45,Gymnastics,Artistic Gymnastics,"Balance Beam, Girls (YOG)","Gymnastics|Artistic Gymnastics|Balance Beam, Girls (YOG)",REVIEW_EVENT,Semantic event key retained; no claim of row-by-row official extraction.,IOC Olympic results/programmes
1554,94,Table Tennis,Table Tennis,"Singles, Boys (YOG)","Table Tennis|Table Tennis|Singles, Boys (YOG)",REVIEW_EVENT,Semantic event key retained; no claim of row-by-row official extraction.,IOC Olympic results/programmes
1555,6,Aquatics,Swimming,"200 metres Breaststroke, Boys (YOG)","Aquatics|Swimming|200 metres Breaststroke, Boys (YOG)",REVIEW_EVENT,Semantic event key retained; no claim of row-by-row official extraction.,IOC Olympic results/programmes
1556,10,Athletics,Athletics,"Pole Vault, Girls (YOG)","Athletics|Athletics|Pole Vault, Girls (YOG)",REVIEW_EVENT,Semantic event key retained; no claim of row-by-row official extraction.,IOC Olympic results/programmes
1557,6,Aquatics,Swimming,"200 metres Backstroke, Boys (YOG)","Aquatics|Swimming|200 metres Backstroke, Boys (YOG)",REVIEW_EVENT,Semantic event key retained; no claim of row-by-row official extraction.,IOC Olympic results/programmes
1558,22,Boxing,Boxing,"Lightweight, Boys (YOG)","Boxing|Boxing|Lightweight, Boys (YOG)",REVIEW_EVENT,Semantic event key retained; no claim of row-by-row official extraction.,IOC Olympic results/programmes
1559,10,Athletics,Athletics,"400 metres Hurdles, Girls (YOG)","Athletics|Athletics|400 metres Hurdles, Girls (YOG)",REVIEW_EVENT,Semantic event key retained; no claim of row-by-row official extraction.,IOC Olympic results/programmes
1560,56,Judo,Judo,"Team, Mixed Youth (YOG)","Judo|Judo|Team, Mixed Youth (YOG)",REVIEW_EVENT,Semantic event key retained; no claim of row-by-row official extraction.,IOC Olympic results/programmes
1561,56,Judo,Judo,"≤63 kilograms, Girls (YOG)","Judo|Judo|≤63 kilograms, Girls (YOG)",REVIEW_EVENT,Semantic event key retained; no claim of row-by-row official extraction.,IOC Olympic results/programmes
1562,10,Athletics,Athletics,"Long Jump, Boys (YOG)","Athletics|Athletics|Long Jump, Boys (YOG)",REVIEW_EVENT,Semantic event key retained; no claim of row-by-row official extraction.,IOC Olympic results/programmes
1563,95,Taekwondo,Taekwondo,"≤55 kilograms, Girls (YOG)","Taekwondo|Taekwondo|≤55 kilograms, Girls (YOG)",REVIEW_EVENT,Semantic event key retained; no claim of row-by-row official extraction.,IOC Olympic results/programmes
1564,79,Shooting,Shooting,"Air Rifle, 10 metres, Boys (YOG)","Shooting|Shooting|Air Rifle, 10 metres, Boys (YOG)",REVIEW_EVENT,Semantic event key retained; no claim of row-by-row official extraction.,IOC Olympic results/programmes
1565,10,Athletics,Athletics,"100 metres, Girls (YOG)","Athletics|Athletics|100 metres, Girls (YOG)",REVIEW_EVENT,Semantic event key retained; no claim of row-by-row official extraction.,IOC Olympic results/programmes
1566,4,Aquatics,Diving,"Platform, Boys (YOG)","Aquatics|Diving|Platform, Boys (YOG)",REVIEW_EVENT,Semantic event key retained; no claim of row-by-row official extraction.,IOC Olympic results/programmes
1567,6,Aquatics,Swimming,"200 metres Backstroke, Girls (YOG)","Aquatics|Swimming|200 metres Backstroke, Girls (YOG)",REVIEW_EVENT,Semantic event key retained; no claim of row-by-row official extraction.,IOC Olympic results/programmes
1568,10,Athletics,Athletics,"400 metres, Boys (YOG)","Athletics|Athletics|400 metres, Boys (YOG)",REVIEW_EVENT,Semantic event key retained; no claim of row-by-row official extraction.,IOC Olympic results/programmes
1569,10,Athletics,Athletics,"3,000 metres, Boys (YOG)","Athletics|Athletics|3,000 metres, Boys (YOG)",REVIEW_EVENT,Semantic event key retained; no claim of row-by-row official extraction.,IOC Olympic results/programmes
1570,10,Athletics,Athletics,"3,000 metres, Girls (YOG)","Athletics|Athletics|3,000 metres, Girls (YOG)",REVIEW_EVENT,Semantic event key retained; no claim of row-by-row official extraction.,IOC Olympic results/programmes
1571,101,Weightlifting,Weightlifting,"Featherweight, Boys (YOG)","Weightlifting|Weightlifting|Featherweight, Boys (YOG)",REVIEW_EVENT,Semantic event key retained; no claim of row-by-row official extraction.,IOC Olympic results/programmes
1572,101,Weightlifting,Weightlifting,"Bantamweight, Boys (YOG)","Weightlifting|Weightlifting|Bantamweight, Boys (YOG)",REVIEW_EVENT,Semantic event key retained; no claim of row-by-row official extraction.,IOC Olympic results/programmes
1573,8,Archery,Archery,"Individual, Boys (YOG)","Archery|Archery|Individual, Boys (YOG)",REVIEW_EVENT,Semantic event key retained; no claim of row-by-row official extraction.,IOC Olympic results/programmes
1574,10,Athletics,Athletics,"Pole Vault, Boys (YOG)","Athletics|Athletics|Pole Vault, Boys (YOG)",REVIEW_EVENT,Semantic event key retained; no claim of row-by-row official extraction.,IOC Olympic results/programmes
1575,49,Hockey,Hockey,"Hockey, Boys (YOG)","Hockey|Hockey|Hockey, Boys (YOG)",REVIEW_EVENT,Semantic event key retained; no claim of row-by-row official extraction.,IOC Olympic results/programmes
1576,101,Weightlifting,Weightlifting,"Middleweight, Boys (YOG)","Weightlifting|Weightlifting|Middleweight, Boys (YOG)",REVIEW_EVENT,Semantic event key retained; no claim of row-by-row official extraction.,IOC Olympic results/programmes
1577,101,Weightlifting,Weightlifting,"Featherweight, Girls (YOG)","Weightlifting|Weightlifting|Featherweight, Girls (YOG)",REVIEW_EVENT,Semantic event key retained; no claim of row-by-row official extraction.,IOC Olympic results/programmes
1578,10,Athletics,Athletics,"400 metres, Girls (YOG)","Athletics|Athletics|400 metres, Girls (YOG)",REVIEW_EVENT,Semantic event key retained; no claim of row-by-row official extraction.,IOC Olympic results/programmes
1579,10,Athletics,Athletics,"Medley Relay, Girls (YOG)","Athletics|Athletics|Medley Relay, Girls (YOG)",REVIEW_EVENT,Semantic event key retained; no claim of row-by-row official extraction.,IOC Olympic results/programmes
1580,79,Shooting,Shooting,"Air Pistol, 10 metres, Boys (YOG)","Shooting|Shooting|Air Pistol, 10 metres, Boys (YOG)",REVIEW_EVENT,Semantic event key retained; no claim of row-by-row official extraction.,IOC Olympic results/programmes
1581,6,Aquatics,Swimming,"50 metres Butterfly, Boys (YOG)","Aquatics|Swimming|50 metres Butterfly, Boys (YOG)",REVIEW_EVENT,Semantic event key retained; no claim of row-by-row official extraction.,IOC Olympic results/programmes
1582,6,Aquatics,Swimming,"800 metres Freestyle, Men (Olympic)","Aquatics|Swimming|800 metres Freestyle, Men (Olympic)",REVIEW_EVENT,Semantic event key retained; no claim of row-by-row official extraction.,IOC Olympic results/programmes
1583,6,Aquatics,Swimming,"50 metres Backstroke, Boys (YOG)","Aquatics|Swimming|50 metres Backstroke, Boys (YOG)",REVIEW_EVENT,Semantic event key retained; no claim of row-by-row official extraction.,IOC Olympic results/programmes
1584,10,Athletics,Athletics,"1,000 metres, Girls (YOG)","Athletics|Athletics|1,000 metres, Girls (YOG)",REVIEW_EVENT,Semantic event key retained; no claim of row-by-row official extraction.,IOC Olympic results/programmes
1585,22,Boxing,Boxing,"Light-Heavyweight, Boys (YOG)","Boxing|Boxing|Light-Heavyweight, Boys (YOG)",REVIEW_EVENT,Semantic event key retained; no claim of row-by-row official extraction.,IOC Olympic results/programmes
1586,101,Weightlifting,Weightlifting,"Lightweight, Girls (YOG)","Weightlifting|Weightlifting|Lightweight, Girls (YOG)",REVIEW_EVENT,Semantic event key retained; no claim of row-by-row official extraction.,IOC Olympic results/programmes
1587,45,Gymnastics,Artistic Gymnastics,"Individual All-Around, Boys (YOG)","Gymnastics|Artistic Gymnastics|Individual All-Around, Boys (YOG)",REVIEW_EVENT,Semantic event key retained; no claim of row-by-row official extraction.,IOC Olympic results/programmes
1588,45,Gymnastics,Artistic Gymnastics,"Floor Exercise, Boys (YOG)","Gymnastics|Artistic Gymnastics|Floor Exercise, Boys (YOG)",REVIEW_EVENT,Semantic event key retained; no claim of row-by-row official extraction.,IOC Olympic results/programmes
1589,45,Gymnastics,Artistic Gymnastics,"Vault, Boys (YOG)","Gymnastics|Artistic Gymnastics|Vault, Boys (YOG)",REVIEW_EVENT,Semantic event key retained; no claim of row-by-row official extraction.,IOC Olympic results/programmes
1590,45,Gymnastics,Artistic Gymnastics,"Parallel Bars, Boys (YOG)","Gymnastics|Artistic Gymnastics|Parallel Bars, Boys (YOG)",REVIEW_EVENT,Semantic event key retained; no claim of row-by-row official extraction.,IOC Olympic results/programmes
1591,45,Gymnastics,Artistic Gymnastics,"Rings, Boys (YOG)","Gymnastics|Artistic Gymnastics|Rings, Boys (YOG)",REVIEW_EVENT,Semantic event key retained; no claim of row-by-row official extraction.,IOC Olympic results/programmes
1592,45,Gymnastics,Artistic Gymnastics,"Pommelled Horse, Boys (YOG)","Gymnastics|Artistic Gymnastics|Pommelled Horse, Boys (YOG)",REVIEW_EVENT,Semantic event key retained; no claim of row-by-row official extraction.,IOC Olympic results/programmes
1593,6,Aquatics,Swimming,"400 metres Freestyle, Boys (YOG)","Aquatics|Swimming|400 metres Freestyle, Boys (YOG)",REVIEW_EVENT,Semantic event key retained; no claim of row-by-row official extraction.,IOC Olympic results/programmes
1594,6,Aquatics,Swimming,"4 × 100 metres Freestyle Relay, Boys (YOG)","Aquatics|Swimming|4 × 100 metres Freestyle Relay, Boys (YOG)",REVIEW_EVENT,Semantic event key retained; no claim of row-by-row official extraction.,IOC Olympic results/programmes
1595,6,Aquatics,Swimming,"4 × 100 metres Medley Relay, Boys (YOG)","Aquatics|Swimming|4 × 100 metres Medley Relay, Boys (YOG)",REVIEW_EVENT,Semantic event key retained; no claim of row-by-row official extraction.,IOC Olympic results/programmes
1596,60,Modern Pentathlon,Modern Pentathlon,"Individual, Girls (YOG)","Modern Pentathlon|Modern Pentathlon|Individual, Girls (YOG)",REVIEW_EVENT,Semantic event key retained; no claim of row-by-row official extraction.,IOC Olympic results/programmes
1597,60,Modern Pentathlon,Modern Pentathlon,"Relay, Mixed Youth (YOG)","Modern Pentathlon|Modern Pentathlon|Relay, Mixed Youth (YOG)",REVIEW_EVENT,Semantic event key retained; no claim of row-by-row official extraction.,IOC Olympic results/programmes
1598,33,Cycling,Cycling Road,"Combined Team, Mixed Youth (YOG)","Cycling|Cycling Road|Combined Team, Mixed Youth (YOG)",REVIEW_EVENT,Semantic event key retained; no claim of row-by-row official extraction.,IOC Olympic results/programmes
1599,22,Boxing,Boxing,"Middleweight, Boys (YOG)","Boxing|Boxing|Middleweight, Boys (YOG)",REVIEW_EVENT,Semantic event key retained; no claim of row-by-row official extraction.,IOC Olympic results/programmes
1600,34,Cycling,Cycling Track,"Madison, Women (Olympic)","Cycling|Cycling Track|Madison, Women (Olympic)",REVIEW_EVENT,Semantic event key retained; no claim of row-by-row official extraction.,IOC Olympic results/programmes
1601,33,Cycling,Cycling Road,"Omnium, Men (Olympic)","Cycling|Cycling Road|Omnium, Men (Olympic)",REVIEW_EVENT,Semantic event key retained; no claim of row-by-row official extraction.,IOC Olympic results/programmes
1602,22,Boxing,Boxing,"Bantamweight, Boys (YOG)","Boxing|Boxing|Bantamweight, Boys (YOG)",REVIEW_EVENT,Semantic event key retained; no claim of row-by-row official extraction.,IOC Olympic results/programmes
1603,74,Rowing,Rowing,"Single Sculls, Boys (YOG)","Rowing|Rowing|Single Sculls, Boys (YOG)",REVIEW_EVENT,Semantic event key retained; no claim of row-by-row official extraction.,IOC Olympic results/programmes
1604,45,Gymnastics,Artistic Gymnastics,"Horizontal Bar, Boys (YOG)","Gymnastics|Artistic Gymnastics|Horizontal Bar, Boys (YOG)",REVIEW_EVENT,Semantic event key retained; no claim of row-by-row official extraction.,IOC Olympic results/programmes
1605,10,Athletics,Athletics,"Javelin Throw, Boys (YOG)","Athletics|Athletics|Javelin Throw, Boys (YOG)",REVIEW_EVENT,Semantic event key retained; no claim of row-by-row official extraction.,IOC Olympic results/programmes
1606,6,Aquatics,Swimming,"800 metres Freestyle, Girls (YOG)","Aquatics|Swimming|800 metres Freestyle, Girls (YOG)",REVIEW_EVENT,Semantic event key retained; no claim of row-by-row official extraction.,IOC Olympic results/programmes
1607,95,Taekwondo,Taekwondo,"≤55 kilograms, Boys (YOG)","Taekwondo|Taekwondo|≤55 kilograms, Boys (YOG)",REVIEW_EVENT,Semantic event key retained; no claim of row-by-row official extraction.,IOC Olympic results/programmes
1608,101,Weightlifting,Weightlifting,"Heavyweight, Boys (YOG)","Weightlifting|Weightlifting|Heavyweight, Boys (YOG)",REVIEW_EVENT,Semantic event key retained; no claim of row-by-row official extraction.,IOC Olympic results/programmes
1609,4,Aquatics,Diving,"Team, Mixed Youth (YOG)","Aquatics|Diving|Team, Mixed Youth (YOG)",REVIEW_EVENT,Semantic event key retained; no claim of row-by-row official extraction.,IOC Olympic results/programmes
1610,22,Boxing,Boxing,"Flyweight, Boys (YOG)","Boxing|Boxing|Flyweight, Boys (YOG)",REVIEW_EVENT,Semantic event key retained; no claim of row-by-row official extraction.,IOC Olympic results/programmes
1611,96,Tennis,Tennis,"Singles, Girls (YOG)","Tennis|Tennis|Singles, Girls (YOG)",REVIEW_EVENT,Semantic event key retained; no claim of row-by-row official extraction.,IOC Olympic results/programmes
1612,96,Tennis,Tennis,"Doubles, Girls (YOG)","Tennis|Tennis|Doubles, Girls (YOG)",REVIEW_EVENT,Semantic event key retained; no claim of row-by-row official extraction.,IOC Olympic results/programmes
1613,101,Weightlifting,Weightlifting,"Middleweight, Girls (YOG)","Weightlifting|Weightlifting|Middleweight, Girls (YOG)",REVIEW_EVENT,Semantic event key retained; no claim of row-by-row official extraction.,IOC Olympic results/programmes
1614,46,Gymnastics,Rhythmic Gymnastics,"Individual, Girls (YOG)","Gymnastics|Rhythmic Gymnastics|Individual, Girls (YOG)",REVIEW_EVENT,Semantic event key retained; no claim of row-by-row official extraction.,IOC Olympic results/programmes
1615,49,Hockey,Hockey,"Hockey, Girls (YOG)","Hockey|Hockey|Hockey, Girls (YOG)",REVIEW_EVENT,Semantic event key retained; no claim of row-by-row official extraction.,IOC Olympic results/programmes
1616,12,Badminton,Badminton,"Singles, Girls (YOG)","Badminton|Badminton|Singles, Girls (YOG)",REVIEW_EVENT,Semantic event key retained; no claim of row-by-row official extraction.,IOC Olympic results/programmes
1617,10,Athletics,Athletics,"1,000 metres, Boys (YOG)","Athletics|Athletics|1,000 metres, Boys (YOG)",REVIEW_EVENT,Semantic event key retained; no claim of row-by-row official extraction.,IOC Olympic results/programmes
1618,79,Shooting,Shooting,"Air Pistol, 10 metres, Girls (YOG)","Shooting|Shooting|Air Pistol, 10 metres, Girls (YOG)",REVIEW_EVENT,Semantic event key retained; no claim of row-by-row official extraction.,IOC Olympic results/programmes
1619,48,Handball,Handball,"Handball, Girls (YOG)","Handball|Handball|Handball, Girls (YOG)",REVIEW_EVENT,Semantic event key retained; no claim of row-by-row official extraction.,IOC Olympic results/programmes
1620,17,Basketball,Basketball 3x3,"3x3 Basketball, Girls (YOG)","Basketball|Basketball 3x3|3x3 Basketball, Girls (YOG)",REVIEW_EVENT,Semantic event key retained; no claim of row-by-row official extraction.,IOC Olympic results/programmes
1621,41,Fencing,Fencing,"Foil, Individual, Boys (YOG)","Fencing|Fencing|Foil, Individual, Boys (YOG)",REVIEW_EVENT,Semantic event key retained; no claim of row-by-row official extraction.,IOC Olympic results/programmes
1622,22,Boxing,Boxing,"Super-Heavyweight, Boys (YOG)","Boxing|Boxing|Super-Heavyweight, Boys (YOG)",REVIEW_EVENT,Semantic event key retained; no claim of row-by-row official extraction.,IOC Olympic results/programmes
1623,34,Cycling,Cycling Track,Cycling Road (Cycling),Cycling|Cycling Track|Cycling Road (Cycling),REVIEW_EVENT,Semantic event key retained; no claim of row-by-row official extraction.,IOC Olympic results/programmes
1624,34,Cycling,Cycling Track,"Road Race, Individual, Women (Olympic)","Cycling|Cycling Track|Road Race, Individual, Women (Olympic)",REVIEW_EVENT,Semantic event key retained; no claim of row-by-row official extraction.,IOC Olympic results/programmes
1625,34,Cycling,Cycling Track,"Individual Time Trial, Women (Olympic)","Cycling|Cycling Track|Individual Time Trial, Women (Olympic)",REVIEW_EVENT,Semantic event key retained; no claim of row-by-row official extraction.,IOC Olympic results/programmes
1626,33,Cycling,Cycling Road,"Omnium, Women (Olympic)","Cycling|Cycling Road|Omnium, Women (Olympic)",REVIEW_EVENT,Semantic event key retained; no claim of row-by-row official extraction.,IOC Olympic results/programmes
1627,77,Sailing,Sailing,"One Person Dinghy, Girls (YOG)","Sailing|Sailing|One Person Dinghy, Girls (YOG)",REVIEW_EVENT,Semantic event key retained; no claim of row-by-row official extraction.,IOC Olympic results/programmes
1628,22,Boxing,Boxing,"Welterweight, Boys (YOG)","Boxing|Boxing|Welterweight, Boys (YOG)",REVIEW_EVENT,Semantic event key retained; no claim of row-by-row official extraction.,IOC Olympic results/programmes
1629,74,Rowing,Rowing,"Coxless Pairs, Girls (YOG)","Rowing|Rowing|Coxless Pairs, Girls (YOG)",REVIEW_EVENT,Semantic event key retained; no claim of row-by-row official extraction.,IOC Olympic results/programmes
1630,47,Gymnastics,Trampoline Gymnastics,"Individual, Girls (YOG)","Gymnastics|Trampoline Gymnastics|Individual, Girls (YOG)",REVIEW_EVENT,Semantic event key retained; no claim of row-by-row official extraction.,IOC Olympic results/programmes
1631,10,Athletics,Athletics,"High Jump, Boys (YOG)","Athletics|Athletics|High Jump, Boys (YOG)",REVIEW_EVENT,Semantic event key retained; no claim of row-by-row official extraction.,IOC Olympic results/programmes
1632,84,Skiing,Alpine Skiing,"Super G, Boys (YOG)","Skiing|Alpine Skiing|Super G, Boys (YOG)",REVIEW_EVENT,Semantic event key retained; no claim of row-by-row official extraction.,IOC Olympic results/programmes
1633,84,Skiing,Alpine Skiing,"Giant Slalom, Boys (YOG)","Skiing|Alpine Skiing|Giant Slalom, Boys (YOG)",REVIEW_EVENT,Semantic event key retained; no claim of row-by-row official extraction.,IOC Olympic results/programmes
1634,84,Skiing,Alpine Skiing,"Slalom, Boys (YOG)","Skiing|Alpine Skiing|Slalom, Boys (YOG)",REVIEW_EVENT,Semantic event key retained; no claim of row-by-row official extraction.,IOC Olympic results/programmes
1635,84,Skiing,Alpine Skiing,"Combined, Boys (YOG)","Skiing|Alpine Skiing|Combined, Boys (YOG)",REVIEW_EVENT,Semantic event key retained; no claim of row-by-row official extraction.,IOC Olympic results/programmes
1636,84,Skiing,Alpine Skiing,"Super G, Girls (YOG)","Skiing|Alpine Skiing|Super G, Girls (YOG)",REVIEW_EVENT,Semantic event key retained; no claim of row-by-row official extraction.,IOC Olympic results/programmes
1637,84,Skiing,Alpine Skiing,"Giant Slalom, Girls (YOG)","Skiing|Alpine Skiing|Giant Slalom, Girls (YOG)",REVIEW_EVENT,Semantic event key retained; no claim of row-by-row official extraction.,IOC Olympic results/programmes
1638,84,Skiing,Alpine Skiing,"Slalom, Girls (YOG)","Skiing|Alpine Skiing|Slalom, Girls (YOG)",REVIEW_EVENT,Semantic event key retained; no claim of row-by-row official extraction.,IOC Olympic results/programmes
1639,84,Skiing,Alpine Skiing,"Combined, Girls (YOG)","Skiing|Alpine Skiing|Combined, Girls (YOG)",REVIEW_EVENT,Semantic event key retained; no claim of row-by-row official extraction.,IOC Olympic results/programmes
1640,85,Skiing,Cross Country Skiing,"Sprint, Girls (YOG)","Skiing|Cross Country Skiing|Sprint, Girls (YOG)",REVIEW_EVENT,Semantic event key retained; no claim of row-by-row official extraction.,IOC Olympic results/programmes
1641,85,Skiing,Cross Country Skiing,"5 kilometres, Girls (YOG)","Skiing|Cross Country Skiing|5 kilometres, Girls (YOG)",REVIEW_EVENT,Semantic event key retained; no claim of row-by-row official extraction.,IOC Olympic results/programmes
1642,86,Skiing,Freestyle Skiing,"Slopestyle, Women (Olympic)","Skiing|Freestyle Skiing|Slopestyle, Women (Olympic)",REVIEW_EVENT,Semantic event key retained; no claim of row-by-row official extraction.,IOC Olympic results/programmes
1643,86,Skiing,Freestyle Skiing,"Halfpipe, Women (Olympic)","Skiing|Freestyle Skiing|Halfpipe, Women (Olympic)",REVIEW_EVENT,Semantic event key retained; no claim of row-by-row official extraction.,IOC Olympic results/programmes
1644,86,Skiing,Freestyle Skiing,"Slopestyle, Men (Olympic)","Skiing|Freestyle Skiing|Slopestyle, Men (Olympic)",REVIEW_EVENT,Semantic event key retained; no claim of row-by-row official extraction.,IOC Olympic results/programmes
1645,59,Luge,Luge,"Singles, Boys (YOG)","Luge|Luge|Singles, Boys (YOG)",REVIEW_EVENT,Semantic event key retained; no claim of row-by-row official extraction.,IOC Olympic results/programmes
1646,20,Bobsleigh,Bobsleigh,"Two, Boys (YOG)","Bobsleigh|Bobsleigh|Two, Boys (YOG)",REVIEW_EVENT,Semantic event key retained; no claim of row-by-row official extraction.,IOC Olympic results/programmes
1647,86,Skiing,Freestyle Skiing,"Halfpipe, Men (Olympic)","Skiing|Freestyle Skiing|Halfpipe, Men (Olympic)",REVIEW_EVENT,Semantic event key retained; no claim of row-by-row official extraction.,IOC Olympic results/programmes
1648,86,Skiing,Freestyle Skiing,"Halfpipe, Boys (YOG)","Skiing|Freestyle Skiing|Halfpipe, Boys (YOG)",REVIEW_EVENT,Semantic event key retained; no claim of row-by-row official extraction.,IOC Olympic results/programmes
1649,86,Skiing,Freestyle Skiing,"Slopestyle, Boys (YOG)","Skiing|Freestyle Skiing|Slopestyle, Boys (YOG)",REVIEW_EVENT,Semantic event key retained; no claim of row-by-row official extraction.,IOC Olympic results/programmes
1650,59,Luge,Luge,"Singles, Girls (YOG)","Luge|Luge|Singles, Girls (YOG)",REVIEW_EVENT,Semantic event key retained; no claim of row-by-row official extraction.,IOC Olympic results/programmes
1651,59,Luge,Luge,"Team Relay, Mixed Youth (YOG)","Luge|Luge|Team Relay, Mixed Youth (YOG)",REVIEW_EVENT,Semantic event key retained; no claim of row-by-row official extraction.,IOC Olympic results/programmes
1652,89,Skiing,Ski Jumping,"Normal Hill, Individual, Women (Olympic)","Skiing|Ski Jumping|Normal Hill, Individual, Women (Olympic)",REVIEW_EVENT,Semantic event key retained; no claim of row-by-row official extraction.,IOC Olympic results/programmes
1653,89,Skiing,Ski Jumping,"Medium Hill, Individual, Girls (YOG)","Skiing|Ski Jumping|Medium Hill, Individual, Girls (YOG)",REVIEW_EVENT,Semantic event key retained; no claim of row-by-row official extraction.,IOC Olympic results/programmes
1654,89,Skiing,Ski Jumping,"Medium Hill, Team, Mixed Youth (YOG)","Skiing|Ski Jumping|Medium Hill, Team, Mixed Youth (YOG)",REVIEW_EVENT,Semantic event key retained; no claim of row-by-row official extraction.,IOC Olympic results/programmes
1655,89,Skiing,Ski Jumping,"Medium Hill, Individual, Boys (YOG)","Skiing|Ski Jumping|Medium Hill, Individual, Boys (YOG)",REVIEW_EVENT,Semantic event key retained; no claim of row-by-row official extraction.,IOC Olympic results/programmes
1656,86,Skiing,Freestyle Skiing,"Big Air, Women (Olympic)","Skiing|Freestyle Skiing|Big Air, Women (Olympic)",REVIEW_EVENT,Semantic event key retained; no claim of row-by-row official extraction.,IOC Olympic results/programmes
1657,19,Biathlon,Biathlon,"6 kilometres Sprint, Girls (YOG)","Biathlon|Biathlon|6 kilometres Sprint, Girls (YOG)",REVIEW_EVENT,Semantic event key retained; no claim of row-by-row official extraction.,IOC Olympic results/programmes
1658,19,Biathlon,Biathlon,"7.5 kilometres Pursuit, Girls (YOG)","Biathlon|Biathlon|7.5 kilometres Pursuit, Girls (YOG)",REVIEW_EVENT,Semantic event key retained; no claim of row-by-row official extraction.,IOC Olympic results/programmes
1659,80,Skating,Figure Skating,"Singles, Girls (YOG)","Skating|Figure Skating|Singles, Girls (YOG)",REVIEW_EVENT,Semantic event key retained; no claim of row-by-row official extraction.,IOC Olympic results/programmes
1660,80,Skating,Figure Skating,"Singles, Boys (YOG)","Skating|Figure Skating|Singles, Boys (YOG)",REVIEW_EVENT,Semantic event key retained; no claim of row-by-row official extraction.,IOC Olympic results/programmes
1661,88,Skiing,Nordic Combined,"Medium Hill / 10 km, Individual, Boys (YOG)","Skiing|Nordic Combined|Medium Hill / 10 km, Individual, Boys (YOG)",REVIEW_EVENT,Semantic event key retained; no claim of row-by-row official extraction.,IOC Olympic results/programmes
1662,88,Skiing,Nordic Combined,"Medium Hill, Team, Mixed Youth (YOG)","Skiing|Nordic Combined|Medium Hill, Team, Mixed Youth (YOG)",REVIEW_EVENT,Semantic event key retained; no claim of row-by-row official extraction.,IOC Olympic results/programmes
1663,90,Skiing,Snowboard,Alpine Skiing (Skiing),Skiing|Snowboard|Alpine Skiing (Skiing),REVIEW_EVENT,Semantic event key retained; no claim of row-by-row official extraction.,IOC Olympic results/programmes
1664,90,Skiing,Snowboard,"Super G, Women (Olympic)","Skiing|Snowboard|Super G, Women (Olympic)",REVIEW_EVENT,Semantic event key retained; no claim of row-by-row official extraction.,IOC Olympic results/programmes
1665,84,Skiing,Alpine Skiing,Snowboarding (Skiing),Skiing|Alpine Skiing|Snowboarding (Skiing),REVIEW_EVENT,Semantic event key retained; no claim of row-by-row official extraction.,IOC Olympic results/programmes
1666,84,Skiing,Alpine Skiing,"Parallel Giant Slalom, Women (Olympic)","Skiing|Alpine Skiing|Parallel Giant Slalom, Women (Olympic)",REVIEW_EVENT,Semantic event key retained; no claim of row-by-row official extraction.,IOC Olympic results/programmes
1667,86,Skiing,Freestyle Skiing,"Big Air, Men (Olympic)","Skiing|Freestyle Skiing|Big Air, Men (Olympic)",REVIEW_EVENT,Semantic event key retained; no claim of row-by-row official extraction.,IOC Olympic results/programmes
1668,86,Skiing,Freestyle Skiing,"Halfpipe, Girls (YOG)","Skiing|Freestyle Skiing|Halfpipe, Girls (YOG)",REVIEW_EVENT,Semantic event key retained; no claim of row-by-row official extraction.,IOC Olympic results/programmes
1669,19,Biathlon,Biathlon,"2 × 6 kilometres and 2 × 7.5 kilometres Relay, Mixed Youth (YOG)","Biathlon|Biathlon|2 × 6 kilometres and 2 × 7.5 kilometres Relay, Mixed Youth (YOG)",REVIEW_EVENT,Semantic event key retained; no claim of row-by-row official extraction.,IOC Olympic results/programmes
1670,19,Biathlon,Biathlon,Mixed Sports,Biathlon|Biathlon|Mixed Sports,REVIEW_EVENT,Semantic event key retained; no claim of row-by-row official extraction.,IOC Olympic results/programmes
1671,19,Biathlon,Biathlon,"Cross-Country / Biathlon Relay, Mixed Youth (YOG)","Biathlon|Biathlon|Cross-Country / Biathlon Relay, Mixed Youth (YOG)",REVIEW_EVENT,Semantic event key retained; no claim of row-by-row official extraction.,IOC Olympic results/programmes
1672,90,Skiing,Snowboard,"Slopestyle, Boys (YOG)","Skiing|Snowboard|Slopestyle, Boys (YOG)",REVIEW_EVENT,Semantic event key retained; no claim of row-by-row official extraction.,IOC Olympic results/programmes
1673,90,Skiing,Snowboard,"Halfpipe, Boys (YOG)","Skiing|Snowboard|Halfpipe, Boys (YOG)",REVIEW_EVENT,Semantic event key retained; no claim of row-by-row official extraction.,IOC Olympic results/programmes
1674,81,Skating,Short Track Speed Skating,"500 metres, Girls (YOG)","Skating|Short Track Speed Skating|500 metres, Girls (YOG)",REVIEW_EVENT,Semantic event key retained; no claim of row-by-row official extraction.,IOC Olympic results/programmes
1675,81,Skating,Short Track Speed Skating,"3,000 metres Relay, Mixed Youth (YOG)","Skating|Short Track Speed Skating|3,000 metres Relay, Mixed Youth (YOG)",REVIEW_EVENT,Semantic event key retained; no claim of row-by-row official extraction.,IOC Olympic results/programmes
1676,81,Skating,Short Track Speed Skating,"1,000 metres, Girls (YOG)","Skating|Short Track Speed Skating|1,000 metres, Girls (YOG)",REVIEW_EVENT,Semantic event key retained; no claim of row-by-row official extraction.,IOC Olympic results/programmes
1677,72,Roller Sports,Skateboarding,"Park, Men (Olympic)","Roller Sports|Skateboarding|Park, Men (Olympic)",REVIEW_EVENT,Semantic event key retained; no claim of row-by-row official extraction.,IOC Olympic results/programmes
1678,80,Skating,Figure Skating,"Team, Mixed Youth (YOG)","Skating|Figure Skating|Team, Mixed Youth (YOG)",REVIEW_EVENT,Semantic event key retained; no claim of row-by-row official extraction.,IOC Olympic results/programmes
1679,20,Bobsleigh,Bobsleigh,"Two, Girls (YOG)","Bobsleigh|Bobsleigh|Two, Girls (YOG)",REVIEW_EVENT,Semantic event key retained; no claim of row-by-row official extraction.,IOC Olympic results/programmes
1680,107,YOG,"Cross-Country / Biathlon Relay, Mixed Youth","Cross-Country / Biathlon Relay, Mixed Youth (YOG)","YOG|Cross-Country / Biathlon Relay, Mixed Youth|Cross-Country / Biathlon Relay, Mixed Youth (YOG)",REVIEW_EVENT,Semantic event key retained; no claim of row-by-row official extraction.,IOC Olympic results/programmes
1681,85,Skiing,Cross Country Skiing,Cross Country Skiing (Skiing),Skiing|Cross Country Skiing|Cross Country Skiing (Skiing),REVIEW_EVENT,Semantic event key retained; no claim of row-by-row official extraction.,IOC Olympic results/programmes
1682,116,YOG,"Sprint, Boys","Sprint, Boys (YOG)","YOG|Sprint, Boys|Sprint, Boys (YOG)",REVIEW_EVENT,Semantic event key retained; no claim of row-by-row official extraction.,IOC Olympic results/programmes
1683,105,YOG,"10 kilometres, Boys","10 kilometres, Boys (YOG)","YOG|10 kilometres, Boys|10 kilometres, Boys (YOG)",REVIEW_EVENT,Semantic event key retained; no claim of row-by-row official extraction.,IOC Olympic results/programmes
1684,52,Ice Hockey,Ice Hockey,"Ice Hockey, Girls (YOG)","Ice Hockey|Ice Hockey|Ice Hockey, Girls (YOG)",REVIEW_EVENT,Semantic event key retained; no claim of row-by-row official extraction.,IOC Olympic results/programmes
1685,19,Biathlon,Biathlon,"7.5 kilometres Sprint, Boys (YOG)","Biathlon|Biathlon|7.5 kilometres Sprint, Boys (YOG)",REVIEW_EVENT,Semantic event key retained; no claim of row-by-row official extraction.,IOC Olympic results/programmes
1686,19,Biathlon,Biathlon,"10 kilometres Pursuit, Boys (YOG)","Biathlon|Biathlon|10 kilometres Pursuit, Boys (YOG)",REVIEW_EVENT,Semantic event key retained; no claim of row-by-row official extraction.,IOC Olympic results/programmes
1687,79,Shooting,Shooting,"Air Rifle, 10 metres, Team, Mixed Youth (YOG)","Shooting|Shooting|Air Rifle, 10 metres, Team, Mixed Youth (YOG)",REVIEW_EVENT,Semantic event key retained; no claim of row-by-row official extraction.,IOC Olympic results/programmes
1688,101,Weightlifting,Weightlifting,"Heavyweight, Girls (YOG)","Weightlifting|Weightlifting|Heavyweight, Girls (YOG)",REVIEW_EVENT,Semantic event key retained; no claim of row-by-row official extraction.,IOC Olympic results/programmes
1689,10,Athletics,Athletics,"8 × 100 metres Relay, Mixed Youth (YOG)","Athletics|Athletics|8 × 100 metres Relay, Mixed Youth (YOG)",REVIEW_EVENT,Semantic event key retained; no claim of row-by-row official extraction.,IOC Olympic results/programmes
1690,76,Rugby,Rugby Sevens,"Rugby Sevens, Women (Olympic)","Rugby|Rugby Sevens|Rugby Sevens, Women (Olympic)",REVIEW_EVENT,Semantic event key retained; no claim of row-by-row official extraction.,IOC Olympic results/programmes
1691,97,Triathlon,Triathlon,"Sprint, Girls (YOG)","Triathlon|Triathlon|Sprint, Girls (YOG)",REVIEW_EVENT,Semantic event key retained; no claim of row-by-row official extraction.,IOC Olympic results/programmes
1692,97,Triathlon,Triathlon,"Relay, Mixed Youth (YOG)","Triathlon|Triathlon|Relay, Mixed Youth (YOG)",REVIEW_EVENT,Semantic event key retained; no claim of row-by-row official extraction.,IOC Olympic results/programmes
1693,10,Athletics,Athletics,"200 metres, Girls (YOG)","Athletics|Athletics|200 metres, Girls (YOG)",REVIEW_EVENT,Semantic event key retained; no claim of row-by-row official extraction.,IOC Olympic results/programmes
1694,10,Athletics,Athletics,"Hammer Throw, Girls (YOG)","Athletics|Athletics|Hammer Throw, Girls (YOG)",REVIEW_EVENT,Semantic event key retained; no claim of row-by-row official extraction.,IOC Olympic results/programmes
1695,10,Athletics,Athletics,"2,000 metres Steeplechase, Girls (YOG)","Athletics|Athletics|2,000 metres Steeplechase, Girls (YOG)",REVIEW_EVENT,Semantic event key retained; no claim of row-by-row official extraction.,IOC Olympic results/programmes
1696,22,Boxing,Boxing,"Featherweight, Women (Olympic)","Boxing|Boxing|Featherweight, Women (Olympic)",REVIEW_EVENT,Semantic event key retained; no claim of row-by-row official extraction.,IOC Olympic results/programmes
1697,56,Judo,Judo,"≤52 kilograms, Girls (YOG)","Judo|Judo|≤52 kilograms, Girls (YOG)",REVIEW_EVENT,Semantic event key retained; no claim of row-by-row official extraction.,IOC Olympic results/programmes
1698,76,Rugby,Rugby Sevens,"Rugby Sevens, Girls (YOG)","Rugby|Rugby Sevens|Rugby Sevens, Girls (YOG)",REVIEW_EVENT,Semantic event key retained; no claim of row-by-row official extraction.,IOC Olympic results/programmes
1699,103,Wrestling,Wrestling Freestyle,"≤70 kilograms, Freestyle, Girls (YOG)","Wrestling|Wrestling Freestyle|≤70 kilograms, Freestyle, Girls (YOG)",REVIEW_EVENT,Semantic event key retained; no claim of row-by-row official extraction.,IOC Olympic results/programmes
1700,50,Hockey,Hockey 5s,"Hockey 5s, Girls (YOG)","Hockey|Hockey 5s|Hockey 5s, Girls (YOG)",REVIEW_EVENT,Semantic event key retained; no claim of row-by-row official extraction.,IOC Olympic results/programmes
1701,95,Taekwondo,Taekwondo,">63 kilograms, Girls (YOG)","Taekwondo|Taekwondo|>63 kilograms, Girls (YOG)",REVIEW_EVENT,Semantic event key retained; no claim of row-by-row official extraction.,IOC Olympic results/programmes
1702,10,Athletics,Athletics,"High Jump, Girls (YOG)","Athletics|Athletics|High Jump, Girls (YOG)",REVIEW_EVENT,Semantic event key retained; no claim of row-by-row official extraction.,IOC Olympic results/programmes
1703,74,Rowing,Rowing,"Single Sculls, Girls (YOG)","Rowing|Rowing|Single Sculls, Girls (YOG)",REVIEW_EVENT,Semantic event key retained; no claim of row-by-row official extraction.,IOC Olympic results/programmes
1704,10,Athletics,Athletics,"1,500 metres, Girls (YOG)","Athletics|Athletics|1,500 metres, Girls (YOG)",REVIEW_EVENT,Semantic event key retained; no claim of row-by-row official extraction.,IOC Olympic results/programmes
1705,79,Shooting,Shooting,"Air Pistol, 10 metres, Team, Mixed Youth (YOG)","Shooting|Shooting|Air Pistol, 10 metres, Team, Mixed Youth (YOG)",REVIEW_EVENT,Semantic event key retained; no claim of row-by-row official extraction.,IOC Olympic results/programmes
1706,103,Wrestling,Wrestling Freestyle,"≤46 kilograms, Freestyle, Girls (YOG)","Wrestling|Wrestling Freestyle|≤46 kilograms, Freestyle, Girls (YOG)",REVIEW_EVENT,Semantic event key retained; no claim of row-by-row official extraction.,IOC Olympic results/programmes
1707,10,Athletics,Athletics,"Javelin Throw, Girls (YOG)","Athletics|Athletics|Javelin Throw, Girls (YOG)",REVIEW_EVENT,Semantic event key retained; no claim of row-by-row official extraction.,IOC Olympic results/programmes
1708,10,Athletics,Athletics,"Discus Throw, Girls (YOG)","Athletics|Athletics|Discus Throw, Girls (YOG)",REVIEW_EVENT,Semantic event key retained; no claim of row-by-row official extraction.,IOC Olympic results/programmes
1709,10,Athletics,Athletics,"5,000 metres Race Walk, Girls (YOG)","Athletics|Athletics|5,000 metres Race Walk, Girls (YOG)",REVIEW_EVENT,Semantic event key retained; no claim of row-by-row official extraction.,IOC Olympic results/programmes
1710,44,Golf,Golf,"Individual, Girls (YOG)","Golf|Golf|Individual, Girls (YOG)",REVIEW_EVENT,Semantic event key retained; no claim of row-by-row official extraction.,IOC Olympic results/programmes
1711,44,Golf,Golf,"Team, Mixed Youth (YOG)","Golf|Golf|Team, Mixed Youth (YOG)",REVIEW_EVENT,Semantic event key retained; no claim of row-by-row official extraction.,IOC Olympic results/programmes
1712,22,Boxing,Boxing,"Flyweight, Girls (YOG)","Boxing|Boxing|Flyweight, Girls (YOG)",REVIEW_EVENT,Semantic event key retained; no claim of row-by-row official extraction.,IOC Olympic results/programmes
1713,12,Badminton,Badminton,"Doubles, Mixed Youth (YOG)","Badminton|Badminton|Doubles, Mixed Youth (YOG)",REVIEW_EVENT,Semantic event key retained; no claim of row-by-row official extraction.,IOC Olympic results/programmes
1714,41,Fencing,Fencing,"Sabre, Individual, Girls (YOG)","Fencing|Fencing|Sabre, Individual, Girls (YOG)",REVIEW_EVENT,Semantic event key retained; no claim of row-by-row official extraction.,IOC Olympic results/programmes
1715,95,Taekwondo,Taekwondo,"≤49 kilograms, Girls (YOG)","Taekwondo|Taekwondo|≤49 kilograms, Girls (YOG)",REVIEW_EVENT,Semantic event key retained; no claim of row-by-row official extraction.,IOC Olympic results/programmes
1716,77,Sailing,Sailing,"Windsurfer, Girls (YOG)","Sailing|Sailing|Windsurfer, Girls (YOG)",REVIEW_EVENT,Semantic event key retained; no claim of row-by-row official extraction.,IOC Olympic results/programmes
1717,96,Tennis,Tennis,"Doubles, Mixed Youth (YOG)","Tennis|Tennis|Doubles, Mixed Youth (YOG)",REVIEW_EVENT,Semantic event key retained; no claim of row-by-row official extraction.,IOC Olympic results/programmes
1718,10,Athletics,Athletics,"800 metres, Girls (YOG)","Athletics|Athletics|800 metres, Girls (YOG)",REVIEW_EVENT,Semantic event key retained; no claim of row-by-row official extraction.,IOC Olympic results/programmes
1719,101,Weightlifting,Weightlifting,"Super-Heavyweight, Girls (YOG)","Weightlifting|Weightlifting|Super-Heavyweight, Girls (YOG)",REVIEW_EVENT,Semantic event key retained; no claim of row-by-row official extraction.,IOC Olympic results/programmes
1720,10,Athletics,Athletics,"Triple Jump, Girls (YOG)","Athletics|Athletics|Triple Jump, Girls (YOG)",REVIEW_EVENT,Semantic event key retained; no claim of row-by-row official extraction.,IOC Olympic results/programmes
1721,95,Taekwondo,Taekwondo,"≤44 kilograms, Girls (YOG)","Taekwondo|Taekwondo|≤44 kilograms, Girls (YOG)",REVIEW_EVENT,Semantic event key retained; no claim of row-by-row official extraction.,IOC Olympic results/programmes
1722,22,Boxing,Boxing,"Middleweight, Girls (YOG)","Boxing|Boxing|Middleweight, Girls (YOG)",REVIEW_EVENT,Semantic event key retained; no claim of row-by-row official extraction.,IOC Olympic results/programmes
1723,22,Boxing,Boxing,"Welterweight, Women (Olympic)","Boxing|Boxing|Welterweight, Women (Olympic)",REVIEW_EVENT,Semantic event key retained; no claim of row-by-row official extraction.,IOC Olympic results/programmes
1724,41,Fencing,Fencing,"Épée, Individual, Girls (YOG)","Fencing|Fencing|Épée, Individual, Girls (YOG)",REVIEW_EVENT,Semantic event key retained; no claim of row-by-row official extraction.,IOC Olympic results/programmes
1725,56,Judo,Judo,"≤78 kilograms, Girls (YOG)","Judo|Judo|≤78 kilograms, Girls (YOG)",REVIEW_EVENT,Semantic event key retained; no claim of row-by-row official extraction.,IOC Olympic results/programmes
1726,10,Athletics,Athletics,"2,000 metres Steeplechase, Boys (YOG)","Athletics|Athletics|2,000 metres Steeplechase, Boys (YOG)",REVIEW_EVENT,Semantic event key retained; no claim of row-by-row official extraction.,IOC Olympic results/programmes
1727,6,Aquatics,Swimming,"800 metres Freestyle, Boys (YOG)","Aquatics|Swimming|800 metres Freestyle, Boys (YOG)",REVIEW_EVENT,Semantic event key retained; no claim of row-by-row official extraction.,IOC Olympic results/programmes
1728,76,Rugby,Rugby Sevens,"Rugby Sevens, Men (Olympic)","Rugby|Rugby Sevens|Rugby Sevens, Men (Olympic)",REVIEW_EVENT,Semantic event key retained; no claim of row-by-row official extraction.,IOC Olympic results/programmes
1729,77,Sailing,Sailing,"Windsurfer, Boys (YOG)","Sailing|Sailing|Windsurfer, Boys (YOG)",REVIEW_EVENT,Semantic event key retained; no claim of row-by-row official extraction.,IOC Olympic results/programmes
1730,100,Volleyball,Volleyball,"Volleyball, Boys (YOG)","Volleyball|Volleyball|Volleyball, Boys (YOG)",REVIEW_EVENT,Semantic event key retained; no claim of row-by-row official extraction.,IOC Olympic results/programmes
1731,101,Weightlifting,Weightlifting,"Super-Heavyweight, Boys (YOG)","Weightlifting|Weightlifting|Super-Heavyweight, Boys (YOG)",REVIEW_EVENT,Semantic event key retained; no claim of row-by-row official extraction.,IOC Olympic results/programmes
1732,10,Athletics,Athletics,"Shot Put, Boys (YOG)","Athletics|Athletics|Shot Put, Boys (YOG)",REVIEW_EVENT,Semantic event key retained; no claim of row-by-row official extraction.,IOC Olympic results/programmes
1733,60,Modern Pentathlon,Modern Pentathlon,"Individual, Boys (YOG)","Modern Pentathlon|Modern Pentathlon|Individual, Boys (YOG)",REVIEW_EVENT,Semantic event key retained; no claim of row-by-row official extraction.,IOC Olympic results/programmes
1734,74,Rowing,Rowing,"Coxless Pairs, Boys (YOG)","Rowing|Rowing|Coxless Pairs, Boys (YOG)",REVIEW_EVENT,Semantic event key retained; no claim of row-by-row official extraction.,IOC Olympic results/programmes
1735,10,Athletics,Athletics,"Triple Jump, Boys (YOG)","Athletics|Athletics|Triple Jump, Boys (YOG)",REVIEW_EVENT,Semantic event key retained; no claim of row-by-row official extraction.,IOC Olympic results/programmes
1736,22,Boxing,Boxing,"Light-Flyweight, Boys (YOG)","Boxing|Boxing|Light-Flyweight, Boys (YOG)",REVIEW_EVENT,Semantic event key retained; no claim of row-by-row official extraction.,IOC Olympic results/programmes
1737,10,Athletics,Athletics,"400 metres Hurdles, Boys (YOG)","Athletics|Athletics|400 metres Hurdles, Boys (YOG)",REVIEW_EVENT,Semantic event key retained; no claim of row-by-row official extraction.,IOC Olympic results/programmes
1738,96,Tennis,Tennis,"Singles, Boys (YOG)","Tennis|Tennis|Singles, Boys (YOG)",REVIEW_EVENT,Semantic event key retained; no claim of row-by-row official extraction.,IOC Olympic results/programmes
1739,96,Tennis,Tennis,"Doubles, Boys (YOG)","Tennis|Tennis|Doubles, Boys (YOG)",REVIEW_EVENT,Semantic event key retained; no claim of row-by-row official extraction.,IOC Olympic results/programmes
1740,39,Equestrian,Equestrian Jumping,"Individual, Open Youth (YOG)","Equestrian|Equestrian Jumping|Individual, Open Youth (YOG)",REVIEW_EVENT,Semantic event key retained; no claim of row-by-row official extraction.,IOC Olympic results/programmes
1741,39,Equestrian,Equestrian Jumping,"Team, Open Youth (YOG)","Equestrian|Equestrian Jumping|Team, Open Youth (YOG)",REVIEW_EVENT,Semantic event key retained; no claim of row-by-row official extraction.,IOC Olympic results/programmes
1742,56,Judo,Judo,"≤100 kilograms, Boys (YOG)","Judo|Judo|≤100 kilograms, Boys (YOG)",REVIEW_EVENT,Semantic event key retained; no claim of row-by-row official extraction.,IOC Olympic results/programmes
1743,56,Judo,Judo,"≤55 kilograms, Boys (YOG)","Judo|Judo|≤55 kilograms, Boys (YOG)",REVIEW_EVENT,Semantic event key retained; no claim of row-by-row official extraction.,IOC Olympic results/programmes
1744,12,Badminton,Badminton,"Singles, Boys (YOG)","Badminton|Badminton|Singles, Boys (YOG)",REVIEW_EVENT,Semantic event key retained; no claim of row-by-row official extraction.,IOC Olympic results/programmes
1745,26,Canoeing,Canoe Sprint,"Canoe Singles, Head to Head, Boys (YOG)","Canoeing|Canoe Sprint|Canoe Singles, Head to Head, Boys (YOG)",REVIEW_EVENT,Semantic event key retained; no claim of row-by-row official extraction.,IOC Olympic results/programmes
1746,26,Canoeing,Canoe Sprint,"Canoe Singles, Obstacle Slalom, Boys (YOG)","Canoeing|Canoe Sprint|Canoe Singles, Obstacle Slalom, Boys (YOG)",REVIEW_EVENT,Semantic event key retained; no claim of row-by-row official extraction.,IOC Olympic results/programmes
1747,41,Fencing,Fencing,"Épée, Individual, Boys (YOG)","Fencing|Fencing|Épée, Individual, Boys (YOG)",REVIEW_EVENT,Semantic event key retained; no claim of row-by-row official extraction.,IOC Olympic results/programmes
1748,101,Weightlifting,Weightlifting,"Lightweight, Boys (YOG)","Weightlifting|Weightlifting|Lightweight, Boys (YOG)",REVIEW_EVENT,Semantic event key retained; no claim of row-by-row official extraction.,IOC Olympic results/programmes
1749,103,Wrestling,Wrestling Freestyle,"≤76 kilograms, Freestyle, Boys (YOG)","Wrestling|Wrestling Freestyle|≤76 kilograms, Freestyle, Boys (YOG)",REVIEW_EVENT,Semantic event key retained; no claim of row-by-row official extraction.,IOC Olympic results/programmes
1750,10,Athletics,Athletics,"110 metres Hurdles, Boys (YOG)","Athletics|Athletics|110 metres Hurdles, Boys (YOG)",REVIEW_EVENT,Semantic event key retained; no claim of row-by-row official extraction.,IOC Olympic results/programmes
1751,22,Boxing,Boxing,"Heavyweight, Boys (YOG)","Boxing|Boxing|Heavyweight, Boys (YOG)",REVIEW_EVENT,Semantic event key retained; no claim of row-by-row official extraction.,IOC Olympic results/programmes
1752,56,Judo,Judo,"≤81 kilograms, Boys (YOG)","Judo|Judo|≤81 kilograms, Boys (YOG)",REVIEW_EVENT,Semantic event key retained; no claim of row-by-row official extraction.,IOC Olympic results/programmes
1753,26,Canoeing,Canoe Sprint,"Kayak Singles, Head to Head, Boys (YOG)","Canoeing|Canoe Sprint|Kayak Singles, Head to Head, Boys (YOG)",REVIEW_EVENT,Semantic event key retained; no claim of row-by-row official extraction.,IOC Olympic results/programmes
1754,26,Canoeing,Canoe Sprint,"Kayak Singles, Obstacle Slalom, Boys (YOG)","Canoeing|Canoe Sprint|Kayak Singles, Obstacle Slalom, Boys (YOG)",REVIEW_EVENT,Semantic event key retained; no claim of row-by-row official extraction.,IOC Olympic results/programmes
1755,10,Athletics,Athletics,"1,500 metres, Boys (YOG)","Athletics|Athletics|1,500 metres, Boys (YOG)",REVIEW_EVENT,Semantic event key retained; no claim of row-by-row official extraction.,IOC Olympic results/programmes
1756,104,Wrestling,Wrestling Greco-Roman,"≤85 kilograms, Greco Roman, Boys (YOG)","Wrestling|Wrestling Greco-Roman|≤85 kilograms, Greco Roman, Boys (YOG)",REVIEW_EVENT,Semantic event key retained; no claim of row-by-row official extraction.,IOC Olympic results/programmes
1757,77,Sailing,Sailing,"One Person Dinghy, Boys (YOG)","Sailing|Sailing|One Person Dinghy, Boys (YOG)",REVIEW_EVENT,Semantic event key retained; no claim of row-by-row official extraction.,IOC Olympic results/programmes
1758,48,Handball,Handball,"Handball, Boys (YOG)","Handball|Handball|Handball, Boys (YOG)",REVIEW_EVENT,Semantic event key retained; no claim of row-by-row official extraction.,IOC Olympic results/programmes
1759,76,Rugby,Rugby Sevens,"Rugby Sevens, Boys (YOG)","Rugby|Rugby Sevens|Rugby Sevens, Boys (YOG)",REVIEW_EVENT,Semantic event key retained; no claim of row-by-row official extraction.,IOC Olympic results/programmes
1760,47,Gymnastics,Trampoline Gymnastics,"Individual, Boys (YOG)","Gymnastics|Trampoline Gymnastics|Individual, Boys (YOG)",REVIEW_EVENT,Semantic event key retained; no claim of row-by-row official extraction.,IOC Olympic results/programmes
1761,103,Wrestling,Wrestling Freestyle,"≤100 kilograms, Freestyle, Boys (YOG)","Wrestling|Wrestling Freestyle|≤100 kilograms, Freestyle, Boys (YOG)",REVIEW_EVENT,Semantic event key retained; no claim of row-by-row official extraction.,IOC Olympic results/programmes
1762,95,Taekwondo,Taekwondo,"≤73 kilograms, Boys (YOG)","Taekwondo|Taekwondo|≤73 kilograms, Boys (YOG)",REVIEW_EVENT,Semantic event key retained; no claim of row-by-row official extraction.,IOC Olympic results/programmes
1763,56,Judo,Judo,"≤66 kilograms, Boys (YOG)","Judo|Judo|≤66 kilograms, Boys (YOG)",REVIEW_EVENT,Semantic event key retained; no claim of row-by-row official extraction.,IOC Olympic results/programmes
1764,10,Athletics,Athletics,"Discus Throw, Boys (YOG)","Athletics|Athletics|Discus Throw, Boys (YOG)",REVIEW_EVENT,Semantic event key retained; no claim of row-by-row official extraction.,IOC Olympic results/programmes
1765,10,Athletics,Athletics,"Hammer Throw, Boys (YOG)","Athletics|Athletics|Hammer Throw, Boys (YOG)",REVIEW_EVENT,Semantic event key retained; no claim of row-by-row official extraction.,IOC Olympic results/programmes
1766,33,Cycling,Cycling Road,"Combined Team, Boys (YOG)","Cycling|Cycling Road|Combined Team, Boys (YOG)",REVIEW_EVENT,Semantic event key retained; no claim of row-by-row official extraction.,IOC Olympic results/programmes
1767,33,Cycling,Cycling Road,"Relay, Mixed Youth (YOG)","Cycling|Cycling Road|Relay, Mixed Youth (YOG)",REVIEW_EVENT,Semantic event key retained; no claim of row-by-row official extraction.,IOC Olympic results/programmes
1768,50,Hockey,Hockey 5s,"Hockey 5s, Boys (YOG)","Hockey|Hockey 5s|Hockey 5s, Boys (YOG)",REVIEW_EVENT,Semantic event key retained; no claim of row-by-row official extraction.,IOC Olympic results/programmes
1769,95,Taekwondo,Taekwondo,"≤48 kilograms, Boys (YOG)","Taekwondo|Taekwondo|≤48 kilograms, Boys (YOG)",REVIEW_EVENT,Semantic event key retained; no claim of row-by-row official extraction.,IOC Olympic results/programmes
1770,41,Fencing,Fencing,"Sabre, Individual, Boys (YOG)","Fencing|Fencing|Sabre, Individual, Boys (YOG)",REVIEW_EVENT,Semantic event key retained; no claim of row-by-row official extraction.,IOC Olympic results/programmes
1771,34,Cycling,Cycling Track,"Individual Time Trial, Men (Olympic)","Cycling|Cycling Track|Individual Time Trial, Men (Olympic)",REVIEW_EVENT,Semantic event key retained; no claim of row-by-row official extraction.,IOC Olympic results/programmes
1772,85,Skiing,Cross Country Skiing,"Sprint, Boys (YOG)","Skiing|Cross Country Skiing|Sprint, Boys (YOG)",REVIEW_EVENT,Semantic event key retained; no claim of row-by-row official extraction.,IOC Olympic results/programmes
1773,85,Skiing,Cross Country Skiing,"10 kilometres, Boys (YOG)","Skiing|Cross Country Skiing|10 kilometres, Boys (YOG)",REVIEW_EVENT,Semantic event key retained; no claim of row-by-row official extraction.,IOC Olympic results/programmes
1774,85,Skiing,Cross Country Skiing,"Cross, Boys (YOG)","Skiing|Cross Country Skiing|Cross, Boys (YOG)",REVIEW_EVENT,Semantic event key retained; no claim of row-by-row official extraction.,IOC Olympic results/programmes
1775,84,Skiing,Alpine Skiing,Freestyle Skiing (Skiing),Skiing|Alpine Skiing|Freestyle Skiing (Skiing),REVIEW_EVENT,Semantic event key retained; no claim of row-by-row official extraction.,IOC Olympic results/programmes
1776,84,Skiing,Alpine Skiing,"Ski Cross, Boys (YOG)","Skiing|Alpine Skiing|Ski Cross, Boys (YOG)",REVIEW_EVENT,Semantic event key retained; no claim of row-by-row official extraction.,IOC Olympic results/programmes
1777,90,Skiing,Snowboard,"Slopestyle, Girls (YOG)","Skiing|Snowboard|Slopestyle, Girls (YOG)",REVIEW_EVENT,Semantic event key retained; no claim of row-by-row official extraction.,IOC Olympic results/programmes
1778,90,Skiing,Snowboard,"Halfpipe, Girls (YOG)","Skiing|Snowboard|Halfpipe, Girls (YOG)",REVIEW_EVENT,Semantic event key retained; no claim of row-by-row official extraction.,IOC Olympic results/programmes
1779,84,Skiing,Alpine Skiing,"Team, Mixed Youth (YOG)","Skiing|Alpine Skiing|Team, Mixed Youth (YOG)",REVIEW_EVENT,Semantic event key retained; no claim of row-by-row official extraction.,IOC Olympic results/programmes
1780,117,YOG,"Sprint, Girls","Sprint, Girls (YOG)","YOG|Sprint, Girls|Sprint, Girls (YOG)",REVIEW_EVENT,Semantic event key retained; no claim of row-by-row official extraction.,IOC Olympic results/programmes
1781,106,YOG,"5 kilometres, Girls","5 kilometres, Girls (YOG)","YOG|5 kilometres, Girls|5 kilometres, Girls (YOG)",REVIEW_EVENT,Semantic event key retained; no claim of row-by-row official extraction.,IOC Olympic results/programmes
1782,86,Skiing,Freestyle Skiing,"Slopestyle, Girls (YOG)","Skiing|Freestyle Skiing|Slopestyle, Girls (YOG)",REVIEW_EVENT,Semantic event key retained; no claim of row-by-row official extraction.,IOC Olympic results/programmes
1783,59,Luge,Luge,"Doubles, Open Youth (YOG)","Luge|Luge|Doubles, Open Youth (YOG)",REVIEW_EVENT,Semantic event key retained; no claim of row-by-row official extraction.,IOC Olympic results/programmes
1784,21,Bobsleigh,Skeleton,"Skeleton, Girls (YOG)","Bobsleigh|Skeleton|Skeleton, Girls (YOG)",REVIEW_EVENT,Semantic event key retained; no claim of row-by-row official extraction.,IOC Olympic results/programmes
1785,19,Biathlon,Biathlon,"6 and 7.5 kilometres Single Relay, Mixed Youth (YOG)","Biathlon|Biathlon|6 and 7.5 kilometres Single Relay, Mixed Youth (YOG)",REVIEW_EVENT,Semantic event key retained; no claim of row-by-row official extraction.,IOC Olympic results/programmes
1786,86,Skiing,Freestyle Skiing,"Ski Cross, Girls (YOG)","Skiing|Freestyle Skiing|Ski Cross, Girls (YOG)",REVIEW_EVENT,Semantic event key retained; no claim of row-by-row official extraction.,IOC Olympic results/programmes
1787,85,Skiing,Cross Country Skiing,"Cross, Girls (YOG)","Skiing|Cross Country Skiing|Cross, Girls (YOG)",REVIEW_EVENT,Semantic event key retained; no claim of row-by-row official extraction.,IOC Olympic results/programmes
1788,80,Skating,Figure Skating,"Pairs, Mixed Youth (YOG)","Skating|Figure Skating|Pairs, Mixed Youth (YOG)",REVIEW_EVENT,Semantic event key retained; no claim of row-by-row official extraction.,IOC Olympic results/programmes
1789,82,Skating,Speed Skating,"500 metres, Girls (YOG)","Skating|Speed Skating|500 metres, Girls (YOG)",REVIEW_EVENT,Semantic event key retained; no claim of row-by-row official extraction.,IOC Olympic results/programmes
1790,82,Skating,Speed Skating,"Team Sprint, Mixed Youth (YOG)","Skating|Speed Skating|Team Sprint, Mixed Youth (YOG)",REVIEW_EVENT,Semantic event key retained; no claim of row-by-row official extraction.,IOC Olympic results/programmes
1791,82,Skating,Speed Skating,"1,500 metres, Girls (YOG)","Skating|Speed Skating|1,500 metres, Girls (YOG)",REVIEW_EVENT,Semantic event key retained; no claim of row-by-row official extraction.,IOC Olympic results/programmes
1792,82,Skating,Speed Skating,"Mass Start, Girls (YOG)","Skating|Speed Skating|Mass Start, Girls (YOG)",REVIEW_EVENT,Semantic event key retained; no claim of row-by-row official extraction.,IOC Olympic results/programmes
1793,81,Skating,Short Track Speed Skating,"500 metres, Boys (YOG)","Skating|Short Track Speed Skating|500 metres, Boys (YOG)",REVIEW_EVENT,Semantic event key retained; no claim of row-by-row official extraction.,IOC Olympic results/programmes
1794,81,Skating,Short Track Speed Skating,"1,000 metres, Boys (YOG)","Skating|Short Track Speed Skating|1,000 metres, Boys (YOG)",REVIEW_EVENT,Semantic event key retained; no claim of row-by-row official extraction.,IOC Olympic results/programmes
1795,85,Skiing,Cross Country Skiing,Mixed Sports,Skiing|Cross Country Skiing|Mixed Sports,REVIEW_EVENT,Semantic event key retained; no claim of row-by-row official extraction.,IOC Olympic results/programmes
1796,85,Skiing,Cross Country Skiing,"Cross-Country Skiing / Ski Jumping / Nordic Combined Team, Mixed Youth (YOG)","Skiing|Cross Country Skiing|Cross-Country Skiing / Ski Jumping / Nordic Combined Team, Mixed Youth (YOG)",REVIEW_EVENT,Semantic event key retained; no claim of row-by-row official extraction.,IOC Olympic results/programmes
1797,108,YOG,"Cross-Country Skiing / Ski Jumping / Nordic Combined Team, Mixed Youth","Cross-Country Skiing / Ski Jumping / Nordic Combined Team, Mixed Youth (YOG)","YOG|Cross-Country Skiing / Ski Jumping / Nordic Combined Team, Mixed Youth|Cross-Country Skiing / Ski Jumping / Nordic Combined Team, Mixed Youth (YOG)",REVIEW_EVENT,Semantic event key retained; no claim of row-by-row official extraction.,IOC Olympic results/programmes
1798,89,Skiing,Ski Jumping,Ski Jumping (Skiing),Skiing|Ski Jumping|Ski Jumping (Skiing),REVIEW_EVENT,Semantic event key retained; no claim of row-by-row official extraction.,IOC Olympic results/programmes
1799,114,YOG,"Normal Hill, Team, Mixed Youth","Normal Hill, Team, Mixed Youth (YOG)","YOG|Normal Hill, Team, Mixed Youth|Normal Hill, Team, Mixed Youth (YOG)",REVIEW_EVENT,Semantic event key retained; no claim of row-by-row official extraction.,IOC Olympic results/programmes
1800,88,Skiing,Nordic Combined,Nordic Combined (Skiing),Skiing|Nordic Combined|Nordic Combined (Skiing),REVIEW_EVENT,Semantic event key retained; no claim of row-by-row official extraction.,IOC Olympic results/programmes
1801,111,YOG,"Normal Hill / 5 km, Individual, Boys","Normal Hill / 5 km, Individual, Boys (YOG)","YOG|Normal Hill / 5 km, Individual, Boys|Normal Hill / 5 km, Individual, Boys (YOG)",REVIEW_EVENT,Semantic event key retained; no claim of row-by-row official extraction.,IOC Olympic results/programmes
1802,89,Skiing,Ski Jumping,"Normal Hill, Individual, Boys (YOG)","Skiing|Ski Jumping|Normal Hill, Individual, Boys (YOG)",REVIEW_EVENT,Semantic event key retained; no claim of row-by-row official extraction.,IOC Olympic results/programmes
1803,80,Skating,Figure Skating,"Ice Dancing, Mixed Youth (YOG)","Skating|Figure Skating|Ice Dancing, Mixed Youth (YOG)",REVIEW_EVENT,Semantic event key retained; no claim of row-by-row official extraction.,IOC Olympic results/programmes
1804,112,YOG,"Normal Hill, Individual, Boys","Normal Hill, Individual, Boys (YOG)","YOG|Normal Hill, Individual, Boys|Normal Hill, Individual, Boys (YOG)",REVIEW_EVENT,Semantic event key retained; no claim of row-by-row official extraction.,IOC Olympic results/programmes
1805,90,Skiing,Snowboard,"Cross, Boys (YOG)","Skiing|Snowboard|Cross, Boys (YOG)",REVIEW_EVENT,Semantic event key retained; no claim of row-by-row official extraction.,IOC Olympic results/programmes
1806,110,YOG,"Freestyle/Snowboard Relay, Mixed Youth","Freestyle/Snowboard Relay, Mixed Youth (YOG)","YOG|Freestyle/Snowboard Relay, Mixed Youth|Freestyle/Snowboard Relay, Mixed Youth (YOG)",REVIEW_EVENT,Semantic event key retained; no claim of row-by-row official extraction.,IOC Olympic results/programmes
1807,90,Skiing,Snowboard,Snowboarding (Skiing),Skiing|Snowboard|Snowboarding (Skiing),REVIEW_EVENT,Semantic event key retained; no claim of row-by-row official extraction.,IOC Olympic results/programmes
1808,109,YOG,"Cross, Girls","Cross, Girls (YOG)","YOG|Cross, Girls|Cross, Girls (YOG)",REVIEW_EVENT,Semantic event key retained; no claim of row-by-row official extraction.,IOC Olympic results/programmes
1809,82,Skating,Speed Skating,"3,000 metres, Girls (YOG)","Skating|Speed Skating|3,000 metres, Girls (YOG)",REVIEW_EVENT,Semantic event key retained; no claim of row-by-row official extraction.,IOC Olympic results/programmes
1810,29,Curling,Curling,"Doubles, Mixed Youth (YOG)","Curling|Curling|Doubles, Mixed Youth (YOG)",REVIEW_EVENT,Semantic event key retained; no claim of row-by-row official extraction.,IOC Olympic results/programmes
1811,29,Curling,Curling,"Curling, Mixed Youth (YOG)","Curling|Curling|Curling, Mixed Youth (YOG)",REVIEW_EVENT,Semantic event key retained; no claim of row-by-row official extraction.,IOC Olympic results/programmes
1812,113,YOG,"Normal Hill, Individual, Girls","Normal Hill, Individual, Girls (YOG)","YOG|Normal Hill, Individual, Girls|Normal Hill, Individual, Girls (YOG)",REVIEW_EVENT,Semantic event key retained; no claim of row-by-row official extraction.,IOC Olympic results/programmes
1813,82,Skating,Speed Skating,"1,500 metres, Boys (YOG)","Skating|Speed Skating|1,500 metres, Boys (YOG)",REVIEW_EVENT,Semantic event key retained; no claim of row-by-row official extraction.,IOC Olympic results/programmes
1814,82,Skating,Speed Skating,"3,000 metres, Boys (YOG)","Skating|Speed Skating|3,000 metres, Boys (YOG)",REVIEW_EVENT,Semantic event key retained; no claim of row-by-row official extraction.,IOC Olympic results/programmes
1815,82,Skating,Speed Skating,"Mass Start, Boys (YOG)","Skating|Speed Skating|Mass Start, Boys (YOG)",REVIEW_EVENT,Semantic event key retained; no claim of row-by-row official extraction.,IOC Olympic results/programmes
1816,82,Skating,Speed Skating,"3,000 metres Relay, Mixed Youth (YOG)","Skating|Speed Skating|3,000 metres Relay, Mixed Youth (YOG)",REVIEW_EVENT,Semantic event key retained; no claim of row-by-row official extraction.,IOC Olympic results/programmes
1817,82,Skating,Speed Skating,"1,000 metres, Girls (YOG)","Skating|Speed Skating|1,000 metres, Girls (YOG)",REVIEW_EVENT,Semantic event key retained; no claim of row-by-row official extraction.,IOC Olympic results/programmes
1818,82,Skating,Speed Skating,"500 metres, Boys (YOG)","Skating|Speed Skating|500 metres, Boys (YOG)",REVIEW_EVENT,Semantic event key retained; no claim of row-by-row official extraction.,IOC Olympic results/programmes
1819,52,Ice Hockey,Ice Hockey,"Skills Challenge, Girls (YOG)","Ice Hockey|Ice Hockey|Skills Challenge, Girls (YOG)",REVIEW_EVENT,Semantic event key retained; no claim of row-by-row official extraction.,IOC Olympic results/programmes
1820,20,Bobsleigh,Bobsleigh,"Monobob, Boys (YOG)","Bobsleigh|Bobsleigh|Monobob, Boys (YOG)",REVIEW_EVENT,Semantic event key retained; no claim of row-by-row official extraction.,IOC Olympic results/programmes
1821,86,Skiing,Freestyle Skiing,Freestyle Skiing (Skiing),Skiing|Freestyle Skiing|Freestyle Skiing (Skiing),REVIEW_EVENT,Semantic event key retained; no claim of row-by-row official extraction.,IOC Olympic results/programmes
1822,115,YOG,"Ski Cross, Girls","Ski Cross, Girls (YOG)","YOG|Ski Cross, Girls|Ski Cross, Girls (YOG)",REVIEW_EVENT,Semantic event key retained; no claim of row-by-row official extraction.,IOC Olympic results/programmes
1823,86,Skiing,Freestyle Skiing,"Big Air, Girls (YOG)","Skiing|Freestyle Skiing|Big Air, Girls (YOG)",REVIEW_EVENT,Semantic event key retained; no claim of row-by-row official extraction.,IOC Olympic results/programmes
1824,21,Bobsleigh,Skeleton,"Skeleton, Boys (YOG)","Bobsleigh|Skeleton|Skeleton, Boys (YOG)",REVIEW_EVENT,Semantic event key retained; no claim of row-by-row official extraction.,IOC Olympic results/programmes
1825,2,Air Sports,Ballooning,"Longest time travelled (#2), Handicap, Open (Olympic (non-medal))","Air Sports|Ballooning|Longest time travelled (#2), Handicap, Open (Olympic (non-medal))",REVIEW_EVENT,Semantic event key retained; no claim of row-by-row official extraction.,IOC Olympic results/programmes
1826,2,Air Sports,Ballooning,"Longest time travelled (#3), Open (Olympic (non-medal))","Air Sports|Ballooning|Longest time travelled (#3), Open (Olympic (non-medal))",REVIEW_EVENT,Semantic event key retained; no claim of row-by-row official extraction.,IOC Olympic results/programmes
1827,2,Air Sports,Ballooning,"Closest landing to target (#3), Combined, Open (Olympic (non-medal))","Air Sports|Ballooning|Closest landing to target (#3), Combined, Open (Olympic (non-medal))",REVIEW_EVENT,Semantic event key retained; no claim of row-by-row official extraction.,IOC Olympic results/programmes
1828,2,Air Sports,Ballooning,"Closest landing to target (#3), Intermediate stop, Open (Olympic (non-medal))","Air Sports|Ballooning|Closest landing to target (#3), Intermediate stop, Open (Olympic (non-medal))",REVIEW_EVENT,Semantic event key retained; no claim of row-by-row official extraction.,IOC Olympic results/programmes
1829,2,Air Sports,Ballooning,"Closest landing to target (#3), Final stop, Open (Olympic (non-medal))","Air Sports|Ballooning|Closest landing to target (#3), Final stop, Open (Olympic (non-medal))",REVIEW_EVENT,Semantic event key retained; no claim of row-by-row official extraction.,IOC Olympic results/programmes
1830,2,Air Sports,Ballooning,Equestrian Driving (Equestrian),Air Sports|Ballooning|Equestrian Driving (Equestrian),REVIEW_EVENT,Semantic event key retained; no claim of row-by-row official extraction.,IOC Olympic results/programmes
1831,2,Air Sports,Ballooning,"Four-In-Hand Competition, Open (Olympic)","Air Sports|Ballooning|Four-In-Hand Competition, Open (Olympic)",REVIEW_EVENT,Semantic event key retained; no claim of row-by-row official extraction.,IOC Olympic results/programmes
1832,86,Skiing,Freestyle Skiing,Mixed Sports,Skiing|Freestyle Skiing|Mixed Sports,REVIEW_EVENT,Semantic event key retained; no claim of row-by-row official extraction.,IOC Olympic results/programmes
1833,86,Skiing,Freestyle Skiing,"Freestyle/Snowboard Relay, Mixed Youth (YOG)","Skiing|Freestyle Skiing|Freestyle/Snowboard Relay, Mixed Youth (YOG)",REVIEW_EVENT,Semantic event key retained; no claim of row-by-row official extraction.,IOC Olympic results/programmes
1834,83,Ski Mountaineering,Ski Mountaineering,"Sprint, Girls (YOG)","Ski Mountaineering|Ski Mountaineering|Sprint, Girls (YOG)",REVIEW_EVENT,Semantic event key retained; no claim of row-by-row official extraction.,IOC Olympic results/programmes
1835,83,Ski Mountaineering,Ski Mountaineering,"Relay, Mixed Youth (YOG)","Ski Mountaineering|Ski Mountaineering|Relay, Mixed Youth (YOG)",REVIEW_EVENT,Semantic event key retained; no claim of row-by-row official extraction.,IOC Olympic results/programmes
1836,83,Ski Mountaineering,Ski Mountaineering,"Individual, Girls (YOG)","Ski Mountaineering|Ski Mountaineering|Individual, Girls (YOG)",REVIEW_EVENT,Semantic event key retained; no claim of row-by-row official extraction.,IOC Olympic results/programmes
1837,86,Skiing,Freestyle Skiing,"Ski Cross, Boys (YOG)","Skiing|Freestyle Skiing|Ski Cross, Boys (YOG)",REVIEW_EVENT,Semantic event key retained; no claim of row-by-row official extraction.,IOC Olympic results/programmes
1838,84,Skiing,Alpine Skiing,"Ski Cross, Girls (YOG)","Skiing|Alpine Skiing|Ski Cross, Girls (YOG)",REVIEW_EVENT,Semantic event key retained; no claim of row-by-row official extraction.,IOC Olympic results/programmes
1839,84,Skiing,Alpine Skiing,Mixed Sports,Skiing|Alpine Skiing|Mixed Sports,REVIEW_EVENT,Semantic event key retained; no claim of row-by-row official extraction.,IOC Olympic results/programmes
1840,84,Skiing,Alpine Skiing,"Freestyle/Snowboard Relay, Mixed Youth (YOG)","Skiing|Alpine Skiing|Freestyle/Snowboard Relay, Mixed Youth (YOG)",REVIEW_EVENT,Semantic event key retained; no claim of row-by-row official extraction.,IOC Olympic results/programmes
1841,20,Bobsleigh,Bobsleigh,"Monobob, Girls (YOG)","Bobsleigh|Bobsleigh|Monobob, Girls (YOG)",REVIEW_EVENT,Semantic event key retained; no claim of row-by-row official extraction.,IOC Olympic results/programmes
1842,19,Biathlon,Biathlon,"10 kilometres, Girls (YOG)","Biathlon|Biathlon|10 kilometres, Girls (YOG)",REVIEW_EVENT,Semantic event key retained; no claim of row-by-row official extraction.,IOC Olympic results/programmes
1843,19,Biathlon,Biathlon,"12.5 kilometres, Boys (YOG)","Biathlon|Biathlon|12.5 kilometres, Boys (YOG)",REVIEW_EVENT,Semantic event key retained; no claim of row-by-row official extraction.,IOC Olympic results/programmes
1844,19,Biathlon,Biathlon,"Sprint, Girls (YOG)","Biathlon|Biathlon|Sprint, Girls (YOG)",REVIEW_EVENT,Semantic event key retained; no claim of row-by-row official extraction.,IOC Olympic results/programmes
1845,19,Biathlon,Biathlon,"5 kilometres, Girls (YOG)","Biathlon|Biathlon|5 kilometres, Girls (YOG)",REVIEW_EVENT,Semantic event key retained; no claim of row-by-row official extraction.,IOC Olympic results/programmes
1846,19,Biathlon,Biathlon,"Cross, Girls (YOG)","Biathlon|Biathlon|Cross, Girls (YOG)",REVIEW_EVENT,Semantic event key retained; no claim of row-by-row official extraction.,IOC Olympic results/programmes
1847,19,Biathlon,Biathlon,"Sprint, Boys (YOG)","Biathlon|Biathlon|Sprint, Boys (YOG)",REVIEW_EVENT,Semantic event key retained; no claim of row-by-row official extraction.,IOC Olympic results/programmes
1848,19,Biathlon,Biathlon,"10 kilometres, Boys (YOG)","Biathlon|Biathlon|10 kilometres, Boys (YOG)",REVIEW_EVENT,Semantic event key retained; no claim of row-by-row official extraction.,IOC Olympic results/programmes
1849,19,Biathlon,Biathlon,"Cross, Boys (YOG)","Biathlon|Biathlon|Cross, Boys (YOG)",REVIEW_EVENT,Semantic event key retained; no claim of row-by-row official extraction.,IOC Olympic results/programmes
1850,86,Skiing,Freestyle Skiing,"Big Air, Boys (YOG)","Skiing|Freestyle Skiing|Big Air, Boys (YOG)",REVIEW_EVENT,Semantic event key retained; no claim of row-by-row official extraction.,IOC Olympic results/programmes
1851,51,Ice Hockey,3-on-3 Ice Hockey,"3-on-3 Ice Hockey, Boys (YOG)","Ice Hockey|3-on-3 Ice Hockey|3-on-3 Ice Hockey, Boys (YOG)",REVIEW_EVENT,Semantic event key retained; no claim of row-by-row official extraction.,IOC Olympic results/programmes
1852,51,Ice Hockey,3-on-3 Ice Hockey,"3-on-3 Ice Hockey, Girls (YOG)","Ice Hockey|3-on-3 Ice Hockey|3-on-3 Ice Hockey, Girls (YOG)",REVIEW_EVENT,Semantic event key retained; no claim of row-by-row official extraction.,IOC Olympic results/programmes
1853,52,Ice Hockey,Ice Hockey,"Ice Hockey, Boys (YOG)","Ice Hockey|Ice Hockey|Ice Hockey, Boys (YOG)",REVIEW_EVENT,Semantic event key retained; no claim of row-by-row official extraction.,IOC Olympic results/programmes
1854,52,Ice Hockey,Ice Hockey,3-on-3 Ice Hockey (Ice Hockey),Ice Hockey|Ice Hockey|3-on-3 Ice Hockey (Ice Hockey),REVIEW_EVENT,Semantic event key retained; no claim of row-by-row official extraction.,IOC Olympic results/programmes
1855,52,Ice Hockey,Ice Hockey,"3-on-3 Ice Hockey, Girls (YOG)","Ice Hockey|Ice Hockey|3-on-3 Ice Hockey, Girls (YOG)",REVIEW_EVENT,Semantic event key retained; no claim of row-by-row official extraction.,IOC Olympic results/programmes
1856,59,Luge,Luge,"Doubles, Boys (YOG)","Luge|Luge|Doubles, Boys (YOG)",REVIEW_EVENT,Semantic event key retained; no claim of row-by-row official extraction.,IOC Olympic results/programmes
1857,59,Luge,Luge,"Doubles, Girls (YOG)","Luge|Luge|Doubles, Girls (YOG)",REVIEW_EVENT,Semantic event key retained; no claim of row-by-row official extraction.,IOC Olympic results/programmes
1858,88,Skiing,Nordic Combined,"Normal Hill / 6 km, Individual, Boys (YOG)","Skiing|Nordic Combined|Normal Hill / 6 km, Individual, Boys (YOG)",REVIEW_EVENT,Semantic event key retained; no claim of row-by-row official extraction.,IOC Olympic results/programmes
1859,88,Skiing,Nordic Combined,"Normal Hill, Team, Mixed Youth (YOG)","Skiing|Nordic Combined|Normal Hill, Team, Mixed Youth (YOG)",REVIEW_EVENT,Semantic event key retained; no claim of row-by-row official extraction.,IOC Olympic results/programmes
1860,88,Skiing,Nordic Combined,"Normal Hill / 4 km, Individual, Girls (YOG)","Skiing|Nordic Combined|Normal Hill / 4 km, Individual, Girls (YOG)",REVIEW_EVENT,Semantic event key retained; no claim of row-by-row official extraction.,IOC Olympic results/programmes
1861,89,Skiing,Ski Jumping,"Normal Hill, Individual, Girls (YOG)","Skiing|Ski Jumping|Normal Hill, Individual, Girls (YOG)",REVIEW_EVENT,Semantic event key retained; no claim of row-by-row official extraction.,IOC Olympic results/programmes
1862,89,Skiing,Ski Jumping,"Normal Hill, Team, Mixed Youth (YOG)","Skiing|Ski Jumping|Normal Hill, Team, Mixed Youth (YOG)",REVIEW_EVENT,Semantic event key retained; no claim of row-by-row official extraction.,IOC Olympic results/programmes
1863,89,Skiing,Ski Jumping,"Normal Hill / 4 km, Individual, Girls (YOG)","Skiing|Ski Jumping|Normal Hill / 4 km, Individual, Girls (YOG)",REVIEW_EVENT,Semantic event key retained; no claim of row-by-row official extraction.,IOC Olympic results/programmes
1864,89,Skiing,Ski Jumping,Mixed Sports,Skiing|Ski Jumping|Mixed Sports,REVIEW_EVENT,Semantic event key retained; no claim of row-by-row official extraction.,IOC Olympic results/programmes
1865,89,Skiing,Ski Jumping,"Cross-Country Skiing / Ski Jumping / Nordic Combined Team, Mixed Youth (YOG)","Skiing|Ski Jumping|Cross-Country Skiing / Ski Jumping / Nordic Combined Team, Mixed Youth (YOG)",REVIEW_EVENT,Semantic event key retained; no claim of row-by-row official extraction.,IOC Olympic results/programmes
1866,88,Skiing,Nordic Combined,Mixed Sports,Skiing|Nordic Combined|Mixed Sports,REVIEW_EVENT,Semantic event key retained; no claim of row-by-row official extraction.,IOC Olympic results/programmes
1867,88,Skiing,Nordic Combined,"Cross-Country Skiing / Ski Jumping / Nordic Combined Team, Mixed Youth (YOG)","Skiing|Nordic Combined|Cross-Country Skiing / Ski Jumping / Nordic Combined Team, Mixed Youth (YOG)",REVIEW_EVENT,Semantic event key retained; no claim of row-by-row official extraction.,IOC Olympic results/programmes
1868,89,Skiing,Ski Jumping,"Normal Hill / 6 km, Individual, Boys (YOG)","Skiing|Ski Jumping|Normal Hill / 6 km, Individual, Boys (YOG)",REVIEW_EVENT,Semantic event key retained; no claim of row-by-row official extraction.,IOC Olympic results/programmes
1869,90,Skiing,Snowboard,Mixed Sports,Skiing|Snowboard|Mixed Sports,REVIEW_EVENT,Semantic event key retained; no claim of row-by-row official extraction.,IOC Olympic results/programmes
1870,90,Skiing,Snowboard,"Freestyle/Snowboard Relay, Mixed Youth (YOG)","Skiing|Snowboard|Freestyle/Snowboard Relay, Mixed Youth (YOG)",REVIEW_EVENT,Semantic event key retained; no claim of row-by-row official extraction.,IOC Olympic results/programmes
1871,90,Skiing,Snowboard,"Big Air, Girls (YOG)","Skiing|Snowboard|Big Air, Girls (YOG)",REVIEW_EVENT,Semantic event key retained; no claim of row-by-row official extraction.,IOC Olympic results/programmes
1872,90,Skiing,Snowboard,"Big Air, Boys (YOG)","Skiing|Snowboard|Big Air, Boys (YOG)",REVIEW_EVENT,Semantic event key retained; no claim of row-by-row official extraction.,IOC Olympic results/programmes
1873,90,Skiing,Snowboard,"Cross, Girls (YOG)","Skiing|Snowboard|Cross, Girls (YOG)",REVIEW_EVENT,Semantic event key retained; no claim of row-by-row official extraction.,IOC Olympic results/programmes
1874,83,Ski Mountaineering,Ski Mountaineering,"Sprint, Boys (YOG)","Ski Mountaineering|Ski Mountaineering|Sprint, Boys (YOG)",REVIEW_EVENT,Semantic event key retained; no claim of row-by-row official extraction.,IOC Olympic results/programmes
1875,83,Ski Mountaineering,Ski Mountaineering,"Individual, Boys (YOG)","Ski Mountaineering|Ski Mountaineering|Individual, Boys (YOG)",REVIEW_EVENT,Semantic event key retained; no claim of row-by-row official extraction.,IOC Olympic results/programmes
1876,57,Karate,Karate,"Kumite, >61 kg, Women (Olympic)","Karate|Karate|Kumite, >61 kg, Women (Olympic)",REVIEW_EVENT,Semantic event key retained; no claim of row-by-row official extraction.,IOC Olympic results/programmes
1877,93,Surfing,Surfing,"Shortboard, Men (Olympic)","Surfing|Surfing|Shortboard, Men (Olympic)",REVIEW_EVENT,Semantic event key retained; no claim of row-by-row official extraction.,IOC Olympic results/programmes
1878,31,Cycling,BMX Freestyle,"Park, Women (Olympic)","Cycling|BMX Freestyle|Park, Women (Olympic)",REVIEW_EVENT,Semantic event key retained; no claim of row-by-row official extraction.,IOC Olympic results/programmes
1879,26,Canoeing,Canoe Sprint,"Canadian Singles, 200 metres, Women (Olympic)","Canoeing|Canoe Sprint|Canadian Singles, 200 metres, Women (Olympic)",REVIEW_EVENT,Semantic event key retained; no claim of row-by-row official extraction.,IOC Olympic results/programmes
1880,26,Canoeing,Canoe Sprint,"Canadian Doubles, 500 metres, Women (Olympic)","Canoeing|Canoe Sprint|Canadian Doubles, 500 metres, Women (Olympic)",REVIEW_EVENT,Semantic event key retained; no claim of row-by-row official extraction.,IOC Olympic results/programmes
1881,92,Sport Climbing,Sport Climbing,"Combined, Women (Olympic)","Sport Climbing|Sport Climbing|Combined, Women (Olympic)",REVIEW_EVENT,Semantic event key retained; no claim of row-by-row official extraction.,IOC Olympic results/programmes
1882,72,Roller Sports,Skateboarding,"Street, Women (Olympic)","Roller Sports|Skateboarding|Street, Women (Olympic)",REVIEW_EVENT,Semantic event key retained; no claim of row-by-row official extraction.,IOC Olympic results/programmes
1883,72,Roller Sports,Skateboarding,"Park, Women (Olympic)","Roller Sports|Skateboarding|Park, Women (Olympic)",REVIEW_EVENT,Semantic event key retained; no claim of row-by-row official extraction.,IOC Olympic results/programmes
1884,93,Surfing,Surfing,"Shortboard, Women (Olympic)","Surfing|Surfing|Shortboard, Women (Olympic)",REVIEW_EVENT,Semantic event key retained; no claim of row-by-row official extraction.,IOC Olympic results/programmes
1885,31,Cycling,BMX Freestyle,"Park, Men (Olympic)","Cycling|BMX Freestyle|Park, Men (Olympic)",REVIEW_EVENT,Semantic event key retained; no claim of row-by-row official extraction.,IOC Olympic results/programmes
1886,92,Sport Climbing,Sport Climbing,"Combined, Men (Olympic)","Sport Climbing|Sport Climbing|Combined, Men (Olympic)",REVIEW_EVENT,Semantic event key retained; no claim of row-by-row official extraction.,IOC Olympic results/programmes
1887,57,Karate,Karate,"Kumite, ≤75 kg, Men (Olympic)","Karate|Karate|Kumite, ≤75 kg, Men (Olympic)",REVIEW_EVENT,Semantic event key retained; no claim of row-by-row official extraction.,IOC Olympic results/programmes
1888,72,Roller Sports,Skateboarding,"Street, Men (Olympic)","Roller Sports|Skateboarding|Street, Men (Olympic)",REVIEW_EVENT,Semantic event key retained; no claim of row-by-row official extraction.,IOC Olympic results/programmes
1889,57,Karate,Karate,"Kumite, ≤55 kg, Women (Olympic)","Karate|Karate|Kumite, ≤55 kg, Women (Olympic)",REVIEW_EVENT,Semantic event key retained; no claim of row-by-row official extraction.,IOC Olympic results/programmes
1890,57,Karate,Karate,"Kumite, ≤67 kg, Men (Olympic)","Karate|Karate|Kumite, ≤67 kg, Men (Olympic)",REVIEW_EVENT,Semantic event key retained; no claim of row-by-row official extraction.,IOC Olympic results/programmes
1891,17,Basketball,Basketball 3x3,"3x3 Basketball, Men (Olympic)","Basketball|Basketball 3x3|3x3 Basketball, Men (Olympic)",REVIEW_EVENT,Semantic event key retained; no claim of row-by-row official extraction.,IOC Olympic results/programmes
1892,17,Basketball,Basketball 3x3,"3x3 Basketball, Women (Olympic)","Basketball|Basketball 3x3|3x3 Basketball, Women (Olympic)",REVIEW_EVENT,Semantic event key retained; no claim of row-by-row official extraction.,IOC Olympic results/programmes
1893,42,Football,Football,"Football, Girls (YOG)","Football|Football|Football, Girls (YOG)",REVIEW_EVENT,Semantic event key retained; no claim of row-by-row official extraction.,IOC Olympic results/programmes
1894,57,Karate,Karate,"Kata, Men (Olympic)","Karate|Karate|Kata, Men (Olympic)",REVIEW_EVENT,Semantic event key retained; no claim of row-by-row official extraction.,IOC Olympic results/programmes
1895,57,Karate,Karate,"Kata, Women (Olympic)","Karate|Karate|Kata, Women (Olympic)",REVIEW_EVENT,Semantic event key retained; no claim of row-by-row official extraction.,IOC Olympic results/programmes
1896,44,Golf,Golf,"Individual, Boys (YOG)","Golf|Golf|Individual, Boys (YOG)",REVIEW_EVENT,Semantic event key retained; no claim of row-by-row official extraction.,IOC Olympic results/programmes
1897,34,Cycling,Cycling Track,"Road Race, Individual, Men (Olympic)","Cycling|Cycling Track|Road Race, Individual, Men (Olympic)",REVIEW_EVENT,Semantic event key retained; no claim of row-by-row official extraction.,IOC Olympic results/programmes
1898,88,Skiing,Nordic Combined,"Normal Hill, Team, Mixed (Olympic)","Skiing|Nordic Combined|Normal Hill, Team, Mixed (Olympic)",REVIEW_EVENT,Semantic event key retained; no claim of row-by-row official extraction.,IOC Olympic results/programmes
1899,71,Roller Sports,Roller Skating,"Combined, Boys (YOG)","Roller Sports|Roller Skating|Combined, Boys (YOG)",REVIEW_EVENT,Semantic event key retained; no claim of row-by-row official extraction.,IOC Olympic results/programmes
1901,56,Judo,Judo,Judo Men's Extra-Lightweight,Judo|Judo|Judo Men's Extra-Lightweight,REVIEW_EVENT,Semantic event key retained; no claim of row-by-row official extraction.,IOC Olympic results/programmes
1904,82,Skating,Speed Skating,Speed Skating Women's 500 metres,Skating|Speed Skating|Speed Skating Women's 500 metres,REVIEW_EVENT,Semantic event key retained; no claim of row-by-row official extraction.,IOC Olympic results/programmes
1905,82,Skating,Speed Skating,"Speed Skating Women's 1,000 metres","Skating|Speed Skating|Speed Skating Women's 1,000 metres",REVIEW_EVENT,Semantic event key retained; no claim of row-by-row official extraction.,IOC Olympic results/programmes
1906,85,Skiing,Cross Country Skiing,Cross Country Skiing Men's 10 kilometres,Skiing|Cross Country Skiing|Cross Country Skiing Men's 10 kilometres,REVIEW_EVENT,Semantic event key retained; no claim of row-by-row official extraction.,IOC Olympic results/programmes
1907,85,Skiing,Cross Country Skiing,Cross Country Skiing Men's 50 kilometres,Skiing|Cross Country Skiing|Cross Country Skiing Men's 50 kilometres,REVIEW_EVENT,Semantic event key retained; no claim of row-by-row official extraction.,IOC Olympic results/programmes
1908,85,Skiing,Cross Country Skiing,Cross Country Skiing Men's 10/15 kilometres Pursuit,Skiing|Cross Country Skiing|Cross Country Skiing Men's 10/15 kilometres Pursuit,REVIEW_EVENT,Semantic event key retained; no claim of row-by-row official extraction.,IOC Olympic results/programmes
1909,85,Skiing,Cross Country Skiing,Cross Country Skiing Men's 4 x 10 kilometres Relay,Skiing|Cross Country Skiing|Cross Country Skiing Men's 4 x 10 kilometres Relay,REVIEW_EVENT,Semantic event key retained; no claim of row-by-row official extraction.,IOC Olympic results/programmes
1910,85,Skiing,Cross Country Skiing,Cross Country Skiing Men's 30 kilometres,Skiing|Cross Country Skiing|Cross Country Skiing Men's 30 kilometres,REVIEW_EVENT,Semantic event key retained; no claim of row-by-row official extraction.,IOC Olympic results/programmes
1911,10,Athletics,Athletics,Athletics Women's 100 metres,Athletics|Athletics|Athletics Women's 100 metres,REVIEW_EVENT,Semantic event key retained; no claim of row-by-row official extraction.,IOC Olympic results/programmes
1912,10,Athletics,Athletics,Athletics Women's 4 x 100 metres Relay,Athletics|Athletics|Athletics Women's 4 x 100 metres Relay,REVIEW_EVENT,Semantic event key retained; no claim of row-by-row official extraction.,IOC Olympic results/programmes
1914,6,Aquatics,Swimming,Swimming Men's 400 metres Freestyle,Aquatics|Swimming|Swimming Men's 400 metres Freestyle,REVIEW_EVENT,Semantic event key retained; no claim of row-by-row official extraction.,IOC Olympic results/programmes
1915,12,Badminton,Badminton,Badminton Men's Singles,Badminton|Badminton|Badminton Men's Singles,REVIEW_EVENT,Semantic event key retained; no claim of row-by-row official extraction.,IOC Olympic results/programmes
1916,77,Sailing,Sailing,Sailing Women's Windsurfer,Sailing|Sailing|Sailing Women's Windsurfer,REVIEW_EVENT,Semantic event key retained; no claim of row-by-row official extraction.,IOC Olympic results/programmes
1917,19,Biathlon,Biathlon,Biathlon Women's 7.5 kilometres Sprint,Biathlon|Biathlon|Biathlon Women's 7.5 kilometres Sprint,REVIEW_EVENT,Semantic event key retained; no claim of row-by-row official extraction.,IOC Olympic results/programmes
1918,6,Aquatics,Swimming,Swimming Men's 200 metres Breaststroke,Aquatics|Swimming|Swimming Men's 200 metres Breaststroke,REVIEW_EVENT,Semantic event key retained; no claim of row-by-row official extraction.,IOC Olympic results/programmes
1919,6,Aquatics,Swimming,Swimming Men's 400 metres Breaststroke,Aquatics|Swimming|Swimming Men's 400 metres Breaststroke,REVIEW_EVENT,Semantic event key retained; no claim of row-by-row official extraction.,IOC Olympic results/programmes
1928,10,Athletics,Athletics,Athletics Men's Shot Put,Athletics|Athletics|Athletics Men's Shot Put,REVIEW_EVENT,Semantic event key retained; no claim of row-by-row official extraction.,IOC Olympic results/programmes
1929,9,Art Competitions,Art Competitions,"Art Competitions Mixed Sculpturing, Unknown Event","Art Competitions|Art Competitions|Art Competitions Mixed Sculpturing, Unknown Event",REVIEW_EVENT,Semantic event key retained; no claim of row-by-row official extraction.,IOC Olympic results/programmes
1930,84,Skiing,Alpine Skiing,Alpine Skiing Men's Downhill,Skiing|Alpine Skiing|Alpine Skiing Men's Downhill,REVIEW_EVENT,Semantic event key retained; no claim of row-by-row official extraction.,IOC Olympic results/programmes
1931,84,Skiing,Alpine Skiing,Alpine Skiing Men's Super G,Skiing|Alpine Skiing|Alpine Skiing Men's Super G,REVIEW_EVENT,Semantic event key retained; no claim of row-by-row official extraction.,IOC Olympic results/programmes
1932,84,Skiing,Alpine Skiing,Alpine Skiing Men's Giant Slalom,Skiing|Alpine Skiing|Alpine Skiing Men's Giant Slalom,REVIEW_EVENT,Semantic event key retained; no claim of row-by-row official extraction.,IOC Olympic results/programmes
1933,84,Skiing,Alpine Skiing,Alpine Skiing Men's Slalom,Skiing|Alpine Skiing|Alpine Skiing Men's Slalom,REVIEW_EVENT,Semantic event key retained; no claim of row-by-row official extraction.,IOC Olympic results/programmes
1934,84,Skiing,Alpine Skiing,Alpine Skiing Men's Combined,Skiing|Alpine Skiing|Alpine Skiing Men's Combined,REVIEW_EVENT,Semantic event key retained; no claim of row-by-row official extraction.,IOC Olympic results/programmes
1936,101,Weightlifting,Weightlifting,Weightlifting Women's Super-Heavyweight,Weightlifting|Weightlifting|Weightlifting Women's Super-Heavyweight,REVIEW_EVENT,Semantic event key retained; no claim of row-by-row official extraction.,IOC Olympic results/programmes
1937,104,Wrestling,Wrestling Greco-Roman,"Wrestling Men's Light-Heavyweight, Greco-Roman","Wrestling|Wrestling Greco-Roman|Wrestling Men's Light-Heavyweight, Greco-Roman",REVIEW_EVENT,Semantic event key retained; no claim of row-by-row official extraction.,IOC Olympic results/programmes
1938,82,Skating,Speed Skating,Speed Skating Men's 500 metres,Skating|Speed Skating|Speed Skating Men's 500 metres,REVIEW_EVENT,Semantic event key retained; no claim of row-by-row official extraction.,IOC Olympic results/programmes
1939,82,Skating,Speed Skating,"Speed Skating Men's 1,500 metres","Skating|Speed Skating|Speed Skating Men's 1,500 metres",REVIEW_EVENT,Semantic event key retained; no claim of row-by-row official extraction.,IOC Olympic results/programmes
1940,45,Gymnastics,Artistic Gymnastics,"Gymnastics Men's Team All-Around, Free System","Gymnastics|Artistic Gymnastics|Gymnastics Men's Team All-Around, Free System",REVIEW_EVENT,Semantic event key retained; no claim of row-by-row official extraction.,IOC Olympic results/programmes
1941,59,Luge,Luge,Luge Women's Singles,Luge|Luge|Luge Women's Singles,REVIEW_EVENT,Semantic event key retained; no claim of row-by-row official extraction.,IOC Olympic results/programmes
1942,7,Aquatics,Water Polo,Water Polo Men's Water Polo,Aquatics|Water Polo|Water Polo Men's Water Polo,REVIEW_EVENT,Semantic event key retained; no claim of row-by-row official extraction.,IOC Olympic results/programmes
1943,77,Sailing,Sailing,Sailing Mixed Three Person Keelboat,Sailing|Sailing|Sailing Mixed Three Person Keelboat,REVIEW_EVENT,Semantic event key retained; no claim of row-by-row official extraction.,IOC Olympic results/programmes
1945,74,Rowing,Rowing,Rowing Men's Lightweight Double Sculls,Rowing|Rowing|Rowing Men's Lightweight Double Sculls,REVIEW_EVENT,Semantic event key retained; no claim of row-by-row official extraction.,IOC Olympic results/programmes
1946,10,Athletics,Athletics,Athletics Men's Pole Vault,Athletics|Athletics|Athletics Men's Pole Vault,REVIEW_EVENT,Semantic event key retained; no claim of row-by-row official extraction.,IOC Olympic results/programmes
1947,10,Athletics,Athletics,Athletics Men's High Jump,Athletics|Athletics|Athletics Men's High Jump,REVIEW_EVENT,Semantic event key retained; no claim of row-by-row official extraction.,IOC Olympic results/programmes
1948,77,Sailing,Sailing,Sailing Men's Two Person Dinghy,Sailing|Sailing|Sailing Men's Two Person Dinghy,REVIEW_EVENT,Semantic event key retained; no claim of row-by-row official extraction.,IOC Olympic results/programmes
1949,10,Athletics,Athletics,"Athletics Men's 1,500 metres","Athletics|Athletics|Athletics Men's 1,500 metres",REVIEW_EVENT,Semantic event key retained; no claim of row-by-row official extraction.,IOC Olympic results/programmes
1950,20,Bobsleigh,Bobsleigh,Bobsleigh Men's Four,Bobsleigh|Bobsleigh|Bobsleigh Men's Four,REVIEW_EVENT,Semantic event key retained; no claim of row-by-row official extraction.,IOC Olympic results/programmes
1955,41,Fencing,Fencing,"Fencing Men's Foil, Individual","Fencing|Fencing|Fencing Men's Foil, Individual",REVIEW_EVENT,Semantic event key retained; no claim of row-by-row official extraction.,IOC Olympic results/programmes
1956,41,Fencing,Fencing,"Fencing Men's epee, Individual","Fencing|Fencing|Fencing Men's epee, Individual",REVIEW_EVENT,Semantic event key retained; no claim of row-by-row official extraction.,IOC Olympic results/programmes
1957,41,Fencing,Fencing,"Fencing Men's epee, Team","Fencing|Fencing|Fencing Men's epee, Team",REVIEW_EVENT,Semantic event key retained; no claim of row-by-row official extraction.,IOC Olympic results/programmes
1958,82,Skating,Speed Skating,"Speed Skating Men's 5,000 metres","Skating|Speed Skating|Speed Skating Men's 5,000 metres",REVIEW_EVENT,Semantic event key retained; no claim of row-by-row official extraction.,IOC Olympic results/programmes
1959,82,Skating,Speed Skating,"Speed Skating Men's 10,000 metres","Skating|Speed Skating|Speed Skating Men's 10,000 metres",REVIEW_EVENT,Semantic event key retained; no claim of row-by-row official extraction.,IOC Olympic results/programmes
1960,77,Sailing,Sailing,Sailing Mixed 8 metres,Sailing|Sailing|Sailing Mixed 8 metres,REVIEW_EVENT,Semantic event key retained; no claim of row-by-row official extraction.,IOC Olympic results/programmes
1961,39,Equestrian,Equestrian Jumping,"Equestrianism Mixed Jumping, Individual","Equestrian|Equestrian Jumping|Equestrianism Mixed Jumping, Individual",REVIEW_EVENT,Semantic event key retained; no claim of row-by-row official extraction.,IOC Olympic results/programmes
1962,85,Skiing,Cross Country Skiing,Cross Country Skiing Men's 15 kilometres,Skiing|Cross Country Skiing|Cross Country Skiing Men's 15 kilometres,REVIEW_EVENT,Semantic event key retained; no claim of row-by-row official extraction.,IOC Olympic results/programmes
1963,79,Shooting,Shooting,"Shooting Men's Small-Bore Rifle, Prone, 50 metres","Shooting|Shooting|Shooting Men's Small-Bore Rifle, Prone, 50 metres",REVIEW_EVENT,Semantic event key retained; no claim of row-by-row official extraction.,IOC Olympic results/programmes
1964,79,Shooting,Shooting,"Shooting Men's Rapid-Fire Pistol, 25 metres","Shooting|Shooting|Shooting Men's Rapid-Fire Pistol, 25 metres",REVIEW_EVENT,Semantic event key retained; no claim of row-by-row official extraction.,IOC Olympic results/programmes
1965,79,Shooting,Shooting,Shooting Men's Trap,Shooting|Shooting|Shooting Men's Trap,REVIEW_EVENT,Semantic event key retained; no claim of row-by-row official extraction.,IOC Olympic results/programmes
1966,10,Athletics,Athletics,Athletics Men's 4 x 100 metres Relay,Athletics|Athletics|Athletics Men's 4 x 100 metres Relay,REVIEW_EVENT,Semantic event key retained; no claim of row-by-row official extraction.,IOC Olympic results/programmes
1967,10,Athletics,Athletics,Athletics Men's Long Jump,Athletics|Athletics|Athletics Men's Long Jump,REVIEW_EVENT,Semantic event key retained; no claim of row-by-row official extraction.,IOC Olympic results/programmes
1968,22,Boxing,Boxing,Boxing Men's Light-Welterweight,Boxing|Boxing|Boxing Men's Light-Welterweight,REVIEW_EVENT,Semantic event key retained; no claim of row-by-row official extraction.,IOC Olympic results/programmes
1969,10,Athletics,Athletics,Athletics Women's Javelin Throw,Athletics|Athletics|Athletics Women's Javelin Throw,REVIEW_EVENT,Semantic event key retained; no claim of row-by-row official extraction.,IOC Olympic results/programmes
1970,103,Wrestling,Wrestling Freestyle,"Wrestling Men's Heavyweight, Freestyle","Wrestling|Wrestling Freestyle|Wrestling Men's Heavyweight, Freestyle",REVIEW_EVENT,Semantic event key retained; no claim of row-by-row official extraction.,IOC Olympic results/programmes
1971,95,Taekwondo,Taekwondo,Taekwondo Men's Flyweight,Taekwondo|Taekwondo|Taekwondo Men's Flyweight,REVIEW_EVENT,Semantic event key retained; no claim of row-by-row official extraction.,IOC Olympic results/programmes
1972,22,Boxing,Boxing,Boxing Men's Heavyweight,Boxing|Boxing|Boxing Men's Heavyweight,REVIEW_EVENT,Semantic event key retained; no claim of row-by-row official extraction.,IOC Olympic results/programmes
1973,10,Athletics,Athletics,"Athletics Men's 5,000 metres","Athletics|Athletics|Athletics Men's 5,000 metres",REVIEW_EVENT,Semantic event key retained; no claim of row-by-row official extraction.,IOC Olympic results/programmes
1974,33,Cycling,Cycling Road,"Cycling Men's Road Race, Individual","Cycling|Cycling Road|Cycling Men's Road Race, Individual",REVIEW_EVENT,Semantic event key retained; no claim of row-by-row official extraction.,IOC Olympic results/programmes
1975,33,Cycling,Cycling Road,"Cycling Men's Road Race, Team","Cycling|Cycling Road|Cycling Men's Road Race, Team",REVIEW_EVENT,Semantic event key retained; no claim of row-by-row official extraction.,IOC Olympic results/programmes
1976,101,Weightlifting,Weightlifting,Weightlifting Men's Lightweight,Weightlifting|Weightlifting|Weightlifting Men's Lightweight,REVIEW_EVENT,Semantic event key retained; no claim of row-by-row official extraction.,IOC Olympic results/programmes
1977,101,Weightlifting,Weightlifting,Weightlifting Men's Middleweight,Weightlifting|Weightlifting|Weightlifting Men's Middleweight,REVIEW_EVENT,Semantic event key retained; no claim of row-by-row official extraction.,IOC Olympic results/programmes
1978,74,Rowing,Rowing,Rowing Men's Coxless Pairs,Rowing|Rowing|Rowing Men's Coxless Pairs,REVIEW_EVENT,Semantic event key retained; no claim of row-by-row official extraction.,IOC Olympic results/programmes
1979,56,Judo,Judo,Judo Men's Half-Middleweight,Judo|Judo|Judo Men's Half-Middleweight,REVIEW_EVENT,Semantic event key retained; no claim of row-by-row official extraction.,IOC Olympic results/programmes
1980,95,Taekwondo,Taekwondo,Taekwondo Women's Flyweight,Taekwondo|Taekwondo|Taekwondo Women's Flyweight,REVIEW_EVENT,Semantic event key retained; no claim of row-by-row official extraction.,IOC Olympic results/programmes
1981,22,Boxing,Boxing,Boxing Men's Flyweight,Boxing|Boxing|Boxing Men's Flyweight,REVIEW_EVENT,Semantic event key retained; no claim of row-by-row official extraction.,IOC Olympic results/programmes
1983,4,Aquatics,Diving,Diving Men's Platform,Aquatics|Diving|Diving Men's Platform,REVIEW_EVENT,Semantic event key retained; no claim of row-by-row official extraction.,IOC Olympic results/programmes
1984,26,Canoeing,Canoe Sprint,"Canoeing Men's Canadian Doubles, 500 metres","Canoeing|Canoe Sprint|Canoeing Men's Canadian Doubles, 500 metres",REVIEW_EVENT,Semantic event key retained; no claim of row-by-row official extraction.,IOC Olympic results/programmes
1985,26,Canoeing,Canoe Sprint,"Canoeing Men's Canadian Doubles, 1,000 metres","Canoeing|Canoe Sprint|Canoeing Men's Canadian Doubles, 1,000 metres",REVIEW_EVENT,Semantic event key retained; no claim of row-by-row official extraction.,IOC Olympic results/programmes
1986,26,Canoeing,Canoe Sprint,"Canoeing Men's Kayak Fours, 1,000 metres","Canoeing|Canoe Sprint|Canoeing Men's Kayak Fours, 1,000 metres",REVIEW_EVENT,Semantic event key retained; no claim of row-by-row official extraction.,IOC Olympic results/programmes
1988,74,Rowing,Rowing,Rowing Women's Coxless Pairs,Rowing|Rowing|Rowing Women's Coxless Pairs,REVIEW_EVENT,Semantic event key retained; no claim of row-by-row official extraction.,IOC Olympic results/programmes
1989,22,Boxing,Boxing,Boxing Men's Middleweight,Boxing|Boxing|Boxing Men's Middleweight,REVIEW_EVENT,Semantic event key retained; no claim of row-by-row official extraction.,IOC Olympic results/programmes
1990,56,Judo,Judo,Judo Men's Lightweight,Judo|Judo|Judo Men's Lightweight,REVIEW_EVENT,Semantic event key retained; no claim of row-by-row official extraction.,IOC Olympic results/programmes
1991,22,Boxing,Boxing,Boxing Men's Featherweight,Boxing|Boxing|Boxing Men's Featherweight,REVIEW_EVENT,Semantic event key retained; no claim of row-by-row official extraction.,IOC Olympic results/programmes
1992,96,Tennis,Tennis,Tennis Men's Doubles,Tennis|Tennis|Tennis Men's Doubles,REVIEW_EVENT,Semantic event key retained; no claim of row-by-row official extraction.,IOC Olympic results/programmes
1993,79,Shooting,Shooting,Shooting Mixed Skeet,Shooting|Shooting|Shooting Mixed Skeet,REVIEW_EVENT,Semantic event key retained; no claim of row-by-row official extraction.,IOC Olympic results/programmes
1994,103,Wrestling,Wrestling Freestyle,"Wrestling Men's Featherweight, Freestyle","Wrestling|Wrestling Freestyle|Wrestling Men's Featherweight, Freestyle",REVIEW_EVENT,Semantic event key retained; no claim of row-by-row official extraction.,IOC Olympic results/programmes
1995,77,Sailing,Sailing,Sailing Mixed Two Person Heavyweight Dinghy,Sailing|Sailing|Sailing Mixed Two Person Heavyweight Dinghy,REVIEW_EVENT,Semantic event key retained; no claim of row-by-row official extraction.,IOC Olympic results/programmes
1996,10,Athletics,Athletics,Athletics Women's Shot Put,Athletics|Athletics|Athletics Women's Shot Put,REVIEW_EVENT,Semantic event key retained; no claim of row-by-row official extraction.,IOC Olympic results/programmes
1997,74,Rowing,Rowing,Rowing Men's Coxed Eights,Rowing|Rowing|Rowing Men's Coxed Eights,REVIEW_EVENT,Semantic event key retained; no claim of row-by-row official extraction.,IOC Olympic results/programmes
1998,34,Cycling,Cycling Track,Cycling Women's Sprint,Cycling|Cycling Track|Cycling Women's Sprint,REVIEW_EVENT,Semantic event key retained; no claim of row-by-row official extraction.,IOC Olympic results/programmes
1999,34,Cycling,Cycling Track,Cycling Women's 500 metres Time Trial,Cycling|Cycling Track|Cycling Women's 500 metres Time Trial,REVIEW_EVENT,Semantic event key retained; no claim of row-by-row official extraction.,IOC Olympic results/programmes
2000,10,Athletics,Athletics,Athletics Men's 110 metres Hurdles,Athletics|Athletics|Athletics Men's 110 metres Hurdles,REVIEW_EVENT,Semantic event key retained; no claim of row-by-row official extraction.,IOC Olympic results/programmes
2001,79,Shooting,Shooting,Shooting Mixed Trap,Shooting|Shooting|Shooting Mixed Trap,REVIEW_EVENT,Semantic event key retained; no claim of row-by-row official extraction.,IOC Olympic results/programmes
2002,10,Athletics,Athletics,Athletics Women's Marathon,Athletics|Athletics|Athletics Women's Marathon,REVIEW_EVENT,Semantic event key retained; no claim of row-by-row official extraction.,IOC Olympic results/programmes
2004,41,Fencing,Fencing,"Fencing Men's Foil, Team","Fencing|Fencing|Fencing Men's Foil, Team",REVIEW_EVENT,Semantic event key retained; no claim of row-by-row official extraction.,IOC Olympic results/programmes
2005,41,Fencing,Fencing,"Fencing Men's Sabre, Team","Fencing|Fencing|Fencing Men's Sabre, Team",REVIEW_EVENT,Semantic event key retained; no claim of row-by-row official extraction.,IOC Olympic results/programmes
2006,6,Aquatics,Swimming,Swimming Men's 100 metres Freestyle,Aquatics|Swimming|Swimming Men's 100 metres Freestyle,REVIEW_EVENT,Semantic event key retained; no claim of row-by-row official extraction.,IOC Olympic results/programmes
2008,22,Boxing,Boxing,Boxing Men's Lightweight,Boxing|Boxing|Boxing Men's Lightweight,REVIEW_EVENT,Semantic event key retained; no claim of row-by-row official extraction.,IOC Olympic results/programmes
2009,60,Modern Pentathlon,Modern Pentathlon,Modern Pentathlon Men's Individual,Modern Pentathlon|Modern Pentathlon|Modern Pentathlon Men's Individual,REVIEW_EVENT,Semantic event key retained; no claim of row-by-row official extraction.,IOC Olympic results/programmes
2010,22,Boxing,Boxing,Boxing Men's Welterweight,Boxing|Boxing|Boxing Men's Welterweight,REVIEW_EVENT,Semantic event key retained; no claim of row-by-row official extraction.,IOC Olympic results/programmes
2011,74,Rowing,Rowing,Rowing Men's Quadruple Sculls,Rowing|Rowing|Rowing Men's Quadruple Sculls,REVIEW_EVENT,Semantic event key retained; no claim of row-by-row official extraction.,IOC Olympic results/programmes
2012,74,Rowing,Rowing,Rowing Men's Double Sculls,Rowing|Rowing|Rowing Men's Double Sculls,REVIEW_EVENT,Semantic event key retained; no claim of row-by-row official extraction.,IOC Olympic results/programmes
2013,74,Rowing,Rowing,Rowing Men's Coxed Pairs,Rowing|Rowing|Rowing Men's Coxed Pairs,REVIEW_EVENT,Semantic event key retained; no claim of row-by-row official extraction.,IOC Olympic results/programmes
2014,10,Athletics,Athletics,Athletics Men's 400 metres Hurdles,Athletics|Athletics|Athletics Men's 400 metres Hurdles,REVIEW_EVENT,Semantic event key retained; no claim of row-by-row official extraction.,IOC Olympic results/programmes
2015,10,Athletics,Athletics,Athletics Men's 400 metres,Athletics|Athletics|Athletics Men's 400 metres,REVIEW_EVENT,Semantic event key retained; no claim of row-by-row official extraction.,IOC Olympic results/programmes
2016,10,Athletics,Athletics,Athletics Men's Hammer Throw,Athletics|Athletics|Athletics Men's Hammer Throw,REVIEW_EVENT,Semantic event key retained; no claim of row-by-row official extraction.,IOC Olympic results/programmes
2017,101,Weightlifting,Weightlifting,Weightlifting Men's Featherweight,Weightlifting|Weightlifting|Weightlifting Men's Featherweight,REVIEW_EVENT,Semantic event key retained; no claim of row-by-row official extraction.,IOC Olympic results/programmes
2018,10,Athletics,Athletics,Athletics Men's 800 metres,Athletics|Athletics|Athletics Men's 800 metres,REVIEW_EVENT,Semantic event key retained; no claim of row-by-row official extraction.,IOC Olympic results/programmes
2020,84,Skiing,Alpine Skiing,Alpine Skiing Women's Slalom,Skiing|Alpine Skiing|Alpine Skiing Women's Slalom,REVIEW_EVENT,Semantic event key retained; no claim of row-by-row official extraction.,IOC Olympic results/programmes
2021,74,Rowing,Rowing,Rowing Women's Single Sculls,Rowing|Rowing|Rowing Women's Single Sculls,REVIEW_EVENT,Semantic event key retained; no claim of row-by-row official extraction.,IOC Olympic results/programmes
2022,6,Aquatics,Swimming,Swimming Men's 50 metres Freestyle,Aquatics|Swimming|Swimming Men's 50 metres Freestyle,REVIEW_EVENT,Semantic event key retained; no claim of row-by-row official extraction.,IOC Olympic results/programmes
2023,101,Weightlifting,Weightlifting,Weightlifting Women's Featherweight,Weightlifting|Weightlifting|Weightlifting Women's Featherweight,REVIEW_EVENT,Semantic event key retained; no claim of row-by-row official extraction.,IOC Olympic results/programmes
2024,7,Aquatics,Water Polo,Water Polo Women's Water Polo,Aquatics|Water Polo|Water Polo Women's Water Polo,REVIEW_EVENT,Semantic event key retained; no claim of row-by-row official extraction.,IOC Olympic results/programmes
2025,80,Skating,Figure Skating,Figure Skating Men's Singles,Skating|Figure Skating|Figure Skating Men's Singles,REVIEW_EVENT,Semantic event key retained; no claim of row-by-row official extraction.,IOC Olympic results/programmes
2026,101,Weightlifting,Weightlifting,Weightlifting Men's Heavyweight,Weightlifting|Weightlifting|Weightlifting Men's Heavyweight,REVIEW_EVENT,Semantic event key retained; no claim of row-by-row official extraction.,IOC Olympic results/programmes
2027,38,Equestrian,Equestrian Eventing,"Equestrianism Mixed Three-Day Event, Individual","Equestrian|Equestrian Eventing|Equestrianism Mixed Three-Day Event, Individual",REVIEW_EVENT,Semantic event key retained; no claim of row-by-row official extraction.,IOC Olympic results/programmes
2028,38,Equestrian,Equestrian Eventing,"Equestrianism Mixed Three-Day Event, Team","Equestrian|Equestrian Eventing|Equestrianism Mixed Three-Day Event, Team",REVIEW_EVENT,Semantic event key retained; no claim of row-by-row official extraction.,IOC Olympic results/programmes
2029,80,Skating,Figure Skating,Figure Skating Mixed Team,Skating|Figure Skating|Figure Skating Mixed Team,REVIEW_EVENT,Semantic event key retained; no claim of row-by-row official extraction.,IOC Olympic results/programmes
2030,77,Sailing,Sailing,Sailing Women's Three Person Keelboat,Sailing|Sailing|Sailing Women's Three Person Keelboat,REVIEW_EVENT,Semantic event key retained; no claim of row-by-row official extraction.,IOC Olympic results/programmes
2031,33,Cycling,Cycling Road,"Cycling Women's Road Race, Individual","Cycling|Cycling Road|Cycling Women's Road Race, Individual",REVIEW_EVENT,Semantic event key retained; no claim of row-by-row official extraction.,IOC Olympic results/programmes
2032,44,Golf,Golf,Golf Women's Individual,Golf|Golf|Golf Women's Individual,REVIEW_EVENT,Semantic event key retained; no claim of row-by-row official extraction.,IOC Olympic results/programmes
2034,8,Archery,Archery,Archery Women's Individual,Archery|Archery|Archery Women's Individual,REVIEW_EVENT,Semantic event key retained; no claim of row-by-row official extraction.,IOC Olympic results/programmes
2035,104,Wrestling,Wrestling Greco-Roman,"Wrestling Men's Heavyweight, Greco-Roman","Wrestling|Wrestling Greco-Roman|Wrestling Men's Heavyweight, Greco-Roman",REVIEW_EVENT,Semantic event key retained; no claim of row-by-row official extraction.,IOC Olympic results/programmes
2037,95,Taekwondo,Taekwondo,Taekwondo Women's Heavyweight,Taekwondo|Taekwondo|Taekwondo Women's Heavyweight,REVIEW_EVENT,Semantic event key retained; no claim of row-by-row official extraction.,IOC Olympic results/programmes
2038,3,Aquatics,Artistic Swimming,Synchronized Swimming Women's Duet,Aquatics|Artistic Swimming|Synchronized Swimming Women's Duet,REVIEW_EVENT,Semantic event key retained; no claim of row-by-row official extraction.,IOC Olympic results/programmes
2039,3,Aquatics,Artistic Swimming,Synchronized Swimming Women's Team,Aquatics|Artistic Swimming|Synchronized Swimming Women's Team,REVIEW_EVENT,Semantic event key retained; no claim of row-by-row official extraction.,IOC Olympic results/programmes
2040,95,Taekwondo,Taekwondo,Taekwondo Women's Featherweight,Taekwondo|Taekwondo|Taekwondo Women's Featherweight,REVIEW_EVENT,Semantic event key retained; no claim of row-by-row official extraction.,IOC Olympic results/programmes
2041,10,Athletics,Athletics,Athletics Men's Marathon,Athletics|Athletics|Athletics Men's Marathon,REVIEW_EVENT,Semantic event key retained; no claim of row-by-row official extraction.,IOC Olympic results/programmes
2042,10,Athletics,Athletics,Athletics Men's 4 x 400 metres Relay,Athletics|Athletics|Athletics Men's 4 x 400 metres Relay,REVIEW_EVENT,Semantic event key retained; no claim of row-by-row official extraction.,IOC Olympic results/programmes
2043,10,Athletics,Athletics,"Athletics Men's 10,000 metres","Athletics|Athletics|Athletics Men's 10,000 metres",REVIEW_EVENT,Semantic event key retained; no claim of row-by-row official extraction.,IOC Olympic results/programmes
2044,10,Athletics,Athletics,"Athletics Women's 3,000 metres","Athletics|Athletics|Athletics Women's 3,000 metres",REVIEW_EVENT,Semantic event key retained; no claim of row-by-row official extraction.,IOC Olympic results/programmes
2045,4,Aquatics,Diving,Diving Women's Platform,Aquatics|Diving|Diving Women's Platform,REVIEW_EVENT,Semantic event key retained; no claim of row-by-row official extraction.,IOC Olympic results/programmes
2046,79,Shooting,Shooting,"Shooting Men's Air Rifle, 10 metres","Shooting|Shooting|Shooting Men's Air Rifle, 10 metres",REVIEW_EVENT,Semantic event key retained; no claim of row-by-row official extraction.,IOC Olympic results/programmes
2047,10,Athletics,Athletics,Athletics Men's 200 metres,Athletics|Athletics|Athletics Men's 200 metres,REVIEW_EVENT,Semantic event key retained; no claim of row-by-row official extraction.,IOC Olympic results/programmes
2048,101,Weightlifting,Weightlifting,Weightlifting Men's Flyweight,Weightlifting|Weightlifting|Weightlifting Men's Flyweight,REVIEW_EVENT,Semantic event key retained; no claim of row-by-row official extraction.,IOC Olympic results/programmes
2049,6,Aquatics,Swimming,Swimming Men's 100 metres Backstroke,Aquatics|Swimming|Swimming Men's 100 metres Backstroke,REVIEW_EVENT,Semantic event key retained; no claim of row-by-row official extraction.,IOC Olympic results/programmes
2050,101,Weightlifting,Weightlifting,Weightlifting Men's Light-Heavyweight,Weightlifting|Weightlifting|Weightlifting Men's Light-Heavyweight,REVIEW_EVENT,Semantic event key retained; no claim of row-by-row official extraction.,IOC Olympic results/programmes
2051,104,Wrestling,Wrestling Greco-Roman,"Wrestling Men's Lightweight, Greco-Roman","Wrestling|Wrestling Greco-Roman|Wrestling Men's Lightweight, Greco-Roman",REVIEW_EVENT,Semantic event key retained; no claim of row-by-row official extraction.,IOC Olympic results/programmes
2052,41,Fencing,Fencing,"Fencing Men's Sabre, Individual","Fencing|Fencing|Fencing Men's Sabre, Individual",REVIEW_EVENT,Semantic event key retained; no claim of row-by-row official extraction.,IOC Olympic results/programmes
2053,104,Wrestling,Wrestling Greco-Roman,"Wrestling Men's Super-Heavyweight, Greco-Roman","Wrestling|Wrestling Greco-Roman|Wrestling Men's Super-Heavyweight, Greco-Roman",REVIEW_EVENT,Semantic event key retained; no claim of row-by-row official extraction.,IOC Olympic results/programmes
2054,79,Shooting,Shooting,"Shooting Men's Free Pistol, 50 metres","Shooting|Shooting|Shooting Men's Free Pistol, 50 metres",REVIEW_EVENT,Semantic event key retained; no claim of row-by-row official extraction.,IOC Olympic results/programmes
2055,79,Shooting,Shooting,"Shooting Men's Air Pistol, 10 metres","Shooting|Shooting|Shooting Men's Air Pistol, 10 metres",REVIEW_EVENT,Semantic event key retained; no claim of row-by-row official extraction.,IOC Olympic results/programmes
2056,74,Rowing,Rowing,Rowing Men's Coxless Fours,Rowing|Rowing|Rowing Men's Coxless Fours,REVIEW_EVENT,Semantic event key retained; no claim of row-by-row official extraction.,IOC Olympic results/programmes
2057,22,Boxing,Boxing,Boxing Men's Light-Flyweight,Boxing|Boxing|Boxing Men's Light-Flyweight,REVIEW_EVENT,Semantic event key retained; no claim of row-by-row official extraction.,IOC Olympic results/programmes
2058,22,Boxing,Boxing,Boxing Men's Super-Heavyweight,Boxing|Boxing|Boxing Men's Super-Heavyweight,REVIEW_EVENT,Semantic event key retained; no claim of row-by-row official extraction.,IOC Olympic results/programmes
2059,104,Wrestling,Wrestling Greco-Roman,"Wrestling Men's Flyweight, Greco-Roman","Wrestling|Wrestling Greco-Roman|Wrestling Men's Flyweight, Greco-Roman",REVIEW_EVENT,Semantic event key retained; no claim of row-by-row official extraction.,IOC Olympic results/programmes
2060,79,Shooting,Shooting,"Shooting Women's Air Rifle, 10 metres","Shooting|Shooting|Shooting Women's Air Rifle, 10 metres",REVIEW_EVENT,Semantic event key retained; no claim of row-by-row official extraction.,IOC Olympic results/programmes
2061,101,Weightlifting,Weightlifting,Weightlifting Men's Middle-Heavyweight,Weightlifting|Weightlifting|Weightlifting Men's Middle-Heavyweight,REVIEW_EVENT,Semantic event key retained; no claim of row-by-row official extraction.,IOC Olympic results/programmes
2062,10,Athletics,Athletics,Athletics Men's Javelin Throw,Athletics|Athletics|Athletics Men's Javelin Throw,REVIEW_EVENT,Semantic event key retained; no claim of row-by-row official extraction.,IOC Olympic results/programmes
2064,104,Wrestling,Wrestling Greco-Roman,"Wrestling Men's Welterweight, Greco-Roman","Wrestling|Wrestling Greco-Roman|Wrestling Men's Welterweight, Greco-Roman",REVIEW_EVENT,Semantic event key retained; no claim of row-by-row official extraction.,IOC Olympic results/programmes
2065,104,Wrestling,Wrestling Greco-Roman,"Wrestling Men's Middleweight, Greco-Roman","Wrestling|Wrestling Greco-Roman|Wrestling Men's Middleweight, Greco-Roman",REVIEW_EVENT,Semantic event key retained; no claim of row-by-row official extraction.,IOC Olympic results/programmes
2066,10,Athletics,Athletics,"Athletics Men's 3,000 metres Steeplechase","Athletics|Athletics|Athletics Men's 3,000 metres Steeplechase",REVIEW_EVENT,Semantic event key retained; no claim of row-by-row official extraction.,IOC Olympic results/programmes
2067,103,Wrestling,Wrestling Freestyle,"Wrestling Men's Middleweight, Freestyle","Wrestling|Wrestling Freestyle|Wrestling Men's Middleweight, Freestyle",REVIEW_EVENT,Semantic event key retained; no claim of row-by-row official extraction.,IOC Olympic results/programmes
2068,6,Aquatics,Swimming,Swimming Women's 100 metres Backstroke,Aquatics|Swimming|Swimming Women's 100 metres Backstroke,REVIEW_EVENT,Semantic event key retained; no claim of row-by-row official extraction.,IOC Olympic results/programmes
2069,6,Aquatics,Swimming,Swimming Women's 200 metres Backstroke,Aquatics|Swimming|Swimming Women's 200 metres Backstroke,REVIEW_EVENT,Semantic event key retained; no claim of row-by-row official extraction.,IOC Olympic results/programmes
2070,6,Aquatics,Swimming,Swimming Women's 4 x 100 metres Medley Relay,Aquatics|Swimming|Swimming Women's 4 x 100 metres Medley Relay,REVIEW_EVENT,Semantic event key retained; no claim of row-by-row official extraction.,IOC Olympic results/programmes
2071,103,Wrestling,Wrestling Freestyle,"Wrestling Men's Light-Heavyweight, Freestyle","Wrestling|Wrestling Freestyle|Wrestling Men's Light-Heavyweight, Freestyle",REVIEW_EVENT,Semantic event key retained; no claim of row-by-row official extraction.,IOC Olympic results/programmes
2072,60,Modern Pentathlon,Modern Pentathlon,Modern Pentathlon Men's Team,Modern Pentathlon|Modern Pentathlon|Modern Pentathlon Men's Team,REVIEW_EVENT,Semantic event key retained; no claim of row-by-row official extraction.,IOC Olympic results/programmes
2073,22,Boxing,Boxing,Boxing Men's Bantamweight,Boxing|Boxing|Boxing Men's Bantamweight,REVIEW_EVENT,Semantic event key retained; no claim of row-by-row official extraction.,IOC Olympic results/programmes
2074,10,Athletics,Athletics,Athletics Women's 200 metres,Athletics|Athletics|Athletics Women's 200 metres,REVIEW_EVENT,Semantic event key retained; no claim of row-by-row official extraction.,IOC Olympic results/programmes
2075,94,Table Tennis,Table Tennis,Table Tennis Women's Singles,Table Tennis|Table Tennis|Table Tennis Women's Singles,REVIEW_EVENT,Semantic event key retained; no claim of row-by-row official extraction.,IOC Olympic results/programmes
2076,94,Table Tennis,Table Tennis,Table Tennis Women's Doubles,Table Tennis|Table Tennis|Table Tennis Women's Doubles,REVIEW_EVENT,Semantic event key retained; no claim of row-by-row official extraction.,IOC Olympic results/programmes
2077,79,Shooting,Shooting,Shooting Men's Skeet,Shooting|Shooting|Shooting Men's Skeet,REVIEW_EVENT,Semantic event key retained; no claim of row-by-row official extraction.,IOC Olympic results/programmes
2078,6,Aquatics,Swimming,Swimming Women's 50 metres Freestyle,Aquatics|Swimming|Swimming Women's 50 metres Freestyle,REVIEW_EVENT,Semantic event key retained; no claim of row-by-row official extraction.,IOC Olympic results/programmes
2080,10,Athletics,Athletics,Athletics Men's Triple Jump,Athletics|Athletics|Athletics Men's Triple Jump,REVIEW_EVENT,Semantic event key retained; no claim of row-by-row official extraction.,IOC Olympic results/programmes
2081,101,Weightlifting,Weightlifting,Weightlifting Women's Lightweight,Weightlifting|Weightlifting|Weightlifting Women's Lightweight,REVIEW_EVENT,Semantic event key retained; no claim of row-by-row official extraction.,IOC Olympic results/programmes
2082,10,Athletics,Athletics,Athletics Women's Long Jump,Athletics|Athletics|Athletics Women's Long Jump,REVIEW_EVENT,Semantic event key retained; no claim of row-by-row official extraction.,IOC Olympic results/programmes
2083,41,Fencing,Fencing,"Fencing Women's epee, Individual","Fencing|Fencing|Fencing Women's epee, Individual",REVIEW_EVENT,Semantic event key retained; no claim of row-by-row official extraction.,IOC Olympic results/programmes
2086,6,Aquatics,Swimming,Swimming Men's 200 metres Backstroke,Aquatics|Swimming|Swimming Men's 200 metres Backstroke,REVIEW_EVENT,Semantic event key retained; no claim of row-by-row official extraction.,IOC Olympic results/programmes
2089,12,Badminton,Badminton,Badminton Women's Singles,Badminton|Badminton|Badminton Women's Singles,REVIEW_EVENT,Semantic event key retained; no claim of row-by-row official extraction.,IOC Olympic results/programmes
2090,22,Boxing,Boxing,Boxing Men's Light-Middleweight,Boxing|Boxing|Boxing Men's Light-Middleweight,REVIEW_EVENT,Semantic event key retained; no claim of row-by-row official extraction.,IOC Olympic results/programmes
2091,96,Tennis,Tennis,Tennis Men's Singles,Tennis|Tennis|Tennis Men's Singles,REVIEW_EVENT,Semantic event key retained; no claim of row-by-row official extraction.,IOC Olympic results/programmes
2092,103,Wrestling,Wrestling Freestyle,"Wrestling Men's Bantamweight, Freestyle","Wrestling|Wrestling Freestyle|Wrestling Men's Bantamweight, Freestyle",REVIEW_EVENT,Semantic event key retained; no claim of row-by-row official extraction.,IOC Olympic results/programmes
2093,103,Wrestling,Wrestling Freestyle,"Wrestling Men's Flyweight, Freestyle","Wrestling|Wrestling Freestyle|Wrestling Men's Flyweight, Freestyle",REVIEW_EVENT,Semantic event key retained; no claim of row-by-row official extraction.,IOC Olympic results/programmes
2094,10,Athletics,Athletics,"Athletics Women's 5,000 metres","Athletics|Athletics|Athletics Women's 5,000 metres",REVIEW_EVENT,Semantic event key retained; no claim of row-by-row official extraction.,IOC Olympic results/programmes
2095,101,Weightlifting,Weightlifting,Weightlifting Women's Light-Heavyweight,Weightlifting|Weightlifting|Weightlifting Women's Light-Heavyweight,REVIEW_EVENT,Semantic event key retained; no claim of row-by-row official extraction.,IOC Olympic results/programmes
2096,101,Weightlifting,Weightlifting,Weightlifting Women's Heavyweight,Weightlifting|Weightlifting|Weightlifting Women's Heavyweight,REVIEW_EVENT,Semantic event key retained; no claim of row-by-row official extraction.,IOC Olympic results/programmes
2097,10,Athletics,Athletics,Athletics Men's Discus Throw,Athletics|Athletics|Athletics Men's Discus Throw,REVIEW_EVENT,Semantic event key retained; no claim of row-by-row official extraction.,IOC Olympic results/programmes
2098,95,Taekwondo,Taekwondo,Taekwondo Men's Featherweight,Taekwondo|Taekwondo|Taekwondo Men's Featherweight,REVIEW_EVENT,Semantic event key retained; no claim of row-by-row official extraction.,IOC Olympic results/programmes
2099,95,Taekwondo,Taekwondo,Taekwondo Men's Welterweight,Taekwondo|Taekwondo|Taekwondo Men's Welterweight,REVIEW_EVENT,Semantic event key retained; no claim of row-by-row official extraction.,IOC Olympic results/programmes
2100,56,Judo,Judo,Judo Men's Heavyweight,Judo|Judo|Judo Men's Heavyweight,REVIEW_EVENT,Semantic event key retained; no claim of row-by-row official extraction.,IOC Olympic results/programmes
2101,34,Cycling,Cycling Track,Cycling Men's Sprint,Cycling|Cycling Track|Cycling Men's Sprint,REVIEW_EVENT,Semantic event key retained; no claim of row-by-row official extraction.,IOC Olympic results/programmes
2102,20,Bobsleigh,Bobsleigh,Bobsleigh Men's Two,Bobsleigh|Bobsleigh|Bobsleigh Men's Two,REVIEW_EVENT,Semantic event key retained; no claim of row-by-row official extraction.,IOC Olympic results/programmes
2103,103,Wrestling,Wrestling Freestyle,"Wrestling Men's Lightweight, Freestyle","Wrestling|Wrestling Freestyle|Wrestling Men's Lightweight, Freestyle",REVIEW_EVENT,Semantic event key retained; no claim of row-by-row official extraction.,IOC Olympic results/programmes
2104,88,Skiing,Nordic Combined,Nordic Combined Men's Team,Skiing|Nordic Combined|Nordic Combined Men's Team,REVIEW_EVENT,Semantic event key retained; no claim of row-by-row official extraction.,IOC Olympic results/programmes
2105,88,Skiing,Nordic Combined,Nordic Combined Men's Individual,Skiing|Nordic Combined|Nordic Combined Men's Individual,REVIEW_EVENT,Semantic event key retained; no claim of row-by-row official extraction.,IOC Olympic results/programmes
2106,14,Baseball/Softball,Baseball,Baseball Men's Baseball,Baseball/Softball|Baseball|Baseball Men's Baseball,REVIEW_EVENT,Semantic event key retained; no claim of row-by-row official extraction.,IOC Olympic results/programmes
2107,74,Rowing,Rowing,Rowing Men's Coxed Fours,Rowing|Rowing|Rowing Men's Coxed Fours,REVIEW_EVENT,Semantic event key retained; no claim of row-by-row official extraction.,IOC Olympic results/programmes
2108,33,Cycling,Cycling Road,Cycling Men's 100 kilometres Team Time Trial,Cycling|Cycling Road|Cycling Men's 100 kilometres Team Time Trial,REVIEW_EVENT,Semantic event key retained; no claim of row-by-row official extraction.,IOC Olympic results/programmes
2109,46,Gymnastics,Rhythmic Gymnastics,Rhythmic Gymnastics Women's Group,Gymnastics|Rhythmic Gymnastics|Rhythmic Gymnastics Women's Group,REVIEW_EVENT,Semantic event key retained; no claim of row-by-row official extraction.,IOC Olympic results/programmes
2110,9,Art Competitions,Art Competitions,"Art Competitions Mixed Architecture, Designs For Town Planning","Art Competitions|Art Competitions|Art Competitions Mixed Architecture, Designs For Town Planning",REVIEW_EVENT,Semantic event key retained; no claim of row-by-row official extraction.,IOC Olympic results/programmes
2111,9,Art Competitions,Art Competitions,"Art Competitions Mixed Architecture, Architectural Designs","Art Competitions|Art Competitions|Art Competitions Mixed Architecture, Architectural Designs",REVIEW_EVENT,Semantic event key retained; no claim of row-by-row official extraction.,IOC Olympic results/programmes
2112,45,Gymnastics,Artistic Gymnastics,Gymnastics Women's Individual All-Around,Gymnastics|Artistic Gymnastics|Gymnastics Women's Individual All-Around,REVIEW_EVENT,Semantic event key retained; no claim of row-by-row official extraction.,IOC Olympic results/programmes
2113,45,Gymnastics,Artistic Gymnastics,Gymnastics Women's Team All-Around,Gymnastics|Artistic Gymnastics|Gymnastics Women's Team All-Around,REVIEW_EVENT,Semantic event key retained; no claim of row-by-row official extraction.,IOC Olympic results/programmes
2114,45,Gymnastics,Artistic Gymnastics,Gymnastics Women's Floor Exercise,Gymnastics|Artistic Gymnastics|Gymnastics Women's Floor Exercise,REVIEW_EVENT,Semantic event key retained; no claim of row-by-row official extraction.,IOC Olympic results/programmes
2115,45,Gymnastics,Artistic Gymnastics,Gymnastics Women's Horse Vault,Gymnastics|Artistic Gymnastics|Gymnastics Women's Horse Vault,REVIEW_EVENT,Semantic event key retained; no claim of row-by-row official extraction.,IOC Olympic results/programmes
2116,45,Gymnastics,Artistic Gymnastics,Gymnastics Women's Uneven Bars,Gymnastics|Artistic Gymnastics|Gymnastics Women's Uneven Bars,REVIEW_EVENT,Semantic event key retained; no claim of row-by-row official extraction.,IOC Olympic results/programmes
2117,45,Gymnastics,Artistic Gymnastics,Gymnastics Women's Balance Beam,Gymnastics|Artistic Gymnastics|Gymnastics Women's Balance Beam,REVIEW_EVENT,Semantic event key retained; no claim of row-by-row official extraction.,IOC Olympic results/programmes
2118,4,Aquatics,Diving,Diving Women's Springboard,Aquatics|Diving|Diving Women's Springboard,REVIEW_EVENT,Semantic event key retained; no claim of row-by-row official extraction.,IOC Olympic results/programmes
2119,4,Aquatics,Diving,Diving Women's Synchronized Springboard,Aquatics|Diving|Diving Women's Synchronized Springboard,REVIEW_EVENT,Semantic event key retained; no claim of row-by-row official extraction.,IOC Olympic results/programmes
2120,10,Athletics,Athletics,"Athletics Women's 10,000 metres","Athletics|Athletics|Athletics Women's 10,000 metres",REVIEW_EVENT,Semantic event key retained; no claim of row-by-row official extraction.,IOC Olympic results/programmes
2121,77,Sailing,Sailing,Sailing Mixed 7 metres,Sailing|Sailing|Sailing Mixed 7 metres,REVIEW_EVENT,Semantic event key retained; no claim of row-by-row official extraction.,IOC Olympic results/programmes
2122,56,Judo,Judo,Judo Women's Half-Middleweight,Judo|Judo|Judo Women's Half-Middleweight,REVIEW_EVENT,Semantic event key retained; no claim of row-by-row official extraction.,IOC Olympic results/programmes
2123,10,Athletics,Athletics,Athletics Men's Decathlon,Athletics|Athletics|Athletics Men's Decathlon,REVIEW_EVENT,Semantic event key retained; no claim of row-by-row official extraction.,IOC Olympic results/programmes
2124,19,Biathlon,Biathlon,Biathlon Men's 10 kilometres Sprint,Biathlon|Biathlon|Biathlon Men's 10 kilometres Sprint,REVIEW_EVENT,Semantic event key retained; no claim of row-by-row official extraction.,IOC Olympic results/programmes
2125,19,Biathlon,Biathlon,Biathlon Men's 20 kilometres,Biathlon|Biathlon|Biathlon Men's 20 kilometres,REVIEW_EVENT,Semantic event key retained; no claim of row-by-row official extraction.,IOC Olympic results/programmes
2126,19,Biathlon,Biathlon,Biathlon Men's 4 x 7.5 kilometres Relay,Biathlon|Biathlon|Biathlon Men's 4 x 7.5 kilometres Relay,REVIEW_EVENT,Semantic event key retained; no claim of row-by-row official extraction.,IOC Olympic results/programmes
2127,86,Skiing,Freestyle Skiing,Freestyle Skiing Men's Moguls,Skiing|Freestyle Skiing|Freestyle Skiing Men's Moguls,REVIEW_EVENT,Semantic event key retained; no claim of row-by-row official extraction.,IOC Olympic results/programmes
2128,104,Wrestling,Wrestling Greco-Roman,"Wrestling Men's Middleweight A, Greco-Roman","Wrestling|Wrestling Greco-Roman|Wrestling Men's Middleweight A, Greco-Roman",REVIEW_EVENT,Semantic event key retained; no claim of row-by-row official extraction.,IOC Olympic results/programmes
2129,10,Athletics,Athletics,Athletics Women's Discus Throw,Athletics|Athletics|Athletics Women's Discus Throw,REVIEW_EVENT,Semantic event key retained; no claim of row-by-row official extraction.,IOC Olympic results/programmes
2130,6,Aquatics,Swimming,Swimming Women's 4 x 100 metres Freestyle Relay,Aquatics|Swimming|Swimming Women's 4 x 100 metres Freestyle Relay,REVIEW_EVENT,Semantic event key retained; no claim of row-by-row official extraction.,IOC Olympic results/programmes
2131,10,Athletics,Athletics,"Athletics Women's 1,500 metres","Athletics|Athletics|Athletics Women's 1,500 metres",REVIEW_EVENT,Semantic event key retained; no claim of row-by-row official extraction.,IOC Olympic results/programmes
2132,79,Shooting,Shooting,"Shooting Women's Air Pistol, 10 metres","Shooting|Shooting|Shooting Women's Air Pistol, 10 metres",REVIEW_EVENT,Semantic event key retained; no claim of row-by-row official extraction.,IOC Olympic results/programmes
2133,79,Shooting,Shooting,"Shooting Women's Sporting Pistol, 25 metres","Shooting|Shooting|Shooting Women's Sporting Pistol, 25 metres",REVIEW_EVENT,Semantic event key retained; no claim of row-by-row official extraction.,IOC Olympic results/programmes
2134,26,Canoeing,Canoe Sprint,"Canoeing Men's Kayak Doubles, 500 metres","Canoeing|Canoe Sprint|Canoeing Men's Kayak Doubles, 500 metres",REVIEW_EVENT,Semantic event key retained; no claim of row-by-row official extraction.,IOC Olympic results/programmes
2135,26,Canoeing,Canoe Sprint,"Canoeing Men's Kayak Singles, 500 metres","Canoeing|Canoe Sprint|Canoeing Men's Kayak Singles, 500 metres",REVIEW_EVENT,Semantic event key retained; no claim of row-by-row official extraction.,IOC Olympic results/programmes
2136,26,Canoeing,Canoe Sprint,"Canoeing Men's Kayak Singles, 1,000 metres","Canoeing|Canoe Sprint|Canoeing Men's Kayak Singles, 1,000 metres",REVIEW_EVENT,Semantic event key retained; no claim of row-by-row official extraction.,IOC Olympic results/programmes
2137,79,Shooting,Shooting,"Shooting Men's Running Target, 50 metres","Shooting|Shooting|Shooting Men's Running Target, 50 metres",REVIEW_EVENT,Semantic event key retained; no claim of row-by-row official extraction.,IOC Olympic results/programmes
2138,56,Judo,Judo,Judo Women's Half-Heavyweight,Judo|Judo|Judo Women's Half-Heavyweight,REVIEW_EVENT,Semantic event key retained; no claim of row-by-row official extraction.,IOC Olympic results/programmes
2139,10,Athletics,Athletics,Athletics Women's Pole Vault,Athletics|Athletics|Athletics Women's Pole Vault,REVIEW_EVENT,Semantic event key retained; no claim of row-by-row official extraction.,IOC Olympic results/programmes
2140,76,Rugby,Rugby Sevens,Rugby Sevens Women's Rugby Sevens,Rugby|Rugby Sevens|Rugby Sevens Women's Rugby Sevens,REVIEW_EVENT,Semantic event key retained; no claim of row-by-row official extraction.,IOC Olympic results/programmes
2141,94,Table Tennis,Table Tennis,Table Tennis Men's Team,Table Tennis|Table Tennis|Table Tennis Men's Team,REVIEW_EVENT,Semantic event key retained; no claim of row-by-row official extraction.,IOC Olympic results/programmes
2142,80,Skating,Figure Skating,Figure Skating Mixed Pairs,Skating|Figure Skating|Figure Skating Mixed Pairs,REVIEW_EVENT,Semantic event key retained; no claim of row-by-row official extraction.,IOC Olympic results/programmes
2143,86,Skiing,Freestyle Skiing,Freestyle Skiing Men's Aerials,Skiing|Freestyle Skiing|Freestyle Skiing Men's Aerials,REVIEW_EVENT,Semantic event key retained; no claim of row-by-row official extraction.,IOC Olympic results/programmes
2144,74,Rowing,Rowing,Rowing Women's Coxed Eights,Rowing|Rowing|Rowing Women's Coxed Eights,REVIEW_EVENT,Semantic event key retained; no claim of row-by-row official extraction.,IOC Olympic results/programmes
2145,10,Athletics,Athletics,Athletics Women's 4 x 400 metres Relay,Athletics|Athletics|Athletics Women's 4 x 400 metres Relay,REVIEW_EVENT,Semantic event key retained; no claim of row-by-row official extraction.,IOC Olympic results/programmes
2146,84,Skiing,Alpine Skiing,Alpine Skiing Women's Giant Slalom,Skiing|Alpine Skiing|Alpine Skiing Women's Giant Slalom,REVIEW_EVENT,Semantic event key retained; no claim of row-by-row official extraction.,IOC Olympic results/programmes
2147,84,Skiing,Alpine Skiing,Alpine Skiing Women's Super G,Skiing|Alpine Skiing|Alpine Skiing Women's Super G,REVIEW_EVENT,Semantic event key retained; no claim of row-by-row official extraction.,IOC Olympic results/programmes
2148,85,Skiing,Cross Country Skiing,Cross Country Skiing Women's 5 kilometres,Skiing|Cross Country Skiing|Cross Country Skiing Women's 5 kilometres,REVIEW_EVENT,Semantic event key retained; no claim of row-by-row official extraction.,IOC Olympic results/programmes
2149,85,Skiing,Cross Country Skiing,Cross Country Skiing Women's 10 kilometres,Skiing|Cross Country Skiing|Cross Country Skiing Women's 10 kilometres,REVIEW_EVENT,Semantic event key retained; no claim of row-by-row official extraction.,IOC Olympic results/programmes
2150,85,Skiing,Cross Country Skiing,Cross Country Skiing Women's 20 kilometres,Skiing|Cross Country Skiing|Cross Country Skiing Women's 20 kilometres,REVIEW_EVENT,Semantic event key retained; no claim of row-by-row official extraction.,IOC Olympic results/programmes
2151,34,Cycling,Cycling Track,"Cycling Men's 1,000 metres Time Trial","Cycling|Cycling Track|Cycling Men's 1,000 metres Time Trial",REVIEW_EVENT,Semantic event key retained; no claim of row-by-row official extraction.,IOC Olympic results/programmes
2152,34,Cycling,Cycling Track,"Cycling Men's Individual Pursuit, 4,000 metres","Cycling|Cycling Track|Cycling Men's Individual Pursuit, 4,000 metres",REVIEW_EVENT,Semantic event key retained; no claim of row-by-row official extraction.,IOC Olympic results/programmes
2153,103,Wrestling,Wrestling Freestyle,"Wrestling Men's Welterweight, Freestyle","Wrestling|Wrestling Freestyle|Wrestling Men's Welterweight, Freestyle",REVIEW_EVENT,Semantic event key retained; no claim of row-by-row official extraction.,IOC Olympic results/programmes
2154,104,Wrestling,Wrestling Greco-Roman,"Wrestling Men's Bantamweight, Greco-Roman","Wrestling|Wrestling Greco-Roman|Wrestling Men's Bantamweight, Greco-Roman",REVIEW_EVENT,Semantic event key retained; no claim of row-by-row official extraction.,IOC Olympic results/programmes
2155,74,Rowing,Rowing,Rowing Women's Lightweight Double Sculls,Rowing|Rowing|Rowing Women's Lightweight Double Sculls,REVIEW_EVENT,Semantic event key retained; no claim of row-by-row official extraction.,IOC Olympic results/programmes
2156,10,Athletics,Athletics,Athletics Women's 800 metres,Athletics|Athletics|Athletics Women's 800 metres,REVIEW_EVENT,Semantic event key retained; no claim of row-by-row official extraction.,IOC Olympic results/programmes
2157,74,Rowing,Rowing,Rowing Women's Coxed Quadruple Sculls,Rowing|Rowing|Rowing Women's Coxed Quadruple Sculls,REVIEW_EVENT,Semantic event key retained; no claim of row-by-row official extraction.,IOC Olympic results/programmes
2158,19,Biathlon,Biathlon,Biathlon Men's 12.5 kilometres Pursuit,Biathlon|Biathlon|Biathlon Men's 12.5 kilometres Pursuit,REVIEW_EVENT,Semantic event key retained; no claim of row-by-row official extraction.,IOC Olympic results/programmes
2160,46,Gymnastics,Rhythmic Gymnastics,Rhythmic Gymnastics Women's Individual,Gymnastics|Rhythmic Gymnastics|Rhythmic Gymnastics Women's Individual,REVIEW_EVENT,Semantic event key retained; no claim of row-by-row official extraction.,IOC Olympic results/programmes
2161,25,Canoeing,Canoe Slalom,"Canoeing Men's Kayak Singles, Slalom","Canoeing|Canoe Slalom|Canoeing Men's Kayak Singles, Slalom",REVIEW_EVENT,Semantic event key retained; no claim of row-by-row official extraction.,IOC Olympic results/programmes
2162,8,Archery,Archery,Archery Men's Individual,Archery|Archery|Archery Men's Individual,REVIEW_EVENT,Semantic event key retained; no claim of row-by-row official extraction.,IOC Olympic results/programmes
2163,8,Archery,Archery,Archery Men's Team,Archery|Archery|Archery Men's Team,REVIEW_EVENT,Semantic event key retained; no claim of row-by-row official extraction.,IOC Olympic results/programmes
2164,82,Skating,Speed Skating,"Speed Skating Women's 1,500 metres","Skating|Speed Skating|Speed Skating Women's 1,500 metres",REVIEW_EVENT,Semantic event key retained; no claim of row-by-row official extraction.,IOC Olympic results/programmes
2165,82,Skating,Speed Skating,Speed Skating Women's Team Pursuit (6 laps),Skating|Speed Skating|Speed Skating Women's Team Pursuit (6 laps),REVIEW_EVENT,Semantic event key retained; no claim of row-by-row official extraction.,IOC Olympic results/programmes
2166,85,Skiing,Cross Country Skiing,Cross Country Skiing Men's Sprint,Skiing|Cross Country Skiing|Cross Country Skiing Men's Sprint,REVIEW_EVENT,Semantic event key retained; no claim of row-by-row official extraction.,IOC Olympic results/programmes
2167,10,Athletics,Athletics,Athletics Women's 400 metres,Athletics|Athletics|Athletics Women's 400 metres,REVIEW_EVENT,Semantic event key retained; no claim of row-by-row official extraction.,IOC Olympic results/programmes
2168,80,Skating,Figure Skating,Figure Skating Women's Singles,Skating|Figure Skating|Figure Skating Women's Singles,REVIEW_EVENT,Semantic event key retained; no claim of row-by-row official extraction.,IOC Olympic results/programmes
2169,82,Skating,Speed Skating,"Speed Skating Men's 1,000 metres","Skating|Speed Skating|Speed Skating Men's 1,000 metres",REVIEW_EVENT,Semantic event key retained; no claim of row-by-row official extraction.,IOC Olympic results/programmes
2170,47,Gymnastics,Trampoline Gymnastics,Trampolining Men's Individual,Gymnastics|Trampoline Gymnastics|Trampolining Men's Individual,REVIEW_EVENT,Semantic event key retained; no claim of row-by-row official extraction.,IOC Olympic results/programmes
2171,99,Volleyball,Beach Volleyball,Beach Volleyball Men's Beach Volleyball,Volleyball|Beach Volleyball|Beach Volleyball Men's Beach Volleyball,REVIEW_EVENT,Semantic event key retained; no claim of row-by-row official extraction.,IOC Olympic results/programmes
2172,35,Cycling,Mountain Bike,"Cycling Women's Mountainbike, Cross-Country","Cycling|Mountain Bike|Cycling Women's Mountainbike, Cross-Country",REVIEW_EVENT,Semantic event key retained; no claim of row-by-row official extraction.,IOC Olympic results/programmes
2173,10,Athletics,Athletics,"Athletics Men's Javelin Throw, Both Hands","Athletics|Athletics|Athletics Men's Javelin Throw, Both Hands",REVIEW_EVENT,Semantic event key retained; no claim of row-by-row official extraction.,IOC Olympic results/programmes
2174,97,Triathlon,Triathlon,Triathlon Women's Olympic Distance,Triathlon|Triathlon|Triathlon Women's Olympic Distance,REVIEW_EVENT,Semantic event key retained; no claim of row-by-row official extraction.,IOC Olympic results/programmes
2175,45,Gymnastics,Artistic Gymnastics,Gymnastics Women's Team Portable Apparatus,Gymnastics|Artistic Gymnastics|Gymnastics Women's Team Portable Apparatus,REVIEW_EVENT,Semantic event key retained; no claim of row-by-row official extraction.,IOC Olympic results/programmes
2176,35,Cycling,Mountain Bike,"Cycling Men's Mountainbike, Cross-Country","Cycling|Mountain Bike|Cycling Men's Mountainbike, Cross-Country",REVIEW_EVENT,Semantic event key retained; no claim of row-by-row official extraction.,IOC Olympic results/programmes
2177,10,Athletics,Athletics,Athletics Women's 400 metres Hurdles,Athletics|Athletics|Athletics Women's 400 metres Hurdles,REVIEW_EVENT,Semantic event key retained; no claim of row-by-row official extraction.,IOC Olympic results/programmes
2178,4,Aquatics,Diving,Diving Men's Springboard,Aquatics|Diving|Diving Men's Springboard,REVIEW_EVENT,Semantic event key retained; no claim of row-by-row official extraction.,IOC Olympic results/programmes
2179,104,Wrestling,Wrestling Greco-Roman,"Wrestling Men's Featherweight, Greco-Roman","Wrestling|Wrestling Greco-Roman|Wrestling Men's Featherweight, Greco-Roman",REVIEW_EVENT,Semantic event key retained; no claim of row-by-row official extraction.,IOC Olympic results/programmes
2180,94,Table Tennis,Table Tennis,Table Tennis Men's Singles,Table Tennis|Table Tennis|Table Tennis Men's Singles,REVIEW_EVENT,Semantic event key retained; no claim of row-by-row official extraction.,IOC Olympic results/programmes
2181,9,Art Competitions,Art Competitions,Art Competitions Mixed Painting,Art Competitions|Art Competitions|Art Competitions Mixed Painting,REVIEW_EVENT,Semantic event key retained; no claim of row-by-row official extraction.,IOC Olympic results/programmes
2182,85,Skiing,Cross Country Skiing,Cross Country Skiing Women's 3 x 5 kilometres Relay,Skiing|Cross Country Skiing|Cross Country Skiing Women's 3 x 5 kilometres Relay,REVIEW_EVENT,Semantic event key retained; no claim of row-by-row official extraction.,IOC Olympic results/programmes
2183,56,Judo,Judo,Judo Men's Open Class,Judo|Judo|Judo Men's Open Class,REVIEW_EVENT,Semantic event key retained; no claim of row-by-row official extraction.,IOC Olympic results/programmes
2184,74,Rowing,Rowing,Rowing Women's Quadruple Sculls,Rowing|Rowing|Rowing Women's Quadruple Sculls,REVIEW_EVENT,Semantic event key retained; no claim of row-by-row official extraction.,IOC Olympic results/programmes
2185,45,Gymnastics,Artistic Gymnastics,"Gymnastics Men's Team All-Around, Swedish System","Gymnastics|Artistic Gymnastics|Gymnastics Men's Team All-Around, Swedish System",REVIEW_EVENT,Semantic event key retained; no claim of row-by-row official extraction.,IOC Olympic results/programmes
2186,88,Skiing,Nordic Combined,Nordic Combined Men's Sprint,Skiing|Nordic Combined|Nordic Combined Men's Sprint,REVIEW_EVENT,Semantic event key retained; no claim of row-by-row official extraction.,IOC Olympic results/programmes
2187,10,Athletics,Athletics,Athletics Women's Pentathlon,Athletics|Athletics|Athletics Women's Pentathlon,REVIEW_EVENT,Semantic event key retained; no claim of row-by-row official extraction.,IOC Olympic results/programmes
2188,9,Art Competitions,Art Competitions,"Art Competitions Mixed Painting, Unknown Event","Art Competitions|Art Competitions|Art Competitions Mixed Painting, Unknown Event",REVIEW_EVENT,Semantic event key retained; no claim of row-by-row official extraction.,IOC Olympic results/programmes
2189,34,Cycling,Cycling Track,"Cycling Men's Team Pursuit, 4,000 metres","Cycling|Cycling Track|Cycling Men's Team Pursuit, 4,000 metres",REVIEW_EVENT,Semantic event key retained; no claim of row-by-row official extraction.,IOC Olympic results/programmes
2190,101,Weightlifting,Weightlifting,Weightlifting Women's Middleweight,Weightlifting|Weightlifting|Weightlifting Women's Middleweight,REVIEW_EVENT,Semantic event key retained; no claim of row-by-row official extraction.,IOC Olympic results/programmes
2191,6,Aquatics,Swimming,"Swimming Men's 1,500 metres Freestyle","Aquatics|Swimming|Swimming Men's 1,500 metres Freestyle",REVIEW_EVENT,Semantic event key retained; no claim of row-by-row official extraction.,IOC Olympic results/programmes
2192,103,Wrestling,Wrestling Freestyle,"Wrestling Women's Light-Heavyweight, Freestyle","Wrestling|Wrestling Freestyle|Wrestling Women's Light-Heavyweight, Freestyle",REVIEW_EVENT,Semantic event key retained; no claim of row-by-row official extraction.,IOC Olympic results/programmes
2193,6,Aquatics,Swimming,Swimming Women's 100 metres Freestyle,Aquatics|Swimming|Swimming Women's 100 metres Freestyle,REVIEW_EVENT,Semantic event key retained; no claim of row-by-row official extraction.,IOC Olympic results/programmes
2194,39,Equestrian,Equestrian Jumping,"Equestrianism Men's Jumping, Individual","Equestrian|Equestrian Jumping|Equestrianism Men's Jumping, Individual",REVIEW_EVENT,Semantic event key retained; no claim of row-by-row official extraction.,IOC Olympic results/programmes
2195,39,Equestrian,Equestrian Jumping,"Equestrianism Men's Jumping, Team","Equestrian|Equestrian Jumping|Equestrianism Men's Jumping, Team",REVIEW_EVENT,Semantic event key retained; no claim of row-by-row official extraction.,IOC Olympic results/programmes
2196,38,Equestrian,Equestrian Eventing,"Equestrianism Men's Three-Day Event, Individual","Equestrian|Equestrian Eventing|Equestrianism Men's Three-Day Event, Individual",REVIEW_EVENT,Semantic event key retained; no claim of row-by-row official extraction.,IOC Olympic results/programmes
2197,38,Equestrian,Equestrian Eventing,"Equestrianism Men's Three-Day Event, Team","Equestrian|Equestrian Eventing|Equestrianism Men's Three-Day Event, Team",REVIEW_EVENT,Semantic event key retained; no claim of row-by-row official extraction.,IOC Olympic results/programmes
2198,84,Skiing,Alpine Skiing,Alpine Skiing Women's Combined,Skiing|Alpine Skiing|Alpine Skiing Women's Combined,REVIEW_EVENT,Semantic event key retained; no claim of row-by-row official extraction.,IOC Olympic results/programmes
2199,10,Athletics,Athletics,Athletics Women's High Jump,Athletics|Athletics|Athletics Women's High Jump,REVIEW_EVENT,Semantic event key retained; no claim of row-by-row official extraction.,IOC Olympic results/programmes
2200,89,Skiing,Ski Jumping,"Ski Jumping Men's Normal Hill, Individual","Skiing|Ski Jumping|Ski Jumping Men's Normal Hill, Individual",REVIEW_EVENT,Semantic event key retained; no claim of row-by-row official extraction.,IOC Olympic results/programmes
2201,26,Canoeing,Canoe Sprint,"Canoeing Women's Kayak Fours, 500 metres","Canoeing|Canoe Sprint|Canoeing Women's Kayak Fours, 500 metres",REVIEW_EVENT,Semantic event key retained; no claim of row-by-row official extraction.,IOC Olympic results/programmes
2203,77,Sailing,Sailing,Sailing Men's One Person Dinghy,Sailing|Sailing|Sailing Men's One Person Dinghy,REVIEW_EVENT,Semantic event key retained; no claim of row-by-row official extraction.,IOC Olympic results/programmes
2204,47,Gymnastics,Trampoline Gymnastics,Trampolining Women's Individual,Gymnastics|Trampoline Gymnastics|Trampolining Women's Individual,REVIEW_EVENT,Semantic event key retained; no claim of row-by-row official extraction.,IOC Olympic results/programmes
2205,29,Curling,Curling,Curling Men's Curling,Curling|Curling|Curling Men's Curling,REVIEW_EVENT,Semantic event key retained; no claim of row-by-row official extraction.,IOC Olympic results/programmes
2206,9,Art Competitions,Art Competitions,Art Competitions Mixed Literature,Art Competitions|Art Competitions|Art Competitions Mixed Literature,REVIEW_EVENT,Semantic event key retained; no claim of row-by-row official extraction.,IOC Olympic results/programmes
2207,56,Judo,Judo,Judo Men's Middleweight,Judo|Judo|Judo Men's Middleweight,REVIEW_EVENT,Semantic event key retained; no claim of row-by-row official extraction.,IOC Olympic results/programmes
2208,19,Biathlon,Biathlon,Biathlon Women's 15 kilometres,Biathlon|Biathlon|Biathlon Women's 15 kilometres,REVIEW_EVENT,Semantic event key retained; no claim of row-by-row official extraction.,IOC Olympic results/programmes
2209,19,Biathlon,Biathlon,Biathlon Women's 3 x 7.5 kilometres Relay,Biathlon|Biathlon|Biathlon Women's 3 x 7.5 kilometres Relay,REVIEW_EVENT,Semantic event key retained; no claim of row-by-row official extraction.,IOC Olympic results/programmes
2210,19,Biathlon,Biathlon,Biathlon Women's 4 x 7.5 kilometres Relay,Biathlon|Biathlon|Biathlon Women's 4 x 7.5 kilometres Relay,REVIEW_EVENT,Semantic event key retained; no claim of row-by-row official extraction.,IOC Olympic results/programmes
2211,56,Judo,Judo,Judo Men's Half-Lightweight,Judo|Judo|Judo Men's Half-Lightweight,REVIEW_EVENT,Semantic event key retained; no claim of row-by-row official extraction.,IOC Olympic results/programmes
2212,41,Fencing,Fencing,"Fencing Women's Foil, Team","Fencing|Fencing|Fencing Women's Foil, Team",REVIEW_EVENT,Semantic event key retained; no claim of row-by-row official extraction.,IOC Olympic results/programmes
2214,6,Aquatics,Swimming,Swimming Women's 400 metres Individual Medley,Aquatics|Swimming|Swimming Women's 400 metres Individual Medley,REVIEW_EVENT,Semantic event key retained; no claim of row-by-row official extraction.,IOC Olympic results/programmes
2215,44,Golf,Golf,Golf Men's Individual,Golf|Golf|Golf Men's Individual,REVIEW_EVENT,Semantic event key retained; no claim of row-by-row official extraction.,IOC Olympic results/programmes
2216,10,Athletics,Athletics,Athletics Men's Standing High Jump,Athletics|Athletics|Athletics Men's Standing High Jump,REVIEW_EVENT,Semantic event key retained; no claim of row-by-row official extraction.,IOC Olympic results/programmes
2217,10,Athletics,Athletics,Athletics Men's Standing Long Jump,Athletics|Athletics|Athletics Men's Standing Long Jump,REVIEW_EVENT,Semantic event key retained; no claim of row-by-row official extraction.,IOC Olympic results/programmes
2219,6,Aquatics,Swimming,Swimming Men's 220 yard Freestyle,Aquatics|Swimming|Swimming Men's 220 yard Freestyle,REVIEW_EVENT,Semantic event key retained; no claim of row-by-row official extraction.,IOC Olympic results/programmes
2220,6,Aquatics,Swimming,Swimming Men's 880 yard Freestyle,Aquatics|Swimming|Swimming Men's 880 yard Freestyle,REVIEW_EVENT,Semantic event key retained; no claim of row-by-row official extraction.,IOC Olympic results/programmes
2221,6,Aquatics,Swimming,Swimming Men's One Mile Freestyle,Aquatics|Swimming|Swimming Men's One Mile Freestyle,REVIEW_EVENT,Semantic event key retained; no claim of row-by-row official extraction.,IOC Olympic results/programmes
2222,6,Aquatics,Swimming,Swimming Men's 4 x 50 Yard Freestyle Relay,Aquatics|Swimming|Swimming Men's 4 x 50 Yard Freestyle Relay,REVIEW_EVENT,Semantic event key retained; no claim of row-by-row official extraction.,IOC Olympic results/programmes
2223,6,Aquatics,Swimming,Swimming Men's Plunge For Distance,Aquatics|Swimming|Swimming Men's Plunge For Distance,REVIEW_EVENT,Semantic event key retained; no claim of row-by-row official extraction.,IOC Olympic results/programmes
2228,79,Shooting,Shooting,"Shooting Men's Military Rifle, Prone, 300 metres","Shooting|Shooting|Shooting Men's Military Rifle, Prone, 300 metres",REVIEW_EVENT,Semantic event key retained; no claim of row-by-row official extraction.,IOC Olympic results/programmes
2229,56,Judo,Judo,Judo Men's Half-Heavyweight,Judo|Judo|Judo Men's Half-Heavyweight,REVIEW_EVENT,Semantic event key retained; no claim of row-by-row official extraction.,IOC Olympic results/programmes
2230,8,Archery,Archery,Archery Women's Team,Archery|Archery|Archery Women's Team,REVIEW_EVENT,Semantic event key retained; no claim of row-by-row official extraction.,IOC Olympic results/programmes
2232,74,Rowing,Rowing,Rowing Women's Double Sculls,Rowing|Rowing|Rowing Women's Double Sculls,REVIEW_EVENT,Semantic event key retained; no claim of row-by-row official extraction.,IOC Olympic results/programmes
2233,77,Sailing,Sailing,Sailing Mixed 6 metres,Sailing|Sailing|Sailing Mixed 6 metres,REVIEW_EVENT,Semantic event key retained; no claim of row-by-row official extraction.,IOC Olympic results/programmes
2234,22,Boxing,Boxing,Boxing Men's Light-Heavyweight,Boxing|Boxing|Boxing Men's Light-Heavyweight,REVIEW_EVENT,Semantic event key retained; no claim of row-by-row official extraction.,IOC Olympic results/programmes
2235,22,Boxing,Boxing,Boxing Women's Flyweight,Boxing|Boxing|Boxing Women's Flyweight,REVIEW_EVENT,Semantic event key retained; no claim of row-by-row official extraction.,IOC Olympic results/programmes
2236,10,Athletics,Athletics,Athletics Women's 100 metres Hurdles,Athletics|Athletics|Athletics Women's 100 metres Hurdles,REVIEW_EVENT,Semantic event key retained; no claim of row-by-row official extraction.,IOC Olympic results/programmes
2237,10,Athletics,Athletics,"Athletics Men's Discus Throw, Greek Style","Athletics|Athletics|Athletics Men's Discus Throw, Greek Style",REVIEW_EVENT,Semantic event key retained; no claim of row-by-row official extraction.,IOC Olympic results/programmes
2238,29,Curling,Curling,Curling Women's Curling,Curling|Curling|Curling Women's Curling,REVIEW_EVENT,Semantic event key retained; no claim of row-by-row official extraction.,IOC Olympic results/programmes
2239,77,Sailing,Sailing,Sailing Mixed One Person Dinghy,Sailing|Sailing|Sailing Mixed One Person Dinghy,REVIEW_EVENT,Semantic event key retained; no claim of row-by-row official extraction.,IOC Olympic results/programmes
2240,103,Wrestling,Wrestling Freestyle,"Wrestling Women's Heavyweight, Freestyle","Wrestling|Wrestling Freestyle|Wrestling Women's Heavyweight, Freestyle",REVIEW_EVENT,Semantic event key retained; no claim of row-by-row official extraction.,IOC Olympic results/programmes
2241,12,Badminton,Badminton,Badminton Mixed Doubles,Badminton|Badminton|Badminton Mixed Doubles,REVIEW_EVENT,Semantic event key retained; no claim of row-by-row official extraction.,IOC Olympic results/programmes
2242,41,Fencing,Fencing,"Fencing Women's Foil, Individual","Fencing|Fencing|Fencing Women's Foil, Individual",REVIEW_EVENT,Semantic event key retained; no claim of row-by-row official extraction.,IOC Olympic results/programmes
2243,77,Sailing,Sailing,Sailing Mixed Two Person Keelboat,Sailing|Sailing|Sailing Mixed Two Person Keelboat,REVIEW_EVENT,Semantic event key retained; no claim of row-by-row official extraction.,IOC Olympic results/programmes
2244,79,Shooting,Shooting,"Shooting Men's Military Rifle, 300 metres and 600 metres, Prone, Team","Shooting|Shooting|Shooting Men's Military Rifle, 300 metres and 600 metres, Prone, Team",REVIEW_EVENT,Semantic event key retained; no claim of row-by-row official extraction.,IOC Olympic results/programmes
2245,94,Table Tennis,Table Tennis,Table Tennis Men's Doubles,Table Tennis|Table Tennis|Table Tennis Men's Doubles,REVIEW_EVENT,Semantic event key retained; no claim of row-by-row official extraction.,IOC Olympic results/programmes
2246,103,Wrestling,Wrestling Freestyle,"Wrestling Men's Light-Flyweight, Freestyle","Wrestling|Wrestling Freestyle|Wrestling Men's Light-Flyweight, Freestyle",REVIEW_EVENT,Semantic event key retained; no claim of row-by-row official extraction.,IOC Olympic results/programmes
2247,103,Wrestling,Wrestling Freestyle,"Wrestling Women's Featherweight, Freestyle","Wrestling|Wrestling Freestyle|Wrestling Women's Featherweight, Freestyle",REVIEW_EVENT,Semantic event key retained; no claim of row-by-row official extraction.,IOC Olympic results/programmes
2248,6,Aquatics,Swimming,Swimming Women's 200 metres Freestyle,Aquatics|Swimming|Swimming Women's 200 metres Freestyle,REVIEW_EVENT,Semantic event key retained; no claim of row-by-row official extraction.,IOC Olympic results/programmes
2249,6,Aquatics,Swimming,Swimming Women's 400 metres Freestyle,Aquatics|Swimming|Swimming Women's 400 metres Freestyle,REVIEW_EVENT,Semantic event key retained; no claim of row-by-row official extraction.,IOC Olympic results/programmes
2250,6,Aquatics,Swimming,Swimming Women's 200 metres Individual Medley,Aquatics|Swimming|Swimming Women's 200 metres Individual Medley,REVIEW_EVENT,Semantic event key retained; no claim of row-by-row official extraction.,IOC Olympic results/programmes
2251,77,Sailing,Sailing,Sailing Men's Windsurfer,Sailing|Sailing|Sailing Men's Windsurfer,REVIEW_EVENT,Semantic event key retained; no claim of row-by-row official extraction.,IOC Olympic results/programmes
2252,86,Skiing,Freestyle Skiing,Freestyle Skiing Men's Slopestyle,Skiing|Freestyle Skiing|Freestyle Skiing Men's Slopestyle,REVIEW_EVENT,Semantic event key retained; no claim of row-by-row official extraction.,IOC Olympic results/programmes
2253,79,Shooting,Shooting,"Shooting Men's Running Target, Single Shot","Shooting|Shooting|Shooting Men's Running Target, Single Shot",REVIEW_EVENT,Semantic event key retained; no claim of row-by-row official extraction.,IOC Olympic results/programmes
2254,79,Shooting,Shooting,"Shooting Men's Running Target, Double Shot","Shooting|Shooting|Shooting Men's Running Target, Double Shot",REVIEW_EVENT,Semantic event key retained; no claim of row-by-row official extraction.,IOC Olympic results/programmes
2255,76,Rugby,Rugby Sevens,Rugby Sevens Men's Rugby Sevens,Rugby|Rugby Sevens|Rugby Sevens Men's Rugby Sevens,REVIEW_EVENT,Semantic event key retained; no claim of row-by-row official extraction.,IOC Olympic results/programmes
2256,103,Wrestling,Wrestling Freestyle,"Wrestling Women's Lightweight, Freestyle","Wrestling|Wrestling Freestyle|Wrestling Women's Lightweight, Freestyle",REVIEW_EVENT,Semantic event key retained; no claim of row-by-row official extraction.,IOC Olympic results/programmes
2257,60,Modern Pentathlon,Modern Pentathlon,Modern Pentathlon Women's Individual,Modern Pentathlon|Modern Pentathlon|Modern Pentathlon Women's Individual,REVIEW_EVENT,Semantic event key retained; no claim of row-by-row official extraction.,IOC Olympic results/programmes
2258,25,Canoeing,Canoe Slalom,"Canoeing Men's Canadian Doubles, Slalom","Canoeing|Canoe Slalom|Canoeing Men's Canadian Doubles, Slalom",REVIEW_EVENT,Semantic event key retained; no claim of row-by-row official extraction.,IOC Olympic results/programmes
2259,56,Judo,Judo,Judo Women's Half-Lightweight,Judo|Judo|Judo Women's Half-Lightweight,REVIEW_EVENT,Semantic event key retained; no claim of row-by-row official extraction.,IOC Olympic results/programmes
2260,4,Aquatics,Diving,Diving Women's Plain High,Aquatics|Diving|Diving Women's Plain High,REVIEW_EVENT,Semantic event key retained; no claim of row-by-row official extraction.,IOC Olympic results/programmes
2261,36,Equestrian,Equestrian Dressage,"Equestrianism Men's Dressage, Individual","Equestrian|Equestrian Dressage|Equestrianism Men's Dressage, Individual",REVIEW_EVENT,Semantic event key retained; no claim of row-by-row official extraction.,IOC Olympic results/programmes
2262,36,Equestrian,Equestrian Dressage,"Equestrianism Men's Dressage, Team","Equestrian|Equestrian Dressage|Equestrianism Men's Dressage, Team",REVIEW_EVENT,Semantic event key retained; no claim of row-by-row official extraction.,IOC Olympic results/programmes
2263,96,Tennis,Tennis,"Tennis Women's Singles, Covered Courts","Tennis|Tennis|Tennis Women's Singles, Covered Courts",REVIEW_EVENT,Semantic event key retained; no claim of row-by-row official extraction.,IOC Olympic results/programmes
2264,4,Aquatics,Diving,Diving Men's Plain High,Aquatics|Diving|Diving Men's Plain High,REVIEW_EVENT,Semantic event key retained; no claim of row-by-row official extraction.,IOC Olympic results/programmes
2265,79,Shooting,Shooting,"Shooting Mixed Small-Bore Rifle, Three Positions, 50 metres","Shooting|Shooting|Shooting Mixed Small-Bore Rifle, Three Positions, 50 metres",REVIEW_EVENT,Semantic event key retained; no claim of row-by-row official extraction.,IOC Olympic results/programmes
2266,79,Shooting,Shooting,"Shooting Mixed Small-Bore Rifle, Prone, 50 metres","Shooting|Shooting|Shooting Mixed Small-Bore Rifle, Prone, 50 metres",REVIEW_EVENT,Semantic event key retained; no claim of row-by-row official extraction.,IOC Olympic results/programmes
2267,6,Aquatics,Swimming,Swimming Women's 800 metres Freestyle,Aquatics|Swimming|Swimming Women's 800 metres Freestyle,REVIEW_EVENT,Semantic event key retained; no claim of row-by-row official extraction.,IOC Olympic results/programmes
2268,77,Sailing,Sailing,Sailing Women's Two Person Dinghy,Sailing|Sailing|Sailing Women's Two Person Dinghy,REVIEW_EVENT,Semantic event key retained; no claim of row-by-row official extraction.,IOC Olympic results/programmes
2269,84,Skiing,Alpine Skiing,Alpine Skiing Women's Downhill,Skiing|Alpine Skiing|Alpine Skiing Women's Downhill,REVIEW_EVENT,Semantic event key retained; no claim of row-by-row official extraction.,IOC Olympic results/programmes
2270,79,Shooting,Shooting,"Shooting Men's Free Pistol, 50 metres, Team","Shooting|Shooting|Shooting Men's Free Pistol, 50 metres, Team",REVIEW_EVENT,Semantic event key retained; no claim of row-by-row official extraction.,IOC Olympic results/programmes
2275,79,Shooting,Shooting,"Shooting Men's Free Rifle, Prone, 600 metres","Shooting|Shooting|Shooting Men's Free Rifle, Prone, 600 metres",REVIEW_EVENT,Semantic event key retained; no claim of row-by-row official extraction.,IOC Olympic results/programmes
2277,74,Rowing,Rowing,Rowing Men's Single Sculls,Rowing|Rowing|Rowing Men's Single Sculls,REVIEW_EVENT,Semantic event key retained; no claim of row-by-row official extraction.,IOC Olympic results/programmes
2278,34,Cycling,Cycling Track,"Cycling Men's Tandem Sprint, 2,000 metres","Cycling|Cycling Track|Cycling Men's Tandem Sprint, 2,000 metres",REVIEW_EVENT,Semantic event key retained; no claim of row-by-row official extraction.,IOC Olympic results/programmes
2279,86,Skiing,Freestyle Skiing,Freestyle Skiing Women's Halfpipe,Skiing|Freestyle Skiing|Freestyle Skiing Women's Halfpipe,REVIEW_EVENT,Semantic event key retained; no claim of row-by-row official extraction.,IOC Olympic results/programmes
2280,10,Athletics,Athletics,Athletics Women's Heptathlon,Athletics|Athletics|Athletics Women's Heptathlon,REVIEW_EVENT,Semantic event key retained; no claim of row-by-row official extraction.,IOC Olympic results/programmes
2281,34,Cycling,Cycling Track,Cycling Men's Points Race,Cycling|Cycling Track|Cycling Men's Points Race,REVIEW_EVENT,Semantic event key retained; no claim of row-by-row official extraction.,IOC Olympic results/programmes
2282,3,Aquatics,Artistic Swimming,Synchronized Swimming Women's Solo,Aquatics|Artistic Swimming|Synchronized Swimming Women's Solo,REVIEW_EVENT,Semantic event key retained; no claim of row-by-row official extraction.,IOC Olympic results/programmes
2283,36,Equestrian,Equestrian Dressage,"Equestrianism Mixed Dressage, Individual","Equestrian|Equestrian Dressage|Equestrianism Mixed Dressage, Individual",REVIEW_EVENT,Semantic event key retained; no claim of row-by-row official extraction.,IOC Olympic results/programmes
2284,36,Equestrian,Equestrian Dressage,"Equestrianism Mixed Dressage, Team","Equestrian|Equestrian Dressage|Equestrianism Mixed Dressage, Team",REVIEW_EVENT,Semantic event key retained; no claim of row-by-row official extraction.,IOC Olympic results/programmes
2285,85,Skiing,Cross Country Skiing,Cross Country Skiing Men's 18 kilometres,Skiing|Cross Country Skiing|Cross Country Skiing Men's 18 kilometres,REVIEW_EVENT,Semantic event key retained; no claim of row-by-row official extraction.,IOC Olympic results/programmes
2286,6,Aquatics,Swimming,Swimming Men's 100 metres Breaststroke,Aquatics|Swimming|Swimming Men's 100 metres Breaststroke,REVIEW_EVENT,Semantic event key retained; no claim of row-by-row official extraction.,IOC Olympic results/programmes
2287,80,Skating,Figure Skating,Figure Skating Mixed Ice Dancing,Skating|Figure Skating|Figure Skating Mixed Ice Dancing,REVIEW_EVENT,Semantic event key retained; no claim of row-by-row official extraction.,IOC Olympic results/programmes
2288,79,Shooting,Shooting,"Shooting Mixed Free Pistol, 50 metres","Shooting|Shooting|Shooting Mixed Free Pistol, 50 metres",REVIEW_EVENT,Semantic event key retained; no claim of row-by-row official extraction.,IOC Olympic results/programmes
2289,77,Sailing,Sailing,Sailing Women's Skiff,Sailing|Sailing|Sailing Women's Skiff,REVIEW_EVENT,Semantic event key retained; no claim of row-by-row official extraction.,IOC Olympic results/programmes
2290,26,Canoeing,Canoe Sprint,"Canoeing Men's Kayak Doubles, 10,000 metres","Canoeing|Canoe Sprint|Canoeing Men's Kayak Doubles, 10,000 metres",REVIEW_EVENT,Semantic event key retained; no claim of row-by-row official extraction.,IOC Olympic results/programmes
2291,97,Triathlon,Triathlon,Triathlon Men's Olympic Distance,Triathlon|Triathlon|Triathlon Men's Olympic Distance,REVIEW_EVENT,Semantic event key retained; no claim of row-by-row official extraction.,IOC Olympic results/programmes
2292,77,Sailing,Sailing,Sailing Women's One Person Dinghy,Sailing|Sailing|Sailing Women's One Person Dinghy,REVIEW_EVENT,Semantic event key retained; no claim of row-by-row official extraction.,IOC Olympic results/programmes
2293,85,Skiing,Cross Country Skiing,Cross Country Skiing Women's 30 kilometres,Skiing|Cross Country Skiing|Cross Country Skiing Women's 30 kilometres,REVIEW_EVENT,Semantic event key retained; no claim of row-by-row official extraction.,IOC Olympic results/programmes
2294,85,Skiing,Cross Country Skiing,Cross Country Skiing Women's 15 km Skiathlon,Skiing|Cross Country Skiing|Cross Country Skiing Women's 15 km Skiathlon,REVIEW_EVENT,Semantic event key retained; no claim of row-by-row official extraction.,IOC Olympic results/programmes
2295,74,Rowing,Rowing,Rowing Men's 17-Man Naval Rowing Boats,Rowing|Rowing|Rowing Men's 17-Man Naval Rowing Boats,REVIEW_EVENT,Semantic event key retained; no claim of row-by-row official extraction.,IOC Olympic results/programmes
2296,99,Volleyball,Beach Volleyball,Beach Volleyball Women's Beach Volleyball,Volleyball|Beach Volleyball|Beach Volleyball Women's Beach Volleyball,REVIEW_EVENT,Semantic event key retained; no claim of row-by-row official extraction.,IOC Olympic results/programmes
2297,101,Weightlifting,Weightlifting,Weightlifting Men's Super-Heavyweight,Weightlifting|Weightlifting|Weightlifting Men's Super-Heavyweight,REVIEW_EVENT,Semantic event key retained; no claim of row-by-row official extraction.,IOC Olympic results/programmes
2298,74,Rowing,Rowing,Rowing Men's Lightweight Coxless Fours,Rowing|Rowing|Rowing Men's Lightweight Coxless Fours,REVIEW_EVENT,Semantic event key retained; no claim of row-by-row official extraction.,IOC Olympic results/programmes
2299,104,Wrestling,Wrestling Greco-Roman,"Wrestling Men's Light-Flyweight, Greco-Roman","Wrestling|Wrestling Greco-Roman|Wrestling Men's Light-Flyweight, Greco-Roman",REVIEW_EVENT,Semantic event key retained; no claim of row-by-row official extraction.,IOC Olympic results/programmes
2300,26,Canoeing,Canoe Sprint,"Canoeing Men's Canadian Singles, 1,000 metres","Canoeing|Canoe Sprint|Canoeing Men's Canadian Singles, 1,000 metres",REVIEW_EVENT,Semantic event key retained; no claim of row-by-row official extraction.,IOC Olympic results/programmes
2301,77,Sailing,Sailing,Sailing Mixed 5.5 metres,Sailing|Sailing|Sailing Mixed 5.5 metres,REVIEW_EVENT,Semantic event key retained; no claim of row-by-row official extraction.,IOC Olympic results/programmes
2302,39,Equestrian,Equestrian Jumping,"Equestrianism Mixed Jumping, Team","Equestrian|Equestrian Jumping|Equestrianism Mixed Jumping, Team",REVIEW_EVENT,Semantic event key retained; no claim of row-by-row official extraction.,IOC Olympic results/programmes
2303,4,Aquatics,Diving,Diving Men's Synchronized Platform,Aquatics|Diving|Diving Men's Synchronized Platform,REVIEW_EVENT,Semantic event key retained; no claim of row-by-row official extraction.,IOC Olympic results/programmes
2304,90,Skiing,Snowboard,Snowboarding Men's Halfpipe,Skiing|Snowboard|Snowboarding Men's Halfpipe,REVIEW_EVENT,Semantic event key retained; no claim of row-by-row official extraction.,IOC Olympic results/programmes
2305,25,Canoeing,Canoe Slalom,"Canoeing Women's Kayak Singles, Slalom","Canoeing|Canoe Slalom|Canoeing Women's Kayak Singles, Slalom",REVIEW_EVENT,Semantic event key retained; no claim of row-by-row official extraction.,IOC Olympic results/programmes
2306,101,Weightlifting,Weightlifting,Weightlifting Women's Flyweight,Weightlifting|Weightlifting|Weightlifting Women's Flyweight,REVIEW_EVENT,Semantic event key retained; no claim of row-by-row official extraction.,IOC Olympic results/programmes
2307,6,Aquatics,Swimming,Swimming Women's 100 metres Breaststroke,Aquatics|Swimming|Swimming Women's 100 metres Breaststroke,REVIEW_EVENT,Semantic event key retained; no claim of row-by-row official extraction.,IOC Olympic results/programmes
2308,6,Aquatics,Swimming,Swimming Women's 200 metres Breaststroke,Aquatics|Swimming|Swimming Women's 200 metres Breaststroke,REVIEW_EVENT,Semantic event key retained; no claim of row-by-row official extraction.,IOC Olympic results/programmes
2309,104,Wrestling,Wrestling Greco-Roman,"Wrestling Men's Middleweight B, Greco-Roman","Wrestling|Wrestling Greco-Roman|Wrestling Men's Middleweight B, Greco-Roman",REVIEW_EVENT,Semantic event key retained; no claim of row-by-row official extraction.,IOC Olympic results/programmes
2310,10,Athletics,Athletics,Athletics Men's Stone Throw,Athletics|Athletics|Athletics Men's Stone Throw,REVIEW_EVENT,Semantic event key retained; no claim of row-by-row official extraction.,IOC Olympic results/programmes
2311,10,Athletics,Athletics,"Athletics Men's Javelin Throw, Freestyle","Athletics|Athletics|Athletics Men's Javelin Throw, Freestyle",REVIEW_EVENT,Semantic event key retained; no claim of row-by-row official extraction.,IOC Olympic results/programmes
2312,10,Athletics,Athletics,Athletics Men's Pentathlon (Ancient),Athletics|Athletics|Athletics Men's Pentathlon (Ancient),REVIEW_EVENT,Semantic event key retained; no claim of row-by-row official extraction.,IOC Olympic results/programmes
2315,101,Weightlifting,Weightlifting,Weightlifting Men's Heavyweight I,Weightlifting|Weightlifting|Weightlifting Men's Heavyweight I,REVIEW_EVENT,Semantic event key retained; no claim of row-by-row official extraction.,IOC Olympic results/programmes
2316,10,Athletics,Athletics,"Athletics Women's 3,000 metres Steeplechase","Athletics|Athletics|Athletics Women's 3,000 metres Steeplechase",REVIEW_EVENT,Semantic event key retained; no claim of row-by-row official extraction.,IOC Olympic results/programmes
2317,10,Athletics,Athletics,"Athletics Men's Shot Put, Both Hands","Athletics|Athletics|Athletics Men's Shot Put, Both Hands",REVIEW_EVENT,Semantic event key retained; no claim of row-by-row official extraction.,IOC Olympic results/programmes
2318,89,Skiing,Ski Jumping,"Ski Jumping Men's Large Hill, Individual","Skiing|Ski Jumping|Ski Jumping Men's Large Hill, Individual",REVIEW_EVENT,Semantic event key retained; no claim of row-by-row official extraction.,IOC Olympic results/programmes
2319,89,Skiing,Ski Jumping,"Ski Jumping Men's Large Hill, Team","Skiing|Ski Jumping|Ski Jumping Men's Large Hill, Team",REVIEW_EVENT,Semantic event key retained; no claim of row-by-row official extraction.,IOC Olympic results/programmes
2320,79,Shooting,Shooting,Shooting Women's Trap,Shooting|Shooting|Shooting Women's Trap,REVIEW_EVENT,Semantic event key retained; no claim of row-by-row official extraction.,IOC Olympic results/programmes
2321,12,Badminton,Badminton,Badminton Men's Doubles,Badminton|Badminton|Badminton Men's Doubles,REVIEW_EVENT,Semantic event key retained; no claim of row-by-row official extraction.,IOC Olympic results/programmes
2322,6,Aquatics,Swimming,Swimming Women's 4 x 200 metres Freestyle Relay,Aquatics|Swimming|Swimming Women's 4 x 200 metres Freestyle Relay,REVIEW_EVENT,Semantic event key retained; no claim of row-by-row official extraction.,IOC Olympic results/programmes
2323,10,Athletics,Athletics,Athletics Men's 10 kilometres Walk,Athletics|Athletics|Athletics Men's 10 kilometres Walk,REVIEW_EVENT,Semantic event key retained; no claim of row-by-row official extraction.,IOC Olympic results/programmes
2324,10,Athletics,Athletics,Athletics Women's 20 kilometres Walk,Athletics|Athletics|Athletics Women's 20 kilometres Walk,REVIEW_EVENT,Semantic event key retained; no claim of row-by-row official extraction.,IOC Olympic results/programmes
2325,10,Athletics,Athletics,Athletics Women's 80 metres Hurdles,Athletics|Athletics|Athletics Women's 80 metres Hurdles,REVIEW_EVENT,Semantic event key retained; no claim of row-by-row official extraction.,IOC Olympic results/programmes
2326,77,Sailing,Sailing,Sailing Men's One Person Heavyweight Dinghy,Sailing|Sailing|Sailing Men's One Person Heavyweight Dinghy,REVIEW_EVENT,Semantic event key retained; no claim of row-by-row official extraction.,IOC Olympic results/programmes
2327,86,Skiing,Freestyle Skiing,Freestyle Skiing Women's Aerials,Skiing|Freestyle Skiing|Freestyle Skiing Women's Aerials,REVIEW_EVENT,Semantic event key retained; no claim of row-by-row official extraction.,IOC Olympic results/programmes
2328,9,Art Competitions,Art Competitions,"Art Competitions Mixed Painting, Paintings","Art Competitions|Art Competitions|Art Competitions Mixed Painting, Paintings",REVIEW_EVENT,Semantic event key retained; no claim of row-by-row official extraction.,IOC Olympic results/programmes
2329,96,Tennis,Tennis,"Tennis Mixed Doubles, Covered Courts","Tennis|Tennis|Tennis Mixed Doubles, Covered Courts",REVIEW_EVENT,Semantic event key retained; no claim of row-by-row official extraction.,IOC Olympic results/programmes
2330,34,Cycling,Cycling Track,Cycling Men's Madison,Cycling|Cycling Track|Cycling Men's Madison,REVIEW_EVENT,Semantic event key retained; no claim of row-by-row official extraction.,IOC Olympic results/programmes
2331,9,Art Competitions,Art Competitions,"Art Competitions Mixed Sculpturing, Statues","Art Competitions|Art Competitions|Art Competitions Mixed Sculpturing, Statues",REVIEW_EVENT,Semantic event key retained; no claim of row-by-row official extraction.,IOC Olympic results/programmes
2333,101,Weightlifting,Weightlifting,Weightlifting Men's Heavyweight II,Weightlifting|Weightlifting|Weightlifting Men's Heavyweight II,REVIEW_EVENT,Semantic event key retained; no claim of row-by-row official extraction.,IOC Olympic results/programmes
2334,26,Canoeing,Canoe Sprint,"Canoeing Women's Kayak Doubles, 500 metres","Canoeing|Canoe Sprint|Canoeing Women's Kayak Doubles, 500 metres",REVIEW_EVENT,Semantic event key retained; no claim of row-by-row official extraction.,IOC Olympic results/programmes
2335,81,Skating,Short Track Speed Skating,"Short Track Speed Skating Men's 5,000 metres Relay","Skating|Short Track Speed Skating|Short Track Speed Skating Men's 5,000 metres Relay",REVIEW_EVENT,Semantic event key retained; no claim of row-by-row official extraction.,IOC Olympic results/programmes
2336,33,Cycling,Cycling Road,Cycling Men's Individual Time Trial,Cycling|Cycling Road|Cycling Men's Individual Time Trial,REVIEW_EVENT,Semantic event key retained; no claim of row-by-row official extraction.,IOC Olympic results/programmes
2337,56,Judo,Judo,Judo Women's Heavyweight,Judo|Judo|Judo Women's Heavyweight,REVIEW_EVENT,Semantic event key retained; no claim of row-by-row official extraction.,IOC Olympic results/programmes
2338,26,Canoeing,Canoe Sprint,"Canoeing Men's Kayak Doubles, 1,000 metres","Canoeing|Canoe Sprint|Canoeing Men's Kayak Doubles, 1,000 metres",REVIEW_EVENT,Semantic event key retained; no claim of row-by-row official extraction.,IOC Olympic results/programmes
2339,45,Gymnastics,Artistic Gymnastics,"Gymnastics Men's Individual All-Around, 5 Events","Gymnastics|Artistic Gymnastics|Gymnastics Men's Individual All-Around, 5 Events",REVIEW_EVENT,Semantic event key retained; no claim of row-by-row official extraction.,IOC Olympic results/programmes
2340,103,Wrestling,Wrestling Freestyle,"Wrestling Men's Super-Heavyweight, Freestyle","Wrestling|Wrestling Freestyle|Wrestling Men's Super-Heavyweight, Freestyle",REVIEW_EVENT,Semantic event key retained; no claim of row-by-row official extraction.,IOC Olympic results/programmes
2341,19,Biathlon,Biathlon,Biathlon Women's 10 kilometres Pursuit,Biathlon|Biathlon|Biathlon Women's 10 kilometres Pursuit,REVIEW_EVENT,Semantic event key retained; no claim of row-by-row official extraction.,IOC Olympic results/programmes
2342,19,Biathlon,Biathlon,Biathlon Women's 12.5 kilometres Mass Start,Biathlon|Biathlon|Biathlon Women's 12.5 kilometres Mass Start,REVIEW_EVENT,Semantic event key retained; no claim of row-by-row official extraction.,IOC Olympic results/programmes
2343,19,Biathlon,Biathlon,Biathlon Women's 4 x 6 kilometres Relay,Biathlon|Biathlon|Biathlon Women's 4 x 6 kilometres Relay,REVIEW_EVENT,Semantic event key retained; no claim of row-by-row official extraction.,IOC Olympic results/programmes
2344,41,Fencing,Fencing,"Fencing Women's Sabre, Team","Fencing|Fencing|Fencing Women's Sabre, Team",REVIEW_EVENT,Semantic event key retained; no claim of row-by-row official extraction.,IOC Olympic results/programmes
2345,79,Shooting,Shooting,Shooting Men's Double Trap,Shooting|Shooting|Shooting Men's Double Trap,REVIEW_EVENT,Semantic event key retained; no claim of row-by-row official extraction.,IOC Olympic results/programmes
2346,101,Weightlifting,Weightlifting,Weightlifting Men's Bantamweight,Weightlifting|Weightlifting|Weightlifting Men's Bantamweight,REVIEW_EVENT,Semantic event key retained; no claim of row-by-row official extraction.,IOC Olympic results/programmes
2347,95,Taekwondo,Taekwondo,Taekwondo Men's Heavyweight,Taekwondo|Taekwondo|Taekwondo Men's Heavyweight,REVIEW_EVENT,Semantic event key retained; no claim of row-by-row official extraction.,IOC Olympic results/programmes
2348,77,Sailing,Sailing,Sailing Mixed Windsurfer,Sailing|Sailing|Sailing Mixed Windsurfer,REVIEW_EVENT,Semantic event key retained; no claim of row-by-row official extraction.,IOC Olympic results/programmes
2349,95,Taekwondo,Taekwondo,Taekwondo Women's Welterweight,Taekwondo|Taekwondo|Taekwondo Women's Welterweight,REVIEW_EVENT,Semantic event key retained; no claim of row-by-row official extraction.,IOC Olympic results/programmes
2350,79,Shooting,Shooting,"Shooting Mixed Free Rifle, Three Positions, 300 metres","Shooting|Shooting|Shooting Mixed Free Rifle, Three Positions, 300 metres",REVIEW_EVENT,Semantic event key retained; no claim of row-by-row official extraction.,IOC Olympic results/programmes
2351,21,Bobsleigh,Skeleton,Skeleton Men's Skeleton,Bobsleigh|Skeleton|Skeleton Men's Skeleton,REVIEW_EVENT,Semantic event key retained; no claim of row-by-row official extraction.,IOC Olympic results/programmes
2352,34,Cycling,Cycling Track,Cycling Men's 50 kilometres,Cycling|Cycling Track|Cycling Men's 50 kilometres,REVIEW_EVENT,Semantic event key retained; no claim of row-by-row official extraction.,IOC Olympic results/programmes
2353,79,Shooting,Shooting,"Shooting Mixed Rapid-Fire Pistol, 25 metres","Shooting|Shooting|Shooting Mixed Rapid-Fire Pistol, 25 metres",REVIEW_EVENT,Semantic event key retained; no claim of row-by-row official extraction.,IOC Olympic results/programmes
2354,34,Cycling,Cycling Track,Cycling Men's 333 metres Time Trial,Cycling|Cycling Track|Cycling Men's 333 metres Time Trial,REVIEW_EVENT,Semantic event key retained; no claim of row-by-row official extraction.,IOC Olympic results/programmes
2355,34,Cycling,Cycling Track,Cycling Men's 20 kilometres,Cycling|Cycling Track|Cycling Men's 20 kilometres,REVIEW_EVENT,Semantic event key retained; no claim of row-by-row official extraction.,IOC Olympic results/programmes
2356,26,Canoeing,Canoe Sprint,"Canoeing Men's Kayak Singles, 10,000 metres","Canoeing|Canoe Sprint|Canoeing Men's Kayak Singles, 10,000 metres",REVIEW_EVENT,Semantic event key retained; no claim of row-by-row official extraction.,IOC Olympic results/programmes
2357,77,Sailing,Sailing,Sailing Mixed Open,Sailing|Sailing|Sailing Mixed Open,REVIEW_EVENT,Semantic event key retained; no claim of row-by-row official extraction.,IOC Olympic results/programmes
2358,77,Sailing,Sailing,Sailing Mixed 1-2 Ton,Sailing|Sailing|Sailing Mixed 1-2 Ton,REVIEW_EVENT,Semantic event key retained; no claim of row-by-row official extraction.,IOC Olympic results/programmes
2359,25,Canoeing,Canoe Slalom,"Canoeing Men's Canadian Singles, Slalom","Canoeing|Canoe Slalom|Canoeing Men's Canadian Singles, Slalom",REVIEW_EVENT,Semantic event key retained; no claim of row-by-row official extraction.,IOC Olympic results/programmes
2360,59,Luge,Luge,Luge Men's Singles,Luge|Luge|Luge Men's Singles,REVIEW_EVENT,Semantic event key retained; no claim of row-by-row official extraction.,IOC Olympic results/programmes
2361,59,Luge,Luge,Luge Mixed (Men)'s Doubles,Luge|Luge|Luge Mixed (Men)'s Doubles,REVIEW_EVENT,Semantic event key retained; no claim of row-by-row official extraction.,IOC Olympic results/programmes
2362,77,Sailing,Sailing,Sailing Mixed Multihull,Sailing|Sailing|Sailing Mixed Multihull,REVIEW_EVENT,Semantic event key retained; no claim of row-by-row official extraction.,IOC Olympic results/programmes
2363,12,Badminton,Badminton,Badminton Women's Doubles,Badminton|Badminton|Badminton Women's Doubles,REVIEW_EVENT,Semantic event key retained; no claim of row-by-row official extraction.,IOC Olympic results/programmes
2364,82,Skating,Speed Skating,"Speed Skating Women's 3,000 metres","Skating|Speed Skating|Speed Skating Women's 3,000 metres",REVIEW_EVENT,Semantic event key retained; no claim of row-by-row official extraction.,IOC Olympic results/programmes
2365,85,Skiing,Cross Country Skiing,Cross Country Skiing Women's 5/10 kilometres Pursuit,Skiing|Cross Country Skiing|Cross Country Skiing Women's 5/10 kilometres Pursuit,REVIEW_EVENT,Semantic event key retained; no claim of row-by-row official extraction.,IOC Olympic results/programmes
2366,85,Skiing,Cross Country Skiing,Cross Country Skiing Women's 4 x 5 kilometres Relay,Skiing|Cross Country Skiing|Cross Country Skiing Women's 4 x 5 kilometres Relay,REVIEW_EVENT,Semantic event key retained; no claim of row-by-row official extraction.,IOC Olympic results/programmes
2367,85,Skiing,Cross Country Skiing,Cross Country Skiing Women's 15 kilometres,Skiing|Cross Country Skiing|Cross Country Skiing Women's 15 kilometres,REVIEW_EVENT,Semantic event key retained; no claim of row-by-row official extraction.,IOC Olympic results/programmes
2368,85,Skiing,Cross Country Skiing,Cross Country Skiing Women's 5/5 kilometres Pursuit,Skiing|Cross Country Skiing|Cross Country Skiing Women's 5/5 kilometres Pursuit,REVIEW_EVENT,Semantic event key retained; no claim of row-by-row official extraction.,IOC Olympic results/programmes
2369,4,Aquatics,Diving,Diving Women's Synchronized Platform,Aquatics|Diving|Diving Women's Synchronized Platform,REVIEW_EVENT,Semantic event key retained; no claim of row-by-row official extraction.,IOC Olympic results/programmes
2370,10,Athletics,Athletics,Athletics Women's Triple Jump,Athletics|Athletics|Athletics Women's Triple Jump,REVIEW_EVENT,Semantic event key retained; no claim of row-by-row official extraction.,IOC Olympic results/programmes
2371,21,Bobsleigh,Skeleton,Skeleton Women's Skeleton,Bobsleigh|Skeleton|Skeleton Women's Skeleton,REVIEW_EVENT,Semantic event key retained; no claim of row-by-row official extraction.,IOC Olympic results/programmes
2372,20,Bobsleigh,Bobsleigh,Bobsleigh Men's Four/Five,Bobsleigh|Bobsleigh|Bobsleigh Men's Four/Five,REVIEW_EVENT,Semantic event key retained; no claim of row-by-row official extraction.,IOC Olympic results/programmes
2373,9,Art Competitions,Art Competitions,"Art Competitions Mixed Painting, Drawings And Water Colors","Art Competitions|Art Competitions|Art Competitions Mixed Painting, Drawings And Water Colors",REVIEW_EVENT,Semantic event key retained; no claim of row-by-row official extraction.,IOC Olympic results/programmes
2374,79,Shooting,Shooting,"Shooting Men's Dueling Pistol, 30 metres","Shooting|Shooting|Shooting Men's Dueling Pistol, 30 metres",REVIEW_EVENT,Semantic event key retained; no claim of row-by-row official extraction.,IOC Olympic results/programmes
2375,22,Boxing,Boxing,Boxing Women's Lightweight,Boxing|Boxing|Boxing Women's Lightweight,REVIEW_EVENT,Semantic event key retained; no claim of row-by-row official extraction.,IOC Olympic results/programmes
2376,32,Cycling,BMX Racing,Cycling Women's BMX,Cycling|BMX Racing|Cycling Women's BMX,REVIEW_EVENT,Semantic event key retained; no claim of row-by-row official extraction.,IOC Olympic results/programmes
2377,26,Canoeing,Canoe Sprint,"Canoeing Men's Kayak Doubles, 200 metres","Canoeing|Canoe Sprint|Canoeing Men's Kayak Doubles, 200 metres",REVIEW_EVENT,Semantic event key retained; no claim of row-by-row official extraction.,IOC Olympic results/programmes
2378,41,Fencing,Fencing,"Fencing Men's Sabre, Masters, Individual","Fencing|Fencing|Fencing Men's Sabre, Masters, Individual",REVIEW_EVENT,Semantic event key retained; no claim of row-by-row official extraction.,IOC Olympic results/programmes
2379,58,Lacrosse,Lacrosse,Lacrosse Men's Lacrosse,Lacrosse|Lacrosse|Lacrosse Men's Lacrosse,REVIEW_EVENT,Semantic event key retained; no claim of row-by-row official extraction.,IOC Olympic results/programmes
2380,26,Canoeing,Canoe Sprint,"Canoeing Women's Kayak Singles, 500 metres","Canoeing|Canoe Sprint|Canoeing Women's Kayak Singles, 500 metres",REVIEW_EVENT,Semantic event key retained; no claim of row-by-row official extraction.,IOC Olympic results/programmes
2381,10,Athletics,Athletics,Athletics Women's 10 kilometres Walk,Athletics|Athletics|Athletics Women's 10 kilometres Walk,REVIEW_EVENT,Semantic event key retained; no claim of row-by-row official extraction.,IOC Olympic results/programmes
2382,77,Sailing,Sailing,Sailing Mixed 12 metres,Sailing|Sailing|Sailing Mixed 12 metres,REVIEW_EVENT,Semantic event key retained; no claim of row-by-row official extraction.,IOC Olympic results/programmes
2383,56,Judo,Judo,Judo Women's Extra-Lightweight,Judo|Judo|Judo Women's Extra-Lightweight,REVIEW_EVENT,Semantic event key retained; no claim of row-by-row official extraction.,IOC Olympic results/programmes
2384,4,Aquatics,Diving,Diving Men's Synchronized Springboard,Aquatics|Diving|Diving Men's Synchronized Springboard,REVIEW_EVENT,Semantic event key retained; no claim of row-by-row official extraction.,IOC Olympic results/programmes
2385,74,Rowing,Rowing,"Rowing Men's Coxed Fours, Outriggers","Rowing|Rowing|Rowing Men's Coxed Fours, Outriggers",REVIEW_EVENT,Semantic event key retained; no claim of row-by-row official extraction.,IOC Olympic results/programmes
2386,45,Gymnastics,Artistic Gymnastics,Gymnastics Men's Rope Climbing,Gymnastics|Artistic Gymnastics|Gymnastics Men's Rope Climbing,REVIEW_EVENT,Semantic event key retained; no claim of row-by-row official extraction.,IOC Olympic results/programmes
2387,77,Sailing,Sailing,Sailing Mixed Two Person Dinghy,Sailing|Sailing|Sailing Mixed Two Person Dinghy,REVIEW_EVENT,Semantic event key retained; no claim of row-by-row official extraction.,IOC Olympic results/programmes
2388,9,Art Competitions,Art Competitions,"Art Competitions Mixed Architecture, Unknown Event","Art Competitions|Art Competitions|Art Competitions Mixed Architecture, Unknown Event",REVIEW_EVENT,Semantic event key retained; no claim of row-by-row official extraction.,IOC Olympic results/programmes
2392,81,Skating,Short Track Speed Skating,"Short Track Speed Skating Women's 3,000 metres Relay","Skating|Short Track Speed Skating|Short Track Speed Skating Women's 3,000 metres Relay",REVIEW_EVENT,Semantic event key retained; no claim of row-by-row official extraction.,IOC Olympic results/programmes
2393,86,Skiing,Freestyle Skiing,Freestyle Skiing Women's Moguls,Skiing|Freestyle Skiing|Freestyle Skiing Women's Moguls,REVIEW_EVENT,Semantic event key retained; no claim of row-by-row official extraction.,IOC Olympic results/programmes
2394,81,Skating,Short Track Speed Skating,Short Track Speed Skating Men's 500 metres,Skating|Short Track Speed Skating|Short Track Speed Skating Men's 500 metres,REVIEW_EVENT,Semantic event key retained; no claim of row-by-row official extraction.,IOC Olympic results/programmes
2395,79,Shooting,Shooting,"Shooting Men's Running Target, 10 metres","Shooting|Shooting|Shooting Men's Running Target, 10 metres",REVIEW_EVENT,Semantic event key retained; no claim of row-by-row official extraction.,IOC Olympic results/programmes
2397,74,Rowing,Rowing,"Rowing Men's Coxed Fours, Inriggers","Rowing|Rowing|Rowing Men's Coxed Fours, Inriggers",REVIEW_EVENT,Semantic event key retained; no claim of row-by-row official extraction.,IOC Olympic results/programmes
2398,32,Cycling,BMX Racing,Cycling Men's BMX,Cycling|BMX Racing|Cycling Men's BMX,REVIEW_EVENT,Semantic event key retained; no claim of row-by-row official extraction.,IOC Olympic results/programmes
2399,9,Art Competitions,Art Competitions,Art Competitions Mixed Sculpturing,Art Competitions|Art Competitions|Art Competitions Mixed Sculpturing,REVIEW_EVENT,Semantic event key retained; no claim of row-by-row official extraction.,IOC Olympic results/programmes
2400,10,Athletics,Athletics,"Athletics Men's Cross-Country, Individual","Athletics|Athletics|Athletics Men's Cross-Country, Individual",REVIEW_EVENT,Semantic event key retained; no claim of row-by-row official extraction.,IOC Olympic results/programmes
2401,10,Athletics,Athletics,"Athletics Men's Cross-Country, Team","Athletics|Athletics|Athletics Men's Cross-Country, Team",REVIEW_EVENT,Semantic event key retained; no claim of row-by-row official extraction.,IOC Olympic results/programmes
2402,77,Sailing,Sailing,Sailing Mixed 40 metres,Sailing|Sailing|Sailing Mixed 40 metres,REVIEW_EVENT,Semantic event key retained; no claim of row-by-row official extraction.,IOC Olympic results/programmes
2403,85,Skiing,Cross Country Skiing,Cross Country Skiing Men's 10/10 kilometres Pursuit,Skiing|Cross Country Skiing|Cross Country Skiing Men's 10/10 kilometres Pursuit,REVIEW_EVENT,Semantic event key retained; no claim of row-by-row official extraction.,IOC Olympic results/programmes
2404,89,Skiing,Ski Jumping,"Ski Jumping Women's Normal Hill, Individual","Skiing|Ski Jumping|Ski Jumping Women's Normal Hill, Individual",REVIEW_EVENT,Semantic event key retained; no claim of row-by-row official extraction.,IOC Olympic results/programmes
2405,81,Skating,Short Track Speed Skating,"Short Track Speed Skating Men's 1,000 metres","Skating|Short Track Speed Skating|Short Track Speed Skating Men's 1,000 metres",REVIEW_EVENT,Semantic event key retained; no claim of row-by-row official extraction.,IOC Olympic results/programmes
2406,81,Skating,Short Track Speed Skating,"Short Track Speed Skating Men's 1,500 metres","Skating|Short Track Speed Skating|Short Track Speed Skating Men's 1,500 metres",REVIEW_EVENT,Semantic event key retained; no claim of row-by-row official extraction.,IOC Olympic results/programmes
2407,45,Gymnastics,Artistic Gymnastics,Gymnastics Men's Club Swinging,Gymnastics|Artistic Gymnastics|Gymnastics Men's Club Swinging,REVIEW_EVENT,Semantic event key retained; no claim of row-by-row official extraction.,IOC Olympic results/programmes
2408,96,Tennis,Tennis,Tennis Women's Singles,Tennis|Tennis|Tennis Women's Singles,REVIEW_EVENT,Semantic event key retained; no claim of row-by-row official extraction.,IOC Olympic results/programmes
2409,96,Tennis,Tennis,Tennis Mixed Doubles,Tennis|Tennis|Tennis Mixed Doubles,REVIEW_EVENT,Semantic event key retained; no claim of row-by-row official extraction.,IOC Olympic results/programmes
2410,96,Tennis,Tennis,Tennis Women's Doubles,Tennis|Tennis|Tennis Women's Doubles,REVIEW_EVENT,Semantic event key retained; no claim of row-by-row official extraction.,IOC Olympic results/programmes
2411,56,Judo,Judo,Judo Women's Middleweight,Judo|Judo|Judo Women's Middleweight,REVIEW_EVENT,Semantic event key retained; no claim of row-by-row official extraction.,IOC Olympic results/programmes
2412,56,Judo,Judo,Judo Women's Lightweight,Judo|Judo|Judo Women's Lightweight,REVIEW_EVENT,Semantic event key retained; no claim of row-by-row official extraction.,IOC Olympic results/programmes
2413,85,Skiing,Cross Country Skiing,Cross Country Skiing Men's Team Sprint,Skiing|Cross Country Skiing|Cross Country Skiing Men's Team Sprint,REVIEW_EVENT,Semantic event key retained; no claim of row-by-row official extraction.,IOC Olympic results/programmes
2414,90,Skiing,Snowboard,Snowboarding Women's Halfpipe,Skiing|Snowboard|Snowboarding Women's Halfpipe,REVIEW_EVENT,Semantic event key retained; no claim of row-by-row official extraction.,IOC Olympic results/programmes
2415,26,Canoeing,Canoe Sprint,"Canoeing Women's Kayak Singles, 200 metres","Canoeing|Canoe Sprint|Canoeing Women's Kayak Singles, 200 metres",REVIEW_EVENT,Semantic event key retained; no claim of row-by-row official extraction.,IOC Olympic results/programmes
2416,26,Canoeing,Canoe Sprint,Canoeing Men's Kayak Relay 4 x 500 metres,Canoeing|Canoe Sprint|Canoeing Men's Kayak Relay 4 x 500 metres,REVIEW_EVENT,Semantic event key retained; no claim of row-by-row official extraction.,IOC Olympic results/programmes
2417,10,Athletics,Athletics,"Athletics Men's 3,000 metres, Team","Athletics|Athletics|Athletics Men's 3,000 metres, Team",REVIEW_EVENT,Semantic event key retained; no claim of row-by-row official extraction.,IOC Olympic results/programmes
2418,85,Skiing,Cross Country Skiing,Cross Country Skiing Women's Sprint,Skiing|Cross Country Skiing|Cross Country Skiing Women's Sprint,REVIEW_EVENT,Semantic event key retained; no claim of row-by-row official extraction.,IOC Olympic results/programmes
2423,79,Shooting,Shooting,"Shooting Men's Military Pistol, Team","Shooting|Shooting|Shooting Men's Military Pistol, Team",REVIEW_EVENT,Semantic event key retained; no claim of row-by-row official extraction.,IOC Olympic results/programmes
2424,74,Rowing,Rowing,Rowing Women's Coxed Fours,Rowing|Rowing|Rowing Women's Coxed Fours,REVIEW_EVENT,Semantic event key retained; no claim of row-by-row official extraction.,IOC Olympic results/programmes
2425,101,Weightlifting,Weightlifting,"Weightlifting Men's Unlimited, One Hand","Weightlifting|Weightlifting|Weightlifting Men's Unlimited, One Hand",REVIEW_EVENT,Semantic event key retained; no claim of row-by-row official extraction.,IOC Olympic results/programmes
2426,26,Canoeing,Canoe Sprint,"Canoeing Men's Canadian Singles, 500 metres","Canoeing|Canoe Sprint|Canoeing Men's Canadian Singles, 500 metres",REVIEW_EVENT,Semantic event key retained; no claim of row-by-row official extraction.,IOC Olympic results/programmes
2427,41,Fencing,Fencing,"Fencing Men's Foil, Masters, Individual","Fencing|Fencing|Fencing Men's Foil, Masters, Individual",REVIEW_EVENT,Semantic event key retained; no claim of row-by-row official extraction.,IOC Olympic results/programmes
2428,41,Fencing,Fencing,"Fencing Men's epee, Masters, Individual","Fencing|Fencing|Fencing Men's epee, Masters, Individual",REVIEW_EVENT,Semantic event key retained; no claim of row-by-row official extraction.,IOC Olympic results/programmes
2429,45,Gymnastics,Artistic Gymnastics,"Gymnastics Men's Individual All-Around, Field Sports","Gymnastics|Artistic Gymnastics|Gymnastics Men's Individual All-Around, Field Sports",REVIEW_EVENT,Semantic event key retained; no claim of row-by-row official extraction.,IOC Olympic results/programmes
2430,45,Gymnastics,Artistic Gymnastics,"Gymnastics Men's Individual All-Around, Apparatus Work","Gymnastics|Artistic Gymnastics|Gymnastics Men's Individual All-Around, Apparatus Work",REVIEW_EVENT,Semantic event key retained; no claim of row-by-row official extraction.,IOC Olympic results/programmes
2431,9,Art Competitions,Art Competitions,"Art Competitions Mixed Music, Compositions For Solo Or Chorus","Art Competitions|Art Competitions|Art Competitions Mixed Music, Compositions For Solo Or Chorus",REVIEW_EVENT,Semantic event key retained; no claim of row-by-row official extraction.,IOC Olympic results/programmes
2432,41,Fencing,Fencing,"Fencing Women's epee, Team","Fencing|Fencing|Fencing Women's epee, Team",REVIEW_EVENT,Semantic event key retained; no claim of row-by-row official extraction.,IOC Olympic results/programmes
2433,6,Aquatics,Swimming,"Swimming Men's 4,000 metres Freestyle","Aquatics|Swimming|Swimming Men's 4,000 metres Freestyle",REVIEW_EVENT,Semantic event key retained; no claim of row-by-row official extraction.,IOC Olympic results/programmes
2434,6,Aquatics,Swimming,Swimming Men's Underwater Swimming,Aquatics|Swimming|Swimming Men's Underwater Swimming,REVIEW_EVENT,Semantic event key retained; no claim of row-by-row official extraction.,IOC Olympic results/programmes
2435,77,Sailing,Sailing,Sailing Mixed Skiff,Sailing|Sailing|Sailing Mixed Skiff,REVIEW_EVENT,Semantic event key retained; no claim of row-by-row official extraction.,IOC Olympic results/programmes
2440,6,Aquatics,Swimming,Swimming Women's 10 kilometres Open Water,Aquatics|Swimming|Swimming Women's 10 kilometres Open Water,REVIEW_EVENT,Semantic event key retained; no claim of row-by-row official extraction.,IOC Olympic results/programmes
2441,90,Skiing,Snowboard,Snowboarding Women's Slopestyle,Skiing|Snowboard|Snowboarding Women's Slopestyle,REVIEW_EVENT,Semantic event key retained; no claim of row-by-row official extraction.,IOC Olympic results/programmes
2442,90,Skiing,Snowboard,Snowboarding Men's Giant Slalom,Skiing|Snowboard|Snowboarding Men's Giant Slalom,REVIEW_EVENT,Semantic event key retained; no claim of row-by-row official extraction.,IOC Olympic results/programmes
2443,90,Skiing,Snowboard,Snowboarding Men's Parallel Giant Slalom,Skiing|Snowboard|Snowboarding Men's Parallel Giant Slalom,REVIEW_EVENT,Semantic event key retained; no claim of row-by-row official extraction.,IOC Olympic results/programmes
2444,90,Skiing,Snowboard,Snowboarding Men's Boardercross,Skiing|Snowboard|Snowboarding Men's Boardercross,REVIEW_EVENT,Semantic event key retained; no claim of row-by-row official extraction.,IOC Olympic results/programmes
2445,90,Skiing,Snowboard,Snowboarding Men's Parallel Slalom,Skiing|Snowboard|Snowboarding Men's Parallel Slalom,REVIEW_EVENT,Semantic event key retained; no claim of row-by-row official extraction.,IOC Olympic results/programmes
2446,34,Cycling,Cycling Track,"Cycling Men's Team Pursuit, 1,980 yards","Cycling|Cycling Track|Cycling Men's Team Pursuit, 1,980 yards",REVIEW_EVENT,Semantic event key retained; no claim of row-by-row official extraction.,IOC Olympic results/programmes
2447,34,Cycling,Cycling Track,"Cycling Men's 5,000 metres","Cycling|Cycling Track|Cycling Men's 5,000 metres",REVIEW_EVENT,Semantic event key retained; no claim of row-by-row official extraction.,IOC Olympic results/programmes
2448,34,Cycling,Cycling Track,Cycling Men's 100 kilometres,Cycling|Cycling Track|Cycling Men's 100 kilometres,REVIEW_EVENT,Semantic event key retained; no claim of row-by-row official extraction.,IOC Olympic results/programmes
2450,26,Canoeing,Canoe Sprint,"Canoeing Men's Canadian Singles, 10,000 metres","Canoeing|Canoe Sprint|Canoeing Men's Canadian Singles, 10,000 metres",REVIEW_EVENT,Semantic event key retained; no claim of row-by-row official extraction.,IOC Olympic results/programmes
2451,85,Skiing,Cross Country Skiing,Cross Country Skiing Women's Team Sprint,Skiing|Cross Country Skiing|Cross Country Skiing Women's Team Sprint,REVIEW_EVENT,Semantic event key retained; no claim of row-by-row official extraction.,IOC Olympic results/programmes
2452,22,Boxing,Boxing,Boxing Women's Middleweight,Boxing|Boxing|Boxing Women's Middleweight,REVIEW_EVENT,Semantic event key retained; no claim of row-by-row official extraction.,IOC Olympic results/programmes
2453,77,Sailing,Sailing,Sailing Men's Skiff,Sailing|Sailing|Sailing Men's Skiff,REVIEW_EVENT,Semantic event key retained; no claim of row-by-row official extraction.,IOC Olympic results/programmes
2454,10,Athletics,Athletics,Athletics Men's Pentathlon,Athletics|Athletics|Athletics Men's Pentathlon,REVIEW_EVENT,Semantic event key retained; no claim of row-by-row official extraction.,IOC Olympic results/programmes
2455,6,Aquatics,Swimming,"Swimming Men's 1,200 metres Freestyle","Aquatics|Swimming|Swimming Men's 1,200 metres Freestyle",REVIEW_EVENT,Semantic event key retained; no claim of row-by-row official extraction.,IOC Olympic results/programmes
2456,79,Shooting,Shooting,Shooting Women's Skeet,Shooting|Shooting|Shooting Women's Skeet,REVIEW_EVENT,Semantic event key retained; no claim of row-by-row official extraction.,IOC Olympic results/programmes
2457,19,Biathlon,Biathlon,Biathlon Men's 15 kilometres Mass Start,Biathlon|Biathlon|Biathlon Men's 15 kilometres Mass Start,REVIEW_EVENT,Semantic event key retained; no claim of row-by-row official extraction.,IOC Olympic results/programmes
2458,85,Skiing,Cross Country Skiing,Cross Country Skiing Men's 30 km Skiathlon,Skiing|Cross Country Skiing|Cross Country Skiing Men's 30 km Skiathlon,REVIEW_EVENT,Semantic event key retained; no claim of row-by-row official extraction.,IOC Olympic results/programmes
2459,34,Cycling,Cycling Track,Cycling Men's 1/4 mile,Cycling|Cycling Track|Cycling Men's 1/4 mile,REVIEW_EVENT,Semantic event key retained; no claim of row-by-row official extraction.,IOC Olympic results/programmes
2460,34,Cycling,Cycling Track,Cycling Men's 1/2 mile,Cycling|Cycling Track|Cycling Men's 1/2 mile,REVIEW_EVENT,Semantic event key retained; no claim of row-by-row official extraction.,IOC Olympic results/programmes
2461,34,Cycling,Cycling Track,Cycling Men's 5 mile,Cycling|Cycling Track|Cycling Men's 5 mile,REVIEW_EVENT,Semantic event key retained; no claim of row-by-row official extraction.,IOC Olympic results/programmes
2462,34,Cycling,Cycling Track,Cycling Men's 25 mile,Cycling|Cycling Track|Cycling Men's 25 mile,REVIEW_EVENT,Semantic event key retained; no claim of row-by-row official extraction.,IOC Olympic results/programmes
2464,79,Shooting,Shooting,"Shooting Men's Small Bore-Rifle, Standing, 50 metres, Team","Shooting|Shooting|Shooting Men's Small Bore-Rifle, Standing, 50 metres, Team",REVIEW_EVENT,Semantic event key retained; no claim of row-by-row official extraction.,IOC Olympic results/programmes
2465,82,Skating,Speed Skating,Speed Skating Men's Team Pursuit (8 laps),Skating|Speed Skating|Speed Skating Men's Team Pursuit (8 laps),REVIEW_EVENT,Semantic event key retained; no claim of row-by-row official extraction.,IOC Olympic results/programmes
2466,79,Shooting,Shooting,"Shooting Men's Free Rifle, 1,000 Yards","Shooting|Shooting|Shooting Men's Free Rifle, 1,000 Yards",REVIEW_EVENT,Semantic event key retained; no claim of row-by-row official extraction.,IOC Olympic results/programmes
2467,34,Cycling,Cycling Track,Cycling Women's Team Pursuit,Cycling|Cycling Track|Cycling Women's Team Pursuit,REVIEW_EVENT,Semantic event key retained; no claim of row-by-row official extraction.,IOC Olympic results/programmes
2468,82,Skating,Speed Skating,"Speed Skating Women's 5,000 metres","Skating|Speed Skating|Speed Skating Women's 5,000 metres",REVIEW_EVENT,Semantic event key retained; no claim of row-by-row official extraction.,IOC Olympic results/programmes
2469,10,Athletics,Athletics,"Athletics Men's 3,000 metres Walk","Athletics|Athletics|Athletics Men's 3,000 metres Walk",REVIEW_EVENT,Semantic event key retained; no claim of row-by-row official extraction.,IOC Olympic results/programmes
2470,90,Skiing,Snowboard,Snowboarding Women's Boardercross,Skiing|Snowboard|Snowboarding Women's Boardercross,REVIEW_EVENT,Semantic event key retained; no claim of row-by-row official extraction.,IOC Olympic results/programmes
2471,79,Shooting,Shooting,"Shooting Mixed Running Target, 50 metres","Shooting|Shooting|Shooting Mixed Running Target, 50 metres",REVIEW_EVENT,Semantic event key retained; no claim of row-by-row official extraction.,IOC Olympic results/programmes
2472,59,Luge,Luge,Luge Mixed Team Relay,Luge|Luge|Luge Mixed Team Relay,REVIEW_EVENT,Semantic event key retained; no claim of row-by-row official extraction.,IOC Olympic results/programmes
2473,33,Cycling,Cycling Road,Cycling Women's Individual Time Trial,Cycling|Cycling Road|Cycling Women's Individual Time Trial,REVIEW_EVENT,Semantic event key retained; no claim of row-by-row official extraction.,IOC Olympic results/programmes
2474,41,Fencing,Fencing,"Fencing Women's Sabre, Individual","Fencing|Fencing|Fencing Women's Sabre, Individual",REVIEW_EVENT,Semantic event key retained; no claim of row-by-row official extraction.,IOC Olympic results/programmes
2475,41,Fencing,Fencing,"Fencing Men's Sabre, Individual, Three Hits","Fencing|Fencing|Fencing Men's Sabre, Individual, Three Hits",REVIEW_EVENT,Semantic event key retained; no claim of row-by-row official extraction.,IOC Olympic results/programmes
2476,8,Archery,Archery,Archery Women's Double National Round,Archery|Archery|Archery Women's Double National Round,REVIEW_EVENT,Semantic event key retained; no claim of row-by-row official extraction.,IOC Olympic results/programmes
2477,34,Cycling,Cycling Track,Cycling Men's Omnium,Cycling|Cycling Track|Cycling Men's Omnium,REVIEW_EVENT,Semantic event key retained; no claim of row-by-row official extraction.,IOC Olympic results/programmes
2478,39,Equestrian,Equestrian Jumping,Equestrianism Mixed Hacks And Hunter Combined,Equestrian|Equestrian Jumping|Equestrianism Mixed Hacks And Hunter Combined,REVIEW_EVENT,Semantic event key retained; no claim of row-by-row official extraction.,IOC Olympic results/programmes
2479,77,Sailing,Sailing,Sailing Mixed 10 metres,Sailing|Sailing|Sailing Mixed 10 metres,REVIEW_EVENT,Semantic event key retained; no claim of row-by-row official extraction.,IOC Olympic results/programmes
2480,79,Shooting,Shooting,"Shooting Men's Trap, Team","Shooting|Shooting|Shooting Men's Trap, Team",REVIEW_EVENT,Semantic event key retained; no claim of row-by-row official extraction.,IOC Olympic results/programmes
2481,34,Cycling,Cycling Track,"Cycling Women's Individual Pursuit, 3,000 metres","Cycling|Cycling Track|Cycling Women's Individual Pursuit, 3,000 metres",REVIEW_EVENT,Semantic event key retained; no claim of row-by-row official extraction.,IOC Olympic results/programmes
2482,34,Cycling,Cycling Track,Cycling Women's Points Race,Cycling|Cycling Track|Cycling Women's Points Race,REVIEW_EVENT,Semantic event key retained; no claim of row-by-row official extraction.,IOC Olympic results/programmes
2483,77,Sailing,Sailing,Sailing Men's Two Person Keelboat,Sailing|Sailing|Sailing Men's Two Person Keelboat,REVIEW_EVENT,Semantic event key retained; no claim of row-by-row official extraction.,IOC Olympic results/programmes
2484,34,Cycling,Cycling Track,Cycling Men's Keirin,Cycling|Cycling Track|Cycling Men's Keirin,REVIEW_EVENT,Semantic event key retained; no claim of row-by-row official extraction.,IOC Olympic results/programmes
2485,34,Cycling,Cycling Track,Cycling Men's Team Sprint,Cycling|Cycling Track|Cycling Men's Team Sprint,REVIEW_EVENT,Semantic event key retained; no claim of row-by-row official extraction.,IOC Olympic results/programmes
2486,10,Athletics,Athletics,Athletics Men's 5 mile,Athletics|Athletics|Athletics Men's 5 mile,REVIEW_EVENT,Semantic event key retained; no claim of row-by-row official extraction.,IOC Olympic results/programmes
2487,79,Shooting,Shooting,"Shooting Men's Running Target, Single Shot, Team","Shooting|Shooting|Shooting Men's Running Target, Single Shot, Team",REVIEW_EVENT,Semantic event key retained; no claim of row-by-row official extraction.,IOC Olympic results/programmes
2488,20,Bobsleigh,Bobsleigh,Bobsleigh Women's Two,Bobsleigh|Bobsleigh|Bobsleigh Women's Two,REVIEW_EVENT,Semantic event key retained; no claim of row-by-row official extraction.,IOC Olympic results/programmes
2489,70,Racquets,Racquets,Racquets Men's Singles,Racquets|Racquets|Racquets Men's Singles,REVIEW_EVENT,Semantic event key retained; no claim of row-by-row official extraction.,IOC Olympic results/programmes
2490,70,Racquets,Racquets,Racquets Men's Doubles,Racquets|Racquets|Racquets Men's Doubles,REVIEW_EVENT,Semantic event key retained; no claim of row-by-row official extraction.,IOC Olympic results/programmes
2491,9,Art Competitions,Art Competitions,"Art Competitions Mixed Literature, Lyric Works","Art Competitions|Art Competitions|Art Competitions Mixed Literature, Lyric Works",REVIEW_EVENT,Semantic event key retained; no claim of row-by-row official extraction.,IOC Olympic results/programmes
2492,61,Motorboating,Motorboating,Motorboating Mixed A-Class (Open),Motorboating|Motorboating|Motorboating Mixed A-Class (Open),REVIEW_EVENT,Semantic event key retained; no claim of row-by-row official extraction.,IOC Olympic results/programmes
2493,8,Archery,Archery,Archery Men's Continental Style,Archery|Archery|Archery Men's Continental Style,REVIEW_EVENT,Semantic event key retained; no claim of row-by-row official extraction.,IOC Olympic results/programmes
2494,87,Skiing,Military Ski Patrol,Military Ski Patrol Men's Military Ski Patrol,Skiing|Military Ski Patrol|Military Ski Patrol Men's Military Ski Patrol,REVIEW_EVENT,Semantic event key retained; no claim of row-by-row official extraction.,IOC Olympic results/programmes
2495,9,Art Competitions,Art Competitions,"Art Competitions Mixed Painting, Graphic Arts","Art Competitions|Art Competitions|Art Competitions Mixed Painting, Graphic Arts",REVIEW_EVENT,Semantic event key retained; no claim of row-by-row official extraction.,IOC Olympic results/programmes
2496,103,Wrestling,Wrestling Freestyle,"Wrestling Women's Flyweight, Freestyle","Wrestling|Wrestling Freestyle|Wrestling Women's Flyweight, Freestyle",REVIEW_EVENT,Semantic event key retained; no claim of row-by-row official extraction.,IOC Olympic results/programmes
2497,9,Art Competitions,Art Competitions,"Art Competitions Mixed Literature, Unknown Event","Art Competitions|Art Competitions|Art Competitions Mixed Literature, Unknown Event",REVIEW_EVENT,Semantic event key retained; no claim of row-by-row official extraction.,IOC Olympic results/programmes
2498,77,Sailing,Sailing,Sailing Mixed 0.5-1 Ton,Sailing|Sailing|Sailing Mixed 0.5-1 Ton,REVIEW_EVENT,Semantic event key retained; no claim of row-by-row official extraction.,IOC Olympic results/programmes
2499,9,Art Competitions,Art Competitions,"Art Competitions Mixed Painting, Applied Arts","Art Competitions|Art Competitions|Art Competitions Mixed Painting, Applied Arts",REVIEW_EVENT,Semantic event key retained; no claim of row-by-row official extraction.,IOC Olympic results/programmes
2500,28,Croquet,Croquet,"Croquet Mixed Singles, One Ball","Croquet|Croquet|Croquet Mixed Singles, One Ball",REVIEW_EVENT,Semantic event key retained; no claim of row-by-row official extraction.,IOC Olympic results/programmes
2501,28,Croquet,Croquet,Croquet Mixed Doubles,Croquet|Croquet|Croquet Mixed Doubles,REVIEW_EVENT,Semantic event key retained; no claim of row-by-row official extraction.,IOC Olympic results/programmes
2502,79,Shooting,Shooting,"Shooting Men's Running Target, Double Shot, Team","Shooting|Shooting|Shooting Men's Running Target, Double Shot, Team",REVIEW_EVENT,Semantic event key retained; no claim of row-by-row official extraction.,IOC Olympic results/programmes
2503,79,Shooting,Shooting,"Shooting Men's Free Pistol, 50 yards","Shooting|Shooting|Shooting Men's Free Pistol, 50 yards",REVIEW_EVENT,Semantic event key retained; no claim of row-by-row official extraction.,IOC Olympic results/programmes
2504,79,Shooting,Shooting,"Shooting Men's Free Pistol, 50 yards, Team","Shooting|Shooting|Shooting Men's Free Pistol, 50 yards, Team",REVIEW_EVENT,Semantic event key retained; no claim of row-by-row official extraction.,IOC Olympic results/programmes
2506,6,Aquatics,Swimming,Swimming Men's 10 kilometres Open Water,Aquatics|Swimming|Swimming Men's 10 kilometres Open Water,REVIEW_EVENT,Semantic event key retained; no claim of row-by-row official extraction.,IOC Olympic results/programmes
2507,9,Art Competitions,Art Competitions,"Art Competitions Mixed Music, Compositions For Orchestra","Art Competitions|Art Competitions|Art Competitions Mixed Music, Compositions For Orchestra",REVIEW_EVENT,Semantic event key retained; no claim of row-by-row official extraction.,IOC Olympic results/programmes
2508,8,Archery,Archery,Archery Men's Double York Round,Archery|Archery|Archery Men's Double York Round,REVIEW_EVENT,Semantic event key retained; no claim of row-by-row official extraction.,IOC Olympic results/programmes
2509,103,Wrestling,Wrestling Freestyle,"Wrestling Women's Middleweight, Freestyle","Wrestling|Wrestling Freestyle|Wrestling Women's Middleweight, Freestyle",REVIEW_EVENT,Semantic event key retained; no claim of row-by-row official extraction.,IOC Olympic results/programmes
2510,40,Equestrian,Equestrian Vaulting,"Equestrianism Men's Vaulting, Individual","Equestrian|Equestrian Vaulting|Equestrianism Men's Vaulting, Individual",REVIEW_EVENT,Semantic event key retained; no claim of row-by-row official extraction.,IOC Olympic results/programmes
2511,6,Aquatics,Swimming,Swimming Men's 4 x 250 metres Freestyle Relay,Aquatics|Swimming|Swimming Men's 4 x 250 metres Freestyle Relay,REVIEW_EVENT,Semantic event key retained; no claim of row-by-row official extraction.,IOC Olympic results/programmes
2512,86,Skiing,Freestyle Skiing,Freestyle Skiing Women's Slopestyle,Skiing|Freestyle Skiing|Freestyle Skiing Women's Slopestyle,REVIEW_EVENT,Semantic event key retained; no claim of row-by-row official extraction.,IOC Olympic results/programmes
2513,94,Table Tennis,Table Tennis,Table Tennis Women's Team,Table Tennis|Table Tennis|Table Tennis Women's Team,REVIEW_EVENT,Semantic event key retained; no claim of row-by-row official extraction.,IOC Olympic results/programmes
2514,10,Athletics,Athletics,Athletics Women's Hammer Throw,Athletics|Athletics|Athletics Women's Hammer Throw,REVIEW_EVENT,Semantic event key retained; no claim of row-by-row official extraction.,IOC Olympic results/programmes
2515,26,Canoeing,Canoe Sprint,"Canoeing Men's Kayak Singles, 200 metres","Canoeing|Canoe Sprint|Canoeing Men's Kayak Singles, 200 metres",REVIEW_EVENT,Semantic event key retained; no claim of row-by-row official extraction.,IOC Olympic results/programmes
2516,81,Skating,Short Track Speed Skating,Short Track Speed Skating Women's 500 metres,Skating|Short Track Speed Skating|Short Track Speed Skating Women's 500 metres,REVIEW_EVENT,Semantic event key retained; no claim of row-by-row official extraction.,IOC Olympic results/programmes
2517,79,Shooting,Shooting,Shooting Women's Double Trap,Shooting|Shooting|Shooting Women's Double Trap,REVIEW_EVENT,Semantic event key retained; no claim of row-by-row official extraction.,IOC Olympic results/programmes
2518,74,Rowing,Rowing,Rowing Men's 6-Man Naval Rowing Boats,Rowing|Rowing|Rowing Men's 6-Man Naval Rowing Boats,REVIEW_EVENT,Semantic event key retained; no claim of row-by-row official extraction.,IOC Olympic results/programmes
2519,9,Art Competitions,Art Competitions,Art Competitions Mixed Music,Art Competitions|Art Competitions|Art Competitions Mixed Music,REVIEW_EVENT,Semantic event key retained; no claim of row-by-row official extraction.,IOC Olympic results/programmes
2520,79,Shooting,Shooting,"Shooting Men's Free Rifle, Kneeling, 300 metres","Shooting|Shooting|Shooting Men's Free Rifle, Kneeling, 300 metres",REVIEW_EVENT,Semantic event key retained; no claim of row-by-row official extraction.,IOC Olympic results/programmes
2521,79,Shooting,Shooting,"Shooting Men's Free Rifle, Prone, 300 metres","Shooting|Shooting|Shooting Men's Free Rifle, Prone, 300 metres",REVIEW_EVENT,Semantic event key retained; no claim of row-by-row official extraction.,IOC Olympic results/programmes
2522,79,Shooting,Shooting,"Shooting Men's Free Rifle, Standing, 300 metres","Shooting|Shooting|Shooting Men's Free Rifle, Standing, 300 metres",REVIEW_EVENT,Semantic event key retained; no claim of row-by-row official extraction.,IOC Olympic results/programmes
2523,81,Skating,Short Track Speed Skating,"Short Track Speed Skating Women's 1,000 metres","Skating|Short Track Speed Skating|Short Track Speed Skating Women's 1,000 metres",REVIEW_EVENT,Semantic event key retained; no claim of row-by-row official extraction.,IOC Olympic results/programmes
2524,10,Athletics,Athletics,"Athletics Men's 3,200 metres Steeplechase","Athletics|Athletics|Athletics Men's 3,200 metres Steeplechase",REVIEW_EVENT,Semantic event key retained; no claim of row-by-row official extraction.,IOC Olympic results/programmes
2525,74,Rowing,Rowing,Rowing Women's Coxless Fours,Rowing|Rowing|Rowing Women's Coxless Fours,REVIEW_EVENT,Semantic event key retained; no claim of row-by-row official extraction.,IOC Olympic results/programmes
2526,86,Skiing,Freestyle Skiing,Freestyle Skiing Women's Ski Cross,Skiing|Freestyle Skiing|Freestyle Skiing Women's Ski Cross,REVIEW_EVENT,Semantic event key retained; no claim of row-by-row official extraction.,IOC Olympic results/programmes
2527,86,Skiing,Freestyle Skiing,Freestyle Skiing Men's Ski Cross,Skiing|Freestyle Skiing|Freestyle Skiing Men's Ski Cross,REVIEW_EVENT,Semantic event key retained; no claim of row-by-row official extraction.,IOC Olympic results/programmes
2528,96,Tennis,Tennis,"Tennis Men's Doubles, Covered Courts","Tennis|Tennis|Tennis Men's Doubles, Covered Courts",REVIEW_EVENT,Semantic event key retained; no claim of row-by-row official extraction.,IOC Olympic results/programmes
2529,96,Tennis,Tennis,"Tennis Men's Singles, Covered Courts","Tennis|Tennis|Tennis Men's Singles, Covered Courts",REVIEW_EVENT,Semantic event key retained; no claim of row-by-row official extraction.,IOC Olympic results/programmes
2530,34,Cycling,Cycling Track,Cycling Men's 25 kilometres,Cycling|Cycling Track|Cycling Men's 25 kilometres,REVIEW_EVENT,Semantic event key retained; no claim of row-by-row official extraction.,IOC Olympic results/programmes
2531,88,Skiing,Nordic Combined,"Nordic Combined Men's Normal Hill / 10 km, Individual","Skiing|Nordic Combined|Nordic Combined Men's Normal Hill / 10 km, Individual",REVIEW_EVENT,Semantic event key retained; no claim of row-by-row official extraction.,IOC Olympic results/programmes
2532,88,Skiing,Nordic Combined,"Nordic Combined Men's Large Hill / 10 km, Individual","Skiing|Nordic Combined|Nordic Combined Men's Large Hill / 10 km, Individual",REVIEW_EVENT,Semantic event key retained; no claim of row-by-row official extraction.,IOC Olympic results/programmes
2533,79,Shooting,Shooting,"Shooting Men's Military Rifle, 200 metres","Shooting|Shooting|Shooting Men's Military Rifle, 200 metres",REVIEW_EVENT,Semantic event key retained; no claim of row-by-row official extraction.,IOC Olympic results/programmes
2534,81,Skating,Short Track Speed Skating,"Short Track Speed Skating Women's 1,500 metres","Skating|Short Track Speed Skating|Short Track Speed Skating Women's 1,500 metres",REVIEW_EVENT,Semantic event key retained; no claim of row-by-row official extraction.,IOC Olympic results/programmes
2535,10,Athletics,Athletics,Athletics Men's Standing Triple Jump,Athletics|Athletics|Athletics Men's Standing Triple Jump,REVIEW_EVENT,Semantic event key retained; no claim of row-by-row official extraction.,IOC Olympic results/programmes
2536,74,Rowing,Rowing,Rowing Men's Coxed Pairs (1 kilometres),Rowing|Rowing|Rowing Men's Coxed Pairs (1 kilometres),REVIEW_EVENT,Semantic event key retained; no claim of row-by-row official extraction.,IOC Olympic results/programmes
2537,79,Shooting,Shooting,"Shooting Men's Military Pistol, 30 metres","Shooting|Shooting|Shooting Men's Military Pistol, 30 metres",REVIEW_EVENT,Semantic event key retained; no claim of row-by-row official extraction.,IOC Olympic results/programmes
2538,34,Cycling,Cycling Track,Cycling Women's Keirin,Cycling|Cycling Track|Cycling Women's Keirin,REVIEW_EVENT,Semantic event key retained; no claim of row-by-row official extraction.,IOC Olympic results/programmes
2539,8,Archery,Archery,"Archery Men's Au Cordon Dore, 50 metres","Archery|Archery|Archery Men's Au Cordon Dore, 50 metres",REVIEW_EVENT,Semantic event key retained; no claim of row-by-row official extraction.,IOC Olympic results/programmes
2540,6,Aquatics,Swimming,Swimming Women's 300 metres Freestyle,Aquatics|Swimming|Swimming Women's 300 metres Freestyle,REVIEW_EVENT,Semantic event key retained; no claim of row-by-row official extraction.,IOC Olympic results/programmes
2541,90,Skiing,Snowboard,Snowboarding Women's Giant Slalom,Skiing|Snowboard|Snowboarding Women's Giant Slalom,REVIEW_EVENT,Semantic event key retained; no claim of row-by-row official extraction.,IOC Olympic results/programmes
2542,26,Canoeing,Canoe Sprint,"Canoeing Men's Canadian Singles, 200 metres","Canoeing|Canoe Sprint|Canoeing Men's Canadian Singles, 200 metres",REVIEW_EVENT,Semantic event key retained; no claim of row-by-row official extraction.,IOC Olympic results/programmes
2543,77,Sailing,Sailing,Sailing Mixed 30 metres,Sailing|Sailing|Sailing Mixed 30 metres,REVIEW_EVENT,Semantic event key retained; no claim of row-by-row official extraction.,IOC Olympic results/programmes
2544,10,Athletics,Athletics,"Athletics Men's 4,000 metres Steeplechase","Athletics|Athletics|Athletics Men's 4,000 metres Steeplechase",REVIEW_EVENT,Semantic event key retained; no claim of row-by-row official extraction.,IOC Olympic results/programmes
2545,10,Athletics,Athletics,"Athletics Men's 5,000 metres, Team","Athletics|Athletics|Athletics Men's 5,000 metres, Team",REVIEW_EVENT,Semantic event key retained; no claim of row-by-row official extraction.,IOC Olympic results/programmes
2546,90,Skiing,Snowboard,Snowboarding Men's Slopestyle,Skiing|Snowboard|Snowboarding Men's Slopestyle,REVIEW_EVENT,Semantic event key retained; no claim of row-by-row official extraction.,IOC Olympic results/programmes
2547,74,Rowing,Rowing,Rowing Men's Coxed Pairs (1 mile),Rowing|Rowing|Rowing Men's Coxed Pairs (1 mile),REVIEW_EVENT,Semantic event key retained; no claim of row-by-row official extraction.,IOC Olympic results/programmes
2548,9,Art Competitions,Art Competitions,Art Competitions Mixed Unknown Event,Art Competitions|Art Competitions|Art Competitions Mixed Unknown Event,REVIEW_EVENT,Semantic event key retained; no claim of row-by-row official extraction.,IOC Olympic results/programmes
2549,34,Cycling,Cycling Track,Cycling Women's Omnium,Cycling|Cycling Track|Cycling Women's Omnium,REVIEW_EVENT,Semantic event key retained; no claim of row-by-row official extraction.,IOC Olympic results/programmes
2550,86,Skiing,Freestyle Skiing,Freestyle Skiing Men's Halfpipe,Skiing|Freestyle Skiing|Freestyle Skiing Men's Halfpipe,REVIEW_EVENT,Semantic event key retained; no claim of row-by-row official extraction.,IOC Olympic results/programmes
2551,6,Aquatics,Swimming,Swimming Men's 200 metres Obstacle Course,Aquatics|Swimming|Swimming Men's 200 metres Obstacle Course,REVIEW_EVENT,Semantic event key retained; no claim of row-by-row official extraction.,IOC Olympic results/programmes
2552,6,Aquatics,Swimming,Swimming Men's 200 metres Team Swimming,Aquatics|Swimming|Swimming Men's 200 metres Team Swimming,REVIEW_EVENT,Semantic event key retained; no claim of row-by-row official extraction.,IOC Olympic results/programmes
2553,77,Sailing,Sailing,Sailing Mixed 12 foot,Sailing|Sailing|Sailing Mixed 12 foot,REVIEW_EVENT,Semantic event key retained; no claim of row-by-row official extraction.,IOC Olympic results/programmes
2554,9,Art Competitions,Art Competitions,"Art Competitions Mixed Music, Instrumental And Chamber","Art Competitions|Art Competitions|Art Competitions Mixed Music, Instrumental And Chamber",REVIEW_EVENT,Semantic event key retained; no claim of row-by-row official extraction.,IOC Olympic results/programmes
2555,9,Art Competitions,Art Competitions,"Art Competitions Mixed Music, Vocals","Art Competitions|Art Competitions|Art Competitions Mixed Music, Vocals",REVIEW_EVENT,Semantic event key retained; no claim of row-by-row official extraction.,IOC Olympic results/programmes
2556,9,Art Competitions,Art Competitions,"Art Competitions Mixed Literature, Dramatic Works","Art Competitions|Art Competitions|Art Competitions Mixed Literature, Dramatic Works",REVIEW_EVENT,Semantic event key retained; no claim of row-by-row official extraction.,IOC Olympic results/programmes
2557,55,Jeu de Paume,Jeu de Paume,Jeu De Paume Men's Singles,Jeu de Paume|Jeu de Paume|Jeu De Paume Men's Singles,REVIEW_EVENT,Semantic event key retained; no claim of row-by-row official extraction.,IOC Olympic results/programmes
2558,77,Sailing,Sailing,Sailing Mixed 10-20 Ton,Sailing|Sailing|Sailing Mixed 10-20 Ton,REVIEW_EVENT,Semantic event key retained; no claim of row-by-row official extraction.,IOC Olympic results/programmes
2559,34,Cycling,Cycling Track,Cycling Men's 1/3 mile,Cycling|Cycling Track|Cycling Men's 1/3 mile,REVIEW_EVENT,Semantic event key retained; no claim of row-by-row official extraction.,IOC Olympic results/programmes
2560,34,Cycling,Cycling Track,Cycling Men's 1 mile,Cycling|Cycling Track|Cycling Men's 1 mile,REVIEW_EVENT,Semantic event key retained; no claim of row-by-row official extraction.,IOC Olympic results/programmes
2561,34,Cycling,Cycling Track,Cycling Men's 2 mile,Cycling|Cycling Track|Cycling Men's 2 mile,REVIEW_EVENT,Semantic event key retained; no claim of row-by-row official extraction.,IOC Olympic results/programmes
2562,9,Art Competitions,Art Competitions,"Art Competitions Mixed Sculpturing, Medals And Plaques","Art Competitions|Art Competitions|Art Competitions Mixed Sculpturing, Medals And Plaques",REVIEW_EVENT,Semantic event key retained; no claim of row-by-row official extraction.,IOC Olympic results/programmes
2563,10,Athletics,Athletics,"Athletics Men's 1,600 metres Medley Relay","Athletics|Athletics|Athletics Men's 1,600 metres Medley Relay",REVIEW_EVENT,Semantic event key retained; no claim of row-by-row official extraction.,IOC Olympic results/programmes
2564,28,Croquet,Croquet,"Croquet Mixed Singles, Two Balls","Croquet|Croquet|Croquet Mixed Singles, Two Balls",REVIEW_EVENT,Semantic event key retained; no claim of row-by-row official extraction.,IOC Olympic results/programmes
2565,26,Canoeing,Canoe Sprint,"Canoeing Men's Folding Kayak Doubles, 10 kilometres","Canoeing|Canoe Sprint|Canoeing Men's Folding Kayak Doubles, 10 kilometres",REVIEW_EVENT,Semantic event key retained; no claim of row-by-row official extraction.,IOC Olympic results/programmes
2566,10,Athletics,Athletics,Athletics Men's 60 metres,Athletics|Athletics|Athletics Men's 60 metres,REVIEW_EVENT,Semantic event key retained; no claim of row-by-row official extraction.,IOC Olympic results/programmes
2567,90,Skiing,Snowboard,Snowboarding Women's Parallel Giant Slalom,Skiing|Snowboard|Snowboarding Women's Parallel Giant Slalom,REVIEW_EVENT,Semantic event key retained; no claim of row-by-row official extraction.,IOC Olympic results/programmes
2568,77,Sailing,Sailing,Sailing Mixed 2-3 Ton,Sailing|Sailing|Sailing Mixed 2-3 Ton,REVIEW_EVENT,Semantic event key retained; no claim of row-by-row official extraction.,IOC Olympic results/programmes
2569,82,Skating,Speed Skating,Speed Skating Men's Allround,Skating|Speed Skating|Speed Skating Men's Allround,REVIEW_EVENT,Semantic event key retained; no claim of row-by-row official extraction.,IOC Olympic results/programmes
2570,79,Shooting,Shooting,"Shooting Men's Military Rifle, Prone, 600 metres","Shooting|Shooting|Shooting Men's Military Rifle, Prone, 600 metres",REVIEW_EVENT,Semantic event key retained; no claim of row-by-row official extraction.,IOC Olympic results/programmes
2571,26,Canoeing,Canoe Sprint,"Canoeing Men's Canadian Doubles, 10,000 metres","Canoeing|Canoe Sprint|Canoeing Men's Canadian Doubles, 10,000 metres",REVIEW_EVENT,Semantic event key retained; no claim of row-by-row official extraction.,IOC Olympic results/programmes
2572,90,Skiing,Snowboard,Snowboarding Women's Parallel Slalom,Skiing|Snowboard|Snowboarding Women's Parallel Slalom,REVIEW_EVENT,Semantic event key retained; no claim of row-by-row official extraction.,IOC Olympic results/programmes
2573,79,Shooting,Shooting,"Shooting Men's Dueling Pistol, 30 metres, Team","Shooting|Shooting|Shooting Men's Dueling Pistol, 30 metres, Team",REVIEW_EVENT,Semantic event key retained; no claim of row-by-row official extraction.,IOC Olympic results/programmes
2574,45,Gymnastics,Artistic Gymnastics,"Gymnastics Men's Parallel Bars, Teams","Gymnastics|Artistic Gymnastics|Gymnastics Men's Parallel Bars, Teams",REVIEW_EVENT,Semantic event key retained; no claim of row-by-row official extraction.,IOC Olympic results/programmes
2575,45,Gymnastics,Artistic Gymnastics,"Gymnastics Men's Horizontal Bar, Teams","Gymnastics|Artistic Gymnastics|Gymnastics Men's Horizontal Bar, Teams",REVIEW_EVENT,Semantic event key retained; no claim of row-by-row official extraction.,IOC Olympic results/programmes
2577,9,Art Competitions,Art Competitions,"Art Competitions Mixed Sculpturing, Medals And Reliefs","Art Competitions|Art Competitions|Art Competitions Mixed Sculpturing, Medals And Reliefs",REVIEW_EVENT,Semantic event key retained; no claim of row-by-row official extraction.,IOC Olympic results/programmes
2578,10,Athletics,Athletics,"Athletics Men's 1,500 metres Walk","Athletics|Athletics|Athletics Men's 1,500 metres Walk",REVIEW_EVENT,Semantic event key retained; no claim of row-by-row official extraction.,IOC Olympic results/programmes
2579,10,Athletics,Athletics,"Athletics Men's 3 mile, Team","Athletics|Athletics|Athletics Men's 3 mile, Team",REVIEW_EVENT,Semantic event key retained; no claim of row-by-row official extraction.,IOC Olympic results/programmes
2580,9,Art Competitions,Art Competitions,"Art Competitions Mixed Sculpturing, Medals","Art Competitions|Art Competitions|Art Competitions Mixed Sculpturing, Medals",REVIEW_EVENT,Semantic event key retained; no claim of row-by-row official extraction.,IOC Olympic results/programmes
2581,79,Shooting,Shooting,"Shooting Men's Military Rifle, Kneeling Or Standing, 300 metres","Shooting|Shooting|Shooting Men's Military Rifle, Kneeling Or Standing, 300 metres",REVIEW_EVENT,Semantic event key retained; no claim of row-by-row official extraction.,IOC Olympic results/programmes
2582,40,Equestrian,Equestrian Vaulting,"Equestrianism Men's Vaulting, Team","Equestrian|Equestrian Vaulting|Equestrianism Men's Vaulting, Team",REVIEW_EVENT,Semantic event key retained; no claim of row-by-row official extraction.,IOC Olympic results/programmes
2583,79,Shooting,Shooting,"Shooting Men's Free Rifle, Any Position, 300 metres","Shooting|Shooting|Shooting Men's Free Rifle, Any Position, 300 metres",REVIEW_EVENT,Semantic event key retained; no claim of row-by-row official extraction.,IOC Olympic results/programmes
2584,79,Shooting,Shooting,"Shooting Men's Military Rifle, 1873-1874 Gras Model, Kneeling Or Standing, 200 metres","Shooting|Shooting|Shooting Men's Military Rifle, 1873-1874 Gras Model, Kneeling Or Standing, 200 metres",REVIEW_EVENT,Semantic event key retained; no claim of row-by-row official extraction.,IOC Olympic results/programmes
2585,6,Aquatics,Swimming,Swimming Men's 100 Yard Backstroke,Aquatics|Swimming|Swimming Men's 100 Yard Backstroke,REVIEW_EVENT,Semantic event key retained; no claim of row-by-row official extraction.,IOC Olympic results/programmes
2586,6,Aquatics,Swimming,Swimming Men's 440 Yard Breaststroke,Aquatics|Swimming|Swimming Men's 440 Yard Breaststroke,REVIEW_EVENT,Semantic event key retained; no claim of row-by-row official extraction.,IOC Olympic results/programmes
2587,9,Art Competitions,Art Competitions,"Art Competitions Mixed Literature, Epic Works","Art Competitions|Art Competitions|Art Competitions Mixed Literature, Epic Works",REVIEW_EVENT,Semantic event key retained; no claim of row-by-row official extraction.,IOC Olympic results/programmes
2588,9,Art Competitions,Art Competitions,Art Competitions Mixed Architecture,Art Competitions|Art Competitions|Art Competitions Mixed Architecture,REVIEW_EVENT,Semantic event key retained; no claim of row-by-row official extraction.,IOC Olympic results/programmes
2589,10,Athletics,Athletics,"Athletics Men's 3,500 metres Walk","Athletics|Athletics|Athletics Men's 3,500 metres Walk",REVIEW_EVENT,Semantic event key retained; no claim of row-by-row official extraction.,IOC Olympic results/programmes
2590,73,Roque,Roque,Roque Men's Singles,Roque|Roque|Roque Men's Singles,REVIEW_EVENT,Semantic event key retained; no claim of row-by-row official extraction.,IOC Olympic results/programmes
2591,45,Gymnastics,Artistic Gymnastics,Gymnastics Men's Side Horse,Gymnastics|Artistic Gymnastics|Gymnastics Men's Side Horse,REVIEW_EVENT,Semantic event key retained; no claim of row-by-row official extraction.,IOC Olympic results/programmes
2592,62,Mountaineering,Alpinism,Alpinism Mixed Alpinism,Mountaineering|Alpinism|Alpinism Mixed Alpinism,REVIEW_EVENT,Semantic event key retained; no claim of row-by-row official extraction.,IOC Olympic results/programmes
2593,8,Archery,Archery,Archery Men's Double American Round,Archery|Archery|Archery Men's Double American Round,REVIEW_EVENT,Semantic event key retained; no claim of row-by-row official extraction.,IOC Olympic results/programmes
2594,8,Archery,Archery,Archery Men's Team Round,Archery|Archery|Archery Men's Team Round,REVIEW_EVENT,Semantic event key retained; no claim of row-by-row official extraction.,IOC Olympic results/programmes
2597,6,Aquatics,Swimming,"Swimming Men's 1,000 metres Freestyle","Aquatics|Swimming|Swimming Men's 1,000 metres Freestyle",REVIEW_EVENT,Semantic event key retained; no claim of row-by-row official extraction.,IOC Olympic results/programmes
2598,10,Athletics,Athletics,Athletics Men's 10 mile Walk,Athletics|Athletics|Athletics Men's 10 mile Walk,REVIEW_EVENT,Semantic event key retained; no claim of row-by-row official extraction.,IOC Olympic results/programmes
2599,10,Athletics,Athletics,"Athletics Men's Discus Throw, Both Hands","Athletics|Athletics|Athletics Men's Discus Throw, Both Hands",REVIEW_EVENT,Semantic event key retained; no claim of row-by-row official extraction.,IOC Olympic results/programmes
2600,44,Golf,Golf,Golf Men's Team,Golf|Golf|Golf Men's Team,REVIEW_EVENT,Semantic event key retained; no claim of row-by-row official extraction.,IOC Olympic results/programmes
2601,77,Sailing,Sailing,Sailing Mixed 0-0.5 Ton,Sailing|Sailing|Sailing Mixed 0-0.5 Ton,REVIEW_EVENT,Semantic event key retained; no claim of row-by-row official extraction.,IOC Olympic results/programmes
2602,77,Sailing,Sailing,Sailing Mixed 20+ Ton,Sailing|Sailing|Sailing Mixed 20+ Ton,REVIEW_EVENT,Semantic event key retained; no claim of row-by-row official extraction.,IOC Olympic results/programmes
2603,34,Cycling,Cycling Track,Cycling Women's Team Sprint,Cycling|Cycling Track|Cycling Women's Team Sprint,REVIEW_EVENT,Semantic event key retained; no claim of row-by-row official extraction.,IOC Olympic results/programmes
2604,101,Weightlifting,Weightlifting,"Weightlifting Men's Unlimited, Two Hands","Weightlifting|Weightlifting|Weightlifting Men's Unlimited, Two Hands",REVIEW_EVENT,Semantic event key retained; no claim of row-by-row official extraction.,IOC Olympic results/programmes
2605,79,Shooting,Shooting,"Shooting Men's Free Pistol, 25 metres","Shooting|Shooting|Shooting Men's Free Pistol, 25 metres",REVIEW_EVENT,Semantic event key retained; no claim of row-by-row official extraction.,IOC Olympic results/programmes
2606,79,Shooting,Shooting,"Shooting Men's Military Revolver, 1873-1874 Gras Model, 20 metres","Shooting|Shooting|Shooting Men's Military Revolver, 1873-1874 Gras Model, 20 metres",REVIEW_EVENT,Semantic event key retained; no claim of row-by-row official extraction.,IOC Olympic results/programmes
2607,79,Shooting,Shooting,"Shooting Men's Military Revolver, 20 metres","Shooting|Shooting|Shooting Men's Military Revolver, 20 metres",REVIEW_EVENT,Semantic event key retained; no claim of row-by-row official extraction.,IOC Olympic results/programmes
2608,79,Shooting,Shooting,Shooting Men's Dueling Pistol Au Vise 20 metres,Shooting|Shooting|Shooting Men's Dueling Pistol Au Vise 20 metres,REVIEW_EVENT,Semantic event key retained; no claim of row-by-row official extraction.,IOC Olympic results/programmes
2609,79,Shooting,Shooting,"Shooting Men's Dueling Pistol Au Commandement, 25 metres","Shooting|Shooting|Shooting Men's Dueling Pistol Au Commandement, 25 metres",REVIEW_EVENT,Semantic event key retained; no claim of row-by-row official extraction.,IOC Olympic results/programmes
2611,77,Sailing,Sailing,Sailing Mixed 6.5 metres,Sailing|Sailing|Sailing Mixed 6.5 metres,REVIEW_EVENT,Semantic event key retained; no claim of row-by-row official extraction.,IOC Olympic results/programmes
2612,10,Athletics,Athletics,Athletics Men's 200 metres Hurdles,Athletics|Athletics|Athletics Men's 200 metres Hurdles,REVIEW_EVENT,Semantic event key retained; no claim of row-by-row official extraction.,IOC Olympic results/programmes
2613,10,Athletics,Athletics,Athletics Men's 56-pound Weight Throw,Athletics|Athletics|Athletics Men's 56-pound Weight Throw,REVIEW_EVENT,Semantic event key retained; no claim of row-by-row official extraction.,IOC Olympic results/programmes
2614,37,Equestrian,Equestrian Driving,Equestrianism Mixed Four-In-Hand Competition,Equestrian|Equestrian Driving|Equestrianism Mixed Four-In-Hand Competition,REVIEW_EVENT,Semantic event key retained; no claim of row-by-row official extraction.,IOC Olympic results/programmes
2615,10,Athletics,Athletics,"Athletics Men's 2,500 metres Steeplechase","Athletics|Athletics|Athletics Men's 2,500 metres Steeplechase",REVIEW_EVENT,Semantic event key retained; no claim of row-by-row official extraction.,IOC Olympic results/programmes
2616,9,Art Competitions,Art Competitions,"Art Competitions Mixed Music, Unknown Event","Art Competitions|Art Competitions|Art Competitions Mixed Music, Unknown Event",REVIEW_EVENT,Semantic event key retained; no claim of row-by-row official extraction.,IOC Olympic results/programmes
2617,10,Athletics,Athletics,Athletics Men's All-Around Championship,Athletics|Athletics|Athletics Men's All-Around Championship,REVIEW_EVENT,Semantic event key retained; no claim of row-by-row official extraction.,IOC Olympic results/programmes
2622,10,Athletics,Athletics,"Athletics Men's 2,590 metres Steeplechase","Athletics|Athletics|Athletics Men's 2,590 metres Steeplechase",REVIEW_EVENT,Semantic event key retained; no claim of row-by-row official extraction.,IOC Olympic results/programmes
2623,8,Archery,Archery,Archery Women's Double Columbia Round,Archery|Archery|Archery Women's Double Columbia Round,REVIEW_EVENT,Semantic event key retained; no claim of row-by-row official extraction.,IOC Olympic results/programmes
2624,10,Athletics,Athletics,"Athletics Men's 4 mile, Team","Athletics|Athletics|Athletics Men's 4 mile, Team",REVIEW_EVENT,Semantic event key retained; no claim of row-by-row official extraction.,IOC Olympic results/programmes
2625,80,Skating,Figure Skating,Figure Skating Men's Special Figures,Skating|Figure Skating|Figure Skating Men's Special Figures,REVIEW_EVENT,Semantic event key retained; no claim of row-by-row official extraction.,IOC Olympic results/programmes
2626,79,Shooting,Shooting,"Shooting Men's Military Rifle, Standing, 300 metres","Shooting|Shooting|Shooting Men's Military Rifle, Standing, 300 metres",REVIEW_EVENT,Semantic event key retained; no claim of row-by-row official extraction.,IOC Olympic results/programmes
2627,6,Aquatics,Swimming,Swimming Men's 50 yard Freestyle,Aquatics|Swimming|Swimming Men's 50 yard Freestyle,REVIEW_EVENT,Semantic event key retained; no claim of row-by-row official extraction.,IOC Olympic results/programmes
2628,6,Aquatics,Swimming,Swimming Men's 100 yard Freestyle,Aquatics|Swimming|Swimming Men's 100 yard Freestyle,REVIEW_EVENT,Semantic event key retained; no claim of row-by-row official extraction.,IOC Olympic results/programmes
2629,6,Aquatics,Swimming,Swimming Men's 440 yard Freestyle,Aquatics|Swimming|Swimming Men's 440 yard Freestyle,REVIEW_EVENT,Semantic event key retained; no claim of row-by-row official extraction.,IOC Olympic results/programmes
2630,18,Basque Pelota,Basque Pelota,Basque Pelota Men's Two-Man Teams With Cesta,Basque Pelota|Basque Pelota|Basque Pelota Men's Two-Man Teams With Cesta,REVIEW_EVENT,Semantic event key retained; no claim of row-by-row official extraction.,IOC Olympic results/programmes
2631,79,Shooting,Shooting,"Shooting Men's Trap, Single Shot, 16 metres","Shooting|Shooting|Shooting Men's Trap, Single Shot, 16 metres",REVIEW_EVENT,Semantic event key retained; no claim of row-by-row official extraction.,IOC Olympic results/programmes
2632,79,Shooting,Shooting,"Shooting Men's Trap, Double Shot, 14 metres","Shooting|Shooting|Shooting Men's Trap, Double Shot, 14 metres",REVIEW_EVENT,Semantic event key retained; no claim of row-by-row official extraction.,IOC Olympic results/programmes
2633,39,Equestrian,Equestrian Jumping,Equestrianism Mixed Long Jump,Equestrian|Equestrian Jumping|Equestrianism Mixed Long Jump,REVIEW_EVENT,Semantic event key retained; no claim of row-by-row official extraction.,IOC Olympic results/programmes
2634,26,Canoeing,Canoe Sprint,"Canoeing Men's Folding Kayak Singles, 10 kilometres","Canoeing|Canoe Sprint|Canoeing Men's Folding Kayak Singles, 10 kilometres",REVIEW_EVENT,Semantic event key retained; no claim of row-by-row official extraction.,IOC Olympic results/programmes
2635,79,Shooting,Shooting,"Shooting Men's Free Pistol, 30 metres","Shooting|Shooting|Shooting Men's Free Pistol, 30 metres",REVIEW_EVENT,Semantic event key retained; no claim of row-by-row official extraction.,IOC Olympic results/programmes
2636,79,Shooting,Shooting,"Shooting Men's Military Pistol, 25 metres","Shooting|Shooting|Shooting Men's Military Pistol, 25 metres",REVIEW_EVENT,Semantic event key retained; no claim of row-by-row official extraction.,IOC Olympic results/programmes
2637,6,Aquatics,Swimming,Swimming Men's 100 metres Freestyle For Sailors,Aquatics|Swimming|Swimming Men's 100 metres Freestyle For Sailors,REVIEW_EVENT,Semantic event key retained; no claim of row-by-row official extraction.,IOC Olympic results/programmes
2638,8,Archery,Archery,Archery Men's Sur La Perche a La Herse,Archery|Archery|Archery Men's Sur La Perche a La Herse,REVIEW_EVENT,Semantic event key retained; no claim of row-by-row official extraction.,IOC Olympic results/programmes
2639,77,Sailing,Sailing,Sailing Mixed 3-10 Ton,Sailing|Sailing|Sailing Mixed 3-10 Ton,REVIEW_EVENT,Semantic event key retained; no claim of row-by-row official extraction.,IOC Olympic results/programmes
2640,45,Gymnastics,Artistic Gymnastics,"Gymnastics Men's Individual All-Around, 4 Events","Gymnastics|Artistic Gymnastics|Gymnastics Men's Individual All-Around, 4 Events",REVIEW_EVENT,Semantic event key retained; no claim of row-by-row official extraction.,IOC Olympic results/programmes
2641,104,Wrestling,Wrestling Greco-Roman,"Wrestling Men's Unlimited Class, Greco-Roman","Wrestling|Wrestling Greco-Roman|Wrestling Men's Unlimited Class, Greco-Roman",REVIEW_EVENT,Semantic event key retained; no claim of row-by-row official extraction.,IOC Olympic results/programmes
2642,61,Motorboating,Motorboating,Motorboating Mixed B-Class (Under 60 Feet),Motorboating|Motorboating|Motorboating Mixed B-Class (Under 60 Feet),REVIEW_EVENT,Semantic event key retained; no claim of row-by-row official extraction.,IOC Olympic results/programmes
2643,61,Motorboating,Motorboating,Motorboating Mixed C-Class,Motorboating|Motorboating|Motorboating Mixed C-Class,REVIEW_EVENT,Semantic event key retained; no claim of row-by-row official extraction.,IOC Olympic results/programmes
2644,34,Cycling,Cycling Track,"Cycling Men's 10,000 metres","Cycling|Cycling Track|Cycling Men's 10,000 metres",REVIEW_EVENT,Semantic event key retained; no claim of row-by-row official extraction.,IOC Olympic results/programmes
2645,9,Art Competitions,Art Competitions,"Art Competitions Mixed Sculpturing, Reliefs","Art Competitions|Art Competitions|Art Competitions Mixed Sculpturing, Reliefs",REVIEW_EVENT,Semantic event key retained; no claim of row-by-row official extraction.,IOC Olympic results/programmes
2646,79,Shooting,Shooting,"Shooting Men's Muzzle-Loading Pistol, 25 metres","Shooting|Shooting|Shooting Men's Muzzle-Loading Pistol, 25 metres",REVIEW_EVENT,Semantic event key retained; no claim of row-by-row official extraction.,IOC Olympic results/programmes
2647,39,Equestrian,Equestrian Jumping,Equestrianism Mixed High Jump,Equestrian|Equestrian Jumping|Equestrianism Mixed High Jump,REVIEW_EVENT,Semantic event key retained; no claim of row-by-row official extraction.,IOC Olympic results/programmes
2648,8,Archery,Archery,Archery Men's Sur La Perche a La Pyramide,Archery|Archery|Archery Men's Sur La Perche a La Pyramide,REVIEW_EVENT,Semantic event key retained; no claim of row-by-row official extraction.,IOC Olympic results/programmes
2649,41,Fencing,Fencing,"Fencing Men's Single Sticks, Individual","Fencing|Fencing|Fencing Men's Single Sticks, Individual",REVIEW_EVENT,Semantic event key retained; no claim of row-by-row official extraction.,IOC Olympic results/programmes
2650,45,Gymnastics,Artistic Gymnastics,Gymnastics Men's Tumbling,Gymnastics|Artistic Gymnastics|Gymnastics Men's Tumbling,REVIEW_EVENT,Semantic event key retained; no claim of row-by-row official extraction.,IOC Olympic results/programmes
2651,79,Shooting,Shooting,Shooting Men's Unknown Event,Shooting|Shooting|Shooting Men's Unknown Event,REVIEW_EVENT,Semantic event key retained; no claim of row-by-row official extraction.,IOC Olympic results/programmes
2652,77,Sailing,Sailing,Sailing Mixed 18 foot,Sailing|Sailing|Sailing Mixed 18 foot,REVIEW_EVENT,Semantic event key retained; no claim of row-by-row official extraction.,IOC Olympic results/programmes
2653,8,Archery,Archery,Archery Men's Unknown Event,Archery|Archery|Archery Men's Unknown Event,REVIEW_EVENT,Semantic event key retained; no claim of row-by-row official extraction.,IOC Olympic results/programmes
2654,8,Archery,Archery,"Archery Men's Au Chapelet, 50 metres","Archery|Archery|Archery Men's Au Chapelet, 50 metres",REVIEW_EVENT,Semantic event key retained; no claim of row-by-row official extraction.,IOC Olympic results/programmes
2655,8,Archery,Archery,Archery Men's Championnat Du Monde,Archery|Archery|Archery Men's Championnat Du Monde,REVIEW_EVENT,Semantic event key retained; no claim of row-by-row official extraction.,IOC Olympic results/programmes
2656,8,Archery,Archery,Archery Women's Team Round,Archery|Archery|Archery Women's Team Round,REVIEW_EVENT,Semantic event key retained; no claim of row-by-row official extraction.,IOC Olympic results/programmes
2657,104,Wrestling,Wrestling Greco-Roman,"Wrestling Men's All-Around, Greco-Roman","Wrestling|Wrestling Greco-Roman|Wrestling Men's All-Around, Greco-Roman",REVIEW_EVENT,Semantic event key retained; no claim of row-by-row official extraction.,IOC Olympic results/programmes
2658,34,Cycling,Cycling Track,Cycling Men's 12-Hours Race,Cycling|Cycling Track|Cycling Men's 12-Hours Race,REVIEW_EVENT,Semantic event key retained; no claim of row-by-row official extraction.,IOC Olympic results/programmes
2659,6,Aquatics,Swimming,Swimming Men's 500 metres Freestyle,Aquatics|Swimming|Swimming Men's 500 metres Freestyle,REVIEW_EVENT,Semantic event key retained; no claim of row-by-row official extraction.,IOC Olympic results/programmes
2660,101,Weightlifting,Weightlifting,Weightlifting Men's All-Around Dumbbell Contest,Weightlifting|Weightlifting|Weightlifting Men's All-Around Dumbbell Contest,REVIEW_EVENT,Semantic event key retained; no claim of row-by-row official extraction.,IOC Olympic results/programmes
2661,8,Archery,Archery,"Archery Men's Au Chapelet, 33 metres","Archery|Archery|Archery Men's Au Chapelet, 33 metres",REVIEW_EVENT,Semantic event key retained; no claim of row-by-row official extraction.,IOC Olympic results/programmes
2662,8,Archery,Archery,"Archery Men's Au Cordon Dore, 33 metres","Archery|Archery|Archery Men's Au Cordon Dore, 33 metres",REVIEW_EVENT,Semantic event key retained; no claim of row-by-row official extraction.,IOC Olympic results/programmes
2664,1,Aeronautics,Aeronautics,Aeronautics Mixed Aeronautics,Aeronautics|Aeronautics|Aeronautics Mixed Aeronautics,REVIEW_EVENT,Semantic event key retained; no claim of row-by-row official extraction.,IOC Olympic results/programmes
2665,33,Cycling,Cycling Road,Women's Road Race,Cycling|Cycling Road|Women's Road Race,REVIEW_EVENT,Semantic event key retained; no claim of row-by-row official extraction.,IOC Olympic results/programmes
2666,33,Cycling,Cycling Road,Women's Individual Time Trial,Cycling|Cycling Road|Women's Individual Time Trial,REVIEW_EVENT,Semantic event key retained; no claim of row-by-row official extraction.,IOC Olympic results/programmes
2667,45,Gymnastics,Artistic Gymnastics,Men's All-Around,Gymnastics|Artistic Gymnastics|Men's All-Around,REVIEW_EVENT,Semantic event key retained; no claim of row-by-row official extraction.,IOC Olympic results/programmes
2668,45,Gymnastics,Artistic Gymnastics,Men's Floor Exercise,Gymnastics|Artistic Gymnastics|Men's Floor Exercise,REVIEW_EVENT,Semantic event key retained; no claim of row-by-row official extraction.,IOC Olympic results/programmes
2669,45,Gymnastics,Artistic Gymnastics,Men's Pommel Horse,Gymnastics|Artistic Gymnastics|Men's Pommel Horse,REVIEW_EVENT,Semantic event key retained; no claim of row-by-row official extraction.,IOC Olympic results/programmes
2671,45,Gymnastics,Artistic Gymnastics,Men's Vault,Gymnastics|Artistic Gymnastics|Men's Vault,REVIEW_EVENT,Semantic event key retained; no claim of row-by-row official extraction.,IOC Olympic results/programmes
2672,45,Gymnastics,Artistic Gymnastics,Men's Parallel Bars,Gymnastics|Artistic Gymnastics|Men's Parallel Bars,REVIEW_EVENT,Semantic event key retained; no claim of row-by-row official extraction.,IOC Olympic results/programmes
2673,45,Gymnastics,Artistic Gymnastics,Men's Horizontal Bar,Gymnastics|Artistic Gymnastics|Men's Horizontal Bar,REVIEW_EVENT,Semantic event key retained; no claim of row-by-row official extraction.,IOC Olympic results/programmes
2674,45,Gymnastics,Artistic Gymnastics,Men's Team,Gymnastics|Artistic Gymnastics|Men's Team,REVIEW_EVENT,Semantic event key retained; no claim of row-by-row official extraction.,IOC Olympic results/programmes
2675,74,Rowing,Rowing,Men's Pair Team,Rowing|Rowing|Men's Pair Team,REVIEW_EVENT,Semantic event key retained; no claim of row-by-row official extraction.,IOC Olympic results/programmes
2676,16,Basketball,Basketball,Men Team,Basketball|Basketball|Men Team,REVIEW_EVENT,Semantic event key retained; no claim of row-by-row official extraction.,IOC Olympic results/programmes
2677,16,Basketball,Basketball,Women Team,Basketball|Basketball|Women Team,REVIEW_EVENT,Semantic event key retained; no claim of row-by-row official extraction.,IOC Olympic results/programmes
2678,48,Handball,Handball,Men Team,Handball|Handball|Men Team,REVIEW_EVENT,Semantic event key retained; no claim of row-by-row official extraction.,IOC Olympic results/programmes
2679,74,Rowing,Rowing,Lightweight Men's Double Sculls Team,Rowing|Rowing|Lightweight Men's Double Sculls Team,REVIEW_EVENT,Semantic event key retained; no claim of row-by-row official extraction.,IOC Olympic results/programmes
2680,6,Aquatics,Swimming,Men's 100m Breaststroke,Aquatics|Swimming|Men's 100m Breaststroke,REVIEW_EVENT,Semantic event key retained; no claim of row-by-row official extraction.,IOC Olympic results/programmes
2681,57,Karate,Karate,Women's Kumite +61kg,Karate|Karate|Women's Kumite +61kg,REVIEW_EVENT,Semantic event key retained; no claim of row-by-row official extraction.,IOC Olympic results/programmes
2682,104,Wrestling,Wrestling Greco-Roman,Men's Greco-Roman 87kg,Wrestling|Wrestling Greco-Roman|Men's Greco-Roman 87kg,REVIEW_EVENT,Semantic event key retained; no claim of row-by-row official extraction.,IOC Olympic results/programmes
2683,48,Handball,Handball,Women Team,Handball|Handball|Women Team,REVIEW_EVENT,Semantic event key retained; no claim of row-by-row official extraction.,IOC Olympic results/programmes
2684,46,Gymnastics,Rhythmic Gymnastics,Group All-Around Team,Gymnastics|Rhythmic Gymnastics|Group All-Around Team,REVIEW_EVENT,Semantic event key retained; no claim of row-by-row official extraction.,IOC Olympic results/programmes
2685,15,Baseball/Softball,Softball,Softball Team,Baseball/Softball|Softball|Softball Team,REVIEW_EVENT,Semantic event key retained; no claim of row-by-row official extraction.,IOC Olympic results/programmes
2686,10,Athletics,Athletics,Men's 800m,Athletics|Athletics|Men's 800m,REVIEW_EVENT,Semantic event key retained; no claim of row-by-row official extraction.,IOC Olympic results/programmes
2687,56,Judo,Judo,Men -73 kg,Judo|Judo|Men -73 kg,REVIEW_EVENT,Semantic event key retained; no claim of row-by-row official extraction.,IOC Olympic results/programmes
2688,79,Shooting,Shooting,10m Air Pistol Women,Shooting|Shooting|10m Air Pistol Women,REVIEW_EVENT,Semantic event key retained; no claim of row-by-row official extraction.,IOC Olympic results/programmes
2689,79,Shooting,Shooting,10m Air Pistol Mixed Team,Shooting|Shooting|10m Air Pistol Mixed Team,REVIEW_EVENT,Semantic event key retained; no claim of row-by-row official extraction.,IOC Olympic results/programmes
2690,79,Shooting,Shooting,10m Air Pistol Men,Shooting|Shooting|10m Air Pistol Men,REVIEW_EVENT,Semantic event key retained; no claim of row-by-row official extraction.,IOC Olympic results/programmes
2691,56,Judo,Judo,Men -81 kg,Judo|Judo|Men -81 kg,REVIEW_EVENT,Semantic event key retained; no claim of row-by-row official extraction.,IOC Olympic results/programmes
2692,57,Karate,Karate,Men's Kumite -75kg,Karate|Karate|Men's Kumite -75kg,REVIEW_EVENT,Semantic event key retained; no claim of row-by-row official extraction.,IOC Olympic results/programmes
2694,56,Judo,Judo,Men -66 kg,Judo|Judo|Men -66 kg,REVIEW_EVENT,Semantic event key retained; no claim of row-by-row official extraction.,IOC Olympic results/programmes
2695,103,Wrestling,Wrestling Freestyle,Men's Freestyle 125kg,Wrestling|Wrestling Freestyle|Men's Freestyle 125kg,REVIEW_EVENT,Semantic event key retained; no claim of row-by-row official extraction.,IOC Olympic results/programmes
2696,10,Athletics,Athletics,Men's Javelin Throw,Athletics|Athletics|Men's Javelin Throw,REVIEW_EVENT,Semantic event key retained; no claim of row-by-row official extraction.,IOC Olympic results/programmes
2697,42,Football,Football,Men Team,Football|Football|Men Team,REVIEW_EVENT,Semantic event key retained; no claim of row-by-row official extraction.,IOC Olympic results/programmes
2698,95,Taekwondo,Taekwondo,Women -49kg,Taekwondo|Taekwondo|Women -49kg,REVIEW_EVENT,Semantic event key retained; no claim of row-by-row official extraction.,IOC Olympic results/programmes
2699,10,Athletics,Athletics,Men's 3000m Steeplechase,Athletics|Athletics|Men's 3000m Steeplechase,REVIEW_EVENT,Semantic event key retained; no claim of row-by-row official extraction.,IOC Olympic results/programmes
2700,10,Athletics,Athletics,Men's Marathon,Athletics|Athletics|Men's Marathon,REVIEW_EVENT,Semantic event key retained; no claim of row-by-row official extraction.,IOC Olympic results/programmes
2701,45,Gymnastics,Artistic Gymnastics,Women's All-Around,Gymnastics|Artistic Gymnastics|Women's All-Around,REVIEW_EVENT,Semantic event key retained; no claim of row-by-row official extraction.,IOC Olympic results/programmes
2702,45,Gymnastics,Artistic Gymnastics,Women's Vault,Gymnastics|Artistic Gymnastics|Women's Vault,REVIEW_EVENT,Semantic event key retained; no claim of row-by-row official extraction.,IOC Olympic results/programmes
2703,45,Gymnastics,Artistic Gymnastics,Women's Uneven Bars,Gymnastics|Artistic Gymnastics|Women's Uneven Bars,REVIEW_EVENT,Semantic event key retained; no claim of row-by-row official extraction.,IOC Olympic results/programmes
2704,45,Gymnastics,Artistic Gymnastics,Women's Balance Beam,Gymnastics|Artistic Gymnastics|Women's Balance Beam,REVIEW_EVENT,Semantic event key retained; no claim of row-by-row official extraction.,IOC Olympic results/programmes
2705,45,Gymnastics,Artistic Gymnastics,Women's Floor Exercise,Gymnastics|Artistic Gymnastics|Women's Floor Exercise,REVIEW_EVENT,Semantic event key retained; no claim of row-by-row official extraction.,IOC Olympic results/programmes
2706,41,Fencing,Fencing,Women's Épée Individual,Fencing|Fencing|Women's Épée Individual,REVIEW_EVENT,Semantic event key retained; no claim of row-by-row official extraction.,IOC Olympic results/programmes
2707,12,Badminton,Badminton,Women's Singles,Badminton|Badminton|Women's Singles,REVIEW_EVENT,Semantic event key retained; no claim of row-by-row official extraction.,IOC Olympic results/programmes
2708,22,Boxing,Boxing,Men's Heavy (81-91kg),Boxing|Boxing|Men's Heavy (81-91kg),REVIEW_EVENT,Semantic event key retained; no claim of row-by-row official extraction.,IOC Olympic results/programmes
2709,103,Wrestling,Wrestling Freestyle,Men's Freestyle 57kg,Wrestling|Wrestling Freestyle|Men's Freestyle 57kg,REVIEW_EVENT,Semantic event key retained; no claim of row-by-row official extraction.,IOC Olympic results/programmes
2710,104,Wrestling,Wrestling Greco-Roman,Men's Greco-Roman 130kg,Wrestling|Wrestling Greco-Roman|Men's Greco-Roman 130kg,REVIEW_EVENT,Semantic event key retained; no claim of row-by-row official extraction.,IOC Olympic results/programmes
2711,101,Weightlifting,Weightlifting,Men's 73kg,Weightlifting|Weightlifting|Men's 73kg,REVIEW_EVENT,Semantic event key retained; no claim of row-by-row official extraction.,IOC Olympic results/programmes
2712,22,Boxing,Boxing,Men's Super Heavy (+91kg),Boxing|Boxing|Men's Super Heavy (+91kg),REVIEW_EVENT,Semantic event key retained; no claim of row-by-row official extraction.,IOC Olympic results/programmes
2713,8,Archery,Archery,Men's Individual,Archery|Archery|Men's Individual,REVIEW_EVENT,Semantic event key retained; no claim of row-by-row official extraction.,IOC Olympic results/programmes
2715,22,Boxing,Boxing,Men's Light (57-63kg),Boxing|Boxing|Men's Light (57-63kg),REVIEW_EVENT,Semantic event key retained; no claim of row-by-row official extraction.,IOC Olympic results/programmes
2716,103,Wrestling,Wrestling Freestyle,Men's Freestyle 74kg,Wrestling|Wrestling Freestyle|Men's Freestyle 74kg,REVIEW_EVENT,Semantic event key retained; no claim of row-by-row official extraction.,IOC Olympic results/programmes
2718,10,Athletics,Athletics,Men's 400m Hurdles,Athletics|Athletics|Men's 400m Hurdles,REVIEW_EVENT,Semantic event key retained; no claim of row-by-row official extraction.,IOC Olympic results/programmes
2719,56,Judo,Judo,Women -52 kg,Judo|Judo|Women -52 kg,REVIEW_EVENT,Semantic event key retained; no claim of row-by-row official extraction.,IOC Olympic results/programmes
2720,10,Athletics,Athletics,Women's 3000m Steeplechase,Athletics|Athletics|Women's 3000m Steeplechase,REVIEW_EVENT,Semantic event key retained; no claim of row-by-row official extraction.,IOC Olympic results/programmes
2721,41,Fencing,Fencing,Men's Sabre Individual,Fencing|Fencing|Men's Sabre Individual,REVIEW_EVENT,Semantic event key retained; no claim of row-by-row official extraction.,IOC Olympic results/programmes
2722,41,Fencing,Fencing,Men's Sabre Team,Fencing|Fencing|Men's Sabre Team,REVIEW_EVENT,Semantic event key retained; no claim of row-by-row official extraction.,IOC Olympic results/programmes
2723,4,Aquatics,Diving,Women's 3m Springboard,Aquatics|Diving|Women's 3m Springboard,REVIEW_EVENT,Semantic event key retained; no claim of row-by-row official extraction.,IOC Olympic results/programmes
2724,4,Aquatics,Diving,Women's Synchronised 3m Springboard Team,Aquatics|Diving|Women's Synchronised 3m Springboard Team,REVIEW_EVENT,Semantic event key retained; no claim of row-by-row official extraction.,IOC Olympic results/programmes
2725,12,Badminton,Badminton,Men's Singles,Badminton|Badminton|Men's Singles,REVIEW_EVENT,Semantic event key retained; no claim of row-by-row official extraction.,IOC Olympic results/programmes
2726,6,Aquatics,Swimming,Men's 100m Freestyle,Aquatics|Swimming|Men's 100m Freestyle,REVIEW_EVENT,Semantic event key retained; no claim of row-by-row official extraction.,IOC Olympic results/programmes
2727,99,Volleyball,Beach Volleyball,Men Team,Volleyball|Beach Volleyball|Men Team,REVIEW_EVENT,Semantic event key retained; no claim of row-by-row official extraction.,IOC Olympic results/programmes
2728,77,Sailing,Sailing,Women's Skiff - 49er  Team,Sailing|Sailing|Women's Skiff - 49er  Team,REVIEW_EVENT,Semantic event key retained; no claim of row-by-row official extraction.,IOC Olympic results/programmes
2729,10,Athletics,Athletics,Men's 5000m,Athletics|Athletics|Men's 5000m,REVIEW_EVENT,Semantic event key retained; no claim of row-by-row official extraction.,IOC Olympic results/programmes
2730,10,Athletics,Athletics,Women's 100m,Athletics|Athletics|Women's 100m,REVIEW_EVENT,Semantic event key retained; no claim of row-by-row official extraction.,IOC Olympic results/programmes
2731,41,Fencing,Fencing,Men's Foil Individual,Fencing|Fencing|Men's Foil Individual,REVIEW_EVENT,Semantic event key retained; no claim of row-by-row official extraction.,IOC Olympic results/programmes
2732,41,Fencing,Fencing,Men's Foil Team,Fencing|Fencing|Men's Foil Team,REVIEW_EVENT,Semantic event key retained; no claim of row-by-row official extraction.,IOC Olympic results/programmes
2733,101,Weightlifting,Weightlifting,Women's 76kg,Weightlifting|Weightlifting|Women's 76kg,REVIEW_EVENT,Semantic event key retained; no claim of row-by-row official extraction.,IOC Olympic results/programmes
2734,49,Hockey,Hockey,Men Team,Hockey|Hockey|Men Team,REVIEW_EVENT,Semantic event key retained; no claim of row-by-row official extraction.,IOC Olympic results/programmes
2735,10,Athletics,Athletics,Women's 400m,Athletics|Athletics|Women's 400m,REVIEW_EVENT,Semantic event key retained; no claim of row-by-row official extraction.,IOC Olympic results/programmes
2736,10,Athletics,Athletics,Men's Shot Put,Athletics|Athletics|Men's Shot Put,REVIEW_EVENT,Semantic event key retained; no claim of row-by-row official extraction.,IOC Olympic results/programmes
2737,47,Gymnastics,Trampoline Gymnastics,Men,Gymnastics|Trampoline Gymnastics|Men,REVIEW_EVENT,Semantic event key retained; no claim of row-by-row official extraction.,IOC Olympic results/programmes
2738,5,Aquatics,Marathon Swimming,Men's 10km,Aquatics|Marathon Swimming|Men's 10km,REVIEW_EVENT,Semantic event key retained; no claim of row-by-row official extraction.,IOC Olympic results/programmes
2739,74,Rowing,Rowing,Women's Single Sculls,Rowing|Rowing|Women's Single Sculls,REVIEW_EVENT,Semantic event key retained; no claim of row-by-row official extraction.,IOC Olympic results/programmes
2740,6,Aquatics,Swimming,Men's 1500m Freestyle,Aquatics|Swimming|Men's 1500m Freestyle,REVIEW_EVENT,Semantic event key retained; no claim of row-by-row official extraction.,IOC Olympic results/programmes
2741,10,Athletics,Athletics,Men's 4 x 400m Relay Team,Athletics|Athletics|Men's 4 x 400m Relay Team,REVIEW_EVENT,Semantic event key retained; no claim of row-by-row official extraction.,IOC Olympic results/programmes
2742,10,Athletics,Athletics,4 x 400m Relay Mixed Team,Athletics|Athletics|4 x 400m Relay Mixed Team,REVIEW_EVENT,Semantic event key retained; no claim of row-by-row official extraction.,IOC Olympic results/programmes
2743,6,Aquatics,Swimming,Mixed 4 x 100m Medley Relay Team,Aquatics|Swimming|Mixed 4 x 100m Medley Relay Team,REVIEW_EVENT,Semantic event key retained; no claim of row-by-row official extraction.,IOC Olympic results/programmes
2744,95,Taekwondo,Taekwondo,Men -68kg,Taekwondo|Taekwondo|Men -68kg,REVIEW_EVENT,Semantic event key retained; no claim of row-by-row official extraction.,IOC Olympic results/programmes
2746,94,Table Tennis,Table Tennis,Mixed Doubles Team,Table Tennis|Table Tennis|Mixed Doubles Team,REVIEW_EVENT,Semantic event key retained; no claim of row-by-row official extraction.,IOC Olympic results/programmes
2748,104,Wrestling,Wrestling Greco-Roman,Men's Greco-Roman 97kg,Wrestling|Wrestling Greco-Roman|Men's Greco-Roman 97kg,REVIEW_EVENT,Semantic event key retained; no claim of row-by-row official extraction.,IOC Olympic results/programmes
2749,6,Aquatics,Swimming,Men's 4 x 100m Freestyle Relay Team,Aquatics|Swimming|Men's 4 x 100m Freestyle Relay Team,REVIEW_EVENT,Semantic event key retained; no claim of row-by-row official extraction.,IOC Olympic results/programmes
2750,97,Triathlon,Triathlon,Women's Individual,Triathlon|Triathlon|Women's Individual,REVIEW_EVENT,Semantic event key retained; no claim of row-by-row official extraction.,IOC Olympic results/programmes
2751,95,Taekwondo,Taekwondo,Women +67kg,Taekwondo|Taekwondo|Women +67kg,REVIEW_EVENT,Semantic event key retained; no claim of row-by-row official extraction.,IOC Olympic results/programmes
2752,8,Archery,Archery,Women's Individual,Archery|Archery|Women's Individual,REVIEW_EVENT,Semantic event key retained; no claim of row-by-row official extraction.,IOC Olympic results/programmes
2754,6,Aquatics,Swimming,Men's 800m Freestyle,Aquatics|Swimming|Men's 800m Freestyle,REVIEW_EVENT,Semantic event key retained; no claim of row-by-row official extraction.,IOC Olympic results/programmes
2755,42,Football,Football,Women Team,Football|Football|Women Team,REVIEW_EVENT,Semantic event key retained; no claim of row-by-row official extraction.,IOC Olympic results/programmes
2756,25,Canoeing,Canoe Slalom,Men's Kayak,Canoeing|Canoe Slalom|Men's Kayak,REVIEW_EVENT,Semantic event key retained; no claim of row-by-row official extraction.,IOC Olympic results/programmes
2757,7,Aquatics,Water Polo,Men Team,Aquatics|Water Polo|Men Team,REVIEW_EVENT,Semantic event key retained; no claim of row-by-row official extraction.,IOC Olympic results/programmes
2758,74,Rowing,Rowing,Men's Eight Team,Rowing|Rowing|Men's Eight Team,REVIEW_EVENT,Semantic event key retained; no claim of row-by-row official extraction.,IOC Olympic results/programmes
2759,10,Athletics,Athletics,Women's 4 x 100m Relay Team,Athletics|Athletics|Women's 4 x 100m Relay Team,REVIEW_EVENT,Semantic event key retained; no claim of row-by-row official extraction.,IOC Olympic results/programmes
2760,95,Taekwondo,Taekwondo,Women -57kg,Taekwondo|Taekwondo|Women -57kg,REVIEW_EVENT,Semantic event key retained; no claim of row-by-row official extraction.,IOC Olympic results/programmes
2761,6,Aquatics,Swimming,Women's 100m Breaststroke,Aquatics|Swimming|Women's 100m Breaststroke,REVIEW_EVENT,Semantic event key retained; no claim of row-by-row official extraction.,IOC Olympic results/programmes
2762,10,Athletics,Athletics,Women's Shot Put,Athletics|Athletics|Women's Shot Put,REVIEW_EVENT,Semantic event key retained; no claim of row-by-row official extraction.,IOC Olympic results/programmes
2763,101,Weightlifting,Weightlifting,Men's 96kg,Weightlifting|Weightlifting|Men's 96kg,REVIEW_EVENT,Semantic event key retained; no claim of row-by-row official extraction.,IOC Olympic results/programmes
2764,103,Wrestling,Wrestling Freestyle,Women's Freestyle 76kg,Wrestling|Wrestling Freestyle|Women's Freestyle 76kg,REVIEW_EVENT,Semantic event key retained; no claim of row-by-row official extraction.,IOC Olympic results/programmes
2765,10,Athletics,Athletics,Men's 100m,Athletics|Athletics|Men's 100m,REVIEW_EVENT,Semantic event key retained; no claim of row-by-row official extraction.,IOC Olympic results/programmes
2766,103,Wrestling,Wrestling Freestyle,Women's Freestyle 57kg,Wrestling|Wrestling Freestyle|Women's Freestyle 57kg,REVIEW_EVENT,Semantic event key retained; no claim of row-by-row official extraction.,IOC Olympic results/programmes
2767,103,Wrestling,Wrestling Freestyle,Women's Freestyle 62kg,Wrestling|Wrestling Freestyle|Women's Freestyle 62kg,REVIEW_EVENT,Semantic event key retained; no claim of row-by-row official extraction.,IOC Olympic results/programmes
2768,46,Gymnastics,Rhythmic Gymnastics,Individual All-Around,Gymnastics|Rhythmic Gymnastics|Individual All-Around,REVIEW_EVENT,Semantic event key retained; no claim of row-by-row official extraction.,IOC Olympic results/programmes
2769,56,Judo,Judo,Women +78 kg,Judo|Judo|Women +78 kg,REVIEW_EVENT,Semantic event key retained; no claim of row-by-row official extraction.,IOC Olympic results/programmes
2770,93,Surfing,Surfing,Women,Surfing|Surfing|Women,REVIEW_EVENT,Semantic event key retained; no claim of row-by-row official extraction.,IOC Olympic results/programmes
2771,26,Canoeing,Canoe Sprint,Men's Canoe Single 1000m,Canoeing|Canoe Sprint|Men's Canoe Single 1000m,REVIEW_EVENT,Semantic event key retained; no claim of row-by-row official extraction.,IOC Olympic results/programmes
2772,26,Canoeing,Canoe Sprint,Men's Canoe Double 1000m Team,Canoeing|Canoe Sprint|Men's Canoe Double 1000m Team,REVIEW_EVENT,Semantic event key retained; no claim of row-by-row official extraction.,IOC Olympic results/programmes
2773,74,Rowing,Rowing,Men's Double Sculls Team,Rowing|Rowing|Men's Double Sculls Team,REVIEW_EVENT,Semantic event key retained; no claim of row-by-row official extraction.,IOC Olympic results/programmes
2774,74,Rowing,Rowing,Women's Quadruple Sculls Team,Rowing|Rowing|Women's Quadruple Sculls Team,REVIEW_EVENT,Semantic event key retained; no claim of row-by-row official extraction.,IOC Olympic results/programmes
2775,77,Sailing,Sailing,Men's Two Person Dinghy - 470 Team,Sailing|Sailing|Men's Two Person Dinghy - 470 Team,REVIEW_EVENT,Semantic event key retained; no claim of row-by-row official extraction.,IOC Olympic results/programmes
2776,10,Athletics,Athletics,Women's 1500m,Athletics|Athletics|Women's 1500m,REVIEW_EVENT,Semantic event key retained; no claim of row-by-row official extraction.,IOC Olympic results/programmes
2777,10,Athletics,Athletics,Men's 400m,Athletics|Athletics|Men's 400m,REVIEW_EVENT,Semantic event key retained; no claim of row-by-row official extraction.,IOC Olympic results/programmes
2778,32,Cycling,BMX Racing,Women,Cycling|BMX Racing|Women,REVIEW_EVENT,Semantic event key retained; no claim of row-by-row official extraction.,IOC Olympic results/programmes
2779,6,Aquatics,Swimming,Women's 50m Freestyle,Aquatics|Swimming|Women's 50m Freestyle,REVIEW_EVENT,Semantic event key retained; no claim of row-by-row official extraction.,IOC Olympic results/programmes
2780,56,Judo,Judo,Women -63 kg,Judo|Judo|Women -63 kg,REVIEW_EVENT,Semantic event key retained; no claim of row-by-row official extraction.,IOC Olympic results/programmes
2781,76,Rugby,Rugby Sevens,Men Team,Rugby|Rugby Sevens|Men Team,REVIEW_EVENT,Semantic event key retained; no claim of row-by-row official extraction.,IOC Olympic results/programmes
2782,26,Canoeing,Canoe Sprint,Men's Kayak Single 1000m,Canoeing|Canoe Sprint|Men's Kayak Single 1000m,REVIEW_EVENT,Semantic event key retained; no claim of row-by-row official extraction.,IOC Olympic results/programmes
2783,10,Athletics,Athletics,Men's Triple Jump,Athletics|Athletics|Men's Triple Jump,REVIEW_EVENT,Semantic event key retained; no claim of row-by-row official extraction.,IOC Olympic results/programmes
2784,103,Wrestling,Wrestling Freestyle,Men's Freestyle 86kg,Wrestling|Wrestling Freestyle|Men's Freestyle 86kg,REVIEW_EVENT,Semantic event key retained; no claim of row-by-row official extraction.,IOC Olympic results/programmes
2785,100,Volleyball,Volleyball,Men Team,Volleyball|Volleyball|Men Team,REVIEW_EVENT,Semantic event key retained; no claim of row-by-row official extraction.,IOC Olympic results/programmes
2786,10,Athletics,Athletics,Men's 50km Race Walk,Athletics|Athletics|Men's 50km Race Walk,REVIEW_EVENT,Semantic event key retained; no claim of row-by-row official extraction.,IOC Olympic results/programmes
2787,10,Athletics,Athletics,Women's Heptathlon,Athletics|Athletics|Women's Heptathlon,REVIEW_EVENT,Semantic event key retained; no claim of row-by-row official extraction.,IOC Olympic results/programmes
2788,4,Aquatics,Diving,Women's 10m Platform,Aquatics|Diving|Women's 10m Platform,REVIEW_EVENT,Semantic event key retained; no claim of row-by-row official extraction.,IOC Olympic results/programmes
2789,4,Aquatics,Diving,Women's Synchronised 10m Platform Team,Aquatics|Diving|Women's Synchronised 10m Platform Team,REVIEW_EVENT,Semantic event key retained; no claim of row-by-row official extraction.,IOC Olympic results/programmes
2790,22,Boxing,Boxing,Men's Welter (63-69kg),Boxing|Boxing|Men's Welter (63-69kg),REVIEW_EVENT,Semantic event key retained; no claim of row-by-row official extraction.,IOC Olympic results/programmes
2791,6,Aquatics,Swimming,Men's 100m Butterfly,Aquatics|Swimming|Men's 100m Butterfly,REVIEW_EVENT,Semantic event key retained; no claim of row-by-row official extraction.,IOC Olympic results/programmes
2792,103,Wrestling,Wrestling Freestyle,Women's Freestyle 68kg,Wrestling|Wrestling Freestyle|Women's Freestyle 68kg,REVIEW_EVENT,Semantic event key retained; no claim of row-by-row official extraction.,IOC Olympic results/programmes
2793,10,Athletics,Athletics,"Men's 10,000m","Athletics|Athletics|Men's 10,000m",REVIEW_EVENT,Semantic event key retained; no claim of row-by-row official extraction.,IOC Olympic results/programmes
2794,26,Canoeing,Canoe Sprint,Women's Kayak Single 200m,Canoeing|Canoe Sprint|Women's Kayak Single 200m,REVIEW_EVENT,Semantic event key retained; no claim of row-by-row official extraction.,IOC Olympic results/programmes
2795,26,Canoeing,Canoe Sprint,Women's Kayak Single 500m,Canoeing|Canoe Sprint|Women's Kayak Single 500m,REVIEW_EVENT,Semantic event key retained; no claim of row-by-row official extraction.,IOC Olympic results/programmes
2796,12,Badminton,Badminton,Men's Doubles Team,Badminton|Badminton|Men's Doubles Team,REVIEW_EVENT,Semantic event key retained; no claim of row-by-row official extraction.,IOC Olympic results/programmes
2797,47,Gymnastics,Trampoline Gymnastics,Women,Gymnastics|Trampoline Gymnastics|Women,REVIEW_EVENT,Semantic event key retained; no claim of row-by-row official extraction.,IOC Olympic results/programmes
2798,6,Aquatics,Swimming,Women's 4 x 100m Freestyle Relay Team,Aquatics|Swimming|Women's 4 x 100m Freestyle Relay Team,REVIEW_EVENT,Semantic event key retained; no claim of row-by-row official extraction.,IOC Olympic results/programmes
2799,74,Rowing,Rowing,Women's Pair Team,Rowing|Rowing|Women's Pair Team,REVIEW_EVENT,Semantic event key retained; no claim of row-by-row official extraction.,IOC Olympic results/programmes
2800,104,Wrestling,Wrestling Greco-Roman,Men's Greco-Roman 60kg,Wrestling|Wrestling Greco-Roman|Men's Greco-Roman 60kg,REVIEW_EVENT,Semantic event key retained; no claim of row-by-row official extraction.,IOC Olympic results/programmes
2801,101,Weightlifting,Weightlifting,Women's 49kg,Weightlifting|Weightlifting|Women's 49kg,REVIEW_EVENT,Semantic event key retained; no claim of row-by-row official extraction.,IOC Olympic results/programmes
2802,104,Wrestling,Wrestling Greco-Roman,Men's Greco-Roman 77kg,Wrestling|Wrestling Greco-Roman|Men's Greco-Roman 77kg,REVIEW_EVENT,Semantic event key retained; no claim of row-by-row official extraction.,IOC Olympic results/programmes
2803,76,Rugby,Rugby Sevens,Women Team,Rugby|Rugby Sevens|Women Team,REVIEW_EVENT,Semantic event key retained; no claim of row-by-row official extraction.,IOC Olympic results/programmes
2804,10,Athletics,Athletics,Men's 4 x 100m Relay Team,Athletics|Athletics|Men's 4 x 100m Relay Team,REVIEW_EVENT,Semantic event key retained; no claim of row-by-row official extraction.,IOC Olympic results/programmes
2805,79,Shooting,Shooting,10m Air Rifle Men,Shooting|Shooting|10m Air Rifle Men,REVIEW_EVENT,Semantic event key retained; no claim of row-by-row official extraction.,IOC Olympic results/programmes
2806,79,Shooting,Shooting,50m Rifle 3 Positions Men,Shooting|Shooting|50m Rifle 3 Positions Men,REVIEW_EVENT,Semantic event key retained; no claim of row-by-row official extraction.,IOC Olympic results/programmes
2807,45,Gymnastics,Artistic Gymnastics,Women's Team,Gymnastics|Artistic Gymnastics|Women's Team,REVIEW_EVENT,Semantic event key retained; no claim of row-by-row official extraction.,IOC Olympic results/programmes
2808,103,Wrestling,Wrestling Freestyle,Women's Freestyle 53kg,Wrestling|Wrestling Freestyle|Women's Freestyle 53kg,REVIEW_EVENT,Semantic event key retained; no claim of row-by-row official extraction.,IOC Olympic results/programmes
2809,79,Shooting,Shooting,25m Rapid Fire Pistol Men,Shooting|Shooting|25m Rapid Fire Pistol Men,REVIEW_EVENT,Semantic event key retained; no claim of row-by-row official extraction.,IOC Olympic results/programmes
2810,10,Athletics,Athletics,Men's High Jump,Athletics|Athletics|Men's High Jump,REVIEW_EVENT,Semantic event key retained; no claim of row-by-row official extraction.,IOC Olympic results/programmes
2811,100,Volleyball,Volleyball,Women Team,Volleyball|Volleyball|Women Team,REVIEW_EVENT,Semantic event key retained; no claim of row-by-row official extraction.,IOC Olympic results/programmes
2812,22,Boxing,Boxing,Women's Welter (64-69kg),Boxing|Boxing|Women's Welter (64-69kg),REVIEW_EVENT,Semantic event key retained; no claim of row-by-row official extraction.,IOC Olympic results/programmes
2813,56,Judo,Judo,Men -60 kg,Judo|Judo|Men -60 kg,REVIEW_EVENT,Semantic event key retained; no claim of row-by-row official extraction.,IOC Olympic results/programmes
2814,101,Weightlifting,Weightlifting,Women's +87kg,Weightlifting|Weightlifting|Women's +87kg,REVIEW_EVENT,Semantic event key retained; no claim of row-by-row official extraction.,IOC Olympic results/programmes
2815,103,Wrestling,Wrestling Freestyle,Men's Freestyle 65kg,Wrestling|Wrestling Freestyle|Men's Freestyle 65kg,REVIEW_EVENT,Semantic event key retained; no claim of row-by-row official extraction.,IOC Olympic results/programmes
2816,26,Canoeing,Canoe Sprint,Men's Kayak Single 200m,Canoeing|Canoe Sprint|Men's Kayak Single 200m,REVIEW_EVENT,Semantic event key retained; no claim of row-by-row official extraction.,IOC Olympic results/programmes
2817,39,Equestrian,Equestrian Jumping,Jumping Team,Equestrian|Equestrian Jumping|Jumping Team,REVIEW_EVENT,Semantic event key retained; no claim of row-by-row official extraction.,IOC Olympic results/programmes
2818,39,Equestrian,Equestrian Jumping,Jumping Individual,Equestrian|Equestrian Jumping|Jumping Individual,REVIEW_EVENT,Semantic event key retained; no claim of row-by-row official extraction.,IOC Olympic results/programmes
2820,74,Rowing,Rowing,Men's Single Sculls,Rowing|Rowing|Men's Single Sculls,REVIEW_EVENT,Semantic event key retained; no claim of row-by-row official extraction.,IOC Olympic results/programmes
2821,104,Wrestling,Wrestling Greco-Roman,Men's Greco-Roman 67kg,Wrestling|Wrestling Greco-Roman|Men's Greco-Roman 67kg,REVIEW_EVENT,Semantic event key retained; no claim of row-by-row official extraction.,IOC Olympic results/programmes
2822,22,Boxing,Boxing,Men's Fly (48-52kg),Boxing|Boxing|Men's Fly (48-52kg),REVIEW_EVENT,Semantic event key retained; no claim of row-by-row official extraction.,IOC Olympic results/programmes
2823,97,Triathlon,Triathlon,Men's Individual,Triathlon|Triathlon|Men's Individual,REVIEW_EVENT,Semantic event key retained; no claim of row-by-row official extraction.,IOC Olympic results/programmes
2824,97,Triathlon,Triathlon,Mixed Relay Team,Triathlon|Triathlon|Mixed Relay Team,REVIEW_EVENT,Semantic event key retained; no claim of row-by-row official extraction.,IOC Olympic results/programmes
2825,95,Taekwondo,Taekwondo,Men +80kg,Taekwondo|Taekwondo|Men +80kg,REVIEW_EVENT,Semantic event key retained; no claim of row-by-row official extraction.,IOC Olympic results/programmes
2826,49,Hockey,Hockey,Women Team,Hockey|Hockey|Women Team,REVIEW_EVENT,Semantic event key retained; no claim of row-by-row official extraction.,IOC Olympic results/programmes
2827,77,Sailing,Sailing,Mixed Multihull - Nacra 17 Foiling Team,Sailing|Sailing|Mixed Multihull - Nacra 17 Foiling Team,REVIEW_EVENT,Semantic event key retained; no claim of row-by-row official extraction.,IOC Olympic results/programmes
2828,56,Judo,Judo,Women -57 kg,Judo|Judo|Women -57 kg,REVIEW_EVENT,Semantic event key retained; no claim of row-by-row official extraction.,IOC Olympic results/programmes
2829,74,Rowing,Rowing,Women's Eight Team,Rowing|Rowing|Women's Eight Team,REVIEW_EVENT,Semantic event key retained; no claim of row-by-row official extraction.,IOC Olympic results/programmes
2830,96,Tennis,Tennis,Women's Singles,Tennis|Tennis|Women's Singles,REVIEW_EVENT,Semantic event key retained; no claim of row-by-row official extraction.,IOC Olympic results/programmes
2831,3,Aquatics,Artistic Swimming,Team,Aquatics|Artistic Swimming|Team,REVIEW_EVENT,Semantic event key retained; no claim of row-by-row official extraction.,IOC Olympic results/programmes
2832,101,Weightlifting,Weightlifting,Women's 59kg,Weightlifting|Weightlifting|Women's 59kg,REVIEW_EVENT,Semantic event key retained; no claim of row-by-row official extraction.,IOC Olympic results/programmes
2833,10,Athletics,Athletics,Women's 800m,Athletics|Athletics|Women's 800m,REVIEW_EVENT,Semantic event key retained; no claim of row-by-row official extraction.,IOC Olympic results/programmes
2834,3,Aquatics,Artistic Swimming,Duet Team,Aquatics|Artistic Swimming|Duet Team,REVIEW_EVENT,Semantic event key retained; no claim of row-by-row official extraction.,IOC Olympic results/programmes
2835,22,Boxing,Boxing,Women's Light (57-60kg),Boxing|Boxing|Women's Light (57-60kg),REVIEW_EVENT,Semantic event key retained; no claim of row-by-row official extraction.,IOC Olympic results/programmes
2836,22,Boxing,Boxing,Men's Light Heavy (75-81kg),Boxing|Boxing|Men's Light Heavy (75-81kg),REVIEW_EVENT,Semantic event key retained; no claim of row-by-row official extraction.,IOC Olympic results/programmes
2837,38,Equestrian,Equestrian Eventing,Eventing Team,Equestrian|Equestrian Eventing|Eventing Team,REVIEW_EVENT,Semantic event key retained; no claim of row-by-row official extraction.,IOC Olympic results/programmes
2838,38,Equestrian,Equestrian Eventing,Eventing Individual,Equestrian|Equestrian Eventing|Eventing Individual,REVIEW_EVENT,Semantic event key retained; no claim of row-by-row official extraction.,IOC Olympic results/programmes
2839,22,Boxing,Boxing,Women's Feather (54-57kg),Boxing|Boxing|Women's Feather (54-57kg),REVIEW_EVENT,Semantic event key retained; no claim of row-by-row official extraction.,IOC Olympic results/programmes
2842,22,Boxing,Boxing,Men's Feather (52-57kg),Boxing|Boxing|Men's Feather (52-57kg),REVIEW_EVENT,Semantic event key retained; no claim of row-by-row official extraction.,IOC Olympic results/programmes
2843,10,Athletics,Athletics,Men's 110m Hurdles,Athletics|Athletics|Men's 110m Hurdles,REVIEW_EVENT,Semantic event key retained; no claim of row-by-row official extraction.,IOC Olympic results/programmes
2844,101,Weightlifting,Weightlifting,Men's 81kg,Weightlifting|Weightlifting|Men's 81kg,REVIEW_EVENT,Semantic event key retained; no claim of row-by-row official extraction.,IOC Olympic results/programmes
2845,14,Baseball/Softball,Baseball,Baseball Team,Baseball/Softball|Baseball|Baseball Team,REVIEW_EVENT,Semantic event key retained; no claim of row-by-row official extraction.,IOC Olympic results/programmes
2846,6,Aquatics,Swimming,Men's 200m Breaststroke,Aquatics|Swimming|Men's 200m Breaststroke,REVIEW_EVENT,Semantic event key retained; no claim of row-by-row official extraction.,IOC Olympic results/programmes
2847,10,Athletics,Athletics,Women's Discus Throw,Athletics|Athletics|Women's Discus Throw,REVIEW_EVENT,Semantic event key retained; no claim of row-by-row official extraction.,IOC Olympic results/programmes
2848,10,Athletics,Athletics,Women's 4 x 400m Relay Team,Athletics|Athletics|Women's 4 x 400m Relay Team,REVIEW_EVENT,Semantic event key retained; no claim of row-by-row official extraction.,IOC Olympic results/programmes
2849,57,Karate,Karate,Men's Kumite -67kg,Karate|Karate|Men's Kumite -67kg,REVIEW_EVENT,Semantic event key retained; no claim of row-by-row official extraction.,IOC Olympic results/programmes
2850,33,Cycling,Cycling Road,Men's Road Race,Cycling|Cycling Road|Men's Road Race,REVIEW_EVENT,Semantic event key retained; no claim of row-by-row official extraction.,IOC Olympic results/programmes
2851,33,Cycling,Cycling Road,Men's Individual Time Trial,Cycling|Cycling Road|Men's Individual Time Trial,REVIEW_EVENT,Semantic event key retained; no claim of row-by-row official extraction.,IOC Olympic results/programmes
2852,6,Aquatics,Swimming,Women's 4 x 200m Freestyle Relay Team,Aquatics|Swimming|Women's 4 x 200m Freestyle Relay Team,REVIEW_EVENT,Semantic event key retained; no claim of row-by-row official extraction.,IOC Olympic results/programmes
2854,6,Aquatics,Swimming,Women's 100m Butterfly,Aquatics|Swimming|Women's 100m Butterfly,REVIEW_EVENT,Semantic event key retained; no claim of row-by-row official extraction.,IOC Olympic results/programmes
2855,101,Weightlifting,Weightlifting,Men's 61kg,Weightlifting|Weightlifting|Men's 61kg,REVIEW_EVENT,Semantic event key retained; no claim of row-by-row official extraction.,IOC Olympic results/programmes
2856,74,Rowing,Rowing,Lightweight Women's Double Sculls Team,Rowing|Rowing|Lightweight Women's Double Sculls Team,REVIEW_EVENT,Semantic event key retained; no claim of row-by-row official extraction.,IOC Olympic results/programmes
2857,56,Judo,Judo,Women -48 kg,Judo|Judo|Women -48 kg,REVIEW_EVENT,Semantic event key retained; no claim of row-by-row official extraction.,IOC Olympic results/programmes
2858,6,Aquatics,Swimming,Men's 400m Freestyle,Aquatics|Swimming|Men's 400m Freestyle,REVIEW_EVENT,Semantic event key retained; no claim of row-by-row official extraction.,IOC Olympic results/programmes
2859,6,Aquatics,Swimming,Men's 200m Freestyle,Aquatics|Swimming|Men's 200m Freestyle,REVIEW_EVENT,Semantic event key retained; no claim of row-by-row official extraction.,IOC Olympic results/programmes
2860,34,Cycling,Cycling Track,Women's Team Pursuit Team,Cycling|Cycling Track|Women's Team Pursuit Team,REVIEW_EVENT,Semantic event key retained; no claim of row-by-row official extraction.,IOC Olympic results/programmes
2861,22,Boxing,Boxing,Men's Middle (69-75kg),Boxing|Boxing|Men's Middle (69-75kg),REVIEW_EVENT,Semantic event key retained; no claim of row-by-row official extraction.,IOC Olympic results/programmes
2862,10,Athletics,Athletics,Men's 200m,Athletics|Athletics|Men's 200m,REVIEW_EVENT,Semantic event key retained; no claim of row-by-row official extraction.,IOC Olympic results/programmes
2863,77,Sailing,Sailing,Men's Skiff - 49er Team,Sailing|Sailing|Men's Skiff - 49er Team,REVIEW_EVENT,Semantic event key retained; no claim of row-by-row official extraction.,IOC Olympic results/programmes
2864,10,Athletics,Athletics,Women's 100m Hurdles,Athletics|Athletics|Women's 100m Hurdles,REVIEW_EVENT,Semantic event key retained; no claim of row-by-row official extraction.,IOC Olympic results/programmes
2865,8,Archery,Archery,Women's Team,Archery|Archery|Women's Team,REVIEW_EVENT,Semantic event key retained; no claim of row-by-row official extraction.,IOC Olympic results/programmes
2866,10,Athletics,Athletics,Women's Marathon,Athletics|Athletics|Women's Marathon,REVIEW_EVENT,Semantic event key retained; no claim of row-by-row official extraction.,IOC Olympic results/programmes
2868,56,Judo,Judo,Men -90 kg,Judo|Judo|Men -90 kg,REVIEW_EVENT,Semantic event key retained; no claim of row-by-row official extraction.,IOC Olympic results/programmes
2869,10,Athletics,Athletics,Men's Hammer Throw,Athletics|Athletics|Men's Hammer Throw,REVIEW_EVENT,Semantic event key retained; no claim of row-by-row official extraction.,IOC Olympic results/programmes
2871,44,Golf,Golf,Men's Individual Stroke Play,Golf|Golf|Men's Individual Stroke Play,REVIEW_EVENT,Semantic event key retained; no claim of row-by-row official extraction.,IOC Olympic results/programmes
2872,10,Athletics,Athletics,Women's Hammer Throw,Athletics|Athletics|Women's Hammer Throw,REVIEW_EVENT,Semantic event key retained; no claim of row-by-row official extraction.,IOC Olympic results/programmes
2874,6,Aquatics,Swimming,Women's 100m Freestyle,Aquatics|Swimming|Women's 100m Freestyle,REVIEW_EVENT,Semantic event key retained; no claim of row-by-row official extraction.,IOC Olympic results/programmes
2875,6,Aquatics,Swimming,Women's 200m Freestyle,Aquatics|Swimming|Women's 200m Freestyle,REVIEW_EVENT,Semantic event key retained; no claim of row-by-row official extraction.,IOC Olympic results/programmes
2876,6,Aquatics,Swimming,Women's 4 x 100m Medley Relay Team,Aquatics|Swimming|Women's 4 x 100m Medley Relay Team,REVIEW_EVENT,Semantic event key retained; no claim of row-by-row official extraction.,IOC Olympic results/programmes
2877,5,Aquatics,Marathon Swimming,Women's 10km,Aquatics|Marathon Swimming|Women's 10km,REVIEW_EVENT,Semantic event key retained; no claim of row-by-row official extraction.,IOC Olympic results/programmes
2878,10,Athletics,Athletics,4 x 400m Relay Mixed,Athletics|Athletics|4 x 400m Relay Mixed,REVIEW_EVENT,Semantic event key retained; no claim of row-by-row official extraction.,IOC Olympic results/programmes
2879,10,Athletics,Athletics,Women's 20km Race Walk,Athletics|Athletics|Women's 20km Race Walk,REVIEW_EVENT,Semantic event key retained; no claim of row-by-row official extraction.,IOC Olympic results/programmes
2880,93,Surfing,Surfing,Men,Surfing|Surfing|Men,REVIEW_EVENT,Semantic event key retained; no claim of row-by-row official extraction.,IOC Olympic results/programmes
2881,6,Aquatics,Swimming,Women's 200m Individual Medley,Aquatics|Swimming|Women's 200m Individual Medley,REVIEW_EVENT,Semantic event key retained; no claim of row-by-row official extraction.,IOC Olympic results/programmes
2882,101,Weightlifting,Weightlifting,Women's 64kg,Weightlifting|Weightlifting|Women's 64kg,REVIEW_EVENT,Semantic event key retained; no claim of row-by-row official extraction.,IOC Olympic results/programmes
2883,10,Athletics,Athletics,"Women's 10,000m","Athletics|Athletics|Women's 10,000m",REVIEW_EVENT,Semantic event key retained; no claim of row-by-row official extraction.,IOC Olympic results/programmes
2884,32,Cycling,BMX Racing,Men,Cycling|BMX Racing|Men,REVIEW_EVENT,Semantic event key retained; no claim of row-by-row official extraction.,IOC Olympic results/programmes
2885,10,Athletics,Athletics,Men's 1500m,Athletics|Athletics|Men's 1500m,REVIEW_EVENT,Semantic event key retained; no claim of row-by-row official extraction.,IOC Olympic results/programmes
2886,26,Canoeing,Canoe Sprint,Women's Canoe Single 200m,Canoeing|Canoe Sprint|Women's Canoe Single 200m,REVIEW_EVENT,Semantic event key retained; no claim of row-by-row official extraction.,IOC Olympic results/programmes
2887,26,Canoeing,Canoe Sprint,Women's Canoe Double 500m Team,Canoeing|Canoe Sprint|Women's Canoe Double 500m Team,REVIEW_EVENT,Semantic event key retained; no claim of row-by-row official extraction.,IOC Olympic results/programmes
2888,10,Athletics,Athletics,Women's Javelin Throw,Athletics|Athletics|Women's Javelin Throw,REVIEW_EVENT,Semantic event key retained; no claim of row-by-row official extraction.,IOC Olympic results/programmes
2889,6,Aquatics,Swimming,Men's 50m Freestyle,Aquatics|Swimming|Men's 50m Freestyle,REVIEW_EVENT,Semantic event key retained; no claim of row-by-row official extraction.,IOC Olympic results/programmes
2890,6,Aquatics,Swimming,Men's 200m Individual Medley,Aquatics|Swimming|Men's 200m Individual Medley,REVIEW_EVENT,Semantic event key retained; no claim of row-by-row official extraction.,IOC Olympic results/programmes
2891,6,Aquatics,Swimming,Men's 4 x 100m Medley Relay Team,Aquatics|Swimming|Men's 4 x 100m Medley Relay Team,REVIEW_EVENT,Semantic event key retained; no claim of row-by-row official extraction.,IOC Olympic results/programmes
2892,7,Aquatics,Water Polo,Women Team,Aquatics|Water Polo|Women Team,REVIEW_EVENT,Semantic event key retained; no claim of row-by-row official extraction.,IOC Olympic results/programmes
2893,34,Cycling,Cycling Track,Women's Sprint,Cycling|Cycling Track|Women's Sprint,REVIEW_EVENT,Semantic event key retained; no claim of row-by-row official extraction.,IOC Olympic results/programmes
2894,34,Cycling,Cycling Track,Women's Keirin,Cycling|Cycling Track|Women's Keirin,REVIEW_EVENT,Semantic event key retained; no claim of row-by-row official extraction.,IOC Olympic results/programmes
2895,101,Weightlifting,Weightlifting,Men's 67kg,Weightlifting|Weightlifting|Men's 67kg,REVIEW_EVENT,Semantic event key retained; no claim of row-by-row official extraction.,IOC Olympic results/programmes
2896,77,Sailing,Sailing,Women's One Person Dinghy - Laser Radial,Sailing|Sailing|Women's One Person Dinghy - Laser Radial,REVIEW_EVENT,Semantic event key retained; no claim of row-by-row official extraction.,IOC Olympic results/programmes
2897,96,Tennis,Tennis,Men's Singles,Tennis|Tennis|Men's Singles,REVIEW_EVENT,Semantic event key retained; no claim of row-by-row official extraction.,IOC Olympic results/programmes
2898,96,Tennis,Tennis,Men's Doubles Team,Tennis|Tennis|Men's Doubles Team,REVIEW_EVENT,Semantic event key retained; no claim of row-by-row official extraction.,IOC Olympic results/programmes
2899,74,Rowing,Rowing,Women's Four Team,Rowing|Rowing|Women's Four Team,REVIEW_EVENT,Semantic event key retained; no claim of row-by-row official extraction.,IOC Olympic results/programmes
2900,26,Canoeing,Canoe Sprint,Men's Kayak Double 1000m Team,Canoeing|Canoe Sprint|Men's Kayak Double 1000m Team,REVIEW_EVENT,Semantic event key retained; no claim of row-by-row official extraction.,IOC Olympic results/programmes
2901,26,Canoeing,Canoe Sprint,Men's Kayak Four 500m Team,Canoeing|Canoe Sprint|Men's Kayak Four 500m Team,REVIEW_EVENT,Semantic event key retained; no claim of row-by-row official extraction.,IOC Olympic results/programmes
2902,74,Rowing,Rowing,Men's Quadruple Sculls Team,Rowing|Rowing|Men's Quadruple Sculls Team,REVIEW_EVENT,Semantic event key retained; no claim of row-by-row official extraction.,IOC Olympic results/programmes
2903,34,Cycling,Cycling Track,Women's Team Sprint Team,Cycling|Cycling Track|Women's Team Sprint Team,REVIEW_EVENT,Semantic event key retained; no claim of row-by-row official extraction.,IOC Olympic results/programmes
2904,74,Rowing,Rowing,Women's Double Sculls Team,Rowing|Rowing|Women's Double Sculls Team,REVIEW_EVENT,Semantic event key retained; no claim of row-by-row official extraction.,IOC Olympic results/programmes
2905,41,Fencing,Fencing,Women's Sabre Individual,Fencing|Fencing|Women's Sabre Individual,REVIEW_EVENT,Semantic event key retained; no claim of row-by-row official extraction.,IOC Olympic results/programmes
2906,41,Fencing,Fencing,Women's Sabre Team,Fencing|Fencing|Women's Sabre Team,REVIEW_EVENT,Semantic event key retained; no claim of row-by-row official extraction.,IOC Olympic results/programmes
2908,96,Tennis,Tennis,Women's Doubles Team,Tennis|Tennis|Women's Doubles Team,REVIEW_EVENT,Semantic event key retained; no claim of row-by-row official extraction.,IOC Olympic results/programmes
2910,6,Aquatics,Swimming,Men's 4 x 200m Freestyle Relay Team,Aquatics|Swimming|Men's 4 x 200m Freestyle Relay Team,REVIEW_EVENT,Semantic event key retained; no claim of row-by-row official extraction.,IOC Olympic results/programmes
2911,56,Judo,Judo,Women -70 kg,Judo|Judo|Women -70 kg,REVIEW_EVENT,Semantic event key retained; no claim of row-by-row official extraction.,IOC Olympic results/programmes
2912,10,Athletics,Athletics,Women's Long Jump,Athletics|Athletics|Women's Long Jump,REVIEW_EVENT,Semantic event key retained; no claim of row-by-row official extraction.,IOC Olympic results/programmes
2913,77,Sailing,Sailing,Men's One Person Dinghy - Laser,Sailing|Sailing|Men's One Person Dinghy - Laser,REVIEW_EVENT,Semantic event key retained; no claim of row-by-row official extraction.,IOC Olympic results/programmes
2915,34,Cycling,Cycling Track,Women's Omnium,Cycling|Cycling Track|Women's Omnium,REVIEW_EVENT,Semantic event key retained; no claim of row-by-row official extraction.,IOC Olympic results/programmes
2916,34,Cycling,Cycling Track,Women's Madison Team,Cycling|Cycling Track|Women's Madison Team,REVIEW_EVENT,Semantic event key retained; no claim of row-by-row official extraction.,IOC Olympic results/programmes
2917,6,Aquatics,Swimming,Women's 100m Backstroke,Aquatics|Swimming|Women's 100m Backstroke,REVIEW_EVENT,Semantic event key retained; no claim of row-by-row official extraction.,IOC Olympic results/programmes
2918,4,Aquatics,Diving,Men's 3m Springboard,Aquatics|Diving|Men's 3m Springboard,REVIEW_EVENT,Semantic event key retained; no claim of row-by-row official extraction.,IOC Olympic results/programmes
2919,10,Athletics,Athletics,Men's 20km Race Walk,Athletics|Athletics|Men's 20km Race Walk,REVIEW_EVENT,Semantic event key retained; no claim of row-by-row official extraction.,IOC Olympic results/programmes
2920,26,Canoeing,Canoe Sprint,Women's Kayak Double 500m Team,Canoeing|Canoe Sprint|Women's Kayak Double 500m Team,REVIEW_EVENT,Semantic event key retained; no claim of row-by-row official extraction.,IOC Olympic results/programmes
2921,77,Sailing,Sailing,Women's Two Person Dinghy - 470 Team,Sailing|Sailing|Women's Two Person Dinghy - 470 Team,REVIEW_EVENT,Semantic event key retained; no claim of row-by-row official extraction.,IOC Olympic results/programmes
2922,4,Aquatics,Diving,Men's 10m Platform,Aquatics|Diving|Men's 10m Platform,REVIEW_EVENT,Semantic event key retained; no claim of row-by-row official extraction.,IOC Olympic results/programmes
2924,6,Aquatics,Swimming,Men's 100m Backstroke,Aquatics|Swimming|Men's 100m Backstroke,REVIEW_EVENT,Semantic event key retained; no claim of row-by-row official extraction.,IOC Olympic results/programmes
2925,6,Aquatics,Swimming,Men's 400m Individual Medley,Aquatics|Swimming|Men's 400m Individual Medley,REVIEW_EVENT,Semantic event key retained; no claim of row-by-row official extraction.,IOC Olympic results/programmes
2926,79,Shooting,Shooting,10m Air Rifle Women,Shooting|Shooting|10m Air Rifle Women,REVIEW_EVENT,Semantic event key retained; no claim of row-by-row official extraction.,IOC Olympic results/programmes
2927,79,Shooting,Shooting,50m Rifle 3 Positions Women,Shooting|Shooting|50m Rifle 3 Positions Women,REVIEW_EVENT,Semantic event key retained; no claim of row-by-row official extraction.,IOC Olympic results/programmes
2928,79,Shooting,Shooting,10m Air Rifle Mixed Team,Shooting|Shooting|10m Air Rifle Mixed Team,REVIEW_EVENT,Semantic event key retained; no claim of row-by-row official extraction.,IOC Olympic results/programmes
2929,99,Volleyball,Beach Volleyball,Women Team,Volleyball|Beach Volleyball|Women Team,REVIEW_EVENT,Semantic event key retained; no claim of row-by-row official extraction.,IOC Olympic results/programmes
2930,95,Taekwondo,Taekwondo,Men -58kg,Taekwondo|Taekwondo|Men -58kg,REVIEW_EVENT,Semantic event key retained; no claim of row-by-row official extraction.,IOC Olympic results/programmes
2931,79,Shooting,Shooting,25m Pistol Women,Shooting|Shooting|25m Pistol Women,REVIEW_EVENT,Semantic event key retained; no claim of row-by-row official extraction.,IOC Olympic results/programmes
2932,101,Weightlifting,Weightlifting,Men's +109kg,Weightlifting|Weightlifting|Men's +109kg,REVIEW_EVENT,Semantic event key retained; no claim of row-by-row official extraction.,IOC Olympic results/programmes
2933,44,Golf,Golf,Women's Individual Stroke Play,Golf|Golf|Women's Individual Stroke Play,REVIEW_EVENT,Semantic event key retained; no claim of row-by-row official extraction.,IOC Olympic results/programmes
2934,77,Sailing,Sailing,Men's Windsurfer - RS:X,Sailing|Sailing|Men's Windsurfer - RS:X,REVIEW_EVENT,Semantic event key retained; no claim of row-by-row official extraction.,IOC Olympic results/programmes
2935,10,Athletics,Athletics,Women's 4 x 100m Relay,Athletics|Athletics|Women's 4 x 100m Relay,REVIEW_EVENT,Semantic event key retained; no claim of row-by-row official extraction.,IOC Olympic results/programmes
2936,6,Aquatics,Swimming,Men's 200m Backstroke,Aquatics|Swimming|Men's 200m Backstroke,REVIEW_EVENT,Semantic event key retained; no claim of row-by-row official extraction.,IOC Olympic results/programmes
2937,96,Tennis,Tennis,Mixed Doubles Team,Tennis|Tennis|Mixed Doubles Team,REVIEW_EVENT,Semantic event key retained; no claim of row-by-row official extraction.,IOC Olympic results/programmes
2939,6,Aquatics,Swimming,Women's 200m Butterfly,Aquatics|Swimming|Women's 200m Butterfly,REVIEW_EVENT,Semantic event key retained; no claim of row-by-row official extraction.,IOC Olympic results/programmes
2940,34,Cycling,Cycling Track,Men's Sprint,Cycling|Cycling Track|Men's Sprint,REVIEW_EVENT,Semantic event key retained; no claim of row-by-row official extraction.,IOC Olympic results/programmes
2941,34,Cycling,Cycling Track,Men's Keirin,Cycling|Cycling Track|Men's Keirin,REVIEW_EVENT,Semantic event key retained; no claim of row-by-row official extraction.,IOC Olympic results/programmes
2942,36,Equestrian,Equestrian Dressage,Dressage Team,Equestrian|Equestrian Dressage|Dressage Team,REVIEW_EVENT,Semantic event key retained; no claim of row-by-row official extraction.,IOC Olympic results/programmes
2943,36,Equestrian,Equestrian Dressage,Dressage Individual,Equestrian|Equestrian Dressage|Dressage Individual,REVIEW_EVENT,Semantic event key retained; no claim of row-by-row official extraction.,IOC Olympic results/programmes
2944,10,Athletics,Athletics,Women's 200m,Athletics|Athletics|Women's 200m,REVIEW_EVENT,Semantic event key retained; no claim of row-by-row official extraction.,IOC Olympic results/programmes
2945,41,Fencing,Fencing,Women's Foil Individual,Fencing|Fencing|Women's Foil Individual,REVIEW_EVENT,Semantic event key retained; no claim of row-by-row official extraction.,IOC Olympic results/programmes
2946,41,Fencing,Fencing,Women's Foil Team,Fencing|Fencing|Women's Foil Team,REVIEW_EVENT,Semantic event key retained; no claim of row-by-row official extraction.,IOC Olympic results/programmes
2947,6,Aquatics,Swimming,Women's 1500m Freestyle,Aquatics|Swimming|Women's 1500m Freestyle,REVIEW_EVENT,Semantic event key retained; no claim of row-by-row official extraction.,IOC Olympic results/programmes
2948,6,Aquatics,Swimming,Men's 200m Butterfly,Aquatics|Swimming|Men's 200m Butterfly,REVIEW_EVENT,Semantic event key retained; no claim of row-by-row official extraction.,IOC Olympic results/programmes
2949,6,Aquatics,Swimming,Women's 200m Backstroke,Aquatics|Swimming|Women's 200m Backstroke,REVIEW_EVENT,Semantic event key retained; no claim of row-by-row official extraction.,IOC Olympic results/programmes
2950,57,Karate,Karate,Women's Kumite -55kg,Karate|Karate|Women's Kumite -55kg,REVIEW_EVENT,Semantic event key retained; no claim of row-by-row official extraction.,IOC Olympic results/programmes
2951,10,Athletics,Athletics,Men's Discus Throw,Athletics|Athletics|Men's Discus Throw,REVIEW_EVENT,Semantic event key retained; no claim of row-by-row official extraction.,IOC Olympic results/programmes
2953,4,Aquatics,Diving,Men's Synchronised 10m Platform Team,Aquatics|Diving|Men's Synchronised 10m Platform Team,REVIEW_EVENT,Semantic event key retained; no claim of row-by-row official extraction.,IOC Olympic results/programmes
2954,6,Aquatics,Swimming,Women's 400m Individual Medley,Aquatics|Swimming|Women's 400m Individual Medley,REVIEW_EVENT,Semantic event key retained; no claim of row-by-row official extraction.,IOC Olympic results/programmes
2955,41,Fencing,Fencing,Men's Épée Individual,Fencing|Fencing|Men's Épée Individual,REVIEW_EVENT,Semantic event key retained; no claim of row-by-row official extraction.,IOC Olympic results/programmes
2956,41,Fencing,Fencing,Men's Épée Team,Fencing|Fencing|Men's Épée Team,REVIEW_EVENT,Semantic event key retained; no claim of row-by-row official extraction.,IOC Olympic results/programmes
2958,56,Judo,Judo,Men +100 kg,Judo|Judo|Men +100 kg,REVIEW_EVENT,Semantic event key retained; no claim of row-by-row official extraction.,IOC Olympic results/programmes
2959,10,Athletics,Athletics,Men's Decathlon,Athletics|Athletics|Men's Decathlon,REVIEW_EVENT,Semantic event key retained; no claim of row-by-row official extraction.,IOC Olympic results/programmes
2960,10,Athletics,Athletics,Women's 5000m,Athletics|Athletics|Women's 5000m,REVIEW_EVENT,Semantic event key retained; no claim of row-by-row official extraction.,IOC Olympic results/programmes
2962,17,Basketball,Basketball 3x3,Women Team,Basketball|Basketball 3x3|Women Team,REVIEW_EVENT,Semantic event key retained; no claim of row-by-row official extraction.,IOC Olympic results/programmes
2963,77,Sailing,Sailing,Women's Windsurfer - RS:X,Sailing|Sailing|Women's Windsurfer - RS:X,REVIEW_EVENT,Semantic event key retained; no claim of row-by-row official extraction.,IOC Olympic results/programmes
2964,10,Athletics,Athletics,Women's 400m Hurdles,Athletics|Athletics|Women's 400m Hurdles,REVIEW_EVENT,Semantic event key retained; no claim of row-by-row official extraction.,IOC Olympic results/programmes
2965,6,Aquatics,Swimming,Women's 200m Breaststroke,Aquatics|Swimming|Women's 200m Breaststroke,REVIEW_EVENT,Semantic event key retained; no claim of row-by-row official extraction.,IOC Olympic results/programmes
2966,17,Basketball,Basketball 3x3,Men Team,Basketball|Basketball 3x3|Men Team,REVIEW_EVENT,Semantic event key retained; no claim of row-by-row official extraction.,IOC Olympic results/programmes
2968,41,Fencing,Fencing,Women's Épée Team,Fencing|Fencing|Women's Épée Team,REVIEW_EVENT,Semantic event key retained; no claim of row-by-row official extraction.,IOC Olympic results/programmes
2969,6,Aquatics,Swimming,Women's 800m Freestyle,Aquatics|Swimming|Women's 800m Freestyle,REVIEW_EVENT,Semantic event key retained; no claim of row-by-row official extraction.,IOC Olympic results/programmes
2971,10,Athletics,Athletics,Women's Pole Vault,Athletics|Athletics|Women's Pole Vault,REVIEW_EVENT,Semantic event key retained; no claim of row-by-row official extraction.,IOC Olympic results/programmes
2973,25,Canoeing,Canoe Slalom,Men's Canoe,Canoeing|Canoe Slalom|Men's Canoe,REVIEW_EVENT,Semantic event key retained; no claim of row-by-row official extraction.,IOC Olympic results/programmes
2974,74,Rowing,Rowing,Men's Four Team,Rowing|Rowing|Men's Four Team,REVIEW_EVENT,Semantic event key retained; no claim of row-by-row official extraction.,IOC Olympic results/programmes
2975,77,Sailing,Sailing,Men's One Person Dinghy (Heavyweight) - Finn,Sailing|Sailing|Men's One Person Dinghy (Heavyweight) - Finn,REVIEW_EVENT,Semantic event key retained; no claim of row-by-row official extraction.,IOC Olympic results/programmes
2976,34,Cycling,Cycling Track,Men's Team Pursuit Team,Cycling|Cycling Track|Men's Team Pursuit Team,REVIEW_EVENT,Semantic event key retained; no claim of row-by-row official extraction.,IOC Olympic results/programmes
2977,34,Cycling,Cycling Track,Men's Madison Team,Cycling|Cycling Track|Men's Madison Team,REVIEW_EVENT,Semantic event key retained; no claim of row-by-row official extraction.,IOC Olympic results/programmes
2978,25,Canoeing,Canoe Slalom,Women's Canoe,Canoeing|Canoe Slalom|Women's Canoe,REVIEW_EVENT,Semantic event key retained; no claim of row-by-row official extraction.,IOC Olympic results/programmes
2979,10,Athletics,Athletics,Men's Long Jump,Athletics|Athletics|Men's Long Jump,REVIEW_EVENT,Semantic event key retained; no claim of row-by-row official extraction.,IOC Olympic results/programmes
2980,34,Cycling,Cycling Track,Men's Team Sprint Team,Cycling|Cycling Track|Men's Team Sprint Team,REVIEW_EVENT,Semantic event key retained; no claim of row-by-row official extraction.,IOC Olympic results/programmes
2981,12,Badminton,Badminton,Women's Doubles Team,Badminton|Badminton|Women's Doubles Team,REVIEW_EVENT,Semantic event key retained; no claim of row-by-row official extraction.,IOC Olympic results/programmes
2982,10,Athletics,Athletics,Men's Pole Vault,Athletics|Athletics|Men's Pole Vault,REVIEW_EVENT,Semantic event key retained; no claim of row-by-row official extraction.,IOC Olympic results/programmes
2983,6,Aquatics,Swimming,Women's 400m Freestyle,Aquatics|Swimming|Women's 400m Freestyle,REVIEW_EVENT,Semantic event key retained; no claim of row-by-row official extraction.,IOC Olympic results/programmes
2984,26,Canoeing,Canoe Sprint,Women's Kayak Four 500m Team,Canoeing|Canoe Sprint|Women's Kayak Four 500m Team,REVIEW_EVENT,Semantic event key retained; no claim of row-by-row official extraction.,IOC Olympic results/programmes
2985,12,Badminton,Badminton,Mixed Doubles Team,Badminton|Badminton|Mixed Doubles Team,REVIEW_EVENT,Semantic event key retained; no claim of row-by-row official extraction.,IOC Olympic results/programmes
2986,10,Athletics,Athletics,Women's High Jump,Athletics|Athletics|Women's High Jump,REVIEW_EVENT,Semantic event key retained; no claim of row-by-row official extraction.,IOC Olympic results/programmes
2987,22,Boxing,Boxing,Women's Fly (48-51kg),Boxing|Boxing|Women's Fly (48-51kg),REVIEW_EVENT,Semantic event key retained; no claim of row-by-row official extraction.,IOC Olympic results/programmes
2988,25,Canoeing,Canoe Slalom,Women's Kayak,Canoeing|Canoe Slalom|Women's Kayak,REVIEW_EVENT,Semantic event key retained; no claim of row-by-row official extraction.,IOC Olympic results/programmes
2990,22,Boxing,Boxing,Women's Middle (69-75kg),Boxing|Boxing|Women's Middle (69-75kg),REVIEW_EVENT,Semantic event key retained; no claim of row-by-row official extraction.,IOC Olympic results/programmes
2991,4,Aquatics,Diving,Men's Synchronised 3m Springboard Team,Aquatics|Diving|Men's Synchronised 3m Springboard Team,REVIEW_EVENT,Semantic event key retained; no claim of row-by-row official extraction.,IOC Olympic results/programmes
2993,101,Weightlifting,Weightlifting,Women's 55kg,Weightlifting|Weightlifting|Women's 55kg,REVIEW_EVENT,Semantic event key retained; no claim of row-by-row official extraction.,IOC Olympic results/programmes
2995,10,Athletics,Athletics,Men's 4 x 400m Relay,Athletics|Athletics|Men's 4 x 400m Relay,REVIEW_EVENT,Semantic event key retained; no claim of row-by-row official extraction.,IOC Olympic results/programmes
2996,34,Cycling,Cycling Track,Men's Omnium,Cycling|Cycling Track|Men's Omnium,REVIEW_EVENT,Semantic event key retained; no claim of row-by-row official extraction.,IOC Olympic results/programmes
2997,103,Wrestling,Wrestling Freestyle,Men's Freestyle 97kg,Wrestling|Wrestling Freestyle|Men's Freestyle 97kg,REVIEW_EVENT,Semantic event key retained; no claim of row-by-row official extraction.,IOC Olympic results/programmes
2998,103,Wrestling,Wrestling Freestyle,Women's Freestyle 50kg,Wrestling|Wrestling Freestyle|Women's Freestyle 50kg,REVIEW_EVENT,Semantic event key retained; no claim of row-by-row official extraction.,IOC Olympic results/programmes
2999,10,Athletics,Athletics,Women's Triple Jump,Athletics|Athletics|Women's Triple Jump,REVIEW_EVENT,Semantic event key retained; no claim of row-by-row official extraction.,IOC Olympic results/programmes
3000,10,Athletics,Athletics,Men's 4 x 100m Relay,Athletics|Athletics|Men's 4 x 100m Relay,REVIEW_EVENT,Semantic event key retained; no claim of row-by-row official extraction.,IOC Olympic results/programmes
3001,10,Athletics,Athletics,Women's 4 x 400m Relay,Athletics|Athletics|Women's 4 x 400m Relay,REVIEW_EVENT,Semantic event key retained; no claim of row-by-row official extraction.,IOC Olympic results/programmes
3002,10,Athletics,Athletics,Marathon Race Walk Relay Mixed,Athletics|Athletics|Marathon Race Walk Relay Mixed,REVIEW_EVENT,Semantic event key retained; no claim of row-by-row official extraction.,IOC Olympic results/programmes
3003,3,Aquatics,Artistic Swimming,Duet,Aquatics|Artistic Swimming|Duet,REVIEW_EVENT,Semantic event key retained; no claim of row-by-row official extraction.,IOC Olympic results/programmes
3004,101,Weightlifting,Weightlifting,Men's +102kg,Weightlifting|Weightlifting|Men's +102kg,REVIEW_EVENT,Semantic event key retained; no claim of row-by-row official extraction.,IOC Olympic results/programmes
3005,25,Canoeing,Canoe Slalom,Men's Kayak Single,Canoeing|Canoe Slalom|Men's Kayak Single,REVIEW_EVENT,Semantic event key retained; no claim of row-by-row official extraction.,IOC Olympic results/programmes
3006,25,Canoeing,Canoe Slalom,Men's Kayak Cross,Canoeing|Canoe Slalom|Men's Kayak Cross,REVIEW_EVENT,Semantic event key retained; no claim of row-by-row official extraction.,IOC Olympic results/programmes
3007,22,Boxing,Boxing,Men's 63.5kg,Boxing|Boxing|Men's 63.5kg,REVIEW_EVENT,Semantic event key retained; no claim of row-by-row official extraction.,IOC Olympic results/programmes
3008,22,Boxing,Boxing,Men's 71kg,Boxing|Boxing|Men's 71kg,REVIEW_EVENT,Semantic event key retained; no claim of row-by-row official extraction.,IOC Olympic results/programmes
3009,77,Sailing,Sailing,Women's Dinghy,Sailing|Sailing|Women's Dinghy,REVIEW_EVENT,Semantic event key retained; no claim of row-by-row official extraction.,IOC Olympic results/programmes
3010,77,Sailing,Sailing,Women's Windsurfing,Sailing|Sailing|Women's Windsurfing,REVIEW_EVENT,Semantic event key retained; no claim of row-by-row official extraction.,IOC Olympic results/programmes
3011,74,Rowing,Rowing,Lightweight Men's Double Sculls,Rowing|Rowing|Lightweight Men's Double Sculls,REVIEW_EVENT,Semantic event key retained; no claim of row-by-row official extraction.,IOC Olympic results/programmes
3012,45,Gymnastics,Artistic Gymnastics,Women,Gymnastics|Artistic Gymnastics|Women,REVIEW_EVENT,Semantic event key retained; no claim of row-by-row official extraction.,IOC Olympic results/programmes
3013,4,Aquatics,Diving,Men's Synchronised 10m Platform,Aquatics|Diving|Men's Synchronised 10m Platform,REVIEW_EVENT,Semantic event key retained; no claim of row-by-row official extraction.,IOC Olympic results/programmes
3014,4,Aquatics,Diving,Women's Synchronised 10m Platform,Aquatics|Diving|Women's Synchronised 10m Platform,REVIEW_EVENT,Semantic event key retained; no claim of row-by-row official extraction.,IOC Olympic results/programmes
3015,4,Aquatics,Diving,Men's Synchronised 3m Springboard,Aquatics|Diving|Men's Synchronised 3m Springboard,REVIEW_EVENT,Semantic event key retained; no claim of row-by-row official extraction.,IOC Olympic results/programmes
3016,46,Gymnastics,Rhythmic Gymnastics,Group All-Around,Gymnastics|Rhythmic Gymnastics|Group All-Around,REVIEW_EVENT,Semantic event key retained; no claim of row-by-row official extraction.,IOC Olympic results/programmes
3017,25,Canoeing,Canoe Slalom,Women's Kayak Single,Canoeing|Canoe Slalom|Women's Kayak Single,REVIEW_EVENT,Semantic event key retained; no claim of row-by-row official extraction.,IOC Olympic results/programmes
3018,25,Canoeing,Canoe Slalom,Women's Kayak Cross,Canoeing|Canoe Slalom|Women's Kayak Cross,REVIEW_EVENT,Semantic event key retained; no claim of row-by-row official extraction.,IOC Olympic results/programmes
3019,26,Canoeing,Canoe Sprint,Women's Kayak Double 500m,Canoeing|Canoe Sprint|Women's Kayak Double 500m,REVIEW_EVENT,Semantic event key retained; no claim of row-by-row official extraction.,IOC Olympic results/programmes
3020,22,Boxing,Boxing,Women's 60kg,Boxing|Boxing|Women's 60kg,REVIEW_EVENT,Semantic event key retained; no claim of row-by-row official extraction.,IOC Olympic results/programmes
3021,22,Boxing,Boxing,Women's 57kg,Boxing|Boxing|Women's 57kg,REVIEW_EVENT,Semantic event key retained; no claim of row-by-row official extraction.,IOC Olympic results/programmes
3022,77,Sailing,Sailing,Men's Kite,Sailing|Sailing|Men's Kite,REVIEW_EVENT,Semantic event key retained; no claim of row-by-row official extraction.,IOC Olympic results/programmes
3023,42,Football,Football,Men,Football|Football|Men,REVIEW_EVENT,Semantic event key retained; no claim of row-by-row official extraction.,IOC Olympic results/programmes
3024,77,Sailing,Sailing,Men's Dinghy,Sailing|Sailing|Men's Dinghy,REVIEW_EVENT,Semantic event key retained; no claim of row-by-row official extraction.,IOC Olympic results/programmes
3025,6,Aquatics,Swimming,Women's 4 x 100m Medley Relay,Aquatics|Swimming|Women's 4 x 100m Medley Relay,REVIEW_EVENT,Semantic event key retained; no claim of row-by-row official extraction.,IOC Olympic results/programmes
3026,92,Sport Climbing,Sport Climbing,Men's Speed,Sport Climbing|Sport Climbing|Men's Speed,REVIEW_EVENT,Semantic event key retained; no claim of row-by-row official extraction.,IOC Olympic results/programmes
3027,12,Badminton,Badminton,Mixed Doubles,Badminton|Badminton|Mixed Doubles,REVIEW_EVENT,Semantic event key retained; no claim of row-by-row official extraction.,IOC Olympic results/programmes
3028,101,Weightlifting,Weightlifting,Men's 89kg,Weightlifting|Weightlifting|Men's 89kg,REVIEW_EVENT,Semantic event key retained; no claim of row-by-row official extraction.,IOC Olympic results/programmes
3029,77,Sailing,Sailing,Mixed Multihull,Sailing|Sailing|Mixed Multihull,REVIEW_EVENT,Semantic event key retained; no claim of row-by-row official extraction.,IOC Olympic results/programmes
3030,77,Sailing,Sailing,Men's Windsurfing,Sailing|Sailing|Men's Windsurfing,REVIEW_EVENT,Semantic event key retained; no claim of row-by-row official extraction.,IOC Olympic results/programmes
3031,77,Sailing,Sailing,Women's Kite,Sailing|Sailing|Women's Kite,REVIEW_EVENT,Semantic event key retained; no claim of row-by-row official extraction.,IOC Olympic results/programmes
3032,79,Shooting,Shooting,Skeet Mixed Team,Shooting|Shooting|Skeet Mixed Team,REVIEW_EVENT,Semantic event key retained; no claim of row-by-row official extraction.,IOC Olympic results/programmes
3033,49,Hockey,Hockey,Women,Hockey|Hockey|Women,REVIEW_EVENT,Semantic event key retained; no claim of row-by-row official extraction.,IOC Olympic results/programmes
3034,49,Hockey,Hockey,Men,Hockey|Hockey|Men,REVIEW_EVENT,Semantic event key retained; no claim of row-by-row official extraction.,IOC Olympic results/programmes
3036,45,Gymnastics,Artistic Gymnastics,Men,Gymnastics|Artistic Gymnastics|Men,REVIEW_EVENT,Semantic event key retained; no claim of row-by-row official extraction.,IOC Olympic results/programmes
3037,12,Badminton,Badminton,Men's Doubles,Badminton|Badminton|Men's Doubles,REVIEW_EVENT,Semantic event key retained; no claim of row-by-row official extraction.,IOC Olympic results/programmes
3038,12,Badminton,Badminton,Women's Doubles,Badminton|Badminton|Women's Doubles,REVIEW_EVENT,Semantic event key retained; no claim of row-by-row official extraction.,IOC Olympic results/programmes
3039,76,Rugby,Rugby Sevens,Men,Rugby|Rugby Sevens|Men,REVIEW_EVENT,Semantic event key retained; no claim of row-by-row official extraction.,IOC Olympic results/programmes
3040,22,Boxing,Boxing,Women's 66kg,Boxing|Boxing|Women's 66kg,REVIEW_EVENT,Semantic event key retained; no claim of row-by-row official extraction.,IOC Olympic results/programmes
3041,6,Aquatics,Swimming,Women's 4 x 100m Freestyle Relay,Aquatics|Swimming|Women's 4 x 100m Freestyle Relay,REVIEW_EVENT,Semantic event key retained; no claim of row-by-row official extraction.,IOC Olympic results/programmes
3042,6,Aquatics,Swimming,Relay Only Athlete,Aquatics|Swimming|Relay Only Athlete,REVIEW_EVENT,Semantic event key retained; no claim of row-by-row official extraction.,IOC Olympic results/programmes
3043,6,Aquatics,Swimming,Men's 4 x 100m Medley Relay,Aquatics|Swimming|Men's 4 x 100m Medley Relay,REVIEW_EVENT,Semantic event key retained; no claim of row-by-row official extraction.,IOC Olympic results/programmes
3044,34,Cycling,Cycling Track,Women's Team Pursuit,Cycling|Cycling Track|Women's Team Pursuit,REVIEW_EVENT,Semantic event key retained; no claim of row-by-row official extraction.,IOC Olympic results/programmes
3045,74,Rowing,Rowing,Women's Pair,Rowing|Rowing|Women's Pair,REVIEW_EVENT,Semantic event key retained; no claim of row-by-row official extraction.,IOC Olympic results/programmes
3046,74,Rowing,Rowing,Women's Four,Rowing|Rowing|Women's Four,REVIEW_EVENT,Semantic event key retained; no claim of row-by-row official extraction.,IOC Olympic results/programmes
3047,48,Handball,Handball,Men,Handball|Handball|Men,REVIEW_EVENT,Semantic event key retained; no claim of row-by-row official extraction.,IOC Olympic results/programmes
3048,22,Boxing,Boxing,Men's +92kg,Boxing|Boxing|Men's +92kg,REVIEW_EVENT,Semantic event key retained; no claim of row-by-row official extraction.,IOC Olympic results/programmes
3049,22,Boxing,Boxing,Women's 50kg,Boxing|Boxing|Women's 50kg,REVIEW_EVENT,Semantic event key retained; no claim of row-by-row official extraction.,IOC Olympic results/programmes
3050,22,Boxing,Boxing,Women's 54kg,Boxing|Boxing|Women's 54kg,REVIEW_EVENT,Semantic event key retained; no claim of row-by-row official extraction.,IOC Olympic results/programmes
3051,22,Boxing,Boxing,Men's 57kg,Boxing|Boxing|Men's 57kg,REVIEW_EVENT,Semantic event key retained; no claim of row-by-row official extraction.,IOC Olympic results/programmes
3053,26,Canoeing,Canoe Sprint,Men's Canoe Double 500m,Canoeing|Canoe Sprint|Men's Canoe Double 500m,REVIEW_EVENT,Semantic event key retained; no claim of row-by-row official extraction.,IOC Olympic results/programmes
3054,96,Tennis,Tennis,Men's Doubles,Tennis|Tennis|Men's Doubles,REVIEW_EVENT,Semantic event key retained; no claim of row-by-row official extraction.,IOC Olympic results/programmes
3055,23,Breaking,Breaking,B-Boys,Breaking|Breaking|B-Boys,REVIEW_EVENT,Semantic event key retained; no claim of row-by-row official extraction.,IOC Olympic results/programmes
3056,23,Breaking,Breaking,B-Girls,Breaking|Breaking|B-Girls,REVIEW_EVENT,Semantic event key retained; no claim of row-by-row official extraction.,IOC Olympic results/programmes
3057,101,Weightlifting,Weightlifting,Women's 81kg,Weightlifting|Weightlifting|Women's 81kg,REVIEW_EVENT,Semantic event key retained; no claim of row-by-row official extraction.,IOC Olympic results/programmes
3058,22,Boxing,Boxing,Women's 75kg,Boxing|Boxing|Women's 75kg,REVIEW_EVENT,Semantic event key retained; no claim of row-by-row official extraction.,IOC Olympic results/programmes
3059,76,Rugby,Rugby Sevens,Women,Rugby|Rugby Sevens|Women,REVIEW_EVENT,Semantic event key retained; no claim of row-by-row official extraction.,IOC Olympic results/programmes
3060,77,Sailing,Sailing,Men's Skiff,Sailing|Sailing|Men's Skiff,REVIEW_EVENT,Semantic event key retained; no claim of row-by-row official extraction.,IOC Olympic results/programmes
3061,74,Rowing,Rowing,Men's Double Sculls,Rowing|Rowing|Men's Double Sculls,REVIEW_EVENT,Semantic event key retained; no claim of row-by-row official extraction.,IOC Olympic results/programmes
3062,74,Rowing,Rowing,Men's Pair,Rowing|Rowing|Men's Pair,REVIEW_EVENT,Semantic event key retained; no claim of row-by-row official extraction.,IOC Olympic results/programmes
3063,74,Rowing,Rowing,Women's Double Sculls,Rowing|Rowing|Women's Double Sculls,REVIEW_EVENT,Semantic event key retained; no claim of row-by-row official extraction.,IOC Olympic results/programmes
3064,101,Weightlifting,Weightlifting,Women's 71kg,Weightlifting|Weightlifting|Women's 71kg,REVIEW_EVENT,Semantic event key retained; no claim of row-by-row official extraction.,IOC Olympic results/programmes
3065,92,Sport Climbing,Sport Climbing,Men's Boulder & Lead,Sport Climbing|Sport Climbing|Men's Boulder & Lead,REVIEW_EVENT,Semantic event key retained; no claim of row-by-row official extraction.,IOC Olympic results/programmes
3066,92,Sport Climbing,Sport Climbing,Women's Boulder & Lead,Sport Climbing|Sport Climbing|Women's Boulder & Lead,REVIEW_EVENT,Semantic event key retained; no claim of row-by-row official extraction.,IOC Olympic results/programmes
3067,25,Canoeing,Canoe Slalom,Men's Canoe Single,Canoeing|Canoe Slalom|Men's Canoe Single,REVIEW_EVENT,Semantic event key retained; no claim of row-by-row official extraction.,IOC Olympic results/programmes
3068,99,Volleyball,Beach Volleyball,Women,Volleyball|Beach Volleyball|Women,REVIEW_EVENT,Semantic event key retained; no claim of row-by-row official extraction.,IOC Olympic results/programmes
3069,74,Rowing,Rowing,Men's Quadruple Sculls,Rowing|Rowing|Men's Quadruple Sculls,REVIEW_EVENT,Semantic event key retained; no claim of row-by-row official extraction.,IOC Olympic results/programmes
3070,74,Rowing,Rowing,Men's Four,Rowing|Rowing|Men's Four,REVIEW_EVENT,Semantic event key retained; no claim of row-by-row official extraction.,IOC Olympic results/programmes
3071,74,Rowing,Rowing,Men's Eight,Rowing|Rowing|Men's Eight,REVIEW_EVENT,Semantic event key retained; no claim of row-by-row official extraction.,IOC Olympic results/programmes
3072,74,Rowing,Rowing,Women's Eight,Rowing|Rowing|Women's Eight,REVIEW_EVENT,Semantic event key retained; no claim of row-by-row official extraction.,IOC Olympic results/programmes
3073,99,Volleyball,Beach Volleyball,Men,Volleyball|Beach Volleyball|Men,REVIEW_EVENT,Semantic event key retained; no claim of row-by-row official extraction.,IOC Olympic results/programmes
3074,16,Basketball,Basketball,Women,Basketball|Basketball|Women,REVIEW_EVENT,Semantic event key retained; no claim of row-by-row official extraction.,IOC Olympic results/programmes
3075,96,Tennis,Tennis,Women's Doubles,Tennis|Tennis|Women's Doubles,REVIEW_EVENT,Semantic event key retained; no claim of row-by-row official extraction.,IOC Olympic results/programmes
3076,22,Boxing,Boxing,Men's 51kg,Boxing|Boxing|Men's 51kg,REVIEW_EVENT,Semantic event key retained; no claim of row-by-row official extraction.,IOC Olympic results/programmes
3077,26,Canoeing,Canoe Sprint,Women's Canoe Double 500m,Canoeing|Canoe Sprint|Women's Canoe Double 500m,REVIEW_EVENT,Semantic event key retained; no claim of row-by-row official extraction.,IOC Olympic results/programmes
3078,74,Rowing,Rowing,Women's Quadruple Sculls,Rowing|Rowing|Women's Quadruple Sculls,REVIEW_EVENT,Semantic event key retained; no claim of row-by-row official extraction.,IOC Olympic results/programmes
3079,25,Canoeing,Canoe Slalom,Women's Canoe Single,Canoeing|Canoe Slalom|Women's Canoe Single,REVIEW_EVENT,Semantic event key retained; no claim of row-by-row official extraction.,IOC Olympic results/programmes
3080,34,Cycling,Cycling Track,Women's Team Sprint,Cycling|Cycling Track|Women's Team Sprint,REVIEW_EVENT,Semantic event key retained; no claim of row-by-row official extraction.,IOC Olympic results/programmes
3081,92,Sport Climbing,Sport Climbing,Women's Speed,Sport Climbing|Sport Climbing|Women's Speed,REVIEW_EVENT,Semantic event key retained; no claim of row-by-row official extraction.,IOC Olympic results/programmes
3082,48,Handball,Handball,Women,Handball|Handball|Women,REVIEW_EVENT,Semantic event key retained; no claim of row-by-row official extraction.,IOC Olympic results/programmes
3083,96,Tennis,Tennis,Mixed Doubles,Tennis|Tennis|Mixed Doubles,REVIEW_EVENT,Semantic event key retained; no claim of row-by-row official extraction.,IOC Olympic results/programmes
3084,22,Boxing,Boxing,Men's 80kg,Boxing|Boxing|Men's 80kg,REVIEW_EVENT,Semantic event key retained; no claim of row-by-row official extraction.,IOC Olympic results/programmes
3085,7,Aquatics,Water Polo,Men,Aquatics|Water Polo|Men,REVIEW_EVENT,Semantic event key retained; no claim of row-by-row official extraction.,IOC Olympic results/programmes
3086,77,Sailing,Sailing,Mixed Dinghy,Sailing|Sailing|Mixed Dinghy,REVIEW_EVENT,Semantic event key retained; no claim of row-by-row official extraction.,IOC Olympic results/programmes
3087,77,Sailing,Sailing,Women's Skiff,Sailing|Sailing|Women's Skiff,REVIEW_EVENT,Semantic event key retained; no claim of row-by-row official extraction.,IOC Olympic results/programmes
3088,16,Basketball,Basketball,Men,Basketball|Basketball|Men,REVIEW_EVENT,Semantic event key retained; no claim of row-by-row official extraction.,IOC Olympic results/programmes
3089,100,Volleyball,Volleyball,Men,Volleyball|Volleyball|Men,REVIEW_EVENT,Semantic event key retained; no claim of row-by-row official extraction.,IOC Olympic results/programmes
3090,34,Cycling,Cycling Track,Men's Madison,Cycling|Cycling Track|Men's Madison,REVIEW_EVENT,Semantic event key retained; no claim of row-by-row official extraction.,IOC Olympic results/programmes
3091,26,Canoeing,Canoe Sprint,Women's Kayak Four 500m,Canoeing|Canoe Sprint|Women's Kayak Four 500m,REVIEW_EVENT,Semantic event key retained; no claim of row-by-row official extraction.,IOC Olympic results/programmes
3092,26,Canoeing,Canoe Sprint,Men's Kayak Four 500m,Canoeing|Canoe Sprint|Men's Kayak Four 500m,REVIEW_EVENT,Semantic event key retained; no claim of row-by-row official extraction.,IOC Olympic results/programmes
3093,17,Basketball,Basketball 3x3,Men,Basketball|Basketball 3x3|Men,REVIEW_EVENT,Semantic event key retained; no claim of row-by-row official extraction.,IOC Olympic results/programmes
3094,26,Canoeing,Canoe Sprint,Men's Kayak Double 500m,Canoeing|Canoe Sprint|Men's Kayak Double 500m,REVIEW_EVENT,Semantic event key retained; no claim of row-by-row official extraction.,IOC Olympic results/programmes
3095,17,Basketball,Basketball 3x3,Women,Basketball|Basketball 3x3|Women,REVIEW_EVENT,Semantic event key retained; no claim of row-by-row official extraction.,IOC Olympic results/programmes
3096,6,Aquatics,Swimming,Men's 4 x 100m Freestyle Relay,Aquatics|Swimming|Men's 4 x 100m Freestyle Relay,REVIEW_EVENT,Semantic event key retained; no claim of row-by-row official extraction.,IOC Olympic results/programmes
3097,6,Aquatics,Swimming,Mixed 4 x 100m Medley Relay,Aquatics|Swimming|Mixed 4 x 100m Medley Relay,REVIEW_EVENT,Semantic event key retained; no claim of row-by-row official extraction.,IOC Olympic results/programmes
3098,100,Volleyball,Volleyball,Women,Volleyball|Volleyball|Women,REVIEW_EVENT,Semantic event key retained; no claim of row-by-row official extraction.,IOC Olympic results/programmes
3099,34,Cycling,Cycling Track,Men's Team Pursuit,Cycling|Cycling Track|Men's Team Pursuit,REVIEW_EVENT,Semantic event key retained; no claim of row-by-row official extraction.,IOC Olympic results/programmes
3100,42,Football,Football,Women,Football|Football|Women,REVIEW_EVENT,Semantic event key retained; no claim of row-by-row official extraction.,IOC Olympic results/programmes
3101,6,Aquatics,Swimming,Women's 4 x 200m Freestyle Relay,Aquatics|Swimming|Women's 4 x 200m Freestyle Relay,REVIEW_EVENT,Semantic event key retained; no claim of row-by-row official extraction.,IOC Olympic results/programmes
3102,34,Cycling,Cycling Track,Men's Team Sprint,Cycling|Cycling Track|Men's Team Sprint,REVIEW_EVENT,Semantic event key retained; no claim of row-by-row official extraction.,IOC Olympic results/programmes
3103,6,Aquatics,Swimming,Men's 4 x 200m Freestyle Relay,Aquatics|Swimming|Men's 4 x 200m Freestyle Relay,REVIEW_EVENT,Semantic event key retained; no claim of row-by-row official extraction.,IOC Olympic results/programmes
3104,4,Aquatics,Diving,Women's Synchronised 3m Springboard,Aquatics|Diving|Women's Synchronised 3m Springboard,REVIEW_EVENT,Semantic event key retained; no claim of row-by-row official extraction.,IOC Olympic results/programmes
3105,7,Aquatics,Water Polo,Women,Aquatics|Water Polo|Women,REVIEW_EVENT,Semantic event key retained; no claim of row-by-row official extraction.,IOC Olympic results/programmes
